"","Week_index","Province","gcm","ssp","MOI","pr","tas"
"1",836,"Guangxi","gfdl-esm4","ssp585",NA,0.00187041087417488,11.6743863658745
"2",837,"Guangxi","gfdl-esm4","ssp585",NA,0.00577715305064144,11.8224559623654
"3",838,"Guangxi","gfdl-esm4","ssp585",NA,0.0225494100711995,13.3688761222263
"4",839,"Guangxi","gfdl-esm4","ssp585",NA,0.0629268975813722,14.5066317005318
"5",840,"Guangxi","gfdl-esm4","ssp585",NA,0.579942165136689,17.8061253138951
"6",841,"Guangxi","gfdl-esm4","ssp585",NA,1.25259420722774,17.0030319598543
"7",842,"Guangxi","gfdl-esm4","ssp585",NA,0.00385340065154846,16.0911514410452
"8",843,"Guangxi","gfdl-esm4","ssp585",NA,0.552759106951974,18.3068797392004
"9",844,"Guangxi","gfdl-esm4","ssp585",NA,0.271818428687353,10.0327360778296
"10",845,"Guangxi","gfdl-esm4","ssp585",NA,0.025521750327595,15.2314253606716
"11",846,"Guangxi","gfdl-esm4","ssp585",NA,0.512519695107241,19.9384936420858
"12",847,"Guangxi","gfdl-esm4","ssp585",NA,1.6894257187599,17.219016913406
"13",848,"Guangxi","gfdl-esm4","ssp585",NA,3.92379535621308,18.9441192370503
"14",849,"Guangxi","gfdl-esm4","ssp585",10.87837838,3.16153307624128,17.74131941595
"15",850,"Guangxi","gfdl-esm4","ssp585",10.87837838,0.931282203241341,22.0340671058463
"16",851,"Guangxi","gfdl-esm4","ssp585",9.98648648771428,1.19360820470503,22.5432816192884
"17",852,"Guangxi","gfdl-esm4","ssp585",7.756756757,7.65357116279288,21.0347889619715
"18",853,"Guangxi","gfdl-esm4","ssp585",8.31081081171429,1.56408315345311,26.9226364520418
"19",854,"Guangxi","gfdl-esm4","ssp585",11.63513514,3.41988833558718,25.1813657616367
"20",855,"Guangxi","gfdl-esm4","ssp585",11.63513514,9.69725292972756,25.3572617474724
"21",856,"Guangxi","gfdl-esm4","ssp585",18.06756757,6.90322927839344,22.8843512527081
"22",857,"Guangxi","gfdl-esm4","ssp585",18.06756757,4.63532257000935,27.0915836622735
"23",858,"Guangxi","gfdl-esm4","ssp585",13.2027027057143,4.48712648844279,25.6217765231093
"24",859,"Guangxi","gfdl-esm4","ssp585",11.25675676,4.25569310207216,26.1561578830751
"25",860,"Guangxi","gfdl-esm4","ssp585",23.0405405428571,6.80984086949467,26.6627083914621
"26",861,"Guangxi","gfdl-esm4","ssp585",31.87837838,13.794153827402,26.2553524754629
"27",862,"Guangxi","gfdl-esm4","ssp585",23.1216216242857,7.13655479687918,27.4532384535846
"28",863,"Guangxi","gfdl-esm4","ssp585",11.44594595,7.84025590067366,28.9380856810498
"29",864,"Guangxi","gfdl-esm4","ssp585",13.5810810842857,8.51179116060825,28.6828577891118
"30",865,"Guangxi","gfdl-esm4","ssp585",18.91891892,6.42612612462884,28.8216053169315
"31",866,"Guangxi","gfdl-esm4","ssp585",18.91891892,16.1761243151044,28.1976798947118
"32",867,"Guangxi","gfdl-esm4","ssp585",11.25675676,13.959089091358,27.790807284828
"33",868,"Guangxi","gfdl-esm4","ssp585",11.25675676,5.79275842713661,28.1796141039424
"34",869,"Guangxi","gfdl-esm4","ssp585",12.9594594571429,10.0177336755587,27.6409362280069
"35",870,"Guangxi","gfdl-esm4","ssp585",13.24324324,7.28316814449255,27.4831480394893
"36",871,"Guangxi","gfdl-esm4","ssp585",7.72972972857143,6.06461339031785,28.1246676917838
"37",872,"Guangxi","gfdl-esm4","ssp585",3.594594595,2.49220172708933,29.1619298085445
"38",873,"Guangxi","gfdl-esm4","ssp585",6.22972972985714,14.5141471485498,24.1692826471409
"39",874,"Guangxi","gfdl-esm4","ssp585",9.743243243,0.765010248604911,23.6098160431165
"40",875,"Guangxi","gfdl-esm4","ssp585",8.33783783757143,7.14588553014154,22.9400387547597
"41",876,"Guangxi","gfdl-esm4","ssp585",4.824324324,0.195299878827381,24.4332848813354
"42",877,"Guangxi","gfdl-esm4","ssp585",4.68918918885714,0.57081880287168,19.6843550481716
"43",878,"Guangxi","gfdl-esm4","ssp585",3.878378378,0.0436752191577214,19.8572038410091
"44",879,"Guangxi","gfdl-esm4","ssp585",3.878378378,1.02509496267824,22.2842932949547
"45",880,"Guangxi","gfdl-esm4","ssp585",1.36486486485714,0.60207323240106,21.3968161703158
"46",881,"Guangxi","gfdl-esm4","ssp585",0.945945946,2.79374610657237,21.7108588723576
"47",882,"Guangxi","gfdl-esm4","ssp585",1.14864864885714,4.68015735666903,19.204161161535
"48",883,"Guangxi","gfdl-esm4","ssp585",1.22972973,0.237055706035614,17.9808586056493
"49",884,"Guangxi","gfdl-esm4","ssp585",1.22972973,0.465634979246265,17.4092280027246
"50",885,"Guangxi","gfdl-esm4","ssp585",NA,1.21541271641708,11.0811018743435
"51",886,"Guangxi","gfdl-esm4","ssp585",NA,1.88637050856643,14.8878692370503
"52",887,"Guangxi","gfdl-esm4","ssp585",NA,1.27653590192066,12.8286705722328
"53",888,"Guangxi","gfdl-esm4","ssp585",NA,2.63949360332891,10.4253998059185
"54",889,"Guangxi","gfdl-esm4","ssp585",NA,1.76879574706022,13.1322539000952
"55",890,"Guangxi","gfdl-esm4","ssp585",NA,0.954401857088058,10.9766523088728
"56",891,"Guangxi","gfdl-esm4","ssp585",NA,2.6185785450529,12.1423702977285
"57",892,"Guangxi","gfdl-esm4","ssp585",NA,3.38795735714446,13.2573885877593
"58",893,"Guangxi","gfdl-esm4","ssp585",NA,1.22178842671455,10.5667036809841
"59",894,"Guangxi","gfdl-esm4","ssp585",NA,1.65054964265437,7.19066541655727
"60",895,"Guangxi","gfdl-esm4","ssp585",NA,4.70057531624486,12.3765986081933
"61",896,"Guangxi","gfdl-esm4","ssp585",NA,0.156979125955836,5.98372397543004
"62",897,"Guangxi","gfdl-esm4","ssp585",NA,0.29593559729604,12.1740512367056
"63",898,"Guangxi","gfdl-esm4","ssp585",NA,0.34726884807257,16.2411850873162
"64",899,"Guangxi","gfdl-esm4","ssp585",NA,8.88237699227784,9.81948442218687
"65",900,"Guangxi","gfdl-esm4","ssp585",NA,1.48752235074502,18.34364147026
"66",901,"Guangxi","gfdl-esm4","ssp585",2.932432432,0.0173534399391046,13.5930847167969
"67",902,"Guangxi","gfdl-esm4","ssp585",2.932432432,0.716391652589541,19.2302868242024
"68",903,"Guangxi","gfdl-esm4","ssp585",3.02702702671429,2.23856958401736,21.3013711881237
"69",904,"Guangxi","gfdl-esm4","ssp585",3.594594595,1.91205095917541,23.102685546875
"70",905,"Guangxi","gfdl-esm4","ssp585",3.594594595,7.75031736031375,24.0498991637671
"71",906,"Guangxi","gfdl-esm4","ssp585",8.986486486,3.80437357272677,24.0367692706966
"72",907,"Guangxi","gfdl-esm4","ssp585",8.986486486,3.29592024451897,27.1374803559119
"73",908,"Guangxi","gfdl-esm4","ssp585",7.12162162171429,11.0758553866672,25.4192650033647
"74",909,"Guangxi","gfdl-esm4","ssp585",6.810810811,9.70261407293259,26.0752592198989
"75",910,"Guangxi","gfdl-esm4","ssp585",7.67567567557143,13.6863767888757,27.3023807301241
"76",911,"Guangxi","gfdl-esm4","ssp585",8.324324324,0.176090182843026,26.4570045791754
"77",912,"Guangxi","gfdl-esm4","ssp585",11.8513513494286,6.17676753059671,28.7951502182905
"78",913,"Guangxi","gfdl-esm4","ssp585",16.55405405,15.439508846207,26.073018614184
"79",914,"Guangxi","gfdl-esm4","ssp585",14.4459459431429,4.48629595050278,27.643100052521
"80",915,"Guangxi","gfdl-esm4","ssp585",9.175675676,8.62164912806621,28.032349145713
"81",916,"Guangxi","gfdl-esm4","ssp585",10.3108108108571,3.6767721929154,28.9516382041098
"82",917,"Guangxi","gfdl-esm4","ssp585",17.12162162,2.21053342655191,29.0876082219998
"83",918,"Guangxi","gfdl-esm4","ssp585",17.12162162,3.60586793740581,29.1909624885111
"84",919,"Guangxi","gfdl-esm4","ssp585",8.60810810771429,12.8307618702887,26.6156776748786
"85",920,"Guangxi","gfdl-esm4","ssp585",7.189189189,9.8474727972943,27.474832897026
"86",921,"Guangxi","gfdl-esm4","ssp585",9.95945946114286,18.9179312493877,27.9127776330259
"87",922,"Guangxi","gfdl-esm4","ssp585",11.06756757,8.89346291323314,28.3618074817818
"88",923,"Guangxi","gfdl-esm4","ssp585",9.89189189314286,6.48350760202753,28.0373859822249
"89",924,"Guangxi","gfdl-esm4","ssp585",8.324324324,5.17135841220883,27.4927077349495
"90",925,"Guangxi","gfdl-esm4","ssp585",10.0270270257143,3.11313788225691,26.3197614910222
"91",926,"Guangxi","gfdl-esm4","ssp585",14.28378378,6.62247942897363,24.1539196879924
"92",927,"Guangxi","gfdl-esm4","ssp585",12.74324324,2.67718692685202,22.9023581625033
"93",928,"Guangxi","gfdl-esm4","ssp585",3.5,0.578170778337321,26.4605513372341
"94",929,"Guangxi","gfdl-esm4","ssp585",3.5,11.3187899566817,24.7631822602088
"95",930,"Guangxi","gfdl-esm4","ssp585",3.405405405,2.53837668662817,22.0492050042673
"96",931,"Guangxi","gfdl-esm4","ssp585",3.405405405,0.454731866245441,19.4970511813124
"97",932,"Guangxi","gfdl-esm4","ssp585",2.12162162142857,0.406055343360591,20.6072982659861
"98",933,"Guangxi","gfdl-esm4","ssp585",1.608108108,1.20265166710538,21.2971413492155
"99",934,"Guangxi","gfdl-esm4","ssp585",0.689189189142857,0.7015667574319,14.0465292025013
"100",935,"Guangxi","gfdl-esm4","ssp585",0,0.267360462826562,19.0613431529839
"101",936,"Guangxi","gfdl-esm4","ssp585",0,1.21799995937701,19.2007999708673
"102",937,"Guangxi","gfdl-esm4","ssp585",NA,3.08046667177368,12.6671742671678
"103",938,"Guangxi","gfdl-esm4","ssp585",NA,0.604233756929708,14.4888002539883
"104",939,"Guangxi","gfdl-esm4","ssp585",NA,0.516195105951394,14.8559350278197
"105",940,"Guangxi","gfdl-esm4","ssp585",NA,0.00448559740000158,12.2704091304491
"106",941,"Guangxi","gfdl-esm4","ssp585",NA,2.90500674882225,18.1438873547466
"107",942,"Guangxi","gfdl-esm4","ssp585",NA,2.65401929204644,10.9729262408088
"108",943,"Guangxi","gfdl-esm4","ssp585",NA,1.29359470059087,8.11133946010047
"109",944,"Guangxi","gfdl-esm4","ssp585",NA,0.595095634849682,12.0356046275932
"110",945,"Guangxi","gfdl-esm4","ssp585",NA,0.00153876394300013,10.2019394818474
"111",946,"Guangxi","gfdl-esm4","ssp585",NA,0.979395197998408,18.2812203030627
"112",947,"Guangxi","gfdl-esm4","ssp585",NA,0.749696768481434,15.7961579138492
"113",948,"Guangxi","gfdl-esm4","ssp585",NA,0.817830167231913,14.2270255465468
"114",949,"Guangxi","gfdl-esm4","ssp585",NA,0.038796504165223,13.7944263618534
"115",950,"Guangxi","gfdl-esm4","ssp585",NA,2.20710498541963,13.2493070201714
"116",951,"Guangxi","gfdl-esm4","ssp585",NA,2.44118276314601,10.2799118426668
"117",952,"Guangxi","gfdl-esm4","ssp585",NA,3.30888738766635,19.1524731547893
"118",953,"Guangxi","gfdl-esm4","ssp585",2.459459459,3.666864861006,15.3219431131828
"119",954,"Guangxi","gfdl-esm4","ssp585",2.459459459,1.99443048852454,20.0360856256565
"120",955,"Guangxi","gfdl-esm4","ssp585",2.459459459,0.482826975938285,24.8023509818967
"121",956,"Guangxi","gfdl-esm4","ssp585",2.081081081,1.86161478203154,23.9204818597361
"122",957,"Guangxi","gfdl-esm4","ssp585",2.081081081,6.99202459594607,23.8236922576648
"123",958,"Guangxi","gfdl-esm4","ssp585",6.21621621585714,1.06490168261548,25.5103678727351
"124",959,"Guangxi","gfdl-esm4","ssp585",6.905405405,6.708510259909,26.4922166327469
"125",960,"Guangxi","gfdl-esm4","ssp585",12.8513513514286,6.57831624502396,26.9488880830653
"126",961,"Guangxi","gfdl-esm4","ssp585",15.22972973,12.4681945428489,28.3110607499836
"127",962,"Guangxi","gfdl-esm4","ssp585",13.8918918928571,6.91225319248091,25.8566598587677
"128",963,"Guangxi","gfdl-esm4","ssp585",12.10810811,13.6643444677825,26.4659042230174
"129",964,"Guangxi","gfdl-esm4","ssp585",11.5135135157143,7.70612065044076,28.5576495515199
"130",965,"Guangxi","gfdl-esm4","ssp585",10.02702703,10.4549934736292,26.8234388335413
"131",966,"Guangxi","gfdl-esm4","ssp585",9.75675675928571,9.49252233661622,28.4676148486739
"132",967,"Guangxi","gfdl-esm4","ssp585",8.135135135,3.20560162926903,27.2554412072446
"133",968,"Guangxi","gfdl-esm4","ssp585",8.135135135,8.60364895893487,28.5417978495109
"134",969,"Guangxi","gfdl-esm4","ssp585",5.391891892,12.1701230694984,28.406578717913
"135",970,"Guangxi","gfdl-esm4","ssp585",5.391891892,11.6329714999845,28.688308331145
"136",971,"Guangxi","gfdl-esm4","ssp585",7.55405405414286,12.8128341837311,28.2179311543954
"137",972,"Guangxi","gfdl-esm4","ssp585",8.418918919,6.82110418017429,27.9633352584198
"138",973,"Guangxi","gfdl-esm4","ssp585",8.85135135157143,1.4380749467953,25.5141212271041
"139",974,"Guangxi","gfdl-esm4","ssp585",9.175675676,3.29406369785852,28.2541916791131
"140",975,"Guangxi","gfdl-esm4","ssp585",8.12162162171428,0.57489541252063,27.12622608858
"141",976,"Guangxi","gfdl-esm4","ssp585",5.486486486,3.19569861343445,27.6654233275342
"142",977,"Guangxi","gfdl-esm4","ssp585",5.51351351314286,5.3581751717505,28.283185737674
"143",978,"Guangxi","gfdl-esm4","ssp585",5.675675676,3.55183167458586,27.5400318818934
"144",979,"Guangxi","gfdl-esm4","ssp585",5.675675676,1.09823535653523,24.9793855042017
"145",980,"Guangxi","gfdl-esm4","ssp585",3.121621622,0.236096991060503,24.7596346302193
"146",981,"Guangxi","gfdl-esm4","ssp585",3.121621622,1.05905322133803,21.5354021857767
"147",982,"Guangxi","gfdl-esm4","ssp585",3.121621622,3.91227997125245,23.4496186584986
"148",983,"Guangxi","gfdl-esm4","ssp585",3.121621622,4.17275111556607,21.1231425309382
"149",984,"Guangxi","gfdl-esm4","ssp585",2.79729729742857,0.256228342853724,21.5083212459789
"150",985,"Guangxi","gfdl-esm4","ssp585",2.554054054,0.47212685382362,19.3344564998851
"151",986,"Guangxi","gfdl-esm4","ssp585",2.554054054,1.87362283547793,16.435119372456
"152",987,"Guangxi","gfdl-esm4","ssp585",2.554054054,1.19980498898296,13.6421609830456
"153",988,"Guangxi","gfdl-esm4","ssp585",2.554054054,0.00257536757173909,14.6841115230272
"154",989,"Guangxi","gfdl-esm4","ssp585",NA,0.021732440711138,14.7044590541295
"155",990,"Guangxi","gfdl-esm4","ssp585",NA,0.267960886373023,12.4601148589319
"156",991,"Guangxi","gfdl-esm4","ssp585",NA,2.07762973231252,16.1516083020122
"157",992,"Guangxi","gfdl-esm4","ssp585",NA,0.238004343147867,14.4548999433758
"158",993,"Guangxi","gfdl-esm4","ssp585",NA,3.46106147869517,13.1909178661699
"159",994,"Guangxi","gfdl-esm4","ssp585",NA,0.0839398199476658,11.2453378885734
"160",995,"Guangxi","gfdl-esm4","ssp585",NA,0.0871995310414047,11.2062731318113
"161",996,"Guangxi","gfdl-esm4","ssp585",NA,0.00159937279587983,11.5172720259979
"162",997,"Guangxi","gfdl-esm4","ssp585",NA,2.6816038962257,12.2298626042214
"163",998,"Guangxi","gfdl-esm4","ssp585",NA,0.111981209988966,8.83943189092045
"164",999,"Guangxi","gfdl-esm4","ssp585",NA,0.531375032922736,14.057171169249
"165",1000,"Guangxi","gfdl-esm4","ssp585",NA,1.14975721221733,12.5733977502134
"166",1001,"Guangxi","gfdl-esm4","ssp585",NA,1.98861927077998,15.1949170024455
"167",1002,"Guangxi","gfdl-esm4","ssp585",NA,2.42674311828538,11.5158660119321
"168",1003,"Guangxi","gfdl-esm4","ssp585",NA,4.46047912687949,13.0509817940848
"169",1004,"Guangxi","gfdl-esm4","ssp585",NA,1.7723892139603,18.9446620909106
"170",1005,"Guangxi","gfdl-esm4","ssp585",NA,9.18963887463882,19.9305610207951
"171",1006,"Guangxi","gfdl-esm4","ssp585",1.797297297,0.975297415718176,18.2258781881894
"172",1007,"Guangxi","gfdl-esm4","ssp585",1.797297297,3.66147916324345,22.1602805257846
"173",1008,"Guangxi","gfdl-esm4","ssp585",5.85135135128571,8.52715673685727,23.7711322175355
"174",1009,"Guangxi","gfdl-esm4","ssp585",6.527027027,3.45579045116248,25.9280947901622
"175",1010,"Guangxi","gfdl-esm4","ssp585",3.41891891914286,2.61782195149557,25.4290160107012
"176",1011,"Guangxi","gfdl-esm4","ssp585",2.175675676,1.60417272623772,26.6509982069
"177",1012,"Guangxi","gfdl-esm4","ssp585",5.85135135142857,3.45497665563933,26.0326411912421
"178",1013,"Guangxi","gfdl-esm4","ssp585",8.608108108,4.05154614566611,27.3491101176799
"179",1014,"Guangxi","gfdl-esm4","ssp585",7.33783783771429,4.3446887299968,26.6731789468717
"180",1015,"Guangxi","gfdl-esm4","ssp585",4.162162162,2.3689404821467,27.3156016630285
"181",1016,"Guangxi","gfdl-esm4","ssp585",5.41891891885714,1.10833186210019,31.5657322987789
"182",1017,"Guangxi","gfdl-esm4","ssp585",12.95945946,1.05283641196595,28.5183296267726
"183",1018,"Guangxi","gfdl-esm4","ssp585",12.95945946,13.0708052352407,28.9386658740645
"184",1019,"Guangxi","gfdl-esm4","ssp585",3.972972973,9.5051998162127,29.1193778927587
"185",1020,"Guangxi","gfdl-esm4","ssp585",3.972972973,10.3627885118574,28.7500495461857
"186",1021,"Guangxi","gfdl-esm4","ssp585",7.70270270242857,19.9345815403918,27.7407750746783
"187",1022,"Guangxi","gfdl-esm4","ssp585",8.324324324,2.54915672830211,29.3066070813091
"188",1023,"Guangxi","gfdl-esm4","ssp585",7.45945945942857,9.45897624925138,28.5171497505252
"189",1024,"Guangxi","gfdl-esm4","ssp585",6.810810811,22.4903943536029,28.0306796033843
"190",1025,"Guangxi","gfdl-esm4","ssp585",6.93243243271429,11.7363620471997,28.4351567116104
"191",1026,"Guangxi","gfdl-esm4","ssp585",7.094594595,13.1570435432569,28.3968509449679
"192",1027,"Guangxi","gfdl-esm4","ssp585",6.702702703,2.16578996117851,28.9011601295792
"193",1028,"Guangxi","gfdl-esm4","ssp585",4.351351351,5.81281813346789,25.6767259613807
"194",1029,"Guangxi","gfdl-esm4","ssp585",4.351351351,7.78294915299884,26.7998499766118
"195",1030,"Guangxi","gfdl-esm4","ssp585",16.83783784,3.06405687952432,25.6523329278
"196",1031,"Guangxi","gfdl-esm4","ssp585",16.83783784,2.37469203684194,25.240141027114
"197",1032,"Guangxi","gfdl-esm4","ssp585",5.24324324371429,0.550841708136737,27.8785604012113
"198",1033,"Guangxi","gfdl-esm4","ssp585",3.310810811,0.441892261354218,21.4954375964253
"199",1034,"Guangxi","gfdl-esm4","ssp585",2.83783783814286,7.69106765764745,20.6748617220326
"200",1035,"Guangxi","gfdl-esm4","ssp585",2.648648649,10.8977901666416,18.9318280901228
"201",1036,"Guangxi","gfdl-esm4","ssp585",2.44594594628571,0.252292338282285,20.2205178140592
"202",1037,"Guangxi","gfdl-esm4","ssp585",2.175675676,0.139216386404073,19.4449628557478
"203",1038,"Guangxi","gfdl-esm4","ssp585",2.14864864885714,2.18629514130234,18.6762573755088
"204",1039,"Guangxi","gfdl-esm4","ssp585",2.081081081,0.992247418517848,17.7761345358456
"205",1040,"Guangxi","gfdl-esm4","ssp585",2.081081081,1.19052927079219,16.9871437906217
"206",1041,"Guangxi","gfdl-esm4","ssp585",NA,0.00184972743853974,10.7514017057018
"207",1042,"Guangxi","gfdl-esm4","ssp585",NA,0.082023234372937,10.0338154768744
"208",1043,"Guangxi","gfdl-esm4","ssp585",NA,1.27236345882294,11.4898918087743
"209",1044,"Guangxi","gfdl-esm4","ssp585",NA,0.256499408385614,15.3910973300453
"210",1045,"Guangxi","gfdl-esm4","ssp585",NA,0.328518958291369,13.5715802360984
"211",1046,"Guangxi","gfdl-esm4","ssp585",NA,0.0125945731257666,9.69331029042479
"212",1047,"Guangxi","gfdl-esm4","ssp585",NA,0.072687702625085,11.0634134757419
"213",1048,"Guangxi","gfdl-esm4","ssp585",NA,0.77903275911211,9.43991719734771
"214",1049,"Guangxi","gfdl-esm4","ssp585",NA,1.07360114502374,10.4283986324022
"215",1050,"Guangxi","gfdl-esm4","ssp585",NA,0.498920614443995,9.42217299517466
"216",1051,"Guangxi","gfdl-esm4","ssp585",NA,0.108535996212809,15.1101760479583
"217",1052,"Guangxi","gfdl-esm4","ssp585",NA,1.75800573000804,12.8093191451385
"218",1053,"Guangxi","gfdl-esm4","ssp585",NA,6.25804487255266,10.9381107618829
"219",1054,"Guangxi","gfdl-esm4","ssp585",NA,2.9519036035962,12.2264982335708
"220",1055,"Guangxi","gfdl-esm4","ssp585",NA,3.02324022970883,15.0179580816702
"221",1056,"Guangxi","gfdl-esm4","ssp585",NA,0.172875730345024,17.926730628775
"222",1057,"Guangxi","gfdl-esm4","ssp585",NA,0.303284376258634,25.2993998038669
"223",1058,"Guangxi","gfdl-esm4","ssp585",NA,2.80616406623534,22.0163169027377
"224",1059,"Guangxi","gfdl-esm4","ssp585",NA,1.99010094179563,22.0677693855863
"225",1060,"Guangxi","gfdl-esm4","ssp585",NA,1.50143810044747,22.1791779846705
"226",1061,"Guangxi","gfdl-esm4","ssp585",NA,1.7391427427264,25.657005194656
"227",1062,"Guangxi","gfdl-esm4","ssp585",NA,2.76540834514095,24.6296359535025
"228",1063,"Guangxi","gfdl-esm4","ssp585",NA,3.11103532991351,27.4251667952337
"229",1064,"Guangxi","gfdl-esm4","ssp585",NA,29.3021742775491,22.5951468331473
"230",1065,"Guangxi","gfdl-esm4","ssp585",NA,4.6818963371994,21.9735930114233
"231",1066,"Guangxi","gfdl-esm4","ssp585",NA,3.32232400276216,24.9539526674928
"232",1067,"Guangxi","gfdl-esm4","ssp585",NA,3.52682422568113,27.8168195452009
"233",1068,"Guangxi","gfdl-esm4","ssp585",NA,1.91945079021804,27.6580795672762
"234",1069,"Guangxi","gfdl-esm4","ssp585",NA,15.259632826916,27.9079371861049
"235",1070,"Guangxi","gfdl-esm4","ssp585",NA,2.06241835159469,28.0392772001379
"236",1071,"Guangxi","gfdl-esm4","ssp585",NA,5.86683924406637,29.1835890826057
"237",1072,"Guangxi","gfdl-esm4","ssp585",NA,19.0708062862975,29.1602691393941
"238",1073,"Guangxi","gfdl-esm4","ssp585",NA,19.7122398242564,27.8349022616859
"239",1074,"Guangxi","gfdl-esm4","ssp585",NA,9.41675210038876,28.093474367286
"240",1075,"Guangxi","gfdl-esm4","ssp585",NA,0.77739509444563,29.3018812163537
"241",1076,"Guangxi","gfdl-esm4","ssp585",NA,6.59628191583327,29.4441960182511
"242",1077,"Guangxi","gfdl-esm4","ssp585",NA,2.50208952899376,26.6953976414785
"243",1078,"Guangxi","gfdl-esm4","ssp585",NA,5.24586240975409,28.7209127987133
"244",1079,"Guangxi","gfdl-esm4","ssp585",NA,2.72570517570433,27.5434458500197
"245",1080,"Guangxi","gfdl-esm4","ssp585",NA,1.74177591417947,28.3424257422696
"246",1081,"Guangxi","gfdl-esm4","ssp585",NA,10.5587559156198,27.464962024849
"247",1082,"Guangxi","gfdl-esm4","ssp585",NA,1.8727574145519,26.3375218495602
"248",1083,"Guangxi","gfdl-esm4","ssp585",NA,11.1882688537469,22.9121663069525
"249",1084,"Guangxi","gfdl-esm4","ssp585",NA,0.00848508623752453,22.6652079606257
"250",1085,"Guangxi","gfdl-esm4","ssp585",NA,1.20039923987845,24.7830735663406
"251",1086,"Guangxi","gfdl-esm4","ssp585",NA,1.49522418357486,23.4433765058758
"252",1087,"Guangxi","gfdl-esm4","ssp585",NA,0.0389644720900008,20.5841683523996
"253",1088,"Guangxi","gfdl-esm4","ssp585",NA,0.00193597284742893,21.4470099441144
"254",1089,"Guangxi","gfdl-esm4","ssp585",NA,0.00850975642040931,19.274673333689
"255",1090,"Guangxi","gfdl-esm4","ssp585",NA,0.432541725333847,18.1666063837645
"256",1091,"Guangxi","gfdl-esm4","ssp585",NA,5.50779477509407,15.6829489828158
"257",1092,"Guangxi","gfdl-esm4","ssp585",NA,0.199854818047166,18.4826608353302
"258",1093,"Guangxi","gfdl-esm4","ssp585",NA,0.310610572485514,15.9412099116991
"259",1094,"Guangxi","gfdl-esm4","ssp585",NA,0.099190675830586,13.4362436502922
"260",1095,"Guangxi","gfdl-esm4","ssp585",NA,0.000953908631589828,13.3665205242253
"261",1096,"Guangxi","gfdl-esm4","ssp585",NA,1.81665668815537,13.0863577193573
"262",1097,"Guangxi","gfdl-esm4","ssp585",NA,2.50067222944266,12.1206302931329
"263",1098,"Guangxi","gfdl-esm4","ssp585",NA,2.57229859993168,17.3956367043888
"264",1099,"Guangxi","gfdl-esm4","ssp585",NA,1.85573077784177,12.298403802439
"265",1100,"Guangxi","gfdl-esm4","ssp585",NA,0.107997896881875,10.2213632791984
"266",1101,"Guangxi","gfdl-esm4","ssp585",NA,0.0190405679925124,10.7500453916919
"267",1102,"Guangxi","gfdl-esm4","ssp585",NA,0.0725756463637045,13.418168422154
"268",1103,"Guangxi","gfdl-esm4","ssp585",NA,0.744059217618431,12.7220987784763
"269",1104,"Guangxi","gfdl-esm4","ssp585",NA,2.60856031638789,12.2974729906611
"270",1105,"Guangxi","gfdl-esm4","ssp585",NA,8.08058497131907,12.3871495863971
"271",1106,"Guangxi","gfdl-esm4","ssp585",NA,10.9609581929556,8.98290533498558
"272",1107,"Guangxi","gfdl-esm4","ssp585",NA,1.434026518814,12.634245851661
"273",1108,"Guangxi","gfdl-esm4","ssp585",NA,8.46623969255218,17.0207555947184
"274",1109,"Guangxi","gfdl-esm4","ssp585",NA,2.14359644542281,17.7855475417706
"275",1110,"Guangxi","gfdl-esm4","ssp585",NA,2.90594936659774,20.1102638052291
"276",1111,"Guangxi","gfdl-esm4","ssp585",NA,1.12981919726949,23.7987255961955
"277",1112,"Guangxi","gfdl-esm4","ssp585",NA,2.55113163637193,23.7473492790671
"278",1113,"Guangxi","gfdl-esm4","ssp585",NA,8.79704174683897,22.2705769514837
"279",1114,"Guangxi","gfdl-esm4","ssp585",NA,8.31660960011963,21.080202913685
"280",1115,"Guangxi","gfdl-esm4","ssp585",NA,2.6269038202693,23.3334358792345
"281",1116,"Guangxi","gfdl-esm4","ssp585",NA,4.46723512926898,25.5571797859769
"282",1117,"Guangxi","gfdl-esm4","ssp585",NA,7.65258788525363,24.9396956243435
"283",1118,"Guangxi","gfdl-esm4","ssp585",NA,9.3295105421701,26.5948260651917
"284",1119,"Guangxi","gfdl-esm4","ssp585",NA,7.09618600241841,27.7204064633666
"285",1120,"Guangxi","gfdl-esm4","ssp585",NA,7.53477583325174,24.6896111496357
"286",1121,"Guangxi","gfdl-esm4","ssp585",NA,2.72613956578914,27.582680120388
"287",1122,"Guangxi","gfdl-esm4","ssp585",NA,3.34268254093973,28.7058796345687
"288",1123,"Guangxi","gfdl-esm4","ssp585",NA,17.3919104803553,27.8016876477154
"289",1124,"Guangxi","gfdl-esm4","ssp585",NA,5.90156563772172,28.1700956456802
"290",1125,"Guangxi","gfdl-esm4","ssp585",NA,5.30335661243662,28.7957028172597
"291",1126,"Guangxi","gfdl-esm4","ssp585",NA,2.01049529207272,28.775299482586
"292",1127,"Guangxi","gfdl-esm4","ssp585",NA,5.11138847633118,28.9928333955653
"293",1128,"Guangxi","gfdl-esm4","ssp585",NA,3.58588480879015,29.0790078555837
"294",1129,"Guangxi","gfdl-esm4","ssp585",NA,8.39207970043031,28.0186302377397
"295",1130,"Guangxi","gfdl-esm4","ssp585",NA,6.410336756505,28.6359189330029
"296",1131,"Guangxi","gfdl-esm4","ssp585",NA,2.83583560483244,29.2069350298713
"297",1132,"Guangxi","gfdl-esm4","ssp585",NA,1.65670670821767,27.5668786313354
"298",1133,"Guangxi","gfdl-esm4","ssp585",NA,1.95808184898653,28.3503245634191
"299",1134,"Guangxi","gfdl-esm4","ssp585",NA,2.81430641296889,26.5961696079799
"300",1135,"Guangxi","gfdl-esm4","ssp585",NA,2.45856064668917,26.6727055910255
"301",1136,"Guangxi","gfdl-esm4","ssp585",NA,4.12243577867818,26.122737596015
"302",1137,"Guangxi","gfdl-esm4","ssp585",NA,0.862501974316278,23.3171491863347
"303",1138,"Guangxi","gfdl-esm4","ssp585",NA,0.130382399138322,22.8230381044019
"304",1139,"Guangxi","gfdl-esm4","ssp585",NA,2.79902218858748,23.481408383666
"305",1140,"Guangxi","gfdl-esm4","ssp585",NA,3.51102081980647,21.0068431693967
"306",1141,"Guangxi","gfdl-esm4","ssp585",NA,1.4744704765277,18.3707553895582
"307",1142,"Guangxi","gfdl-esm4","ssp585",NA,0.00206654052435471,15.1842554941899
"308",1143,"Guangxi","gfdl-esm4","ssp585",NA,1.2740132238551,17.8044955213531
"309",1144,"Guangxi","gfdl-esm4","ssp585",NA,1.76318919487107,16.3429175625329
"310",1145,"Guangxi","gfdl-esm4","ssp585",NA,3.08886611319715,18.6675410935859
"311",1146,"Guangxi","gfdl-esm4","ssp585",NA,2.04946231077662,21.0380227481618
"312",1147,"Guangxi","gfdl-esm4","ssp585",NA,2.38501451444431,13.5135008739824
"313",1148,"Guangxi","gfdl-esm4","ssp585",NA,0.294421048727431,12.1442236122965
"314",1149,"Guangxi","gfdl-esm4","ssp585",NA,3.75554775595768,13.7881385610885
"315",1150,"Guangxi","gfdl-esm4","ssp585",NA,2.55240591707531,11.1674317432051
"316",1151,"Guangxi","gfdl-esm4","ssp585",NA,3.0692019719719,11.2315647670201
"317",1152,"Guangxi","gfdl-esm4","ssp585",NA,0.910379459247841,9.3748709542411
"318",1153,"Guangxi","gfdl-esm4","ssp585",NA,0.408885572058566,10.7728561273142
"319",1154,"Guangxi","gfdl-esm4","ssp585",NA,4.40676023878652,11.9445139652541
"320",1155,"Guangxi","gfdl-esm4","ssp585",NA,1.48083379039648,6.44085401006108
"321",1156,"Guangxi","gfdl-esm4","ssp585",NA,0.0164010584240186,12.2972682920825
"322",1157,"Guangxi","gfdl-esm4","ssp585",NA,3.69972854698842,15.2537609965862
"323",1158,"Guangxi","gfdl-esm4","ssp585",NA,1.22054940570408,17.8744142676602
"324",1159,"Guangxi","gfdl-esm4","ssp585",NA,7.83727171102993,13.1512200876445
"325",1160,"Guangxi","gfdl-esm4","ssp585",NA,3.74091156979154,17.4382405769925
"326",1161,"Guangxi","gfdl-esm4","ssp585",NA,2.21178733054712,17.042718095539
"327",1162,"Guangxi","gfdl-esm4","ssp585",NA,10.2147285023722,16.5789068141905
"328",1163,"Guangxi","gfdl-esm4","ssp585",NA,5.67614346489867,20.9329077456178
"329",1164,"Guangxi","gfdl-esm4","ssp585",NA,2.84281896795229,21.7511946990711
"330",1165,"Guangxi","gfdl-esm4","ssp585",NA,1.90009059288655,23.8965507443212
"331",1166,"Guangxi","gfdl-esm4","ssp585",NA,8.97806980647697,24.9391400505515
"332",1167,"Guangxi","gfdl-esm4","ssp585",NA,5.92342381505308,26.593876942867
"333",1168,"Guangxi","gfdl-esm4","ssp585",NA,9.03580901465998,24.0600980870864
"334",1169,"Guangxi","gfdl-esm4","ssp585",NA,10.5233446681325,26.269352247735
"335",1170,"Guangxi","gfdl-esm4","ssp585",NA,6.30879790082421,24.2658285701976
"336",1171,"Guangxi","gfdl-esm4","ssp585",NA,5.63342585788388,28.2214640128513
"337",1172,"Guangxi","gfdl-esm4","ssp585",NA,9.09972926719772,28.8812946223411
"338",1173,"Guangxi","gfdl-esm4","ssp585",NA,2.61236237264383,29.1132169835708
"339",1174,"Guangxi","gfdl-esm4","ssp585",NA,10.1881065945005,28.0276718524324
"340",1175,"Guangxi","gfdl-esm4","ssp585",NA,10.5339780655489,27.9429773154379
"341",1176,"Guangxi","gfdl-esm4","ssp585",NA,19.5830304211751,28.5829923229057
"342",1177,"Guangxi","gfdl-esm4","ssp585",NA,12.0215745887908,28.1725047904904
"343",1178,"Guangxi","gfdl-esm4","ssp585",NA,0.47892916131412,29.3006366633568
"344",1179,"Guangxi","gfdl-esm4","ssp585",NA,9.76434308697299,28.9740673417805
"345",1180,"Guangxi","gfdl-esm4","ssp585",NA,5.9681510438293,28.2633960371258
"346",1181,"Guangxi","gfdl-esm4","ssp585",NA,17.9940725760297,28.6825611274784
"347",1182,"Guangxi","gfdl-esm4","ssp585",NA,24.1265196116166,26.6904724633994
"348",1183,"Guangxi","gfdl-esm4","ssp585",NA,9.06937108265809,28.4782513786765
"349",1184,"Guangxi","gfdl-esm4","ssp585",NA,14.5672623990942,28.2965172006303
"350",1185,"Guangxi","gfdl-esm4","ssp585",NA,3.35671043086566,28.6254357089516
"351",1186,"Guangxi","gfdl-esm4","ssp585",NA,0.0179947996672249,23.7455409971606
"352",1187,"Guangxi","gfdl-esm4","ssp585",NA,0.124912896315727,25.2194121545103
"353",1188,"Guangxi","gfdl-esm4","ssp585",NA,4.55025857853011,25.9328377347033
"354",1189,"Guangxi","gfdl-esm4","ssp585",NA,11.437258731661,26.2647072671842
"355",1190,"Guangxi","gfdl-esm4","ssp585",NA,11.4567506403601,20.3077968052456
"356",1191,"Guangxi","gfdl-esm4","ssp585",NA,1.91058221421334,23.9278181316472
"357",1192,"Guangxi","gfdl-esm4","ssp585",NA,0.943429663117868,21.5041911662126
"358",1193,"Guangxi","gfdl-esm4","ssp585",NA,0.016933309792677,17.9197364614791
"359",1194,"Guangxi","gfdl-esm4","ssp585",NA,10.139069861638,20.0680106539686
"360",1195,"Guangxi","gfdl-esm4","ssp585",NA,0.503134808895381,14.5919657731257
"361",1196,"Guangxi","gfdl-esm4","ssp585",NA,0.121334271855577,15.6978479721967
"362",1197,"Guangxi","gfdl-esm4","ssp585",NA,0.0930063369454759,17.7534527434021
"363",1198,"Guangxi","gfdl-esm4","ssp585",NA,0.056486481951942,17.0225887010078
"364",1199,"Guangxi","gfdl-esm4","ssp585",NA,2.65010165145336,15.7132905334986
"365",1200,"Guangxi","gfdl-esm4","ssp585",NA,1.78535377442276,19.5549328715862
"366",1201,"Guangxi","gfdl-esm4","ssp585",NA,0.755124892761266,9.99395423696825
"367",1202,"Guangxi","gfdl-esm4","ssp585",NA,2.77785583384379,11.1979022883568
"368",1203,"Guangxi","gfdl-esm4","ssp585",NA,0.381417122699845,9.49211353975186
"369",1204,"Guangxi","gfdl-esm4","ssp585",NA,1.46608110854281,12.3249785607603
"370",1205,"Guangxi","gfdl-esm4","ssp585",NA,1.15487857638959,8.31699593167347
"371",1206,"Guangxi","gfdl-esm4","ssp585",NA,0.073719981033306,13.1107820398668
"372",1207,"Guangxi","gfdl-esm4","ssp585",NA,2.85263225616275,12.7509257340632
"373",1208,"Guangxi","gfdl-esm4","ssp585",NA,2.77877029920466,18.201125149767
"374",1209,"Guangxi","gfdl-esm4","ssp585",NA,2.59756851099292,13.6435343766413
"375",1210,"Guangxi","gfdl-esm4","ssp585",NA,1.22938836591689,12.098196539358
"376",1211,"Guangxi","gfdl-esm4","ssp585",NA,0.891080584166476,14.1941542168625
"377",1212,"Guangxi","gfdl-esm4","ssp585",NA,0.567684398253327,17.6614489130613
"378",1213,"Guangxi","gfdl-esm4","ssp585",NA,2.46388833538655,19.1971550949482
"379",1214,"Guangxi","gfdl-esm4","ssp585",NA,1.59552325041949,19.5971053436023
"380",1215,"Guangxi","gfdl-esm4","ssp585",NA,1.32292178303369,22.2059311297761
"381",1216,"Guangxi","gfdl-esm4","ssp585",NA,4.83022719803557,19.6515886066341
"382",1217,"Guangxi","gfdl-esm4","ssp585",NA,4.80057192710461,21.915316798106
"383",1218,"Guangxi","gfdl-esm4","ssp585",NA,9.88752821582651,23.3904496393284
"384",1219,"Guangxi","gfdl-esm4","ssp585",NA,12.1062172966269,20.5204769871816
"385",1220,"Guangxi","gfdl-esm4","ssp585",NA,6.1065243568303,22.6205906459264
"386",1221,"Guangxi","gfdl-esm4","ssp585",NA,13.4377240969485,23.6370651629793
"387",1222,"Guangxi","gfdl-esm4","ssp585",NA,9.36216490081829,23.5337635713465
"388",1223,"Guangxi","gfdl-esm4","ssp585",NA,4.0022008328678,26.3032954881171
"389",1224,"Guangxi","gfdl-esm4","ssp585",NA,7.94408847385332,28.0584012584526
"390",1225,"Guangxi","gfdl-esm4","ssp585",NA,1.64038992694656,26.9881463571757
"391",1226,"Guangxi","gfdl-esm4","ssp585",NA,5.08770864811947,26.8564917812828
"392",1227,"Guangxi","gfdl-esm4","ssp585",NA,7.81489072578857,27.0699493151753
"393",1228,"Guangxi","gfdl-esm4","ssp585",NA,11.3610954737718,26.7642673011588
"394",1229,"Guangxi","gfdl-esm4","ssp585",NA,13.0141607390831,27.9478509983095
"395",1230,"Guangxi","gfdl-esm4","ssp585",NA,27.9158952046571,27.1782198352974
"396",1231,"Guangxi","gfdl-esm4","ssp585",NA,3.16258763957232,28.5413586015461
"397",1232,"Guangxi","gfdl-esm4","ssp585",NA,4.24400527246796,29.2921252338826
"398",1233,"Guangxi","gfdl-esm4","ssp585",NA,6.80338204696485,25.9979489622998
"399",1234,"Guangxi","gfdl-esm4","ssp585",NA,26.9740784383587,26.5151770327272
"400",1235,"Guangxi","gfdl-esm4","ssp585",NA,11.7159141822899,28.0325573320149
"401",1236,"Guangxi","gfdl-esm4","ssp585",NA,1.01771860369939,28.4253218963367
"402",1237,"Guangxi","gfdl-esm4","ssp585",NA,2.85518286980411,26.2431996065028
"403",1238,"Guangxi","gfdl-esm4","ssp585",NA,1.02700924431365,25.2509764599199
"404",1239,"Guangxi","gfdl-esm4","ssp585",NA,0.209740937407791,24.7601415810465
"405",1240,"Guangxi","gfdl-esm4","ssp585",NA,0.132840571822569,25.654928358062
"406",1241,"Guangxi","gfdl-esm4","ssp585",NA,3.12681712307395,24.7720878024061
"407",1242,"Guangxi","gfdl-esm4","ssp585",NA,0.000716480273634055,21.4810441730403
"408",1243,"Guangxi","gfdl-esm4","ssp585",NA,0.0482787915697212,21.3026595428211
"409",1244,"Guangxi","gfdl-esm4","ssp585",NA,0.000397866205879714,20.3866968491498
"410",1245,"Guangxi","gfdl-esm4","ssp585",NA,23.0792439927731,20.3620034097624
"411",1246,"Guangxi","gfdl-esm4","ssp585",NA,0.869566695197259,19.930901637999
"412",1247,"Guangxi","gfdl-esm4","ssp585",NA,1.01279219771939,19.3526611841026
"413",1248,"Guangxi","gfdl-esm4","ssp585",NA,1.62670967761027,13.7707317961365
"414",1249,"Guangxi","gfdl-esm4","ssp585",NA,0.0296913416522551,13.3151878036371
"415",1250,"Guangxi","gfdl-esm4","ssp585",NA,0.00503248637143479,12.353758637244
"416",1251,"Guangxi","gfdl-esm4","ssp585",NA,0.0656630481107106,9.79046759084495
"417",1252,"Guangxi","gfdl-esm4","ssp585",NA,1.02447841685579,12.77530384224
"418",1253,"Guangxi","gfdl-esm4","ssp585",NA,1.36606534998135,14.3744946904543
"419",1254,"Guangxi","gfdl-esm4","ssp585",NA,0.0415636819941158,7.74555284516153
"420",1255,"Guangxi","gfdl-esm4","ssp585",NA,0.00372233319704268,11.3631617954799
"421",1256,"Guangxi","gfdl-esm4","ssp585",NA,0.407605463137044,13.2124834846048
"422",1257,"Guangxi","gfdl-esm4","ssp585",NA,0.256138359100613,9.2458546870897
"423",1258,"Guangxi","gfdl-esm4","ssp585",NA,2.06009013460168,12.5052454331342
"424",1259,"Guangxi","gfdl-esm4","ssp585",NA,0.97298228796503,14.3991120667017
"425",1260,"Guangxi","gfdl-esm4","ssp585",NA,3.69288870401264,11.0307561281349
"426",1261,"Guangxi","gfdl-esm4","ssp585",NA,6.18341853429611,15.1881580000164
"427",1262,"Guangxi","gfdl-esm4","ssp585",NA,2.49685468645402,8.64421591878941
"428",1263,"Guangxi","gfdl-esm4","ssp585",NA,2.57222595290054,12.4895999171153
"429",1264,"Guangxi","gfdl-esm4","ssp585",NA,1.14666482189963,18.3725711598116
"430",1265,"Guangxi","gfdl-esm4","ssp585",NA,1.14898136644314,19.3551491104254
"431",1266,"Guangxi","gfdl-esm4","ssp585",NA,4.13804073887914,19.6356283748851
"432",1267,"Guangxi","gfdl-esm4","ssp585",NA,1.29172012793008,20.3591103946462
"433",1268,"Guangxi","gfdl-esm4","ssp585",NA,2.03752498962587,20.1307466907662
"434",1269,"Guangxi","gfdl-esm4","ssp585",NA,6.1400557141449,19.7165085736443
"435",1270,"Guangxi","gfdl-esm4","ssp585",NA,11.4060727694149,21.2437755937336
"436",1271,"Guangxi","gfdl-esm4","ssp585",NA,7.87915911994818,21.5088316845293
"437",1272,"Guangxi","gfdl-esm4","ssp585",NA,0.635813368819928,26.8934936523438
"438",1273,"Guangxi","gfdl-esm4","ssp585",NA,5.71252698024151,23.8885451372932
"439",1274,"Guangxi","gfdl-esm4","ssp585",NA,9.98954065048374,25.8115200010669
"440",1275,"Guangxi","gfdl-esm4","ssp585",NA,9.95190241404219,28.7293079023602
"441",1276,"Guangxi","gfdl-esm4","ssp585",NA,19.9068469492365,27.4003294359736
"442",1277,"Guangxi","gfdl-esm4","ssp585",NA,8.73820454002424,26.0592578535321
"443",1278,"Guangxi","gfdl-esm4","ssp585",NA,7.21815705268562,26.4942844935826
"444",1279,"Guangxi","gfdl-esm4","ssp585",NA,9.67689271669914,27.0637697877003
"445",1280,"Guangxi","gfdl-esm4","ssp585",NA,16.1974278403869,27.3550648921678
"446",1281,"Guangxi","gfdl-esm4","ssp585",NA,8.72932475610201,27.2675874084986
"447",1282,"Guangxi","gfdl-esm4","ssp585",NA,13.1356753247101,27.7175146792115
"448",1283,"Guangxi","gfdl-esm4","ssp585",NA,13.3451000225467,28.9858243541557
"449",1284,"Guangxi","gfdl-esm4","ssp585",NA,11.7851632705503,27.7978563837645
"450",1285,"Guangxi","gfdl-esm4","ssp585",NA,6.47995422288903,26.2662016540015
"451",1286,"Guangxi","gfdl-esm4","ssp585",NA,2.4267724156288,27.8990457486706
"452",1287,"Guangxi","gfdl-esm4","ssp585",NA,6.7007642415178,28.6703182957754
"453",1288,"Guangxi","gfdl-esm4","ssp585",NA,4.81310842225882,28.319435696642
"454",1289,"Guangxi","gfdl-esm4","ssp585",NA,7.8493021757385,27.4068372710413
"455",1290,"Guangxi","gfdl-esm4","ssp585",NA,1.758325805373,25.9129698681231
"456",1291,"Guangxi","gfdl-esm4","ssp585",NA,1.2237647780048,24.6363916220785
"457",1292,"Guangxi","gfdl-esm4","ssp585",NA,2.84006674057829,25.4019242999935
"458",1293,"Guangxi","gfdl-esm4","ssp585",NA,5.35424432937927,25.1274169408975
"459",1294,"Guangxi","gfdl-esm4","ssp585",NA,0.952241883529771,26.2427733349199
"460",1295,"Guangxi","gfdl-esm4","ssp585",NA,0.153773739054005,22.7097297219669
"461",1296,"Guangxi","gfdl-esm4","ssp585",NA,1.69790263359932,20.1836333459165
"462",1297,"Guangxi","gfdl-esm4","ssp585",NA,3.41992411935815,17.2575866699219
"463",1298,"Guangxi","gfdl-esm4","ssp585",NA,0.0166347563618201,16.3066068248589
"464",1299,"Guangxi","gfdl-esm4","ssp585",NA,0.0753115551264226,18.7708240156414
"465",1300,"Guangxi","gfdl-esm4","ssp585",NA,0.0409781454439655,13.9324678821724
"466",1301,"Guangxi","gfdl-esm4","ssp585",NA,0.393748109623523,16.8406061252626
"467",1302,"Guangxi","gfdl-esm4","ssp585",NA,1.31069868063017,17.7629390428046
"468",1303,"Guangxi","gfdl-esm4","ssp585",NA,1.37920729450572,13.5713153742943
"469",1304,"Guangxi","gfdl-esm4","ssp585",NA,0.125406533089601,12.0950743090205
"470",1305,"Guangxi","gfdl-esm4","ssp585",NA,2.31379926148125,10.9269438415015
"471",1306,"Guangxi","gfdl-esm4","ssp585",NA,1.16808049567631,10.1884772805607
"472",1307,"Guangxi","gfdl-esm4","ssp585",NA,0.697274688672751,15.4662451992516
"473",1308,"Guangxi","gfdl-esm4","ssp585",NA,1.37934131403879,11.1298126477154
"474",1309,"Guangxi","gfdl-esm4","ssp585",NA,0.370216080519648,14.4567640288537
"475",1310,"Guangxi","gfdl-esm4","ssp585",NA,0.446835217361305,14.9109020072873
"476",1311,"Guangxi","gfdl-esm4","ssp585",NA,1.44111536660045,9.8247759137835
"477",1312,"Guangxi","gfdl-esm4","ssp585",NA,0.569248591092226,12.8336245753184
"478",1313,"Guangxi","gfdl-esm4","ssp585",NA,1.61974089469322,16.9121539973412
"479",1314,"Guangxi","gfdl-esm4","ssp585",NA,0.486981598087445,17.6405385762704
"480",1315,"Guangxi","gfdl-esm4","ssp585",NA,7.27246334846535,10.8865437483587
"481",1316,"Guangxi","gfdl-esm4","ssp585",NA,1.64407001482335,14.5311385467273
"482",1317,"Guangxi","gfdl-esm4","ssp585",NA,10.3761266946577,15.5801406475676
"483",1318,"Guangxi","gfdl-esm4","ssp585",NA,1.34644144251864,18.1263243603105
"484",1319,"Guangxi","gfdl-esm4","ssp585",NA,2.00749781033298,20.0665523240546
"485",1320,"Guangxi","gfdl-esm4","ssp585",NA,4.69955529136795,21.0914872369847
"486",1321,"Guangxi","gfdl-esm4","ssp585",NA,7.94242991710058,18.1170278853729
"487",1322,"Guangxi","gfdl-esm4","ssp585",NA,1.08733970026411,21.6741454052324
"488",1323,"Guangxi","gfdl-esm4","ssp585",NA,4.69446236908643,23.8081235228467
"489",1324,"Guangxi","gfdl-esm4","ssp585",NA,2.82518706250774,24.9497964298024
"490",1325,"Guangxi","gfdl-esm4","ssp585",NA,9.12490073353259,23.3679867528066
"491",1326,"Guangxi","gfdl-esm4","ssp585",NA,5.54365370844363,26.3907140908121
"492",1327,"Guangxi","gfdl-esm4","ssp585",NA,2.33575826000003,27.0024022206539
"493",1328,"Guangxi","gfdl-esm4","ssp585",NA,3.73969707793205,28.3025732216715
"494",1329,"Guangxi","gfdl-esm4","ssp585",NA,11.24292699012,28.459304476185
"495",1330,"Guangxi","gfdl-esm4","ssp585",NA,20.907029561617,26.9537833590468
"496",1331,"Guangxi","gfdl-esm4","ssp585",NA,2.90480459116836,27.5153351599429
"497",1332,"Guangxi","gfdl-esm4","ssp585",NA,12.8161379734113,28.6002944048713
"498",1333,"Guangxi","gfdl-esm4","ssp585",NA,7.77438142932922,27.9549957531841
"499",1334,"Guangxi","gfdl-esm4","ssp585",NA,5.52844560559912,29.0932181734999
"500",1335,"Guangxi","gfdl-esm4","ssp585",NA,10.1547456410682,29.5482892204734
"501",1336,"Guangxi","gfdl-esm4","ssp585",NA,3.55671813538796,28.4865774972098
"502",1337,"Guangxi","gfdl-esm4","ssp585",NA,2.43966268488201,26.523270345736
"503",1338,"Guangxi","gfdl-esm4","ssp585",NA,6.67811251833875,27.679724326254
"504",1339,"Guangxi","gfdl-esm4","ssp585",NA,2.67332668941355,28.4321655273438
"505",1340,"Guangxi","gfdl-esm4","ssp585",NA,11.0238458959995,27.6504284770549
"506",1341,"Guangxi","gfdl-esm4","ssp585",NA,0.0241956396978309,25.2400468072972
"507",1342,"Guangxi","gfdl-esm4","ssp585",NA,0.238507629059497,26.0864363469998
"508",1343,"Guangxi","gfdl-esm4","ssp585",NA,6.27268761601724,27.3778304925486
"509",1344,"Guangxi","gfdl-esm4","ssp585",NA,4.37800274980086,25.7511380748589
"510",1345,"Guangxi","gfdl-esm4","ssp585",NA,7.23290194064049,26.116997624245
"511",1346,"Guangxi","gfdl-esm4","ssp585",NA,4.81159521341901,20.8725502847624
"512",1347,"Guangxi","gfdl-esm4","ssp585",NA,4.86154705545637,18.507709407005
"513",1348,"Guangxi","gfdl-esm4","ssp585",NA,1.47405809248803,22.3801878344111
"514",1349,"Guangxi","gfdl-esm4","ssp585",NA,0.0162478865503613,15.7701921222591
"515",1350,"Guangxi","gfdl-esm4","ssp585",NA,0.688685499445463,18.7011616169906
"516",1351,"Guangxi","gfdl-esm4","ssp585",NA,2.14614728927486,19.2562932375099
"517",1352,"Guangxi","gfdl-esm4","ssp585",NA,0.568191344308532,14.7158236463531
"518",1353,"Guangxi","gfdl-esm4","ssp585",NA,0.00127670794450032,12.617167958492
"519",1354,"Guangxi","gfdl-esm4","ssp585",NA,0.240396743441835,12.628405966879
"520",1355,"Guangxi","gfdl-esm4","ssp585",NA,0.000782065490821274,13.2509590725939
"521",1356,"Guangxi","gfdl-esm4","ssp585",NA,5.72922009457514,12.6022979479878
"522",1357,"Guangxi","gfdl-esm4","ssp585",NA,0.665498950202928,9.95258824965535
"523",1358,"Guangxi","gfdl-esm4","ssp585",NA,0.665430305189377,10.973114116252
"524",1359,"Guangxi","gfdl-esm4","ssp585",NA,0.211509823982072,10.9254041142825
"525",1360,"Guangxi","gfdl-esm4","ssp585",NA,1.46092739386717,12.0626664362034
"526",1361,"Guangxi","gfdl-esm4","ssp585",NA,2.28063520851292,6.69410944065128
"527",1362,"Guangxi","gfdl-esm4","ssp585",NA,0.0135977298077323,10.6278052578454
"528",1363,"Guangxi","gfdl-esm4","ssp585",NA,0.735420523270791,14.9575230702633
"529",1364,"Guangxi","gfdl-esm4","ssp585",NA,1.05048367845094,10.9837714187238
"530",1365,"Guangxi","gfdl-esm4","ssp585",NA,1.74630196123986,12.520706407563
"531",1366,"Guangxi","gfdl-esm4","ssp585",NA,2.86585053315282,13.451635126707
"532",1367,"Guangxi","gfdl-esm4","ssp585",NA,2.2353454379573,12.7607243385636
"533",1368,"Guangxi","gfdl-esm4","ssp585",NA,0.772148941619324,18.5208436597295
"534",1369,"Guangxi","gfdl-esm4","ssp585",NA,9.59850864561029,16.0858428185728
"535",1370,"Guangxi","gfdl-esm4","ssp585",NA,15.3855829580126,14.3580665396041
"536",1371,"Guangxi","gfdl-esm4","ssp585",NA,1.56348055374294,19.4774191976596
"537",1372,"Guangxi","gfdl-esm4","ssp585",NA,1.5537232146536,18.9437696440881
"538",1373,"Guangxi","gfdl-esm4","ssp585",NA,6.14964388565507,20.2209400850184
"539",1374,"Guangxi","gfdl-esm4","ssp585",NA,7.88044858092094,21.57158197996
"540",1375,"Guangxi","gfdl-esm4","ssp585",NA,1.7367102497348,23.2309757521173
"541",1376,"Guangxi","gfdl-esm4","ssp585",NA,12.664823798838,23.1531084333148
"542",1377,"Guangxi","gfdl-esm4","ssp585",NA,6.74918513018452,24.1307437672335
"543",1378,"Guangxi","gfdl-esm4","ssp585",NA,1.67172615057258,24.8565931817063
"544",1379,"Guangxi","gfdl-esm4","ssp585",NA,5.76049552255488,25.967741894121
"545",1380,"Guangxi","gfdl-esm4","ssp585",NA,16.9332354510178,23.8588691775538
"546",1381,"Guangxi","gfdl-esm4","ssp585",NA,5.05775630413865,28.4889334542411
"547",1382,"Guangxi","gfdl-esm4","ssp585",NA,9.43655008604168,25.883298627068
"548",1383,"Guangxi","gfdl-esm4","ssp585",NA,1.10038844533296,26.9435259137835
"549",1384,"Guangxi","gfdl-esm4","ssp585",NA,0.632947349400913,26.8090436150046
"550",1385,"Guangxi","gfdl-esm4","ssp585",NA,3.02468393605186,28.9317446925059
"551",1386,"Guangxi","gfdl-esm4","ssp585",NA,8.26867054767152,28.7169710047105
"552",1387,"Guangxi","gfdl-esm4","ssp585",NA,6.89335093198235,28.8214924788275
"553",1388,"Guangxi","gfdl-esm4","ssp585",NA,7.68737747229573,28.205514346852
"554",1389,"Guangxi","gfdl-esm4","ssp585",NA,3.42351614140346,28.0851863059677
"555",1390,"Guangxi","gfdl-esm4","ssp585",NA,8.68335928672048,29.1254534040179
"556",1391,"Guangxi","gfdl-esm4","ssp585",NA,19.5549859745565,28.2587406959855
"557",1392,"Guangxi","gfdl-esm4","ssp585",NA,8.12911923522481,27.0422066311877
"558",1393,"Guangxi","gfdl-esm4","ssp585",NA,2.12262220147306,27.0636220210741
"559",1394,"Guangxi","gfdl-esm4","ssp585",NA,1.23239609319607,26.5977767816111
"560",1395,"Guangxi","gfdl-esm4","ssp585",NA,1.68375043957612,26.6029227633436
"561",1396,"Guangxi","gfdl-esm4","ssp585",NA,6.21788342645614,26.3041457745208
"562",1397,"Guangxi","gfdl-esm4","ssp585",NA,3.95045614608381,24.4722415186778
"563",1398,"Guangxi","gfdl-esm4","ssp585",NA,0.229833150709766,22.9947850331539
"564",1399,"Guangxi","gfdl-esm4","ssp585",NA,0.040821058222214,22.5349676052062
"565",1400,"Guangxi","gfdl-esm4","ssp585",NA,0.00419397889895701,21.4881642061122
"566",1401,"Guangxi","gfdl-esm4","ssp585",NA,0.00593835892235985,20.6236924115349
"567",1402,"Guangxi","gfdl-esm4","ssp585",NA,0.249930620260738,21.9223648199514
"568",1403,"Guangxi","gfdl-esm4","ssp585",NA,5.73817970480026,18.8045144986706
"569",1404,"Guangxi","gfdl-esm4","ssp585",NA,0.334035952926707,15.5100475150998
"570",1405,"Guangxi","gfdl-esm4","ssp585",NA,0.455496864217997,16.6725298200335
"571",1406,"Guangxi","gfdl-esm4","ssp585",NA,2.68504492447605,11.5066481133469
"572",1407,"Guangxi","gfdl-esm4","ssp585",NA,0.000383838409672398,12.0926887063419
"573",1408,"Guangxi","gfdl-esm4","ssp585",NA,0.0391773591467381,12.1847248494124
"574",1409,"Guangxi","gfdl-esm4","ssp585",NA,0.00100435844943918,11.3000512387572
"575",1410,"Guangxi","gfdl-esm4","ssp585",NA,0.0151853120524804,13.1277773560596
"576",1411,"Guangxi","gfdl-esm4","ssp585",NA,0.662620703369,12.6666499803046
"577",1412,"Guangxi","gfdl-esm4","ssp585",NA,0.109411035125103,12.4587563907399
"578",1413,"Guangxi","gfdl-esm4","ssp585",NA,0.914379510446574,11.8087236676898
"579",1414,"Guangxi","gfdl-esm4","ssp585",NA,1.91549634142055,12.1589776560038
"580",1415,"Guangxi","gfdl-esm4","ssp585",NA,1.497967085922,13.1008095108161
"581",1416,"Guangxi","gfdl-esm4","ssp585",NA,6.21509054088669,11.0346007787881
"582",1417,"Guangxi","gfdl-esm4","ssp585",NA,3.72871197890706,9.58000903730635
"583",1418,"Guangxi","gfdl-esm4","ssp585",NA,0.478461641674478,11.3049112784763
"584",1419,"Guangxi","gfdl-esm4","ssp585",NA,0.152911181605549,17.0014479180344
"585",1420,"Guangxi","gfdl-esm4","ssp585",NA,4.05189672136359,14.9344501912093
"586",1421,"Guangxi","gfdl-esm4","ssp585",NA,9.92891461332133,19.0399643841912
"587",1422,"Guangxi","gfdl-esm4","ssp585",NA,1.91121516475528,17.8893828063452
"588",1423,"Guangxi","gfdl-esm4","ssp585",NA,1.6970253105909,22.0559741621258
"589",1424,"Guangxi","gfdl-esm4","ssp585",NA,3.4084354922587,20.1086428345753
"590",1425,"Guangxi","gfdl-esm4","ssp585",NA,1.61029115285624,19.9882927902607
"591",1426,"Guangxi","gfdl-esm4","ssp585",NA,1.54971805097818,20.0054769564076
"592",1427,"Guangxi","gfdl-esm4","ssp585",NA,0.81225671219146,25.6284567953158
"593",1428,"Guangxi","gfdl-esm4","ssp585",NA,9.46503645528163,24.5307873124836
"594",1429,"Guangxi","gfdl-esm4","ssp585",NA,0.99990526743736,24.4308780445772
"595",1430,"Guangxi","gfdl-esm4","ssp585",NA,5.42641656998615,26.8379286822151
"596",1431,"Guangxi","gfdl-esm4","ssp585",NA,2.993205676988,25.8985906520812
"597",1432,"Guangxi","gfdl-esm4","ssp585",NA,5.65769130284392,26.802727861164
"598",1433,"Guangxi","gfdl-esm4","ssp585",NA,14.803295448736,27.2883421312861
"599",1434,"Guangxi","gfdl-esm4","ssp585",NA,4.87238428268671,29.4359199588039
"600",1435,"Guangxi","gfdl-esm4","ssp585",NA,0.640405189739848,28.1967091279872
"601",1436,"Guangxi","gfdl-esm4","ssp585",NA,2.80965246398715,29.0995075129661
"602",1437,"Guangxi","gfdl-esm4","ssp585",NA,24.6273234033514,27.2157428645286
"603",1438,"Guangxi","gfdl-esm4","ssp585",NA,22.4689810230062,28.350451352416
"604",1439,"Guangxi","gfdl-esm4","ssp585",NA,8.26225507028959,28.7145498067391
"605",1440,"Guangxi","gfdl-esm4","ssp585",NA,0.520685607920344,29.9212080242253
"606",1441,"Guangxi","gfdl-esm4","ssp585",NA,3.9027715524504,28.9497636554622
"607",1442,"Guangxi","gfdl-esm4","ssp585",NA,12.5888104319116,27.5444490320542
"608",1443,"Guangxi","gfdl-esm4","ssp585",NA,4.60439100650363,27.8259646632091
"609",1444,"Guangxi","gfdl-esm4","ssp585",NA,7.38278045113949,28.623348460478
"610",1445,"Guangxi","gfdl-esm4","ssp585",NA,4.36161688326818,27.6029091714811
"611",1446,"Guangxi","gfdl-esm4","ssp585",NA,4.07278526828298,28.2623549517463
"612",1447,"Guangxi","gfdl-esm4","ssp585",NA,1.70072046682611,24.2645440109638
"613",1448,"Guangxi","gfdl-esm4","ssp585",NA,4.37100114643367,26.4164150205981
"614",1449,"Guangxi","gfdl-esm4","ssp585",NA,0.201633277638623,24.7386844410616
"615",1450,"Guangxi","gfdl-esm4","ssp585",NA,0.097219017916359,24.4552700010669
"616",1451,"Guangxi","gfdl-esm4","ssp585",NA,2.25073078817354,23.3549477969899
"617",1452,"Guangxi","gfdl-esm4","ssp585",NA,0.160380958694673,24.1287993102515
"618",1453,"Guangxi","gfdl-esm4","ssp585",NA,2.55179994425442,24.819502989184
"619",1454,"Guangxi","gfdl-esm4","ssp585",NA,8.64226102083958,23.09492182371
"620",1455,"Guangxi","gfdl-esm4","ssp585",NA,0.28472517706376,20.0333012428604
"621",1456,"Guangxi","gfdl-esm4","ssp585",NA,0.00973587070871535,17.118940952846
"622",1457,"Guangxi","gfdl-esm4","ssp585",NA,0.00419528414155337,16.257311191078
"623",1458,"Guangxi","gfdl-esm4","ssp585",NA,2.92021022061023,14.1117513704701
"624",1459,"Guangxi","gfdl-esm4","ssp585",NA,0.0441310615769143,14.4836341665573
"625",1460,"Guangxi","gfdl-esm4","ssp585",NA,0.0276419427692196,14.8608183019302
"626",1461,"Guangxi","gfdl-esm4","ssp585",NA,0.0068815619233035,12.1373206387047
"627",1462,"Guangxi","gfdl-esm4","ssp585",NA,1.07607984847324,14.329212195132
"628",1463,"Guangxi","gfdl-esm4","ssp585",NA,0.0378656523927563,11.7387463481487
"629",1464,"Guangxi","gfdl-esm4","ssp585",NA,3.73853202504346,10.1429201270352
"630",1465,"Guangxi","gfdl-esm4","ssp585",NA,0.120037115242468,10.8057362275965
"631",1466,"Guangxi","gfdl-esm4","ssp585",NA,0.0422284050612024,10.932489116252
"632",1467,"Guangxi","gfdl-esm4","ssp585",NA,0.0626889066145796,9.22364240373886
"633",1468,"Guangxi","gfdl-esm4","ssp585",NA,0.698654447175208,14.3687023002561
"634",1469,"Guangxi","gfdl-esm4","ssp585",NA,2.75494280694094,15.0819595465139
"635",1470,"Guangxi","gfdl-esm4","ssp585",NA,1.98600885518699,10.6547910546055
"636",1471,"Guangxi","gfdl-esm4","ssp585",NA,5.80959544715324,15.3351638922171
"637",1472,"Guangxi","gfdl-esm4","ssp585",NA,3.08124875649687,15.7253715963925
"638",1473,"Guangxi","gfdl-esm4","ssp585",NA,2.31419595925026,18.1800198595063
"639",1474,"Guangxi","gfdl-esm4","ssp585",NA,6.50571438777439,14.5779440487133
"640",1475,"Guangxi","gfdl-esm4","ssp585",NA,5.72356333770249,16.8963990283614
"641",1476,"Guangxi","gfdl-esm4","ssp585",NA,0.162123658700074,16.1673005945542
"642",1477,"Guangxi","gfdl-esm4","ssp585",NA,0.039556446697875,22.0439815232734
"643",1478,"Guangxi","gfdl-esm4","ssp585",NA,0.728028824880862,23.6480507730436
"644",1479,"Guangxi","gfdl-esm4","ssp585",NA,1.03793785472055,23.5175011899291
"645",1480,"Guangxi","gfdl-esm4","ssp585",NA,0.142577097554566,27.882995861919
"646",1481,"Guangxi","gfdl-esm4","ssp585",NA,7.99822718034667,25.2746035792247
"647",1482,"Guangxi","gfdl-esm4","ssp585",NA,3.22342027224646,27.1374215262277
"648",1483,"Guangxi","gfdl-esm4","ssp585",NA,0.944743784748119,28.8794781340271
"649",1484,"Guangxi","gfdl-esm4","ssp585",NA,10.9838334592141,26.3738236627659
"650",1485,"Guangxi","gfdl-esm4","ssp585",NA,8.16845757828682,25.8528446998917
"651",1486,"Guangxi","gfdl-esm4","ssp585",NA,4.67920133485356,28.2758957293855
"652",1487,"Guangxi","gfdl-esm4","ssp585",NA,4.2115286779563,29.3190080915179
"653",1488,"Guangxi","gfdl-esm4","ssp585",NA,11.9070065286776,28.1226787150407
"654",1489,"Guangxi","gfdl-esm4","ssp585",NA,2.14890786620643,27.5658280572972
"655",1490,"Guangxi","gfdl-esm4","ssp585",NA,1.91880156822953,29.8475581834296
"656",1491,"Guangxi","gfdl-esm4","ssp585",NA,3.7880245557027,30.5411375927324
"657",1492,"Guangxi","gfdl-esm4","ssp585",NA,3.58698457858316,28.4168956596311
"658",1493,"Guangxi","gfdl-esm4","ssp585",NA,1.51371273068878,31.0701067756204
"659",1494,"Guangxi","gfdl-esm4","ssp585",NA,0.464185002604632,29.1908399052981
"660",1495,"Guangxi","gfdl-esm4","ssp585",NA,2.25177616059258,31.0170180889739
"661",1496,"Guangxi","gfdl-esm4","ssp585",NA,7.52433899929515,29.5320137600939
"662",1497,"Guangxi","gfdl-esm4","ssp585",NA,9.03683637060407,28.1783321605009
"663",1498,"Guangxi","gfdl-esm4","ssp585",NA,2.90065413054168,26.071858689765
"664",1499,"Guangxi","gfdl-esm4","ssp585",NA,0.808707334905469,27.395628190241
"665",1500,"Guangxi","gfdl-esm4","ssp585",NA,0.491266553229046,26.8995962447479
"666",1501,"Guangxi","gfdl-esm4","ssp585",NA,0.000866911080059353,25.7642814572118
"667",1502,"Guangxi","gfdl-esm4","ssp585",NA,0.00201047822112069,25.8984966887146
"668",1503,"Guangxi","gfdl-esm4","ssp585",NA,1.05374290233005,26.9307373046875
"669",1504,"Guangxi","gfdl-esm4","ssp585",NA,1.18513158622575,27.909679919331
"670",1505,"Guangxi","gfdl-esm4","ssp585",NA,3.09666245513287,24.2228002211627
"671",1506,"Guangxi","gfdl-esm4","ssp585",NA,1.57767360518587,27.4832811371619
"672",1507,"Guangxi","gfdl-esm4","ssp585",NA,16.1322032925091,17.6009072183561
"673",1508,"Guangxi","gfdl-esm4","ssp585",NA,1.45668195590473,22.9924637994847
"674",1509,"Guangxi","gfdl-esm4","ssp585",NA,0.508274520091794,13.2650057239693
"675",1510,"Guangxi","gfdl-esm4","ssp585",NA,0.643655414650992,16.7072029690783
"676",1511,"Guangxi","gfdl-esm4","ssp585",NA,2.71628628779489,13.981865224117
"677",1512,"Guangxi","gfdl-esm4","ssp585",NA,0.354873153023733,13.8739972795759
"678",1513,"Guangxi","gfdl-esm4","ssp585",NA,0.0857448359968986,14.3876945944394
"679",1514,"Guangxi","gfdl-esm4","ssp585",NA,2.52839246741973,14.9917905150342
"680",1515,"Guangxi","gfdl-esm4","ssp585",NA,1.04358798977963,14.6262244985885
"681",1516,"Guangxi","gfdl-esm4","ssp585",NA,0.123762450456211,9.86054348985691
"682",1517,"Guangxi","gfdl-esm4","ssp585",NA,0.00183643996490541,10.3660444500066
"683",1518,"Guangxi","gfdl-esm4","ssp585",NA,3.12672879115887,11.0193351681493
"684",1519,"Guangxi","gfdl-esm4","ssp585",NA,1.07594072593935,9.87001265838369
"685",1520,"Guangxi","gfdl-esm4","ssp585",NA,1.34821002726847,12.631370377741
"686",1521,"Guangxi","gfdl-esm4","ssp585",NA,3.52246354611399,9.17913290071891
"687",1522,"Guangxi","gfdl-esm4","ssp585",NA,2.97932467833584,9.46274752576814
"688",1523,"Guangxi","gfdl-esm4","ssp585",NA,2.75217623886909,19.5774140173648
"689",1524,"Guangxi","gfdl-esm4","ssp585",NA,3.56160959130801,11.095654296875
"690",1525,"Guangxi","gfdl-esm4","ssp585",NA,2.32700838929274,17.9209536255909
"691",1526,"Guangxi","gfdl-esm4","ssp585",NA,1.43604919252264,18.8474600655692
"692",1527,"Guangxi","gfdl-esm4","ssp585",NA,12.9601251839154,19.3236623555672
"693",1528,"Guangxi","gfdl-esm4","ssp585",NA,4.13252610224837,19.273467863708
"694",1529,"Guangxi","gfdl-esm4","ssp585",NA,4.00973295454391,17.816735019203
"695",1530,"Guangxi","gfdl-esm4","ssp585",NA,3.30198321438164,20.3502434225644
"696",1531,"Guangxi","gfdl-esm4","ssp585",NA,0.647756222670604,25.9804382324219
"697",1532,"Guangxi","gfdl-esm4","ssp585",NA,2.37553398096626,27.2755551634717
"698",1533,"Guangxi","gfdl-esm4","ssp585",NA,4.68212570729184,24.2239247554491
"699",1534,"Guangxi","gfdl-esm4","ssp585",NA,12.3616832609243,24.949723290195
"700",1535,"Guangxi","gfdl-esm4","ssp585",NA,9.00894775908898,26.1100981383765
"701",1536,"Guangxi","gfdl-esm4","ssp585",NA,13.2895719416447,26.4917785131631
"702",1537,"Guangxi","gfdl-esm4","ssp585",NA,3.77876631975611,27.2037685875132
"703",1538,"Guangxi","gfdl-esm4","ssp585",NA,2.74185641619273,27.5606111927193
"704",1539,"Guangxi","gfdl-esm4","ssp585",NA,10.8398943550837,28.9277902811515
"705",1540,"Guangxi","gfdl-esm4","ssp585",NA,11.2215556593791,28.6350590553605
"706",1541,"Guangxi","gfdl-esm4","ssp585",NA,9.00938951317539,28.7430491215041
"707",1542,"Guangxi","gfdl-esm4","ssp585",NA,6.37300670151772,28.2096917160419
"708",1543,"Guangxi","gfdl-esm4","ssp585",NA,6.72713044793233,29.4708493016347
"709",1544,"Guangxi","gfdl-esm4","ssp585",NA,8.93827974276584,28.0948012920989
"710",1545,"Guangxi","gfdl-esm4","ssp585",NA,4.81510598807886,27.2070115033318
"711",1546,"Guangxi","gfdl-esm4","ssp585",NA,6.61897655277725,28.7766428715041
"712",1547,"Guangxi","gfdl-esm4","ssp585",NA,8.15742568068949,28.6523563160616
"713",1548,"Guangxi","gfdl-esm4","ssp585",NA,5.6892551819426,29.6560338637408
"714",1549,"Guangxi","gfdl-esm4","ssp585",NA,8.22694494148891,29.2336600680311
"715",1550,"Guangxi","gfdl-esm4","ssp585",NA,6.14649034040063,26.2467587254629
"716",1551,"Guangxi","gfdl-esm4","ssp585",NA,2.13384753392661,25.4665859703256
"717",1552,"Guangxi","gfdl-esm4","ssp585",NA,2.36895774111375,26.6613768505449
"718",1553,"Guangxi","gfdl-esm4","ssp585",NA,5.14031601557117,27.5004464285714
"719",1554,"Guangxi","gfdl-esm4","ssp585",NA,4.25470766779967,26.6696958910518
"720",1555,"Guangxi","gfdl-esm4","ssp585",NA,1.36843244314593,22.9607852711397
"721",1556,"Guangxi","gfdl-esm4","ssp585",NA,8.52586339494008,23.8301849108784
"722",1557,"Guangxi","gfdl-esm4","ssp585",NA,2.11033288487945,23.3042733841584
"723",1558,"Guangxi","gfdl-esm4","ssp585",NA,0.377569926081875,18.1230948824843
"724",1559,"Guangxi","gfdl-esm4","ssp585",NA,0.175615037872628,16.6111171690356
"725",1560,"Guangxi","gfdl-esm4","ssp585",NA,6.40181134876239,15.8292091177291
"726",1561,"Guangxi","gfdl-esm4","ssp585",NA,0.660945738380469,16.5112005153624
"727",1562,"Guangxi","gfdl-esm4","ssp585",NA,0.002978780526255,12.5615619050355
"728",1563,"Guangxi","gfdl-esm4","ssp585",NA,0.0017559972025274,12.8017254484802
"729",1564,"Guangxi","gfdl-esm4","ssp585",NA,1.89137710888927,13.4024644354812
"730",1565,"Guangxi","gfdl-esm4","ssp585",NA,0.00175948602114628,10.893325677439
"731",1566,"Guangxi","gfdl-esm4","ssp585",NA,0.0176568003077874,10.922367589614
"732",1567,"Guangxi","gfdl-esm4","ssp585",NA,0.00223118894143586,8.39409543846838
"733",1568,"Guangxi","gfdl-esm4","ssp585",NA,2.52808161479511,9.4014992080817
"734",1569,"Guangxi","gfdl-esm4","ssp585",NA,2.0914045190007,7.89048415753023
"735",1570,"Guangxi","gfdl-esm4","ssp585",NA,0.00710843228590733,6.29868928284207
"736",1571,"Guangxi","gfdl-esm4","ssp585",NA,0.101907999781078,9.72896154067098
"737",1572,"Guangxi","gfdl-esm4","ssp585",NA,0.978858294623963,12.8669382303703
"738",1573,"Guangxi","gfdl-esm4","ssp585",NA,1.02182368956019,10.0655344730666
"739",1574,"Guangxi","gfdl-esm4","ssp585",NA,1.38942466852313,14.768324600348
"740",1575,"Guangxi","gfdl-esm4","ssp585",NA,1.34861390615819,14.7818164985721
"741",1576,"Guangxi","gfdl-esm4","ssp585",NA,1.07955620165801,14.6545055229123
"742",1577,"Guangxi","gfdl-esm4","ssp585",NA,0.0915127017425457,16.290464410862
"743",1578,"Guangxi","gfdl-esm4","ssp585",NA,0.562535535567147,16.5292677422532
"744",1579,"Guangxi","gfdl-esm4","ssp585",NA,1.6082888011962,17.8784289448201
"745",1580,"Guangxi","gfdl-esm4","ssp585",NA,1.45422701830384,23.4375011283811
"746",1581,"Guangxi","gfdl-esm4","ssp585",NA,2.43553904899234,22.6970358455883
"747",1582,"Guangxi","gfdl-esm4","ssp585",NA,4.5945515202509,22.6687927758994
"748",1583,"Guangxi","gfdl-esm4","ssp585",NA,6.11736353704627,21.9532516864168
"749",1584,"Guangxi","gfdl-esm4","ssp585",NA,1.44971714362266,25.0930612259553
"750",1585,"Guangxi","gfdl-esm4","ssp585",NA,8.89683068002341,22.6611339921711
"751",1586,"Guangxi","gfdl-esm4","ssp585",NA,4.72790747310109,24.0754280667345
"752",1587,"Guangxi","gfdl-esm4","ssp585",NA,1.76960109298444,27.564415067785
"753",1588,"Guangxi","gfdl-esm4","ssp585",NA,7.6287189631388,25.6738724396009
"754",1589,"Guangxi","gfdl-esm4","ssp585",NA,15.4826272514814,26.5741492006959
"755",1590,"Guangxi","gfdl-esm4","ssp585",NA,14.6577183991795,27.8472435702797
"756",1591,"Guangxi","gfdl-esm4","ssp585",NA,7.38814887517641,25.9856928977646
"757",1592,"Guangxi","gfdl-esm4","ssp585",NA,9.43579388361966,27.7436332638524
"758",1593,"Guangxi","gfdl-esm4","ssp585",NA,3.94606870829231,27.4395220588235
"759",1594,"Guangxi","gfdl-esm4","ssp585",NA,13.5000809600158,27.6452802898503
"760",1595,"Guangxi","gfdl-esm4","ssp585",NA,16.247503695345,28.2324603425355
"761",1596,"Guangxi","gfdl-esm4","ssp585",NA,7.65621624905638,28.3853340725939
"762",1597,"Guangxi","gfdl-esm4","ssp585",NA,7.78854733732252,26.5939475692621
"763",1598,"Guangxi","gfdl-esm4","ssp585",NA,7.16041465136729,28.1149643841912
"764",1599,"Guangxi","gfdl-esm4","ssp585",NA,2.76469513843193,29.0020363174567
"765",1600,"Guangxi","gfdl-esm4","ssp585",NA,5.22538920560585,28.7143089999672
"766",1601,"Guangxi","gfdl-esm4","ssp585",NA,9.16840728041493,28.7830014012441
"767",1602,"Guangxi","gfdl-esm4","ssp585",NA,0.795859899318057,27.6567608488708
"768",1603,"Guangxi","gfdl-esm4","ssp585",NA,0.925849590736305,26.2169984448858
"769",1604,"Guangxi","gfdl-esm4","ssp585",NA,8.11054188449915,25.6344515760406
"770",1605,"Guangxi","gfdl-esm4","ssp585",NA,2.42697041322946,26.4913211085216
"771",1606,"Guangxi","gfdl-esm4","ssp585",NA,2.37990527162001,26.673576342158
"772",1607,"Guangxi","gfdl-esm4","ssp585",NA,1.86193095830926,23.047545514788
"773",1608,"Guangxi","gfdl-esm4","ssp585",NA,9.69545391790983,21.2661715467437
"774",1609,"Guangxi","gfdl-esm4","ssp585",NA,3.84079308991754,19.8143346962809
"775",1610,"Guangxi","gfdl-esm4","ssp585",NA,0.030408237427703,18.2129562249705
"776",1611,"Guangxi","gfdl-esm4","ssp585",NA,1.16968359945363,20.5060791015625
"777",1612,"Guangxi","gfdl-esm4","ssp585",NA,1.24000461982659,20.6235952168954
"778",1613,"Guangxi","gfdl-esm4","ssp585",NA,0.217366508890443,13.9827390526523
"779",1614,"Guangxi","gfdl-esm4","ssp585",NA,0.761608709320729,13.8973682050946
"780",1615,"Guangxi","gfdl-esm4","ssp585",NA,0.681834095782559,15.3160487070805
"781",1616,"Guangxi","gfdl-esm4","ssp585",NA,0.00565257785118384,13.1602439559809
"782",1617,"Guangxi","gfdl-esm4","ssp585",NA,0.588423953756755,14.8330091460413
"783",1618,"Guangxi","gfdl-esm4","ssp585",NA,7.25269486154273,10.5318872275473
"784",1619,"Guangxi","gfdl-esm4","ssp585",NA,3.64841903019914,12.3926522391183
"785",1620,"Guangxi","gfdl-esm4","ssp585",NA,0.0890663819124153,8.40792082457985
"786",1621,"Guangxi","gfdl-esm4","ssp585",NA,0.179641696424766,11.8623421805246
"787",1622,"Guangxi","gfdl-esm4","ssp585",NA,0.00473259537438705,9.03485051002825
"788",1623,"Guangxi","gfdl-esm4","ssp585",NA,1.81825547704648,10.0084514201189
"789",1624,"Guangxi","gfdl-esm4","ssp585",NA,0.901722294227572,16.4388891909303
"790",1625,"Guangxi","gfdl-esm4","ssp585",NA,0.523318360355304,12.1964719115185
"791",1626,"Guangxi","gfdl-esm4","ssp585",NA,1.4086001307998,14.1954863219702
"792",1627,"Guangxi","gfdl-esm4","ssp585",NA,4.41151571660799,12.9541056144138
"793",1628,"Guangxi","gfdl-esm4","ssp585",NA,0.215489982071914,14.6487333922827
"794",1629,"Guangxi","gfdl-esm4","ssp585",NA,1.52750449596406,18.4592746253775
"795",1630,"Guangxi","gfdl-esm4","ssp585",NA,6.83893508348453,17.1235509022945
"796",1631,"Guangxi","gfdl-esm4","ssp585",NA,0.448194822548285,16.5300523261062
"797",1632,"Guangxi","gfdl-esm4","ssp585",NA,0.133340527595044,23.8853845420004
"798",1633,"Guangxi","gfdl-esm4","ssp585",NA,1.19795766564065,23.2505255178243
"799",1634,"Guangxi","gfdl-esm4","ssp585",NA,6.46574985833658,21.3958275033647
"800",1635,"Guangxi","gfdl-esm4","ssp585",NA,0.376376788413882,19.7008708537126
"801",1636,"Guangxi","gfdl-esm4","ssp585",NA,2.26385589652942,22.6078357343914
"802",1637,"Guangxi","gfdl-esm4","ssp585",NA,3.56282212796972,22.9424219980961
"803",1638,"Guangxi","gfdl-esm4","ssp585",NA,1.35171790214861,28.6967880633699
"804",1639,"Guangxi","gfdl-esm4","ssp585",NA,10.0076899899004,24.7320302241991
"805",1640,"Guangxi","gfdl-esm4","ssp585",NA,11.2886760006546,26.0174917012704
"806",1641,"Guangxi","gfdl-esm4","ssp585",NA,8.12537267960426,25.6897494788931
"807",1642,"Guangxi","gfdl-esm4","ssp585",NA,9.31831138732133,26.7669665424764
"808",1643,"Guangxi","gfdl-esm4","ssp585",NA,10.3915641757664,25.574572497456
"809",1644,"Guangxi","gfdl-esm4","ssp585",NA,7.57607709444307,27.8903552656414
"810",1645,"Guangxi","gfdl-esm4","ssp585",NA,4.71892999047049,27.9938970998556
"811",1646,"Guangxi","gfdl-esm4","ssp585",NA,22.4616262626268,27.4116082712382
"812",1647,"Guangxi","gfdl-esm4","ssp585",NA,1.0044576607366,28.340653158236
"813",1648,"Guangxi","gfdl-esm4","ssp585",NA,0.788847504228529,29.4357826553473
"814",1649,"Guangxi","gfdl-esm4","ssp585",NA,7.84717194176917,27.1113969562435
"815",1650,"Guangxi","gfdl-esm4","ssp585",NA,2.81088452046811,27.7015322901622
"816",1651,"Guangxi","gfdl-esm4","ssp585",NA,11.8091459701662,28.4151012260373
"817",1652,"Guangxi","gfdl-esm4","ssp585",NA,13.1395952397584,28.3039664132255
"818",1653,"Guangxi","gfdl-esm4","ssp585",NA,4.74508078619417,29.0128829314929
"819",1654,"Guangxi","gfdl-esm4","ssp585",NA,0.596487665306919,27.4239616842831
"820",1655,"Guangxi","gfdl-esm4","ssp585",NA,4.62782756473437,28.5482086438091
"821",1656,"Guangxi","gfdl-esm4","ssp585",NA,1.60857129432388,27.1812913910682
"822",1657,"Guangxi","gfdl-esm4","ssp585",NA,0.0357806468086548,25.6854466542477
"823",1658,"Guangxi","gfdl-esm4","ssp585",NA,1.17766715585207,23.5664495387999
"824",1659,"Guangxi","gfdl-esm4","ssp585",NA,0.217902176390904,24.1165881245076
"825",1660,"Guangxi","gfdl-esm4","ssp585",NA,0.67134507102432,22.0913188004694
"826",1661,"Guangxi","gfdl-esm4","ssp585",NA,2.14947918720948,26.0599166228992
"827",1662,"Guangxi","gfdl-esm4","ssp585",NA,3.4136046871462,23.4999344513196
"828",1663,"Guangxi","gfdl-esm4","ssp585",NA,1.74316676401659,18.8232957343094
"829",1664,"Guangxi","gfdl-esm4","ssp585",NA,0.407841893458619,16.9344429593127
"830",1665,"Guangxi","gfdl-esm4","ssp585",NA,0.00575863128428215,15.3064852161568
"831",1666,"Guangxi","gfdl-esm4","ssp585",NA,0.00654234559208687,17.238671875
"832",1667,"Guangxi","gfdl-esm4","ssp585",NA,0.00505564325540953,13.0509962578782
"833",1668,"Guangxi","gfdl-esm4","ssp585",NA,0.0728814274526569,15.005593487395
"834",1669,"Guangxi","gfdl-esm4","ssp585",NA,0.512565401627436,13.0816279050683
"835",1670,"Guangxi","gfdl-esm4","ssp585",NA,0.0720094747833043,13.2482120802423
"836",1671,"Guangxi","gfdl-esm4","ssp585",NA,0.575931664832507,15.4634079877068
"837",1672,"Guangxi","gfdl-esm4","ssp585",NA,0.919659919894331,14.0806832449777
"838",1673,"Guangxi","gfdl-esm4","ssp585",NA,1.90378453456021,15.7705979291131
"839",1674,"Guangxi","gfdl-esm4","ssp585",NA,0.0263648830786369,9.48790549911373
"840",1675,"Guangxi","gfdl-esm4","ssp585",NA,1.83109684604988,12.1861952324875
"841",1676,"Guangxi","gfdl-esm4","ssp585",NA,0.439082177502872,12.3310480710839
"842",1677,"Guangxi","gfdl-esm4","ssp585",NA,1.49421174708275,10.8388184106651
"843",1678,"Guangxi","gfdl-esm4","ssp585",NA,1.03972517673837,16.0444647780988
"844",1679,"Guangxi","gfdl-esm4","ssp585",NA,4.10412501627036,17.395219203404
"845",1680,"Guangxi","gfdl-esm4","ssp585",NA,4.74812162176526,11.1735640325466
"846",1681,"Guangxi","gfdl-esm4","ssp585",NA,1.51546235887203,21.3670043945313
"847",1682,"Guangxi","gfdl-esm4","ssp585",NA,3.38360803337776,17.1363585399981
"848",1683,"Guangxi","gfdl-esm4","ssp585",NA,1.14427607103523,18.4695345838531
"849",1684,"Guangxi","gfdl-esm4","ssp585",NA,8.72513283422511,20.1367428050322
"850",1685,"Guangxi","gfdl-esm4","ssp585",NA,6.3715159906261,19.5681438542214
"851",1686,"Guangxi","gfdl-esm4","ssp585",NA,5.75402114816641,20.7104963030134
"852",1687,"Guangxi","gfdl-esm4","ssp585",NA,6.38796453929456,23.1863989565553
"853",1688,"Guangxi","gfdl-esm4","ssp585",NA,2.99050774562594,23.351206598362
"854",1689,"Guangxi","gfdl-esm4","ssp585",NA,5.79716582131399,24.1850654153263
"855",1690,"Guangxi","gfdl-esm4","ssp585",NA,17.1544041887768,21.4031390021829
"856",1691,"Guangxi","gfdl-esm4","ssp585",NA,3.49926650986254,26.1260009765625
"857",1692,"Guangxi","gfdl-esm4","ssp585",NA,4.47086804800769,25.3787930015757
"858",1693,"Guangxi","gfdl-esm4","ssp585",NA,4.50185564405186,26.4616771024816
"859",1694,"Guangxi","gfdl-esm4","ssp585",NA,15.1151806996471,26.6736835896468
"860",1695,"Guangxi","gfdl-esm4","ssp585",NA,5.73500331558,26.7686329561122
"861",1696,"Guangxi","gfdl-esm4","ssp585",NA,6.71500607005733,28.1422304297696
"862",1697,"Guangxi","gfdl-esm4","ssp585",NA,36.6074686335691,26.7967223095293
"863",1698,"Guangxi","gfdl-esm4","ssp585",NA,8.33083057373347,27.8104787105272
"864",1699,"Guangxi","gfdl-esm4","ssp585",NA,3.45876653862815,29.5272664046087
"865",1700,"Guangxi","gfdl-esm4","ssp585",NA,3.53341429308204,28.3332718023733
"866",1701,"Guangxi","gfdl-esm4","ssp585",NA,1.38805727823637,28.5820709997867
"867",1702,"Guangxi","gfdl-esm4","ssp585",NA,0.909507958679592,29.3984721207819
"868",1703,"Guangxi","gfdl-esm4","ssp585",NA,1.56838456387967,27.3957457470293
"869",1704,"Guangxi","gfdl-esm4","ssp585",NA,6.99987815217944,27.8525515259815
"870",1705,"Guangxi","gfdl-esm4","ssp585",NA,9.94819366382048,28.7678199062828
"871",1706,"Guangxi","gfdl-esm4","ssp585",NA,11.1343704029025,26.7573497099035
"872",1707,"Guangxi","gfdl-esm4","ssp585",NA,1.47628323888179,27.6409763368238
"873",1708,"Guangxi","gfdl-esm4","ssp585",NA,1.78642254651592,27.7144007578618
"874",1709,"Guangxi","gfdl-esm4","ssp585",NA,0.232249808953483,25.86391052759
"875",1710,"Guangxi","gfdl-esm4","ssp585",NA,0.0197831732749219,24.3423481404281
"876",1711,"Guangxi","gfdl-esm4","ssp585",NA,0.022728993408695,23.8291487493435
"877",1712,"Guangxi","gfdl-esm4","ssp585",NA,0.0242499667457051,20.4345641064043
"878",1713,"Guangxi","gfdl-esm4","ssp585",NA,0.00786038344538136,20.5573482737822
"879",1714,"Guangxi","gfdl-esm4","ssp585",NA,0.168754775415223,22.0674547724363
"880",1715,"Guangxi","gfdl-esm4","ssp585",NA,0.118108319355607,20.4419522325532
"881",1716,"Guangxi","gfdl-esm4","ssp585",NA,0.211811787634697,19.1606026272814
"882",1717,"Guangxi","gfdl-esm4","ssp585",NA,0.899580242616705,20.9777836647354
"883",1718,"Guangxi","gfdl-esm4","ssp585",NA,0.00528340248384674,17.9242601410682
"884",1719,"Guangxi","gfdl-esm4","ssp585",NA,0.716931338550033,18.8678552451254
"885",1720,"Guangxi","gfdl-esm4","ssp585",NA,2.52650839626102,13.0934250775506
"886",1721,"Guangxi","gfdl-esm4","ssp585",NA,0.191345497021283,13.1384922572545
"887",1722,"Guangxi","gfdl-esm4","ssp585",NA,0.464014182527092,11.4674679026884
"888",1723,"Guangxi","gfdl-esm4","ssp585",NA,0.00294679484367782,9.74731322216388
"889",1724,"Guangxi","gfdl-esm4","ssp585",NA,0.430922333386867,10.210445987477
"890",1725,"Guangxi","gfdl-esm4","ssp585",NA,0.84278015756308,17.6682883895746
"891",1726,"Guangxi","gfdl-esm4","ssp585",NA,0.462755774342976,12.5328880502396
"892",1727,"Guangxi","gfdl-esm4","ssp585",NA,0.393551124421613,12.0880712172565
"893",1728,"Guangxi","gfdl-esm4","ssp585",NA,1.93650997206647,9.69372481658682
"894",1729,"Guangxi","gfdl-esm4","ssp585",NA,1.78276918079247,9.59410805582
"895",1730,"Guangxi","gfdl-esm4","ssp585",NA,1.16475022688057,12.3246594340862
"896",1731,"Guangxi","gfdl-esm4","ssp585",NA,1.49027975923795,15.0009997456014
"897",1732,"Guangxi","gfdl-esm4","ssp585",NA,1.80845203883239,11.373772731749
"898",1733,"Guangxi","gfdl-esm4","ssp585",NA,4.13868115201129,12.4290239093685
"899",1734,"Guangxi","gfdl-esm4","ssp585",NA,1.1494056800518,18.2011038131073
"900",1735,"Guangxi","gfdl-esm4","ssp585",NA,3.82918366244659,16.34519314806
"901",1736,"Guangxi","gfdl-esm4","ssp585",NA,3.24414120754349,13.3747170328092
"902",1737,"Guangxi","gfdl-esm4","ssp585",NA,5.45633889551684,15.7219240332852
"903",1738,"Guangxi","gfdl-esm4","ssp585",NA,4.01322090668245,21.9751495617779
"904",1739,"Guangxi","gfdl-esm4","ssp585",NA,3.11635233049573,23.1095365123589
"905",1740,"Guangxi","gfdl-esm4","ssp585",NA,6.56800781591943,23.3680116284795
"906",1741,"Guangxi","gfdl-esm4","ssp585",NA,2.44252790354093,26.4069157448136
"907",1742,"Guangxi","gfdl-esm4","ssp585",NA,5.86725944826982,27.1628524139148
"908",1743,"Guangxi","gfdl-esm4","ssp585",NA,13.2811371382748,24.5899580242253
"909",1744,"Guangxi","gfdl-esm4","ssp585",NA,6.42133519459262,27.4572874950762
"910",1745,"Guangxi","gfdl-esm4","ssp585",NA,17.1564497698438,26.2615330287389
"911",1746,"Guangxi","gfdl-esm4","ssp585",NA,15.8255281355891,27.0264926942457
"912",1747,"Guangxi","gfdl-esm4","ssp585",NA,6.62338401439175,28.8637582474396
"913",1748,"Guangxi","gfdl-esm4","ssp585",NA,10.4664016751186,29.0206493217404
"914",1749,"Guangxi","gfdl-esm4","ssp585",NA,13.3364472547239,28.7652366830521
"915",1750,"Guangxi","gfdl-esm4","ssp585",NA,14.5939187728323,28.9601017799698
"916",1751,"Guangxi","gfdl-esm4","ssp585",NA,8.58648951778148,28.0242236225545
"917",1752,"Guangxi","gfdl-esm4","ssp585",NA,7.0859056034007,29.0157457367713
"918",1753,"Guangxi","gfdl-esm4","ssp585",NA,8.85375636196933,26.7479791208476
"919",1754,"Guangxi","gfdl-esm4","ssp585",NA,6.89867060086245,28.3483257902771
"920",1755,"Guangxi","gfdl-esm4","ssp585",NA,1.71761176722115,28.0587297712054
"921",1756,"Guangxi","gfdl-esm4","ssp585",NA,8.01779744482319,28.4162038081835
"922",1757,"Guangxi","gfdl-esm4","ssp585",NA,5.99410599959352,28.6648581112133
"923",1758,"Guangxi","gfdl-esm4","ssp585",NA,5.4888291373869,28.8949425448891
"924",1759,"Guangxi","gfdl-esm4","ssp585",NA,4.13420437246477,28.1095844685531
"925",1760,"Guangxi","gfdl-esm4","ssp585",NA,1.8740476752117,29.0101217830883
"926",1761,"Guangxi","gfdl-esm4","ssp585",NA,0.0621170602953345,24.1149306353401
"927",1762,"Guangxi","gfdl-esm4","ssp585",NA,3.02417164106908,27.1581880970162
"928",1763,"Guangxi","gfdl-esm4","ssp585",NA,6.12998529339059,21.5986281451057
"929",1764,"Guangxi","gfdl-esm4","ssp585",NA,0.036696890726619,22.2636333561745
"930",1765,"Guangxi","gfdl-esm4","ssp585",NA,2.04887457696492,23.1665723271731
"931",1766,"Guangxi","gfdl-esm4","ssp585",NA,0.257052138831492,22.7144237358029
"932",1767,"Guangxi","gfdl-esm4","ssp585",NA,3.10329207301053,18.5977170799961
"933",1768,"Guangxi","gfdl-esm4","ssp585",NA,2.44649889000066,22.328263842158
"934",1769,"Guangxi","gfdl-esm4","ssp585",NA,1.19456675353885,17.5648461606322
"935",1770,"Guangxi","gfdl-esm4","ssp585",NA,0.239553821669107,17.8524676154642
"936",1771,"Guangxi","gfdl-esm4","ssp585",NA,0.0531743257765085,15.9713488666951
"937",1772,"Guangxi","gfdl-esm4","ssp585",NA,0.314600092845337,17.1193518374147
"938",1773,"Guangxi","gfdl-esm4","ssp585",NA,0.354940417185871,18.699866492007
"939",1774,"Guangxi","gfdl-esm4","ssp585",NA,1.23607372438062,16.8060973095293
"940",1775,"Guangxi","gfdl-esm4","ssp585",NA,1.31980626031408,9.55183238822875
"941",1776,"Guangxi","gfdl-esm4","ssp585",NA,2.6830890771578,11.6252863523339
"942",1777,"Guangxi","gfdl-esm4","ssp585",NA,1.00661362603709,11.1864933815323
"943",1778,"Guangxi","gfdl-esm4","ssp585",NA,0.00305875758454595,8.09579831932776
"944",1779,"Guangxi","gfdl-esm4","ssp585",NA,0.0169070966121351,11.8921868845195
"945",1780,"Guangxi","gfdl-esm4","ssp585",NA,0.794468491791627,14.1263651358981
"946",1781,"Guangxi","gfdl-esm4","ssp585",NA,1.42662501864895,15.3175619173451
"947",1782,"Guangxi","gfdl-esm4","ssp585",NA,1.27063103922288,17.9746797449449
"948",1783,"Guangxi","gfdl-esm4","ssp585",NA,1.91586608608266,19.1421177968258
"949",1784,"Guangxi","gfdl-esm4","ssp585",NA,9.61099893494547,11.5204311851694
"950",1785,"Guangxi","gfdl-esm4","ssp585",NA,0.619858644098438,10.9168293415999
"951",1786,"Guangxi","gfdl-esm4","ssp585",NA,0.4637543375417,13.9896108931854
"952",1787,"Guangxi","gfdl-esm4","ssp585",NA,0.666106371411407,18.0732040789949
"953",1788,"Guangxi","gfdl-esm4","ssp585",NA,2.37416793828284,16.8230704684218
"954",1789,"Guangxi","gfdl-esm4","ssp585",NA,0.630512400971728,22.3307971088826
"955",1790,"Guangxi","gfdl-esm4","ssp585",NA,3.25459724552871,23.594415078043
"956",1791,"Guangxi","gfdl-esm4","ssp585",NA,7.18925752235208,23.2796144116827
"957",1792,"Guangxi","gfdl-esm4","ssp585",NA,9.7555740422825,20.5970595928801
"958",1793,"Guangxi","gfdl-esm4","ssp585",NA,7.09625201114403,24.8278995289522
"959",1794,"Guangxi","gfdl-esm4","ssp585",NA,1.61450636429573,26.879941437024
"960",1795,"Guangxi","gfdl-esm4","ssp585",NA,7.29665792518246,27.4900712726497
"961",1796,"Guangxi","gfdl-esm4","ssp585",NA,33.3375939310608,26.5955116592536
"962",1797,"Guangxi","gfdl-esm4","ssp585",NA,9.41707714472224,24.4598558954832
"963",1798,"Guangxi","gfdl-esm4","ssp585",NA,10.0987839257074,27.3266702603893
"964",1799,"Guangxi","gfdl-esm4","ssp585",NA,0.750547101899215,28.1499996409697
"965",1800,"Guangxi","gfdl-esm4","ssp585",NA,5.14307598903542,29.1352764738708
"966",1801,"Guangxi","gfdl-esm4","ssp585",NA,5.53581798558971,29.3911711877134
"967",1802,"Guangxi","gfdl-esm4","ssp585",NA,11.0133366739307,29.3758085875952
"968",1803,"Guangxi","gfdl-esm4","ssp585",NA,9.70753928444186,29.1483303550913
"969",1804,"Guangxi","gfdl-esm4","ssp585",NA,15.2253137664993,27.6799767245766
"970",1805,"Guangxi","gfdl-esm4","ssp585",NA,4.42805921519163,29.0726937943146
"971",1806,"Guangxi","gfdl-esm4","ssp585",NA,17.7485980765765,27.7857000783712
"972",1807,"Guangxi","gfdl-esm4","ssp585",NA,3.82960248513829,29.1090088916426
"973",1808,"Guangxi","gfdl-esm4","ssp585",NA,24.1858725293973,27.9325983640527
"974",1809,"Guangxi","gfdl-esm4","ssp585",NA,20.8636749258065,27.7281294109441
"975",1810,"Guangxi","gfdl-esm4","ssp585",NA,1.90386359917857,28.6295618393842
"976",1811,"Guangxi","gfdl-esm4","ssp585",NA,18.2721528284915,26.1079850910091
"977",1812,"Guangxi","gfdl-esm4","ssp585",NA,6.90769614608632,27.0620197712874
"978",1813,"Guangxi","gfdl-esm4","ssp585",NA,2.84594747643664,26.986177280971
"979",1814,"Guangxi","gfdl-esm4","ssp585",NA,1.27895725532332,26.0183903541886
"980",1815,"Guangxi","gfdl-esm4","ssp585",NA,0.875444957409167,24.0750353901326
"981",1816,"Guangxi","gfdl-esm4","ssp585",NA,2.2895463988023,22.2918824780889
"982",1817,"Guangxi","gfdl-esm4","ssp585",NA,0.818467485949425,19.1521865972952
"983",1818,"Guangxi","gfdl-esm4","ssp585",NA,1.80017990111266,19.0203325031185
"984",1819,"Guangxi","gfdl-esm4","ssp585",NA,0.154754641370338,18.3925410935859
"985",1820,"Guangxi","gfdl-esm4","ssp585",NA,5.41999086358977,20.3941146722361
"986",1821,"Guangxi","gfdl-esm4","ssp585",NA,0.817406062802134,16.009934882156
"987",1822,"Guangxi","gfdl-esm4","ssp585",NA,0.280283860379963,18.5171688304228
"988",1823,"Guangxi","gfdl-esm4","ssp585",NA,0.183990468214092,15.7500825769761
"989",1824,"Guangxi","gfdl-esm4","ssp585",NA,0.00663781951928996,13.1333854611181
"990",1825,"Guangxi","gfdl-esm4","ssp585",NA,0.190607408325637,15.528589328798
"991",1826,"Guangxi","gfdl-esm4","ssp585",NA,0.000985617566087768,10.7268067944952
"992",1827,"Guangxi","gfdl-esm4","ssp585",NA,0.0217325558742614,10.4633883436187
"993",1828,"Guangxi","gfdl-esm4","ssp585",NA,2.0022577509995,12.2748662868468
"994",1829,"Guangxi","gfdl-esm4","ssp585",NA,0.33482985974873,9.64560116038605
"995",1830,"Guangxi","gfdl-esm4","ssp585",NA,1.18250455683344,8.53117957876512
"996",1831,"Guangxi","gfdl-esm4","ssp585",NA,0.947922240482803,11.493514476103
"997",1832,"Guangxi","gfdl-esm4","ssp585",NA,0.0996760210246601,10.8593132467831
"998",1833,"Guangxi","gfdl-esm4","ssp585",NA,2.96842738716438,14.726321539358
"999",1834,"Guangxi","gfdl-esm4","ssp585",NA,4.56007377871915,10.7490684188715
"1000",1835,"Guangxi","gfdl-esm4","ssp585",NA,2.62455629491411,12.3346796115908
"1001",1836,"Guangxi","gfdl-esm4","ssp585",NA,1.90417056618686,19.2542142980239
"1002",1837,"Guangxi","gfdl-esm4","ssp585",NA,1.11951179859097,11.3772177816439
"1003",1838,"Guangxi","gfdl-esm4","ssp585",NA,2.261923693739,17.4907786649816
"1004",1839,"Guangxi","gfdl-esm4","ssp585",NA,1.46181743472429,20.2454900661437
"1005",1840,"Guangxi","gfdl-esm4","ssp585",NA,4.64084231573257,16.0554207425158
"1006",1841,"Guangxi","gfdl-esm4","ssp585",NA,1.52793740929973,20.9049485150506
"1007",1842,"Guangxi","gfdl-esm4","ssp585",NA,3.58285290342922,20.1048743496422
"1008",1843,"Guangxi","gfdl-esm4","ssp585",NA,5.36238826827272,21.3801987591912
"1009",1844,"Guangxi","gfdl-esm4","ssp585",NA,1.34677063685168,23.8928427816439
"1010",1845,"Guangxi","gfdl-esm4","ssp585",NA,1.42071850556587,24.1833092953979
"1011",1846,"Guangxi","gfdl-esm4","ssp585",NA,4.91694736723118,23.3152340159697
"1012",1847,"Guangxi","gfdl-esm4","ssp585",NA,5.84819722711732,24.9843078613281
"1013",1848,"Guangxi","gfdl-esm4","ssp585",NA,1.44958386142413,27.5975650050059
"1014",1849,"Guangxi","gfdl-esm4","ssp585",NA,1.64189510857329,28.3281077152541
"1015",1850,"Guangxi","gfdl-esm4","ssp585",NA,1.5661076958221,29.0324336717109
"1016",1851,"Guangxi","gfdl-esm4","ssp585",NA,9.4023574644497,28.7752623485918
"1017",1852,"Guangxi","gfdl-esm4","ssp585",NA,8.50064526494013,29.1899184283088
"1018",1853,"Guangxi","gfdl-esm4","ssp585",NA,0.575293416374176,30.5696333684841
"1019",1854,"Guangxi","gfdl-esm4","ssp585",NA,2.72117411272533,31.906171833968
"1020",1855,"Guangxi","gfdl-esm4","ssp585",NA,10.3499415483298,29.0580950568704
"1021",1856,"Guangxi","gfdl-esm4","ssp585",NA,11.2384404207671,28.8000149254038
"1022",1857,"Guangxi","gfdl-esm4","ssp585",NA,12.6574742735603,28.9382846351431
"1023",1858,"Guangxi","gfdl-esm4","ssp585",NA,2.47112669931084,29.0088156820346
"1024",1859,"Guangxi","gfdl-esm4","ssp585",NA,2.95156653330073,29.1246609727876
"1025",1860,"Guangxi","gfdl-esm4","ssp585",NA,15.1956856863973,28.1233318937927
"1026",1861,"Guangxi","gfdl-esm4","ssp585",NA,4.45268508572997,27.0931251333541
"1027",1862,"Guangxi","gfdl-esm4","ssp585",NA,9.77722461386598,28.7376349954044
"1028",1863,"Guangxi","gfdl-esm4","ssp585",NA,6.18607644188343,28.9077144334296
"1029",1864,"Guangxi","gfdl-esm4","ssp585",NA,6.06431716157746,28.1946047486378
"1030",1865,"Guangxi","gfdl-esm4","ssp585",NA,8.07426467414555,27.3247837098707
"1031",1866,"Guangxi","gfdl-esm4","ssp585",NA,5.64087797359536,25.9195586388853
"1032",1867,"Guangxi","gfdl-esm4","ssp585",NA,0.528369466602967,23.0030263179491
"1033",1868,"Guangxi","gfdl-esm4","ssp585",NA,0.97295587338109,21.3783122086726
"1034",1869,"Guangxi","gfdl-esm4","ssp585",NA,2.25815283032961,20.6771127909172
"1035",1870,"Guangxi","gfdl-esm4","ssp585",NA,0.00757815522919976,19.4145026711857
"1036",1871,"Guangxi","gfdl-esm4","ssp585",NA,17.0426979058172,18.7127706575795
"1037",1872,"Guangxi","gfdl-esm4","ssp585",NA,0.0321594930989834,17.582785316275
"1038",1873,"Guangxi","gfdl-esm4","ssp585",NA,0.00300778532298008,14.2968612542674
"1039",1874,"Guangxi","gfdl-esm4","ssp585",NA,0.0402680889482242,14.9464790408351
"1040",1875,"Guangxi","gfdl-esm4","ssp585",NA,2.86073726127005,17.6744551458279
"1041",1876,"Guangxi","gfdl-esm4","ssp585",NA,0.150525011709195,13.7285974839155
"1042",1877,"Guangxi","gfdl-esm4","ssp585",NA,0.00749807268175191,13.2527539677981
"1043",1878,"Guangxi","gfdl-esm4","ssp585",NA,0.0129397599616708,12.0229988675158
"1044",1879,"Guangxi","gfdl-esm4","ssp585",NA,0.110983741929473,11.8744842272847
"1045",1880,"Guangxi","gfdl-esm4","ssp585",NA,1.10398216912143,16.2770998658253
"1046",1881,"Guangxi","gfdl-esm4","ssp585",NA,1.28371832783404,12.0210539489233
"1047",1882,"Guangxi","gfdl-esm4","ssp585",NA,7.28063153324085,11.66455072996
"1048",1883,"Guangxi","gfdl-esm4","ssp585",NA,1.69819731746009,15.0074393136161
"1049",1884,"Guangxi","gfdl-esm4","ssp585",NA,1.29617517430004,15.910506714893
"1050",1885,"Guangxi","gfdl-esm4","ssp585",NA,2.20270886266787,10.9576166745995
"1051",1886,"Guangxi","gfdl-esm4","ssp585",NA,2.47433759916846,10.6730289234835
"1052",1887,"Guangxi","gfdl-esm4","ssp585",NA,1.86224668750445,13.0929048938912
"1053",1888,"Guangxi","gfdl-esm4","ssp585",NA,0.911386678021738,15.1367364450663
"1054",1889,"Guangxi","gfdl-esm4","ssp585",NA,0.0762877212437466,13.0782730230764
"1055",1890,"Guangxi","gfdl-esm4","ssp585",NA,0.887575403717126,18.6162178616564
"1056",1891,"Guangxi","gfdl-esm4","ssp585",NA,1.41962591279946,20.6961098550749
"1057",1892,"Guangxi","gfdl-esm4","ssp585",NA,0.972625800087303,21.0900942505909
"1058",1893,"Guangxi","gfdl-esm4","ssp585",NA,0.505045688695332,23.5142282694328
"1059",1894,"Guangxi","gfdl-esm4","ssp585",NA,1.85437834878993,24.2503156389509
"1060",1895,"Guangxi","gfdl-esm4","ssp585",NA,2.05676023699901,23.6658718077075
"1061",1896,"Guangxi","gfdl-esm4","ssp585",NA,2.50721891265313,22.8400241370963
"1062",1897,"Guangxi","gfdl-esm4","ssp585",NA,2.59485083739293,25.7303661699055
"1063",1898,"Guangxi","gfdl-esm4","ssp585",NA,6.50120519557009,26.3424398470326
"1064",1899,"Guangxi","gfdl-esm4","ssp585",NA,5.11858810282113,24.4112349309841
"1065",1900,"Guangxi","gfdl-esm4","ssp585",NA,0.956061599314401,31.7065369678145
"1066",1901,"Guangxi","gfdl-esm4","ssp585",NA,7.56137740477847,29.0631241998753
"1067",1902,"Guangxi","gfdl-esm4","ssp585",NA,7.18999302958443,29.6077394629727
"1068",1903,"Guangxi","gfdl-esm4","ssp585",NA,6.15245621452698,27.3982533687303
"1069",1904,"Guangxi","gfdl-esm4","ssp585",NA,9.08093578670506,25.8762009051668
"1070",1905,"Guangxi","gfdl-esm4","ssp585",NA,3.4661967805934,29.3027384269138
"1071",1906,"Guangxi","gfdl-esm4","ssp585",NA,3.00384175409321,30.0924813406808
"1072",1907,"Guangxi","gfdl-esm4","ssp585",NA,10.9731498404241,28.178815056296
"1073",1908,"Guangxi","gfdl-esm4","ssp585",NA,10.0731930299448,28.0445048869157
"1074",1909,"Guangxi","gfdl-esm4","ssp585",NA,8.52673317781799,29.3215604894302
"1075",1910,"Guangxi","gfdl-esm4","ssp585",NA,6.6474745693573,28.6700332256926
"1076",1911,"Guangxi","gfdl-esm4","ssp585",NA,3.74213042254635,29.4024365336955
"1077",1912,"Guangxi","gfdl-esm4","ssp585",NA,10.4427449666633,27.997301425453
"1078",1913,"Guangxi","gfdl-esm4","ssp585",NA,10.1541838307959,28.4602047703847
"1079",1914,"Guangxi","gfdl-esm4","ssp585",NA,1.40759062608083,29.0280163163899
"1080",1915,"Guangxi","gfdl-esm4","ssp585",NA,0.471958175852813,29.2090146361279
"1081",1916,"Guangxi","gfdl-esm4","ssp585",NA,6.69520284978151,27.6204106178605
"1082",1917,"Guangxi","gfdl-esm4","ssp585",NA,7.96075531549335,26.3251717703683
"1083",1918,"Guangxi","gfdl-esm4","ssp585",NA,2.11487988185528,27.9528494698661
"1084",1919,"Guangxi","gfdl-esm4","ssp585",NA,0.714219755223711,24.6274719238281
"1085",1920,"Guangxi","gfdl-esm4","ssp585",NA,0.263832814573504,22.5564738297663
"1086",1921,"Guangxi","gfdl-esm4","ssp585",NA,2.50812780501689,25.5476026006106
"1087",1922,"Guangxi","gfdl-esm4","ssp585",NA,1.14255302389088,22.8422353536141
"1088",1923,"Guangxi","gfdl-esm4","ssp585",NA,0.0223645346613157,22.3272665584789
"1089",1924,"Guangxi","gfdl-esm4","ssp585",NA,0.563738504907106,18.8980292825138
"1090",1925,"Guangxi","gfdl-esm4","ssp585",NA,0.240019106556453,20.7299791864988
"1091",1926,"Guangxi","gfdl-esm4","ssp585",NA,3.72907256141492,21.4975406422335
"1092",1927,"Guangxi","gfdl-esm4","ssp585",NA,2.45974713172228,16.813555754333
"1093",1928,"Guangxi","gfdl-esm4","ssp585",NA,0.841484359746061,14.9478781307445
"1094",1929,"Guangxi","gfdl-esm4","ssp585",NA,3.27161698691286,13.9038882984835
"1095",1930,"Guangxi","gfdl-esm4","ssp585",NA,0.0197243352696748,10.8584780909434
"1096",1931,"Guangxi","gfdl-esm4","ssp585",NA,0.425247428235608,13.8723513819591
"1097",1932,"Guangxi","gfdl-esm4","ssp585",NA,5.3686107912611,11.4267747382156
"1098",1933,"Guangxi","gfdl-esm4","ssp585",NA,0.844551732162862,13.416345471294
"1099",1934,"Guangxi","gfdl-esm4","ssp585",NA,5.9438288467924,7.52344062869291
"1100",1935,"Guangxi","gfdl-esm4","ssp585",NA,0.470770739139123,11.3256165576582
"1101",1936,"Guangxi","gfdl-esm4","ssp585",NA,3.98638136008658,15.3792117848116
"1102",1937,"Guangxi","gfdl-esm4","ssp585",NA,2.56046537539842,17.5387322946757
"1103",1938,"Guangxi","gfdl-esm4","ssp585",NA,2.75732644823414,13.9559109727876
"1104",1939,"Guangxi","gfdl-esm4","ssp585",NA,5.24715196720237,8.59865517496063
"1105",1940,"Guangxi","gfdl-esm4","ssp585",NA,1.86347300217263,15.7533196970195
"1106",1941,"Guangxi","gfdl-esm4","ssp585",NA,0.820587941635196,16.9598482019761
"1107",1942,"Guangxi","gfdl-esm4","ssp585",NA,3.27796279613546,12.192357834247
"1108",1943,"Guangxi","gfdl-esm4","ssp585",NA,0.868418578997263,18.7846610445936
"1109",1944,"Guangxi","gfdl-esm4","ssp585",NA,1.66041331902352,20.4649243779543
"1110",1945,"Guangxi","gfdl-esm4","ssp585",NA,7.58950405929506,17.1476900501412
"1111",1946,"Guangxi","gfdl-esm4","ssp585",NA,0.158101193267635,19.4527369395024
"1112",1947,"Guangxi","gfdl-esm4","ssp585",NA,5.71566893131313,21.1098960555902
"1113",1948,"Guangxi","gfdl-esm4","ssp585",NA,3.4659477924728,22.4855044068409
"1114",1949,"Guangxi","gfdl-esm4","ssp585",NA,6.24320216692934,23.3296328760997
"1115",1950,"Guangxi","gfdl-esm4","ssp585",NA,9.6486757226553,23.3100213571757
"1116",1951,"Guangxi","gfdl-esm4","ssp585",NA,0.559079882475066,27.226490847804
"1117",1952,"Guangxi","gfdl-esm4","ssp585",NA,3.76729319505592,29.0708011915704
"1118",1953,"Guangxi","gfdl-esm4","ssp585",NA,10.9999472128017,28.0327830595129
"1119",1954,"Guangxi","gfdl-esm4","ssp585",NA,10.7700540263142,25.0773912445838
"1120",1955,"Guangxi","gfdl-esm4","ssp585",NA,5.11676433497645,27.1520076976103
"1121",1956,"Guangxi","gfdl-esm4","ssp585",NA,2.55001719959106,27.6618753385143
"1122",1957,"Guangxi","gfdl-esm4","ssp585",NA,10.8467390019763,27.3964663721934
"1123",1958,"Guangxi","gfdl-esm4","ssp585",NA,5.30618299773044,29.2325969792214
"1124",1959,"Guangxi","gfdl-esm4","ssp585",NA,7.74866319610309,28.039931661141
"1125",1960,"Guangxi","gfdl-esm4","ssp585",NA,8.77354434660615,28.1857556767825
"1126",1961,"Guangxi","gfdl-esm4","ssp585",NA,10.2481464000399,29.0987332897026
"1127",1962,"Guangxi","gfdl-esm4","ssp585",NA,2.94166454336884,29.3715279715402
"1128",1963,"Guangxi","gfdl-esm4","ssp585",NA,1.97729379842728,25.6254854090074
"1129",1964,"Guangxi","gfdl-esm4","ssp585",NA,3.00630720026308,28.5476834337251
"1130",1965,"Guangxi","gfdl-esm4","ssp585",NA,6.20610967982964,27.688818359375
"1131",1966,"Guangxi","gfdl-esm4","ssp585",NA,5.92696076487445,28.4930169113544
"1132",1967,"Guangxi","gfdl-esm4","ssp585",NA,5.47891415944511,26.7054552607176
"1133",1968,"Guangxi","gfdl-esm4","ssp585",NA,2.72660959676408,28.8288094143908
"1134",1969,"Guangxi","gfdl-esm4","ssp585",NA,7.7593656870684,28.2219453186548
"1135",1970,"Guangxi","gfdl-esm4","ssp585",NA,2.83517718650063,26.8578028574711
"1136",1971,"Guangxi","gfdl-esm4","ssp585",NA,0.767802414025142,24.8594176220293
"1137",1972,"Guangxi","gfdl-esm4","ssp585",NA,0.173398493351967,25.4062980074843
"1138",1973,"Guangxi","gfdl-esm4","ssp585",NA,0.31999183242919,21.1514512005974
"1139",1974,"Guangxi","gfdl-esm4","ssp585",NA,0.00306438410213459,19.9410335252265
"1140",1975,"Guangxi","gfdl-esm4","ssp585",NA,1.03782730601313,23.1519741026294
"1141",1976,"Guangxi","gfdl-esm4","ssp585",NA,2.20518174291781,20.7449007947906
"1142",1977,"Guangxi","gfdl-esm4","ssp585",NA,0.286359653398889,21.7248606449416
"1143",1978,"Guangxi","gfdl-esm4","ssp585",NA,1.86864177034906,14.2393355682117
"1144",1979,"Guangxi","gfdl-esm4","ssp585",NA,2.28130734477685,14.9035532206047
"1145",1980,"Guangxi","gfdl-esm4","ssp585",NA,0.268497266725954,13.5032277339647
"1146",1981,"Guangxi","gfdl-esm4","ssp585",NA,3.272437500527,14.7392049837513
"1147",1982,"Guangxi","gfdl-esm4","ssp585",NA,0.607260861427928,10.4512726599429
"1148",1983,"Guangxi","gfdl-esm4","ssp585",NA,0.142133578481035,15.2113896217667
"1149",1984,"Guangxi","gfdl-esm4","ssp585",NA,2.59211452395796,12.9880787568934
"1150",1985,"Guangxi","gfdl-esm4","ssp585",NA,0.00107282494033879,9.51840881860558
"1151",1986,"Guangxi","gfdl-esm4","ssp585",NA,2.5016146153071,14.9145533457524
"1152",1987,"Guangxi","gfdl-esm4","ssp585",NA,3.46991998314326,8.23327585428705
"1153",1988,"Guangxi","gfdl-esm4","ssp585",NA,2.38839194017838,9.78779614873295
"1154",1989,"Guangxi","gfdl-esm4","ssp585",NA,3.78737668011241,14.6400230087152
"1155",1990,"Guangxi","gfdl-esm4","ssp585",NA,3.3357617601124,9.98248111500462
"1156",1991,"Guangxi","gfdl-esm4","ssp585",NA,0.0958904429014084,14.2069670861509
"1157",1992,"Guangxi","gfdl-esm4","ssp585",NA,3.76053266848575,13.6599306250821
"1158",1993,"Guangxi","gfdl-esm4","ssp585",NA,3.54993977395259,11.2597139246324
"1159",1994,"Guangxi","gfdl-esm4","ssp585",NA,2.00861973019107,14.1338197852383
"1160",1995,"Guangxi","gfdl-esm4","ssp585",NA,1.32565868631648,17.1999352206703
"1161",1996,"Guangxi","gfdl-esm4","ssp585",NA,2.43906204061724,19.4964873498228
"1162",1997,"Guangxi","gfdl-esm4","ssp585",NA,2.71316012490075,19.0060553542706
"1163",1998,"Guangxi","gfdl-esm4","ssp585",NA,4.25622274756149,18.198821559874
"1164",1999,"Guangxi","gfdl-esm4","ssp585",NA,2.04149039405835,18.3383054076123
"1165",2000,"Guangxi","gfdl-esm4","ssp585",NA,1.1629860669634,23.3560661764706
"1166",2001,"Guangxi","gfdl-esm4","ssp585",NA,2.13827598469719,24.133397309119
"1167",2002,"Guangxi","gfdl-esm4","ssp585",NA,1.37433330701227,27.1808715307412
"1168",2003,"Guangxi","gfdl-esm4","ssp585",NA,4.31228515578942,26.4967532374278
"1169",2004,"Guangxi","gfdl-esm4","ssp585",NA,2.4665757809118,27.6849167767693
"1170",2005,"Guangxi","gfdl-esm4","ssp585",NA,2.63051230017489,29.1846687893908
"1171",2006,"Guangxi","gfdl-esm4","ssp585",NA,1.42672612688574,31.4932246360458
"1172",2007,"Guangxi","gfdl-esm4","ssp585",NA,6.08193438943571,29.293139084247
"1173",2008,"Guangxi","gfdl-esm4","ssp585",NA,4.1175584359692,29.1075886189437
"1174",2009,"Guangxi","gfdl-esm4","ssp585",NA,1.89028300460687,29.7995066923254
"1175",2010,"Guangxi","gfdl-esm4","ssp585",NA,0.856012683513402,30.583427672827
"1176",2011,"Guangxi","gfdl-esm4","ssp585",NA,1.11395201400427,32.077507621701
"1177",2012,"Guangxi","gfdl-esm4","ssp585",NA,11.432223487945,29.9293208274521
"1178",2013,"Guangxi","gfdl-esm4","ssp585",NA,6.50011717426461,28.735674894958
"1179",2014,"Guangxi","gfdl-esm4","ssp585",NA,6.5503826212361,28.9170199867056
"1180",2015,"Guangxi","gfdl-esm4","ssp585",NA,6.85798854486036,28.8704604717864
"1181",2016,"Guangxi","gfdl-esm4","ssp585",NA,15.7823302452585,27.4920091645057
"1182",2017,"Guangxi","gfdl-esm4","ssp585",NA,1.53563914268252,27.9507364224987
"1183",2018,"Guangxi","gfdl-esm4","ssp585",NA,1.96187267365179,28.7611260422138
"1184",2019,"Guangxi","gfdl-esm4","ssp585",NA,7.16718595569362,28.7758423364463
"1185",2020,"Guangxi","gfdl-esm4","ssp585",NA,6.18534985480758,28.4074284914161
"1186",2021,"Guangxi","gfdl-esm4","ssp585",NA,0.600369810020334,26.9813544265363
"1187",2022,"Guangxi","gfdl-esm4","ssp585",NA,4.17643410634267,25.7848780527836
"1188",2023,"Guangxi","gfdl-esm4","ssp585",NA,0.000375270263385809,23.7737838103992
"1189",2024,"Guangxi","gfdl-esm4","ssp585",NA,0.0237124951990681,22.7609878668264
"1190",2025,"Guangxi","gfdl-esm4","ssp585",NA,0.52060717894432,22.2906875738577
"1191",2026,"Guangxi","gfdl-esm4","ssp585",NA,3.3573913854123,21.9458676121816
"1192",2027,"Guangxi","gfdl-esm4","ssp585",NA,2.47719336804597,21.1963592272847
"1193",2028,"Guangxi","gfdl-esm4","ssp585",NA,0.0476812019506656,19.346021072003
"1194",2029,"Guangxi","gfdl-esm4","ssp585",NA,0.0108669544874638,21.1522457347197
"1195",2030,"Guangxi","gfdl-esm4","ssp585",NA,7.74212399867724,18.2601512235754
"1196",2031,"Guangxi","gfdl-esm4","ssp585",NA,1.12476435295825,22.5297681279543
"1197",2032,"Guangxi","gfdl-esm4","ssp585",NA,7.2853841995039,15.817106102695
"1198",2033,"Guangxi","gfdl-esm4","ssp585",NA,2.71870332832537,10.5917464055935
"1199",2034,"Guangxi","gfdl-esm4","ssp585",NA,0.00328691862927096,9.67131706686583
"1200",2035,"Guangxi","gfdl-esm4","ssp585",NA,0.174490479299845,12.9262829692424
"1201",2036,"Guangxi","gfdl-esm4","ssp585",NA,0.660246295579675,10.9856886406907
"1202",2037,"Guangxi","gfdl-esm4","ssp585",NA,3.87637896387458,12.8299768784467
"1203",2038,"Guangxi","gfdl-esm4","ssp585",NA,1.65859711802006,11.7717240533909
"1204",2039,"Guangxi","gfdl-esm4","ssp585",NA,2.10104548065271,11.7544804933692
"1205",2040,"Guangxi","gfdl-esm4","ssp585",NA,2.14634036700321,9.45861795890233
"1206",2041,"Guangxi","gfdl-esm4","ssp585",NA,0.103218723603934,8.9042559455423
"1207",2042,"Guangxi","gfdl-esm4","ssp585",NA,0.831664768764832,14.3753638515954
"1208",2043,"Guangxi","gfdl-esm4","ssp585",NA,5.51944433293499,14.824371696921
"1209",2044,"Guangxi","gfdl-esm4","ssp585",NA,5.41859770717198,9.52294737230832
"1210",2045,"Guangxi","gfdl-esm4","ssp585",NA,2.08477778832329,17.1680627646567
"1211",2046,"Guangxi","gfdl-esm4","ssp585",NA,8.89607132081773,15.0590998801865
"1212",2047,"Guangxi","gfdl-esm4","ssp585",NA,2.58529449986896,16.6836931501116
"1213",2048,"Guangxi","gfdl-esm4","ssp585",NA,1.42609194751893,14.6333956678375
"1214",2049,"Guangxi","gfdl-esm4","ssp585",NA,0.0794943674946128,20.0964002593225
"1215",2050,"Guangxi","gfdl-esm4","ssp585",NA,0.76498114100991,21.9563404756434
"1216",2051,"Guangxi","gfdl-esm4","ssp585",NA,3.2240785938221,21.6840249454274
"1217",2052,"Guangxi","gfdl-esm4","ssp585",NA,5.03688176584913,20.365760610885
"1218",2053,"Guangxi","gfdl-esm4","ssp585",NA,0.675025354163352,26.1640811182872
"1219",2054,"Guangxi","gfdl-esm4","ssp585",NA,2.22034427294426,26.5601492232636
"1220",2055,"Guangxi","gfdl-esm4","ssp585",NA,4.51940150677859,28.4503894453289
"1221",2056,"Guangxi","gfdl-esm4","ssp585",NA,7.80216399104308,25.912579243123
"1222",2057,"Guangxi","gfdl-esm4","ssp585",NA,9.29170880930588,28.305542453798
"1223",2058,"Guangxi","gfdl-esm4","ssp585",NA,7.56229181798907,27.1271278701911
"1224",2059,"Guangxi","gfdl-esm4","ssp585",NA,7.91207090302658,27.5235870617779
"1225",2060,"Guangxi","gfdl-esm4","ssp585",NA,2.53402214674458,28.6425143714713
"1226",2061,"Guangxi","gfdl-esm4","ssp585",NA,7.62294307985405,30.3161236418396
"1227",2062,"Guangxi","gfdl-esm4","ssp585",NA,7.00810382288305,29.7743039427685
"1228",2063,"Guangxi","gfdl-esm4","ssp585",NA,10.4956953567888,29.1205271488478
"1229",2064,"Guangxi","gfdl-esm4","ssp585",NA,5.04736788950698,29.5761665408351
"1230",2065,"Guangxi","gfdl-esm4","ssp585",NA,2.82192880972318,29.0628973439962
"1231",2066,"Guangxi","gfdl-esm4","ssp585",NA,4.01922316494348,29.3944685735623
"1232",2067,"Guangxi","gfdl-esm4","ssp585",NA,0.0678380489048055,30.6485074596245
"1233",2068,"Guangxi","gfdl-esm4","ssp585",NA,5.53030394560825,29.3323949477252
"1234",2069,"Guangxi","gfdl-esm4","ssp585",NA,0.686624407361774,28.2437824665999
"1235",2070,"Guangxi","gfdl-esm4","ssp585",NA,1.24817430769876,29.4789342030758
"1236",2071,"Guangxi","gfdl-esm4","ssp585",NA,5.17008695820214,29.7159698742779
"1237",2072,"Guangxi","gfdl-esm4","ssp585",NA,12.0663463342718,27.697919932133
"1238",2073,"Guangxi","gfdl-esm4","ssp585",NA,0.291583105470391,26.441618898536
"1239",2074,"Guangxi","gfdl-esm4","ssp585",NA,3.30484366673008,25.1454664214319
"1240",2075,"Guangxi","gfdl-esm4","ssp585",NA,0.159660628694134,24.8637257295497
"1241",2076,"Guangxi","gfdl-esm4","ssp585",NA,1.05202834470212,25.6319380559841
"1242",2077,"Guangxi","gfdl-esm4","ssp585",NA,4.09422079822258,24.0060526871882
"1243",2078,"Guangxi","gfdl-esm4","ssp585",NA,0.10577968211623,21.4429172035025
"1244",2079,"Guangxi","gfdl-esm4","ssp585",NA,1.65598782323699,22.9191407788702
"1245",2080,"Guangxi","gfdl-esm4","ssp585",NA,2.52342959745355,23.8989381421514
"1246",2081,"Guangxi","gfdl-esm4","ssp585",NA,1.13569125166738,21.0851188595556
"1247",2082,"Guangxi","gfdl-esm4","ssp585",NA,1.04554620272937,16.868764104763
"1248",2083,"Guangxi","gfdl-esm4","ssp585",NA,3.42141497337825,16.219218739742
"1249",2084,"Guangxi","gfdl-esm4","ssp585",NA,0.00707869779806733,15.1676266966748
"1250",2085,"Guangxi","gfdl-esm4","ssp585",NA,0.00828960824289707,14.9615242581408
"1251",2086,"Guangxi","gfdl-esm4","ssp585",NA,0.742001969846867,14.3409601804589
"1252",2087,"Guangxi","gfdl-esm4","ssp585",NA,0.493730759529882,16.5363174566702
"1253",2088,"Guangxi","gfdl-esm4","ssp585",NA,0.504625882230579,13.2086108808758
"1254",2089,"Guangxi","gfdl-esm4","ssp585",NA,3.24197655365088,18.4272531204865
"1255",2090,"Guangxi","gfdl-esm4","ssp585",NA,1.32693574519815,13.0813935095523
"1256",2091,"Guangxi","gfdl-esm4","ssp585",NA,1.34928142059384,12.9028018214122
"1257",2092,"Guangxi","gfdl-esm4","ssp585",NA,3.46701709260604,10.7159648991433
"1258",2093,"Guangxi","gfdl-esm4","ssp585",NA,0.304491101986579,11.1137167537914
"1259",2094,"Guangxi","gfdl-esm4","ssp585",NA,0.246984239185484,12.8267238584887
"1260",2095,"Guangxi","gfdl-esm4","ssp585",NA,0.0177915641914969,14.8117430614824
"1261",2096,"Guangxi","gfdl-esm4","ssp585",NA,1.26308540169489,13.6725507976628
"1262",2097,"Guangxi","gfdl-esm4","ssp585",NA,1.65854647822268,13.1169934697512
"1263",2098,"Guangxi","gfdl-esm4","ssp585",NA,1.7669446016262,15.0692558737362
"1264",2099,"Guangxi","gfdl-esm4","ssp585",NA,0.346471181478324,19.362138661617
"1265",2100,"Guangxi","gfdl-esm4","ssp585",NA,1.17462465592952,17.5461847898339
"1266",2101,"Guangxi","gfdl-esm4","ssp585",NA,10.5093479615277,18.5106139110918
"1267",2102,"Guangxi","gfdl-esm4","ssp585",NA,15.858744105533,19.1894037326845
"1268",2103,"Guangxi","gfdl-esm4","ssp585",NA,2.21200737841914,18.5897822019433
"1269",2104,"Guangxi","gfdl-esm4","ssp585",NA,7.48037642404215,21.5174565162979
"1270",2105,"Guangxi","gfdl-esm4","ssp585",NA,3.68282461554625,25.812244934595
"1271",2106,"Guangxi","gfdl-esm4","ssp585",NA,1.33532475311668,26.6149838231191
"1272",2107,"Guangxi","gfdl-esm4","ssp585",NA,3.70609546166932,26.7367196732209
"1273",2108,"Guangxi","gfdl-esm4","ssp585",NA,7.03123812981749,28.5849866851038
"1274",2109,"Guangxi","gfdl-esm4","ssp585",NA,6.44134993641013,28.4449567009421
"1275",2110,"Guangxi","gfdl-esm4","ssp585",NA,3.39251842208162,30.4913500873983
"1276",2111,"Guangxi","gfdl-esm4","ssp585",NA,12.634228149044,27.5812399984408
"1277",2112,"Guangxi","gfdl-esm4","ssp585",NA,8.98679851916298,27.6679966517857
"1278",2113,"Guangxi","gfdl-esm4","ssp585",NA,10.1967998659994,27.8290416557248
"1279",2114,"Guangxi","gfdl-esm4","ssp585",NA,1.51366249113938,27.0192951106224
"1280",2115,"Guangxi","gfdl-esm4","ssp585",NA,6.59948172026212,27.2000213366597
"1281",2116,"Guangxi","gfdl-esm4","ssp585",NA,4.46307905353207,28.5722413135176
"1282",2117,"Guangxi","gfdl-esm4","ssp585",NA,10.7496642216953,28.4539302024521
"1283",2118,"Guangxi","gfdl-esm4","ssp585",NA,8.85983407168826,28.0927394321987
"1284",2119,"Guangxi","gfdl-esm4","ssp585",NA,10.8377271225178,28.4465744916131
"1285",2120,"Guangxi","gfdl-esm4","ssp585",NA,6.46209374537174,28.9073435550978
"1286",2121,"Guangxi","gfdl-esm4","ssp585",NA,8.04750220524098,29.2335257393973
"1287",2122,"Guangxi","gfdl-esm4","ssp585",NA,1.79452185453189,29.1950827205883
"1288",2123,"Guangxi","gfdl-esm4","ssp585",NA,3.36740714601073,28.4483523585216
"1289",2124,"Guangxi","gfdl-esm4","ssp585",NA,0.241930739208909,27.5959242363938
"1290",2125,"Guangxi","gfdl-esm4","ssp585",NA,6.03756377469499,28.4595468216584
"1291",2126,"Guangxi","gfdl-esm4","ssp585",NA,5.80458546444192,25.3831970214844
"1292",2127,"Guangxi","gfdl-esm4","ssp585",NA,3.01287639781465,26.0173029026064
"1293",2128,"Guangxi","gfdl-esm4","ssp585",NA,4.37905001419021,26.5451066730403
"1294",2129,"Guangxi","gfdl-esm4","ssp585",NA,2.07212440378743,19.9564291561351
"1295",2130,"Guangxi","gfdl-esm4","ssp585",NA,6.78299558272036,19.6078301437763
"1296",2131,"Guangxi","gfdl-esm4","ssp585",NA,2.02584276410424,22.4850156639805
"1297",2132,"Guangxi","gfdl-esm4","ssp585",NA,4.84454405449156,23.9988885959658
"1298",2133,"Guangxi","gfdl-esm4","ssp585",NA,2.60726190722724,19.9386929552094
"1299",2134,"Guangxi","gfdl-esm4","ssp585",NA,0.259861805794312,19.2554120744978
"1300",2135,"Guangxi","gfdl-esm4","ssp585",NA,1.83402516573062,22.7909645401129
"1301",2136,"Guangxi","gfdl-esm4","ssp585",NA,2.545877393914,19.4002613740809
"1302",2137,"Guangxi","gfdl-esm4","ssp585",NA,0.716933770149388,16.2841118820575
"1303",2138,"Guangxi","gfdl-esm4","ssp585",NA,5.2253214172666,16.6703835880055
"1304",2139,"Guangxi","gfdl-esm4","ssp585",NA,1.78634715825246,17.4724340102252
"1305",2140,"Guangxi","gfdl-esm4","ssp585",NA,0.0348871007565107,12.7808489118304
"1306",2141,"Guangxi","gfdl-esm4","ssp585",NA,0.609989995690197,17.1451155975085
"1307",2142,"Guangxi","gfdl-esm4","ssp585",NA,0.678051792907782,11.9303141617976
"1308",2143,"Guangxi","gfdl-esm4","ssp585",NA,0.430597118207179,13.2783977091813
"1309",2144,"Guangxi","gfdl-esm4","ssp585",NA,3.31160841433578,13.6102027187829
"1310",2145,"Guangxi","gfdl-esm4","ssp585",NA,2.33578215241912,14.9820394564076
"1311",2146,"Guangxi","gfdl-esm4","ssp585",NA,2.13813206443721,10.4542279411765
"1312",2147,"Guangxi","gfdl-esm4","ssp585",NA,0.221797840323929,12.9718223764115
"1313",2148,"Guangxi","gfdl-esm4","ssp585",NA,1.42472222965272,14.8499311174665
"1314",2149,"Guangxi","gfdl-esm4","ssp585",NA,7.64788564916335,14.7063543239562
"1315",2150,"Guangxi","gfdl-esm4","ssp585",NA,2.23078369442276,14.4920794831605
"1316",2151,"Guangxi","gfdl-esm4","ssp585",NA,5.56851309385728,14.4264544318704
"1317",2152,"Guangxi","gfdl-esm4","ssp585",NA,2.48210167665949,18.7854903020779
"1318",2153,"Guangxi","gfdl-esm4","ssp585",NA,0.45369558398719,19.4917041425946
"1319",2154,"Guangxi","gfdl-esm4","ssp585",NA,2.41851971274268,18.5918442670037
"1320",2155,"Guangxi","gfdl-esm4","ssp585",NA,2.40658505554807,19.8792260434447
"1321",2156,"Guangxi","gfdl-esm4","ssp585",NA,0.548249214672764,21.9434753930869
"1322",2157,"Guangxi","gfdl-esm4","ssp585",NA,11.7460184566905,22.2869819705226
"1323",2158,"Guangxi","gfdl-esm4","ssp585",NA,2.7026331956928,25.4768709070543
"1324",2159,"Guangxi","gfdl-esm4","ssp585",NA,6.4680785044509,24.0099922244289
"1325",2160,"Guangxi","gfdl-esm4","ssp585",NA,2.49490802862805,25.2112696543461
"1326",2161,"Guangxi","gfdl-esm4","ssp585",NA,7.54160653442822,28.0685342740612
"1327",2162,"Guangxi","gfdl-esm4","ssp585",NA,4.76905495429606,28.911542927718
"1328",2163,"Guangxi","gfdl-esm4","ssp585",NA,11.3352897789244,27.7896052512802
"1329",2164,"Guangxi","gfdl-esm4","ssp585",NA,12.6116369500954,28.5569135906316
"1330",2165,"Guangxi","gfdl-esm4","ssp585",NA,5.53060092447725,28.5696729644006
"1331",2166,"Guangxi","gfdl-esm4","ssp585",NA,0.5549367333035,29.4193076253939
"1332",2167,"Guangxi","gfdl-esm4","ssp585",NA,9.40743746563018,28.5472225926504
"1333",2168,"Guangxi","gfdl-esm4","ssp585",NA,2.24509561352396,29.5243102001543
"1334",2169,"Guangxi","gfdl-esm4","ssp585",NA,19.8912841572447,28.927065963104
"1335",2170,"Guangxi","gfdl-esm4","ssp585",NA,14.0896120094821,28.7887676335183
"1336",2171,"Guangxi","gfdl-esm4","ssp585",NA,2.65540950351733,29.5723735392595
"1337",2172,"Guangxi","gfdl-esm4","ssp585",NA,18.6528886460212,28.7579509831277
"1338",2173,"Guangxi","gfdl-esm4","ssp585",NA,18.7660502536256,27.7366923356257
"1339",2174,"Guangxi","gfdl-esm4","ssp585",NA,5.44133182438218,28.7159115574941
"1340",2175,"Guangxi","gfdl-esm4","ssp585",NA,2.63718712009025,27.4554920356815
"1341",2176,"Guangxi","gfdl-esm4","ssp585",NA,1.22521820859915,27.1814528008469
"1342",2177,"Guangxi","gfdl-esm4","ssp585",NA,12.679685130875,26.623204232865
"1343",2178,"Guangxi","gfdl-esm4","ssp585",NA,0.345574433772488,26.6697025074679
"1344",2179,"Guangxi","gfdl-esm4","ssp585",NA,0.00153252935223379,21.7486190667674
"1345",2180,"Guangxi","gfdl-esm4","ssp585",NA,0.427966085014358,22.9995151551832
"1346",2181,"Guangxi","gfdl-esm4","ssp585",NA,0.063644239812025,23.0523172843356
"1347",2182,"Guangxi","gfdl-esm4","ssp585",NA,0.00196534774766084,22.0543731945904
"1348",2183,"Guangxi","gfdl-esm4","ssp585",NA,0.0312374199723714,20.8615293871455
"1349",2184,"Guangxi","gfdl-esm4","ssp585",NA,0.872640326109097,19.2660028024882
"1350",2185,"Guangxi","gfdl-esm4","ssp585",NA,0.00308666600390365,17.8690634847689
"1351",2186,"Guangxi","gfdl-esm4","ssp585",NA,0.0503348273880821,21.0539412298123
"1352",2187,"Guangxi","gfdl-esm4","ssp585",NA,0.163319039737787,18.4280001087349
"1353",2188,"Guangxi","gfdl-esm4","ssp585",NA,0.512958684057059,18.8470776469768
"1354",2189,"Guangxi","gfdl-esm4","ssp585",NA,0.0644172731363371,14.6082255387507
"1355",2190,"Guangxi","gfdl-esm4","ssp585",NA,0.000668625621112384,11.5484773523668
"1356",2191,"Guangxi","gfdl-esm4","ssp585",NA,0.000718735182778166,10.484575749245
"1357",2192,"Guangxi","gfdl-esm4","ssp585",NA,0.114835333103557,12.4812171743698
"1358",2193,"Guangxi","gfdl-esm4","ssp585",NA,0.620859514257529,11.2600555676372
"1359",2194,"Guangxi","gfdl-esm4","ssp585",NA,0.163732154095891,10.8498943425026
"1360",2195,"Guangxi","gfdl-esm4","ssp585",NA,0.652715306021782,12.6701037495076
"1361",2196,"Guangxi","gfdl-esm4","ssp585",NA,0.00228836221552939,12.8084653197217
"1362",2197,"Guangxi","gfdl-esm4","ssp585",NA,1.63645140276909,15.0178139053473
"1363",2198,"Guangxi","gfdl-esm4","ssp585",NA,0.935723249252177,13.8963836926372
"1364",2199,"Guangxi","gfdl-esm4","ssp585",NA,0.804188351937205,9.76886181230307
"1365",2200,"Guangxi","gfdl-esm4","ssp585",NA,2.78027699815837,16.0340686958377
"1366",2201,"Guangxi","gfdl-esm4","ssp585",NA,5.45384627345819,15.4769236332228
"1367",2202,"Guangxi","gfdl-esm4","ssp585",NA,2.62649660191314,10.0956972266446
"1368",2203,"Guangxi","gfdl-esm4","ssp585",NA,3.93328474364865,10.7229877888656
"1369",2204,"Guangxi","gfdl-esm4","ssp585",NA,0.38112304753958,14.8145109288833
"1370",2205,"Guangxi","gfdl-esm4","ssp585",NA,0.427832729897893,19.541216322955
"1371",2206,"Guangxi","gfdl-esm4","ssp585",NA,1.40851864131755,21.2364375779609
"1372",2207,"Guangxi","gfdl-esm4","ssp585",NA,0.693489395452765,22.1220320501248
"1373",2208,"Guangxi","gfdl-esm4","ssp585",NA,1.71430722658695,25.4953002929688
"1374",2209,"Guangxi","gfdl-esm4","ssp585",NA,1.99929985044228,26.600758425929
"1375",2210,"Guangxi","gfdl-esm4","ssp585",NA,2.07436565717033,25.7075392266282
"1376",2211,"Guangxi","gfdl-esm4","ssp585",NA,1.74935666742997,25.0012736344538
"1377",2212,"Guangxi","gfdl-esm4","ssp585",NA,2.12867172264033,28.3092915510931
"1378",2213,"Guangxi","gfdl-esm4","ssp585",NA,8.53909920848722,28.0720038405988
"1379",2214,"Guangxi","gfdl-esm4","ssp585",NA,5.26890095810569,28.0585301503414
"1380",2215,"Guangxi","gfdl-esm4","ssp585",NA,5.42936947043988,28.9075968253513
"1381",2216,"Guangxi","gfdl-esm4","ssp585",NA,9.51698516884209,27.2507195480732
"1382",2217,"Guangxi","gfdl-esm4","ssp585",NA,13.7232061955765,28.5412507898667
"1383",2218,"Guangxi","gfdl-esm4","ssp585",NA,2.07345136125245,28.8220482064896
"1384",2219,"Guangxi","gfdl-esm4","ssp585",NA,9.6910181096585,27.4806718585872
"1385",2220,"Guangxi","gfdl-esm4","ssp585",NA,2.79378707075241,29.1900250603171
"1386",2221,"Guangxi","gfdl-esm4","ssp585",NA,15.3235782775777,28.7591733275342
"1387",2222,"Guangxi","gfdl-esm4","ssp585",NA,8.15710564748716,28.2024150944558
"1388",2223,"Guangxi","gfdl-esm4","ssp585",NA,2.17010924744431,29.1171952960872
"1389",2224,"Guangxi","gfdl-esm4","ssp585",NA,23.1178540405613,28.068409228926
"1390",2225,"Guangxi","gfdl-esm4","ssp585",NA,8.17335176678874,29.7005046940651
"1391",2226,"Guangxi","gfdl-esm4","ssp585",NA,8.51720501448332,28.8741783847328
"1392",2227,"Guangxi","gfdl-esm4","ssp585",NA,3.98458079180028,29.5161951914555
"1393",2228,"Guangxi","gfdl-esm4","ssp585",NA,2.29068653497044,27.8841896377692
"1394",2229,"Guangxi","gfdl-esm4","ssp585",NA,3.48461193388229,27.8612982229025
"1395",2230,"Guangxi","gfdl-esm4","ssp585",NA,1.46549147602534,25.451470280495
"1396",2231,"Guangxi","gfdl-esm4","ssp585",NA,0.0192631912196864,25.5293731433003
"1397",2232,"Guangxi","gfdl-esm4","ssp585",NA,0.2916985596052,25.3093318650703
"1398",2233,"Guangxi","gfdl-esm4","ssp585",NA,0.178334871507563,25.335584829635
"1399",2234,"Guangxi","gfdl-esm4","ssp585",NA,3.48683976493382,21.1489179851628
"1400",2235,"Guangxi","gfdl-esm4","ssp585",NA,0.178258850226622,20.6039707215894
"1401",2236,"Guangxi","gfdl-esm4","ssp585",NA,0.34819622312713,21.8443335781579
"1402",2237,"Guangxi","gfdl-esm4","ssp585",NA,0.0487266834081784,19.9405670422466
"1403",2238,"Guangxi","gfdl-esm4","ssp585",NA,6.13379263732765,20.2969005937336
"1404",2239,"Guangxi","gfdl-esm4","ssp585",NA,1.9980272425592,20.564096146271
"1405",2240,"Guangxi","gfdl-esm4","ssp585",NA,0.527628849271148,14.8297788988643
"1406",2241,"Guangxi","gfdl-esm4","ssp585",NA,0.00571768939069045,13.8994390920431
"1407",2242,"Guangxi","gfdl-esm4","ssp585",NA,0.154136521514298,14.8565232733719
"1408",2243,"Guangxi","gfdl-esm4","ssp585",NA,0.339750239408884,17.8730118438977
"1409",2244,"Guangxi","gfdl-esm4","ssp585",NA,1.04767074872005,17.5439115123589
"1410",2245,"Guangxi","gfdl-esm4","ssp585",NA,8.0748207275494,14.2722176175158
"1411",2246,"Guangxi","gfdl-esm4","ssp585",NA,4.09719019633852,14.0622391901097
"1412",2247,"Guangxi","gfdl-esm4","ssp585",NA,2.66744161519394,7.59103126846444
"1413",2248,"Guangxi","gfdl-esm4","ssp585",NA,0.0136472705038491,12.0563067267923
"1414",2249,"Guangxi","gfdl-esm4","ssp585",NA,0.256624964122468,14.9795294753644
"1415",2250,"Guangxi","gfdl-esm4","ssp585",NA,0.0539441483014335,11.6521072515921
"1416",2251,"Guangxi","gfdl-esm4","ssp585",NA,1.01104311867406,9.57760014894632
"1417",2252,"Guangxi","gfdl-esm4","ssp585",NA,2.22223100477393,13.8916349523208
"1418",2253,"Guangxi","gfdl-esm4","ssp585",NA,0.853201936648673,11.1825169667477
"1419",2254,"Guangxi","gfdl-esm4","ssp585",NA,1.08390923530832,17.1332835477941
"1420",2255,"Guangxi","gfdl-esm4","ssp585",NA,0.0296766305207314,16.5786157431723
"1421",2256,"Guangxi","gfdl-esm4","ssp585",NA,0.668463461215881,16.6865482618829
"1422",2257,"Guangxi","gfdl-esm4","ssp585",NA,1.56992895552887,20.8842291311056
"1423",2258,"Guangxi","gfdl-esm4","ssp585",NA,3.11326637432325,19.5466534269958
"1424",2259,"Guangxi","gfdl-esm4","ssp585",NA,4.23364419347759,20.2855095871357
"1425",2260,"Guangxi","gfdl-esm4","ssp585",NA,0.335875637929577,24.7079707297958
"1426",2261,"Guangxi","gfdl-esm4","ssp585",NA,1.89775057355536,24.1036486713826
"1427",2262,"Guangxi","gfdl-esm4","ssp585",NA,1.66676188831461,27.0859521176635
"1428",2263,"Guangxi","gfdl-esm4","ssp585",NA,2.24697886681979,26.1101565577403
"1429",2264,"Guangxi","gfdl-esm4","ssp585",NA,5.10276933968974,26.5044513093323
"1430",2265,"Guangxi","gfdl-esm4","ssp585",NA,7.15992174114792,28.9824787556624
"1431",2266,"Guangxi","gfdl-esm4","ssp585",NA,8.44162983977468,26.82074651638
"1432",2267,"Guangxi","gfdl-esm4","ssp585",NA,11.3037897237372,26.1114069065126
"1433",2268,"Guangxi","gfdl-esm4","ssp585",NA,14.1999287216978,27.6111226057806
"1434",2269,"Guangxi","gfdl-esm4","ssp585",NA,11.9585968311394,28.7786041516216
"1435",2270,"Guangxi","gfdl-esm4","ssp585",NA,3.7609623600439,28.9350812639509
"1436",2271,"Guangxi","gfdl-esm4","ssp585",NA,12.2056128470762,29.0288297252495
"1437",2272,"Guangxi","gfdl-esm4","ssp585",NA,3.28598777961158,29.5744363736706
"1438",2273,"Guangxi","gfdl-esm4","ssp585",NA,3.08186656383097,30.3067259716387
"1439",2274,"Guangxi","gfdl-esm4","ssp585",NA,8.65577297338577,28.4855762641971
"1440",2275,"Guangxi","gfdl-esm4","ssp585",NA,7.34293635926643,29.2587121274291
"1441",2276,"Guangxi","gfdl-esm4","ssp585",NA,7.67494753570095,29.2537888470818
"1442",2277,"Guangxi","gfdl-esm4","ssp585",NA,4.78023104209997,29.4524665383732
"1443",2278,"Guangxi","gfdl-esm4","ssp585",NA,7.86331442951351,29.6070586901753
"1444",2279,"Guangxi","gfdl-esm4","ssp585",NA,13.299695179978,29.3072763651359
"1445",2280,"Guangxi","gfdl-esm4","ssp585",NA,11.8750961760889,28.0494459649094
"1446",2281,"Guangxi","gfdl-esm4","ssp585",NA,5.84450975915969,29.277868908794
"1447",2282,"Guangxi","gfdl-esm4","ssp585",NA,2.76471981262637,29.2404852346212
"1448",2283,"Guangxi","gfdl-esm4","ssp585",NA,2.18340101260535,28.7133914723116
"1449",2284,"Guangxi","gfdl-esm4","ssp585",NA,7.43789457121131,27.0431367761949
"1450",2285,"Guangxi","gfdl-esm4","ssp585",NA,0.441898036150931,26.4970799550289
"1451",2286,"Guangxi","gfdl-esm4","ssp585",NA,0.0125223680430174,20.2577987029773
"1452",2287,"Guangxi","gfdl-esm4","ssp585",NA,3.99752439823669,19.993148880646
"1453",2288,"Guangxi","gfdl-esm4","ssp585",NA,4.39756250848183,20.7787704339549
"1454",2289,"Guangxi","gfdl-esm4","ssp585",NA,0.00118588504908282,18.0421564695214
"1455",2290,"Guangxi","gfdl-esm4","ssp585",NA,0.0784223400291883,21.6467536990382
"1456",2291,"Guangxi","gfdl-esm4","ssp585",NA,0.962205648143064,23.5429794183298
"1457",2292,"Guangxi","gfdl-esm4","ssp585",NA,0.820526467193434,18.875360261292
"1458",2293,"Guangxi","gfdl-esm4","ssp585",NA,1.37418060561365,15.5511521796219
"1459",2294,"Guangxi","gfdl-esm4","ssp585",NA,3.62458138051822,15.7571322401031
"1460",2295,"Guangxi","gfdl-esm4","ssp585",NA,0.00178315952134577,12.1481095001477
"1461",2296,"Guangxi","gfdl-esm4","ssp585",NA,0.468953159710998,14.2878296924239
"1462",2297,"Guangxi","gfdl-esm4","ssp585",NA,0.190294766297858,11.3332469267004
"1463",2298,"Guangxi","gfdl-esm4","ssp585",NA,1.54278619238616,11.2689956793264
"1464",2299,"Guangxi","gfdl-esm4","ssp585",NA,1.86185712545783,11.3701897116269
"1465",2300,"Guangxi","gfdl-esm4","ssp585",NA,0.0183264488765692,10.5611531746488
"1466",2301,"Guangxi","gfdl-esm4","ssp585",NA,4.22539463821293,16.6014732040277
"1467",2302,"Guangxi","gfdl-esm4","ssp585",NA,2.58741982306215,20.6751402269893
"1468",2303,"Guangxi","gfdl-esm4","ssp585",NA,2.76550581832705,15.7798374720982
"1469",2304,"Guangxi","gfdl-esm4","ssp585",NA,2.18842977288186,18.3290222680869
"1470",2305,"Guangxi","gfdl-esm4","ssp585",NA,2.10562555658489,17.4766719529609
"1471",2306,"Guangxi","gfdl-esm4","ssp585",NA,7.66231585356985,15.6113066344702
"1472",2307,"Guangxi","gfdl-esm4","ssp585",NA,6.89084378599829,15.5218418153394
"1473",2308,"Guangxi","gfdl-esm4","ssp585",NA,4.56219205020158,18.938242218274
"1474",2309,"Guangxi","gfdl-esm4","ssp585",NA,7.34411511461871,17.8812608222
"1475",2310,"Guangxi","gfdl-esm4","ssp585",NA,3.23333480800874,17.3089041573661
"1476",2311,"Guangxi","gfdl-esm4","ssp585",NA,0.67798787824924,23.6721793551405
"1477",2312,"Guangxi","gfdl-esm4","ssp585",NA,0.841738390264873,22.3281385405725
"1478",2313,"Guangxi","gfdl-esm4","ssp585",NA,2.80622707622944,22.1801232089516
"1479",2314,"Guangxi","gfdl-esm4","ssp585",NA,2.43386078716225,27.2506759002429
"1480",2315,"Guangxi","gfdl-esm4","ssp585",NA,5.24136407700641,27.6847404415868
"1481",2316,"Guangxi","gfdl-esm4","ssp585",NA,5.24954602149699,28.1110131528197
"1482",2317,"Guangxi","gfdl-esm4","ssp585",NA,2.83666977853301,29.7531549020976
"1483",2318,"Guangxi","gfdl-esm4","ssp585",NA,3.83525255180276,30.3495872689897
"1484",2319,"Guangxi","gfdl-esm4","ssp585",NA,10.7286349125213,26.2975426938354
"1485",2320,"Guangxi","gfdl-esm4","ssp585",NA,15.4012892416053,26.5203988724396
"1486",2321,"Guangxi","gfdl-esm4","ssp585",NA,7.43597250540059,29.3287653562402
"1487",2322,"Guangxi","gfdl-esm4","ssp585",NA,15.2604911415213,27.5849938657104
"1488",2323,"Guangxi","gfdl-esm4","ssp585",NA,3.65500658268242,29.2944359018021
"1489",2324,"Guangxi","gfdl-esm4","ssp585",NA,15.9165356032053,29.1594760926832
"1490",2325,"Guangxi","gfdl-esm4","ssp585",NA,7.90405023473382,29.687086602219
"1491",2326,"Guangxi","gfdl-esm4","ssp585",NA,13.9180119182899,29.0466137797893
"1492",2327,"Guangxi","gfdl-esm4","ssp585",NA,3.5484797461258,30.8092183601957
"1493",2328,"Guangxi","gfdl-esm4","ssp585",NA,14.9152391866157,28.3196904543067
"1494",2329,"Guangxi","gfdl-esm4","ssp585",NA,0.357089395439296,27.3078638413373
"1495",2330,"Guangxi","gfdl-esm4","ssp585",NA,4.9846078875919,28.9037351976924
"1496",2331,"Guangxi","gfdl-esm4","ssp585",NA,3.97020228833944,27.8365639566374
"1497",2332,"Guangxi","gfdl-esm4","ssp585",NA,10.7079285320535,27.3143882943803
"1498",2333,"Guangxi","gfdl-esm4","ssp585",NA,11.136159012631,28.3624302968258
"1499",2334,"Guangxi","gfdl-esm4","ssp585",NA,0.246527253405804,27.1556426232603
"1500",2335,"Guangxi","gfdl-esm4","ssp585",NA,0.00100419712861894,25.1067854168035
"1501",2336,"Guangxi","gfdl-esm4","ssp585",NA,1.76176241371023,27.1342766769794
"1502",2337,"Guangxi","gfdl-esm4","ssp585",NA,4.26411398143462,24.8895492425486
"1503",2338,"Guangxi","gfdl-esm4","ssp585",NA,1.99458218899779,24.3385439063321
"1504",2339,"Guangxi","gfdl-esm4","ssp585",NA,2.12098271697831,22.6584657813321
"1505",2340,"Guangxi","gfdl-esm4","ssp585",NA,6.38019777841691,23.4842761127889
"1506",2341,"Guangxi","gfdl-esm4","ssp585",NA,8.84477669310484,18.7551080270976
"1507",2342,"Guangxi","gfdl-esm4","ssp585",NA,0.151756327471377,19.999792685629
"1508",2343,"Guangxi","gfdl-esm4","ssp585",NA,1.51519868841068,20.9343351476333
"1509",2344,"Guangxi","gfdl-esm4","ssp585",NA,0.566554670579787,18.9224887367056
"1510",2345,"Guangxi","gfdl-esm4","ssp585",NA,0.884425741074482,18.1759247595523
"1511",2346,"Guangxi","gfdl-esm4","ssp585",NA,0.444269232183378,17.2530719148011
"1512",2347,"Guangxi","gfdl-esm4","ssp585",NA,0.745211397891374,22.8602761148405
"1513",2348,"Guangxi","gfdl-esm4","ssp585",NA,3.21429749712189,14.5620357224921
"1514",2349,"Guangxi","gfdl-esm4","ssp585",NA,4.47680305934143,14.3808498350512
"1515",2350,"Guangxi","gfdl-esm4","ssp585",NA,0.926820849032511,15.4686952735196
"1516",2351,"Guangxi","gfdl-esm4","ssp585",NA,2.72310828023892,19.8038299304097
"1517",2352,"Guangxi","gfdl-esm4","ssp585",NA,6.17835068997331,10.8554254612001
"1518",2353,"Guangxi","gfdl-esm4","ssp585",NA,0.985649299966572,11.4700050674567
"1519",2354,"Guangxi","gfdl-esm4","ssp585",NA,0.0136709882632708,10.4125264143744
"1520",2355,"Guangxi","gfdl-esm4","ssp585",NA,4.66383826601081,14.7360138195904
"1521",2356,"Guangxi","gfdl-esm4","ssp585",NA,1.29993424433535,17.7474202132025
"1522",2357,"Guangxi","gfdl-esm4","ssp585",NA,3.91061311253609,14.5282146550026
"1523",2358,"Guangxi","gfdl-esm4","ssp585",NA,0.364620936495822,12.643276900604
"1524",2359,"Guangxi","gfdl-esm4","ssp585",NA,1.89355818001481,14.7972017688912
"1525",2360,"Guangxi","gfdl-esm4","ssp585",NA,3.20154130427343,17.9180432744387
"1526",2361,"Guangxi","gfdl-esm4","ssp585",NA,12.312042227533,18.074653843471
"1527",2362,"Guangxi","gfdl-esm4","ssp585",NA,1.27127171153809,21.8284488966485
"1528",2363,"Guangxi","gfdl-esm4","ssp585",NA,3.56995828817131,19.4502281381303
"1529",2364,"Guangxi","gfdl-esm4","ssp585",NA,1.02482946741956,22.1190652286305
"1530",2365,"Guangxi","gfdl-esm4","ssp585",NA,0.307650949087306,25.0942033527278
"1531",2366,"Guangxi","gfdl-esm4","ssp585",NA,2.62154223686578,26.8538524980305
"1532",2367,"Guangxi","gfdl-esm4","ssp585",NA,2.00812102290506,26.807003040474
"1533",2368,"Guangxi","gfdl-esm4","ssp585",NA,4.22191972245412,25.5482588054753
"1534",2369,"Guangxi","gfdl-esm4","ssp585",NA,4.19307838211865,25.0802097865514
"1535",2370,"Guangxi","gfdl-esm4","ssp585",NA,5.52147499483068,28.2985591087021
"1536",2371,"Guangxi","gfdl-esm4","ssp585",NA,2.35804114532752,31.3688082142037
"1537",2372,"Guangxi","gfdl-esm4","ssp585",NA,13.0089038810223,25.5569506733358
"1538",2373,"Guangxi","gfdl-esm4","ssp585",NA,2.67042312042752,27.673266037372
"1539",2374,"Guangxi","gfdl-esm4","ssp585",NA,5.75575077296416,29.8066280076484
"1540",2375,"Guangxi","gfdl-esm4","ssp585",NA,10.534098946845,27.8218686913242
"1541",2376,"Guangxi","gfdl-esm4","ssp585",NA,7.8454372669463,29.2191213399422
"1542",2377,"Guangxi","gfdl-esm4","ssp585",NA,7.65921256110461,27.246476784073
"1543",2378,"Guangxi","gfdl-esm4","ssp585",NA,2.48692267387885,29.208171684201
"1544",2379,"Guangxi","gfdl-esm4","ssp585",NA,1.50180235772541,30.8812642073431
"1545",2380,"Guangxi","gfdl-esm4","ssp585",NA,10.2661904357228,28.885871284549
"1546",2381,"Guangxi","gfdl-esm4","ssp585",NA,11.6072256450087,29.3871468680246
"1547",2382,"Guangxi","gfdl-esm4","ssp585",NA,9.14990007076689,29.1283462652639
"1548",2383,"Guangxi","gfdl-esm4","ssp585",NA,8.72086350475155,28.8337382853532
"1549",2384,"Guangxi","gfdl-esm4","ssp585",NA,5.91426219137561,27.161106757156
"1550",2385,"Guangxi","gfdl-esm4","ssp585",NA,5.38158809101677,28.2536423114168
"1551",2386,"Guangxi","gfdl-esm4","ssp585",NA,11.72601681136,27.1328436843488
"1552",2387,"Guangxi","gfdl-esm4","ssp585",NA,8.76396700544816,28.3114530675552
"1553",2388,"Guangxi","gfdl-esm4","ssp585",NA,6.23024276683465,25.8507727871422
"1554",2389,"Guangxi","gfdl-esm4","ssp585",NA,8.89863512965035,22.983445111443
"1555",2390,"Guangxi","gfdl-esm4","ssp585",NA,11.847721060218,23.0351038315717
"1556",2391,"Guangxi","gfdl-esm4","ssp585",NA,0.235270684523344,22.0329866810005
"1557",2392,"Guangxi","gfdl-esm4","ssp585",NA,0.124544730293075,21.9275252654773
"1558",2393,"Guangxi","gfdl-esm4","ssp585",NA,0.0626030496170963,18.966349779658
"1559",2394,"Guangxi","gfdl-esm4","ssp585",NA,2.38997190693142,19.324974970457
"1560",2395,"Guangxi","gfdl-esm4","ssp585",NA,0.0266460511370458,13.6214943765592
"1561",2396,"Guangxi","gfdl-esm4","ssp585",NA,0.0831692818958975,14.6484888413373
"1562",2397,"Guangxi","gfdl-esm4","ssp585",NA,0.000432560764162159,12.9584636784401
"1563",2398,"Guangxi","gfdl-esm4","ssp585",NA,0.968951241030948,15.6166397222952
"1564",2399,"Guangxi","gfdl-esm4","ssp585",NA,0.105322083723541,12.4039100454635
"1565",2400,"Guangxi","gfdl-esm4","ssp585",NA,0.0345836991991822,12.5590206883535
"1566",2401,"Guangxi","gfdl-esm4","ssp585",NA,0.0214995588698109,10.0278747558594
"1567",2402,"Guangxi","gfdl-esm4","ssp585",NA,0.312752788157609,10.8008112546777
"1568",2403,"Guangxi","gfdl-esm4","ssp585",NA,1.39183546204847,11.8048685538669
"1569",2404,"Guangxi","gfdl-esm4","ssp585",NA,5.59329590304109,13.5200409704898
"1570",2405,"Guangxi","gfdl-esm4","ssp585",NA,1.39651349255389,9.21842759076289
"1571",2406,"Guangxi","gfdl-esm4","ssp585",NA,5.35941812608679,14.540866986443
"1572",2407,"Guangxi","gfdl-esm4","ssp585",NA,1.30646240097549,12.520951625279
"1573",2408,"Guangxi","gfdl-esm4","ssp585",NA,1.38124616088249,10.8402684315914
"1574",2409,"Guangxi","gfdl-esm4","ssp585",NA,0.125602738563208,13.0075132738643
"1575",2410,"Guangxi","gfdl-esm4","ssp585",NA,0.350893906300776,9.01582513376447
"1576",2411,"Guangxi","gfdl-esm4","ssp585",NA,0.356486834524035,17.0451552960051
"1577",2412,"Guangxi","gfdl-esm4","ssp585",NA,7.21357576775525,16.9324566496521
"1578",2413,"Guangxi","gfdl-esm4","ssp585",NA,7.82313839187285,11.712127788127
"1579",2414,"Guangxi","gfdl-esm4","ssp585",NA,1.64803660162585,21.0650718368402
"1580",2415,"Guangxi","gfdl-esm4","ssp585",NA,4.9090592110496,19.7670490681624
"1581",2416,"Guangxi","gfdl-esm4","ssp585",NA,1.53158861036587,25.4625008206408
"1582",2417,"Guangxi","gfdl-esm4","ssp585",NA,4.11498539998847,21.8107893743435
"1583",2418,"Guangxi","gfdl-esm4","ssp585",NA,5.22373621574209,24.1236070136062
"1584",2419,"Guangxi","gfdl-esm4","ssp585",NA,6.34135317689157,25.1805221942293
"1585",2420,"Guangxi","gfdl-esm4","ssp585",NA,2.13418166013361,25.1247535000328
"1586",2421,"Guangxi","gfdl-esm4","ssp585",NA,4.12946167869098,27.5321833249902
"1587",2422,"Guangxi","gfdl-esm4","ssp585",NA,5.22873159257992,28.1109976119354
"1588",2423,"Guangxi","gfdl-esm4","ssp585",NA,4.71379768774951,28.9261656689043
"1589",2424,"Guangxi","gfdl-esm4","ssp585",NA,7.58350489556421,28.0001880806034
"1590",2425,"Guangxi","gfdl-esm4","ssp585",NA,6.83012195215147,28.0963705110951
"1591",2426,"Guangxi","gfdl-esm4","ssp585",NA,3.0537055225071,27.7782489680443
"1592",2427,"Guangxi","gfdl-esm4","ssp585",NA,3.42149297311741,30.1044039686187
"1593",2428,"Guangxi","gfdl-esm4","ssp585",NA,15.2911206070944,29.3577426429556
"1594",2429,"Guangxi","gfdl-esm4","ssp585",NA,1.34206774593622,30.4667320443803
"1595",2430,"Guangxi","gfdl-esm4","ssp585",NA,5.6641325791427,30.8847986557905
"1596",2431,"Guangxi","gfdl-esm4","ssp585",NA,4.84213765360735,29.289538830669
"1597",2432,"Guangxi","gfdl-esm4","ssp585",NA,5.97159911157415,28.8488157128086
"1598",2433,"Guangxi","gfdl-esm4","ssp585",NA,19.7404599781544,28.1172036563649
"1599",2434,"Guangxi","gfdl-esm4","ssp585",NA,6.28899365216943,28.4450756425617
"1600",2435,"Guangxi","gfdl-esm4","ssp585",NA,17.1021603885488,27.2536721109342
"1601",2436,"Guangxi","gfdl-esm4","ssp585",NA,1.76836057655374,27.7945531508502
"1602",2437,"Guangxi","gfdl-esm4","ssp585",NA,1.39566908553015,28.7373702361804
"1603",2438,"Guangxi","gfdl-esm4","ssp585",NA,7.90032519830698,28.3177674365645
"1604",2439,"Guangxi","gfdl-esm4","ssp585",NA,3.86105918416647,27.8935346330915
"1605",2440,"Guangxi","gfdl-esm4","ssp585",NA,2.08609683892201,29.3516245096672
"1606",2441,"Guangxi","gfdl-esm4","ssp585",NA,1.99832509040132,29.1761179178703
"1607",2442,"Guangxi","gfdl-esm4","ssp585",NA,15.5444594930176,20.5038439838826
"1608",2443,"Guangxi","gfdl-esm4","ssp585",NA,0.165889478704238,19.1850209981454
"1609",2444,"Guangxi","gfdl-esm4","ssp585",NA,0.00140634905023524,20.4557377150079
"1610",2445,"Guangxi","gfdl-esm4","ssp585",NA,0.0351508458526736,20.2810863847492
"1611",2446,"Guangxi","gfdl-esm4","ssp585",NA,0.00509506285297215,16.249716725069
"1612",2447,"Guangxi","gfdl-esm4","ssp585",NA,0.0563690692021027,18.5922933113675
"1613",2448,"Guangxi","gfdl-esm4","ssp585",NA,0,17.934480195887
"1614",2449,"Guangxi","gfdl-esm4","ssp585",NA,1.97689850333388,19.1137323972558
"1615",2450,"Guangxi","gfdl-esm4","ssp585",NA,3.4518760346416,15.5028603433561
"1616",2451,"Guangxi","gfdl-esm4","ssp585",NA,3.6195008566629,16.5440661005613
"1617",2452,"Guangxi","gfdl-esm4","ssp585",NA,3.36713590768463,13.3591223452272
"1618",2453,"Guangxi","gfdl-esm4","ssp585",NA,1.05917933440101,13.464459638836
"1619",2454,"Guangxi","gfdl-esm4","ssp585",NA,1.53472887849748,10.4200279941078
"1620",2455,"Guangxi","gfdl-esm4","ssp585",NA,1.55136348880882,9.11082486705622
"1621",2456,"Guangxi","gfdl-esm4","ssp585",NA,4.89247687700429,11.2158746286601
"1622",2457,"Guangxi","gfdl-esm4","ssp585",NA,1.99198957097738,15.5023679589023
"1623",2458,"Guangxi","gfdl-esm4","ssp585",NA,2.71469544212174,10.2841584534205
"1624",2459,"Guangxi","gfdl-esm4","ssp585",NA,0.0975716525178594,11.1409703871783
"1625",2460,"Guangxi","gfdl-esm4","ssp585",NA,3.90513220098688,14.8844885048746
"1626",2461,"Guangxi","gfdl-esm4","ssp585",NA,4.0675630852675,10.4076699649587
"1627",2462,"Guangxi","gfdl-esm4","ssp585",NA,3.43845084304748,14.7011975713137
"1628",2463,"Guangxi","gfdl-esm4","ssp585",NA,8.93801380184437,13.8241509445575
"1629",2464,"Guangxi","gfdl-esm4","ssp585",NA,2.05085504979412,16.4024103244814
"1630",2465,"Guangxi","gfdl-esm4","ssp585",NA,10.5238061463965,15.2491391991367
"1631",2466,"Guangxi","gfdl-esm4","ssp585",NA,3.69290336474379,19.3314183852252
"1632",2467,"Guangxi","gfdl-esm4","ssp585",NA,1.65339833588382,22.91506075819
"1633",2468,"Guangxi","gfdl-esm4","ssp585",NA,6.78114053669682,21.2140541397223
"1634",2469,"Guangxi","gfdl-esm4","ssp585",NA,4.51639895028403,23.6458220153296
"1635",2470,"Guangxi","gfdl-esm4","ssp585",NA,0.803504576108652,22.6013901654412
"1636",2471,"Guangxi","gfdl-esm4","ssp585",NA,5.28387892663091,25.0386430499935
"1637",2472,"Guangxi","gfdl-esm4","ssp585",NA,5.25233132023344,26.6518041274127
"1638",2473,"Guangxi","gfdl-esm4","ssp585",NA,6.13370525843034,28.5093806419052
"1639",2474,"Guangxi","gfdl-esm4","ssp585",NA,18.7156621375067,26.7208709460347
"1640",2475,"Guangxi","gfdl-esm4","ssp585",NA,12.3796686595927,26.8138611352744
"1641",2476,"Guangxi","gfdl-esm4","ssp585",NA,0.341806376341656,27.2065064502364
"1642",2477,"Guangxi","gfdl-esm4","ssp585",NA,1.22638926301186,28.3948495560334
"1643",2478,"Guangxi","gfdl-esm4","ssp585",NA,6.86181067746926,29.1874791762408
"1644",2479,"Guangxi","gfdl-esm4","ssp585",NA,9.63063959459806,28.9721602239529
"1645",2480,"Guangxi","gfdl-esm4","ssp585",NA,8.54215304687631,27.9809090750558
"1646",2481,"Guangxi","gfdl-esm4","ssp585",NA,0.842232658438401,29.1593548430114
"1647",2482,"Guangxi","gfdl-esm4","ssp585",NA,15.2762747561774,30.2116649467404
"1648",2483,"Guangxi","gfdl-esm4","ssp585",NA,28.8638375829044,27.5645291368501
"1649",2484,"Guangxi","gfdl-esm4","ssp585",NA,1.74436581752971,29.0195368919052
"1650",2485,"Guangxi","gfdl-esm4","ssp585",NA,6.85543028495549,28.1370694200532
"1651",2486,"Guangxi","gfdl-esm4","ssp585",NA,9.58459091579878,29.1663908629858
"1652",2487,"Guangxi","gfdl-esm4","ssp585",NA,15.8650577966916,27.3173203925125
"1653",2488,"Guangxi","gfdl-esm4","ssp585",NA,9.9088826872211,28.5904356884356
"1654",2489,"Guangxi","gfdl-esm4","ssp585",NA,3.02357850423153,29.5159767471442
"1655",2490,"Guangxi","gfdl-esm4","ssp585",NA,10.3359841370963,25.7825852338006
"1656",2491,"Guangxi","gfdl-esm4","ssp585",NA,3.81304424612058,28.0061173639378
"1657",2492,"Guangxi","gfdl-esm4","ssp585",NA,2.10782879715645,24.8457774955686
"1658",2493,"Guangxi","gfdl-esm4","ssp585",NA,2.26532124355203,23.1555022936909
"1659",2494,"Guangxi","gfdl-esm4","ssp585",NA,0.00945590623371214,22.017135389312
"1660",2495,"Guangxi","gfdl-esm4","ssp585",NA,7.1548918037676,23.6373796222591
"1661",2496,"Guangxi","gfdl-esm4","ssp585",NA,0.175466271549729,23.0483956986115
"1662",2497,"Guangxi","gfdl-esm4","ssp585",NA,0.521855826360372,19.9661819586233
"1663",2498,"Guangxi","gfdl-esm4","ssp585",NA,3.39369384775698,17.8629199629071
"1664",2499,"Guangxi","gfdl-esm4","ssp585",NA,2.02942904025918,19.7844612698595
"1665",2500,"Guangxi","gfdl-esm4","ssp585",NA,0.0499654955203995,17.869296854484
"1666",2501,"Guangxi","gfdl-esm4","ssp585",NA,0.583146841134049,17.4237647305016
"1667",2502,"Guangxi","gfdl-esm4","ssp585",NA,0.758345489994404,12.5248331534763
"1668",2503,"Guangxi","gfdl-esm4","ssp585",NA,0.00544509565273785,12.9115927303539
"1669",2504,"Guangxi","gfdl-esm4","ssp585",NA,0.113016781227188,15.3202225885472
"1670",2505,"Guangxi","gfdl-esm4","ssp585",NA,3.00638192376325,11.0789330234047
"1671",2506,"Guangxi","gfdl-esm4","ssp585",NA,0.22613215293408,10.8611853847985
"1672",2507,"Guangxi","gfdl-esm4","ssp585",NA,1.18478276348072,16.732927543576
"1673",2508,"Guangxi","gfdl-esm4","ssp585",NA,1.49940559675072,14.5051752683496
"1674",2509,"Guangxi","gfdl-esm4","ssp585",NA,0.000968984237230312,11.4321113137638
"1675",2510,"Guangxi","gfdl-esm4","ssp585",NA,1.77376341329975,14.8483301499311
"1676",2511,"Guangxi","gfdl-esm4","ssp585",NA,2.40482524799136,19.5102967847295
"1677",2512,"Guangxi","gfdl-esm4","ssp585",NA,0.203163673402497,13.5464036957557
"1678",2513,"Guangxi","gfdl-esm4","ssp585",NA,0.373940431597147,10.4779653340829
"1679",2514,"Guangxi","gfdl-esm4","ssp585",NA,0.213273783965098,15.3661442604386
"1680",2515,"Guangxi","gfdl-esm4","ssp585",NA,0.808736379966365,16.9773581625033
"1681",2516,"Guangxi","gfdl-esm4","ssp585",NA,5.46735835169991,15.0377703498392
"1682",2517,"Guangxi","gfdl-esm4","ssp585",NA,1.68354049982699,20.5811673717339
"1683",2518,"Guangxi","gfdl-esm4","ssp585",NA,1.96090525796734,21.5650684004071
"1684",2519,"Guangxi","gfdl-esm4","ssp585",NA,1.50770934971936,21.6696263417477
"1685",2520,"Guangxi","gfdl-esm4","ssp585",NA,0.75632529528095,23.2004706887638
"1686",2521,"Guangxi","gfdl-esm4","ssp585",NA,1.91511398486115,24.7954868348707
"1687",2522,"Guangxi","gfdl-esm4","ssp585",NA,2.22711655335071,23.3174008153066
"1688",2523,"Guangxi","gfdl-esm4","ssp585",NA,5.39267256290763,26.1762219340862
"1689",2524,"Guangxi","gfdl-esm4","ssp585",NA,2.40473241622911,25.0870450572808
"1690",2525,"Guangxi","gfdl-esm4","ssp585",NA,2.11899704473879,29.9851465561811
"1691",2526,"Guangxi","gfdl-esm4","ssp585",NA,1.90183280250769,29.7658549332819
"1692",2527,"Guangxi","gfdl-esm4","ssp585",NA,9.95061864162587,27.3654690782563
"1693",2528,"Guangxi","gfdl-esm4","ssp585",NA,13.1153539357691,27.5528449050519
"1694",2529,"Guangxi","gfdl-esm4","ssp585",NA,9.95721255797779,28.1145603724889
"1695",2530,"Guangxi","gfdl-esm4","ssp585",NA,0.758687563876655,29.4348552287126
"1696",2531,"Guangxi","gfdl-esm4","ssp585",NA,8.60369183879139,29.2638616481749
"1697",2532,"Guangxi","gfdl-esm4","ssp585",NA,4.37640764532078,29.6238789021468
"1698",2533,"Guangxi","gfdl-esm4","ssp585",NA,4.75607747565456,30.191907507632
"1699",2534,"Guangxi","gfdl-esm4","ssp585",NA,5.23779756615174,28.4970761595654
"1700",2535,"Guangxi","gfdl-esm4","ssp585",NA,5.98480280999575,28.8021606958213
"1701",2536,"Guangxi","gfdl-esm4","ssp585",NA,2.50826601235393,30.2219043891971
"1702",2537,"Guangxi","gfdl-esm4","ssp585",NA,12.5866059755239,28.8802565117844
"1703",2538,"Guangxi","gfdl-esm4","ssp585",NA,10.9576137714441,28.0879052426635
"1704",2539,"Guangxi","gfdl-esm4","ssp585",NA,7.04397189783379,27.7671850893678
"1705",2540,"Guangxi","gfdl-esm4","ssp585",NA,2.55334617415535,29.9507234461167
"1706",2541,"Guangxi","gfdl-esm4","ssp585",NA,3.31504400109553,29.1338847697282
"1707",2542,"Guangxi","gfdl-esm4","ssp585",NA,2.24481717869126,28.4978270971475
"1708",2543,"Guangxi","gfdl-esm4","ssp585",NA,2.2593357106546,28.9339836056493
"1709",2544,"Guangxi","gfdl-esm4","ssp585",NA,0.0247801530361763,28.0669224330357
"1710",2545,"Guangxi","gfdl-esm4","ssp585",NA,0.52774097178104,27.7541252072118
"1711",2546,"Guangxi","gfdl-esm4","ssp585",NA,0.28779930687823,26.8405518603926
"1712",2547,"Guangxi","gfdl-esm4","ssp585",NA,1.49505763064102,22.5726201930968
"1713",2548,"Guangxi","gfdl-esm4","ssp585",NA,0.00388446625076555,24.2586409881336
"1714",2549,"Guangxi","gfdl-esm4","ssp585",NA,1.60353763502528,22.2585129681756
"1715",2550,"Guangxi","gfdl-esm4","ssp585",NA,1.55589659629645,24.0941539091223
"1716",2551,"Guangxi","gfdl-esm4","ssp585",NA,1.27793550782004,23.8151572347689
"1717",2552,"Guangxi","gfdl-esm4","ssp585",NA,0.255689127384778,19.3224775554753
"1718",2553,"Guangxi","gfdl-esm4","ssp585",NA,0.524026137393799,19.5998811096705
"1719",2554,"Guangxi","gfdl-esm4","ssp585",NA,0.549718307138238,20.0740697011227
"1720",2555,"Guangxi","gfdl-esm4","ssp585",NA,0.356936593355485,15.5489802512802
"1721",2556,"Guangxi","gfdl-esm4","ssp585",NA,3.59723323976003,13.1461032899488
"1722",2557,"Guangxi","gfdl-esm4","ssp585",NA,0.00494999781276878,12.7535111114759
"1723",2558,"Guangxi","gfdl-esm4","ssp585",NA,0.350595878879466,15.8979281385406
"1724",2559,"Guangxi","gfdl-esm4","ssp585",NA,0.590028960366969,14.9318068560432
"1725",2560,"Guangxi","gfdl-esm4","ssp585",NA,1.19125695261107,13.1055314777278
"1726",2561,"Guangxi","gfdl-esm4","ssp585",NA,0.888076432639544,16.913892114463
"1727",2562,"Guangxi","gfdl-esm4","ssp585",NA,0.0473487215395919,10.578941999163
"1728",2563,"Guangxi","gfdl-esm4","ssp585",NA,2.19949535643567,13.3475928042115
"1729",2564,"Guangxi","gfdl-esm4","ssp585",NA,0.219100983894725,12.3051211060596
"1730",2565,"Guangxi","gfdl-esm4","ssp585",NA,0.708353723777936,17.5659264316078
"1731",2566,"Guangxi","gfdl-esm4","ssp585",NA,3.50830271487303,15.6722022305016
"1732",2567,"Guangxi","gfdl-esm4","ssp585",NA,2.27339542469466,21.0413072602088
"1733",2568,"Guangxi","gfdl-esm4","ssp585",NA,1.80222780875211,16.3185018074613
"1734",2569,"Guangxi","gfdl-esm4","ssp585",NA,1.18798320726631,22.7362981716124
"1735",2570,"Guangxi","gfdl-esm4","ssp585",NA,1.48698301134695,24.7860376181723
"1736",2571,"Guangxi","gfdl-esm4","ssp585",NA,6.97107075511805,20.3693748153559
"1737",2572,"Guangxi","gfdl-esm4","ssp585",NA,0.520668517587366,21.0042725635176
"1738",2573,"Guangxi","gfdl-esm4","ssp585",NA,2.26182299969985,24.8059431316472
"1739",2574,"Guangxi","gfdl-esm4","ssp585",NA,1.05632136666063,25.0816180060892
"1740",2575,"Guangxi","gfdl-esm4","ssp585",NA,14.6105795927418,22.425526184595
"1741",2576,"Guangxi","gfdl-esm4","ssp585",NA,6.58872034472116,25.0419731588925
"1742",2577,"Guangxi","gfdl-esm4","ssp585",NA,2.02912088840461,27.0088841542477
"1743",2578,"Guangxi","gfdl-esm4","ssp585",NA,4.91235790819533,29.2491714092864
"1744",2579,"Guangxi","gfdl-esm4","ssp585",NA,7.44286938111382,27.4413735782399
"1745",2580,"Guangxi","gfdl-esm4","ssp585",NA,3.93922440794567,26.9454790900736
"1746",2581,"Guangxi","gfdl-esm4","ssp585",NA,3.79628088662341,30.0796750878086
"1747",2582,"Guangxi","gfdl-esm4","ssp585",NA,14.2942752057032,29.7350820845917
"1748",2583,"Guangxi","gfdl-esm4","ssp585",NA,19.0380010804826,28.4944496475348
"1749",2584,"Guangxi","gfdl-esm4","ssp585",NA,13.6460219257852,29.1325088116301
"1750",2585,"Guangxi","gfdl-esm4","ssp585",NA,3.01583411418681,30.778910558364
"1751",2586,"Guangxi","gfdl-esm4","ssp585",NA,7.86721359179054,30.3672280704274
"1752",2587,"Guangxi","gfdl-esm4","ssp585",NA,4.40082487846361,30.2421515969669
"1753",2588,"Guangxi","gfdl-esm4","ssp585",NA,2.97749223576615,30.0988286891905
"1754",2589,"Guangxi","gfdl-esm4","ssp585",NA,0.0738863125554738,29.7234913032596
"1755",2590,"Guangxi","gfdl-esm4","ssp585",NA,10.2988262492947,29.5949818330653
"1756",2591,"Guangxi","gfdl-esm4","ssp585",NA,7.17085775114868,28.5841835342536
"1757",2592,"Guangxi","gfdl-esm4","ssp585",NA,21.2408749565039,28.8619826372932
"1758",2593,"Guangxi","gfdl-esm4","ssp585",NA,2.70068122466359,29.395250644203
"1759",2594,"Guangxi","gfdl-esm4","ssp585",NA,7.41789616268111,28.6911397982045
"1760",2595,"Guangxi","gfdl-esm4","ssp585",NA,16.0188442352864,28.4031497218028
"1761",2596,"Guangxi","gfdl-esm4","ssp585",NA,1.5618583663333,29.1086639660747
"1762",2597,"Guangxi","gfdl-esm4","ssp585",NA,1.65435009121593,23.9205870556231
"1763",2598,"Guangxi","gfdl-esm4","ssp585",NA,3.22969338095047,25.7249859465271
"1764",2599,"Guangxi","gfdl-esm4","ssp585",NA,0.0807947287329388,21.9449969123392
"1765",2600,"Guangxi","gfdl-esm4","ssp585",NA,0.0604703394260048,21.5902695599724
"1766",2601,"Guangxi","gfdl-esm4","ssp585",NA,0.240046728124545,23.022763702649
"1767",2602,"Guangxi","gfdl-esm4","ssp585",NA,0.0361105685216226,19.7324569573924
"1768",2603,"Guangxi","gfdl-esm4","ssp585",NA,5.32157692951436,20.8253170750722
"1769",2604,"Guangxi","gfdl-esm4","ssp585",NA,3.40490498018139,18.0253517471442
"1770",2605,"Guangxi","gfdl-esm4","ssp585",NA,0.821241863735192,18.8195702304359
"1771",2606,"Guangxi","gfdl-esm4","ssp585",NA,13.346356029408,17.1145778111049
"1772",2607,"Guangxi","gfdl-esm4","ssp585",NA,1.3130177237149,15.7425816127232
"1773",2608,"Guangxi","gfdl-esm4","ssp585",NA,0.244960873243458,14.6344695788472
"1774",2609,"Guangxi","gfdl-esm4","ssp585",NA,0.510553466698459,18.3711847385439
"1775",2610,"Guangxi","gfdl-esm4","ssp585",NA,3.70597461614713,13.4325424579011
"1776",2611,"Guangxi","gfdl-esm4","ssp585",NA,0.00543741128767426,6.80362256474858
"1777",2612,"Guangxi","gfdl-esm4","ssp585",NA,0.767326803086521,10.4729224966354
"1778",2613,"Guangxi","gfdl-esm4","ssp585",NA,0.268773564503517,12.4012114196265
"1779",2614,"Guangxi","gfdl-esm4","ssp585",NA,0.755005754991322,14.2940967207196
"1780",2615,"Guangxi","gfdl-esm4","ssp585",NA,4.90605353288491,10.5161153328519
"1781",2616,"Guangxi","gfdl-esm4","ssp585",NA,14.3155746813246,9.22422357126447
"1782",2617,"Guangxi","gfdl-esm4","ssp585",NA,0.806149453820588,10.032520557051
"1783",2618,"Guangxi","gfdl-esm4","ssp585",NA,0.654808965249563,12.808478757714
"1784",2619,"Guangxi","gfdl-esm4","ssp585",NA,0.656636967088933,14.6386069930902
"1785",2620,"Guangxi","gfdl-esm4","ssp585",NA,6.7489576828507,13.9521388462612
"1786",2621,"Guangxi","gfdl-esm4","ssp585",NA,1.88049455031035,17.221399695132
"1787",2622,"Guangxi","gfdl-esm4","ssp585",NA,3.24914096232991,16.5590400247013
"1788",2623,"Guangxi","gfdl-esm4","ssp585",NA,1.42901556816125,22.3903039243041
"1789",2624,"Guangxi","gfdl-esm4","ssp585",NA,15.1176252093889,15.2403769100414
"1790",2625,"Guangxi","gfdl-esm4","ssp585",NA,4.84161101272655,21.1899886443836
"1791",2626,"Guangxi","gfdl-esm4","ssp585",NA,1.32703585321944,21.1752057756697
"1792",2627,"Guangxi","gfdl-esm4","ssp585",NA,2.13872299552785,23.8809495429031
"1793",2628,"Guangxi","gfdl-esm4","ssp585",NA,12.7079719542504,24.3310450962612
"1794",2629,"Guangxi","gfdl-esm4","ssp585",NA,7.55725229539181,24.6286941656546
"1795",2630,"Guangxi","gfdl-esm4","ssp585",NA,6.5231374083779,25.2351397346048
"1796",2631,"Guangxi","gfdl-esm4","ssp585",NA,12.0123804125957,23.8484270881204
"1797",2632,"Guangxi","gfdl-esm4","ssp585",NA,0.217366148741547,26.4886140198267
"1798",2633,"Guangxi","gfdl-esm4","ssp585",NA,3.81829334209436,27.9532776904707
"1799",2634,"Guangxi","gfdl-esm4","ssp585",NA,7.80530953620785,28.4817813135997
"1800",2635,"Guangxi","gfdl-esm4","ssp585",NA,10.3532292028574,28.107087669052
"1801",2636,"Guangxi","gfdl-esm4","ssp585",NA,4.447284388763,29.2549410267037
"1802",2637,"Guangxi","gfdl-esm4","ssp585",NA,10.7277645683882,29.2926295689174
"1803",2638,"Guangxi","gfdl-esm4","ssp585",NA,28.3285010838606,27.6214012338334
"1804",2639,"Guangxi","gfdl-esm4","ssp585",NA,22.3221451308285,27.3869821756828
"1805",2640,"Guangxi","gfdl-esm4","ssp585",NA,24.6861808161932,27.1772382463728
"1806",2641,"Guangxi","gfdl-esm4","ssp585",NA,4.35730453868416,28.7018787544315
"1807",2642,"Guangxi","gfdl-esm4","ssp585",NA,6.4477792449228,27.1404696424468
"1808",2643,"Guangxi","gfdl-esm4","ssp585",NA,1.42666778725485,28.0825051700368
"1809",2644,"Guangxi","gfdl-esm4","ssp585",NA,2.77030016830853,28.975313587349
"1810",2645,"Guangxi","gfdl-esm4","ssp585",NA,8.81375542261059,29.1644291212579
"1811",2646,"Guangxi","gfdl-esm4","ssp585",NA,9.07638074724581,28.549028874245
"1812",2647,"Guangxi","gfdl-esm4","ssp585",NA,8.3635737848585,28.4081028529576
"1813",2648,"Guangxi","gfdl-esm4","ssp585",NA,0.0779884073612067,25.9574494690455
"1814",2649,"Guangxi","gfdl-esm4","ssp585",NA,0.939707277737535,26.7149418165704
"1815",2650,"Guangxi","gfdl-esm4","ssp585",NA,2.40049592896385,23.9345742618337
"1816",2651,"Guangxi","gfdl-esm4","ssp585",NA,0.0239869586374032,24.3596269880023
"1817",2652,"Guangxi","gfdl-esm4","ssp585",NA,3.90055881598925,20.9209169532071
"1818",2653,"Guangxi","gfdl-esm4","ssp585",NA,5.86949290471636,17.6315686137737
"1819",2654,"Guangxi","gfdl-esm4","ssp585",NA,0.0307637252054909,18.7894171706769
"1820",2655,"Guangxi","gfdl-esm4","ssp585",NA,0.00196717132336339,15.6409423828125
"1821",2656,"Guangxi","gfdl-esm4","ssp585",NA,0.022025099807412,18.0001209932215
"1822",2657,"Guangxi","gfdl-esm4","ssp585",NA,0.00240426793967925,16.4671078978467
"1823",2658,"Guangxi","gfdl-esm4","ssp585",NA,3.07368387252999,15.7834647555311
"1824",2659,"Guangxi","gfdl-esm4","ssp585",NA,0.0027666606513799,12.9564451586299
"1825",2660,"Guangxi","gfdl-esm4","ssp585",NA,1.78085062631793,15.1724073394006
"1826",2661,"Guangxi","gfdl-esm4","ssp585",NA,0.785833201871279,17.7402128844702
"1827",2662,"Guangxi","gfdl-esm4","ssp585",NA,1.12681051682397,16.7515967617516
"1828",2663,"Guangxi","gfdl-esm4","ssp585",NA,0.665292316226449,9.31615169749542
"1829",2664,"Guangxi","gfdl-esm4","ssp585",NA,0.0239089548206514,10.6249254755613
"1830",2665,"Guangxi","gfdl-esm4","ssp585",NA,2.1292059174032,12.8519548175716
"1831",2666,"Guangxi","gfdl-esm4","ssp585",NA,0.504212403200257,14.5316160057773
"1832",2667,"Guangxi","gfdl-esm4","ssp585",NA,0.205425334661566,10.9243704146698
"1833",2668,"Guangxi","gfdl-esm4","ssp585",NA,9.10471043743605,11.4478872603729
"1834",2669,"Guangxi","gfdl-esm4","ssp585",NA,4.12926792708666,12.968091384503
"1835",2670,"Guangxi","gfdl-esm4","ssp585",NA,1.7216638305503,17.6308047510997
"1836",2671,"Guangxi","gfdl-esm4","ssp585",NA,2.18393637920584,17.037288377265
"1837",2672,"Guangxi","gfdl-esm4","ssp585",NA,1.62118700235906,16.2786724186745
"1838",2673,"Guangxi","gfdl-esm4","ssp585",NA,0.451000061393261,17.0584720900079
"1839",2674,"Guangxi","gfdl-esm4","ssp585",NA,2.17535548045228,18.0985146915212
"1840",2675,"Guangxi","gfdl-esm4","ssp585",NA,2.93188651574276,21.4415413992746
"1841",2676,"Guangxi","gfdl-esm4","ssp585",NA,0.2272490890816,23.3892921255416
"1842",2677,"Guangxi","gfdl-esm4","ssp585",NA,2.86961962515329,24.5261637711726
"1843",2678,"Guangxi","gfdl-esm4","ssp585",NA,6.19608117067676,20.3595013786765
"1844",2679,"Guangxi","gfdl-esm4","ssp585",NA,2.51381608982511,22.5846773035386
"1845",2680,"Guangxi","gfdl-esm4","ssp585",NA,1.22107144489693,26.5741832572873
"1846",2681,"Guangxi","gfdl-esm4","ssp585",NA,3.51563061061442,25.4740424661076
"1847",2682,"Guangxi","gfdl-esm4","ssp585",NA,8.54003253476457,27.5341137284992
"1848",2683,"Guangxi","gfdl-esm4","ssp585",NA,3.38373872529747,27.0066344189043
"1849",2684,"Guangxi","gfdl-esm4","ssp585",NA,6.79847317802066,26.7444525710675
"1850",2685,"Guangxi","gfdl-esm4","ssp585",NA,4.15865664643115,26.9115913968126
"1851",2686,"Guangxi","gfdl-esm4","ssp585",NA,21.2470295848385,25.9260643197709
"1852",2687,"Guangxi","gfdl-esm4","ssp585",NA,5.46819682150004,29.2417123490021
"1853",2688,"Guangxi","gfdl-esm4","ssp585",NA,4.27659310356219,29.7571467038964
"1854",2689,"Guangxi","gfdl-esm4","ssp585",NA,1.73061418798965,29.8051699854747
"1855",2690,"Guangxi","gfdl-esm4","ssp585",NA,6.23242314049361,29.4562255859375
"1856",2691,"Guangxi","gfdl-esm4","ssp585",NA,3.0762702255015,29.3963029108128
"1857",2692,"Guangxi","gfdl-esm4","ssp585",NA,2.64906349064618,30.6070680249639
"1858",2693,"Guangxi","gfdl-esm4","ssp585",NA,3.26188213741842,30.3899954146698
"1859",2694,"Guangxi","gfdl-esm4","ssp585",NA,2.00509605988625,30.1183515276228
"1860",2695,"Guangxi","gfdl-esm4","ssp585",NA,3.81799715036598,28.8695651014312
"1861",2696,"Guangxi","gfdl-esm4","ssp585",NA,26.4012126823346,27.9824244395024
"1862",2697,"Guangxi","gfdl-esm4","ssp585",NA,0.0513632156401422,27.8190357881434
"1863",2698,"Guangxi","gfdl-esm4","ssp585",NA,0.0264373605512278,26.6809915494518
"1864",2699,"Guangxi","gfdl-esm4","ssp585",NA,0.019319672392463,27.1342837037159
"1865",2700,"Guangxi","gfdl-esm4","ssp585",NA,0.0100031973516027,26.9113232524455
"1866",2701,"Guangxi","gfdl-esm4","ssp585",NA,0,25.019367429589
"1867",2702,"Guangxi","gfdl-esm4","ssp585",NA,0.094941151360179,26.9218711532465
"1868",2703,"Guangxi","gfdl-esm4","ssp585",NA,1.82615162331358,26.3461085215336
"1869",2704,"Guangxi","gfdl-esm4","ssp585",NA,1.2639101646731,28.0755154649751
"1870",2705,"Guangxi","gfdl-esm4","ssp585",NA,2.02546650470255,21.1641902635078
"1871",2706,"Guangxi","gfdl-esm4","ssp585",NA,0.450791553226094,20.3599255986575
"1872",2707,"Guangxi","gfdl-esm4","ssp585",NA,0.0851322118783059,19.144945673582
"1873",2708,"Guangxi","gfdl-esm4","ssp585",NA,4.22184430381507,18.492665984851
"1874",2709,"Guangxi","gfdl-esm4","ssp585",NA,2.98629658477197,14.0904792849757
"1875",2710,"Guangxi","gfdl-esm4","ssp585",NA,0.158879690269936,20.3885294938288
"1876",2711,"Guangxi","gfdl-esm4","ssp585",NA,0.928923268845875,19.5892095998556
"1877",2712,"Guangxi","gfdl-esm4","ssp585",NA,0.41470187424842,15.7565888733423
"1878",2713,"Guangxi","gfdl-esm4","ssp585",NA,0.436489589131675,19.4834571646041
"1879",2714,"Guangxi","gfdl-esm4","ssp585",NA,0.79875923559706,17.3964200059907
"1880",2715,"Guangxi","gfdl-esm4","ssp585",NA,0.631961668921026,20.9688438094965
"1881",2716,"Guangxi","gfdl-esm4","ssp585",NA,2.7881614930738,14.1746290190881
"1882",2717,"Guangxi","gfdl-esm4","ssp585",NA,1.554823982483,13.5871308655298
"1883",2718,"Guangxi","gfdl-esm4","ssp585",NA,0.616174516878399,13.0607860917805
"1884",2719,"Guangxi","gfdl-esm4","ssp585",NA,0.12754089033127,16.1960181997604
"1885",2720,"Guangxi","gfdl-esm4","ssp585",NA,0.347910078704414,22.0180406586463
"1886",2721,"Guangxi","gfdl-esm4","ssp585",NA,0.850258496046524,13.4193110618271
"1887",2722,"Guangxi","gfdl-esm4","ssp585",NA,0.37393613148602,10.8420676351596
"1888",2723,"Guangxi","gfdl-esm4","ssp585",NA,2.11492126024946,11.8181015912225
"1889",2724,"Guangxi","gfdl-esm4","ssp585",NA,0.27696840746202,22.3059215385373
"1890",2725,"Guangxi","gfdl-esm4","ssp585",NA,1.07367268389046,19.728128282563
"1891",2726,"Guangxi","gfdl-esm4","ssp585",NA,3.44385591187141,13.2969662449941
"1892",2727,"Guangxi","gfdl-esm4","ssp585",NA,2.64397088399019,19.8943111131171
"1893",2728,"Guangxi","gfdl-esm4","ssp585",NA,3.09279686607594,25.0418173397289
"1894",2729,"Guangxi","gfdl-esm4","ssp585",NA,1.36792889326378,28.1158095415901
"1895",2730,"Guangxi","gfdl-esm4","ssp585",NA,6.33845635696643,21.4078383501838
"1896",2731,"Guangxi","gfdl-esm4","ssp585",NA,2.68468079972815,26.0136456657859
"1897",2732,"Guangxi","gfdl-esm4","ssp585",NA,11.6162759010594,24.2821087492614
"1898",2733,"Guangxi","gfdl-esm4","ssp585",NA,15.1699570986428,26.9696192124311
"1899",2734,"Guangxi","gfdl-esm4","ssp585",NA,4.32292010323617,24.8397442985984
"1900",2735,"Guangxi","gfdl-esm4","ssp585",NA,4.20976095219197,26.1913673721442
"1901",2736,"Guangxi","gfdl-esm4","ssp585",NA,1.85022962668729,31.1666248994715
"1902",2737,"Guangxi","gfdl-esm4","ssp585",NA,1.00968076234968,30.703193369633
"1903",2738,"Guangxi","gfdl-esm4","ssp585",NA,14.9145489795969,29.272771293576
"1904",2739,"Guangxi","gfdl-esm4","ssp585",NA,15.1444554208877,29.0732764492516
"1905",2740,"Guangxi","gfdl-esm4","ssp585",NA,3.9271091179863,28.2514035521435
"1906",2741,"Guangxi","gfdl-esm4","ssp585",NA,4.33199126210356,29.2998221261161
"1907",2742,"Guangxi","gfdl-esm4","ssp585",NA,3.13094888047311,29.6618232791164
"1908",2743,"Guangxi","gfdl-esm4","ssp585",NA,9.30245088467285,28.6988861853335
"1909",2744,"Guangxi","gfdl-esm4","ssp585",NA,4.06173306332958,30.6026179465927
"1910",2745,"Guangxi","gfdl-esm4","ssp585",NA,19.3769310476478,28.4890989159336
"1911",2746,"Guangxi","gfdl-esm4","ssp585",NA,6.46913549211757,28.4548704003086
"1912",2747,"Guangxi","gfdl-esm4","ssp585",NA,0.950700663538364,29.4114335773372
"1913",2748,"Guangxi","gfdl-esm4","ssp585",NA,4.69278287904228,29.8424346154478
"1914",2749,"Guangxi","gfdl-esm4","ssp585",NA,3.35886330137182,29.7927078375296
"1915",2750,"Guangxi","gfdl-esm4","ssp585",NA,10.1877911750703,27.0146650041853
"1916",2751,"Guangxi","gfdl-esm4","ssp585",NA,1.37170504138278,28.8335544105338
"1917",2752,"Guangxi","gfdl-esm4","ssp585",NA,0.0285623745902044,26.3675091398864
"1918",2753,"Guangxi","gfdl-esm4","ssp585",NA,0.216386336050615,26.9178185214516
"1919",2754,"Guangxi","gfdl-esm4","ssp585",NA,4.0238653740221,23.7204103101202
"1920",2755,"Guangxi","gfdl-esm4","ssp585",NA,10.765622320287,23.4173894802062
"1921",2756,"Guangxi","gfdl-esm4","ssp585",NA,4.8616189237167,24.5615296435957
"1922",2757,"Guangxi","gfdl-esm4","ssp585",NA,2.71698361173289,23.0269622546284
"1923",2758,"Guangxi","gfdl-esm4","ssp585",NA,1.70191807218276,20.0923863515133
"1924",2759,"Guangxi","gfdl-esm4","ssp585",NA,0.874213810990924,21.0303823775604
"1925",2760,"Guangxi","gfdl-esm4","ssp585",NA,0.0182858698887891,17.1235544925978
"1926",2761,"Guangxi","gfdl-esm4","ssp585",NA,0.0284771865821725,14.9062231753053
"1927",2762,"Guangxi","gfdl-esm4","ssp585",NA,0.010027043101233,15.7942214068245
"1928",2763,"Guangxi","gfdl-esm4","ssp585",NA,0.000913349767641102,13.3857294675683
"1929",2764,"Guangxi","gfdl-esm4","ssp585",NA,0.000234611038076535,13.8251892602744
"1930",2765,"Guangxi","gfdl-esm4","ssp585",NA,7.70773492616363,14.4601549164588
"1931",2766,"Guangxi","gfdl-esm4","ssp585",NA,1.12881883334279,11.700152946921
"1932",2767,"Guangxi","gfdl-esm4","ssp585",NA,0.480321493760894,18.4602463666131
"1933",2768,"Guangxi","gfdl-esm4","ssp585",NA,1.52128490540916,15.5265189034598
"1934",2769,"Guangxi","gfdl-esm4","ssp585",NA,2.75845242384491,15.502297076057
"1935",2770,"Guangxi","gfdl-esm4","ssp585",NA,1.66277102462714,7.22234830455622
"1936",2771,"Guangxi","gfdl-esm4","ssp585",NA,3.03279021085901,9.45988646435139
"1937",2772,"Guangxi","gfdl-esm4","ssp585",NA,0.412387344201131,16.2081520401129
"1938",2773,"Guangxi","gfdl-esm4","ssp585",NA,3.5173457700093,17.8166704963235
"1939",2774,"Guangxi","gfdl-esm4","ssp585",NA,6.99446258767965,16.0580496651786
"1940",2775,"Guangxi","gfdl-esm4","ssp585",NA,4.47116670597021,10.306512605042
"1941",2776,"Guangxi","gfdl-esm4","ssp585",NA,4.89058994403536,12.7167202989594
"1942",2777,"Guangxi","gfdl-esm4","ssp585",NA,1.15163441802944,17.4016844677324
"1943",2778,"Guangxi","gfdl-esm4","ssp585",NA,2.16615210301091,17.6518758308988
"1944",2779,"Guangxi","gfdl-esm4","ssp585",NA,2.30229352260431,21.0167793850939
"1945",2780,"Guangxi","gfdl-esm4","ssp585",NA,1.15313745370297,20.8260268267463
"1946",2781,"Guangxi","gfdl-esm4","ssp585",NA,1.87837955717999,20.7597142323727
"1947",2782,"Guangxi","gfdl-esm4","ssp585",NA,2.43885960712324,24.1543981728434
"1948",2783,"Guangxi","gfdl-esm4","ssp585",NA,6.6590522028586,22.6976191160058
"1949",2784,"Guangxi","gfdl-esm4","ssp585",NA,3.60584204084132,27.3015058757878
"1950",2785,"Guangxi","gfdl-esm4","ssp585",NA,11.2023932108985,26.6206847631631
"1951",2786,"Guangxi","gfdl-esm4","ssp585",NA,7.51324108341379,28.1448681230305
"1952",2787,"Guangxi","gfdl-esm4","ssp585",NA,13.4953325277144,26.9934728798746
"1953",2788,"Guangxi","gfdl-esm4","ssp585",NA,13.9909987335374,26.4243631827731
"1954",2789,"Guangxi","gfdl-esm4","ssp585",NA,8.32444687869924,29.0064394141446
"1955",2790,"Guangxi","gfdl-esm4","ssp585",NA,2.1088781809864,27.9154707195378
"1956",2791,"Guangxi","gfdl-esm4","ssp585",NA,2.79307649584102,30.5817315622538
"1957",2792,"Guangxi","gfdl-esm4","ssp585",NA,6.24657070483049,29.4514922326353
"1958",2793,"Guangxi","gfdl-esm4","ssp585",NA,5.06838793955604,29.0703882041098
"1959",2794,"Guangxi","gfdl-esm4","ssp585",NA,7.71293463383103,28.103521061745
"1960",2795,"Guangxi","gfdl-esm4","ssp585",NA,4.48901928309253,30.3211443219866
"1961",2796,"Guangxi","gfdl-esm4","ssp585",NA,0.0133278658617231,30.7070277622768
"1962",2797,"Guangxi","gfdl-esm4","ssp585",NA,0.9509601541033,31.6781775722985
"1963",2798,"Guangxi","gfdl-esm4","ssp585",NA,6.16303964179587,29.413356133469
"1964",2799,"Guangxi","gfdl-esm4","ssp585",NA,5.00909211237495,30.1773986816406
"1965",2800,"Guangxi","gfdl-esm4","ssp585",NA,3.24047958135872,29.4339673979944
"1966",2801,"Guangxi","gfdl-esm4","ssp585",NA,14.805381896649,29.0492868631828
"1967",2802,"Guangxi","gfdl-esm4","ssp585",NA,12.7541758697043,27.0497744776622
"1968",2803,"Guangxi","gfdl-esm4","ssp585",NA,1.31886569885077,28.0525037749475
"1969",2804,"Guangxi","gfdl-esm4","ssp585",NA,0.608859819250266,26.9465135077469
"1970",2805,"Guangxi","gfdl-esm4","ssp585",NA,0.0202448028391677,26.3918826319591
"1971",2806,"Guangxi","gfdl-esm4","ssp585",NA,0.0104431170657641,25.9624362464713
"1972",2807,"Guangxi","gfdl-esm4","ssp585",NA,0.0205075587309846,24.4580046325171
"1973",2808,"Guangxi","gfdl-esm4","ssp585",NA,4.24663774052793,23.4849965840829
"1974",2809,"Guangxi","gfdl-esm4","ssp585",NA,4.66926555207281,22.8013439531086
"1975",2810,"Guangxi","gfdl-esm4","ssp585",NA,4.01694134341887,24.2480874454274
"1976",2811,"Guangxi","gfdl-esm4","ssp585",NA,1.5547682753431,24.5297854639903
"1977",2812,"Guangxi","gfdl-esm4","ssp585",NA,0.392266624427265,19.6411585190717
"1978",2813,"Guangxi","gfdl-esm4","ssp585",NA,0.00102693504400007,19.0634302475873
"1979",2814,"Guangxi","gfdl-esm4","ssp585",NA,0.524837081094356,18.2976275788636
"1980",2815,"Guangxi","gfdl-esm4","ssp585",NA,0.167791944167365,15.8075941582688
"1981",2816,"Guangxi","gfdl-esm4","ssp585",NA,0.00189959990548385,13.6584364434251
"1982",2817,"Guangxi","gfdl-esm4","ssp585",NA,0.125468111039504,15.7009246569722
"1983",2818,"Guangxi","gfdl-esm4","ssp585",NA,0.608320308527239,13.434634322479
"1984",2819,"Guangxi","gfdl-esm4","ssp585",NA,0.00112096969629618,11.5026960100447
"1985",2820,"Guangxi","gfdl-esm4","ssp585",NA,1.19967788499875,15.5483008633141
"1986",2821,"Guangxi","gfdl-esm4","ssp585",NA,2.40451037205321,15.4421751390986
"1987",2822,"Guangxi","gfdl-esm4","ssp585",NA,3.19949264914673,16.1135772448628
"1988",2823,"Guangxi","gfdl-esm4","ssp585",NA,0.00641416809475147,11.7927654875427
"1989",2824,"Guangxi","gfdl-esm4","ssp585",NA,0.995754788453254,11.8160469632189
"1990",2825,"Guangxi","gfdl-esm4","ssp585",NA,0.108969052776009,11.8949358258929
"1991",2826,"Guangxi","gfdl-esm4","ssp585",NA,0.133731716073156,15.5095636447939
"1992",2827,"Guangxi","gfdl-esm4","ssp585",NA,1.34513840778227,16.593462416705
"1993",2828,"Guangxi","gfdl-esm4","ssp585",NA,6.41883272379224,20.1420097286962
"1994",2829,"Guangxi","gfdl-esm4","ssp585",NA,0.317295875645853,14.4600696724002
"1995",2830,"Guangxi","gfdl-esm4","ssp585",NA,0.124061771382591,18.96780595539
"1996",2831,"Guangxi","gfdl-esm4","ssp585",NA,0.0928482391904284,21.5375264143744
"1997",2832,"Guangxi","gfdl-esm4","ssp585",NA,2.43995425450147,22.0996388154872
"1998",2833,"Guangxi","gfdl-esm4","ssp585",NA,0.0127005166454366,26.9301465972131
"1999",2834,"Guangxi","gfdl-esm4","ssp585",NA,4.20466109214117,24.5144660500919
"2000",2835,"Guangxi","gfdl-esm4","ssp585",NA,0.888531098086993,25.5081885586266
"2001",2836,"Guangxi","gfdl-esm4","ssp585",NA,3.34045707337358,25.6434695460216
"2002",2837,"Guangxi","gfdl-esm4","ssp585",NA,3.50956694657037,28.5513098965172
"2003",2838,"Guangxi","gfdl-esm4","ssp585",NA,7.78416165329238,25.048279013754
"2004",2839,"Guangxi","gfdl-esm4","ssp585",NA,10.697303787967,26.555244099593
"2005",2840,"Guangxi","gfdl-esm4","ssp585",NA,9.91915192400025,28.805203990776
"2006",2841,"Guangxi","gfdl-esm4","ssp585",NA,9.1590346436568,27.6580954671908
"2007",2842,"Guangxi","gfdl-esm4","ssp585",NA,4.35882487713823,28.9472256700532
"2008",2843,"Guangxi","gfdl-esm4","ssp585",NA,4.55525837704747,30.3472793194426
"2009",2844,"Guangxi","gfdl-esm4","ssp585",NA,14.2625004417122,29.1041604434743
"2010",2845,"Guangxi","gfdl-esm4","ssp585",NA,16.0988349514351,29.3200955431001
"2011",2846,"Guangxi","gfdl-esm4","ssp585",NA,7.02861011478665,29.4016600023799
"2012",2847,"Guangxi","gfdl-esm4","ssp585",NA,8.72609686294823,29.2055246048615
"2013",2848,"Guangxi","gfdl-esm4","ssp585",NA,7.74894452239524,29.6175999232701
"2014",2849,"Guangxi","gfdl-esm4","ssp585",NA,17.4114782785481,29.291028601382
"2015",2850,"Guangxi","gfdl-esm4","ssp585",NA,5.05122426401177,29.0481975138688
"2016",2851,"Guangxi","gfdl-esm4","ssp585",NA,6.00405449956262,29.0173590652081
"2017",2852,"Guangxi","gfdl-esm4","ssp585",NA,3.24841781903756,29.6714053883272
"2018",2853,"Guangxi","gfdl-esm4","ssp585",NA,3.04893163587025,29.7752073656611
"2019",2854,"Guangxi","gfdl-esm4","ssp585",NA,1.41866929702556,27.3894866686909
"2020",2855,"Guangxi","gfdl-esm4","ssp585",NA,0.653229679438107,28.8727227731913
"2021",2856,"Guangxi","gfdl-esm4","ssp585",NA,14.8959808796265,27.656382379612
"2022",2857,"Guangxi","gfdl-esm4","ssp585",NA,1.8018501591552,26.0996558950729
"2023",2858,"Guangxi","gfdl-esm4","ssp585",NA,0.287059734334794,26.524883930623
"2024",2859,"Guangxi","gfdl-esm4","ssp585",NA,0.0319869718065597,25.0998577726989
"2025",2860,"Guangxi","gfdl-esm4","ssp585",NA,1.18297784256983,25.8446235720851
"2026",2861,"Guangxi","gfdl-esm4","ssp585",NA,0.117892148218361,21.2233894412257
"2027",2862,"Guangxi","gfdl-esm4","ssp585",NA,1.15878111587144,19.2550361184513
"2028",2863,"Guangxi","gfdl-esm4","ssp585",NA,1.58810280813278,22.0122233414851
"2029",2864,"Guangxi","gfdl-esm4","ssp585",NA,1.65982715719836,22.8300938197545
"2030",2865,"Guangxi","gfdl-esm4","ssp585",NA,1.23630140090159,22.1155467313879
"2031",2866,"Guangxi","gfdl-esm4","ssp585",NA,0.953704248609984,23.8485201282662
"2032",2867,"Guangxi","gfdl-esm4","ssp585",NA,3.86187873561715,19.9498512588629
"2033",2868,"Guangxi","gfdl-esm4","ssp585",NA,0.330332732466421,14.7551072577469
"2034",2869,"Guangxi","gfdl-esm4","ssp585",NA,0.270487478218372,16.0610722389542
"2035",2870,"Guangxi","gfdl-esm4","ssp585",NA,0.479648160649011,18.671746928752
"2036",2871,"Guangxi","gfdl-esm4","ssp585",NA,5.03006059975335,13.1252676314667
"2037",2872,"Guangxi","gfdl-esm4","ssp585",NA,2.58179019431927,13.827591121898
"2038",2873,"Guangxi","gfdl-esm4","ssp585",NA,1.41902442549638,13.0435635606782
"2039",2874,"Guangxi","gfdl-esm4","ssp585",NA,1.15204020688372,12.9428837623917
"2040",2875,"Guangxi","gfdl-esm4","ssp585",NA,2.40661342102108,10.1199805508141
"2041",2876,"Guangxi","gfdl-esm4","ssp585",NA,2.98258858679196,14.7040037523799
"2042",2877,"Guangxi","gfdl-esm4","ssp585",NA,5.10236308240748,10.5296661633404
"2043",2878,"Guangxi","gfdl-esm4","ssp585",NA,2.03774598640504,10.729451976103
"2044",2879,"Guangxi","gfdl-esm4","ssp585",NA,0.126765527628082,22.8887964585248
"2045",2880,"Guangxi","gfdl-esm4","ssp585",NA,1.80982267438823,14.0140815286076
"2046",2881,"Guangxi","gfdl-esm4","ssp585",NA,6.58663722813585,12.2262794302291
"2047",2882,"Guangxi","gfdl-esm4","ssp585",NA,3.02012688087477,17.6768643932182
"2048",2883,"Guangxi","gfdl-esm4","ssp585",NA,2.90984601164596,19.4728290461693
"2049",2884,"Guangxi","gfdl-esm4","ssp585",NA,2.09194866357018,24.6151381548713
"2050",2885,"Guangxi","gfdl-esm4","ssp585",NA,3.41196280479541,25.0739336799173
"2051",2886,"Guangxi","gfdl-esm4","ssp585",NA,8.45165837679387,26.3248126887474
"2052",2887,"Guangxi","gfdl-esm4","ssp585",NA,10.7730236622348,22.8970189198727
"2053",2888,"Guangxi","gfdl-esm4","ssp585",NA,1.29169412519958,26.1639368906743
"2054",2889,"Guangxi","gfdl-esm4","ssp585",NA,4.87125935493489,26.9592728302259
"2055",2890,"Guangxi","gfdl-esm4","ssp585",NA,6.6857933509188,24.8032446596803
"2056",2891,"Guangxi","gfdl-esm4","ssp585",NA,1.0742087983744,29.3054690577403
"2057",2892,"Guangxi","gfdl-esm4","ssp585",NA,4.66362540091035,29.3600506437927
"2058",2893,"Guangxi","gfdl-esm4","ssp585",NA,8.86920413142388,27.7073611988741
"2059",2894,"Guangxi","gfdl-esm4","ssp585",NA,8.44653762705055,29.1540562733883
"2060",2895,"Guangxi","gfdl-esm4","ssp585",NA,11.4049416612697,27.945581618878
"2061",2896,"Guangxi","gfdl-esm4","ssp585",NA,3.3090237673666,30.1751108890822
"2062",2897,"Guangxi","gfdl-esm4","ssp585",NA,11.8808758309825,30.3444068203453
"2063",2898,"Guangxi","gfdl-esm4","ssp585",NA,12.3062142473468,30.4040918686811
"2064",2899,"Guangxi","gfdl-esm4","ssp585",NA,2.49527734510983,29.4937099937632
"2065",2900,"Guangxi","gfdl-esm4","ssp585",NA,8.49018148221836,30.0175320665376
"2066",2901,"Guangxi","gfdl-esm4","ssp585",NA,12.0124774081751,28.6977612407268
"2067",2902,"Guangxi","gfdl-esm4","ssp585",NA,1.63793940534629,28.9294007886358
"2068",2903,"Guangxi","gfdl-esm4","ssp585",NA,1.27920508260096,30.26788191595
"2069",2904,"Guangxi","gfdl-esm4","ssp585",NA,8.05722896814136,28.3685261702337
"2070",2905,"Guangxi","gfdl-esm4","ssp585",NA,7.97685079119426,30.0522582494912
"2071",2906,"Guangxi","gfdl-esm4","ssp585",NA,10.3793303597421,28.9681183630679
"2072",2907,"Guangxi","gfdl-esm4","ssp585",NA,5.44345197545356,30.1169615160518
"2073",2908,"Guangxi","gfdl-esm4","ssp585",NA,2.84671483507163,29.6879948463761
"2074",2909,"Guangxi","gfdl-esm4","ssp585",NA,2.38349098831923,28.4971845867253
"2075",2910,"Guangxi","gfdl-esm4","ssp585",NA,4.68643739467346,28.2757901744682
"2076",2911,"Guangxi","gfdl-esm4","ssp585",NA,1.49647334768968,22.805649906447
"2077",2912,"Guangxi","gfdl-esm4","ssp585",NA,0.559663884760543,22.016945462267
"2078",2913,"Guangxi","gfdl-esm4","ssp585",NA,6.35469059936104,22.7172969016708
"2079",2914,"Guangxi","gfdl-esm4","ssp585",NA,0.0150174532982495,17.913613301766
"2080",2915,"Guangxi","gfdl-esm4","ssp585",NA,0.0620550642682958,19.574288145434
"2081",2916,"Guangxi","gfdl-esm4","ssp585",NA,2.24479022302553,20.4682450494847
"2082",2917,"Guangxi","gfdl-esm4","ssp585",NA,1.99163990998149,16.4206642984342
"2083",2918,"Guangxi","gfdl-esm4","ssp585",NA,1.37643596241808,19.1709163890166
"2084",2919,"Guangxi","gfdl-esm4","ssp585",NA,0.0280586662927267,15.6314052549731
"2085",2920,"Guangxi","gfdl-esm4","ssp585",NA,2.08714196414314,17.2747760676536
"2086",2921,"Guangxi","gfdl-esm4","ssp585",NA,0.397081970085684,12.6164109686844
"2087",2922,"Guangxi","gfdl-esm4","ssp585",NA,0.0024872384302635,11.1325806689864
"2088",2923,"Guangxi","gfdl-esm4","ssp585",NA,0.367964578642287,15.9323679691603
"2089",2924,"Guangxi","gfdl-esm4","ssp585",NA,0.175767715532062,15.0871106059612
"2090",2925,"Guangxi","gfdl-esm4","ssp585",NA,4.0485908156931,8.78569315421483
"2091",2926,"Guangxi","gfdl-esm4","ssp585",NA,1.22327988887386,11.2598858488708
"2092",2927,"Guangxi","gfdl-esm4","ssp585",NA,0.879223673999287,12.8068786621094
"2093",2928,"Guangxi","gfdl-esm4","ssp585",NA,4.09419396929242,11.8532901539522
"2094",2929,"Guangxi","gfdl-esm4","ssp585",NA,1.98132984219618,12.8685966427587
"2095",2930,"Guangxi","gfdl-esm4","ssp585",NA,0.923233725860722,13.3792614335774
"2096",2931,"Guangxi","gfdl-esm4","ssp585",NA,0.383952734412889,15.6135388286174
"2097",2932,"Guangxi","gfdl-esm4","ssp585",NA,0.00714695530817863,15.7991979775309
"2098",2933,"Guangxi","gfdl-esm4","ssp585",NA,1.23015903562374,17.5494615570838
"2099",2934,"Guangxi","gfdl-esm4","ssp585",NA,3.62508255847915,16.4093852067194
"2100",2935,"Guangxi","gfdl-esm4","ssp585",NA,2.21259441473125,17.0056909897748
"2101",2936,"Guangxi","gfdl-esm4","ssp585",NA,0.945559990888353,19.9607559332327
"2102",2937,"Guangxi","gfdl-esm4","ssp585",NA,2.98539392851775,19.8795698919216
"2103",2938,"Guangxi","gfdl-esm4","ssp585",NA,3.11520126606365,24.891647159352
"2104",2939,"Guangxi","gfdl-esm4","ssp585",NA,10.4320675341437,24.0649604861476
"2105",2940,"Guangxi","gfdl-esm4","ssp585",NA,2.72677165183176,25.8699802430738
"2106",2941,"Guangxi","gfdl-esm4","ssp585",NA,6.56150028706485,25.2350992667575
"2107",2942,"Guangxi","gfdl-esm4","ssp585",NA,4.97423663269484,26.8160755830653
"2108",2943,"Guangxi","gfdl-esm4","ssp585",NA,7.4080923957998,25.5964431890921
"2109",2944,"Guangxi","gfdl-esm4","ssp585",NA,3.97992285879519,27.9718075022978
"2110",2945,"Guangxi","gfdl-esm4","ssp585",NA,13.9572141936784,29.0201875061548
"2111",2946,"Guangxi","gfdl-esm4","ssp585",NA,4.98670773249584,27.7745886025309
"2112",2947,"Guangxi","gfdl-esm4","ssp585",NA,8.03593245934059,29.8281328986673
"2113",2948,"Guangxi","gfdl-esm4","ssp585",NA,19.5589357107456,29.7325947224593
"2114",2949,"Guangxi","gfdl-esm4","ssp585",NA,2.23387372399548,29.8745675223215
"2115",2950,"Guangxi","gfdl-esm4","ssp585",NA,0.308131037553637,29.676274916705
"2116",2951,"Guangxi","gfdl-esm4","ssp585",NA,5.9304783737129,30.3177579479057
"2117",2952,"Guangxi","gfdl-esm4","ssp585",NA,3.72994090769229,30.1651164591814
"2118",2953,"Guangxi","gfdl-esm4","ssp585",NA,9.06652330980916,28.8380172601267
"2119",2954,"Guangxi","gfdl-esm4","ssp585",NA,15.0929150995021,28.4853968003217
"2120",2955,"Guangxi","gfdl-esm4","ssp585",NA,4.63750624354743,29.4873098165047
"2121",2956,"Guangxi","gfdl-esm4","ssp585",NA,5.01724522606814,30.0052389192982
"2122",2957,"Guangxi","gfdl-esm4","ssp585",NA,1.8158923678062,29.0604396275112
"2123",2958,"Guangxi","gfdl-esm4","ssp585",NA,9.76865710449288,27.9968592539555
"2124",2959,"Guangxi","gfdl-esm4","ssp585",NA,17.6083447739062,28.6071789140461
"2125",2960,"Guangxi","gfdl-esm4","ssp585",NA,1.07736197811468,29.8074060263754
"2126",2961,"Guangxi","gfdl-esm4","ssp585",NA,1.54204511620127,25.3739241399685
"2127",2962,"Guangxi","gfdl-esm4","ssp585",NA,0.694139229344423,25.5176253631336
"2128",2963,"Guangxi","gfdl-esm4","ssp585",NA,0.0421369509807418,23.7743582589286
"2129",2964,"Guangxi","gfdl-esm4","ssp585",NA,0.00360298758539461,23.968746717437
"2130",2965,"Guangxi","gfdl-esm4","ssp585",NA,1.19459702587281,24.7439634178867
"2131",2966,"Guangxi","gfdl-esm4","ssp585",NA,1.38836702888725,23.5856734075466
"2132",2967,"Guangxi","gfdl-esm4","ssp585",NA,0.266465328262895,21.1119022144991
"2133",2968,"Guangxi","gfdl-esm4","ssp585",NA,0.333044960828397,20.1744916130515
"2134",2969,"Guangxi","gfdl-esm4","ssp585",NA,1.3908666904404,20.3406134084493
"2135",2970,"Guangxi","gfdl-esm4","ssp585",NA,0.507950280034722,18.608075053752
"2136",2971,"Guangxi","gfdl-esm4","ssp585",NA,1.55047467136178,19.2800801766019
"2137",2972,"Guangxi","gfdl-esm4","ssp585",NA,0.42233037469777,17.8321202895221
"2138",2973,"Guangxi","gfdl-esm4","ssp585",NA,0.302821899413404,15.0640666544938
"2139",2974,"Guangxi","gfdl-esm4","ssp585",NA,0.396202440389374,16.8693287568934
"2140",2975,"Guangxi","gfdl-esm4","ssp585",NA,1.21979000223918,18.0472193100873
"2141",2976,"Guangxi","gfdl-esm4","ssp585",NA,0.354599108653042,9.37952711602221
"2142",2977,"Guangxi","gfdl-esm4","ssp585",NA,2.449023971271,16.3997528332622
"2143",2978,"Guangxi","gfdl-esm4","ssp585",NA,0.299345219146217,10.7651037392496
"2144",2979,"Guangxi","gfdl-esm4","ssp585",NA,5.71485998997506,15.5782426080784
"2145",2980,"Guangxi","gfdl-esm4","ssp585",NA,2.60374147679323,12.0030650419348
"2146",2981,"Guangxi","gfdl-esm4","ssp585",NA,1.45563571216837,11.3335990841649
"2147",2982,"Guangxi","gfdl-esm4","ssp585",NA,2.32606225991693,12.8834032587645
"2148",2983,"Guangxi","gfdl-esm4","ssp585",NA,0.482939781288239,12.8247256495372
"2149",2984,"Guangxi","gfdl-esm4","ssp585",NA,2.40079364894783,18.960697667739
"2150",2985,"Guangxi","gfdl-esm4","ssp585",NA,1.82503014058339,20.6074324920398
"2151",2986,"Guangxi","gfdl-esm4","ssp585",NA,2.64627925319007,19.8988815179392
"2152",2987,"Guangxi","gfdl-esm4","ssp585",NA,4.68872454275667,15.33219394203
"2153",2988,"Guangxi","gfdl-esm4","ssp585",NA,2.26690512207083,22.3204681140034
"2154",2989,"Guangxi","gfdl-esm4","ssp585",NA,6.67240314778335,18.8662913090041
"2155",2990,"Guangxi","gfdl-esm4","ssp585",NA,2.53691608083966,21.2969996861049
"2156",2991,"Guangxi","gfdl-esm4","ssp585",NA,1.73974666015958,23.7317651059447
"2157",2992,"Guangxi","gfdl-esm4","ssp585",NA,2.70671509483882,25.3443775337284
"2158",2993,"Guangxi","gfdl-esm4","ssp585",NA,9.70421652612741,24.7722369025735
"2159",2994,"Guangxi","gfdl-esm4","ssp585",NA,6.3762764051255,28.8418364709165
"2160",2995,"Guangxi","gfdl-esm4","ssp585",NA,3.25225608308465,28.89972872694
"2161",2996,"Guangxi","gfdl-esm4","ssp585",NA,19.5883825311735,28.2393363888524
"2162",2997,"Guangxi","gfdl-esm4","ssp585",NA,4.54335706330801,28.0204836035977
"2163",2998,"Guangxi","gfdl-esm4","ssp585",NA,7.30676596883443,28.9729675292969
"2164",2999,"Guangxi","gfdl-esm4","ssp585",NA,11.8964056369441,28.1994807908515
"2165",3000,"Guangxi","gfdl-esm4","ssp585",NA,22.3125570943412,28.1975039698497
"2166",3001,"Guangxi","gfdl-esm4","ssp585",NA,22.6035871571739,28.8822874437861
"2167",3002,"Guangxi","gfdl-esm4","ssp585",NA,10.7520157570087,29.5528706013656
"2168",3003,"Guangxi","gfdl-esm4","ssp585",NA,14.3782164686897,29.7357592157957
"2169",3004,"Guangxi","gfdl-esm4","ssp585",NA,6.35374359601004,30.0944591874836
"2170",3005,"Guangxi","gfdl-esm4","ssp585",NA,1.62923919545079,28.6982344939929
"2171",3006,"Guangxi","gfdl-esm4","ssp585",NA,1.46434272660976,29.7677523572906
"2172",3007,"Guangxi","gfdl-esm4","ssp585",NA,3.17953026296799,30.2246099904806
"2173",3008,"Guangxi","gfdl-esm4","ssp585",NA,7.08127837265979,29.3201218548943
"2174",3009,"Guangxi","gfdl-esm4","ssp585",NA,3.50015133362877,29.3330165830981
"2175",3010,"Guangxi","gfdl-esm4","ssp585",NA,4.03765552889562,30.4884681509323
"2176",3011,"Guangxi","gfdl-esm4","ssp585",NA,3.43679747271289,29.4568360913702
"2177",3012,"Guangxi","gfdl-esm4","ssp585",NA,2.07465106576078,28.5463108607701
"2178",3013,"Guangxi","gfdl-esm4","ssp585",NA,7.66113060450977,29.2470174837513
"2179",3014,"Guangxi","gfdl-esm4","ssp585",NA,0.356159938005667,26.3960412289916
"2180",3015,"Guangxi","gfdl-esm4","ssp585",NA,0.477885945364192,24.23725042263
"2181",3016,"Guangxi","gfdl-esm4","ssp585",NA,0.792753568748594,24.1759937446659
"2182",3017,"Guangxi","gfdl-esm4","ssp585",NA,0.340461297457311,26.0995314654182
"2183",3018,"Guangxi","gfdl-esm4","ssp585",NA,1.1036821133698,23.2670601468127
"2184",3019,"Guangxi","gfdl-esm4","ssp585",NA,1.26763810649254,21.3169225356158
"2185",3020,"Guangxi","gfdl-esm4","ssp585",NA,6.26046714333129,23.9669507451418
"2186",3021,"Guangxi","gfdl-esm4","ssp585",NA,3.47835791171609,16.9919435132452
"2187",3022,"Guangxi","gfdl-esm4","ssp585",NA,0.0103009429072057,16.9431153369551
"2188",3023,"Guangxi","gfdl-esm4","ssp585",NA,2.12146156929001,15.2237006179425
"2189",3024,"Guangxi","gfdl-esm4","ssp585",NA,0.00126217680488236,14.475597888081
"2190",3025,"Guangxi","gfdl-esm4","ssp585",NA,0.0217379103982117,15.4278035652738
"2191",3026,"Guangxi","gfdl-esm4","ssp585",NA,0.180376430961427,13.5464229808134
"2192",3027,"Guangxi","gfdl-esm4","ssp585",NA,2.22960805861101,15.7660130092076
"2193",3028,"Guangxi","gfdl-esm4","ssp585",NA,0.274623023932912,13.9564638282071
"2194",3029,"Guangxi","gfdl-esm4","ssp585",NA,1.52056467249496,12.6912115529806
"2195",3030,"Guangxi","gfdl-esm4","ssp585",NA,1.10763670785459,17.2858045049075
"2196",3031,"Guangxi","gfdl-esm4","ssp585",NA,1.98950381968009,15.0328859473477
"2197",3032,"Guangxi","gfdl-esm4","ssp585",NA,2.35884582416077,16.2324358258929
"2198",3033,"Guangxi","gfdl-esm4","ssp585",NA,0.132008439956253,9.37136707466192
"2199",3034,"Guangxi","gfdl-esm4","ssp585",NA,0.335065543920241,16.061662279658
"2200",3035,"Guangxi","gfdl-esm4","ssp585",NA,0.438020202757897,15.6822255366991
"2201",3036,"Guangxi","gfdl-esm4","ssp585",NA,1.73368146074478,18.324977175929
"2202",3037,"Guangxi","gfdl-esm4","ssp585",NA,2.1607538705777,18.260393825499
"2203",3038,"Guangxi","gfdl-esm4","ssp585",NA,2.74371218614592,18.4572083545332
"2204",3039,"Guangxi","gfdl-esm4","ssp585",NA,1.75078283511936,21.4930282464549
"2205",3040,"Guangxi","gfdl-esm4","ssp585",NA,5.09255412824957,20.0887519900539
"2206",3041,"Guangxi","gfdl-esm4","ssp585",NA,4.0754152365801,22.3857853224298
"2207",3042,"Guangxi","gfdl-esm4","ssp585",NA,0.636211408595917,24.6955004267332
"2208",3043,"Guangxi","gfdl-esm4","ssp585",NA,3.59336673065276,22.1621949267989
"2209",3044,"Guangxi","gfdl-esm4","ssp585",NA,8.91601331620658,24.6487975561318
"2210",3045,"Guangxi","gfdl-esm4","ssp585",NA,4.3135139997376,26.8750541109999
"2211",3046,"Guangxi","gfdl-esm4","ssp585",NA,10.6994955639143,24.6099558084953
"2212",3047,"Guangxi","gfdl-esm4","ssp585",NA,5.76535600349072,26.8670476320411
"2213",3048,"Guangxi","gfdl-esm4","ssp585",NA,10.0667554990889,24.7505278771665
"2214",3049,"Guangxi","gfdl-esm4","ssp585",NA,5.73746420179534,27.6097479812238
"2215",3050,"Guangxi","gfdl-esm4","ssp585",NA,9.60061209822688,28.2448378619026
"2216",3051,"Guangxi","gfdl-esm4","ssp585",NA,8.72205036546802,27.6522615320542
"2217",3052,"Guangxi","gfdl-esm4","ssp585",NA,4.590780243882,28.5125782686122
"2218",3053,"Guangxi","gfdl-esm4","ssp585",NA,2.12898845733373,30.1514021160222
"2219",3054,"Guangxi","gfdl-esm4","ssp585",NA,10.9521305888404,29.6286514410452
"2220",3055,"Guangxi","gfdl-esm4","ssp585",NA,4.3919681422383,30.38871521509
"2221",3056,"Guangxi","gfdl-esm4","ssp585",NA,7.0494938461673,29.942439180262
"2222",3057,"Guangxi","gfdl-esm4","ssp585",NA,1.61795075692382,31.5338673824022
"2223",3058,"Guangxi","gfdl-esm4","ssp585",NA,11.1478904953157,29.4183935341715
"2224",3059,"Guangxi","gfdl-esm4","ssp585",NA,0.251116156931468,29.2351375804228
"2225",3060,"Guangxi","gfdl-esm4","ssp585",NA,1.5971431731965,31.4107623957786
"2226",3061,"Guangxi","gfdl-esm4","ssp585",NA,20.182110549851,29.786967198989
"2227",3062,"Guangxi","gfdl-esm4","ssp585",NA,2.32046027005953,28.0182826963794
"2228",3063,"Guangxi","gfdl-esm4","ssp585",NA,6.01644743970686,26.9088289661568
"2229",3064,"Guangxi","gfdl-esm4","ssp585",NA,8.11949728740728,28.0183906106388
"2230",3065,"Guangxi","gfdl-esm4","ssp585",NA,3.50869549897782,28.4978871065028
"2231",3066,"Guangxi","gfdl-esm4","ssp585",NA,1.52018519290055,28.2662692542838
"2232",3067,"Guangxi","gfdl-esm4","ssp585",NA,3.94521076720785,27.0961680179885
"2233",3068,"Guangxi","gfdl-esm4","ssp585",NA,0.0327384979388297,25.6248536694952
"2234",3069,"Guangxi","gfdl-esm4","ssp585",NA,0.436564396032667,24.0750863211496
"2235",3070,"Guangxi","gfdl-esm4","ssp585",NA,4.39097495007201,22.9736845641577
"2236",3071,"Guangxi","gfdl-esm4","ssp585",NA,11.2058614296477,21.173960504612
"2237",3072,"Guangxi","gfdl-esm4","ssp585",NA,2.17944134947389,22.7147468631007
"2238",3073,"Guangxi","gfdl-esm4","ssp585",NA,1.1329288994474,23.5431574460839
"2239",3074,"Guangxi","gfdl-esm4","ssp585",NA,1.43740765197191,23.0776413348543
"2240",3075,"Guangxi","gfdl-esm4","ssp585",NA,9.44866699407926,14.7628073299633
"2241",3076,"Guangxi","gfdl-esm4","ssp585",NA,2.86150303492633,12.697915572479
"2242",3077,"Guangxi","gfdl-esm4","ssp585",NA,0.307395832360347,15.7309699563419
"2243",3078,"Guangxi","gfdl-esm4","ssp585",NA,0.511949595929458,19.1838503028165
"2244",3079,"Guangxi","gfdl-esm4","ssp585",NA,1.28267035663432,15.8074919884946
"2245",3080,"Guangxi","gfdl-esm4","ssp585",NA,1.51002764361646,11.6861723571265
"2246",3081,"Guangxi","gfdl-esm4","ssp585",NA,1.60141849584089,17.5099677590763
"2247",3082,"Guangxi","gfdl-esm4","ssp585",NA,3.85737526901431,12.4607723460478
"2248",3083,"Guangxi","gfdl-esm4","ssp585",NA,1.98436322217666,12.539925147305
"2249",3084,"Guangxi","gfdl-esm4","ssp585",NA,7.66051950803596,13.8270124675847
"2250",3085,"Guangxi","gfdl-esm4","ssp585",NA,8.44019261657401,13.9156216148569
"2251",3086,"Guangxi","gfdl-esm4","ssp585",NA,2.69391890236753,11.3646186892726
"2252",3087,"Guangxi","gfdl-esm4","ssp585",NA,6.41179478399985,14.2922973632813
"2253",3088,"Guangxi","gfdl-esm4","ssp585",NA,2.99716212075219,11.4666012034697
"2254",3089,"Guangxi","gfdl-esm4","ssp585",NA,6.21946882911991,14.3593896176635
"2255",3090,"Guangxi","gfdl-esm4","ssp585",NA,3.76460200727393,14.3145342145648
"2256",3091,"Guangxi","gfdl-esm4","ssp585",NA,3.73531205379519,16.2485873695181
"2257",3092,"Guangxi","gfdl-esm4","ssp585",NA,6.11347302821481,17.5285271139706
"2258",3093,"Guangxi","gfdl-esm4","ssp585",NA,5.38387006063891,18.1511250471869
"2259",3094,"Guangxi","gfdl-esm4","ssp585",NA,2.10008083518945,22.2210024537159
"2260",3095,"Guangxi","gfdl-esm4","ssp585",NA,1.17731408346232,25.8800257065717
"2261",3096,"Guangxi","gfdl-esm4","ssp585",NA,6.34500180775319,20.9184824198234
"2262",3097,"Guangxi","gfdl-esm4","ssp585",NA,0.123686694433451,24.5355985753677
"2263",3098,"Guangxi","gfdl-esm4","ssp585",NA,9.96722092835916,22.5595298446527
"2264",3099,"Guangxi","gfdl-esm4","ssp585",NA,4.35283615041212,25.4832602108226
"2265",3100,"Guangxi","gfdl-esm4","ssp585",NA,12.5279011540187,24.9079802697446
"2266",3101,"Guangxi","gfdl-esm4","ssp585",NA,6.12735830003627,27.3317893148471
"2267",3102,"Guangxi","gfdl-esm4","ssp585",NA,6.47409096359595,27.5436080804392
"2268",3103,"Guangxi","gfdl-esm4","ssp585",NA,7.40772051271235,27.7454638056395
"2269",3104,"Guangxi","gfdl-esm4","ssp585",NA,22.1936512379334,27.5807734641708
"2270",3105,"Guangxi","gfdl-esm4","ssp585",NA,7.92841416702861,28.5591550682773
"2271",3106,"Guangxi","gfdl-esm4","ssp585",NA,16.3914754683282,29.2672457142037
"2272",3107,"Guangxi","gfdl-esm4","ssp585",NA,6.35321856556402,29.9615373371028
"2273",3108,"Guangxi","gfdl-esm4","ssp585",NA,9.60561222314982,30.190729170086
"2274",3109,"Guangxi","gfdl-esm4","ssp585",NA,11.1252990143032,28.9912978741301
"2275",3110,"Guangxi","gfdl-esm4","ssp585",NA,1.31830105635138,30.2851879985393
"2276",3111,"Guangxi","gfdl-esm4","ssp585",NA,8.91041100212274,29.2837916782924
"2277",3112,"Guangxi","gfdl-esm4","ssp585",NA,10.7338673626858,29.1165728913636
"2278",3113,"Guangxi","gfdl-esm4","ssp585",NA,7.98689163006508,29.157676837825
"2279",3114,"Guangxi","gfdl-esm4","ssp585",NA,13.7153772170291,29.2027713551241
"2280",3115,"Guangxi","gfdl-esm4","ssp585",NA,0.551616424945831,28.3860641351267
"2281",3116,"Guangxi","gfdl-esm4","ssp585",NA,0.0305666161404908,27.9948644814371
"2282",3117,"Guangxi","gfdl-esm4","ssp585",NA,2.33239497382455,29.1828918457031
"2283",3118,"Guangxi","gfdl-esm4","ssp585",NA,6.20358863192649,28.0478004263229
"2284",3119,"Guangxi","gfdl-esm4","ssp585",NA,3.21248845368154,27.7429287437631
"2285",3120,"Guangxi","gfdl-esm4","ssp585",NA,2.17436401830815,24.7184127679392
"2286",3121,"Guangxi","gfdl-esm4","ssp585",NA,0.497839562356435,21.3666198217568
"2287",3122,"Guangxi","gfdl-esm4","ssp585",NA,20.2412745435183,23.2790152926405
"2288",3123,"Guangxi","gfdl-esm4","ssp585",NA,0.0846351126003218,20.031527735606
"2289",3124,"Guangxi","gfdl-esm4","ssp585",NA,0.046631455479044,18.0720187660025
"2290",3125,"Guangxi","gfdl-esm4","ssp585",NA,0.0655202045334804,16.6945102723707
"2291",3126,"Guangxi","gfdl-esm4","ssp585",NA,0.00480068370564391,16.2021027380679
"2292",3127,"Guangxi","gfdl-esm4","ssp585",NA,0.000770591522719586,15.154110230518
"2293",3128,"Guangxi","gfdl-esm4","ssp585",NA,0.842226686530493,15.2766715426405
"2294",3129,"Guangxi","gfdl-esm4","ssp585",NA,2.19327365892057,15.4700594349068
"2295",3130,"Guangxi","gfdl-esm4","ssp585",NA,1.18659141335902,12.1078903070017
"2296",3131,"Guangxi","gfdl-esm4","ssp585",NA,0.43632173031141,10.0518049993435
"2297",3132,"Guangxi","gfdl-esm4","ssp585",NA,0.432505334348138,11.5973715902377
"2298",3133,"Guangxi","gfdl-esm4","ssp585",NA,0.581217604834086,13.2123739803539
"2299",3134,"Guangxi","gfdl-esm4","ssp585",NA,0.379979901793858,9.43397498892137
"2300",3135,"Guangxi","gfdl-esm4","ssp585",NA,0.0148381981327337,10.5782498912651
"2301",3136,"Guangxi","gfdl-esm4","ssp585",NA,0.201476334519352,14.5399481252462
"2302",3137,"Guangxi","gfdl-esm4","ssp585",NA,5.17293293258477,12.3291127950204
"2303",3138,"Guangxi","gfdl-esm4","ssp585",NA,3.74848302353727,13.678251891577
"2304",3139,"Guangxi","gfdl-esm4","ssp585",NA,3.28562062593816,13.3270482680377
"2305",3140,"Guangxi","gfdl-esm4","ssp585",NA,3.74231282848644,16.0676928608358
"2306",3141,"Guangxi","gfdl-esm4","ssp585",NA,7.90260802953946,15.0068683015198
"2307",3142,"Guangxi","gfdl-esm4","ssp585",NA,9.49366170428182,11.1922999790737
"2308",3143,"Guangxi","gfdl-esm4","ssp585",NA,11.9939876269866,14.7890290075991
"2309",3144,"Guangxi","gfdl-esm4","ssp585",NA,1.83986195632498,22.6862031824449
"2310",3145,"Guangxi","gfdl-esm4","ssp585",NA,3.99463663984664,18.9341379886916
"2311",3146,"Guangxi","gfdl-esm4","ssp585",NA,0.126727309599891,23.2040685829996
"2312",3147,"Guangxi","gfdl-esm4","ssp585",NA,2.24296101083428,22.4597697794938
"2313",3148,"Guangxi","gfdl-esm4","ssp585",NA,23.2206747027797,23.0012696338301
"2314",3149,"Guangxi","gfdl-esm4","ssp585",NA,8.24404098319676,24.2836780708377
"2315",3150,"Guangxi","gfdl-esm4","ssp585",NA,6.40410527441662,25.8597956296777
"2316",3151,"Guangxi","gfdl-esm4","ssp585",NA,2.67183052266896,24.637523849872
"2317",3152,"Guangxi","gfdl-esm4","ssp585",NA,4.64040190784629,27.8036200002462
"2318",3153,"Guangxi","gfdl-esm4","ssp585",NA,10.4411391712121,25.3203862037979
"2319",3154,"Guangxi","gfdl-esm4","ssp585",NA,8.55243058783122,27.9145710408187
"2320",3155,"Guangxi","gfdl-esm4","ssp585",NA,3.48091258512169,28.906626520237
"2321",3156,"Guangxi","gfdl-esm4","ssp585",NA,11.8516584593264,29.2530767360655
"2322",3157,"Guangxi","gfdl-esm4","ssp585",NA,19.3042966429487,28.701271634142
"2323",3158,"Guangxi","gfdl-esm4","ssp585",NA,1.52574110161092,30.7545629677653
"2324",3159,"Guangxi","gfdl-esm4","ssp585",NA,5.97963774785646,30.578849779658
"2325",3160,"Guangxi","gfdl-esm4","ssp585",NA,4.86239237435876,27.3086333972066
"2326",3161,"Guangxi","gfdl-esm4","ssp585",NA,3.32575418073461,29.8463611763065
"2327",3162,"Guangxi","gfdl-esm4","ssp585",NA,12.3605688251835,28.605951543215
"2328",3163,"Guangxi","gfdl-esm4","ssp585",NA,5.68834240074336,27.9605537478664
"2329",3164,"Guangxi","gfdl-esm4","ssp585",NA,6.29180868209204,29.1400019797958
"2330",3165,"Guangxi","gfdl-esm4","ssp585",NA,7.56737068549954,28.7884989762507
"2331",3166,"Guangxi","gfdl-esm4","ssp585",NA,1.85005287453679,27.9347828071659
"2332",3167,"Guangxi","gfdl-esm4","ssp585",NA,2.25918055606354,29.0890300846902
"2333",3168,"Guangxi","gfdl-esm4","ssp585",NA,2.45593571928799,28.7802287125788
"2334",3169,"Guangxi","gfdl-esm4","ssp585",NA,3.08536965344891,29.2240091788669
"2335",3170,"Guangxi","gfdl-esm4","ssp585",NA,0.87339184745391,28.7865341058299
"2336",3171,"Guangxi","gfdl-esm4","ssp585",NA,0.107481044883074,24.9954900148536
"2337",3172,"Guangxi","gfdl-esm4","ssp585",NA,0.34219910743773,25.5589899143251
"2338",3173,"Guangxi","gfdl-esm4","ssp585",NA,0.0713887337775961,25.1281312060957
"2339",3174,"Guangxi","gfdl-esm4","ssp585",NA,0.298292486803184,22.7416376194032
"2340",3175,"Guangxi","gfdl-esm4","ssp585",NA,0.00378923265394528,21.7950809767267
"2341",3176,"Guangxi","gfdl-esm4","ssp585",NA,0.107256651039386,22.7366227863216
"2342",3177,"Guangxi","gfdl-esm4","ssp585",NA,0.736665351120921,23.7106320677685
"2343",3178,"Guangxi","gfdl-esm4","ssp585",NA,2.56733718097793,22.8873189974232
"2344",3179,"Guangxi","gfdl-esm4","ssp585",NA,1.03064182173963,16.1529754382222
"2345",3180,"Guangxi","gfdl-esm4","ssp585",NA,0.126045767863295,20.0600666975775
"2346",3181,"Guangxi","gfdl-esm4","ssp585",NA,0.74567705415338,18.882489167542
"2347",3182,"Guangxi","gfdl-esm4","ssp585",NA,0.0661700706992067,14.9420262953815
"2348",3183,"Guangxi","gfdl-esm4","ssp585",NA,0.0606434104836716,18.2748202283843
"2349",3184,"Guangxi","gfdl-esm4","ssp585",NA,0.413005321341402,13.4224400111607
"2350",3185,"Guangxi","gfdl-esm4","ssp585",NA,0.314553418796423,14.4005411612888
"2351",3186,"Guangxi","gfdl-esm4","ssp585",NA,0.914928313410629,16.6367172625887
"2352",3187,"Guangxi","gfdl-esm4","ssp585",NA,1.67584876298631,10.8542813854058
"2353",3188,"Guangxi","gfdl-esm4","ssp585",NA,0.566525796315576,13.2700117351628
"2354",3189,"Guangxi","gfdl-esm4","ssp585",NA,0.506562933296052,13.3600974716059
"2355",3190,"Guangxi","gfdl-esm4","ssp585",NA,2.80626051637472,15.9530214453946
"2356",3191,"Guangxi","gfdl-esm4","ssp585",NA,0.109030894696431,11.2010082597492
"2357",3192,"Guangxi","gfdl-esm4","ssp585",NA,0.411163397360067,19.1559013815487
"2358",3193,"Guangxi","gfdl-esm4","ssp585",NA,2.50289201744949,18.8141376399193
"2359",3194,"Guangxi","gfdl-esm4","ssp585",NA,1.22552072725021,16.0030873531053
"2360",3195,"Guangxi","gfdl-esm4","ssp585",NA,0.567648776876227,21.7919408461627
"2361",3196,"Guangxi","gfdl-esm4","ssp585",NA,0.53119579335773,24.6273749856388
"2362",3197,"Guangxi","gfdl-esm4","ssp585",NA,16.6452159379678,19.2044323833049
"2363",3198,"Guangxi","gfdl-esm4","ssp585",NA,4.86437666761232,23.6721500685235
"2364",3199,"Guangxi","gfdl-esm4","ssp585",NA,1.03615837104234,27.349759090648
"2365",3200,"Guangxi","gfdl-esm4","ssp585",NA,7.29326178636531,24.0099079548812
"2366",3201,"Guangxi","gfdl-esm4","ssp585",NA,4.8136946186032,24.2963589708345
"2367",3202,"Guangxi","gfdl-esm4","ssp585",NA,0.921890632698323,27.2346704306723
"2368",3203,"Guangxi","gfdl-esm4","ssp585",NA,3.65531781321906,29.8247531410025
"2369",3204,"Guangxi","gfdl-esm4","ssp585",NA,8.72835253896055,25.8341875348773
"2370",3205,"Guangxi","gfdl-esm4","ssp585",NA,0.7482763480196,31.5342022551208
"2371",3206,"Guangxi","gfdl-esm4","ssp585",NA,4.83204439839609,28.1752241375066
"2372",3207,"Guangxi","gfdl-esm4","ssp585",NA,10.4963976294394,30.8312061982997
"2373",3208,"Guangxi","gfdl-esm4","ssp585",NA,9.37602257382033,30.3788522415802
"2374",3209,"Guangxi","gfdl-esm4","ssp585",NA,6.06783002320574,30.4813539649258
"2375",3210,"Guangxi","gfdl-esm4","ssp585",NA,3.54629689099538,31.4385585239956
"2376",3211,"Guangxi","gfdl-esm4","ssp585",NA,15.6821375050622,29.0899640764509
"2377",3212,"Guangxi","gfdl-esm4","ssp585",NA,11.6576971839835,29.7314927045037
"2378",3213,"Guangxi","gfdl-esm4","ssp585",NA,9.98387187610144,29.9099584755778
"2379",3214,"Guangxi","gfdl-esm4","ssp585",NA,3.84132449294867,30.2756081460905
"2380",3215,"Guangxi","gfdl-esm4","ssp585",NA,16.9542845574196,29.8429623900342
"2381",3216,"Guangxi","gfdl-esm4","ssp585",NA,0.433608084762867,30.962579191833
"2382",3217,"Guangxi","gfdl-esm4","ssp585",NA,4.0019250835183,30.2318122414982
"2383",3218,"Guangxi","gfdl-esm4","ssp585",NA,6.92027292474312,30.151987797072
"2384",3219,"Guangxi","gfdl-esm4","ssp585",NA,2.71726464516468,28.6632458085774
"2385",3220,"Guangxi","gfdl-esm4","ssp585",NA,3.77817139470401,29.6400910193179
"2386",3221,"Guangxi","gfdl-esm4","ssp585",NA,8.93693498535103,29.5029526654412
"2387",3222,"Guangxi","gfdl-esm4","ssp585",NA,0.838733478093436,27.0286508255646
"2388",3223,"Guangxi","gfdl-esm4","ssp585",NA,4.0332829151206,28.643789083016
"2389",3224,"Guangxi","gfdl-esm4","ssp585",NA,0.806903922258404,24.6233183532202
"2390",3225,"Guangxi","gfdl-esm4","ssp585",NA,0.14059316260095,25.7076504234506
"2391",3226,"Guangxi","gfdl-esm4","ssp585",NA,0.206145191628255,21.9140382910977
"2392",3227,"Guangxi","gfdl-esm4","ssp585",NA,0.0076228529990146,21.5053859165737
"2393",3228,"Guangxi","gfdl-esm4","ssp585",NA,1.40909183520712,22.0538102863216
"2394",3229,"Guangxi","gfdl-esm4","ssp585",NA,0.152056143024693,18.3822133296678
"2395",3230,"Guangxi","gfdl-esm4","ssp585",NA,0.00161465008556256,19.6201307280725
"2396",3231,"Guangxi","gfdl-esm4","ssp585",NA,0.24316923105671,19.6063746348149
"2397",3232,"Guangxi","gfdl-esm4","ssp585",NA,0.268331597887,22.1446784524357
"2398",3233,"Guangxi","gfdl-esm4","ssp585",NA,0.562621428371513,15.2717608796448
"2399",3234,"Guangxi","gfdl-esm4","ssp585",NA,2.95149587621771,14.8266442563354
"2400",3235,"Guangxi","gfdl-esm4","ssp585",NA,0.0846735021845876,14.5503476952305
"2401",3236,"Guangxi","gfdl-esm4","ssp585",NA,0.167335703613275,15.8458349917116
"2402",3237,"Guangxi","gfdl-esm4","ssp585",NA,1.91206433698342,20.7923981482242
"2403",3238,"Guangxi","gfdl-esm4","ssp585",NA,5.03070193820204,10.0451492950696
"2404",3239,"Guangxi","gfdl-esm4","ssp585",NA,1.65868069879596,14.143797751034
"2405",3240,"Guangxi","gfdl-esm4","ssp585",NA,0.00387431353848123,9.6242331625033
"2406",3241,"Guangxi","gfdl-esm4","ssp585",NA,0.164398588530573,11.4297054002265
"2407",3242,"Guangxi","gfdl-esm4","ssp585",NA,0.741588929776902,16.8732667041426
"2408",3243,"Guangxi","gfdl-esm4","ssp585",NA,0.278364640878007,13.5794387432708
"2409",3244,"Guangxi","gfdl-esm4","ssp585",NA,2.7671440289123,17.9532057818245
"2410",3245,"Guangxi","gfdl-esm4","ssp585",NA,2.87882576109484,17.6107095157399
"2411",3246,"Guangxi","gfdl-esm4","ssp585",NA,6.23596601609822,13.2026705188912
"2412",3247,"Guangxi","gfdl-esm4","ssp585",NA,3.09986247549258,15.4475247423188
"2413",3248,"Guangxi","gfdl-esm4","ssp585",NA,4.67380059144825,17.798952913685
"2414",3249,"Guangxi","gfdl-esm4","ssp585",NA,0.19082790966896,22.2748840332032
"2415",3250,"Guangxi","gfdl-esm4","ssp585",NA,1.60637185317789,25.156496294807
"2416",3251,"Guangxi","gfdl-esm4","ssp585",NA,1.21706059723792,21.1935284782859
"2417",3252,"Guangxi","gfdl-esm4","ssp585",NA,2.44432252826438,23.8845883665967
"2418",3253,"Guangxi","gfdl-esm4","ssp585",NA,3.28705693815163,27.2544894691275
"2419",3254,"Guangxi","gfdl-esm4","ssp585",NA,3.76695956742137,27.3478168904281
"2420",3255,"Guangxi","gfdl-esm4","ssp585",NA,1.19974766924567,29.4896615164621
"2421",3256,"Guangxi","gfdl-esm4","ssp585",NA,5.69207091383859,32.3559248211003
"2422",3257,"Guangxi","gfdl-esm4","ssp585",NA,10.6404644222842,27.3191653468028
"2423",3258,"Guangxi","gfdl-esm4","ssp585",NA,20.6022799893223,28.7623196641938
"2424",3259,"Guangxi","gfdl-esm4","ssp585",NA,11.9917359542631,28.1767547863872
"2425",3260,"Guangxi","gfdl-esm4","ssp585",NA,4.29689475992279,29.6515162876674
"2426",3261,"Guangxi","gfdl-esm4","ssp585",NA,3.2930311716746,29.1146471039588
"2427",3262,"Guangxi","gfdl-esm4","ssp585",NA,4.62552567963435,29.8798468068868
"2428",3263,"Guangxi","gfdl-esm4","ssp585",NA,13.1551636294935,30.4134024483817
"2429",3264,"Guangxi","gfdl-esm4","ssp585",NA,7.44879027000827,29.1937515899915
"2430",3265,"Guangxi","gfdl-esm4","ssp585",NA,9.52782922472067,29.3206805573792
"2431",3266,"Guangxi","gfdl-esm4","ssp585",NA,7.8189213255741,29.9446745543921
"2432",3267,"Guangxi","gfdl-esm4","ssp585",NA,10.2615568859338,29.7915977157465
"2433",3268,"Guangxi","gfdl-esm4","ssp585",NA,9.03149933010309,28.6082328732274
"2434",3269,"Guangxi","gfdl-esm4","ssp585",NA,6.65473083929834,29.5887345001477
"2435",3270,"Guangxi","gfdl-esm4","ssp585",NA,11.1817008469847,30.0665307309447
"2436",3271,"Guangxi","gfdl-esm4","ssp585",NA,9.75826636936389,28.5922788475742
"2437",3272,"Guangxi","gfdl-esm4","ssp585",NA,3.77534459526208,27.6076124688157
"2438",3273,"Guangxi","gfdl-esm4","ssp585",NA,2.00765484065001,27.6000632919184
"2439",3274,"Guangxi","gfdl-esm4","ssp585",NA,20.4087157183603,27.5017268846015
"2440",3275,"Guangxi","gfdl-esm4","ssp585",NA,5.41971306902177,27.6891723632813
"2441",3276,"Guangxi","gfdl-esm4","ssp585",NA,1.85255992046299,26.6141581559382
"2442",3277,"Guangxi","gfdl-esm4","ssp585",NA,0.767890184354908,27.0277177057347
"2443",3278,"Guangxi","gfdl-esm4","ssp585",NA,0.323689525340197,21.640132359096
"2444",3279,"Guangxi","gfdl-esm4","ssp585",NA,0.00224524590811896,20.2607904001445
"2445",3280,"Guangxi","gfdl-esm4","ssp585",NA,0.00882763049576015,16.8165504263229
"2446",3281,"Guangxi","gfdl-esm4","ssp585",NA,0.00341871100394232,18.3331514759224
"2447",3282,"Guangxi","gfdl-esm4","ssp585",NA,0.0219095102370718,15.8343655113413
"2448",3283,"Guangxi","gfdl-esm4","ssp585",NA,1.03751495395672,18.243243203043
"2449",3284,"Guangxi","gfdl-esm4","ssp585",NA,1.26063183650957,18.5659238158154
"2450",3285,"Guangxi","gfdl-esm4","ssp585",NA,0.016901098059548,14.5199014102712
"2451",3286,"Guangxi","gfdl-esm4","ssp585",NA,0.539369395108744,17.1273765756303
"2452",3287,"Guangxi","gfdl-esm4","ssp585",NA,0.0226284205087386,12.7955021705948
"2453",3288,"Guangxi","gfdl-esm4","ssp585",NA,0.382072836398626,14.9988044289982
"2454",3289,"Guangxi","gfdl-esm4","ssp585",NA,0.0131537134328929,12.9931498038669
"2455",3290,"Guangxi","gfdl-esm4","ssp585",NA,0.596469576425798,17.373518897305
"2456",3291,"Guangxi","gfdl-esm4","ssp585",NA,0.780284769486166,11.8458793576024
"2457",3292,"Guangxi","gfdl-esm4","ssp585",NA,9.76459025267348,10.4476260401622
"2458",3293,"Guangxi","gfdl-esm4","ssp585",NA,3.02289068522976,13.623624144482
"2459",3294,"Guangxi","gfdl-esm4","ssp585",NA,4.66500717031018,12.7781932670529
"2460",3295,"Guangxi","gfdl-esm4","ssp585",NA,2.09578200143873,14.6510618065586
"2461",3296,"Guangxi","gfdl-esm4","ssp585",NA,0.531572512503955,13.0218386866466
"2462",3297,"Guangxi","gfdl-esm4","ssp585",NA,0.505511035588511,15.5286113835183
"2463",3298,"Guangxi","gfdl-esm4","ssp585",NA,2.80542366320004,15.8217932949547
"2464",3299,"Guangxi","gfdl-esm4","ssp585",NA,2.80269901968877,19.1615528266971
"2465",3300,"Guangxi","gfdl-esm4","ssp585",NA,9.16978846312006,14.9490942690553
"2466",3301,"Guangxi","gfdl-esm4","ssp585",NA,13.6122773484049,15.8060349921219
"2467",3302,"Guangxi","gfdl-esm4","ssp585",NA,5.91043982264598,15.5383524405856
"2468",3303,"Guangxi","gfdl-esm4","ssp585",NA,2.6844760766572,17.1869092925256
"2469",3304,"Guangxi","gfdl-esm4","ssp585",NA,1.34823947120715,22.3109715053014
"2470",3305,"Guangxi","gfdl-esm4","ssp585",NA,2.27537777324984,25.4718671013327
"2471",3306,"Guangxi","gfdl-esm4","ssp585",NA,2.140864926924,23.924236086036
"2472",3307,"Guangxi","gfdl-esm4","ssp585",NA,2.8849136771621,28.0413979410124
"2473",3308,"Guangxi","gfdl-esm4","ssp585",NA,6.73648604792748,28.6391366141183
"2474",3309,"Guangxi","gfdl-esm4","ssp585",NA,19.3579940270523,27.3281978831572
"2475",3310,"Guangxi","gfdl-esm4","ssp585",NA,9.09008600999271,27.2133819836529
"2476",3311,"Guangxi","gfdl-esm4","ssp585",NA,9.43684149128625,29.3659713616892
"2477",3312,"Guangxi","gfdl-esm4","ssp585",NA,31.1149766425428,28.0171945780265
"2478",3313,"Guangxi","gfdl-esm4","ssp585",NA,14.8728569819626,28.3787870006401
"2479",3314,"Guangxi","gfdl-esm4","ssp585",NA,8.27505061853415,27.5238796202075
"2480",3315,"Guangxi","gfdl-esm4","ssp585",NA,3.31678876974495,29.4854883530561
"2481",3316,"Guangxi","gfdl-esm4","ssp585",NA,4.5589888884111,29.9207431825269
"2482",3317,"Guangxi","gfdl-esm4","ssp585",NA,1.32072638715749,29.5479375759093
"2483",3318,"Guangxi","gfdl-esm4","ssp585",NA,5.95413030448339,29.6802467666754
"2484",3319,"Guangxi","gfdl-esm4","ssp585",NA,8.96427599320977,27.9017902278099
"2485",3320,"Guangxi","gfdl-esm4","ssp585",NA,2.4507022239554,28.8727590352547
"2486",3321,"Guangxi","gfdl-esm4","ssp585",NA,4.9946748781657,28.9185237083115
"2487",3322,"Guangxi","gfdl-esm4","ssp585",NA,1.84168915893954,30.4385437524619
"2488",3323,"Guangxi","gfdl-esm4","ssp585",NA,0.605768721364585,28.4618888790868
"2489",3324,"Guangxi","gfdl-esm4","ssp585",NA,5.55056044268811,29.0902457613905
"2490",3325,"Guangxi","gfdl-esm4","ssp585",NA,0.385290962362544,29.6927530753513
"2491",3326,"Guangxi","gfdl-esm4","ssp585",NA,1.62491802073098,28.7418505756795
"2492",3327,"Guangxi","gfdl-esm4","ssp585",NA,0.280329492215816,26.8418147239365
"2493",3328,"Guangxi","gfdl-esm4","ssp585",NA,0.0225767031371419,23.7838513286174
"2494",3329,"Guangxi","gfdl-esm4","ssp585",NA,0.00820719306440358,24.8316508317194
"2495",3330,"Guangxi","gfdl-esm4","ssp585",NA,0.00155248339390656,24.139329362116
"2496",3331,"Guangxi","gfdl-esm4","ssp585",NA,1.05086275423154,24.7652877166492
"2497",3332,"Guangxi","gfdl-esm4","ssp585",NA,0.0681709129233187,24.3728796181559
"2498",3333,"Guangxi","gfdl-esm4","ssp585",NA,1.10049390569909,24.1629049862133
"2499",3334,"Guangxi","gfdl-esm4","ssp585",NA,5.17224592611364,21.8317905458082
"2500",3335,"Guangxi","gfdl-esm4","ssp585",NA,2.89241878948692,17.2957404641544
"2501",3336,"Guangxi","gfdl-esm4","ssp585",NA,0.684649075304785,18.092581304983
"2502",3337,"Guangxi","gfdl-esm4","ssp585",NA,0.096207966831999,14.1835135323661
"2503",3338,"Guangxi","gfdl-esm4","ssp585",NA,0.202779126878287,19.1790044704405
"2504",3339,"Guangxi","gfdl-esm4","ssp585",NA,1.64468901126292,14.3627606560202
"2505",3340,"Guangxi","gfdl-esm4","ssp585",NA,0.681151369315236,10.9464796050256
"2506",3341,"Guangxi","gfdl-esm4","ssp585",NA,1.09837096870694,16.1889801281841
"2507",3342,"Guangxi","gfdl-esm4","ssp585",NA,4.15019727599031,13.8541742917871
"2508",3343,"Guangxi","gfdl-esm4","ssp585",NA,0.696238312745411,9.07173051593687
"2509",3344,"Guangxi","gfdl-esm4","ssp585",NA,4.12114651778815,13.0205105308725
"2510",3345,"Guangxi","gfdl-esm4","ssp585",NA,0.320593782530867,13.7527338108095
"2511",3346,"Guangxi","gfdl-esm4","ssp585",NA,0.213965332000311,13.3170792267102
"2512",3347,"Guangxi","gfdl-esm4","ssp585",NA,0.37876047281071,18.6744489910222
"2513",3348,"Guangxi","gfdl-esm4","ssp585",NA,1.06078112035627,17.9190770766314
"2514",3349,"Guangxi","gfdl-esm4","ssp585",NA,1.16055593499743,20.9720634909237
"2515",3350,"Guangxi","gfdl-esm4","ssp585",NA,0.872749001418237,19.0390846060104
"2516",3351,"Guangxi","gfdl-esm4","ssp585",NA,2.16266835764458,18.6946482938879
"2517",3352,"Guangxi","gfdl-esm4","ssp585",NA,3.6429354233442,18.7126938250886
"2518",3353,"Guangxi","gfdl-esm4","ssp585",NA,0.624545359778724,23.6507554511062
"2519",3354,"Guangxi","gfdl-esm4","ssp585",NA,0.856466969843717,27.02450079397
"2520",3355,"Guangxi","gfdl-esm4","ssp585",NA,2.7945514012708,20.5872498071494
"2521",3356,"Guangxi","gfdl-esm4","ssp585",NA,5.26482585057941,25.7701731962316
"2522",3357,"Guangxi","gfdl-esm4","ssp585",NA,5.4309466564063,21.8603770023635
"2523",3358,"Guangxi","gfdl-esm4","ssp585",NA,0.743631408323618,25.3680086536568
"2524",3359,"Guangxi","gfdl-esm4","ssp585",NA,7.02073757813196,25.6899936708082
"2525",3360,"Guangxi","gfdl-esm4","ssp585",NA,2.67970395282837,28.8879935641249
"2526",3361,"Guangxi","gfdl-esm4","ssp585",NA,6.29057140447561,27.6020473961069
"2527",3362,"Guangxi","gfdl-esm4","ssp585",NA,13.0988049323518,26.5140186470096
"2528",3363,"Guangxi","gfdl-esm4","ssp585",NA,5.84145995481463,29.8049115349265
"2529",3364,"Guangxi","gfdl-esm4","ssp585",NA,19.8755859692597,28.033274725906
"2530",3365,"Guangxi","gfdl-esm4","ssp585",NA,5.79260406381328,30.1862603708476
"2531",3366,"Guangxi","gfdl-esm4","ssp585",NA,3.93396984124478,30.2567312032235
"2532",3367,"Guangxi","gfdl-esm4","ssp585",NA,1.82708284900301,31.7198912035518
"2533",3368,"Guangxi","gfdl-esm4","ssp585",NA,5.36195478324855,31.7276864700959
"2534",3369,"Guangxi","gfdl-esm4","ssp585",NA,9.49764001986074,30.6004821777344
"2535",3370,"Guangxi","gfdl-esm4","ssp585",NA,8.96951982411903,31.2654900045956
"2536",3371,"Guangxi","gfdl-esm4","ssp585",NA,6.09684129967244,30.0490559040999
"2537",3372,"Guangxi","gfdl-esm4","ssp585",NA,0.263148460205436,31.4807328424534
"2538",3373,"Guangxi","gfdl-esm4","ssp585",NA,15.7266453500363,29.4193604541426
"2539",3374,"Guangxi","gfdl-esm4","ssp585",NA,5.04735918694869,27.9249807149423
"2540",3375,"Guangxi","gfdl-esm4","ssp585",NA,11.8638617317824,29.840489389115
"2541",3376,"Guangxi","gfdl-esm4","ssp585",NA,5.79414319345202,30.1244627880449
"2542",3377,"Guangxi","gfdl-esm4","ssp585",NA,1.96778133653455,28.1592128721606
"2543",3378,"Guangxi","gfdl-esm4","ssp585",NA,0.355270354169178,27.7640293153394
"2544",3379,"Guangxi","gfdl-esm4","ssp585",NA,0.0429999943891835,28.654631080948
"2545",3380,"Guangxi","gfdl-esm4","ssp585",NA,0.0788590731453875,27.8466345009684
"2546",3381,"Guangxi","gfdl-esm4","ssp585",NA,0.524375255310374,28.154539938534
"2547",3382,"Guangxi","gfdl-esm4","ssp585",NA,0.00232021252860945,25.3003814440816
"2548",3383,"Guangxi","gfdl-esm4","ssp585",NA,0.00212283764414082,25.0343301724987
"2549",3384,"Guangxi","gfdl-esm4","ssp585",NA,1.27713069903208,26.6361292221967
"2550",3385,"Guangxi","gfdl-esm4","ssp585",NA,2.36127505019114,22.4870058203946
"2551",3386,"Guangxi","gfdl-esm4","ssp585",NA,2.95921136347157,22.5367136209953
"2552",3387,"Guangxi","gfdl-esm4","ssp585",NA,3.69192342482203,18.4061707055869
"2553",3388,"Guangxi","gfdl-esm4","ssp585",NA,2.27236804710797,12.654061351103
"2554",3389,"Guangxi","gfdl-esm4","ssp585",NA,0.111554590872677,16.4241669983423
"2555",3390,"Guangxi","gfdl-esm4","ssp585",NA,0.537753974093895,14.4474846335019
"2556",3391,"Guangxi","gfdl-esm4","ssp585",NA,3.48468084545819,14.1790750455456
"2557",3392,"Guangxi","gfdl-esm4","ssp585",NA,1.34443593017895,13.3702914710806
"2558",3393,"Guangxi","gfdl-esm4","ssp585",NA,0.8527264117027,16.0238142253972
"2559",3394,"Guangxi","gfdl-esm4","ssp585",NA,1.90318820932528,15.3402077041754
"2560",3395,"Guangxi","gfdl-esm4","ssp585",NA,1.40914599266343,9.00200205570512
"2561",3396,"Guangxi","gfdl-esm4","ssp585",NA,0.312160651172372,13.5818642496061
"2562",3397,"Guangxi","gfdl-esm4","ssp585",NA,1.56344972520542,15.3651147153197
"2563",3398,"Guangxi","gfdl-esm4","ssp585",NA,0.0748940686967484,10.9906885483686
"2564",3399,"Guangxi","gfdl-esm4","ssp585",NA,2.4026340141494,13.4634196305476
"2565",3400,"Guangxi","gfdl-esm4","ssp585",NA,1.47282659813716,15.7221888950893
"2566",3401,"Guangxi","gfdl-esm4","ssp585",NA,9.47843816705298,14.4969656295135
"2567",3402,"Guangxi","gfdl-esm4","ssp585",NA,1.41913295884914,16.9592461081112
"2568",3403,"Guangxi","gfdl-esm4","ssp585",NA,0.635692004370332,18.2825850799304
"2569",3404,"Guangxi","gfdl-esm4","ssp585",NA,11.2112383412035,17.2243287671514
"2570",3405,"Guangxi","gfdl-esm4","ssp585",NA,2.23398114170548,14.4986912318639
"2571",3406,"Guangxi","gfdl-esm4","ssp585",NA,5.86261086921443,19.7630097717798
"2572",3407,"Guangxi","gfdl-esm4","ssp585",NA,1.61540293184458,20.0734882258568
"2573",3408,"Guangxi","gfdl-esm4","ssp585",NA,1.40521818856152,24.6646134576878
"2574",3409,"Guangxi","gfdl-esm4","ssp585",NA,2.26575806891759,23.0297619731487
"2575",3410,"Guangxi","gfdl-esm4","ssp585",NA,2.73842565380374,22.5238561806559
"2576",3411,"Guangxi","gfdl-esm4","ssp585",NA,10.0182640298724,25.6221085235852
"2577",3412,"Guangxi","gfdl-esm4","ssp585",NA,16.1573423117,24.3492549607734
"2578",3413,"Guangxi","gfdl-esm4","ssp585",NA,2.09807912389317,26.4113755682937
"2579",3414,"Guangxi","gfdl-esm4","ssp585",NA,2.98643229401352,27.6961827895221
"2580",3415,"Guangxi","gfdl-esm4","ssp585",NA,8.01683483909761,27.0629550965894
"2581",3416,"Guangxi","gfdl-esm4","ssp585",NA,14.1007936481288,28.0953188086758
"2582",3417,"Guangxi","gfdl-esm4","ssp585",NA,18.3928373120023,28.7889717679064
"2583",3418,"Guangxi","gfdl-esm4","ssp585",NA,30.0807706009782,28.3805850758272
"2584",3419,"Guangxi","gfdl-esm4","ssp585",NA,1.79731200529082,29.8279049144072
"2585",3420,"Guangxi","gfdl-esm4","ssp585",NA,3.16427439493039,31.3226320410977
"2586",3421,"Guangxi","gfdl-esm4","ssp585",NA,11.1035006932529,30.9910106498654
"2587",3422,"Guangxi","gfdl-esm4","ssp585",NA,7.35568422656064,30.6165242683988
"2588",3423,"Guangxi","gfdl-esm4","ssp585",NA,4.83766833732789,31.1168839655003
"2589",3424,"Guangxi","gfdl-esm4","ssp585",NA,12.417134135567,29.6977116432511
"2590",3425,"Guangxi","gfdl-esm4","ssp585",NA,6.7933614701013,29.9420970756467
"2591",3426,"Guangxi","gfdl-esm4","ssp585",NA,3.0253313023722,30.0475322819558
"2592",3427,"Guangxi","gfdl-esm4","ssp585",NA,8.6874713597274,28.8681328268612
"2593",3428,"Guangxi","gfdl-esm4","ssp585",NA,12.842168762623,29.1265469591157
"2594",3429,"Guangxi","gfdl-esm4","ssp585",NA,0.998559421668306,28.3836051876806
"2595",3430,"Guangxi","gfdl-esm4","ssp585",NA,2.150015623262,26.6094115185137
"2596",3431,"Guangxi","gfdl-esm4","ssp585",NA,0.62265141907761,27.4089912991564
"2597",3432,"Guangxi","gfdl-esm4","ssp585",NA,0.0351416976315834,25.3808855842142
"2598",3433,"Guangxi","gfdl-esm4","ssp585",NA,0.00317046064709826,24.3689537240678
"2599",3434,"Guangxi","gfdl-esm4","ssp585",NA,12.545760012814,25.0961824817818
"2600",3435,"Guangxi","gfdl-esm4","ssp585",NA,1.76276790961012,20.1900971228335
"2601",3436,"Guangxi","gfdl-esm4","ssp585",NA,0.974437080046354,21.9204432383305
"2602",3437,"Guangxi","gfdl-esm4","ssp585",NA,0.0516640398282795,20.4889697675946
"2603",3438,"Guangxi","gfdl-esm4","ssp585",NA,8.19396549500741,19.8326613995208
"2604",3439,"Guangxi","gfdl-esm4","ssp585",NA,2.0480660079425,22.3027230398996
"2605",3440,"Guangxi","gfdl-esm4","ssp585",NA,0.00267630874276153,15.3013564165901
"2606",3441,"Guangxi","gfdl-esm4","ssp585",NA,0.0184307865012914,19.3703839983259
"2607",3442,"Guangxi","gfdl-esm4","ssp585",NA,0.0012524267343096,14.1386789530265
"2608",3443,"Guangxi","gfdl-esm4","ssp585",NA,0.000368496769953113,13.9021687996488
"2609",3444,"Guangxi","gfdl-esm4","ssp585",NA,0.00401141206727034,12.0224026207163
"2610",3445,"Guangxi","gfdl-esm4","ssp585",NA,0.966831028581051,15.0486899496127
"2611",3446,"Guangxi","gfdl-esm4","ssp585",NA,0.280481619003939,14.8341690704602
"2612",3447,"Guangxi","gfdl-esm4","ssp585",NA,1.43385926554111,14.3943830730535
"2613",3448,"Guangxi","gfdl-esm4","ssp585",NA,1.44570519364324,16.0901224601169
"2614",3449,"Guangxi","gfdl-esm4","ssp585",NA,1.31173867026274,14.5728687446659
"2615",3450,"Guangxi","gfdl-esm4","ssp585",NA,7.98456150654128,11.9050626866958
"2616",3451,"Guangxi","gfdl-esm4","ssp585",NA,1.18694134912196,12.8914263044085
"2617",3452,"Guangxi","gfdl-esm4","ssp585",NA,1.67791998297005,12.3493064559809
"2618",3453,"Guangxi","gfdl-esm4","ssp585",NA,0.498011386958186,15.4644070665376
"2619",3454,"Guangxi","gfdl-esm4","ssp585",NA,1.79501184829799,16.6775785045464
"2620",3455,"Guangxi","gfdl-esm4","ssp585",NA,0.688885063551852,18.5403876296613
"2621",3456,"Guangxi","gfdl-esm4","ssp585",NA,2.41764002225382,22.7843162216059
"2622",3457,"Guangxi","gfdl-esm4","ssp585",NA,4.79169749417352,21.6382123161765
"2623",3458,"Guangxi","gfdl-esm4","ssp585",NA,3.20124304761544,22.89224171358
"2624",3459,"Guangxi","gfdl-esm4","ssp585",NA,6.23081711129892,19.8149092986804
"2625",3460,"Guangxi","gfdl-esm4","ssp585",NA,12.6328043978487,18.3715240222066
"2626",3461,"Guangxi","gfdl-esm4","ssp585",NA,3.64497703859671,21.4321076208804
"2627",3462,"Guangxi","gfdl-esm4","ssp585",NA,1.99688237801707,26.6509421981684
"2628",3463,"Guangxi","gfdl-esm4","ssp585",NA,11.0177156461761,23.4417135286732
"2629",3464,"Guangxi","gfdl-esm4","ssp585",NA,8.70661936352321,25.5943019834887
"2630",3465,"Guangxi","gfdl-esm4","ssp585",NA,3.02511160725328,28.3817826471409
"2631",3466,"Guangxi","gfdl-esm4","ssp585",NA,2.45361764247734,31.5934544667477
"2632",3467,"Guangxi","gfdl-esm4","ssp585",NA,17.1673583190855,29.5361919499245
"2633",3468,"Guangxi","gfdl-esm4","ssp585",NA,14.4797884759806,29.8364245502889
"2634",3469,"Guangxi","gfdl-esm4","ssp585",NA,12.7860521999763,29.582731051405
"2635",3470,"Guangxi","gfdl-esm4","ssp585",NA,13.600589164826,28.5386860310531
"2636",3471,"Guangxi","gfdl-esm4","ssp585",NA,2.70404916096289,30.1080538196724
"2637",3472,"Guangxi","gfdl-esm4","ssp585",NA,5.93471784637081,29.8605753409763
"2638",3473,"Guangxi","gfdl-esm4","ssp585",NA,4.8368920215574,29.9771650554753
"2639",3474,"Guangxi","gfdl-esm4","ssp585",NA,3.59896249825122,31.0489633255646
"2640",3475,"Guangxi","gfdl-esm4","ssp585",NA,1.22975837722388,30.6465914686187
"2641",3476,"Guangxi","gfdl-esm4","ssp585",NA,18.0140905276396,30.0809640579865
"2642",3477,"Guangxi","gfdl-esm4","ssp585",NA,1.30633217165628,30.6131921078979
"2643",3478,"Guangxi","gfdl-esm4","ssp585",NA,8.02599670771133,29.8125020003119
"2644",3479,"Guangxi","gfdl-esm4","ssp585",NA,12.147508493905,29.9559608267135
"2645",3480,"Guangxi","gfdl-esm4","ssp585",NA,3.72700857640253,30.2852688829438
"2646",3481,"Guangxi","gfdl-esm4","ssp585",NA,5.19056228428376,27.9255415716091
"2647",3482,"Guangxi","gfdl-esm4","ssp585",NA,0.220814094455749,28.2921070772059
"2648",3483,"Guangxi","gfdl-esm4","ssp585",NA,4.23852437818663,28.0487885803736
"2649",3484,"Guangxi","gfdl-esm4","ssp585",NA,0.00242562662147792,23.8031740845753
"2650",3485,"Guangxi","gfdl-esm4","ssp585",NA,0.00424990518886338,26.9836302685137
"2651",3486,"Guangxi","gfdl-esm4","ssp585",NA,1.393515978375,27.521411697003
"2652",3487,"Guangxi","gfdl-esm4","ssp585",NA,2.3168317489145,22.8246995941932
"2653",3488,"Guangxi","gfdl-esm4","ssp585",NA,0.0748704961954005,22.2630633698792
"2654",3489,"Guangxi","gfdl-esm4","ssp585",NA,11.1026209436967,19.7561535234211
"2655",3490,"Guangxi","gfdl-esm4","ssp585",NA,1.67118980505253,22.6731946416262
"2656",3491,"Guangxi","gfdl-esm4","ssp585",NA,1.21818610531216,18.6374583011916
"2657",3492,"Guangxi","gfdl-esm4","ssp585",NA,0.00628868624983266,16.9553467309776
"2658",3493,"Guangxi","gfdl-esm4","ssp585",NA,0.0196578450413654,18.2641170213203
"2659",3494,"Guangxi","gfdl-esm4","ssp585",NA,0.0933714229984066,18.2528221835609
"2660",3495,"Guangxi","gfdl-esm4","ssp585",NA,0.647851967336801,18.4889099633994
"2661",3496,"Guangxi","gfdl-esm4","ssp585",NA,2.61843314961207,19.6971285779937
"2662",3497,"Guangxi","gfdl-esm4","ssp585",NA,0.23406931211423,13.0043437028132
"2663",3498,"Guangxi","gfdl-esm4","ssp585",NA,0.353698051145605,14.6320032969243
"2664",3499,"Guangxi","gfdl-esm4","ssp585",NA,2.37435542033144,13.7610231030889
"2665",3500,"Guangxi","gfdl-esm4","ssp585",NA,0.270780439964523,14.6509908724232
"2666",3501,"Guangxi","gfdl-esm4","ssp585",NA,0.435235408107734,18.5543390354189
"2667",3502,"Guangxi","gfdl-esm4","ssp585",NA,3.14674327527909,16.827081093668
"2668",3503,"Guangxi","gfdl-esm4","ssp585",NA,6.42298858211253,13.8741349933528
"2669",3504,"Guangxi","gfdl-esm4","ssp585",NA,3.46144583294517,16.2785930216814
"2670",3505,"Guangxi","gfdl-esm4","ssp585",NA,5.41058679826058,13.7324477251839
"2671",3506,"Guangxi","gfdl-esm4","ssp585",NA,2.03126147941162,13.1232900924042
"2672",3507,"Guangxi","gfdl-esm4","ssp585",NA,4.19172369589601,19.2288456251641
"2673",3508,"Guangxi","gfdl-esm4","ssp585",NA,1.86831494113575,17.9719141855961
"2674",3509,"Guangxi","gfdl-esm4","ssp585",NA,2.26609684354804,19.7722485967043
"2675",3510,"Guangxi","gfdl-esm4","ssp585",NA,4.24488105325463,21.6109551437763
"2676",3511,"Guangxi","gfdl-esm4","ssp585",NA,2.0172790133973,24.299505204914
"2677",3512,"Guangxi","gfdl-esm4","ssp585",NA,2.98720337124859,24.4761573086266
"2678",3513,"Guangxi","gfdl-esm4","ssp585",NA,2.70958307747873,21.9936035669151
"2679",3514,"Guangxi","gfdl-esm4","ssp585",NA,3.06591116340108,26.1558733258929
"2680",3515,"Guangxi","gfdl-esm4","ssp585",NA,3.92473120378033,27.0784728491006
"2681",3516,"Guangxi","gfdl-esm4","ssp585",NA,1.7854208675571,29.7647865615973
"2682",3517,"Guangxi","gfdl-esm4","ssp585",NA,0.813092155344251,30.7567939822414
"2683",3518,"Guangxi","gfdl-esm4","ssp585",NA,7.14657100758118,25.6020602699088
"2684",3519,"Guangxi","gfdl-esm4","ssp585",NA,10.8965794953715,28.5631374327075
"2685",3520,"Guangxi","gfdl-esm4","ssp585",NA,10.9788905123032,28.0309621089647
"2686",3521,"Guangxi","gfdl-esm4","ssp585",NA,1.25024493562254,30.8486242470621
"2687",3522,"Guangxi","gfdl-esm4","ssp585",NA,12.298037504099,30.8114039829799
"2688",3523,"Guangxi","gfdl-esm4","ssp585",NA,10.025922398875,30.2930212710084
"2689",3524,"Guangxi","gfdl-esm4","ssp585",NA,7.41881697910005,30.2146427443048
"2690",3525,"Guangxi","gfdl-esm4","ssp585",NA,10.0307574564287,29.786770758108
"2691",3526,"Guangxi","gfdl-esm4","ssp585",NA,6.75459190598479,29.5089321617319
"2692",3527,"Guangxi","gfdl-esm4","ssp585",NA,7.4215042775513,29.8933231129366
"2693",3528,"Guangxi","gfdl-esm4","ssp585",NA,1.87811592623993,30.0848330201221
"2694",3529,"Guangxi","gfdl-esm4","ssp585",NA,1.54757466191669,30.9084282370175
"2695",3530,"Guangxi","gfdl-esm4","ssp585",NA,9.33888470483961,30.3741989520418
"2696",3531,"Guangxi","gfdl-esm4","ssp585",NA,21.3702406975203,28.7889581247538
"2697",3532,"Guangxi","gfdl-esm4","ssp585",NA,4.70785899249998,29.2155814547499
"2698",3533,"Guangxi","gfdl-esm4","ssp585",NA,8.74016183814031,30.2360680844604
"2699",3534,"Guangxi","gfdl-esm4","ssp585",NA,2.26581996176666,29.0212544930082
"2700",3535,"Guangxi","gfdl-esm4","ssp585",NA,9.98712697175567,28.6678078531217
"2701",3536,"Guangxi","gfdl-esm4","ssp585",NA,0.0250413337883348,26.0957774955686
"2702",3537,"Guangxi","gfdl-esm4","ssp585",NA,4.28212041630823,25.8960302529215
"2703",3538,"Guangxi","gfdl-esm4","ssp585",NA,0.519792578269815,24.3186304428998
"2704",3539,"Guangxi","gfdl-esm4","ssp585",NA,0.0600582295260784,21.1395183659401
"2705",3540,"Guangxi","gfdl-esm4","ssp585",NA,7.13717483795855,18.7701644256336
"2706",3541,"Guangxi","gfdl-esm4","ssp585",NA,0.394551852211614,18.4473092215402
"2707",3542,"Guangxi","gfdl-esm4","ssp585",NA,0.494831615960262,18.3665477592404
"2708",3543,"Guangxi","gfdl-esm4","ssp585",NA,0.0543985226384301,22.7539796973477
"2709",3544,"Guangxi","gfdl-esm4","ssp585",NA,0.462692363374522,19.2269289160977
"2710",3545,"Guangxi","gfdl-esm4","ssp585",NA,6.41608831608676,13.2295720461036
"2711",3546,"Guangxi","gfdl-esm4","ssp585",NA,0.703390577608453,16.0531363863905
"2712",3547,"Guangxi","gfdl-esm4","ssp585",NA,0.0218632161472249,12.3777932046842
"2713",3548,"Guangxi","gfdl-esm4","ssp585",NA,0.0465322743095859,13.6620935263754
"2714",3549,"Guangxi","gfdl-esm4","ssp585",NA,0.509170669613028,14.8765004903329
"2715",3550,"Guangxi","gfdl-esm4","ssp585",NA,0.17794052641088,11.8842596486837
"2716",3551,"Guangxi","gfdl-esm4","ssp585",NA,0.479852087895886,13.6905863785944
"2717",3552,"Guangxi","gfdl-esm4","ssp585",NA,1.47633244513271,14.8476330156086
"2718",3553,"Guangxi","gfdl-esm4","ssp585",NA,0.266411700679118,14.1005548044413
"2719",3554,"Guangxi","gfdl-esm4","ssp585",NA,0.0727692185869311,14.4002925584296
"2720",3555,"Guangxi","gfdl-esm4","ssp585",NA,3.1817572038,14.8991222221311
"2721",3556,"Guangxi","gfdl-esm4","ssp585",NA,1.23001824079782,15.3134767676602
"2722",3557,"Guangxi","gfdl-esm4","ssp585",NA,2.18647014008768,16.4826639640231
"2723",3558,"Guangxi","gfdl-esm4","ssp585",NA,4.75821811650066,15.3745012042903
"2724",3559,"Guangxi","gfdl-esm4","ssp585",NA,1.86289960975214,17.9182249437861
"2725",3560,"Guangxi","gfdl-esm4","ssp585",NA,1.32223154961788,15.363907347607
"2726",3561,"Guangxi","gfdl-esm4","ssp585",NA,1.25060248347645,19.6933914312796
"2727",3562,"Guangxi","gfdl-esm4","ssp585",NA,5.35334446764673,19.7033288266479
"2728",3563,"Guangxi","gfdl-esm4","ssp585",NA,10.6974818798959,19.9428458077567
"2729",3564,"Guangxi","gfdl-esm4","ssp585",NA,9.22268485347826,18.8940083479681
"2730",3565,"Guangxi","gfdl-esm4","ssp585",NA,4.01012121337848,22.7386542825138
"2731",3566,"Guangxi","gfdl-esm4","ssp585",NA,10.0331307842336,22.5614628639542
"2732",3567,"Guangxi","gfdl-esm4","ssp585",NA,3.53845425924551,25.3050858185071
"2733",3568,"Guangxi","gfdl-esm4","ssp585",NA,4.93085461110684,25.2290202677751
"2734",3569,"Guangxi","gfdl-esm4","ssp585",NA,5.34818440967202,27.1913477280561
"2735",3570,"Guangxi","gfdl-esm4","ssp585",NA,6.43232153581434,26.9190825133765
"2736",3571,"Guangxi","gfdl-esm4","ssp585",NA,14.897130077858,27.7919782366072
"2737",3572,"Guangxi","gfdl-esm4","ssp585",NA,5.54706980041098,29.2963190671777
"2738",3573,"Guangxi","gfdl-esm4","ssp585",NA,1.49451387238636,29.8514483283548
"2739",3574,"Guangxi","gfdl-esm4","ssp585",NA,9.06785960885903,28.6969642446823
"2740",3575,"Guangxi","gfdl-esm4","ssp585",NA,4.71038953289196,29.4978822339483
"2741",3576,"Guangxi","gfdl-esm4","ssp585",NA,4.42148489192358,30.2333015506007
"2742",3577,"Guangxi","gfdl-esm4","ssp585",NA,2.67625188136555,30.7232428029806
"2743",3578,"Guangxi","gfdl-esm4","ssp585",NA,3.03860322195225,30.4457321551668
"2744",3579,"Guangxi","gfdl-esm4","ssp585",NA,14.0801526313345,29.4232046944755
"2745",3580,"Guangxi","gfdl-esm4","ssp585",NA,12.2185757471493,28.9365718553046
"2746",3581,"Guangxi","gfdl-esm4","ssp585",NA,4.23394225947921,29.6620959370076
"2747",3582,"Guangxi","gfdl-esm4","ssp585",NA,1.94190284459396,30.2605662113478
"2748",3583,"Guangxi","gfdl-esm4","ssp585",NA,9.97996649215978,29.5820977219013
"2749",3584,"Guangxi","gfdl-esm4","ssp585",NA,0.0863729031667741,28.0698321687073
"2750",3585,"Guangxi","gfdl-esm4","ssp585",NA,5.15110089597825,29.5147416315159
"2751",3586,"Guangxi","gfdl-esm4","ssp585",NA,6.35383730671653,29.961169638754
"2752",3587,"Guangxi","gfdl-esm4","ssp585",NA,11.6505418972605,27.1930529682576
"2753",3588,"Guangxi","gfdl-esm4","ssp585",NA,0.0179509855300568,27.0066237505745
"2754",3589,"Guangxi","gfdl-esm4","ssp585",NA,0.0186602740845459,23.5458797166328
"2755",3590,"Guangxi","gfdl-esm4","ssp585",NA,0.00195777684534771,23.2725928555016
"2756",3591,"Guangxi","gfdl-esm4","ssp585",NA,0.031973076721985,23.410705309956
"2757",3592,"Guangxi","gfdl-esm4","ssp585",NA,1.12245953714163,24.7719957880613
"2758",3593,"Guangxi","gfdl-esm4","ssp585",NA,0.988137581567388,26.3258258723411
"2759",3594,"Guangxi","gfdl-esm4","ssp585",NA,0.85622695318796,24.6777001132484
"2760",3595,"Guangxi","gfdl-esm4","ssp585",NA,2.01286482674174,20.6375035903033
"2761",3596,"Guangxi","gfdl-esm4","ssp585",NA,3.01017635069338,18.2582545176274
"2762",3597,"Guangxi","gfdl-esm4","ssp585",NA,0.0188292481018399,16.1272014201188
"2763",3598,"Guangxi","gfdl-esm4","ssp585",NA,0.198209498730877,16.7240492876838
"2764",3599,"Guangxi","gfdl-esm4","ssp585",NA,1.14529376296743,17.0465557707458
"2765",3600,"Guangxi","gfdl-esm4","ssp585",NA,3.78376648953258,19.7061850668002
"2766",3601,"Guangxi","gfdl-esm4","ssp585",NA,0.555891813277443,15.7365912942326
"2767",3602,"Guangxi","gfdl-esm4","ssp585",NA,2.30214192235401,14.6758307448956
"2768",3603,"Guangxi","gfdl-esm4","ssp585",NA,0.0152378274932966,11.8895608853893
"2769",3604,"Guangxi","gfdl-esm4","ssp585",NA,2.39883006412373,18.0582272313222
"2770",3605,"Guangxi","gfdl-esm4","ssp585",NA,0.948855900066267,12.5489904579996
"2771",3606,"Guangxi","gfdl-esm4","ssp585",NA,0.633104500526972,13.1815286588268
"2772",3607,"Guangxi","gfdl-esm4","ssp585",NA,2.92965351395613,18.0503638003053
"2773",3608,"Guangxi","gfdl-esm4","ssp585",NA,1.72112419840744,16.4880422896698
"2774",3609,"Guangxi","gfdl-esm4","ssp585",NA,1.31250418067488,14.5614520417542
"2775",3610,"Guangxi","gfdl-esm4","ssp585",NA,2.24590986088408,17.2321010044643
"2776",3611,"Guangxi","gfdl-esm4","ssp585",NA,1.53618163841851,20.7096289883141
"2777",3612,"Guangxi","gfdl-esm4","ssp585",NA,2.87711374748898,13.9777069861148
"2778",3613,"Guangxi","gfdl-esm4","ssp585",NA,2.09984074715105,16.4733720538997
"2779",3614,"Guangxi","gfdl-esm4","ssp585",NA,0.913697745300782,20.837972022305
"2780",3615,"Guangxi","gfdl-esm4","ssp585",NA,3.01239181496545,21.0598486635865
"2781",3616,"Guangxi","gfdl-esm4","ssp585",NA,1.4267289013166,26.8825040929458
"2782",3617,"Guangxi","gfdl-esm4","ssp585",NA,2.96217888383099,24.5352672929524
"2783",3618,"Guangxi","gfdl-esm4","ssp585",NA,5.54621928256052,23.1754428382681
"2784",3619,"Guangxi","gfdl-esm4","ssp585",NA,9.92468654400825,23.3138154871324
"2785",3620,"Guangxi","gfdl-esm4","ssp585",NA,1.99710336649248,29.0411105628775
"2786",3621,"Guangxi","gfdl-esm4","ssp585",NA,10.1082411323137,25.792396917263
"2787",3622,"Guangxi","gfdl-esm4","ssp585",NA,5.366355299731,28.8587868057379
"2788",3623,"Guangxi","gfdl-esm4","ssp585",NA,4.44747124523944,31.0585919035583
"2789",3624,"Guangxi","gfdl-esm4","ssp585",NA,11.142631044929,28.2008010992483
"2790",3625,"Guangxi","gfdl-esm4","ssp585",NA,1.58491459374312,28.5046708820247
"2791",3626,"Guangxi","gfdl-esm4","ssp585",NA,14.7688639197587,27.3310519691275
"2792",3627,"Guangxi","gfdl-esm4","ssp585",NA,13.2115006017294,29.7755291081277
"2793",3628,"Guangxi","gfdl-esm4","ssp585",NA,5.89049636302142,29.8809587751116
"2794",3629,"Guangxi","gfdl-esm4","ssp585",NA,5.16518352922977,30.562479381401
"2795",3630,"Guangxi","gfdl-esm4","ssp585",NA,9.27265194947883,30.8464202624409
"2796",3631,"Guangxi","gfdl-esm4","ssp585",NA,13.2337045066648,29.89344615776
"2797",3632,"Guangxi","gfdl-esm4","ssp585",NA,14.13151294249,28.8482962472098
"2798",3633,"Guangxi","gfdl-esm4","ssp585",NA,16.0355592697385,29.4294911616991
"2799",3634,"Guangxi","gfdl-esm4","ssp585",NA,4.71539323019943,30.8172279165573
"2800",3635,"Guangxi","gfdl-esm4","ssp585",NA,6.16202661598421,30.3967986291196
"2801",3636,"Guangxi","gfdl-esm4","ssp585",NA,6.37134568249289,30.1036725725447
"2802",3637,"Guangxi","gfdl-esm4","ssp585",NA,1.58565103005595,29.7784107368534
"2803",3638,"Guangxi","gfdl-esm4","ssp585",NA,3.43839030463626,29.8853084788603
"2804",3639,"Guangxi","gfdl-esm4","ssp585",NA,0,26.540263661617
"2805",3640,"Guangxi","gfdl-esm4","ssp585",NA,0.295482019625042,28.3768211557084
"2806",3641,"Guangxi","gfdl-esm4","ssp585",NA,3.51879359769318,25.1250439042805
"2807",3642,"Guangxi","gfdl-esm4","ssp585",NA,0.115217016678462,21.8193365016905
"2808",3643,"Guangxi","gfdl-esm4","ssp585",NA,1.3688991544811,24.2146772625066
"2809",3644,"Guangxi","gfdl-esm4","ssp585",NA,0.132789308978822,19.5903209525998
"2810",3645,"Guangxi","gfdl-esm4","ssp585",NA,0.0067553278036756,21.137332897026
"2811",3646,"Guangxi","gfdl-esm4","ssp585",NA,1.46389382630156,19.0628338982077
"2812",3647,"Guangxi","gfdl-esm4","ssp585",NA,1.89840079991951,21.4623826996619
"2813",3648,"Guangxi","gfdl-esm4","ssp585",NA,6.76552434853707,15.4833129369912
"2814",3649,"Guangxi","gfdl-esm4","ssp585",NA,0.302759832862159,17.8896523355436
"2815",3650,"Guangxi","gfdl-esm4","ssp585",NA,0.4618957735951,17.5650070575105
"2816",3651,"Guangxi","gfdl-esm4","ssp585",NA,0.493096526692124,17.0855209222361
"2817",3652,"Guangxi","gfdl-esm4","ssp585",NA,0.737406500966627,11.2551381856454
"2818",3653,"Guangxi","gfdl-esm4","ssp585",NA,0.00451855406156808,13.3473569212842
"2819",3654,"Guangxi","gfdl-esm4","ssp585",NA,0.503749092577975,17.0766215348444
"2820",3655,"Guangxi","gfdl-esm4","ssp585",NA,2.45823160923617,12.8196376768481
"2821",3656,"Guangxi","gfdl-esm4","ssp585",NA,0.227583553398687,10.8054048938912
"2822",3657,"Guangxi","gfdl-esm4","ssp585",NA,0.664828338364615,17.3294708508404
"2823",3658,"Guangxi","gfdl-esm4","ssp585",NA,2.01904230901324,12.6072993430771
"2824",3659,"Guangxi","gfdl-esm4","ssp585",NA,1.925387886143,13.3203180393251
"2825",3660,"Guangxi","gfdl-esm4","ssp585",NA,0.504588396716452,15.3298710157891
"2826",3661,"Guangxi","gfdl-esm4","ssp585",NA,0.848294611329466,18.6196370613675
"2827",3662,"Guangxi","gfdl-esm4","ssp585",NA,6.28459498450415,15.8711829946823
"2828",3663,"Guangxi","gfdl-esm4","ssp585",NA,0.44963482017981,19.085393825499
"2829",3664,"Guangxi","gfdl-esm4","ssp585",NA,6.0054679415618,21.223080521271
"2830",3665,"Guangxi","gfdl-esm4","ssp585",NA,3.86902429295463,21.1508758288472
"2831",3666,"Guangxi","gfdl-esm4","ssp585",NA,1.34557569639216,23.5387735318737
"2832",3667,"Guangxi","gfdl-esm4","ssp585",NA,0.10236851517182,21.5443455800289
"2833",3668,"Guangxi","gfdl-esm4","ssp585",NA,5.4351360450907,17.5374639430968
"2834",3669,"Guangxi","gfdl-esm4","ssp585",NA,6.47949515322802,22.9108719513196
"2835",3670,"Guangxi","gfdl-esm4","ssp585",NA,5.2240921040485,22.6050475048418
"2836",3671,"Guangxi","gfdl-esm4","ssp585",NA,1.5546254846095,26.616295514788
"2837",3672,"Guangxi","gfdl-esm4","ssp585",NA,0.601905811682711,29.1848759498917
"2838",3673,"Guangxi","gfdl-esm4","ssp585",NA,11.0198317431291,27.2409011969046
"2839",3674,"Guangxi","gfdl-esm4","ssp585",NA,8.95636256993185,26.2780917127593
"2840",3675,"Guangxi","gfdl-esm4","ssp585",NA,5.66340330466868,28.2583613547958
"2841",3676,"Guangxi","gfdl-esm4","ssp585",NA,6.42426003522776,27.1048805044479
"2842",3677,"Guangxi","gfdl-esm4","ssp585",NA,10.7451971794914,30.1742530630416
"2843",3678,"Guangxi","gfdl-esm4","ssp585",NA,2.8312378289258,30.8149344308036
"2844",3679,"Guangxi","gfdl-esm4","ssp585",NA,31.8413655179017,28.6933177274816
"2845",3680,"Guangxi","gfdl-esm4","ssp585",NA,9.91381126850637,30.1948527873063
"2846",3681,"Guangxi","gfdl-esm4","ssp585",NA,5.52098167336868,30.2153355702633
"2847",3682,"Guangxi","gfdl-esm4","ssp585",NA,14.6715055450367,30.2973815405068
"2848",3683,"Guangxi","gfdl-esm4","ssp585",NA,12.1250733707864,29.0404434845227
"2849",3684,"Guangxi","gfdl-esm4","ssp585",NA,0.805209559134595,30.4668596027278
"2850",3685,"Guangxi","gfdl-esm4","ssp585",NA,6.62032849674405,30.8603855165113
"2851",3686,"Guangxi","gfdl-esm4","ssp585",NA,6.9159473790413,30.3237620634191
"2852",3687,"Guangxi","gfdl-esm4","ssp585",NA,9.25671604715954,29.5475680824088
"2853",3688,"Guangxi","gfdl-esm4","ssp585",NA,2.09131141805125,30.4331475265888
"2854",3689,"Guangxi","gfdl-esm4","ssp585",NA,11.958718738982,29.2633144346606
"2855",3690,"Guangxi","gfdl-esm4","ssp585",NA,1.29977180818602,29.1015402401195
"2856",3691,"Guangxi","gfdl-esm4","ssp585",NA,3.29232470656463,30.0902511468455
"2857",3692,"Guangxi","gfdl-esm4","ssp585",NA,0.943661129357442,27.3055183474757
"2858",3693,"Guangxi","gfdl-esm4","ssp585",NA,2.45886039310499,27.7557737719111
"2859",3694,"Guangxi","gfdl-esm4","ssp585",NA,0.164350146077282,25.0395845813912
"2860",3695,"Guangxi","gfdl-esm4","ssp585",NA,2.51699621991539,24.689543139033
"2861",3696,"Guangxi","gfdl-esm4","ssp585",NA,0.00485650382954589,22.3082174349232
"2862",3697,"Guangxi","gfdl-esm4","ssp585",NA,0.0271550742555909,22.8108576926865
"2863",3698,"Guangxi","gfdl-esm4","ssp585",NA,5.28713597365295,22.5574600860852
"2864",3699,"Guangxi","gfdl-esm4","ssp585",NA,6.99643004755465,14.266279255843
"2865",3700,"Guangxi","gfdl-esm4","ssp585",NA,3.23862669888643,21.9793581153165
"2866",3701,"Guangxi","gfdl-esm4","ssp585",NA,1.05059622646678,19.8330615644696
"2867",3702,"Guangxi","gfdl-esm4","ssp585",NA,0.999696254903258,18.2186399315586
"2868",3703,"Guangxi","gfdl-esm4","ssp585",NA,2.52719015483644,16.5644034762343
"2869",3704,"Guangxi","gfdl-esm4","ssp585",NA,0.231233692160947,13.4790916635209
"2870",3705,"Guangxi","gfdl-esm4","ssp585",NA,2.84195433748507,19.0086170869715
"2871",3706,"Guangxi","gfdl-esm4","ssp585",NA,1.56924931773123,15.0179063813025
"2872",3707,"Guangxi","gfdl-esm4","ssp585",NA,0.438186662682985,12.6576580656677
"2873",3708,"Guangxi","gfdl-esm4","ssp585",NA,0.089721136138615,13.697473913882
"2874",3709,"Guangxi","gfdl-esm4","ssp585",NA,2.15766766707524,19.1045901514903
"2875",3710,"Guangxi","gfdl-esm4","ssp585",NA,0.510363277540559,17.0697713900013
"2876",3711,"Guangxi","gfdl-esm4","ssp585",NA,4.3080388230346,17.199914294331
"2877",3712,"Guangxi","gfdl-esm4","ssp585",NA,3.26696245747661,14.0086098037848
"2878",3713,"Guangxi","gfdl-esm4","ssp585",NA,3.00969203315189,16.3017164727219
"2879",3714,"Guangxi","gfdl-esm4","ssp585",NA,3.53812653859104,14.3111874876904
"2880",3715,"Guangxi","gfdl-esm4","ssp585",NA,0.334706718822112,20.0599190848215
"2881",3716,"Guangxi","gfdl-esm4","ssp585",NA,1.31203067925526,20.8209482401359
"2882",3717,"Guangxi","gfdl-esm4","ssp585",NA,0.367230558295283,23.5496876436122
"2883",3718,"Guangxi","gfdl-esm4","ssp585",NA,1.44580925699615,22.7429494136522
"2884",3719,"Guangxi","gfdl-esm4","ssp585",NA,4.37420500156361,17.7454476492746
"2885",3720,"Guangxi","gfdl-esm4","ssp585",NA,5.23488824980609,17.9179739302948
"2886",3721,"Guangxi","gfdl-esm4","ssp585",NA,4.78975372694855,22.8653273638557
"2887",3722,"Guangxi","gfdl-esm4","ssp585",NA,4.90493368837327,21.6318976394269
"2888",3723,"Guangxi","gfdl-esm4","ssp585",NA,2.11192316403126,25.9094267003677
"2889",3724,"Guangxi","gfdl-esm4","ssp585",NA,2.07313333455624,28.1731416077173
"2890",3725,"Guangxi","gfdl-esm4","ssp585",NA,10.5314303830204,25.7630103359703
"2891",3726,"Guangxi","gfdl-esm4","ssp585",NA,6.75049458564471,26.4178194959625
"2892",3727,"Guangxi","gfdl-esm4","ssp585",NA,5.02621288749315,28.6488055060892
"2893",3728,"Guangxi","gfdl-esm4","ssp585",NA,9.22802335989882,27.8439816771435
"2894",3729,"Guangxi","gfdl-esm4","ssp585",NA,8.14721135532522,28.2913409064798
"2895",3730,"Guangxi","gfdl-esm4","ssp585",NA,8.28230519858512,30.4153702936253
"2896",3731,"Guangxi","gfdl-esm4","ssp585",NA,4.79344601138591,29.9348530745306
"2897",3732,"Guangxi","gfdl-esm4","ssp585",NA,10.6219466313143,31.0674473866695
"2898",3733,"Guangxi","gfdl-esm4","ssp585",NA,5.486397820294,31.1069146677226
"2899",3734,"Guangxi","gfdl-esm4","ssp585",NA,11.4529061049248,29.759668994551
"2900",3735,"Guangxi","gfdl-esm4","ssp585",NA,1.08816125619036,31.1793012859441
"2901",3736,"Guangxi","gfdl-esm4","ssp585",NA,12.1522092554253,30.8261586421678
"2902",3737,"Guangxi","gfdl-esm4","ssp585",NA,6.35424775535208,30.4660468606388
"2903",3738,"Guangxi","gfdl-esm4","ssp585",NA,11.0906058714244,29.2257347299271
"2904",3739,"Guangxi","gfdl-esm4","ssp585",NA,6.92671793537457,29.6534198664818
"2905",3740,"Guangxi","gfdl-esm4","ssp585",NA,2.12530597597566,30.3299356412487
"2906",3741,"Guangxi","gfdl-esm4","ssp585",NA,0.361878505317072,28.8261011460248
"2907",3742,"Guangxi","gfdl-esm4","ssp585",NA,0.000870972726261242,28.9002077759815
"2908",3743,"Guangxi","gfdl-esm4","ssp585",NA,1.23337545063278,29.9253235889082
"2909",3744,"Guangxi","gfdl-esm4","ssp585",NA,1.2627875695028,27.9975090988544
"2910",3745,"Guangxi","gfdl-esm4","ssp585",NA,4.24854371955588,28.0024744370405
"2911",3746,"Guangxi","gfdl-esm4","ssp585",NA,1.2505489434041,23.8156484395516
"2912",3747,"Guangxi","gfdl-esm4","ssp585",NA,0.0763794252625227,25.6413409577698
"2913",3748,"Guangxi","gfdl-esm4","ssp585",NA,1.2386967205048,23.6610119731487
"2914",3749,"Guangxi","gfdl-esm4","ssp585",NA,7.36102875971376,19.9768622903263
"2915",3750,"Guangxi","gfdl-esm4","ssp585",NA,2.30019792056011,20.2684876001182
"2916",3751,"Guangxi","gfdl-esm4","ssp585",NA,11.8276501582515,16.4863058651195
"2917",3752,"Guangxi","gfdl-esm4","ssp585",NA,0.114795061685179,17.9568167550223
"2918",3753,"Guangxi","gfdl-esm4","ssp585",NA,0.710803806715001,17.7617809135373
"2919",3754,"Guangxi","gfdl-esm4","ssp585",NA,3.92561099105837,17.6396769034763
"2920",3755,"Guangxi","gfdl-esm4","ssp585",NA,0.000991368095342564,11.8798051080784
"2921",3756,"Guangxi","gfdl-esm4","ssp585",NA,0.428059806335794,17.7718792057839
"2922",3757,"Guangxi","gfdl-esm4","ssp585",NA,0.335734336227428,17.3086396033023
"2923",3758,"Guangxi","gfdl-esm4","ssp585",NA,0.0577443661075281,12.3322506175322
"2924",3759,"Guangxi","gfdl-esm4","ssp585",NA,0.0468908692135362,11.0944589823234
"2925",3760,"Guangxi","gfdl-esm4","ssp585",NA,0.00482806261565768,12.519623418215
"2926",3761,"Guangxi","gfdl-esm4","ssp585",NA,1.28220180057609,13.4894931312369
"2927",3762,"Guangxi","gfdl-esm4","ssp585",NA,5.15494785261252,13.301763249245
"2928",3763,"Guangxi","gfdl-esm4","ssp585",NA,9.09918260904779,13.302645386768
"2929",3764,"Guangxi","gfdl-esm4","ssp585",NA,0.598577450028574,14.4106827423352
"2930",3765,"Guangxi","gfdl-esm4","ssp585",NA,3.05613402417859,14.6498324354156
"2931",3766,"Guangxi","gfdl-esm4","ssp585",NA,3.7361011885783,18.0155645803243
"2932",3767,"Guangxi","gfdl-esm4","ssp585",NA,2.88786399742369,12.220578285025
"2933",3768,"Guangxi","gfdl-esm4","ssp585",NA,0.449417052986668,15.6138885241597
"2934",3769,"Guangxi","gfdl-esm4","ssp585",NA,0.770978354346942,19.2265154157366
"2935",3770,"Guangxi","gfdl-esm4","ssp585",NA,3.97444848554317,19.5205314059218
"2936",3771,"Guangxi","gfdl-esm4","ssp585",NA,3.13695445822534,18.5673613732603
"2937",3772,"Guangxi","gfdl-esm4","ssp585",NA,1.81662514366179,24.2424926244912
"2938",3773,"Guangxi","gfdl-esm4","ssp585",NA,5.25051116724958,21.9302513314897
"2939",3774,"Guangxi","gfdl-esm4","ssp585",NA,2.88373127531876,24.6283057974166
"2940",3775,"Guangxi","gfdl-esm4","ssp585",NA,0.273636502263668,28.2720922133502
"2941",3776,"Guangxi","gfdl-esm4","ssp585",NA,2.4565147297077,26.785173586036
"2942",3777,"Guangxi","gfdl-esm4","ssp585",NA,11.4238214554338,25.6496999532235
"2943",3778,"Guangxi","gfdl-esm4","ssp585",NA,1.94205806650659,28.1478029908253
"2944",3779,"Guangxi","gfdl-esm4","ssp585",NA,1.88146096931212,30.515715014033
"2945",3780,"Guangxi","gfdl-esm4","ssp585",NA,8.19258365136896,28.7755843475086
"2946",3781,"Guangxi","gfdl-esm4","ssp585",NA,13.1132807436168,29.1103832597492
"2947",3782,"Guangxi","gfdl-esm4","ssp585",NA,11.0829892606761,29.9790303719144
"2948",3783,"Guangxi","gfdl-esm4","ssp585",NA,0.673317557531937,29.51155600668
"2949",3784,"Guangxi","gfdl-esm4","ssp585",NA,0.053295330209276,31.7228647440422
"2950",3785,"Guangxi","gfdl-esm4","ssp585",NA,9.56360356156087,31.0030732483423
"2951",3786,"Guangxi","gfdl-esm4","ssp585",NA,3.09269219415459,31.0655888918067
"2952",3787,"Guangxi","gfdl-esm4","ssp585",NA,3.04156229888691,31.0694695993632
"2953",3788,"Guangxi","gfdl-esm4","ssp585",NA,7.86052052327456,30.5738924427193
"2954",3789,"Guangxi","gfdl-esm4","ssp585",NA,0.662042511059798,30.8523986816406
"2955",3790,"Guangxi","gfdl-esm4","ssp585",NA,12.1383779585589,30.0650606556099
"2956",3791,"Guangxi","gfdl-esm4","ssp585",NA,7.41812614482527,28.3484588366597
"2957",3792,"Guangxi","gfdl-esm4","ssp585",NA,4.54234396264692,30.8365612382649
"2958",3793,"Guangxi","gfdl-esm4","ssp585",NA,11.7771927264127,30.2268693170628
"2959",3794,"Guangxi","gfdl-esm4","ssp585",NA,6.22260211046859,29.5553717092306
"2960",3795,"Guangxi","gfdl-esm4","ssp585",NA,2.44506238079155,29.8437646689535
"2961",3796,"Guangxi","gfdl-esm4","ssp585",NA,5.58338348690101,29.2215948024718
"2962",3797,"Guangxi","gfdl-esm4","ssp585",NA,0.308505297102134,26.5725326409861
"2963",3798,"Guangxi","gfdl-esm4","ssp585",NA,2.21614828966878,22.5401947277935
"2964",3799,"Guangxi","gfdl-esm4","ssp585",NA,0.354385480514342,25.1876446892234
"2965",3800,"Guangxi","gfdl-esm4","ssp585",NA,0.0836132458398195,25.8939894219407
"2966",3801,"Guangxi","gfdl-esm4","ssp585",NA,0.0106615063312714,24.52454423664
"2967",3802,"Guangxi","gfdl-esm4","ssp585",NA,0.735250620651763,22.5552092736509
"2968",3803,"Guangxi","gfdl-esm4","ssp585",NA,3.33709289300003,24.8525621430213
"2969",3804,"Guangxi","gfdl-esm4","ssp585",NA,0.0205937975199752,19.101448533515
"2970",3805,"Guangxi","gfdl-esm4","ssp585",NA,0.0198795478715182,19.4233831325499
"2971",3806,"Guangxi","gfdl-esm4","ssp585",NA,0.0198500429175182,21.9352540601202
"2972",3807,"Guangxi","gfdl-esm4","ssp585",NA,0.126599074487976,19.1448400673746
"2973",3808,"Guangxi","gfdl-esm4","ssp585",NA,0.004143119836006,16.4878015341879
"2974",3809,"Guangxi","gfdl-esm4","ssp585",NA,1.40370265735893,11.4895558589647
"2975",3810,"Guangxi","gfdl-esm4","ssp585",NA,1.95435736825146,12.2689754710478
"2976",3811,"Guangxi","gfdl-esm4","ssp585",NA,1.41717916690209,9.6421579569328
"2977",3812,"Guangxi","gfdl-esm4","ssp585",NA,0.171535840718283,14.6355408227744
"2978",3813,"Guangxi","gfdl-esm4","ssp585",NA,1.1933436546226,15.466462617762
"2979",3814,"Guangxi","gfdl-esm4","ssp585",NA,0.121120055008141,12.6763482614726
"2980",3815,"Guangxi","gfdl-esm4","ssp585",NA,2.8278561478681,14.7410772243468
"2981",3816,"Guangxi","gfdl-esm4","ssp585",NA,4.57050214117007,13.6423200847722
"2982",3817,"Guangxi","gfdl-esm4","ssp585",NA,1.25563083780954,13.3753947794939
"2983",3818,"Guangxi","gfdl-esm4","ssp585",NA,2.5562786585282,20.031107772699
"2984",3819,"Guangxi","gfdl-esm4","ssp585",NA,1.26573025726896,17.6090389989004
"2985",3820,"Guangxi","gfdl-esm4","ssp585",NA,0.162179624758898,22.0027946920956
"2986",3821,"Guangxi","gfdl-esm4","ssp585",NA,3.77687569737408,19.2346476578913
"2987",3822,"Guangxi","gfdl-esm4","ssp585",NA,9.79388769510646,14.0464172363281
"2988",3823,"Guangxi","gfdl-esm4","ssp585",NA,2.31243969327325,23.3822230234868
"2989",3824,"Guangxi","gfdl-esm4","ssp585",NA,3.25431953356912,23.268136930065
"2990",3825,"Guangxi","gfdl-esm4","ssp585",NA,3.15985990242231,23.3349798122374
"2991",3826,"Guangxi","gfdl-esm4","ssp585",NA,2.52087152713201,25.1004714068245
"2992",3827,"Guangxi","gfdl-esm4","ssp585",NA,4.95950773164646,27.0161829331342
"2993",3828,"Guangxi","gfdl-esm4","ssp585",NA,2.32902605272866,28.4976436839384
"2994",3829,"Guangxi","gfdl-esm4","ssp585",NA,6.43081250977644,27.8920034713104
"2995",3830,"Guangxi","gfdl-esm4","ssp585",NA,5.66434437744899,29.7692938796613
"2996",3831,"Guangxi","gfdl-esm4","ssp585",NA,7.54094218331359,28.8050713547138
"2997",3832,"Guangxi","gfdl-esm4","ssp585",NA,6.83586697137248,27.3309594418822
"2998",3833,"Guangxi","gfdl-esm4","ssp585",NA,10.036744449022,30.0406595182018
"2999",3834,"Guangxi","gfdl-esm4","ssp585",NA,9.52400615715428,29.7140614741991
"3000",3835,"Guangxi","gfdl-esm4","ssp585",NA,3.52737784385375,28.6742962492614
"3001",3836,"Guangxi","gfdl-esm4","ssp585",NA,18.1094201257173,29.7328099354977
"3002",3837,"Guangxi","gfdl-esm4","ssp585",NA,2.75164094150515,30.2559173840435
"3003",3838,"Guangxi","gfdl-esm4","ssp585",NA,10.4418675341871,28.8768631109671
"3004",3839,"Guangxi","gfdl-esm4","ssp585",NA,9.13318142549848,29.8682952624409
"3005",3840,"Guangxi","gfdl-esm4","ssp585",NA,5.95444089407847,29.3016072249212
"3006",3841,"Guangxi","gfdl-esm4","ssp585",NA,4.12928599622365,30.2107924004563
"3007",3842,"Guangxi","gfdl-esm4","ssp585",NA,4.3420628724586,31.1958562257911
"3008",3843,"Guangxi","gfdl-esm4","ssp585",NA,3.27795110942264,30.3109205742844
"3009",3844,"Guangxi","gfdl-esm4","ssp585",NA,9.54210357243066,29.1120413131073
"3010",3845,"Guangxi","gfdl-esm4","ssp585",NA,6.5493983260484,28.0731630469571
"3011",3846,"Guangxi","gfdl-esm4","ssp585",NA,4.82960216901945,29.7418148778066
"3012",3847,"Guangxi","gfdl-esm4","ssp585",NA,5.94325951090048,29.4889958742286
"3013",3848,"Guangxi","gfdl-esm4","ssp585",NA,3.30664272850246,28.1932446904543
"3014",3849,"Guangxi","gfdl-esm4","ssp585",NA,0.38820350037016,28.2608815938485
"3015",3850,"Guangxi","gfdl-esm4","ssp585",NA,0.668504662292534,26.9100474125197
"3016",3851,"Guangxi","gfdl-esm4","ssp585",NA,0.00590851250705759,26.3315387629661
"3017",3852,"Guangxi","gfdl-esm4","ssp585",NA,0.906426415206036,26.9353573069853
"3018",3853,"Guangxi","gfdl-esm4","ssp585",NA,11.2867990640627,25.2167244534533
"3019",3854,"Guangxi","gfdl-esm4","ssp585",NA,2.09052807896458,22.206999809201
"3020",3855,"Guangxi","gfdl-esm4","ssp585",NA,6.25181147898095,22.7093816164161
"3021",3856,"Guangxi","gfdl-esm4","ssp585",NA,1.21294146050205,17.5666345420004
"3022",3857,"Guangxi","gfdl-esm4","ssp585",NA,5.93905622982239,19.803474387802
"3023",3858,"Guangxi","gfdl-esm4","ssp585",NA,0.791913973648241,18.302304615694
"3024",3859,"Guangxi","gfdl-esm4","ssp585",NA,0.775980375664472,19.6958153989135
"3025",3860,"Guangxi","gfdl-esm4","ssp585",NA,1.93683914964341,18.2918972496225
"3026",3861,"Guangxi","gfdl-esm4","ssp585",NA,1.41149115496246,15.4183510147223
"3027",3862,"Guangxi","gfdl-esm4","ssp585",NA,0.171125924183905,12.6961396545923
"3028",3863,"Guangxi","gfdl-esm4","ssp585",NA,0.05787855992057,12.355333139115
"3029",3864,"Guangxi","gfdl-esm4","ssp585",NA,0.468763943364528,15.836478917739
"3030",3865,"Guangxi","gfdl-esm4","ssp585",NA,1.25127018303813,19.7315247607832
"3031",3866,"Guangxi","gfdl-esm4","ssp585",NA,3.26269483308092,14.5575186593192
"3032",3867,"Guangxi","gfdl-esm4","ssp585",NA,0.637451127898378,9.69039896476171
"3033",3868,"Guangxi","gfdl-esm4","ssp585",NA,3.00529109567031,9.36140818876381
"3034",3869,"Guangxi","gfdl-esm4","ssp585",NA,2.12198310263016,12.8147007020582
"3035",3870,"Guangxi","gfdl-esm4","ssp585",NA,0.373855708731914,14.9573008817785
"3036",3871,"Guangxi","gfdl-esm4","ssp585",NA,1.39624371767111,15.5707525173155
"3037",3872,"Guangxi","gfdl-esm4","ssp585",NA,0.176873212164667,21.4308462447479
"3038",3873,"Guangxi","gfdl-esm4","ssp585",NA,10.5391382908536,17.2294057124803
"3039",3874,"Guangxi","gfdl-esm4","ssp585",NA,10.3886538992878,17.4341738404346
"3040",3875,"Guangxi","gfdl-esm4","ssp585",NA,2.64153140414963,19.9125765760406
"3041",3876,"Guangxi","gfdl-esm4","ssp585",NA,0.639644412142484,25.6977369805344
"3042",3877,"Guangxi","gfdl-esm4","ssp585",NA,5.16876289472236,22.4951559114857
"3043",3878,"Guangxi","gfdl-esm4","ssp585",NA,3.28276197588599,23.6089195443803
"3044",3879,"Guangxi","gfdl-esm4","ssp585",NA,1.63077497071593,26.8526066114923
"3045",3880,"Guangxi","gfdl-esm4","ssp585",NA,5.75860139984782,26.7806914000952
"3046",3881,"Guangxi","gfdl-esm4","ssp585",NA,8.20595419147414,26.2959672687435
"3047",3882,"Guangxi","gfdl-esm4","ssp585",NA,6.80490389130552,26.0819073845359
"3048",3883,"Guangxi","gfdl-esm4","ssp585",NA,5.19213959941249,29.877975284352
"3049",3884,"Guangxi","gfdl-esm4","ssp585",NA,7.95361063054625,28.3982919388459
"3050",3885,"Guangxi","gfdl-esm4","ssp585",NA,4.1454467405422,30.1739967666754
"3051",3886,"Guangxi","gfdl-esm4","ssp585",NA,20.809779385753,29.3166679318212
"3052",3887,"Guangxi","gfdl-esm4","ssp585",NA,3.85682367504488,29.4704385709362
"3053",3888,"Guangxi","gfdl-esm4","ssp585",NA,3.29771981757533,30.4679412585347
"3054",3889,"Guangxi","gfdl-esm4","ssp585",NA,7.15794844910925,31.4870362866827
"3055",3890,"Guangxi","gfdl-esm4","ssp585",NA,2.61540332459967,30.4352959640888
"3056",3891,"Guangxi","gfdl-esm4","ssp585",NA,3.39414487894614,30.9471693535813
"3057",3892,"Guangxi","gfdl-esm4","ssp585",NA,6.68073582432701,29.7446579877068
"3058",3893,"Guangxi","gfdl-esm4","ssp585",NA,6.2173591998408,30.95999350668
"3059",3894,"Guangxi","gfdl-esm4","ssp585",NA,8.26861001941302,30.7924574908088
"3060",3895,"Guangxi","gfdl-esm4","ssp585",NA,4.82125566773383,30.8721320657169
"3061",3896,"Guangxi","gfdl-esm4","ssp585",NA,12.9230984095774,30.6871522021895
"3062",3897,"Guangxi","gfdl-esm4","ssp585",NA,3.03467738130235,31.0238105838039
"3063",3898,"Guangxi","gfdl-esm4","ssp585",NA,0.679725660033184,29.2161894469702
"3064",3899,"Guangxi","gfdl-esm4","ssp585",NA,0.733125366695115,29.2989247554491
"3065",3900,"Guangxi","gfdl-esm4","ssp585",NA,0.919671530585624,29.8932502297794
"3066",3901,"Guangxi","gfdl-esm4","ssp585",NA,0.00935272633185132,26.61957464138
"3067",3902,"Guangxi","gfdl-esm4","ssp585",NA,3.78995456667937,26.4390096712513
"3068",3903,"Guangxi","gfdl-esm4","ssp585",NA,1.10906671942689,27.3614723526129
"3069",3904,"Guangxi","gfdl-esm4","ssp585",NA,0.0720436208474962,28.7973514845391
"3070",3905,"Guangxi","gfdl-esm4","ssp585",NA,0.539628045045611,28.9597735749573
"3071",3906,"Guangxi","gfdl-esm4","ssp585",NA,0.858177426436226,24.810007611443
"3072",3907,"Guangxi","gfdl-esm4","ssp585",NA,1.98186024598581,27.0122673483456
"3073",3908,"Guangxi","gfdl-esm4","ssp585",NA,9.49076788430983,18.4888202571068
"3074",3909,"Guangxi","gfdl-esm4","ssp585",NA,1.47318800524336,21.685090034549
"3075",3910,"Guangxi","gfdl-esm4","ssp585",NA,0.20005265226345,17.2358644629727
"3076",3911,"Guangxi","gfdl-esm4","ssp585",NA,0.858634547684454,20.7930266051733
"3077",3912,"Guangxi","gfdl-esm4","ssp585",NA,0.679463371017555,14.3764880268514
"3078",3913,"Guangxi","gfdl-esm4","ssp585",NA,1.88793098013087,11.9923847102318
"3079",3914,"Guangxi","gfdl-esm4","ssp585",NA,0.90856062718963,14.4582400538341
"3080",3915,"Guangxi","gfdl-esm4","ssp585",NA,0.517643978506201,15.649026720063
"3081",3916,"Guangxi","gfdl-esm4","ssp585",NA,0.778752330814986,16.9952261788505
"3082",3917,"Guangxi","gfdl-esm4","ssp585",NA,3.82626866272816,18.1124633789063
"3083",3918,"Guangxi","gfdl-esm4","ssp585",NA,1.06791820663381,15.613468920283
"3084",3919,"Guangxi","gfdl-esm4","ssp585",NA,1.49661506575208,13.5188279095818
"3085",3920,"Guangxi","gfdl-esm4","ssp585",NA,0.203172121119457,11.5825077858292
"3086",3921,"Guangxi","gfdl-esm4","ssp585",NA,0.0335254548248363,15.685353716682
"3087",3922,"Guangxi","gfdl-esm4","ssp585",NA,0.771300035986551,21.2758630063354
"3088",3923,"Guangxi","gfdl-esm4","ssp585",NA,3.16248982163973,11.4302953383502
"3089",3924,"Guangxi","gfdl-esm4","ssp585",NA,2.3989276324977,17.8736347102318
"3090",3925,"Guangxi","gfdl-esm4","ssp585",NA,1.81533231738683,22.6628897530692
"3091",3926,"Guangxi","gfdl-esm4","ssp585",NA,2.91523041705904,20.2155448849462
"3092",3927,"Guangxi","gfdl-esm4","ssp585",NA,4.73528478874609,21.340689009979
"3093",3928,"Guangxi","gfdl-esm4","ssp585",NA,10.1645875640545,21.660174714417
"3094",3929,"Guangxi","gfdl-esm4","ssp585",NA,4.53084340434413,21.5605035349101
"3095",3930,"Guangxi","gfdl-esm4","ssp585",NA,3.02179257085712,25.0937400497308
"3096",3931,"Guangxi","gfdl-esm4","ssp585",NA,0.75977171645397,24.3626515107997
"3097",3932,"Guangxi","gfdl-esm4","ssp585",NA,4.33440458287836,28.0227157977449
"3098",3933,"Guangxi","gfdl-esm4","ssp585",NA,12.0913300133164,24.8146502326517
"3099",3934,"Guangxi","gfdl-esm4","ssp585",NA,5.01387043188408,28.8897619423746
"3100",3935,"Guangxi","gfdl-esm4","ssp585",NA,11.1754049281408,27.9362502154182
"3101",3936,"Guangxi","gfdl-esm4","ssp585",NA,14.2078294207548,28.0910338842569
"3102",3937,"Guangxi","gfdl-esm4","ssp585",NA,4.9387201950686,28.3657423003381
"3103",3938,"Guangxi","gfdl-esm4","ssp585",NA,7.99517393994408,30.0456806086693
"3104",3939,"Guangxi","gfdl-esm4","ssp585",NA,6.20862610593752,31.31399741293
"3105",3940,"Guangxi","gfdl-esm4","ssp585",NA,7.56386779015333,29.8567238174567
"3106",3941,"Guangxi","gfdl-esm4","ssp585",NA,0.226869732590892,31.3150323947939
"3107",3942,"Guangxi","gfdl-esm4","ssp585",NA,4.24881818576764,31.4183177274816
"3108",3943,"Guangxi","gfdl-esm4","ssp585",NA,15.5774599649738,30.2872608857997
"3109",3944,"Guangxi","gfdl-esm4","ssp585",NA,3.2676155373142,31.7204434947807
"3110",3945,"Guangxi","gfdl-esm4","ssp585",NA,5.49702326843391,31.4714343672039
"3111",3946,"Guangxi","gfdl-esm4","ssp585",NA,9.95163414940424,29.1642880223379
"3112",3947,"Guangxi","gfdl-esm4","ssp585",NA,14.1986552045279,28.7975362312894
"3113",3948,"Guangxi","gfdl-esm4","ssp585",NA,9.00603378243378,29.9265909659763
"3114",3949,"Guangxi","gfdl-esm4","ssp585",NA,10.113939673788,30.0375447249212
"3115",3950,"Guangxi","gfdl-esm4","ssp585",NA,7.39255392176606,28.9343888483128
"3116",3951,"Guangxi","gfdl-esm4","ssp585",NA,8.493064729585,29.7607897333738
"3117",3952,"Guangxi","gfdl-esm4","ssp585",NA,0.587342676262473,25.837285145992
"3118",3953,"Guangxi","gfdl-esm4","ssp585",NA,1.24548002053309,26.6644522530692
"3119",3954,"Guangxi","gfdl-esm4","ssp585",NA,8.01775641571532,27.9932575642562
"3120",3955,"Guangxi","gfdl-esm4","ssp585",NA,20.1280338151337,24.6385270319065
"3121",3956,"Guangxi","gfdl-esm4","ssp585",NA,0.176902064340538,24.079835061466
"3122",3957,"Guangxi","gfdl-esm4","ssp585",NA,9.48610223654756,21.8328249121915
"3123",3958,"Guangxi","gfdl-esm4","ssp585",NA,0.0390512583165394,18.7689121791295
"3124",3959,"Guangxi","gfdl-esm4","ssp585",NA,0.804065674172368,18.2486863593094
"3125",3960,"Guangxi","gfdl-esm4","ssp585",NA,0.00874116806645523,18.8348275320871
"3126",3961,"Guangxi","gfdl-esm4","ssp585",NA,10.8266130328375,19.1378628770845
"3127",3962,"Guangxi","gfdl-esm4","ssp585",NA,1.26514831869146,17.6139281713662
"3128",3963,"Guangxi","gfdl-esm4","ssp585",NA,0.557477557584115,17.2001352005646
"3129",3964,"Guangxi","gfdl-esm4","ssp585",NA,0.00367435291502429,16.4356956674272
"3130",3965,"Guangxi","gfdl-esm4","ssp585",NA,0.242507469164356,14.9277608406644
"3131",3966,"Guangxi","gfdl-esm4","ssp585",NA,0.225120319034332,11.7909772087546
"3132",3967,"Guangxi","gfdl-esm4","ssp585",NA,1.76247805827532,12.9364193699941
"3133",3968,"Guangxi","gfdl-esm4","ssp585",NA,0.0727417097717256,10.9887514771534
"3134",3969,"Guangxi","gfdl-esm4","ssp585",NA,0.00282788607930205,11.1882477063091
"3135",3970,"Guangxi","gfdl-esm4","ssp585",NA,0.165302705124511,15.7376987489332
"3136",3971,"Guangxi","gfdl-esm4","ssp585",NA,7.12754646566977,13.1828001390986
"3137",3972,"Guangxi","gfdl-esm4","ssp585",NA,3.26315092484412,15.4212763425683
"3138",3973,"Guangxi","gfdl-esm4","ssp585",NA,2.44510962735439,14.4810539694394
"3139",3974,"Guangxi","gfdl-esm4","ssp585",NA,0.440866471420604,12.7878421559054
"3140",3975,"Guangxi","gfdl-esm4","ssp585",NA,4.75946405906907,15.167356705866
"3141",3976,"Guangxi","gfdl-esm4","ssp585",NA,0.748095122518037,13.0474979689142
"3142",3977,"Guangxi","gfdl-esm4","ssp585",NA,3.37275046714461,14.8627874294249
"3143",3978,"Guangxi","gfdl-esm4","ssp585",NA,0.48287285256181,16.3670842531349
"3144",3979,"Guangxi","gfdl-esm4","ssp585",NA,1.10488998074135,21.1566066196987
"3145",3980,"Guangxi","gfdl-esm4","ssp585",NA,1.19205022121544,21.8728405864299
"3146",3981,"Guangxi","gfdl-esm4","ssp585",NA,1.39060879124296,26.9851110121783
"3147",3982,"Guangxi","gfdl-esm4","ssp585",NA,8.31682548559422,24.2302405605797
"3148",3983,"Guangxi","gfdl-esm4","ssp585",NA,1.12345228910944,26.9725693133699
"3149",3984,"Guangxi","gfdl-esm4","ssp585",NA,3.8087001344427,24.2930545582491
"3150",3985,"Guangxi","gfdl-esm4","ssp585",NA,5.75589921694257,25.6304923434218
"3151",3986,"Guangxi","gfdl-esm4","ssp585",NA,3.38960654343901,27.6703226041393
"3152",3987,"Guangxi","gfdl-esm4","ssp585",NA,5.55791657313887,27.4725038672696
"3153",3988,"Guangxi","gfdl-esm4","ssp585",NA,13.7383154372684,26.9627880449055
"3154",3989,"Guangxi","gfdl-esm4","ssp585",NA,5.7434251853024,29.173085958016
"3155",3990,"Guangxi","gfdl-esm4","ssp585",NA,3.8115732883955,29.7027878705193
"3156",3991,"Guangxi","gfdl-esm4","ssp585",NA,19.6817899453059,29.6255163881959
"3157",3992,"Guangxi","gfdl-esm4","ssp585",NA,4.98505180488287,30.0610705976727
"3158",3993,"Guangxi","gfdl-esm4","ssp585",NA,8.53254568470939,29.385556568819
"3159",3994,"Guangxi","gfdl-esm4","ssp585",NA,5.12983523230602,30.7189883448497
"3160",3995,"Guangxi","gfdl-esm4","ssp585",NA,10.3083841646987,31.1144543046711
"3161",3996,"Guangxi","gfdl-esm4","ssp585",NA,13.9295942692366,30.2039285098805
"3162",3997,"Guangxi","gfdl-esm4","ssp585",NA,10.3748089807502,30.502110431575
"3163",3998,"Guangxi","gfdl-esm4","ssp585",NA,5.50414451654632,30.3392875094374
"3164",3999,"Guangxi","gfdl-esm4","ssp585",NA,3.80555896900942,30.2266728248917
"3165",4000,"Guangxi","gfdl-esm4","ssp585",NA,3.14288348810928,31.1428551425453
"3166",4001,"Guangxi","gfdl-esm4","ssp585",NA,6.60980651827926,30.9128834956834
"3167",4002,"Guangxi","gfdl-esm4","ssp585",NA,6.47000700574402,30.1252429609539
"3168",4003,"Guangxi","gfdl-esm4","ssp585",NA,3.60085292466114,28.6642690963104
"3169",4004,"Guangxi","gfdl-esm4","ssp585",NA,0.842114896814954,28.3299198952042
"3170",4005,"Guangxi","gfdl-esm4","ssp585",NA,0.378596881910045,26.0419006347656
"3171",4006,"Guangxi","gfdl-esm4","ssp585",NA,4.229315480047,28.757636677718
"3172",4007,"Guangxi","gfdl-esm4","ssp585",NA,0.477018635406354,27.0104637338334
"3173",4008,"Guangxi","gfdl-esm4","ssp585",NA,0.130875980295143,26.2616582790343
"3174",4009,"Guangxi","gfdl-esm4","ssp585",NA,1.60335810824582,22.9806762182412
"3175",4010,"Guangxi","gfdl-esm4","ssp585",NA,0.0347590183645014,22.1466249610196
"3176",4011,"Guangxi","gfdl-esm4","ssp585",NA,0.0542505164152577,19.2051989643514
"3177",4012,"Guangxi","gfdl-esm4","ssp585",NA,4.16245375024355,21.5088191697578
"3178",4013,"Guangxi","gfdl-esm4","ssp585",NA,0.192258201125949,18.1164555910255
"3179",4014,"Guangxi","gfdl-esm4","ssp585",NA,0.0991024452940553,18.6879125771403
"3180",4015,"Guangxi","gfdl-esm4","ssp585",NA,0.602737413230768,15.6751972102318
"3181",4016,"Guangxi","gfdl-esm4","ssp585",NA,0.61309232153468,18.2709867076714
"3182",4017,"Guangxi","gfdl-esm4","ssp585",NA,0.357133752853877,16.0289213292739
"3183",4018,"Guangxi","gfdl-esm4","ssp585",NA,2.25433093555831,16.8694779596409
"3184",4019,"Guangxi","gfdl-esm4","ssp585",NA,0.658776933332698,18.0013163077731
"3185",4020,"Guangxi","gfdl-esm4","ssp585",NA,0.455050254922983,15.6078806644728
"3186",4021,"Guangxi","gfdl-esm4","ssp585",NA,0.341285824067176,16.5496539973411
"3187",4022,"Guangxi","gfdl-esm4","ssp585",NA,2.88301089051008,13.8854788131073
"3188",4023,"Guangxi","gfdl-esm4","ssp585",NA,0.322908661798442,16.0172140169545
"3189",4024,"Guangxi","gfdl-esm4","ssp585",NA,0.0978486536390113,16.474768887047
"3190",4025,"Guangxi","gfdl-esm4","ssp585",NA,0.757517692032065,17.3986180922565
"3191",4026,"Guangxi","gfdl-esm4","ssp585",NA,7.01255141308459,17.9416456719407
"3192",4027,"Guangxi","gfdl-esm4","ssp585",NA,5.21110943009079,13.9417785644531
"3193",4028,"Guangxi","gfdl-esm4","ssp585",NA,3.56644296897585,19.2518009474298
"3194",4029,"Guangxi","gfdl-esm4","ssp585",NA,1.11036357441364,21.8241521242286
"3195",4030,"Guangxi","gfdl-esm4","ssp585",NA,5.85297034627515,18.6082202045858
"3196",4031,"Guangxi","gfdl-esm4","ssp585",NA,6.23855276902056,22.5397336302685
"3197",4032,"Guangxi","gfdl-esm4","ssp585",NA,0.738698678673123,21.3016322544643
"3198",4033,"Guangxi","gfdl-esm4","ssp585",NA,3.34912206474831,21.6562654383042
"3199",4034,"Guangxi","gfdl-esm4","ssp585",NA,4.7226391347495,23.2531376686417
"3200",4035,"Guangxi","gfdl-esm4","ssp585",NA,5.34104154871333,25.6148160020844
"3201",4036,"Guangxi","gfdl-esm4","ssp585",NA,13.2130654693687,25.0586569906283
"3202",4037,"Guangxi","gfdl-esm4","ssp585",NA,13.0187560364237,23.6255524450992
"3203",4038,"Guangxi","gfdl-esm4","ssp585",NA,9.39256929786288,25.910605396944
"3204",4039,"Guangxi","gfdl-esm4","ssp585",NA,8.34850354293719,28.9392601718422
"3205",4040,"Guangxi","gfdl-esm4","ssp585",NA,5.30367386364721,30.2467832421055
"3206",4041,"Guangxi","gfdl-esm4","ssp585",NA,7.79267651104626,28.4502476796383
"3207",4042,"Guangxi","gfdl-esm4","ssp585",NA,10.3597612517503,30.1064837287454
"3208",4043,"Guangxi","gfdl-esm4","ssp585",NA,10.3459239812426,29.0821238798254
"3209",4044,"Guangxi","gfdl-esm4","ssp585",NA,12.4729665762113,28.6114470666196
"3210",4045,"Guangxi","gfdl-esm4","ssp585",NA,9.91233608215187,28.8810595600545
"3211",4046,"Guangxi","gfdl-esm4","ssp585",NA,3.62795915895586,31.3800122172893
"3212",4047,"Guangxi","gfdl-esm4","ssp585",NA,6.51150170060294,30.4485606474035
"3213",4048,"Guangxi","gfdl-esm4","ssp585",NA,7.39491941968367,30.682794086873
"3214",4049,"Guangxi","gfdl-esm4","ssp585",NA,3.95551109339143,30.5121623576189
"3215",4050,"Guangxi","gfdl-esm4","ssp585",NA,10.3213235032155,29.3850449505974
"3216",4051,"Guangxi","gfdl-esm4","ssp585",NA,5.67186394830916,29.2506421001018
"3217",4052,"Guangxi","gfdl-esm4","ssp585",NA,5.16668730915488,29.810064030495
"3218",4053,"Guangxi","gfdl-esm4","ssp585",NA,3.21130266532259,30.9555532247079
"3219",4054,"Guangxi","gfdl-esm4","ssp585",NA,2.37979934734922,29.9080509987198
"3220",4055,"Guangxi","gfdl-esm4","ssp585",NA,2.14339897743054,30.8260574469046
"3221",4056,"Guangxi","gfdl-esm4","ssp585",NA,1.75403306873047,27.9377128024061
"3222",4057,"Guangxi","gfdl-esm4","ssp585",NA,0.00613815697035244,26.9841261919807
"3223",4058,"Guangxi","gfdl-esm4","ssp585",NA,0.303339636662682,27.5476151153821
"3224",4059,"Guangxi","gfdl-esm4","ssp585",NA,0.210297578975593,26.5490707269236
"3225",4060,"Guangxi","gfdl-esm4","ssp585",NA,0.409335944031296,27.3624050621225
"3226",4061,"Guangxi","gfdl-esm4","ssp585",NA,2.8957969275782,24.8715723887211
"3227",4062,"Guangxi","gfdl-esm4","ssp585",NA,5.87071442233529,25.2437924168691
"3228",4063,"Guangxi","gfdl-esm4","ssp585",NA,4.40883885022544,19.4828453769203
"3229",4064,"Guangxi","gfdl-esm4","ssp585",NA,9.00798405355228,20.7232529071199
"3230",4065,"Guangxi","gfdl-esm4","ssp585",NA,0.0355980332910001,20.2374000869879
"3231",4066,"Guangxi","gfdl-esm4","ssp585",NA,11.4904593560659,19.8932309447217
"3232",4067,"Guangxi","gfdl-esm4","ssp585",NA,0.882881697341399,18.410940731273
"3233",4068,"Guangxi","gfdl-esm4","ssp585",NA,0.638679512415694,21.2102003081506
"3234",4069,"Guangxi","gfdl-esm4","ssp585",NA,0.669821093491491,17.4336173434218
"3235",4070,"Guangxi","gfdl-esm4","ssp585",NA,1.58653317527254,12.5277271431034
"3236",4071,"Guangxi","gfdl-esm4","ssp585",NA,1.37456471038757,11.1938773531874
"3237",4072,"Guangxi","gfdl-esm4","ssp585",NA,0.468378870583143,11.0798662971048
"3238",4073,"Guangxi","gfdl-esm4","ssp585",NA,3.24712940953912,13.7326783765264
"3239",4074,"Guangxi","gfdl-esm4","ssp585",NA,1.74546725707246,12.3440986697414
"3240",4075,"Guangxi","gfdl-esm4","ssp585",NA,1.37594302702329,13.0291089995569
"3241",4076,"Guangxi","gfdl-esm4","ssp585",NA,0.764782444440404,14.4977974002101
"3242",4077,"Guangxi","gfdl-esm4","ssp585",NA,4.02956403024688,15.2855119464778
"3243",4078,"Guangxi","gfdl-esm4","ssp585",NA,1.6778308700225,15.9023081034172
"3244",4079,"Guangxi","gfdl-esm4","ssp585",NA,2.33734948155465,14.9469116210938
"3245",4080,"Guangxi","gfdl-esm4","ssp585",NA,1.77693077457967,16.4355830857734
"3246",4081,"Guangxi","gfdl-esm4","ssp585",NA,2.86320184942843,17.946937881598
"3247",4082,"Guangxi","gfdl-esm4","ssp585",NA,4.67721186510344,21.5014417119387
"3248",4083,"Guangxi","gfdl-esm4","ssp585",NA,6.82798967326081,19.8400946096212
"3249",4084,"Guangxi","gfdl-esm4","ssp585",NA,3.2097190281412,23.6738562319459
"3250",4085,"Guangxi","gfdl-esm4","ssp585",NA,3.38451946916928,19.2370787035518
"3251",4086,"Guangxi","gfdl-esm4","ssp585",NA,2.71066489904283,23.7248495150013
"3252",4087,"Guangxi","gfdl-esm4","ssp585",NA,0.921806875430316,29.1029584099265
"3253",4088,"Guangxi","gfdl-esm4","ssp585",NA,6.11040214627777,22.0162940273766
"3254",4089,"Guangxi","gfdl-esm4","ssp585",NA,8.29892920210205,26.4940444561614
"3255",4090,"Guangxi","gfdl-esm4","ssp585",NA,2.45101684181655,27.6507037507386
"3256",4091,"Guangxi","gfdl-esm4","ssp585",NA,7.45927189342275,30.1397056259027
"3257",4092,"Guangxi","gfdl-esm4","ssp585",NA,1.93377938656065,25.7743143546481
"3258",4093,"Guangxi","gfdl-esm4","ssp585",NA,8.93615137732479,28.5983255851169
"3259",4094,"Guangxi","gfdl-esm4","ssp585",NA,14.9613697898295,29.2887493229714
"3260",4095,"Guangxi","gfdl-esm4","ssp585",NA,0.365156576806824,30.8011903907071
"3261",4096,"Guangxi","gfdl-esm4","ssp585",NA,11.5890346747173,30.0161161534927
"3262",4097,"Guangxi","gfdl-esm4","ssp585",NA,8.64850272738608,30.1508542870273
"3263",4098,"Guangxi","gfdl-esm4","ssp585",NA,16.7163136979663,30.7164797999278
"3264",4099,"Guangxi","gfdl-esm4","ssp585",NA,10.3694097443211,30.7255022321429
"3265",4100,"Guangxi","gfdl-esm4","ssp585",NA,0.905214200195457,31.2085173791196
"3266",4101,"Guangxi","gfdl-esm4","ssp585",NA,1.36338314639224,31.5243900587579
"3267",4102,"Guangxi","gfdl-esm4","ssp585",NA,7.56255879121851,30.4939536214877
"3268",4103,"Guangxi","gfdl-esm4","ssp585",NA,7.625679872431,31.4357396229977
"3269",4104,"Guangxi","gfdl-esm4","ssp585",NA,5.83727891109845,30.8895148269269
"3270",4105,"Guangxi","gfdl-esm4","ssp585",NA,14.37974729478,30.7912421731388
"3271",4106,"Guangxi","gfdl-esm4","ssp585",NA,0.808980589890398,30.344570333016
"3272",4107,"Guangxi","gfdl-esm4","ssp585",NA,0.0058525923748125,29.5043523195411
"3273",4108,"Guangxi","gfdl-esm4","ssp585",NA,2.07791538861264,30.110671663685
"3274",4109,"Guangxi","gfdl-esm4","ssp585",NA,6.12586336863739,28.9288797843356
"3275",4110,"Guangxi","gfdl-esm4","ssp585",NA,0.624002342275858,28.0249944606749
"3276",4111,"Guangxi","gfdl-esm4","ssp585",NA,0.12953259463558,25.518585102498
"3277",4112,"Guangxi","gfdl-esm4","ssp585",NA,0.107499410924986,26.0251446379333
"3278",4113,"Guangxi","gfdl-esm4","ssp585",NA,2.83570434663901,27.2669494116006
"3279",4114,"Guangxi","gfdl-esm4","ssp585",NA,22.3462923962366,22.8177721552488
"3280",4115,"Guangxi","gfdl-esm4","ssp585",NA,0.430695366532226,22.3425450942096
"3281",4116,"Guangxi","gfdl-esm4","ssp585",NA,6.48268289002749,20.2807887486049
"3282",4117,"Guangxi","gfdl-esm4","ssp585",NA,1.60952839605777,20.8521773650867
"3283",4118,"Guangxi","gfdl-esm4","ssp585",NA,1.21060981243707,24.0117357782957
"3284",4119,"Guangxi","gfdl-esm4","ssp585",NA,1.39038449007785,18.9932699764476
"3285",4120,"Guangxi","gfdl-esm4","ssp585",NA,0.823897444023707,17.7455634622013
"3286",4121,"Guangxi","gfdl-esm4","ssp585",NA,0.00325569867581019,15.4420300395549
"3287",4122,"Guangxi","gfdl-esm4","ssp585",NA,0.219903099572579,13.9716063427324
"3288",4123,"Guangxi","gfdl-esm4","ssp585",NA,1.70251298676848,17.4790394502528
"3289",4124,"Guangxi","gfdl-esm4","ssp585",NA,2.18274284318833,15.1508673659894
"3290",4125,"Guangxi","gfdl-esm4","ssp585",NA,3.07437028763451,13.5705839269302
"3291",4126,"Guangxi","gfdl-esm4","ssp585",NA,0.101653727248019,12.1450934914982
"3292",4127,"Guangxi","gfdl-esm4","ssp585",NA,1.62141567562876,13.9699331075204
"3293",4128,"Guangxi","gfdl-esm4","ssp585",NA,0.065868914905327,11.8221635065159
"3294",4129,"Guangxi","gfdl-esm4","ssp585",NA,1.72963797754707,14.985987353926
"3295",4130,"Guangxi","gfdl-esm4","ssp585",NA,1.61583612574178,19.6801080270976
"3296",4131,"Guangxi","gfdl-esm4","ssp585",NA,2.8801163356468,16.2871171710872
"3297",4132,"Guangxi","gfdl-esm4","ssp585",NA,5.20534686655373,10.7974150329077
"3298",4133,"Guangxi","gfdl-esm4","ssp585",NA,0.236316542671245,18.1166908584723
"3299",4134,"Guangxi","gfdl-esm4","ssp585",NA,0.520432282115324,18.2999528131565
"3300",4135,"Guangxi","gfdl-esm4","ssp585",NA,0.196304066232508,24.062347001789
"3301",4136,"Guangxi","gfdl-esm4","ssp585",NA,15.2174059987114,18.3858062487691
"3302",4137,"Guangxi","gfdl-esm4","ssp585",NA,1.84479928049875,21.1316105690323
"3303",4138,"Guangxi","gfdl-esm4","ssp585",NA,0.262555826067467,25.119246949268
"3304",4139,"Guangxi","gfdl-esm4","ssp585",NA,2.50223147632586,25.4965867499344
"3305",4140,"Guangxi","gfdl-esm4","ssp585",NA,0.231621512794547,28.852807104287
"3306",4141,"Guangxi","gfdl-esm4","ssp585",NA,5.17442839052146,26.1523709337251
"3307",4142,"Guangxi","gfdl-esm4","ssp585",NA,16.3912991437472,26.2395405232406
"3308",4143,"Guangxi","gfdl-esm4","ssp585",NA,6.17346906716147,26.1164374856388
"3309",4144,"Guangxi","gfdl-esm4","ssp585",NA,14.7058265387114,27.7279485109474
"3310",4145,"Guangxi","gfdl-esm4","ssp585",NA,14.4693562609634,27.8639459690126
"3311",4146,"Guangxi","gfdl-esm4","ssp585",NA,2.48548973608026,28.8168161600578
"3312",4147,"Guangxi","gfdl-esm4","ssp585",NA,6.36458768558242,29.9687171743698
"3313",4148,"Guangxi","gfdl-esm4","ssp585",NA,5.76602725633662,28.1809086134454
"3314",4149,"Guangxi","gfdl-esm4","ssp585",NA,15.1407545000746,30.0152770996094
"3315",4150,"Guangxi","gfdl-esm4","ssp585",NA,3.46533887247636,31.2758037663308
"3316",4151,"Guangxi","gfdl-esm4","ssp585",NA,18.0391296037124,29.5852567272026
"3317",4152,"Guangxi","gfdl-esm4","ssp585",NA,0.841354057888604,30.4782721511456
"3318",4153,"Guangxi","gfdl-esm4","ssp585",NA,1.90820409386603,30.4896989069065
"3319",4154,"Guangxi","gfdl-esm4","ssp585",NA,12.5812459853038,29.3378366678703
"3320",4155,"Guangxi","gfdl-esm4","ssp585",NA,16.228598554101,29.6676065396862
"3321",4156,"Guangxi","gfdl-esm4","ssp585",NA,10.8094891473574,29.9869653012572
"3322",4157,"Guangxi","gfdl-esm4","ssp585",NA,8.55837479644925,30.1228485876773
"3323",4158,"Guangxi","gfdl-esm4","ssp585",NA,15.8688996890374,30.2694366711529
"3324",4159,"Guangxi","gfdl-esm4","ssp585",NA,6.18076682288433,28.3567148416984
"3325",4160,"Guangxi","gfdl-esm4","ssp585",NA,14.7404843350792,29.6529813878677
"3326",4161,"Guangxi","gfdl-esm4","ssp585",NA,6.01795332441305,29.696572183561
"3327",4162,"Guangxi","gfdl-esm4","ssp585",NA,23.8458302007978,26.1499976919479
"3328",4163,"Guangxi","gfdl-esm4","ssp585",NA,2.81681632062277,26.4118643624442
"3329",4164,"Guangxi","gfdl-esm4","ssp585",NA,3.61311908250532,24.9592478006828
"3330",4165,"Guangxi","gfdl-esm4","ssp585",NA,1.98116959031623,22.570528431099
"3331",4166,"Guangxi","gfdl-esm4","ssp585",NA,0.0689589507182514,22.1429889069886
"3332",4167,"Guangxi","gfdl-esm4","ssp585",NA,0.0954787092131245,20.2326663233653
"3333",4168,"Guangxi","gfdl-esm4","ssp585",NA,0.0815080521403745,18.2324060776655
"3334",4169,"Guangxi","gfdl-esm4","ssp585",NA,0.00579826105124329,21.8748169971114
"3335",4170,"Guangxi","gfdl-esm4","ssp585",NA,5.65671049941335,17.0055774849002
"3336",4171,"Guangxi","gfdl-esm4","ssp585",NA,1.54375004138151,21.3550591476825
"3337",4172,"Guangxi","gfdl-esm4","ssp585",NA,0.169870266807021,13.5842963723576
"3338",4173,"Guangxi","gfdl-esm4","ssp585",NA,0.00474006970211993,13.4688665822775
"3339",4174,"Guangxi","gfdl-esm4","ssp585",NA,0.00305657978648977,14.5476251169413
"3340",4175,"Guangxi","gfdl-esm4","ssp585",NA,0.436275129923313,14.8132989450663
"3341",4176,"Guangxi","gfdl-esm4","ssp585",NA,0.183692007395781,13.3817963928736
"3342",4177,"Guangxi","gfdl-esm4","ssp585",NA,2.36999225480254,15.5238969049534
"3343",4178,"Guangxi","gfdl-esm4","ssp585",NA,0.10279097548953,11.556292262999
"3344",4179,"Guangxi","gfdl-esm4","ssp585",NA,1.23627918445593,13.9140246479451
"3345",4180,"Guangxi","gfdl-esm4","ssp585",NA,0.278089587855986,13.9959291089483
"3346",4181,"Guangxi","gfdl-esm4","ssp585",NA,0.733404001759114,16.8783501633075
"3347",4182,"Guangxi","gfdl-esm4","ssp585",NA,0.773588390426589,13.8805112181592
"3348",4183,"Guangxi","gfdl-esm4","ssp585",NA,0.147340585007587,18.5499960506664
"3349",4184,"Guangxi","gfdl-esm4","ssp585",NA,0.571672337150745,15.301381292263
"3350",4185,"Guangxi","gfdl-esm4","ssp585",NA,1.47220411484348,21.2397469656808
"3351",4186,"Guangxi","gfdl-esm4","ssp585",NA,6.7252283771043,18.3623268448004
"3352",4187,"Guangxi","gfdl-esm4","ssp585",NA,3.14718584458702,15.4030542710248
"3353",4188,"Guangxi","gfdl-esm4","ssp585",NA,0.316797377654286,19.8854739918429
"3354",4189,"Guangxi","gfdl-esm4","ssp585",NA,1.66427140251869,22.7405645290343
"3355",4190,"Guangxi","gfdl-esm4","ssp585",NA,0.184419699796591,25.1279352268251
"3356",4191,"Guangxi","gfdl-esm4","ssp585",NA,3.66964853537453,26.5032794343323
"3357",4192,"Guangxi","gfdl-esm4","ssp585",NA,1.23517871135234,29.7417178370372
"3358",4193,"Guangxi","gfdl-esm4","ssp585",NA,1.75615527264726,28.4681335449219
"3359",4194,"Guangxi","gfdl-esm4","ssp585",NA,17.0990410969608,27.485838766659
"3360",4195,"Guangxi","gfdl-esm4","ssp585",NA,4.16642214738196,26.8654560505843
"3361",4196,"Guangxi","gfdl-esm4","ssp585",NA,4.82319064744789,28.2247502174698
"3362",4197,"Guangxi","gfdl-esm4","ssp585",NA,16.7152341759173,26.6114786612888
"3363",4198,"Guangxi","gfdl-esm4","ssp585",NA,9.41206999796887,29.4334432137113
"3364",4199,"Guangxi","gfdl-esm4","ssp585",NA,11.8484462997235,29.9033011300223
"3365",4200,"Guangxi","gfdl-esm4","ssp585",NA,5.96363745018485,29.7991507393973
"3366",4201,"Guangxi","gfdl-esm4","ssp585",NA,8.97976355056597,29.1474690413275
"3367",4202,"Guangxi","gfdl-esm4","ssp585",NA,3.97338256850827,30.9966744559152
"3368",4203,"Guangxi","gfdl-esm4","ssp585",NA,11.091080542519,31.15298395237
"3369",4204,"Guangxi","gfdl-esm4","ssp585",NA,13.3777955895518,30.5146154067096
"3370",4205,"Guangxi","gfdl-esm4","ssp585",NA,15.0768818109138,30.8561034130449
"3371",4206,"Guangxi","gfdl-esm4","ssp585",NA,12.1690204544367,29.0765159799272
"3372",4207,"Guangxi","gfdl-esm4","ssp585",NA,8.35768402964422,30.4961319610852
"3373",4208,"Guangxi","gfdl-esm4","ssp585",NA,9.84639357340482,30.0431563689929
"3374",4209,"Guangxi","gfdl-esm4","ssp585",NA,6.22865324930135,30.3990460051208
"3375",4210,"Guangxi","gfdl-esm4","ssp585",NA,12.2634034522674,27.2346293986345
"3376",4211,"Guangxi","gfdl-esm4","ssp585",NA,0.0863920759283468,29.0366315569197
"3377",4212,"Guangxi","gfdl-esm4","ssp585",NA,5.51467076441647,29.3005948106782
"3378",4213,"Guangxi","gfdl-esm4","ssp585",NA,1.05598365860975,28.7728609998687
"3379",4214,"Guangxi","gfdl-esm4","ssp585",NA,3.34378518700439,29.1963980025604
"3380",4215,"Guangxi","gfdl-esm4","ssp585",NA,0.707525673136873,28.1826736578421
"3381",4216,"Guangxi","gfdl-esm4","ssp585",NA,5.14153131555354,23.2441577558758
"3382",4217,"Guangxi","gfdl-esm4","ssp585",NA,0.148741966624599,25.7212846002659
"3383",4218,"Guangxi","gfdl-esm4","ssp585",NA,0.06953988340133,20.5724558084953
"3384",4219,"Guangxi","gfdl-esm4","ssp585",NA,0.0014092795852378,22.7536150764017
"3385",4220,"Guangxi","gfdl-esm4","ssp585",NA,10.4220338228235,24.3042293772978
"3386",4221,"Guangxi","gfdl-esm4","ssp585",NA,1.71957512767856,24.4799182026326
"3387",4222,"Guangxi","gfdl-esm4","ssp585",NA,1.18607427277556,20.8569077435662
"3388",4223,"Guangxi","gfdl-esm4","ssp585",NA,0.217164984600718,19.1944663168002
"3389",4224,"Guangxi","gfdl-esm4","ssp585",NA,2.88479315060017,20.3642602231322
"3390",4225,"Guangxi","gfdl-esm4","ssp585",NA,1.65334381484485,14.2146522842536
"3391",4226,"Guangxi","gfdl-esm4","ssp585",NA,0.00507671754570489,13.4063884318376
"3392",4227,"Guangxi","gfdl-esm4","ssp585",NA,0.0172682471105979,15.3193374762014
"3393",4228,"Guangxi","gfdl-esm4","ssp585",NA,0.741810064930116,13.6246908235951
"3394",4229,"Guangxi","gfdl-esm4","ssp585",NA,0.738463809508527,15.4355062019925
"3395",4230,"Guangxi","gfdl-esm4","ssp585",NA,0.866570807317787,16.1180328112691
"3396",4231,"Guangxi","gfdl-esm4","ssp585",NA,1.84543542097337,11.7186557801832
"3397",4232,"Guangxi","gfdl-esm4","ssp585",NA,0.111732149907919,12.5695180684579
"3398",4233,"Guangxi","gfdl-esm4","ssp585",NA,1.59806503673151,13.8615543141085
"3399",4234,"Guangxi","gfdl-esm4","ssp585",NA,0.60794743541002,16.1269215303309
"3400",4235,"Guangxi","gfdl-esm4","ssp585",NA,3.72512385621312,15.665513238987
"3401",4236,"Guangxi","gfdl-esm4","ssp585",NA,0.0349190116391866,12.612101732783
"3402",4237,"Guangxi","gfdl-esm4","ssp585",NA,0.581971915880098,15.5765857343914
"3403",4238,"Guangxi","gfdl-esm4","ssp585",NA,8.47510208382172,17.7724014923352
"3404",4239,"Guangxi","gfdl-esm4","ssp585",NA,1.80731859696653,22.6846549923681
"3405",4240,"Guangxi","gfdl-esm4","ssp585",NA,7.17420383252141,19.2938728396632
"3406",4241,"Guangxi","gfdl-esm4","ssp585",NA,2.49053902172375,19.7384346585314
"3407",4242,"Guangxi","gfdl-esm4","ssp585",NA,3.08147250773166,24.8012492716813
"3408",4243,"Guangxi","gfdl-esm4","ssp585",NA,3.76420289606488,26.3572676971179
"3409",4244,"Guangxi","gfdl-esm4","ssp585",NA,14.8115355894978,24.7174787248884
"3410",4245,"Guangxi","gfdl-esm4","ssp585",NA,1.94786606153264,23.9340729016216
"3411",4246,"Guangxi","gfdl-esm4","ssp585",NA,3.80142242256762,27.8970492322906
"3412",4247,"Guangxi","gfdl-esm4","ssp585",NA,0.840660431981135,30.5769119903821
"3413",4248,"Guangxi","gfdl-esm4","ssp585",NA,1.24850969762955,30.7627348571265
"3414",4249,"Guangxi","gfdl-esm4","ssp585",NA,2.50639691737032,31.715335262523
"3415",4250,"Guangxi","gfdl-esm4","ssp585",NA,1.31476874777227,28.6510220054819
"3416",4251,"Guangxi","gfdl-esm4","ssp585",NA,4.51162860119882,34.8909640272125
"3417",4252,"Guangxi","gfdl-esm4","ssp585",NA,11.0246336217512,30.8724182128906
"3418",4253,"Guangxi","gfdl-esm4","ssp585",NA,1.03543446474477,32.5521272547105
"3419",4254,"Guangxi","gfdl-esm4","ssp585",NA,10.9400683604718,30.6903991186318
"3420",4255,"Guangxi","gfdl-esm4","ssp585",NA,2.43886090908065,29.7085397415802
"3421",4256,"Guangxi","gfdl-esm4","ssp585",NA,3.79711757614957,32.0595693892792
"3422",4257,"Guangxi","gfdl-esm4","ssp585",NA,3.64579863013174,30.9534075055804
"3423",4258,"Guangxi","gfdl-esm4","ssp585",NA,6.65217696368132,31.1101638922171
"3424",4259,"Guangxi","gfdl-esm4","ssp585",NA,6.31221858204864,29.737701775046
"3425",4260,"Guangxi","gfdl-esm4","ssp585",NA,5.09765705958663,29.5249357335708
"3426",4261,"Guangxi","gfdl-esm4","ssp585",NA,11.2535861735603,29.8819443646599
"3427",4262,"Guangxi","gfdl-esm4","ssp585",NA,0.898696061030168,30.7659781319755
"3428",4263,"Guangxi","gfdl-esm4","ssp585",NA,2.52466257301085,31.2574633173582
"3429",4264,"Guangxi","gfdl-esm4","ssp585",NA,0.0502150810001801,29.9786876518186
"3430",4265,"Guangxi","gfdl-esm4","ssp585",NA,0.0412756681681695,31.3603467412356
"3431",4266,"Guangxi","gfdl-esm4","ssp585",NA,6.24429734546775,25.8463794355633
"3432",4267,"Guangxi","gfdl-esm4","ssp585",NA,2.96665271001128,26.2093577665441
"3433",4268,"Guangxi","gfdl-esm4","ssp585",NA,1.15992050846484,26.8582086130351
"3434",4269,"Guangxi","gfdl-esm4","ssp585",NA,4.84305718845684,26.5650083910518
"3435",4270,"Guangxi","gfdl-esm4","ssp585",NA,2.16439297337473,25.9611819483653
"3436",4271,"Guangxi","gfdl-esm4","ssp585",NA,2.63661000570194,19.7099404214811
"3437",4272,"Guangxi","gfdl-esm4","ssp585",NA,0.155076930406278,19.724432475627
"3438",4273,"Guangxi","gfdl-esm4","ssp585",NA,2.16996726410722,22.4339525238807
"3439",4274,"Guangxi","gfdl-esm4","ssp585",NA,2.33418276347795,21.5305704068737
"3440",4275,"Guangxi","gfdl-esm4","ssp585",NA,0.848810437194462,17.9822654403559
"3441",4276,"Guangxi","gfdl-esm4","ssp585",NA,0.0120548481887653,17.1616823853565
"3442",4277,"Guangxi","gfdl-esm4","ssp585",NA,3.17144869074987,19.9069864224987
"3443",4278,"Guangxi","gfdl-esm4","ssp585",NA,1.91418209737996,16.8333693047532
"3444",4279,"Guangxi","gfdl-esm4","ssp585",NA,0.848645963717694,16.2811614220884
"3445",4280,"Guangxi","gfdl-esm4","ssp585",NA,2.99521127895221,13.7470896488478
"3446",4281,"Guangxi","gfdl-esm4","ssp585",NA,2.03027647135495,15.2133173581933
"3447",4282,"Guangxi","gfdl-esm4","ssp585",NA,0.982081003307596,17.511810969505
"3448",4283,"Guangxi","gfdl-esm4","ssp585",NA,2.74531839018188,11.9154416893711
"3449",4284,"Guangxi","gfdl-esm4","ssp585",NA,2.01023768707281,15.6881197889312
"3450",4285,"Guangxi","gfdl-esm4","ssp585",NA,0.0850487081144453,10.9474922757189
"3451",4286,"Guangxi","gfdl-esm4","ssp585",NA,0.657673687911338,14.9521908030791
"3452",4287,"Guangxi","gfdl-esm4","ssp585",NA,0.803856544428091,17.0693568638393
"3453",4288,"Guangxi","gfdl-esm4","ssp585",NA,8.8782199151038,14.8594948648405
"3454",4289,"Guangxi","gfdl-esm4","ssp585",NA,3.1518825189885,15.8330224301635
"3455",4290,"Guangxi","gfdl-esm4","ssp585",NA,2.88447404560338,23.0574661383108
"3456",4291,"Guangxi","gfdl-esm4","ssp585",NA,1.75409326617564,20.8555532247079
"3457",4292,"Guangxi","gfdl-esm4","ssp585",NA,6.1906611004858,22.1470852379038
"3458",4293,"Guangxi","gfdl-esm4","ssp585",NA,1.77823477836354,20.6110575700007
"3459",4294,"Guangxi","gfdl-esm4","ssp585",NA,4.65808169838499,21.3938143177193
"3460",4295,"Guangxi","gfdl-esm4","ssp585",NA,3.42363489046485,26.2231264771534
"3461",4296,"Guangxi","gfdl-esm4","ssp585",NA,15.1659844875675,21.6808301909631
"3462",4297,"Guangxi","gfdl-esm4","ssp585",NA,3.73470285513569,25.6498649533056
"3463",4298,"Guangxi","gfdl-esm4","ssp585",NA,7.25314872868984,26.7131437413833
"3464",4299,"Guangxi","gfdl-esm4","ssp585",NA,13.2358143222255,25.8776402577633
"3465",4300,"Guangxi","gfdl-esm4","ssp585",NA,13.6819033557127,26.9043278541886
"3466",4301,"Guangxi","gfdl-esm4","ssp585",NA,7.99690826764323,29.4220307165835
"3467",4302,"Guangxi","gfdl-esm4","ssp585",NA,5.39072522683096,26.836632993041
"3468",4303,"Guangxi","gfdl-esm4","ssp585",NA,16.2472025883667,29.6008879332983
"3469",4304,"Guangxi","gfdl-esm4","ssp585",NA,21.699975388217,29.439234988429
"3470",4305,"Guangxi","gfdl-esm4","ssp585",NA,14.7368471326058,30.0946515251609
"3471",4306,"Guangxi","gfdl-esm4","ssp585",NA,11.5955432938081,30.7725149459198
"3472",4307,"Guangxi","gfdl-esm4","ssp585",NA,10.3297126293347,30.6688008797269
"3473",4308,"Guangxi","gfdl-esm4","ssp585",NA,6.14487396816744,31.0795412720753
"3474",4309,"Guangxi","gfdl-esm4","ssp585",NA,0.839354202491618,31.3270300087809
"3475",4310,"Guangxi","gfdl-esm4","ssp585",NA,8.44511110439592,31.513641460002
"3476",4311,"Guangxi","gfdl-esm4","ssp585",NA,13.7217228135234,30.1343298647584
"3477",4312,"Guangxi","gfdl-esm4","ssp585",NA,13.9542170767759,29.8208296062566
"3478",4313,"Guangxi","gfdl-esm4","ssp585",NA,5.30671061137314,30.3592669318704
"3479",4314,"Guangxi","gfdl-esm4","ssp585",NA,13.4566812622091,30.230626107865
"3480",4315,"Guangxi","gfdl-esm4","ssp585",NA,5.37386789460478,30.298604602974
"3481",4316,"Guangxi","gfdl-esm4","ssp585",NA,7.04364637397863,29.1083771521304
"3482",4317,"Guangxi","gfdl-esm4","ssp585",NA,6.56294325353104,29.6853788488052
"3483",4318,"Guangxi","gfdl-esm4","ssp585",NA,7.87041349726778,28.9516939051011
"3484",4319,"Guangxi","gfdl-esm4","ssp585",NA,0.330434160703498,26.8479541425946
"3485",4320,"Guangxi","gfdl-esm4","ssp585",NA,2.8329603763586,27.1201253426175
"3486",4321,"Guangxi","gfdl-esm4","ssp585",NA,0.964928365858152,25.6489564014082
"3487",4322,"Guangxi","gfdl-esm4","ssp585",NA,1.94555071287959,24.31004772026
"3488",4323,"Guangxi","gfdl-esm4","ssp585",NA,27.189905524552,21.502088684595
"3489",4324,"Guangxi","gfdl-esm4","ssp585",NA,0.436679787138118,18.8746256852351
"3490",4325,"Guangxi","gfdl-esm4","ssp585",NA,5.71319304074272,18.0307000168232
"3491",4326,"Guangxi","gfdl-esm4","ssp585",NA,0.014056438543959,18.6924156894203
"3492",4327,"Guangxi","gfdl-esm4","ssp585",NA,4.76879118831668,16.4292180421974
"3493",4328,"Guangxi","gfdl-esm4","ssp585",NA,0.145313101323559,15.1060818712251
"3494",4329,"Guangxi","gfdl-esm4","ssp585",NA,0.523157244669386,20.0166355165113
"3495",4330,"Guangxi","gfdl-esm4","ssp585",NA,0.30948827039018,13.0783967859605
"3496",4331,"Guangxi","gfdl-esm4","ssp585",NA,3.09803079845391,15.3466099330357
"3497",4332,"Guangxi","gfdl-esm4","ssp585",NA,0.0721155818689472,10.5543840167903
"3498",4333,"Guangxi","gfdl-esm4","ssp585",NA,0.849421192339045,13.0777125767299
"3499",4334,"Guangxi","gfdl-esm4","ssp585",NA,1.79356485303746,15.5888871906185
"3500",4335,"Guangxi","gfdl-esm4","ssp585",NA,5.08120355862322,16.7999191155955
"3501",4336,"Guangxi","gfdl-esm4","ssp585",NA,2.61428061233476,14.367904688731
"3502",4337,"Guangxi","gfdl-esm4","ssp585",NA,2.85483696475048,12.7629252457819
"3503",4338,"Guangxi","gfdl-esm4","ssp585",NA,1.17519090843447,12.8876322770319
"3504",4339,"Guangxi","gfdl-esm4","ssp585",NA,0.638652394157996,20.5504837677259
"3505",4340,"Guangxi","gfdl-esm4","ssp585",NA,2.28623806136737,20.7916434664686
"3506",4341,"Guangxi","gfdl-esm4","ssp585",NA,0.893319174996455,14.1174448221672
"3507",4342,"Guangxi","gfdl-esm4","ssp585",NA,0.00167915573101021,16.2908116957721
"3508",4343,"Guangxi","gfdl-esm4","ssp585",NA,0.178416370152018,20.7663206982012
"3509",4344,"Guangxi","gfdl-esm4","ssp585",NA,0.594518894873591,21.6495161809841
"3510",4345,"Guangxi","gfdl-esm4","ssp585",NA,1.48378902833474,20.7936402392989
"3511",4346,"Guangxi","gfdl-esm4","ssp585",NA,2.88996738927258,24.9345902643284
"3512",4347,"Guangxi","gfdl-esm4","ssp585",NA,5.88322176038559,20.4383551589581
"3513",4348,"Guangxi","gfdl-esm4","ssp585",NA,5.13877563014922,23.2829944770877
"3514",4349,"Guangxi","gfdl-esm4","ssp585",NA,3.80645161724814,29.227139769482
"3515",4350,"Guangxi","gfdl-esm4","ssp585",NA,13.0537928857079,26.68414716961
"3516",4351,"Guangxi","gfdl-esm4","ssp585",NA,12.9394982287267,27.1215997776064
"3517",4352,"Guangxi","gfdl-esm4","ssp585",NA,14.1689577009387,27.0396903414686
"3518",4353,"Guangxi","gfdl-esm4","ssp585",NA,2.81310816853615,28.4135338021928
"3519",4354,"Guangxi","gfdl-esm4","ssp585",NA,5.06079003030186,29.26437716444
"3520",4355,"Guangxi","gfdl-esm4","ssp585",NA,6.34160046690088,30.5877447561056
"3521",4356,"Guangxi","gfdl-esm4","ssp585",NA,1.64162418955412,31.9591629669446
"3522",4357,"Guangxi","gfdl-esm4","ssp585",NA,3.72936675244817,31.0602053858653
"3523",4358,"Guangxi","gfdl-esm4","ssp585",NA,11.8301515739788,31.4072389746915
"3524",4359,"Guangxi","gfdl-esm4","ssp585",NA,14.5586584038282,30.4052978515625
"3525",4360,"Guangxi","gfdl-esm4","ssp585",NA,9.14099094142857,29.8735398749344
"3526",4361,"Guangxi","gfdl-esm4","ssp585",NA,7.33306927691818,30.6842145647322
"3527",4362,"Guangxi","gfdl-esm4","ssp585",NA,15.7991439061623,29.9460192255613
"3528",4363,"Guangxi","gfdl-esm4","ssp585",NA,12.5504671045586,30.983446137244
"3529",4364,"Guangxi","gfdl-esm4","ssp585",NA,3.90955386880468,30.6627718372505
"3530",4365,"Guangxi","gfdl-esm4","ssp585",NA,2.84341189983712,31.0206670680968
"3531",4366,"Guangxi","gfdl-esm4","ssp585",NA,3.04873031709454,31.2094651166131
"3532",4367,"Guangxi","gfdl-esm4","ssp585",NA,17.4488731475097,29.4714358033253
"3533",4368,"Guangxi","gfdl-esm4","ssp585",NA,4.07638522951818,27.2334308528099
"3534",4369,"Guangxi","gfdl-esm4","ssp585",NA,0.0243478910258909,28.5852832954471
"3535",4370,"Guangxi","gfdl-esm4","ssp585",NA,0.0318034577680881,28.8811477276458
"3536",4371,"Guangxi","gfdl-esm4","ssp585",NA,0.00228729556992595,27.0916487493435
"3537",4372,"Guangxi","gfdl-esm4","ssp585",NA,0.00215390969817175,26.6367112616531
"3538",4373,"Guangxi","gfdl-esm4","ssp585",NA,0.529319811401426,28.6708211433988
"3539",4374,"Guangxi","gfdl-esm4","ssp585",NA,0.709442110135325,22.4357268517759
"3540",4375,"Guangxi","gfdl-esm4","ssp585",NA,5.01776937327772,23.1574098218389
"3541",4376,"Guangxi","gfdl-esm4","ssp585",NA,0.000862288756512239,21.0652790999212
"3542",4377,"Guangxi","gfdl-esm4","ssp585",NA,0.389143842964104,22.8280273950401
"3543",4378,"Guangxi","gfdl-esm4","ssp585",NA,0.126505396616848,21.9622661173845
"3544",4379,"Guangxi","gfdl-esm4","ssp585",NA,0.313352176589655,21.924039645155
"3545",4380,"Guangxi","gfdl-esm4","ssp585",NA,0.0078989786427065,17.6812537954635
"3546",4381,"Guangxi","gfdl-esm4","ssp585",NA,0.0506199733121809,19.5303361139378
"3547",4382,"Guangxi","gfdl-esm4","ssp585",NA,1.92046821129569,16.5532667656907
"3548",4383,"Guangxi","gfdl-esm4","ssp585",NA,2.49560470480649,17.6026351287586
"3549",4384,"Guangxi","gfdl-esm4","ssp585",NA,0.227666044532676,10.9265193137802
"3550",4385,"Guangxi","gfdl-esm4","ssp585",NA,0.0240741512200603,12.903785820969
"3551",4386,"Guangxi","gfdl-esm4","ssp585",NA,1.25479025456139,11.4145354455259
"3552",4387,"Guangxi","gfdl-esm4","ssp585",NA,1.74360417721594,14.4659608472295
"3553",4388,"Guangxi","gfdl-esm4","ssp585",NA,0.976578374083292,18.8773174382058
"3554",4389,"Guangxi","gfdl-esm4","ssp585",NA,0.0337435088032111,18.8089312898011
"3555",4390,"Guangxi","gfdl-esm4","ssp585",NA,6.65305043914196,8.00496887719934
"3556",4391,"Guangxi","gfdl-esm4","ssp585",NA,0.406882208528045,13.338560062697
"3557",4392,"Guangxi","gfdl-esm4","ssp585",NA,0.886748061471246,18.112823332458
"3558",4393,"Guangxi","gfdl-esm4","ssp585",NA,1.03204946135642,14.433984375
"3559",4394,"Guangxi","gfdl-esm4","ssp585",NA,4.64607198770229,21.0221356047302
"3560",4395,"Guangxi","gfdl-esm4","ssp585",NA,5.88894521754038,17.7897584546514
"3561",4396,"Guangxi","gfdl-esm4","ssp585",NA,10.394961814494,18.4697733903132
"3562",4397,"Guangxi","gfdl-esm4","ssp585",NA,1.94941426683773,23.840053115973
"3563",4398,"Guangxi","gfdl-esm4","ssp585",NA,0.819284895574014,23.8619333475578
"3564",4399,"Guangxi","gfdl-esm4","ssp585",NA,1.52132869427185,27.1584444959625
"3565",4400,"Guangxi","gfdl-esm4","ssp585",NA,5.05763969642461,25.8241329417509
"3566",4401,"Guangxi","gfdl-esm4","ssp585",NA,9.65645849100899,24.670375381598
"3567",4402,"Guangxi","gfdl-esm4","ssp585",NA,3.94596767701803,26.1964152360163
"3568",4403,"Guangxi","gfdl-esm4","ssp585",NA,1.0662423530931,31.02085504612
"3569",4404,"Guangxi","gfdl-esm4","ssp585",NA,4.0623129458095,31.2344571666557
"3570",4405,"Guangxi","gfdl-esm4","ssp585",NA,11.3262331662523,31.1357456752232
"3571",4406,"Guangxi","gfdl-esm4","ssp585",NA,6.34588028812129,31.358621959526
"3572",4407,"Guangxi","gfdl-esm4","ssp585",NA,8.54016012905049,29.4408080541787
"3573",4408,"Guangxi","gfdl-esm4","ssp585",NA,12.7016773555727,28.0441563710445
"3574",4409,"Guangxi","gfdl-esm4","ssp585",NA,12.3843153039208,29.5704781155627
"3575",4410,"Guangxi","gfdl-esm4","ssp585",NA,16.5144210450415,29.2299678001083
"3576",4411,"Guangxi","gfdl-esm4","ssp585",NA,1.46160998793652,30.0059466706605
"3577",4412,"Guangxi","gfdl-esm4","ssp585",NA,5.91464721553953,31.1974290350906
"3578",4413,"Guangxi","gfdl-esm4","ssp585",NA,7.84214876177001,31.755682526917
"3579",4414,"Guangxi","gfdl-esm4","ssp585",NA,2.05702798812432,32.2955377658876
"3580",4415,"Guangxi","gfdl-esm4","ssp585",NA,14.259667245137,29.5810978737198
"3581",4416,"Guangxi","gfdl-esm4","ssp585",NA,2.83203137130672,30.3331139828979
"3582",4417,"Guangxi","gfdl-esm4","ssp585",NA,4.19294064353976,30.1997364204471
"3583",4418,"Guangxi","gfdl-esm4","ssp585",NA,16.8351619928208,30.4344928645286
"3584",4419,"Guangxi","gfdl-esm4","ssp585",NA,3.12241715536623,31.3202708524816
"3585",4420,"Guangxi","gfdl-esm4","ssp585",NA,6.7335700630823,31.3591708656119
"3586",4421,"Guangxi","gfdl-esm4","ssp585",NA,2.94550190134827,29.842641057888
"3587",4422,"Guangxi","gfdl-esm4","ssp585",NA,12.0266572863005,28.9161887801996
"3588",4423,"Guangxi","gfdl-esm4","ssp585",NA,0.914766362445388,26.0954820648963
"3589",4424,"Guangxi","gfdl-esm4","ssp585",NA,3.14799665526229,26.9544958290934
"3590",4425,"Guangxi","gfdl-esm4","ssp585",NA,0.126591898666493,23.6372665277049
"3591",4426,"Guangxi","gfdl-esm4","ssp585",NA,0.000713917828104342,21.6297600754169
"3592",4427,"Guangxi","gfdl-esm4","ssp585",NA,0.0190549208075806,24.6631178911995
"3593",4428,"Guangxi","gfdl-esm4","ssp585",NA,0.652700573577817,24.5447782628677
"3594",4429,"Guangxi","gfdl-esm4","ssp585",NA,0.371758599183278,19.7915818158318
"3595",4430,"Guangxi","gfdl-esm4","ssp585",NA,15.1228474771589,21.9898548286502
"3596",4431,"Guangxi","gfdl-esm4","ssp585",NA,0.996336481797347,23.102836339614
"3597",4432,"Guangxi","gfdl-esm4","ssp585",NA,0.438636271980667,16.7609188304228
"3598",4433,"Guangxi","gfdl-esm4","ssp585",NA,0.00433426544543731,15.1106530453979
"3599",4434,"Guangxi","gfdl-esm4","ssp585",NA,0.0096884055901759,13.7531762387572
"3600",4435,"Guangxi","gfdl-esm4","ssp585",NA,0.12156001556427,15.1233241489956
"3601",4436,"Guangxi","gfdl-esm4","ssp585",NA,0.373789842507461,13.9087070497144
"3602",4437,"Guangxi","gfdl-esm4","ssp585",NA,1.93203569716931,14.9640558322939
"3603",4438,"Guangxi","gfdl-esm4","ssp585",NA,0.361461969924149,11.802427250197
"3604",4439,"Guangxi","gfdl-esm4","ssp585",NA,2.16388006992257,13.3952132024685
"3605",4440,"Guangxi","gfdl-esm4","ssp585",NA,1.37612030295469,11.2195438673516
"3606",4441,"Guangxi","gfdl-esm4","ssp585",NA,0.555780917281229,12.267526065602
"3607",4442,"Guangxi","gfdl-esm4","ssp585",NA,0.0576944378914631,16.3410214720654
"3608",4443,"Guangxi","gfdl-esm4","ssp585",NA,3.67047772939259,16.874570240694
"3609",4444,"Guangxi","gfdl-esm4","ssp585",NA,8.25899692406724,14.2666645466781
"3610",4445,"Guangxi","gfdl-esm4","ssp585",NA,2.55466954619416,13.9406896767496
"3611",4446,"Guangxi","gfdl-esm4","ssp585",NA,0.927174360151505,19.6102313899193
"3612",4447,"Guangxi","gfdl-esm4","ssp585",NA,0.219202302746644,20.3323245264903
"3613",4448,"Guangxi","gfdl-esm4","ssp585",NA,3.02098105746559,25.6542646135603
"3614",4449,"Guangxi","gfdl-esm4","ssp585",NA,6.5416265437053,16.9172858743107
"3615",4450,"Guangxi","gfdl-esm4","ssp585",NA,3.28948736043565,20.5850864442457
"3616",4451,"Guangxi","gfdl-esm4","ssp585",NA,1.03007815723533,24.3210478966978
"3617",4452,"Guangxi","gfdl-esm4","ssp585",NA,0.0495111190868265,29.4307415617614
"3618",4453,"Guangxi","gfdl-esm4","ssp585",NA,2.1556977939418,25.6466292180935
"3619",4454,"Guangxi","gfdl-esm4","ssp585",NA,3.52408974325067,28.2203848702567
"3620",4455,"Guangxi","gfdl-esm4","ssp585",NA,7.30288614567487,23.844290391938
"3621",4456,"Guangxi","gfdl-esm4","ssp585",NA,5.05299939920902,29.0747452936253
"3622",4457,"Guangxi","gfdl-esm4","ssp585",NA,2.39776801949838,30.0066193396304
"3623",4458,"Guangxi","gfdl-esm4","ssp585",NA,8.81566137248457,30.6881035299862
"3624",4459,"Guangxi","gfdl-esm4","ssp585",NA,2.41839844988624,33.3674650817358
"3625",4460,"Guangxi","gfdl-esm4","ssp585",NA,11.2577437533348,31.8744917156316
"3626",4461,"Guangxi","gfdl-esm4","ssp585",NA,0.0705686793136782,30.8837791122309
"3627",4462,"Guangxi","gfdl-esm4","ssp585",NA,8.43573333272608,32.7407909233029
"3628",4463,"Guangxi","gfdl-esm4","ssp585",NA,3.01320700831073,31.4440008596212
"3629",4464,"Guangxi","gfdl-esm4","ssp585",NA,4.49838152708864,31.623439654182
"3630",4465,"Guangxi","gfdl-esm4","ssp585",NA,10.7428302335989,29.8120837299764
"3631",4466,"Guangxi","gfdl-esm4","ssp585",NA,10.9060484074113,30.6411144609211
"3632",4467,"Guangxi","gfdl-esm4","ssp585",NA,13.9185780567873,31.1372621167608
"3633",4468,"Guangxi","gfdl-esm4","ssp585",NA,30.6067548723122,28.5514619715074
"3634",4469,"Guangxi","gfdl-esm4","ssp585",NA,14.7216687108607,29.8630646008404
"3635",4470,"Guangxi","gfdl-esm4","ssp585",NA,7.42860535197677,31.1407990271304
"3636",4471,"Guangxi","gfdl-esm4","ssp585",NA,21.396832377763,30.0348053747867
"3637",4472,"Guangxi","gfdl-esm4","ssp585",NA,8.93187089895151,30.6109963809743
"3638",4473,"Guangxi","gfdl-esm4","ssp585",NA,11.1047037123659,30.6735574161305
"3639",4474,"Guangxi","gfdl-esm4","ssp585",NA,6.09719109200976,27.3870136164818
"3640",4475,"Guangxi","gfdl-esm4","ssp585",NA,0.00621092758393854,26.8552797974659
"3641",4476,"Guangxi","gfdl-esm4","ssp585",NA,1.05064582192151,27.4554139722295
"3642",4477,"Guangxi","gfdl-esm4","ssp585",NA,0.0128112674496105,25.8646478220195
"3643",4478,"Guangxi","gfdl-esm4","ssp585",NA,0.0131728174531746,25.4930494805344
"3644",4479,"Guangxi","gfdl-esm4","ssp585",NA,1.63155005974162,27.5113414604123
"3645",4480,"Guangxi","gfdl-esm4","ssp585",NA,6.89283251527725,21.7375508284369
"3646",4481,"Guangxi","gfdl-esm4","ssp585",NA,2.24350572212322,24.7124103962874
"3647",4482,"Guangxi","gfdl-esm4","ssp585",NA,1.47304522283004,21.6789465639772
"3648",4483,"Guangxi","gfdl-esm4","ssp585",NA,0.0808332380366672,16.7144850786995
"3649",4484,"Guangxi","gfdl-esm4","ssp585",NA,0.5301218770586,16.378507982783
"3650",4485,"Guangxi","gfdl-esm4","ssp585",NA,0.0195558857926737,15.3354070070411
"3651",4486,"Guangxi","gfdl-esm4","ssp585",NA,2.38799974427056,17.3773562647716
"3652",4487,"Guangxi","gfdl-esm4","ssp585",NA,0.477483387416627,18.1741087841387
"3653",4488,"Guangxi","gfdl-esm4","ssp585",NA,0.0544678796460106,15.5903172084264
"3654",4489,"Guangxi","gfdl-esm4","ssp585",NA,0.738594939711747,17.7286088190159
"3655",4490,"Guangxi","gfdl-esm4","ssp585",NA,0.427974885352349,15.4143731125263
"3656",4491,"Guangxi","gfdl-esm4","ssp585",NA,0.164235925109066,14.6086029309185
"3657",4492,"Guangxi","gfdl-esm4","ssp585",NA,0.333018739393618,16.0427584095162
"3658",4493,"Guangxi","gfdl-esm4","ssp585",NA,0.304662019843818,13.6046148732931
"3659",4494,"Guangxi","gfdl-esm4","ssp585",NA,0.324970448954973,19.8829808339352
"3660",4495,"Guangxi","gfdl-esm4","ssp585",NA,2.39014911583841,13.1133234104189
"3661",4496,"Guangxi","gfdl-esm4","ssp585",NA,2.65123173310162,21.1011355616466
"3662",4497,"Guangxi","gfdl-esm4","ssp585",NA,6.19767119209825,16.4411953966157
"3663",4498,"Guangxi","gfdl-esm4","ssp585",NA,0.212686292530833,13.6005684475939
"3664",4499,"Guangxi","gfdl-esm4","ssp585",NA,2.61533604417668,13.6195037585347
"3665",4500,"Guangxi","gfdl-esm4","ssp585",NA,2.28265011958981,20.238186825023
"3666",4501,"Guangxi","gfdl-esm4","ssp585",NA,1.35456629053256,22.3079809365152
"3667",4502,"Guangxi","gfdl-esm4","ssp585",NA,2.57958506362634,25.3842496984145
"3668",4503,"Guangxi","gfdl-esm4","ssp585",NA,3.66791392868214,24.8444825757452
"3669",4504,"Guangxi","gfdl-esm4","ssp585",NA,1.56483708797382,25.8186033104648
"3670",4505,"Guangxi","gfdl-esm4","ssp585",NA,8.48715170366081,25.4590465898274
"3671",4506,"Guangxi","gfdl-esm4","ssp585",NA,7.22145806233855,28.5997885824252
"3672",4507,"Guangxi","gfdl-esm4","ssp585",NA,9.5818801995471,25.9165182161732
"3673",4508,"Guangxi","gfdl-esm4","ssp585",NA,15.3866395418984,26.0153495724462
"3674",4509,"Guangxi","gfdl-esm4","ssp585",NA,9.15308560510464,25.6862599605272
"3675",4510,"Guangxi","gfdl-esm4","ssp585",NA,9.4794854200845,27.1403502392168
"3676",4511,"Guangxi","gfdl-esm4","ssp585",NA,10.5336171216375,29.5374203465566
"3677",4512,"Guangxi","gfdl-esm4","ssp585",NA,8.71270162119501,30.6909518714713
"3678",4513,"Guangxi","gfdl-esm4","ssp585",NA,21.9917899847062,30.8276476948201
"3679",4514,"Guangxi","gfdl-esm4","ssp585",NA,13.6551325040851,30.3574007435005
"3680",4515,"Guangxi","gfdl-esm4","ssp585",NA,9.66953153579404,31.3113894678966
"3681",4516,"Guangxi","gfdl-esm4","ssp585",NA,6.31871254476652,31.2783312885701
"3682",4517,"Guangxi","gfdl-esm4","ssp585",NA,5.98126158622918,31.2521876230961
"3683",4518,"Guangxi","gfdl-esm4","ssp585",NA,9.65842979513008,30.6583417619978
"3684",4519,"Guangxi","gfdl-esm4","ssp585",NA,12.9373199343267,30.7483809783679
"3685",4520,"Guangxi","gfdl-esm4","ssp585",NA,5.35738471746146,31.0305998473608
"3686",4521,"Guangxi","gfdl-esm4","ssp585",NA,8.71763726965949,30.2917543042608
"3687",4522,"Guangxi","gfdl-esm4","ssp585",NA,13.7402253980415,31.4379094484474
"3688",4523,"Guangxi","gfdl-esm4","ssp585",NA,17.8099719461329,30.548672972607
"3689",4524,"Guangxi","gfdl-esm4","ssp585",NA,6.75030793303144,31.6706127006467
"3690",4525,"Guangxi","gfdl-esm4","ssp585",NA,3.47357302696795,30.0804508497735
"3691",4526,"Guangxi","gfdl-esm4","ssp585",NA,4.11720206578039,28.2373734674534
"3692",4527,"Guangxi","gfdl-esm4","ssp585",NA,1.78010592914757,28.6456116748457
"3693",4528,"Guangxi","gfdl-esm4","ssp585",NA,2.44575090531603,26.382293803752
"3694",4529,"Guangxi","gfdl-esm4","ssp585",NA,0.14274049941668,26.3809441574482
"3695",4530,"Guangxi","gfdl-esm4","ssp585",NA,0.32070791268596,23.4955390481388
"3696",4531,"Guangxi","gfdl-esm4","ssp585",NA,0.339497870104921,25.6506916462874
"3697",4532,"Guangxi","gfdl-esm4","ssp585",NA,2.08849160453381,27.5971106264772
"3698",4533,"Guangxi","gfdl-esm4","ssp585",NA,3.49983085177561,25.2999768681887
"3699",4534,"Guangxi","gfdl-esm4","ssp585",NA,0.483360597576424,21.413007822758
"3700",4535,"Guangxi","gfdl-esm4","ssp585",NA,2.54678748243235,21.7510125681132
"3701",4536,"Guangxi","gfdl-esm4","ssp585",NA,0.0165241285127699,15.4276543625263
"3702",4537,"Guangxi","gfdl-esm4","ssp585",NA,0.00833500608762221,17.0696677328158
"3703",4538,"Guangxi","gfdl-esm4","ssp585",NA,0.0744714624771336,20.3545944085642
"3704",4539,"Guangxi","gfdl-esm4","ssp585",NA,0.0463774070155194,14.0910881491269
"3705",4540,"Guangxi","gfdl-esm4","ssp585",NA,0.00409651421472242,13.9334659352022
"3706",4541,"Guangxi","gfdl-esm4","ssp585",NA,0.00286747465761742,13.1482073615579
"3707",4542,"Guangxi","gfdl-esm4","ssp585",NA,4.65709917491988,15.8263872931986
"3708",4543,"Guangxi","gfdl-esm4","ssp585",NA,2.59113282419972,13.2184306168757
"3709",4544,"Guangxi","gfdl-esm4","ssp585",NA,0.792253543838625,14.90706376789
"3710",4545,"Guangxi","gfdl-esm4","ssp585",NA,0.582830134934272,14.4566049271271
"3711",4546,"Guangxi","gfdl-esm4","ssp585",NA,0.203322179824849,15.3704020524226
"3712",4547,"Guangxi","gfdl-esm4","ssp585",NA,4.55395172337269,16.2572405133929
"3713",4548,"Guangxi","gfdl-esm4","ssp585",NA,6.55879611462419,14.8371647682511
"3714",4549,"Guangxi","gfdl-esm4","ssp585",NA,2.09574717951757,14.6964883243337
"3715",4550,"Guangxi","gfdl-esm4","ssp585",NA,0.609994708694798,17.8582735462349
"3716",4551,"Guangxi","gfdl-esm4","ssp585",NA,1.96400900712303,18.455634775883
"3717",4552,"Guangxi","gfdl-esm4","ssp585",NA,1.63046505007729,20.0443690708706
"3718",4553,"Guangxi","gfdl-esm4","ssp585",NA,5.93908538408685,20.6242831702994
"3719",4554,"Guangxi","gfdl-esm4","ssp585",NA,1.29986131068406,23.6757103158646
"3720",4555,"Guangxi","gfdl-esm4","ssp585",NA,1.26235013872193,21.6484150349593
"3721",4556,"Guangxi","gfdl-esm4","ssp585",NA,6.20824690216672,24.369871918494
"3722",4557,"Guangxi","gfdl-esm4","ssp585",NA,16.6801069831438,23.2878607229025
"3723",4558,"Guangxi","gfdl-esm4","ssp585",NA,2.11990494537241,27.6043789903657
"3724",4559,"Guangxi","gfdl-esm4","ssp585",NA,11.741069230748,26.6201741194525
"3725",4560,"Guangxi","gfdl-esm4","ssp585",NA,6.39698275422715,28.7197055848707
"3726",4561,"Guangxi","gfdl-esm4","ssp585",NA,17.7855728910995,25.6941895044151
"3727",4562,"Guangxi","gfdl-esm4","ssp585",NA,17.2458580044909,27.9421851919479
"3728",4563,"Guangxi","gfdl-esm4","ssp585",NA,9.74980894083151,30.0070153500854
"3729",4564,"Guangxi","gfdl-esm4","ssp585",NA,13.528874325418,28.8542890276228
"3730",4565,"Guangxi","gfdl-esm4","ssp585",NA,5.62716772007226,31.0854139824875
"3731",4566,"Guangxi","gfdl-esm4","ssp585",NA,31.123274466377,30.244803600151
"3732",4567,"Guangxi","gfdl-esm4","ssp585",NA,14.1632861936609,29.5168905819164
"3733",4568,"Guangxi","gfdl-esm4","ssp585",NA,12.8877750310745,30.5544333065258
"3734",4569,"Guangxi","gfdl-esm4","ssp585",NA,4.78283712978156,30.8493924181001
"3735",4570,"Guangxi","gfdl-esm4","ssp585",NA,3.32533663536968,30.5949421345687
"3736",4571,"Guangxi","gfdl-esm4","ssp585",NA,3.32331156850993,31.0083263236936
"3737",4572,"Guangxi","gfdl-esm4","ssp585",NA,6.27733746911421,30.1039894937467
"3738",4573,"Guangxi","gfdl-esm4","ssp585",NA,8.56838952700137,31.1670012145483
"3739",4574,"Guangxi","gfdl-esm4","ssp585",NA,18.6591833752645,30.5142731482242
"3740",4575,"Guangxi","gfdl-esm4","ssp585",NA,8.25003716211273,28.8603275587579
"3741",4576,"Guangxi","gfdl-esm4","ssp585",NA,2.53608532609384,29.8664759018842
"3742",4577,"Guangxi","gfdl-esm4","ssp585",NA,3.23679009165765,30.0816679625952
"3743",4578,"Guangxi","gfdl-esm4","ssp585",NA,12.9337765658616,27.7407403513163
"3744",4579,"Guangxi","gfdl-esm4","ssp585",NA,5.26213057595929,25.5832018940389
"3745",4580,"Guangxi","gfdl-esm4","ssp585",NA,8.01432204459016,27.3984959193639
"3746",4581,"Guangxi","gfdl-esm4","ssp585",NA,3.82885160519726,24.5221494017529
"3747",4582,"Guangxi","gfdl-esm4","ssp585",NA,0.417519600599336,26.1304481826911
"3748",4583,"Guangxi","gfdl-esm4","ssp585",NA,5.97503365166356,23.7148561621915
"3749",4584,"Guangxi","gfdl-esm4","ssp585",NA,7.07155481852826,19.1580046325171
"3750",4585,"Guangxi","gfdl-esm4","ssp585",NA,4.04604888552623,17.5466413738347
"3751",4586,"Guangxi","gfdl-esm4","ssp585",NA,0.00341594360569226,18.7862343155036
"3752",4587,"Guangxi","gfdl-esm4","ssp585",NA,0.0328062024975622,19.4244818679425
"3753",4588,"Guangxi","gfdl-esm4","ssp585",NA,0.130882668951521,16.6073408367253
"3754",4589,"Guangxi","gfdl-esm4","ssp585",NA,0.283231552673881,19.6638320025276
"3755",4590,"Guangxi","gfdl-esm4","ssp585",NA,1.41653980417121,18.6565871807708
"3756",4591,"Guangxi","gfdl-esm4","ssp585",NA,0.126611471709066,10.6725376161207
"3757",4592,"Guangxi","gfdl-esm4","ssp585",NA,0.0151694354060949,11.0946882488347
"3758",4593,"Guangxi","gfdl-esm4","ssp585",NA,1.77713288008328,17.5137362440093
"3759",4594,"Guangxi","gfdl-esm4","ssp585",NA,1.51455789470865,11.0207562101989
"3760",4595,"Guangxi","gfdl-esm4","ssp585",NA,0.512380746325053,11.6599788890166
"3761",4596,"Guangxi","gfdl-esm4","ssp585",NA,1.12156101333847,12.6178041089483
"3762",4597,"Guangxi","gfdl-esm4","ssp585",NA,0.0575666420205502,11.0514759224002
"3763",4598,"Guangxi","gfdl-esm4","ssp585",NA,0.686907825690446,18.3124122427291
"3764",4599,"Guangxi","gfdl-esm4","ssp585",NA,1.99215617713454,17.7965901350775
"3765",4600,"Guangxi","gfdl-esm4","ssp585",NA,2.19807614990806,14.574787351464
"3766",4601,"Guangxi","gfdl-esm4","ssp585",NA,0.304451232681642,15.7855512859441
"3767",4602,"Guangxi","gfdl-esm4","ssp585",NA,0.205597508434077,21.0138870880384
"3768",4603,"Guangxi","gfdl-esm4","ssp585",NA,1.34838080873269,18.1631193786108
"3769",4604,"Guangxi","gfdl-esm4","ssp585",NA,3.76811556972,16.4082326167772
"3770",4605,"Guangxi","gfdl-esm4","ssp585",NA,1.7521663607073,20.8618488728499
"3771",4606,"Guangxi","gfdl-esm4","ssp585",NA,2.5537163460568,21.2546861664588
"3772",4607,"Guangxi","gfdl-esm4","ssp585",NA,1.81525008068146,22.7831122903263
"3773",4608,"Guangxi","gfdl-esm4","ssp585",NA,5.43962929066918,24.0857890153132
"3774",4609,"Guangxi","gfdl-esm4","ssp585",NA,4.45676838831099,27.8266150722985
"3775",4610,"Guangxi","gfdl-esm4","ssp585",NA,2.68007704352729,27.1604714786305
"3776",4611,"Guangxi","gfdl-esm4","ssp585",NA,6.84077588883507,27.9141142516577
"3777",4612,"Guangxi","gfdl-esm4","ssp585",NA,5.5099192430492,28.4151905220096
"3778",4613,"Guangxi","gfdl-esm4","ssp585",NA,2.79990975630992,29.9618497447807
"3779",4614,"Guangxi","gfdl-esm4","ssp585",NA,12.9379202890163,28.4463805126543
"3780",4615,"Guangxi","gfdl-esm4","ssp585",NA,10.0470356806866,29.2643095128677
"3781",4616,"Guangxi","gfdl-esm4","ssp585",NA,1.11508123212721,29.5396608496915
"3782",4617,"Guangxi","gfdl-esm4","ssp585",NA,6.92540819228721,30.6458054999344
"3783",4618,"Guangxi","gfdl-esm4","ssp585",NA,8.10862997296903,30.934870820887
"3784",4619,"Guangxi","gfdl-esm4","ssp585",NA,3.33053312454475,30.5220546177456
"3785",4620,"Guangxi","gfdl-esm4","ssp585",NA,4.19572953108667,30.8312869801241
"3786",4621,"Guangxi","gfdl-esm4","ssp585",NA,3.65678207025308,30.9738401781611
"3787",4622,"Guangxi","gfdl-esm4","ssp585",NA,5.94136272351091,31.0262969201353
"3788",4623,"Guangxi","gfdl-esm4","ssp585",NA,17.4953266895,30.6074680873326
"3789",4624,"Guangxi","gfdl-esm4","ssp585",NA,0.896674712968598,31.212210211233
"3790",4625,"Guangxi","gfdl-esm4","ssp585",NA,11.7844913865194,30.5519371225053
"3791",4626,"Guangxi","gfdl-esm4","ssp585",NA,10.6954026237845,30.0185972069492
"3792",4627,"Guangxi","gfdl-esm4","ssp585",NA,6.72080938245437,30.6820341222427
"3793",4628,"Guangxi","gfdl-esm4","ssp585",NA,3.47919469312843,30.8584838354287
"3794",4629,"Guangxi","gfdl-esm4","ssp585",NA,9.14041466283135,30.4867672190947
"3795",4630,"Guangxi","gfdl-esm4","ssp585",NA,1.04571345106622,29.8189391064043
"3796",4631,"Guangxi","gfdl-esm4","ssp585",NA,0.281849666427065,29.6758303345753
"3797",4632,"Guangxi","gfdl-esm4","ssp585",NA,0.673230288085819,26.7626369957163
"3798",4633,"Guangxi","gfdl-esm4","ssp585",NA,0.238979762983058,28.0728306874508
"3799",4634,"Guangxi","gfdl-esm4","ssp585",NA,1.35829102987288,27.8185800760734
"3800",4635,"Guangxi","gfdl-esm4","ssp585",NA,2.98220702207808,27.9903022830226
"3801",4636,"Guangxi","gfdl-esm4","ssp585",NA,4.66302020086769,27.5927333799731
"3802",4637,"Guangxi","gfdl-esm4","ssp585",NA,2.41223332412593,26.1521102777049
"3803",4638,"Guangxi","gfdl-esm4","ssp585",NA,0.424496313956778,21.0368230739562
"3804",4639,"Guangxi","gfdl-esm4","ssp585",NA,3.29471073793837,21.6820494066768
"3805",4640,"Guangxi","gfdl-esm4","ssp585",NA,0.135638834053833,15.522720259979
"3806",4641,"Guangxi","gfdl-esm4","ssp585",NA,0.0539295170048962,15.1084148503152
"3807",4642,"Guangxi","gfdl-esm4","ssp585",NA,0.0919783644263481,15.4498752626051
"3808",4643,"Guangxi","gfdl-esm4","ssp585",NA,0.000459623355281485,16.0031254103204
"3809",4644,"Guangxi","gfdl-esm4","ssp585",NA,0.112434184390752,18.6347350048418
"3810",4645,"Guangxi","gfdl-esm4","ssp585",NA,0.539810552595363,18.4781115620076
"3811",4646,"Guangxi","gfdl-esm4","ssp585",NA,0.619930439737984,13.8680649188387
"3812",4647,"Guangxi","gfdl-esm4","ssp585",NA,2.15260882072991,21.9414663619354
"3813",4648,"Guangxi","gfdl-esm4","ssp585",NA,3.16715326008926,13.1369546842175
"3814",4649,"Guangxi","gfdl-esm4","ssp585",NA,0.385793664914183,13.0145276494387
"3815",4650,"Guangxi","gfdl-esm4","ssp585",NA,4.92668549867654,17.2574297736673
"3816",4651,"Guangxi","gfdl-esm4","ssp585",NA,1.43111828890761,15.8071178275998
"3817",4652,"Guangxi","gfdl-esm4","ssp585",NA,0.117332259218865,14.2141799029182
"3818",4653,"Guangxi","gfdl-esm4","ssp585",NA,0.1034981059901,22.7945374560957
"3819",4654,"Guangxi","gfdl-esm4","ssp585",NA,2.16100103092945,19.9765832211791
"3820",4655,"Guangxi","gfdl-esm4","ssp585",NA,5.33090006521323,20.3966111639969
"3821",4656,"Guangxi","gfdl-esm4","ssp585",NA,0.270204260748319,25.8050074986049
"3822",4657,"Guangxi","gfdl-esm4","ssp585",NA,6.32108678043849,19.6240696498326
"3823",4658,"Guangxi","gfdl-esm4","ssp585",NA,3.26905800005729,22.8688494514017
"3824",4659,"Guangxi","gfdl-esm4","ssp585",NA,1.2591350823274,23.8209838867188
"3825",4660,"Guangxi","gfdl-esm4","ssp585",NA,11.7615755144469,23.2243383583903
"3826",4661,"Guangxi","gfdl-esm4","ssp585",NA,5.62135284124314,24.3732350581834
"3827",4662,"Guangxi","gfdl-esm4","ssp585",NA,4.00365398389113,26.3313582732898
"3828",4663,"Guangxi","gfdl-esm4","ssp585",NA,7.14384693598953,26.7986748190487
"3829",4664,"Guangxi","gfdl-esm4","ssp585",NA,7.34665272176068,27.6972704462645
"3830",4665,"Guangxi","gfdl-esm4","ssp585",NA,14.1029602885523,28.0395750927324
"3831",4666,"Guangxi","gfdl-esm4","ssp585",NA,12.3525597373055,28.0150405499114
"3832",4667,"Guangxi","gfdl-esm4","ssp585",NA,11.8612023234427,30.728445101185
"3833",4668,"Guangxi","gfdl-esm4","ssp585",NA,1.61940895571061,33.9740180520451
"3834",4669,"Guangxi","gfdl-esm4","ssp585",NA,14.0426717737039,30.068649061187
"3835",4670,"Guangxi","gfdl-esm4","ssp585",NA,6.21823400127867,30.8389299152278
"3836",4671,"Guangxi","gfdl-esm4","ssp585",NA,2.49137466680821,31.9609779165573
"3837",4672,"Guangxi","gfdl-esm4","ssp585",NA,12.2902482465773,32.1654451258043
"3838",4673,"Guangxi","gfdl-esm4","ssp585",NA,10.3888646546711,31.5647702513623
"3839",4674,"Guangxi","gfdl-esm4","ssp585",NA,26.9736061081989,30.5286101525571
"3840",4675,"Guangxi","gfdl-esm4","ssp585",NA,3.71014253376003,31.3347584443934
"3841",4676,"Guangxi","gfdl-esm4","ssp585",NA,4.16084238032599,31.6942506934415
"3842",4677,"Guangxi","gfdl-esm4","ssp585",NA,4.5088485231356,31.5661080496652
"3843",4678,"Guangxi","gfdl-esm4","ssp585",NA,2.00764340118463,31.6917463030134
"3844",4679,"Guangxi","gfdl-esm4","ssp585",NA,9.30819968879199,31.6011347922958
"3845",4680,"Guangxi","gfdl-esm4","ssp585",NA,5.00359775701686,30.6663907604057
"3846",4681,"Guangxi","gfdl-esm4","ssp585",NA,4.17894409109113,31.1244248847
"3847",4682,"Guangxi","gfdl-esm4","ssp585",NA,0.000198505863600152,29.500972151556
"3848",4683,"Guangxi","gfdl-esm4","ssp585",NA,1.26658666230584,30.3128673393186
"3849",4684,"Guangxi","gfdl-esm4","ssp585",NA,4.7427768997882,26.7810907444033
"3850",4685,"Guangxi","gfdl-esm4","ssp585",NA,2.33544729650449,25.7901272813813
"3851",4686,"Guangxi","gfdl-esm4","ssp585",NA,3.20940458526988,28.6622030819164
"3852",4687,"Guangxi","gfdl-esm4","ssp585",NA,3.80326190780143,24.5722092572381
"3853",4688,"Guangxi","gfdl-esm4","ssp585",NA,18.646261927428,16.0721343737691
"3854",4689,"Guangxi","gfdl-esm4","ssp585",NA,0.00181283296084427,18.3066128257944
"3855",4690,"Guangxi","gfdl-esm4","ssp585",NA,0.052785513099105,19.8646697741597
"3856",4691,"Guangxi","gfdl-esm4","ssp585",NA,0.00206933796802974,17.5051032571232
"3857",4692,"Guangxi","gfdl-esm4","ssp585",NA,0.301556053616404,17.027765764509
"3858",4693,"Guangxi","gfdl-esm4","ssp585",NA,0.287035111498216,15.8411138454405
"3859",4694,"Guangxi","gfdl-esm4","ssp585",NA,0.403278787958361,20.7043719636292
"3860",4695,"Guangxi","gfdl-esm4","ssp585",NA,0.45909197230815,15.8379162187336
"3861",4696,"Guangxi","gfdl-esm4","ssp585",NA,0.15552464560405,16.0457311806559
"3862",4697,"Guangxi","gfdl-esm4","ssp585",NA,1.9873546024995,17.2703026523109
"3863",4698,"Guangxi","gfdl-esm4","ssp585",NA,6.00202113762327,19.2204252355239
"3864",4699,"Guangxi","gfdl-esm4","ssp585",NA,3.60474420696418,14.4460163533187
"3865",4700,"Guangxi","gfdl-esm4","ssp585",NA,0.763903893102371,14.9201617072611
"3866",4701,"Guangxi","gfdl-esm4","ssp585",NA,1.96919754814411,17.4755001292509
"3867",4702,"Guangxi","gfdl-esm4","ssp585",NA,1.57469204502858,10.1180904099921
"3868",4703,"Guangxi","gfdl-esm4","ssp585",NA,3.0104546891331,13.5547329942719
"3869",4704,"Guangxi","gfdl-esm4","ssp585",NA,6.16090152549184,14.2497800169873
"3870",4705,"Guangxi","gfdl-esm4","ssp585",NA,2.12530789293981,20.645640140822
"3871",4706,"Guangxi","gfdl-esm4","ssp585",NA,5.3217600229499,17.389582273339
"3872",4707,"Guangxi","gfdl-esm4","ssp585",NA,3.16708261883786,17.5717565199908
"3873",4708,"Guangxi","gfdl-esm4","ssp585",NA,3.98726997175547,20.9765050551471
"3874",4709,"Guangxi","gfdl-esm4","ssp585",NA,10.3476055466332,18.0764693572742
"3875",4710,"Guangxi","gfdl-esm4","ssp585",NA,0.659204940630163,21.0640560887441
"3876",4711,"Guangxi","gfdl-esm4","ssp585",NA,13.4545984512121,20.5231758694689
"3877",4712,"Guangxi","gfdl-esm4","ssp585",NA,6.07460463059733,23.3208913594735
"3878",4713,"Guangxi","gfdl-esm4","ssp585",NA,7.41480877892172,23.8186203387605
"3879",4714,"Guangxi","gfdl-esm4","ssp585",NA,2.81371456826621,29.0293369325269
"3880",4715,"Guangxi","gfdl-esm4","ssp585",NA,3.44008733430804,24.075039031726
"3881",4716,"Guangxi","gfdl-esm4","ssp585",NA,5.99372289274042,26.8572897005482
"3882",4717,"Guangxi","gfdl-esm4","ssp585",NA,1.77621159132386,30.5997214950434
"3883",4718,"Guangxi","gfdl-esm4","ssp585",NA,6.9987869115562,30.9430123978302
"3884",4719,"Guangxi","gfdl-esm4","ssp585",NA,17.5640248981458,29.5597409544873
"3885",4720,"Guangxi","gfdl-esm4","ssp585",NA,10.683833179725,31.3670251670004
"3886",4721,"Guangxi","gfdl-esm4","ssp585",NA,6.91527881385771,31.3025165974593
"3887",4722,"Guangxi","gfdl-esm4","ssp585",NA,3.02836227957712,31.7052166081276
"3888",4723,"Guangxi","gfdl-esm4","ssp585",NA,7.34991501738829,31.6921699588039
"3889",4724,"Guangxi","gfdl-esm4","ssp585",NA,14.0494572775971,30.8168060559185
"3890",4725,"Guangxi","gfdl-esm4","ssp585",NA,4.88445648729205,32.0367580381762
"3891",4726,"Guangxi","gfdl-esm4","ssp585",NA,9.32655350786209,31.4033766289719
"3892",4727,"Guangxi","gfdl-esm4","ssp585",NA,3.87876460351871,31.3415396041229
"3893",4728,"Guangxi","gfdl-esm4","ssp585",NA,3.86958193298803,31.4460721056001
"3894",4729,"Guangxi","gfdl-esm4","ssp585",NA,5.13249850168102,30.4616014496619
"3895",4730,"Guangxi","gfdl-esm4","ssp585",NA,3.79943204592442,30.3239460921087
"3896",4731,"Guangxi","gfdl-esm4","ssp585",NA,1.55273823074883,31.2020911465172
"3897",4732,"Guangxi","gfdl-esm4","ssp585",NA,2.8812361060684,31.1886912113478
"3898",4733,"Guangxi","gfdl-esm4","ssp585",NA,2.0115508722598,29.57299261013
"3899",4734,"Guangxi","gfdl-esm4","ssp585",NA,0.0120422157549207,30.2468089897092
"3900",4735,"Guangxi","gfdl-esm4","ssp585",NA,6.04094657114782,31.2239349621685
"3901",4736,"Guangxi","gfdl-esm4","ssp585",NA,13.9044503357698,25.948594857865
"3902",4737,"Guangxi","gfdl-esm4","ssp585",NA,0.325728105245395,25.9074910139837
"3903",4738,"Guangxi","gfdl-esm4","ssp585",NA,0.309884799871801,25.8968957211791
"3904",4739,"Guangxi","gfdl-esm4","ssp585",NA,0.0157074610597039,22.8922891568737
"3905",4740,"Guangxi","gfdl-esm4","ssp585",NA,3.46640099999077,23.2147057284828
"3906",4741,"Guangxi","gfdl-esm4","ssp585",NA,0.176391001500824,25.9555974367286
"3907",4742,"Guangxi","gfdl-esm4","ssp585",NA,0.0527853855216081,21.7997429342831
"3908",4743,"Guangxi","gfdl-esm4","ssp585",NA,0.727686283478593,20.3384837431066
"3909",4744,"Guangxi","gfdl-esm4","ssp585",NA,0.0691435438992422,19.9948170381434
"3910",4745,"Guangxi","gfdl-esm4","ssp585",NA,0.177516770607082,18.9412747423188
"3911",4746,"Guangxi","gfdl-esm4","ssp585",NA,0.0217748045457376,18.8699048467043
"3912",4747,"Guangxi","gfdl-esm4","ssp585",NA,2.51025935180621,19.1001330976727
"3913",4748,"Guangxi","gfdl-esm4","ssp585",NA,3.27814849366741,13.5839196982504
"3914",4749,"Guangxi","gfdl-esm4","ssp585",NA,2.27805772610645,16.8636866465336
"3915",4750,"Guangxi","gfdl-esm4","ssp585",NA,6.4126727724319,15.0601550190389
"3916",4751,"Guangxi","gfdl-esm4","ssp585",NA,1.80691729229288,13.3855302570247
"3917",4752,"Guangxi","gfdl-esm4","ssp585",NA,1.21167576199367,14.8314918325729
"3918",4753,"Guangxi","gfdl-esm4","ssp585",NA,0.00649755098355618,13.0632755055147
"3919",4754,"Guangxi","gfdl-esm4","ssp585",NA,0.00797401317906421,9.4258831120339
"3920",4755,"Guangxi","gfdl-esm4","ssp585",NA,1.22153752448576,14.433960473838
"3921",4756,"Guangxi","gfdl-esm4","ssp585",NA,0.426852278840731,20.3683943548123
"3922",4757,"Guangxi","gfdl-esm4","ssp585",NA,3.07529184051304,22.6359227797565
"3923",4758,"Guangxi","gfdl-esm4","ssp585",NA,2.80099733083002,17.6408882205226
"3924",4759,"Guangxi","gfdl-esm4","ssp585",NA,1.90399581055485,18.7688616584329
"3925",4760,"Guangxi","gfdl-esm4","ssp585",NA,1.60701830664558,20.0017723788734
"3926",4761,"Guangxi","gfdl-esm4","ssp585",NA,10.9301289114393,17.071826171875
"3927",4762,"Guangxi","gfdl-esm4","ssp585",NA,1.70476646632817,18.3220478474593
"3928",4763,"Guangxi","gfdl-esm4","ssp585",NA,0.017975375134896,24.9783718589975
"3929",4764,"Guangxi","gfdl-esm4","ssp585",NA,0.654031908545695,28.5194449801405
"3930",4765,"Guangxi","gfdl-esm4","ssp585",NA,0.719182539461381,28.5012157792805
"3931",4766,"Guangxi","gfdl-esm4","ssp585",NA,8.7882467908089,22.4331562458968
"3932",4767,"Guangxi","gfdl-esm4","ssp585",NA,0.827025970948019,28.7223974404215
"3933",4768,"Guangxi","gfdl-esm4","ssp585",NA,3.92673475014221,25.7651181517529
"3934",4769,"Guangxi","gfdl-esm4","ssp585",NA,7.74253736797573,27.5747638093324
"3935",4770,"Guangxi","gfdl-esm4","ssp585",NA,6.56047568572494,28.7915967412356
"3936",4771,"Guangxi","gfdl-esm4","ssp585",NA,7.93677523836433,30.6633353609999
"3937",4772,"Guangxi","gfdl-esm4","ssp585",NA,4.87009792702682,31.7380471109342
"3938",4773,"Guangxi","gfdl-esm4","ssp585",NA,4.35221025336386,30.8603268406972
"3939",4774,"Guangxi","gfdl-esm4","ssp585",NA,10.1668198434632,30.7426548036207
"3940",4775,"Guangxi","gfdl-esm4","ssp585",NA,8.04765659808147,30.0681421616498
"3941",4776,"Guangxi","gfdl-esm4","ssp585",NA,6.244156287051,32.0669636702337
"3942",4777,"Guangxi","gfdl-esm4","ssp585",NA,14.7929448637376,30.9005105411305
"3943",4778,"Guangxi","gfdl-esm4","ssp585",NA,13.450075615694,30.7148182075565
"3944",4779,"Guangxi","gfdl-esm4","ssp585",NA,14.5901509514562,31.1199108476399
"3945",4780,"Guangxi","gfdl-esm4","ssp585",NA,17.3851835634229,30.725095450778
"3946",4781,"Guangxi","gfdl-esm4","ssp585",NA,13.5347390890294,29.6153399299173
"3947",4782,"Guangxi","gfdl-esm4","ssp585",NA,4.62799390165481,30.262743012244
"3948",4783,"Guangxi","gfdl-esm4","ssp585",NA,16.1093492031246,30.247253674419
"3949",4784,"Guangxi","gfdl-esm4","ssp585",NA,12.3055833440539,29.5088895397026
"3950",4785,"Guangxi","gfdl-esm4","ssp585",NA,0.0240119455353858,29.4609436035156
"3951",4786,"Guangxi","gfdl-esm4","ssp585",NA,0.0396457175820079,28.7876590504366
"3952",4787,"Guangxi","gfdl-esm4","ssp585",NA,0.218140194250003,27.9791520319065
"3953",4788,"Guangxi","gfdl-esm4","ssp585",NA,0.0953346103479442,29.6994418104156
"3954",4789,"Guangxi","gfdl-esm4","ssp585",NA,3.98389814140401,26.7274196079799
"3955",4790,"Guangxi","gfdl-esm4","ssp585",NA,1.86893812253983,26.694963060908
"3956",4791,"Guangxi","gfdl-esm4","ssp585",NA,4.57299043269248,28.695936443425
"3957",4792,"Guangxi","gfdl-esm4","ssp585",NA,9.68909508123859,29.1619210379465
"3958",4793,"Guangxi","gfdl-esm4","ssp585",NA,0.31318027494285,23.3395758620831
"3959",4794,"Guangxi","gfdl-esm4","ssp585",NA,0.0797370702608884,23.5166359268317
"3960",4795,"Guangxi","gfdl-esm4","ssp585",NA,0.0738732572075101,21.3305557379202
"3961",4796,"Guangxi","gfdl-esm4","ssp585",NA,0.616158453438616,18.369631009142
"3962",4797,"Guangxi","gfdl-esm4","ssp585",NA,1.68089652895862,16.776745861919
"3963",4798,"Guangxi","gfdl-esm4","ssp585",NA,1.32381476563506,18.6842558532202
"3964",4799,"Guangxi","gfdl-esm4","ssp585",NA,0.0507776030684633,13.957557485885
"3965",4800,"Guangxi","gfdl-esm4","ssp585",NA,1.54723727944595,14.1200896447446
"3966",4801,"Guangxi","gfdl-esm4","ssp585",NA,0.726467774908974,15.4440213243501
"3967",4802,"Guangxi","gfdl-esm4","ssp585",NA,0.745262537614913,12.9603383809579
"3968",4803,"Guangxi","gfdl-esm4","ssp585",NA,0.014426341621394,11.6133843942851
"3969",4804,"Guangxi","gfdl-esm4","ssp585",NA,0.177259655545701,15.1855979598871
"3970",4805,"Guangxi","gfdl-esm4","ssp585",NA,4.84774112866623,15.114066859654
"3971",4806,"Guangxi","gfdl-esm4","ssp585",NA,3.31246963968234,14.3531897280397
"3972",4807,"Guangxi","gfdl-esm4","ssp585",NA,0.588043076769442,12.9863441274948
"3973",4808,"Guangxi","gfdl-esm4","ssp585",NA,2.12990124571416,15.8696047486378
"3974",4809,"Guangxi","gfdl-esm4","ssp585",NA,0.79613047499396,18.6285977403657
"3975",4810,"Guangxi","gfdl-esm4","ssp585",NA,2.70623215055485,16.3315163492155
"3976",4811,"Guangxi","gfdl-esm4","ssp585",NA,4.36023015044669,16.6836134453782
"3977",4812,"Guangxi","gfdl-esm4","ssp585",NA,3.10758637257645,17.8513707778033
"3978",4813,"Guangxi","gfdl-esm4","ssp585",NA,2.39327785395565,20.2589830414588
"3979",4814,"Guangxi","gfdl-esm4","ssp585",NA,0.612307966301832,18.4576427299436
"3980",4815,"Guangxi","gfdl-esm4","ssp585",NA,2.51971333417523,19.8341848677948
"3981",4816,"Guangxi","gfdl-esm4","ssp585",NA,2.29441985335265,26.0215153028985
"3982",4817,"Guangxi","gfdl-esm4","ssp585",NA,12.9744163758005,22.5171402618665
"3983",4818,"Guangxi","gfdl-esm4","ssp585",NA,5.2451108643069,25.113144459444
"3984",4819,"Guangxi","gfdl-esm4","ssp585",NA,7.79790142662711,26.1916760356487
"3985",4820,"Guangxi","gfdl-esm4","ssp585",NA,14.2298413989162,28.3817482828092
"3986",4821,"Guangxi","gfdl-esm4","ssp585",NA,4.50198471977533,26.8700371750263
"3987",4822,"Guangxi","gfdl-esm4","ssp585",NA,2.20191493035676,29.2850269990809
"3988",4823,"Guangxi","gfdl-esm4","ssp585",NA,1.57917212212652,31.6454508292575
"3989",4824,"Guangxi","gfdl-esm4","ssp585",NA,0.942823600243242,33.8543221097033
"3990",4825,"Guangxi","gfdl-esm4","ssp585",NA,3.13439116975637,34.2218395072873
"3991",4826,"Guangxi","gfdl-esm4","ssp585",NA,12.4309909617999,32.6757760184152
"3992",4827,"Guangxi","gfdl-esm4","ssp585",NA,9.22185209298571,30.9427239938945
"3993",4828,"Guangxi","gfdl-esm4","ssp585",NA,16.5353348849094,29.1950783096442
"3994",4829,"Guangxi","gfdl-esm4","ssp585",NA,3.7601570100751,30.9242764513032
"3995",4830,"Guangxi","gfdl-esm4","ssp585",NA,7.86407736561052,32.3570731539686
"3996",4831,"Guangxi","gfdl-esm4","ssp585",NA,12.5244804530171,31.7295139857701
"3997",4832,"Guangxi","gfdl-esm4","ssp585",NA,5.35628162835885,30.2437721060104
"3998",4833,"Guangxi","gfdl-esm4","ssp585",NA,0.408211974447892,31.16053595022
"3999",4834,"Guangxi","gfdl-esm4","ssp585",NA,4.16795880764996,30.307266722607
"4000",4835,"Guangxi","gfdl-esm4","ssp585",NA,10.2673889650918,30.7779699501871
"4001",4836,"Guangxi","gfdl-esm4","ssp585",NA,6.26370072395195,31.1603337135636
"4002",4837,"Guangxi","gfdl-esm4","ssp585",NA,4.2783333210561,31.3965542320444
"4003",4838,"Guangxi","gfdl-esm4","ssp585",NA,1.14162949917404,30.7806375968356
"4004",4839,"Guangxi","gfdl-esm4","ssp585",NA,10.7984763198555,30.2494208840763
"4005",4840,"Guangxi","gfdl-esm4","ssp585",NA,0.00808777030865063,31.1231058072643
"4006",4841,"Guangxi","gfdl-esm4","ssp585",NA,0.809828303082985,28.4744221150374
"4007",4842,"Guangxi","gfdl-esm4","ssp585",NA,0.0419631700916558,27.2696649118632
"4008",4843,"Guangxi","gfdl-esm4","ssp585",NA,0.00320674701859909,27.0526560038078
"4009",4844,"Guangxi","gfdl-esm4","ssp585",NA,0.00161798687763277,25.5150036210774
"4010",4845,"Guangxi","gfdl-esm4","ssp585",NA,0.928208319370135,23.8896361791787
"4011",4846,"Guangxi","gfdl-esm4","ssp585",NA,0.135424871668034,21.8189078194755
"4012",4847,"Guangxi","gfdl-esm4","ssp585",NA,0.00506810700565384,21.1703597381336
"4013",4848,"Guangxi","gfdl-esm4","ssp585",NA,0.708524617978529,20.8940284536666
"4014",4849,"Guangxi","gfdl-esm4","ssp585",NA,0.308098330401166,18.4698767397584
"4015",4850,"Guangxi","gfdl-esm4","ssp585",NA,0.0506480260486294,18.6994145241104
"4016",4851,"Guangxi","gfdl-esm4","ssp585",NA,0.359667113784895,19.4822987788866
"4017",4852,"Guangxi","gfdl-esm4","ssp585",NA,2.68980807860645,16.5971327324875
"4018",4853,"Guangxi","gfdl-esm4","ssp585",NA,0.068220395278484,13.9894152216551
"4019",4854,"Guangxi","gfdl-esm4","ssp585",NA,1.44054048785589,15.8589307769006
"4020",4855,"Guangxi","gfdl-esm4","ssp585",NA,0.901139996706302,12.6469767594538
"4021",4856,"Guangxi","gfdl-esm4","ssp585",NA,0.185619892493554,17.4102195419184
"4022",4857,"Guangxi","gfdl-esm4","ssp585",NA,1.47176133518456,18.4608306628316
"4023",4858,"Guangxi","gfdl-esm4","ssp585",NA,2.11334152565511,17.5218584846048
"4024",4859,"Guangxi","gfdl-esm4","ssp585",NA,0.00153892014619303,15.043627365497
"4025",4860,"Guangxi","gfdl-esm4","ssp585",NA,0.601134984204355,15.6610108447676
"4026",4861,"Guangxi","gfdl-esm4","ssp585",NA,0.0425736591526348,19.8079429305902
"4027",4862,"Guangxi","gfdl-esm4","ssp585",NA,0.769568647720466,16.3896287934119
"4028",4863,"Guangxi","gfdl-esm4","ssp585",NA,0.831275693222977,18.2835107114135
"4029",4864,"Guangxi","gfdl-esm4","ssp585",NA,0.982489955235256,23.821620037175
"4030",4865,"Guangxi","gfdl-esm4","ssp585",NA,2.10605781862819,21.1230802648208
"4031",4866,"Guangxi","gfdl-esm4","ssp585",NA,0.691464490277014,23.173582855994
"4032",4867,"Guangxi","gfdl-esm4","ssp585",NA,0.122350062407625,26.4237883239233
"4033",4868,"Guangxi","gfdl-esm4","ssp585",NA,0.165384258131375,30.5622208282727
"4034",4869,"Guangxi","gfdl-esm4","ssp585",NA,0.896158915217535,30.7982387510669
"4035",4870,"Guangxi","gfdl-esm4","ssp585",NA,2.09324661490129,29.3449876801307
"4036",4871,"Guangxi","gfdl-esm4","ssp585",NA,5.59346845056549,28.3996497402672
"4037",4872,"Guangxi","gfdl-esm4","ssp585",NA,4.51053671453292,27.5685331456802
"4038",4873,"Guangxi","gfdl-esm4","ssp585",NA,15.6355718139503,26.8156013552882
"4039",4874,"Guangxi","gfdl-esm4","ssp585",NA,3.46835607208753,27.176342157957
"4040",4875,"Guangxi","gfdl-esm4","ssp585",NA,10.843195804704,27.621819658039
"4041",4876,"Guangxi","gfdl-esm4","ssp585",NA,10.2439886795471,28.8791993213301
"4042",4877,"Guangxi","gfdl-esm4","ssp585",NA,20.3326741801005,29.855003241531
"4043",4878,"Guangxi","gfdl-esm4","ssp585",NA,9.88255185539849,30.6065984645812
"4044",4879,"Guangxi","gfdl-esm4","ssp585",NA,17.0781508144889,30.5742418305213
"4045",4880,"Guangxi","gfdl-esm4","ssp585",NA,8.11531729093925,31.4846669429491
"4046",4881,"Guangxi","gfdl-esm4","ssp585",NA,18.6734854646912,28.7058682481782
"4047",4882,"Guangxi","gfdl-esm4","ssp585",NA,3.02907119911766,31.1908092851399
"4048",4883,"Guangxi","gfdl-esm4","ssp585",NA,6.77778475908765,31.2008986529182
"4049",4884,"Guangxi","gfdl-esm4","ssp585",NA,8.50005285706733,31.1083783830915
"4050",4885,"Guangxi","gfdl-esm4","ssp585",NA,7.80155954446373,30.0810613552062
"4051",4886,"Guangxi","gfdl-esm4","ssp585",NA,20.3070486500686,30.3582343606388
"4052",4887,"Guangxi","gfdl-esm4","ssp585",NA,5.71366972385729,31.7468122209822
"4053",4888,"Guangxi","gfdl-esm4","ssp585",NA,7.29228569225796,31.5731034992122
"4054",4889,"Guangxi","gfdl-esm4","ssp585",NA,4.91719914789245,31.4885377515264
"4055",4890,"Guangxi","gfdl-esm4","ssp585",NA,6.92441390952151,29.9538760401622
"4056",4891,"Guangxi","gfdl-esm4","ssp585",NA,0.141979534431613,28.0714592428769
"4057",4892,"Guangxi","gfdl-esm4","ssp585",NA,1.11769387968256,31.0580872607832
"4058",4893,"Guangxi","gfdl-esm4","ssp585",NA,0.0249490078952958,28.0188266273306
"4059",4894,"Guangxi","gfdl-esm4","ssp585",NA,8.04730247712289,27.2716495289522
"4060",4895,"Guangxi","gfdl-esm4","ssp585",NA,3.86404954469477,27.5407185017562
"4061",4896,"Guangxi","gfdl-esm4","ssp585",NA,0.0170161127552543,22.8825041955259
"4062",4897,"Guangxi","gfdl-esm4","ssp585",NA,0.00102599236053735,23.0601037802817
"4063",4898,"Guangxi","gfdl-esm4","ssp585",NA,5.20612638726309,22.3334485991663
"4064",4899,"Guangxi","gfdl-esm4","ssp585",NA,2.88325309108854,19.5094486012178
"4065",4900,"Guangxi","gfdl-esm4","ssp585",NA,0.00410913882354967,20.8824584960938
"4066",4901,"Guangxi","gfdl-esm4","ssp585",NA,0.574792039766761,16.2725969587054
"4067",4902,"Guangxi","gfdl-esm4","ssp585",NA,0.0632174384916943,17.6918350347952
"4068",4903,"Guangxi","gfdl-esm4","ssp585",NA,0.0108585454828787,15.8662375057445
"4069",4904,"Guangxi","gfdl-esm4","ssp585",NA,0.00832193636077656,17.2049882135472
"4070",4905,"Guangxi","gfdl-esm4","ssp585",NA,0.0133142541781432,17.2330378171777
"4071",4906,"Guangxi","gfdl-esm4","ssp585",NA,2.96926289887687,19.0337289505646
"4072",4907,"Guangxi","gfdl-esm4","ssp585",NA,0.779283760127611,14.795948291426
"4073",4908,"Guangxi","gfdl-esm4","ssp585",NA,0.0042838972124727,13.4356089359572
"4074",4909,"Guangxi","gfdl-esm4","ssp585",NA,1.11507106911364,22.1614096248851
"4075",4910,"Guangxi","gfdl-esm4","ssp585",NA,0.461694911311741,12.8267869965369
"4076",4911,"Guangxi","gfdl-esm4","ssp585",NA,0.637985358814813,15.8500843208377
"4077",4912,"Guangxi","gfdl-esm4","ssp585",NA,5.64521187192532,14.7265087480305
"4078",4913,"Guangxi","gfdl-esm4","ssp585",NA,2.60925587822775,16.8035872771961
"4079",4914,"Guangxi","gfdl-esm4","ssp585",NA,0.822611759298632,17.6134788192621
"4080",4915,"Guangxi","gfdl-esm4","ssp585",NA,0.824164746135,22.7052914403066
"4081",4916,"Guangxi","gfdl-esm4","ssp585",NA,0.738435571629529,21.0859345764673
"4082",4917,"Guangxi","gfdl-esm4","ssp585",NA,3.39582377740907,16.1222190536371
"4083",4918,"Guangxi","gfdl-esm4","ssp585",NA,4.12831914489793,22.0490246171711
"4084",4919,"Guangxi","gfdl-esm4","ssp585",NA,4.54633695931194,26.3001838748195
"4085",4920,"Guangxi","gfdl-esm4","ssp585",NA,6.50197033051347,19.6304639800256
"4086",4921,"Guangxi","gfdl-esm4","ssp585",NA,0.873120837076836,22.1861667665113
"4087",4922,"Guangxi","gfdl-esm4","ssp585",NA,0.0895886406514738,30.0222240287717
"4088",4923,"Guangxi","gfdl-esm4","ssp585",NA,0.929738892402017,29.0650092116925
"4089",4924,"Guangxi","gfdl-esm4","ssp585",NA,2.42786199110817,28.6516295873818
"4090",4925,"Guangxi","gfdl-esm4","ssp585",NA,11.4598874152983,26.499947940602
"4091",4926,"Guangxi","gfdl-esm4","ssp585",NA,8.04971876341415,29.0735880362888
"4092",4927,"Guangxi","gfdl-esm4","ssp585",NA,3.13548457350163,31.8860146915212
"4093",4928,"Guangxi","gfdl-esm4","ssp585",NA,4.22325277207478,31.3353088891807
"4094",4929,"Guangxi","gfdl-esm4","ssp585",NA,9.01575407308738,34.0624926142332
"4095",4930,"Guangxi","gfdl-esm4","ssp585",NA,9.23190918339389,31.8380371606651
"4096",4931,"Guangxi","gfdl-esm4","ssp585",NA,1.7076737091598,32.0680447618501
"4097",4932,"Guangxi","gfdl-esm4","ssp585",NA,12.3610300885567,31.5657657398897
"4098",4933,"Guangxi","gfdl-esm4","ssp585",NA,2.45569146660701,31.6045071641938
"4099",4934,"Guangxi","gfdl-esm4","ssp585",NA,3.79059992320841,32.5267331419873
"4100",4935,"Guangxi","gfdl-esm4","ssp585",NA,0.283605218280455,33.2782778443409
"4101",4936,"Guangxi","gfdl-esm4","ssp585",NA,12.5542641659772,33.0326202649029
"4102",4937,"Guangxi","gfdl-esm4","ssp585",NA,4.29058398051259,31.6001190441997
"4103",4938,"Guangxi","gfdl-esm4","ssp585",NA,8.50750570715832,30.7443729689141
"4104",4939,"Guangxi","gfdl-esm4","ssp585",NA,4.46834786288698,31.0735720850841
"4105",4940,"Guangxi","gfdl-esm4","ssp585",NA,6.42010520692076,30.544372815044
"4106",4941,"Guangxi","gfdl-esm4","ssp585",NA,4.9042457295117,29.7156848041951
"4107",4942,"Guangxi","gfdl-esm4","ssp585",NA,2.88299256341166,30.5853890042345
"4108",4943,"Guangxi","gfdl-esm4","ssp585",NA,6.39580216673127,30.1981712020746
"4109",4944,"Guangxi","gfdl-esm4","ssp585",NA,1.23502460206143,30.5090220731848
"4110",4945,"Guangxi","gfdl-esm4","ssp585",NA,3.31406875913916,29.613165129333
"4111",4946,"Guangxi","gfdl-esm4","ssp585",NA,1.35802596472602,26.9420195763853
"4112",4947,"Guangxi","gfdl-esm4","ssp585",NA,0.278381641966168,25.0705345346146
"4113",4948,"Guangxi","gfdl-esm4","ssp585",NA,0.108946152483265,25.761685052439
"4114",4949,"Guangxi","gfdl-esm4","ssp585",NA,0.000679078985748132,22.4748194077436
"4115",4950,"Guangxi","gfdl-esm4","ssp585",NA,1.39646790383817,24.7774398675486
"4116",4951,"Guangxi","gfdl-esm4","ssp585",NA,22.625961208509,24.2270615521599
"4117",4952,"Guangxi","gfdl-esm4","ssp585",NA,6.77351449351751,20.7403741403788
"4118",4953,"Guangxi","gfdl-esm4","ssp585",NA,0.643894863233607,21.351218497653
"4119",4954,"Guangxi","gfdl-esm4","ssp585",NA,0.363974006956726,18.9621470731848
"4120",4955,"Guangxi","gfdl-esm4","ssp585",NA,3.99225543345449,17.7065713321462
"4121",4956,"Guangxi","gfdl-esm4","ssp585",NA,0.0185867555709967,16.8494673015691
"4122",4957,"Guangxi","gfdl-esm4","ssp585",NA,0.00544168531541036,12.673543772978
"4123",4958,"Guangxi","gfdl-esm4","ssp585",NA,0.275904348356959,16.9224399598707
"4124",4959,"Guangxi","gfdl-esm4","ssp585",NA,1.31378969485089,14.1832263593914
"4125",4960,"Guangxi","gfdl-esm4","ssp585",NA,0.590858899544584,19.1717580586922
"4126",4961,"Guangxi","gfdl-esm4","ssp585",NA,1.10470676182489,21.7963198365284
"4127",4962,"Guangxi","gfdl-esm4","ssp585",NA,1.16122604989762,16.0976256298418
"4128",4963,"Guangxi","gfdl-esm4","ssp585",NA,1.76370800465948,14.9476432736181
"4129",4964,"Guangxi","gfdl-esm4","ssp585",NA,0.661162607430015,12.6805057301241
"4130",4965,"Guangxi","gfdl-esm4","ssp585",NA,1.77207318474008,16.808253030216
"4131",4966,"Guangxi","gfdl-esm4","ssp585",NA,0.814511513667295,13.2325751296613
"4132",4967,"Guangxi","gfdl-esm4","ssp585",NA,0.416044261987163,21.1849865312336
"4133",4968,"Guangxi","gfdl-esm4","ssp585",NA,2.01626432818672,18.6569351837415
"4134",4969,"Guangxi","gfdl-esm4","ssp585",NA,0.437027052225972,20.6481079614463
"4135",4970,"Guangxi","gfdl-esm4","ssp585",NA,0.339844652650043,23.4077862394958
"4136",4971,"Guangxi","gfdl-esm4","ssp585",NA,0.530799779633892,19.7194776519006
"4137",4972,"Guangxi","gfdl-esm4","ssp585",NA,0.737477713989063,28.5003946769138
"4138",4973,"Guangxi","gfdl-esm4","ssp585",NA,2.98521013320788,19.7122510894006
"4139",4974,"Guangxi","gfdl-esm4","ssp585",NA,0.532451657503266,26.7252116740251
"4140",4975,"Guangxi","gfdl-esm4","ssp585",NA,1.33063780988357,27.2742268538275
"4141",4976,"Guangxi","gfdl-esm4","ssp585",NA,1.48121720788956,26.9237751936712
"4142",4977,"Guangxi","gfdl-esm4","ssp585",NA,1.08871610823944,30.5757210354845
"4143",4978,"Guangxi","gfdl-esm4","ssp585",NA,0.683148729373645,32.0308532714844
"4144",4979,"Guangxi","gfdl-esm4","ssp585",NA,21.3239217103503,30.344347836791
"4145",4980,"Guangxi","gfdl-esm4","ssp585",NA,26.2967960077691,27.0381725663899
"4146",4981,"Guangxi","gfdl-esm4","ssp585",NA,6.38872556770519,28.5600898806789
"4147",4982,"Guangxi","gfdl-esm4","ssp585",NA,8.03967595726135,31.2934000992975
"4148",4983,"Guangxi","gfdl-esm4","ssp585",NA,11.0367476731787,30.8151397448628
"4149",4984,"Guangxi","gfdl-esm4","ssp585",NA,16.5028264390942,30.851370470063
"4150",4985,"Guangxi","gfdl-esm4","ssp585",NA,12.4731588510334,31.4546332864201
"4151",4986,"Guangxi","gfdl-esm4","ssp585",NA,16.9366957420339,30.6402568913308
"4152",4987,"Guangxi","gfdl-esm4","ssp585",NA,7.85644958422083,30.4451114943048
"4153",4988,"Guangxi","gfdl-esm4","ssp585",NA,3.238855015474,31.7766399992614
"4154",4989,"Guangxi","gfdl-esm4","ssp585",NA,2.89579386195435,31.336457222049
"4155",4990,"Guangxi","gfdl-esm4","ssp585",NA,6.36893729142945,30.3629185267857
"4156",4991,"Guangxi","gfdl-esm4","ssp585",NA,6.08114450833745,30.3348227108226
"4157",4992,"Guangxi","gfdl-esm4","ssp585",NA,3.59037072658664,30.4478161723674
"4158",4993,"Guangxi","gfdl-esm4","ssp585",NA,9.49531224522884,30.4444139496619
"4159",4994,"Guangxi","gfdl-esm4","ssp585",NA,1.07363406176781,30.4631234818146
"4160",4995,"Guangxi","gfdl-esm4","ssp585",NA,0.730913753123947,29.3672990558528
"4161",4996,"Guangxi","gfdl-esm4","ssp585",NA,2.58660980121136,30.3089331362428
"4162",4997,"Guangxi","gfdl-esm4","ssp585",NA,0.412445120859995,28.7979316775539
"4163",4998,"Guangxi","gfdl-esm4","ssp585",NA,0.0072142226399439,26.830561995306
"4164",4999,"Guangxi","gfdl-esm4","ssp585",NA,0.0152861983163141,26.7604735302324
"4165",5000,"Guangxi","gfdl-esm4","ssp585",NA,0.518282468665118,24.296069900128
"4166",5001,"Guangxi","gfdl-esm4","ssp585",NA,1.06272805638307,28.333603495109
"4167",5002,"Guangxi","gfdl-esm4","ssp585",NA,0.768517957294228,24.9515935304786
"4168",5003,"Guangxi","gfdl-esm4","ssp585",NA,5.32825997144281,17.7574293633469
"4169",5004,"Guangxi","gfdl-esm4","ssp585",NA,3.06437675579707,19.2982034122243
"4170",5005,"Guangxi","gfdl-esm4","ssp585",NA,0.649639455875614,19.1326560140658
"4171",5006,"Guangxi","gfdl-esm4","ssp585",NA,1.04971752369651,20.2195274032465
"4172",5007,"Guangxi","gfdl-esm4","ssp585",NA,0.582728927663137,19.6836491432511
"4173",5008,"Guangxi","gfdl-esm4","ssp585",NA,0.00827954224963328,15.9258622369847
"4174",5009,"Guangxi","gfdl-esm4","ssp585",NA,0.084575014635226,17.0160708130909
"4175",5010,"Guangxi","gfdl-esm4","ssp585",NA,0.577802776243829,15.5127261891085
"4176",5011,"Guangxi","gfdl-esm4","ssp585",NA,0.448391351406413,19.6412559701615
"4177",5012,"Guangxi","gfdl-esm4","ssp585",NA,0.471879789154994,16.4474101090632
"4178",5013,"Guangxi","gfdl-esm4","ssp585",NA,3.40088775585968,18.3952023289785
"4179",5014,"Guangxi","gfdl-esm4","ssp585",NA,0.889701526069098,14.8935993611312
"4180",5015,"Guangxi","gfdl-esm4","ssp585",NA,0.527439090274588,17.522534692588
"4181",5016,"Guangxi","gfdl-esm4","ssp585",NA,0.161048902796401,22.0524338666131
"4182",5017,"Guangxi","gfdl-esm4","ssp585",NA,5.51097510931165,24.7953943076254
"4183",5018,"Guangxi","gfdl-esm4","ssp585",NA,0.000756280011856466,13.6719334706539
"4184",5019,"Guangxi","gfdl-esm4","ssp585",NA,0.262632609396134,17.6457753926766
"4185",5020,"Guangxi","gfdl-esm4","ssp585",NA,1.17214271673632,20.8068638905758
"4186",5021,"Guangxi","gfdl-esm4","ssp585",NA,9.02134295308583,17.8393620338761
"4187",5022,"Guangxi","gfdl-esm4","ssp585",NA,3.87637021596751,20.1528865012802
"4188",5023,"Guangxi","gfdl-esm4","ssp585",NA,4.74508793644403,21.7741939769072
"4189",5024,"Guangxi","gfdl-esm4","ssp585",NA,2.53351754073272,24.2743059943704
"4190",5025,"Guangxi","gfdl-esm4","ssp585",NA,3.58647172553137,23.9094096207819
"4191",5026,"Guangxi","gfdl-esm4","ssp585",NA,0.126839043170105,28.6765762457327
"4192",5027,"Guangxi","gfdl-esm4","ssp585",NA,3.52375895779777,25.4871879000624
"4193",5028,"Guangxi","gfdl-esm4","ssp585",NA,13.5877841478152,27.2844176733193
"4194",5029,"Guangxi","gfdl-esm4","ssp585",NA,6.86729116981874,26.6964361110655
"4195",5030,"Guangxi","gfdl-esm4","ssp585",NA,9.19540231923319,25.5898635479583
"4196",5031,"Guangxi","gfdl-esm4","ssp585",NA,5.58184614965346,26.9755058737362
"4197",5032,"Guangxi","gfdl-esm4","ssp585",NA,6.74168085536767,29.4191301618304
"4198",5033,"Guangxi","gfdl-esm4","ssp585",NA,1.87519459788195,32.4047653070017
"4199",5034,"Guangxi","gfdl-esm4","ssp585",NA,9.78697087811262,31.291289000952
"4200",5035,"Guangxi","gfdl-esm4","ssp585",NA,5.42349317635188,31.9729596819197
"4201",5036,"Guangxi","gfdl-esm4","ssp585",NA,7.81900987158759,31.0111373260242
"4202",5037,"Guangxi","gfdl-esm4","ssp585",NA,4.88032921456877,32.6451709907596
"4203",5038,"Guangxi","gfdl-esm4","ssp585",NA,7.71976917420202,32.9018264898733
"4204",5039,"Guangxi","gfdl-esm4","ssp585",NA,3.41862674288517,33.7356761259191
"4205",5040,"Guangxi","gfdl-esm4","ssp585",NA,12.5478457849856,31.3692037630482
"4206",5041,"Guangxi","gfdl-esm4","ssp585",NA,10.9043625580714,31.8382839683725
"4207",5042,"Guangxi","gfdl-esm4","ssp585",NA,11.030786981492,30.609159068901
"4208",5043,"Guangxi","gfdl-esm4","ssp585",NA,7.86595670889049,31.9841410148044
"4209",5044,"Guangxi","gfdl-esm4","ssp585",NA,5.35959824535542,31.630628210757
"4210",5045,"Guangxi","gfdl-esm4","ssp585",NA,3.71832664753029,29.6481371454832
"4211",5046,"Guangxi","gfdl-esm4","ssp585",NA,10.9976090393822,29.6626505875788
"4212",5047,"Guangxi","gfdl-esm4","ssp585",NA,9.98641309300313,30.4347378770845
"4213",5048,"Guangxi","gfdl-esm4","ssp585",NA,1.75899540510972,31.2838387112658
"4214",5049,"Guangxi","gfdl-esm4","ssp585",NA,14.6362454467551,29.7390469078257
"4215",5050,"Guangxi","gfdl-esm4","ssp585",NA,0.184125608408495,27.5292180421974
"4216",5051,"Guangxi","gfdl-esm4","ssp585",NA,0.237206299268927,25.62213534828
"4217",5052,"Guangxi","gfdl-esm4","ssp585",NA,1.25274901522337,26.8638512875854
"4218",5053,"Guangxi","gfdl-esm4","ssp585",NA,15.5765718362604,22.5947758522354
"4219",5054,"Guangxi","gfdl-esm4","ssp585",NA,29.5883656725731,22.218463493796
"4220",5055,"Guangxi","gfdl-esm4","ssp585",NA,0.206208809216785,19.623639275046
"4221",5056,"Guangxi","gfdl-esm4","ssp585",NA,0.955619718162259,16.8199011538209
"4222",5057,"Guangxi","gfdl-esm4","ssp585",NA,0.00182374531061764,16.8662698184743
"4223",5058,"Guangxi","gfdl-esm4","ssp585",NA,2.74651088959921,17.4190414300486
"4224",5059,"Guangxi","gfdl-esm4","ssp585",NA,0.251078773934972,15.8885422650506
"4225",5060,"Guangxi","gfdl-esm4","ssp585",NA,2.45512731077747,18.2582148191308
"4226",5061,"Guangxi","gfdl-esm4","ssp585",NA,2.66191711940459,21.9749406574153
"4227",5062,"Guangxi","gfdl-esm4","ssp585",NA,2.87733811229426,17.7179905482701
"4228",5063,"Guangxi","gfdl-esm4","ssp585",NA,0.906561799197602,14.5539363059677
"4229",5064,"Guangxi","gfdl-esm4","ssp585",NA,5.06827097960066,16.1455461774554
"4230",5065,"Guangxi","gfdl-esm4","ssp585",NA,2.05929071736618,18.9519307112494
"4231",5066,"Guangxi","gfdl-esm4","ssp585",NA,0.00990613656372375,12.1934616473543
"4232",5067,"Guangxi","gfdl-esm4","ssp585",NA,0.878044238910539,12.7260646275112
"4233",5068,"Guangxi","gfdl-esm4","ssp585",NA,0.634622914356961,13.9375234908417
"4234",5069,"Guangxi","gfdl-esm4","ssp585",NA,0.677201024145,13.846552693343
"4235",5070,"Guangxi","gfdl-esm4","ssp585",NA,2.58258678003761,19.5437320997735
"4236",5071,"Guangxi","gfdl-esm4","ssp585",NA,2.64972920400717,17.0360874208082
"4237",5072,"Guangxi","gfdl-esm4","ssp585",NA,14.1189487343438,17.9446198792017
"4238",5073,"Guangxi","gfdl-esm4","ssp585",NA,5.34177020555577,19.0579577021238
"4239",5074,"Guangxi","gfdl-esm4","ssp585",NA,14.4945364622792,18.895180069098
"4240",5075,"Guangxi","gfdl-esm4","ssp585",NA,4.77090321706966,21.6765596790474
"4241",5076,"Guangxi","gfdl-esm4","ssp585",NA,1.72644632214733,22.3643259769728
"4242",5077,"Guangxi","gfdl-esm4","ssp585",NA,2.08264250005314,23.0207612366236
"4243",5078,"Guangxi","gfdl-esm4","ssp585",NA,7.9992325590694,23.1731376070936
"4244",5079,"Guangxi","gfdl-esm4","ssp585",NA,8.94006454497952,22.5276694930902
"4245",5080,"Guangxi","gfdl-esm4","ssp585",NA,5.85717844198401,24.3966653775768
"4246",5081,"Guangxi","gfdl-esm4","ssp585",NA,4.18488358827286,25.4517210888262
"4247",5082,"Guangxi","gfdl-esm4","ssp585",NA,9.20973667581204,26.774410831227
"4248",5083,"Guangxi","gfdl-esm4","ssp585",NA,12.939176656043,27.743285619912
"4249",5084,"Guangxi","gfdl-esm4","ssp585",NA,23.7361003834331,28.158351763557
"4250",5085,"Guangxi","gfdl-esm4","ssp585",NA,11.6953261608047,30.7110317711069
"4251",5086,"Guangxi","gfdl-esm4","ssp585",NA,14.7434370015418,31.811793633469
"4252",5087,"Guangxi","gfdl-esm4","ssp585",NA,11.8790857975796,30.1283739105994
"4253",5088,"Guangxi","gfdl-esm4","ssp585",NA,6.26292772877872,30.1612709878874
"4254",5089,"Guangxi","gfdl-esm4","ssp585",NA,18.4167756877819,31.2608643091026
"4255",5090,"Guangxi","gfdl-esm4","ssp585",NA,26.9710387920912,30.081386739266
"4256",5091,"Guangxi","gfdl-esm4","ssp585",NA,4.98206638555583,31.005665139591
"4257",5092,"Guangxi","gfdl-esm4","ssp585",NA,3.75504910275343,32.2325957482603
"4258",5093,"Guangxi","gfdl-esm4","ssp585",NA,14.2246182780707,31.265807284828
"4259",5094,"Guangxi","gfdl-esm4","ssp585",NA,2.78613605665531,31.9656114594275
"4260",5095,"Guangxi","gfdl-esm4","ssp585",NA,7.38879059972532,31.1387529645648
"4261",5096,"Guangxi","gfdl-esm4","ssp585",NA,4.47675148433892,31.2335966735327
"4262",5097,"Guangxi","gfdl-esm4","ssp585",NA,11.5585308712946,31.1358686174665
"4263",5098,"Guangxi","gfdl-esm4","ssp585",NA,6.33471556648513,30.3071249056263
"4264",5099,"Guangxi","gfdl-esm4","ssp585",NA,2.89732329230259,31.6859723259421
"4265",5100,"Guangxi","gfdl-esm4","ssp585",NA,7.46036489419612,30.2355987805279
"4266",5101,"Guangxi","gfdl-esm4","ssp585",NA,1.84985107655305,28.9933944061023
"4267",5102,"Guangxi","gfdl-esm4","ssp585",NA,0.00139704371798596,27.4505100795201
"4268",5103,"Guangxi","gfdl-esm4","ssp585",NA,2.7915390012842,29.3190503032268
"4269",5104,"Guangxi","gfdl-esm4","ssp585",NA,0.362052445479927,26.4772041384914
"4270",5105,"Guangxi","gfdl-esm4","ssp585",NA,0.00123171691813099,25.3050738679261
"4271",5106,"Guangxi","gfdl-esm4","ssp585",NA,1.25489896790605,24.7589009773832
"4272",5107,"Guangxi","gfdl-esm4","ssp585",NA,20.2792045941854,17.6262591193704
"4273",5108,"Guangxi","gfdl-esm4","ssp585",NA,0.0271804392141654,16.2419681837579
"4274",5109,"Guangxi","gfdl-esm4","ssp585",NA,4.3898771405944,20.6495112058495
"4275",5110,"Guangxi","gfdl-esm4","ssp585",NA,0.295202967045196,17.3658462652639
"4276",5111,"Guangxi","gfdl-esm4","ssp585",NA,0.213403641942672,17.1364836364233
"4277",5112,"Guangxi","gfdl-esm4","ssp585",NA,0.0238882266470483,16.163391882632
"4278",5113,"Guangxi","gfdl-esm4","ssp585",NA,0.071212744351673,18.2227540088301
"4279",5114,"Guangxi","gfdl-esm4","ssp585",NA,3.37191557146239,16.1792807186351
"4280",5115,"Guangxi","gfdl-esm4","ssp585",NA,0.00243261852203829,15.4604835317917
"4281",5116,"Guangxi","gfdl-esm4","ssp585",NA,1.94558615910176,21.3463075782071
"4282",5117,"Guangxi","gfdl-esm4","ssp585",NA,1.45510711067502,14.9392276539522
"4283",5118,"Guangxi","gfdl-esm4","ssp585",NA,4.25399802548507,13.3747686305968
"4284",5119,"Guangxi","gfdl-esm4","ssp585",NA,3.4318716111659,13.6759014738708
"4285",5120,"Guangxi","gfdl-esm4","ssp585",NA,7.94993332499137,10.0994198069853
"4286",5121,"Guangxi","gfdl-esm4","ssp585",NA,0.0683088327982774,14.5983388692391
"4287",5122,"Guangxi","gfdl-esm4","ssp585",NA,0.511303137426686,18.1872769908745
"4288",5123,"Guangxi","gfdl-esm4","ssp585",NA,1.4705481932231,20.7643133596212
"4289",5124,"Guangxi","gfdl-esm4","ssp585",NA,3.39141172168401,18.3781711097525
"4290",5125,"Guangxi","gfdl-esm4","ssp585",NA,1.60895390168004,24.055488291508
"4291",5126,"Guangxi","gfdl-esm4","ssp585",NA,5.0671939127911,17.0456524504333
"4292",5127,"Guangxi","gfdl-esm4","ssp585",NA,11.1019592992456,19.6902340672597
"4293",5128,"Guangxi","gfdl-esm4","ssp585",NA,2.76121742557612,21.9974357540868
"4294",5129,"Guangxi","gfdl-esm4","ssp585",NA,0.598171936750276,24.2467711889443
"4295",5130,"Guangxi","gfdl-esm4","ssp585",NA,2.68541950179619,25.8010141068146
"4296",5131,"Guangxi","gfdl-esm4","ssp585",NA,6.68596279958778,23.8778587533647
"4297",5132,"Guangxi","gfdl-esm4","ssp585",NA,6.22455779986677,27.3926560858719
"4298",5133,"Guangxi","gfdl-esm4","ssp585",NA,5.87276949750897,26.8074629583279
"4299",5134,"Guangxi","gfdl-esm4","ssp585",NA,12.9338468658332,24.792720249721
"4300",5135,"Guangxi","gfdl-esm4","ssp585",NA,11.207078137803,27.3982481371455
"4301",5136,"Guangxi","gfdl-esm4","ssp585",NA,10.7000205603199,27.9045056254924
"4302",5137,"Guangxi","gfdl-esm4","ssp585",NA,8.17560517760712,29.1313024184283
"4303",5138,"Guangxi","gfdl-esm4","ssp585",NA,8.37041667980563,30.7383869587874
"4304",5139,"Guangxi","gfdl-esm4","ssp585",NA,13.111472611758,31.1262633251543
"4305",5140,"Guangxi","gfdl-esm4","ssp585",NA,8.01966937140651,30.3713311203388
"4306",5141,"Guangxi","gfdl-esm4","ssp585",NA,5.45358788491652,32.8564785484507
"4307",5142,"Guangxi","gfdl-esm4","ssp585",NA,13.1482585781065,32.704835010176
"4308",5143,"Guangxi","gfdl-esm4","ssp585",NA,5.52117439149292,31.185640171596
"4309",5144,"Guangxi","gfdl-esm4","ssp585",NA,12.7008356208253,31.4387658896567
"4310",5145,"Guangxi","gfdl-esm4","ssp585",NA,7.52251622342823,30.1878061502922
"4311",5146,"Guangxi","gfdl-esm4","ssp585",NA,2.69312606527819,32.1852439046908
"4312",5147,"Guangxi","gfdl-esm4","ssp585",NA,5.32898028701494,30.9282456854812
"4313",5148,"Guangxi","gfdl-esm4","ssp585",NA,5.52364215915062,30.9656687504103
"4314",5149,"Guangxi","gfdl-esm4","ssp585",NA,4.8655003060192,31.2540021110984
"4315",5150,"Guangxi","gfdl-esm4","ssp585",NA,8.10436586471347,30.9128209731158
"4316",5151,"Guangxi","gfdl-esm4","ssp585",NA,2.20616691609225,29.7306021041229
"4317",5152,"Guangxi","gfdl-esm4","ssp585",NA,3.62353531622899,29.8238485897289
"4318",5153,"Guangxi","gfdl-esm4","ssp585",NA,5.05879605646189,30.5843238638229
"4319",5154,"Guangxi","gfdl-esm4","ssp585",NA,12.3286717069112,26.4486083471475
"4320",5155,"Guangxi","gfdl-esm4","ssp585",NA,2.67814731956697,26.5374243471803
"4321",5156,"Guangxi","gfdl-esm4","ssp585",NA,0.145409746972811,25.8023473403033
"4322",5157,"Guangxi","gfdl-esm4","ssp585",NA,3.57585735847435,24.4095025070575
"4323",5158,"Guangxi","gfdl-esm4","ssp585",NA,1.69245062064783,28.1995521353073
"4324",5159,"Guangxi","gfdl-esm4","ssp585",NA,3.90622330280686,25.2242777335544
"4325",5160,"Guangxi","gfdl-esm4","ssp585",NA,4.29180168756272,21.7747728876707
"4326",5161,"Guangxi","gfdl-esm4","ssp585",NA,0.599979940503361,17.3330590512572
"4327",5162,"Guangxi","gfdl-esm4","ssp585",NA,0.813050894077697,19.9472327480797
"4328",5163,"Guangxi","gfdl-esm4","ssp585",NA,0.458421138959116,20.7730530298057
"4329",5164,"Guangxi","gfdl-esm4","ssp585",NA,0.589290524712698,21.6788109530922
"4330",5165,"Guangxi","gfdl-esm4","ssp585",NA,2.40710321552988,16.9612252884552
"4331",5166,"Guangxi","gfdl-esm4","ssp585",NA,0.408776345415879,16.9061445476628
"4332",5167,"Guangxi","gfdl-esm4","ssp585",NA,0.342600575083047,15.1567407431723
"4333",5168,"Guangxi","gfdl-esm4","ssp585",NA,2.93772989800621,17.2568513758042
"4334",5169,"Guangxi","gfdl-esm4","ssp585",NA,1.08687862110894,17.7392309878053
"4335",5170,"Guangxi","gfdl-esm4","ssp585",NA,3.9106138833168,16.7095455394072
"4336",5171,"Guangxi","gfdl-esm4","ssp585",NA,1.5468647966056,22.7110842921153
"4337",5172,"Guangxi","gfdl-esm4","ssp585",NA,7.75099327127357,15.2787698184743
"4338",5173,"Guangxi","gfdl-esm4","ssp585",NA,1.67298103984313,12.5173168534992
"4339",5174,"Guangxi","gfdl-esm4","ssp585",NA,0.58511765990597,16.5837700338925
"4340",5175,"Guangxi","gfdl-esm4","ssp585",NA,0.177456825510467,18.2070262748654
"4341",5176,"Guangxi","gfdl-esm4","ssp585",NA,3.53759526548161,21.5790346802784
"4342",5177,"Guangxi","gfdl-esm4","ssp585",NA,5.71275605991685,22.06757807371
"4343",5178,"Guangxi","gfdl-esm4","ssp585",NA,2.59941221367993,19.8532762030594
"4344",5179,"Guangxi","gfdl-esm4","ssp585",NA,8.65709805344094,20.6819124109605
"4345",5180,"Guangxi","gfdl-esm4","ssp585",NA,1.27630404547026,24.6454130797827
"4346",5181,"Guangxi","gfdl-esm4","ssp585",NA,12.7548843631942,22.5414118919052
"4347",5182,"Guangxi","gfdl-esm4","ssp585",NA,1.63475473585454,26.4922268907563
"4348",5183,"Guangxi","gfdl-esm4","ssp585",NA,3.34767416401442,28.1990326697085
"4349",5184,"Guangxi","gfdl-esm4","ssp585",NA,7.99565926955415,29.7403136694131
"4350",5185,"Guangxi","gfdl-esm4","ssp585",NA,9.57815184133439,26.3609217026655
"4351",5186,"Guangxi","gfdl-esm4","ssp585",NA,4.75997026428994,26.8063771480272
"4352",5187,"Guangxi","gfdl-esm4","ssp585",NA,14.4469017424499,28.0206252667083
"4353",5188,"Guangxi","gfdl-esm4","ssp585",NA,4.24093802305581,26.3297331994321
"4354",5189,"Guangxi","gfdl-esm4","ssp585",NA,7.74114862270506,29.8554262818409
"4355",5190,"Guangxi","gfdl-esm4","ssp585",NA,5.30897447920454,31.1217424152278
"4356",5191,"Guangxi","gfdl-esm4","ssp585",NA,8.54208553360128,31.2524781812139
"4357",5192,"Guangxi","gfdl-esm4","ssp585",NA,12.5931709432739,30.2634444036404
"4358",5193,"Guangxi","gfdl-esm4","ssp585",NA,4.90611326769657,30.5717642134979
"4359",5194,"Guangxi","gfdl-esm4","ssp585",NA,5.05682354524109,31.9057726948201
"4360",5195,"Guangxi","gfdl-esm4","ssp585",NA,2.33693858689312,32.9543728868501
"4361",5196,"Guangxi","gfdl-esm4","ssp585",NA,7.72054687222714,31.2942061736804
"4362",5197,"Guangxi","gfdl-esm4","ssp585",NA,10.8089723577112,32.3860600319229
"4363",5198,"Guangxi","gfdl-esm4","ssp585",NA,12.9952268484945,30.3772914854419
"4364",5199,"Guangxi","gfdl-esm4","ssp585",NA,12.4620334183633,31.180079150801
"4365",5200,"Guangxi","gfdl-esm4","ssp585",NA,15.1804337804268,29.5717767282695
"4366",5201,"Guangxi","gfdl-esm4","ssp585",NA,4.8393455594377,31.6210679511062
"4367",5202,"Guangxi","gfdl-esm4","ssp585",NA,0.0113942165821869,30.6462466456309
"4368",5203,"Guangxi","gfdl-esm4","ssp585",NA,10.4948215855293,30.4653913225447
"4369",5204,"Guangxi","gfdl-esm4","ssp585",NA,0.766548256080049,29.7549991383272
"4370",5205,"Guangxi","gfdl-esm4","ssp585",NA,2.30796902712878,29.6704648827305
"4371",5206,"Guangxi","gfdl-esm4","ssp585",NA,3.66095282791802,30.3388447737494
"4372",5207,"Guangxi","gfdl-esm4","ssp585",NA,14.610565828619,27.6892842268744
"4373",5208,"Guangxi","gfdl-esm4","ssp585",NA,0.00169283415835562,25.5853227374935
"4374",5209,"Guangxi","gfdl-esm4","ssp585",NA,2.16667403597172,27.1859129833574
"4375",5210,"Guangxi","gfdl-esm4","ssp585",NA,2.46931183907622,23.1694705738741
"4376",5211,"Guangxi","gfdl-esm4","ssp585",NA,3.43448330288053,22.3205060173484
"4377",5212,"Guangxi","gfdl-esm4","ssp585",NA,0.000513392036996915,18.1656648010767
"4378",5213,"Guangxi","gfdl-esm4","ssp585",NA,0.00176021860124438,18.2598908752955
"4379",5214,"Guangxi","gfdl-esm4","ssp585",NA,0.0614963655298656,16.2366502264969
"4380",5215,"Guangxi","gfdl-esm4","ssp585",NA,0.00393597837248934,14.9600094578847
"4381",5216,"Guangxi","gfdl-esm4","ssp585",NA,0.0571131866938629,16.2484051872702
"4382",5217,"Guangxi","gfdl-esm4","ssp585",NA,0.00269987624204138,16.4608326631434
"4383",5218,"Guangxi","gfdl-esm4","ssp585",NA,0.00294756932228612,14.767896072003
"4384",5219,"Guangxi","gfdl-esm4","ssp585",NA,0.00457828704078443,16.0049958557642
"4385",5220,"Guangxi","gfdl-esm4","ssp585",NA,0.00391285410926173,12.2852287228368
"4386",5221,"Guangxi","gfdl-esm4","ssp585",NA,0.000686537894565112,15.4979986110655
"4387",5222,"Guangxi","gfdl-esm4","ssp585",NA,0.376612529985361,18.3509564568015
"4388",5223,"Guangxi","gfdl-esm4","ssp585",NA,0.795833778750061,20.1512992794774
"4389",5224,"Guangxi","gfdl-esm4","ssp585",NA,5.30435965961788,11.3332549792378
"4390",5225,"Guangxi","gfdl-esm4","ssp585",NA,2.50927643770105,13.3532761517693
"4391",5226,"Guangxi","gfdl-esm4","ssp585",NA,0.0868939815498517,18.284575749245
"4392",5227,"Guangxi","gfdl-esm4","ssp585",NA,1.8456479009146,18.6571136218159
"4393",5228,"Guangxi","gfdl-esm4","ssp585",NA,1.67894680050672,21.9005372632452
"4394",5229,"Guangxi","gfdl-esm4","ssp585",NA,0.795175712676097,23.2126738732603
"4395",5230,"Guangxi","gfdl-esm4","ssp585",NA,0.343197450165768,22.0878985749574
"4396",5231,"Guangxi","gfdl-esm4","ssp585",NA,0.153643089412499,26.0863413065422
"4397",5232,"Guangxi","gfdl-esm4","ssp585",NA,0.262116761861013,27.2442233216529
