"","Week_index","Province","gcm","ssp","MOI","pr","tas"
"1",836,"Hunan","mri-esm2-0","ssp126",NA,4.27559269448596,10.0798155890571
"2",837,"Hunan","mri-esm2-0","ssp126",NA,0.797743394189508,3.30670796954445
"3",838,"Hunan","mri-esm2-0","ssp126",NA,1.06046806840173,7.74319368392704
"4",839,"Hunan","mri-esm2-0","ssp126",NA,3.03094653854714,6.25030240255691
"5",840,"Hunan","mri-esm2-0","ssp126",NA,7.43671482042113,6.47753865075492
"6",841,"Hunan","mri-esm2-0","ssp126",NA,3.82374630631992,4.77095081389899
"7",842,"Hunan","mri-esm2-0","ssp126",NA,3.99936125463682,11.068694959368
"8",843,"Hunan","mri-esm2-0","ssp126",NA,0.476464906042955,3.39048314170234
"9",844,"Hunan","mri-esm2-0","ssp126",NA,0.0371092150934211,7.40004125928124
"10",845,"Hunan","mri-esm2-0","ssp126",NA,8.17353168279494,7.50686931307356
"11",846,"Hunan","mri-esm2-0","ssp126",NA,1.48809578798007,9.26262460133388
"12",847,"Hunan","mri-esm2-0","ssp126",NA,1.10660538158689,13.3163193112328
"13",848,"Hunan","mri-esm2-0","ssp126",NA,1.1929619404717,14.6274772644043
"14",849,"Hunan","mri-esm2-0","ssp126",NA,4.4431706731692,18.8871893625411
"15",850,"Hunan","mri-esm2-0","ssp126",NA,7.53435981815918,17.717674328032
"16",851,"Hunan","mri-esm2-0","ssp126",NA,4.59471601166115,17.2490049816313
"17",852,"Hunan","mri-esm2-0","ssp126",NA,8.6478315153207,18.191792999752
"18",853,"Hunan","mri-esm2-0","ssp126",3.12,4.85695146518473,19.1596061585442
"19",854,"Hunan","mri-esm2-0","ssp126",3.12,7.22703382500315,23.0751135810973
"20",855,"Hunan","mri-esm2-0","ssp126",3.12,13.965643360247,20.9360041058253
"21",856,"Hunan","mri-esm2-0","ssp126",3.12,8.06134708432832,24.3168746827141
"22",857,"Hunan","mri-esm2-0","ssp126",3.12,3.90678254590447,24.3389626275926
"23",858,"Hunan","mri-esm2-0","ssp126",7.91285714285714,10.5141254408279,20.8418377588666
"24",859,"Hunan","mri-esm2-0","ssp126",9.83,1.93696282550653,27.4055989704435
"25",860,"Hunan","mri-esm2-0","ssp126",9.83,7.40090837985657,26.83028958033
"26",861,"Hunan","mri-esm2-0","ssp126",9.83,3.42716711009286,27.9811161101811
"27",862,"Hunan","mri-esm2-0","ssp126",9.42714285714286,1.02418634826011,30.3418465992761
"28",863,"Hunan","mri-esm2-0","ssp126",8.89,9.13197684105528,28.6764632452102
"29",864,"Hunan","mri-esm2-0","ssp126",8.89,3.54296877052158,27.3919195265997
"30",865,"Hunan","mri-esm2-0","ssp126",8.89,2.65116025040178,29.7563076443143
"31",866,"Hunan","mri-esm2-0","ssp126",8.89,5.62852850978613,27.9851942032103
"32",867,"Hunan","mri-esm2-0","ssp126",6.49,6.11692058764675,28.5172081114754
"33",868,"Hunan","mri-esm2-0","ssp126",6.49,6.41620967482075,27.9002057151189
"34",869,"Hunan","mri-esm2-0","ssp126",6.49,2.44614976074575,29.7690103440058
"35",870,"Hunan","mri-esm2-0","ssp126",6.49,9.34268047449872,28.4008358667767
"36",871,"Hunan","mri-esm2-0","ssp126",6.49,6.60134356181905,24.1661522396027
"37",872,"Hunan","mri-esm2-0","ssp126",6.49,3.78498935024254,24.824900563558
"38",873,"Hunan","mri-esm2-0","ssp126",6.49,0.797199600914869,24.8147564358182
"39",874,"Hunan","mri-esm2-0","ssp126",6.49,10.2371059110088,21.7167202298604
"40",875,"Hunan","mri-esm2-0","ssp126",5.64142857142857,0.00279445902638794,18.0514840141175
"41",876,"Hunan","mri-esm2-0","ssp126",3.52,0.0329089824520322,18.9646322583396
"42",877,"Hunan","mri-esm2-0","ssp126",3.52,0.146582300430964,19.3112234206427
"43",878,"Hunan","mri-esm2-0","ssp126",3.52,0.00282643017531622,17.5899969555083
"44",879,"Hunan","mri-esm2-0","ssp126",3.52,7.63077673699237,15.6594707670666
"45",880,"Hunan","mri-esm2-0","ssp126",3.52,12.6221738647148,17.2478497944181
"46",881,"Hunan","mri-esm2-0","ssp126",NA,0.0156758962930326,13.081306651282
"47",882,"Hunan","mri-esm2-0","ssp126",NA,0.2590558925866,13.0771101209853
"48",883,"Hunan","mri-esm2-0","ssp126",NA,1.90108954503298,15.2171195620582
"49",884,"Hunan","mri-esm2-0","ssp126",NA,7.10001923271843,9.80619474138535
"50",885,"Hunan","mri-esm2-0","ssp126",NA,4.5569166075893,8.77436678447423
"51",886,"Hunan","mri-esm2-0","ssp126",NA,2.03145460892041,6.46150765797451
"52",887,"Hunan","mri-esm2-0","ssp126",NA,0.00173239990155188,5.17129996163507
"53",888,"Hunan","mri-esm2-0","ssp126",NA,2.78922136618738,5.9228330460806
"54",889,"Hunan","mri-esm2-0","ssp126",NA,3.95879228028337,3.75107672555108
"55",890,"Hunan","mri-esm2-0","ssp126",NA,2.34920129343144,4.03416002061634
"56",891,"Hunan","mri-esm2-0","ssp126",NA,0.454727739841993,5.31608734130862
"57",892,"Hunan","mri-esm2-0","ssp126",NA,4.85236520669007,9.20624107481944
"58",893,"Hunan","mri-esm2-0","ssp126",NA,1.4232263447931,6.00643219720752
"59",894,"Hunan","mri-esm2-0","ssp126",NA,4.07353357289659,7.73399911305263
"60",895,"Hunan","mri-esm2-0","ssp126",NA,1.64200926554778,8.2595522562663
"61",896,"Hunan","mri-esm2-0","ssp126",NA,3.64510862310194,8.08065349033903
"62",897,"Hunan","mri-esm2-0","ssp126",NA,3.68333851314933,7.14320677499925
"63",898,"Hunan","mri-esm2-0","ssp126",NA,3.67022392483055,10.0193198794411
"64",899,"Hunan","mri-esm2-0","ssp126",NA,7.82128660350411,9.19676706223264
"65",900,"Hunan","mri-esm2-0","ssp126",NA,0.634613762498962,13.8922936091348
"66",901,"Hunan","mri-esm2-0","ssp126",NA,2.78761990855726,9.30757009112648
"67",902,"Hunan","mri-esm2-0","ssp126",NA,3.2184326346591,17.4514028882224
"68",903,"Hunan","mri-esm2-0","ssp126",NA,5.51110489728411,21.5094402373783
"69",904,"Hunan","mri-esm2-0","ssp126",NA,7.7735344114704,16.2245836530413
"70",905,"Hunan","mri-esm2-0","ssp126",NA,2.52648453268063,18.8487413315546
"71",906,"Hunan","mri-esm2-0","ssp126",1.35,5.26224721119044,18.9098008292062
"72",907,"Hunan","mri-esm2-0","ssp126",1.35,3.8845573053095,22.2912543281676
"73",908,"Hunan","mri-esm2-0","ssp126",1.35,6.71807297928483,22.6006547352625
"74",909,"Hunan","mri-esm2-0","ssp126",1.35,14.6242552964135,23.2936749049596
"75",910,"Hunan","mri-esm2-0","ssp126",2.73285714285714,7.82628963864746,25.0492510841006
"76",911,"Hunan","mri-esm2-0","ssp126",3.77,3.81288755027396,26.0803357200017
"77",912,"Hunan","mri-esm2-0","ssp126",3.77,10.2324813570509,25.3084640018524
"78",913,"Hunan","mri-esm2-0","ssp126",3.77,11.032629364945,26.4361849709163
"79",914,"Hunan","mri-esm2-0","ssp126",4.29,4.98208970861274,27.0259337167891
"80",915,"Hunan","mri-esm2-0","ssp126",5.59,3.31728302401513,28.2699556017679
"81",916,"Hunan","mri-esm2-0","ssp126",5.59,2.49243693786931,29.8197820269873
"82",917,"Hunan","mri-esm2-0","ssp126",5.59,2.56643392128483,27.2373022775802
"83",918,"Hunan","mri-esm2-0","ssp126",5.59,0.446060149514389,28.2363317096044
"84",919,"Hunan","mri-esm2-0","ssp126",5.23857142857143,6.89646001430577,28.7672075059679
"85",920,"Hunan","mri-esm2-0","ssp126",5.18,2.12069071768773,30.3329374040876
"86",921,"Hunan","mri-esm2-0","ssp126",5.18,13.4715212329866,26.256437162369
"87",922,"Hunan","mri-esm2-0","ssp126",5.18,1.49068248385577,29.9429619319855
"88",923,"Hunan","mri-esm2-0","ssp126",5.84,9.46888274376241,28.6059749058315
"89",924,"Hunan","mri-esm2-0","ssp126",6.72,7.37850265576786,27.2701532999675
"90",925,"Hunan","mri-esm2-0","ssp126",6.72,8.87407791358653,21.3931139506991
"91",926,"Hunan","mri-esm2-0","ssp126",6.72,6.38734219106222,25.8334387037489
"92",927,"Hunan","mri-esm2-0","ssp126",6.29714285714286,1.2659918807133,19.1470889863514
"93",928,"Hunan","mri-esm2-0","ssp126",3.76,0.112368934560436,19.6338880145361
"94",929,"Hunan","mri-esm2-0","ssp126",3.76,0.177859323938329,17.9286992027646
"95",930,"Hunan","mri-esm2-0","ssp126",3.76,0.0457510972734911,16.6811966790093
"96",931,"Hunan","mri-esm2-0","ssp126",3.76,0.883855394600427,16.7782327682253
"97",932,"Hunan","mri-esm2-0","ssp126",3.76,0.00124108636815176,12.6098312620133
"98",933,"Hunan","mri-esm2-0","ssp126",NA,0.000282498318223848,14.5553579905677
"99",934,"Hunan","mri-esm2-0","ssp126",NA,0.000563416863639889,12.9079824901763
"100",935,"Hunan","mri-esm2-0","ssp126",NA,0.04392338130726,11.789930022709
"101",936,"Hunan","mri-esm2-0","ssp126",NA,0.107252556102009,9.02902065458754
"102",937,"Hunan","mri-esm2-0","ssp126",NA,0.00365577572145931,9.41321716308596
"103",938,"Hunan","mri-esm2-0","ssp126",NA,0.0102758571236856,7.99877930898517
"104",939,"Hunan","mri-esm2-0","ssp126",NA,0.269884444333002,10.4284276932005
"105",940,"Hunan","mri-esm2-0","ssp126",NA,2.31399756685927,7.08339789254327
"106",941,"Hunan","mri-esm2-0","ssp126",NA,1.40875295948198,2.53421203371081
"107",942,"Hunan","mri-esm2-0","ssp126",NA,2.079593370185,2.65778551858571
"108",943,"Hunan","mri-esm2-0","ssp126",NA,1.22043144445213,1.25855335053946
"109",944,"Hunan","mri-esm2-0","ssp126",NA,0.228393072347899,3.1524348909893
"110",945,"Hunan","mri-esm2-0","ssp126",NA,1.3159313120793,2.97846804422048
"111",946,"Hunan","mri-esm2-0","ssp126",NA,0.218415729178949,5.67761407276943
"112",947,"Hunan","mri-esm2-0","ssp126",NA,1.25440625771002,9.9841979011657
"113",948,"Hunan","mri-esm2-0","ssp126",NA,0.229437661924489,7.89183257572237
"114",949,"Hunan","mri-esm2-0","ssp126",NA,2.82220780956257,7.05915706573973
"115",950,"Hunan","mri-esm2-0","ssp126",NA,8.30871363590891,5.29468101622569
"116",951,"Hunan","mri-esm2-0","ssp126",NA,2.89364480662308,9.25664436703638
"117",952,"Hunan","mri-esm2-0","ssp126",NA,1.09305111189185,12.5540389530243
"118",953,"Hunan","mri-esm2-0","ssp126",NA,2.20766499845532,15.7201697455512
"119",954,"Hunan","mri-esm2-0","ssp126",NA,4.56144193092639,18.2105508955698
"120",955,"Hunan","mri-esm2-0","ssp126",NA,3.19770675930288,13.3862052917481
"121",956,"Hunan","mri-esm2-0","ssp126",NA,12.7625100853428,16.5594690837558
"122",957,"Hunan","mri-esm2-0","ssp126",NA,2.15361714963365,18.1530739436074
"123",958,"Hunan","mri-esm2-0","ssp126",1.44,0.837078183485574,19.782434384785
"124",959,"Hunan","mri-esm2-0","ssp126",1.44,3.16042808250521,22.7816283331977
"125",960,"Hunan","mri-esm2-0","ssp126",1.44,5.7298724816779,22.3211260719905
"126",961,"Hunan","mri-esm2-0","ssp126",1.44,6.35646930266895,25.5791023617699
"127",962,"Hunan","mri-esm2-0","ssp126",1.8,5.29925153041404,23.8799266028026
"128",963,"Hunan","mri-esm2-0","ssp126",2.28,9.28417474276882,23.6565675402445
"129",964,"Hunan","mri-esm2-0","ssp126",2.28,4.28237506748701,25.8043106442406
"130",965,"Hunan","mri-esm2-0","ssp126",2.28,0.11125509494637,27.9805160522461
"131",966,"Hunan","mri-esm2-0","ssp126",2.69428571428571,1.68859463478189,29.1697088695708
"132",967,"Hunan","mri-esm2-0","ssp126",5.18,5.7108983906606,27.4788750058129
"133",968,"Hunan","mri-esm2-0","ssp126",5.18,1.59938973357774,29.4259812006875
"134",969,"Hunan","mri-esm2-0","ssp126",5.18,1.44375285650053,29.5386363559299
"135",970,"Hunan","mri-esm2-0","ssp126",5.18,5.4614211860553,29.1095576331729
"136",971,"Hunan","mri-esm2-0","ssp126",3.90857142857143,9.40746549105955,25.8901224408831
"137",972,"Hunan","mri-esm2-0","ssp126",3.4,4.07007241745175,27.8089474995931
"138",973,"Hunan","mri-esm2-0","ssp126",3.4,1.82065084315062,27.8731811886742
"139",974,"Hunan","mri-esm2-0","ssp126",3.4,1.42247587572716,27.3931740170434
"140",975,"Hunan","mri-esm2-0","ssp126",3.51714285714286,1.05087505759392,27.9012483990382
"141",976,"Hunan","mri-esm2-0","ssp126",3.81,0.309965805308821,27.1217834351555
"142",977,"Hunan","mri-esm2-0","ssp126",3.81,5.10040966168422,26.4636028955853
"143",978,"Hunan","mri-esm2-0","ssp126",3.81,3.05871471340912,25.3153168935625
"144",979,"Hunan","mri-esm2-0","ssp126",3.81,0.740216217322346,23.7876413254511
"145",980,"Hunan","mri-esm2-0","ssp126",0.86,1.67985721640694,20.6579652937632
"146",981,"Hunan","mri-esm2-0","ssp126",0.86,0.124005031128555,17.4271145896306
"147",982,"Hunan","mri-esm2-0","ssp126",0.86,2.85910682058394,17.6997491866823
"148",983,"Hunan","mri-esm2-0","ssp126",0.86,3.68427885504648,19.0981406075614
"149",984,"Hunan","mri-esm2-0","ssp126",0.86,8.99315874151918,18.8558524722145
"150",985,"Hunan","mri-esm2-0","ssp126",NA,3.56956966737536,16.1288911244226
"151",986,"Hunan","mri-esm2-0","ssp126",NA,2.28258769040102,14.1788970220657
"152",987,"Hunan","mri-esm2-0","ssp126",NA,1.89390558354847,9.66441061837335
"153",988,"Hunan","mri-esm2-0","ssp126",NA,1.41060500614003,10.3470938667419
"154",989,"Hunan","mri-esm2-0","ssp126",NA,6.82360963141296,8.82514742896673
"155",990,"Hunan","mri-esm2-0","ssp126",NA,0.0792350248242916,9.50467192634706
"156",991,"Hunan","mri-esm2-0","ssp126",NA,3.86025588620344,9.23155195448136
"157",992,"Hunan","mri-esm2-0","ssp126",NA,2.53076681405478,8.34658626980254
"158",993,"Hunan","mri-esm2-0","ssp126",NA,1.46151630845972,8.17715969993957
"159",994,"Hunan","mri-esm2-0","ssp126",NA,0.00162842637629572,7.66507540506032
"160",995,"Hunan","mri-esm2-0","ssp126",NA,4.95475312704262,11.5822172740149
"161",996,"Hunan","mri-esm2-0","ssp126",NA,0.509662446484072,6.23455787537592
"162",997,"Hunan","mri-esm2-0","ssp126",NA,0.606343345842626,8.21536722334607
"163",998,"Hunan","mri-esm2-0","ssp126",NA,6.1915467136974,5.30981531294568
"164",999,"Hunan","mri-esm2-0","ssp126",NA,3.43430907812165,4.84897850884334
"165",1000,"Hunan","mri-esm2-0","ssp126",NA,4.48392881270203,6.53644550868445
"166",1001,"Hunan","mri-esm2-0","ssp126",NA,0.63211577767106,11.5554563249861
"167",1002,"Hunan","mri-esm2-0","ssp126",NA,5.91305795392795,12.3849018762982
"168",1003,"Hunan","mri-esm2-0","ssp126",NA,3.91026489062045,8.43404771108478
"169",1004,"Hunan","mri-esm2-0","ssp126",NA,8.68929339145715,13.032621304951
"170",1005,"Hunan","mri-esm2-0","ssp126",NA,3.60648037922796,12.051837146093
"171",1006,"Hunan","mri-esm2-0","ssp126",NA,12.5702269989948,16.2768159412203
"172",1007,"Hunan","mri-esm2-0","ssp126",NA,7.0489752688705,18.9502260238405
"173",1008,"Hunan","mri-esm2-0","ssp126",NA,7.61489461050847,18.4017045278398
"174",1009,"Hunan","mri-esm2-0","ssp126",NA,5.19449636242046,22.955583917527
"175",1010,"Hunan","mri-esm2-0","ssp126",0.78,8.0158111147739,24.183977835519
"176",1011,"Hunan","mri-esm2-0","ssp126",0.78,10.4123696037537,23.0411408560617
"177",1012,"Hunan","mri-esm2-0","ssp126",0.78,11.9448113852936,22.4290477934338
"178",1013,"Hunan","mri-esm2-0","ssp126",0.78,10.5174519653636,23.8744305323041
"179",1014,"Hunan","mri-esm2-0","ssp126",2.01714285714286,20.0421686009772,23.8197598654127
"180",1015,"Hunan","mri-esm2-0","ssp126",5.11,11.8336522476446,24.9797687348866
"181",1016,"Hunan","mri-esm2-0","ssp126",5.11,12.0144301286148,24.5589613051642
"182",1017,"Hunan","mri-esm2-0","ssp126",5.11,9.42795475385277,27.0129657442608
"183",1018,"Hunan","mri-esm2-0","ssp126",5.11,1.8462484198413,28.6835635472858
"184",1019,"Hunan","mri-esm2-0","ssp126",6.04,2.25104074667278,29.9073493715317
"185",1020,"Hunan","mri-esm2-0","ssp126",6.04,1.63821598642763,30.2833706204854
"186",1021,"Hunan","mri-esm2-0","ssp126",6.04,9.01108934140861,28.1139918857151
"187",1022,"Hunan","mri-esm2-0","ssp126",6.04,4.62800762898691,29.9913601466588
"188",1023,"Hunan","mri-esm2-0","ssp126",6.05142857142857,0.211706206450149,30.3136605277894
"189",1024,"Hunan","mri-esm2-0","ssp126",6.06,13.6634232184536,27.4128709944468
"190",1025,"Hunan","mri-esm2-0","ssp126",6.06,1.35519719348979,30.4941032167465
"191",1026,"Hunan","mri-esm2-0","ssp126",6.06,9.75458101428817,29.4551167684888
"192",1027,"Hunan","mri-esm2-0","ssp126",5.83571428571429,1.78956327394449,26.0709607078916
"193",1028,"Hunan","mri-esm2-0","ssp126",4.49,6.32127674929767,25.3643872821142
"194",1029,"Hunan","mri-esm2-0","ssp126",4.49,5.71471976891839,22.0159444778685
"195",1030,"Hunan","mri-esm2-0","ssp126",4.49,0.138336017867654,22.1609634641617
"196",1031,"Hunan","mri-esm2-0","ssp126",4.49,3.94430795669385,23.3869288126628
"197",1032,"Hunan","mri-esm2-0","ssp126",1.99571428571429,11.4947471097366,24.447402663458
"198",1033,"Hunan","mri-esm2-0","ssp126",1.58,6.61219353676513,22.7444972810291
"199",1034,"Hunan","mri-esm2-0","ssp126",1.58,8.57634112549022,22.2356315007286
"200",1035,"Hunan","mri-esm2-0","ssp126",1.58,3.72111974473747,15.2100862291124
"201",1036,"Hunan","mri-esm2-0","ssp126",1.58,7.3203312746825,14.3683920481849
"202",1037,"Hunan","mri-esm2-0","ssp126",NA,1.00603573915968,13.8348950703939
"203",1038,"Hunan","mri-esm2-0","ssp126",NA,4.92047269893062,13.3987838018508
"204",1039,"Hunan","mri-esm2-0","ssp126",NA,1.29849392221461,15.6290789528499
"205",1040,"Hunan","mri-esm2-0","ssp126",NA,3.02175745256526,9.31441256810751
"206",1041,"Hunan","mri-esm2-0","ssp126",NA,0.300545832877625,5.69526885501924
"207",1042,"Hunan","mri-esm2-0","ssp126",NA,0.261514042793871,9.24175657242066
"208",1043,"Hunan","mri-esm2-0","ssp126",NA,1.99404813446823,8.63677798074392
"209",1044,"Hunan","mri-esm2-0","ssp126",NA,0.203270596557559,5.0525331769671
"210",1045,"Hunan","mri-esm2-0","ssp126",NA,0.00565944357861424,7.24959607805527
"211",1046,"Hunan","mri-esm2-0","ssp126",NA,0.00378554078841782,6.52682472107905
"212",1047,"Hunan","mri-esm2-0","ssp126",NA,0.404319348555354,10.4991546025352
"213",1048,"Hunan","mri-esm2-0","ssp126",NA,5.79168486304167,9.91736997574097
"214",1049,"Hunan","mri-esm2-0","ssp126",NA,0.187119641928543,7.12470967126273
"215",1050,"Hunan","mri-esm2-0","ssp126",NA,1.04443952347018,10.167981901623
"216",1051,"Hunan","mri-esm2-0","ssp126",NA,6.37631210200068,9.31748503427659
"217",1052,"Hunan","mri-esm2-0","ssp126",NA,0.799112970526039,9.39912990993926
"218",1053,"Hunan","mri-esm2-0","ssp126",NA,2.81980009314274,9.42067949809728
"219",1054,"Hunan","mri-esm2-0","ssp126",NA,4.31070169348849,10.8934049576048
"220",1055,"Hunan","mri-esm2-0","ssp126",NA,4.11389798568312,15.8275392441523
"221",1056,"Hunan","mri-esm2-0","ssp126",NA,6.52312484610645,13.2574338882689
"222",1057,"Hunan","mri-esm2-0","ssp126",NA,5.1861073679772,11.1297764974927
"223",1058,"Hunan","mri-esm2-0","ssp126",NA,2.82552031877198,12.6841830420116
"224",1059,"Hunan","mri-esm2-0","ssp126",NA,5.93761984693109,12.9564958118257
"225",1060,"Hunan","mri-esm2-0","ssp126",NA,3.20537058421775,18.2557045588418
"226",1061,"Hunan","mri-esm2-0","ssp126",NA,3.27867169403362,21.4471284896609
"227",1062,"Hunan","mri-esm2-0","ssp126",NA,8.00501377655435,17.4626518855019
"228",1063,"Hunan","mri-esm2-0","ssp126",NA,8.64520410502467,20.0468908764067
"229",1064,"Hunan","mri-esm2-0","ssp126",NA,4.08096705555831,19.8320806109716
"230",1065,"Hunan","mri-esm2-0","ssp126",NA,14.0629246397306,25.1234761313787
"231",1066,"Hunan","mri-esm2-0","ssp126",NA,5.06511448755061,22.1135969131712
"232",1067,"Hunan","mri-esm2-0","ssp126",NA,5.52592981504988,25.5230984279088
"233",1068,"Hunan","mri-esm2-0","ssp126",NA,14.9564808375284,25.622401779417
"234",1069,"Hunan","mri-esm2-0","ssp126",NA,2.63417846220883,26.0062820918977
"235",1070,"Hunan","mri-esm2-0","ssp126",NA,9.036190003904,27.0798171028259
"236",1071,"Hunan","mri-esm2-0","ssp126",NA,4.13252953415265,29.3171855502659
"237",1072,"Hunan","mri-esm2-0","ssp126",NA,4.60073896895535,28.0211238679432
"238",1073,"Hunan","mri-esm2-0","ssp126",NA,5.24294840125289,28.7073995317732
"239",1074,"Hunan","mri-esm2-0","ssp126",NA,14.5227005393411,27.428183673677
"240",1075,"Hunan","mri-esm2-0","ssp126",NA,16.5974635771168,26.2439888969301
"241",1076,"Hunan","mri-esm2-0","ssp126",NA,7.38177270851728,28.0022369384766
"242",1077,"Hunan","mri-esm2-0","ssp126",NA,1.47891360800583,30.9215934511215
"243",1078,"Hunan","mri-esm2-0","ssp126",NA,3.27732415572167,27.4545127142044
"244",1079,"Hunan","mri-esm2-0","ssp126",NA,6.09131002009755,26.7726308550154
"245",1080,"Hunan","mri-esm2-0","ssp126",NA,1.91601620869213,26.7550558786544
"246",1081,"Hunan","mri-esm2-0","ssp126",NA,1.30254134333622,26.9599773588635
"247",1082,"Hunan","mri-esm2-0","ssp126",NA,4.20801566574482,22.7958895486499
"248",1083,"Hunan","mri-esm2-0","ssp126",NA,10.2606222788576,23.2587503826808
"249",1084,"Hunan","mri-esm2-0","ssp126",NA,3.66081298921667,21.711375899542
"250",1085,"Hunan","mri-esm2-0","ssp126",NA,4.55204350642556,20.0700236244807
"251",1086,"Hunan","mri-esm2-0","ssp126",NA,0.528025026915202,20.3210268293108
"252",1087,"Hunan","mri-esm2-0","ssp126",NA,0.415039584510981,19.6722197275313
"253",1088,"Hunan","mri-esm2-0","ssp126",NA,1.13131373575795,17.9835312979562
"254",1089,"Hunan","mri-esm2-0","ssp126",NA,2.13330924337112,15.7621808248853
"255",1090,"Hunan","mri-esm2-0","ssp126",NA,0.0443261326706436,14.6207710266113
"256",1091,"Hunan","mri-esm2-0","ssp126",NA,0.819473715461884,15.5489208403088
"257",1092,"Hunan","mri-esm2-0","ssp126",NA,0.390617648378923,13.1878486027794
"258",1093,"Hunan","mri-esm2-0","ssp126",NA,0.208749088570974,8.95028929937456
"259",1094,"Hunan","mri-esm2-0","ssp126",NA,0.00164281684971814,9.20017152816532
"260",1095,"Hunan","mri-esm2-0","ssp126",NA,0.00393560768705876,9.4665356711736
"261",1096,"Hunan","mri-esm2-0","ssp126",NA,2.94813686384389,7.06942574637279
"262",1097,"Hunan","mri-esm2-0","ssp126",NA,7.53981189532819,12.4794717940073
"263",1098,"Hunan","mri-esm2-0","ssp126",NA,0.0379122694734439,5.82797363523455
"264",1099,"Hunan","mri-esm2-0","ssp126",NA,1.00105398488657,8.38121469891263
"265",1100,"Hunan","mri-esm2-0","ssp126",NA,6.35521723538009,9.23509605044413
"266",1101,"Hunan","mri-esm2-0","ssp126",NA,1.23516443237739,5.15260939825151
"267",1102,"Hunan","mri-esm2-0","ssp126",NA,1.52375399117253,10.0279956514873
"268",1103,"Hunan","mri-esm2-0","ssp126",NA,7.39824473123787,7.98299772474503
"269",1104,"Hunan","mri-esm2-0","ssp126",NA,4.20106061729452,4.80784371996685
"270",1105,"Hunan","mri-esm2-0","ssp126",NA,0.126423857214572,11.2362547496009
"271",1106,"Hunan","mri-esm2-0","ssp126",NA,0.279991262531049,13.8380007789249
"272",1107,"Hunan","mri-esm2-0","ssp126",NA,9.19849910431887,10.7366528707837
"273",1108,"Hunan","mri-esm2-0","ssp126",NA,2.47649843490113,9.98425590878443
"274",1109,"Hunan","mri-esm2-0","ssp126",NA,7.66139022119075,12.7531560988654
"275",1110,"Hunan","mri-esm2-0","ssp126",NA,8.44090256898978,16.1889312501938
"276",1111,"Hunan","mri-esm2-0","ssp126",NA,5.13219968019517,17.1019150991289
"277",1112,"Hunan","mri-esm2-0","ssp126",NA,5.88126781384355,18.3903105115134
"278",1113,"Hunan","mri-esm2-0","ssp126",NA,5.95063125592787,16.4102624075754
"279",1114,"Hunan","mri-esm2-0","ssp126",NA,12.3427774501709,17.8611389160156
"280",1115,"Hunan","mri-esm2-0","ssp126",NA,9.55707310798581,19.8628376067631
"281",1116,"Hunan","mri-esm2-0","ssp126",NA,9.04151203072356,25.7357315911187
"282",1117,"Hunan","mri-esm2-0","ssp126",NA,8.17344990006989,22.2111564636231
"283",1118,"Hunan","mri-esm2-0","ssp126",NA,6.79126729689545,21.8996716575017
"284",1119,"Hunan","mri-esm2-0","ssp126",NA,1.36014024111708,24.4317494468084
"285",1120,"Hunan","mri-esm2-0","ssp126",NA,1.9010440076467,27.7134398929657
"286",1121,"Hunan","mri-esm2-0","ssp126",NA,8.25605892029801,23.0431911044651
"287",1122,"Hunan","mri-esm2-0","ssp126",NA,3.20630872822351,28.0210774255177
"288",1123,"Hunan","mri-esm2-0","ssp126",NA,6.4842987459932,26.4906994774228
"289",1124,"Hunan","mri-esm2-0","ssp126",NA,7.26774940751187,25.2508926512703
"290",1125,"Hunan","mri-esm2-0","ssp126",NA,0.0973002335026,29.767709834992
"291",1126,"Hunan","mri-esm2-0","ssp126",NA,6.09201451340726,30.1435353839208
"292",1127,"Hunan","mri-esm2-0","ssp126",NA,0.221777500896029,31.7239462352935
"293",1128,"Hunan","mri-esm2-0","ssp126",NA,6.63796750106615,28.6196455092657
"294",1129,"Hunan","mri-esm2-0","ssp126",NA,10.566860560071,27.5474038623628
"295",1130,"Hunan","mri-esm2-0","ssp126",NA,6.48670723274206,28.7865673973447
"296",1131,"Hunan","mri-esm2-0","ssp126",NA,4.67739718910707,28.4120416308206
"297",1132,"Hunan","mri-esm2-0","ssp126",NA,2.04862503283039,26.6499906994048
"298",1133,"Hunan","mri-esm2-0","ssp126",NA,0.436893400014274,28.099199216328
"299",1134,"Hunan","mri-esm2-0","ssp126",NA,1.9058218959799,23.3879926893446
"300",1135,"Hunan","mri-esm2-0","ssp126",NA,0.360795085167151,24.7731953696599
"301",1136,"Hunan","mri-esm2-0","ssp126",NA,0.401590054070766,20.5137635003953
"302",1137,"Hunan","mri-esm2-0","ssp126",NA,0.0302353936539086,16.9032026745024
"303",1138,"Hunan","mri-esm2-0","ssp126",NA,0.763844345556208,18.6087498256139
"304",1139,"Hunan","mri-esm2-0","ssp126",NA,0.0292875088234723,13.4386295258053
"305",1140,"Hunan","mri-esm2-0","ssp126",NA,0.00177965633026491,15.6381549048046
"306",1141,"Hunan","mri-esm2-0","ssp126",NA,2.19232964603699,16.9309123326862
"307",1142,"Hunan","mri-esm2-0","ssp126",NA,0.0136916102032306,12.7183151971726
"308",1143,"Hunan","mri-esm2-0","ssp126",NA,0.762003690338783,11.4985995338077
"309",1144,"Hunan","mri-esm2-0","ssp126",NA,3.08574017439501,10.7774346487863
"310",1145,"Hunan","mri-esm2-0","ssp126",NA,1.28547297420352,7.77100785270572
"311",1146,"Hunan","mri-esm2-0","ssp126",NA,0.00298347667272278,8.38882308233354
"312",1147,"Hunan","mri-esm2-0","ssp126",NA,2.86813550212303,7.19362786913677
"313",1148,"Hunan","mri-esm2-0","ssp126",NA,3.88723505198608,6.34237115042552
"314",1149,"Hunan","mri-esm2-0","ssp126",NA,0.0157400250827777,6.00532532949298
"315",1150,"Hunan","mri-esm2-0","ssp126",NA,0.115913267862717,6.8925846765912
"316",1151,"Hunan","mri-esm2-0","ssp126",NA,2.84640040500952,7.59092961871437
"317",1152,"Hunan","mri-esm2-0","ssp126",NA,3.53523824859232,6.73314873831615
"318",1153,"Hunan","mri-esm2-0","ssp126",NA,3.49273532661495,4.38084982009163
"319",1154,"Hunan","mri-esm2-0","ssp126",NA,0.0284469637270896,5.51732624598914
"320",1155,"Hunan","mri-esm2-0","ssp126",NA,0.360250504335064,10.6647454640222
"321",1156,"Hunan","mri-esm2-0","ssp126",NA,3.73121853037576,11.8168556697785
"322",1157,"Hunan","mri-esm2-0","ssp126",NA,0.408139009018019,5.77110770089288
"323",1158,"Hunan","mri-esm2-0","ssp126",NA,3.53663658383344,10.6559136526925
"324",1159,"Hunan","mri-esm2-0","ssp126",NA,2.61582606763763,9.52884027390255
"325",1160,"Hunan","mri-esm2-0","ssp126",NA,7.48555593255073,9.39841202024432
"326",1161,"Hunan","mri-esm2-0","ssp126",NA,6.94850293521735,10.6793361361065
"327",1162,"Hunan","mri-esm2-0","ssp126",NA,0.676538837303399,13.5467749822708
"328",1163,"Hunan","mri-esm2-0","ssp126",NA,0.656641529134764,16.9463455079094
"329",1164,"Hunan","mri-esm2-0","ssp126",NA,1.6760037712889,13.8322592962356
"330",1165,"Hunan","mri-esm2-0","ssp126",NA,5.31220982964312,20.4737694271027
"331",1166,"Hunan","mri-esm2-0","ssp126",NA,6.48282440327291,21.258432249039
"332",1167,"Hunan","mri-esm2-0","ssp126",NA,3.8629778993579,21.8385063171387
"333",1168,"Hunan","mri-esm2-0","ssp126",NA,2.18147010083547,21.9730244712224
"334",1169,"Hunan","mri-esm2-0","ssp126",NA,1.15790010351182,21.7064203050402
"335",1170,"Hunan","mri-esm2-0","ssp126",NA,0.978039979684451,21.4788909306602
"336",1171,"Hunan","mri-esm2-0","ssp126",NA,8.07648622133976,25.2929766337077
"337",1172,"Hunan","mri-esm2-0","ssp126",NA,2.75320618557739,27.0021629454598
"338",1173,"Hunan","mri-esm2-0","ssp126",NA,2.32593950811731,26.3612695239839
"339",1174,"Hunan","mri-esm2-0","ssp126",NA,15.1757816958187,25.2616702004085
"340",1175,"Hunan","mri-esm2-0","ssp126",NA,0.769858346231038,25.4845181540838
"341",1176,"Hunan","mri-esm2-0","ssp126",NA,3.30108095792119,27.1487717522515
"342",1177,"Hunan","mri-esm2-0","ssp126",NA,5.65497596217028,27.3054124862429
"343",1178,"Hunan","mri-esm2-0","ssp126",NA,2.60895087113957,29.2295406402104
"344",1179,"Hunan","mri-esm2-0","ssp126",NA,7.56877799868302,28.1137312147353
"345",1180,"Hunan","mri-esm2-0","ssp126",NA,12.118601835365,27.4060428074428
"346",1181,"Hunan","mri-esm2-0","ssp126",NA,11.7984794402738,26.7143009246342
"347",1182,"Hunan","mri-esm2-0","ssp126",NA,11.0124331186008,27.2523017883301
"348",1183,"Hunan","mri-esm2-0","ssp126",NA,12.1929706939162,26.6294514005147
"349",1184,"Hunan","mri-esm2-0","ssp126",NA,4.32952154713868,26.7242471119714
"350",1185,"Hunan","mri-esm2-0","ssp126",NA,1.54750783253803,24.8232318454319
"351",1186,"Hunan","mri-esm2-0","ssp126",NA,3.36968513976379,24.3252908131433
"352",1187,"Hunan","mri-esm2-0","ssp126",NA,1.26486343441294,20.5297103881836
"353",1188,"Hunan","mri-esm2-0","ssp126",NA,5.7406698693025,21.7740404764811
"354",1189,"Hunan","mri-esm2-0","ssp126",NA,3.80057057743345,20.000030348036
"355",1190,"Hunan","mri-esm2-0","ssp126",NA,0.252296468884846,17.5459682040745
"356",1191,"Hunan","mri-esm2-0","ssp126",NA,0.022564779705395,14.113661702474
"357",1192,"Hunan","mri-esm2-0","ssp126",NA,0.066777483016267,17.4198647272019
"358",1193,"Hunan","mri-esm2-0","ssp126",NA,0.00608623686275678,12.6862793695359
"359",1194,"Hunan","mri-esm2-0","ssp126",NA,0.00708148034261415,14.1517810034374
"360",1195,"Hunan","mri-esm2-0","ssp126",NA,0.293061259428993,11.7811017838736
"361",1196,"Hunan","mri-esm2-0","ssp126",NA,0.0566672229329664,10.9675461420937
"362",1197,"Hunan","mri-esm2-0","ssp126",NA,1.48312571536085,11.5765041896275
"363",1198,"Hunan","mri-esm2-0","ssp126",NA,1.45027074077656,8.18001787700353
"364",1199,"Hunan","mri-esm2-0","ssp126",NA,7.86339424507787,4.5160598270477
"365",1200,"Hunan","mri-esm2-0","ssp126",NA,0.00956495630037222,5.01275393773641
"366",1201,"Hunan","mri-esm2-0","ssp126",NA,0.739284778351897,7.17053453960118
"367",1202,"Hunan","mri-esm2-0","ssp126",NA,0.430091636085958,8.04574452960304
"368",1203,"Hunan","mri-esm2-0","ssp126",NA,1.96913530551553,5.14781620086188
"369",1204,"Hunan","mri-esm2-0","ssp126",NA,1.28843197031269,9.26603669666111
"370",1205,"Hunan","mri-esm2-0","ssp126",NA,5.84815652487772,7.50027884831507
"371",1206,"Hunan","mri-esm2-0","ssp126",NA,2.48189274070683,11.635321614099
"372",1207,"Hunan","mri-esm2-0","ssp126",NA,0.219075963670028,7.35676739405074
"373",1208,"Hunan","mri-esm2-0","ssp126",NA,0.418231558374568,12.9969752599323
"374",1209,"Hunan","mri-esm2-0","ssp126",NA,5.84689243916208,9.14141586545916
"375",1210,"Hunan","mri-esm2-0","ssp126",NA,6.27051284756297,8.089619300479
"376",1211,"Hunan","mri-esm2-0","ssp126",NA,0.139539694574913,11.52022856455
"377",1212,"Hunan","mri-esm2-0","ssp126",NA,3.02376467435092,12.2944071451823
"378",1213,"Hunan","mri-esm2-0","ssp126",NA,2.66629824244384,10.2228766668411
"379",1214,"Hunan","mri-esm2-0","ssp126",NA,3.19627034216085,13.8770412384518
"380",1215,"Hunan","mri-esm2-0","ssp126",NA,3.18212082557433,21.0271629575699
"381",1216,"Hunan","mri-esm2-0","ssp126",NA,10.8395690916495,15.792062801785
"382",1217,"Hunan","mri-esm2-0","ssp126",NA,3.1845575404012,19.3896948920356
"383",1218,"Hunan","mri-esm2-0","ssp126",NA,0.116623024671623,20.4221891494025
"384",1219,"Hunan","mri-esm2-0","ssp126",NA,1.02925669251428,21.2106763567243
"385",1220,"Hunan","mri-esm2-0","ssp126",NA,4.44963311848759,24.1905035109747
"386",1221,"Hunan","mri-esm2-0","ssp126",NA,17.853044999109,24.1383345588805
"387",1222,"Hunan","mri-esm2-0","ssp126",NA,5.88825329147897,23.8328734019446
"388",1223,"Hunan","mri-esm2-0","ssp126",NA,6.78505336611904,25.6247719779847
"389",1224,"Hunan","mri-esm2-0","ssp126",NA,14.5843214006878,25.4144547598703
"390",1225,"Hunan","mri-esm2-0","ssp126",NA,8.51756887172997,26.0156313093882
"391",1226,"Hunan","mri-esm2-0","ssp126",NA,9.68405146249357,25.168773481581
"392",1227,"Hunan","mri-esm2-0","ssp126",NA,6.06381717980185,27.4771521553161
"393",1228,"Hunan","mri-esm2-0","ssp126",NA,5.43843925517779,27.3729764060369
"394",1229,"Hunan","mri-esm2-0","ssp126",NA,10.1940793252652,28.4230300176712
"395",1230,"Hunan","mri-esm2-0","ssp126",NA,2.41277610973287,28.8970837789869
"396",1231,"Hunan","mri-esm2-0","ssp126",NA,1.35943352296246,30.3241605122884
"397",1232,"Hunan","mri-esm2-0","ssp126",NA,7.06536041585813,29.0002953786699
"398",1233,"Hunan","mri-esm2-0","ssp126",NA,5.11234971861216,28.4750816224114
"399",1234,"Hunan","mri-esm2-0","ssp126",NA,13.2865710231921,25.9253036377922
"400",1235,"Hunan","mri-esm2-0","ssp126",NA,6.28896333893343,25.606719801161
"401",1236,"Hunan","mri-esm2-0","ssp126",NA,0.498184448438873,27.3508721730066
"402",1237,"Hunan","mri-esm2-0","ssp126",NA,1.14899936098222,29.0621370709132
"403",1238,"Hunan","mri-esm2-0","ssp126",NA,0.135413963718227,25.6374871511308
"404",1239,"Hunan","mri-esm2-0","ssp126",NA,0.549802389494808,24.6776827373202
"405",1240,"Hunan","mri-esm2-0","ssp126",NA,0.00179484383287282,21.7084696451823
"406",1241,"Hunan","mri-esm2-0","ssp126",NA,0.782729013664201,22.2402051410978
"407",1242,"Hunan","mri-esm2-0","ssp126",NA,4.83273508854316,17.7787876553006
"408",1243,"Hunan","mri-esm2-0","ssp126",NA,8.39175891213537,22.4342837379092
"409",1244,"Hunan","mri-esm2-0","ssp126",NA,4.4022730378986,19.2934495956179
"410",1245,"Hunan","mri-esm2-0","ssp126",NA,3.66389190417067,12.8416160825699
"411",1246,"Hunan","mri-esm2-0","ssp126",NA,1.25596618652578,14.8464331369552
"412",1247,"Hunan","mri-esm2-0","ssp126",NA,1.52485883600743,13.9145502484034
"413",1248,"Hunan","mri-esm2-0","ssp126",NA,0.0250923898095477,9.94621011643185
"414",1249,"Hunan","mri-esm2-0","ssp126",NA,3.07653843662722,12.5528314499628
"415",1250,"Hunan","mri-esm2-0","ssp126",NA,1.2423153666532,13.9939499627977
"416",1251,"Hunan","mri-esm2-0","ssp126",NA,3.28466164959147,9.84029244316951
"417",1252,"Hunan","mri-esm2-0","ssp126",NA,3.66087737567276,9.08739999438091
"418",1253,"Hunan","mri-esm2-0","ssp126",NA,1.55141788650976,13.4387451777383
"419",1254,"Hunan","mri-esm2-0","ssp126",NA,3.39469951827596,5.96357352847147
"420",1255,"Hunan","mri-esm2-0","ssp126",NA,1.13785483849824,5.90537765745135
"421",1256,"Hunan","mri-esm2-0","ssp126",NA,0.270187932294773,5.16592862568207
"422",1257,"Hunan","mri-esm2-0","ssp126",NA,6.84892246478869,11.0465689280677
"423",1258,"Hunan","mri-esm2-0","ssp126",NA,4.58300442974827,6.50630643329925
"424",1259,"Hunan","mri-esm2-0","ssp126",NA,4.15072184160376,10.7071370442709
"425",1260,"Hunan","mri-esm2-0","ssp126",NA,5.07491463921984,8.00175967746313
"426",1261,"Hunan","mri-esm2-0","ssp126",NA,1.14106051352272,6.11985186622258
"427",1262,"Hunan","mri-esm2-0","ssp126",NA,1.17151473795535,9.32089513142906
"428",1263,"Hunan","mri-esm2-0","ssp126",NA,7.98163700428631,9.57868316892596
"429",1264,"Hunan","mri-esm2-0","ssp126",NA,7.04239212726471,7.60053024291994
"430",1265,"Hunan","mri-esm2-0","ssp126",NA,5.38283189264023,9.01474430144781
"431",1266,"Hunan","mri-esm2-0","ssp126",NA,1.50294898909514,12.881975882394
"432",1267,"Hunan","mri-esm2-0","ssp126",NA,13.9195786753329,16.2352055867513
"433",1268,"Hunan","mri-esm2-0","ssp126",NA,3.69177936927372,17.1634313310896
"434",1269,"Hunan","mri-esm2-0","ssp126",NA,3.75143776016427,22.7198648725237
"435",1270,"Hunan","mri-esm2-0","ssp126",NA,12.6677181100734,19.4742976718479
"436",1271,"Hunan","mri-esm2-0","ssp126",NA,5.14513905949181,20.4291624765548
"437",1272,"Hunan","mri-esm2-0","ssp126",NA,14.0364860771375,20.6921423775809
"438",1273,"Hunan","mri-esm2-0","ssp126",NA,2.61215299697142,21.2268131922162
"439",1274,"Hunan","mri-esm2-0","ssp126",NA,8.05447266127755,23.1754034254286
"440",1275,"Hunan","mri-esm2-0","ssp126",NA,2.61060475244059,26.0040860978384
"441",1276,"Hunan","mri-esm2-0","ssp126",NA,7.40374202164925,23.445400310698
"442",1277,"Hunan","mri-esm2-0","ssp126",NA,9.101915391128,27.2323226444305
"443",1278,"Hunan","mri-esm2-0","ssp126",NA,5.4771604459737,27.9169661022368
"444",1279,"Hunan","mri-esm2-0","ssp126",NA,9.9340173031903,28.680136556474
"445",1280,"Hunan","mri-esm2-0","ssp126",NA,18.9704391154204,26.2574868701753
"446",1281,"Hunan","mri-esm2-0","ssp126",NA,2.38075847723849,29.0241632128519
"447",1282,"Hunan","mri-esm2-0","ssp126",NA,4.86004959558548,27.7815657842727
"448",1283,"Hunan","mri-esm2-0","ssp126",NA,8.79394248581125,28.7156142704071
"449",1284,"Hunan","mri-esm2-0","ssp126",NA,4.75812396796625,28.2092029753186
"450",1285,"Hunan","mri-esm2-0","ssp126",NA,19.3004527095322,26.9774037436834
"451",1286,"Hunan","mri-esm2-0","ssp126",NA,8.15552575008301,28.338529992482
"452",1287,"Hunan","mri-esm2-0","ssp126",NA,13.0978104642963,26.8549884735592
"453",1288,"Hunan","mri-esm2-0","ssp126",NA,15.6988993207441,26.3879843938919
"454",1289,"Hunan","mri-esm2-0","ssp126",NA,6.06991636788215,26.9841143411304
"455",1290,"Hunan","mri-esm2-0","ssp126",NA,0.0254139087441477,24.0781540159195
"456",1291,"Hunan","mri-esm2-0","ssp126",NA,0.111637529783236,23.6363506740994
"457",1292,"Hunan","mri-esm2-0","ssp126",NA,0.447910667987474,24.8783287290543
"458",1293,"Hunan","mri-esm2-0","ssp126",NA,2.98128817401968,22.0557144528344
"459",1294,"Hunan","mri-esm2-0","ssp126",NA,2.27697975968632,21.667560286749
"460",1295,"Hunan","mri-esm2-0","ssp126",NA,0.959474817825269,16.7011615934826
"461",1296,"Hunan","mri-esm2-0","ssp126",NA,0.0368504304788075,18.3006086319212
"462",1297,"Hunan","mri-esm2-0","ssp126",NA,0.0740587492990536,15.349027070545
"463",1298,"Hunan","mri-esm2-0","ssp126",NA,1.19581264711996,12.519365716359
"464",1299,"Hunan","mri-esm2-0","ssp126",NA,0.606231559439559,13.3671839396159
"465",1300,"Hunan","mri-esm2-0","ssp126",NA,1.26645466973839,16.6598981342619
"466",1301,"Hunan","mri-esm2-0","ssp126",NA,3.89288992332695,9.532550763327
"467",1302,"Hunan","mri-esm2-0","ssp126",NA,3.45890144501806,9.06811324831041
"468",1303,"Hunan","mri-esm2-0","ssp126",NA,2.03410052414646,10.9314740619962
"469",1304,"Hunan","mri-esm2-0","ssp126",NA,0.000627376857664786,7.93259461418033
"470",1305,"Hunan","mri-esm2-0","ssp126",NA,0.00917135432376069,8.96033133854944
"471",1306,"Hunan","mri-esm2-0","ssp126",NA,0.348636865042603,10.3970715477353
"472",1307,"Hunan","mri-esm2-0","ssp126",NA,2.59039329785732,10.9174681890579
"473",1308,"Hunan","mri-esm2-0","ssp126",NA,4.20038379545206,4.74048276628769
"474",1309,"Hunan","mri-esm2-0","ssp126",NA,4.54390649569437,1.57129852052721
"475",1310,"Hunan","mri-esm2-0","ssp126",NA,0.294804545105113,-0.703997463650151
"476",1311,"Hunan","mri-esm2-0","ssp126",NA,0.206022675209689,4.64107732621452
"477",1312,"Hunan","mri-esm2-0","ssp126",NA,0.853393518816249,6.58531807793514
"478",1313,"Hunan","mri-esm2-0","ssp126",NA,0.292792303766224,7.4333331516811
"479",1314,"Hunan","mri-esm2-0","ssp126",NA,5.32222956178105,12.1993683224633
"480",1315,"Hunan","mri-esm2-0","ssp126",NA,6.49910208051422,4.28095016479495
"481",1316,"Hunan","mri-esm2-0","ssp126",NA,3.45255056297122,10.2864917089069
"482",1317,"Hunan","mri-esm2-0","ssp126",NA,5.83317474428051,12.7347506689647
"483",1318,"Hunan","mri-esm2-0","ssp126",NA,3.3263880310577,14.8732958717952
"484",1319,"Hunan","mri-esm2-0","ssp126",NA,1.32250678346801,18.0023342435322
"485",1320,"Hunan","mri-esm2-0","ssp126",NA,8.95553873919457,16.8906811426557
"486",1321,"Hunan","mri-esm2-0","ssp126",NA,6.11482468868546,18.4547768971277
"487",1322,"Hunan","mri-esm2-0","ssp126",NA,7.73380311062023,19.8665912083217
"488",1323,"Hunan","mri-esm2-0","ssp126",NA,9.029920552179,22.6530640132844
"489",1324,"Hunan","mri-esm2-0","ssp126",NA,8.85155351279536,20.946970391652
"490",1325,"Hunan","mri-esm2-0","ssp126",NA,8.12359812316572,21.4071167355492
"491",1326,"Hunan","mri-esm2-0","ssp126",NA,8.19110496136091,24.4063005114359
"492",1327,"Hunan","mri-esm2-0","ssp126",NA,9.27801988799989,24.5159717257061
"493",1328,"Hunan","mri-esm2-0","ssp126",NA,2.93756615296843,28.182689497206
"494",1329,"Hunan","mri-esm2-0","ssp126",NA,4.30696109829764,27.3073259505015
"495",1330,"Hunan","mri-esm2-0","ssp126",NA,15.3438407187618,26.6217854333303
"496",1331,"Hunan","mri-esm2-0","ssp126",NA,7.46046758643258,27.4969010247125
"497",1332,"Hunan","mri-esm2-0","ssp126",NA,10.0891066853754,26.3770871359205
"498",1333,"Hunan","mri-esm2-0","ssp126",NA,1.65737561839835,29.7391564626543
"499",1334,"Hunan","mri-esm2-0","ssp126",NA,3.95228700936059,28.9824788048154
"500",1335,"Hunan","mri-esm2-0","ssp126",NA,3.18135269994205,29.6270839267307
"501",1336,"Hunan","mri-esm2-0","ssp126",NA,1.64352216878407,31.3971250745985
"502",1337,"Hunan","mri-esm2-0","ssp126",NA,5.25477040641817,27.0823265681191
"503",1338,"Hunan","mri-esm2-0","ssp126",NA,4.82607814126693,28.585824584961
"504",1339,"Hunan","mri-esm2-0","ssp126",NA,18.7686265945363,27.1389519948808
"505",1340,"Hunan","mri-esm2-0","ssp126",NA,0.956393932340559,27.5392616635277
"506",1341,"Hunan","mri-esm2-0","ssp126",NA,1.23066594915794,27.2480794028631
"507",1342,"Hunan","mri-esm2-0","ssp126",NA,10.9887902354265,25.5450118049743
"508",1343,"Hunan","mri-esm2-0","ssp126",NA,0.00483458087338866,23.6967541043721
"509",1344,"Hunan","mri-esm2-0","ssp126",NA,0.00601623087927043,23.4394327315073
"510",1345,"Hunan","mri-esm2-0","ssp126",NA,0.0639501547409184,21.2336486453102
"511",1346,"Hunan","mri-esm2-0","ssp126",NA,0.973032269868262,23.8110033792163
"512",1347,"Hunan","mri-esm2-0","ssp126",NA,0.0646189476680904,20.3324476090689
"513",1348,"Hunan","mri-esm2-0","ssp126",NA,0.921813809990064,21.7332695370629
"514",1349,"Hunan","mri-esm2-0","ssp126",NA,0.384929559459124,16.7775730678014
"515",1350,"Hunan","mri-esm2-0","ssp126",NA,0.160305430647765,18.7301379733616
"516",1351,"Hunan","mri-esm2-0","ssp126",NA,1.15357164872226,20.325081913055
"517",1352,"Hunan","mri-esm2-0","ssp126",NA,3.45793338051408,13.987629614936
"518",1353,"Hunan","mri-esm2-0","ssp126",NA,2.11073870726588,11.735807158455
"519",1354,"Hunan","mri-esm2-0","ssp126",NA,6.67759363627738,8.37733109489322
"520",1355,"Hunan","mri-esm2-0","ssp126",NA,0.0271894952675211,8.89217771499878
"521",1356,"Hunan","mri-esm2-0","ssp126",NA,2.73725433745702,11.4235879928347
"522",1357,"Hunan","mri-esm2-0","ssp126",NA,0.506564496143775,10.3228107755147
"523",1358,"Hunan","mri-esm2-0","ssp126",NA,2.24683666957779,11.6481466868567
"524",1359,"Hunan","mri-esm2-0","ssp126",NA,1.58611876455065,8.93055538601348
"525",1360,"Hunan","mri-esm2-0","ssp126",NA,5.4585892648447,5.3608841184586
"526",1361,"Hunan","mri-esm2-0","ssp126",NA,1.85054080397354,6.68626574561712
"527",1362,"Hunan","mri-esm2-0","ssp126",NA,2.35576852725379,2.84854169573105
"528",1363,"Hunan","mri-esm2-0","ssp126",NA,5.66637423804163,5.96696146404935
"529",1364,"Hunan","mri-esm2-0","ssp126",NA,2.11137559967288,6.12883220854262
"530",1365,"Hunan","mri-esm2-0","ssp126",NA,9.2162753541548,6.58998266553124
"531",1366,"Hunan","mri-esm2-0","ssp126",NA,4.36803506965719,10.3675276862251
"532",1367,"Hunan","mri-esm2-0","ssp126",NA,2.68559984940891,11.2365850539435
"533",1368,"Hunan","mri-esm2-0","ssp126",NA,3.56281759329379,8.45933382548986
"534",1369,"Hunan","mri-esm2-0","ssp126",NA,6.49345436091997,6.92080362713528
"535",1370,"Hunan","mri-esm2-0","ssp126",NA,0.658818695605337,11.6929676843068
"536",1371,"Hunan","mri-esm2-0","ssp126",NA,6.7518100704027,12.0718546186175
"537",1372,"Hunan","mri-esm2-0","ssp126",NA,5.95262052050722,12.1506390768384
"538",1373,"Hunan","mri-esm2-0","ssp126",NA,1.79975944496878,14.6805375235421
"539",1374,"Hunan","mri-esm2-0","ssp126",NA,7.03303208594791,19.3436442905002
"540",1375,"Hunan","mri-esm2-0","ssp126",NA,5.86902885504839,20.6919619363452
"541",1376,"Hunan","mri-esm2-0","ssp126",NA,5.26500007498336,18.9896350557842
"542",1377,"Hunan","mri-esm2-0","ssp126",NA,7.96314765314361,20.0317563980345
"543",1378,"Hunan","mri-esm2-0","ssp126",NA,3.26117307299033,22.0452069600423
"544",1379,"Hunan","mri-esm2-0","ssp126",NA,11.8354947401453,22.3567681812105
"545",1380,"Hunan","mri-esm2-0","ssp126",NA,16.6868504847571,24.0080463591076
"546",1381,"Hunan","mri-esm2-0","ssp126",NA,17.2850701882518,26.5953232417031
"547",1382,"Hunan","mri-esm2-0","ssp126",NA,1.25605014474916,25.8446086217487
"548",1383,"Hunan","mri-esm2-0","ssp126",NA,11.0395829185563,28.4031980726454
"549",1384,"Hunan","mri-esm2-0","ssp126",NA,6.54986056837125,30.1936222984677
"550",1385,"Hunan","mri-esm2-0","ssp126",NA,1.77956607384268,30.7452252221486
"551",1386,"Hunan","mri-esm2-0","ssp126",NA,15.4210655411069,27.6106749761672
"552",1387,"Hunan","mri-esm2-0","ssp126",NA,9.95359913845277,28.2669923086015
"553",1388,"Hunan","mri-esm2-0","ssp126",NA,7.0927220566838,27.1223437112475
"554",1389,"Hunan","mri-esm2-0","ssp126",NA,12.1236722930462,27.4423349289667
"555",1390,"Hunan","mri-esm2-0","ssp126",NA,2.52868983220001,29.2501464238243
"556",1391,"Hunan","mri-esm2-0","ssp126",NA,2.35040258674936,29.2398959084163
"557",1392,"Hunan","mri-esm2-0","ssp126",NA,9.93242265862396,26.1664758228121
"558",1393,"Hunan","mri-esm2-0","ssp126",NA,11.5304377128398,26.3844920082698
"559",1394,"Hunan","mri-esm2-0","ssp126",NA,10.4168954767049,23.844072263203
"560",1395,"Hunan","mri-esm2-0","ssp126",NA,3.98270880347939,24.994096071758
"561",1396,"Hunan","mri-esm2-0","ssp126",NA,1.08307882583176,25.1927882118831
"562",1397,"Hunan","mri-esm2-0","ssp126",NA,2.57802738897226,24.8105375622946
"563",1398,"Hunan","mri-esm2-0","ssp126",NA,2.22518102788984,19.1367827037024
"564",1399,"Hunan","mri-esm2-0","ssp126",NA,0.00607585197940352,21.3965954371861
"565",1400,"Hunan","mri-esm2-0","ssp126",NA,2.07675622764977,16.2794758145772
"566",1401,"Hunan","mri-esm2-0","ssp126",NA,0.00628587275579256,15.3586963593014
"567",1402,"Hunan","mri-esm2-0","ssp126",NA,0.082953083087237,18.0268699524895
"568",1403,"Hunan","mri-esm2-0","ssp126",NA,0.851417703285863,12.511793723939
"569",1404,"Hunan","mri-esm2-0","ssp126",NA,0.0885428690708067,11.2372013394795
"570",1405,"Hunan","mri-esm2-0","ssp126",NA,0.462438179329183,9.17971506270154
"571",1406,"Hunan","mri-esm2-0","ssp126",NA,0.0811237383719085,10.0956385900104
"572",1407,"Hunan","mri-esm2-0","ssp126",NA,0.00213922364439765,7.04223912556968
"573",1408,"Hunan","mri-esm2-0","ssp126",NA,0.0020268921486734,9.21212479122103
"574",1409,"Hunan","mri-esm2-0","ssp126",NA,1.90302720390199,7.79890945676776
"575",1410,"Hunan","mri-esm2-0","ssp126",NA,0.253764687152268,10.8397225395082
"576",1411,"Hunan","mri-esm2-0","ssp126",NA,1.34471372090437,12.8650550357879
"577",1412,"Hunan","mri-esm2-0","ssp126",NA,0.435654666437456,6.09223394242546
"578",1413,"Hunan","mri-esm2-0","ssp126",NA,2.74032342176075,8.78880795675613
"579",1414,"Hunan","mri-esm2-0","ssp126",NA,1.98225854289506,10.9941314333961
"580",1415,"Hunan","mri-esm2-0","ssp126",NA,0.267976548723579,7.53746833195764
"581",1416,"Hunan","mri-esm2-0","ssp126",NA,3.69198085326648,13.8313808865018
"582",1417,"Hunan","mri-esm2-0","ssp126",NA,1.30719433263948,13.2178652445476
"583",1418,"Hunan","mri-esm2-0","ssp126",NA,5.25456943043017,9.9605154128302
"584",1419,"Hunan","mri-esm2-0","ssp126",NA,5.05196277044888,2.80392669193331
"585",1420,"Hunan","mri-esm2-0","ssp126",NA,3.75763661485767,6.93853754921567
"586",1421,"Hunan","mri-esm2-0","ssp126",NA,2.85503688603837,7.02698076036244
"587",1422,"Hunan","mri-esm2-0","ssp126",NA,3.29406719744319,15.4361978682261
"588",1423,"Hunan","mri-esm2-0","ssp126",NA,7.85348236097109,13.8505798945351
"589",1424,"Hunan","mri-esm2-0","ssp126",NA,12.3807569717298,16.2110004243397
"590",1425,"Hunan","mri-esm2-0","ssp126",NA,8.69815745515033,17.8780093238467
"591",1426,"Hunan","mri-esm2-0","ssp126",NA,10.6851982996042,24.0752397083101
"592",1427,"Hunan","mri-esm2-0","ssp126",NA,5.74550041049926,23.6159247867645
"593",1428,"Hunan","mri-esm2-0","ssp126",NA,8.18415575638808,20.0063219948421
"594",1429,"Hunan","mri-esm2-0","ssp126",NA,10.683920491309,24.1231101626442
"595",1430,"Hunan","mri-esm2-0","ssp126",NA,8.41433319146745,25.3613981337775
"596",1431,"Hunan","mri-esm2-0","ssp126",NA,2.88630630592317,25.4276805574932
"597",1432,"Hunan","mri-esm2-0","ssp126",NA,1.01306539453877,26.0883144318112
"598",1433,"Hunan","mri-esm2-0","ssp126",NA,8.83244674758186,25.3541519043938
"599",1434,"Hunan","mri-esm2-0","ssp126",NA,2.06116415333132,24.6415298219711
"600",1435,"Hunan","mri-esm2-0","ssp126",NA,6.87427634660968,27.1515876648918
"601",1436,"Hunan","mri-esm2-0","ssp126",NA,0.0553966796945003,30.2378787812733
"602",1437,"Hunan","mri-esm2-0","ssp126",NA,3.12804749386097,29.7428498767671
"603",1438,"Hunan","mri-esm2-0","ssp126",NA,2.19354847308101,29.3984817747086
"604",1439,"Hunan","mri-esm2-0","ssp126",NA,1.18601213425791,31.9740637037489
"605",1440,"Hunan","mri-esm2-0","ssp126",NA,14.1062510383043,27.7792179894826
"606",1441,"Hunan","mri-esm2-0","ssp126",NA,11.8136223376821,25.8111067998977
"607",1442,"Hunan","mri-esm2-0","ssp126",NA,17.1817693195927,25.9199887956892
"608",1443,"Hunan","mri-esm2-0","ssp126",NA,4.38249877787322,28.3980636717781
"609",1444,"Hunan","mri-esm2-0","ssp126",NA,8.51124333248663,29.6602611360096
"610",1445,"Hunan","mri-esm2-0","ssp126",NA,3.14700418798566,28.6617043631418
"611",1446,"Hunan","mri-esm2-0","ssp126",NA,5.21140157346573,26.1309847877139
"612",1447,"Hunan","mri-esm2-0","ssp126",NA,3.56671628562383,23.5194027128674
"613",1448,"Hunan","mri-esm2-0","ssp126",NA,1.57375246155555,23.0613806709411
"614",1449,"Hunan","mri-esm2-0","ssp126",NA,3.93942946959994,21.8817264738537
"615",1450,"Hunan","mri-esm2-0","ssp126",NA,0.0921001890804161,17.6964738149492
"616",1451,"Hunan","mri-esm2-0","ssp126",NA,0.314463553961884,21.2719434223478
"617",1452,"Hunan","mri-esm2-0","ssp126",NA,5.45304809746605,23.5523333594913
"618",1453,"Hunan","mri-esm2-0","ssp126",NA,1.62852366737362,18.1421620323545
"619",1454,"Hunan","mri-esm2-0","ssp126",NA,0.00468510819960751,14.6075291830396
"620",1455,"Hunan","mri-esm2-0","ssp126",NA,0.618736616901775,14.5027291555254
"621",1456,"Hunan","mri-esm2-0","ssp126",NA,0.0222112751219226,15.4403990609305
"622",1457,"Hunan","mri-esm2-0","ssp126",NA,0.366907752641055,8.32472726731076
"623",1458,"Hunan","mri-esm2-0","ssp126",NA,0.430678077009361,10.223904394725
"624",1459,"Hunan","mri-esm2-0","ssp126",NA,0.164275271182695,10.1360876416403
"625",1460,"Hunan","mri-esm2-0","ssp126",NA,0.791651804060426,12.189466761029
"626",1461,"Hunan","mri-esm2-0","ssp126",NA,0.503161809034022,6.12900253780307
"627",1462,"Hunan","mri-esm2-0","ssp126",NA,0.00471298013248348,6.75848226395867
"628",1463,"Hunan","mri-esm2-0","ssp126",NA,0.00765667151167041,6.97915923103456
"629",1464,"Hunan","mri-esm2-0","ssp126",NA,0.231875274675986,8.40005912175257
"630",1465,"Hunan","mri-esm2-0","ssp126",NA,0.0245124085137961,6.76296804518929
"631",1466,"Hunan","mri-esm2-0","ssp126",NA,0.00335203432249338,6.51946780492391
"632",1467,"Hunan","mri-esm2-0","ssp126",NA,3.37126473486933,9.87753418210955
"633",1468,"Hunan","mri-esm2-0","ssp126",NA,2.28908243366277,8.0102969699436
"634",1469,"Hunan","mri-esm2-0","ssp126",NA,5.04681253296439,10.2608537340921
"635",1470,"Hunan","mri-esm2-0","ssp126",NA,4.73473844856796,8.1686473543682
"636",1471,"Hunan","mri-esm2-0","ssp126",NA,2.66050978118853,8.37068449958925
"637",1472,"Hunan","mri-esm2-0","ssp126",NA,0.0170276675752185,15.4690261235313
"638",1473,"Hunan","mri-esm2-0","ssp126",NA,2.72826548964206,14.220169563899
"639",1474,"Hunan","mri-esm2-0","ssp126",NA,8.16476761471157,13.7023003714426
"640",1475,"Hunan","mri-esm2-0","ssp126",NA,3.34563908862557,16.0493831452869
"641",1476,"Hunan","mri-esm2-0","ssp126",NA,7.91012129930745,15.0011322505891
"642",1477,"Hunan","mri-esm2-0","ssp126",NA,6.94646933208917,16.5733516753666
"643",1478,"Hunan","mri-esm2-0","ssp126",NA,11.2514367835307,20.6478577386765
"644",1479,"Hunan","mri-esm2-0","ssp126",NA,4.0946345771837,21.6030208769299
"645",1480,"Hunan","mri-esm2-0","ssp126",NA,7.29127384434573,22.3429069034637
"646",1481,"Hunan","mri-esm2-0","ssp126",NA,11.8819318476653,20.9286418006534
"647",1482,"Hunan","mri-esm2-0","ssp126",NA,9.5466965671676,24.0508904956636
"648",1483,"Hunan","mri-esm2-0","ssp126",NA,11.4016580243125,24.4701485527887
"649",1484,"Hunan","mri-esm2-0","ssp126",NA,13.8624013411312,25.7894889710442
"650",1485,"Hunan","mri-esm2-0","ssp126",NA,3.84722006586864,26.8634913126628
"651",1486,"Hunan","mri-esm2-0","ssp126",NA,11.5760368892487,27.7069633847191
"652",1487,"Hunan","mri-esm2-0","ssp126",NA,15.8410888645904,27.9194179232159
"653",1488,"Hunan","mri-esm2-0","ssp126",NA,3.29710111710223,28.3482876853338
"654",1489,"Hunan","mri-esm2-0","ssp126",NA,8.92733708384575,29.2510084243048
"655",1490,"Hunan","mri-esm2-0","ssp126",NA,0.846160588447934,29.2415083143446
"656",1491,"Hunan","mri-esm2-0","ssp126",NA,6.85667791147872,26.9596432398236
"657",1492,"Hunan","mri-esm2-0","ssp126",NA,8.66799358087259,27.8562266153003
"658",1493,"Hunan","mri-esm2-0","ssp126",NA,2.11796162286971,30.209181782556
"659",1494,"Hunan","mri-esm2-0","ssp126",NA,2.63262116725725,30.1211512853229
"660",1495,"Hunan","mri-esm2-0","ssp126",NA,6.7783041272248,26.98391416035
"661",1496,"Hunan","mri-esm2-0","ssp126",NA,4.92465650753989,28.4458583771237
"662",1497,"Hunan","mri-esm2-0","ssp126",NA,1.17767168560801,30.5564749097067
"663",1498,"Hunan","mri-esm2-0","ssp126",NA,2.60346572084537,29.8996753510975
"664",1499,"Hunan","mri-esm2-0","ssp126",NA,1.19815469837964,25.9571401323591
"665",1500,"Hunan","mri-esm2-0","ssp126",NA,0.133862538710413,22.5739767407614
"666",1501,"Hunan","mri-esm2-0","ssp126",NA,0.571308465292272,22.6490855262393
"667",1502,"Hunan","mri-esm2-0","ssp126",NA,2.46180454995348,22.6553759014796
"668",1503,"Hunan","mri-esm2-0","ssp126",NA,2.00089264826602,17.1152603028313
"669",1504,"Hunan","mri-esm2-0","ssp126",NA,0.0115544869848756,18.7350443401034
"670",1505,"Hunan","mri-esm2-0","ssp126",NA,0.0442315953153281,17.1523984999884
"671",1506,"Hunan","mri-esm2-0","ssp126",NA,0.611582804328594,15.3409759400383
"672",1507,"Hunan","mri-esm2-0","ssp126",NA,0.643360916748342,15.1490048120893
"673",1508,"Hunan","mri-esm2-0","ssp126",NA,1.22084245140936,13.1243058583093
"674",1509,"Hunan","mri-esm2-0","ssp126",NA,0.00392399344621351,12.3547814505441
"675",1510,"Hunan","mri-esm2-0","ssp126",NA,1.01717964231674,15.398688979376
"676",1511,"Hunan","mri-esm2-0","ssp126",NA,0.118930578439956,11.0369092063299
"677",1512,"Hunan","mri-esm2-0","ssp126",NA,0.104806685047671,10.4551240951296
"678",1513,"Hunan","mri-esm2-0","ssp126",NA,0.567837965374045,13.2872032407731
"679",1514,"Hunan","mri-esm2-0","ssp126",NA,3.91609750521898,9.32361961243647
"680",1515,"Hunan","mri-esm2-0","ssp126",NA,0.909621405584663,11.0153740292504
"681",1516,"Hunan","mri-esm2-0","ssp126",NA,3.46598439283688,10.7856425451854
"682",1517,"Hunan","mri-esm2-0","ssp126",NA,1.90799410964766,5.96652295551605
"683",1518,"Hunan","mri-esm2-0","ssp126",NA,2.28996003239185,9.25542003086638
"684",1519,"Hunan","mri-esm2-0","ssp126",NA,2.97790092705067,5.70706159803605
"685",1520,"Hunan","mri-esm2-0","ssp126",NA,2.67572383190782,8.53680518014093
"686",1521,"Hunan","mri-esm2-0","ssp126",NA,0.390714840451827,8.75288894895525
"687",1522,"Hunan","mri-esm2-0","ssp126",NA,3.35143045443017,7.97865066528323
"688",1523,"Hunan","mri-esm2-0","ssp126",NA,3.788143461283,11.0024755689833
"689",1524,"Hunan","mri-esm2-0","ssp126",NA,5.77923160820839,12.0455060807486
"690",1525,"Hunan","mri-esm2-0","ssp126",NA,5.17411950147886,11.3417482648577
"691",1526,"Hunan","mri-esm2-0","ssp126",NA,4.79884180416385,15.0797389318073
"692",1527,"Hunan","mri-esm2-0","ssp126",NA,8.18515772333999,12.1490252176921
"693",1528,"Hunan","mri-esm2-0","ssp126",NA,1.92880736250507,15.1750801449731
"694",1529,"Hunan","mri-esm2-0","ssp126",NA,3.08260468369943,15.4776680477082
"695",1530,"Hunan","mri-esm2-0","ssp126",NA,4.82076855962857,19.9498161558121
"696",1531,"Hunan","mri-esm2-0","ssp126",NA,3.74389409737757,20.2539096529522
"697",1532,"Hunan","mri-esm2-0","ssp126",NA,12.4401706089819,23.8344784812322
"698",1533,"Hunan","mri-esm2-0","ssp126",NA,8.71600327152789,18.1484847416954
"699",1534,"Hunan","mri-esm2-0","ssp126",NA,10.0576492628209,25.249045792837
"700",1535,"Hunan","mri-esm2-0","ssp126",NA,15.5847200506806,23.5189157031831
"701",1536,"Hunan","mri-esm2-0","ssp126",NA,10.5552263353599,26.5681708926247
"702",1537,"Hunan","mri-esm2-0","ssp126",NA,7.81559846535467,25.252574811663
"703",1538,"Hunan","mri-esm2-0","ssp126",NA,3.46696790059988,27.0046375940717
"704",1539,"Hunan","mri-esm2-0","ssp126",NA,2.81033717624268,26.3540587773399
"705",1540,"Hunan","mri-esm2-0","ssp126",NA,5.80307381149266,26.9120874677386
"706",1541,"Hunan","mri-esm2-0","ssp126",NA,16.8933970169681,25.7061495220851
"707",1542,"Hunan","mri-esm2-0","ssp126",NA,5.06618301760682,29.8585373530312
"708",1543,"Hunan","mri-esm2-0","ssp126",NA,5.42967545889042,30.4057917640323
"709",1544,"Hunan","mri-esm2-0","ssp126",NA,5.26609043394534,30.8467393420992
"710",1545,"Hunan","mri-esm2-0","ssp126",NA,5.72657662629743,28.8230623033312
"711",1546,"Hunan","mri-esm2-0","ssp126",NA,11.6117107778921,25.4330158051991
"712",1547,"Hunan","mri-esm2-0","ssp126",NA,2.98465191094692,25.7700463067918
"713",1548,"Hunan","mri-esm2-0","ssp126",NA,1.18651321087262,27.3436772301084
"714",1549,"Hunan","mri-esm2-0","ssp126",NA,1.99649060803365,25.3307387457954
"715",1550,"Hunan","mri-esm2-0","ssp126",NA,12.0748322426672,27.4215127369714
"716",1551,"Hunan","mri-esm2-0","ssp126",NA,3.96526134161052,24.76593975491
"717",1552,"Hunan","mri-esm2-0","ssp126",NA,7.14130541613096,23.3325043451219
"718",1553,"Hunan","mri-esm2-0","ssp126",NA,0.00567151739362868,21.5549800933354
"719",1554,"Hunan","mri-esm2-0","ssp126",NA,0.00670317678148942,19.2806010897198
"720",1555,"Hunan","mri-esm2-0","ssp126",NA,0.0176372167126309,19.9080058022151
"721",1556,"Hunan","mri-esm2-0","ssp126",NA,0.145945347354167,22.9532121446398
"722",1557,"Hunan","mri-esm2-0","ssp126",NA,1.74084308717803,20.9215246049185
"723",1558,"Hunan","mri-esm2-0","ssp126",NA,0.010636483070162,13.7673964848594
"724",1559,"Hunan","mri-esm2-0","ssp126",NA,0.00299124258162919,14.4123486836752
"725",1560,"Hunan","mri-esm2-0","ssp126",NA,0.00638659492194295,17.3594527592735
"726",1561,"Hunan","mri-esm2-0","ssp126",NA,0.917145177137562,10.1565073527987
"727",1562,"Hunan","mri-esm2-0","ssp126",NA,1.59589810655884,12.4679485623799
"728",1563,"Hunan","mri-esm2-0","ssp126",NA,13.2697597220483,7.53221264793762
"729",1564,"Hunan","mri-esm2-0","ssp126",NA,1.21785203715652,9.15261430286228
"730",1565,"Hunan","mri-esm2-0","ssp126",NA,0.11971611741371,7.74788436889651
"731",1566,"Hunan","mri-esm2-0","ssp126",NA,1.50956429876845,12.3559977334643
"732",1567,"Hunan","mri-esm2-0","ssp126",NA,0.270215854743583,9.81052315121608
"733",1568,"Hunan","mri-esm2-0","ssp126",NA,3.59224099806852,6.50649056813076
"734",1569,"Hunan","mri-esm2-0","ssp126",NA,0.167588330454497,7.2531068711054
"735",1570,"Hunan","mri-esm2-0","ssp126",NA,0.659334547877473,8.11781820872476
"736",1571,"Hunan","mri-esm2-0","ssp126",NA,2.19172830987061,11.1355764722067
"737",1572,"Hunan","mri-esm2-0","ssp126",NA,1.97020002836195,9.12791892157663
"738",1573,"Hunan","mri-esm2-0","ssp126",NA,5.78575204100551,6.33858872670978
"739",1574,"Hunan","mri-esm2-0","ssp126",NA,1.48081252341399,7.78424963572671
"740",1575,"Hunan","mri-esm2-0","ssp126",NA,5.82463396808635,12.8009935530405
"741",1576,"Hunan","mri-esm2-0","ssp126",NA,8.22081902763005,9.18823558262419
"742",1577,"Hunan","mri-esm2-0","ssp126",NA,4.5837845434627,11.1152868240599
"743",1578,"Hunan","mri-esm2-0","ssp126",NA,5.07809977910776,12.7989984058199
"744",1579,"Hunan","mri-esm2-0","ssp126",NA,4.95784714339607,10.2641164507185
"745",1580,"Hunan","mri-esm2-0","ssp126",NA,11.1032040025228,14.3636696346223
"746",1581,"Hunan","mri-esm2-0","ssp126",NA,3.85775698986695,16.2245133536203
"747",1582,"Hunan","mri-esm2-0","ssp126",NA,0.958084725003313,21.0885316273523
"748",1583,"Hunan","mri-esm2-0","ssp126",NA,9.92450782821704,24.2060794043163
"749",1584,"Hunan","mri-esm2-0","ssp126",NA,11.0822070085565,23.0657650902158
"750",1585,"Hunan","mri-esm2-0","ssp126",NA,13.3704593657902,22.4244832962279
"751",1586,"Hunan","mri-esm2-0","ssp126",NA,11.0508319827139,24.3540109422472
"752",1587,"Hunan","mri-esm2-0","ssp126",NA,7.751843272633,25.430081273639
"753",1588,"Hunan","mri-esm2-0","ssp126",NA,10.2289403568843,24.7614790416899
"754",1589,"Hunan","mri-esm2-0","ssp126",NA,4.55567222897376,24.7642007979136
"755",1590,"Hunan","mri-esm2-0","ssp126",NA,5.77508445676358,25.7992888072181
"756",1591,"Hunan","mri-esm2-0","ssp126",NA,1.26037702576858,28.1601987081861
"757",1592,"Hunan","mri-esm2-0","ssp126",NA,10.5785142121152,28.259287588937
"758",1593,"Hunan","mri-esm2-0","ssp126",NA,1.49415226600727,30.5334919641889
"759",1594,"Hunan","mri-esm2-0","ssp126",NA,4.12388925127353,28.1177376762269
"760",1595,"Hunan","mri-esm2-0","ssp126",NA,2.81801242608058,30.2249759008014
"761",1596,"Hunan","mri-esm2-0","ssp126",NA,0.547071982919079,29.801109326075
"762",1597,"Hunan","mri-esm2-0","ssp126",NA,2.32133718701724,30.7849953787668
"763",1598,"Hunan","mri-esm2-0","ssp126",NA,5.87987701717014,27.4758998446995
"764",1599,"Hunan","mri-esm2-0","ssp126",NA,10.3109610564973,26.1573484632704
"765",1600,"Hunan","mri-esm2-0","ssp126",NA,6.72796722003893,29.3210911947584
"766",1601,"Hunan","mri-esm2-0","ssp126",NA,1.89023924911973,27.4255726042248
"767",1602,"Hunan","mri-esm2-0","ssp126",NA,1.36214249747094,25.1796961708675
"768",1603,"Hunan","mri-esm2-0","ssp126",NA,0.151326209918677,26.4487147376651
"769",1604,"Hunan","mri-esm2-0","ssp126",NA,1.55283665369227,23.4594615875729
"770",1605,"Hunan","mri-esm2-0","ssp126",NA,0.0283136686253524,24.1660451253255
"771",1606,"Hunan","mri-esm2-0","ssp126",NA,8.178132296702,22.1302131289528
"772",1607,"Hunan","mri-esm2-0","ssp126",NA,4.18776880894386,20.6824968852694
"773",1608,"Hunan","mri-esm2-0","ssp126",NA,0.923023532979122,24.2656421479725
"774",1609,"Hunan","mri-esm2-0","ssp126",NA,3.1228894949306,17.4352525499132
"775",1610,"Hunan","mri-esm2-0","ssp126",NA,7.85101030313464,17.368248240153
"776",1611,"Hunan","mri-esm2-0","ssp126",NA,7.42253779549174,17.428353881836
"777",1612,"Hunan","mri-esm2-0","ssp126",NA,6.28467909829331,19.5909442719959
"778",1613,"Hunan","mri-esm2-0","ssp126",NA,2.5162227986974,16.9717254154266
"779",1614,"Hunan","mri-esm2-0","ssp126",NA,0.00779544665679817,13.6013891553122
"780",1615,"Hunan","mri-esm2-0","ssp126",NA,0.744014990303705,13.1033674694243
"781",1616,"Hunan","mri-esm2-0","ssp126",NA,2.41124263296634,12.7475306919643
"782",1617,"Hunan","mri-esm2-0","ssp126",NA,2.04178930420572,9.34382442898223
"783",1618,"Hunan","mri-esm2-0","ssp126",NA,0.803194884734434,9.5518375093975
"784",1619,"Hunan","mri-esm2-0","ssp126",NA,1.19291105936879,10.4919090997605
"785",1620,"Hunan","mri-esm2-0","ssp126",NA,2.10219447160723,10.9648321969169
"786",1621,"Hunan","mri-esm2-0","ssp126",NA,3.82232805992706,7.44662622118755
"787",1622,"Hunan","mri-esm2-0","ssp126",NA,5.78104496026494,9.93836746215823
"788",1623,"Hunan","mri-esm2-0","ssp126",NA,0.219148302293044,7.44138052804132
"789",1624,"Hunan","mri-esm2-0","ssp126",NA,2.98731179571925,8.94347443353564
"790",1625,"Hunan","mri-esm2-0","ssp126",NA,2.61192282433253,5.77233833434092
"791",1626,"Hunan","mri-esm2-0","ssp126",NA,1.70547848873477,7.43881438724581
"792",1627,"Hunan","mri-esm2-0","ssp126",NA,0.221760310549663,9.29614186362617
"793",1628,"Hunan","mri-esm2-0","ssp126",NA,7.74902017085749,14.3623988560268
"794",1629,"Hunan","mri-esm2-0","ssp126",NA,5.2766017169753,7.51506806630939
"795",1630,"Hunan","mri-esm2-0","ssp126",NA,3.45283277078384,15.6051163567437
"796",1631,"Hunan","mri-esm2-0","ssp126",NA,1.60310355134763,12.6290617564368
"797",1632,"Hunan","mri-esm2-0","ssp126",NA,1.21465339437106,21.9186551048642
"798",1633,"Hunan","mri-esm2-0","ssp126",NA,14.4565155904015,18.1341888306633
"799",1634,"Hunan","mri-esm2-0","ssp126",NA,0.256303107744316,19.7878188602508
"800",1635,"Hunan","mri-esm2-0","ssp126",NA,4.88776770917606,21.3429392375644
"801",1636,"Hunan","mri-esm2-0","ssp126",NA,4.53315800881943,20.9443281385634
"802",1637,"Hunan","mri-esm2-0","ssp126",NA,5.21142068782215,25.111887020535
"803",1638,"Hunan","mri-esm2-0","ssp126",NA,3.08395111157681,24.6328214130705
"804",1639,"Hunan","mri-esm2-0","ssp126",NA,10.2834608751956,24.9545111398849
"805",1640,"Hunan","mri-esm2-0","ssp126",NA,12.5411727599905,24.5485136970641
"806",1641,"Hunan","mri-esm2-0","ssp126",NA,20.4905388766552,25.9295710124667
"807",1642,"Hunan","mri-esm2-0","ssp126",NA,10.587816334789,27.0001718551394
"808",1643,"Hunan","mri-esm2-0","ssp126",NA,3.39570542630879,26.8656420147608
"809",1644,"Hunan","mri-esm2-0","ssp126",NA,3.09987252265793,28.3934759230841
"810",1645,"Hunan","mri-esm2-0","ssp126",NA,11.8787352966527,27.0929850744823
"811",1646,"Hunan","mri-esm2-0","ssp126",NA,2.47153138125213,30.5122944180928
"812",1647,"Hunan","mri-esm2-0","ssp126",NA,5.81025391458882,28.737615082756
"813",1648,"Hunan","mri-esm2-0","ssp126",NA,13.2677708960728,29.1672655862475
"814",1649,"Hunan","mri-esm2-0","ssp126",NA,13.1453152554773,28.0978278023856
"815",1650,"Hunan","mri-esm2-0","ssp126",NA,3.462929611851,29.7635448516362
"816",1651,"Hunan","mri-esm2-0","ssp126",NA,4.44738088837896,29.34175813463
"817",1652,"Hunan","mri-esm2-0","ssp126",NA,1.4182233702026,30.5475204831078
"818",1653,"Hunan","mri-esm2-0","ssp126",NA,6.97938809793023,28.5011598617312
"819",1654,"Hunan","mri-esm2-0","ssp126",NA,0.0271108463818694,27.7021175687275
"820",1655,"Hunan","mri-esm2-0","ssp126",NA,0.0367074906534981,24.0672173999605
"821",1656,"Hunan","mri-esm2-0","ssp126",NA,0.130927361117626,23.5820245409769
"822",1657,"Hunan","mri-esm2-0","ssp126",NA,0.0242668597950667,22.9242807539683
"823",1658,"Hunan","mri-esm2-0","ssp126",NA,0.267693989599138,21.4413013882107
"824",1659,"Hunan","mri-esm2-0","ssp126",NA,0.0353037551381671,22.6543318854438
"825",1660,"Hunan","mri-esm2-0","ssp126",NA,0.942391802170408,20.3560751173232
"826",1661,"Hunan","mri-esm2-0","ssp126",NA,1.15494016523761,18.8051725236197
"827",1662,"Hunan","mri-esm2-0","ssp126",NA,2.83036587922132,21.6303694709899
"828",1663,"Hunan","mri-esm2-0","ssp126",NA,8.29384840699277,14.9728898063539
"829",1664,"Hunan","mri-esm2-0","ssp126",NA,0.0994502262204021,12.6849992661249
"830",1665,"Hunan","mri-esm2-0","ssp126",NA,0.121601002703236,12.044887494284
"831",1666,"Hunan","mri-esm2-0","ssp126",NA,0.00148878655506581,11.4706654139928
"832",1667,"Hunan","mri-esm2-0","ssp126",NA,0.00487073449611281,11.5307080828955
"833",1668,"Hunan","mri-esm2-0","ssp126",NA,3.28453722387556,11.1655080401708
"834",1669,"Hunan","mri-esm2-0","ssp126",NA,10.0836636056556,8.1633484371125
"835",1670,"Hunan","mri-esm2-0","ssp126",NA,2.36858420023834,9.69964582655167
"836",1671,"Hunan","mri-esm2-0","ssp126",NA,1.3658089904441,10.8020722041055
"837",1672,"Hunan","mri-esm2-0","ssp126",NA,3.78640229020155,7.67058764260915
"838",1673,"Hunan","mri-esm2-0","ssp126",NA,2.52185522209792,6.90572116185751
"839",1674,"Hunan","mri-esm2-0","ssp126",NA,0.00133498157473306,7.68797539605037
"840",1675,"Hunan","mri-esm2-0","ssp126",NA,7.39507397628845,13.2234482053727
"841",1676,"Hunan","mri-esm2-0","ssp126",NA,3.4704845062866,12.2785370357453
"842",1677,"Hunan","mri-esm2-0","ssp126",NA,1.98390944519815,5.07572623358835
"843",1678,"Hunan","mri-esm2-0","ssp126",NA,8.54772756397324,5.4081491863917
"844",1679,"Hunan","mri-esm2-0","ssp126",NA,6.93526979375747,5.61861596485927
"845",1680,"Hunan","mri-esm2-0","ssp126",NA,4.31567259886054,10.4464004879906
"846",1681,"Hunan","mri-esm2-0","ssp126",NA,5.06697088156086,8.78405672103642
"847",1682,"Hunan","mri-esm2-0","ssp126",NA,3.26783004472548,9.96362511771069
"848",1683,"Hunan","mri-esm2-0","ssp126",NA,0.517408514399774,13.9368774292961
"849",1684,"Hunan","mri-esm2-0","ssp126",NA,0.110897946803691,16.8989058721633
"850",1685,"Hunan","mri-esm2-0","ssp126",NA,5.24907692731956,19.4478290618412
"851",1686,"Hunan","mri-esm2-0","ssp126",NA,8.73555995729995,18.149684918116
"852",1687,"Hunan","mri-esm2-0","ssp126",NA,6.3897371987293,20.6616026378813
"853",1688,"Hunan","mri-esm2-0","ssp126",NA,5.32200933218649,20.9949899824839
"854",1689,"Hunan","mri-esm2-0","ssp126",NA,13.9542277201469,22.154264674111
"855",1690,"Hunan","mri-esm2-0","ssp126",NA,4.7202895603862,22.1271228608631
"856",1691,"Hunan","mri-esm2-0","ssp126",NA,4.94601243435032,23.538519977388
"857",1692,"Hunan","mri-esm2-0","ssp126",NA,14.8417256141719,24.3015649099199
"858",1693,"Hunan","mri-esm2-0","ssp126",NA,18.3319761968245,24.5812165517656
"859",1694,"Hunan","mri-esm2-0","ssp126",NA,13.1918680847905,24.0456589108422
"860",1695,"Hunan","mri-esm2-0","ssp126",NA,0.00165558826016162,23.7819866119869
"861",1696,"Hunan","mri-esm2-0","ssp126",NA,4.75843471281873,27.9529832022531
"862",1697,"Hunan","mri-esm2-0","ssp126",NA,1.2181542838919,27.3080997285389
"863",1698,"Hunan","mri-esm2-0","ssp126",NA,5.15928827561376,25.578455740308
"864",1699,"Hunan","mri-esm2-0","ssp126",NA,1.00101703536503,30.9828986637176
"865",1700,"Hunan","mri-esm2-0","ssp126",NA,0.930304568588067,30.2215102180602
"866",1701,"Hunan","mri-esm2-0","ssp126",NA,0.18561364834438,31.7382931300572
"867",1702,"Hunan","mri-esm2-0","ssp126",NA,2.33703704415607,30.6975703284854
"868",1703,"Hunan","mri-esm2-0","ssp126",NA,3.31895361077191,29.6125961909219
"869",1704,"Hunan","mri-esm2-0","ssp126",NA,8.38322490928606,28.6503928774879
"870",1705,"Hunan","mri-esm2-0","ssp126",NA,3.60898945286863,29.3404728238545
"871",1706,"Hunan","mri-esm2-0","ssp126",NA,9.89743203545004,28.0620534503271
"872",1707,"Hunan","mri-esm2-0","ssp126",NA,1.26424699384578,25.5192531525143
"873",1708,"Hunan","mri-esm2-0","ssp126",NA,0.178639405826938,24.8709610348656
"874",1709,"Hunan","mri-esm2-0","ssp126",NA,0.764244758472289,24.605800701323
"875",1710,"Hunan","mri-esm2-0","ssp126",NA,4.4380606208376,23.2203156123086
"876",1711,"Hunan","mri-esm2-0","ssp126",NA,3.32860592449963,22.2258899749272
"877",1712,"Hunan","mri-esm2-0","ssp126",NA,1.26673475759682,18.7921119084434
"878",1713,"Hunan","mri-esm2-0","ssp126",NA,0.0057308327476286,18.7492797003852
"879",1714,"Hunan","mri-esm2-0","ssp126",NA,4.69626228043905,19.7052216423883
"880",1715,"Hunan","mri-esm2-0","ssp126",NA,1.82318359818185,17.2182581583659
"881",1716,"Hunan","mri-esm2-0","ssp126",NA,13.382523637873,13.5317734733461
"882",1717,"Hunan","mri-esm2-0","ssp126",NA,6.24369699398812,13.7534714471726
"883",1718,"Hunan","mri-esm2-0","ssp126",NA,0.183169611708373,11.716033705454
"884",1719,"Hunan","mri-esm2-0","ssp126",NA,1.42968557605465,13.2762625679137
"885",1720,"Hunan","mri-esm2-0","ssp126",NA,0.281851788791495,11.3170344155932
"886",1721,"Hunan","mri-esm2-0","ssp126",NA,2.40432502931591,10.3715713864281
"887",1722,"Hunan","mri-esm2-0","ssp126",NA,0.0316554423664326,7.95888181413925
"888",1723,"Hunan","mri-esm2-0","ssp126",NA,0.0612478195502523,7.05855737110927
"889",1724,"Hunan","mri-esm2-0","ssp126",NA,0.291108968225931,6.08198706006249
"890",1725,"Hunan","mri-esm2-0","ssp126",NA,0.527004662379633,4.11896588764496
"891",1726,"Hunan","mri-esm2-0","ssp126",NA,0.0920475640668883,6.70309146699454
"892",1727,"Hunan","mri-esm2-0","ssp126",NA,1.45704987506698,8.28397988213435
"893",1728,"Hunan","mri-esm2-0","ssp126",NA,1.7706676304897,9.03071777101549
"894",1729,"Hunan","mri-esm2-0","ssp126",NA,5.29020592225606,12.4428206065345
"895",1730,"Hunan","mri-esm2-0","ssp126",NA,6.12764530819732,11.6435920594231
"896",1731,"Hunan","mri-esm2-0","ssp126",NA,4.18328247999073,8.05089988102991
"897",1732,"Hunan","mri-esm2-0","ssp126",NA,2.05509434059812,11.2615102858771
"898",1733,"Hunan","mri-esm2-0","ssp126",NA,1.63211906484061,15.1898263719347
"899",1734,"Hunan","mri-esm2-0","ssp126",NA,2.25975538493393,12.6422598823669
"900",1735,"Hunan","mri-esm2-0","ssp126",NA,5.65969280226974,10.7754982357934
"901",1736,"Hunan","mri-esm2-0","ssp126",NA,6.06050013497484,13.9418950277662
"902",1737,"Hunan","mri-esm2-0","ssp126",NA,10.7967109562586,18.2853631640238
"903",1738,"Hunan","mri-esm2-0","ssp126",NA,9.93741072906492,18.1557359967913
"904",1739,"Hunan","mri-esm2-0","ssp126",NA,4.69242450323171,16.9300784277538
"905",1740,"Hunan","mri-esm2-0","ssp126",NA,2.72960079929752,22.235618785071
"906",1741,"Hunan","mri-esm2-0","ssp126",NA,6.37079665742541,24.4689790755984
"907",1742,"Hunan","mri-esm2-0","ssp126",NA,13.2044361859244,21.444907427591
"908",1743,"Hunan","mri-esm2-0","ssp126",NA,14.3056037347248,24.686980971079
"909",1744,"Hunan","mri-esm2-0","ssp126",NA,11.9606264121752,25.4262260679215
"910",1745,"Hunan","mri-esm2-0","ssp126",NA,12.2987384764396,26.2421758863661
"911",1746,"Hunan","mri-esm2-0","ssp126",NA,4.86592126395148,27.0010552905855
"912",1747,"Hunan","mri-esm2-0","ssp126",NA,6.36549315184831,26.5736265757728
"913",1748,"Hunan","mri-esm2-0","ssp126",NA,0.496204016488783,28.035797312903
"914",1749,"Hunan","mri-esm2-0","ssp126",NA,1.24239300327125,27.9500980195545
"915",1750,"Hunan","mri-esm2-0","ssp126",NA,8.00342554037863,26.4224826388889
"916",1751,"Hunan","mri-esm2-0","ssp126",NA,1.17873224168891,28.0208767603314
"917",1752,"Hunan","mri-esm2-0","ssp126",NA,2.40954429532394,30.4308221726191
"918",1753,"Hunan","mri-esm2-0","ssp126",NA,6.41305754372427,30.4641533019051
"919",1754,"Hunan","mri-esm2-0","ssp126",NA,0.812593919207367,32.3253597804478
"920",1755,"Hunan","mri-esm2-0","ssp126",NA,0.374371523308322,30.8173815530444
"921",1756,"Hunan","mri-esm2-0","ssp126",NA,0.161187927142237,29.0048645382836
"922",1757,"Hunan","mri-esm2-0","ssp126",NA,7.36503499447281,28.3196056426518
"923",1758,"Hunan","mri-esm2-0","ssp126",NA,11.8202810028314,28.5680346534366
"924",1759,"Hunan","mri-esm2-0","ssp126",NA,5.2106473198754,29.363670906188
"925",1760,"Hunan","mri-esm2-0","ssp126",NA,1.55335086135113,26.3594725593688
"926",1761,"Hunan","mri-esm2-0","ssp126",NA,0.129818381109154,22.3470624409025
"927",1762,"Hunan","mri-esm2-0","ssp126",NA,0.236864987722843,23.4294229658823
"928",1763,"Hunan","mri-esm2-0","ssp126",NA,1.1152263283228,20.6668412465898
"929",1764,"Hunan","mri-esm2-0","ssp126",NA,2.96339135034681,19.4310751536536
"930",1765,"Hunan","mri-esm2-0","ssp126",NA,0.624259955917036,16.6484231010316
"931",1766,"Hunan","mri-esm2-0","ssp126",NA,1.86368574502142,21.371598331512
"932",1767,"Hunan","mri-esm2-0","ssp126",NA,5.14770021574285,19.0955022297208
"933",1768,"Hunan","mri-esm2-0","ssp126",NA,0.65886313278887,14.1255472697909
"934",1769,"Hunan","mri-esm2-0","ssp126",NA,0.00266984496712601,13.4343155270531
"935",1770,"Hunan","mri-esm2-0","ssp126",NA,2.91802216053319,12.2195725335015
"936",1771,"Hunan","mri-esm2-0","ssp126",NA,0.0690779198066593,11.9232808794294
"937",1772,"Hunan","mri-esm2-0","ssp126",NA,1.17058508271189,15.3098951793853
"938",1773,"Hunan","mri-esm2-0","ssp126",NA,6.48326545994158,8.33018058897959
"939",1774,"Hunan","mri-esm2-0","ssp126",NA,5.00663688136618,7.94422944084049
"940",1775,"Hunan","mri-esm2-0","ssp126",NA,0.683109849452584,6.45828411768355
"941",1776,"Hunan","mri-esm2-0","ssp126",NA,1.99691270715578,7.01448108733649
"942",1777,"Hunan","mri-esm2-0","ssp126",NA,0.00922089233037176,10.5794030567957
"943",1778,"Hunan","mri-esm2-0","ssp126",NA,0.548215245667702,13.1531493898422
"944",1779,"Hunan","mri-esm2-0","ssp126",NA,4.00417913340659,1.52761484781903
"945",1780,"Hunan","mri-esm2-0","ssp126",NA,0.198243936503267,9.37136672489229
"946",1781,"Hunan","mri-esm2-0","ssp126",NA,1.73450540430947,7.18332709660608
"947",1782,"Hunan","mri-esm2-0","ssp126",NA,2.33955002761702,9.12219511970643
"948",1783,"Hunan","mri-esm2-0","ssp126",NA,3.04673587944048,12.2921251690577
"949",1784,"Hunan","mri-esm2-0","ssp126",NA,1.23683995885975,16.370800454276
"950",1785,"Hunan","mri-esm2-0","ssp126",NA,3.47101878592184,15.2122813754612
"951",1786,"Hunan","mri-esm2-0","ssp126",NA,0.345937721847024,14.3401618352012
"952",1787,"Hunan","mri-esm2-0","ssp126",NA,3.02008974432023,14.7423602028499
"953",1788,"Hunan","mri-esm2-0","ssp126",NA,4.36378572508147,17.862451171875
"954",1789,"Hunan","mri-esm2-0","ssp126",NA,1.88193061473092,18.153511664981
"955",1790,"Hunan","mri-esm2-0","ssp126",NA,11.3428160137378,18.4891499231732
"956",1791,"Hunan","mri-esm2-0","ssp126",NA,11.7732582555488,23.1313891456241
"957",1792,"Hunan","mri-esm2-0","ssp126",NA,9.89931694601702,19.1942429436578
"958",1793,"Hunan","mri-esm2-0","ssp126",NA,4.98356587312238,20.2025311909025
"959",1794,"Hunan","mri-esm2-0","ssp126",NA,7.78641882323297,24.321421256898
"960",1795,"Hunan","mri-esm2-0","ssp126",NA,12.6027964492745,25.5420772128635
"961",1796,"Hunan","mri-esm2-0","ssp126",NA,12.3317420436056,24.0385587904189
"962",1797,"Hunan","mri-esm2-0","ssp126",NA,15.7512613064163,22.0088229224796
"963",1798,"Hunan","mri-esm2-0","ssp126",NA,11.1281413097393,23.4761358109732
"964",1799,"Hunan","mri-esm2-0","ssp126",NA,3.92751710616202,27.3885296533978
"965",1800,"Hunan","mri-esm2-0","ssp126",NA,3.30568786895518,28.4366348629906
"966",1801,"Hunan","mri-esm2-0","ssp126",NA,1.43220283586873,30.1998906332349
"967",1802,"Hunan","mri-esm2-0","ssp126",NA,8.62945011361132,29.7633704049247
"968",1803,"Hunan","mri-esm2-0","ssp126",NA,0.789856830410177,29.1294833713108
"969",1804,"Hunan","mri-esm2-0","ssp126",NA,6.04834735525271,27.9604950677781
"970",1805,"Hunan","mri-esm2-0","ssp126",NA,4.13254384711763,30.9228200276693
"971",1806,"Hunan","mri-esm2-0","ssp126",NA,28.3422518130724,27.3927183726477
"972",1807,"Hunan","mri-esm2-0","ssp126",NA,9.71757301313119,27.4407224624876
"973",1808,"Hunan","mri-esm2-0","ssp126",NA,14.4548018888794,27.8727281479609
"974",1809,"Hunan","mri-esm2-0","ssp126",NA,10.3464670557839,26.2152994065058
"975",1810,"Hunan","mri-esm2-0","ssp126",NA,3.28838339699879,28.456988149976
"976",1811,"Hunan","mri-esm2-0","ssp126",NA,6.61721857473562,26.8442558530777
"977",1812,"Hunan","mri-esm2-0","ssp126",NA,9.27658414629409,23.3757916526189
"978",1813,"Hunan","mri-esm2-0","ssp126",NA,3.29046427637617,24.762657298739
"979",1814,"Hunan","mri-esm2-0","ssp126",NA,0.305608037050271,24.485978819832
"980",1815,"Hunan","mri-esm2-0","ssp126",NA,0.0219714092898877,20.4338364495172
"981",1816,"Hunan","mri-esm2-0","ssp126",NA,0.00419654092443774,20.5485738845099
"982",1817,"Hunan","mri-esm2-0","ssp126",NA,0.032173763663325,19.2930166577536
"983",1818,"Hunan","mri-esm2-0","ssp126",NA,0.611842927927293,18.3350086636014
"984",1819,"Hunan","mri-esm2-0","ssp126",NA,3.86183734063447,20.476409560915
"985",1820,"Hunan","mri-esm2-0","ssp126",NA,4.6493991691997,15.8877806406173
"986",1821,"Hunan","mri-esm2-0","ssp126",NA,0.999293624922107,12.2601343306284
"987",1822,"Hunan","mri-esm2-0","ssp126",NA,11.9773788609499,14.6145700848292
"988",1823,"Hunan","mri-esm2-0","ssp126",NA,0.536119243965264,11.1290125286769
"989",1824,"Hunan","mri-esm2-0","ssp126",NA,0.125680430931295,11.2918256244962
"990",1825,"Hunan","mri-esm2-0","ssp126",NA,8.39971885870909,13.2832423134456
"991",1826,"Hunan","mri-esm2-0","ssp126",NA,3.90838299847798,8.58571958996003
"992",1827,"Hunan","mri-esm2-0","ssp126",NA,4.9452706197826,7.86306654914979
"993",1828,"Hunan","mri-esm2-0","ssp126",NA,4.44728195473415,7.91613443768216
"994",1829,"Hunan","mri-esm2-0","ssp126",NA,5.75850059084847,7.77115947178434
"995",1830,"Hunan","mri-esm2-0","ssp126",NA,0.881084208685934,4.45473681253102
"996",1831,"Hunan","mri-esm2-0","ssp126",NA,1.63272616044716,5.27420329744856
"997",1832,"Hunan","mri-esm2-0","ssp126",NA,0.39110996562418,4.49303861345566
"998",1833,"Hunan","mri-esm2-0","ssp126",NA,5.8256678811631,8.28838973272417
"999",1834,"Hunan","mri-esm2-0","ssp126",NA,0.412074621713795,10.0961207556346
"1000",1835,"Hunan","mri-esm2-0","ssp126",NA,1.55651330855367,12.9969458928184
"1001",1836,"Hunan","mri-esm2-0","ssp126",NA,7.4023091284224,8.18299346197221
"1002",1837,"Hunan","mri-esm2-0","ssp126",NA,0.000748536051885041,10.5210389757913
"1003",1838,"Hunan","mri-esm2-0","ssp126",NA,4.53070449317628,11.388939581977
"1004",1839,"Hunan","mri-esm2-0","ssp126",NA,9.04587687764433,12.0632225642129
"1005",1840,"Hunan","mri-esm2-0","ssp126",NA,4.75534883052465,14.8102581205822
"1006",1841,"Hunan","mri-esm2-0","ssp126",NA,3.89509434978988,16.0934932163784
"1007",1842,"Hunan","mri-esm2-0","ssp126",NA,8.51118130053692,15.6188781496078
"1008",1843,"Hunan","mri-esm2-0","ssp126",NA,16.7219243751073,20.2339882744683
"1009",1844,"Hunan","mri-esm2-0","ssp126",NA,2.39676926544884,22.672266351609
"1010",1845,"Hunan","mri-esm2-0","ssp126",NA,7.13288632874927,19.0820600237165
"1011",1846,"Hunan","mri-esm2-0","ssp126",NA,11.2150984576926,24.7995146615165
"1012",1847,"Hunan","mri-esm2-0","ssp126",NA,6.82718296232321,21.3201940748427
"1013",1848,"Hunan","mri-esm2-0","ssp126",NA,1.3259489380029,23.7442683991932
"1014",1849,"Hunan","mri-esm2-0","ssp126",NA,1.2047339242989,22.9302948361352
"1015",1850,"Hunan","mri-esm2-0","ssp126",NA,3.47072855533302,26.9810556805323
"1016",1851,"Hunan","mri-esm2-0","ssp126",NA,11.3972055795654,25.2662885877821
"1017",1852,"Hunan","mri-esm2-0","ssp126",NA,2.89873679225821,28.0579020303393
"1018",1853,"Hunan","mri-esm2-0","ssp126",NA,4.93781273531307,28.12671583872
"1019",1854,"Hunan","mri-esm2-0","ssp126",NA,12.6693237365544,27.9728406996954
"1020",1855,"Hunan","mri-esm2-0","ssp126",NA,4.88468894744593,28.4059918842619
"1021",1856,"Hunan","mri-esm2-0","ssp126",NA,1.90063456771635,31.5602241516113
"1022",1857,"Hunan","mri-esm2-0","ssp126",NA,1.66450645428995,29.5034259130085
"1023",1858,"Hunan","mri-esm2-0","ssp126",NA,1.93008243481277,29.0477137611026
"1024",1859,"Hunan","mri-esm2-0","ssp126",NA,7.46886852345077,27.8577411712162
"1025",1860,"Hunan","mri-esm2-0","ssp126",NA,5.79400978164293,27.9263242812384
"1026",1861,"Hunan","mri-esm2-0","ssp126",NA,1.69281394091091,26.6448066469223
"1027",1862,"Hunan","mri-esm2-0","ssp126",NA,0.0954679462146098,25.5500979468936
"1028",1863,"Hunan","mri-esm2-0","ssp126",NA,2.49049381158589,28.5608125232515
"1029",1864,"Hunan","mri-esm2-0","ssp126",NA,5.3831342227308,22.3878155178494
"1030",1865,"Hunan","mri-esm2-0","ssp126",NA,0.539891791790329,21.9998325892857
"1031",1866,"Hunan","mri-esm2-0","ssp126",NA,6.12658287513373,22.9588121807765
"1032",1867,"Hunan","mri-esm2-0","ssp126",NA,2.68886833959446,20.8415312509688
"1033",1868,"Hunan","mri-esm2-0","ssp126",NA,0.304328030863742,20.8730835808648
"1034",1869,"Hunan","mri-esm2-0","ssp126",NA,0.200173805667094,18.4644382537358
"1035",1870,"Hunan","mri-esm2-0","ssp126",NA,0.0412826456405518,18.3719877939376
"1036",1871,"Hunan","mri-esm2-0","ssp126",NA,0.196603677276081,15.3482938615103
"1037",1872,"Hunan","mri-esm2-0","ssp126",NA,0.0706536480460532,13.8542954702226
"1038",1873,"Hunan","mri-esm2-0","ssp126",NA,0.00312717924576386,14.4164234464131
"1039",1874,"Hunan","mri-esm2-0","ssp126",NA,2.8748565459929,17.7340685647632
"1040",1875,"Hunan","mri-esm2-0","ssp126",NA,1.73570044396131,9.14556044321214
"1041",1876,"Hunan","mri-esm2-0","ssp126",NA,0.00420687406403886,9.61959385947578
"1042",1877,"Hunan","mri-esm2-0","ssp126",NA,3.58607352446987,6.30959303114152
"1043",1878,"Hunan","mri-esm2-0","ssp126",NA,0.177375767758089,6.00654742528524
"1044",1879,"Hunan","mri-esm2-0","ssp126",NA,0.00234305925914669,7.33931043110199
"1045",1880,"Hunan","mri-esm2-0","ssp126",NA,2.11920334542291,11.4734175061423
"1046",1881,"Hunan","mri-esm2-0","ssp126",NA,0.953097735548778,4.96069385589117
"1047",1882,"Hunan","mri-esm2-0","ssp126",NA,0.0440614510418007,6.32508742317323
"1048",1883,"Hunan","mri-esm2-0","ssp126",NA,0.00239425766527087,10.151202380468
"1049",1884,"Hunan","mri-esm2-0","ssp126",NA,1.72837941664901,10.4438754006038
"1050",1885,"Hunan","mri-esm2-0","ssp126",NA,3.73394856802146,9.42274542914499
"1051",1886,"Hunan","mri-esm2-0","ssp126",NA,0.0662897273092052,10.4128381759402
"1052",1887,"Hunan","mri-esm2-0","ssp126",NA,0.219435051570015,13.8835904075986
"1053",1888,"Hunan","mri-esm2-0","ssp126",NA,2.57819319174035,10.8984619746133
"1054",1889,"Hunan","mri-esm2-0","ssp126",NA,2.53413922036998,12.6263418772864
"1055",1890,"Hunan","mri-esm2-0","ssp126",NA,1.18137152728325,14.5537587847029
"1056",1891,"Hunan","mri-esm2-0","ssp126",NA,5.32577659719859,10.6897532871792
"1057",1892,"Hunan","mri-esm2-0","ssp126",NA,3.9465443127548,10.2685286022368
"1058",1893,"Hunan","mri-esm2-0","ssp126",NA,2.33641122200814,20.4485308450366
"1059",1894,"Hunan","mri-esm2-0","ssp126",NA,3.66007991491902,17.7291659521678
"1060",1895,"Hunan","mri-esm2-0","ssp126",NA,6.45720991068239,18.6323719448514
"1061",1896,"Hunan","mri-esm2-0","ssp126",NA,7.46956567166178,19.0901639544775
"1062",1897,"Hunan","mri-esm2-0","ssp126",NA,4.34979330743772,21.1098786127
"1063",1898,"Hunan","mri-esm2-0","ssp126",NA,5.78380503569471,22.9891143798828
"1064",1899,"Hunan","mri-esm2-0","ssp126",NA,1.75409821287238,22.262408071851
"1065",1900,"Hunan","mri-esm2-0","ssp126",NA,2.33738618030007,24.3431894332644
"1066",1901,"Hunan","mri-esm2-0","ssp126",NA,6.8082097363718,23.4024222358825
"1067",1902,"Hunan","mri-esm2-0","ssp126",NA,3.21432450112167,26.3008153521826
"1068",1903,"Hunan","mri-esm2-0","ssp126",NA,4.70652612303379,27.055619993664
"1069",1904,"Hunan","mri-esm2-0","ssp126",NA,3.84497381275781,24.8078751458062
"1070",1905,"Hunan","mri-esm2-0","ssp126",NA,9.0931362797619,27.3640488034203
"1071",1906,"Hunan","mri-esm2-0","ssp126",NA,8.63368353282437,26.1968761746846
"1072",1907,"Hunan","mri-esm2-0","ssp126",NA,9.1438057020436,27.1835235837906
"1073",1908,"Hunan","mri-esm2-0","ssp126",NA,10.2345787019918,28.6433576674689
"1074",1909,"Hunan","mri-esm2-0","ssp126",NA,7.70327959251387,30.6452191791837
"1075",1910,"Hunan","mri-esm2-0","ssp126",NA,11.2977178977677,28.9787564474439
"1076",1911,"Hunan","mri-esm2-0","ssp126",NA,13.3348405743033,26.6261656746032
"1077",1912,"Hunan","mri-esm2-0","ssp126",NA,5.87931826656001,30.0730905805316
"1078",1913,"Hunan","mri-esm2-0","ssp126",NA,29.571767306496,26.4851569039481
"1079",1914,"Hunan","mri-esm2-0","ssp126",NA,0.628618498071124,26.6652398003472
"1080",1915,"Hunan","mri-esm2-0","ssp126",NA,0.0240078484239348,27.0349046737429
"1081",1916,"Hunan","mri-esm2-0","ssp126",NA,0.97948305101454,27.792318568154
"1082",1917,"Hunan","mri-esm2-0","ssp126",NA,4.81914180476061,22.5645009116521
"1083",1918,"Hunan","mri-esm2-0","ssp126",NA,0.0849302576170886,22.997949703156
"1084",1919,"Hunan","mri-esm2-0","ssp126",NA,0.00234506633205455,20.7084490579272
"1085",1920,"Hunan","mri-esm2-0","ssp126",NA,0.0197168073100329,21.2306964329311
"1086",1921,"Hunan","mri-esm2-0","ssp126",NA,4.65600267548975,21.5869706290109
"1087",1922,"Hunan","mri-esm2-0","ssp126",NA,4.43522556393613,21.6268821110801
"1088",1923,"Hunan","mri-esm2-0","ssp126",NA,2.21340765795373,18.9070122249543
"1089",1924,"Hunan","mri-esm2-0","ssp126",NA,7.1837519438889,13.7325016324483
"1090",1925,"Hunan","mri-esm2-0","ssp126",NA,5.15807783575448,11.7399791656979
"1091",1926,"Hunan","mri-esm2-0","ssp126",NA,8.0310835360316,17.0821340772841
"1092",1927,"Hunan","mri-esm2-0","ssp126",NA,3.02826536199063,11.7068967183431
"1093",1928,"Hunan","mri-esm2-0","ssp126",NA,0.0438881446111086,6.47240473429364
"1094",1929,"Hunan","mri-esm2-0","ssp126",NA,0.818895830596895,7.96869733295746
"1095",1930,"Hunan","mri-esm2-0","ssp126",NA,5.43328434409237,8.25658278692338
"1096",1931,"Hunan","mri-esm2-0","ssp126",NA,0.570210228280692,6.56472367786228
"1097",1932,"Hunan","mri-esm2-0","ssp126",NA,0.0157860820114105,6.74563908652656
"1098",1933,"Hunan","mri-esm2-0","ssp126",NA,2.6389430056627,12.7892823113336
"1099",1934,"Hunan","mri-esm2-0","ssp126",NA,4.16366419052403,4.54060044061572
"1100",1935,"Hunan","mri-esm2-0","ssp126",NA,3.49147314925956,4.81859783596465
"1101",1936,"Hunan","mri-esm2-0","ssp126",NA,5.51840687745815,2.14110832819865
"1102",1937,"Hunan","mri-esm2-0","ssp126",NA,1.98857462928572,1.27923197670591
"1103",1938,"Hunan","mri-esm2-0","ssp126",NA,4.61216181424139,2.88094113062301
"1104",1939,"Hunan","mri-esm2-0","ssp126",NA,2.10611902793971,1.64674838838125
"1105",1940,"Hunan","mri-esm2-0","ssp126",NA,2.40966580337434,6.75429511902827
"1106",1941,"Hunan","mri-esm2-0","ssp126",NA,2.1791471835968,11.4172130887471
"1107",1942,"Hunan","mri-esm2-0","ssp126",NA,0.401380653361879,13.6871612912133
"1108",1943,"Hunan","mri-esm2-0","ssp126",NA,9.43685067750916,15.3549684312609
"1109",1944,"Hunan","mri-esm2-0","ssp126",NA,6.21954127193801,11.61976449149
"1110",1945,"Hunan","mri-esm2-0","ssp126",NA,2.05701572715822,14.0636400010851
"1111",1946,"Hunan","mri-esm2-0","ssp126",NA,4.01444740140765,15.5655370560904
"1112",1947,"Hunan","mri-esm2-0","ssp126",NA,8.44524549417786,20.8615484207396
"1113",1948,"Hunan","mri-esm2-0","ssp126",NA,10.7399585624275,19.8264335874527
"1114",1949,"Hunan","mri-esm2-0","ssp126",NA,3.74879689386164,22.1230622670007
"1115",1950,"Hunan","mri-esm2-0","ssp126",NA,2.94317000183193,20.4411274259053
"1116",1951,"Hunan","mri-esm2-0","ssp126",NA,8.87782368048257,22.651504710364
"1117",1952,"Hunan","mri-esm2-0","ssp126",NA,14.1620468757927,23.3429972451831
"1118",1953,"Hunan","mri-esm2-0","ssp126",NA,14.6894506266433,26.0036394755046
"1119",1954,"Hunan","mri-esm2-0","ssp126",NA,6.87152845512823,27.3310916961186
"1120",1955,"Hunan","mri-esm2-0","ssp126",NA,10.4482503766836,27.2126495845734
"1121",1956,"Hunan","mri-esm2-0","ssp126",NA,7.92490898833031,25.7674724155002
"1122",1957,"Hunan","mri-esm2-0","ssp126",NA,2.55489094131138,28.1470661587186
"1123",1958,"Hunan","mri-esm2-0","ssp126",NA,14.6246228525537,27.3474574739971
"1124",1959,"Hunan","mri-esm2-0","ssp126",NA,16.8709248941273,27.2028427245125
"1125",1960,"Hunan","mri-esm2-0","ssp126",NA,10.9981106690351,27.5734909420922
"1126",1961,"Hunan","mri-esm2-0","ssp126",NA,6.63098374917744,29.8357526506697
"1127",1962,"Hunan","mri-esm2-0","ssp126",NA,3.65345021149811,30.0319620889331
"1128",1963,"Hunan","mri-esm2-0","ssp126",NA,0.4705288709634,27.4800515068902
"1129",1964,"Hunan","mri-esm2-0","ssp126",NA,11.0570900867905,27.9566364106678
"1130",1965,"Hunan","mri-esm2-0","ssp126",NA,1.24261286352651,28.4890986972385
"1131",1966,"Hunan","mri-esm2-0","ssp126",NA,1.01318789260014,29.6839866153778
"1132",1967,"Hunan","mri-esm2-0","ssp126",NA,4.03861496088861,27.8303830101377
"1133",1968,"Hunan","mri-esm2-0","ssp126",NA,3.25238409675096,25.725548165942
"1134",1969,"Hunan","mri-esm2-0","ssp126",NA,5.15327240859733,24.137643008762
"1135",1970,"Hunan","mri-esm2-0","ssp126",NA,2.78722397507149,27.2188009958419
"1136",1971,"Hunan","mri-esm2-0","ssp126",NA,19.2898954994104,18.2186012994676
"1137",1972,"Hunan","mri-esm2-0","ssp126",NA,14.2258491274203,20.2189996628534
"1138",1973,"Hunan","mri-esm2-0","ssp126",NA,0.952061121116848,20.8552879575699
"1139",1974,"Hunan","mri-esm2-0","ssp126",NA,0.107574554976963,17.9860836331807
"1140",1975,"Hunan","mri-esm2-0","ssp126",NA,0.76280048506955,18.4711784604996
"1141",1976,"Hunan","mri-esm2-0","ssp126",NA,0.00571629503351038,12.4828869774228
"1142",1977,"Hunan","mri-esm2-0","ssp126",NA,0.258678386678314,17.156572263203
"1143",1978,"Hunan","mri-esm2-0","ssp126",NA,5.71953672931938,14.6027830335829
"1144",1979,"Hunan","mri-esm2-0","ssp126",NA,3.74928258753633,13.1110437302363
"1145",1980,"Hunan","mri-esm2-0","ssp126",NA,0.0469707826011602,10.1644174606081
"1146",1981,"Hunan","mri-esm2-0","ssp126",NA,0.036089891571984,11.6877315581791
"1147",1982,"Hunan","mri-esm2-0","ssp126",NA,2.74596869298875,9.26233274671769
"1148",1983,"Hunan","mri-esm2-0","ssp126",NA,0.352453808695178,7.22955014667816
"1149",1984,"Hunan","mri-esm2-0","ssp126",NA,0.363233683700465,10.9075355650887
"1150",1985,"Hunan","mri-esm2-0","ssp126",NA,1.68513513207732,7.16859976147851
"1151",1986,"Hunan","mri-esm2-0","ssp126",NA,2.60466902433499,10.8435986352346
"1152",1987,"Hunan","mri-esm2-0","ssp126",NA,1.9206196642764,10.3533910236662
"1153",1988,"Hunan","mri-esm2-0","ssp126",NA,4.77750033438237,11.7756923614987
"1154",1989,"Hunan","mri-esm2-0","ssp126",NA,1.45165737883092,5.08667393033469
"1155",1990,"Hunan","mri-esm2-0","ssp126",NA,0.268320534425064,13.7229277716743
"1156",1991,"Hunan","mri-esm2-0","ssp126",NA,3.52480277413503,8.14342088245213
"1157",1992,"Hunan","mri-esm2-0","ssp126",NA,5.48523096229993,9.27790803455173
"1158",1993,"Hunan","mri-esm2-0","ssp126",NA,5.12849557538045,5.27199325561526
"1159",1994,"Hunan","mri-esm2-0","ssp126",NA,2.37463780121548,4.84202037992934
"1160",1995,"Hunan","mri-esm2-0","ssp126",NA,4.86503694749964,13.4734763614715
"1161",1996,"Hunan","mri-esm2-0","ssp126",NA,6.88361352079353,13.3217686365521
"1162",1997,"Hunan","mri-esm2-0","ssp126",NA,5.5613427809411,15.6601098802355
"1163",1998,"Hunan","mri-esm2-0","ssp126",NA,4.94598861990718,16.423286813403
"1164",1999,"Hunan","mri-esm2-0","ssp126",NA,11.5147669794039,22.050059799921
"1165",2000,"Hunan","mri-esm2-0","ssp126",NA,11.1801419349181,21.085659705268
"1166",2001,"Hunan","mri-esm2-0","ssp126",NA,10.3553556104284,23.4149419512068
"1167",2002,"Hunan","mri-esm2-0","ssp126",NA,6.30471068625411,21.3532952323793
"1168",2003,"Hunan","mri-esm2-0","ssp126",NA,4.30808137816712,20.7211047096858
"1169",2004,"Hunan","mri-esm2-0","ssp126",NA,7.02126588586388,24.3696796598889
"1170",2005,"Hunan","mri-esm2-0","ssp126",NA,8.2616779044916,21.6000355432904
"1171",2006,"Hunan","mri-esm2-0","ssp126",NA,0.00445446255850713,22.9901431371295
"1172",2007,"Hunan","mri-esm2-0","ssp126",NA,10.283002237832,25.6637199159653
"1173",2008,"Hunan","mri-esm2-0","ssp126",NA,4.05664236567905,25.0927093263657
"1174",2009,"Hunan","mri-esm2-0","ssp126",NA,2.83200686085365,28.2778338598827
"1175",2010,"Hunan","mri-esm2-0","ssp126",NA,2.50906135623024,28.9512167552161
"1176",2011,"Hunan","mri-esm2-0","ssp126",NA,1.67766143672452,29.0876017494807
"1177",2012,"Hunan","mri-esm2-0","ssp126",NA,5.30868664386617,27.6453833322677
"1178",2013,"Hunan","mri-esm2-0","ssp126",NA,6.41386442010636,28.66182043893
"1179",2014,"Hunan","mri-esm2-0","ssp126",NA,11.7841100609179,29.1501288762169
"1180",2015,"Hunan","mri-esm2-0","ssp126",NA,4.14387555935848,30.0390291486468
"1181",2016,"Hunan","mri-esm2-0","ssp126",NA,7.00305871037666,28.8452902415442
"1182",2017,"Hunan","mri-esm2-0","ssp126",NA,1.0268737597536,29.8901608906095
"1183",2018,"Hunan","mri-esm2-0","ssp126",NA,0.0356429573392753,27.6593364049518
"1184",2019,"Hunan","mri-esm2-0","ssp126",NA,0.521518194013229,30.0063450041272
"1185",2020,"Hunan","mri-esm2-0","ssp126",NA,8.34623605152436,24.7845359802246
"1186",2021,"Hunan","mri-esm2-0","ssp126",NA,4.52756734342594,23.9553145877899
"1187",2022,"Hunan","mri-esm2-0","ssp126",NA,2.85962799108087,22.018688819522
"1188",2023,"Hunan","mri-esm2-0","ssp126",NA,1.21405779026255,21.6950367639935
"1189",2024,"Hunan","mri-esm2-0","ssp126",NA,2.29581666636217,16.2078591725183
"1190",2025,"Hunan","mri-esm2-0","ssp126",NA,7.22742964303507,19.7134723481678
"1191",2026,"Hunan","mri-esm2-0","ssp126",NA,5.95790710359714,19.1495788937524
"1192",2027,"Hunan","mri-esm2-0","ssp126",NA,4.46644027520051,15.7960353548565
"1193",2028,"Hunan","mri-esm2-0","ssp126",NA,0.005383067783831,16.4574987744528
"1194",2029,"Hunan","mri-esm2-0","ssp126",NA,0.391698124693513,14.3446811009967
"1195",2030,"Hunan","mri-esm2-0","ssp126",NA,0.77416512641061,15.7210575406514
"1196",2031,"Hunan","mri-esm2-0","ssp126",NA,0.0818715723068765,13.5379402645051
"1197",2032,"Hunan","mri-esm2-0","ssp126",NA,10.0712780527179,14.7518114483546
"1198",2033,"Hunan","mri-esm2-0","ssp126",NA,1.35527041746692,9.72564195905415
"1199",2034,"Hunan","mri-esm2-0","ssp126",NA,2.19974128772914,12.3319110688709
"1200",2035,"Hunan","mri-esm2-0","ssp126",NA,1.97239877310754,6.07328282916359
"1201",2036,"Hunan","mri-esm2-0","ssp126",NA,0.164274291130693,7.27900575910298
"1202",2037,"Hunan","mri-esm2-0","ssp126",NA,2.41517487228131,9.38132623339459
"1203",2038,"Hunan","mri-esm2-0","ssp126",NA,3.01330156847663,5.91187535846046
"1204",2039,"Hunan","mri-esm2-0","ssp126",NA,2.75897849974172,5.66212222386922
"1205",2040,"Hunan","mri-esm2-0","ssp126",NA,0.0213496925750535,4.92652197943796
"1206",2041,"Hunan","mri-esm2-0","ssp126",NA,0.0326422414218542,9.56363031296505
"1207",2042,"Hunan","mri-esm2-0","ssp126",NA,0.678207175068175,13.3948178488111
"1208",2043,"Hunan","mri-esm2-0","ssp126",NA,7.7590440669545,11.9199979388525
"1209",2044,"Hunan","mri-esm2-0","ssp126",NA,0.627107262328406,8.28485144963342
"1210",2045,"Hunan","mri-esm2-0","ssp126",NA,1.34144109162792,7.96082948957173
"1211",2046,"Hunan","mri-esm2-0","ssp126",NA,0.317358202456879,12.556342243013
"1212",2047,"Hunan","mri-esm2-0","ssp126",NA,2.70389861661897,17.1117934090751
"1213",2048,"Hunan","mri-esm2-0","ssp126",NA,4.7014940488095,17.4329539223323
"1214",2049,"Hunan","mri-esm2-0","ssp126",NA,2.24183397705409,18.691497935946
"1215",2050,"Hunan","mri-esm2-0","ssp126",NA,7.29348242028729,19.1809226868645
"1216",2051,"Hunan","mri-esm2-0","ssp126",NA,0.349382008497352,20.3855652097672
"1217",2052,"Hunan","mri-esm2-0","ssp126",NA,11.4880706390847,19.7256170726958
"1218",2053,"Hunan","mri-esm2-0","ssp126",NA,0.414150923727772,19.7372197469076
"1219",2054,"Hunan","mri-esm2-0","ssp126",NA,3.95703355532402,24.7059431045775
"1220",2055,"Hunan","mri-esm2-0","ssp126",NA,6.66752313652199,22.2355978345114
"1221",2056,"Hunan","mri-esm2-0","ssp126",NA,9.70576873274434,22.737260376461
"1222",2057,"Hunan","mri-esm2-0","ssp126",NA,12.7988496320021,25.9238372802735
"1223",2058,"Hunan","mri-esm2-0","ssp126",NA,4.70551544810535,26.3805048624675
"1224",2059,"Hunan","mri-esm2-0","ssp126",NA,9.66230270670557,25.0142268952869
"1225",2060,"Hunan","mri-esm2-0","ssp126",NA,2.90748882924683,26.6930668664357
"1226",2061,"Hunan","mri-esm2-0","ssp126",NA,7.68517050242476,25.6626254006038
"1227",2062,"Hunan","mri-esm2-0","ssp126",NA,3.99184945440538,27.5775184146942
"1228",2063,"Hunan","mri-esm2-0","ssp126",NA,9.3489722994231,28.7585570441352
"1229",2064,"Hunan","mri-esm2-0","ssp126",NA,7.03386017662524,30.3455809456962
"1230",2065,"Hunan","mri-esm2-0","ssp126",NA,2.46970834101116,29.1103036789667
"1231",2066,"Hunan","mri-esm2-0","ssp126",NA,12.384645916375,27.8435643029592
"1232",2067,"Hunan","mri-esm2-0","ssp126",NA,9.95157195447324,28.1185507517013
"1233",2068,"Hunan","mri-esm2-0","ssp126",NA,8.77426541285006,28.6787840949165
"1234",2069,"Hunan","mri-esm2-0","ssp126",NA,9.78390858690545,27.5977085174076
"1235",2070,"Hunan","mri-esm2-0","ssp126",NA,2.5798463821697,27.2497125776987
"1236",2071,"Hunan","mri-esm2-0","ssp126",NA,1.06453648041419,25.8869067721897
"1237",2072,"Hunan","mri-esm2-0","ssp126",NA,0.618075485129209,26.8412858993288
"1238",2073,"Hunan","mri-esm2-0","ssp126",NA,2.17100110999127,25.9147579980275
"1239",2074,"Hunan","mri-esm2-0","ssp126",NA,6.65654095646459,24.6156489175464
"1240",2075,"Hunan","mri-esm2-0","ssp126",NA,5.22407814889578,23.7650703672379
"1241",2076,"Hunan","mri-esm2-0","ssp126",NA,9.21178200874887,22.1104316832527
"1242",2077,"Hunan","mri-esm2-0","ssp126",NA,0.770033448452523,20.2301586817181
"1243",2078,"Hunan","mri-esm2-0","ssp126",NA,8.82027954873722,22.3820564754426
"1244",2079,"Hunan","mri-esm2-0","ssp126",NA,8.6207989761793,21.7800793844556
"1245",2080,"Hunan","mri-esm2-0","ssp126",NA,2.42565190611198,14.4184936160133
"1246",2081,"Hunan","mri-esm2-0","ssp126",NA,0.251193223760181,18.6614563472687
"1247",2082,"Hunan","mri-esm2-0","ssp126",NA,5.4759860415548,19.0235731457907
"1248",2083,"Hunan","mri-esm2-0","ssp126",NA,2.48749415104612,10.3156452602811
"1249",2084,"Hunan","mri-esm2-0","ssp126",NA,1.63271949335727,14.8964855981252
"1250",2085,"Hunan","mri-esm2-0","ssp126",NA,4.38846880103613,12.4013389224098
"1251",2086,"Hunan","mri-esm2-0","ssp126",NA,0.514794219809898,5.3764465695336
"1252",2087,"Hunan","mri-esm2-0","ssp126",NA,0.305138771422467,7.60727711026633
"1253",2088,"Hunan","mri-esm2-0","ssp126",NA,5.6334687774779,2.30511978391619
"1254",2089,"Hunan","mri-esm2-0","ssp126",NA,2.10842286968338,5.85343371194509
"1255",2090,"Hunan","mri-esm2-0","ssp126",NA,2.23476146284156,11.2969712878031
"1256",2091,"Hunan","mri-esm2-0","ssp126",NA,1.49703320529235,7.03203880673365
"1257",2092,"Hunan","mri-esm2-0","ssp126",NA,0.540667486218029,8.04168980916343
"1258",2093,"Hunan","mri-esm2-0","ssp126",NA,7.09370856844934,5.47330833313959
"1259",2094,"Hunan","mri-esm2-0","ssp126",NA,1.95383754445564,8.5113845219688
"1260",2095,"Hunan","mri-esm2-0","ssp126",NA,5.11977459417332,10.9390001569476
"1261",2096,"Hunan","mri-esm2-0","ssp126",NA,2.46359425193857,6.27213082691982
"1262",2097,"Hunan","mri-esm2-0","ssp126",NA,9.02248012043856,8.01879805307542
"1263",2098,"Hunan","mri-esm2-0","ssp126",NA,3.04427375422165,9.65974124726798
"1264",2099,"Hunan","mri-esm2-0","ssp126",NA,7.14014045162393,9.9081743755038
"1265",2100,"Hunan","mri-esm2-0","ssp126",NA,5.37560614829999,9.6719301132929
"1266",2101,"Hunan","mri-esm2-0","ssp126",NA,6.55703751351991,15.1450989859445
"1267",2102,"Hunan","mri-esm2-0","ssp126",NA,6.96389537945054,17.0235887073335
"1268",2103,"Hunan","mri-esm2-0","ssp126",NA,11.4214123793058,19.7490516662598
"1269",2104,"Hunan","mri-esm2-0","ssp126",NA,3.45217993902094,17.9278650556292
"1270",2105,"Hunan","mri-esm2-0","ssp126",NA,4.69940866550392,21.0823995923239
"1271",2106,"Hunan","mri-esm2-0","ssp126",NA,3.96347913590164,19.6410878014943
"1272",2107,"Hunan","mri-esm2-0","ssp126",NA,5.38773817141061,19.6473290700761
"1273",2108,"Hunan","mri-esm2-0","ssp126",NA,9.19877276499912,24.6343297322591
"1274",2109,"Hunan","mri-esm2-0","ssp126",NA,9.02868657312216,24.1996129474943
"1275",2110,"Hunan","mri-esm2-0","ssp126",NA,13.5531247150084,24.6410402086046
"1276",2111,"Hunan","mri-esm2-0","ssp126",NA,13.5643181300566,26.0928869822669
"1277",2112,"Hunan","mri-esm2-0","ssp126",NA,3.490344414422,28.3414697314066
"1278",2113,"Hunan","mri-esm2-0","ssp126",NA,0.988007792628716,28.6305053468735
"1279",2114,"Hunan","mri-esm2-0","ssp126",NA,7.34047589783456,28.4716212075854
"1280",2115,"Hunan","mri-esm2-0","ssp126",NA,2.44896114547503,30.9176939828055
"1281",2116,"Hunan","mri-esm2-0","ssp126",NA,7.27196606208054,29.835596671937
"1282",2117,"Hunan","mri-esm2-0","ssp126",NA,6.99689322274415,29.7039731464689
"1283",2118,"Hunan","mri-esm2-0","ssp126",NA,6.3999081852996,29.6992545476036
"1284",2119,"Hunan","mri-esm2-0","ssp126",NA,4.46203246948633,30.8428677271283
"1285",2120,"Hunan","mri-esm2-0","ssp126",NA,13.7354642468186,28.5828392513215
"1286",2121,"Hunan","mri-esm2-0","ssp126",NA,3.01207489173976,31.2725193810842
"1287",2122,"Hunan","mri-esm2-0","ssp126",NA,6.95067912471521,30.0625245957148
"1288",2123,"Hunan","mri-esm2-0","ssp126",NA,4.30778841318897,27.0819294157483
"1289",2124,"Hunan","mri-esm2-0","ssp126",NA,0.560770624952056,25.8512397766113
"1290",2125,"Hunan","mri-esm2-0","ssp126",NA,1.16924527197365,26.674575636122
"1291",2126,"Hunan","mri-esm2-0","ssp126",NA,2.32208793166007,24.5954487028576
"1292",2127,"Hunan","mri-esm2-0","ssp126",NA,0.0513587149725936,24.0953487941197
"1293",2128,"Hunan","mri-esm2-0","ssp126",NA,0.0338006241625927,21.8513005695646
"1294",2129,"Hunan","mri-esm2-0","ssp126",NA,0.000864672944901811,17.5915977356926
"1295",2130,"Hunan","mri-esm2-0","ssp126",NA,0.720367933815526,20.139611150348
"1296",2131,"Hunan","mri-esm2-0","ssp126",NA,0.00186292475388784,17.4531057569716
"1297",2132,"Hunan","mri-esm2-0","ssp126",NA,0.14953394600395,15.9669514731756
"1298",2133,"Hunan","mri-esm2-0","ssp126",NA,0.0490526399646894,13.2820360213991
"1299",2134,"Hunan","mri-esm2-0","ssp126",NA,0.00393251300140816,14.4444594731407
"1300",2135,"Hunan","mri-esm2-0","ssp126",NA,0.00522206254832521,17.1822447519454
"1301",2136,"Hunan","mri-esm2-0","ssp126",NA,0.352713791601543,10.1441043187702
"1302",2137,"Hunan","mri-esm2-0","ssp126",NA,0.030462060561019,11.7721422710116
"1303",2138,"Hunan","mri-esm2-0","ssp126",NA,0.599070659161173,9.91308128720241
"1304",2139,"Hunan","mri-esm2-0","ssp126",NA,0.259090182947018,10.5860426887634
"1305",2140,"Hunan","mri-esm2-0","ssp126",NA,2.17233136550021,7.36655596778509
"1306",2141,"Hunan","mri-esm2-0","ssp126",NA,0.194522471182219,8.82378394717264
"1307",2142,"Hunan","mri-esm2-0","ssp126",NA,0.191721909628281,7.78650490897045
"1308",2143,"Hunan","mri-esm2-0","ssp126",NA,0.516443819183873,10.4370317731585
"1309",2144,"Hunan","mri-esm2-0","ssp126",NA,0.826105832948087,12.0163149273585
"1310",2145,"Hunan","mri-esm2-0","ssp126",NA,5.063199594198,14.5628122117784
"1311",2146,"Hunan","mri-esm2-0","ssp126",NA,3.16252229130701,10.9931505717929
"1312",2147,"Hunan","mri-esm2-0","ssp126",NA,4.32245865549053,10.3421040005154
"1313",2148,"Hunan","mri-esm2-0","ssp126",NA,1.64355044657896,11.4429899064322
"1314",2149,"Hunan","mri-esm2-0","ssp126",NA,0.47609621549652,11.6161567566887
"1315",2150,"Hunan","mri-esm2-0","ssp126",NA,3.90737011879797,16.5260780697777
"1316",2151,"Hunan","mri-esm2-0","ssp126",NA,2.0450833205684,9.897784896124
"1317",2152,"Hunan","mri-esm2-0","ssp126",NA,2.85300049792698,9.99091739957297
"1318",2153,"Hunan","mri-esm2-0","ssp126",NA,7.37597089626304,18.3005798097641
"1319",2154,"Hunan","mri-esm2-0","ssp126",NA,3.28851584108634,16.3860310266889
"1320",2155,"Hunan","mri-esm2-0","ssp126",NA,5.58060142026469,14.3373052930075
"1321",2156,"Hunan","mri-esm2-0","ssp126",NA,9.08218447642477,19.2632805476113
"1322",2157,"Hunan","mri-esm2-0","ssp126",NA,0.617895222057996,22.1379272945344
"1323",2158,"Hunan","mri-esm2-0","ssp126",NA,15.2956498045894,21.917314692906
"1324",2159,"Hunan","mri-esm2-0","ssp126",NA,7.22388890577739,23.1079436529251
"1325",2160,"Hunan","mri-esm2-0","ssp126",NA,9.18453429464665,24.0298066033258
"1326",2161,"Hunan","mri-esm2-0","ssp126",NA,6.262755581052,21.7048386588929
"1327",2162,"Hunan","mri-esm2-0","ssp126",NA,5.81505613486115,23.4917717101082
"1328",2163,"Hunan","mri-esm2-0","ssp126",NA,3.00386195612451,25.5493485102578
"1329",2164,"Hunan","mri-esm2-0","ssp126",NA,7.46495766644719,25.4209146772112
"1330",2165,"Hunan","mri-esm2-0","ssp126",NA,7.83560526521277,25.1417462303525
"1331",2166,"Hunan","mri-esm2-0","ssp126",NA,3.91459408309467,23.4995088244242
"1332",2167,"Hunan","mri-esm2-0","ssp126",NA,3.1019741192787,25.9275511605399
"1333",2168,"Hunan","mri-esm2-0","ssp126",NA,3.07644855570288,28.59126743135
"1334",2169,"Hunan","mri-esm2-0","ssp126",NA,6.13028446241515,29.5077763633123
"1335",2170,"Hunan","mri-esm2-0","ssp126",NA,12.3496777402449,28.6581116449266
"1336",2171,"Hunan","mri-esm2-0","ssp126",NA,11.5325692235079,27.3021661183191
"1337",2172,"Hunan","mri-esm2-0","ssp126",NA,13.5772990730922,27.240918610588
"1338",2173,"Hunan","mri-esm2-0","ssp126",NA,10.2663467081844,28.4631866697281
"1339",2174,"Hunan","mri-esm2-0","ssp126",NA,0.601885443932458,30.6765838623047
"1340",2175,"Hunan","mri-esm2-0","ssp126",NA,2.60555476293121,29.5007912893144
"1341",2176,"Hunan","mri-esm2-0","ssp126",NA,0.0285973039613704,26.7111723279196
"1342",2177,"Hunan","mri-esm2-0","ssp126",NA,2.21990011227068,25.8326297457256
"1343",2178,"Hunan","mri-esm2-0","ssp126",NA,6.25631911667109,22.2105413285513
"1344",2179,"Hunan","mri-esm2-0","ssp126",NA,5.32808302778644,21.9490166437058
"1345",2180,"Hunan","mri-esm2-0","ssp126",NA,1.93291724463052,20.1407475668287
"1346",2181,"Hunan","mri-esm2-0","ssp126",NA,3.63433901230305,19.9012134007045
"1347",2182,"Hunan","mri-esm2-0","ssp126",NA,1.86863171148356,19.2093243795728
"1348",2183,"Hunan","mri-esm2-0","ssp126",NA,0.674532320772414,15.9983630225772
"1349",2184,"Hunan","mri-esm2-0","ssp126",NA,0.855766420616939,17.9921075245691
"1350",2185,"Hunan","mri-esm2-0","ssp126",NA,0.0133589610023981,15.2847136361259
"1351",2186,"Hunan","mri-esm2-0","ssp126",NA,3.70542416543295,14.3983521961031
"1352",2187,"Hunan","mri-esm2-0","ssp126",NA,3.04605875337204,14.8469446091425
"1353",2188,"Hunan","mri-esm2-0","ssp126",NA,1.26426051249057,5.5050371079218
"1354",2189,"Hunan","mri-esm2-0","ssp126",NA,0.00575113933466907,5.4679503789024
"1355",2190,"Hunan","mri-esm2-0","ssp126",NA,0.358678077015741,8.89929618229944
"1356",2191,"Hunan","mri-esm2-0","ssp126",NA,2.69629434581995,7.2424627758208
"1357",2192,"Hunan","mri-esm2-0","ssp126",NA,0.00338379972423094,5.45675030662902
"1358",2193,"Hunan","mri-esm2-0","ssp126",NA,0.0321952421537779,5.39667354765395
"1359",2194,"Hunan","mri-esm2-0","ssp126",NA,0.0264315418137682,5.72249961731928
"1360",2195,"Hunan","mri-esm2-0","ssp126",NA,0.0016456274806842,7.93782868158252
"1361",2196,"Hunan","mri-esm2-0","ssp126",NA,0.00322385072390066,8.34944820101301
"1362",2197,"Hunan","mri-esm2-0","ssp126",NA,4.6277708969358,6.46461391146223
"1363",2198,"Hunan","mri-esm2-0","ssp126",NA,3.95333911908762,3.84098260062084
"1364",2199,"Hunan","mri-esm2-0","ssp126",NA,6.01845989537781,5.48883027576267
"1365",2200,"Hunan","mri-esm2-0","ssp126",NA,5.81871382588101,8.08934494502963
"1366",2201,"Hunan","mri-esm2-0","ssp126",NA,6.28511519931375,7.69450936695888
"1367",2202,"Hunan","mri-esm2-0","ssp126",NA,3.74542938638375,11.0085425119552
"1368",2203,"Hunan","mri-esm2-0","ssp126",NA,4.29461730757664,10.9296338035947
"1369",2204,"Hunan","mri-esm2-0","ssp126",NA,5.4918738021245,14.269116731674
"1370",2205,"Hunan","mri-esm2-0","ssp126",NA,3.60770824833188,16.7465375385587
"1371",2206,"Hunan","mri-esm2-0","ssp126",NA,6.79336156909553,16.9624815562415
"1372",2207,"Hunan","mri-esm2-0","ssp126",NA,5.8893193377766,15.4780719212124
"1373",2208,"Hunan","mri-esm2-0","ssp126",NA,9.54179878686513,16.9970064435687
"1374",2209,"Hunan","mri-esm2-0","ssp126",NA,8.19562020172141,18.6098021371024
"1375",2210,"Hunan","mri-esm2-0","ssp126",NA,3.02683382643798,20.2128681727818
"1376",2211,"Hunan","mri-esm2-0","ssp126",NA,10.5137220886718,24.4689698718843
"1377",2212,"Hunan","mri-esm2-0","ssp126",NA,9.37613559559135,21.8909803239126
"1378",2213,"Hunan","mri-esm2-0","ssp126",NA,5.76793220967764,24.282367476206
"1379",2214,"Hunan","mri-esm2-0","ssp126",NA,6.22561450636567,22.7221685258169
"1380",2215,"Hunan","mri-esm2-0","ssp126",NA,10.7432384611457,25.8252562386649
"1381",2216,"Hunan","mri-esm2-0","ssp126",NA,3.77442925699013,26.7783121502589
"1382",2217,"Hunan","mri-esm2-0","ssp126",NA,19.5551834916711,25.9124186197917
"1383",2218,"Hunan","mri-esm2-0","ssp126",NA,5.53101965551182,28.6045815119668
"1384",2219,"Hunan","mri-esm2-0","ssp126",NA,11.9421116268443,26.7799304901608
"1385",2220,"Hunan","mri-esm2-0","ssp126",NA,6.7092944759809,28.8671037098718
"1386",2221,"Hunan","mri-esm2-0","ssp126",NA,2.88179326049171,30.915970587352
"1387",2222,"Hunan","mri-esm2-0","ssp126",NA,17.766189152774,27.8517430744474
"1388",2223,"Hunan","mri-esm2-0","ssp126",NA,12.5041479261914,28.3846207997156
"1389",2224,"Hunan","mri-esm2-0","ssp126",NA,16.3424323689209,26.9842993236724
"1390",2225,"Hunan","mri-esm2-0","ssp126",NA,1.31883660045397,30.677507987855
"1391",2226,"Hunan","mri-esm2-0","ssp126",NA,3.42861513635008,28.3426370287699
"1392",2227,"Hunan","mri-esm2-0","ssp126",NA,0.41259462367894,28.8734178815569
"1393",2228,"Hunan","mri-esm2-0","ssp126",NA,0.019693667971816,26.7166246807765
"1394",2229,"Hunan","mri-esm2-0","ssp126",NA,0.886896219351131,29.475609503852
"1395",2230,"Hunan","mri-esm2-0","ssp126",NA,3.13306253663411,26.1823491414388
"1396",2231,"Hunan","mri-esm2-0","ssp126",NA,1.90805538541749,20.8687638297914
"1397",2232,"Hunan","mri-esm2-0","ssp126",NA,4.19010913155294,21.1572165231856
"1398",2233,"Hunan","mri-esm2-0","ssp126",NA,1.91088010888702,22.3341409107996
"1399",2234,"Hunan","mri-esm2-0","ssp126",NA,2.67734231280364,21.0403662908645
"1400",2235,"Hunan","mri-esm2-0","ssp126",NA,4.47411433376276,17.973163980151
"1401",2236,"Hunan","mri-esm2-0","ssp126",NA,0.102516888897039,19.0992446899414
"1402",2237,"Hunan","mri-esm2-0","ssp126",NA,2.37408588208642,21.5096765064058
"1403",2238,"Hunan","mri-esm2-0","ssp126",NA,6.35375989532544,19.5108362954761
"1404",2239,"Hunan","mri-esm2-0","ssp126",NA,3.771821103263,9.49178563678078
"1405",2240,"Hunan","mri-esm2-0","ssp126",NA,2.12157475125423,11.0229240417481
"1406",2241,"Hunan","mri-esm2-0","ssp126",NA,6.31739911151011,14.8402592008076
"1407",2242,"Hunan","mri-esm2-0","ssp126",NA,0.00370271907611043,6.74249044751366
"1408",2243,"Hunan","mri-esm2-0","ssp126",NA,0.00235933225017756,6.13291169423908
"1409",2244,"Hunan","mri-esm2-0","ssp126",NA,0.557101361690522,10.1754441760835
"1410",2245,"Hunan","mri-esm2-0","ssp126",NA,3.40164052883145,6.9249832032219
"1411",2246,"Hunan","mri-esm2-0","ssp126",NA,6.93735696488277,5.23614339677117
"1412",2247,"Hunan","mri-esm2-0","ssp126",NA,0.306002969922961,2.60877568078422
"1413",2248,"Hunan","mri-esm2-0","ssp126",NA,9.20145191737122,4.68115253751242
"1414",2249,"Hunan","mri-esm2-0","ssp126",NA,3.06240683271426,5.59612777952166
"1415",2250,"Hunan","mri-esm2-0","ssp126",NA,2.22113356977778,7.53501445225309
"1416",2251,"Hunan","mri-esm2-0","ssp126",NA,4.5252428915124,4.77963591076081
"1417",2252,"Hunan","mri-esm2-0","ssp126",NA,4.71922229759392,3.76849402775842
"1418",2253,"Hunan","mri-esm2-0","ssp126",NA,1.28041917701661,5.09760212973945
"1419",2254,"Hunan","mri-esm2-0","ssp126",NA,3.2873771634773,6.9213092864506
"1420",2255,"Hunan","mri-esm2-0","ssp126",NA,4.18973631095858,9.68606865292506
"1421",2256,"Hunan","mri-esm2-0","ssp126",NA,2.09926006849465,14.4861202058338
"1422",2257,"Hunan","mri-esm2-0","ssp126",NA,8.80686837320224,11.1552928258503
"1423",2258,"Hunan","mri-esm2-0","ssp126",NA,6.44661091653558,16.1902977595254
"1424",2259,"Hunan","mri-esm2-0","ssp126",NA,12.6657540604486,13.7396917312865
"1425",2260,"Hunan","mri-esm2-0","ssp126",NA,11.2027699175997,15.6654113406227
"1426",2261,"Hunan","mri-esm2-0","ssp126",NA,5.46807444399227,18.2096562582349
"1427",2262,"Hunan","mri-esm2-0","ssp126",NA,8.73493232076856,22.3156585208954
"1428",2263,"Hunan","mri-esm2-0","ssp126",NA,11.0361951737559,20.0074080330985
"1429",2264,"Hunan","mri-esm2-0","ssp126",NA,3.55552195606573,24.1366936940996
"1430",2265,"Hunan","mri-esm2-0","ssp126",NA,15.1266216064934,24.6225291781956
"1431",2266,"Hunan","mri-esm2-0","ssp126",NA,13.8950195535342,25.3285332452683
"1432",2267,"Hunan","mri-esm2-0","ssp126",NA,16.1720571892796,25.6052416967967
"1433",2268,"Hunan","mri-esm2-0","ssp126",NA,3.65292347296418,25.8411806015741
"1434",2269,"Hunan","mri-esm2-0","ssp126",NA,14.2569515696713,27.7322191026476
"1435",2270,"Hunan","mri-esm2-0","ssp126",NA,3.19846167731807,29.3463900853717
"1436",2271,"Hunan","mri-esm2-0","ssp126",NA,9.04116100806667,27.8647470746722
"1437",2272,"Hunan","mri-esm2-0","ssp126",NA,16.9139844625079,28.6605855063787
"1438",2273,"Hunan","mri-esm2-0","ssp126",NA,7.03846608213488,27.7759027753558
"1439",2274,"Hunan","mri-esm2-0","ssp126",NA,1.0134918741252,30.8185859680176
"1440",2275,"Hunan","mri-esm2-0","ssp126",NA,5.98905105794074,29.6009534926642
"1441",2276,"Hunan","mri-esm2-0","ssp126",NA,4.97577602925178,28.7002369835263
"1442",2277,"Hunan","mri-esm2-0","ssp126",NA,1.39684472527344,31.3345292833116
"1443",2278,"Hunan","mri-esm2-0","ssp126",NA,3.33027154490862,29.4140629359654
"1444",2279,"Hunan","mri-esm2-0","ssp126",NA,6.02503568831837,26.5092734806122
"1445",2280,"Hunan","mri-esm2-0","ssp126",NA,15.5304699326085,26.6132187131852
"1446",2281,"Hunan","mri-esm2-0","ssp126",NA,1.84587352140885,25.4263285197909
"1447",2282,"Hunan","mri-esm2-0","ssp126",NA,0.0502223611939761,24.7795946756999
"1448",2283,"Hunan","mri-esm2-0","ssp126",NA,0.00604860714962082,22.1079504346091
"1449",2284,"Hunan","mri-esm2-0","ssp126",NA,1.33367779323765,23.3410512046209
"1450",2285,"Hunan","mri-esm2-0","ssp126",NA,0.08193060553562,20.7757474626814
"1451",2286,"Hunan","mri-esm2-0","ssp126",NA,4.04843042048404,20.7940577673534
"1452",2287,"Hunan","mri-esm2-0","ssp126",NA,7.77155499858964,18.9813451736693
"1453",2288,"Hunan","mri-esm2-0","ssp126",NA,5.42923070233883,20.0030416579474
"1454",2289,"Hunan","mri-esm2-0","ssp126",NA,12.4574547769043,13.0249105302115
"1455",2290,"Hunan","mri-esm2-0","ssp126",NA,9.5507830580183,12.0753795199924
"1456",2291,"Hunan","mri-esm2-0","ssp126",NA,0.0326688715046787,11.4465636117118
"1457",2292,"Hunan","mri-esm2-0","ssp126",NA,4.12151152132278,12.2514881073483
"1458",2293,"Hunan","mri-esm2-0","ssp126",NA,0.00247905300706666,12.4938408503457
"1459",2294,"Hunan","mri-esm2-0","ssp126",NA,0.0203215880511769,12.3978688194638
"1460",2295,"Hunan","mri-esm2-0","ssp126",NA,3.26282322154969,10.6361013261099
"1461",2296,"Hunan","mri-esm2-0","ssp126",NA,4.81595707716614,7.31102826557464
"1462",2297,"Hunan","mri-esm2-0","ssp126",NA,0.515347835315489,4.64362130543544
"1463",2298,"Hunan","mri-esm2-0","ssp126",NA,0.336467978318719,3.76162448459204
"1464",2299,"Hunan","mri-esm2-0","ssp126",NA,1.04861053299438,3.67397364056302
"1465",2300,"Hunan","mri-esm2-0","ssp126",NA,0.228578617238132,5.35005933973527
"1466",2301,"Hunan","mri-esm2-0","ssp126",NA,0.849821625973033,10.6857261173309
"1467",2302,"Hunan","mri-esm2-0","ssp126",NA,6.72395137385138,9.78124940660267
"1468",2303,"Hunan","mri-esm2-0","ssp126",NA,5.5227303515559,7.38245611039421
"1469",2304,"Hunan","mri-esm2-0","ssp126",NA,1.04087470537187,8.88126755971759
"1470",2305,"Hunan","mri-esm2-0","ssp126",NA,2.00177983541445,9.57530758570113
"1471",2306,"Hunan","mri-esm2-0","ssp126",NA,5.89419220405684,11.5152558947367
"1472",2307,"Hunan","mri-esm2-0","ssp126",NA,10.3474241470264,9.62720502823121
"1473",2308,"Hunan","mri-esm2-0","ssp126",NA,7.0329629864643,13.7110862247528
"1474",2309,"Hunan","mri-esm2-0","ssp126",NA,2.27428291436159,16.4396395728702
"1475",2310,"Hunan","mri-esm2-0","ssp126",NA,8.40556576066384,17.4966985430036
"1476",2311,"Hunan","mri-esm2-0","ssp126",NA,4.99574690253602,21.4943063039629
"1477",2312,"Hunan","mri-esm2-0","ssp126",NA,5.71397441435693,20.5708652193584
"1478",2313,"Hunan","mri-esm2-0","ssp126",NA,13.4257206871618,15.3174535478865
"1479",2314,"Hunan","mri-esm2-0","ssp126",NA,7.10975864008755,23.3252805800665
"1480",2315,"Hunan","mri-esm2-0","ssp126",NA,6.05555724482006,21.7055708991157
"1481",2316,"Hunan","mri-esm2-0","ssp126",NA,4.38889866550198,19.0767877487909
"1482",2317,"Hunan","mri-esm2-0","ssp126",NA,7.44893941392288,24.2620298113142
"1483",2318,"Hunan","mri-esm2-0","ssp126",NA,8.21013314997409,24.1936474875799
"1484",2319,"Hunan","mri-esm2-0","ssp126",NA,11.0385069521531,26.124475884816
"1485",2320,"Hunan","mri-esm2-0","ssp126",NA,12.4658112397291,26.9918420095293
"1486",2321,"Hunan","mri-esm2-0","ssp126",NA,15.6208352536786,25.6149523417155
"1487",2322,"Hunan","mri-esm2-0","ssp126",NA,3.4765027026294,26.5784178355384
"1488",2323,"Hunan","mri-esm2-0","ssp126",NA,0.59394342480508,31.7751196119521
"1489",2324,"Hunan","mri-esm2-0","ssp126",NA,11.1041391281625,29.3898877461752
"1490",2325,"Hunan","mri-esm2-0","ssp126",NA,3.60706994855329,30.31819069272
"1491",2326,"Hunan","mri-esm2-0","ssp126",NA,1.04076213743351,30.3041005331373
"1492",2327,"Hunan","mri-esm2-0","ssp126",NA,1.48981416267426,29.3389290219262
"1493",2328,"Hunan","mri-esm2-0","ssp126",NA,2.35798695156128,27.2848611377535
"1494",2329,"Hunan","mri-esm2-0","ssp126",NA,0.830455513005291,29.4372996496776
"1495",2330,"Hunan","mri-esm2-0","ssp126",NA,8.97263792795846,28.5399736192492
"1496",2331,"Hunan","mri-esm2-0","ssp126",NA,5.44617779352978,29.5087404523577
"1497",2332,"Hunan","mri-esm2-0","ssp126",NA,2.29731866877825,25.6114389449831
"1498",2333,"Hunan","mri-esm2-0","ssp126",NA,5.98115979134621,24.774686613537
"1499",2334,"Hunan","mri-esm2-0","ssp126",NA,0.0824961898485656,24.3814126393152
"1500",2335,"Hunan","mri-esm2-0","ssp126",NA,0.0716560789961867,24.1818156893291
"1501",2336,"Hunan","mri-esm2-0","ssp126",NA,0.149037377098336,21.1407155960325
"1502",2337,"Hunan","mri-esm2-0","ssp126",NA,6.52380682630402,23.02651003883
"1503",2338,"Hunan","mri-esm2-0","ssp126",NA,8.12445452455514,21.3669120667473
"1504",2339,"Hunan","mri-esm2-0","ssp126",NA,0.461189122065012,21.1630644540938
"1505",2340,"Hunan","mri-esm2-0","ssp126",NA,1.53730124088725,17.2514989459326
"1506",2341,"Hunan","mri-esm2-0","ssp126",NA,2.8721765874317,11.7942930675688
"1507",2342,"Hunan","mri-esm2-0","ssp126",NA,3.54726785672678,18.4355277530731
"1508",2343,"Hunan","mri-esm2-0","ssp126",NA,1.51466498187541,14.518950640966
"1509",2344,"Hunan","mri-esm2-0","ssp126",NA,0.00287965298022235,9.25988092573864
"1510",2345,"Hunan","mri-esm2-0","ssp126",NA,0.00337801640983213,9.4066969977485
"1511",2346,"Hunan","mri-esm2-0","ssp126",NA,1.60031686321937,11.19074928647
"1512",2347,"Hunan","mri-esm2-0","ssp126",NA,1.97748758574952,9.18412224905834
"1513",2348,"Hunan","mri-esm2-0","ssp126",NA,5.16731666463264,7.7437454223633
"1514",2349,"Hunan","mri-esm2-0","ssp126",NA,2.71698161131358,7.30222981770836
"1515",2350,"Hunan","mri-esm2-0","ssp126",NA,0.824443380484549,7.39040297250901
"1516",2351,"Hunan","mri-esm2-0","ssp126",NA,2.78933280854809,9.25788378034321
"1517",2352,"Hunan","mri-esm2-0","ssp126",NA,1.11841232682569,8.52433778066486
"1518",2353,"Hunan","mri-esm2-0","ssp126",NA,0.729211686419668,8.49875206114756
"1519",2354,"Hunan","mri-esm2-0","ssp126",NA,1.7568551937919,14.1056333390493
"1520",2355,"Hunan","mri-esm2-0","ssp126",NA,0.698431622809689,9.10198594350666
"1521",2356,"Hunan","mri-esm2-0","ssp126",NA,3.21051724126846,8.47905956449965
"1522",2357,"Hunan","mri-esm2-0","ssp126",NA,3.94726125120672,11.8192472427611
"1523",2358,"Hunan","mri-esm2-0","ssp126",NA,0.254111734212919,11.9228966243684
"1524",2359,"Hunan","mri-esm2-0","ssp126",NA,6.1561065467101,15.6714470999582
"1525",2360,"Hunan","mri-esm2-0","ssp126",NA,3.49362786603576,14.3331796676394
"1526",2361,"Hunan","mri-esm2-0","ssp126",NA,2.47021997112954,15.4800586518787
"1527",2362,"Hunan","mri-esm2-0","ssp126",NA,3.52011761771921,8.8354303390261
"1528",2363,"Hunan","mri-esm2-0","ssp126",NA,8.03179267704114,16.5251792544411
"1529",2364,"Hunan","mri-esm2-0","ssp126",NA,2.66539877744825,14.1183936830551
"1530",2365,"Hunan","mri-esm2-0","ssp126",NA,3.82694848833905,18.6643985082233
"1531",2366,"Hunan","mri-esm2-0","ssp126",NA,10.6257727624195,17.6186003427657
"1532",2367,"Hunan","mri-esm2-0","ssp126",NA,7.61425424020022,19.3745546613421
"1533",2368,"Hunan","mri-esm2-0","ssp126",NA,9.96795131216329,18.2862739078582
"1534",2369,"Hunan","mri-esm2-0","ssp126",NA,6.29677307822801,21.8687071542892
"1535",2370,"Hunan","mri-esm2-0","ssp126",NA,8.86115784192043,25.3816952296666
"1536",2371,"Hunan","mri-esm2-0","ssp126",NA,1.06747922863438,25.3236385648213
"1537",2372,"Hunan","mri-esm2-0","ssp126",NA,18.4961827089994,27.3432522243924
"1538",2373,"Hunan","mri-esm2-0","ssp126",NA,4.86771032973203,28.0800081404429
"1539",2374,"Hunan","mri-esm2-0","ssp126",NA,6.6281456231796,27.8503387208969
"1540",2375,"Hunan","mri-esm2-0","ssp126",NA,8.56263135443831,28.0862478347052
"1541",2376,"Hunan","mri-esm2-0","ssp126",NA,7.49481133511836,30.2817021445623
"1542",2377,"Hunan","mri-esm2-0","ssp126",NA,2.0080067724848,29.9230687096006
"1543",2378,"Hunan","mri-esm2-0","ssp126",NA,8.25764504961626,29.2231485397097
"1544",2379,"Hunan","mri-esm2-0","ssp126",NA,2.70424838719399,29.0206758529421
"1545",2380,"Hunan","mri-esm2-0","ssp126",NA,6.65343894600353,28.742195807563
"1546",2381,"Hunan","mri-esm2-0","ssp126",NA,6.49861536209885,28.1382730393183
"1547",2382,"Hunan","mri-esm2-0","ssp126",NA,12.5795914535372,26.9614207676479
"1548",2383,"Hunan","mri-esm2-0","ssp126",NA,17.9293657258703,27.5477669852121
"1549",2384,"Hunan","mri-esm2-0","ssp126",NA,5.22741225405688,27.0819099184067
"1550",2385,"Hunan","mri-esm2-0","ssp126",NA,0.140435717860652,25.9285940261114
"1551",2386,"Hunan","mri-esm2-0","ssp126",NA,0.216200471589088,25.7899072556269
"1552",2387,"Hunan","mri-esm2-0","ssp126",NA,0.00566387457833376,26.5598130725679
"1553",2388,"Hunan","mri-esm2-0","ssp126",NA,0.252553209475081,23.6066233438159
"1554",2389,"Hunan","mri-esm2-0","ssp126",NA,3.5101538989628,23.075768013606
"1555",2390,"Hunan","mri-esm2-0","ssp126",NA,0.707343650174153,22.2431773957752
"1556",2391,"Hunan","mri-esm2-0","ssp126",NA,3.16692965130382,18.2850691901313
"1557",2392,"Hunan","mri-esm2-0","ssp126",NA,1.42748910222638,18.5002988906134
"1558",2393,"Hunan","mri-esm2-0","ssp126",NA,1.90625644745523,12.9658415173728
"1559",2394,"Hunan","mri-esm2-0","ssp126",NA,0.0223820018293606,12.0378137134371
"1560",2395,"Hunan","mri-esm2-0","ssp126",NA,0.368060187695716,11.82837599497
"1561",2396,"Hunan","mri-esm2-0","ssp126",NA,0.127563732959451,15.0922777811686
"1562",2397,"Hunan","mri-esm2-0","ssp126",NA,2.50570741458042,15.2704730684795
"1563",2398,"Hunan","mri-esm2-0","ssp126",NA,11.4843354367232,12.1627139258007
"1564",2399,"Hunan","mri-esm2-0","ssp126",NA,3.23741795161498,7.4495301746187
"1565",2400,"Hunan","mri-esm2-0","ssp126",NA,1.09831693439446,5.81590211656361
"1566",2401,"Hunan","mri-esm2-0","ssp126",NA,1.77862340211245,10.2621609642392
"1567",2402,"Hunan","mri-esm2-0","ssp126",NA,1.16386785998657,7.06161488124305
"1568",2403,"Hunan","mri-esm2-0","ssp126",NA,0.599880603548237,10.9284547593859
"1569",2404,"Hunan","mri-esm2-0","ssp126",NA,6.40680824777908,6.01720962524416
"1570",2405,"Hunan","mri-esm2-0","ssp126",NA,2.19173130492761,2.08445407927985
"1571",2406,"Hunan","mri-esm2-0","ssp126",NA,0.316338698933448,2.04294211978006
"1572",2407,"Hunan","mri-esm2-0","ssp126",NA,0.0160121494120956,7.47597837902253
"1573",2408,"Hunan","mri-esm2-0","ssp126",NA,0.797951241728307,10.4555538843549
"1574",2409,"Hunan","mri-esm2-0","ssp126",NA,1.3453945717239,11.2488930232941
"1575",2410,"Hunan","mri-esm2-0","ssp126",NA,1.03498514350966,13.1315335591634
"1576",2411,"Hunan","mri-esm2-0","ssp126",NA,1.37253222965228,13.9522009471106
"1577",2412,"Hunan","mri-esm2-0","ssp126",NA,2.74755368823207,14.6563684493777
"1578",2413,"Hunan","mri-esm2-0","ssp126",NA,5.76888636536361,12.7297931973897
"1579",2414,"Hunan","mri-esm2-0","ssp126",NA,5.86704379151602,14.8428716023763
"1580",2415,"Hunan","mri-esm2-0","ssp126",NA,5.93604759885368,13.7881190103198
"1581",2416,"Hunan","mri-esm2-0","ssp126",NA,2.00208467974465,16.4607189844525
"1582",2417,"Hunan","mri-esm2-0","ssp126",NA,12.4420220810602,16.8350420876155
"1583",2418,"Hunan","mri-esm2-0","ssp126",NA,3.53872269733983,22.6866429767912
"1584",2419,"Hunan","mri-esm2-0","ssp126",NA,6.26535808652469,23.4030982244583
"1585",2420,"Hunan","mri-esm2-0","ssp126",NA,9.82851779629398,22.562405250186
"1586",2421,"Hunan","mri-esm2-0","ssp126",NA,8.87189537330804,23.3861590915256
"1587",2422,"Hunan","mri-esm2-0","ssp126",NA,2.32088705977601,27.0859766884456
"1588",2423,"Hunan","mri-esm2-0","ssp126",NA,4.51403625405484,23.4577156066895
"1589",2424,"Hunan","mri-esm2-0","ssp126",NA,7.64057018128759,27.3023821028452
"1590",2425,"Hunan","mri-esm2-0","ssp126",NA,1.17925563593937,27.1292692638579
"1591",2426,"Hunan","mri-esm2-0","ssp126",NA,3.71495667520451,27.3876686822801
"1592",2427,"Hunan","mri-esm2-0","ssp126",NA,12.4463336155454,27.1740500556098
"1593",2428,"Hunan","mri-esm2-0","ssp126",NA,16.3932335129825,26.1393400646392
"1594",2429,"Hunan","mri-esm2-0","ssp126",NA,4.94735234808883,26.7455091446165
"1595",2430,"Hunan","mri-esm2-0","ssp126",NA,7.34270490558109,28.2655768742637
"1596",2431,"Hunan","mri-esm2-0","ssp126",NA,4.9402507557001,29.7649300105988
"1597",2432,"Hunan","mri-esm2-0","ssp126",NA,4.80489860391832,30.6965166848804
"1598",2433,"Hunan","mri-esm2-0","ssp126",NA,9.12165818958784,26.8240352327862
"1599",2434,"Hunan","mri-esm2-0","ssp126",NA,2.10878681032877,29.6907978481717
"1600",2435,"Hunan","mri-esm2-0","ssp126",NA,6.00978532379486,29.7384502592541
"1601",2436,"Hunan","mri-esm2-0","ssp126",NA,4.42416667328871,26.525097087073
"1602",2437,"Hunan","mri-esm2-0","ssp126",NA,5.50416160544306,28.4738530476888
"1603",2438,"Hunan","mri-esm2-0","ssp126",NA,1.77724170475813,26.6003152272058
"1604",2439,"Hunan","mri-esm2-0","ssp126",NA,3.47709898094633,22.668284715925
"1605",2440,"Hunan","mri-esm2-0","ssp126",NA,1.37440080550602,25.8873171246241
"1606",2441,"Hunan","mri-esm2-0","ssp126",NA,0.352734350358982,19.2166747562469
"1607",2442,"Hunan","mri-esm2-0","ssp126",NA,0.255622863778626,22.4351448301285
"1608",2443,"Hunan","mri-esm2-0","ssp126",NA,0.168540643302809,19.775094665043
"1609",2444,"Hunan","mri-esm2-0","ssp126",NA,0.382540686398767,18.2724203200568
"1610",2445,"Hunan","mri-esm2-0","ssp126",NA,0.00855994993409175,15.4113349430145
"1611",2446,"Hunan","mri-esm2-0","ssp126",NA,0.222326370437388,18.191920519632
"1612",2447,"Hunan","mri-esm2-0","ssp126",NA,0.072358456249536,15.8861995394268
"1613",2448,"Hunan","mri-esm2-0","ssp126",NA,1.14321907549311,14.2317208305238
"1614",2449,"Hunan","mri-esm2-0","ssp126",NA,0.0541236199751438,10.999281214154
"1615",2450,"Hunan","mri-esm2-0","ssp126",NA,0.00381455509861033,14.699293481736
"1616",2451,"Hunan","mri-esm2-0","ssp126",NA,0.00190487092887841,11.1979075356136
"1617",2452,"Hunan","mri-esm2-0","ssp126",NA,1.20965391795055,9.47487350948276
"1618",2453,"Hunan","mri-esm2-0","ssp126",NA,0.00200881999522348,5.84599777706088
"1619",2454,"Hunan","mri-esm2-0","ssp126",NA,0.403813164647155,9.44578153822159
"1620",2455,"Hunan","mri-esm2-0","ssp126",NA,3.57306100295318,2.85327034602092
"1621",2456,"Hunan","mri-esm2-0","ssp126",NA,5.67807657062726,4.73942337036135
"1622",2457,"Hunan","mri-esm2-0","ssp126",NA,0.286472631387369,6.55854338388597
"1623",2458,"Hunan","mri-esm2-0","ssp126",NA,1.82203624783272,6.26229908050055
"1624",2459,"Hunan","mri-esm2-0","ssp126",NA,1.87041731140718,5.29151838998948
"1625",2460,"Hunan","mri-esm2-0","ssp126",NA,0.00627684644314286,8.17609988015798
"1626",2461,"Hunan","mri-esm2-0","ssp126",NA,0.780947816987723,12.763497137645
"1627",2462,"Hunan","mri-esm2-0","ssp126",NA,6.40736129449319,10.6235990494017
"1628",2463,"Hunan","mri-esm2-0","ssp126",NA,4.8124516626688,9.47033371698291
"1629",2464,"Hunan","mri-esm2-0","ssp126",NA,1.72973294614686,11.7543380495102
"1630",2465,"Hunan","mri-esm2-0","ssp126",NA,3.66003216859099,9.23349357483881
"1631",2466,"Hunan","mri-esm2-0","ssp126",NA,5.4231341875298,12.8934444972447
"1632",2467,"Hunan","mri-esm2-0","ssp126",NA,4.50722033204199,12.8425832597036
"1633",2468,"Hunan","mri-esm2-0","ssp126",NA,4.97120165895727,21.7447089059013
"1634",2469,"Hunan","mri-esm2-0","ssp126",NA,12.1170749077399,15.8929411388579
"1635",2470,"Hunan","mri-esm2-0","ssp126",NA,3.00293958595311,19.5900922018384
"1636",2471,"Hunan","mri-esm2-0","ssp126",NA,9.5632563459081,22.6229859125047
"1637",2472,"Hunan","mri-esm2-0","ssp126",NA,8.11809243268726,19.5300974285792
"1638",2473,"Hunan","mri-esm2-0","ssp126",NA,10.8903343928237,24.2826389252194
"1639",2474,"Hunan","mri-esm2-0","ssp126",NA,12.2883245783279,19.9018938700358
"1640",2475,"Hunan","mri-esm2-0","ssp126",NA,11.0610409657836,23.4775116451203
"1641",2476,"Hunan","mri-esm2-0","ssp126",NA,1.63372548416061,25.6831837124295
"1642",2477,"Hunan","mri-esm2-0","ssp126",NA,2.00665561517001,28.3488283429827
"1643",2478,"Hunan","mri-esm2-0","ssp126",NA,1.59434343225777,27.4520688859243
"1644",2479,"Hunan","mri-esm2-0","ssp126",NA,15.1589535520348,27.6142278519888
"1645",2480,"Hunan","mri-esm2-0","ssp126",NA,2.04204267533247,30.3182220580086
"1646",2481,"Hunan","mri-esm2-0","ssp126",NA,1.1033724146273,28.3603428553021
"1647",2482,"Hunan","mri-esm2-0","ssp126",NA,6.71722376918556,28.7280913580032
"1648",2483,"Hunan","mri-esm2-0","ssp126",NA,6.09440276525025,28.8025695074173
"1649",2484,"Hunan","mri-esm2-0","ssp126",NA,10.3615539604886,28.5947606041318
"1650",2485,"Hunan","mri-esm2-0","ssp126",NA,0.238747226460743,29.9903946043953
"1651",2486,"Hunan","mri-esm2-0","ssp126",NA,4.0685720770138,27.0884731958783
"1652",2487,"Hunan","mri-esm2-0","ssp126",NA,7.95446371338845,28.4847094944545
"1653",2488,"Hunan","mri-esm2-0","ssp126",NA,14.3537244069973,28.1339156862289
"1654",2489,"Hunan","mri-esm2-0","ssp126",NA,4.16631322738924,26.8529879373218
"1655",2490,"Hunan","mri-esm2-0","ssp126",NA,2.05206388235248,26.2972578139532
"1656",2491,"Hunan","mri-esm2-0","ssp126",NA,5.38091733968551,27.0529065328931
"1657",2492,"Hunan","mri-esm2-0","ssp126",NA,0.501126602024929,22.8612594725594
"1658",2493,"Hunan","mri-esm2-0","ssp126",NA,1.36446920098803,23.1942509363568
"1659",2494,"Hunan","mri-esm2-0","ssp126",NA,0.0458292813813646,18.6176337105888
"1660",2495,"Hunan","mri-esm2-0","ssp126",NA,0.531040733689484,20.1624482291086
"1661",2496,"Hunan","mri-esm2-0","ssp126",NA,0.0229694411635657,19.8025956653413
"1662",2497,"Hunan","mri-esm2-0","ssp126",NA,1.61150400150681,15.8697187756735
"1663",2498,"Hunan","mri-esm2-0","ssp126",NA,0.0643176893260845,16.0007048833938
"1664",2499,"Hunan","mri-esm2-0","ssp126",NA,0.00802807313838068,14.408473738413
"1665",2500,"Hunan","mri-esm2-0","ssp126",NA,1.98435249475161,17.6967521061973
"1666",2501,"Hunan","mri-esm2-0","ssp126",NA,3.92997262071211,15.1193169003441
"1667",2502,"Hunan","mri-esm2-0","ssp126",NA,1.77022432556961,9.03556013561433
"1668",2503,"Hunan","mri-esm2-0","ssp126",NA,0.0775699635011863,9.19330210610044
"1669",2504,"Hunan","mri-esm2-0","ssp126",NA,1.90419509394815,9.05014099847705
"1670",2505,"Hunan","mri-esm2-0","ssp126",NA,3.85411851725621,9.747210984003
"1671",2506,"Hunan","mri-esm2-0","ssp126",NA,0.182942478581286,8.9630316598075
"1672",2507,"Hunan","mri-esm2-0","ssp126",NA,2.10965164148677,7.3257991972424
"1673",2508,"Hunan","mri-esm2-0","ssp126",NA,0.263684939363884,8.34407129439099
"1674",2509,"Hunan","mri-esm2-0","ssp126",NA,7.07433711548739,10.9930821494451
"1675",2510,"Hunan","mri-esm2-0","ssp126",NA,5.85533761550973,12.048962014819
"1676",2511,"Hunan","mri-esm2-0","ssp126",NA,8.59978401635349,11.8075398763021
"1677",2512,"Hunan","mri-esm2-0","ssp126",NA,4.5679655490533,4.74975829351518
"1678",2513,"Hunan","mri-esm2-0","ssp126",NA,9.93118168295431,11.7139806717161
"1679",2514,"Hunan","mri-esm2-0","ssp126",NA,6.7762776908499,5.16157314966598
"1680",2515,"Hunan","mri-esm2-0","ssp126",NA,6.19977279187489,8.39954395596945
"1681",2516,"Hunan","mri-esm2-0","ssp126",NA,0.701076745976284,9.52749992249506
"1682",2517,"Hunan","mri-esm2-0","ssp126",NA,8.47915636145444,13.8136439368839
"1683",2518,"Hunan","mri-esm2-0","ssp126",NA,11.1743516502949,14.4952650645423
"1684",2519,"Hunan","mri-esm2-0","ssp126",NA,2.67398526865301,13.4098986186679
"1685",2520,"Hunan","mri-esm2-0","ssp126",NA,13.376187607355,19.651212552994
"1686",2521,"Hunan","mri-esm2-0","ssp126",NA,3.45492332448885,16.4018090384347
"1687",2522,"Hunan","mri-esm2-0","ssp126",NA,6.73233614976588,18.5393612695119
"1688",2523,"Hunan","mri-esm2-0","ssp126",NA,17.5366576919584,20.539679827009
"1689",2524,"Hunan","mri-esm2-0","ssp126",NA,11.6330200498071,23.2121476794046
"1690",2525,"Hunan","mri-esm2-0","ssp126",NA,10.9668738803391,24.5921966431633
"1691",2526,"Hunan","mri-esm2-0","ssp126",NA,8.85105727411428,25.2223486037482
"1692",2527,"Hunan","mri-esm2-0","ssp126",NA,13.5353197421864,26.1761090233213
"1693",2528,"Hunan","mri-esm2-0","ssp126",NA,3.97290383940734,25.8631203787668
"1694",2529,"Hunan","mri-esm2-0","ssp126",NA,15.4950445874679,25.0740968128992
"1695",2530,"Hunan","mri-esm2-0","ssp126",NA,7.35132951185733,28.3984046936035
"1696",2531,"Hunan","mri-esm2-0","ssp126",NA,7.25024223415208,29.256905098567
"1697",2532,"Hunan","mri-esm2-0","ssp126",NA,13.1517636100463,27.5949608454629
"1698",2533,"Hunan","mri-esm2-0","ssp126",NA,3.43447361105323,30.3322714063857
"1699",2534,"Hunan","mri-esm2-0","ssp126",NA,11.0525532342243,28.6236349559966
"1700",2535,"Hunan","mri-esm2-0","ssp126",NA,15.331498012048,27.8929843115428
"1701",2536,"Hunan","mri-esm2-0","ssp126",NA,17.9710257695271,28.0247867039272
"1702",2537,"Hunan","mri-esm2-0","ssp126",NA,0.0116188336050982,31.3803162468804
"1703",2538,"Hunan","mri-esm2-0","ssp126",NA,1.16178478318553,30.1132469298348
"1704",2539,"Hunan","mri-esm2-0","ssp126",NA,7.78932395080249,27.8003216819158
"1705",2540,"Hunan","mri-esm2-0","ssp126",NA,0.507736091003608,28.0120723784916
"1706",2541,"Hunan","mri-esm2-0","ssp126",NA,9.21467662522315,28.2100477188353
"1707",2542,"Hunan","mri-esm2-0","ssp126",NA,0.757315361456027,26.995622737824
"1708",2543,"Hunan","mri-esm2-0","ssp126",NA,7.6045628371373,25.3448384723966
"1709",2544,"Hunan","mri-esm2-0","ssp126",NA,0.382929683415308,22.2823668706985
"1710",2545,"Hunan","mri-esm2-0","ssp126",NA,0.0102381612448101,21.4629417419434
"1711",2546,"Hunan","mri-esm2-0","ssp126",NA,3.42116542369045,24.2264089554075
"1712",2547,"Hunan","mri-esm2-0","ssp126",NA,1.0826531497839,23.080649857294
"1713",2548,"Hunan","mri-esm2-0","ssp126",NA,4.73251577376946,17.6199880448599
"1714",2549,"Hunan","mri-esm2-0","ssp126",NA,0.0023003854169344,15.7938778710744
"1715",2550,"Hunan","mri-esm2-0","ssp126",NA,0.00596987638995676,14.9495913308765
"1716",2551,"Hunan","mri-esm2-0","ssp126",NA,1.44698037574926,14.7889226398771
"1717",2552,"Hunan","mri-esm2-0","ssp126",NA,0.00295783732196599,12.152922263978
"1718",2553,"Hunan","mri-esm2-0","ssp126",NA,0.770253743939975,13.608122095986
"1719",2554,"Hunan","mri-esm2-0","ssp126",NA,2.93954273261079,13.3556947980608
"1720",2555,"Hunan","mri-esm2-0","ssp126",NA,1.02827869315141,7.96164680359858
"1721",2556,"Hunan","mri-esm2-0","ssp126",NA,0.281622643368402,9.0082823859321
"1722",2557,"Hunan","mri-esm2-0","ssp126",NA,0.00812581841143713,6.98670482332747
"1723",2558,"Hunan","mri-esm2-0","ssp126",NA,0.00433166985983137,8.066609470428
"1724",2559,"Hunan","mri-esm2-0","ssp126",NA,0.504023890815526,8.86006837875126
"1725",2560,"Hunan","mri-esm2-0","ssp126",NA,0.964838067615607,8.99939347524494
"1726",2561,"Hunan","mri-esm2-0","ssp126",NA,0.321553598977126,7.03231564476379
"1727",2562,"Hunan","mri-esm2-0","ssp126",NA,0.00140512897165276,9.81731294904439
"1728",2563,"Hunan","mri-esm2-0","ssp126",NA,0.346239867920823,13.9711738586426
"1729",2564,"Hunan","mri-esm2-0","ssp126",NA,0.114865871299636,12.3863070170085
"1730",2565,"Hunan","mri-esm2-0","ssp126",NA,0.910539578178161,16.6083127097478
"1731",2566,"Hunan","mri-esm2-0","ssp126",NA,2.5020808433445,13.1288414122567
"1732",2567,"Hunan","mri-esm2-0","ssp126",NA,0.00402397323081719,10.1559419298929
"1733",2568,"Hunan","mri-esm2-0","ssp126",NA,0.530489464095548,15.3451643565345
"1734",2569,"Hunan","mri-esm2-0","ssp126",NA,7.09440871883089,15.2356956239731
"1735",2570,"Hunan","mri-esm2-0","ssp126",NA,4.01974811110709,18.7092339167519
"1736",2571,"Hunan","mri-esm2-0","ssp126",NA,10.1914133061785,19.3221389649407
"1737",2572,"Hunan","mri-esm2-0","ssp126",NA,1.33550300644336,16.1645457070972
"1738",2573,"Hunan","mri-esm2-0","ssp126",NA,3.22801265211378,20.4245390029181
"1739",2574,"Hunan","mri-esm2-0","ssp126",NA,11.6958561128805,20.2192442273337
"1740",2575,"Hunan","mri-esm2-0","ssp126",NA,2.55253476168816,18.5451537964836
"1741",2576,"Hunan","mri-esm2-0","ssp126",NA,5.18938811956105,22.5290182325575
"1742",2577,"Hunan","mri-esm2-0","ssp126",NA,14.3233986644256,22.8697854420496
"1743",2578,"Hunan","mri-esm2-0","ssp126",NA,8.49153455446218,22.1945080348424
"1744",2579,"Hunan","mri-esm2-0","ssp126",NA,8.03406568443929,23.7178389655219
"1745",2580,"Hunan","mri-esm2-0","ssp126",NA,10.1563940489476,22.5326674446227
"1746",2581,"Hunan","mri-esm2-0","ssp126",NA,5.62376198937013,23.6949948023236
"1747",2582,"Hunan","mri-esm2-0","ssp126",NA,15.1208736400349,25.1458954705133
"1748",2583,"Hunan","mri-esm2-0","ssp126",NA,3.70871447183682,28.1560148329962
"1749",2584,"Hunan","mri-esm2-0","ssp126",NA,7.06176244843196,27.8097999330551
"1750",2585,"Hunan","mri-esm2-0","ssp126",NA,8.89554645838351,27.714080822657
"1751",2586,"Hunan","mri-esm2-0","ssp126",NA,2.84719137469957,30.1544089059981
"1752",2587,"Hunan","mri-esm2-0","ssp126",NA,7.15897569337877,29.035121142675
"1753",2588,"Hunan","mri-esm2-0","ssp126",NA,11.2136158930168,28.7528899177673
"1754",2589,"Hunan","mri-esm2-0","ssp126",NA,7.9960785548922,28.6222089858282
"1755",2590,"Hunan","mri-esm2-0","ssp126",NA,15.4700372203998,27.4264052375915
"1756",2591,"Hunan","mri-esm2-0","ssp126",NA,9.01570388539638,27.4753065684485
"1757",2592,"Hunan","mri-esm2-0","ssp126",NA,0.673229531607181,28.379649159265
"1758",2593,"Hunan","mri-esm2-0","ssp126",NA,3.12908031577795,26.5918584066724
"1759",2594,"Hunan","mri-esm2-0","ssp126",NA,2.9330206663287,27.3551306467208
"1760",2595,"Hunan","mri-esm2-0","ssp126",NA,0.590755229872489,24.0779174441383
"1761",2596,"Hunan","mri-esm2-0","ssp126",NA,0.0107216852484271,22.2898594810849
"1762",2597,"Hunan","mri-esm2-0","ssp126",NA,0.0194960377094893,22.5680894518656
"1763",2598,"Hunan","mri-esm2-0","ssp126",NA,0.123206959934968,22.3292863149492
"1764",2599,"Hunan","mri-esm2-0","ssp126",NA,3.02591777818374,21.3436619107686
"1765",2600,"Hunan","mri-esm2-0","ssp126",NA,5.00066931185107,19.6646200634185
"1766",2601,"Hunan","mri-esm2-0","ssp126",NA,2.11521619789892,14.8321549067422
"1767",2602,"Hunan","mri-esm2-0","ssp126",NA,0.0101073534486724,17.0588762313601
"1768",2603,"Hunan","mri-esm2-0","ssp126",NA,3.48290958589652,11.0358605278863
"1769",2604,"Hunan","mri-esm2-0","ssp126",NA,0.95244975836327,16.1779345073397
"1770",2605,"Hunan","mri-esm2-0","ssp126",NA,1.84741218011238,19.0643495953272
"1771",2606,"Hunan","mri-esm2-0","ssp126",NA,3.54463587487511,16.4859690106105
"1772",2607,"Hunan","mri-esm2-0","ssp126",NA,0.0064719473812147,10.3892746698289
"1773",2608,"Hunan","mri-esm2-0","ssp126",NA,2.44625570963503,12.9896974836077
"1774",2609,"Hunan","mri-esm2-0","ssp126",NA,0.279273594872263,7.40852024138922
"1775",2610,"Hunan","mri-esm2-0","ssp126",NA,3.876088722583,8.21833372570222
"1776",2611,"Hunan","mri-esm2-0","ssp126",NA,0.00278357307641792,9.01034928579181
"1777",2612,"Hunan","mri-esm2-0","ssp126",NA,4.93298314183578,12.3646743532211
"1778",2613,"Hunan","mri-esm2-0","ssp126",NA,4.96636216952148,7.14752791873995
"1779",2614,"Hunan","mri-esm2-0","ssp126",NA,2.93342119571207,5.91040215870693
"1780",2615,"Hunan","mri-esm2-0","ssp126",NA,0.180809604567652,8.29235598851766
"1781",2616,"Hunan","mri-esm2-0","ssp126",NA,0.358816711488024,9.26377452063184
"1782",2617,"Hunan","mri-esm2-0","ssp126",NA,2.10253990363916,12.6770847986615
"1783",2618,"Hunan","mri-esm2-0","ssp126",NA,10.9083854703905,10.0511894347176
"1784",2619,"Hunan","mri-esm2-0","ssp126",NA,1.0918052429588,11.4976141308982
"1785",2620,"Hunan","mri-esm2-0","ssp126",NA,5.10331166874494,10.1819627671015
"1786",2621,"Hunan","mri-esm2-0","ssp126",NA,7.90245940697787,9.78374966818192
"1787",2622,"Hunan","mri-esm2-0","ssp126",NA,4.14596038546863,15.0357828412737
"1788",2623,"Hunan","mri-esm2-0","ssp126",NA,5.14757936178804,20.8388223315042
"1789",2624,"Hunan","mri-esm2-0","ssp126",NA,11.3834538834453,18.7150886293442
"1790",2625,"Hunan","mri-esm2-0","ssp126",NA,4.6690215288241,17.8524628412156
"1791",2626,"Hunan","mri-esm2-0","ssp126",NA,9.94415242791027,20.3586230928936
"1792",2627,"Hunan","mri-esm2-0","ssp126",NA,2.82855051114633,21.3960416400244
"1793",2628,"Hunan","mri-esm2-0","ssp126",NA,2.78535916750765,23.4341522822305
"1794",2629,"Hunan","mri-esm2-0","ssp126",NA,2.52144366135586,24.3025790744358
"1795",2630,"Hunan","mri-esm2-0","ssp126",NA,9.60225389513393,23.9577166360522
"1796",2631,"Hunan","mri-esm2-0","ssp126",NA,12.1570299461772,23.6063056340293
"1797",2632,"Hunan","mri-esm2-0","ssp126",NA,11.6122684325286,25.4111038813516
"1798",2633,"Hunan","mri-esm2-0","ssp126",NA,19.2859267544593,25.3257754613483
"1799",2634,"Hunan","mri-esm2-0","ssp126",NA,2.60334546325924,25.782540833004
"1800",2635,"Hunan","mri-esm2-0","ssp126",NA,3.49073195298583,28.4105402749682
"1801",2636,"Hunan","mri-esm2-0","ssp126",NA,0.899849212633594,26.4545373583597
"1802",2637,"Hunan","mri-esm2-0","ssp126",NA,0.0146551715001156,29.6301906040737
"1803",2638,"Hunan","mri-esm2-0","ssp126",NA,3.56213163471304,29.6310199071491
"1804",2639,"Hunan","mri-esm2-0","ssp126",NA,2.42489565326391,28.6724650186206
"1805",2640,"Hunan","mri-esm2-0","ssp126",NA,0.575296509103802,29.4036838713147
"1806",2641,"Hunan","mri-esm2-0","ssp126",NA,4.37494218569684,30.4169583517408
"1807",2642,"Hunan","mri-esm2-0","ssp126",NA,3.54488706759964,29.8918712676518
"1808",2643,"Hunan","mri-esm2-0","ssp126",NA,7.15485258116522,28.7150888109964
"1809",2644,"Hunan","mri-esm2-0","ssp126",NA,5.51436057090281,28.0085198659746
"1810",2645,"Hunan","mri-esm2-0","ssp126",NA,7.00731996346024,28.6203716338627
"1811",2646,"Hunan","mri-esm2-0","ssp126",NA,4.2733843271565,29.7756204272074
"1812",2647,"Hunan","mri-esm2-0","ssp126",NA,4.21108354119367,23.8836574372791
"1813",2648,"Hunan","mri-esm2-0","ssp126",NA,2.22432160355441,23.9853826976958
"1814",2649,"Hunan","mri-esm2-0","ssp126",NA,0.883025939875941,23.0453449552022
"1815",2650,"Hunan","mri-esm2-0","ssp126",NA,3.43712459849225,24.6897498963371
"1816",2651,"Hunan","mri-esm2-0","ssp126",NA,4.89948760536468,23.0500501723517
"1817",2652,"Hunan","mri-esm2-0","ssp126",NA,0.832116578697293,20.9239192054385
"1818",2653,"Hunan","mri-esm2-0","ssp126",NA,0.382766963113162,16.3591311742389
"1819",2654,"Hunan","mri-esm2-0","ssp126",NA,3.0520234947744,13.6362487671868
"1820",2655,"Hunan","mri-esm2-0","ssp126",NA,2.98319972887709,19.2237387278723
"1821",2656,"Hunan","mri-esm2-0","ssp126",NA,0.952055016484468,10.6062289767795
"1822",2657,"Hunan","mri-esm2-0","ssp126",NA,0.0110040254704862,13.9958924308656
"1823",2658,"Hunan","mri-esm2-0","ssp126",NA,0.388228857017176,9.93234847538057
"1824",2659,"Hunan","mri-esm2-0","ssp126",NA,1.20344801320503,11.9667297968789
"1825",2660,"Hunan","mri-esm2-0","ssp126",NA,0.114495038308503,8.94857310946028
"1826",2661,"Hunan","mri-esm2-0","ssp126",NA,2.86346354841304,8.49566869584343
"1827",2662,"Hunan","mri-esm2-0","ssp126",NA,6.73965040147258,4.16450798397975
"1828",2663,"Hunan","mri-esm2-0","ssp126",NA,0.210129333806565,4.12364506797187
"1829",2664,"Hunan","mri-esm2-0","ssp126",NA,0.972227347977293,8.18894378419909
"1830",2665,"Hunan","mri-esm2-0","ssp126",NA,2.74512517715786,8.45620450216629
"1831",2666,"Hunan","mri-esm2-0","ssp126",NA,1.53077544353956,5.82732979910717
"1832",2667,"Hunan","mri-esm2-0","ssp126",NA,7.92864259934244,7.65093093145463
"1833",2668,"Hunan","mri-esm2-0","ssp126",NA,5.2741374276593,8.53330219813758
"1834",2669,"Hunan","mri-esm2-0","ssp126",NA,2.53795311860553,11.7063190641858
"1835",2670,"Hunan","mri-esm2-0","ssp126",NA,6.42944518787902,14.0223205324204
"1836",2671,"Hunan","mri-esm2-0","ssp126",NA,3.99904851165697,4.15522833930124
"1837",2672,"Hunan","mri-esm2-0","ssp126",NA,1.26201327223368,11.0469183058966
"1838",2673,"Hunan","mri-esm2-0","ssp126",NA,9.22663327092518,11.2655043344649
"1839",2674,"Hunan","mri-esm2-0","ssp126",NA,3.92654028322405,16.4415319654677
"1840",2675,"Hunan","mri-esm2-0","ssp126",NA,2.91056835627777,12.7970850626628
"1841",2676,"Hunan","mri-esm2-0","ssp126",NA,10.4817147247494,21.7772184826079
"1842",2677,"Hunan","mri-esm2-0","ssp126",NA,6.08200205846775,14.0193242390951
"1843",2678,"Hunan","mri-esm2-0","ssp126",NA,6.99562255555455,19.0028814406622
"1844",2679,"Hunan","mri-esm2-0","ssp126",NA,23.5187762781347,23.9620053851416
"1845",2680,"Hunan","mri-esm2-0","ssp126",NA,4.05370528584561,22.4923501514253
"1846",2681,"Hunan","mri-esm2-0","ssp126",NA,9.74069888265408,22.3913935827831
"1847",2682,"Hunan","mri-esm2-0","ssp126",NA,10.4849381781865,24.1000237964449
"1848",2683,"Hunan","mri-esm2-0","ssp126",NA,13.9052400191174,23.6994250585163
"1849",2684,"Hunan","mri-esm2-0","ssp126",NA,18.1971617479121,24.7296073671371
"1850",2685,"Hunan","mri-esm2-0","ssp126",NA,8.9311147018764,23.3618830847362
"1851",2686,"Hunan","mri-esm2-0","ssp126",NA,11.0868322485918,25.2324808635409
"1852",2687,"Hunan","mri-esm2-0","ssp126",NA,5.25905926788255,26.4252340649802
"1853",2688,"Hunan","mri-esm2-0","ssp126",NA,21.5996022261866,26.1944868420798
"1854",2689,"Hunan","mri-esm2-0","ssp126",NA,13.994273411689,27.3385048639207
"1855",2690,"Hunan","mri-esm2-0","ssp126",NA,6.08559806656948,29.4479831029499
"1856",2691,"Hunan","mri-esm2-0","ssp126",NA,26.8945302556079,27.6218774704706
"1857",2692,"Hunan","mri-esm2-0","ssp126",NA,11.5211190398246,27.5926087515695
"1858",2693,"Hunan","mri-esm2-0","ssp126",NA,0.0670396391992004,31.0917628575885
"1859",2694,"Hunan","mri-esm2-0","ssp126",NA,0.732681822260669,29.5149567740304
"1860",2695,"Hunan","mri-esm2-0","ssp126",NA,0.738714786952447,28.9788538736011
"1861",2696,"Hunan","mri-esm2-0","ssp126",NA,0.147230979889303,29.924587261866
"1862",2697,"Hunan","mri-esm2-0","ssp126",NA,9.14475088286833,27.9916260250031
"1863",2698,"Hunan","mri-esm2-0","ssp126",NA,7.57315413000989,24.4679614596897
"1864",2699,"Hunan","mri-esm2-0","ssp126",NA,1.19534451453416,23.9440247187539
"1865",2700,"Hunan","mri-esm2-0","ssp126",NA,0.252260435646739,25.67103402274
"1866",2701,"Hunan","mri-esm2-0","ssp126",NA,0.00868989180682029,23.0976916842991
"1867",2702,"Hunan","mri-esm2-0","ssp126",NA,1.23768099514174,20.0875818888347
"1868",2703,"Hunan","mri-esm2-0","ssp126",NA,0.308792495596728,17.0389554583837
"1869",2704,"Hunan","mri-esm2-0","ssp126",NA,0.00434350179472988,17.2118194337875
"1870",2705,"Hunan","mri-esm2-0","ssp126",NA,0.0134452072740844,17.451795499287
"1871",2706,"Hunan","mri-esm2-0","ssp126",NA,0.291038883915462,13.8718647548131
"1872",2707,"Hunan","mri-esm2-0","ssp126",NA,0.00198164501463387,12.2696258423821
"1873",2708,"Hunan","mri-esm2-0","ssp126",NA,0.00446022392809807,11.5346086411249
"1874",2709,"Hunan","mri-esm2-0","ssp126",NA,0.00244862191201329,11.6259084550161
"1875",2710,"Hunan","mri-esm2-0","ssp126",NA,0.511632688968738,12.3340347653344
"1876",2711,"Hunan","mri-esm2-0","ssp126",NA,0.0212656810098062,9.39764835418219
"1877",2712,"Hunan","mri-esm2-0","ssp126",NA,0.681148289686462,13.9372974092998
"1878",2713,"Hunan","mri-esm2-0","ssp126",NA,1.09109737554718,7.85883925907198
"1879",2714,"Hunan","mri-esm2-0","ssp126",NA,0.203935542010315,5.62865461319214
"1880",2715,"Hunan","mri-esm2-0","ssp126",NA,3.03790211813586,8.65353564307806
"1881",2716,"Hunan","mri-esm2-0","ssp126",NA,1.95400795947275,9.43691866435704
"1882",2717,"Hunan","mri-esm2-0","ssp126",NA,0.00486431168350724,8.50123355199423
"1883",2718,"Hunan","mri-esm2-0","ssp126",NA,15.5879051892043,8.29424983433317
"1884",2719,"Hunan","mri-esm2-0","ssp126",NA,1.55933027993212,2.67000484163801
"1885",2720,"Hunan","mri-esm2-0","ssp126",NA,0.696098474983436,8.08984134008016
"1886",2721,"Hunan","mri-esm2-0","ssp126",NA,0.946673160673787,12.430626048739
"1887",2722,"Hunan","mri-esm2-0","ssp126",NA,4.22686132929552,14.1998354715014
"1888",2723,"Hunan","mri-esm2-0","ssp126",NA,5.38703109389514,6.86503868708537
"1889",2724,"Hunan","mri-esm2-0","ssp126",NA,6.46888448431387,13.9255260406979
"1890",2725,"Hunan","mri-esm2-0","ssp126",NA,3.50224134446242,13.5144895644415
"1891",2726,"Hunan","mri-esm2-0","ssp126",NA,3.59882655529873,17.5780395750016
"1892",2727,"Hunan","mri-esm2-0","ssp126",NA,2.63081039205905,15.31428444272
"1893",2728,"Hunan","mri-esm2-0","ssp126",NA,0.290107872206136,22.6738556877015
"1894",2729,"Hunan","mri-esm2-0","ssp126",NA,12.6838127145285,17.5299892849393
"1895",2730,"Hunan","mri-esm2-0","ssp126",NA,8.05282924864384,18.7091154794845
"1896",2731,"Hunan","mri-esm2-0","ssp126",NA,7.3393836685552,19.3655333261641
"1897",2732,"Hunan","mri-esm2-0","ssp126",NA,0.881395120872445,19.9692342970107
"1898",2733,"Hunan","mri-esm2-0","ssp126",NA,7.19142967417221,22.6203268868583
"1899",2734,"Hunan","mri-esm2-0","ssp126",NA,7.48868951170932,26.1790644448901
"1900",2735,"Hunan","mri-esm2-0","ssp126",NA,5.2258659979868,23.5122729225764
"1901",2736,"Hunan","mri-esm2-0","ssp126",NA,5.22102120014876,26.5101439581977
"1902",2737,"Hunan","mri-esm2-0","ssp126",NA,2.892188010024,27.9021538749574
"1903",2738,"Hunan","mri-esm2-0","ssp126",NA,15.3425910028805,25.1734043424092
"1904",2739,"Hunan","mri-esm2-0","ssp126",NA,5.8032152648788,26.5924703931052
"1905",2740,"Hunan","mri-esm2-0","ssp126",NA,9.14286411638646,26.1016211252364
"1906",2741,"Hunan","mri-esm2-0","ssp126",NA,15.8047283987019,26.2599006047325
"1907",2742,"Hunan","mri-esm2-0","ssp126",NA,0.543646837266871,28.5388748653352
"1908",2743,"Hunan","mri-esm2-0","ssp126",NA,3.30166137663192,30.1993967813159
"1909",2744,"Hunan","mri-esm2-0","ssp126",NA,9.55031333246552,29.0721201942081
"1910",2745,"Hunan","mri-esm2-0","ssp126",NA,5.18836154193585,29.768137747144
"1911",2746,"Hunan","mri-esm2-0","ssp126",NA,2.03416368828065,31.0053943573483
"1912",2747,"Hunan","mri-esm2-0","ssp126",NA,6.74686197648303,27.751550232418
"1913",2748,"Hunan","mri-esm2-0","ssp126",NA,1.93046950711765,26.2375323704311
"1914",2749,"Hunan","mri-esm2-0","ssp126",NA,7.11783358002712,28.3783654833597
"1915",2750,"Hunan","mri-esm2-0","ssp126",NA,9.8258492102689,26.3934221540179
"1916",2751,"Hunan","mri-esm2-0","ssp126",NA,0.62617105778762,26.5834695846316
"1917",2752,"Hunan","mri-esm2-0","ssp126",NA,0.0374152143129842,25.0322193085201
"1918",2753,"Hunan","mri-esm2-0","ssp126",NA,0.514853175705607,24.6952129666768
"1919",2754,"Hunan","mri-esm2-0","ssp126",NA,3.68733276131934,19.3838754805308
"1920",2755,"Hunan","mri-esm2-0","ssp126",NA,1.77163851084775,19.8481892903646
"1921",2756,"Hunan","mri-esm2-0","ssp126",NA,9.21539318702734,22.2755260285877
"1922",2757,"Hunan","mri-esm2-0","ssp126",NA,4.68683563390187,17.2711819966634
"1923",2758,"Hunan","mri-esm2-0","ssp126",NA,2.74703547907588,20.3403169662234
"1924",2759,"Hunan","mri-esm2-0","ssp126",NA,6.99262087847014,16.3709205264137
"1925",2760,"Hunan","mri-esm2-0","ssp126",NA,0.496849994611434,14.7618288433741
"1926",2761,"Hunan","mri-esm2-0","ssp126",NA,0.279339015287405,12.6809062776112
"1927",2762,"Hunan","mri-esm2-0","ssp126",NA,1.44405027056434,8.01660684252544
"1928",2763,"Hunan","mri-esm2-0","ssp126",NA,5.71005408579107,9.84969367375451
"1929",2764,"Hunan","mri-esm2-0","ssp126",NA,2.9931717317595,7.4513991946266
"1930",2765,"Hunan","mri-esm2-0","ssp126",NA,4.35152840025564,7.33755560980905
"1931",2766,"Hunan","mri-esm2-0","ssp126",NA,0.608339356306585,9.02108977787081
"1932",2767,"Hunan","mri-esm2-0","ssp126",NA,1.21336159971049,7.48849367414204
"1933",2768,"Hunan","mri-esm2-0","ssp126",NA,3.29925177023012,10.7847718859476
"1934",2769,"Hunan","mri-esm2-0","ssp126",NA,1.25355507269498,5.06539573063928
"1935",2770,"Hunan","mri-esm2-0","ssp126",NA,0.499474772017753,6.68510341341536
"1936",2771,"Hunan","mri-esm2-0","ssp126",NA,0.121008494215857,8.87885872977123
"1937",2772,"Hunan","mri-esm2-0","ssp126",NA,2.00395199934584,10.9768665979779
"1938",2773,"Hunan","mri-esm2-0","ssp126",NA,2.6316438541666,12.8459213014633
"1939",2774,"Hunan","mri-esm2-0","ssp126",NA,3.39498289444496,19.4903608776274
"1940",2775,"Hunan","mri-esm2-0","ssp126",NA,1.66713638728392,10.7633872380333
"1941",2776,"Hunan","mri-esm2-0","ssp126",NA,14.1946885678343,13.1025265406049
"1942",2777,"Hunan","mri-esm2-0","ssp126",NA,1.69259386701534,9.61522409348263
"1943",2778,"Hunan","mri-esm2-0","ssp126",NA,5.8935897930626,11.3365941849966
"1944",2779,"Hunan","mri-esm2-0","ssp126",NA,4.11191362085706,17.0801914881146
"1945",2780,"Hunan","mri-esm2-0","ssp126",NA,4.94859493030942,15.2819107418969
"1946",2781,"Hunan","mri-esm2-0","ssp126",NA,5.60521196989612,24.0945592123365
"1947",2782,"Hunan","mri-esm2-0","ssp126",NA,4.63726038936849,17.958400617327
"1948",2783,"Hunan","mri-esm2-0","ssp126",NA,10.3392495815569,22.9664232889811
"1949",2784,"Hunan","mri-esm2-0","ssp126",NA,11.9444177063737,22.7273345947266
"1950",2785,"Hunan","mri-esm2-0","ssp126",NA,5.06455946124334,23.366114250062
"1951",2786,"Hunan","mri-esm2-0","ssp126",NA,3.50823923470541,24.633140333872
"1952",2787,"Hunan","mri-esm2-0","ssp126",NA,14.6491850144685,22.7791923765152
"1953",2788,"Hunan","mri-esm2-0","ssp126",NA,22.7003144449944,24.2965694124737
"1954",2789,"Hunan","mri-esm2-0","ssp126",NA,14.315703441207,26.3423032730345
"1955",2790,"Hunan","mri-esm2-0","ssp126",NA,10.2707829684797,26.5559737916977
"1956",2791,"Hunan","mri-esm2-0","ssp126",NA,1.61187370558764,28.0533521258642
"1957",2792,"Hunan","mri-esm2-0","ssp126",NA,14.0102022960491,27.5592686002217
"1958",2793,"Hunan","mri-esm2-0","ssp126",NA,6.60089999358076,28.5554162403894
"1959",2794,"Hunan","mri-esm2-0","ssp126",NA,4.72708232542313,28.2401989649213
"1960",2795,"Hunan","mri-esm2-0","ssp126",NA,16.804221223096,27.3088165283203
"1961",2796,"Hunan","mri-esm2-0","ssp126",NA,0.657281071640422,31.068918754941
"1962",2797,"Hunan","mri-esm2-0","ssp126",NA,8.99215916809096,27.794017864409
"1963",2798,"Hunan","mri-esm2-0","ssp126",NA,0.883578333956133,29.8613713097951
"1964",2799,"Hunan","mri-esm2-0","ssp126",NA,0.662577436092501,32.1240568736243
"1965",2800,"Hunan","mri-esm2-0","ssp126",NA,7.02130763802415,30.678119429331
"1966",2801,"Hunan","mri-esm2-0","ssp126",NA,6.10370602677384,29.4677650330559
"1967",2802,"Hunan","mri-esm2-0","ssp126",NA,9.65617656081251,26.8703925844223
"1968",2803,"Hunan","mri-esm2-0","ssp126",NA,1.40867072885677,24.7919868711442
"1969",2804,"Hunan","mri-esm2-0","ssp126",NA,5.25572217491442,24.7316292777894
"1970",2805,"Hunan","mri-esm2-0","ssp126",NA,1.0789243063495,20.1874041602725
"1971",2806,"Hunan","mri-esm2-0","ssp126",NA,1.21025737075797,23.2340661427331
"1972",2807,"Hunan","mri-esm2-0","ssp126",NA,3.82411245298369,26.5744932992118
"1973",2808,"Hunan","mri-esm2-0","ssp126",NA,3.16536214862546,22.9195478045751
"1974",2809,"Hunan","mri-esm2-0","ssp126",NA,8.04556177266542,17.9605023944189
"1975",2810,"Hunan","mri-esm2-0","ssp126",NA,2.3498537591487,18.5837071252248
"1976",2811,"Hunan","mri-esm2-0","ssp126",NA,1.50666967582375,13.6888354589069
"1977",2812,"Hunan","mri-esm2-0","ssp126",NA,2.57957936100216,14.9364558749729
"1978",2813,"Hunan","mri-esm2-0","ssp126",NA,1.8600693321462,17.2011440943158
"1979",2814,"Hunan","mri-esm2-0","ssp126",NA,6.5833407124111,12.7235845656622
"1980",2815,"Hunan","mri-esm2-0","ssp126",NA,8.66619232816187,11.091641756088
"1981",2816,"Hunan","mri-esm2-0","ssp126",NA,1.00109778070094,6.79176180400548
"1982",2817,"Hunan","mri-esm2-0","ssp126",NA,3.19818731917881,11.7853948926169
"1983",2818,"Hunan","mri-esm2-0","ssp126",NA,2.34864000807907,10.8612205989777
"1984",2819,"Hunan","mri-esm2-0","ssp126",NA,0.270090567002106,10.6995319305905
"1985",2820,"Hunan","mri-esm2-0","ssp126",NA,4.23026115878591,8.25739683120972
"1986",2821,"Hunan","mri-esm2-0","ssp126",NA,4.28926047073738,2.81724797808937
"1987",2822,"Hunan","mri-esm2-0","ssp126",NA,0.779034788222686,-0.247177596319267
"1988",2823,"Hunan","mri-esm2-0","ssp126",NA,1.07341846032796,3.94217398507257
"1989",2824,"Hunan","mri-esm2-0","ssp126",NA,14.8912966878665,6.11969891502746
"1990",2825,"Hunan","mri-esm2-0","ssp126",NA,1.39910651813417,7.21241077241446
"1991",2826,"Hunan","mri-esm2-0","ssp126",NA,4.41325373861088,8.6761162894113
"1992",2827,"Hunan","mri-esm2-0","ssp126",NA,3.48463426223913,10.9915037124876
"1993",2828,"Hunan","mri-esm2-0","ssp126",NA,4.3392058727477,11.2937889220223
"1994",2829,"Hunan","mri-esm2-0","ssp126",NA,2.75029633621021,9.95072356935534
"1995",2830,"Hunan","mri-esm2-0","ssp126",NA,5.9470035526244,15.9030901712085
"1996",2831,"Hunan","mri-esm2-0","ssp126",NA,4.12421611213176,11.4295424325126
"1997",2832,"Hunan","mri-esm2-0","ssp126",NA,11.3683213538674,16.603296261742
"1998",2833,"Hunan","mri-esm2-0","ssp126",NA,4.08164905298431,20.3175590878441
"1999",2834,"Hunan","mri-esm2-0","ssp126",NA,15.9356994934829,21.7157916235546
"2000",2835,"Hunan","mri-esm2-0","ssp126",NA,6.32349140492546,17.8647966051859
"2001",2836,"Hunan","mri-esm2-0","ssp126",NA,15.7073085487484,18.4889380560981
"2002",2837,"Hunan","mri-esm2-0","ssp126",NA,4.92148293866584,19.7428836640858
"2003",2838,"Hunan","mri-esm2-0","ssp126",NA,3.74327957816994,21.9562275720021
"2004",2839,"Hunan","mri-esm2-0","ssp126",NA,6.78778544365741,24.4297507876442
"2005",2840,"Hunan","mri-esm2-0","ssp126",NA,1.83829917814364,25.6257076081776
"2006",2841,"Hunan","mri-esm2-0","ssp126",NA,1.4901734398336,23.2688824002705
"2007",2842,"Hunan","mri-esm2-0","ssp126",NA,3.65268227629453,24.8832817804246
"2008",2843,"Hunan","mri-esm2-0","ssp126",NA,6.09122868837143,27.5264517284575
"2009",2844,"Hunan","mri-esm2-0","ssp126",NA,6.36951875940213,29.2496660747226
"2010",2845,"Hunan","mri-esm2-0","ssp126",NA,3.48938628345162,28.572968994625
"2011",2846,"Hunan","mri-esm2-0","ssp126",NA,6.54664396734656,27.554456995404
"2012",2847,"Hunan","mri-esm2-0","ssp126",NA,7.71702980767129,26.9485570635115
"2013",2848,"Hunan","mri-esm2-0","ssp126",NA,0.502753692087156,30.5581700279599
"2014",2849,"Hunan","mri-esm2-0","ssp126",NA,1.93742350040468,30.5172531612336
"2015",2850,"Hunan","mri-esm2-0","ssp126",NA,4.77061042373472,30.083444758824
"2016",2851,"Hunan","mri-esm2-0","ssp126",NA,5.64233782264247,29.5592386881511
"2017",2852,"Hunan","mri-esm2-0","ssp126",NA,14.2436442334201,27.7990035526336
"2018",2853,"Hunan","mri-esm2-0","ssp126",NA,8.59109710087458,24.9334296090262
"2019",2854,"Hunan","mri-esm2-0","ssp126",NA,14.3691215949145,27.8328568715898
"2020",2855,"Hunan","mri-esm2-0","ssp126",NA,6.55427090906155,26.4326165335519
"2021",2856,"Hunan","mri-esm2-0","ssp126",NA,5.19343099775662,20.289209953187
"2022",2857,"Hunan","mri-esm2-0","ssp126",NA,0.0185942981715925,23.1899443247962
"2023",2858,"Hunan","mri-esm2-0","ssp126",NA,7.60831002087668,23.7091315254333
"2024",2859,"Hunan","mri-esm2-0","ssp126",NA,0.00326284660851732,19.1050103929308
"2025",2860,"Hunan","mri-esm2-0","ssp126",NA,0.182830913282877,18.5642842610677
"2026",2861,"Hunan","mri-esm2-0","ssp126",NA,1.46437808922591,18.1002481975253
"2027",2862,"Hunan","mri-esm2-0","ssp126",NA,0.00917710914498977,18.5076968601772
"2028",2863,"Hunan","mri-esm2-0","ssp126",NA,0.172684857495499,17.7677442883689
"2029",2864,"Hunan","mri-esm2-0","ssp126",NA,7.27404650000868,15.0361790853834
"2030",2865,"Hunan","mri-esm2-0","ssp126",NA,2.69981459586493,19.2091266813733
"2031",2866,"Hunan","mri-esm2-0","ssp126",NA,6.39340023208206,10.2321182856484
"2032",2867,"Hunan","mri-esm2-0","ssp126",NA,3.03558281937382,8.10339719984269
"2033",2868,"Hunan","mri-esm2-0","ssp126",NA,0.0131492731010699,9.86743788946245
"2034",2869,"Hunan","mri-esm2-0","ssp126",NA,0.0117376909526813,8.27802895439998
"2035",2870,"Hunan","mri-esm2-0","ssp126",NA,0.0202566552161443,10.2068126739018
"2036",2871,"Hunan","mri-esm2-0","ssp126",NA,0.998182907200576,8.82424122643851
"2037",2872,"Hunan","mri-esm2-0","ssp126",NA,2.06337178784841,9.10914358714272
"2038",2873,"Hunan","mri-esm2-0","ssp126",NA,0.231023750295987,9.26021552918452
"2039",2874,"Hunan","mri-esm2-0","ssp126",NA,13.9044780482436,8.00032486688525
"2040",2875,"Hunan","mri-esm2-0","ssp126",NA,0.0790308628633544,3.90538322812037
"2041",2876,"Hunan","mri-esm2-0","ssp126",NA,0.142131203418623,10.9880680023678
"2042",2877,"Hunan","mri-esm2-0","ssp126",NA,2.48236051664077,10.2712424868629
"2043",2878,"Hunan","mri-esm2-0","ssp126",NA,5.0267609209316,11.0503596472362
"2044",2879,"Hunan","mri-esm2-0","ssp126",NA,6.84057452793111,9.83243852645634
"2045",2880,"Hunan","mri-esm2-0","ssp126",NA,17.1179334754925,11.3064370654878
"2046",2881,"Hunan","mri-esm2-0","ssp126",NA,2.13340429691665,10.2494992574056
"2047",2882,"Hunan","mri-esm2-0","ssp126",NA,0.0654251438196037,15.5201661972773
"2048",2883,"Hunan","mri-esm2-0","ssp126",NA,5.00863770832569,16.130571649945
"2049",2884,"Hunan","mri-esm2-0","ssp126",NA,11.9719626276232,10.5988409375388
"2050",2885,"Hunan","mri-esm2-0","ssp126",NA,5.41106165059578,17.5677273583791
"2051",2886,"Hunan","mri-esm2-0","ssp126",NA,14.7812378355801,21.2595537700351
"2052",2887,"Hunan","mri-esm2-0","ssp126",NA,8.50421419109547,19.2026599217975
"2053",2888,"Hunan","mri-esm2-0","ssp126",NA,4.57763412571564,20.0830432467991
"2054",2889,"Hunan","mri-esm2-0","ssp126",NA,11.9733166042222,21.7857574099586
"2055",2890,"Hunan","mri-esm2-0","ssp126",NA,18.104677534419,23.8230827694848
"2056",2891,"Hunan","mri-esm2-0","ssp126",NA,5.87795727886779,22.8506288800921
"2057",2892,"Hunan","mri-esm2-0","ssp126",NA,7.99268289386288,26.4336615183997
"2058",2893,"Hunan","mri-esm2-0","ssp126",NA,5.64922344489267,28.1043479071723
"2059",2894,"Hunan","mri-esm2-0","ssp126",NA,10.7567566216143,27.3838005792527
"2060",2895,"Hunan","mri-esm2-0","ssp126",NA,14.2377332608313,26.0385397169325
"2061",2896,"Hunan","mri-esm2-0","ssp126",NA,8.37400003067939,28.7806121099563
"2062",2897,"Hunan","mri-esm2-0","ssp126",NA,8.06377603585783,28.2433676462325
"2063",2898,"Hunan","mri-esm2-0","ssp126",NA,8.16049318230917,29.2245154123458
"2064",2899,"Hunan","mri-esm2-0","ssp126",NA,15.5611848660166,28.5872131347656
"2065",2900,"Hunan","mri-esm2-0","ssp126",NA,7.40335737457696,29.8529603867304
"2066",2901,"Hunan","mri-esm2-0","ssp126",NA,0.971372645634412,32.2278067089263
"2067",2902,"Hunan","mri-esm2-0","ssp126",NA,3.41385273211147,29.8468987722246
"2068",2903,"Hunan","mri-esm2-0","ssp126",NA,10.2556610837317,27.6967438712953
"2069",2904,"Hunan","mri-esm2-0","ssp126",NA,11.8276678366198,26.5482168772864
"2070",2905,"Hunan","mri-esm2-0","ssp126",NA,2.55054970990776,26.663837566073
"2071",2906,"Hunan","mri-esm2-0","ssp126",NA,5.13482358637702,27.2007935054719
"2072",2907,"Hunan","mri-esm2-0","ssp126",NA,3.21592050696771,24.3148395719983
"2073",2908,"Hunan","mri-esm2-0","ssp126",NA,5.74787532732444,24.3006126282707
"2074",2909,"Hunan","mri-esm2-0","ssp126",NA,2.32972692797375,22.3054576571026
"2075",2910,"Hunan","mri-esm2-0","ssp126",NA,5.43247600253381,24.3475220816476
"2076",2911,"Hunan","mri-esm2-0","ssp126",NA,4.29782197602435,23.9909539116754
"2077",2912,"Hunan","mri-esm2-0","ssp126",NA,2.30651845727802,21.2210559057811
"2078",2913,"Hunan","mri-esm2-0","ssp126",NA,1.41891845195719,17.5133866930765
"2079",2914,"Hunan","mri-esm2-0","ssp126",NA,0.00978961254856716,16.005325571696
"2080",2915,"Hunan","mri-esm2-0","ssp126",NA,0.304217753020047,13.1799495152065
"2081",2916,"Hunan","mri-esm2-0","ssp126",NA,0.0733963689916501,16.3495986090766
"2082",2917,"Hunan","mri-esm2-0","ssp126",NA,1.06000767960463,13.4769278753372
"2083",2918,"Hunan","mri-esm2-0","ssp126",NA,0.0451456876362499,10.8906666104756
"2084",2919,"Hunan","mri-esm2-0","ssp126",NA,0.67178714378185,9.58463252234083
"2085",2920,"Hunan","mri-esm2-0","ssp126",NA,0.203331632357211,11.3224250672356
"2086",2921,"Hunan","mri-esm2-0","ssp126",NA,0.136699916051189,11.525034053742
"2087",2922,"Hunan","mri-esm2-0","ssp126",NA,1.84039460308928,11.1509005955288
"2088",2923,"Hunan","mri-esm2-0","ssp126",NA,2.17187620477099,9.91374407571462
"2089",2924,"Hunan","mri-esm2-0","ssp126",NA,0.549218136367407,4.57717412312828
"2090",2925,"Hunan","mri-esm2-0","ssp126",NA,0.560702319476799,5.83204615759473
"2091",2926,"Hunan","mri-esm2-0","ssp126",NA,4.05933202096094,6.86120237320191
"2092",2927,"Hunan","mri-esm2-0","ssp126",NA,0.689667641940365,5.26373728192044
"2093",2928,"Hunan","mri-esm2-0","ssp126",NA,3.49131847695259,10.3667459154886
"2094",2929,"Hunan","mri-esm2-0","ssp126",NA,2.38789191629881,9.07479350983153
"2095",2930,"Hunan","mri-esm2-0","ssp126",NA,5.44989097205481,9.58684438069664
"2096",2931,"Hunan","mri-esm2-0","ssp126",NA,6.50604588470612,14.1259185064407
"2097",2932,"Hunan","mri-esm2-0","ssp126",NA,0.819282358432766,13.1297408331008
"2098",2933,"Hunan","mri-esm2-0","ssp126",NA,2.79951108788867,17.8542965601361
"2099",2934,"Hunan","mri-esm2-0","ssp126",NA,2.63533336584,16.3282209850493
"2100",2935,"Hunan","mri-esm2-0","ssp126",NA,8.30794407028016,14.1608196561299
"2101",2936,"Hunan","mri-esm2-0","ssp126",NA,5.77683838853643,15.8736388312446
"2102",2937,"Hunan","mri-esm2-0","ssp126",NA,2.64224518635144,18.5463199433826
"2103",2938,"Hunan","mri-esm2-0","ssp126",NA,2.02949522459416,16.9826909140935
"2104",2939,"Hunan","mri-esm2-0","ssp126",NA,12.8233147378978,22.6783199734158
"2105",2940,"Hunan","mri-esm2-0","ssp126",NA,13.1006247509829,17.9294377402654
"2106",2941,"Hunan","mri-esm2-0","ssp126",NA,5.71435008777631,20.3475370982337
"2107",2942,"Hunan","mri-esm2-0","ssp126",NA,16.1140783015981,20.1198757837689
"2108",2943,"Hunan","mri-esm2-0","ssp126",NA,3.90927100321668,19.3002771165636
"2109",2944,"Hunan","mri-esm2-0","ssp126",NA,7.53501316817814,25.020170859685
"2110",2945,"Hunan","mri-esm2-0","ssp126",NA,13.1669926812265,25.6264706081814
"2111",2946,"Hunan","mri-esm2-0","ssp126",NA,1.92929361838391,23.855982777429
"2112",2947,"Hunan","mri-esm2-0","ssp126",NA,9.81462604679239,26.9379655262781
"2113",2948,"Hunan","mri-esm2-0","ssp126",NA,19.951849145569,27.6432943919349
"2114",2949,"Hunan","mri-esm2-0","ssp126",NA,17.4080918249859,27.0142266530839
"2115",2950,"Hunan","mri-esm2-0","ssp126",NA,17.5646254802229,28.0760311671666
"2116",2951,"Hunan","mri-esm2-0","ssp126",NA,1.76241891111723,29.2711081247481
"2117",2952,"Hunan","mri-esm2-0","ssp126",NA,3.84294358527118,30.8434319995699
"2118",2953,"Hunan","mri-esm2-0","ssp126",NA,0.881899005467598,29.3641502864777
"2119",2954,"Hunan","mri-esm2-0","ssp126",NA,5.31391975558628,30.7996518089658
"2120",2955,"Hunan","mri-esm2-0","ssp126",NA,3.79304377745809,29.2104564363995
"2121",2956,"Hunan","mri-esm2-0","ssp126",NA,2.37219580992912,30.2782623775422
"2122",2957,"Hunan","mri-esm2-0","ssp126",NA,0.840883805546712,27.883512478783
"2123",2958,"Hunan","mri-esm2-0","ssp126",NA,6.57650981901108,29.2022739107647
"2124",2959,"Hunan","mri-esm2-0","ssp126",NA,7.19745738832509,29.4682414463588
"2125",2960,"Hunan","mri-esm2-0","ssp126",NA,18.4854709722523,27.2629376487127
"2126",2961,"Hunan","mri-esm2-0","ssp126",NA,1.59355784816658,24.989470478845
"2127",2962,"Hunan","mri-esm2-0","ssp126",NA,0.949965208162342,25.1166964455257
"2128",2963,"Hunan","mri-esm2-0","ssp126",NA,4.15409803236538,20.7787033686562
"2129",2964,"Hunan","mri-esm2-0","ssp126",NA,0.50015658751233,23.824968198746
"2130",2965,"Hunan","mri-esm2-0","ssp126",NA,3.19623562701444,14.7392435346331
"2131",2966,"Hunan","mri-esm2-0","ssp126",NA,0.0105447618807375,16.5520748683385
"2132",2967,"Hunan","mri-esm2-0","ssp126",NA,0.43349716859536,16.7234254382906
"2133",2968,"Hunan","mri-esm2-0","ssp126",NA,0.0104486893438402,15.1984050205776
"2134",2969,"Hunan","mri-esm2-0","ssp126",NA,0.730007910624408,15.6203594026112
"2135",2970,"Hunan","mri-esm2-0","ssp126",NA,4.25403249840721,12.4376873561314
"2136",2971,"Hunan","mri-esm2-0","ssp126",NA,0.272195199353779,10.460595703125
"2137",2972,"Hunan","mri-esm2-0","ssp126",NA,0.882764459519032,10.3350153241839
"2138",2973,"Hunan","mri-esm2-0","ssp126",NA,0.541903462193919,7.31971517895898
"2139",2974,"Hunan","mri-esm2-0","ssp126",NA,1.4402761722392,7.01561405242438
"2140",2975,"Hunan","mri-esm2-0","ssp126",NA,0.0109096409102806,8.29433496868802
"2141",2976,"Hunan","mri-esm2-0","ssp126",NA,0.247024664648572,8.73395908900672
"2142",2977,"Hunan","mri-esm2-0","ssp126",NA,1.36902650332818,7.87623536851673
"2143",2978,"Hunan","mri-esm2-0","ssp126",NA,3.70999065200652,7.8285236782498
"2144",2979,"Hunan","mri-esm2-0","ssp126",NA,8.11168733638234,8.1814635261657
"2145",2980,"Hunan","mri-esm2-0","ssp126",NA,1.62718139534783,5.33755312722829
"2146",2981,"Hunan","mri-esm2-0","ssp126",NA,3.31509219744735,8.25123064555821
"2147",2982,"Hunan","mri-esm2-0","ssp126",NA,12.0073083222321,10.9149424961635
"2148",2983,"Hunan","mri-esm2-0","ssp126",NA,2.48302966134751,10.2503514486646
"2149",2984,"Hunan","mri-esm2-0","ssp126",NA,6.72166018358179,10.7198268466526
"2150",2985,"Hunan","mri-esm2-0","ssp126",NA,1.98812008310857,10.1628499833365
"2151",2986,"Hunan","mri-esm2-0","ssp126",NA,5.92735805440238,14.7142871190631
"2152",2987,"Hunan","mri-esm2-0","ssp126",NA,3.66414215993375,12.6566209460062
"2153",2988,"Hunan","mri-esm2-0","ssp126",NA,3.74791725987831,18.7077642289419
"2154",2989,"Hunan","mri-esm2-0","ssp126",NA,8.87976376144642,16.5336980789427
"2155",2990,"Hunan","mri-esm2-0","ssp126",NA,2.72818283068383,13.2570358881875
"2156",2991,"Hunan","mri-esm2-0","ssp126",NA,13.2914444943188,16.8744015890455
"2157",2992,"Hunan","mri-esm2-0","ssp126",NA,12.3862656150322,18.7782212635828
"2158",2993,"Hunan","mri-esm2-0","ssp126",NA,5.84071148433785,22.5886411636595
"2159",2994,"Hunan","mri-esm2-0","ssp126",NA,3.40840876150261,23.6930663820297
"2160",2995,"Hunan","mri-esm2-0","ssp126",NA,10.8075859779482,25.4015196663993
"2161",2996,"Hunan","mri-esm2-0","ssp126",NA,4.17205743269083,23.5766321333628
"2162",2997,"Hunan","mri-esm2-0","ssp126",NA,0.00106974729143466,23.072217438713
"2163",2998,"Hunan","mri-esm2-0","ssp126",NA,5.9811040661121,25.6512473696754
"2164",2999,"Hunan","mri-esm2-0","ssp126",NA,2.09024879980981,26.6836838616265
"2165",3000,"Hunan","mri-esm2-0","ssp126",NA,19.9926270661828,26.9988155183338
"2166",3001,"Hunan","mri-esm2-0","ssp126",NA,1.79105434285702,28.7251338777088
"2167",3002,"Hunan","mri-esm2-0","ssp126",NA,3.96171982233032,28.1683102077908
"2168",3003,"Hunan","mri-esm2-0","ssp126",NA,3.55560345658757,29.2394783504426
"2169",3004,"Hunan","mri-esm2-0","ssp126",NA,3.31261807927409,28.6178166344053
"2170",3005,"Hunan","mri-esm2-0","ssp126",NA,6.61594702106153,29.4915255713085
"2171",3006,"Hunan","mri-esm2-0","ssp126",NA,1.19471179844238,28.8761421203613
"2172",3007,"Hunan","mri-esm2-0","ssp126",NA,16.0071443177847,27.3977640666659
"2173",3008,"Hunan","mri-esm2-0","ssp126",NA,10.7969809369739,27.4083898756239
"2174",3009,"Hunan","mri-esm2-0","ssp126",NA,3.04495497556932,29.761747402615
"2175",3010,"Hunan","mri-esm2-0","ssp126",NA,4.64738632564539,29.1647414676727
"2176",3011,"Hunan","mri-esm2-0","ssp126",NA,1.87329505764475,28.8356377253457
"2177",3012,"Hunan","mri-esm2-0","ssp126",NA,0.0740144580114637,27.094261363196
"2178",3013,"Hunan","mri-esm2-0","ssp126",NA,0.379940942113015,25.2078040713356
"2179",3014,"Hunan","mri-esm2-0","ssp126",NA,0.325734937879523,24.3544984968882
"2180",3015,"Hunan","mri-esm2-0","ssp126",NA,0.833201589927869,23.9299842107864
"2181",3016,"Hunan","mri-esm2-0","ssp126",NA,7.29824620315672,17.2749785892547
"2182",3017,"Hunan","mri-esm2-0","ssp126",NA,0.141874697653423,18.3116139729818
"2183",3018,"Hunan","mri-esm2-0","ssp126",NA,0.6142222939161,21.07820893545
"2184",3019,"Hunan","mri-esm2-0","ssp126",NA,0.879085626021541,19.8762664916024
"2185",3020,"Hunan","mri-esm2-0","ssp126",NA,3.3082981757486,20.7787069411505
"2186",3021,"Hunan","mri-esm2-0","ssp126",NA,2.5896907475791,19.609076618013
"2187",3022,"Hunan","mri-esm2-0","ssp126",NA,1.0121293575464,12.3978589496916
"2188",3023,"Hunan","mri-esm2-0","ssp126",NA,0.455117685864284,9.10774516756575
"2189",3024,"Hunan","mri-esm2-0","ssp126",NA,0.0864875625861065,9.29775778149804
"2190",3025,"Hunan","mri-esm2-0","ssp126",NA,0.21415229570526,11.1806815132262
"2191",3026,"Hunan","mri-esm2-0","ssp126",NA,0.679857950574712,12.8657864283002
"2192",3027,"Hunan","mri-esm2-0","ssp126",NA,3.25544978937354,4.23195019676574
"2193",3028,"Hunan","mri-esm2-0","ssp126",NA,3.0967709180004,2.97722620888364
"2194",3029,"Hunan","mri-esm2-0","ssp126",NA,2.73958494062104,5.57249512445361
"2195",3030,"Hunan","mri-esm2-0","ssp126",NA,3.25896858047859,4.67790732005288
"2196",3031,"Hunan","mri-esm2-0","ssp126",NA,0.399901676291847,7.38591628301714
"2197",3032,"Hunan","mri-esm2-0","ssp126",NA,11.9818952092308,6.41884323604525
"2198",3033,"Hunan","mri-esm2-0","ssp126",NA,2.70571151878747,4.04151669456848
"2199",3034,"Hunan","mri-esm2-0","ssp126",NA,2.76730667132402,5.9505567520384
"2200",3035,"Hunan","mri-esm2-0","ssp126",NA,2.3014212394628,5.30665413992748
"2201",3036,"Hunan","mri-esm2-0","ssp126",NA,2.32638070349042,9.5679983835372
"2202",3037,"Hunan","mri-esm2-0","ssp126",NA,0.939626978924935,12.0454541887556
"2203",3038,"Hunan","mri-esm2-0","ssp126",NA,6.02811511474621,10.742682877798
"2204",3039,"Hunan","mri-esm2-0","ssp126",NA,10.9486366785469,8.93658605908593
"2205",3040,"Hunan","mri-esm2-0","ssp126",NA,0.576661399970492,16.0030234927223
"2206",3041,"Hunan","mri-esm2-0","ssp126",NA,5.45109498721104,17.8183409796821
"2207",3042,"Hunan","mri-esm2-0","ssp126",NA,1.84308803636668,14.0911205352299
"2208",3043,"Hunan","mri-esm2-0","ssp126",NA,4.10963760604578,17.5826080080063
"2209",3044,"Hunan","mri-esm2-0","ssp126",NA,11.9684493363041,21.4676111130488
"2210",3045,"Hunan","mri-esm2-0","ssp126",NA,0.759658981282233,22.0454834953187
"2211",3046,"Hunan","mri-esm2-0","ssp126",NA,5.22156298755882,23.2208783709814
"2212",3047,"Hunan","mri-esm2-0","ssp126",NA,10.6583088933478,24.6584579346672
"2213",3048,"Hunan","mri-esm2-0","ssp126",NA,12.873269301768,25.2586963714115
"2214",3049,"Hunan","mri-esm2-0","ssp126",NA,10.0147184711529,25.768219914512
"2215",3050,"Hunan","mri-esm2-0","ssp126",NA,6.35897020449972,26.7948885236468
"2216",3051,"Hunan","mri-esm2-0","ssp126",NA,4.68120760205498,28.3775421142578
"2217",3052,"Hunan","mri-esm2-0","ssp126",NA,9.8441879310615,27.3898832048689
"2218",3053,"Hunan","mri-esm2-0","ssp126",NA,12.5566531741372,29.107387009878
"2219",3054,"Hunan","mri-esm2-0","ssp126",NA,1.44268671556347,29.8251468234592
"2220",3055,"Hunan","mri-esm2-0","ssp126",NA,5.1487097201516,27.9290298704117
"2221",3056,"Hunan","mri-esm2-0","ssp126",NA,4.86605422576888,30.0252391996838
"2222",3057,"Hunan","mri-esm2-0","ssp126",NA,4.15641397963295,30.3216660635812
"2223",3058,"Hunan","mri-esm2-0","ssp126",NA,1.37280663006355,29.6249470907544
"2224",3059,"Hunan","mri-esm2-0","ssp126",NA,2.42381681756732,29.7946329994807
"2225",3060,"Hunan","mri-esm2-0","ssp126",NA,0.982066000291784,30.5183532472641
"2226",3061,"Hunan","mri-esm2-0","ssp126",NA,6.32624125352907,28.858235810295
"2227",3062,"Hunan","mri-esm2-0","ssp126",NA,6.35674943562533,29.5402014111716
"2228",3063,"Hunan","mri-esm2-0","ssp126",NA,13.0536651733304,27.1705775306339
"2229",3064,"Hunan","mri-esm2-0","ssp126",NA,5.58121620929991,26.6588329860143
"2230",3065,"Hunan","mri-esm2-0","ssp126",NA,2.07166734373589,23.7740199497768
"2231",3066,"Hunan","mri-esm2-0","ssp126",NA,0.0248472541638226,20.4669504438128
"2232",3067,"Hunan","mri-esm2-0","ssp126",NA,0.00989873947868805,22.2369588337248
"2233",3068,"Hunan","mri-esm2-0","ssp126",NA,0.401996445524284,21.668476722354
"2234",3069,"Hunan","mri-esm2-0","ssp126",NA,0.255838602912003,19.1470605274988
"2235",3070,"Hunan","mri-esm2-0","ssp126",NA,0.144965359335661,19.4841093154181
"2236",3071,"Hunan","mri-esm2-0","ssp126",NA,0.00468630921984316,16.2529834081256
"2237",3072,"Hunan","mri-esm2-0","ssp126",NA,0.0517878591186413,18.2568151201521
"2238",3073,"Hunan","mri-esm2-0","ssp126",NA,0.133686670954246,14.9320527455164
"2239",3074,"Hunan","mri-esm2-0","ssp126",NA,6.10139355929797,11.2345530313159
"2240",3075,"Hunan","mri-esm2-0","ssp126",NA,0.195463819461241,12.751181720552
"2241",3076,"Hunan","mri-esm2-0","ssp126",NA,0.00243351821284575,7.86591873168948
"2242",3077,"Hunan","mri-esm2-0","ssp126",NA,0.0397609897975469,11.0070584130666
"2243",3078,"Hunan","mri-esm2-0","ssp126",NA,0.673589085805101,6.83609439910406
"2244",3079,"Hunan","mri-esm2-0","ssp126",NA,0.399393662525784,9.28872203524153
"2245",3080,"Hunan","mri-esm2-0","ssp126",NA,1.32196069364779,10.7111020890493
"2246",3081,"Hunan","mri-esm2-0","ssp126",NA,3.70075032538547,13.4160958668543
"2247",3082,"Hunan","mri-esm2-0","ssp126",NA,4.39178215426312,7.54508404201934
"2248",3083,"Hunan","mri-esm2-0","ssp126",NA,2.05000495772245,8.46351412818548
"2249",3084,"Hunan","mri-esm2-0","ssp126",NA,4.39585090647857,12.3176348368327
"2250",3085,"Hunan","mri-esm2-0","ssp126",NA,5.09410939266672,9.95054391527935
"2251",3086,"Hunan","mri-esm2-0","ssp126",NA,6.39657438824283,7.93798514472116
"2252",3087,"Hunan","mri-esm2-0","ssp126",NA,3.47741453050341,12.3675496661474
"2253",3088,"Hunan","mri-esm2-0","ssp126",NA,3.97480598489242,12.1702841622489
"2254",3089,"Hunan","mri-esm2-0","ssp126",NA,0.296718321318882,11.2129125564818
"2255",3090,"Hunan","mri-esm2-0","ssp126",NA,2.34314030993638,12.8903732420906
"2256",3091,"Hunan","mri-esm2-0","ssp126",NA,5.39618487243518,16.1558162870861
"2257",3092,"Hunan","mri-esm2-0","ssp126",NA,6.52891449167977,12.5766206287203
"2258",3093,"Hunan","mri-esm2-0","ssp126",NA,2.80898713897061,14.6318108210488
"2259",3094,"Hunan","mri-esm2-0","ssp126",NA,7.29882731184261,17.509060402522
"2260",3095,"Hunan","mri-esm2-0","ssp126",NA,0.668434062773876,18.3562551347036
"2261",3096,"Hunan","mri-esm2-0","ssp126",NA,5.72443962328829,16.6066734798371
"2262",3097,"Hunan","mri-esm2-0","ssp126",NA,10.5854958304852,19.0869697207497
"2263",3098,"Hunan","mri-esm2-0","ssp126",NA,0.74528281414002,22.6313708592975
"2264",3099,"Hunan","mri-esm2-0","ssp126",NA,8.89526783920961,20.7235633123489
"2265",3100,"Hunan","mri-esm2-0","ssp126",NA,7.01070807471557,22.0716437809051
"2266",3101,"Hunan","mri-esm2-0","ssp126",NA,13.8681433525367,26.7514441475036
"2267",3102,"Hunan","mri-esm2-0","ssp126",NA,5.02837153745921,28.1360126192608
"2268",3103,"Hunan","mri-esm2-0","ssp126",NA,11.7160621170439,27.0677383180649
"2269",3104,"Hunan","mri-esm2-0","ssp126",NA,0.259073527188645,29.0318325103276
"2270",3105,"Hunan","mri-esm2-0","ssp126",NA,4.69703195376496,28.1757139296759
"2271",3106,"Hunan","mri-esm2-0","ssp126",NA,1.74712847987653,30.3706237671867
"2272",3107,"Hunan","mri-esm2-0","ssp126",NA,4.95304237577199,29.6990828256759
"2273",3108,"Hunan","mri-esm2-0","ssp126",NA,10.1971047373744,27.859942130437
"2274",3109,"Hunan","mri-esm2-0","ssp126",NA,1.45007281620825,30.5787206498404
"2275",3110,"Hunan","mri-esm2-0","ssp126",NA,4.95634538326937,30.7760800679525
"2276",3111,"Hunan","mri-esm2-0","ssp126",NA,2.11294523481748,29.7862035478865
"2277",3112,"Hunan","mri-esm2-0","ssp126",NA,0.149660706093917,28.2825127374558
"2278",3113,"Hunan","mri-esm2-0","ssp126",NA,5.76031878226136,29.5330081031436
"2279",3114,"Hunan","mri-esm2-0","ssp126",NA,1.69902079191421,26.1267774793837
"2280",3115,"Hunan","mri-esm2-0","ssp126",NA,4.70257161110307,28.958264620342
"2281",3116,"Hunan","mri-esm2-0","ssp126",NA,3.61615311156649,27.4481194026887
"2282",3117,"Hunan","mri-esm2-0","ssp126",NA,11.5599878000402,23.5946707468184
"2283",3118,"Hunan","mri-esm2-0","ssp126",NA,1.08858687605919,23.8727555774507
"2284",3119,"Hunan","mri-esm2-0","ssp126",NA,0.702788690276585,23.9650274730864
"2285",3120,"Hunan","mri-esm2-0","ssp126",NA,0.121283083964434,19.749593474373
"2286",3121,"Hunan","mri-esm2-0","ssp126",NA,0.124907261150448,19.6479466877287
"2287",3122,"Hunan","mri-esm2-0","ssp126",NA,0.00689202707430273,16.456078980461
"2288",3123,"Hunan","mri-esm2-0","ssp126",NA,0.00466568111992923,16.7480225457086
"2289",3124,"Hunan","mri-esm2-0","ssp126",NA,0.00248597593131957,17.7299217466324
"2290",3125,"Hunan","mri-esm2-0","ssp126",NA,0.00279002753943912,15.1089009602865
"2291",3126,"Hunan","mri-esm2-0","ssp126",NA,1.1454926118079,17.3358962770492
"2292",3127,"Hunan","mri-esm2-0","ssp126",NA,2.55651933059978,18.1048371572343
"2293",3128,"Hunan","mri-esm2-0","ssp126",NA,0.0903609931681006,5.23697590903633
"2294",3129,"Hunan","mri-esm2-0","ssp126",NA,0.306357031175659,10.1232748606849
"2295",3130,"Hunan","mri-esm2-0","ssp126",NA,0.748671196606665,9.24852838667614
"2296",3131,"Hunan","mri-esm2-0","ssp126",NA,3.08806935738305,8.39996411762542
"2297",3132,"Hunan","mri-esm2-0","ssp126",NA,1.16161682801378,5.37746285332576
"2298",3133,"Hunan","mri-esm2-0","ssp126",NA,7.82153486088646,6.53292181832452
"2299",3134,"Hunan","mri-esm2-0","ssp126",NA,1.18579116879118,7.38285659305635
"2300",3135,"Hunan","mri-esm2-0","ssp126",NA,0.462473723525493,10.4281516423301
"2301",3136,"Hunan","mri-esm2-0","ssp126",NA,1.35346297612549,10.6658629886688
"2302",3137,"Hunan","mri-esm2-0","ssp126",NA,9.01563605999789,12.5874049595424
"2303",3138,"Hunan","mri-esm2-0","ssp126",NA,1.49462007733356,14.2346292041597
"2304",3139,"Hunan","mri-esm2-0","ssp126",NA,5.09141437794044,7.91672892494809
"2305",3140,"Hunan","mri-esm2-0","ssp126",NA,5.20405515817401,5.62191083393402
"2306",3141,"Hunan","mri-esm2-0","ssp126",NA,4.69677869670834,12.948385523236
"2307",3142,"Hunan","mri-esm2-0","ssp126",NA,2.15537246083061,16.1742821466355
"2308",3143,"Hunan","mri-esm2-0","ssp126",NA,0.55609074840634,11.5148575919015
"2309",3144,"Hunan","mri-esm2-0","ssp126",NA,0.112983965495265,15.1163117666093
"2310",3145,"Hunan","mri-esm2-0","ssp126",NA,6.05031869680975,17.5594941517664
"2311",3146,"Hunan","mri-esm2-0","ssp126",NA,8.38811440442961,20.2249106876434
"2312",3147,"Hunan","mri-esm2-0","ssp126",NA,13.1685853631552,18.9328381492978
"2313",3148,"Hunan","mri-esm2-0","ssp126",NA,3.91003150400268,15.7290416414776
"2314",3149,"Hunan","mri-esm2-0","ssp126",NA,11.4490446947392,22.6729677109491
"2315",3150,"Hunan","mri-esm2-0","ssp126",NA,2.6343780465725,22.154612840925
"2316",3151,"Hunan","mri-esm2-0","ssp126",NA,7.30716500176121,26.259168546162
"2317",3152,"Hunan","mri-esm2-0","ssp126",NA,14.8009319629117,22.7456017267137
"2318",3153,"Hunan","mri-esm2-0","ssp126",NA,10.2072618451595,24.4620310586597
"2319",3154,"Hunan","mri-esm2-0","ssp126",NA,0.367752056477652,24.5572136288598
"2320",3155,"Hunan","mri-esm2-0","ssp126",NA,6.37636911182459,26.0059856959752
"2321",3156,"Hunan","mri-esm2-0","ssp126",NA,2.87292454282319,26.8962169949971
"2322",3157,"Hunan","mri-esm2-0","ssp126",NA,7.41279441796386,28.7710325574118
"2323",3158,"Hunan","mri-esm2-0","ssp126",NA,14.0785180785055,27.5180822826567
"2324",3159,"Hunan","mri-esm2-0","ssp126",NA,1.2940636654808,30.2423331972153
"2325",3160,"Hunan","mri-esm2-0","ssp126",NA,6.66446680106024,28.8041785830543
"2326",3161,"Hunan","mri-esm2-0","ssp126",NA,3.62108153077705,30.1417853461372
"2327",3162,"Hunan","mri-esm2-0","ssp126",NA,3.63875819805669,29.9176569257464
"2328",3163,"Hunan","mri-esm2-0","ssp126",NA,6.44832136812121,28.9408579750667
"2329",3164,"Hunan","mri-esm2-0","ssp126",NA,3.69814572854921,30.0374619741289
"2330",3165,"Hunan","mri-esm2-0","ssp126",NA,6.8725954330083,29.6795526050386
"2331",3166,"Hunan","mri-esm2-0","ssp126",NA,10.6146151993406,28.2879380846781
"2332",3167,"Hunan","mri-esm2-0","ssp126",NA,5.20870330701005,28.8299328758603
"2333",3168,"Hunan","mri-esm2-0","ssp126",NA,3.25839181423362,25.3171813117133
"2334",3169,"Hunan","mri-esm2-0","ssp126",NA,8.6234642861135,26.0880398947095
"2335",3170,"Hunan","mri-esm2-0","ssp126",NA,7.14986130181257,21.4835854908777
"2336",3171,"Hunan","mri-esm2-0","ssp126",NA,0.0120609323987862,21.9848657153902
"2337",3172,"Hunan","mri-esm2-0","ssp126",NA,0.195565470773675,19.8222433544341
"2338",3173,"Hunan","mri-esm2-0","ssp126",NA,0.137367571395381,21.5130418565538
"2339",3174,"Hunan","mri-esm2-0","ssp126",NA,0.648883194383286,21.4764430454799
"2340",3175,"Hunan","mri-esm2-0","ssp126",NA,4.39912444915405,24.4624391707163
"2341",3176,"Hunan","mri-esm2-0","ssp126",NA,1.71220012277575,16.4618924579923
"2342",3177,"Hunan","mri-esm2-0","ssp126",NA,1.18444124964299,19.2002523028662
"2343",3178,"Hunan","mri-esm2-0","ssp126",NA,0.0129285776958048,15.2677495562841
"2344",3179,"Hunan","mri-esm2-0","ssp126",NA,3.10183821516148,14.7751518249512
"2345",3180,"Hunan","mri-esm2-0","ssp126",NA,3.95115921298514,15.5581894647508
"2346",3181,"Hunan","mri-esm2-0","ssp126",NA,11.3238714142816,6.53963205246701
"2347",3182,"Hunan","mri-esm2-0","ssp126",NA,0.592322687959625,6.84025665767611
"2348",3183,"Hunan","mri-esm2-0","ssp126",NA,0.946763084123501,10.4994396149166
"2349",3184,"Hunan","mri-esm2-0","ssp126",NA,1.01310901877046,6.8630921015664
"2350",3185,"Hunan","mri-esm2-0","ssp126",NA,2.23266928822211,12.7422214810811
"2351",3186,"Hunan","mri-esm2-0","ssp126",NA,5.17207750964579,7.83544529506141
"2352",3187,"Hunan","mri-esm2-0","ssp126",NA,0.223500607385826,7.6191115121993
"2353",3188,"Hunan","mri-esm2-0","ssp126",NA,2.32616177366773,8.2303055172875
"2354",3189,"Hunan","mri-esm2-0","ssp126",NA,0.0291692780917531,7.06551985967729
"2355",3190,"Hunan","mri-esm2-0","ssp126",NA,0.0146616365652465,11.3172984168643
"2356",3191,"Hunan","mri-esm2-0","ssp126",NA,2.53828271625025,16.5136615329319
"2357",3192,"Hunan","mri-esm2-0","ssp126",NA,7.65007734260377,5.46445502629358
"2358",3193,"Hunan","mri-esm2-0","ssp126",NA,4.66840554469335,10.867763591948
"2359",3194,"Hunan","mri-esm2-0","ssp126",NA,2.29660899931982,14.9305506025042
"2360",3195,"Hunan","mri-esm2-0","ssp126",NA,4.10346084086736,14.2307433597625
"2361",3196,"Hunan","mri-esm2-0","ssp126",NA,7.46043411235665,15.9710747976152
"2362",3197,"Hunan","mri-esm2-0","ssp126",NA,3.67844570734113,21.1430695064484
"2363",3198,"Hunan","mri-esm2-0","ssp126",NA,10.5797398032272,17.6513569059826
"2364",3199,"Hunan","mri-esm2-0","ssp126",NA,5.47362827134228,15.8746633499388
"2365",3200,"Hunan","mri-esm2-0","ssp126",NA,5.4576183518228,21.4165566580636
"2366",3201,"Hunan","mri-esm2-0","ssp126",NA,6.18103995359759,20.5128195747497
"2367",3202,"Hunan","mri-esm2-0","ssp126",NA,2.1892545240267,20.4995902651832
"2368",3203,"Hunan","mri-esm2-0","ssp126",NA,8.41627816281029,21.0681742834667
"2369",3204,"Hunan","mri-esm2-0","ssp126",NA,4.57162798274372,26.0084103902181
"2370",3205,"Hunan","mri-esm2-0","ssp126",NA,9.19887455353481,26.785615721203
"2371",3206,"Hunan","mri-esm2-0","ssp126",NA,1.40692224861466,23.9637694706993
"2372",3207,"Hunan","mri-esm2-0","ssp126",NA,17.8441970888603,25.7489654419914
"2373",3208,"Hunan","mri-esm2-0","ssp126",NA,12.6172536502703,26.9020816379124
"2374",3209,"Hunan","mri-esm2-0","ssp126",NA,10.7946047120549,27.6767087179517
"2375",3210,"Hunan","mri-esm2-0","ssp126",NA,11.0609389884173,28.1952293153793
"2376",3211,"Hunan","mri-esm2-0","ssp126",NA,4.96045948805529,28.1310317750961
"2377",3212,"Hunan","mri-esm2-0","ssp126",NA,11.8152975469392,28.2433138771663
"2378",3213,"Hunan","mri-esm2-0","ssp126",NA,9.6914130931769,28.2313546195863
"2379",3214,"Hunan","mri-esm2-0","ssp126",NA,8.53735038353989,29.8954645913745
"2380",3215,"Hunan","mri-esm2-0","ssp126",NA,2.01330219790959,28.5504835340712
"2381",3216,"Hunan","mri-esm2-0","ssp126",NA,2.38125457633812,29.5066479395307
"2382",3217,"Hunan","mri-esm2-0","ssp126",NA,13.8404003509225,26.723219989595
"2383",3218,"Hunan","mri-esm2-0","ssp126",NA,6.42261345369661,28.513331773546
"2384",3219,"Hunan","mri-esm2-0","ssp126",NA,10.8153243530199,27.8123718867226
"2385",3220,"Hunan","mri-esm2-0","ssp126",NA,9.84310958534219,23.7198732285273
"2386",3221,"Hunan","mri-esm2-0","ssp126",NA,2.14953168611568,25.4323109339154
"2387",3222,"Hunan","mri-esm2-0","ssp126",NA,7.59761157936996,24.4631716531421
"2388",3223,"Hunan","mri-esm2-0","ssp126",NA,1.0858343273672,23.4479825579931
"2389",3224,"Hunan","mri-esm2-0","ssp126",NA,6.10479272336956,20.8745295933315
"2390",3225,"Hunan","mri-esm2-0","ssp126",NA,7.87006438003378,19.4276113479857
"2391",3226,"Hunan","mri-esm2-0","ssp126",NA,0.0241208183459613,19.8363588847812
"2392",3227,"Hunan","mri-esm2-0","ssp126",NA,0.0833383508896597,18.456391725086
"2393",3228,"Hunan","mri-esm2-0","ssp126",NA,0.905387288717715,17.7771669539194
"2394",3229,"Hunan","mri-esm2-0","ssp126",NA,4.77422968052841,12.218106599838
"2395",3230,"Hunan","mri-esm2-0","ssp126",NA,0.015019459598469,14.7814799838596
"2396",3231,"Hunan","mri-esm2-0","ssp126",NA,4.50395331319149,14.3727349901956
"2397",3232,"Hunan","mri-esm2-0","ssp126",NA,7.39914558875431,10.0243732634045
"2398",3233,"Hunan","mri-esm2-0","ssp126",NA,1.96057491650988,9.78010566348124
"2399",3234,"Hunan","mri-esm2-0","ssp126",NA,0.477310512457864,6.25094932677256
"2400",3235,"Hunan","mri-esm2-0","ssp126",NA,0.931911941376841,7.08838243030369
"2401",3236,"Hunan","mri-esm2-0","ssp126",NA,1.6039746764948,8.59585748097256
"2402",3237,"Hunan","mri-esm2-0","ssp126",NA,3.57250092661161,6.01112379043824
"2403",3238,"Hunan","mri-esm2-0","ssp126",NA,0.383966603612862,6.81237606472441
"2404",3239,"Hunan","mri-esm2-0","ssp126",NA,4.07566411236076,4.59379076276509
"2405",3240,"Hunan","mri-esm2-0","ssp126",NA,1.64385065708562,5.9115420871311
"2406",3241,"Hunan","mri-esm2-0","ssp126",NA,8.12819038841813,2.89432799324159
"2407",3242,"Hunan","mri-esm2-0","ssp126",NA,0.240779760861187,7.09191078307139
"2408",3243,"Hunan","mri-esm2-0","ssp126",NA,8.49438054488668,10.7866126287551
"2409",3244,"Hunan","mri-esm2-0","ssp126",NA,8.64910463204589,6.11872398739772
"2410",3245,"Hunan","mri-esm2-0","ssp126",NA,5.57325753618768,8.23905491904609
"2411",3246,"Hunan","mri-esm2-0","ssp126",NA,3.10800271564793,10.2963887895857
"2412",3247,"Hunan","mri-esm2-0","ssp126",NA,3.79440125197367,11.2327788943336
"2413",3248,"Hunan","mri-esm2-0","ssp126",NA,1.07354795428104,16.2166495671348
"2414",3249,"Hunan","mri-esm2-0","ssp126",NA,2.61905460427962,10.492508552188
"2415",3250,"Hunan","mri-esm2-0","ssp126",NA,8.68299277286236,14.6520547533792
"2416",3251,"Hunan","mri-esm2-0","ssp126",NA,9.51489557792878,18.7865214393253
"2417",3252,"Hunan","mri-esm2-0","ssp126",NA,8.01039516205232,19.0332259041923
"2418",3253,"Hunan","mri-esm2-0","ssp126",NA,3.07039127784005,20.2320524669829
"2419",3254,"Hunan","mri-esm2-0","ssp126",NA,1.23133152812573,23.3639444139269
"2420",3255,"Hunan","mri-esm2-0","ssp126",NA,3.73434760289716,21.5603643871489
"2421",3256,"Hunan","mri-esm2-0","ssp126",NA,7.36791178985316,22.4486729576474
"2422",3257,"Hunan","mri-esm2-0","ssp126",NA,7.54834525965374,23.0701296488444
"2423",3258,"Hunan","mri-esm2-0","ssp126",NA,17.0551965785307,25.190141235836
"2424",3259,"Hunan","mri-esm2-0","ssp126",NA,9.14631748212612,24.7488902985104
"2425",3260,"Hunan","mri-esm2-0","ssp126",NA,7.38493464884544,25.3916293068538
"2426",3261,"Hunan","mri-esm2-0","ssp126",NA,23.6122001300828,25.2036975800045
"2427",3262,"Hunan","mri-esm2-0","ssp126",NA,8.30356187770381,25.5872765314012
"2428",3263,"Hunan","mri-esm2-0","ssp126",NA,0.655970350927808,28.9644376482283
"2429",3264,"Hunan","mri-esm2-0","ssp126",NA,11.5467955827431,28.1102713448661
"2430",3265,"Hunan","mri-esm2-0","ssp126",NA,13.0084910349134,28.053115069677
"2431",3266,"Hunan","mri-esm2-0","ssp126",NA,5.73663099667751,28.7073988657149
"2432",3267,"Hunan","mri-esm2-0","ssp126",NA,1.07130298846901,29.2992473905049
"2433",3268,"Hunan","mri-esm2-0","ssp126",NA,13.3067679509168,28.1510175190275
"2434",3269,"Hunan","mri-esm2-0","ssp126",NA,7.98665571712393,28.6676481458876
"2435",3270,"Hunan","mri-esm2-0","ssp126",NA,7.84396290913979,29.0800973922487
"2436",3271,"Hunan","mri-esm2-0","ssp126",NA,8.93099660906955,25.6786840650771
"2437",3272,"Hunan","mri-esm2-0","ssp126",NA,0.191390366048186,24.7217487880162
"2438",3273,"Hunan","mri-esm2-0","ssp126",NA,3.12580394263153,24.5702658880325
"2439",3274,"Hunan","mri-esm2-0","ssp126",NA,8.95122018552813,21.2754528832814
"2440",3275,"Hunan","mri-esm2-0","ssp126",NA,0.870148553959942,21.2270079839797
"2441",3276,"Hunan","mri-esm2-0","ssp126",NA,0.367643086571791,22.4347318134611
"2442",3277,"Hunan","mri-esm2-0","ssp126",NA,1.13324000242626,22.3985932486398
"2443",3278,"Hunan","mri-esm2-0","ssp126",NA,1.44842221996311,18.5057406470889
"2444",3279,"Hunan","mri-esm2-0","ssp126",NA,0.438267820813313,19.2867652166458
"2445",3280,"Hunan","mri-esm2-0","ssp126",NA,9.80869241020627,18.967537846641
"2446",3281,"Hunan","mri-esm2-0","ssp126",NA,8.93303753620915,14.3313550313314
"2447",3282,"Hunan","mri-esm2-0","ssp126",NA,6.79203037863252,13.027045852419
"2448",3283,"Hunan","mri-esm2-0","ssp126",NA,0.742270907091682,11.2188607594324
"2449",3284,"Hunan","mri-esm2-0","ssp126",NA,1.69345552375749,14.298719085209
"2450",3285,"Hunan","mri-esm2-0","ssp126",NA,7.08796216196268,12.6477277362158
"2451",3286,"Hunan","mri-esm2-0","ssp126",NA,6.40666092152579,10.5658922467913
"2452",3287,"Hunan","mri-esm2-0","ssp126",NA,5.8835807926958,9.02047107030477
"2453",3288,"Hunan","mri-esm2-0","ssp126",NA,2.21572400102689,8.08832048688618
"2454",3289,"Hunan","mri-esm2-0","ssp126",NA,0.901315096468482,6.55710257878382
"2455",3290,"Hunan","mri-esm2-0","ssp126",NA,0.137057806029718,7.44453171018572
"2456",3291,"Hunan","mri-esm2-0","ssp126",NA,0.599973419814757,9.08864800589427
"2457",3292,"Hunan","mri-esm2-0","ssp126",NA,2.24894244699629,8.91034166850743
"2458",3293,"Hunan","mri-esm2-0","ssp126",NA,4.27592846871708,9.68082156711157
"2459",3294,"Hunan","mri-esm2-0","ssp126",NA,0.441678265724477,10.3545342823816
"2460",3295,"Hunan","mri-esm2-0","ssp126",NA,1.75882071313416,9.92471980745833
"2461",3296,"Hunan","mri-esm2-0","ssp126",NA,4.74746725706479,10.6576236058795
"2462",3297,"Hunan","mri-esm2-0","ssp126",NA,4.14261320346278,5.52000404236811
"2463",3298,"Hunan","mri-esm2-0","ssp126",NA,6.74458164376769,11.5673202756852
"2464",3299,"Hunan","mri-esm2-0","ssp126",NA,2.63750419146943,11.9701046534947
"2465",3300,"Hunan","mri-esm2-0","ssp126",NA,8.24921671123126,17.939593312097
"2466",3301,"Hunan","mri-esm2-0","ssp126",NA,3.05661107640844,19.5512682112437
"2467",3302,"Hunan","mri-esm2-0","ssp126",NA,6.51691171559443,11.9561810690259
"2468",3303,"Hunan","mri-esm2-0","ssp126",NA,8.74320823145354,19.8458890279134
"2469",3304,"Hunan","mri-esm2-0","ssp126",NA,1.41696671475334,23.7561513022771
"2470",3305,"Hunan","mri-esm2-0","ssp126",NA,7.42482609543913,22.4146071661086
"2471",3306,"Hunan","mri-esm2-0","ssp126",NA,12.0303244426525,21.9124562823583
"2472",3307,"Hunan","mri-esm2-0","ssp126",NA,3.43375855359877,22.7156543550037
"2473",3308,"Hunan","mri-esm2-0","ssp126",NA,9.24024153320845,22.868797859313
"2474",3309,"Hunan","mri-esm2-0","ssp126",NA,5.5862310545308,21.5334405566019
"2475",3310,"Hunan","mri-esm2-0","ssp126",NA,0.718885864573947,24.1513959612165
"2476",3311,"Hunan","mri-esm2-0","ssp126",NA,2.71181513739975,26.5376289730981
"2477",3312,"Hunan","mri-esm2-0","ssp126",NA,12.1597536333151,26.3602313813709
"2478",3313,"Hunan","mri-esm2-0","ssp126",NA,21.6865737890527,25.9812016078404
"2479",3314,"Hunan","mri-esm2-0","ssp126",NA,12.3512945626317,27.7864068773058
"2480",3315,"Hunan","mri-esm2-0","ssp126",NA,9.52794692059017,27.8669028630333
"2481",3316,"Hunan","mri-esm2-0","ssp126",NA,32.3670720826418,26.931113845583
"2482",3317,"Hunan","mri-esm2-0","ssp126",NA,10.8629696878519,29.1509929959736
"2483",3318,"Hunan","mri-esm2-0","ssp126",NA,2.22563188377275,28.568006436787
"2484",3319,"Hunan","mri-esm2-0","ssp126",NA,6.8326510983947,30.0402192130922
"2485",3320,"Hunan","mri-esm2-0","ssp126",NA,10.1381864002438,27.6661291092161
"2486",3321,"Hunan","mri-esm2-0","ssp126",NA,11.7743477065492,27.5372759622241
"2487",3322,"Hunan","mri-esm2-0","ssp126",NA,16.5744332619527,27.3408685835581
"2488",3323,"Hunan","mri-esm2-0","ssp126",NA,2.9160924419427,28.4597485375783
"2489",3324,"Hunan","mri-esm2-0","ssp126",NA,13.4859687166422,24.1245023454939
"2490",3325,"Hunan","mri-esm2-0","ssp126",NA,2.18342525548516,21.0488780914791
"2491",3326,"Hunan","mri-esm2-0","ssp126",NA,2.81398120100675,21.375627499535
"2492",3327,"Hunan","mri-esm2-0","ssp126",NA,0.00341889754054136,19.6887520805238
"2493",3328,"Hunan","mri-esm2-0","ssp126",NA,0.0104301196318245,20.0572568620955
"2494",3329,"Hunan","mri-esm2-0","ssp126",NA,0.441313286384164,23.8850220089867
"2495",3330,"Hunan","mri-esm2-0","ssp126",NA,5.16018882286257,20.1186885652088
"2496",3331,"Hunan","mri-esm2-0","ssp126",NA,0.0101087333795087,18.7688725304982
"2497",3332,"Hunan","mri-esm2-0","ssp126",NA,0.130338549862635,18.540548730275
"2498",3333,"Hunan","mri-esm2-0","ssp126",NA,0.819641556212706,17.3866869124155
"2499",3334,"Hunan","mri-esm2-0","ssp126",NA,0.649952175224046,15.7263369605655
"2500",3335,"Hunan","mri-esm2-0","ssp126",NA,0.639483487241575,14.1563537355453
"2501",3336,"Hunan","mri-esm2-0","ssp126",NA,4.69914322564884,12.9410756550138
"2502",3337,"Hunan","mri-esm2-0","ssp126",NA,3.17782703069887,12.791344669887
"2503",3338,"Hunan","mri-esm2-0","ssp126",NA,1.17039470949619,11.0270692855593
"2504",3339,"Hunan","mri-esm2-0","ssp126",NA,1.74976143725871,8.23888894943966
"2505",3340,"Hunan","mri-esm2-0","ssp126",NA,2.67584827541733,10.2620791601756
"2506",3341,"Hunan","mri-esm2-0","ssp126",NA,4.24258815981895,11.5989794776553
"2507",3342,"Hunan","mri-esm2-0","ssp126",NA,2.96367340185628,9.13188614618213
"2508",3343,"Hunan","mri-esm2-0","ssp126",NA,1.32940871895439,8.18362094939704
"2509",3344,"Hunan","mri-esm2-0","ssp126",NA,4.48142273226689,2.8881896609352
"2510",3345,"Hunan","mri-esm2-0","ssp126",NA,0.740317339523244,4.9950148082915
"2511",3346,"Hunan","mri-esm2-0","ssp126",NA,3.82888848290739,14.0345718262688
"2512",3347,"Hunan","mri-esm2-0","ssp126",NA,4.01766719066602,10.1652558462961
"2513",3348,"Hunan","mri-esm2-0","ssp126",NA,6.10546448190559,8.46412593296598
"2514",3349,"Hunan","mri-esm2-0","ssp126",NA,6.45642550233398,11.1431473747133
"2515",3350,"Hunan","mri-esm2-0","ssp126",NA,2.59278790104612,10.5963850596595
"2516",3351,"Hunan","mri-esm2-0","ssp126",NA,3.48734625269702,11.0365680028522
"2517",3352,"Hunan","mri-esm2-0","ssp126",NA,4.73362508115705,10.1323680696034
"2518",3353,"Hunan","mri-esm2-0","ssp126",NA,11.0000757101131,11.1006191919721
"2519",3354,"Hunan","mri-esm2-0","ssp126",NA,5.54552905342202,17.0031623961434
"2520",3355,"Hunan","mri-esm2-0","ssp126",NA,3.96200257085054,16.3930188254705
"2521",3356,"Hunan","mri-esm2-0","ssp126",NA,5.58097481949257,14.0250129820809
"2522",3357,"Hunan","mri-esm2-0","ssp126",NA,4.26068022449856,18.825159962972
"2523",3358,"Hunan","mri-esm2-0","ssp126",NA,8.246232402137,19.9571551489452
"2524",3359,"Hunan","mri-esm2-0","ssp126",NA,6.81391704810527,22.0232494414799
"2525",3360,"Hunan","mri-esm2-0","ssp126",NA,5.84842418041782,25.694969007704
"2526",3361,"Hunan","mri-esm2-0","ssp126",NA,8.37288005398348,23.8177102225168
"2527",3362,"Hunan","mri-esm2-0","ssp126",NA,9.25170860533139,24.1812027340844
"2528",3363,"Hunan","mri-esm2-0","ssp126",NA,16.4457370810201,25.4944996425084
"2529",3364,"Hunan","mri-esm2-0","ssp126",NA,6.23604546639009,27.2153198726594
"2530",3365,"Hunan","mri-esm2-0","ssp126",NA,4.07199799815966,26.968649195111
"2531",3366,"Hunan","mri-esm2-0","ssp126",NA,6.6082503600098,27.3953190879216
"2532",3367,"Hunan","mri-esm2-0","ssp126",NA,9.16008006107794,27.1367404392788
"2533",3368,"Hunan","mri-esm2-0","ssp126",NA,3.81516034553247,28.7951390826513
"2534",3369,"Hunan","mri-esm2-0","ssp126",NA,0.486283668390439,29.846144188775
"2535",3370,"Hunan","mri-esm2-0","ssp126",NA,1.97356311086228,30.0774799649678
"2536",3371,"Hunan","mri-esm2-0","ssp126",NA,1.78858146684563,30.6000598241413
"2537",3372,"Hunan","mri-esm2-0","ssp126",NA,17.0916782128123,27.9751961238801
"2538",3373,"Hunan","mri-esm2-0","ssp126",NA,5.59400175627291,27.951386236766
"2539",3374,"Hunan","mri-esm2-0","ssp126",NA,4.31789447175756,29.4576753404406
"2540",3375,"Hunan","mri-esm2-0","ssp126",NA,15.9556183690126,26.751474362328
"2541",3376,"Hunan","mri-esm2-0","ssp126",NA,8.30588143296284,25.8981328812857
"2542",3377,"Hunan","mri-esm2-0","ssp126",NA,3.29571743690004,27.2088928343758
"2543",3378,"Hunan","mri-esm2-0","ssp126",NA,12.2333273068437,26.242996833438
"2544",3379,"Hunan","mri-esm2-0","ssp126",NA,0.132759799972908,22.0192593892416
"2545",3380,"Hunan","mri-esm2-0","ssp126",NA,0.187699153866561,22.4436888437423
"2546",3381,"Hunan","mri-esm2-0","ssp126",NA,0.185006951213446,21.5285791790675
"2547",3382,"Hunan","mri-esm2-0","ssp126",NA,0.112751981630156,18.9362530299596
"2548",3383,"Hunan","mri-esm2-0","ssp126",NA,5.48491840709825,21.9689936683292
"2549",3384,"Hunan","mri-esm2-0","ssp126",NA,6.38124190960038,20.7292803930858
"2550",3385,"Hunan","mri-esm2-0","ssp126",NA,11.765969190284,19.4306084890214
"2551",3386,"Hunan","mri-esm2-0","ssp126",NA,5.92849183360288,12.2062896365211
"2552",3387,"Hunan","mri-esm2-0","ssp126",NA,0.273979999188409,12.9579396444654
"2553",3388,"Hunan","mri-esm2-0","ssp126",NA,0.332284622969122,13.7324826800634
"2554",3389,"Hunan","mri-esm2-0","ssp126",NA,5.39829318547293,12.4377999199762
"2555",3390,"Hunan","mri-esm2-0","ssp126",NA,0.754417766958275,9.93615639096217
"2556",3391,"Hunan","mri-esm2-0","ssp126",NA,3.43594225855018,10.9021170601012
"2557",3392,"Hunan","mri-esm2-0","ssp126",NA,0.584801014494068,6.92138709416467
"2558",3393,"Hunan","mri-esm2-0","ssp126",NA,3.36714194728691,6.65072360568579
"2559",3394,"Hunan","mri-esm2-0","ssp126",NA,0.89710584160717,7.13592439681767
"2560",3395,"Hunan","mri-esm2-0","ssp126",NA,0.152366815674603,8.243977028983
"2561",3396,"Hunan","mri-esm2-0","ssp126",NA,7.28556320029513,11.9795925927541
"2562",3397,"Hunan","mri-esm2-0","ssp126",NA,5.87788496238448,7.38711736769906
"2563",3398,"Hunan","mri-esm2-0","ssp126",NA,1.96377004900309,5.47950539967373
"2564",3399,"Hunan","mri-esm2-0","ssp126",NA,0.739220236586594,8.34239240373886
"2565",3400,"Hunan","mri-esm2-0","ssp126",NA,2.35818654553311,7.608904956636
"2566",3401,"Hunan","mri-esm2-0","ssp126",NA,7.08048347890196,13.7639304993645
"2567",3402,"Hunan","mri-esm2-0","ssp126",NA,0.248408624422934,9.46498084900874
"2568",3403,"Hunan","mri-esm2-0","ssp126",NA,4.05030096049554,7.17359852866523
"2569",3404,"Hunan","mri-esm2-0","ssp126",NA,1.2291783488893,11.8550918336899
"2570",3405,"Hunan","mri-esm2-0","ssp126",NA,5.46221391103765,13.5258103749109
"2571",3406,"Hunan","mri-esm2-0","ssp126",NA,4.21338777137602,19.108171323746
"2572",3407,"Hunan","mri-esm2-0","ssp126",NA,8.09256307492043,13.5812300545829
"2573",3408,"Hunan","mri-esm2-0","ssp126",NA,10.5830572830135,15.0284159342448
"2574",3409,"Hunan","mri-esm2-0","ssp126",NA,14.4958327300888,19.6689082070003
"2575",3410,"Hunan","mri-esm2-0","ssp126",NA,12.7618198596662,23.0427054268973
"2576",3411,"Hunan","mri-esm2-0","ssp126",NA,4.27525869546506,24.135765996055
"2577",3412,"Hunan","mri-esm2-0","ssp126",NA,10.834203693139,18.7925795418876
"2578",3413,"Hunan","mri-esm2-0","ssp126",NA,3.61576581687067,22.6838572184245
"2579",3414,"Hunan","mri-esm2-0","ssp126",NA,4.89672945638111,24.9287269350082
"2580",3415,"Hunan","mri-esm2-0","ssp126",NA,8.51878968060841,24.9723817250085
"2581",3416,"Hunan","mri-esm2-0","ssp126",NA,3.68752631924118,28.4396438114227
"2582",3417,"Hunan","mri-esm2-0","ssp126",NA,1.35022965356646,30.2868411472866
"2583",3418,"Hunan","mri-esm2-0","ssp126",NA,1.49620359122439,28.5237784128341
"2584",3419,"Hunan","mri-esm2-0","ssp126",NA,8.38488881462841,26.8794439527724
"2585",3420,"Hunan","mri-esm2-0","ssp126",NA,0.0977729133020537,27.2017298622737
"2586",3421,"Hunan","mri-esm2-0","ssp126",NA,0.86463874148259,30.3214724828327
"2587",3422,"Hunan","mri-esm2-0","ssp126",NA,1.39558444374675,30.0298315502349
"2588",3423,"Hunan","mri-esm2-0","ssp126",NA,11.8684899600989,27.2750690520756
"2589",3424,"Hunan","mri-esm2-0","ssp126",NA,9.06937136047808,29.9234132433695
"2590",3425,"Hunan","mri-esm2-0","ssp126",NA,15.5820296357693,27.8491914052812
"2591",3426,"Hunan","mri-esm2-0","ssp126",NA,7.58427243121592,28.8829419090634
"2592",3427,"Hunan","mri-esm2-0","ssp126",NA,0.75259578918901,27.7579100593688
"2593",3428,"Hunan","mri-esm2-0","ssp126",NA,0.181199794984163,26.7247074793256
"2594",3429,"Hunan","mri-esm2-0","ssp126",NA,8.20538298656694,27.786205364409
"2595",3430,"Hunan","mri-esm2-0","ssp126",NA,1.84003866530215,23.6622358776274
"2596",3431,"Hunan","mri-esm2-0","ssp126",NA,2.97619397798111,24.6152469816662
"2597",3432,"Hunan","mri-esm2-0","ssp126",NA,0.00779016680618431,20.3723801627992
"2598",3433,"Hunan","mri-esm2-0","ssp126",NA,0.0606425587713082,20.7324935186477
"2599",3434,"Hunan","mri-esm2-0","ssp126",NA,1.10328036828053,23.2571068536668
"2600",3435,"Hunan","mri-esm2-0","ssp126",NA,1.39735994543376,18.252041177901
"2601",3436,"Hunan","mri-esm2-0","ssp126",NA,0.948268897978518,21.4873837183392
"2602",3437,"Hunan","mri-esm2-0","ssp126",NA,7.0544038175415,16.5994405110677
"2603",3438,"Hunan","mri-esm2-0","ssp126",NA,0.0947987838312006,15.7251943073576
"2604",3439,"Hunan","mri-esm2-0","ssp126",NA,3.72384466610518,17.7699869670565
"2605",3440,"Hunan","mri-esm2-0","ssp126",NA,3.14606869218811,15.2128362625365
"2606",3441,"Hunan","mri-esm2-0","ssp126",NA,1.0007401645063,10.1785168239049
"2607",3442,"Hunan","mri-esm2-0","ssp126",NA,2.79735743980122,12.8004601009309
"2608",3443,"Hunan","mri-esm2-0","ssp126",NA,5.49975816191233,10.0042167058067
"2609",3444,"Hunan","mri-esm2-0","ssp126",NA,1.93474833027462,7.12786715068517
"2610",3445,"Hunan","mri-esm2-0","ssp126",NA,1.0830327768742,7.08578528752405
"2611",3446,"Hunan","mri-esm2-0","ssp126",NA,4.24661894724392,9.54521610320563
"2612",3447,"Hunan","mri-esm2-0","ssp126",NA,2.53762029817283,10.1077759273469
"2613",3448,"Hunan","mri-esm2-0","ssp126",NA,7.69518341265081,7.29040704151943
"2614",3449,"Hunan","mri-esm2-0","ssp126",NA,0.603681001049543,9.95414184085909
"2615",3450,"Hunan","mri-esm2-0","ssp126",NA,2.01727039938565,3.1888739086333
"2616",3451,"Hunan","mri-esm2-0","ssp126",NA,0.708769311846221,12.0207065521725
"2617",3452,"Hunan","mri-esm2-0","ssp126",NA,3.26783113719102,10.7461987571111
"2618",3453,"Hunan","mri-esm2-0","ssp126",NA,0.0389014336373553,14.0139825730097
"2619",3454,"Hunan","mri-esm2-0","ssp126",NA,2.03614790475513,15.3720789228167
"2620",3455,"Hunan","mri-esm2-0","ssp126",NA,7.44744080636467,14.6925161573622
"2621",3456,"Hunan","mri-esm2-0","ssp126",NA,0.94613297482543,14.4219918145074
"2622",3457,"Hunan","mri-esm2-0","ssp126",NA,3.82751563180526,14.918162766714
"2623",3458,"Hunan","mri-esm2-0","ssp126",NA,9.21896249338456,16.4472507416256
"2624",3459,"Hunan","mri-esm2-0","ssp126",NA,3.50094604001632,16.4825663006495
"2625",3460,"Hunan","mri-esm2-0","ssp126",NA,9.70305365654635,20.2616231524755
"2626",3461,"Hunan","mri-esm2-0","ssp126",NA,14.085215163498,20.7390180436392
"2627",3462,"Hunan","mri-esm2-0","ssp126",NA,15.4569815402673,18.9277841598269
"2628",3463,"Hunan","mri-esm2-0","ssp126",NA,0.00504467405205235,22.694158778115
"2629",3464,"Hunan","mri-esm2-0","ssp126",NA,17.5903660064835,25.2978227524531
"2630",3465,"Hunan","mri-esm2-0","ssp126",NA,9.07559556362686,26.0351731557695
"2631",3466,"Hunan","mri-esm2-0","ssp126",NA,2.28813628397282,26.7995810251388
"2632",3467,"Hunan","mri-esm2-0","ssp126",NA,6.55191198078293,26.8697561354864
"2633",3468,"Hunan","mri-esm2-0","ssp126",NA,4.40183401028662,26.8209436931308
"2634",3469,"Hunan","mri-esm2-0","ssp126",NA,2.26456995972382,28.2677696591332
"2635",3470,"Hunan","mri-esm2-0","ssp126",NA,10.574558165646,27.3409318590921
"2636",3471,"Hunan","mri-esm2-0","ssp126",NA,21.9004400658378,26.3502827114529
"2637",3472,"Hunan","mri-esm2-0","ssp126",NA,11.3301057883616,26.8188754611545
"2638",3473,"Hunan","mri-esm2-0","ssp126",NA,5.69518045444966,28.1980336022756
"2639",3474,"Hunan","mri-esm2-0","ssp126",NA,2.28456363761974,29.5584715101454
"2640",3475,"Hunan","mri-esm2-0","ssp126",NA,6.82734309344986,30.8080069647895
"2641",3476,"Hunan","mri-esm2-0","ssp126",NA,6.62701456106204,29.6551042102632
"2642",3477,"Hunan","mri-esm2-0","ssp126",NA,0.970609134063644,30.4287857903375
"2643",3478,"Hunan","mri-esm2-0","ssp126",NA,7.61948550380112,28.8337163289388
"2644",3479,"Hunan","mri-esm2-0","ssp126",NA,6.76893432951147,27.4758775620234
"2645",3480,"Hunan","mri-esm2-0","ssp126",NA,0.418067871409481,26.6425767444429
"2646",3481,"Hunan","mri-esm2-0","ssp126",NA,0.910427671448945,25.754359423925
"2647",3482,"Hunan","mri-esm2-0","ssp126",NA,0.342032757842909,23.06076075236
"2648",3483,"Hunan","mri-esm2-0","ssp126",NA,2.29021980286624,24.1787092541892
"2649",3484,"Hunan","mri-esm2-0","ssp126",NA,0.49420857045074,22.3827492971269
"2650",3485,"Hunan","mri-esm2-0","ssp126",NA,0.00319129476338276,20.9437728881836
"2651",3486,"Hunan","mri-esm2-0","ssp126",NA,0.0762192436598395,19.7341229393369
"2652",3487,"Hunan","mri-esm2-0","ssp126",NA,0.173211176388577,17.3753911699568
"2653",3488,"Hunan","mri-esm2-0","ssp126",NA,0.00241077125013232,15.9759769258045
"2654",3489,"Hunan","mri-esm2-0","ssp126",NA,0.0083509773633393,15.9006367759099
"2655",3490,"Hunan","mri-esm2-0","ssp126",NA,0.00763793844141349,12.3092847067213
"2656",3491,"Hunan","mri-esm2-0","ssp126",NA,0.961272635413479,14.2647639198909
"2657",3492,"Hunan","mri-esm2-0","ssp126",NA,1.10280866584357,13.6395826914954
"2658",3493,"Hunan","mri-esm2-0","ssp126",NA,6.03990990653723,13.2705509972951
"2659",3494,"Hunan","mri-esm2-0","ssp126",NA,0.380553645339075,12.2153422158862
"2660",3495,"Hunan","mri-esm2-0","ssp126",NA,1.69998313299402,12.815744926816
"2661",3496,"Hunan","mri-esm2-0","ssp126",NA,0.572838069228965,10.3668938409715
"2662",3497,"Hunan","mri-esm2-0","ssp126",NA,2.16287712744036,12.1090651739212
"2663",3498,"Hunan","mri-esm2-0","ssp126",NA,0.00980292324389405,10.6636212787931
"2664",3499,"Hunan","mri-esm2-0","ssp126",NA,1.03068461216286,11.6066146850586
"2665",3500,"Hunan","mri-esm2-0","ssp126",NA,1.92227331416299,10.0567045787024
"2666",3501,"Hunan","mri-esm2-0","ssp126",NA,1.86821731265029,6.81932583763488
"2667",3502,"Hunan","mri-esm2-0","ssp126",NA,6.81831674642126,5.28288760715063
"2668",3503,"Hunan","mri-esm2-0","ssp126",NA,2.70084389803742,6.14393562437998
"2669",3504,"Hunan","mri-esm2-0","ssp126",NA,9.79305646120078,10.0600441342309
"2670",3505,"Hunan","mri-esm2-0","ssp126",NA,5.59389060739964,11.2068743145655
"2671",3506,"Hunan","mri-esm2-0","ssp126",NA,6.72703102257271,7.1011662074498
"2672",3507,"Hunan","mri-esm2-0","ssp126",NA,3.28928263365924,12.8279339744931
"2673",3508,"Hunan","mri-esm2-0","ssp126",NA,2.27197060648255,17.2654290093316
"2674",3509,"Hunan","mri-esm2-0","ssp126",NA,3.49145188359086,12.1566604856461
"2675",3510,"Hunan","mri-esm2-0","ssp126",NA,13.8509319759123,18.0724138653468
"2676",3511,"Hunan","mri-esm2-0","ssp126",NA,6.56877573991811,18.2868659125434
"2677",3512,"Hunan","mri-esm2-0","ssp126",NA,6.69812663702163,22.0322113763719
"2678",3513,"Hunan","mri-esm2-0","ssp126",NA,10.5959916620512,17.0438130817716
"2679",3514,"Hunan","mri-esm2-0","ssp126",NA,4.19678238263259,22.2458875262548
"2680",3515,"Hunan","mri-esm2-0","ssp126",NA,9.66268039113467,20.7401164342487
"2681",3516,"Hunan","mri-esm2-0","ssp126",NA,8.35827167407582,22.4536125667512
"2682",3517,"Hunan","mri-esm2-0","ssp126",NA,13.6093107323891,25.6142686026437
"2683",3518,"Hunan","mri-esm2-0","ssp126",NA,4.62148573442391,22.9462993682377
"2684",3519,"Hunan","mri-esm2-0","ssp126",NA,8.9087030200257,26.0925878615607
"2685",3520,"Hunan","mri-esm2-0","ssp126",NA,11.7839540516927,25.6842308771043
"2686",3521,"Hunan","mri-esm2-0","ssp126",NA,7.28097635642371,28.4207245478555
"2687",3522,"Hunan","mri-esm2-0","ssp126",NA,6.7813487681503,27.2321550399538
"2688",3523,"Hunan","mri-esm2-0","ssp126",NA,6.95564787339597,27.6991037762355
"2689",3524,"Hunan","mri-esm2-0","ssp126",NA,14.0217340319006,28.2092753940159
"2690",3525,"Hunan","mri-esm2-0","ssp126",NA,10.8965031099095,26.836633361332
"2691",3526,"Hunan","mri-esm2-0","ssp126",NA,10.9820928074441,28.4349167354523
"2692",3527,"Hunan","mri-esm2-0","ssp126",NA,3.95837606907402,27.3339597429548
"2693",3528,"Hunan","mri-esm2-0","ssp126",NA,1.54560951258255,29.0449867369637
"2694",3529,"Hunan","mri-esm2-0","ssp126",NA,12.5044433719462,28.5443821377225
"2695",3530,"Hunan","mri-esm2-0","ssp126",NA,4.58411379782514,30.2362745496962
"2696",3531,"Hunan","mri-esm2-0","ssp126",NA,3.68615529139009,27.5540748596192
"2697",3532,"Hunan","mri-esm2-0","ssp126",NA,6.51300955797264,25.8803335038443
"2698",3533,"Hunan","mri-esm2-0","ssp126",NA,0.0290308653867604,25.913037024604
"2699",3534,"Hunan","mri-esm2-0","ssp126",NA,0.123859211894991,25.650163995652
"2700",3535,"Hunan","mri-esm2-0","ssp126",NA,0.554177287098615,26.8034480382526
"2701",3536,"Hunan","mri-esm2-0","ssp126",NA,1.61861660042502,22.3379950266036
"2702",3537,"Hunan","mri-esm2-0","ssp126",NA,1.67939033818324,21.8873561193073
"2703",3538,"Hunan","mri-esm2-0","ssp126",NA,2.17934236568778,18.107083468967
"2704",3539,"Hunan","mri-esm2-0","ssp126",NA,0.46255876840665,17.3878950209845
"2705",3540,"Hunan","mri-esm2-0","ssp126",NA,0.0140840272186844,17.5067626832024
"2706",3541,"Hunan","mri-esm2-0","ssp126",NA,0.255479176368161,18.0586707826645
"2707",3542,"Hunan","mri-esm2-0","ssp126",NA,3.15248949682427,21.0077354310051
"2708",3543,"Hunan","mri-esm2-0","ssp126",NA,4.06681356136817,13.7723078773135
"2709",3544,"Hunan","mri-esm2-0","ssp126",NA,1.11387003615684,14.2614444066608
"2710",3545,"Hunan","mri-esm2-0","ssp126",NA,0.468149996861809,8.77125102451872
"2711",3546,"Hunan","mri-esm2-0","ssp126",NA,0.348552463382085,8.3430984860375
"2712",3547,"Hunan","mri-esm2-0","ssp126",NA,2.30070721762396,9.14103173149959
"2713",3548,"Hunan","mri-esm2-0","ssp126",NA,0.910756320321785,11.7335153731089
"2714",3549,"Hunan","mri-esm2-0","ssp126",NA,2.63740326297141,10.7045093839131
"2715",3550,"Hunan","mri-esm2-0","ssp126",NA,2.11633854079472,12.839123995342
"2716",3551,"Hunan","mri-esm2-0","ssp126",NA,2.69922706571119,3.87288727533252
"2717",3552,"Hunan","mri-esm2-0","ssp126",NA,0.0192052941851476,8.01384379069013
"2718",3553,"Hunan","mri-esm2-0","ssp126",NA,1.65849973441904,13.0878966316344
"2719",3554,"Hunan","mri-esm2-0","ssp126",NA,4.52630764696421,12.1787819756402
"2720",3555,"Hunan","mri-esm2-0","ssp126",NA,6.49300349675416,13.619093891931
"2721",3556,"Hunan","mri-esm2-0","ssp126",NA,4.41584330331222,5.42216044834684
"2722",3557,"Hunan","mri-esm2-0","ssp126",NA,1.49785023676096,5.98539722987586
"2723",3558,"Hunan","mri-esm2-0","ssp126",NA,10.5832571475146,8.24480772472565
"2724",3559,"Hunan","mri-esm2-0","ssp126",NA,8.5497157168902,6.98813121735106
"2725",3560,"Hunan","mri-esm2-0","ssp126",NA,10.2911658836742,13.7661215282622
"2726",3561,"Hunan","mri-esm2-0","ssp126",NA,5.1195805325928,11.0125248742482
"2727",3562,"Hunan","mri-esm2-0","ssp126",NA,7.54027151732381,10.724507601299
"2728",3563,"Hunan","mri-esm2-0","ssp126",NA,9.38768865450714,13.5467850336953
"2729",3564,"Hunan","mri-esm2-0","ssp126",NA,8.45241430279202,16.2295551118397
"2730",3565,"Hunan","mri-esm2-0","ssp126",NA,9.90053622495647,17.8883779132177
"2731",3566,"Hunan","mri-esm2-0","ssp126",NA,5.97836165668144,25.5523019942027
"2732",3567,"Hunan","mri-esm2-0","ssp126",NA,8.45789895470911,25.7545348999992
"2733",3568,"Hunan","mri-esm2-0","ssp126",NA,6.04844350907894,19.0109377179827
"2734",3569,"Hunan","mri-esm2-0","ssp126",NA,3.21802326531854,22.3501831660195
"2735",3570,"Hunan","mri-esm2-0","ssp126",NA,8.76174538631988,23.4952775379968
"2736",3571,"Hunan","mri-esm2-0","ssp126",NA,13.7237596587316,24.9652679806664
"2737",3572,"Hunan","mri-esm2-0","ssp126",NA,4.34951576042165,24.8913871038528
"2738",3573,"Hunan","mri-esm2-0","ssp126",NA,4.12597127086493,26.8796963282994
"2739",3574,"Hunan","mri-esm2-0","ssp126",NA,10.6288412266557,26.1800246586876
"2740",3575,"Hunan","mri-esm2-0","ssp126",NA,4.00400200290798,26.9977446177649
"2741",3576,"Hunan","mri-esm2-0","ssp126",NA,6.16478267612105,29.238911171565
"2742",3577,"Hunan","mri-esm2-0","ssp126",NA,15.2126417551959,27.4606354244172
"2743",3578,"Hunan","mri-esm2-0","ssp126",NA,8.35705232322133,28.6485804724315
"2744",3579,"Hunan","mri-esm2-0","ssp126",NA,6.64856889128974,30.2186347234817
"2745",3580,"Hunan","mri-esm2-0","ssp126",NA,17.293652852017,28.5222197154212
"2746",3581,"Hunan","mri-esm2-0","ssp126",NA,11.9183806732703,28.5596791948591
"2747",3582,"Hunan","mri-esm2-0","ssp126",NA,6.23085183766697,28.0092855302115
"2748",3583,"Hunan","mri-esm2-0","ssp126",NA,9.44732529286999,29.6146725972494
"2749",3584,"Hunan","mri-esm2-0","ssp126",NA,1.0718371926032,26.0127544221424
"2750",3585,"Hunan","mri-esm2-0","ssp126",NA,5.55671248751943,26.0586819240025
"2751",3586,"Hunan","mri-esm2-0","ssp126",NA,5.17325579297514,24.7448298257495
"2752",3587,"Hunan","mri-esm2-0","ssp126",NA,1.48341034115609,22.4060715690492
"2753",3588,"Hunan","mri-esm2-0","ssp126",NA,0.0765120934374863,22.8145643082876
"2754",3589,"Hunan","mri-esm2-0","ssp126",NA,0.670038893453498,23.6902760823568
"2755",3590,"Hunan","mri-esm2-0","ssp126",NA,1.20604145416629,24.305982450455
"2756",3591,"Hunan","mri-esm2-0","ssp126",NA,1.04139822111782,24.2637075515021
"2757",3592,"Hunan","mri-esm2-0","ssp126",NA,2.03910659539101,14.4986169724238
"2758",3593,"Hunan","mri-esm2-0","ssp126",NA,0.0315496312461099,16.5459229121133
"2759",3594,"Hunan","mri-esm2-0","ssp126",NA,3.33645471781503,12.4754506792341
"2760",3595,"Hunan","mri-esm2-0","ssp126",NA,2.10983613322112,13.3772983369373
"2761",3596,"Hunan","mri-esm2-0","ssp126",NA,0.614111815821161,9.6745420304556
"2762",3597,"Hunan","mri-esm2-0","ssp126",NA,0.34424263897433,10.9196078103686
"2763",3598,"Hunan","mri-esm2-0","ssp126",NA,0.00216856669794652,10.6050234113421
"2764",3599,"Hunan","mri-esm2-0","ssp126",NA,3.87068476591464,8.88670501708987
"2765",3600,"Hunan","mri-esm2-0","ssp126",NA,6.42076719483547,7.76205887567431
"2766",3601,"Hunan","mri-esm2-0","ssp126",NA,5.00164418400085,8.99857640342109
"2767",3602,"Hunan","mri-esm2-0","ssp126",NA,4.08962791522234,9.0725163172162
"2768",3603,"Hunan","mri-esm2-0","ssp126",NA,0.225341917497904,9.14750333513535
"2769",3604,"Hunan","mri-esm2-0","ssp126",NA,0.886507689723918,9.59646928575306
"2770",3605,"Hunan","mri-esm2-0","ssp126",NA,2.41216373115744,11.5892149425688
"2771",3606,"Hunan","mri-esm2-0","ssp126",NA,2.26588186966572,13.5684716482011
"2772",3607,"Hunan","mri-esm2-0","ssp126",NA,1.34796786160223,9.92519349597752
"2773",3608,"Hunan","mri-esm2-0","ssp126",NA,0.979462631935998,8.82125661940804
"2774",3609,"Hunan","mri-esm2-0","ssp126",NA,6.31873490375645,9.97670189993724
"2775",3610,"Hunan","mri-esm2-0","ssp126",NA,4.61073402378653,9.48924989246189
"2776",3611,"Hunan","mri-esm2-0","ssp126",NA,4.35807935734504,13.2947502257332
"2777",3612,"Hunan","mri-esm2-0","ssp126",NA,10.9583689152844,12.109585244315
"2778",3613,"Hunan","mri-esm2-0","ssp126",NA,5.21995088096706,8.70735345265224
"2779",3614,"Hunan","mri-esm2-0","ssp126",NA,2.25941981185055,13.9693632701087
"2780",3615,"Hunan","mri-esm2-0","ssp126",NA,3.872124460122,15.3583438328335
"2781",3616,"Hunan","mri-esm2-0","ssp126",NA,11.7437108368059,18.2672633337596
"2782",3617,"Hunan","mri-esm2-0","ssp126",NA,6.85500408482247,17.7969347757007
"2783",3618,"Hunan","mri-esm2-0","ssp126",NA,1.21894364089193,22.0033041454497
"2784",3619,"Hunan","mri-esm2-0","ssp126",NA,14.2470668709718,19.5794801984515
"2785",3620,"Hunan","mri-esm2-0","ssp126",NA,0.940127627089688,20.6022073776003
"2786",3621,"Hunan","mri-esm2-0","ssp126",NA,13.440374026972,23.4488210042318
"2787",3622,"Hunan","mri-esm2-0","ssp126",NA,9.56163314481273,24.7854148138137
"2788",3623,"Hunan","mri-esm2-0","ssp126",NA,3.56418114741765,25.5352081541031
"2789",3624,"Hunan","mri-esm2-0","ssp126",NA,11.837303140237,25.0810834006658
"2790",3625,"Hunan","mri-esm2-0","ssp126",NA,13.843750506898,26.653083995032
"2791",3626,"Hunan","mri-esm2-0","ssp126",NA,2.90754250562324,28.0710737561423
"2792",3627,"Hunan","mri-esm2-0","ssp126",NA,15.0511876432834,26.903230406746
"2793",3628,"Hunan","mri-esm2-0","ssp126",NA,5.4195079969369,26.178119187128
"2794",3629,"Hunan","mri-esm2-0","ssp126",NA,0.923348517361384,28.6725922962976
"2795",3630,"Hunan","mri-esm2-0","ssp126",NA,0.960089448998198,30.4392303103493
"2796",3631,"Hunan","mri-esm2-0","ssp126",NA,5.26820394509611,30.270539129348
"2797",3632,"Hunan","mri-esm2-0","ssp126",NA,6.23574456939683,30.1793940831745
"2798",3633,"Hunan","mri-esm2-0","ssp126",NA,0.00943292836512099,29.0888751317584
"2799",3634,"Hunan","mri-esm2-0","ssp126",NA,7.97081620059674,30.0726575821165
"2800",3635,"Hunan","mri-esm2-0","ssp126",NA,9.20935809164283,28.9384839618017
"2801",3636,"Hunan","mri-esm2-0","ssp126",NA,17.0845626656306,25.6108741881356
"2802",3637,"Hunan","mri-esm2-0","ssp126",NA,22.7810272643248,27.007586839464
"2803",3638,"Hunan","mri-esm2-0","ssp126",NA,7.01527314924014,26.4750854976594
"2804",3639,"Hunan","mri-esm2-0","ssp126",NA,0.2959758731192,24.0402945382255
"2805",3640,"Hunan","mri-esm2-0","ssp126",NA,9.33776847885254,23.8190823025174
"2806",3641,"Hunan","mri-esm2-0","ssp126",NA,0.894534071767339,24.6473493545775
"2807",3642,"Hunan","mri-esm2-0","ssp126",NA,0.104509901595001,21.2463232494536
"2808",3643,"Hunan","mri-esm2-0","ssp126",NA,0.350161509296803,19.0907370673286
"2809",3644,"Hunan","mri-esm2-0","ssp126",NA,0.0352027226459281,15.7922983442034
"2810",3645,"Hunan","mri-esm2-0","ssp126",NA,0.00439165225023836,18.6686790224106
"2811",3646,"Hunan","mri-esm2-0","ssp126",NA,10.293948371535,21.1048022800022
"2812",3647,"Hunan","mri-esm2-0","ssp126",NA,6.00150481393809,14.2018260774159
"2813",3648,"Hunan","mri-esm2-0","ssp126",NA,0.642264348672532,14.4373769124349
"2814",3649,"Hunan","mri-esm2-0","ssp126",NA,0.786099711811922,11.4505157591805
"2815",3650,"Hunan","mri-esm2-0","ssp126",NA,4.715159441847,12.5790128072103
"2816",3651,"Hunan","mri-esm2-0","ssp126",NA,0.894625138744232,9.05763294280524
"2817",3652,"Hunan","mri-esm2-0","ssp126",NA,0.626136729735143,8.27249879382908
"2818",3653,"Hunan","mri-esm2-0","ssp126",NA,1.80257471071335,11.8010105072506
"2819",3654,"Hunan","mri-esm2-0","ssp126",NA,2.71667622726974,12.5222317044697
"2820",3655,"Hunan","mri-esm2-0","ssp126",NA,0.205415954925619,7.71068356226363
"2821",3656,"Hunan","mri-esm2-0","ssp126",NA,0.582625659581026,9.75643086509102
"2822",3657,"Hunan","mri-esm2-0","ssp126",NA,0.148885168495586,7.98981658693346
"2823",3658,"Hunan","mri-esm2-0","ssp126",NA,2.8095550047835,13.6726194230337
"2824",3659,"Hunan","mri-esm2-0","ssp126",NA,7.21698361320315,7.7789980691577
"2825",3660,"Hunan","mri-esm2-0","ssp126",NA,3.05584134085361,5.44819951133125
"2826",3661,"Hunan","mri-esm2-0","ssp126",NA,3.33705355486537,9.62018095955019
"2827",3662,"Hunan","mri-esm2-0","ssp126",NA,9.9668559989563,13.0278913225447
"2828",3663,"Hunan","mri-esm2-0","ssp126",NA,4.38944106245539,11.5307079617939
"2829",3664,"Hunan","mri-esm2-0","ssp126",NA,5.54612988066765,11.771938033331
"2830",3665,"Hunan","mri-esm2-0","ssp126",NA,9.8667596015535,16.9935591682555
"2831",3666,"Hunan","mri-esm2-0","ssp126",NA,5.69451866041553,15.0530887301006
"2832",3667,"Hunan","mri-esm2-0","ssp126",NA,1.29276098381784,18.5511761135525
"2833",3668,"Hunan","mri-esm2-0","ssp126",NA,6.93044916438339,19.868296014695
"2834",3669,"Hunan","mri-esm2-0","ssp126",NA,5.84934189600972,20.4003430442205
"2835",3670,"Hunan","mri-esm2-0","ssp126",NA,4.96290985411179,21.8274360051231
"2836",3671,"Hunan","mri-esm2-0","ssp126",NA,5.96949836327829,18.3407654656304
"2837",3672,"Hunan","mri-esm2-0","ssp126",NA,5.441053545558,22.8190235682896
"2838",3673,"Hunan","mri-esm2-0","ssp126",NA,4.93354227071125,25.4845409211658
"2839",3674,"Hunan","mri-esm2-0","ssp126",NA,2.12872722733794,21.9660898359995
"2840",3675,"Hunan","mri-esm2-0","ssp126",NA,4.50971340552054,22.9814653063578
"2841",3676,"Hunan","mri-esm2-0","ssp126",NA,3.13964610060923,25.6431630573576
"2842",3677,"Hunan","mri-esm2-0","ssp126",NA,2.41872268364075,27.136929963127
"2843",3678,"Hunan","mri-esm2-0","ssp126",NA,13.5666164956352,26.0756192404127
"2844",3679,"Hunan","mri-esm2-0","ssp126",NA,4.32657057674857,28.7608614845882
"2845",3680,"Hunan","mri-esm2-0","ssp126",NA,10.2816690893113,28.7071230570475
"2846",3681,"Hunan","mri-esm2-0","ssp126",NA,12.9247605964922,25.9636636279878
"2847",3682,"Hunan","mri-esm2-0","ssp126",NA,1.91512415326542,29.9606862870474
"2848",3683,"Hunan","mri-esm2-0","ssp126",NA,3.75152214714944,29.7119910346137
"2849",3684,"Hunan","mri-esm2-0","ssp126",NA,11.8743984764089,27.8043624151321
"2850",3685,"Hunan","mri-esm2-0","ssp126",NA,16.6152917697283,27.5029481070382
"2851",3686,"Hunan","mri-esm2-0","ssp126",NA,3.86531091013629,30.1504449511331
"2852",3687,"Hunan","mri-esm2-0","ssp126",NA,3.71439919702295,29.7263095916264
"2853",3688,"Hunan","mri-esm2-0","ssp126",NA,13.1630301047543,28.0471502152701
"2854",3689,"Hunan","mri-esm2-0","ssp126",NA,2.5764181206666,25.5563137236096
"2855",3690,"Hunan","mri-esm2-0","ssp126",NA,0.9009536584082,26.6384117610871
"2856",3691,"Hunan","mri-esm2-0","ssp126",NA,7.72121099492843,26.0897818792434
"2857",3692,"Hunan","mri-esm2-0","ssp126",NA,0.158602490189099,22.1883477226136
"2858",3693,"Hunan","mri-esm2-0","ssp126",NA,0.198335585368373,20.833338552808
"2859",3694,"Hunan","mri-esm2-0","ssp126",NA,1.35352141565558,25.021196892148
"2860",3695,"Hunan","mri-esm2-0","ssp126",NA,2.48462908939473,17.2017138768756
"2861",3696,"Hunan","mri-esm2-0","ssp126",NA,3.56794989378224,20.6840053255596
"2862",3697,"Hunan","mri-esm2-0","ssp126",NA,1.21749816257112,14.247650037493
"2863",3698,"Hunan","mri-esm2-0","ssp126",NA,1.18824985900444,12.9038684905522
"2864",3699,"Hunan","mri-esm2-0","ssp126",NA,0.0062674132160672,12.5360040937151
"2865",3700,"Hunan","mri-esm2-0","ssp126",NA,0.149282649129288,11.1924287826296
"2866",3701,"Hunan","mri-esm2-0","ssp126",NA,0.209379906729217,14.4068527948289
"2867",3702,"Hunan","mri-esm2-0","ssp126",NA,1.79101672717609,9.57627337016759
"2868",3703,"Hunan","mri-esm2-0","ssp126",NA,1.73747537389448,8.60750544714552
"2869",3704,"Hunan","mri-esm2-0","ssp126",NA,0.0227764977353218,7.66184181334483
"2870",3705,"Hunan","mri-esm2-0","ssp126",NA,0.358738663667931,9.86987057640441
"2871",3706,"Hunan","mri-esm2-0","ssp126",NA,0.0531899984123031,8.83996219937766
"2872",3707,"Hunan","mri-esm2-0","ssp126",NA,0.138526440079139,8.01935863192122
"2873",3708,"Hunan","mri-esm2-0","ssp126",NA,0.0027140652361725,8.61926428174218
"2874",3709,"Hunan","mri-esm2-0","ssp126",NA,0.0573872768849729,10.5494009472075
"2875",3710,"Hunan","mri-esm2-0","ssp126",NA,2.78458671755938,10.6936365278941
"2876",3711,"Hunan","mri-esm2-0","ssp126",NA,0.0035100263955558,14.2832015627907
"2877",3712,"Hunan","mri-esm2-0","ssp126",NA,1.93732671204998,9.09056243896486
"2878",3713,"Hunan","mri-esm2-0","ssp126",NA,0.868118818380026,9.59855907379637
"2879",3714,"Hunan","mri-esm2-0","ssp126",NA,2.54062302843262,16.0302540128193
"2880",3715,"Hunan","mri-esm2-0","ssp126",NA,4.0900253536425,13.6451731606136
"2881",3716,"Hunan","mri-esm2-0","ssp126",NA,5.84371482924715,15.4393007914226
"2882",3717,"Hunan","mri-esm2-0","ssp126",NA,8.83775337709786,10.0848959181044
"2883",3718,"Hunan","mri-esm2-0","ssp126",NA,2.40074220254038,13.5416164216541
"2884",3719,"Hunan","mri-esm2-0","ssp126",NA,3.5120183498358,19.5746664138068
"2885",3720,"Hunan","mri-esm2-0","ssp126",NA,7.55761472929147,17.0092169867622
"2886",3721,"Hunan","mri-esm2-0","ssp126",NA,6.33853418271428,17.2118349953303
"2887",3722,"Hunan","mri-esm2-0","ssp126",NA,14.6916886604491,18.0965909322103
"2888",3723,"Hunan","mri-esm2-0","ssp126",NA,8.7739404153126,20.2450993371388
"2889",3724,"Hunan","mri-esm2-0","ssp126",NA,9.64957484512915,22.4323720296224
"2890",3725,"Hunan","mri-esm2-0","ssp126",NA,12.8080089341438,23.8371256389315
"2891",3726,"Hunan","mri-esm2-0","ssp126",NA,10.7130890276234,23.214003499349
"2892",3727,"Hunan","mri-esm2-0","ssp126",NA,1.26620076513453,26.8173563033816
"2893",3728,"Hunan","mri-esm2-0","ssp126",NA,4.91736206414056,26.9064029633053
"2894",3729,"Hunan","mri-esm2-0","ssp126",NA,2.31801674197283,25.4689518277608
"2895",3730,"Hunan","mri-esm2-0","ssp126",NA,2.62426861692282,24.9447449699281
"2896",3731,"Hunan","mri-esm2-0","ssp126",NA,2.25738785604465,26.4011830647787
"2897",3732,"Hunan","mri-esm2-0","ssp126",NA,10.2141712675867,27.6756376357306
"2898",3733,"Hunan","mri-esm2-0","ssp126",NA,9.63322405525235,28.8461507888068
"2899",3734,"Hunan","mri-esm2-0","ssp126",NA,5.23177496533468,29.8191030714247
"2900",3735,"Hunan","mri-esm2-0","ssp126",NA,6.53593051547432,28.6338163829985
"2901",3736,"Hunan","mri-esm2-0","ssp126",NA,11.7448126991543,28.5917034573025
"2902",3737,"Hunan","mri-esm2-0","ssp126",NA,10.5973078897607,29.6623777480353
"2903",3738,"Hunan","mri-esm2-0","ssp126",NA,10.8228861659557,27.7606388394795
"2904",3739,"Hunan","mri-esm2-0","ssp126",NA,14.4249975542217,27.5092911008805
"2905",3740,"Hunan","mri-esm2-0","ssp126",NA,5.12997879563305,29.3814821515765
"2906",3741,"Hunan","mri-esm2-0","ssp126",NA,0.0638193181008059,25.8797152201335
"2907",3742,"Hunan","mri-esm2-0","ssp126",NA,0.127720885361019,24.6359035068088
"2908",3743,"Hunan","mri-esm2-0","ssp126",NA,0.182913704786967,23.1319075811477
"2909",3744,"Hunan","mri-esm2-0","ssp126",NA,0.00349483786002175,20.1328799050952
"2910",3745,"Hunan","mri-esm2-0","ssp126",NA,0.076218264056089,21.1389696756999
"2911",3746,"Hunan","mri-esm2-0","ssp126",NA,0.470367072810924,22.0186852470277
"2912",3747,"Hunan","mri-esm2-0","ssp126",NA,0.212285921348407,19.11189791967
"2913",3748,"Hunan","mri-esm2-0","ssp126",NA,0.101739031755902,19.7297371879457
"2914",3749,"Hunan","mri-esm2-0","ssp126",NA,0.00401522358645577,17.8237427726625
"2915",3750,"Hunan","mri-esm2-0","ssp126",NA,0.203665272835808,17.7539976331923
"2916",3751,"Hunan","mri-esm2-0","ssp126",NA,1.67561251481467,13.9149806431362
"2917",3752,"Hunan","mri-esm2-0","ssp126",NA,0.618406012290507,14.9400116572305
"2918",3753,"Hunan","mri-esm2-0","ssp126",NA,3.40357645213122,15.910111454555
"2919",3754,"Hunan","mri-esm2-0","ssp126",NA,0.517176719326276,8.13993497576035
"2920",3755,"Hunan","mri-esm2-0","ssp126",NA,0.244324597432361,7.18633901202492
"2921",3756,"Hunan","mri-esm2-0","ssp126",NA,0.169358228790121,9.75655202714226
"2922",3757,"Hunan","mri-esm2-0","ssp126",NA,1.28291857673893,9.5666682652065
"2923",3758,"Hunan","mri-esm2-0","ssp126",NA,2.18784848875008,9.10845445905415
"2924",3759,"Hunan","mri-esm2-0","ssp126",NA,2.05572105404437,10.9602586776491
"2925",3760,"Hunan","mri-esm2-0","ssp126",NA,3.30270209848485,6.61567562042723
"2926",3761,"Hunan","mri-esm2-0","ssp126",NA,1.35948738238117,7.50281277611144
"2927",3762,"Hunan","mri-esm2-0","ssp126",NA,0.691879679509709,6.83388901967853
"2928",3763,"Hunan","mri-esm2-0","ssp126",NA,1.52793133594449,13.4545911274259
"2929",3764,"Hunan","mri-esm2-0","ssp126",NA,0.340871104331849,11.5437188648042
"2930",3765,"Hunan","mri-esm2-0","ssp126",NA,2.73672059322832,12.5882496425084
"2931",3766,"Hunan","mri-esm2-0","ssp126",NA,7.15608071255442,15.9826691763742
"2932",3767,"Hunan","mri-esm2-0","ssp126",NA,0.671732417445777,17.232495880127
"2933",3768,"Hunan","mri-esm2-0","ssp126",NA,2.07185804041338,13.7727647932749
"2934",3769,"Hunan","mri-esm2-0","ssp126",NA,3.18129875192556,16.3566889202784
"2935",3770,"Hunan","mri-esm2-0","ssp126",NA,1.2345151369053,16.561608826168
"2936",3771,"Hunan","mri-esm2-0","ssp126",NA,3.66393264583686,17.3696668836806
"2937",3772,"Hunan","mri-esm2-0","ssp126",NA,6.09733017245162,18.7541165548658
"2938",3773,"Hunan","mri-esm2-0","ssp126",NA,10.8274636458061,17.7962452237568
"2939",3774,"Hunan","mri-esm2-0","ssp126",NA,5.12453624299789,17.3026864914667
"2940",3775,"Hunan","mri-esm2-0","ssp126",NA,6.61325319772784,21.7197434077187
"2941",3776,"Hunan","mri-esm2-0","ssp126",NA,3.56528036771644,21.9372826954675
"2942",3777,"Hunan","mri-esm2-0","ssp126",NA,5.80675652362775,21.9150972638812
"2943",3778,"Hunan","mri-esm2-0","ssp126",NA,13.3726769966155,25.6858202737475
"2944",3779,"Hunan","mri-esm2-0","ssp126",NA,2.00053228639782,25.5037490118118
"2945",3780,"Hunan","mri-esm2-0","ssp126",NA,7.93838627519108,26.8655903649709
"2946",3781,"Hunan","mri-esm2-0","ssp126",NA,18.8409299943812,25.3979913136316
"2947",3782,"Hunan","mri-esm2-0","ssp126",NA,3.44680491893996,25.9444346473331
"2948",3783,"Hunan","mri-esm2-0","ssp126",NA,11.7627556468571,26.9292421007913
"2949",3784,"Hunan","mri-esm2-0","ssp126",NA,13.8785443480174,26.7150534493583
"2950",3785,"Hunan","mri-esm2-0","ssp126",NA,10.1613214464383,26.6702856760177
"2951",3786,"Hunan","mri-esm2-0","ssp126",NA,24.3165800568542,27.9335070534358
"2952",3787,"Hunan","mri-esm2-0","ssp126",NA,17.2834315475809,28.0937851315453
"2953",3788,"Hunan","mri-esm2-0","ssp126",NA,3.34408133374901,30.1915695674836
"2954",3789,"Hunan","mri-esm2-0","ssp126",NA,5.95788310737849,28.4703375316802
"2955",3790,"Hunan","mri-esm2-0","ssp126",NA,8.81836097697877,27.7745449853322
"2956",3791,"Hunan","mri-esm2-0","ssp126",NA,6.53728195317984,28.8112225729322
"2957",3792,"Hunan","mri-esm2-0","ssp126",NA,8.27771094580905,28.6717546977694
"2958",3793,"Hunan","mri-esm2-0","ssp126",NA,10.5819991030135,27.5106321183462
"2959",3794,"Hunan","mri-esm2-0","ssp126",NA,0.471624266921416,24.1629537673224
"2960",3795,"Hunan","mri-esm2-0","ssp126",NA,0.0562719213641165,23.6877314976284
"2961",3796,"Hunan","mri-esm2-0","ssp126",NA,0.00552347436756203,22.257100011432
"2962",3797,"Hunan","mri-esm2-0","ssp126",NA,1.85974427354917,21.7103989131867
"2963",3798,"Hunan","mri-esm2-0","ssp126",NA,2.86531544424439,17.5015140836201
"2964",3799,"Hunan","mri-esm2-0","ssp126",NA,0.0846591692931855,20.9023677402073
"2965",3800,"Hunan","mri-esm2-0","ssp126",NA,1.76865283158674,18.3693655225966
"2966",3801,"Hunan","mri-esm2-0","ssp126",NA,1.73032217425576,20.2014372204978
"2967",3802,"Hunan","mri-esm2-0","ssp126",NA,0.480627389034843,18.459604124039
"2968",3803,"Hunan","mri-esm2-0","ssp126",NA,10.5632233607269,17.9919090997605
"2969",3804,"Hunan","mri-esm2-0","ssp126",NA,11.4154699915551,9.53431533329073
"2970",3805,"Hunan","mri-esm2-0","ssp126",NA,1.38103355229759,12.2339881533668
"2971",3806,"Hunan","mri-esm2-0","ssp126",NA,0.472712758411425,11.0397523668078
"2972",3807,"Hunan","mri-esm2-0","ssp126",NA,5.90999174302981,11.6900439913311
"2973",3808,"Hunan","mri-esm2-0","ssp126",NA,0.0313206836770925,7.03162803044397
"2974",3809,"Hunan","mri-esm2-0","ssp126",NA,0.00273361022534248,6.42104334755552
"2975",3810,"Hunan","mri-esm2-0","ssp126",NA,0.00360333564068631,7.37011090233215
"2976",3811,"Hunan","mri-esm2-0","ssp126",NA,0.734194063059996,10.1528033423046
"2977",3812,"Hunan","mri-esm2-0","ssp126",NA,0.398414834054555,11.3516638135153
"2978",3813,"Hunan","mri-esm2-0","ssp126",NA,0.507856932816659,3.90928215147959
"2979",3814,"Hunan","mri-esm2-0","ssp126",NA,2.27380030599826,8.44368599785701
"2980",3815,"Hunan","mri-esm2-0","ssp126",NA,4.76140595929532,5.76939023941285
"2981",3816,"Hunan","mri-esm2-0","ssp126",NA,5.55923470276736,9.63635454934743
"2982",3817,"Hunan","mri-esm2-0","ssp126",NA,3.09246198615775,9.95910657852417
"2983",3818,"Hunan","mri-esm2-0","ssp126",NA,4.5726041326621,7.73712904188371
"2984",3819,"Hunan","mri-esm2-0","ssp126",NA,6.94110225782164,10.9708545745365
"2985",3820,"Hunan","mri-esm2-0","ssp126",NA,3.70683847331748,9.97996043856184
"2986",3821,"Hunan","mri-esm2-0","ssp126",NA,7.11523099920929,11.3791040814112
"2987",3822,"Hunan","mri-esm2-0","ssp126",NA,1.40438448732181,15.5011189899748
"2988",3823,"Hunan","mri-esm2-0","ssp126",NA,0.435345181033751,12.4693902757433
"2989",3824,"Hunan","mri-esm2-0","ssp126",NA,13.9977117961994,18.1091843983484
"2990",3825,"Hunan","mri-esm2-0","ssp126",NA,12.4244777175461,19.9872747875395
"2991",3826,"Hunan","mri-esm2-0","ssp126",NA,5.53701939223694,20.6675840831938
"2992",3827,"Hunan","mri-esm2-0","ssp126",NA,7.03206080804973,16.6727069188678
"2993",3828,"Hunan","mri-esm2-0","ssp126",NA,10.5981265249933,22.5907140580435
"2994",3829,"Hunan","mri-esm2-0","ssp126",NA,14.742341912818,24.0938258822002
"2995",3830,"Hunan","mri-esm2-0","ssp126",NA,8.89207739922183,21.9803518991622
"2996",3831,"Hunan","mri-esm2-0","ssp126",NA,6.47381834227027,21.7471078055246
"2997",3832,"Hunan","mri-esm2-0","ssp126",NA,2.8309451525534,26.0904387337821
"2998",3833,"Hunan","mri-esm2-0","ssp126",NA,11.7176806436614,26.0559557475741
"2999",3834,"Hunan","mri-esm2-0","ssp126",NA,0.922933621125464,28.3841899205768
"3000",3835,"Hunan","mri-esm2-0","ssp126",NA,12.2303891647724,28.5792465331063
"3001",3836,"Hunan","mri-esm2-0","ssp126",NA,19.8006979272122,26.9487692938911
"3002",3837,"Hunan","mri-esm2-0","ssp126",NA,11.0704925541346,23.4087880573576
"3003",3838,"Hunan","mri-esm2-0","ssp126",NA,19.5713768893906,28.0973760937888
"3004",3839,"Hunan","mri-esm2-0","ssp126",NA,20.2367547648594,26.8352601914179
"3005",3840,"Hunan","mri-esm2-0","ssp126",NA,7.01014984025668,28.8450082567003
"3006",3841,"Hunan","mri-esm2-0","ssp126",NA,2.56162249526304,29.8221252804711
"3007",3842,"Hunan","mri-esm2-0","ssp126",NA,0.839963484915123,28.4518128168015
"3008",3843,"Hunan","mri-esm2-0","ssp126",NA,0.00320955502632257,30.2951372661288
"3009",3844,"Hunan","mri-esm2-0","ssp126",NA,4.16968694405893,30.2241633702839
"3010",3845,"Hunan","mri-esm2-0","ssp126",NA,3.7146195700968,29.1312251136417
"3011",3846,"Hunan","mri-esm2-0","ssp126",NA,0.0254275158697835,25.837250373477
"3012",3847,"Hunan","mri-esm2-0","ssp126",NA,14.2197257951206,24.574799928211
"3013",3848,"Hunan","mri-esm2-0","ssp126",NA,1.87250325397404,25.881536344498
"3014",3849,"Hunan","mri-esm2-0","ssp126",NA,0.619067510946739,21.8122134254092
"3015",3850,"Hunan","mri-esm2-0","ssp126",NA,0.0386102370482279,23.6302556355795
"3016",3851,"Hunan","mri-esm2-0","ssp126",NA,1.34284968306539,21.9138235788497
"3017",3852,"Hunan","mri-esm2-0","ssp126",NA,2.92280179852631,19.8692850506495
"3018",3853,"Hunan","mri-esm2-0","ssp126",NA,8.25575948532398,21.2249072362506
"3019",3854,"Hunan","mri-esm2-0","ssp126",NA,0.641221609066633,19.915978337848
"3020",3855,"Hunan","mri-esm2-0","ssp126",NA,7.40681332972599,17.7091095455109
"3021",3856,"Hunan","mri-esm2-0","ssp126",NA,6.21617864599102,13.668841843378
"3022",3857,"Hunan","mri-esm2-0","ssp126",NA,10.4143718673965,12.7605173141238
"3023",3858,"Hunan","mri-esm2-0","ssp126",NA,4.80658527627773,12.9116709391276
"3024",3859,"Hunan","mri-esm2-0","ssp126",NA,0.00169393987172433,9.14414646209235
"3025",3860,"Hunan","mri-esm2-0","ssp126",NA,0.135427339682792,8.40464305574934
"3026",3861,"Hunan","mri-esm2-0","ssp126",NA,0.423546997795451,7.51825249081568
"3027",3862,"Hunan","mri-esm2-0","ssp126",NA,2.19787921646457,9.9380672515385
"3028",3863,"Hunan","mri-esm2-0","ssp126",NA,3.51154397966249,9.7740184965588
"3029",3864,"Hunan","mri-esm2-0","ssp126",NA,2.21586422871951,6.69924134754002
"3030",3865,"Hunan","mri-esm2-0","ssp126",NA,1.66098291462861,12.7393643939306
"3031",3866,"Hunan","mri-esm2-0","ssp126",NA,6.79147047254836,8.32256905691967
"3032",3867,"Hunan","mri-esm2-0","ssp126",NA,1.91768075787877,15.4458948892261
"3033",3868,"Hunan","mri-esm2-0","ssp126",NA,2.54250697982051,5.23723718552365
"3034",3869,"Hunan","mri-esm2-0","ssp126",NA,5.02889754004303,11.9346785893516
"3035",3870,"Hunan","mri-esm2-0","ssp126",NA,1.09267380506545,8.83825957283143
"3036",3871,"Hunan","mri-esm2-0","ssp126",NA,6.94849367591165,11.3126215374659
"3037",3872,"Hunan","mri-esm2-0","ssp126",NA,10.5005736145878,8.82151099310983
"3038",3873,"Hunan","mri-esm2-0","ssp126",NA,1.05521175238599,11.3123181782072
"3039",3874,"Hunan","mri-esm2-0","ssp126",NA,6.46933904610185,16.1567150418721
"3040",3875,"Hunan","mri-esm2-0","ssp126",NA,11.0306823268729,13.2727594042581
"3041",3876,"Hunan","mri-esm2-0","ssp126",NA,6.56632296383057,18.3515022641137
"3042",3877,"Hunan","mri-esm2-0","ssp126",NA,0.724337931199313,16.8710157727438
"3043",3878,"Hunan","mri-esm2-0","ssp126",NA,1.90248012486986,19.0323492504302
"3044",3879,"Hunan","mri-esm2-0","ssp126",NA,2.35019022251696,22.6548420860654
"3045",3880,"Hunan","mri-esm2-0","ssp126",NA,13.5039110781496,21.2294714912536
"3046",3881,"Hunan","mri-esm2-0","ssp126",NA,15.1910855515715,21.7598754156204
"3047",3882,"Hunan","mri-esm2-0","ssp126",NA,16.7149104888267,24.9703532748752
"3048",3883,"Hunan","mri-esm2-0","ssp126",NA,7.90569492746727,22.5887230888246
"3049",3884,"Hunan","mri-esm2-0","ssp126",NA,10.1333120235137,25.443493749225
"3050",3885,"Hunan","mri-esm2-0","ssp126",NA,14.2668722282126,26.357940746489
"3051",3886,"Hunan","mri-esm2-0","ssp126",NA,2.23685184517827,26.5472877260239
"3052",3887,"Hunan","mri-esm2-0","ssp126",NA,5.43715171728374,28.3188997420054
"3053",3888,"Hunan","mri-esm2-0","ssp126",NA,18.7772325584839,26.8157798040481
"3054",3889,"Hunan","mri-esm2-0","ssp126",NA,18.1841617017458,28.3133824787443
"3055",3890,"Hunan","mri-esm2-0","ssp126",NA,5.03296892951377,26.9486819191585
"3056",3891,"Hunan","mri-esm2-0","ssp126",NA,0.449266393876054,31.1929042876713
"3057",3892,"Hunan","mri-esm2-0","ssp126",NA,5.21317738789549,30.6005344814725
"3058",3893,"Hunan","mri-esm2-0","ssp126",NA,3.13038787791941,30.1530628022694
"3059",3894,"Hunan","mri-esm2-0","ssp126",NA,2.91600181744798,30.4777253892687
"3060",3895,"Hunan","mri-esm2-0","ssp126",NA,0.660062235718734,29.4629252721393
"3061",3896,"Hunan","mri-esm2-0","ssp126",NA,0.0524279794002983,28.1204038468618
"3062",3897,"Hunan","mri-esm2-0","ssp126",NA,3.43668223602955,28.9788663470556
"3063",3898,"Hunan","mri-esm2-0","ssp126",NA,10.2113884993157,28.7766798231337
"3064",3899,"Hunan","mri-esm2-0","ssp126",NA,1.92365922283508,23.4669934348455
"3065",3900,"Hunan","mri-esm2-0","ssp126",NA,5.67353715790497,23.3872541518439
"3066",3901,"Hunan","mri-esm2-0","ssp126",NA,0.327143384921718,22.7357565380278
"3067",3902,"Hunan","mri-esm2-0","ssp126",NA,0.789762188670855,24.0238053579179
"3068",3903,"Hunan","mri-esm2-0","ssp126",NA,4.26496500233822,23.2267670525445
"3069",3904,"Hunan","mri-esm2-0","ssp126",NA,16.2868053779221,15.3454218788753
"3070",3905,"Hunan","mri-esm2-0","ssp126",NA,9.56470352994074,16.7618791004968
"3071",3906,"Hunan","mri-esm2-0","ssp126",NA,5.44477383386948,17.5302010914636
"3072",3907,"Hunan","mri-esm2-0","ssp126",NA,0.222406247296801,16.8323650178455
"3073",3908,"Hunan","mri-esm2-0","ssp126",NA,0.00534792857251887,14.9145916045658
"3074",3909,"Hunan","mri-esm2-0","ssp126",NA,0.142366684069982,12.5863993932331
"3075",3910,"Hunan","mri-esm2-0","ssp126",NA,0.131309484088758,8.97435113816037
"3076",3911,"Hunan","mri-esm2-0","ssp126",NA,0.408677121549772,8.83662591358974
"3077",3912,"Hunan","mri-esm2-0","ssp126",NA,3.07515318684507,9.50911392938525
"3078",3913,"Hunan","mri-esm2-0","ssp126",NA,3.12556333630839,9.60116602579754
"3079",3914,"Hunan","mri-esm2-0","ssp126",NA,0.0270027888616044,9.50460865081305
"3080",3915,"Hunan","mri-esm2-0","ssp126",NA,0.0249628057385312,9.74733662680976
"3081",3916,"Hunan","mri-esm2-0","ssp126",NA,2.10334080376405,6.96606803772944
"3082",3917,"Hunan","mri-esm2-0","ssp126",NA,7.91612732791691,9.26371633136086
"3083",3918,"Hunan","mri-esm2-0","ssp126",NA,0.583183271750646,9.4972237602113
"3084",3919,"Hunan","mri-esm2-0","ssp126",NA,0.00619541575101071,9.79537450396828
"3085",3920,"Hunan","mri-esm2-0","ssp126",NA,4.73262990608418,4.00321156335258
"3086",3921,"Hunan","mri-esm2-0","ssp126",NA,13.3541414970815,5.49055603269549
"3087",3922,"Hunan","mri-esm2-0","ssp126",NA,0.0084404917158411,13.4344814966596
"3088",3923,"Hunan","mri-esm2-0","ssp126",NA,5.21391707247208,9.47611528426884
"3089",3924,"Hunan","mri-esm2-0","ssp126",NA,2.0211758754093,10.3355907379635
"3090",3925,"Hunan","mri-esm2-0","ssp126",NA,6.51556714793904,9.57508603050597
"3091",3926,"Hunan","mri-esm2-0","ssp126",NA,12.1204882409854,11.9715571448917
"3092",3927,"Hunan","mri-esm2-0","ssp126",NA,4.71707338863,17.1804838150267
"3093",3928,"Hunan","mri-esm2-0","ssp126",NA,6.97296022576016,15.7222646198576
"3094",3929,"Hunan","mri-esm2-0","ssp126",NA,8.51929063909926,19.8204043070475
"3095",3930,"Hunan","mri-esm2-0","ssp126",NA,14.3460994734856,16.7313460213798
"3096",3931,"Hunan","mri-esm2-0","ssp126",NA,1.18069258946239,18.8935212150453
"3097",3932,"Hunan","mri-esm2-0","ssp126",NA,7.42391219407312,23.1926895141602
"3098",3933,"Hunan","mri-esm2-0","ssp126",NA,5.14210248071062,17.7771815466503
"3099",3934,"Hunan","mri-esm2-0","ssp126",NA,3.4916278196176,21.1519511510456
"3100",3935,"Hunan","mri-esm2-0","ssp126",NA,2.83790833997435,24.795490216452
"3101",3936,"Hunan","mri-esm2-0","ssp126",NA,5.02779599821354,24.4952437506782
"3102",3937,"Hunan","mri-esm2-0","ssp126",NA,0.702622861334541,28.4018910241506
"3103",3938,"Hunan","mri-esm2-0","ssp126",NA,5.39366359594169,28.1898389664908
"3104",3939,"Hunan","mri-esm2-0","ssp126",NA,1.66296086151436,28.6213856772771
"3105",3940,"Hunan","mri-esm2-0","ssp126",NA,5.2657346403391,28.7717657664466
"3106",3941,"Hunan","mri-esm2-0","ssp126",NA,0.772667874187911,28.351715766059
"3107",3942,"Hunan","mri-esm2-0","ssp126",NA,1.1466545237064,29.4807654607864
"3108",3943,"Hunan","mri-esm2-0","ssp126",NA,3.14133946798652,30.0525752597385
"3109",3944,"Hunan","mri-esm2-0","ssp126",NA,2.76328693683224,31.507415662493
"3110",3945,"Hunan","mri-esm2-0","ssp126",NA,6.12664126227693,29.3556383042109
"3111",3946,"Hunan","mri-esm2-0","ssp126",NA,7.40626570936261,29.6280506194584
"3112",3947,"Hunan","mri-esm2-0","ssp126",NA,11.9080342151392,29.1164707728795
"3113",3948,"Hunan","mri-esm2-0","ssp126",NA,10.6313506026319,28.5803758651491
"3114",3949,"Hunan","mri-esm2-0","ssp126",NA,5.26103153462957,27.4287030174619
"3115",3950,"Hunan","mri-esm2-0","ssp126",NA,0.013679525727639,26.4712037707132
"3116",3951,"Hunan","mri-esm2-0","ssp126",NA,0.25575789265661,26.0810097104027
"3117",3952,"Hunan","mri-esm2-0","ssp126",NA,0.0986757102639656,23.9231664990622
"3118",3953,"Hunan","mri-esm2-0","ssp126",NA,0.0612553060818755,23.9007948739188
"3119",3954,"Hunan","mri-esm2-0","ssp126",NA,0.00467254616134076,21.8574715992761
"3120",3955,"Hunan","mri-esm2-0","ssp126",NA,2.25369286584802,22.2192011757503
"3121",3956,"Hunan","mri-esm2-0","ssp126",NA,6.50262794548715,24.0970816354903
"3122",3957,"Hunan","mri-esm2-0","ssp126",NA,3.95287102924158,23.8358571612646
"3123",3958,"Hunan","mri-esm2-0","ssp126",NA,1.53960549307288,17.5493463909815
"3124",3959,"Hunan","mri-esm2-0","ssp126",NA,2.83392733419013,16.2137038942367
"3125",3960,"Hunan","mri-esm2-0","ssp126",NA,2.74271196510329,14.0663681756883
"3126",3961,"Hunan","mri-esm2-0","ssp126",NA,5.82608823709571,14.4076170663985
"3127",3962,"Hunan","mri-esm2-0","ssp126",NA,2.32846866190032,12.1809766981337
"3128",3963,"Hunan","mri-esm2-0","ssp126",NA,8.88466872017618,11.0478056165907
"3129",3964,"Hunan","mri-esm2-0","ssp126",NA,0.00484009927147002,9.41608805580747
"3130",3965,"Hunan","mri-esm2-0","ssp126",NA,0.0485962157524357,12.3771894666884
"3131",3966,"Hunan","mri-esm2-0","ssp126",NA,3.10192811693923,9.59929646083289
"3132",3967,"Hunan","mri-esm2-0","ssp126",NA,0.788382000129267,12.5909176296658
"3133",3968,"Hunan","mri-esm2-0","ssp126",NA,4.3997143307154,8.31909374660918
"3134",3969,"Hunan","mri-esm2-0","ssp126",NA,0.79743085771692,7.77063891698446
"3135",3970,"Hunan","mri-esm2-0","ssp126",NA,4.00805465426077,5.95152096218535
"3136",3971,"Hunan","mri-esm2-0","ssp126",NA,7.04964525899803,8.2067701672751
"3137",3972,"Hunan","mri-esm2-0","ssp126",NA,14.7284041506672,9.54502833532911
"3138",3973,"Hunan","mri-esm2-0","ssp126",NA,1.30081241786684,8.30856839134582
"3139",3974,"Hunan","mri-esm2-0","ssp126",NA,1.27115502651967,6.92524163382396
"3140",3975,"Hunan","mri-esm2-0","ssp126",NA,0.324950562760153,8.56970518808519
"3141",3976,"Hunan","mri-esm2-0","ssp126",NA,5.76114381894643,10.0504444788373
"3142",3977,"Hunan","mri-esm2-0","ssp126",NA,1.2555717399664,12.3014705113002
"3143",3978,"Hunan","mri-esm2-0","ssp126",NA,4.42245683214294,13.5854983375186
"3144",3979,"Hunan","mri-esm2-0","ssp126",NA,7.74678911971023,15.5286607409281
"3145",3980,"Hunan","mri-esm2-0","ssp126",NA,7.05272102693795,13.2243248591348
"3146",3981,"Hunan","mri-esm2-0","ssp126",NA,0.802950278414626,18.8870962354872
"3147",3982,"Hunan","mri-esm2-0","ssp126",NA,13.2536296285902,21.3139421493288
"3148",3983,"Hunan","mri-esm2-0","ssp126",NA,8.80535948933487,20.8937150379968
"3149",3984,"Hunan","mri-esm2-0","ssp126",NA,10.5659248650162,24.0920499286955
"3150",3985,"Hunan","mri-esm2-0","ssp126",NA,8.76525801430554,18.3508131965758
"3151",3986,"Hunan","mri-esm2-0","ssp126",NA,21.5540295951606,22.4386439368839
"3152",3987,"Hunan","mri-esm2-0","ssp126",NA,7.65858399183474,21.2337099226694
"3153",3988,"Hunan","mri-esm2-0","ssp126",NA,13.1232080151546,22.5436966426789
"3154",3989,"Hunan","mri-esm2-0","ssp126",NA,9.48356618528124,25.8636143517873
"3155",3990,"Hunan","mri-esm2-0","ssp126",NA,5.82971933669926,24.6930680169
"3156",3991,"Hunan","mri-esm2-0","ssp126",NA,5.558793605035,25.9666613745311
"3157",3992,"Hunan","mri-esm2-0","ssp126",NA,0.433310545797992,25.9851248726012
"3158",3993,"Hunan","mri-esm2-0","ssp126",NA,8.36924648249026,27.9315303136432
"3159",3994,"Hunan","mri-esm2-0","ssp126",NA,1.39527640699271,28.7650160532149
"3160",3995,"Hunan","mri-esm2-0","ssp126",NA,11.2043853081949,27.8049395243327
"3161",3996,"Hunan","mri-esm2-0","ssp126",NA,5.2454777760821,29.0350656781878
"3162",3997,"Hunan","mri-esm2-0","ssp126",NA,4.68600551079622,28.5117688375806
"3163",3998,"Hunan","mri-esm2-0","ssp126",NA,5.91546457341922,28.8029165843177
"3164",3999,"Hunan","mri-esm2-0","ssp126",NA,3.65512455309727,29.0859246753511
"3165",4000,"Hunan","mri-esm2-0","ssp126",NA,9.42698037651358,29.3765889848982
"3166",4001,"Hunan","mri-esm2-0","ssp126",NA,6.56664039288444,27.0463884868319
"3167",4002,"Hunan","mri-esm2-0","ssp126",NA,6.10287919667566,27.0434067862375
"3168",4003,"Hunan","mri-esm2-0","ssp126",NA,1.17837929026661,25.1595390683129
"3169",4004,"Hunan","mri-esm2-0","ssp126",NA,9.92321597888933,24.7012794252426
"3170",4005,"Hunan","mri-esm2-0","ssp126",NA,2.20181245050688,23.6540960402716
"3171",4006,"Hunan","mri-esm2-0","ssp126",NA,0.0764405038808036,18.0873032948328
"3172",4007,"Hunan","mri-esm2-0","ssp126",NA,0.0241797787241791,18.6627563718766
"3173",4008,"Hunan","mri-esm2-0","ssp126",NA,0.388749267338946,21.4807675195119
"3174",4009,"Hunan","mri-esm2-0","ssp126",NA,2.12512680887552,19.0732884603834
"3175",4010,"Hunan","mri-esm2-0","ssp126",NA,10.5960238691556,16.7631439451188
"3176",4011,"Hunan","mri-esm2-0","ssp126",NA,1.90459788781741,15.7622010488359
"3177",4012,"Hunan","mri-esm2-0","ssp126",NA,0.335492446168116,14.4609802609399
"3178",4013,"Hunan","mri-esm2-0","ssp126",NA,2.03681807889942,17.3386661105686
"3179",4014,"Hunan","mri-esm2-0","ssp126",NA,7.7250887804634,17.5728090195429
"3180",4015,"Hunan","mri-esm2-0","ssp126",NA,1.4753490408501,15.1403266785637
"3181",4016,"Hunan","mri-esm2-0","ssp126",NA,1.0555460876146,10.5033468337286
"3182",4017,"Hunan","mri-esm2-0","ssp126",NA,0.0282465803658332,9.88718579004683
"3183",4018,"Hunan","mri-esm2-0","ssp126",NA,1.30908263225657,9.56231720939517
"3184",4019,"Hunan","mri-esm2-0","ssp126",NA,1.24817022100875,8.92185999552411
"3185",4020,"Hunan","mri-esm2-0","ssp126",NA,1.27895741362149,11.5333820645772
"3186",4021,"Hunan","mri-esm2-0","ssp126",NA,2.78569747377203,8.34258531842915
"3187",4022,"Hunan","mri-esm2-0","ssp126",NA,0.00828001993795623,5.89507858034167
"3188",4023,"Hunan","mri-esm2-0","ssp126",NA,4.12964671681298,11.7438097878108
"3189",4024,"Hunan","mri-esm2-0","ssp126",NA,1.58744736630589,10.1867397368901
"3190",4025,"Hunan","mri-esm2-0","ssp126",NA,1.40270355869429,10.6432976616754
"3191",4026,"Hunan","mri-esm2-0","ssp126",NA,6.761146099013,6.5383983309307
"3192",4027,"Hunan","mri-esm2-0","ssp126",NA,12.782563318329,10.9339590042357
"3193",4028,"Hunan","mri-esm2-0","ssp126",NA,8.60475738700838,13.3797227284265
"3194",4029,"Hunan","mri-esm2-0","ssp126",NA,7.78743699340469,11.4706180633061
"3195",4030,"Hunan","mri-esm2-0","ssp126",NA,5.10202937057329,12.8740192110577
"3196",4031,"Hunan","mri-esm2-0","ssp126",NA,2.32545572703202,13.6354384770469
"3197",4032,"Hunan","mri-esm2-0","ssp126",NA,3.23416914256995,16.9885568891253
"3198",4033,"Hunan","mri-esm2-0","ssp126",NA,8.94679177960305,20.058971053835
"3199",4034,"Hunan","mri-esm2-0","ssp126",NA,7.3446030136308,20.0854224674286
"3200",4035,"Hunan","mri-esm2-0","ssp126",NA,6.90868123257522,17.3663116455078
"3201",4036,"Hunan","mri-esm2-0","ssp126",NA,7.77010849554764,24.6259937104725
"3202",4037,"Hunan","mri-esm2-0","ssp126",NA,12.6807279697589,20.4175424848284
"3203",4038,"Hunan","mri-esm2-0","ssp126",NA,8.20847780462697,21.7867134457543
"3204",4039,"Hunan","mri-esm2-0","ssp126",NA,4.89094827234372,24.1777043539381
"3205",4040,"Hunan","mri-esm2-0","ssp126",NA,5.62482205564915,25.5723993937175
"3206",4041,"Hunan","mri-esm2-0","ssp126",NA,14.3682108345794,26.5632208082411
"3207",4042,"Hunan","mri-esm2-0","ssp126",NA,3.23472714992152,26.7574800279406
"3208",4043,"Hunan","mri-esm2-0","ssp126",NA,4.94807745784393,25.8964807540652
"3209",4044,"Hunan","mri-esm2-0","ssp126",NA,9.96220794912526,24.0273133656335
"3210",4045,"Hunan","mri-esm2-0","ssp126",NA,9.95813715177454,28.2910531785753
"3211",4046,"Hunan","mri-esm2-0","ssp126",NA,6.18428193211652,29.5996206495497
"3212",4047,"Hunan","mri-esm2-0","ssp126",NA,14.2620697374111,28.6092723785885
"3213",4048,"Hunan","mri-esm2-0","ssp126",NA,1.35256162221984,29.8257000151135
"3214",4049,"Hunan","mri-esm2-0","ssp126",NA,6.97125211710434,29.7700161525182
"3215",4050,"Hunan","mri-esm2-0","ssp126",NA,2.70893554105507,29.9816986083985
"3216",4051,"Hunan","mri-esm2-0","ssp126",NA,6.75156511230333,28.8968712458535
"3217",4052,"Hunan","mri-esm2-0","ssp126",NA,3.01099044555875,30.2686457679385
"3218",4053,"Hunan","mri-esm2-0","ssp126",NA,7.63686469845197,27.884851498074
"3219",4054,"Hunan","mri-esm2-0","ssp126",NA,16.6548647908842,27.472001466297
"3220",4055,"Hunan","mri-esm2-0","ssp126",NA,27.7625018882905,25.8174937535846
"3221",4056,"Hunan","mri-esm2-0","ssp126",NA,11.4562465187516,25.4107718210372
"3222",4057,"Hunan","mri-esm2-0","ssp126",NA,1.86093494343628,24.1093849424332
"3223",4058,"Hunan","mri-esm2-0","ssp126",NA,1.54591896814834,21.9872862316313
"3224",4059,"Hunan","mri-esm2-0","ssp126",NA,1.02564216624939,17.8518560015966
"3225",4060,"Hunan","mri-esm2-0","ssp126",NA,0.439593001692629,20.3168709285676
"3226",4061,"Hunan","mri-esm2-0","ssp126",NA,13.4187920288436,19.2608514937144
"3227",4062,"Hunan","mri-esm2-0","ssp126",NA,3.62118662247407,17.8766218639556
"3228",4063,"Hunan","mri-esm2-0","ssp126",NA,5.93143572119906,17.9717323182121
"3229",4064,"Hunan","mri-esm2-0","ssp126",NA,0.642902216278734,16.1911979069786
"3230",4065,"Hunan","mri-esm2-0","ssp126",NA,0.107583454999778,15.6178237793938
"3231",4066,"Hunan","mri-esm2-0","ssp126",NA,4.36642477935883,11.5035148015098
"3232",4067,"Hunan","mri-esm2-0","ssp126",NA,0.258021849380644,8.51917492094496
"3233",4068,"Hunan","mri-esm2-0","ssp126",NA,0.0133709659621672,9.67689533536399
"3234",4069,"Hunan","mri-esm2-0","ssp126",NA,0.00397645457529247,10.3325732518756
"3235",4070,"Hunan","mri-esm2-0","ssp126",NA,0.0156635112554276,8.96798307630753
"3236",4071,"Hunan","mri-esm2-0","ssp126",NA,0.71676332520058,7.29472945682588
"3237",4072,"Hunan","mri-esm2-0","ssp126",NA,0.454806445324201,8.46510273766898
"3238",4073,"Hunan","mri-esm2-0","ssp126",NA,1.29020341620552,9.23814411466086
"3239",4074,"Hunan","mri-esm2-0","ssp126",NA,1.53001081161425,9.07852930946958
"3240",4075,"Hunan","mri-esm2-0","ssp126",NA,2.01959332313371,8.95968665471155
"3241",4076,"Hunan","mri-esm2-0","ssp126",NA,1.95475578524175,12.6020383804564
"3242",4077,"Hunan","mri-esm2-0","ssp126",NA,4.50767683167734,9.86500084286647
"3243",4078,"Hunan","mri-esm2-0","ssp126",NA,4.70675917287865,11.2687726823111
"3244",4079,"Hunan","mri-esm2-0","ssp126",NA,7.43308169365134,10.5022792029003
"3245",4080,"Hunan","mri-esm2-0","ssp126",NA,0.568788381614078,12.2818885803223
"3246",4081,"Hunan","mri-esm2-0","ssp126",NA,4.42773592240623,16.9096295311338
"3247",4082,"Hunan","mri-esm2-0","ssp126",NA,4.21876086608271,12.5133059183757
"3248",4083,"Hunan","mri-esm2-0","ssp126",NA,2.46033809857441,14.1158024136982
"3249",4084,"Hunan","mri-esm2-0","ssp126",NA,9.75305771581978,14.419756341359
"3250",4085,"Hunan","mri-esm2-0","ssp126",NA,9.16787128866027,14.5920844426231
"3251",4086,"Hunan","mri-esm2-0","ssp126",NA,14.2774942295806,16.897976418147
"3252",4087,"Hunan","mri-esm2-0","ssp126",NA,5.56481773027631,21.2141150338309
"3253",4088,"Hunan","mri-esm2-0","ssp126",NA,11.9677057010384,23.0718124752953
"3254",4089,"Hunan","mri-esm2-0","ssp126",NA,7.8945795985354,22.426597849528
"3255",4090,"Hunan","mri-esm2-0","ssp126",NA,11.9599081794084,24.8688924395849
"3256",4091,"Hunan","mri-esm2-0","ssp126",NA,3.60034711189395,23.8235413808671
"3257",4092,"Hunan","mri-esm2-0","ssp126",NA,6.1950566852894,24.3163765316918
"3258",4093,"Hunan","mri-esm2-0","ssp126",NA,4.73762332501662,25.5749827914768
"3259",4094,"Hunan","mri-esm2-0","ssp126",NA,3.18901407358681,25.0669392903646
"3260",4095,"Hunan","mri-esm2-0","ssp126",NA,3.61225373682308,27.251410844591
"3261",4096,"Hunan","mri-esm2-0","ssp126",NA,6.34452663064491,27.524673534575
"3262",4097,"Hunan","mri-esm2-0","ssp126",NA,14.2503352445341,28.2721920437283
"3263",4098,"Hunan","mri-esm2-0","ssp126",NA,10.4722107687199,24.6997428894043
"3264",4099,"Hunan","mri-esm2-0","ssp126",NA,10.9069516522855,27.4712184845455
"3265",4100,"Hunan","mri-esm2-0","ssp126",NA,6.08897989817966,28.7191836160327
"3266",4101,"Hunan","mri-esm2-0","ssp126",NA,2.56863446402349,30.7040769910056
"3267",4102,"Hunan","mri-esm2-0","ssp126",NA,1.67992235797101,31.5050284491645
"3268",4103,"Hunan","mri-esm2-0","ssp126",NA,2.39871977105395,30.8863458905901
"3269",4104,"Hunan","mri-esm2-0","ssp126",NA,8.55549987612514,28.2956784687345
"3270",4105,"Hunan","mri-esm2-0","ssp126",NA,1.64952244643116,29.3139204721602
"3271",4106,"Hunan","mri-esm2-0","ssp126",NA,7.33369853758501,27.3954988025484
"3272",4107,"Hunan","mri-esm2-0","ssp126",NA,1.1963221438951,27.6553373912024
"3273",4108,"Hunan","mri-esm2-0","ssp126",NA,0.00109935522232263,23.5650312756735
"3274",4109,"Hunan","mri-esm2-0","ssp126",NA,0.0939552126705425,23.8512607271709
"3275",4110,"Hunan","mri-esm2-0","ssp126",NA,0.821774786975636,23.0730022369869
"3276",4111,"Hunan","mri-esm2-0","ssp126",NA,0.222298870903614,19.1113178434826
"3277",4112,"Hunan","mri-esm2-0","ssp126",NA,1.68927657512411,22.6803027077327
"3278",4113,"Hunan","mri-esm2-0","ssp126",NA,2.93000196913584,21.8962539915055
"3279",4114,"Hunan","mri-esm2-0","ssp126",NA,4.20536041807022,16.5415818471757
"3280",4115,"Hunan","mri-esm2-0","ssp126",NA,3.92036453662773,12.9615939427936
"3281",4116,"Hunan","mri-esm2-0","ssp126",NA,0.0547681475771761,12.1750307355608
"3282",4117,"Hunan","mri-esm2-0","ssp126",NA,3.65063721468297,16.7454278249589
"3283",4118,"Hunan","mri-esm2-0","ssp126",NA,1.12713617722875,11.5712661258758
"3284",4119,"Hunan","mri-esm2-0","ssp126",NA,0.975308452481321,11.2254322112553
"3285",4120,"Hunan","mri-esm2-0","ssp126",NA,5.93438841947968,13.3760081821018
"3286",4121,"Hunan","mri-esm2-0","ssp126",NA,6.55179863799406,10.7258744739351
"3287",4122,"Hunan","mri-esm2-0","ssp126",NA,0.510313129117484,6.59399742247569
"3288",4123,"Hunan","mri-esm2-0","ssp126",NA,0.0262713780622497,10.287677716452
"3289",4124,"Hunan","mri-esm2-0","ssp126",NA,0.179837045899538,10.7729271903871
"3290",4125,"Hunan","mri-esm2-0","ssp126",NA,3.63896678791856,11.254101962135
"3291",4126,"Hunan","mri-esm2-0","ssp126",NA,3.38688246962582,8.91783439999537
"3292",4127,"Hunan","mri-esm2-0","ssp126",NA,1.79211137126133,7.4342609102764
"3293",4128,"Hunan","mri-esm2-0","ssp126",NA,2.8254702490228,13.0337557838077
"3294",4129,"Hunan","mri-esm2-0","ssp126",NA,5.36091122537852,3.25560240972612
"3295",4130,"Hunan","mri-esm2-0","ssp126",NA,3.47485610641992,4.23062661791607
"3296",4131,"Hunan","mri-esm2-0","ssp126",NA,0.771795558681073,7.79659393552752
"3297",4132,"Hunan","mri-esm2-0","ssp126",NA,6.90438030819028,8.63882489885605
"3298",4133,"Hunan","mri-esm2-0","ssp126",NA,3.84329499572362,11.8249535454644
"3299",4134,"Hunan","mri-esm2-0","ssp126",NA,6.1168904279579,11.2095695495606
"3300",4135,"Hunan","mri-esm2-0","ssp126",NA,9.48940488751759,14.7694463699583
"3301",4136,"Hunan","mri-esm2-0","ssp126",NA,4.92487672064661,13.9396647619823
"3302",4137,"Hunan","mri-esm2-0","ssp126",NA,3.40079415890874,19.5495795719208
"3303",4138,"Hunan","mri-esm2-0","ssp126",NA,5.37383071554619,13.0162053910513
"3304",4139,"Hunan","mri-esm2-0","ssp126",NA,0.654013099145751,16.3973541380867
"3305",4140,"Hunan","mri-esm2-0","ssp126",NA,3.36715306408613,17.8844393291171
"3306",4141,"Hunan","mri-esm2-0","ssp126",NA,3.65521371344844,21.6220219445607
"3307",4142,"Hunan","mri-esm2-0","ssp126",NA,2.06549373110647,23.5126613556393
"3308",4143,"Hunan","mri-esm2-0","ssp126",NA,1.86164514991885,27.5914955865769
"3309",4144,"Hunan","mri-esm2-0","ssp126",NA,15.7681599734458,25.5209315587604
"3310",4145,"Hunan","mri-esm2-0","ssp126",NA,4.53958460795678,22.1901272486127
"3311",4146,"Hunan","mri-esm2-0","ssp126",NA,3.31108349797822,26.7993844168527
"3312",4147,"Hunan","mri-esm2-0","ssp126",NA,8.23205009798065,25.2890636625744
"3313",4148,"Hunan","mri-esm2-0","ssp126",NA,5.71511068992549,27.4163696167961
"3314",4149,"Hunan","mri-esm2-0","ssp126",NA,0.0499245704044629,30.4544003320119
"3315",4150,"Hunan","mri-esm2-0","ssp126",NA,11.1836208218067,27.7130926949638
"3316",4151,"Hunan","mri-esm2-0","ssp126",NA,5.08063357667327,29.7361929878356
"3317",4152,"Hunan","mri-esm2-0","ssp126",NA,11.2607107958021,29.6083306933206
"3318",4153,"Hunan","mri-esm2-0","ssp126",NA,8.95704448283011,29.9177299499512
"3319",4154,"Hunan","mri-esm2-0","ssp126",NA,8.8632996247465,29.0236857096354
"3320",4155,"Hunan","mri-esm2-0","ssp126",NA,12.5686743616046,28.1064341832721
"3321",4156,"Hunan","mri-esm2-0","ssp126",NA,6.41569323888689,26.9471751137386
"3322",4157,"Hunan","mri-esm2-0","ssp126",NA,0.800275311264288,28.1413995773074
"3323",4158,"Hunan","mri-esm2-0","ssp126",NA,0.278230210739951,27.3071865021237
"3324",4159,"Hunan","mri-esm2-0","ssp126",NA,1.12970077300685,26.1869255065918
"3325",4160,"Hunan","mri-esm2-0","ssp126",NA,8.73833457650497,25.5523719303192
"3326",4161,"Hunan","mri-esm2-0","ssp126",NA,2.63164883228585,23.0285063365149
"3327",4162,"Hunan","mri-esm2-0","ssp126",NA,3.6789700380658,21.9775804913233
"3328",4163,"Hunan","mri-esm2-0","ssp126",NA,0.202271769603612,20.0180199759347
"3329",4164,"Hunan","mri-esm2-0","ssp126",NA,0.505130665468252,23.3611945621551
"3330",4165,"Hunan","mri-esm2-0","ssp126",NA,1.98059999886807,22.8945992606027
"3331",4166,"Hunan","mri-esm2-0","ssp126",NA,2.85139716836186,22.5802829197475
"3332",4167,"Hunan","mri-esm2-0","ssp126",NA,2.79643036702899,21.2385198926169
"3333",4168,"Hunan","mri-esm2-0","ssp126",NA,7.98254957442493,22.8926352364677
"3334",4169,"Hunan","mri-esm2-0","ssp126",NA,0.366892292095144,14.5389032030863
"3335",4170,"Hunan","mri-esm2-0","ssp126",NA,0.429576189539408,13.3272754850842
"3336",4171,"Hunan","mri-esm2-0","ssp126",NA,0.686848592041705,10.532432689364
"3337",4172,"Hunan","mri-esm2-0","ssp126",NA,0.039942061864297,10.9641487605988
"3338",4173,"Hunan","mri-esm2-0","ssp126",NA,0.359209985715227,12.6631125919403
"3339",4174,"Hunan","mri-esm2-0","ssp126",NA,0.25510662823243,7.64069101242794
"3340",4175,"Hunan","mri-esm2-0","ssp126",NA,0.0114461462479604,9.24827140929209
"3341",4176,"Hunan","mri-esm2-0","ssp126",NA,3.77796636655278,9.9419853089348
"3342",4177,"Hunan","mri-esm2-0","ssp126",NA,4.09727409752512,6.17702697269502
"3343",4178,"Hunan","mri-esm2-0","ssp126",NA,3.30507098847842,6.43943999759737
"3344",4179,"Hunan","mri-esm2-0","ssp126",NA,0.00772579950795002,5.65907870095876
"3345",4180,"Hunan","mri-esm2-0","ssp126",NA,0.0988627554696515,5.7835525149391
"3346",4181,"Hunan","mri-esm2-0","ssp126",NA,0.727670747599924,9.66588660346139
"3347",4182,"Hunan","mri-esm2-0","ssp126",NA,3.09986207685142,11.838524664016
"3348",4183,"Hunan","mri-esm2-0","ssp126",NA,8.12466705561487,11.5345604427277
"3349",4184,"Hunan","mri-esm2-0","ssp126",NA,0.779817466166475,9.31481674436541
"3350",4185,"Hunan","mri-esm2-0","ssp126",NA,6.39145518601773,16.4413690839495
"3351",4186,"Hunan","mri-esm2-0","ssp126",NA,4.15006108825245,12.6805222647531
"3352",4187,"Hunan","mri-esm2-0","ssp126",NA,3.67098513213802,13.6874460613917
"3353",4188,"Hunan","mri-esm2-0","ssp126",NA,2.25281450304595,13.6824922228617
"3354",4189,"Hunan","mri-esm2-0","ssp126",NA,4.77431613905667,18.0257004147484
"3355",4190,"Hunan","mri-esm2-0","ssp126",NA,1.29047665574425,23.9861037965805
"3356",4191,"Hunan","mri-esm2-0","ssp126",NA,6.00617743320332,16.5939934261262
"3357",4192,"Hunan","mri-esm2-0","ssp126",NA,3.46137320174681,17.6263890463209
"3358",4193,"Hunan","mri-esm2-0","ssp126",NA,4.11184644187545,21.3563661847796
"3359",4194,"Hunan","mri-esm2-0","ssp126",NA,15.2351333251512,22.9469401768276
"3360",4195,"Hunan","mri-esm2-0","ssp126",NA,4.83787150732756,21.3094568525042
"3361",4196,"Hunan","mri-esm2-0","ssp126",NA,16.2296971711904,25.0048536391486
"3362",4197,"Hunan","mri-esm2-0","ssp126",NA,16.6053482303336,25.0362416948591
"3363",4198,"Hunan","mri-esm2-0","ssp126",NA,9.74915108241216,25.011183493478
"3364",4199,"Hunan","mri-esm2-0","ssp126",NA,7.51160703962342,26.8083836510068
"3365",4200,"Hunan","mri-esm2-0","ssp126",NA,4.22026994267851,26.2847442748055
"3366",4201,"Hunan","mri-esm2-0","ssp126",NA,0.428348466935598,28.0530897594634
"3367",4202,"Hunan","mri-esm2-0","ssp126",NA,2.65837748701675,27.6993497939337
"3368",4203,"Hunan","mri-esm2-0","ssp126",NA,12.7596647268937,27.0406519087534
"3369",4204,"Hunan","mri-esm2-0","ssp126",NA,5.72718433086265,29.4543287004743
"3370",4205,"Hunan","mri-esm2-0","ssp126",NA,0.534617276161953,31.8853452288915
"3371",4206,"Hunan","mri-esm2-0","ssp126",NA,2.54676970388833,30.5270944746714
"3372",4207,"Hunan","mri-esm2-0","ssp126",NA,17.0892309907296,27.154369184706
"3373",4208,"Hunan","mri-esm2-0","ssp126",NA,8.90484597790809,27.4447552030049
"3374",4209,"Hunan","mri-esm2-0","ssp126",NA,4.99571711166027,27.8654822213309
"3375",4210,"Hunan","mri-esm2-0","ssp126",NA,3.81578119583667,28.9798272269113
"3376",4211,"Hunan","mri-esm2-0","ssp126",NA,1.23223847546277,25.8541850862049
"3377",4212,"Hunan","mri-esm2-0","ssp126",NA,19.8993380706919,25.8700699094742
"3378",4213,"Hunan","mri-esm2-0","ssp126",NA,5.04652114536189,26.3742589314779
"3379",4214,"Hunan","mri-esm2-0","ssp126",NA,4.08916135135899,19.6297080145942
"3380",4215,"Hunan","mri-esm2-0","ssp126",NA,10.8389658291929,19.3892111520919
"3381",4216,"Hunan","mri-esm2-0","ssp126",NA,1.24108640264759,18.5177935161288
"3382",4217,"Hunan","mri-esm2-0","ssp126",NA,0.307656151133935,20.1710243951707
"3383",4218,"Hunan","mri-esm2-0","ssp126",NA,0.0702606296142351,16.1928643241761
"3384",4219,"Hunan","mri-esm2-0","ssp126",NA,0.0854016616748205,17.514004795135
"3385",4220,"Hunan","mri-esm2-0","ssp126",NA,1.75774466195305,18.01711001926
"3386",4221,"Hunan","mri-esm2-0","ssp126",NA,8.01941458153773,17.3762998550657
"3387",4222,"Hunan","mri-esm2-0","ssp126",NA,8.17453981896636,15.2444314623636
"3388",4223,"Hunan","mri-esm2-0","ssp126",NA,0.122516906191907,10.6167767358205
"3389",4224,"Hunan","mri-esm2-0","ssp126",NA,0.459110890447586,10.5275857834589
"3390",4225,"Hunan","mri-esm2-0","ssp126",NA,1.39874355566982,11.0531390477741
"3391",4226,"Hunan","mri-esm2-0","ssp126",NA,1.54434762680466,12.1107866317507
"3392",4227,"Hunan","mri-esm2-0","ssp126",NA,4.82938263434594,5.95018127683611
"3393",4228,"Hunan","mri-esm2-0","ssp126",NA,0.482442521193401,2.43330124143572
"3394",4229,"Hunan","mri-esm2-0","ssp126",NA,4.57637450161721,2.88942768157477
"3395",4230,"Hunan","mri-esm2-0","ssp126",NA,0.0867283095820832,4.72441925775439
"3396",4231,"Hunan","mri-esm2-0","ssp126",NA,0.00329901808332319,7.58416797698492
"3397",4232,"Hunan","mri-esm2-0","ssp126",NA,0.0277272355950637,5.30055910140751
"3398",4233,"Hunan","mri-esm2-0","ssp126",NA,0.0054926247230469,7.45185435461622
"3399",4234,"Hunan","mri-esm2-0","ssp126",NA,2.05959989244288,8.67740317450632
"3400",4235,"Hunan","mri-esm2-0","ssp126",NA,5.21099902995437,7.73456126621794
"3401",4236,"Hunan","mri-esm2-0","ssp126",NA,5.81586547297905,8.60482674250529
"3402",4237,"Hunan","mri-esm2-0","ssp126",NA,1.97332175095133,12.7415135822599
"3403",4238,"Hunan","mri-esm2-0","ssp126",NA,5.59925691506058,16.9234251718673
"3404",4239,"Hunan","mri-esm2-0","ssp126",NA,9.61110031058264,12.1657762799944
"3405",4240,"Hunan","mri-esm2-0","ssp126",NA,11.0450034822991,13.2450077844045
"3406",4241,"Hunan","mri-esm2-0","ssp126",NA,5.08261403031481,14.5547684684633
"3407",4242,"Hunan","mri-esm2-0","ssp126",NA,9.28884264680424,19.0137595645965
"3408",4243,"Hunan","mri-esm2-0","ssp126",NA,6.37214924002235,14.2324855259487
"3409",4244,"Hunan","mri-esm2-0","ssp126",NA,5.70848131731379,17.5550493633937
"3410",4245,"Hunan","mri-esm2-0","ssp126",NA,9.86252279937097,20.1574001130604
"3411",4246,"Hunan","mri-esm2-0","ssp126",NA,10.1989382684224,21.6267355782645
"3412",4247,"Hunan","mri-esm2-0","ssp126",NA,13.2777232420007,23.5425330994621
"3413",4248,"Hunan","mri-esm2-0","ssp126",NA,5.89484892613135,25.7836450364855
"3414",4249,"Hunan","mri-esm2-0","ssp126",NA,0.206514113863575,23.3243978712294
"3415",4250,"Hunan","mri-esm2-0","ssp126",NA,5.42983455079593,25.0001253521632
"3416",4251,"Hunan","mri-esm2-0","ssp126",NA,6.36012425659049,26.2894286019462
"3417",4252,"Hunan","mri-esm2-0","ssp126",NA,0.309441494872382,25.8047402518136
"3418",4253,"Hunan","mri-esm2-0","ssp126",NA,1.73409496567599,28.7962651449537
"3419",4254,"Hunan","mri-esm2-0","ssp126",NA,16.8818135542616,27.5895335606167
"3420",4255,"Hunan","mri-esm2-0","ssp126",NA,1.0216829552259,28.5790020897275
"3421",4256,"Hunan","mri-esm2-0","ssp126",NA,13.3810061091935,28.1833458673387
"3422",4257,"Hunan","mri-esm2-0","ssp126",NA,3.36802512876732,29.1686961582729
"3423",4258,"Hunan","mri-esm2-0","ssp126",NA,3.53837924566116,29.4068138606965
"3424",4259,"Hunan","mri-esm2-0","ssp126",NA,2.17126892415373,26.8749722798666
"3425",4260,"Hunan","mri-esm2-0","ssp126",NA,7.40179102072684,27.5764146956187
"3426",4261,"Hunan","mri-esm2-0","ssp126",NA,2.51640272002598,29.5726471673875
"3427",4262,"Hunan","mri-esm2-0","ssp126",NA,3.34714756893066,26.9977096194313
"3428",4263,"Hunan","mri-esm2-0","ssp126",NA,0.434999656584166,25.3823606824118
"3429",4264,"Hunan","mri-esm2-0","ssp126",NA,0.103245602122115,25.3617671906002
"3430",4265,"Hunan","mri-esm2-0","ssp126",NA,6.63736726132161,24.5886396498907
"3431",4266,"Hunan","mri-esm2-0","ssp126",NA,1.73629566243757,23.2023403954885
"3432",4267,"Hunan","mri-esm2-0","ssp126",NA,2.21799875946869,24.6988980247861
"3433",4268,"Hunan","mri-esm2-0","ssp126",NA,5.23875661849291,19.8702817159986
"3434",4269,"Hunan","mri-esm2-0","ssp126",NA,0.720113037972884,14.8493719676185
"3435",4270,"Hunan","mri-esm2-0","ssp126",NA,1.15741657066012,18.2545195201087
"3436",4271,"Hunan","mri-esm2-0","ssp126",NA,0.146192777674514,18.5454937283955
"3437",4272,"Hunan","mri-esm2-0","ssp126",NA,0.166591118704673,14.4225800650461
"3438",4273,"Hunan","mri-esm2-0","ssp126",NA,3.37729119939598,12.79934142582
"3439",4274,"Hunan","mri-esm2-0","ssp126",NA,1.37584030217113,10.5092396932935
"3440",4275,"Hunan","mri-esm2-0","ssp126",NA,1.13365024895497,14.3405035836356
"3441",4276,"Hunan","mri-esm2-0","ssp126",NA,4.41427992321743,12.4243651617141
"3442",4277,"Hunan","mri-esm2-0","ssp126",NA,0.00154262178771855,10.3827644348145
"3443",4278,"Hunan","mri-esm2-0","ssp126",NA,0.000661474392213027,10.431480662028
"3444",4279,"Hunan","mri-esm2-0","ssp126",NA,2.74131313035468,11.4642444307842
"3445",4280,"Hunan","mri-esm2-0","ssp126",NA,3.65785879202381,9.55793503049822
"3446",4281,"Hunan","mri-esm2-0","ssp126",NA,2.29933682449622,7.34184992956739
"3447",4282,"Hunan","mri-esm2-0","ssp126",NA,0.00977720209708163,8.41555684407554
"3448",4283,"Hunan","mri-esm2-0","ssp126",NA,0.00287587319170208,7.42672682262605
"3449",4284,"Hunan","mri-esm2-0","ssp126",NA,3.41524427728603,10.0030625479562
"3450",4285,"Hunan","mri-esm2-0","ssp126",NA,0.269707333343052,7.93629365951298
"3451",4286,"Hunan","mri-esm2-0","ssp126",NA,2.09821454141093,10.9520320710682
"3452",4287,"Hunan","mri-esm2-0","ssp126",NA,0.0143512648524588,12.7818619985429
"3453",4288,"Hunan","mri-esm2-0","ssp126",NA,4.33071324020732,16.4225818210178
"3454",4289,"Hunan","mri-esm2-0","ssp126",NA,7.90739523222978,11.2749417743986
"3455",4290,"Hunan","mri-esm2-0","ssp126",NA,14.7362222386359,9.47142241947237
"3456",4291,"Hunan","mri-esm2-0","ssp126",NA,5.05093831683163,9.84815574524896
"3457",4292,"Hunan","mri-esm2-0","ssp126",NA,8.4166602374093,14.0029848613437
"3458",4293,"Hunan","mri-esm2-0","ssp126",NA,9.7146242558925,15.6770638481019
"3459",4294,"Hunan","mri-esm2-0","ssp126",NA,2.61541553329282,16.9191634284126
"3460",4295,"Hunan","mri-esm2-0","ssp126",NA,8.15456741159194,20.3103594825382
"3461",4296,"Hunan","mri-esm2-0","ssp126",NA,15.4632661542174,23.7001966567267
"3462",4297,"Hunan","mri-esm2-0","ssp126",NA,5.78209304538047,18.5123575725253
"3463",4298,"Hunan","mri-esm2-0","ssp126",NA,3.57379227458036,21.7687799484011
"3464",4299,"Hunan","mri-esm2-0","ssp126",NA,13.2217414432944,22.6817696102082
"3465",4300,"Hunan","mri-esm2-0","ssp126",NA,9.35775170495877,23.3799975682819
"3466",4301,"Hunan","mri-esm2-0","ssp126",NA,7.5136207381677,25.2081538730198
"3467",4302,"Hunan","mri-esm2-0","ssp126",NA,11.3390837408718,25.446917530847
"3468",4303,"Hunan","mri-esm2-0","ssp126",NA,2.76170422322528,22.366476706853
"3469",4304,"Hunan","mri-esm2-0","ssp126",NA,1.71864238109265,26.1942763071212
"3470",4305,"Hunan","mri-esm2-0","ssp126",NA,12.1164341586401,27.2094669765897
"3471",4306,"Hunan","mri-esm2-0","ssp126",NA,4.91040410260471,28.3287450517927
"3472",4307,"Hunan","mri-esm2-0","ssp126",NA,1.4570825971532,27.6325830853175
"3473",4308,"Hunan","mri-esm2-0","ssp126",NA,3.52213579247811,28.8693146599664
"3474",4309,"Hunan","mri-esm2-0","ssp126",NA,4.96465569185602,29.6280704801045
"3475",4310,"Hunan","mri-esm2-0","ssp126",NA,6.0488049210822,28.3513157678029
"3476",4311,"Hunan","mri-esm2-0","ssp126",NA,3.14472115724779,30.3380989922418
"3477",4312,"Hunan","mri-esm2-0","ssp126",NA,1.44848153672033,29.7318031795441
"3478",4313,"Hunan","mri-esm2-0","ssp126",NA,1.46819707639614,28.7024749392555
"3479",4314,"Hunan","mri-esm2-0","ssp126",NA,7.41447283843237,27.1426681760758
"3480",4315,"Hunan","mri-esm2-0","ssp126",NA,1.47071641233327,25.5333959912497
"3481",4316,"Hunan","mri-esm2-0","ssp126",NA,4.08440828174597,24.4721595037551
"3482",4317,"Hunan","mri-esm2-0","ssp126",NA,0.202685406858498,23.9180831424774
"3483",4318,"Hunan","mri-esm2-0","ssp126",NA,0.00114088115229346,24.2311112055703
"3484",4319,"Hunan","mri-esm2-0","ssp126",NA,0.183061310456521,22.5257845802913
"3485",4320,"Hunan","mri-esm2-0","ssp126",NA,4.6843666211901,20.4293865143307
"3486",4321,"Hunan","mri-esm2-0","ssp126",NA,0.0310942964201136,17.2567062499031
"3487",4322,"Hunan","mri-esm2-0","ssp126",NA,1.06563008139996,20.0696631053138
"3488",4323,"Hunan","mri-esm2-0","ssp126",NA,3.90912635532134,17.1192475697351
"3489",4324,"Hunan","mri-esm2-0","ssp126",NA,6.37199585368892,20.9003880334279
"3490",4325,"Hunan","mri-esm2-0","ssp126",NA,0.506402801205955,16.8241978115506
"3491",4326,"Hunan","mri-esm2-0","ssp126",NA,0.995549482526518,14.8545793926905
"3492",4327,"Hunan","mri-esm2-0","ssp126",NA,2.41463125446769,12.182378448002
"3493",4328,"Hunan","mri-esm2-0","ssp126",NA,1.35590677240154,7.61149622599286
"3494",4329,"Hunan","mri-esm2-0","ssp126",NA,0.571060078189995,11.482250286284
"3495",4330,"Hunan","mri-esm2-0","ssp126",NA,1.39514142644787,6.44192366827104
"3496",4331,"Hunan","mri-esm2-0","ssp126",NA,1.5194500105151,6.52438924880257
"3497",4332,"Hunan","mri-esm2-0","ssp126",NA,3.35936165868458,6.33559437100852
"3498",4333,"Hunan","mri-esm2-0","ssp126",NA,2.03077277781501,6.11390862843349
"3499",4334,"Hunan","mri-esm2-0","ssp126",NA,7.81766570507898,6.80107348003087
"3500",4335,"Hunan","mri-esm2-0","ssp126",NA,3.05853789972649,7.6107119121249
"3501",4336,"Hunan","mri-esm2-0","ssp126",NA,0.568156087092575,7.83389979771208
"3502",4337,"Hunan","mri-esm2-0","ssp126",NA,7.68049102803811,13.9972639053587
"3503",4338,"Hunan","mri-esm2-0","ssp126",NA,3.43997352250491,9.28173126947314
"3504",4339,"Hunan","mri-esm2-0","ssp126",NA,1.13724825300129,10.5696302262564
"3505",4340,"Hunan","mri-esm2-0","ssp126",NA,3.07648205242523,4.72612018887961
"3506",4341,"Hunan","mri-esm2-0","ssp126",NA,3.69570536838962,4.60418454124816
"3507",4342,"Hunan","mri-esm2-0","ssp126",NA,5.12590088717064,9.86280811854773
"3508",4343,"Hunan","mri-esm2-0","ssp126",NA,11.2223291876944,12.9057005746024
"3509",4344,"Hunan","mri-esm2-0","ssp126",NA,3.50041231892127,9.8146435692197
"3510",4345,"Hunan","mri-esm2-0","ssp126",NA,2.13043808071234,18.3481854756673
"3511",4346,"Hunan","mri-esm2-0","ssp126",NA,8.763393042409,15.6485469878666
"3512",4347,"Hunan","mri-esm2-0","ssp126",NA,8.41006028875069,18.7500787886362
"3513",4348,"Hunan","mri-esm2-0","ssp126",NA,12.1829622454633,18.702895464216
"3514",4349,"Hunan","mri-esm2-0","ssp126",NA,2.42306489733762,18.8981314886184
"3515",4350,"Hunan","mri-esm2-0","ssp126",NA,10.6783378359264,19.5517034500364
"3516",4351,"Hunan","mri-esm2-0","ssp126",NA,3.4584785179959,22.7081277150957
"3517",4352,"Hunan","mri-esm2-0","ssp126",NA,3.8108477548706,22.4775070432633
"3518",4353,"Hunan","mri-esm2-0","ssp126",NA,3.73402196015117,22.9195768083845
"3519",4354,"Hunan","mri-esm2-0","ssp126",NA,11.6928074354941,24.7206807333326
"3520",4355,"Hunan","mri-esm2-0","ssp126",NA,1.27608777072835,26.9716323489235
"3521",4356,"Hunan","mri-esm2-0","ssp126",NA,5.90011400570672,27.4155963837155
"3522",4357,"Hunan","mri-esm2-0","ssp126",NA,17.3949030007537,25.2637461828807
"3523",4358,"Hunan","mri-esm2-0","ssp126",NA,3.6752372416426,27.1910312107631
"3524",4359,"Hunan","mri-esm2-0","ssp126",NA,9.40735398253309,28.0555903843471
"3525",4360,"Hunan","mri-esm2-0","ssp126",NA,11.1368127403693,28.3832337636796
"3526",4361,"Hunan","mri-esm2-0","ssp126",NA,1.80341742255743,29.7723073323568
"3527",4362,"Hunan","mri-esm2-0","ssp126",NA,10.0362963323732,29.4205245487274
"3528",4363,"Hunan","mri-esm2-0","ssp126",NA,4.07026713106201,29.6966547405909
"3529",4364,"Hunan","mri-esm2-0","ssp126",NA,1.14418237243886,29.9724144224137
"3530",4365,"Hunan","mri-esm2-0","ssp126",NA,4.27901252575274,28.6157083178324
"3531",4366,"Hunan","mri-esm2-0","ssp126",NA,11.8876097063484,29.1214421105763
"3532",4367,"Hunan","mri-esm2-0","ssp126",NA,7.4594869482358,25.5159254649329
"3533",4368,"Hunan","mri-esm2-0","ssp126",NA,1.46042863042827,25.0493210202172
"3534",4369,"Hunan","mri-esm2-0","ssp126",NA,2.26147106343758,23.6157059563531
"3535",4370,"Hunan","mri-esm2-0","ssp126",NA,0.111071707332095,22.9161171807183
"3536",4371,"Hunan","mri-esm2-0","ssp126",NA,0.212264340091549,22.2706130012634
"3537",4372,"Hunan","mri-esm2-0","ssp126",NA,3.37094398098218,24.57510007828
"3538",4373,"Hunan","mri-esm2-0","ssp126",NA,0.860947439767707,22.4712275671581
"3539",4374,"Hunan","mri-esm2-0","ssp126",NA,7.42051856913609,20.5939374772329
"3540",4375,"Hunan","mri-esm2-0","ssp126",NA,7.41407436279847,18.928535473536
"3541",4376,"Hunan","mri-esm2-0","ssp126",NA,1.64333477279277,15.6683664594378
"3542",4377,"Hunan","mri-esm2-0","ssp126",NA,1.24469258826788,16.2883913675944
"3543",4378,"Hunan","mri-esm2-0","ssp126",NA,9.97271593181982,10.7334908500551
"3544",4379,"Hunan","mri-esm2-0","ssp126",NA,0.288145950701489,9.35798591734873
"3545",4380,"Hunan","mri-esm2-0","ssp126",NA,0.00190051843154444,10.5310118660094
"3546",4381,"Hunan","mri-esm2-0","ssp126",NA,0.0110977317490324,10.8598667447529
"3547",4382,"Hunan","mri-esm2-0","ssp126",NA,0.288297443369499,11.2311925252279
"3548",4383,"Hunan","mri-esm2-0","ssp126",NA,0.0147193282958012,8.3180724976555
"3549",4384,"Hunan","mri-esm2-0","ssp126",NA,8.08112139598052,11.443490842789
"3550",4385,"Hunan","mri-esm2-0","ssp126",NA,0.773574434353057,5.93307532658655
"3551",4386,"Hunan","mri-esm2-0","ssp126",NA,7.04724087298538,4.27934841579863
"3552",4387,"Hunan","mri-esm2-0","ssp126",NA,4.97384026814091,0.159389992365784
"3553",4388,"Hunan","mri-esm2-0","ssp126",NA,2.25820555807721,1.64941068376816
"3554",4389,"Hunan","mri-esm2-0","ssp126",NA,6.83636356630554,5.76835688030911
"3555",4390,"Hunan","mri-esm2-0","ssp126",NA,2.280217290172,8.68534840175086
"3556",4391,"Hunan","mri-esm2-0","ssp126",NA,8.88357335569318,6.76217997717481
"3557",4392,"Hunan","mri-esm2-0","ssp126",NA,6.70404272074328,5.90255235944478
"3558",4393,"Hunan","mri-esm2-0","ssp126",NA,1.1412753033775,4.55679473876955
"3559",4394,"Hunan","mri-esm2-0","ssp126",NA,8.18850597765959,12.917860436818
"3560",4395,"Hunan","mri-esm2-0","ssp126",NA,11.7741706224738,10.4230110652863
"3561",4396,"Hunan","mri-esm2-0","ssp126",NA,4.5835518858764,12.0940255180238
"3562",4397,"Hunan","mri-esm2-0","ssp126",NA,9.01882796689669,14.6924762544178
"3563",4398,"Hunan","mri-esm2-0","ssp126",NA,2.97311835771065,13.0870179191468
"3564",4399,"Hunan","mri-esm2-0","ssp126",NA,8.79568244552372,18.4706255110483
"3565",4400,"Hunan","mri-esm2-0","ssp126",NA,6.43027412292473,16.5074736701118
"3566",4401,"Hunan","mri-esm2-0","ssp126",NA,6.13068165737656,22.5137136065771
"3567",4402,"Hunan","mri-esm2-0","ssp126",NA,13.3437833846593,22.8551690964472
"3568",4403,"Hunan","mri-esm2-0","ssp126",NA,11.5996056996729,21.3327397058881
"3569",4404,"Hunan","mri-esm2-0","ssp126",NA,4.04302604240131,22.8288910396516
"3570",4405,"Hunan","mri-esm2-0","ssp126",NA,9.85352696345996,22.7625491550991
"3571",4406,"Hunan","mri-esm2-0","ssp126",NA,3.94712720339417,23.8343076675658
"3572",4407,"Hunan","mri-esm2-0","ssp126",NA,7.48728404647149,25.1957756042481
"3573",4408,"Hunan","mri-esm2-0","ssp126",NA,3.15590581226388,26.2220434885177
"3574",4409,"Hunan","mri-esm2-0","ssp126",NA,4.61707957792247,28.7112606714642
"3575",4410,"Hunan","mri-esm2-0","ssp126",NA,13.9610635950963,27.9590845986018
"3576",4411,"Hunan","mri-esm2-0","ssp126",NA,5.617278031884,27.8713666037908
"3577",4412,"Hunan","mri-esm2-0","ssp126",NA,12.0486302325324,27.8020113506015
"3578",4413,"Hunan","mri-esm2-0","ssp126",NA,8.97669567816592,28.5009286789667
"3579",4414,"Hunan","mri-esm2-0","ssp126",NA,7.21169129398212,27.65071991209
"3580",4415,"Hunan","mri-esm2-0","ssp126",NA,0.275877337844577,31.4577248709543
"3581",4416,"Hunan","mri-esm2-0","ssp126",NA,6.03862678855356,28.9524649483817
"3582",4417,"Hunan","mri-esm2-0","ssp126",NA,7.9702353815784,29.050981079586
"3583",4418,"Hunan","mri-esm2-0","ssp126",NA,9.39462033522561,27.0709100269136
"3584",4419,"Hunan","mri-esm2-0","ssp126",NA,0.0369294249464604,25.5286031571646
"3585",4420,"Hunan","mri-esm2-0","ssp126",NA,0.332488485147613,25.210333639478
"3586",4421,"Hunan","mri-esm2-0","ssp126",NA,6.36725633561842,26.91616574242
"3587",4422,"Hunan","mri-esm2-0","ssp126",NA,1.09929344975431,23.152841307625
"3588",4423,"Hunan","mri-esm2-0","ssp126",NA,3.78010870458638,24.1427532498799
"3589",4424,"Hunan","mri-esm2-0","ssp126",NA,0.302110080182112,21.6576449802944
"3590",4425,"Hunan","mri-esm2-0","ssp126",NA,7.37020574006238,22.1335095117963
"3591",4426,"Hunan","mri-esm2-0","ssp126",NA,9.28850267023985,20.1713752867684
"3592",4427,"Hunan","mri-esm2-0","ssp126",NA,18.1805357231367,15.1825852893648
"3593",4428,"Hunan","mri-esm2-0","ssp126",NA,0.484239946328151,16.403212483724
"3594",4429,"Hunan","mri-esm2-0","ssp126",NA,1.0198651378492,12.9651356167264
"3595",4430,"Hunan","mri-esm2-0","ssp126",NA,0.529855938345593,11.7796783568367
"3596",4431,"Hunan","mri-esm2-0","ssp126",NA,0.00273099115344979,11.6084063212077
"3597",4432,"Hunan","mri-esm2-0","ssp126",NA,1.75866834091981,13.741844976516
"3598",4433,"Hunan","mri-esm2-0","ssp126",NA,7.02057419039193,15.4128964257619
"3599",4434,"Hunan","mri-esm2-0","ssp126",NA,2.47861408376074,9.41310266161724
"3600",4435,"Hunan","mri-esm2-0","ssp126",NA,0.00928971943332206,6.44640151735338
"3601",4436,"Hunan","mri-esm2-0","ssp126",NA,1.86900359172536,8.31522019401431
"3602",4437,"Hunan","mri-esm2-0","ssp126",NA,1.7116901872019,9.0685590834845
"3603",4438,"Hunan","mri-esm2-0","ssp126",NA,0.0275299220512741,10.889859650627
"3604",4439,"Hunan","mri-esm2-0","ssp126",NA,0.207045410739478,9.11810170733742
"3605",4440,"Hunan","mri-esm2-0","ssp126",NA,2.54264666267383,9.62212488083614
"3606",4441,"Hunan","mri-esm2-0","ssp126",NA,0.60825332211607,13.4916130671426
"3607",4442,"Hunan","mri-esm2-0","ssp126",NA,3.58898056492113,16.1784532456171
"3608",4443,"Hunan","mri-esm2-0","ssp126",NA,6.48885388632152,5.91044000292583
"3609",4444,"Hunan","mri-esm2-0","ssp126",NA,3.79840398980247,5.2602351476276
"3610",4445,"Hunan","mri-esm2-0","ssp126",NA,7.44504711271605,5.23305197821725
"3611",4446,"Hunan","mri-esm2-0","ssp126",NA,4.77171966098077,6.27996464078391
"3612",4447,"Hunan","mri-esm2-0","ssp126",NA,5.80960626634156,10.2740691775368
"3613",4448,"Hunan","mri-esm2-0","ssp126",NA,0.296967419736965,16.305740005251
"3614",4449,"Hunan","mri-esm2-0","ssp126",NA,4.22776766172969,19.2680187649197
"3615",4450,"Hunan","mri-esm2-0","ssp126",NA,7.63433272678802,17.0746756175208
"3616",4451,"Hunan","mri-esm2-0","ssp126",NA,6.2207923717064,14.5010293748644
"3617",4452,"Hunan","mri-esm2-0","ssp126",NA,6.81484794020954,18.0069593520392
"3618",4453,"Hunan","mri-esm2-0","ssp126",NA,3.90163525097315,24.7401927887448
"3619",4454,"Hunan","mri-esm2-0","ssp126",NA,5.99555799928047,16.2939148675828
"3620",4455,"Hunan","mri-esm2-0","ssp126",NA,6.74144659025322,21.4862240503705
"3621",4456,"Hunan","mri-esm2-0","ssp126",NA,3.15675819712981,23.9962054176936
"3622",4457,"Hunan","mri-esm2-0","ssp126",NA,2.77029118074747,23.9345594860259
"3623",4458,"Hunan","mri-esm2-0","ssp126",NA,7.5915814014739,24.3857442583357
"3624",4459,"Hunan","mri-esm2-0","ssp126",NA,6.53703468602284,26.6601212032258
"3625",4460,"Hunan","mri-esm2-0","ssp126",NA,7.6787388206867,26.6332227434431
"3626",4461,"Hunan","mri-esm2-0","ssp126",NA,3.73976235362404,23.6015939379496
"3627",4462,"Hunan","mri-esm2-0","ssp126",NA,5.71586316583047,28.242021481953
"3628",4463,"Hunan","mri-esm2-0","ssp126",NA,7.28785235801947,28.6917576381139
"3629",4464,"Hunan","mri-esm2-0","ssp126",NA,1.975361454015,30.5924714830187
"3630",4465,"Hunan","mri-esm2-0","ssp126",NA,3.74409786051209,29.4603353954497
"3631",4466,"Hunan","mri-esm2-0","ssp126",NA,2.00845655445586,30.3032829163567
"3632",4467,"Hunan","mri-esm2-0","ssp126",NA,0.308474077408911,30.7974608406188
"3633",4468,"Hunan","mri-esm2-0","ssp126",NA,1.68370444329022,30.684601387145
"3634",4469,"Hunan","mri-esm2-0","ssp126",NA,4.18958383482797,30.0903918675014
"3635",4470,"Hunan","mri-esm2-0","ssp126",NA,15.3853725833804,28.7149093385727
"3636",4471,"Hunan","mri-esm2-0","ssp126",NA,5.81547526410629,30.5411391606407
"3637",4472,"Hunan","mri-esm2-0","ssp126",NA,8.25783239429256,27.1737119402204
"3638",4473,"Hunan","mri-esm2-0","ssp126",NA,5.23241703277953,24.1229357159327
"3639",4474,"Hunan","mri-esm2-0","ssp126",NA,0.616700030039802,22.3318964155894
"3640",4475,"Hunan","mri-esm2-0","ssp126",NA,0.0482372877611072,22.6962300376287
"3641",4476,"Hunan","mri-esm2-0","ssp126",NA,0.564009950526919,23.2419761294411
"3642",4477,"Hunan","mri-esm2-0","ssp126",NA,8.29910904707114,19.5276760646275
"3643",4478,"Hunan","mri-esm2-0","ssp126",NA,3.2750952270622,17.6935791863336
"3644",4479,"Hunan","mri-esm2-0","ssp126",NA,8.27554769332112,15.8334589882503
"3645",4480,"Hunan","mri-esm2-0","ssp126",NA,2.58198273184332,16.2016907464891
"3646",4481,"Hunan","mri-esm2-0","ssp126",NA,14.0531013144222,11.4257899208675
"3647",4482,"Hunan","mri-esm2-0","ssp126",NA,0.257391611493014,12.6282064165388
"3648",4483,"Hunan","mri-esm2-0","ssp126",NA,3.21436229577168,11.151378159296
"3649",4484,"Hunan","mri-esm2-0","ssp126",NA,3.64620171553725,17.9814841376411
"3650",4485,"Hunan","mri-esm2-0","ssp126",NA,2.57074532517306,10.7578303745815
"3651",4486,"Hunan","mri-esm2-0","ssp126",NA,0.247177258376853,7.28846396794397
"3652",4487,"Hunan","mri-esm2-0","ssp126",NA,1.01126412419035,11.5842351277669
"3653",4488,"Hunan","mri-esm2-0","ssp126",NA,1.47611678402687,5.91761896042599
"3654",4489,"Hunan","mri-esm2-0","ssp126",NA,4.44088869967995,4.13718415517658
"3655",4490,"Hunan","mri-esm2-0","ssp126",NA,3.02115350833836,5.52112834869871
"3656",4491,"Hunan","mri-esm2-0","ssp126",NA,2.50115595889448,6.88599463568796
"3657",4492,"Hunan","mri-esm2-0","ssp126",NA,5.50270325341314,9.77231738378133
"3658",4493,"Hunan","mri-esm2-0","ssp126",NA,1.82189987092767,13.2428176032172
"3659",4494,"Hunan","mri-esm2-0","ssp126",NA,3.74197291260836,9.03850308372863
"3660",4495,"Hunan","mri-esm2-0","ssp126",NA,1.95626993882537,9.43689995417522
"3661",4496,"Hunan","mri-esm2-0","ssp126",NA,2.48526594179046,10.6038619268508
"3662",4497,"Hunan","mri-esm2-0","ssp126",NA,1.9302728666714,9.45315758841381
"3663",4498,"Hunan","mri-esm2-0","ssp126",NA,3.13013601059668,15.6730105203296
"3664",4499,"Hunan","mri-esm2-0","ssp126",NA,7.32066873478548,8.18980899386938
"3665",4500,"Hunan","mri-esm2-0","ssp126",NA,11.4118438925808,9.89754923260403
"3666",4501,"Hunan","mri-esm2-0","ssp126",NA,7.22704002879644,13.6678099374923
"3667",4502,"Hunan","mri-esm2-0","ssp126",NA,9.53272405558891,12.4445135449606
"3668",4503,"Hunan","mri-esm2-0","ssp126",NA,3.46536827910313,17.0637295556447
"3669",4504,"Hunan","mri-esm2-0","ssp126",NA,7.07642440300203,17.319427381243
"3670",4505,"Hunan","mri-esm2-0","ssp126",NA,10.4494196147958,19.6685221959674
"3671",4506,"Hunan","mri-esm2-0","ssp126",NA,8.62124251841903,23.4658667064849
"3672",4507,"Hunan","mri-esm2-0","ssp126",NA,11.8181934292157,24.3547258044046
"3673",4508,"Hunan","mri-esm2-0","ssp126",NA,3.99167288250542,19.4030540224106
"3674",4509,"Hunan","mri-esm2-0","ssp126",NA,15.7506957077008,23.765827736022
"3675",4510,"Hunan","mri-esm2-0","ssp126",NA,8.33714646604936,27.1361510382758
"3676",4511,"Hunan","mri-esm2-0","ssp126",NA,7.46028630553935,24.8534440661234
"3677",4512,"Hunan","mri-esm2-0","ssp126",NA,6.59785071514827,23.9460829598563
"3678",4513,"Hunan","mri-esm2-0","ssp126",NA,5.94999031326162,27.8181527879503
"3679",4514,"Hunan","mri-esm2-0","ssp126",NA,5.93267497765087,27.7762175181556
"3680",4515,"Hunan","mri-esm2-0","ssp126",NA,19.2415396596971,27.9184389386858
"3681",4516,"Hunan","mri-esm2-0","ssp126",NA,9.601146232574,27.4031358264742
"3682",4517,"Hunan","mri-esm2-0","ssp126",NA,6.12506689903967,28.8444522797115
"3683",4518,"Hunan","mri-esm2-0","ssp126",NA,13.7205067050412,28.0751942952474
"3684",4519,"Hunan","mri-esm2-0","ssp126",NA,9.56714125588535,28.2385866195437
"3685",4520,"Hunan","mri-esm2-0","ssp126",NA,6.91542489682563,28.5930122617692
"3686",4521,"Hunan","mri-esm2-0","ssp126",NA,2.28332458627197,29.0466329302107
"3687",4522,"Hunan","mri-esm2-0","ssp126",NA,6.0071331844873,29.1613376072475
"3688",4523,"Hunan","mri-esm2-0","ssp126",NA,1.36372844166155,29.4736681256976
"3689",4524,"Hunan","mri-esm2-0","ssp126",NA,11.5973453778939,28.4209109230647
"3690",4525,"Hunan","mri-esm2-0","ssp126",NA,4.72175007551933,26.2483945089673
"3691",4526,"Hunan","mri-esm2-0","ssp126",NA,1.1900693313042,24.7219506642175
"3692",4527,"Hunan","mri-esm2-0","ssp126",NA,1.20311527499715,22.5396787976462
"3693",4528,"Hunan","mri-esm2-0","ssp126",NA,0.958931391804591,23.4443767002651
"3694",4529,"Hunan","mri-esm2-0","ssp126",NA,1.49078006134654,20.216134583004
"3695",4530,"Hunan","mri-esm2-0","ssp126",NA,2.53733251452754,21.1461069742839
"3696",4531,"Hunan","mri-esm2-0","ssp126",NA,2.87666429421084,12.2230538988871
"3697",4532,"Hunan","mri-esm2-0","ssp126",NA,0.0138395166686678,14.7324347238692
"3698",4533,"Hunan","mri-esm2-0","ssp126",NA,0.00268262783720274,14.5874442569793
"3699",4534,"Hunan","mri-esm2-0","ssp126",NA,0.0220595362277111,15.8818908691406
"3700",4535,"Hunan","mri-esm2-0","ssp126",NA,0.970240225784177,10.8940289936369
"3701",4536,"Hunan","mri-esm2-0","ssp126",NA,0.824541067835786,11.2294354635572
"3702",4537,"Hunan","mri-esm2-0","ssp126",NA,0.193109821748294,10.2923541719952
"3703",4538,"Hunan","mri-esm2-0","ssp126",NA,6.73716930262864,13.3147034539117
"3704",4539,"Hunan","mri-esm2-0","ssp126",NA,5.16735469067758,17.0104603358678
"3705",4540,"Hunan","mri-esm2-0","ssp126",NA,4.37187824834707,6.75569202483649
"3706",4541,"Hunan","mri-esm2-0","ssp126",NA,2.16264243380075,5.67767250424342
"3707",4542,"Hunan","mri-esm2-0","ssp126",NA,0.555917968436656,4.77814866323322
"3708",4543,"Hunan","mri-esm2-0","ssp126",NA,0.212378073833211,6.57622365800164
"3709",4544,"Hunan","mri-esm2-0","ssp126",NA,9.48558838925107,2.91565905374196
"3710",4545,"Hunan","mri-esm2-0","ssp126",NA,1.96837982020952,4.22228884015767
"3711",4546,"Hunan","mri-esm2-0","ssp126",NA,1.38923181406686,9.09104157705158
"3712",4547,"Hunan","mri-esm2-0","ssp126",NA,1.74571363313589,7.96073254782058
"3713",4548,"Hunan","mri-esm2-0","ssp126",NA,2.09574144791986,16.4912682911707
"3714",4549,"Hunan","mri-esm2-0","ssp126",NA,5.4408704018897,15.5712812030126
"3715",4550,"Hunan","mri-esm2-0","ssp126",NA,0.447652312875237,13.9251694573297
"3716",4551,"Hunan","mri-esm2-0","ssp126",NA,1.89706904498702,13.1697967892602
"3717",4552,"Hunan","mri-esm2-0","ssp126",NA,6.18038583182689,14.880507163396
"3718",4553,"Hunan","mri-esm2-0","ssp126",NA,7.90960961265098,11.0247287568592
"3719",4554,"Hunan","mri-esm2-0","ssp126",NA,11.5874609665428,16.5600581214542
"3720",4555,"Hunan","mri-esm2-0","ssp126",NA,11.1899014372024,18.1283148023817
"3721",4556,"Hunan","mri-esm2-0","ssp126",NA,4.81434693330942,19.4335326058524
"3722",4557,"Hunan","mri-esm2-0","ssp126",NA,7.91244405950237,20.5164124140664
"3723",4558,"Hunan","mri-esm2-0","ssp126",NA,14.9175098999292,21.485361807687
"3724",4559,"Hunan","mri-esm2-0","ssp126",NA,11.5541232148579,20.9761463468037
"3725",4560,"Hunan","mri-esm2-0","ssp126",NA,6.21012599265539,24.8647416856554
"3726",4561,"Hunan","mri-esm2-0","ssp126",NA,4.9502296290614,20.7560622321235
"3727",4562,"Hunan","mri-esm2-0","ssp126",NA,9.35791147117015,22.8763312809051
"3728",4563,"Hunan","mri-esm2-0","ssp126",NA,19.3498905150786,23.3014719039675
"3729",4564,"Hunan","mri-esm2-0","ssp126",NA,0.0148039112056202,24.7287162417457
"3730",4565,"Hunan","mri-esm2-0","ssp126",NA,2.95366621848448,26.445402732728
"3731",4566,"Hunan","mri-esm2-0","ssp126",NA,13.1382297155012,28.4614086574978
"3732",4567,"Hunan","mri-esm2-0","ssp126",NA,14.0000223803392,28.1757510472858
"3733",4568,"Hunan","mri-esm2-0","ssp126",NA,11.8750105958173,26.3339807540652
"3734",4569,"Hunan","mri-esm2-0","ssp126",NA,6.61423501344091,29.5810187930153
"3735",4570,"Hunan","mri-esm2-0","ssp126",NA,3.58740486238795,30.6784834604415
"3736",4571,"Hunan","mri-esm2-0","ssp126",NA,0.927120096028895,31.9005789499434
"3737",4572,"Hunan","mri-esm2-0","ssp126",NA,19.1128490372908,27.8445802839976
"3738",4573,"Hunan","mri-esm2-0","ssp126",NA,10.560776904822,28.3771347288102
"3739",4574,"Hunan","mri-esm2-0","ssp126",NA,9.79623376147174,28.2758736504449
"3740",4575,"Hunan","mri-esm2-0","ssp126",NA,2.49455794517936,27.3756488133991
"3741",4576,"Hunan","mri-esm2-0","ssp126",NA,4.49931192546111,29.0915000673325
"3742",4577,"Hunan","mri-esm2-0","ssp126",NA,1.87903424103492,24.9606750851586
"3743",4578,"Hunan","mri-esm2-0","ssp126",NA,0.0601566857377682,23.2147787911552
"3744",4579,"Hunan","mri-esm2-0","ssp126",NA,0.00433057180089236,21.9153837294806
"3745",4580,"Hunan","mri-esm2-0","ssp126",NA,0.0945169298639874,24.668304818774
"3746",4581,"Hunan","mri-esm2-0","ssp126",NA,0.382294326521203,20.0952510652088
"3747",4582,"Hunan","mri-esm2-0","ssp126",NA,0.0285010541314737,18.4409007844471
"3748",4583,"Hunan","mri-esm2-0","ssp126",NA,0.0409865978066851,16.3494254944817
"3749",4584,"Hunan","mri-esm2-0","ssp126",NA,0.0600416725709303,15.4676123240638
"3750",4585,"Hunan","mri-esm2-0","ssp126",NA,0.672602890855549,12.8478006756495
"3751",4586,"Hunan","mri-esm2-0","ssp126",NA,5.41858252978013,12.5161677890354
"3752",4587,"Hunan","mri-esm2-0","ssp126",NA,1.25468774302005,14.746049438961
"3753",4588,"Hunan","mri-esm2-0","ssp126",NA,2.15303462650159,11.7138542417496
"3754",4589,"Hunan","mri-esm2-0","ssp126",NA,0.823804712146219,9.89115204584033
"3755",4590,"Hunan","mri-esm2-0","ssp126",NA,0.543969444262465,9.61084130907818
"3756",4591,"Hunan","mri-esm2-0","ssp126",NA,0.680954486473898,12.2164262559679
"3757",4592,"Hunan","mri-esm2-0","ssp126",NA,0.0110432871289439,8.18073528229246
"3758",4593,"Hunan","mri-esm2-0","ssp126",NA,3.27742863473759,7.02705221024773
"3759",4594,"Hunan","mri-esm2-0","ssp126",NA,0.00483310840796288,6.11668754456537
"3760",4595,"Hunan","mri-esm2-0","ssp126",NA,0.104054054866408,5.47598225427055
"3761",4596,"Hunan","mri-esm2-0","ssp126",NA,0.334696728097177,10.0487691001287
"3762",4597,"Hunan","mri-esm2-0","ssp126",NA,0.0543809800676952,10.5679889981709
"3763",4598,"Hunan","mri-esm2-0","ssp126",NA,3.32109187389246,9.52842126271084
"3764",4599,"Hunan","mri-esm2-0","ssp126",NA,7.55349576154783,11.6952241685656
"3765",4600,"Hunan","mri-esm2-0","ssp126",NA,4.1753639822673,11.7498361012293
"3766",4601,"Hunan","mri-esm2-0","ssp126",NA,0.00070042330792473,11.343037995838
"3767",4602,"Hunan","mri-esm2-0","ssp126",NA,2.52283220272277,16.4477824377635
"3768",4603,"Hunan","mri-esm2-0","ssp126",NA,5.53228134195446,10.0421497526623
"3769",4604,"Hunan","mri-esm2-0","ssp126",NA,6.3387591290783,16.0497008550735
"3770",4605,"Hunan","mri-esm2-0","ssp126",NA,1.59517050181941,20.6564334808834
"3771",4606,"Hunan","mri-esm2-0","ssp126",NA,8.41617478000185,17.6111774262928
"3772",4607,"Hunan","mri-esm2-0","ssp126",NA,8.32299849433054,15.8547797551231
"3773",4608,"Hunan","mri-esm2-0","ssp126",NA,8.09025254244651,16.8161670260959
"3774",4609,"Hunan","mri-esm2-0","ssp126",NA,4.99279753460412,16.6889563182044
"3775",4610,"Hunan","mri-esm2-0","ssp126",NA,18.5018401783054,22.3848585825118
"3776",4611,"Hunan","mri-esm2-0","ssp126",NA,9.53150377954444,17.5732927594866
"3777",4612,"Hunan","mri-esm2-0","ssp126",NA,4.82829063303143,24.126971120683
"3778",4613,"Hunan","mri-esm2-0","ssp126",NA,9.07854083152415,24.0185923621768
"3779",4614,"Hunan","mri-esm2-0","ssp126",NA,12.9878837678721,24.7434895348928
"3780",4615,"Hunan","mri-esm2-0","ssp126",NA,9.92702476493962,26.5223181709411
"3781",4616,"Hunan","mri-esm2-0","ssp126",NA,20.269600609741,26.2761031983391
"3782",4617,"Hunan","mri-esm2-0","ssp126",NA,5.40723762831996,27.0129898434594
"3783",4618,"Hunan","mri-esm2-0","ssp126",NA,6.85838659763768,27.8529830932617
"3784",4619,"Hunan","mri-esm2-0","ssp126",NA,0.0161748790690451,27.9613876463875
"3785",4620,"Hunan","mri-esm2-0","ssp126",NA,4.64895309547241,29.9249017019121
"3786",4621,"Hunan","mri-esm2-0","ssp126",NA,7.30823763695818,26.8972976442368
"3787",4622,"Hunan","mri-esm2-0","ssp126",NA,1.05260115387864,28.7686440725175
"3788",4623,"Hunan","mri-esm2-0","ssp126",NA,0.300532211661318,30.3276817806184
"3789",4624,"Hunan","mri-esm2-0","ssp126",NA,1.25885751283801,30.7223587157235
"3790",4625,"Hunan","mri-esm2-0","ssp126",NA,1.16197726785815,31.2764077080621
"3791",4626,"Hunan","mri-esm2-0","ssp126",NA,10.4783771071912,28.8054714626736
"3792",4627,"Hunan","mri-esm2-0","ssp126",NA,0.511967896630137,27.7602525256929
"3793",4628,"Hunan","mri-esm2-0","ssp126",NA,7.75906840388286,27.5164637611026
"3794",4629,"Hunan","mri-esm2-0","ssp126",NA,0.20768558905989,24.3709635174464
"3795",4630,"Hunan","mri-esm2-0","ssp126",NA,9.92772211846906,23.1467070322188
"3796",4631,"Hunan","mri-esm2-0","ssp126",NA,4.93536481413425,25.8644739302378
"3797",4632,"Hunan","mri-esm2-0","ssp126",NA,7.02984980434199,23.8951436118474
"3798",4633,"Hunan","mri-esm2-0","ssp126",NA,3.0360675146572,20.4571037413582
"3799",4634,"Hunan","mri-esm2-0","ssp126",NA,0.346878158714909,19.1345547388471
"3800",4635,"Hunan","mri-esm2-0","ssp126",NA,0.133452682179528,16.0196375286769
"3801",4636,"Hunan","mri-esm2-0","ssp126",NA,0.164351594503387,16.6994664146787
"3802",4637,"Hunan","mri-esm2-0","ssp126",NA,0.0902042724516962,16.091211179703
"3803",4638,"Hunan","mri-esm2-0","ssp126",NA,12.3909689306402,15.7094279213557
"3804",4639,"Hunan","mri-esm2-0","ssp126",NA,2.77509506155574,14.5835088820685
"3805",4640,"Hunan","mri-esm2-0","ssp126",NA,0.11754118555213,11.3580625745985
"3806",4641,"Hunan","mri-esm2-0","ssp126",NA,1.2284465646774,9.90252402169366
"3807",4642,"Hunan","mri-esm2-0","ssp126",NA,0.352424902121129,7.93536081465466
"3808",4643,"Hunan","mri-esm2-0","ssp126",NA,1.04276812191009,9.82259618365578
"3809",4644,"Hunan","mri-esm2-0","ssp126",NA,0.717085600782801,8.8887260194809
"3810",4645,"Hunan","mri-esm2-0","ssp126",NA,0.2141473590005,12.527541641962
"3811",4646,"Hunan","mri-esm2-0","ssp126",NA,8.39814703068182,3.30225094992019
"3812",4647,"Hunan","mri-esm2-0","ssp126",NA,2.39115852899496,0.879525877937461
"3813",4648,"Hunan","mri-esm2-0","ssp126",NA,0.372281819311736,2.00347895546567
"3814",4649,"Hunan","mri-esm2-0","ssp126",NA,0.756384384671297,5.36685066828654
"3815",4650,"Hunan","mri-esm2-0","ssp126",NA,1.17148547467098,8.94004393078034
"3816",4651,"Hunan","mri-esm2-0","ssp126",NA,0.0302805115357582,7.63120077224007
"3817",4652,"Hunan","mri-esm2-0","ssp126",NA,2.70356385970315,8.0564529297844
"3818",4653,"Hunan","mri-esm2-0","ssp126",NA,4.64286867620883,10.7038260686965
"3819",4654,"Hunan","mri-esm2-0","ssp126",NA,2.84681268755256,13.8723044138106
"3820",4655,"Hunan","mri-esm2-0","ssp126",NA,5.15301425593861,6.56171890743197
"3821",4656,"Hunan","mri-esm2-0","ssp126",NA,7.03278626638816,12.3362992422922
"3822",4657,"Hunan","mri-esm2-0","ssp126",NA,2.82645747572912,12.3122091868567
"3823",4658,"Hunan","mri-esm2-0","ssp126",NA,0.775856391354475,18.5542666843959
"3824",4659,"Hunan","mri-esm2-0","ssp126",NA,3.57340653145651,21.6672015235538
"3825",4660,"Hunan","mri-esm2-0","ssp126",NA,6.64218208257158,12.5431482950847
"3826",4661,"Hunan","mri-esm2-0","ssp126",NA,1.09214545280858,16.9379919264052
"3827",4662,"Hunan","mri-esm2-0","ssp126",NA,11.2274512348514,20.0602906968859
"3828",4663,"Hunan","mri-esm2-0","ssp126",NA,10.3487982674973,21.7599351186601
"3829",4664,"Hunan","mri-esm2-0","ssp126",NA,8.35310383412694,22.3967612856911
"3830",4665,"Hunan","mri-esm2-0","ssp126",NA,3.05223230702723,25.1195052737282
"3831",4666,"Hunan","mri-esm2-0","ssp126",NA,13.4779823256005,24.6260531107585
"3832",4667,"Hunan","mri-esm2-0","ssp126",NA,14.6603728987235,24.0026665460496
"3833",4668,"Hunan","mri-esm2-0","ssp126",NA,7.18962362353913,24.8277239844913
"3834",4669,"Hunan","mri-esm2-0","ssp126",NA,24.5194589310683,25.8432272774833
"3835",4670,"Hunan","mri-esm2-0","ssp126",NA,10.5744025448595,29.141915590801
"3836",4671,"Hunan","mri-esm2-0","ssp126",NA,5.05925836563879,25.4001248798673
"3837",4672,"Hunan","mri-esm2-0","ssp126",NA,0.816918705491584,27.098528374566
"3838",4673,"Hunan","mri-esm2-0","ssp126",NA,6.99486878821907,28.8314035324823
"3839",4674,"Hunan","mri-esm2-0","ssp126",NA,1.97572411090862,30.2801536802262
"3840",4675,"Hunan","mri-esm2-0","ssp126",NA,15.5495255801985,27.8163079882425
"3841",4676,"Hunan","mri-esm2-0","ssp126",NA,8.84485646114886,28.8113226027716
"3842",4677,"Hunan","mri-esm2-0","ssp126",NA,4.47041862917104,30.0096303667341
"3843",4678,"Hunan","mri-esm2-0","ssp126",NA,4.61926986791435,29.3881167578319
"3844",4679,"Hunan","mri-esm2-0","ssp126",NA,0.0163834146146006,28.6840126522004
"3845",4680,"Hunan","mri-esm2-0","ssp126",NA,0.396820819631622,27.6102181207566
"3846",4681,"Hunan","mri-esm2-0","ssp126",NA,4.75069582582494,26.9049143836612
"3847",4682,"Hunan","mri-esm2-0","ssp126",NA,10.2138053270405,28.3338204762293
"3848",4683,"Hunan","mri-esm2-0","ssp126",NA,1.84840172679027,23.8313162183005
"3849",4684,"Hunan","mri-esm2-0","ssp126",NA,0.0610187699359293,21.6780303591774
"3850",4685,"Hunan","mri-esm2-0","ssp126",NA,0.00562468758289468,18.1093693203397
"3851",4686,"Hunan","mri-esm2-0","ssp126",NA,1.19248231104783,22.673236859034
"3852",4687,"Hunan","mri-esm2-0","ssp126",NA,3.39620242779607,24.3298984224834
"3853",4688,"Hunan","mri-esm2-0","ssp126",NA,10.9383652681117,17.4968313913497
"3854",4689,"Hunan","mri-esm2-0","ssp126",NA,3.3871468277539,9.85721934485059
"3855",4690,"Hunan","mri-esm2-0","ssp126",NA,1.2189533259386,12.4090891762386
"3856",4691,"Hunan","mri-esm2-0","ssp126",NA,1.09455451380589,16.1318297128829
"3857",4692,"Hunan","mri-esm2-0","ssp126",NA,10.1555483427286,13.9751388428703
"3858",4693,"Hunan","mri-esm2-0","ssp126",NA,1.24518399289367,9.14669195508202
"3859",4694,"Hunan","mri-esm2-0","ssp126",NA,5.4826793745698,8.85558695717466
"3860",4695,"Hunan","mri-esm2-0","ssp126",NA,2.28037966124767,11.5505132039388
"3861",4696,"Hunan","mri-esm2-0","ssp126",NA,2.17887889649059,11.1401945568267
"3862",4697,"Hunan","mri-esm2-0","ssp126",NA,1.77853674134505,8.70013749864369
"3863",4698,"Hunan","mri-esm2-0","ssp126",NA,0.161140366448568,9.39239721146843
"3864",4699,"Hunan","mri-esm2-0","ssp126",NA,1.26015255338124,14.0852384536986
"3865",4700,"Hunan","mri-esm2-0","ssp126",NA,3.2696440379563,13.5641578311012
"3866",4701,"Hunan","mri-esm2-0","ssp126",NA,2.29387955515839,7.57445817977666
"3867",4702,"Hunan","mri-esm2-0","ssp126",NA,1.64476900457495,8.54692145453561
"3868",4703,"Hunan","mri-esm2-0","ssp126",NA,2.24583631615392,7.86172995188882
"3869",4704,"Hunan","mri-esm2-0","ssp126",NA,1.53912397477792,13.2900654141865
"3870",4705,"Hunan","mri-esm2-0","ssp126",NA,1.41998426650909,7.94890734960165
"3871",4706,"Hunan","mri-esm2-0","ssp126",NA,3.69882004496113,12.5342280796596
"3872",4707,"Hunan","mri-esm2-0","ssp126",NA,8.96970140958859,10.8166101364863
"3873",4708,"Hunan","mri-esm2-0","ssp126",NA,5.57602382803972,12.3562301877945
"3874",4709,"Hunan","mri-esm2-0","ssp126",NA,2.43289726133428,10.3681689792209
"3875",4710,"Hunan","mri-esm2-0","ssp126",NA,2.52311438592057,17.40272226485
"3876",4711,"Hunan","mri-esm2-0","ssp126",NA,2.7031519416661,19.4924116709876
"3877",4712,"Hunan","mri-esm2-0","ssp126",NA,8.27985576516507,13.6889497181726
"3878",4713,"Hunan","mri-esm2-0","ssp126",NA,1.10075375947157,15.8123709784614
"3879",4714,"Hunan","mri-esm2-0","ssp126",NA,6.9210315273397,22.4371686784048
"3880",4715,"Hunan","mri-esm2-0","ssp126",NA,4.19048988845004,16.5487803625682
"3881",4716,"Hunan","mri-esm2-0","ssp126",NA,4.61269184237218,20.7169595869761
"3882",4717,"Hunan","mri-esm2-0","ssp126",NA,8.5850514888989,21.873847246927
"3883",4718,"Hunan","mri-esm2-0","ssp126",NA,6.9946546511736,24.289506954617
"3884",4719,"Hunan","mri-esm2-0","ssp126",NA,16.594332336503,24.8675446404351
"3885",4720,"Hunan","mri-esm2-0","ssp126",NA,5.88608847017115,24.9034241085961
"3886",4721,"Hunan","mri-esm2-0","ssp126",NA,5.01380452411857,24.0796612451947
"3887",4722,"Hunan","mri-esm2-0","ssp126",NA,12.5924113753367,26.8025940304711
"3888",4723,"Hunan","mri-esm2-0","ssp126",NA,2.98739306326752,28.428979371086
"3889",4724,"Hunan","mri-esm2-0","ssp126",NA,11.6318406134204,27.5734903365847
"3890",4725,"Hunan","mri-esm2-0","ssp126",NA,6.45499320859406,27.8846379355779
"3891",4726,"Hunan","mri-esm2-0","ssp126",NA,0.262419227978431,28.1064979432121
"3892",4727,"Hunan","mri-esm2-0","ssp126",NA,7.80453028123702,29.0632132999481
"3893",4728,"Hunan","mri-esm2-0","ssp126",NA,7.47430831591243,27.6808632865785
"3894",4729,"Hunan","mri-esm2-0","ssp126",NA,7.107323758802,28.4424084375775
"3895",4730,"Hunan","mri-esm2-0","ssp126",NA,1.21490377494281,27.5002268352206
"3896",4731,"Hunan","mri-esm2-0","ssp126",NA,2.02676033874403,29.5291944352408
"3897",4732,"Hunan","mri-esm2-0","ssp126",NA,8.08162191602345,27.9501500931997
"3898",4733,"Hunan","mri-esm2-0","ssp126",NA,3.05397113200213,25.1197540162102
"3899",4734,"Hunan","mri-esm2-0","ssp126",NA,1.06992597140041,24.6488462296743
"3900",4735,"Hunan","mri-esm2-0","ssp126",NA,1.29199190713345,28.8947947789753
"3901",4736,"Hunan","mri-esm2-0","ssp126",NA,4.16318715916272,25.35829835922
"3902",4737,"Hunan","mri-esm2-0","ssp126",NA,7.18846381239798,24.0172302124992
"3903",4738,"Hunan","mri-esm2-0","ssp126",NA,3.12754023477412,15.4065748063345
"3904",4739,"Hunan","mri-esm2-0","ssp126",NA,3.47837278556134,20.3697033352322
"3905",4740,"Hunan","mri-esm2-0","ssp126",NA,5.25171443832733,16.6406965225462
"3906",4741,"Hunan","mri-esm2-0","ssp126",NA,7.48648425730737,20.50691502889
"3907",4742,"Hunan","mri-esm2-0","ssp126",NA,2.25864555443747,17.984880792527
"3908",4743,"Hunan","mri-esm2-0","ssp126",NA,0.591850919863645,15.2566763983833
"3909",4744,"Hunan","mri-esm2-0","ssp126",NA,1.72922764106391,8.30295236981106
"3910",4745,"Hunan","mri-esm2-0","ssp126",NA,0.348898223358317,11.4896243383014
"3911",4746,"Hunan","mri-esm2-0","ssp126",NA,0.410354440451296,9.21306526547389
"3912",4747,"Hunan","mri-esm2-0","ssp126",NA,0.00331107921088655,9.99312919737803
"3913",4748,"Hunan","mri-esm2-0","ssp126",NA,0.112561878300507,10.5810636611212
"3914",4749,"Hunan","mri-esm2-0","ssp126",NA,0.212691024060924,7.80427540370398
"3915",4750,"Hunan","mri-esm2-0","ssp126",NA,0.0264043496437288,11.9700775267586
"3916",4751,"Hunan","mri-esm2-0","ssp126",NA,3.4845367312885,7.96771465483168
"3917",4752,"Hunan","mri-esm2-0","ssp126",NA,5.56217777010326,8.86366024925597
"3918",4753,"Hunan","mri-esm2-0","ssp126",NA,5.36780497474995,9.12087596106153
"3919",4754,"Hunan","mri-esm2-0","ssp126",NA,5.92811237330092,13.3122102162195
"3920",4755,"Hunan","mri-esm2-0","ssp126",NA,2.66956480195404,9.06682006593737
"3921",4756,"Hunan","mri-esm2-0","ssp126",NA,4.66162250216127,8.69784347291979
"3922",4757,"Hunan","mri-esm2-0","ssp126",NA,1.61973632237797,10.5618102785141
"3923",4758,"Hunan","mri-esm2-0","ssp126",NA,1.26439343205545,12.163955640036
"3924",4759,"Hunan","mri-esm2-0","ssp126",NA,8.4898618357069,12.8883455185663
"3925",4760,"Hunan","mri-esm2-0","ssp126",NA,6.29382317001728,11.8151757497636
"3926",4761,"Hunan","mri-esm2-0","ssp126",NA,1.78916031079228,18.1890303112212
"3927",4762,"Hunan","mri-esm2-0","ssp126",NA,5.50690421752214,15.0327021402026
"3928",4763,"Hunan","mri-esm2-0","ssp126",NA,6.72447245912216,13.1115102132162
"3929",4764,"Hunan","mri-esm2-0","ssp126",NA,10.68373336764,13.090294744098
"3930",4765,"Hunan","mri-esm2-0","ssp126",NA,7.05601420824808,20.3813789125473
"3931",4766,"Hunan","mri-esm2-0","ssp126",NA,13.0770111530182,15.9271379016695
"3932",4767,"Hunan","mri-esm2-0","ssp126",NA,7.71610272737624,18.9612320915101
"3933",4768,"Hunan","mri-esm2-0","ssp126",NA,9.5455026014471,24.1113863263812
"3934",4769,"Hunan","mri-esm2-0","ssp126",NA,8.7904488969733,21.2623058016338
"3935",4770,"Hunan","mri-esm2-0","ssp126",NA,4.66880192748249,24.3566845000736
"3936",4771,"Hunan","mri-esm2-0","ssp126",NA,16.2502889482767,25.2580371553936
"3937",4772,"Hunan","mri-esm2-0","ssp126",NA,13.9951013171607,26.9749198913574
"3938",4773,"Hunan","mri-esm2-0","ssp126",NA,6.01599389590644,27.1159026857407
"3939",4774,"Hunan","mri-esm2-0","ssp126",NA,9.88348171365812,26.8498059348455
"3940",4775,"Hunan","mri-esm2-0","ssp126",NA,5.80734453699603,28.2937387254503
"3941",4776,"Hunan","mri-esm2-0","ssp126",NA,10.3483407939491,29.3461349850609
"3942",4777,"Hunan","mri-esm2-0","ssp126",NA,6.06557061756315,29.4695580618722
"3943",4778,"Hunan","mri-esm2-0","ssp126",NA,0.269995180211221,27.9029312860398
"3944",4779,"Hunan","mri-esm2-0","ssp126",NA,0.305217250947213,29.9648447309222
"3945",4780,"Hunan","mri-esm2-0","ssp126",NA,18.0414168578474,28.2869904048859
"3946",4781,"Hunan","mri-esm2-0","ssp126",NA,11.1915416700997,28.1640878828745
"3947",4782,"Hunan","mri-esm2-0","ssp126",NA,8.42998788892016,30.0395449199374
"3948",4783,"Hunan","mri-esm2-0","ssp126",NA,10.907582710219,29.3983471098401
"3949",4784,"Hunan","mri-esm2-0","ssp126",NA,0.126188189759497,26.0496882605174
"3950",4785,"Hunan","mri-esm2-0","ssp126",NA,0.9461476949582,28.0711280701653
"3951",4786,"Hunan","mri-esm2-0","ssp126",NA,2.06042878757476,26.6314578707256
"3952",4787,"Hunan","mri-esm2-0","ssp126",NA,0.720835518307337,24.6294098021492
"3953",4788,"Hunan","mri-esm2-0","ssp126",NA,0.203373992384773,20.4825219775003
"3954",4789,"Hunan","mri-esm2-0","ssp126",NA,3.22579187554116,20.9978797064887
"3955",4790,"Hunan","mri-esm2-0","ssp126",NA,0.35215295933345,16.7962310548813
"3956",4791,"Hunan","mri-esm2-0","ssp126",NA,0.139278343801509,19.9753421722897
"3957",4792,"Hunan","mri-esm2-0","ssp126",NA,2.36566029116797,16.3087551904103
"3958",4793,"Hunan","mri-esm2-0","ssp126",NA,3.35175046523416,22.2834940229144
"3959",4794,"Hunan","mri-esm2-0","ssp126",NA,6.03602859669731,17.2331873091441
"3960",4795,"Hunan","mri-esm2-0","ssp126",NA,2.57268859362999,14.8579687209357
"3961",4796,"Hunan","mri-esm2-0","ssp126",NA,2.02637289294866,10.0640389699785
"3962",4797,"Hunan","mri-esm2-0","ssp126",NA,0.285960842471208,9.34363914368647
"3963",4798,"Hunan","mri-esm2-0","ssp126",NA,1.58625735406141,7.31770501515224
"3964",4799,"Hunan","mri-esm2-0","ssp126",NA,4.74844048282778,2.35264170813184
"3965",4800,"Hunan","mri-esm2-0","ssp126",NA,1.50621320844298,3.84220560467435
"3966",4801,"Hunan","mri-esm2-0","ssp126",NA,0.088972984908001,3.01726278880288
"3967",4802,"Hunan","mri-esm2-0","ssp126",NA,0.908697285305087,5.19989880758621
"3968",4803,"Hunan","mri-esm2-0","ssp126",NA,4.99646526057924,7.33644117325074
"3969",4804,"Hunan","mri-esm2-0","ssp126",NA,3.46418600004524,1.27598361060735
"3970",4805,"Hunan","mri-esm2-0","ssp126",NA,9.24714876179807,1.45947690691269
"3971",4806,"Hunan","mri-esm2-0","ssp126",NA,4.93253489366258,2.04451625763426
"3972",4807,"Hunan","mri-esm2-0","ssp126",NA,10.2784744147162,2.76893992348325
"3973",4808,"Hunan","mri-esm2-0","ssp126",NA,1.5040020543373,7.01276084052194
"3974",4809,"Hunan","mri-esm2-0","ssp126",NA,4.13866128815243,9.02144799610928
"3975",4810,"Hunan","mri-esm2-0","ssp126",NA,3.09947944918869,9.07110409206816
"3976",4811,"Hunan","mri-esm2-0","ssp126",NA,0.366888062944781,12.1736262003581
"3977",4812,"Hunan","mri-esm2-0","ssp126",NA,1.92747356076584,15.8442340548077
"3978",4813,"Hunan","mri-esm2-0","ssp126",NA,5.51513101683798,15.738912624783
"3979",4814,"Hunan","mri-esm2-0","ssp126",NA,5.44148743880604,16.2832721044147
"3980",4815,"Hunan","mri-esm2-0","ssp126",NA,1.79607389168268,15.8321699233282
"3981",4816,"Hunan","mri-esm2-0","ssp126",NA,6.68821413261347,14.9633142501589
"3982",4817,"Hunan","mri-esm2-0","ssp126",NA,6.12266953895154,20.5183668711829
"3983",4818,"Hunan","mri-esm2-0","ssp126",NA,7.68776723947277,16.579069361611
"3984",4819,"Hunan","mri-esm2-0","ssp126",NA,3.58448117520181,18.3485679747567
"3985",4820,"Hunan","mri-esm2-0","ssp126",NA,10.7612877940223,17.9859479995001
"3986",4821,"Hunan","mri-esm2-0","ssp126",NA,8.03484102652224,23.0594606672015
"3987",4822,"Hunan","mri-esm2-0","ssp126",NA,3.90102742534119,24.5417613195995
"3988",4823,"Hunan","mri-esm2-0","ssp126",NA,3.94131356431119,25.3004141429114
"3989",4824,"Hunan","mri-esm2-0","ssp126",NA,3.18490299211719,24.8407252599323
"3990",4825,"Hunan","mri-esm2-0","ssp126",NA,10.5959574515769,26.0123871212914
"3991",4826,"Hunan","mri-esm2-0","ssp126",NA,6.13673596549883,27.9774323841882
"3992",4827,"Hunan","mri-esm2-0","ssp126",NA,10.4063535584503,25.4658218383789
"3993",4828,"Hunan","mri-esm2-0","ssp126",NA,1.54372515424127,28.927564723908
"3994",4829,"Hunan","mri-esm2-0","ssp126",NA,9.98404371327004,28.9848122490777
"3995",4830,"Hunan","mri-esm2-0","ssp126",NA,0.984293826234404,30.9065355088976
"3996",4831,"Hunan","mri-esm2-0","ssp126",NA,13.0440143479323,29.2859687926278
"3997",4832,"Hunan","mri-esm2-0","ssp126",NA,3.78885307094866,29.2514569842626
"3998",4833,"Hunan","mri-esm2-0","ssp126",NA,6.64902119572486,29.5111426217216
"3999",4834,"Hunan","mri-esm2-0","ssp126",NA,7.69819469247913,28.7866014268663
"4000",4835,"Hunan","mri-esm2-0","ssp126",NA,0.79561903333862,28.2136724683974
"4001",4836,"Hunan","mri-esm2-0","ssp126",NA,0.0132575020870718,27.2770591130333
"4002",4837,"Hunan","mri-esm2-0","ssp126",NA,12.2160930396993,28.4738712734647
"4003",4838,"Hunan","mri-esm2-0","ssp126",NA,0.949990008289855,24.435453093998
"4004",4839,"Hunan","mri-esm2-0","ssp126",NA,5.59253431940436,26.67310982356
"4005",4840,"Hunan","mri-esm2-0","ssp126",NA,0.0201916522200918,21.8886237492637
"4006",4841,"Hunan","mri-esm2-0","ssp126",NA,0.473759914517099,24.5013483562167
"4007",4842,"Hunan","mri-esm2-0","ssp126",NA,2.01985560866628,21.864635116335
"4008",4843,"Hunan","mri-esm2-0","ssp126",NA,1.58397209571116,18.722128743974
"4009",4844,"Hunan","mri-esm2-0","ssp126",NA,6.93476399723555,14.396995738196
"4010",4845,"Hunan","mri-esm2-0","ssp126",NA,0.00639330864942167,13.3842767503527
"4011",4846,"Hunan","mri-esm2-0","ssp126",NA,0.18985341730513,13.2654325212751
"4012",4847,"Hunan","mri-esm2-0","ssp126",NA,4.6377811473576,12.5776278904506
"4013",4848,"Hunan","mri-esm2-0","ssp126",NA,1.63440509127862,13.1272896781801
"4014",4849,"Hunan","mri-esm2-0","ssp126",NA,2.35246667376876,12.8015883430602
"4015",4850,"Hunan","mri-esm2-0","ssp126",NA,9.18835204135056,18.3452981736925
"4016",4851,"Hunan","mri-esm2-0","ssp126",NA,5.29550533226159,5.79093038165382
"4017",4852,"Hunan","mri-esm2-0","ssp126",NA,0.00117941364286318,4.84954090421164
"4018",4853,"Hunan","mri-esm2-0","ssp126",NA,2.82399287552185,7.35540040031314
"4019",4854,"Hunan","mri-esm2-0","ssp126",NA,0.257962805998042,10.8999599396237
"4020",4855,"Hunan","mri-esm2-0","ssp126",NA,1.7167142634597,5.89842945886039
"4021",4856,"Hunan","mri-esm2-0","ssp126",NA,0.0042851288786291,8.93550044468474
"4022",4857,"Hunan","mri-esm2-0","ssp126",NA,1.70179078643611,10.2117089286683
"4023",4858,"Hunan","mri-esm2-0","ssp126",NA,0.601439895964567,14.3189541165791
"4024",4859,"Hunan","mri-esm2-0","ssp126",NA,6.86487175791756,7.2202827332512
"4025",4860,"Hunan","mri-esm2-0","ssp126",NA,0.144464088823172,5.43644721621561
"4026",4861,"Hunan","mri-esm2-0","ssp126",NA,0.712996391562878,10.0026713901096
"4027",4862,"Hunan","mri-esm2-0","ssp126",NA,3.78634011711126,15.1086054120745
"4028",4863,"Hunan","mri-esm2-0","ssp126",NA,4.29806396678032,6.29700985863098
"4029",4864,"Hunan","mri-esm2-0","ssp126",NA,1.66589540233742,7.01519800821942
"4030",4865,"Hunan","mri-esm2-0","ssp126",NA,1.15969153093179,6.66509762718566
"4031",4866,"Hunan","mri-esm2-0","ssp126",NA,8.71082158054638,12.1530336168077
"4032",4867,"Hunan","mri-esm2-0","ssp126",NA,6.43606609607039,13.3086656964015
"4033",4868,"Hunan","mri-esm2-0","ssp126",NA,10.4424607553743,15.7072398594448
"4034",4869,"Hunan","mri-esm2-0","ssp126",NA,7.18366999903342,15.5122573610336
"4035",4870,"Hunan","mri-esm2-0","ssp126",NA,11.1727715182626,17.9519256834
"4036",4871,"Hunan","mri-esm2-0","ssp126",NA,5.90792791948453,17.915913851299
"4037",4872,"Hunan","mri-esm2-0","ssp126",NA,6.40987818989873,21.1867645626977
"4038",4873,"Hunan","mri-esm2-0","ssp126",NA,13.6534513681129,22.1123044574072
"4039",4874,"Hunan","mri-esm2-0","ssp126",NA,17.1558340607784,24.7992309207008
"4040",4875,"Hunan","mri-esm2-0","ssp126",NA,5.78131702146883,23.6290920318119
"4041",4876,"Hunan","mri-esm2-0","ssp126",NA,12.7509758810512,26.8125570509169
"4042",4877,"Hunan","mri-esm2-0","ssp126",NA,5.26975243653526,27.0876166449653
"4043",4878,"Hunan","mri-esm2-0","ssp126",NA,6.19322951772899,25.1086986602299
"4044",4879,"Hunan","mri-esm2-0","ssp126",NA,2.39968259764802,25.0240994529119
"4045",4880,"Hunan","mri-esm2-0","ssp126",NA,0.388186305001779,27.9816319420224
"4046",4881,"Hunan","mri-esm2-0","ssp126",NA,8.92051304083127,29.7865234375
"4047",4882,"Hunan","mri-esm2-0","ssp126",NA,6.87965306326207,29.4644526648143
"4048",4883,"Hunan","mri-esm2-0","ssp126",NA,0.775871166310286,30.2711840553889
"4049",4884,"Hunan","mri-esm2-0","ssp126",NA,0.688194332341092,31.1605442713178
"4050",4885,"Hunan","mri-esm2-0","ssp126",NA,7.64895426284186,29.0443681504992
"4051",4886,"Hunan","mri-esm2-0","ssp126",NA,4.12898322075047,29.6774338131859
"4052",4887,"Hunan","mri-esm2-0","ssp126",NA,9.38204185222925,23.8459561181447
"4053",4888,"Hunan","mri-esm2-0","ssp126",NA,0.642157446431416,25.1119353400337
"4054",4889,"Hunan","mri-esm2-0","ssp126",NA,0.0619981777617796,25.1908720833915
"4055",4890,"Hunan","mri-esm2-0","ssp126",NA,0.582357440433563,24.3724921816871
"4056",4891,"Hunan","mri-esm2-0","ssp126",NA,0.189357595224595,24.3662365020268
"4057",4892,"Hunan","mri-esm2-0","ssp126",NA,0.0301059480924388,22.5587098984491
"4058",4893,"Hunan","mri-esm2-0","ssp126",NA,0.0206061545213743,22.3650673275902
"4059",4894,"Hunan","mri-esm2-0","ssp126",NA,1.18183284639599,22.4767843700591
"4060",4895,"Hunan","mri-esm2-0","ssp126",NA,2.68714208207582,21.5719604007782
"4061",4896,"Hunan","mri-esm2-0","ssp126",NA,2.15495567823772,14.6958660670689
"4062",4897,"Hunan","mri-esm2-0","ssp126",NA,1.96779366380854,19.0236440507193
"4063",4898,"Hunan","mri-esm2-0","ssp126",NA,3.32067571440738,15.376411328997
"4064",4899,"Hunan","mri-esm2-0","ssp126",NA,0.447217669527942,15.7914238097176
"4065",4900,"Hunan","mri-esm2-0","ssp126",NA,0.135028923042618,14.3670512123714
"4066",4901,"Hunan","mri-esm2-0","ssp126",NA,1.20194328756692,12.741051216731
"4067",4902,"Hunan","mri-esm2-0","ssp126",NA,0.00580231829059942,12.1332781473796
"4068",4903,"Hunan","mri-esm2-0","ssp126",NA,0.0410955740465267,12.729621959868
"4069",4904,"Hunan","mri-esm2-0","ssp126",NA,0.501635889778689,9.94815240284755
"4070",4905,"Hunan","mri-esm2-0","ssp126",NA,0.62318362820406,11.944359746055
"4071",4906,"Hunan","mri-esm2-0","ssp126",NA,2.2454167763304,3.83200292435906
"4072",4907,"Hunan","mri-esm2-0","ssp126",NA,2.72883270866779,5.90707628764806
"4073",4908,"Hunan","mri-esm2-0","ssp126",NA,2.70842682942072,7.22487665812177
"4074",4909,"Hunan","mri-esm2-0","ssp126",NA,0.736463458666289,10.3330988929385
"4075",4910,"Hunan","mri-esm2-0","ssp126",NA,6.1704158590341,7.4317937094068
"4076",4911,"Hunan","mri-esm2-0","ssp126",NA,4.4536163363903,6.26829184880335
"4077",4912,"Hunan","mri-esm2-0","ssp126",NA,0.123949853637636,4.42340337359718
"4078",4913,"Hunan","mri-esm2-0","ssp126",NA,1.66525585731766,11.45839117141
"4079",4914,"Hunan","mri-esm2-0","ssp126",NA,2.27337975349786,14.1544721209814
"4080",4915,"Hunan","mri-esm2-0","ssp126",NA,5.37296079157516,10.5928723289853
"4081",4916,"Hunan","mri-esm2-0","ssp126",NA,1.66144102227658,11.0875042022221
"4082",4917,"Hunan","mri-esm2-0","ssp126",NA,4.48368220045917,11.8172908480205
"4083",4918,"Hunan","mri-esm2-0","ssp126",NA,8.99629543222156,14.3605440048945
"4084",4919,"Hunan","mri-esm2-0","ssp126",NA,4.48846601833403,15.6096146719797
"4085",4920,"Hunan","mri-esm2-0","ssp126",NA,17.427737993499,18.5687105209109
"4086",4921,"Hunan","mri-esm2-0","ssp126",NA,7.14860227838991,18.0797323317755
"4087",4922,"Hunan","mri-esm2-0","ssp126",NA,8.676212007757,22.9297809419178
"4088",4923,"Hunan","mri-esm2-0","ssp126",NA,11.7897276309772,22.4279357789055
"4089",4924,"Hunan","mri-esm2-0","ssp126",NA,13.4726414163262,20.6192163860987
"4090",4925,"Hunan","mri-esm2-0","ssp126",NA,8.51603764473501,19.395522901747
"4091",4926,"Hunan","mri-esm2-0","ssp126",NA,3.46198258579144,22.2605665418837
"4092",4927,"Hunan","mri-esm2-0","ssp126",NA,19.8006691889467,23.5614994715131
"4093",4928,"Hunan","mri-esm2-0","ssp126",NA,9.41729723882808,23.9766205197289
"4094",4929,"Hunan","mri-esm2-0","ssp126",NA,8.94989561655036,24.378683980306
"4095",4930,"Hunan","mri-esm2-0","ssp126",NA,4.69668435303642,25.8795367770725
"4096",4931,"Hunan","mri-esm2-0","ssp126",NA,12.4028979107607,27.459063950796
"4097",4932,"Hunan","mri-esm2-0","ssp126",NA,6.1853524853242,29.0168555850075
"4098",4933,"Hunan","mri-esm2-0","ssp126",NA,3.61402285044668,30.1527221437485
"4099",4934,"Hunan","mri-esm2-0","ssp126",NA,1.46694307642455,29.9829882182772
"4100",4935,"Hunan","mri-esm2-0","ssp126",NA,3.30454933654047,29.5366266159784
"4101",4936,"Hunan","mri-esm2-0","ssp126",NA,5.55650870590918,29.3592154608833
"4102",4937,"Hunan","mri-esm2-0","ssp126",NA,1.19999987198623,29.685018642365
"4103",4938,"Hunan","mri-esm2-0","ssp126",NA,10.3187136782318,27.8844456869459
"4104",4939,"Hunan","mri-esm2-0","ssp126",NA,1.72847913229686,28.4728292556036
"4105",4940,"Hunan","mri-esm2-0","ssp126",NA,5.90504485856919,29.3144395737421
"4106",4941,"Hunan","mri-esm2-0","ssp126",NA,2.03652190816683,29.1671509636773
"4107",4942,"Hunan","mri-esm2-0","ssp126",NA,2.39016766451771,26.1690409947956
"4108",4943,"Hunan","mri-esm2-0","ssp126",NA,4.28395315514406,24.216391560388
"4109",4944,"Hunan","mri-esm2-0","ssp126",NA,1.11688563355788,20.0101261562771
"4110",4945,"Hunan","mri-esm2-0","ssp126",NA,0.477438700987217,22.4536506531731
"4111",4946,"Hunan","mri-esm2-0","ssp126",NA,0.247784014209174,21.0974348885673
"4112",4947,"Hunan","mri-esm2-0","ssp126",NA,2.69724085960661,21.9969121054998
"4113",4948,"Hunan","mri-esm2-0","ssp126",NA,6.17091981476473,20.2364855690608
"4114",4949,"Hunan","mri-esm2-0","ssp126",NA,2.91281017197694,15.8742001366994
"4115",4950,"Hunan","mri-esm2-0","ssp126",NA,0.61462220163386,17.5946275741335
"4116",4951,"Hunan","mri-esm2-0","ssp126",NA,0.00974484821979006,14.5269356500535
"4117",4952,"Hunan","mri-esm2-0","ssp126",NA,0.38738697430095,17.4650557502868
"4118",4953,"Hunan","mri-esm2-0","ssp126",NA,0.00326213279809703,13.7336388360887
"4119",4954,"Hunan","mri-esm2-0","ssp126",NA,0.00439567855729755,10.2799274020725
"4120",4955,"Hunan","mri-esm2-0","ssp126",NA,0.000928298270862018,7.83544511340916
"4121",4956,"Hunan","mri-esm2-0","ssp126",NA,1.20589254605485,10.1262710329086
"4122",4957,"Hunan","mri-esm2-0","ssp126",NA,2.674801546183,6.52452088613361
"4123",4958,"Hunan","mri-esm2-0","ssp126",NA,0.157603925384007,4.4556206718324
"4124",4959,"Hunan","mri-esm2-0","ssp126",NA,0.164399853065333,7.21565259903199
"4125",4960,"Hunan","mri-esm2-0","ssp126",NA,0.0047992434182171,8.88473045712428
"4126",4961,"Hunan","mri-esm2-0","ssp126",NA,0.13808162917225,9.02019332401339
"4127",4962,"Hunan","mri-esm2-0","ssp126",NA,0.146938462187661,13.2086841764904
"4128",4963,"Hunan","mri-esm2-0","ssp126",NA,3.40603403991996,7.63437883891759
"4129",4964,"Hunan","mri-esm2-0","ssp126",NA,1.46739659764665,9.63206822228812
"4130",4965,"Hunan","mri-esm2-0","ssp126",NA,0.497243834648283,8.27024152241058
"4131",4966,"Hunan","mri-esm2-0","ssp126",NA,1.17239293498252,13.5775563194638
"4132",4967,"Hunan","mri-esm2-0","ssp126",NA,1.43699907904582,13.1103495158847
"4133",4968,"Hunan","mri-esm2-0","ssp126",NA,2.39459236564861,16.6411585247706
"4134",4969,"Hunan","mri-esm2-0","ssp126",NA,3.24872587737965,13.7354540264796
"4135",4970,"Hunan","mri-esm2-0","ssp126",NA,9.84254660610791,12.9456115117149
"4136",4971,"Hunan","mri-esm2-0","ssp126",NA,5.17612848422816,11.6114282275003
"4137",4972,"Hunan","mri-esm2-0","ssp126",NA,5.76884547569664,18.7984438820491
"4138",4973,"Hunan","mri-esm2-0","ssp126",NA,3.49390591920513,23.1143437461248
"4139",4974,"Hunan","mri-esm2-0","ssp126",NA,22.3998031652497,20.8335331629193
"4140",4975,"Hunan","mri-esm2-0","ssp126",NA,7.48438763184822,20.6146501934718
"4141",4976,"Hunan","mri-esm2-0","ssp126",NA,12.4284226035603,23.853236134847
"4142",4977,"Hunan","mri-esm2-0","ssp126",NA,8.15842350552235,24.0376498025561
"4143",4978,"Hunan","mri-esm2-0","ssp126",NA,12.202267743578,20.5347024342371
"4144",4979,"Hunan","mri-esm2-0","ssp126",NA,7.35975397573644,25.1817244998993
"4145",4980,"Hunan","mri-esm2-0","ssp126",NA,5.3804954876471,26.660051085457
"4146",4981,"Hunan","mri-esm2-0","ssp126",NA,3.97228612915959,24.0315343584333
"4147",4982,"Hunan","mri-esm2-0","ssp126",NA,3.68024946772364,28.2732689993722
"4148",4983,"Hunan","mri-esm2-0","ssp126",NA,15.8642657667445,27.1498766217913
"4149",4984,"Hunan","mri-esm2-0","ssp126",NA,16.2786096693123,27.4334449889168
"4150",4985,"Hunan","mri-esm2-0","ssp126",NA,24.1620187834282,26.67160059611
"4151",4986,"Hunan","mri-esm2-0","ssp126",NA,9.29784495924001,26.674631645566
"4152",4987,"Hunan","mri-esm2-0","ssp126",NA,2.41842326766865,28.1813919551789
"4153",4988,"Hunan","mri-esm2-0","ssp126",NA,5.77076632768824,29.9979501270113
"4154",4989,"Hunan","mri-esm2-0","ssp126",NA,1.08986330650883,30.4520818437849
"4155",4990,"Hunan","mri-esm2-0","ssp126",NA,0.404265133654137,31.7213268703885
"4156",4991,"Hunan","mri-esm2-0","ssp126",NA,6.16228960348053,27.6907680572026
"4157",4992,"Hunan","mri-esm2-0","ssp126",NA,8.62674050315166,28.1169844248938
"4158",4993,"Hunan","mri-esm2-0","ssp126",NA,15.3529220498123,25.8515924847315
"4159",4994,"Hunan","mri-esm2-0","ssp126",NA,1.07378806359131,25.5615722535149
"4160",4995,"Hunan","mri-esm2-0","ssp126",NA,1.91667112349673,26.0973975893051
"4161",4996,"Hunan","mri-esm2-0","ssp126",NA,3.25066083959038,20.3863278464666
"4162",4997,"Hunan","mri-esm2-0","ssp126",NA,0.00396306761883481,21.9302255660769
"4163",4998,"Hunan","mri-esm2-0","ssp126",NA,1.12205869740397,21.2632589915442
"4164",4999,"Hunan","mri-esm2-0","ssp126",NA,2.21620230791554,17.5296406942701
"4165",5000,"Hunan","mri-esm2-0","ssp126",NA,0.00597972078009792,17.1626652429974
"4166",5001,"Hunan","mri-esm2-0","ssp126",NA,0.329155678803415,16.1971694825188
"4167",5002,"Hunan","mri-esm2-0","ssp126",NA,0.492168899173911,15.1743738204714
"4168",5003,"Hunan","mri-esm2-0","ssp126",NA,2.20835870292961,16.1700923374721
"4169",5004,"Hunan","mri-esm2-0","ssp126",NA,4.80567502231029,13.9264999995156
"4170",5005,"Hunan","mri-esm2-0","ssp126",NA,0.898413419378942,13.6459168449281
"4171",5006,"Hunan","mri-esm2-0","ssp126",NA,0.82018291078774,15.4404777769059
"4172",5007,"Hunan","mri-esm2-0","ssp126",NA,7.71762853807689,14.362201944987
"4173",5008,"Hunan","mri-esm2-0","ssp126",NA,0.00938602566488304,11.4153199089898
"4174",5009,"Hunan","mri-esm2-0","ssp126",NA,2.99774674659992,10.2574587140765
"4175",5010,"Hunan","mri-esm2-0","ssp126",NA,3.1309482179105,6.25724957178512
"4176",5011,"Hunan","mri-esm2-0","ssp126",NA,0.25411041744649,7.55536065480068
"4177",5012,"Hunan","mri-esm2-0","ssp126",NA,1.44756294487576,10.4704930260068
"4178",5013,"Hunan","mri-esm2-0","ssp126",NA,1.77660208365264,7.42438278198244
"4179",5014,"Hunan","mri-esm2-0","ssp126",NA,2.90858393015826,8.07498618231882
"4180",5015,"Hunan","mri-esm2-0","ssp126",NA,6.15775137846737,6.99511223444865
"4181",5016,"Hunan","mri-esm2-0","ssp126",NA,2.72961771322896,11.2263694763184
"4182",5017,"Hunan","mri-esm2-0","ssp126",NA,3.64015891807087,6.46197268773641
"4183",5018,"Hunan","mri-esm2-0","ssp126",NA,8.13141039642297,5.83424372597348
"4184",5019,"Hunan","mri-esm2-0","ssp126",NA,4.34229223102583,11.9040807814825
"4185",5020,"Hunan","mri-esm2-0","ssp126",NA,8.01198485981851,11.3975601317391
"4186",5021,"Hunan","mri-esm2-0","ssp126",NA,3.12593981884025,16.2238960387215
"4187",5022,"Hunan","mri-esm2-0","ssp126",NA,4.63549646586736,14.1746088179331
"4188",5023,"Hunan","mri-esm2-0","ssp126",NA,3.33834454729315,15.5194905114553
"4189",5024,"Hunan","mri-esm2-0","ssp126",NA,9.04700847074439,16.6379160320948
"4190",5025,"Hunan","mri-esm2-0","ssp126",NA,7.81308852058698,14.0353338574607
"4191",5026,"Hunan","mri-esm2-0","ssp126",NA,8.02961357519832,24.4368779742529
"4192",5027,"Hunan","mri-esm2-0","ssp126",NA,6.97626857235524,16.6915903363909
"4193",5028,"Hunan","mri-esm2-0","ssp126",NA,20.4009416500542,23.7600109887502
"4194",5029,"Hunan","mri-esm2-0","ssp126",NA,15.1059782263084,20.4694396246047
"4195",5030,"Hunan","mri-esm2-0","ssp126",NA,14.8476909540282,22.5904704623752
"4196",5031,"Hunan","mri-esm2-0","ssp126",NA,6.83959136087781,25.3767202589247
"4197",5032,"Hunan","mri-esm2-0","ssp126",NA,8.12200197189148,26.4714116414388
"4198",5033,"Hunan","mri-esm2-0","ssp126",NA,14.5630621819172,23.8904425121489
"4199",5034,"Hunan","mri-esm2-0","ssp126",NA,13.8299011848566,25.4470407516238
"4200",5035,"Hunan","mri-esm2-0","ssp126",NA,11.5053862033229,27.4458552284846
"4201",5036,"Hunan","mri-esm2-0","ssp126",NA,12.1616029222163,24.4362762814477
"4202",5037,"Hunan","mri-esm2-0","ssp126",NA,11.9698645085919,28.0676457965185
"4203",5038,"Hunan","mri-esm2-0","ssp126",NA,2.57884793028487,28.8285924033513
"4204",5039,"Hunan","mri-esm2-0","ssp126",NA,24.5983064699301,25.6443865458171
"4205",5040,"Hunan","mri-esm2-0","ssp126",NA,3.60723228191741,30.5419674343533
"4206",5041,"Hunan","mri-esm2-0","ssp126",NA,5.21070408318077,29.3590195792062
"4207",5042,"Hunan","mri-esm2-0","ssp126",NA,4.99810329030359,29.3799282376729
"4208",5043,"Hunan","mri-esm2-0","ssp126",NA,6.88895979701556,28.3567329406739
"4209",5044,"Hunan","mri-esm2-0","ssp126",NA,6.30916624254496,29.7667908562554
"4210",5045,"Hunan","mri-esm2-0","ssp126",NA,0.847490314845345,26.7615883357941
"4211",5046,"Hunan","mri-esm2-0","ssp126",NA,0.361330082958895,25.8640226454962
"4212",5047,"Hunan","mri-esm2-0","ssp126",NA,3.63833689617812,26.8733290536063
"4213",5048,"Hunan","mri-esm2-0","ssp126",NA,3.17551000339985,23.0696714007665
"4214",5049,"Hunan","mri-esm2-0","ssp126",NA,0.351235989826039,23.5748584807865
"4215",5050,"Hunan","mri-esm2-0","ssp126",NA,2.55705750272942,21.3197255331373
"4216",5051,"Hunan","mri-esm2-0","ssp126",NA,0.0993531456060737,23.0179758344378
"4217",5052,"Hunan","mri-esm2-0","ssp126",NA,5.07721398876778,18.6834773230174
"4218",5053,"Hunan","mri-esm2-0","ssp126",NA,0.00418169436540796,14.7149078853547
"4219",5054,"Hunan","mri-esm2-0","ssp126",NA,0.0100879572788212,16.0150788443429
"4220",5055,"Hunan","mri-esm2-0","ssp126",NA,0.331245572799941,18.6565680852012
"4221",5056,"Hunan","mri-esm2-0","ssp126",NA,3.58897712309434,17.0695751250737
"4222",5057,"Hunan","mri-esm2-0","ssp126",NA,4.46936371249649,13.742136165074
"4223",5058,"Hunan","mri-esm2-0","ssp126",NA,0.641353557466573,12.5881208510626
"4224",5059,"Hunan","mri-esm2-0","ssp126",NA,2.71284553416211,11.6528063092913
"4225",5060,"Hunan","mri-esm2-0","ssp126",NA,0.71451982518868,6.99842460269022
"4226",5061,"Hunan","mri-esm2-0","ssp126",NA,3.36914585376949,6.93764612107052
"4227",5062,"Hunan","mri-esm2-0","ssp126",NA,4.29435331522135,9.06228372483029
"4228",5063,"Hunan","mri-esm2-0","ssp126",NA,2.51576128286095,9.50949994041808
"4229",5064,"Hunan","mri-esm2-0","ssp126",NA,1.32685994752657,7.51401708693734
"4230",5065,"Hunan","mri-esm2-0","ssp126",NA,5.00871446533893,6.60198352147665
"4231",5066,"Hunan","mri-esm2-0","ssp126",NA,3.46171467671671,9.71533258831693
"4232",5067,"Hunan","mri-esm2-0","ssp126",NA,6.01847441948848,11.8273111494761
"4233",5068,"Hunan","mri-esm2-0","ssp126",NA,2.25044539588453,7.77373293922063
"4234",5069,"Hunan","mri-esm2-0","ssp126",NA,0.0740855480021959,10.2689901200552
"4235",5070,"Hunan","mri-esm2-0","ssp126",NA,4.39361306990317,13.0641970679874
"4236",5071,"Hunan","mri-esm2-0","ssp126",NA,7.25858946756749,4.38196522546195
"4237",5072,"Hunan","mri-esm2-0","ssp126",NA,0.821933663311419,10.2155027964759
"4238",5073,"Hunan","mri-esm2-0","ssp126",NA,1.76357796461681,14.6808827839201
"4239",5074,"Hunan","mri-esm2-0","ssp126",NA,4.76098227170821,14.1335574679905
"4240",5075,"Hunan","mri-esm2-0","ssp126",NA,16.2395891900425,14.7977761889261
"4241",5076,"Hunan","mri-esm2-0","ssp126",NA,3.68134796273288,13.733658393981
"4242",5077,"Hunan","mri-esm2-0","ssp126",NA,3.09334071635021,16.2523806254069
"4243",5078,"Hunan","mri-esm2-0","ssp126",NA,10.5997635934727,19.6394552927169
"4244",5079,"Hunan","mri-esm2-0","ssp126",NA,15.9472834721263,19.820868246896
"4245",5080,"Hunan","mri-esm2-0","ssp126",NA,4.7785004261641,18.233101024325
"4246",5081,"Hunan","mri-esm2-0","ssp126",NA,13.3470663368826,22.6300500657824
"4247",5082,"Hunan","mri-esm2-0","ssp126",NA,16.5218525086857,24.6898670620389
"4248",5083,"Hunan","mri-esm2-0","ssp126",NA,7.78892970677459,22.6979986644927
"4249",5084,"Hunan","mri-esm2-0","ssp126",NA,14.3611409032279,24.56966038053
"4250",5085,"Hunan","mri-esm2-0","ssp126",NA,7.26022627294307,24.6732807583279
"4251",5086,"Hunan","mri-esm2-0","ssp126",NA,12.6490657250672,25.2710091848222
"4252",5087,"Hunan","mri-esm2-0","ssp126",NA,6.73257314008749,27.3493484133766
"4253",5088,"Hunan","mri-esm2-0","ssp126",NA,22.3688492148605,26.7171050298782
"4254",5089,"Hunan","mri-esm2-0","ssp126",NA,18.0356169189119,26.9174626183888
"4255",5090,"Hunan","mri-esm2-0","ssp126",NA,12.3120206664355,28.8955722506084
"4256",5091,"Hunan","mri-esm2-0","ssp126",NA,1.62008228687357,30.836452254038
"4257",5092,"Hunan","mri-esm2-0","ssp126",NA,5.0578927060412,28.7038628230019
"4258",5093,"Hunan","mri-esm2-0","ssp126",NA,6.64397131013175,28.6144633944073
"4259",5094,"Hunan","mri-esm2-0","ssp126",NA,6.0975803473931,28.5778877742707
"4260",5095,"Hunan","mri-esm2-0","ssp126",NA,9.98318585853407,28.4381233215332
"4261",5096,"Hunan","mri-esm2-0","ssp126",NA,7.86767925518948,28.7021806626093
"4262",5097,"Hunan","mri-esm2-0","ssp126",NA,7.26204893010488,28.9138462248303
"4263",5098,"Hunan","mri-esm2-0","ssp126",NA,8.13909167607432,23.1997106764052
"4264",5099,"Hunan","mri-esm2-0","ssp126",NA,2.51700197556732,22.7131176418728
"4265",5100,"Hunan","mri-esm2-0","ssp126",NA,0.110997370250386,27.3560693044511
"4266",5101,"Hunan","mri-esm2-0","ssp126",NA,1.99981275344986,22.9803156898135
"4267",5102,"Hunan","mri-esm2-0","ssp126",NA,4.87938100050087,18.8727707151383
"4268",5103,"Hunan","mri-esm2-0","ssp126",NA,0.0903519047239699,20.5435059683664
"4269",5104,"Hunan","mri-esm2-0","ssp126",NA,3.11642703160422,15.6891812036908
"4270",5105,"Hunan","mri-esm2-0","ssp126",NA,1.3278709352757,15.1420756264339
"4271",5106,"Hunan","mri-esm2-0","ssp126",NA,2.92238549583479,12.3716933356391
"4272",5107,"Hunan","mri-esm2-0","ssp126",NA,0.274638688344047,13.9615063864088
"4273",5108,"Hunan","mri-esm2-0","ssp126",NA,3.33854836484144,14.0055201818073
"4274",5109,"Hunan","mri-esm2-0","ssp126",NA,3.47214171688393,14.7803817749024
"4275",5110,"Hunan","mri-esm2-0","ssp126",NA,2.9974365252461,10.7516142951118
"4276",5111,"Hunan","mri-esm2-0","ssp126",NA,0.0979523497400285,10.7396384466262
"4277",5112,"Hunan","mri-esm2-0","ssp126",NA,6.59407820370948,12.0864900982569
"4278",5113,"Hunan","mri-esm2-0","ssp126",NA,0.557360365889638,11.1170543004596
"4279",5114,"Hunan","mri-esm2-0","ssp126",NA,6.70554820603034,7.43653386433922
"4280",5115,"Hunan","mri-esm2-0","ssp126",NA,2.06161655714173,8.32217214675179
"4281",5116,"Hunan","mri-esm2-0","ssp126",NA,0.0523259005928724,8.32501173473542
"4282",5117,"Hunan","mri-esm2-0","ssp126",NA,1.41795594767505,9.33511281089179
"4283",5118,"Hunan","mri-esm2-0","ssp126",NA,0.762787355584546,6.43625357491632
"4284",5119,"Hunan","mri-esm2-0","ssp126",NA,0.00505848275419599,7.64434888325043
"4285",5120,"Hunan","mri-esm2-0","ssp126",NA,0.0871679153013766,12.6874246869769
"4286",5121,"Hunan","mri-esm2-0","ssp126",NA,1.74093466841571,13.024745045011
"4287",5122,"Hunan","mri-esm2-0","ssp126",NA,5.17464450424866,13.5612073141431
"4288",5123,"Hunan","mri-esm2-0","ssp126",NA,0.158780399143715,9.44245603046722
"4289",5124,"Hunan","mri-esm2-0","ssp126",NA,1.30750976231866,14.2468795897469
"4290",5125,"Hunan","mri-esm2-0","ssp126",NA,6.01188114922349,11.7149948967828
"4291",5126,"Hunan","mri-esm2-0","ssp126",NA,8.12774679796218,12.0721453227694
"4292",5127,"Hunan","mri-esm2-0","ssp126",NA,0.869638442788658,11.8231620304168
"4293",5128,"Hunan","mri-esm2-0","ssp126",NA,3.52279396053226,16.2394550989545
"4294",5129,"Hunan","mri-esm2-0","ssp126",NA,5.50195705306058,16.6829796564012
"4295",5130,"Hunan","mri-esm2-0","ssp126",NA,7.00098804201973,21.5239047216991
"4296",5131,"Hunan","mri-esm2-0","ssp126",NA,10.2791732058449,20.0577478681292
"4297",5132,"Hunan","mri-esm2-0","ssp126",NA,6.46689963976184,17.8690878974067
"4298",5133,"Hunan","mri-esm2-0","ssp126",NA,11.3198875502738,20.8933458600726
"4299",5134,"Hunan","mri-esm2-0","ssp126",NA,10.4165500866527,23.4400634886727
"4300",5135,"Hunan","mri-esm2-0","ssp126",NA,5.67812940419442,22.5279604109507
"4301",5136,"Hunan","mri-esm2-0","ssp126",NA,12.9849656938014,21.8815809098501
"4302",5137,"Hunan","mri-esm2-0","ssp126",NA,7.89220388916354,22.0457418048193
"4303",5138,"Hunan","mri-esm2-0","ssp126",NA,3.20295593803296,25.4734231373621
"4304",5139,"Hunan","mri-esm2-0","ssp126",NA,8.34187649951933,22.8704573737251
"4305",5140,"Hunan","mri-esm2-0","ssp126",NA,3.12231867800879,25.9467673044356
"4306",5141,"Hunan","mri-esm2-0","ssp126",NA,2.1222385065812,28.6401339455257
"4307",5142,"Hunan","mri-esm2-0","ssp126",NA,14.0737923865605,26.563013785226
"4308",5143,"Hunan","mri-esm2-0","ssp126",NA,9.74733150233728,28.7301120576405
"4309",5144,"Hunan","mri-esm2-0","ssp126",NA,16.1451202637441,27.7983877515036
"4310",5145,"Hunan","mri-esm2-0","ssp126",NA,4.6562803371996,28.9889471992614
"4311",5146,"Hunan","mri-esm2-0","ssp126",NA,3.17664140677282,28.4399753267803
"4312",5147,"Hunan","mri-esm2-0","ssp126",NA,4.39053583275251,30.4512231735956
"4313",5148,"Hunan","mri-esm2-0","ssp126",NA,3.07988256912332,28.4788355267237
"4314",5149,"Hunan","mri-esm2-0","ssp126",NA,2.00421756566616,25.1423737783281
"4315",5150,"Hunan","mri-esm2-0","ssp126",NA,0.235843835961142,28.3165605454218
"4316",5151,"Hunan","mri-esm2-0","ssp126",NA,8.83867797673312,27.1460219610305
"4317",5152,"Hunan","mri-esm2-0","ssp126",NA,8.20402119788923,22.5512852865552
"4318",5153,"Hunan","mri-esm2-0","ssp126",NA,0.61347973996817,23.1729983496288
"4319",5154,"Hunan","mri-esm2-0","ssp126",NA,0.00233935912287312,21.3295174371629
"4320",5155,"Hunan","mri-esm2-0","ssp126",NA,0.14131131898856,20.9105911375985
"4321",5156,"Hunan","mri-esm2-0","ssp126",NA,0.80346062667169,19.905836934892
"4322",5157,"Hunan","mri-esm2-0","ssp126",NA,1.71751159665681,20.8501130482507
"4323",5158,"Hunan","mri-esm2-0","ssp126",NA,3.76130045806349,18.2265437413776
"4324",5159,"Hunan","mri-esm2-0","ssp126",NA,4.27863727051252,14.1338544694204
"4325",5160,"Hunan","mri-esm2-0","ssp126",NA,6.83267546030817,12.9110200185625
"4326",5161,"Hunan","mri-esm2-0","ssp126",NA,0.32539613436841,10.6233898465596
"4327",5162,"Hunan","mri-esm2-0","ssp126",NA,0.00140003721103962,10.9345710512192
"4328",5163,"Hunan","mri-esm2-0","ssp126",NA,0.548126150761163,11.7144327436175
"4329",5164,"Hunan","mri-esm2-0","ssp126",NA,1.61597839796091,6.66540625435968
"4330",5165,"Hunan","mri-esm2-0","ssp126",NA,0.0863020155520644,7.50912264869329
"4331",5166,"Hunan","mri-esm2-0","ssp126",NA,2.04703929013834,13.0830407642183
"4332",5167,"Hunan","mri-esm2-0","ssp126",NA,0.001826976605506,6.64973832387775
"4333",5168,"Hunan","mri-esm2-0","ssp126",NA,5.71366049444545,8.39919772677954
"4334",5169,"Hunan","mri-esm2-0","ssp126",NA,2.66432624595317,11.2444194733151
"4335",5170,"Hunan","mri-esm2-0","ssp126",NA,7.73883875615736,9.30555968511674
"4336",5171,"Hunan","mri-esm2-0","ssp126",NA,6.82068348399168,7.72769281296505
"4337",5172,"Hunan","mri-esm2-0","ssp126",NA,7.8766337824553,6.82976769341365
"4338",5173,"Hunan","mri-esm2-0","ssp126",NA,4.21898529268999,9.65168684702073
"4339",5174,"Hunan","mri-esm2-0","ssp126",NA,0.36552794281306,6.72597946893603
"4340",5175,"Hunan","mri-esm2-0","ssp126",NA,6.46946908187341,11.5591913980151
"4341",5176,"Hunan","mri-esm2-0","ssp126",NA,4.50567673597107,8.40275865585087
"4342",5177,"Hunan","mri-esm2-0","ssp126",NA,2.1950552776486,9.20209026033918
"4343",5178,"Hunan","mri-esm2-0","ssp126",NA,2.92168611375538,14.3906515938895
"4344",5179,"Hunan","mri-esm2-0","ssp126",NA,2.24964254869389,11.0772135416667
"4345",5180,"Hunan","mri-esm2-0","ssp126",NA,7.65447430274954,19.4350727747357
"4346",5181,"Hunan","mri-esm2-0","ssp126",NA,6.43790768004432,16.7135351392958
"4347",5182,"Hunan","mri-esm2-0","ssp126",NA,4.00486141516012,21.743243880499
"4348",5183,"Hunan","mri-esm2-0","ssp126",NA,9.41666801443586,16.3193526616172
"4349",5184,"Hunan","mri-esm2-0","ssp126",NA,7.6971903014055,17.1053179301913
"4350",5185,"Hunan","mri-esm2-0","ssp126",NA,10.8440623221083,22.3500544956752
"4351",5186,"Hunan","mri-esm2-0","ssp126",NA,8.8263975904673,24.0513468061175
"4352",5187,"Hunan","mri-esm2-0","ssp126",NA,7.47599222503855,21.6039169069321
"4353",5188,"Hunan","mri-esm2-0","ssp126",NA,11.7291171334143,21.7898504590231
"4354",5189,"Hunan","mri-esm2-0","ssp126",NA,18.6740742912012,25.9683235531762
"4355",5190,"Hunan","mri-esm2-0","ssp126",NA,8.77829905327546,27.4473150465224
"4356",5191,"Hunan","mri-esm2-0","ssp126",NA,7.34845131313965,25.0584011501736
"4357",5192,"Hunan","mri-esm2-0","ssp126",NA,1.5917733868004,26.1974561903212
"4358",5193,"Hunan","mri-esm2-0","ssp126",NA,1.47934177642648,26.8544087001256
"4359",5194,"Hunan","mri-esm2-0","ssp126",NA,1.28943653986815,27.8464363461449
"4360",5195,"Hunan","mri-esm2-0","ssp126",NA,0.902533099607743,27.3792713225834
"4361",5196,"Hunan","mri-esm2-0","ssp126",NA,4.81024313927005,29.3928198557052
"4362",5197,"Hunan","mri-esm2-0","ssp126",NA,9.92093854023811,27.7456649416969
"4363",5198,"Hunan","mri-esm2-0","ssp126",NA,1.71144332224295,29.7817786807106
"4364",5199,"Hunan","mri-esm2-0","ssp126",NA,4.11938343796204,29.1149469526987
"4365",5200,"Hunan","mri-esm2-0","ssp126",NA,2.40176103803346,27.6415064493815
"4366",5201,"Hunan","mri-esm2-0","ssp126",NA,1.07179311195458,26.12916693309
"4367",5202,"Hunan","mri-esm2-0","ssp126",NA,1.68464719740119,24.4659222315228
"4368",5203,"Hunan","mri-esm2-0","ssp126",NA,1.52033638987632,24.7717624361553
"4369",5204,"Hunan","mri-esm2-0","ssp126",NA,6.96092812318706,26.3099264235724
"4370",5205,"Hunan","mri-esm2-0","ssp126",NA,2.93721040900112,26.1631113809253
"4371",5206,"Hunan","mri-esm2-0","ssp126",NA,1.84470284302733,23.385697392055
"4372",5207,"Hunan","mri-esm2-0","ssp126",NA,4.0869145700721,20.118734583779
"4373",5208,"Hunan","mri-esm2-0","ssp126",NA,1.5141042689785,19.8253412519183
"4374",5209,"Hunan","mri-esm2-0","ssp126",NA,9.76165956439477,14.952587321448
"4375",5210,"Hunan","mri-esm2-0","ssp126",NA,4.27767704570345,20.1330557444739
"4376",5211,"Hunan","mri-esm2-0","ssp126",NA,8.45872205239695,14.6976255507696
"4377",5212,"Hunan","mri-esm2-0","ssp126",NA,9.01755561247098,19.3794317820716
"4378",5213,"Hunan","mri-esm2-0","ssp126",NA,2.67347978653041,13.7945019071065
"4379",5214,"Hunan","mri-esm2-0","ssp126",NA,5.40536849899321,14.1627749004061
"4380",5215,"Hunan","mri-esm2-0","ssp126",NA,1.30217769237788,11.1820113893539
"4381",5216,"Hunan","mri-esm2-0","ssp126",NA,2.62132535744318,11.3684458172511
"4382",5217,"Hunan","mri-esm2-0","ssp126",NA,5.19004019070053,2.61836389208599
"4383",5218,"Hunan","mri-esm2-0","ssp126",NA,2.6492468395905,3.26909257192463
"4384",5219,"Hunan","mri-esm2-0","ssp126",NA,2.74995250429778,2.18393980964784
"4385",5220,"Hunan","mri-esm2-0","ssp126",NA,0.0171456710437009,1.34101996043374
"4386",5221,"Hunan","mri-esm2-0","ssp126",NA,2.64335758563772,9.69861083257768
"4387",5222,"Hunan","mri-esm2-0","ssp126",NA,1.94380119384212,5.70940612308565
"4388",5223,"Hunan","mri-esm2-0","ssp126",NA,11.4275880495045,6.93379248967249
"4389",5224,"Hunan","mri-esm2-0","ssp126",NA,0.883306079945864,5.7874689980159
"4390",5225,"Hunan","mri-esm2-0","ssp126",NA,0.00440509073606725,9.19477984716024
"4391",5226,"Hunan","mri-esm2-0","ssp126",NA,1.32615099222936,10.907112194243
"4392",5227,"Hunan","mri-esm2-0","ssp126",NA,1.43796157870903,7.75456057351735
"4393",5228,"Hunan","mri-esm2-0","ssp126",NA,4.86814532224733,11.9479427761502
"4394",5229,"Hunan","mri-esm2-0","ssp126",NA,7.92369587399143,11.3532802157932
"4395",5230,"Hunan","mri-esm2-0","ssp126",NA,8.39780752314384,14.6572343251062
"4396",5231,"Hunan","mri-esm2-0","ssp126",NA,9.91269927030772,13.9995565989661
"4397",5232,"Hunan","mri-esm2-0","ssp126",NA,6.32002354204815,9.3464398984556
