"","Week_index","Province","gcm","ssp","MOI","pr","tas"
"1",836,"Beijing","mpi-esm1-2-hr","ssp585",NA,0.101809350384688,-6.15214603969027
"2",837,"Beijing","mpi-esm1-2-hr","ssp585",NA,0,-9.85002419607979
"3",838,"Beijing","mpi-esm1-2-hr","ssp585",NA,0.0112291193285533,-4.65956181117464
"4",839,"Beijing","mpi-esm1-2-hr","ssp585",NA,1.36260339542267,-3.12370256696426
"5",840,"Beijing","mpi-esm1-2-hr","ssp585",NA,0.00199111080811625,-9.48043071201868
"6",841,"Beijing","mpi-esm1-2-hr","ssp585",NA,0.0946600973423171,-0.167310006277879
"7",842,"Beijing","mpi-esm1-2-hr","ssp585",NA,2.42963676833565,-3.40245012555801
"8",843,"Beijing","mpi-esm1-2-hr","ssp585",NA,0,-6.87606549944194
"9",844,"Beijing","mpi-esm1-2-hr","ssp585",NA,0,-1.11069553920199
"10",845,"Beijing","mpi-esm1-2-hr","ssp585",NA,0.00190930832104641,1.4775340488979
"11",846,"Beijing","mpi-esm1-2-hr","ssp585",NA,0.356190508994457,3.7850907461984
"12",847,"Beijing","mpi-esm1-2-hr","ssp585",NA,0.016179047510637,5.31795381818501
"13",848,"Beijing","mpi-esm1-2-hr","ssp585",NA,0.562277529693996,4.43159201485772
"14",849,"Beijing","mpi-esm1-2-hr","ssp585",NA,0.801521884497042,5.79758714948384
"15",850,"Beijing","mpi-esm1-2-hr","ssp585",NA,0.0294100021099959,7.62959769112725
"16",851,"Beijing","mpi-esm1-2-hr","ssp585",NA,0.0124262292761809,14.6488439287459
"17",852,"Beijing","mpi-esm1-2-hr","ssp585",NA,2.86117603070254,13.6565283639091
"18",853,"Beijing","mpi-esm1-2-hr","ssp585",NA,3.04332811814935,15.758944266183
"19",854,"Beijing","mpi-esm1-2-hr","ssp585",NA,6.98212362043315,13.4654692513602
"20",855,"Beijing","mpi-esm1-2-hr","ssp585",NA,0.502292847457804,15.108120400565
"21",856,"Beijing","mpi-esm1-2-hr","ssp585",NA,1.144142900921,18.8650865827288
"22",857,"Beijing","mpi-esm1-2-hr","ssp585",NA,0.133963871628241,20.384958430699
"23",858,"Beijing","mpi-esm1-2-hr","ssp585",3.74,0.221544051854445,19.7364969526019
"24",859,"Beijing","mpi-esm1-2-hr","ssp585",3.74,5.9682112597784,18.6518842424665
"25",860,"Beijing","mpi-esm1-2-hr","ssp585",3.74,0.895641334877187,22.5835417611259
"26",861,"Beijing","mpi-esm1-2-hr","ssp585",3.74,6.94817387268683,22.2260517665318
"27",862,"Beijing","mpi-esm1-2-hr","ssp585",3.66714285714286,1.28773075069668,24.2447928292411
"28",863,"Beijing","mpi-esm1-2-hr","ssp585",3.57,13.9916173139552,24.3084383283343
"29",864,"Beijing","mpi-esm1-2-hr","ssp585",3.57,1.05703155259107,25.7524614606585
"30",865,"Beijing","mpi-esm1-2-hr","ssp585",3.57,12.1202159956478,23.1682858058385
"31",866,"Beijing","mpi-esm1-2-hr","ssp585",3.57,0.850014317269856,23.6660923549107
"32",867,"Beijing","mpi-esm1-2-hr","ssp585",4.87,6.52818402242182,23.6319617135184
"33",868,"Beijing","mpi-esm1-2-hr","ssp585",4.87,0.604834697307004,24.1978219168527
"34",869,"Beijing","mpi-esm1-2-hr","ssp585",4.87,2.18332739423204,22.9937753949847
"35",870,"Beijing","mpi-esm1-2-hr","ssp585",4.87,3.38910604457071,20.7541404724121
"36",871,"Beijing","mpi-esm1-2-hr","ssp585",5.44142857142857,0,21.2911713736398
"37",872,"Beijing","mpi-esm1-2-hr","ssp585",5.87,0.966756807526638,20.8263374328613
"38",873,"Beijing","mpi-esm1-2-hr","ssp585",5.87,0,18.3600811549596
"39",874,"Beijing","mpi-esm1-2-hr","ssp585",5.87,0,19.0506601606097
"40",875,"Beijing","mpi-esm1-2-hr","ssp585",5.87,0.0977167505750133,18.1500003269741
"41",876,"Beijing","mpi-esm1-2-hr","ssp585",NA,8.9126620060467,15.2299716404506
"42",877,"Beijing","mpi-esm1-2-hr","ssp585",NA,1.24120762110838,9.46771937779021
"43",878,"Beijing","mpi-esm1-2-hr","ssp585",NA,0,8.78370982578824
"44",879,"Beijing","mpi-esm1-2-hr","ssp585",NA,0.700862346762474,8.09080113002234
"45",880,"Beijing","mpi-esm1-2-hr","ssp585",NA,0.0066545426047274,5.16361389160159
"46",881,"Beijing","mpi-esm1-2-hr","ssp585",NA,0.217535628605349,4.02170824323384
"47",882,"Beijing","mpi-esm1-2-hr","ssp585",NA,0.274587176961307,-3.08116433279852
"48",883,"Beijing","mpi-esm1-2-hr","ssp585",NA,0.0101807788074179,-5.14909700666153
"49",884,"Beijing","mpi-esm1-2-hr","ssp585",NA,0.068663170655522,-5.10917837960377
"50",885,"Beijing","mpi-esm1-2-hr","ssp585",NA,0.125305955121543,-8.16585715157643
"51",886,"Beijing","mpi-esm1-2-hr","ssp585",NA,0.146641666749149,-7.02166867937358
"52",887,"Beijing","mpi-esm1-2-hr","ssp585",NA,0.710830611348813,-6.24159142630439
"53",888,"Beijing","mpi-esm1-2-hr","ssp585",NA,0.117925886531468,-5.67448490687777
"54",889,"Beijing","mpi-esm1-2-hr","ssp585",NA,0.18064686415268,-4.63494992937358
"55",890,"Beijing","mpi-esm1-2-hr","ssp585",NA,0,-7.75622787475584
"56",891,"Beijing","mpi-esm1-2-hr","ssp585",NA,0.00647093858268427,-3.19196166992185
"57",892,"Beijing","mpi-esm1-2-hr","ssp585",NA,0,-1.35694623674663
"58",893,"Beijing","mpi-esm1-2-hr","ssp585",NA,0.249833632993354,-1.23375876290455
"59",894,"Beijing","mpi-esm1-2-hr","ssp585",NA,0.00502620110377652,-2.28788059779574
"60",895,"Beijing","mpi-esm1-2-hr","ssp585",NA,0.671918729156979,-1.21839643205913
"61",896,"Beijing","mpi-esm1-2-hr","ssp585",NA,0.00234102223138117,-2.15194004603792
"62",897,"Beijing","mpi-esm1-2-hr","ssp585",NA,0.00504396587400281,2.59203872680666
"63",898,"Beijing","mpi-esm1-2-hr","ssp585",NA,0.0380238069802934,1.54011742728099
"64",899,"Beijing","mpi-esm1-2-hr","ssp585",NA,0.456232571696091,4.674152810233
"65",900,"Beijing","mpi-esm1-2-hr","ssp585",NA,0.0532505922949765,3.79410760062084
"66",901,"Beijing","mpi-esm1-2-hr","ssp585",NA,0,4.67880183628629
"67",902,"Beijing","mpi-esm1-2-hr","ssp585",NA,0.0151982338138624,10.2497884477888
"68",903,"Beijing","mpi-esm1-2-hr","ssp585",NA,0.00429458251086804,14.8431635175433
"69",904,"Beijing","mpi-esm1-2-hr","ssp585",NA,3.91158753500349,10.4142329624721
"70",905,"Beijing","mpi-esm1-2-hr","ssp585",NA,0.237814009804944,13.5393555777414
"71",906,"Beijing","mpi-esm1-2-hr","ssp585",NA,0.219438176912133,17.7211188180106
"72",907,"Beijing","mpi-esm1-2-hr","ssp585",NA,2.5120925030868,21.403334917341
"73",908,"Beijing","mpi-esm1-2-hr","ssp585",NA,1.26328881005975,18.5887678963798
"74",909,"Beijing","mpi-esm1-2-hr","ssp585",NA,1.69018162871778,18.2113602774484
"75",910,"Beijing","mpi-esm1-2-hr","ssp585",2.34,0.792565061874484,20.0261087690081
"76",911,"Beijing","mpi-esm1-2-hr","ssp585",2.34,4.55889837710077,20.4745607648577
"77",912,"Beijing","mpi-esm1-2-hr","ssp585",2.34,1.04005436366736,23.2796847752163
"78",913,"Beijing","mpi-esm1-2-hr","ssp585",2.34,2.10022630947476,24.1404172624861
"79",914,"Beijing","mpi-esm1-2-hr","ssp585",3.8,9.10635470880672,23.1968529837472
"80",915,"Beijing","mpi-esm1-2-hr","ssp585",7.45,3.47753098294561,24.4089087350028
"81",916,"Beijing","mpi-esm1-2-hr","ssp585",7.45,12.2514570875345,23.3167009626116
"82",917,"Beijing","mpi-esm1-2-hr","ssp585",7.45,11.8829057524895,22.9465745108469
"83",918,"Beijing","mpi-esm1-2-hr","ssp585",7.45,3.6070713580297,26.4332579476493
"84",919,"Beijing","mpi-esm1-2-hr","ssp585",10.2871428571429,11.3210074778376,24.6475736345564
"85",920,"Beijing","mpi-esm1-2-hr","ssp585",10.76,3.7224877018746,23.2268844604492
"86",921,"Beijing","mpi-esm1-2-hr","ssp585",10.76,0.142671672620054,22.1355055672782
"87",922,"Beijing","mpi-esm1-2-hr","ssp585",10.76,0.00853682946139347,24.3818091256278
"88",923,"Beijing","mpi-esm1-2-hr","ssp585",7.73,2.35664247338069,22.0708366394043
"89",924,"Beijing","mpi-esm1-2-hr","ssp585",3.69,1.65091499276449,21.0137992858887
"90",925,"Beijing","mpi-esm1-2-hr","ssp585",3.69,0,21.1404025486538
"91",926,"Beijing","mpi-esm1-2-hr","ssp585",3.69,0.203527199924533,21.1509687151228
"92",927,"Beijing","mpi-esm1-2-hr","ssp585",3.69,1.0716125662319,18.2491731916155
"93",928,"Beijing","mpi-esm1-2-hr","ssp585",NA,0.0280259635603995,15.0413762773787
"94",929,"Beijing","mpi-esm1-2-hr","ssp585",NA,0.0151093969829422,14.9658251081194
"95",930,"Beijing","mpi-esm1-2-hr","ssp585",NA,3.84712812447106,13.0246629987444
"96",931,"Beijing","mpi-esm1-2-hr","ssp585",NA,0.0252914288661746,4.57160066877095
"97",932,"Beijing","mpi-esm1-2-hr","ssp585",NA,0.0295791950585615,5.65326352800644
"98",933,"Beijing","mpi-esm1-2-hr","ssp585",NA,0.00247729668184807,7.32770036969868
"99",934,"Beijing","mpi-esm1-2-hr","ssp585",NA,0.0078685390820153,4.44208243233819
"100",935,"Beijing","mpi-esm1-2-hr","ssp585",NA,0,0.544811684744722
"101",936,"Beijing","mpi-esm1-2-hr","ssp585",NA,0.00306470456052921,0.198360879080659
"102",937,"Beijing","mpi-esm1-2-hr","ssp585",NA,0.117470376809641,-4.10012937273296
"103",938,"Beijing","mpi-esm1-2-hr","ssp585",NA,0.0303462798716022,-6.6037784031459
"104",939,"Beijing","mpi-esm1-2-hr","ssp585",NA,0,-6.19895074026923
"105",940,"Beijing","mpi-esm1-2-hr","ssp585",NA,0.00192707940576449,-2.8281425476074
"106",941,"Beijing","mpi-esm1-2-hr","ssp585",NA,0,-3.0063526698521
"107",942,"Beijing","mpi-esm1-2-hr","ssp585",NA,0.0198992950702502,-5.0032404218401
"108",943,"Beijing","mpi-esm1-2-hr","ssp585",NA,0.0023942595362314,-4.56444505964004
"109",944,"Beijing","mpi-esm1-2-hr","ssp585",NA,0.0319742844242553,-4.45561392647877
"110",945,"Beijing","mpi-esm1-2-hr","ssp585",NA,0.00223589699349499,-0.75933194841655
"111",946,"Beijing","mpi-esm1-2-hr","ssp585",NA,0.0219072678516698,-3.97213538033619
"112",947,"Beijing","mpi-esm1-2-hr","ssp585",NA,0.00472517717753363,-4.34743565150667
"113",948,"Beijing","mpi-esm1-2-hr","ssp585",NA,0.00548909825478664,-2.29684786115372
"114",949,"Beijing","mpi-esm1-2-hr","ssp585",NA,0.00957647983861015,-2.81954694475444
"115",950,"Beijing","mpi-esm1-2-hr","ssp585",NA,1.36204503157517,0.590043640136742
"116",951,"Beijing","mpi-esm1-2-hr","ssp585",NA,0.573399671007532,-0.349242183140324
"117",952,"Beijing","mpi-esm1-2-hr","ssp585",NA,0.0157946880790405,2.32716140747072
"118",953,"Beijing","mpi-esm1-2-hr","ssp585",NA,1.21393004462464,7.26375459943501
"119",954,"Beijing","mpi-esm1-2-hr","ssp585",NA,0.153196655953382,8.43016913277764
"120",955,"Beijing","mpi-esm1-2-hr","ssp585",NA,0,9.90482482910158
"121",956,"Beijing","mpi-esm1-2-hr","ssp585",NA,0.00368552750192716,17.7057537623814
"122",957,"Beijing","mpi-esm1-2-hr","ssp585",NA,0.0126747827575205,15.4917650495257
"123",958,"Beijing","mpi-esm1-2-hr","ssp585",NA,4.12329456547533,17.0573756626675
"124",959,"Beijing","mpi-esm1-2-hr","ssp585",NA,3.20834227444331,16.188686806815
"125",960,"Beijing","mpi-esm1-2-hr","ssp585",NA,0.61308426229516,16.7644815717425
"126",961,"Beijing","mpi-esm1-2-hr","ssp585",NA,0.32293812705575,22.6777991158622
"127",962,"Beijing","mpi-esm1-2-hr","ssp585",1.27,0.39724594926156,22.7673453194755
"128",963,"Beijing","mpi-esm1-2-hr","ssp585",1.27,1.1760119315373,22.895597076416
"129",964,"Beijing","mpi-esm1-2-hr","ssp585",1.27,3.64456749678408,21.2252386910575
"130",965,"Beijing","mpi-esm1-2-hr","ssp585",1.27,1.33880878754228,25.4842560904367
"131",966,"Beijing","mpi-esm1-2-hr","ssp585",1.65857142857143,1.26096352897938,24.5716235569545
"132",967,"Beijing","mpi-esm1-2-hr","ssp585",3.99,1.68431823931314,24.6676454816546
"133",968,"Beijing","mpi-esm1-2-hr","ssp585",3.99,0.907602831765482,25.606519317627
"134",969,"Beijing","mpi-esm1-2-hr","ssp585",3.99,6.18046693135901,25.2695202418736
"135",970,"Beijing","mpi-esm1-2-hr","ssp585",3.99,4.85183701021015,26.3542986188616
"136",971,"Beijing","mpi-esm1-2-hr","ssp585",7.36142857142857,13.6621253546504,24.0144499642509
"137",972,"Beijing","mpi-esm1-2-hr","ssp585",8.71,9.11920778176604,23.4186705453055
"138",973,"Beijing","mpi-esm1-2-hr","ssp585",8.71,2.69953179712112,22.9369745526995
"139",974,"Beijing","mpi-esm1-2-hr","ssp585",8.71,0.106914629096926,23.1076964242118
"140",975,"Beijing","mpi-esm1-2-hr","ssp585",7.61,4.21284848534274,22.0469282967704
"141",976,"Beijing","mpi-esm1-2-hr","ssp585",4.86,6.48885367535123,19.9811046055385
"142",977,"Beijing","mpi-esm1-2-hr","ssp585",4.86,0.18685273808582,17.7718444824219
"143",978,"Beijing","mpi-esm1-2-hr","ssp585",4.86,0.96163252605298,18.3563798086984
"144",979,"Beijing","mpi-esm1-2-hr","ssp585",4.86,6.01739608183769,16.995382472447
"145",980,"Beijing","mpi-esm1-2-hr","ssp585",NA,0,12.6261159624372
"146",981,"Beijing","mpi-esm1-2-hr","ssp585",NA,0.669779241999484,15.0589658464705
"147",982,"Beijing","mpi-esm1-2-hr","ssp585",NA,0.00425576382180485,11.3649754115514
"148",983,"Beijing","mpi-esm1-2-hr","ssp585",NA,0.116445705459358,8.85168391636441
"149",984,"Beijing","mpi-esm1-2-hr","ssp585",NA,0.0126465652231543,8.22031555175783
"150",985,"Beijing","mpi-esm1-2-hr","ssp585",NA,0.00197003356074025,7.5531664167132
"151",986,"Beijing","mpi-esm1-2-hr","ssp585",NA,0.0127404545245164,4.89513604300365
"152",987,"Beijing","mpi-esm1-2-hr","ssp585",NA,0.00553836918178214,0.5398869105748
"153",988,"Beijing","mpi-esm1-2-hr","ssp585",NA,0.0309739471958892,0.23318797520231
"154",989,"Beijing","mpi-esm1-2-hr","ssp585",NA,2.83867934503438,-3.69708371843608
"155",990,"Beijing","mpi-esm1-2-hr","ssp585",NA,0.00207994711282871,-8.54876392909456
"156",991,"Beijing","mpi-esm1-2-hr","ssp585",NA,0.674934083333158,-4.21090872628346
"157",992,"Beijing","mpi-esm1-2-hr","ssp585",NA,0,-8.42381733485629
"158",993,"Beijing","mpi-esm1-2-hr","ssp585",NA,0.00178976920324203,-6.86540887015204
"159",994,"Beijing","mpi-esm1-2-hr","ssp585",NA,0.389589506591749,-6.8415097917829
"160",995,"Beijing","mpi-esm1-2-hr","ssp585",NA,0.469693472898923,-10.2646872384207
"161",996,"Beijing","mpi-esm1-2-hr","ssp585",NA,0.0575202258979906,-11.4553052084786
"162",997,"Beijing","mpi-esm1-2-hr","ssp585",NA,0.00395683858706824,-8.12730255126951
"163",998,"Beijing","mpi-esm1-2-hr","ssp585",NA,0,-8.23443641662596
"164",999,"Beijing","mpi-esm1-2-hr","ssp585",NA,0.391531007595144,-3.79915193830215
"165",1000,"Beijing","mpi-esm1-2-hr","ssp585",NA,0.0234878933692276,-5.9858584812709
"166",1001,"Beijing","mpi-esm1-2-hr","ssp585",NA,0,-5.90188991001672
"167",1002,"Beijing","mpi-esm1-2-hr","ssp585",NA,0.477532742732884,-1.53812255859373
"168",1003,"Beijing","mpi-esm1-2-hr","ssp585",NA,0.0693438067433558,-3.54438683646064
"169",1004,"Beijing","mpi-esm1-2-hr","ssp585",NA,0.0020770998032406,3.12796173095705
"170",1005,"Beijing","mpi-esm1-2-hr","ssp585",NA,0.109639935863015,10.9241931370327
"171",1006,"Beijing","mpi-esm1-2-hr","ssp585",NA,0.304123293504485,12.0269556318011
"172",1007,"Beijing","mpi-esm1-2-hr","ssp585",NA,0.0134451761888548,9.75243530273439
"173",1008,"Beijing","mpi-esm1-2-hr","ssp585",NA,0.00835954940287463,13.1850939069476
"174",1009,"Beijing","mpi-esm1-2-hr","ssp585",NA,0.672322446189355,15.7029472351074
"175",1010,"Beijing","mpi-esm1-2-hr","ssp585",NA,0.488863034427465,18.0836927141462
"176",1011,"Beijing","mpi-esm1-2-hr","ssp585",NA,3.46532639250654,14.34687903268
"177",1012,"Beijing","mpi-esm1-2-hr","ssp585",NA,1.91416710550324,18.7030976431711
"178",1013,"Beijing","mpi-esm1-2-hr","ssp585",NA,0.593027080023084,18.9780746459961
"179",1014,"Beijing","mpi-esm1-2-hr","ssp585",1.06,0.0830742949996679,22.2285623822894
"180",1015,"Beijing","mpi-esm1-2-hr","ssp585",1.06,1.30791051496999,21.5128521510533
"181",1016,"Beijing","mpi-esm1-2-hr","ssp585",1.06,1.06842506041695,18.4571526663644
"182",1017,"Beijing","mpi-esm1-2-hr","ssp585",1.06,2.94332251304305,22.9704338073731
"183",1018,"Beijing","mpi-esm1-2-hr","ssp585",1.06,2.44244371445867,24.7379770551409
"184",1019,"Beijing","mpi-esm1-2-hr","ssp585",3.05,3.94245579549793,24.6619485037668
"185",1020,"Beijing","mpi-esm1-2-hr","ssp585",3.05,1.84962579495992,26.8978412083217
"186",1021,"Beijing","mpi-esm1-2-hr","ssp585",3.05,7.35755039233611,24.546893964495
"187",1022,"Beijing","mpi-esm1-2-hr","ssp585",3.05,2.05392730470391,25.4728784833636
"188",1023,"Beijing","mpi-esm1-2-hr","ssp585",6.62142857142857,2.5816082736128,25.4527641296387
"189",1024,"Beijing","mpi-esm1-2-hr","ssp585",9.3,13.9385981572559,24.9250258309501
"190",1025,"Beijing","mpi-esm1-2-hr","ssp585",9.3,10.9021051593378,23.6830448695592
"191",1026,"Beijing","mpi-esm1-2-hr","ssp585",9.3,5.00544309465373,24.1424003601074
"192",1027,"Beijing","mpi-esm1-2-hr","ssp585",8.13714285714286,0.471292604613284,23.0854425702776
"193",1028,"Beijing","mpi-esm1-2-hr","ssp585",1.16,1.71612826416094,22.5024162292481
"194",1029,"Beijing","mpi-esm1-2-hr","ssp585",1.16,4.16868362707256,16.8050470624651
"195",1030,"Beijing","mpi-esm1-2-hr","ssp585",1.16,4.4363742092433,16.6760432652065
"196",1031,"Beijing","mpi-esm1-2-hr","ssp585",1.16,2.29542742960932,16.8962428501674
"197",1032,"Beijing","mpi-esm1-2-hr","ssp585",1.16,0.490470284648836,17.4782561165946
"198",1033,"Beijing","mpi-esm1-2-hr","ssp585",NA,0.0214225118595225,15.7033543178014
"199",1034,"Beijing","mpi-esm1-2-hr","ssp585",NA,0,13.8289521353586
"200",1035,"Beijing","mpi-esm1-2-hr","ssp585",NA,1.46224479748136,8.4967230660575
"201",1036,"Beijing","mpi-esm1-2-hr","ssp585",NA,0.113517577041681,6.09415206909182
"202",1037,"Beijing","mpi-esm1-2-hr","ssp585",NA,0.187748794113369,5.49016233171738
"203",1038,"Beijing","mpi-esm1-2-hr","ssp585",NA,0,4.90164609636582
"204",1039,"Beijing","mpi-esm1-2-hr","ssp585",NA,0.0543344448163095,5.16409617832731
"205",1040,"Beijing","mpi-esm1-2-hr","ssp585",NA,0,2.60471932547435
"206",1041,"Beijing","mpi-esm1-2-hr","ssp585",NA,0.0553966089877837,-1.24713091169083
"207",1042,"Beijing","mpi-esm1-2-hr","ssp585",NA,0.882401981652946,-3.74292330060684
"208",1043,"Beijing","mpi-esm1-2-hr","ssp585",NA,0.00189430368534106,-9.26428342546734
"209",1044,"Beijing","mpi-esm1-2-hr","ssp585",NA,0.00237369095624931,-8.62045680454798
"210",1045,"Beijing","mpi-esm1-2-hr","ssp585",NA,0.0293339470382697,-7.28740757533479
"211",1046,"Beijing","mpi-esm1-2-hr","ssp585",NA,0.166098978615992,-7.28176672799245
"212",1047,"Beijing","mpi-esm1-2-hr","ssp585",NA,0.137297986436481,-12.9035141536167
"213",1048,"Beijing","mpi-esm1-2-hr","ssp585",NA,0.0307081265613566,-5.41330893380299
"214",1049,"Beijing","mpi-esm1-2-hr","ssp585",NA,0.00753312064521846,-1.78584027971538
"215",1050,"Beijing","mpi-esm1-2-hr","ssp585",NA,0,-8.03890266418454
"216",1051,"Beijing","mpi-esm1-2-hr","ssp585",NA,0,-2.67775301252091
"217",1052,"Beijing","mpi-esm1-2-hr","ssp585",NA,0.0293451177250452,0.15195508684433
"218",1053,"Beijing","mpi-esm1-2-hr","ssp585",NA,0.13118423427321,-0.819928414481004
"219",1054,"Beijing","mpi-esm1-2-hr","ssp585",NA,0.869672407173182,0.306648690359955
"220",1055,"Beijing","mpi-esm1-2-hr","ssp585",NA,0.187879563028608,3.22470681326732
"221",1056,"Beijing","mpi-esm1-2-hr","ssp585",NA,0,4.97256077357703
"222",1057,"Beijing","mpi-esm1-2-hr","ssp585",NA,0.975129050461225,3.15229840959824
"223",1058,"Beijing","mpi-esm1-2-hr","ssp585",NA,0.00636066194731809,7.69036145891465
"224",1059,"Beijing","mpi-esm1-2-hr","ssp585",NA,0.863174309259713,13.1272238595145
"225",1060,"Beijing","mpi-esm1-2-hr","ssp585",NA,0.715027661271961,10.8793072291783
"226",1061,"Beijing","mpi-esm1-2-hr","ssp585",NA,0.613942669919457,13.2855119977679
"227",1062,"Beijing","mpi-esm1-2-hr","ssp585",NA,0.00381336473895188,20.2255504063198
"228",1063,"Beijing","mpi-esm1-2-hr","ssp585",NA,2.96942144683661,14.4938909258162
"229",1064,"Beijing","mpi-esm1-2-hr","ssp585",NA,0.837593111171893,16.8866924830846
"230",1065,"Beijing","mpi-esm1-2-hr","ssp585",NA,1.51757196021468,18.0243556431362
"231",1066,"Beijing","mpi-esm1-2-hr","ssp585",NA,0.60707979714607,22.7795490809849
"232",1067,"Beijing","mpi-esm1-2-hr","ssp585",NA,0.117050767429256,25.479154750279
"233",1068,"Beijing","mpi-esm1-2-hr","ssp585",NA,4.70030323550158,22.5134243556432
"234",1069,"Beijing","mpi-esm1-2-hr","ssp585",NA,1.24708360073263,23.169705418178
"235",1070,"Beijing","mpi-esm1-2-hr","ssp585",NA,2.969840795218,23.3075020926339
"236",1071,"Beijing","mpi-esm1-2-hr","ssp585",NA,1.63684549189774,24.079791368757
"237",1072,"Beijing","mpi-esm1-2-hr","ssp585",NA,13.5218562360023,23.3548958914621
"238",1073,"Beijing","mpi-esm1-2-hr","ssp585",NA,2.36905301781007,24.7059390476772
"239",1074,"Beijing","mpi-esm1-2-hr","ssp585",NA,3.29989970993795,23.8934052603585
"240",1075,"Beijing","mpi-esm1-2-hr","ssp585",NA,1.23089935165938,26.8164906093053
"241",1076,"Beijing","mpi-esm1-2-hr","ssp585",NA,0.11614675952712,27.4903999328613
"242",1077,"Beijing","mpi-esm1-2-hr","ssp585",NA,2.93495404056168,26.44619140625
"243",1078,"Beijing","mpi-esm1-2-hr","ssp585",NA,0.918377441692948,24.0976125444685
"244",1079,"Beijing","mpi-esm1-2-hr","ssp585",NA,1.69776859671791,21.7482810974121
"245",1080,"Beijing","mpi-esm1-2-hr","ssp585",NA,1.9127368194404,20.9614627293178
"246",1081,"Beijing","mpi-esm1-2-hr","ssp585",NA,0.188093054943498,19.6050975254604
"247",1082,"Beijing","mpi-esm1-2-hr","ssp585",NA,0.0462713476476243,20.5544486999512
"248",1083,"Beijing","mpi-esm1-2-hr","ssp585",NA,0.220327873720245,20.0035464695522
"249",1084,"Beijing","mpi-esm1-2-hr","ssp585",NA,0.0120852711006592,15.7395530700684
"250",1085,"Beijing","mpi-esm1-2-hr","ssp585",NA,3.84909322448428,13.0213469369071
"251",1086,"Beijing","mpi-esm1-2-hr","ssp585",NA,0.0137961551120367,8.27452784946988
"252",1087,"Beijing","mpi-esm1-2-hr","ssp585",NA,0.747358207393388,10.3103113446917
"253",1088,"Beijing","mpi-esm1-2-hr","ssp585",NA,1.91166052852298,10.0515669686454
"254",1089,"Beijing","mpi-esm1-2-hr","ssp585",NA,0.0690960722165203,8.44330804007396
"255",1090,"Beijing","mpi-esm1-2-hr","ssp585",NA,0.697047364987416,1.97740707397463
"256",1091,"Beijing","mpi-esm1-2-hr","ssp585",NA,0,3.50801021030973
"257",1092,"Beijing","mpi-esm1-2-hr","ssp585",NA,0.0700499377671804,-0.859451402936642
"258",1093,"Beijing","mpi-esm1-2-hr","ssp585",NA,0,-4.16699393136158
"259",1094,"Beijing","mpi-esm1-2-hr","ssp585",NA,0.00410006950265338,-3.84108690534317
"260",1095,"Beijing","mpi-esm1-2-hr","ssp585",NA,0.00209681399740345,-4.05272358485628
"261",1096,"Beijing","mpi-esm1-2-hr","ssp585",NA,0.00248710817426659,-5.98322252546036
"262",1097,"Beijing","mpi-esm1-2-hr","ssp585",NA,0.6184504268666,-5.10543561662944
"263",1098,"Beijing","mpi-esm1-2-hr","ssp585",NA,0.00398681716303275,-6.5762635367257
"264",1099,"Beijing","mpi-esm1-2-hr","ssp585",NA,0.0930597395641338,-4.07965916224886
"265",1100,"Beijing","mpi-esm1-2-hr","ssp585",NA,0.00483739955338284,-3.18937421526225
"266",1101,"Beijing","mpi-esm1-2-hr","ssp585",NA,0.0062755076929274,-3.69936872209819
"267",1102,"Beijing","mpi-esm1-2-hr","ssp585",NA,0.0030686167389961,-0.0835054670061167
"268",1103,"Beijing","mpi-esm1-2-hr","ssp585",NA,0,-0.880650765555222
"269",1104,"Beijing","mpi-esm1-2-hr","ssp585",NA,0.00401756172193148,-0.320322418212868
"270",1105,"Beijing","mpi-esm1-2-hr","ssp585",NA,0.285819829072612,-2.2808408464704
"271",1106,"Beijing","mpi-esm1-2-hr","ssp585",NA,1.0150706161312,-1.73241489955355
"272",1107,"Beijing","mpi-esm1-2-hr","ssp585",NA,0.0264216529103578,0.873753574916317
"273",1108,"Beijing","mpi-esm1-2-hr","ssp585",NA,0.309154122779936,3.00156718662809
"274",1109,"Beijing","mpi-esm1-2-hr","ssp585",NA,0.0021434512551163,5.70104152134489
"275",1110,"Beijing","mpi-esm1-2-hr","ssp585",NA,1.63714713604739,10.4338835580009
"276",1111,"Beijing","mpi-esm1-2-hr","ssp585",NA,0.52703554611071,8.5854420253209
"277",1112,"Beijing","mpi-esm1-2-hr","ssp585",NA,0.00702367867363916,15.9623891557966
"278",1113,"Beijing","mpi-esm1-2-hr","ssp585",NA,1.76059924145063,14.477791268485
"279",1114,"Beijing","mpi-esm1-2-hr","ssp585",NA,0.327283468959649,12.3215200151716
"280",1115,"Beijing","mpi-esm1-2-hr","ssp585",NA,0,18.9090193612235
"281",1116,"Beijing","mpi-esm1-2-hr","ssp585",NA,0.0949809447385113,20.6198674883161
"282",1117,"Beijing","mpi-esm1-2-hr","ssp585",NA,0.16498784608692,23.9755967276437
"283",1118,"Beijing","mpi-esm1-2-hr","ssp585",NA,4.16573751568389,18.626859828404
"284",1119,"Beijing","mpi-esm1-2-hr","ssp585",NA,4.42298475037595,22.3350164140974
"285",1120,"Beijing","mpi-esm1-2-hr","ssp585",NA,5.37085037442791,24.0228760855539
"286",1121,"Beijing","mpi-esm1-2-hr","ssp585",NA,0.761488554001386,24.2403269086565
"287",1122,"Beijing","mpi-esm1-2-hr","ssp585",NA,0,28.0307512555804
"288",1123,"Beijing","mpi-esm1-2-hr","ssp585",NA,5.33584852798543,28.5140946524484
"289",1124,"Beijing","mpi-esm1-2-hr","ssp585",NA,5.20970154272098,25.5969749450684
"290",1125,"Beijing","mpi-esm1-2-hr","ssp585",NA,12.6006664922638,25.9457129342216
"291",1126,"Beijing","mpi-esm1-2-hr","ssp585",NA,18.5065019345399,24.2269514901298
"292",1127,"Beijing","mpi-esm1-2-hr","ssp585",NA,12.1374574397383,25.1699441092355
"293",1128,"Beijing","mpi-esm1-2-hr","ssp585",NA,18.7655501566561,19.1769691467285
"294",1129,"Beijing","mpi-esm1-2-hr","ssp585",NA,1.9275791155256,23.8539291381836
"295",1130,"Beijing","mpi-esm1-2-hr","ssp585",NA,16.0136910845072,23.5674317496164
"296",1131,"Beijing","mpi-esm1-2-hr","ssp585",NA,1.45911316860423,19.1156593322754
"297",1132,"Beijing","mpi-esm1-2-hr","ssp585",NA,0.615549663877703,21.432699911935
"298",1133,"Beijing","mpi-esm1-2-hr","ssp585",NA,0,21.6732699802944
"299",1134,"Beijing","mpi-esm1-2-hr","ssp585",NA,3.15742653126238,18.0759690420968
"300",1135,"Beijing","mpi-esm1-2-hr","ssp585",NA,8.35611717173897,17.6224473135812
"301",1136,"Beijing","mpi-esm1-2-hr","ssp585",NA,3.56773623071344,12.3274872916086
"302",1137,"Beijing","mpi-esm1-2-hr","ssp585",NA,2.1633916247278,12.6118206569127
"303",1138,"Beijing","mpi-esm1-2-hr","ssp585",NA,1.14943407283395,10.3652418954032
"304",1139,"Beijing","mpi-esm1-2-hr","ssp585",NA,0.350814119506789,10.3348240443639
"305",1140,"Beijing","mpi-esm1-2-hr","ssp585",NA,0.00207477607026314,9.72425613403323
"306",1141,"Beijing","mpi-esm1-2-hr","ssp585",NA,0,0.611645180838471
"307",1142,"Beijing","mpi-esm1-2-hr","ssp585",NA,0.506757725322261,6.90066190447128
"308",1143,"Beijing","mpi-esm1-2-hr","ssp585",NA,0.262227837798231,4.18160890851704
"309",1144,"Beijing","mpi-esm1-2-hr","ssp585",NA,0.0797617859266861,2.88499494280136
"310",1145,"Beijing","mpi-esm1-2-hr","ssp585",NA,0.494750552206824,-2.0045842851911
"311",1146,"Beijing","mpi-esm1-2-hr","ssp585",NA,0.0829580015306419,-6.15729588099886
"312",1147,"Beijing","mpi-esm1-2-hr","ssp585",NA,0.0177826269074493,-1.97981872558591
"313",1148,"Beijing","mpi-esm1-2-hr","ssp585",NA,0.0432317537160998,-0.445113154820011
"314",1149,"Beijing","mpi-esm1-2-hr","ssp585",NA,0.00434141060655488,-8.21718880789619
"315",1150,"Beijing","mpi-esm1-2-hr","ssp585",NA,0.00249193981289864,-7.42417755126951
"316",1151,"Beijing","mpi-esm1-2-hr","ssp585",NA,0.00207414304246152,-6.96705638340539
"317",1152,"Beijing","mpi-esm1-2-hr","ssp585",NA,0.068820181546211,-6.07200088500974
"318",1153,"Beijing","mpi-esm1-2-hr","ssp585",NA,0.31149459968479,-7.46974737984791
"319",1154,"Beijing","mpi-esm1-2-hr","ssp585",NA,0.185665599597736,-4.32754255022319
"320",1155,"Beijing","mpi-esm1-2-hr","ssp585",NA,0.37679089156362,-6.28678850446426
"321",1156,"Beijing","mpi-esm1-2-hr","ssp585",NA,0,2.49382607596263
"322",1157,"Beijing","mpi-esm1-2-hr","ssp585",NA,0.24003761107971,0.292711421421618
"323",1158,"Beijing","mpi-esm1-2-hr","ssp585",NA,0.0523179757107885,-0.810418374197801
"324",1159,"Beijing","mpi-esm1-2-hr","ssp585",NA,0.0281030566644144,1.73736779349193
"325",1160,"Beijing","mpi-esm1-2-hr","ssp585",NA,0.324360294786987,0.175852530343216
"326",1161,"Beijing","mpi-esm1-2-hr","ssp585",NA,0.413990373038229,0.941159820556663
"327",1162,"Beijing","mpi-esm1-2-hr","ssp585",NA,0.554496750646649,4.62897480555945
"328",1163,"Beijing","mpi-esm1-2-hr","ssp585",NA,1.06467857228511,10.0183545793806
"329",1164,"Beijing","mpi-esm1-2-hr","ssp585",NA,0.506236407194852,10.8043380737305
"330",1165,"Beijing","mpi-esm1-2-hr","ssp585",NA,0,16.3333183288574
"331",1166,"Beijing","mpi-esm1-2-hr","ssp585",NA,0.066913364818382,14.6739795139858
"332",1167,"Beijing","mpi-esm1-2-hr","ssp585",NA,1.18512861621899,17.4485886710031
"333",1168,"Beijing","mpi-esm1-2-hr","ssp585",NA,0.0228582774980168,17.3917213439942
"334",1169,"Beijing","mpi-esm1-2-hr","ssp585",NA,0.434802477710556,17.7162534441267
"335",1170,"Beijing","mpi-esm1-2-hr","ssp585",NA,1.64685558490549,19.5223425728934
"336",1171,"Beijing","mpi-esm1-2-hr","ssp585",NA,1.75578723229332,19.5118270874024
"337",1172,"Beijing","mpi-esm1-2-hr","ssp585",NA,0.595737632979113,24.5836218697685
"338",1173,"Beijing","mpi-esm1-2-hr","ssp585",NA,2.60704766312431,24.0502716064453
"339",1174,"Beijing","mpi-esm1-2-hr","ssp585",NA,1.60577051195625,25.7114256722586
"340",1175,"Beijing","mpi-esm1-2-hr","ssp585",NA,1.87930311915027,25.9197141374861
"341",1176,"Beijing","mpi-esm1-2-hr","ssp585",NA,1.29108261887398,27.1743658883231
"342",1177,"Beijing","mpi-esm1-2-hr","ssp585",NA,7.10349450687967,26.9967159816197
"343",1178,"Beijing","mpi-esm1-2-hr","ssp585",NA,0.0568043654701407,29.0025246756418
"344",1179,"Beijing","mpi-esm1-2-hr","ssp585",NA,1.15708601976102,28.7706085205078
"345",1180,"Beijing","mpi-esm1-2-hr","ssp585",NA,9.39099253202065,27.1079705374582
"346",1181,"Beijing","mpi-esm1-2-hr","ssp585",NA,5.87968644175427,23.3886472429548
"347",1182,"Beijing","mpi-esm1-2-hr","ssp585",NA,0,23.8907731192453
"348",1183,"Beijing","mpi-esm1-2-hr","ssp585",NA,7.86644981383559,24.9510731288365
"349",1184,"Beijing","mpi-esm1-2-hr","ssp585",NA,0.664532195755133,21.7002175467355
"350",1185,"Beijing","mpi-esm1-2-hr","ssp585",NA,9.62025048789396,19.6858464922224
"351",1186,"Beijing","mpi-esm1-2-hr","ssp585",NA,0.127729408658134,19.736894771031
"352",1187,"Beijing","mpi-esm1-2-hr","ssp585",NA,0.870230289014475,18.8161134992327
"353",1188,"Beijing","mpi-esm1-2-hr","ssp585",NA,0,18.0076608930315
"354",1189,"Beijing","mpi-esm1-2-hr","ssp585",NA,3.88343279439921,17.852205984933
"355",1190,"Beijing","mpi-esm1-2-hr","ssp585",NA,0.915630736342012,12.9650147574289
"356",1191,"Beijing","mpi-esm1-2-hr","ssp585",NA,1.71502149792754,6.41599426269534
"357",1192,"Beijing","mpi-esm1-2-hr","ssp585",NA,0.23775136583676,8.28676757812502
"358",1193,"Beijing","mpi-esm1-2-hr","ssp585",NA,0.0123938969734029,5.37857480730332
"359",1194,"Beijing","mpi-esm1-2-hr","ssp585",NA,0.0106138129727437,6.9635313851493
"360",1195,"Beijing","mpi-esm1-2-hr","ssp585",NA,2.6037423759005,4.88339222499305
"361",1196,"Beijing","mpi-esm1-2-hr","ssp585",NA,0.994492007157533,-4.07317962646482
"362",1197,"Beijing","mpi-esm1-2-hr","ssp585",NA,0.00206644550157112,0.786296190534341
"363",1198,"Beijing","mpi-esm1-2-hr","ssp585",NA,0.00817096096657874,0.673632921491372
"364",1199,"Beijing","mpi-esm1-2-hr","ssp585",NA,0.00189855982820778,-1.59623674665176
"365",1200,"Beijing","mpi-esm1-2-hr","ssp585",NA,0.0694514939108817,-4.76976514543803
"366",1201,"Beijing","mpi-esm1-2-hr","ssp585",NA,0,-4.22189559936521
"367",1202,"Beijing","mpi-esm1-2-hr","ssp585",NA,0,-0.935503387451149
"368",1203,"Beijing","mpi-esm1-2-hr","ssp585",NA,0.00330052907884238,-1.72022694178988
"369",1204,"Beijing","mpi-esm1-2-hr","ssp585",NA,0.0381497288214762,-4.88043605259484
"370",1205,"Beijing","mpi-esm1-2-hr","ssp585",NA,0.00451811955437214,-2.66777158464702
"371",1206,"Beijing","mpi-esm1-2-hr","ssp585",NA,0.00683300557804094,-2.56107722691125
"372",1207,"Beijing","mpi-esm1-2-hr","ssp585",NA,0.0233429293010496,-5.49518160138809
"373",1208,"Beijing","mpi-esm1-2-hr","ssp585",NA,0.00503300531948169,-5.74387697492325
"374",1209,"Beijing","mpi-esm1-2-hr","ssp585",NA,0.00385923741695089,-5.01697551182336
"375",1210,"Beijing","mpi-esm1-2-hr","ssp585",NA,0.070375202676587,-2.23658054896761
"376",1211,"Beijing","mpi-esm1-2-hr","ssp585",NA,0.00426519609391107,4.61047352382117
"377",1212,"Beijing","mpi-esm1-2-hr","ssp585",NA,0,3.22626538957871
"378",1213,"Beijing","mpi-esm1-2-hr","ssp585",NA,0.132697808658122,6.85163541521347
"379",1214,"Beijing","mpi-esm1-2-hr","ssp585",NA,0.0296179193810531,13.0168761117118
"380",1215,"Beijing","mpi-esm1-2-hr","ssp585",NA,0.586547023665064,11.9006046840123
"381",1216,"Beijing","mpi-esm1-2-hr","ssp585",NA,1.52202951116383,9.11358359200616
"382",1217,"Beijing","mpi-esm1-2-hr","ssp585",NA,0.66300198443839,15.529067339216
"383",1218,"Beijing","mpi-esm1-2-hr","ssp585",NA,1.85970866757219,16.1221192496164
"384",1219,"Beijing","mpi-esm1-2-hr","ssp585",NA,0.682954904979331,13.8628386361259
"385",1220,"Beijing","mpi-esm1-2-hr","ssp585",NA,0.0804174741590812,19.9368862697057
"386",1221,"Beijing","mpi-esm1-2-hr","ssp585",NA,0,18.9050319126674
"387",1222,"Beijing","mpi-esm1-2-hr","ssp585",NA,0.317895096603544,21.0067399161203
"388",1223,"Beijing","mpi-esm1-2-hr","ssp585",NA,0.192164418064879,23.4684659685407
"389",1224,"Beijing","mpi-esm1-2-hr","ssp585",NA,6.3186343403491,23.0997275216239
"390",1225,"Beijing","mpi-esm1-2-hr","ssp585",NA,1.17967068296301,23.9155664716448
"391",1226,"Beijing","mpi-esm1-2-hr","ssp585",NA,13.7695547018276,24.3771475655692
"392",1227,"Beijing","mpi-esm1-2-hr","ssp585",NA,0.0246860252121093,26.5123262677874
"393",1228,"Beijing","mpi-esm1-2-hr","ssp585",NA,9.17107089902467,24.3351575578962
"394",1229,"Beijing","mpi-esm1-2-hr","ssp585",NA,1.39152594209528,24.3069206237793
"395",1230,"Beijing","mpi-esm1-2-hr","ssp585",NA,14.1481820791341,26.656931086949
"396",1231,"Beijing","mpi-esm1-2-hr","ssp585",NA,2.92262501727367,24.5035137721471
"397",1232,"Beijing","mpi-esm1-2-hr","ssp585",NA,2.76838877549121,25.229390171596
"398",1233,"Beijing","mpi-esm1-2-hr","ssp585",NA,2.0979570217995,26.8277025495257
"399",1234,"Beijing","mpi-esm1-2-hr","ssp585",NA,6.23541641977811,25.084194619315
"400",1235,"Beijing","mpi-esm1-2-hr","ssp585",NA,2.59638065652195,23.5922152927944
"401",1236,"Beijing","mpi-esm1-2-hr","ssp585",NA,5.67428116498507,20.8047407967704
"402",1237,"Beijing","mpi-esm1-2-hr","ssp585",NA,1.95900491214291,18.7572118486677
"403",1238,"Beijing","mpi-esm1-2-hr","ssp585",NA,0.191211765072044,19.549993133545
"404",1239,"Beijing","mpi-esm1-2-hr","ssp585",NA,0.54778761259513,21.0231164114816
"405",1240,"Beijing","mpi-esm1-2-hr","ssp585",NA,0.00336726062804311,16.7866182599749
"406",1241,"Beijing","mpi-esm1-2-hr","ssp585",NA,3.46579085933497,17.0451048714774
"407",1242,"Beijing","mpi-esm1-2-hr","ssp585",NA,0.0025613406380996,14.9517461504255
"408",1243,"Beijing","mpi-esm1-2-hr","ssp585",NA,0.602746218263357,10.891424887521
"409",1244,"Beijing","mpi-esm1-2-hr","ssp585",NA,1.10440083056866,7.08050580705917
"410",1245,"Beijing","mpi-esm1-2-hr","ssp585",NA,0.00189845914714429,4.11009314400811
"411",1246,"Beijing","mpi-esm1-2-hr","ssp585",NA,0.00208502291180984,1.63623362949919
"412",1247,"Beijing","mpi-esm1-2-hr","ssp585",NA,0.00988015514979321,3.22769808088032
"413",1248,"Beijing","mpi-esm1-2-hr","ssp585",NA,0.00216619745775201,3.22876401628769
"414",1249,"Beijing","mpi-esm1-2-hr","ssp585",NA,0.0696873407053187,-3.83924767630439
"415",1250,"Beijing","mpi-esm1-2-hr","ssp585",NA,0,-2.72819148472375
"416",1251,"Beijing","mpi-esm1-2-hr","ssp585",NA,0.0225383346527711,0.0657118661063288
"417",1252,"Beijing","mpi-esm1-2-hr","ssp585",NA,0,-4.55966960362023
"418",1253,"Beijing","mpi-esm1-2-hr","ssp585",NA,0,-4.51990519932336
"419",1254,"Beijing","mpi-esm1-2-hr","ssp585",NA,0,-6.43842054094585
"420",1255,"Beijing","mpi-esm1-2-hr","ssp585",NA,0,-1.84397735595701
"421",1256,"Beijing","mpi-esm1-2-hr","ssp585",NA,0.00227398197369309,-7.6427646092006
"422",1257,"Beijing","mpi-esm1-2-hr","ssp585",NA,0.374944369462225,1.36693671090265
"423",1258,"Beijing","mpi-esm1-2-hr","ssp585",NA,0,-2.31967609950472
"424",1259,"Beijing","mpi-esm1-2-hr","ssp585",NA,0.00394752558869576,-3.63326710292269
"425",1260,"Beijing","mpi-esm1-2-hr","ssp585",NA,1.89472416208706,3.19915433611191
"426",1261,"Beijing","mpi-esm1-2-hr","ssp585",NA,1.1988852257738,-0.604189845493838
"427",1262,"Beijing","mpi-esm1-2-hr","ssp585",NA,0.240274521164403,-4.01551393781387
"428",1263,"Beijing","mpi-esm1-2-hr","ssp585",NA,1.08715116290503,4.08374339512418
"429",1264,"Beijing","mpi-esm1-2-hr","ssp585",NA,0.560822846364317,0.975243050711519
"430",1265,"Beijing","mpi-esm1-2-hr","ssp585",NA,0.00390710810539271,5.41538227626258
"431",1266,"Beijing","mpi-esm1-2-hr","ssp585",NA,0.318266788112201,11.1901810782297
"432",1267,"Beijing","mpi-esm1-2-hr","ssp585",NA,0.0169140582134527,9.6738618033273
"433",1268,"Beijing","mpi-esm1-2-hr","ssp585",NA,0.131331100055831,13.3888407026019
"434",1269,"Beijing","mpi-esm1-2-hr","ssp585",NA,1.22439581310963,12.3341782706125
"435",1270,"Beijing","mpi-esm1-2-hr","ssp585",NA,0.449881052782075,13.4425167628697
"436",1271,"Beijing","mpi-esm1-2-hr","ssp585",NA,0.984399023114489,14.2241558619908
"437",1272,"Beijing","mpi-esm1-2-hr","ssp585",NA,3.08219743750929,15.6876388549805
"438",1273,"Beijing","mpi-esm1-2-hr","ssp585",NA,2.31910071768522,16.8354327610561
"439",1274,"Beijing","mpi-esm1-2-hr","ssp585",NA,2.59334527611048,18.3904597691128
"440",1275,"Beijing","mpi-esm1-2-hr","ssp585",NA,1.55662219099213,21.1341987609864
"441",1276,"Beijing","mpi-esm1-2-hr","ssp585",NA,2.1387827885649,22.1878622872489
"442",1277,"Beijing","mpi-esm1-2-hr","ssp585",NA,9.80683398569714,22.1546842302595
"443",1278,"Beijing","mpi-esm1-2-hr","ssp585",NA,5.90999816293853,22.7428631373814
"444",1279,"Beijing","mpi-esm1-2-hr","ssp585",NA,3.03700743272332,23.146562739781
"445",1280,"Beijing","mpi-esm1-2-hr","ssp585",NA,3.83866905937923,24.502902330671
"446",1281,"Beijing","mpi-esm1-2-hr","ssp585",NA,1.8189422380861,26.534313092913
"447",1282,"Beijing","mpi-esm1-2-hr","ssp585",NA,6.11738163948498,26.9740730285645
"448",1283,"Beijing","mpi-esm1-2-hr","ssp585",NA,9.40675172563975,24.6500297546387
"449",1284,"Beijing","mpi-esm1-2-hr","ssp585",NA,2.22328192425526,24.9853285653251
"450",1285,"Beijing","mpi-esm1-2-hr","ssp585",NA,5.23369618791289,25.752387891497
"451",1286,"Beijing","mpi-esm1-2-hr","ssp585",NA,6.07818309164421,23.2854433332171
"452",1287,"Beijing","mpi-esm1-2-hr","ssp585",NA,0.154859281987488,23.1964066641671
"453",1288,"Beijing","mpi-esm1-2-hr","ssp585",NA,1.51113941935494,22.7623796735491
"454",1289,"Beijing","mpi-esm1-2-hr","ssp585",NA,0.0626455657506345,23.8021729605539
"455",1290,"Beijing","mpi-esm1-2-hr","ssp585",NA,1.88163625475681,22.0660437447684
"456",1291,"Beijing","mpi-esm1-2-hr","ssp585",NA,0,20.4355026245117
"457",1292,"Beijing","mpi-esm1-2-hr","ssp585",NA,0.209094397216956,17.9537548610142
"458",1293,"Beijing","mpi-esm1-2-hr","ssp585",NA,0.00447584262864049,16.5278913225447
"459",1294,"Beijing","mpi-esm1-2-hr","ssp585",NA,3.38363756313161,15.0147131783622
"460",1295,"Beijing","mpi-esm1-2-hr","ssp585",NA,0.115897650195101,11.7874057224819
"461",1296,"Beijing","mpi-esm1-2-hr","ssp585",NA,1.62727038493488,9.33491559709823
"462",1297,"Beijing","mpi-esm1-2-hr","ssp585",NA,0.0905771764207332,7.4558900015695
"463",1298,"Beijing","mpi-esm1-2-hr","ssp585",NA,0.817016028200409,5.1829909188407
"464",1299,"Beijing","mpi-esm1-2-hr","ssp585",NA,0,2.710589163644
"465",1300,"Beijing","mpi-esm1-2-hr","ssp585",NA,0,-1.2946838378906
"466",1301,"Beijing","mpi-esm1-2-hr","ssp585",NA,0.00178864048783518,-0.911224474225703
"467",1302,"Beijing","mpi-esm1-2-hr","ssp585",NA,0.0043624804870238,0.427920641217936
"468",1303,"Beijing","mpi-esm1-2-hr","ssp585",NA,0,0.434905351911295
"469",1304,"Beijing","mpi-esm1-2-hr","ssp585",NA,0,-0.135195159912086
"470",1305,"Beijing","mpi-esm1-2-hr","ssp585",NA,0.00220564110609952,-1.81581780569892
"471",1306,"Beijing","mpi-esm1-2-hr","ssp585",NA,0.00186789297263852,-4.85641871861047
"472",1307,"Beijing","mpi-esm1-2-hr","ssp585",NA,0,-4.66743371146064
"473",1308,"Beijing","mpi-esm1-2-hr","ssp585",NA,0,-2.74688568115232
"474",1309,"Beijing","mpi-esm1-2-hr","ssp585",NA,0,-4.66933125087191
"475",1310,"Beijing","mpi-esm1-2-hr","ssp585",NA,0.00218840692858586,-2.05036937168664
"476",1311,"Beijing","mpi-esm1-2-hr","ssp585",NA,0,1.20177176339288
"477",1312,"Beijing","mpi-esm1-2-hr","ssp585",NA,0.129475634704639,2.33081152779718
"478",1313,"Beijing","mpi-esm1-2-hr","ssp585",NA,1.15302485086041,0.204241507393996
"479",1314,"Beijing","mpi-esm1-2-hr","ssp585",NA,0.017383132165248,1.94700121198384
"480",1315,"Beijing","mpi-esm1-2-hr","ssp585",NA,0.00195693063947796,2.6929015023368
"481",1316,"Beijing","mpi-esm1-2-hr","ssp585",NA,0,8.47412370954244
"482",1317,"Beijing","mpi-esm1-2-hr","ssp585",NA,0,4.22206649780276
"483",1318,"Beijing","mpi-esm1-2-hr","ssp585",NA,0,9.54329779488701
"484",1319,"Beijing","mpi-esm1-2-hr","ssp585",NA,0,15.8921910967146
"485",1320,"Beijing","mpi-esm1-2-hr","ssp585",NA,0,12.617380305699
"486",1321,"Beijing","mpi-esm1-2-hr","ssp585",NA,1.55143870203704,11.9983007158552
"487",1322,"Beijing","mpi-esm1-2-hr","ssp585",NA,0.0564244758217163,12.5823510306222
"488",1323,"Beijing","mpi-esm1-2-hr","ssp585",NA,0.0534460135375932,19.7444571358817
"489",1324,"Beijing","mpi-esm1-2-hr","ssp585",NA,0,20.386247253418
"490",1325,"Beijing","mpi-esm1-2-hr","ssp585",NA,2.31745670379106,19.4292933872768
"491",1326,"Beijing","mpi-esm1-2-hr","ssp585",NA,7.90123550399844,19.6626247950963
"492",1327,"Beijing","mpi-esm1-2-hr","ssp585",NA,0.714526622485729,20.6679070608957
"493",1328,"Beijing","mpi-esm1-2-hr","ssp585",NA,1.62598601309583,23.4891127450126
"494",1329,"Beijing","mpi-esm1-2-hr","ssp585",NA,7.24276858984142,23.0036494663784
"495",1330,"Beijing","mpi-esm1-2-hr","ssp585",NA,2.84705897469654,21.7353672572545
"496",1331,"Beijing","mpi-esm1-2-hr","ssp585",NA,4.11877721804298,23.0092619759696
"497",1332,"Beijing","mpi-esm1-2-hr","ssp585",NA,4.66990750947584,24.8689476013184
"498",1333,"Beijing","mpi-esm1-2-hr","ssp585",NA,1.42710562329609,27.5684933253697
"499",1334,"Beijing","mpi-esm1-2-hr","ssp585",NA,21.3722129271251,25.0642154148647
"500",1335,"Beijing","mpi-esm1-2-hr","ssp585",NA,19.117186481578,22.2628069196429
"501",1336,"Beijing","mpi-esm1-2-hr","ssp585",NA,0.740769236576202,26.6148767743792
"502",1337,"Beijing","mpi-esm1-2-hr","ssp585",NA,8.65073769394128,25.5628170558385
"503",1338,"Beijing","mpi-esm1-2-hr","ssp585",NA,9.15872142450099,22.9761411394392
"504",1339,"Beijing","mpi-esm1-2-hr","ssp585",NA,2.42211182425568,21.9880004882813
"505",1340,"Beijing","mpi-esm1-2-hr","ssp585",NA,4.12314337549365,23.3319570268904
"506",1341,"Beijing","mpi-esm1-2-hr","ssp585",NA,0,20.6926622663226
"507",1342,"Beijing","mpi-esm1-2-hr","ssp585",NA,2.05261608189176,19.6247039794922
"508",1343,"Beijing","mpi-esm1-2-hr","ssp585",NA,3.46004711095702,15.5955929347447
"509",1344,"Beijing","mpi-esm1-2-hr","ssp585",NA,0.00258385601098,18.6503218514579
"510",1345,"Beijing","mpi-esm1-2-hr","ssp585",NA,0.0224935880591407,17.2783757890974
"511",1346,"Beijing","mpi-esm1-2-hr","ssp585",NA,0.0126404578817788,13.1483670915876
"512",1347,"Beijing","mpi-esm1-2-hr","ssp585",NA,0.792346183171892,15.3446419852121
"513",1348,"Beijing","mpi-esm1-2-hr","ssp585",NA,0.61356685346904,8.5652295793806
"514",1349,"Beijing","mpi-esm1-2-hr","ssp585",NA,0.00261496786281766,6.41554085867748
"515",1350,"Beijing","mpi-esm1-2-hr","ssp585",NA,0.292230379714705,5.09751935686386
"516",1351,"Beijing","mpi-esm1-2-hr","ssp585",NA,0.00214910711032904,6.92742200578965
"517",1352,"Beijing","mpi-esm1-2-hr","ssp585",NA,0.0358428593959356,3.56250970023021
"518",1353,"Beijing","mpi-esm1-2-hr","ssp585",NA,0.0046977263277118,1.7911326817104
"519",1354,"Beijing","mpi-esm1-2-hr","ssp585",NA,0,-1.41511056082587
"520",1355,"Beijing","mpi-esm1-2-hr","ssp585",NA,0.0425029433180108,-2.18919655936103
"521",1356,"Beijing","mpi-esm1-2-hr","ssp585",NA,0.00205419959716631,-6.31844286237441
"522",1357,"Beijing","mpi-esm1-2-hr","ssp585",NA,0,-3.05102168491906
"523",1358,"Beijing","mpi-esm1-2-hr","ssp585",NA,0.00573552550641969,-2.98916364397319
"524",1359,"Beijing","mpi-esm1-2-hr","ssp585",NA,0,-1.74533527919222
"525",1360,"Beijing","mpi-esm1-2-hr","ssp585",NA,0.00497419950988843,-4.65898688180104
"526",1361,"Beijing","mpi-esm1-2-hr","ssp585",NA,0.11281188522584,-1.83972832815985
"527",1362,"Beijing","mpi-esm1-2-hr","ssp585",NA,0.00843367416954216,-3.85187868390762
"528",1363,"Beijing","mpi-esm1-2-hr","ssp585",NA,0.035353173715131,-4.15215039934429
"529",1364,"Beijing","mpi-esm1-2-hr","ssp585",NA,0,-1.92632631574356
"530",1365,"Beijing","mpi-esm1-2-hr","ssp585",NA,0.00841697479440233,2.26081346784321
"531",1366,"Beijing","mpi-esm1-2-hr","ssp585",NA,0.319208674545735,2.11417541503908
"532",1367,"Beijing","mpi-esm1-2-hr","ssp585",NA,0.065062947201763,6.2191716875349
"533",1368,"Beijing","mpi-esm1-2-hr","ssp585",NA,2.2312050126532,0.0514966692243534
"534",1369,"Beijing","mpi-esm1-2-hr","ssp585",NA,0.0762044887388973,4.03316214425226
"535",1370,"Beijing","mpi-esm1-2-hr","ssp585",NA,0.00514488302932087,7.81343231201174
"536",1371,"Beijing","mpi-esm1-2-hr","ssp585",NA,0.00886016371493626,8.74823096139092
"537",1372,"Beijing","mpi-esm1-2-hr","ssp585",NA,0.00617425604494721,14.8192301068987
"538",1373,"Beijing","mpi-esm1-2-hr","ssp585",NA,0.200025192777632,14.0752883911133
"539",1374,"Beijing","mpi-esm1-2-hr","ssp585",NA,0.0142377057727572,17.1265955243792
"540",1375,"Beijing","mpi-esm1-2-hr","ssp585",NA,0.155220845402125,17.0101867675782
"541",1376,"Beijing","mpi-esm1-2-hr","ssp585",NA,0.0476657063570331,18.2327253069197
"542",1377,"Beijing","mpi-esm1-2-hr","ssp585",NA,0.00189158161317339,17.9465597970145
"543",1378,"Beijing","mpi-esm1-2-hr","ssp585",NA,2.8163396564001,20.9390257699149
"544",1379,"Beijing","mpi-esm1-2-hr","ssp585",NA,4.79171893907083,17.9493292672294
"545",1380,"Beijing","mpi-esm1-2-hr","ssp585",NA,2.06232976511274,19.5493391854423
"546",1381,"Beijing","mpi-esm1-2-hr","ssp585",NA,0.692361240661349,24.383812386649
"547",1382,"Beijing","mpi-esm1-2-hr","ssp585",NA,10.2013495052103,21.6921881539481
"548",1383,"Beijing","mpi-esm1-2-hr","ssp585",NA,5.832889288305,21.5620693751744
"549",1384,"Beijing","mpi-esm1-2-hr","ssp585",NA,2.0956850550257,24.1008942740304
"550",1385,"Beijing","mpi-esm1-2-hr","ssp585",NA,1.87493643742138,25.3707356044224
"551",1386,"Beijing","mpi-esm1-2-hr","ssp585",NA,3.1397808600689,24.2614516122001
"552",1387,"Beijing","mpi-esm1-2-hr","ssp585",NA,6.06261545988543,23.8207946777344
"553",1388,"Beijing","mpi-esm1-2-hr","ssp585",NA,2.03442145491733,26.7890427725656
"554",1389,"Beijing","mpi-esm1-2-hr","ssp585",NA,16.3840171043116,24.528275517055
"555",1390,"Beijing","mpi-esm1-2-hr","ssp585",NA,0.53203567608112,24.2330397469657
"556",1391,"Beijing","mpi-esm1-2-hr","ssp585",NA,8.54963243359635,24.2045782906669
"557",1392,"Beijing","mpi-esm1-2-hr","ssp585",NA,0.575768000258644,23.664019884382
"558",1393,"Beijing","mpi-esm1-2-hr","ssp585",NA,0.071502104245675,22.9489952087403
"559",1394,"Beijing","mpi-esm1-2-hr","ssp585",NA,2.12187463387506,20.5849809919085
"560",1395,"Beijing","mpi-esm1-2-hr","ssp585",NA,0.220298266471478,17.8573961530413
"561",1396,"Beijing","mpi-esm1-2-hr","ssp585",NA,0,19.6439246041434
"562",1397,"Beijing","mpi-esm1-2-hr","ssp585",NA,0,17.835586983817
"563",1398,"Beijing","mpi-esm1-2-hr","ssp585",NA,3.42665674965507,18.0895161220006
"564",1399,"Beijing","mpi-esm1-2-hr","ssp585",NA,0.247484417533477,10.8949545724051
"565",1400,"Beijing","mpi-esm1-2-hr","ssp585",NA,1.39967539520122,9.56864318847658
"566",1401,"Beijing","mpi-esm1-2-hr","ssp585",NA,0.00193345213119755,9.92207053048272
"567",1402,"Beijing","mpi-esm1-2-hr","ssp585",NA,0.0137180046814527,7.12529471261163
"568",1403,"Beijing","mpi-esm1-2-hr","ssp585",NA,0.396586714565014,5.30498330252513
"569",1404,"Beijing","mpi-esm1-2-hr","ssp585",NA,0.0022446802761676,4.73875252859935
"570",1405,"Beijing","mpi-esm1-2-hr","ssp585",NA,0.0647001103646159,2.20606765747073
"571",1406,"Beijing","mpi-esm1-2-hr","ssp585",NA,0.267557450933964,-0.606085205078102
"572",1407,"Beijing","mpi-esm1-2-hr","ssp585",NA,0.548009012709372,-4.83275342668804
"573",1408,"Beijing","mpi-esm1-2-hr","ssp585",NA,0.010445710501829,-6.47702309744697
"574",1409,"Beijing","mpi-esm1-2-hr","ssp585",NA,0.102130543499308,-3.74896142142157
"575",1410,"Beijing","mpi-esm1-2-hr","ssp585",NA,0.00497642133398456,-6.33095615931917
"576",1411,"Beijing","mpi-esm1-2-hr","ssp585",NA,0.00200980784289381,-3.32281396048407
"577",1412,"Beijing","mpi-esm1-2-hr","ssp585",NA,0.223102180767195,-3.40573566981722
"578",1413,"Beijing","mpi-esm1-2-hr","ssp585",NA,0,-4.62616740635461
"579",1414,"Beijing","mpi-esm1-2-hr","ssp585",NA,0.00311642410711751,-4.09344057355606
"580",1415,"Beijing","mpi-esm1-2-hr","ssp585",NA,0.0121336441420031,-2.7573063441685
"581",1416,"Beijing","mpi-esm1-2-hr","ssp585",NA,0,-0.278263201032344
"582",1417,"Beijing","mpi-esm1-2-hr","ssp585",NA,0,4.62780478341241
"583",1418,"Beijing","mpi-esm1-2-hr","ssp585",NA,0,2.99720153808596
"584",1419,"Beijing","mpi-esm1-2-hr","ssp585",NA,0.00271149890197974,4.78244280133931
"585",1420,"Beijing","mpi-esm1-2-hr","ssp585",NA,0,2.54471849714009
"586",1421,"Beijing","mpi-esm1-2-hr","ssp585",NA,0,11.4208977835519
"587",1422,"Beijing","mpi-esm1-2-hr","ssp585",NA,0.717466865431301,8.6434995378767
"588",1423,"Beijing","mpi-esm1-2-hr","ssp585",NA,1.50107608711291,5.63395952497212
"589",1424,"Beijing","mpi-esm1-2-hr","ssp585",NA,0.00811668633105,13.6091312953404
"590",1425,"Beijing","mpi-esm1-2-hr","ssp585",NA,0.373863892738362,12.0993683951242
"591",1426,"Beijing","mpi-esm1-2-hr","ssp585",NA,0.0034875720432735,14.8997038705009
"592",1427,"Beijing","mpi-esm1-2-hr","ssp585",NA,0.00869573680444904,16.3647541591099
"593",1428,"Beijing","mpi-esm1-2-hr","ssp585",NA,7.17679334661625,16.5388983590263
"594",1429,"Beijing","mpi-esm1-2-hr","ssp585",NA,0.839039873322431,19.7243940080915
"595",1430,"Beijing","mpi-esm1-2-hr","ssp585",NA,0.942331491192558,22.0777646745954
"596",1431,"Beijing","mpi-esm1-2-hr","ssp585",NA,1.69497004360112,21.8885496956962
"597",1432,"Beijing","mpi-esm1-2-hr","ssp585",NA,0.97544298331351,21.5421070643834
"598",1433,"Beijing","mpi-esm1-2-hr","ssp585",NA,4.51986254739885,19.280294581822
"599",1434,"Beijing","mpi-esm1-2-hr","ssp585",NA,1.21027858012245,21.1298369271415
"600",1435,"Beijing","mpi-esm1-2-hr","ssp585",NA,1.32723579309381,22.3945365905762
"601",1436,"Beijing","mpi-esm1-2-hr","ssp585",NA,0.193600840410519,25.8982172284808
"602",1437,"Beijing","mpi-esm1-2-hr","ssp585",NA,3.00832525314425,26.9532251630511
"603",1438,"Beijing","mpi-esm1-2-hr","ssp585",NA,8.39006130923476,25.2982094900949
"604",1439,"Beijing","mpi-esm1-2-hr","ssp585",NA,9.95253460776958,22.9788010733469
"605",1440,"Beijing","mpi-esm1-2-hr","ssp585",NA,13.8303654892037,26.108769444057
"606",1441,"Beijing","mpi-esm1-2-hr","ssp585",NA,4.62677920976213,25.53756375994
"607",1442,"Beijing","mpi-esm1-2-hr","ssp585",NA,14.1477905248653,22.8323853628976
"608",1443,"Beijing","mpi-esm1-2-hr","ssp585",NA,6.06432016060613,22.3576408386231
"609",1444,"Beijing","mpi-esm1-2-hr","ssp585",NA,1.50429984547762,19.1759686061315
"610",1445,"Beijing","mpi-esm1-2-hr","ssp585",NA,0.529998308463421,21.390287562779
"611",1446,"Beijing","mpi-esm1-2-hr","ssp585",NA,0.00447599487805356,21.2915533883231
"612",1447,"Beijing","mpi-esm1-2-hr","ssp585",NA,2.62139465713907,21.5396198817662
"613",1448,"Beijing","mpi-esm1-2-hr","ssp585",NA,0.203375026285357,20.8249625069755
"614",1449,"Beijing","mpi-esm1-2-hr","ssp585",NA,10.2813909980406,14.7298359462193
"615",1450,"Beijing","mpi-esm1-2-hr","ssp585",NA,0.166220254569842,12.7935697283064
"616",1451,"Beijing","mpi-esm1-2-hr","ssp585",NA,0.00386958002828967,15.6282467433385
"617",1452,"Beijing","mpi-esm1-2-hr","ssp585",NA,0.00479762456961907,11.7501813616072
"618",1453,"Beijing","mpi-esm1-2-hr","ssp585",NA,0.00416698048866238,8.21375590733122
"619",1454,"Beijing","mpi-esm1-2-hr","ssp585",NA,0.00185245088297441,7.07130530221124
"620",1455,"Beijing","mpi-esm1-2-hr","ssp585",NA,0.629542411570583,4.73064902169366
"621",1456,"Beijing","mpi-esm1-2-hr","ssp585",NA,0,-0.198088073730448
"622",1457,"Beijing","mpi-esm1-2-hr","ssp585",NA,0,1.26553224836079
"623",1458,"Beijing","mpi-esm1-2-hr","ssp585",NA,0,0.555324445452031
"624",1459,"Beijing","mpi-esm1-2-hr","ssp585",NA,0.00201386876272279,-1.51893790108815
"625",1460,"Beijing","mpi-esm1-2-hr","ssp585",NA,0.397631404432884,0.340244184221561
"626",1461,"Beijing","mpi-esm1-2-hr","ssp585",NA,0.342388231281022,-5.83688910348072
"627",1462,"Beijing","mpi-esm1-2-hr","ssp585",NA,0.661927350198052,-6.08025262015204
"628",1463,"Beijing","mpi-esm1-2-hr","ssp585",NA,0,-7.53804898943217
"629",1464,"Beijing","mpi-esm1-2-hr","ssp585",NA,0.0281368912900299,-4.61816035679406
"630",1465,"Beijing","mpi-esm1-2-hr","ssp585",NA,0.0037442696403949,-5.18469467163084
"631",1466,"Beijing","mpi-esm1-2-hr","ssp585",NA,0.0905257036655322,-2.04899390084401
"632",1467,"Beijing","mpi-esm1-2-hr","ssp585",NA,0.00416630290861316,-0.75928017752509
"633",1468,"Beijing","mpi-esm1-2-hr","ssp585",NA,0.00193750322848375,2.09737766810828
"634",1469,"Beijing","mpi-esm1-2-hr","ssp585",NA,0,-1.30650503976002
"635",1470,"Beijing","mpi-esm1-2-hr","ssp585",NA,0.0040474894311566,-0.466380637032622
"636",1471,"Beijing","mpi-esm1-2-hr","ssp585",NA,0.62895483092039,4.36881190708708
"637",1472,"Beijing","mpi-esm1-2-hr","ssp585",NA,0.0365434661164597,4.19632437569757
"638",1473,"Beijing","mpi-esm1-2-hr","ssp585",NA,0.707255199462712,3.92550484793529
"639",1474,"Beijing","mpi-esm1-2-hr","ssp585",NA,0.0865592935367333,3.64946735927039
"640",1475,"Beijing","mpi-esm1-2-hr","ssp585",NA,0.111291360164094,3.11974759783066
"641",1476,"Beijing","mpi-esm1-2-hr","ssp585",NA,1.33251186547828,6.3342098781041
"642",1477,"Beijing","mpi-esm1-2-hr","ssp585",NA,0.00877043548825895,11.5042483738491
"643",1478,"Beijing","mpi-esm1-2-hr","ssp585",NA,1.0295322748269,15.8133854457311
"644",1479,"Beijing","mpi-esm1-2-hr","ssp585",NA,1.07205840758979,17.6850110735212
"645",1480,"Beijing","mpi-esm1-2-hr","ssp585",NA,0.0609030401717193,19.1126386369978
"646",1481,"Beijing","mpi-esm1-2-hr","ssp585",NA,3.58994530426051,16.2894836425782
"647",1482,"Beijing","mpi-esm1-2-hr","ssp585",NA,0,20.1288461957659
"648",1483,"Beijing","mpi-esm1-2-hr","ssp585",NA,4.53169979824192,18.494760131836
"649",1484,"Beijing","mpi-esm1-2-hr","ssp585",NA,0.634603690202441,20.2083668300084
"650",1485,"Beijing","mpi-esm1-2-hr","ssp585",NA,3.26772802695814,23.0922812325614
"651",1486,"Beijing","mpi-esm1-2-hr","ssp585",NA,5.58700885464662,21.8295483180455
"652",1487,"Beijing","mpi-esm1-2-hr","ssp585",NA,3.57917028739913,23.3451002938407
"653",1488,"Beijing","mpi-esm1-2-hr","ssp585",NA,11.0914458492841,24.1999886648996
"654",1489,"Beijing","mpi-esm1-2-hr","ssp585",NA,1.60780906020851,24.9413385663714
"655",1490,"Beijing","mpi-esm1-2-hr","ssp585",NA,1.47698862345221,26.020342036656
"656",1491,"Beijing","mpi-esm1-2-hr","ssp585",NA,0.0211060458436155,28.4239364624024
"657",1492,"Beijing","mpi-esm1-2-hr","ssp585",NA,0.886627353474979,28.3586664472308
"658",1493,"Beijing","mpi-esm1-2-hr","ssp585",NA,1.82716595996421,26.9634540012905
"659",1494,"Beijing","mpi-esm1-2-hr","ssp585",NA,0.0648040561957585,29.4404497419085
"660",1495,"Beijing","mpi-esm1-2-hr","ssp585",NA,10.3090494143284,24.2789578029088
"661",1496,"Beijing","mpi-esm1-2-hr","ssp585",NA,0.00446027214431004,21.940642111642
"662",1497,"Beijing","mpi-esm1-2-hr","ssp585",NA,0.00593508765242794,25.4458617074149
"663",1498,"Beijing","mpi-esm1-2-hr","ssp585",NA,0,24.6438548496792
"664",1499,"Beijing","mpi-esm1-2-hr","ssp585",NA,0.0887086158659908,21.5650192260742
"665",1500,"Beijing","mpi-esm1-2-hr","ssp585",NA,0.0581851620544123,22.6163034711565
"666",1501,"Beijing","mpi-esm1-2-hr","ssp585",NA,0.0868798699359884,18.7207084655762
"667",1502,"Beijing","mpi-esm1-2-hr","ssp585",NA,0.788367719555287,17.1776612418039
"668",1503,"Beijing","mpi-esm1-2-hr","ssp585",NA,0.00244714182632119,12.3047467912947
"669",1504,"Beijing","mpi-esm1-2-hr","ssp585",NA,0.235595299981079,9.37882439749584
"670",1505,"Beijing","mpi-esm1-2-hr","ssp585",NA,0,9.00086364746096
"671",1506,"Beijing","mpi-esm1-2-hr","ssp585",NA,0.0467310366860017,6.66817517961777
"672",1507,"Beijing","mpi-esm1-2-hr","ssp585",NA,0.00251796253516139,7.37118246895929
"673",1508,"Beijing","mpi-esm1-2-hr","ssp585",NA,0.0031217552922109,8.76269738333568
"674",1509,"Beijing","mpi-esm1-2-hr","ssp585",NA,0.0896094668730387,3.3973463875907
"675",1510,"Beijing","mpi-esm1-2-hr","ssp585",NA,0.287356360844829,1.03854958670482
"676",1511,"Beijing","mpi-esm1-2-hr","ssp585",NA,0.0335018525999788,-1.80897423880439
"677",1512,"Beijing","mpi-esm1-2-hr","ssp585",NA,0.54675448789437,-1.38847143990651
"678",1513,"Beijing","mpi-esm1-2-hr","ssp585",NA,0.00215193389781884,-3.6958068847656
"679",1514,"Beijing","mpi-esm1-2-hr","ssp585",NA,0.16796666724466,-2.36988841465539
"680",1515,"Beijing","mpi-esm1-2-hr","ssp585",NA,0,-5.50141536167687
"681",1516,"Beijing","mpi-esm1-2-hr","ssp585",NA,0,-3.92422387259345
"682",1517,"Beijing","mpi-esm1-2-hr","ssp585",NA,0.0647653455546657,-3.31603633335656
"683",1518,"Beijing","mpi-esm1-2-hr","ssp585",NA,0.00643434171771721,-1.91919119698658
"684",1519,"Beijing","mpi-esm1-2-hr","ssp585",NA,0.0121667866291578,-1.83070057460238
"685",1520,"Beijing","mpi-esm1-2-hr","ssp585",NA,0.0160613092508096,-0.502492741176039
"686",1521,"Beijing","mpi-esm1-2-hr","ssp585",NA,0.0050069266438056,-0.512109592982678
"687",1522,"Beijing","mpi-esm1-2-hr","ssp585",NA,0.00859455917634478,-2.03362830025807
"688",1523,"Beijing","mpi-esm1-2-hr","ssp585",NA,1.61622402190785,3.38607286725728
"689",1524,"Beijing","mpi-esm1-2-hr","ssp585",NA,2.16593724456158,2.07261755807061
"690",1525,"Beijing","mpi-esm1-2-hr","ssp585",NA,0.00380118987257966,5.96668395996096
"691",1526,"Beijing","mpi-esm1-2-hr","ssp585",NA,0.149748975536568,9.45165895734517
"692",1527,"Beijing","mpi-esm1-2-hr","ssp585",NA,0.00629931893984445,6.51689082554411
"693",1528,"Beijing","mpi-esm1-2-hr","ssp585",NA,0.354066438668659,13.1513529096331
"694",1529,"Beijing","mpi-esm1-2-hr","ssp585",NA,1.04932919058618,13.8914494105748
"695",1530,"Beijing","mpi-esm1-2-hr","ssp585",NA,0.069560278922966,17.1448357718332
"696",1531,"Beijing","mpi-esm1-2-hr","ssp585",NA,3.50418743426936,20.2383901323591
"697",1532,"Beijing","mpi-esm1-2-hr","ssp585",NA,0.00536695247969224,19.1558896745954
"698",1533,"Beijing","mpi-esm1-2-hr","ssp585",NA,0.263482832867469,19.1137514386858
"699",1534,"Beijing","mpi-esm1-2-hr","ssp585",NA,0.352280211719907,20.841765158517
"700",1535,"Beijing","mpi-esm1-2-hr","ssp585",NA,0.389996674493887,24.5716371808734
"701",1536,"Beijing","mpi-esm1-2-hr","ssp585",NA,0,26.161516898019
"702",1537,"Beijing","mpi-esm1-2-hr","ssp585",NA,1.80562294795631,25.2478037152972
"703",1538,"Beijing","mpi-esm1-2-hr","ssp585",NA,0.00592391643944471,26.6404265267509
"704",1539,"Beijing","mpi-esm1-2-hr","ssp585",NA,2.75689517998866,28.4271304539272
"705",1540,"Beijing","mpi-esm1-2-hr","ssp585",NA,0.29856490668213,27.3429482596261
"706",1541,"Beijing","mpi-esm1-2-hr","ssp585",NA,4.11444018636108,27.0770883832659
"707",1542,"Beijing","mpi-esm1-2-hr","ssp585",NA,12.6865782778168,27.0613244192941
"708",1543,"Beijing","mpi-esm1-2-hr","ssp585",NA,25.9324822775657,21.8485057285854
"709",1544,"Beijing","mpi-esm1-2-hr","ssp585",NA,1.21303117917445,22.5876779828753
"710",1545,"Beijing","mpi-esm1-2-hr","ssp585",NA,3.75584121145169,22.4350039890835
"711",1546,"Beijing","mpi-esm1-2-hr","ssp585",NA,3.37948933212309,25.5059824262347
"712",1547,"Beijing","mpi-esm1-2-hr","ssp585",NA,0.768265834891021,23.8827578953334
"713",1548,"Beijing","mpi-esm1-2-hr","ssp585",NA,0.761020378286048,24.3757056100028
"714",1549,"Beijing","mpi-esm1-2-hr","ssp585",NA,6.23138658759542,23.052451978411
"715",1550,"Beijing","mpi-esm1-2-hr","ssp585",NA,0.870791642773838,21.3004334586008
"716",1551,"Beijing","mpi-esm1-2-hr","ssp585",NA,2.62994480614387,16.7209880283901
"717",1552,"Beijing","mpi-esm1-2-hr","ssp585",NA,2.01490981333856,18.5360972813198
"718",1553,"Beijing","mpi-esm1-2-hr","ssp585",NA,2.98305181707162,19.6023465837751
"719",1554,"Beijing","mpi-esm1-2-hr","ssp585",NA,0.0107932124202697,14.1023302350726
"720",1555,"Beijing","mpi-esm1-2-hr","ssp585",NA,0,16.181164768764
"721",1556,"Beijing","mpi-esm1-2-hr","ssp585",NA,0.00384189922572529,10.9252470833915
"722",1557,"Beijing","mpi-esm1-2-hr","ssp585",NA,0,11.4026188441686
"723",1558,"Beijing","mpi-esm1-2-hr","ssp585",NA,1.84719519517265,7.61756450108122
"724",1559,"Beijing","mpi-esm1-2-hr","ssp585",NA,0.00627571449253341,6.52771148681643
"725",1560,"Beijing","mpi-esm1-2-hr","ssp585",NA,0,4.57800554547993
"726",1561,"Beijing","mpi-esm1-2-hr","ssp585",NA,0,2.43511734008791
"727",1562,"Beijing","mpi-esm1-2-hr","ssp585",NA,0,3.24219720023021
"728",1563,"Beijing","mpi-esm1-2-hr","ssp585",NA,0.00466198472557672,-0.46891196114674
"729",1564,"Beijing","mpi-esm1-2-hr","ssp585",NA,0,-0.0339400155203454
"730",1565,"Beijing","mpi-esm1-2-hr","ssp585",NA,0.0062814990932176,-0.766480691092332
"731",1566,"Beijing","mpi-esm1-2-hr","ssp585",NA,0.0575621597363352,-2.7940108163016
"732",1567,"Beijing","mpi-esm1-2-hr","ssp585",NA,0.0182635694727651,-2.83610382080076
"733",1568,"Beijing","mpi-esm1-2-hr","ssp585",NA,0.0024454407723949,-6.62177777971538
"734",1569,"Beijing","mpi-esm1-2-hr","ssp585",NA,0.0696565200217135,-6.70638504028318
"735",1570,"Beijing","mpi-esm1-2-hr","ssp585",NA,0.0096054473942786,-1.85969990321566
"736",1571,"Beijing","mpi-esm1-2-hr","ssp585",NA,0.00233737736639991,-1.62289984566822
"737",1572,"Beijing","mpi-esm1-2-hr","ssp585",NA,0.00541028234692931,0.204990822928316
"738",1573,"Beijing","mpi-esm1-2-hr","ssp585",NA,0.0865854241315641,1.5870185852051
"739",1574,"Beijing","mpi-esm1-2-hr","ssp585",NA,0.0319766751610067,1.41860733032229
"740",1575,"Beijing","mpi-esm1-2-hr","ssp585",NA,0.177888859544899,2.12735900878909
"741",1576,"Beijing","mpi-esm1-2-hr","ssp585",NA,0.558524779866535,3.31949877057759
"742",1577,"Beijing","mpi-esm1-2-hr","ssp585",NA,0.762963594200171,1.87257047380722
"743",1578,"Beijing","mpi-esm1-2-hr","ssp585",NA,0.0205872805249133,4.92828848702569
"744",1579,"Beijing","mpi-esm1-2-hr","ssp585",NA,0.151024691610603,7.32377777099612
"745",1580,"Beijing","mpi-esm1-2-hr","ssp585",NA,0.118839348981835,6.36667349679132
"746",1581,"Beijing","mpi-esm1-2-hr","ssp585",NA,0.266368628756806,9.17564708164763
"747",1582,"Beijing","mpi-esm1-2-hr","ssp585",NA,0.364371859931063,8.89669461931503
"748",1583,"Beijing","mpi-esm1-2-hr","ssp585",NA,1.80140489129761,17.1558493477958
"749",1584,"Beijing","mpi-esm1-2-hr","ssp585",NA,3.79739100731708,10.5217447553362
"750",1585,"Beijing","mpi-esm1-2-hr","ssp585",NA,1.16650866384589,15.2324904305594
"751",1586,"Beijing","mpi-esm1-2-hr","ssp585",NA,0.19737650658109,18.3554893493652
"752",1587,"Beijing","mpi-esm1-2-hr","ssp585",NA,0.0507163981832751,23.7874836512974
"753",1588,"Beijing","mpi-esm1-2-hr","ssp585",NA,0.487443150262022,23.573137991769
"754",1589,"Beijing","mpi-esm1-2-hr","ssp585",NA,0.500894120523299,22.8576866149903
"755",1590,"Beijing","mpi-esm1-2-hr","ssp585",NA,0.887415200512416,23.569354901995
"756",1591,"Beijing","mpi-esm1-2-hr","ssp585",NA,3.12067957906947,23.5036091395787
"757",1592,"Beijing","mpi-esm1-2-hr","ssp585",NA,0.0909772028080623,27.5339986528669
"758",1593,"Beijing","mpi-esm1-2-hr","ssp585",NA,2.85715285329258,25.5968866620745
"759",1594,"Beijing","mpi-esm1-2-hr","ssp585",NA,2.47860733740838,25.9503570556641
"760",1595,"Beijing","mpi-esm1-2-hr","ssp585",NA,12.6992245597648,24.391985648019
"761",1596,"Beijing","mpi-esm1-2-hr","ssp585",NA,3.9110382254356,26.107616860526
"762",1597,"Beijing","mpi-esm1-2-hr","ssp585",NA,0.813674257070879,26.7099826267788
"763",1598,"Beijing","mpi-esm1-2-hr","ssp585",NA,0.555713980845343,29.511489214216
"764",1599,"Beijing","mpi-esm1-2-hr","ssp585",NA,0,28.0695341927665
"765",1600,"Beijing","mpi-esm1-2-hr","ssp585",NA,0,25.623184640067
"766",1601,"Beijing","mpi-esm1-2-hr","ssp585",NA,1.7116563565131,22.6924170357841
"767",1602,"Beijing","mpi-esm1-2-hr","ssp585",NA,10.8777540019738,20.4299130031041
"768",1603,"Beijing","mpi-esm1-2-hr","ssp585",NA,3.84667872314302,18.222556413923
"769",1604,"Beijing","mpi-esm1-2-hr","ssp585",NA,1.54008180861638,20.6845467703683
"770",1605,"Beijing","mpi-esm1-2-hr","ssp585",NA,4.44879125321417,14.8683279854911
"771",1606,"Beijing","mpi-esm1-2-hr","ssp585",NA,0.813199896661641,16.2677464076451
"772",1607,"Beijing","mpi-esm1-2-hr","ssp585",NA,3.11152253899698,11.9061191013881
"773",1608,"Beijing","mpi-esm1-2-hr","ssp585",NA,0.0164895975493502,9.69970910208569
"774",1609,"Beijing","mpi-esm1-2-hr","ssp585",NA,0.00373555301069116,9.52984553745817
"775",1610,"Beijing","mpi-esm1-2-hr","ssp585",NA,0.6791445410272,8.91630597795761
"776",1611,"Beijing","mpi-esm1-2-hr","ssp585",NA,0.00194727262429036,3.70002899169924
"777",1612,"Beijing","mpi-esm1-2-hr","ssp585",NA,0.00300824177819387,6.53737084524974
"778",1613,"Beijing","mpi-esm1-2-hr","ssp585",NA,0.889121102915981,4.31496364048551
"779",1614,"Beijing","mpi-esm1-2-hr","ssp585",NA,0.197986701706603,0.792398616245837
"780",1615,"Beijing","mpi-esm1-2-hr","ssp585",NA,0.00325375377932297,1.42151467459545
"781",1616,"Beijing","mpi-esm1-2-hr","ssp585",NA,0.362333704755916,0.354392896379767
"782",1617,"Beijing","mpi-esm1-2-hr","ssp585",NA,0.00191853870481801,-3.00041536603653
"783",1618,"Beijing","mpi-esm1-2-hr","ssp585",NA,0,-0.876738521030949
"784",1619,"Beijing","mpi-esm1-2-hr","ssp585",NA,0.324281349432048,-6.16825714111326
"785",1620,"Beijing","mpi-esm1-2-hr","ssp585",NA,0.00190342847677779,-8.92918842860628
"786",1621,"Beijing","mpi-esm1-2-hr","ssp585",NA,0,-9.34110924857001
"787",1622,"Beijing","mpi-esm1-2-hr","ssp585",NA,0.00438993116144307,-8.12345461164199
"788",1623,"Beijing","mpi-esm1-2-hr","ssp585",NA,0.0043203868569565,-4.0477355957031
"789",1624,"Beijing","mpi-esm1-2-hr","ssp585",NA,0,-3.33302699497765
"790",1625,"Beijing","mpi-esm1-2-hr","ssp585",NA,0.248093291000779,1.84194717407229
"791",1626,"Beijing","mpi-esm1-2-hr","ssp585",NA,0.00199162386057391,7.24034053257536
"792",1627,"Beijing","mpi-esm1-2-hr","ssp585",NA,0.0297766693880216,6.1360794067383
"793",1628,"Beijing","mpi-esm1-2-hr","ssp585",NA,0,5.72600708007815
"794",1629,"Beijing","mpi-esm1-2-hr","ssp585",NA,0.170571956394789,8.22139565604076
"795",1630,"Beijing","mpi-esm1-2-hr","ssp585",NA,0.122283081964269,7.48944298880444
"796",1631,"Beijing","mpi-esm1-2-hr","ssp585",NA,1.29456624979736,9.75519441877095
"797",1632,"Beijing","mpi-esm1-2-hr","ssp585",NA,0,8.49145333426341
"798",1633,"Beijing","mpi-esm1-2-hr","ssp585",NA,0.110812298615721,15.3346643720354
"799",1634,"Beijing","mpi-esm1-2-hr","ssp585",NA,1.83006792446057,9.76735730852402
"800",1635,"Beijing","mpi-esm1-2-hr","ssp585",NA,3.41071070583894,11.0839777265277
"801",1636,"Beijing","mpi-esm1-2-hr","ssp585",NA,1.55539268822785,16.7918040684292
"802",1637,"Beijing","mpi-esm1-2-hr","ssp585",NA,0.0412708668721149,16.7584249223982
"803",1638,"Beijing","mpi-esm1-2-hr","ssp585",NA,0.231850076150814,21.901746913365
"804",1639,"Beijing","mpi-esm1-2-hr","ssp585",NA,0,21.1667234148298
"805",1640,"Beijing","mpi-esm1-2-hr","ssp585",NA,0.0328344143261868,23.7052197047643
"806",1641,"Beijing","mpi-esm1-2-hr","ssp585",NA,0.00410492236499392,26.6886159624373
"807",1642,"Beijing","mpi-esm1-2-hr","ssp585",NA,2.82202366600229,24.6408494131906
"808",1643,"Beijing","mpi-esm1-2-hr","ssp585",NA,4.04337436596377,23.4923617771694
"809",1644,"Beijing","mpi-esm1-2-hr","ssp585",NA,7.44986474806605,24.2557998657227
"810",1645,"Beijing","mpi-esm1-2-hr","ssp585",NA,8.01336758015948,24.1778879438128
"811",1646,"Beijing","mpi-esm1-2-hr","ssp585",NA,7.62836703400223,25.4741629464286
"812",1647,"Beijing","mpi-esm1-2-hr","ssp585",NA,23.0330773981612,24.9189544677735
"813",1648,"Beijing","mpi-esm1-2-hr","ssp585",NA,1.34898036964322,23.7607818603516
"814",1649,"Beijing","mpi-esm1-2-hr","ssp585",NA,2.67541197572427,25.2323296683175
"815",1650,"Beijing","mpi-esm1-2-hr","ssp585",NA,3.12991621716979,26.1448139735631
"816",1651,"Beijing","mpi-esm1-2-hr","ssp585",NA,0.157682660002528,26.62415902274
"817",1652,"Beijing","mpi-esm1-2-hr","ssp585",NA,0,26.1927543640137
"818",1653,"Beijing","mpi-esm1-2-hr","ssp585",NA,1.61726506568292,26.4813236781529
"819",1654,"Beijing","mpi-esm1-2-hr","ssp585",NA,0.780594261459555,24.5126913888114
"820",1655,"Beijing","mpi-esm1-2-hr","ssp585",NA,8.05776780181467,17.5879128592355
"821",1656,"Beijing","mpi-esm1-2-hr","ssp585",NA,0.125558653715936,17.8283832005092
"822",1657,"Beijing","mpi-esm1-2-hr","ssp585",NA,5.4689935717501,15.4176825387138
"823",1658,"Beijing","mpi-esm1-2-hr","ssp585",NA,0.354103901846819,17.1423197065081
"824",1659,"Beijing","mpi-esm1-2-hr","ssp585",NA,0.113738942426218,14.092227281843
"825",1660,"Beijing","mpi-esm1-2-hr","ssp585",NA,0.00253001304112591,15.0217480250767
"826",1661,"Beijing","mpi-esm1-2-hr","ssp585",NA,1.64235222722969,9.9180689130511
"827",1662,"Beijing","mpi-esm1-2-hr","ssp585",NA,0.0810658717845009,11.0337272644043
"828",1663,"Beijing","mpi-esm1-2-hr","ssp585",NA,0,6.42952662876676
"829",1664,"Beijing","mpi-esm1-2-hr","ssp585",NA,0.0235909981451446,5.2092235020229
"830",1665,"Beijing","mpi-esm1-2-hr","ssp585",NA,0.00216239964174747,1.73221250261581
"831",1666,"Beijing","mpi-esm1-2-hr","ssp585",NA,0.00240600957762841,3.4755307878767
"832",1667,"Beijing","mpi-esm1-2-hr","ssp585",NA,0.21370481482076,-0.759680175781227
"833",1668,"Beijing","mpi-esm1-2-hr","ssp585",NA,0.00198139087582864,-1.368754359654
"834",1669,"Beijing","mpi-esm1-2-hr","ssp585",NA,0.00406581654195699,-0.0489214215959604
"835",1670,"Beijing","mpi-esm1-2-hr","ssp585",NA,0.0318012703311459,-0.288056618826708
"836",1671,"Beijing","mpi-esm1-2-hr","ssp585",NA,0.00490827674184401,-0.541921997070291
"837",1672,"Beijing","mpi-esm1-2-hr","ssp585",NA,0.00774068518174837,-2.85013536725723
"838",1673,"Beijing","mpi-esm1-2-hr","ssp585",NA,0,-2.31016224452425
"839",1674,"Beijing","mpi-esm1-2-hr","ssp585",NA,0,-0.266081237792945
"840",1675,"Beijing","mpi-esm1-2-hr","ssp585",NA,0,-0.239623042515323
"841",1676,"Beijing","mpi-esm1-2-hr","ssp585",NA,0,-3.75750525338307
"842",1677,"Beijing","mpi-esm1-2-hr","ssp585",NA,0,-4.74731129237582
"843",1678,"Beijing","mpi-esm1-2-hr","ssp585",NA,0.00525220676276409,-0.270893750871908
"844",1679,"Beijing","mpi-esm1-2-hr","ssp585",NA,0.183510312529376,-0.773221261160692
"845",1680,"Beijing","mpi-esm1-2-hr","ssp585",NA,0.00181861117068495,6.32683933803016
"846",1681,"Beijing","mpi-esm1-2-hr","ssp585",NA,0.00778179234787656,5.22361090523858
"847",1682,"Beijing","mpi-esm1-2-hr","ssp585",NA,0.00336232199385579,6.99089802333289
"848",1683,"Beijing","mpi-esm1-2-hr","ssp585",NA,0.554908085762561,7.14696873256141
"849",1684,"Beijing","mpi-esm1-2-hr","ssp585",NA,0,15.3818140302386
"850",1685,"Beijing","mpi-esm1-2-hr","ssp585",NA,0.325340232172623,13.981270817348
"851",1686,"Beijing","mpi-esm1-2-hr","ssp585",NA,0.00976332617678314,16.1905516488212
"852",1687,"Beijing","mpi-esm1-2-hr","ssp585",NA,2.92572582915065,11.391327885219
"853",1688,"Beijing","mpi-esm1-2-hr","ssp585",NA,0.538465443475746,15.7751534598214
"854",1689,"Beijing","mpi-esm1-2-hr","ssp585",NA,0.0377905275529755,21.5394476754325
"855",1690,"Beijing","mpi-esm1-2-hr","ssp585",NA,7.32100475771793,19.9696517944336
"856",1691,"Beijing","mpi-esm1-2-hr","ssp585",NA,0.640781503235693,20.0427582877023
"857",1692,"Beijing","mpi-esm1-2-hr","ssp585",NA,4.60623891870325,19.7468996320452
"858",1693,"Beijing","mpi-esm1-2-hr","ssp585",NA,4.66003549335515,20.8390736171178
"859",1694,"Beijing","mpi-esm1-2-hr","ssp585",NA,0.109602531269307,23.1018948146275
"860",1695,"Beijing","mpi-esm1-2-hr","ssp585",NA,3.34613543052131,24.1922600882394
"861",1696,"Beijing","mpi-esm1-2-hr","ssp585",NA,1.42699149657476,25.2209711347307
"862",1697,"Beijing","mpi-esm1-2-hr","ssp585",NA,6.9316725740334,23.383376966204
"863",1698,"Beijing","mpi-esm1-2-hr","ssp585",NA,4.69920034268268,24.3362828935896
"864",1699,"Beijing","mpi-esm1-2-hr","ssp585",NA,4.2361733906286,25.9384377615793
"865",1700,"Beijing","mpi-esm1-2-hr","ssp585",NA,14.3240434800776,26.0757625034877
"866",1701,"Beijing","mpi-esm1-2-hr","ssp585",NA,0.461397984716833,24.8993867056711
"867",1702,"Beijing","mpi-esm1-2-hr","ssp585",NA,2.15929676187443,26.8065080915179
"868",1703,"Beijing","mpi-esm1-2-hr","ssp585",NA,17.64209583018,25.4832293919155
"869",1704,"Beijing","mpi-esm1-2-hr","ssp585",NA,8.99865545429097,23.2718559265137
"870",1705,"Beijing","mpi-esm1-2-hr","ssp585",NA,4.14537683718663,20.6861745561872
"871",1706,"Beijing","mpi-esm1-2-hr","ssp585",NA,0.228751275790273,20.9130814688546
"872",1707,"Beijing","mpi-esm1-2-hr","ssp585",NA,0,22.7159068516323
"873",1708,"Beijing","mpi-esm1-2-hr","ssp585",NA,0.0829557602368628,22.219802747454
"874",1709,"Beijing","mpi-esm1-2-hr","ssp585",NA,0.245591518647156,18.0362558637346
"875",1710,"Beijing","mpi-esm1-2-hr","ssp585",NA,0.339733938692786,16.5344264439174
"876",1711,"Beijing","mpi-esm1-2-hr","ssp585",NA,0.716851452255339,16.6621316092355
"877",1712,"Beijing","mpi-esm1-2-hr","ssp585",NA,0.00224135464382665,15.1902257646833
"878",1713,"Beijing","mpi-esm1-2-hr","ssp585",NA,0.00555286094043237,14.4327467782157
"879",1714,"Beijing","mpi-esm1-2-hr","ssp585",NA,2.0899173487643,9.70333469935828
"880",1715,"Beijing","mpi-esm1-2-hr","ssp585",NA,0.765470639154436,6.6823178972517
"881",1716,"Beijing","mpi-esm1-2-hr","ssp585",NA,0,7.13458731515069
"882",1717,"Beijing","mpi-esm1-2-hr","ssp585",NA,0,2.3960401262556
"883",1718,"Beijing","mpi-esm1-2-hr","ssp585",NA,0.00634447369520785,0.932060132707891
"884",1719,"Beijing","mpi-esm1-2-hr","ssp585",NA,0.404759445694123,1.23268062046598
"885",1720,"Beijing","mpi-esm1-2-hr","ssp585",NA,0.00211408536025764,-4.31224888392855
"886",1721,"Beijing","mpi-esm1-2-hr","ssp585",NA,0.00201288896408056,-1.86129444667269
"887",1722,"Beijing","mpi-esm1-2-hr","ssp585",NA,0.00211959896400264,-2.26988340105327
"888",1723,"Beijing","mpi-esm1-2-hr","ssp585",NA,0,-1.33205097743441
"889",1724,"Beijing","mpi-esm1-2-hr","ssp585",NA,0.00191483946504636,-5.17354213169641
"890",1725,"Beijing","mpi-esm1-2-hr","ssp585",NA,0,-6.42703911917548
"891",1726,"Beijing","mpi-esm1-2-hr","ssp585",NA,0.290526216602822,-4.22369995117185
"892",1727,"Beijing","mpi-esm1-2-hr","ssp585",NA,0,-6.174785723005
"893",1728,"Beijing","mpi-esm1-2-hr","ssp585",NA,0.024412384079499,1.61919065202988
"894",1729,"Beijing","mpi-esm1-2-hr","ssp585",NA,0.286292231638592,1.66821005684991
"895",1730,"Beijing","mpi-esm1-2-hr","ssp585",NA,0.028196337845137,-1.12878101893831
"896",1731,"Beijing","mpi-esm1-2-hr","ssp585",NA,1.14247179838328,0.183647591727142
"897",1732,"Beijing","mpi-esm1-2-hr","ssp585",NA,1.23938973610425,0.636730630057221
"898",1733,"Beijing","mpi-esm1-2-hr","ssp585",NA,0.216443817719534,2.51303089686805
"899",1734,"Beijing","mpi-esm1-2-hr","ssp585",NA,1.2428216095941,3.99377321515767
"900",1735,"Beijing","mpi-esm1-2-hr","ssp585",NA,0.0221130427559858,4.1072833469936
"901",1736,"Beijing","mpi-esm1-2-hr","ssp585",NA,0.544525651555107,2.84181256975449
"902",1737,"Beijing","mpi-esm1-2-hr","ssp585",NA,0.00654667898223644,12.6461583818708
"903",1738,"Beijing","mpi-esm1-2-hr","ssp585",NA,0.00200349282489956,13.2560581752232
"904",1739,"Beijing","mpi-esm1-2-hr","ssp585",NA,0.00639200357649575,17.6004583086286
"905",1740,"Beijing","mpi-esm1-2-hr","ssp585",NA,1.52449574327745,14.9400459289551
"906",1741,"Beijing","mpi-esm1-2-hr","ssp585",NA,0.499390368856569,15.3647214617048
"907",1742,"Beijing","mpi-esm1-2-hr","ssp585",NA,0,18.7470462254116
"908",1743,"Beijing","mpi-esm1-2-hr","ssp585",NA,0.00745554009751816,22.0903248378209
"909",1744,"Beijing","mpi-esm1-2-hr","ssp585",NA,0.397661170420958,23.4195849827358
"910",1745,"Beijing","mpi-esm1-2-hr","ssp585",NA,1.94659312446025,20.3859682355608
"911",1746,"Beijing","mpi-esm1-2-hr","ssp585",NA,1.81288705879784,23.4047163827079
"912",1747,"Beijing","mpi-esm1-2-hr","ssp585",NA,0.00385881031174254,27.7738537379674
"913",1748,"Beijing","mpi-esm1-2-hr","ssp585",NA,0.703520708865264,26.9382704598563
"914",1749,"Beijing","mpi-esm1-2-hr","ssp585",NA,2.36448704195027,28.136618913923
"915",1750,"Beijing","mpi-esm1-2-hr","ssp585",NA,23.3891463160035,25.2525034223284
"916",1751,"Beijing","mpi-esm1-2-hr","ssp585",NA,4.95353968655243,24.9398050580706
"917",1752,"Beijing","mpi-esm1-2-hr","ssp585",NA,0.0888723466037585,28.5554165431432
"918",1753,"Beijing","mpi-esm1-2-hr","ssp585",NA,7.07225502618322,26.6331360953195
"919",1754,"Beijing","mpi-esm1-2-hr","ssp585",NA,9.90532914472298,24.0395239693778
"920",1755,"Beijing","mpi-esm1-2-hr","ssp585",NA,0.00948078143535115,23.4119381495885
"921",1756,"Beijing","mpi-esm1-2-hr","ssp585",NA,1.4035865819421,25.0907373700824
"922",1757,"Beijing","mpi-esm1-2-hr","ssp585",NA,2.5188693137222,25.7057237897601
"923",1758,"Beijing","mpi-esm1-2-hr","ssp585",NA,0.120561411573102,24.0086924961635
"924",1759,"Beijing","mpi-esm1-2-hr","ssp585",NA,0.800136982616095,24.4292917524066
"925",1760,"Beijing","mpi-esm1-2-hr","ssp585",NA,4.37587280267248,20.0455964224679
"926",1761,"Beijing","mpi-esm1-2-hr","ssp585",NA,0,18.2977849687849
"927",1762,"Beijing","mpi-esm1-2-hr","ssp585",NA,0.452144121559935,18.9857596261161
"928",1763,"Beijing","mpi-esm1-2-hr","ssp585",NA,0.0194195026194523,17.0024587358747
"929",1764,"Beijing","mpi-esm1-2-hr","ssp585",NA,0.0272957948449662,17.9592425755092
"930",1765,"Beijing","mpi-esm1-2-hr","ssp585",NA,0.00210019453074242,13.527419934954
"931",1766,"Beijing","mpi-esm1-2-hr","ssp585",NA,0.00282221036026645,10.3349259512765
"932",1767,"Beijing","mpi-esm1-2-hr","ssp585",NA,0.141955786583432,5.06025575910298
"933",1768,"Beijing","mpi-esm1-2-hr","ssp585",NA,0.0239337820858054,4.84603979928155
"934",1769,"Beijing","mpi-esm1-2-hr","ssp585",NA,0.00206210621789589,6.13523090907508
"935",1770,"Beijing","mpi-esm1-2-hr","ssp585",NA,0.009640396703097,3.96528560093473
"936",1771,"Beijing","mpi-esm1-2-hr","ssp585",NA,0,-0.825455910818894
"937",1772,"Beijing","mpi-esm1-2-hr","ssp585",NA,0.034771030543977,-1.2462448120117
"938",1773,"Beijing","mpi-esm1-2-hr","ssp585",NA,0,-3.40385665893553
"939",1774,"Beijing","mpi-esm1-2-hr","ssp585",NA,0,-1.81778073992046
"940",1775,"Beijing","mpi-esm1-2-hr","ssp585",NA,0,-2.43478240966795
"941",1776,"Beijing","mpi-esm1-2-hr","ssp585",NA,0.0121422502681006,-1.87945240565706
"942",1777,"Beijing","mpi-esm1-2-hr","ssp585",NA,0.00505524425794386,-2.94072516305104
"943",1778,"Beijing","mpi-esm1-2-hr","ssp585",NA,0.00195067736318119,-0.565556226457846
"944",1779,"Beijing","mpi-esm1-2-hr","ssp585",NA,0.0843638505102717,-4.890423474993
"945",1780,"Beijing","mpi-esm1-2-hr","ssp585",NA,0.00434169142603683,-3.46405149187358
"946",1781,"Beijing","mpi-esm1-2-hr","ssp585",NA,0,2.17143456595287
"947",1782,"Beijing","mpi-esm1-2-hr","ssp585",NA,0,-0.471160997663202
"948",1783,"Beijing","mpi-esm1-2-hr","ssp585",NA,0,-1.24545843941822
"949",1784,"Beijing","mpi-esm1-2-hr","ssp585",NA,0.00939454722746242,5.14167774745399
"950",1785,"Beijing","mpi-esm1-2-hr","ssp585",NA,0.518962216834292,1.58912048339846
"951",1786,"Beijing","mpi-esm1-2-hr","ssp585",NA,0,6.61633725847519
"952",1787,"Beijing","mpi-esm1-2-hr","ssp585",NA,0.0911668001598239,2.2463454110282
"953",1788,"Beijing","mpi-esm1-2-hr","ssp585",NA,0.0118202960818183,14.6703887939453
"954",1789,"Beijing","mpi-esm1-2-hr","ssp585",NA,2.00562138746006,9.91943402971543
"955",1790,"Beijing","mpi-esm1-2-hr","ssp585",NA,0.9475378305394,12.3040154593332
"956",1791,"Beijing","mpi-esm1-2-hr","ssp585",NA,1.82937378763849,11.8922973632813
"957",1792,"Beijing","mpi-esm1-2-hr","ssp585",NA,1.88018459501628,12.2126180376325
"958",1793,"Beijing","mpi-esm1-2-hr","ssp585",NA,0.563361361868634,14.2517541067941
"959",1794,"Beijing","mpi-esm1-2-hr","ssp585",NA,0,18.4328214372908
"960",1795,"Beijing","mpi-esm1-2-hr","ssp585",NA,5.20478781815135,22.1513142177037
"961",1796,"Beijing","mpi-esm1-2-hr","ssp585",NA,0.00918896596756115,22.4187555585589
"962",1797,"Beijing","mpi-esm1-2-hr","ssp585",NA,0.823275367637117,21.757952444894
"963",1798,"Beijing","mpi-esm1-2-hr","ssp585",NA,3.93344542300318,23.3641247340611
"964",1799,"Beijing","mpi-esm1-2-hr","ssp585",NA,0.7243316721932,24.417752293178
"965",1800,"Beijing","mpi-esm1-2-hr","ssp585",NA,3.30658927587137,22.7354402814593
"966",1801,"Beijing","mpi-esm1-2-hr","ssp585",NA,0.318790814454977,27.3744903564453
"967",1802,"Beijing","mpi-esm1-2-hr","ssp585",NA,17.4359041765976,24.605720955985
"968",1803,"Beijing","mpi-esm1-2-hr","ssp585",NA,0.294247473954913,26.5058723449707
"969",1804,"Beijing","mpi-esm1-2-hr","ssp585",NA,11.2956953363859,26.9034885951451
"970",1805,"Beijing","mpi-esm1-2-hr","ssp585",NA,4.30905661069118,27.8417313711984
"971",1806,"Beijing","mpi-esm1-2-hr","ssp585",NA,3.8774742010511,25.2640363420759
"972",1807,"Beijing","mpi-esm1-2-hr","ssp585",NA,2.42820034949805,26.0110854012626
"973",1808,"Beijing","mpi-esm1-2-hr","ssp585",NA,1.63141833705335,24.4924407958985
"974",1809,"Beijing","mpi-esm1-2-hr","ssp585",NA,0.319282805451491,23.6880393981934
"975",1810,"Beijing","mpi-esm1-2-hr","ssp585",NA,1.37863162006917,24.446734728132
"976",1811,"Beijing","mpi-esm1-2-hr","ssp585",NA,0,25.7288054330009
"977",1812,"Beijing","mpi-esm1-2-hr","ssp585",NA,4.69303129679507,21.5670737130302
"978",1813,"Beijing","mpi-esm1-2-hr","ssp585",NA,0,18.2464544023786
"979",1814,"Beijing","mpi-esm1-2-hr","ssp585",NA,0.377725686121266,20.0917815072196
"980",1815,"Beijing","mpi-esm1-2-hr","ssp585",NA,1.15147415971738,16.856827218192
"981",1816,"Beijing","mpi-esm1-2-hr","ssp585",NA,0.00187101233158111,15.0533309936524
"982",1817,"Beijing","mpi-esm1-2-hr","ssp585",NA,1.12512774309965,13.1606558663505
"983",1818,"Beijing","mpi-esm1-2-hr","ssp585",NA,2.61324244267079,12.9432900565011
"984",1819,"Beijing","mpi-esm1-2-hr","ssp585",NA,1.395435136614,6.77327880859377
"985",1820,"Beijing","mpi-esm1-2-hr","ssp585",NA,2.20071964031377,5.56156855991911
"986",1821,"Beijing","mpi-esm1-2-hr","ssp585",NA,0.833117199259245,1.87634538922993
"987",1822,"Beijing","mpi-esm1-2-hr","ssp585",NA,0.24856501809154,0.0317626953125235
"988",1823,"Beijing","mpi-esm1-2-hr","ssp585",NA,0.0021338144636372,-2.27965284075053
"989",1824,"Beijing","mpi-esm1-2-hr","ssp585",NA,0.0680624641063332,0.819942910330659
"990",1825,"Beijing","mpi-esm1-2-hr","ssp585",NA,0.00206361836327623,-2.16121956961493
"991",1826,"Beijing","mpi-esm1-2-hr","ssp585",NA,0,-1.3245534624372
"992",1827,"Beijing","mpi-esm1-2-hr","ssp585",NA,0,-1.05977587018692
"993",1828,"Beijing","mpi-esm1-2-hr","ssp585",NA,0,-4.35865249633787
"994",1829,"Beijing","mpi-esm1-2-hr","ssp585",NA,0.447501673696544,-3.12654942103792
"995",1830,"Beijing","mpi-esm1-2-hr","ssp585",NA,0.00523796144469608,-7.13788016183034
"996",1831,"Beijing","mpi-esm1-2-hr","ssp585",NA,0.130078862139271,-7.22638168334959
"997",1832,"Beijing","mpi-esm1-2-hr","ssp585",NA,0.0847616792790567,-4.1128094264439
"998",1833,"Beijing","mpi-esm1-2-hr","ssp585",NA,0.124576530989933,-2.09954735892157
"999",1834,"Beijing","mpi-esm1-2-hr","ssp585",NA,0.0659032580188068,-1.78471276419501
"1000",1835,"Beijing","mpi-esm1-2-hr","ssp585",NA,0,1.36244899204801
"1001",1836,"Beijing","mpi-esm1-2-hr","ssp585",NA,0.00859755522729496,5.31503720964706
"1002",1837,"Beijing","mpi-esm1-2-hr","ssp585",NA,0.0935335825358508,2.80839909144812
"1003",1838,"Beijing","mpi-esm1-2-hr","ssp585",NA,0.0862187703595347,1.18377184186665
"1004",1839,"Beijing","mpi-esm1-2-hr","ssp585",NA,0.112956114181933,6.77079871041436
"1005",1840,"Beijing","mpi-esm1-2-hr","ssp585",NA,0.454564075464857,6.63465924944199
"1006",1841,"Beijing","mpi-esm1-2-hr","ssp585",NA,0,6.35792040143697
"1007",1842,"Beijing","mpi-esm1-2-hr","ssp585",NA,0.0043623140300042,11.2079041617257
"1008",1843,"Beijing","mpi-esm1-2-hr","ssp585",NA,0.308661650478825,11.9458720615932
"1009",1844,"Beijing","mpi-esm1-2-hr","ssp585",NA,0.477930659202944,16.0394117082869
"1010",1845,"Beijing","mpi-esm1-2-hr","ssp585",NA,0.541205609468827,17.7677736554827
"1011",1846,"Beijing","mpi-esm1-2-hr","ssp585",NA,0.0449303779662712,19.2631137302944
"1012",1847,"Beijing","mpi-esm1-2-hr","ssp585",NA,1.670342961188,20.277600315639
"1013",1848,"Beijing","mpi-esm1-2-hr","ssp585",NA,0.615842145524376,20.956790815081
"1014",1849,"Beijing","mpi-esm1-2-hr","ssp585",NA,0.388389892772726,25.4298721313477
"1015",1850,"Beijing","mpi-esm1-2-hr","ssp585",NA,1.88851089441024,25.2458495003837
"1016",1851,"Beijing","mpi-esm1-2-hr","ssp585",NA,1.67956957590962,25.0502432686942
"1017",1852,"Beijing","mpi-esm1-2-hr","ssp585",NA,11.6653313569389,24.1922421046666
"1018",1853,"Beijing","mpi-esm1-2-hr","ssp585",NA,5.91120609434646,24.240244620187
"1019",1854,"Beijing","mpi-esm1-2-hr","ssp585",NA,5.61922924708986,24.6560504368374
"1020",1855,"Beijing","mpi-esm1-2-hr","ssp585",NA,5.08491960148863,24.8691405160087
"1021",1856,"Beijing","mpi-esm1-2-hr","ssp585",NA,4.12592943819488,26.0817771911621
"1022",1857,"Beijing","mpi-esm1-2-hr","ssp585",NA,0.770270832669796,26.1838099888393
"1023",1858,"Beijing","mpi-esm1-2-hr","ssp585",NA,2.09177851855722,26.6339916774205
"1024",1859,"Beijing","mpi-esm1-2-hr","ssp585",NA,5.72409629873749,23.6054686410087
"1025",1860,"Beijing","mpi-esm1-2-hr","ssp585",NA,1.16398149197526,26.6321475437709
"1026",1861,"Beijing","mpi-esm1-2-hr","ssp585",NA,0.0251303189933034,26.2803016662598
"1027",1862,"Beijing","mpi-esm1-2-hr","ssp585",NA,5.0114380787688,22.5468721662249
"1028",1863,"Beijing","mpi-esm1-2-hr","ssp585",NA,0.00829634309411631,23.0964692252023
"1029",1864,"Beijing","mpi-esm1-2-hr","ssp585",NA,0.00212460074310781,25.3704195295062
"1030",1865,"Beijing","mpi-esm1-2-hr","ssp585",NA,0,19.793959917341
"1031",1866,"Beijing","mpi-esm1-2-hr","ssp585",NA,3.05327546580624,19.7213912963867
"1032",1867,"Beijing","mpi-esm1-2-hr","ssp585",NA,1.03704804658134,12.5990746634347
"1033",1868,"Beijing","mpi-esm1-2-hr","ssp585",NA,0.00193711962310773,16.8217014857701
"1034",1869,"Beijing","mpi-esm1-2-hr","ssp585",NA,0.00640571479380015,12.1979505266462
"1035",1870,"Beijing","mpi-esm1-2-hr","ssp585",NA,0.343930558879687,11.289446585519
"1036",1871,"Beijing","mpi-esm1-2-hr","ssp585",NA,0.00331864079531182,6.33884255545482
"1037",1872,"Beijing","mpi-esm1-2-hr","ssp585",NA,0.75692190722683,6.40263464791436
"1038",1873,"Beijing","mpi-esm1-2-hr","ssp585",NA,0,2.44045682634628
"1039",1874,"Beijing","mpi-esm1-2-hr","ssp585",NA,0.00553787209095649,-1.78103212629044
"1040",1875,"Beijing","mpi-esm1-2-hr","ssp585",NA,0.00585343513453802,1.55210756574361
"1041",1876,"Beijing","mpi-esm1-2-hr","ssp585",NA,0.00210895851913457,-0.0252245221818974
"1042",1877,"Beijing","mpi-esm1-2-hr","ssp585",NA,0.239788287230373,1.6762530735561
"1043",1878,"Beijing","mpi-esm1-2-hr","ssp585",NA,1.12871747765634,-1.16705278669083
"1044",1879,"Beijing","mpi-esm1-2-hr","ssp585",NA,0.477453093487514,-4.2625793457031
"1045",1880,"Beijing","mpi-esm1-2-hr","ssp585",NA,0.00185526346285769,-3.08032346452983
"1046",1881,"Beijing","mpi-esm1-2-hr","ssp585",NA,0.151524480829071,-4.52467248099189
"1047",1882,"Beijing","mpi-esm1-2-hr","ssp585",NA,0,-7.02262180873324
"1048",1883,"Beijing","mpi-esm1-2-hr","ssp585",NA,0.284451357674697,-4.39590029035293
"1049",1884,"Beijing","mpi-esm1-2-hr","ssp585",NA,0.241590787676874,-2.63101370675221
"1050",1885,"Beijing","mpi-esm1-2-hr","ssp585",NA,0,-2.12480664934429
"1051",1886,"Beijing","mpi-esm1-2-hr","ssp585",NA,0.00472770244804061,1.90314854213172
"1052",1887,"Beijing","mpi-esm1-2-hr","ssp585",NA,0.0248138877071012,-0.824055371965658
"1053",1888,"Beijing","mpi-esm1-2-hr","ssp585",NA,0.023124578910938,-2.53158362252369
"1054",1889,"Beijing","mpi-esm1-2-hr","ssp585",NA,0.0418263625371245,2.97171663556782
"1055",1890,"Beijing","mpi-esm1-2-hr","ssp585",NA,0.225352041206861,4.47790625435968
"1056",1891,"Beijing","mpi-esm1-2-hr","ssp585",NA,0.601023637883762,4.143023790632
"1057",1892,"Beijing","mpi-esm1-2-hr","ssp585",NA,0.0345432513898101,8.03513597760884
"1058",1893,"Beijing","mpi-esm1-2-hr","ssp585",NA,0.0481093814934346,10.9027817862375
"1059",1894,"Beijing","mpi-esm1-2-hr","ssp585",NA,0.014928121605148,12.2819932120187
"1060",1895,"Beijing","mpi-esm1-2-hr","ssp585",NA,0.548240307983048,12.2002938406808
"1061",1896,"Beijing","mpi-esm1-2-hr","ssp585",NA,0.790476172564273,17.8690947396415
"1062",1897,"Beijing","mpi-esm1-2-hr","ssp585",NA,0.773689487297296,15.5249338422503
"1063",1898,"Beijing","mpi-esm1-2-hr","ssp585",NA,0,22.648821585519
"1064",1899,"Beijing","mpi-esm1-2-hr","ssp585",NA,0.00581356104833373,20.906451525007
"1065",1900,"Beijing","mpi-esm1-2-hr","ssp585",NA,0.0680629292738949,23.9109763009208
"1066",1901,"Beijing","mpi-esm1-2-hr","ssp585",NA,0.128464580731296,23.595968409947
"1067",1902,"Beijing","mpi-esm1-2-hr","ssp585",NA,4.33554404657376,23.0767069135394
"1068",1903,"Beijing","mpi-esm1-2-hr","ssp585",NA,3.83419885068049,21.8803971426828
"1069",1904,"Beijing","mpi-esm1-2-hr","ssp585",NA,2.02135975342961,22.341032736642
"1070",1905,"Beijing","mpi-esm1-2-hr","ssp585",NA,1.53105435682457,24.9485238211496
"1071",1906,"Beijing","mpi-esm1-2-hr","ssp585",NA,1.73755788087614,26.2537546430315
"1072",1907,"Beijing","mpi-esm1-2-hr","ssp585",NA,9.20128569539105,24.222980935233
"1073",1908,"Beijing","mpi-esm1-2-hr","ssp585",NA,2.65231288789047,25.2027995518276
"1074",1909,"Beijing","mpi-esm1-2-hr","ssp585",NA,0.00410640100848728,27.8849987574986
"1075",1910,"Beijing","mpi-esm1-2-hr","ssp585",NA,15.9334242130821,26.1110539027623
"1076",1911,"Beijing","mpi-esm1-2-hr","ssp585",NA,4.15107578670099,25.8800113133022
"1077",1912,"Beijing","mpi-esm1-2-hr","ssp585",NA,1.00711779138822,26.7115510123117
"1078",1913,"Beijing","mpi-esm1-2-hr","ssp585",NA,6.20622514798015,27.8645454406739
"1079",1914,"Beijing","mpi-esm1-2-hr","ssp585",NA,6.43665115328206,23.7302768162319
"1080",1915,"Beijing","mpi-esm1-2-hr","ssp585",NA,5.71466151311272,18.7395192827497
"1081",1916,"Beijing","mpi-esm1-2-hr","ssp585",NA,0.780646590179198,21.0944294520787
"1082",1917,"Beijing","mpi-esm1-2-hr","ssp585",NA,0.0449489464309798,19.1864225115095
"1083",1918,"Beijing","mpi-esm1-2-hr","ssp585",NA,0.245348980596256,18.858289882115
"1084",1919,"Beijing","mpi-esm1-2-hr","ssp585",NA,0.606930233321431,13.7256021772112
"1085",1920,"Beijing","mpi-esm1-2-hr","ssp585",NA,0.569227456331386,13.2440614972796
"1086",1921,"Beijing","mpi-esm1-2-hr","ssp585",NA,0.00267687636811129,12.5856763567244
"1087",1922,"Beijing","mpi-esm1-2-hr","ssp585",NA,0.0246882059920088,11.1293617248535
"1088",1923,"Beijing","mpi-esm1-2-hr","ssp585",NA,0.329856813622038,9.33806490216938
"1089",1924,"Beijing","mpi-esm1-2-hr","ssp585",NA,0.00191769729878745,3.27839431762698
"1090",1925,"Beijing","mpi-esm1-2-hr","ssp585",NA,0.0264192781352384,6.89101508004327
"1091",1926,"Beijing","mpi-esm1-2-hr","ssp585",NA,0.0580890293544404,4.00138953072686
"1092",1927,"Beijing","mpi-esm1-2-hr","ssp585",NA,0.00183101511278698,-0.070103345598471
"1093",1928,"Beijing","mpi-esm1-2-hr","ssp585",NA,0.00402812113082161,-0.454824829101539
"1094",1929,"Beijing","mpi-esm1-2-hr","ssp585",NA,0,-2.65929151262553
"1095",1930,"Beijing","mpi-esm1-2-hr","ssp585",NA,0.482452535704527,-3.35729391915455
"1096",1931,"Beijing","mpi-esm1-2-hr","ssp585",NA,0.00211218627685281,-6.93595733642576
"1097",1932,"Beijing","mpi-esm1-2-hr","ssp585",NA,0,-4.51050633021761
"1098",1933,"Beijing","mpi-esm1-2-hr","ssp585",NA,0.00255113992742346,-2.1050585065569
"1099",1934,"Beijing","mpi-esm1-2-hr","ssp585",NA,0.0768326349121447,-3.43156661987302
"1100",1935,"Beijing","mpi-esm1-2-hr","ssp585",NA,0.00186389975819371,-4.55659495762414
"1101",1936,"Beijing","mpi-esm1-2-hr","ssp585",NA,0.0281589420215563,-5.31294915335517
"1102",1937,"Beijing","mpi-esm1-2-hr","ssp585",NA,0.0495135224030362,-1.53435799734931
"1103",1938,"Beijing","mpi-esm1-2-hr","ssp585",NA,0,-1.03927950177872
"1104",1939,"Beijing","mpi-esm1-2-hr","ssp585",NA,0.00252929424147754,3.48123975481308
"1105",1940,"Beijing","mpi-esm1-2-hr","ssp585",NA,0.374819859786969,3.30915440150672
"1106",1941,"Beijing","mpi-esm1-2-hr","ssp585",NA,0.00328701606641906,5.35792585100449
"1107",1942,"Beijing","mpi-esm1-2-hr","ssp585",NA,0.904263589063704,6.53349947248189
"1108",1943,"Beijing","mpi-esm1-2-hr","ssp585",NA,0.0116385111596173,4.61245607648579
"1109",1944,"Beijing","mpi-esm1-2-hr","ssp585",NA,0.9703077186584,4.93627101353239
"1110",1945,"Beijing","mpi-esm1-2-hr","ssp585",NA,0,12.7265531267439
"1111",1946,"Beijing","mpi-esm1-2-hr","ssp585",NA,0.940358330730564,13.0988724844797
"1112",1947,"Beijing","mpi-esm1-2-hr","ssp585",NA,0.0646543188979973,13.4802708217076
"1113",1948,"Beijing","mpi-esm1-2-hr","ssp585",NA,0.00292766658276377,20.8796957833427
"1114",1949,"Beijing","mpi-esm1-2-hr","ssp585",NA,0.031803138543702,18.9609711783273
"1115",1950,"Beijing","mpi-esm1-2-hr","ssp585",NA,1.6160513698456,19.4742032732282
"1116",1951,"Beijing","mpi-esm1-2-hr","ssp585",NA,1.26388010082467,20.6112958635603
"1117",1952,"Beijing","mpi-esm1-2-hr","ssp585",NA,1.85866061453583,21.6798922947475
"1118",1953,"Beijing","mpi-esm1-2-hr","ssp585",NA,4.75909354652556,22.0509179251535
"1119",1954,"Beijing","mpi-esm1-2-hr","ssp585",NA,0.252517717178437,27.4894904000419
"1120",1955,"Beijing","mpi-esm1-2-hr","ssp585",NA,0.294113564807828,24.228961290632
"1121",1956,"Beijing","mpi-esm1-2-hr","ssp585",NA,2.89226116189119,23.3086361476354
"1122",1957,"Beijing","mpi-esm1-2-hr","ssp585",NA,5.55590713528805,24.4376165117537
"1123",1958,"Beijing","mpi-esm1-2-hr","ssp585",NA,0.436935947332781,27.2609606061663
"1124",1959,"Beijing","mpi-esm1-2-hr","ssp585",NA,2.31795907353184,28.0898534502302
"1125",1960,"Beijing","mpi-esm1-2-hr","ssp585",NA,17.1659326372199,26.814714050293
"1126",1961,"Beijing","mpi-esm1-2-hr","ssp585",NA,15.7053270740887,25.396008518764
"1127",1962,"Beijing","mpi-esm1-2-hr","ssp585",NA,6.1088583363666,23.9524954659598
"1128",1963,"Beijing","mpi-esm1-2-hr","ssp585",NA,0.878124942554288,23.5805880955288
"1129",1964,"Beijing","mpi-esm1-2-hr","ssp585",NA,6.21979067943487,26.0499582563128
"1130",1965,"Beijing","mpi-esm1-2-hr","ssp585",NA,4.80764395966357,24.5678780691964
"1131",1966,"Beijing","mpi-esm1-2-hr","ssp585",NA,0.259663048044396,24.1906639099121
"1132",1967,"Beijing","mpi-esm1-2-hr","ssp585",NA,0,26.0322471618653
"1133",1968,"Beijing","mpi-esm1-2-hr","ssp585",NA,0.0486894712269402,20.8660991123745
"1134",1969,"Beijing","mpi-esm1-2-hr","ssp585",NA,0,18.5431969778879
"1135",1970,"Beijing","mpi-esm1-2-hr","ssp585",NA,1.55998179722831,19.6247094290597
"1136",1971,"Beijing","mpi-esm1-2-hr","ssp585",NA,8.6975962654703,18.0191142490932
"1137",1972,"Beijing","mpi-esm1-2-hr","ssp585",NA,1.32003649665161,10.1745762416295
"1138",1973,"Beijing","mpi-esm1-2-hr","ssp585",NA,0.354865899459712,12.1197252546038
"1139",1974,"Beijing","mpi-esm1-2-hr","ssp585",NA,0.944547796247467,6.07090693882536
"1140",1975,"Beijing","mpi-esm1-2-hr","ssp585",NA,0.0025609433513247,7.05958382742748
"1141",1976,"Beijing","mpi-esm1-2-hr","ssp585",NA,0.13282909273065,8.42054465157647
"1142",1977,"Beijing","mpi-esm1-2-hr","ssp585",NA,1.00504415596073,2.39858289446152
"1143",1978,"Beijing","mpi-esm1-2-hr","ssp585",NA,0,3.3835148402623
"1144",1979,"Beijing","mpi-esm1-2-hr","ssp585",NA,0,1.8330153329032
"1145",1980,"Beijing","mpi-esm1-2-hr","ssp585",NA,0,-2.05110015869138
"1146",1981,"Beijing","mpi-esm1-2-hr","ssp585",NA,0.0018311894629213,-0.377184840611027
"1147",1982,"Beijing","mpi-esm1-2-hr","ssp585",NA,0.0169745699882437,-1.15712748936242
"1148",1983,"Beijing","mpi-esm1-2-hr","ssp585",NA,0.0232115259547884,-3.51490413120813
"1149",1984,"Beijing","mpi-esm1-2-hr","ssp585",NA,0.179847072552418,-5.02488119942799
"1150",1985,"Beijing","mpi-esm1-2-hr","ssp585",NA,0.140363988625073,-3.31850226266041
"1151",1986,"Beijing","mpi-esm1-2-hr","ssp585",NA,0,-2.1618337358747
"1152",1987,"Beijing","mpi-esm1-2-hr","ssp585",NA,0.00260070851254567,-2.67740369524272
"1153",1988,"Beijing","mpi-esm1-2-hr","ssp585",NA,0,0.837081255231607
"1154",1989,"Beijing","mpi-esm1-2-hr","ssp585",NA,0.00383785058407479,2.7879098074777
"1155",1990,"Beijing","mpi-esm1-2-hr","ssp585",NA,0.00272101501650467,-1.7788866315569
"1156",1991,"Beijing","mpi-esm1-2-hr","ssp585",NA,0,3.68396312168669
"1157",1992,"Beijing","mpi-esm1-2-hr","ssp585",NA,0.89946877795098,2.59378422328406
"1158",1993,"Beijing","mpi-esm1-2-hr","ssp585",NA,0.715403541568906,4.50811865670343
"1159",1994,"Beijing","mpi-esm1-2-hr","ssp585",NA,0.00179858493538631,6.81341868809294
"1160",1995,"Beijing","mpi-esm1-2-hr","ssp585",NA,0.217249973625907,5.89731314522882
"1161",1996,"Beijing","mpi-esm1-2-hr","ssp585",NA,2.36418568405757,6.85497109549388
"1162",1997,"Beijing","mpi-esm1-2-hr","ssp585",NA,0.0876845547411774,5.09787739345008
"1163",1998,"Beijing","mpi-esm1-2-hr","ssp585",NA,0.421691282710006,12.4154133387975
"1164",1999,"Beijing","mpi-esm1-2-hr","ssp585",NA,0,17.046229662214
"1165",2000,"Beijing","mpi-esm1-2-hr","ssp585",NA,0,16.5305643354144
"1166",2001,"Beijing","mpi-esm1-2-hr","ssp585",NA,0.541479879419577,15.7636734008789
"1167",2002,"Beijing","mpi-esm1-2-hr","ssp585",NA,0,16.4767890930176
"1168",2003,"Beijing","mpi-esm1-2-hr","ssp585",NA,3.77186154017701,17.7826160975865
"1169",2004,"Beijing","mpi-esm1-2-hr","ssp585",NA,0.487735540348565,20.4470420837402
"1170",2005,"Beijing","mpi-esm1-2-hr","ssp585",NA,1.3979350221624,20.9737901960101
"1171",2006,"Beijing","mpi-esm1-2-hr","ssp585",NA,0.280538450410209,23.4799901689802
"1172",2007,"Beijing","mpi-esm1-2-hr","ssp585",NA,2.4752951651083,23.6296189444406
"1173",2008,"Beijing","mpi-esm1-2-hr","ssp585",NA,0.662928434465876,23.3477542332241
"1174",2009,"Beijing","mpi-esm1-2-hr","ssp585",NA,0.0830585224516004,25.0914430890765
"1175",2010,"Beijing","mpi-esm1-2-hr","ssp585",NA,7.08090892141107,24.7459715706962
"1176",2011,"Beijing","mpi-esm1-2-hr","ssp585",NA,1.32461617706342,26.1510907854353
"1177",2012,"Beijing","mpi-esm1-2-hr","ssp585",NA,7.46384953616662,25.7453475952149
"1178",2013,"Beijing","mpi-esm1-2-hr","ssp585",NA,3.10266337823383,27.0383032662528
"1179",2014,"Beijing","mpi-esm1-2-hr","ssp585",NA,13.8850499957633,26.7746842520578
"1180",2015,"Beijing","mpi-esm1-2-hr","ssp585",NA,0.33581620627956,26.3686168125698
"1181",2016,"Beijing","mpi-esm1-2-hr","ssp585",NA,0.217277867367167,26.8043484279088
"1182",2017,"Beijing","mpi-esm1-2-hr","ssp585",NA,11.481222640545,23.9373729160854
"1183",2018,"Beijing","mpi-esm1-2-hr","ssp585",NA,0.268407023005628,23.9695809500558
"1184",2019,"Beijing","mpi-esm1-2-hr","ssp585",NA,5.83248698834983,25.1094833374024
"1185",2020,"Beijing","mpi-esm1-2-hr","ssp585",NA,9.53967833078682,19.541025870187
"1186",2021,"Beijing","mpi-esm1-2-hr","ssp585",NA,1.7483987333305,19.7972732543946
"1187",2022,"Beijing","mpi-esm1-2-hr","ssp585",NA,2.37154174477447,18.3962401253837
"1188",2023,"Beijing","mpi-esm1-2-hr","ssp585",NA,3.08152844148546,15.4191528320313
"1189",2024,"Beijing","mpi-esm1-2-hr","ssp585",NA,0.896625806594134,14.4221511840821
"1190",2025,"Beijing","mpi-esm1-2-hr","ssp585",NA,0.073426288632358,14.1889592851911
"1191",2026,"Beijing","mpi-esm1-2-hr","ssp585",NA,0.415711560896983,12.8964510236468
"1192",2027,"Beijing","mpi-esm1-2-hr","ssp585",NA,0.530312983970102,9.51602815900532
"1193",2028,"Beijing","mpi-esm1-2-hr","ssp585",NA,1.11295107499245,10.9672354561942
"1194",2029,"Beijing","mpi-esm1-2-hr","ssp585",NA,1.41902635804659,5.92338224138535
"1195",2030,"Beijing","mpi-esm1-2-hr","ssp585",NA,0.476163536749092,3.18287974766325
"1196",2031,"Beijing","mpi-esm1-2-hr","ssp585",NA,0.00569697834050333,0.0337109157017536
"1197",2032,"Beijing","mpi-esm1-2-hr","ssp585",NA,0,2.27346954345705
"1198",2033,"Beijing","mpi-esm1-2-hr","ssp585",NA,0.253124173072397,-0.387028939383348
"1199",2034,"Beijing","mpi-esm1-2-hr","ssp585",NA,0.381695571149976,-5.9312429155622
"1200",2035,"Beijing","mpi-esm1-2-hr","ssp585",NA,0.00452146939226493,-9.96763676234653
"1201",2036,"Beijing","mpi-esm1-2-hr","ssp585",NA,0,-7.44496601649691
"1202",2037,"Beijing","mpi-esm1-2-hr","ssp585",NA,0.702989430854879,-7.5407056535993
"1203",2038,"Beijing","mpi-esm1-2-hr","ssp585",NA,0,-9.32055157252718
"1204",2039,"Beijing","mpi-esm1-2-hr","ssp585",NA,0.207937658972566,-5.35257568359373
"1205",2040,"Beijing","mpi-esm1-2-hr","ssp585",NA,0.155408391947276,-8.69499053955077
"1206",2041,"Beijing","mpi-esm1-2-hr","ssp585",NA,0.463175924947531,-5.03938413347515
"1207",2042,"Beijing","mpi-esm1-2-hr","ssp585",NA,0.416512841138683,-0.654738943917389
"1208",2043,"Beijing","mpi-esm1-2-hr","ssp585",NA,0.137654135174411,-1.89789592197961
"1209",2044,"Beijing","mpi-esm1-2-hr","ssp585",NA,0,-2.45689893450054
"1210",2045,"Beijing","mpi-esm1-2-hr","ssp585",NA,0.308461790499288,-1.32802592686242
"1211",2046,"Beijing","mpi-esm1-2-hr","ssp585",NA,2.58821365579414,-1.61345629010879
"1212",2047,"Beijing","mpi-esm1-2-hr","ssp585",NA,1.12332947564287,0.288361576625302
"1213",2048,"Beijing","mpi-esm1-2-hr","ssp585",NA,0.543492591577888,0.327408272879486
"1214",2049,"Beijing","mpi-esm1-2-hr","ssp585",NA,0.306505506393608,6.3926712036133
"1215",2050,"Beijing","mpi-esm1-2-hr","ssp585",NA,0.00199621011103903,14.4054580688477
"1216",2051,"Beijing","mpi-esm1-2-hr","ssp585",NA,1.46850792912119,13.4389418465751
"1217",2052,"Beijing","mpi-esm1-2-hr","ssp585",NA,0.417695432666473,13.6955881391253
"1218",2053,"Beijing","mpi-esm1-2-hr","ssp585",NA,0.310681558351332,19.3889513288226
"1219",2054,"Beijing","mpi-esm1-2-hr","ssp585",NA,1.07572119485277,15.879345376151
"1220",2055,"Beijing","mpi-esm1-2-hr","ssp585",NA,0.159180995940135,19.1587463378906
"1221",2056,"Beijing","mpi-esm1-2-hr","ssp585",NA,1.99696486645605,20.6908878871373
"1222",2057,"Beijing","mpi-esm1-2-hr","ssp585",NA,0.0181183719437935,22.3302207946778
"1223",2058,"Beijing","mpi-esm1-2-hr","ssp585",NA,0.965025155151775,24.3378474644252
"1224",2059,"Beijing","mpi-esm1-2-hr","ssp585",NA,0.84105665674932,27.0249142238072
"1225",2060,"Beijing","mpi-esm1-2-hr","ssp585",NA,3.77396608381397,23.5953182765416
"1226",2061,"Beijing","mpi-esm1-2-hr","ssp585",NA,1.8482869532623,26.2182501656669
"1227",2062,"Beijing","mpi-esm1-2-hr","ssp585",NA,20.5929263504329,26.9472442626953
"1228",2063,"Beijing","mpi-esm1-2-hr","ssp585",NA,6.52648038516677,25.3761840820313
"1229",2064,"Beijing","mpi-esm1-2-hr","ssp585",NA,12.1050537758362,26.5801864624023
"1230",2065,"Beijing","mpi-esm1-2-hr","ssp585",NA,1.32033696911224,27.7837648664202
"1231",2066,"Beijing","mpi-esm1-2-hr","ssp585",NA,4.14228204512515,27.564109148298
"1232",2067,"Beijing","mpi-esm1-2-hr","ssp585",NA,0.312739383870004,26.9151817321778
"1233",2068,"Beijing","mpi-esm1-2-hr","ssp585",NA,0.534985907675686,26.8467351640974
"1234",2069,"Beijing","mpi-esm1-2-hr","ssp585",NA,0.425295354320302,27.1897636413574
"1235",2070,"Beijing","mpi-esm1-2-hr","ssp585",NA,0.0377228321667644,25.6739751543318
"1236",2071,"Beijing","mpi-esm1-2-hr","ssp585",NA,0.0374700472743175,26.4494453430176
"1237",2072,"Beijing","mpi-esm1-2-hr","ssp585",NA,0.248014760823675,24.4515096391951
"1238",2073,"Beijing","mpi-esm1-2-hr","ssp585",NA,5.17611714392712,19.9611695425851
"1239",2074,"Beijing","mpi-esm1-2-hr","ssp585",NA,15.3883237836843,17.1393894740514
"1240",2075,"Beijing","mpi-esm1-2-hr","ssp585",NA,0.349533400776636,14.163162122454
"1241",2076,"Beijing","mpi-esm1-2-hr","ssp585",NA,0,13.7601235525949
"1242",2077,"Beijing","mpi-esm1-2-hr","ssp585",NA,1.06616730773957,14.7087123325893
"1243",2078,"Beijing","mpi-esm1-2-hr","ssp585",NA,0.59168206450652,13.7267356872559
"1244",2079,"Beijing","mpi-esm1-2-hr","ssp585",NA,0.578268672312073,8.46999620710102
"1245",2080,"Beijing","mpi-esm1-2-hr","ssp585",NA,0,7.96879839215963
"1246",2081,"Beijing","mpi-esm1-2-hr","ssp585",NA,0,7.41571960449221
"1247",2082,"Beijing","mpi-esm1-2-hr","ssp585",NA,0.00515003916266972,5.62794810703825
"1248",2083,"Beijing","mpi-esm1-2-hr","ssp585",NA,0,4.81554129464288
"1249",2084,"Beijing","mpi-esm1-2-hr","ssp585",NA,0.00196329389317335,-0.239443206787087
"1250",2085,"Beijing","mpi-esm1-2-hr","ssp585",NA,0.187234242139311,0.112411390032109
"1251",2086,"Beijing","mpi-esm1-2-hr","ssp585",NA,0,-6.68150394984652
"1252",2087,"Beijing","mpi-esm1-2-hr","ssp585",NA,0.234668160692309,-4.85293807983396
"1253",2088,"Beijing","mpi-esm1-2-hr","ssp585",NA,0,-8.69994174412315
"1254",2089,"Beijing","mpi-esm1-2-hr","ssp585",NA,0.225580676150067,-3.37247259957447
"1255",2090,"Beijing","mpi-esm1-2-hr","ssp585",NA,0.00394547057242432,-6.51566325596399
"1256",2091,"Beijing","mpi-esm1-2-hr","ssp585",NA,0,-3.24716851370673
"1257",2092,"Beijing","mpi-esm1-2-hr","ssp585",NA,0.00463447073083704,-1.57902755737302
"1258",2093,"Beijing","mpi-esm1-2-hr","ssp585",NA,0,0.736924198695615
"1259",2094,"Beijing","mpi-esm1-2-hr","ssp585",NA,0.275091857630676,4.49687292916436
"1260",2095,"Beijing","mpi-esm1-2-hr","ssp585",NA,0,-1.97668304443357
"1261",2096,"Beijing","mpi-esm1-2-hr","ssp585",NA,1.6301916024921,-0.530107334681897
"1262",2097,"Beijing","mpi-esm1-2-hr","ssp585",NA,0.12874030248895,-1.06184289114814
"1263",2098,"Beijing","mpi-esm1-2-hr","ssp585",NA,0.200105176340263,0.294837297712077
"1264",2099,"Beijing","mpi-esm1-2-hr","ssp585",NA,0.681362885136748,3.04693102155415
"1265",2100,"Beijing","mpi-esm1-2-hr","ssp585",NA,0.0299960550039811,3.70139029366632
"1266",2101,"Beijing","mpi-esm1-2-hr","ssp585",NA,0.0242028148672294,7.55565196446013
"1267",2102,"Beijing","mpi-esm1-2-hr","ssp585",NA,0.0701505360406632,9.00775026593892
"1268",2103,"Beijing","mpi-esm1-2-hr","ssp585",NA,0.0647884895702841,15.2389143807548
"1269",2104,"Beijing","mpi-esm1-2-hr","ssp585",NA,0.0376341598634359,11.4800386701312
"1270",2105,"Beijing","mpi-esm1-2-hr","ssp585",NA,0.0308367920492206,16.3804314749582
"1271",2106,"Beijing","mpi-esm1-2-hr","ssp585",NA,0.508877110470556,19.2723709106445
"1272",2107,"Beijing","mpi-esm1-2-hr","ssp585",NA,0.123909103240294,16.7854716709682
"1273",2108,"Beijing","mpi-esm1-2-hr","ssp585",NA,0.0857972582122914,19.7662679399763
"1274",2109,"Beijing","mpi-esm1-2-hr","ssp585",NA,0.360129814868872,23.0416002546038
"1275",2110,"Beijing","mpi-esm1-2-hr","ssp585",NA,2.42999086328512,19.9129261561803
"1276",2111,"Beijing","mpi-esm1-2-hr","ssp585",NA,0.860699584856255,24.9241642543248
"1277",2112,"Beijing","mpi-esm1-2-hr","ssp585",NA,0.104172431591516,26.8735726492746
"1278",2113,"Beijing","mpi-esm1-2-hr","ssp585",NA,0.00447671543172744,28.4366181509836
"1279",2114,"Beijing","mpi-esm1-2-hr","ssp585",NA,0.483069465060128,29.0617701939174
"1280",2115,"Beijing","mpi-esm1-2-hr","ssp585",NA,9.56650395629107,27.5505043029785
"1281",2116,"Beijing","mpi-esm1-2-hr","ssp585",NA,3.35255861944331,26.2698101588658
"1282",2117,"Beijing","mpi-esm1-2-hr","ssp585",NA,5.02983350219698,26.6876295907157
"1283",2118,"Beijing","mpi-esm1-2-hr","ssp585",NA,10.8632325280268,27.4161032540458
"1284",2119,"Beijing","mpi-esm1-2-hr","ssp585",NA,0.596088298282536,26.4336094447545
"1285",2120,"Beijing","mpi-esm1-2-hr","ssp585",NA,3.12195965337066,25.3584250313895
"1286",2121,"Beijing","mpi-esm1-2-hr","ssp585",NA,0.0298519476018555,28.1767310006278
"1287",2122,"Beijing","mpi-esm1-2-hr","ssp585",NA,3.89331709290803,26.148278263637
"1288",2123,"Beijing","mpi-esm1-2-hr","ssp585",NA,0.00550190369332475,23.1245829990932
"1289",2124,"Beijing","mpi-esm1-2-hr","ssp585",NA,5.39941218716454,22.059474836077
"1290",2125,"Beijing","mpi-esm1-2-hr","ssp585",NA,0.909255095543163,23.5784883771624
"1291",2126,"Beijing","mpi-esm1-2-hr","ssp585",NA,2.19534935202838,18.5987335205078
"1292",2127,"Beijing","mpi-esm1-2-hr","ssp585",NA,0,19.5268488202776
"1293",2128,"Beijing","mpi-esm1-2-hr","ssp585",NA,1.09638565846321,17.5686878749303
"1294",2129,"Beijing","mpi-esm1-2-hr","ssp585",NA,0,15.4887492588588
"1295",2130,"Beijing","mpi-esm1-2-hr","ssp585",NA,0,14.4555979047503
"1296",2131,"Beijing","mpi-esm1-2-hr","ssp585",NA,0.0030077569655467,10.9482115609306
"1297",2132,"Beijing","mpi-esm1-2-hr","ssp585",NA,0.173301923782024,6.36437432425365
"1298",2133,"Beijing","mpi-esm1-2-hr","ssp585",NA,0,6.90426079886303
"1299",2134,"Beijing","mpi-esm1-2-hr","ssp585",NA,4.09282403394562,5.52089952741353
"1300",2135,"Beijing","mpi-esm1-2-hr","ssp585",NA,1.46644761376332,-1.04536884852816
"1301",2136,"Beijing","mpi-esm1-2-hr","ssp585",NA,0,-1.71395612444194
"1302",2137,"Beijing","mpi-esm1-2-hr","ssp585",NA,0.0030140226954245,0.0765532357352352
"1303",2138,"Beijing","mpi-esm1-2-hr","ssp585",NA,0.00223373182442239,-2.43094046456471
"1304",2139,"Beijing","mpi-esm1-2-hr","ssp585",NA,0.00185165262597106,-3.89776622227258
"1305",2140,"Beijing","mpi-esm1-2-hr","ssp585",NA,0,-1.37918973650249
"1306",2141,"Beijing","mpi-esm1-2-hr","ssp585",NA,0.00566854891985713,-2.72320676531108
"1307",2142,"Beijing","mpi-esm1-2-hr","ssp585",NA,0,-3.91752417428151
"1308",2143,"Beijing","mpi-esm1-2-hr","ssp585",NA,0.0021190966111005,-1.71913048880438
"1309",2144,"Beijing","mpi-esm1-2-hr","ssp585",NA,0.00387249539406705,-1.88287364414758
"1310",2145,"Beijing","mpi-esm1-2-hr","ssp585",NA,0,0.688491712297735
"1311",2146,"Beijing","mpi-esm1-2-hr","ssp585",NA,0.641382989098409,0.228683362688361
"1312",2147,"Beijing","mpi-esm1-2-hr","ssp585",NA,0.0137165840962033,-2.95346952165874
"1313",2148,"Beijing","mpi-esm1-2-hr","ssp585",NA,0.229022326051823,0.920066724504766
"1314",2149,"Beijing","mpi-esm1-2-hr","ssp585",NA,0.328753406522862,1.9982358660017
"1315",2150,"Beijing","mpi-esm1-2-hr","ssp585",NA,0.176983911835903,2.65995069231308
"1316",2151,"Beijing","mpi-esm1-2-hr","ssp585",NA,0.00546382836026689,4.61074491228378
"1317",2152,"Beijing","mpi-esm1-2-hr","ssp585",NA,1.88112857926431,5.1549147469657
"1318",2153,"Beijing","mpi-esm1-2-hr","ssp585",NA,0.00220905636914333,10.2877604893276
"1319",2154,"Beijing","mpi-esm1-2-hr","ssp585",NA,0.8543615884264,11.5537822178432
"1320",2155,"Beijing","mpi-esm1-2-hr","ssp585",NA,1.20618718304805,7.43420399257117
"1321",2156,"Beijing","mpi-esm1-2-hr","ssp585",NA,1.92611274144058,11.9178694588798
"1322",2157,"Beijing","mpi-esm1-2-hr","ssp585",NA,0.53953588033307,16.9893634251186
"1323",2158,"Beijing","mpi-esm1-2-hr","ssp585",NA,1.96683465954785,18.5614219665528
"1324",2159,"Beijing","mpi-esm1-2-hr","ssp585",NA,4.44387858351547,13.2970411028181
"1325",2160,"Beijing","mpi-esm1-2-hr","ssp585",NA,0,17.4261985778809
"1326",2161,"Beijing","mpi-esm1-2-hr","ssp585",NA,0.865392430958829,21.0665260314942
"1327",2162,"Beijing","mpi-esm1-2-hr","ssp585",NA,0.00389595864232563,22.9796550205776
"1328",2163,"Beijing","mpi-esm1-2-hr","ssp585",NA,3.3557436103365,23.6071176801409
"1329",2164,"Beijing","mpi-esm1-2-hr","ssp585",NA,1.09905748569352,24.4304372514997
"1330",2165,"Beijing","mpi-esm1-2-hr","ssp585",NA,0.505914213934895,26.9598196847098
"1331",2166,"Beijing","mpi-esm1-2-hr","ssp585",NA,2.31933643538338,25.5165257045201
"1332",2167,"Beijing","mpi-esm1-2-hr","ssp585",NA,5.27479263256022,25.9698528834752
"1333",2168,"Beijing","mpi-esm1-2-hr","ssp585",NA,10.6798362106669,25.3304333278111
"1334",2169,"Beijing","mpi-esm1-2-hr","ssp585",NA,5.47471237963951,23.5218984331404
"1335",2170,"Beijing","mpi-esm1-2-hr","ssp585",NA,3.72383984592618,25.7156049455916
"1336",2171,"Beijing","mpi-esm1-2-hr","ssp585",NA,3.26075208426378,25.3056710379464
"1337",2172,"Beijing","mpi-esm1-2-hr","ssp585",NA,11.9785441863184,27.4388039725168
"1338",2173,"Beijing","mpi-esm1-2-hr","ssp585",NA,10.4986708902548,23.7283487592425
"1339",2174,"Beijing","mpi-esm1-2-hr","ssp585",NA,2.9915923810287,24.0837499346052
"1340",2175,"Beijing","mpi-esm1-2-hr","ssp585",NA,0.00368681285181083,23.1461970738002
"1341",2176,"Beijing","mpi-esm1-2-hr","ssp585",NA,0.0208983164286889,24.7436827523368
"1342",2177,"Beijing","mpi-esm1-2-hr","ssp585",NA,0.172487155084257,21.5021143232073
"1343",2178,"Beijing","mpi-esm1-2-hr","ssp585",NA,0.211827792496219,21.4020237513951
"1344",2179,"Beijing","mpi-esm1-2-hr","ssp585",NA,1.62861760859414,19.2065717424665
"1345",2180,"Beijing","mpi-esm1-2-hr","ssp585",NA,1.40177549676861,14.8123543875558
"1346",2181,"Beijing","mpi-esm1-2-hr","ssp585",NA,0.067829093995897,16.17232938494
"1347",2182,"Beijing","mpi-esm1-2-hr","ssp585",NA,0.0991218532167944,12.6903069632394
"1348",2183,"Beijing","mpi-esm1-2-hr","ssp585",NA,1.04394239236042,12.5097061157227
"1349",2184,"Beijing","mpi-esm1-2-hr","ssp585",NA,0.0199501342714419,5.62837317330499
"1350",2185,"Beijing","mpi-esm1-2-hr","ssp585",NA,1.16294977628318,6.96136027744841
"1351",2186,"Beijing","mpi-esm1-2-hr","ssp585",NA,0.953205144274502,2.76227231706894
"1352",2187,"Beijing","mpi-esm1-2-hr","ssp585",NA,0,1.58575265066967
"1353",2188,"Beijing","mpi-esm1-2-hr","ssp585",NA,0.781663832354492,3.29022696358819
"1354",2189,"Beijing","mpi-esm1-2-hr","ssp585",NA,0.0181880930540501,-0.945903342110746
"1355",2190,"Beijing","mpi-esm1-2-hr","ssp585",NA,1.49948212679192,0.692467171805268
"1356",2191,"Beijing","mpi-esm1-2-hr","ssp585",NA,0,-1.91829365321566
"1357",2192,"Beijing","mpi-esm1-2-hr","ssp585",NA,0.00650670351335845,-4.94682704380578
"1358",2193,"Beijing","mpi-esm1-2-hr","ssp585",NA,0.00384215145459166,-4.19068156651086
"1359",2194,"Beijing","mpi-esm1-2-hr","ssp585",NA,0,-5.66990236554825
"1360",2195,"Beijing","mpi-esm1-2-hr","ssp585",NA,0.00194328028685829,-7.81509955269947
"1361",2196,"Beijing","mpi-esm1-2-hr","ssp585",NA,0.0163922291384162,-6.395123726981
"1362",2197,"Beijing","mpi-esm1-2-hr","ssp585",NA,0,-4.12690364292687
"1363",2198,"Beijing","mpi-esm1-2-hr","ssp585",NA,0,0.0760191781180458
"1364",2199,"Beijing","mpi-esm1-2-hr","ssp585",NA,1.52698988176131,0.959256744384788
"1365",2200,"Beijing","mpi-esm1-2-hr","ssp585",NA,0.546441469941783,0.331350490025135
"1366",2201,"Beijing","mpi-esm1-2-hr","ssp585",NA,0.0959797706985098,0.766550772530714
"1367",2202,"Beijing","mpi-esm1-2-hr","ssp585",NA,0.359081436811591,0.100728062221005
"1368",2203,"Beijing","mpi-esm1-2-hr","ssp585",NA,0.00320661574733094,5.69958267211916
"1369",2204,"Beijing","mpi-esm1-2-hr","ssp585",NA,0.149888614909547,8.87792739868167
"1370",2205,"Beijing","mpi-esm1-2-hr","ssp585",NA,0.165770493315774,11.6492749895368
"1371",2206,"Beijing","mpi-esm1-2-hr","ssp585",NA,0.00772077927259879,11.6708797999791
"1372",2207,"Beijing","mpi-esm1-2-hr","ssp585",NA,0,12.7276016235352
"1373",2208,"Beijing","mpi-esm1-2-hr","ssp585",NA,0,15.6345442635673
"1374",2209,"Beijing","mpi-esm1-2-hr","ssp585",NA,3.71429485347627,13.6261399405343
"1375",2210,"Beijing","mpi-esm1-2-hr","ssp585",NA,0,18.307526070731
"1376",2211,"Beijing","mpi-esm1-2-hr","ssp585",NA,0.674369862619122,19.820093863351
"1377",2212,"Beijing","mpi-esm1-2-hr","ssp585",NA,0.184267083847901,21.7782929556711
"1378",2213,"Beijing","mpi-esm1-2-hr","ssp585",NA,0.893768529054537,19.8794925144741
"1379",2214,"Beijing","mpi-esm1-2-hr","ssp585",NA,1.72788314701913,21.8224742344448
"1380",2215,"Beijing","mpi-esm1-2-hr","ssp585",NA,4.72109563071561,24.2302059718541
"1381",2216,"Beijing","mpi-esm1-2-hr","ssp585",NA,1.61723379386396,24.4064722333636
"1382",2217,"Beijing","mpi-esm1-2-hr","ssp585",NA,4.49606884512183,24.4617744445801
"1383",2218,"Beijing","mpi-esm1-2-hr","ssp585",NA,1.31971578273676,27.080946132115
"1384",2219,"Beijing","mpi-esm1-2-hr","ssp585",NA,1.88650470950701,26.0894311087472
"1385",2220,"Beijing","mpi-esm1-2-hr","ssp585",NA,4.38411430107278,27.6270156860352
"1386",2221,"Beijing","mpi-esm1-2-hr","ssp585",NA,4.72875437045721,26.36783316476
"1387",2222,"Beijing","mpi-esm1-2-hr","ssp585",NA,11.4051592910463,26.7012169974191
"1388",2223,"Beijing","mpi-esm1-2-hr","ssp585",NA,11.1865956472164,24.7208376203265
"1389",2224,"Beijing","mpi-esm1-2-hr","ssp585",NA,1.82291018053158,28.211440386091
"1390",2225,"Beijing","mpi-esm1-2-hr","ssp585",NA,7.07684873476475,24.8325434003558
"1391",2226,"Beijing","mpi-esm1-2-hr","ssp585",NA,13.4599721877878,22.626360648019
"1392",2227,"Beijing","mpi-esm1-2-hr","ssp585",NA,0.200669977285932,24.739815739223
"1393",2228,"Beijing","mpi-esm1-2-hr","ssp585",NA,0.7827232951513,21.9640539986747
"1394",2229,"Beijing","mpi-esm1-2-hr","ssp585",NA,1.16598169144189,20.8184491838728
"1395",2230,"Beijing","mpi-esm1-2-hr","ssp585",NA,8.95681868266495,15.1722939627511
"1396",2231,"Beijing","mpi-esm1-2-hr","ssp585",NA,4.72662749702327,13.4715466090611
"1397",2232,"Beijing","mpi-esm1-2-hr","ssp585",NA,0.186528580141904,16.2225040980748
"1398",2233,"Beijing","mpi-esm1-2-hr","ssp585",NA,0.279818206497242,15.2364004952567
"1399",2234,"Beijing","mpi-esm1-2-hr","ssp585",NA,0.810835127380675,12.6980480739049
"1400",2235,"Beijing","mpi-esm1-2-hr","ssp585",NA,1.95971035734276,12.5205741882325
"1401",2236,"Beijing","mpi-esm1-2-hr","ssp585",NA,0.551214705488486,8.40988584245957
"1402",2237,"Beijing","mpi-esm1-2-hr","ssp585",NA,0.272144345828045,8.63602436610633
"1403",2238,"Beijing","mpi-esm1-2-hr","ssp585",NA,1.44931004446595,3.5894120352609
"1404",2239,"Beijing","mpi-esm1-2-hr","ssp585",NA,0.632253684203273,0.718735177176362
"1405",2240,"Beijing","mpi-esm1-2-hr","ssp585",NA,0.0217929622197386,-3.52723759242464
"1406",2241,"Beijing","mpi-esm1-2-hr","ssp585",NA,0.631405953507575,-1.72985687255857
"1407",2242,"Beijing","mpi-esm1-2-hr","ssp585",NA,0.0362241776981266,-0.666411372593449
"1408",2243,"Beijing","mpi-esm1-2-hr","ssp585",NA,0.00183355038123929,-2.66619992937358
"1409",2244,"Beijing","mpi-esm1-2-hr","ssp585",NA,0.473850173044152,0.946426827566988
"1410",2245,"Beijing","mpi-esm1-2-hr","ssp585",NA,0.0340497629817296,-2.10436804635182
"1411",2246,"Beijing","mpi-esm1-2-hr","ssp585",NA,0,-1.79182009015762
"1412",2247,"Beijing","mpi-esm1-2-hr","ssp585",NA,0.00212165099843073,-6.84788469587051
"1413",2248,"Beijing","mpi-esm1-2-hr","ssp585",NA,0.0882838835033388,-3.81534968784875
"1414",2249,"Beijing","mpi-esm1-2-hr","ssp585",NA,0.253671119266333,-3.95011531284875
"1415",2250,"Beijing","mpi-esm1-2-hr","ssp585",NA,0,-7.99829221452983
"1416",2251,"Beijing","mpi-esm1-2-hr","ssp585",NA,0.00411404610401535,-4.60348576136996
"1417",2252,"Beijing","mpi-esm1-2-hr","ssp585",NA,0.256394560801709,-1.84049181256973
"1418",2253,"Beijing","mpi-esm1-2-hr","ssp585",NA,0.0434063987021156,-0.961365944998582
"1419",2254,"Beijing","mpi-esm1-2-hr","ssp585",NA,0.00197178653382123,2.77736543927876
"1420",2255,"Beijing","mpi-esm1-2-hr","ssp585",NA,0.00418287388908669,5.91341988699779
"1421",2256,"Beijing","mpi-esm1-2-hr","ssp585",NA,0.234421900423903,0.907741982596284
"1422",2257,"Beijing","mpi-esm1-2-hr","ssp585",NA,0.00211798543594861,8.2271051679339
"1423",2258,"Beijing","mpi-esm1-2-hr","ssp585",NA,0.0841033489580567,10.6333268301828
"1424",2259,"Beijing","mpi-esm1-2-hr","ssp585",NA,0.132794225334822,13.6190756661552
"1425",2260,"Beijing","mpi-esm1-2-hr","ssp585",NA,1.07893569845276,16.0005813598633
"1426",2261,"Beijing","mpi-esm1-2-hr","ssp585",NA,0,15.8682941981724
"1427",2262,"Beijing","mpi-esm1-2-hr","ssp585",NA,0.00831955832316972,18.1628340584891
"1428",2263,"Beijing","mpi-esm1-2-hr","ssp585",NA,0.0018318461700671,22.2397394452776
"1429",2264,"Beijing","mpi-esm1-2-hr","ssp585",NA,0.791271812210782,21.5099235534668
"1430",2265,"Beijing","mpi-esm1-2-hr","ssp585",NA,0.569742975475102,18.2159035818918
"1431",2266,"Beijing","mpi-esm1-2-hr","ssp585",NA,0.353830793236349,24.386994934082
"1432",2267,"Beijing","mpi-esm1-2-hr","ssp585",NA,0.00196114345791491,25.5894387381418
"1433",2268,"Beijing","mpi-esm1-2-hr","ssp585",NA,0.575848987123859,26.424531010219
"1434",2269,"Beijing","mpi-esm1-2-hr","ssp585",NA,2.62418469498828,26.4214901515416
"1435",2270,"Beijing","mpi-esm1-2-hr","ssp585",NA,2.02220824326754,25.6692095075335
"1436",2271,"Beijing","mpi-esm1-2-hr","ssp585",NA,4.18763619459891,26.5309888567243
"1437",2272,"Beijing","mpi-esm1-2-hr","ssp585",NA,0.523712982261974,28.6910748073033
"1438",2273,"Beijing","mpi-esm1-2-hr","ssp585",NA,6.90867106105932,26.9379255022322
"1439",2274,"Beijing","mpi-esm1-2-hr","ssp585",NA,1.37122568977637,26.7002725873675
"1440",2275,"Beijing","mpi-esm1-2-hr","ssp585",NA,19.8446498792951,25.379534476144
"1441",2276,"Beijing","mpi-esm1-2-hr","ssp585",NA,0.108912402044682,26.8541078839984
"1442",2277,"Beijing","mpi-esm1-2-hr","ssp585",NA,0.00991411518823173,27.7749414716448
"1443",2278,"Beijing","mpi-esm1-2-hr","ssp585",NA,0,30.1432624816895
"1444",2279,"Beijing","mpi-esm1-2-hr","ssp585",NA,2.35407151208814,26.1169410705567
"1445",2280,"Beijing","mpi-esm1-2-hr","ssp585",NA,0.145336633015956,26.203619166783
"1446",2281,"Beijing","mpi-esm1-2-hr","ssp585",NA,2.04207486961293,21.0749984741211
"1447",2282,"Beijing","mpi-esm1-2-hr","ssp585",NA,2.62186916611426,20.076021357945
"1448",2283,"Beijing","mpi-esm1-2-hr","ssp585",NA,0.816207654679601,17.8486419677734
"1449",2284,"Beijing","mpi-esm1-2-hr","ssp585",NA,0,15.8822123936244
"1450",2285,"Beijing","mpi-esm1-2-hr","ssp585",NA,0.0491754816981224,17.4678065708706
"1451",2286,"Beijing","mpi-esm1-2-hr","ssp585",NA,0.561920718636039,12.7027347019741
"1452",2287,"Beijing","mpi-esm1-2-hr","ssp585",NA,0.0470156378469256,15.5140238080706
"1453",2288,"Beijing","mpi-esm1-2-hr","ssp585",NA,0.00236814525383774,10.2466745649066
"1454",2289,"Beijing","mpi-esm1-2-hr","ssp585",NA,0.00251907213169034,11.2266092572894
"1455",2290,"Beijing","mpi-esm1-2-hr","ssp585",NA,2.65308334885179,5.84822344098775
"1456",2291,"Beijing","mpi-esm1-2-hr","ssp585",NA,0.229395057522197,1.78384007045203
"1457",2292,"Beijing","mpi-esm1-2-hr","ssp585",NA,0.0373874075908784,0.207632228306384
"1458",2293,"Beijing","mpi-esm1-2-hr","ssp585",NA,0.00180485645354825,0.955539594377815
"1459",2294,"Beijing","mpi-esm1-2-hr","ssp585",NA,0.279020971213738,-0.322283172607399
"1460",2295,"Beijing","mpi-esm1-2-hr","ssp585",NA,0.387047551268032,-1.70147879464283
"1461",2296,"Beijing","mpi-esm1-2-hr","ssp585",NA,0.821140370960295,-2.4661675589425
"1462",2297,"Beijing","mpi-esm1-2-hr","ssp585",NA,0.268632692417928,-1.91966367449077
"1463",2298,"Beijing","mpi-esm1-2-hr","ssp585",NA,0,-0.736605072021461
"1464",2299,"Beijing","mpi-esm1-2-hr","ssp585",NA,0,-7.18656986781526
"1465",2300,"Beijing","mpi-esm1-2-hr","ssp585",NA,0.0105760872169672,-4.90975254603793
"1466",2301,"Beijing","mpi-esm1-2-hr","ssp585",NA,0.00756268492036075,-2.24574672154016
"1467",2302,"Beijing","mpi-esm1-2-hr","ssp585",NA,0.159393832200294,0.963992418561685
"1468",2303,"Beijing","mpi-esm1-2-hr","ssp585",NA,0.0501385674592063,-0.971262904575869
"1469",2304,"Beijing","mpi-esm1-2-hr","ssp585",NA,0.0164017398154621,0.174919019426641
"1470",2305,"Beijing","mpi-esm1-2-hr","ssp585",NA,0.00408240558889313,0.440894426618327
"1471",2306,"Beijing","mpi-esm1-2-hr","ssp585",NA,0.00181585963088894,0.742999376569498
"1472",2307,"Beijing","mpi-esm1-2-hr","ssp585",NA,0,1.73282121930806
"1473",2308,"Beijing","mpi-esm1-2-hr","ssp585",NA,0.0331960831577557,11.0217316763742
"1474",2309,"Beijing","mpi-esm1-2-hr","ssp585",NA,1.4938210037144,3.11541137695315
"1475",2310,"Beijing","mpi-esm1-2-hr","ssp585",NA,0.0267586110307352,5.56131134033205
"1476",2311,"Beijing","mpi-esm1-2-hr","ssp585",NA,0.465752958150136,12.2660079956055
"1477",2312,"Beijing","mpi-esm1-2-hr","ssp585",NA,0.00178882922097858,13.9920969281878
"1478",2313,"Beijing","mpi-esm1-2-hr","ssp585",NA,0.638107063208996,15.5654780796596
"1479",2314,"Beijing","mpi-esm1-2-hr","ssp585",NA,5.37988279502315,13.9912974766323
"1480",2315,"Beijing","mpi-esm1-2-hr","ssp585",NA,0.0752537364080907,19.6682416643416
"1481",2316,"Beijing","mpi-esm1-2-hr","ssp585",NA,0.0476186507642394,22.4809994288854
"1482",2317,"Beijing","mpi-esm1-2-hr","ssp585",NA,0.0597932505245678,21.9472671508789
"1483",2318,"Beijing","mpi-esm1-2-hr","ssp585",NA,0.144649822933778,23.6048304966518
"1484",2319,"Beijing","mpi-esm1-2-hr","ssp585",NA,0.721257055985396,25.2907779148647
"1485",2320,"Beijing","mpi-esm1-2-hr","ssp585",NA,2.12892303010059,22.5463010515486
"1486",2321,"Beijing","mpi-esm1-2-hr","ssp585",NA,0.214006892916326,27.1100876944406
"1487",2322,"Beijing","mpi-esm1-2-hr","ssp585",NA,4.2869172745668,25.4735313415527
"1488",2323,"Beijing","mpi-esm1-2-hr","ssp585",NA,0.831788971345304,25.746110534668
"1489",2324,"Beijing","mpi-esm1-2-hr","ssp585",NA,2.28625232693308,28.1286914280483
"1490",2325,"Beijing","mpi-esm1-2-hr","ssp585",NA,5.24296046296513,25.0858872549875
"1491",2326,"Beijing","mpi-esm1-2-hr","ssp585",NA,9.1124980171766,25.8274317060198
"1492",2327,"Beijing","mpi-esm1-2-hr","ssp585",NA,10.9959547555263,25.806780569894
"1493",2328,"Beijing","mpi-esm1-2-hr","ssp585",NA,14.4097797074989,23.7555126735143
"1494",2329,"Beijing","mpi-esm1-2-hr","ssp585",NA,7.52802188604359,24.2965446472168
"1495",2330,"Beijing","mpi-esm1-2-hr","ssp585",NA,5.30566078202485,25.1625991821289
"1496",2331,"Beijing","mpi-esm1-2-hr","ssp585",NA,2.30367535405743,21.5907520839147
"1497",2332,"Beijing","mpi-esm1-2-hr","ssp585",NA,1.99622079445752,23.2975375584194
"1498",2333,"Beijing","mpi-esm1-2-hr","ssp585",NA,11.8158837208804,22.1376194545201
"1499",2334,"Beijing","mpi-esm1-2-hr","ssp585",NA,4.39006071692347,18.2684047154018
"1500",2335,"Beijing","mpi-esm1-2-hr","ssp585",NA,0,18.0640126909529
"1501",2336,"Beijing","mpi-esm1-2-hr","ssp585",NA,1.25388585631429,17.3377210344587
"1502",2337,"Beijing","mpi-esm1-2-hr","ssp585",NA,2.01249152716108,15.8917267935617
"1503",2338,"Beijing","mpi-esm1-2-hr","ssp585",NA,6.645727731354,12.6415763854981
"1504",2339,"Beijing","mpi-esm1-2-hr","ssp585",NA,0.13309473708562,11.6339170183455
"1505",2340,"Beijing","mpi-esm1-2-hr","ssp585",NA,0.20547764996601,5.34344090053016
"1506",2341,"Beijing","mpi-esm1-2-hr","ssp585",NA,0.259983142262042,8.65349295479914
"1507",2342,"Beijing","mpi-esm1-2-hr","ssp585",NA,0.952472467127206,4.78151637486051
"1508",2343,"Beijing","mpi-esm1-2-hr","ssp585",NA,0.321570582134102,-1.77167140415734
"1509",2344,"Beijing","mpi-esm1-2-hr","ssp585",NA,0.0114341777134541,0.189162009102981
"1510",2345,"Beijing","mpi-esm1-2-hr","ssp585",NA,0.00183917764583644,0.740351431710402
"1511",2346,"Beijing","mpi-esm1-2-hr","ssp585",NA,0.407513800525651,1.40037743704662
"1512",2347,"Beijing","mpi-esm1-2-hr","ssp585",NA,0.125062268710151,0.194891139439196
"1513",2348,"Beijing","mpi-esm1-2-hr","ssp585",NA,0.00406609087154461,-1.39879782540455
"1514",2349,"Beijing","mpi-esm1-2-hr","ssp585",NA,0,-4.20244336809428
"1515",2350,"Beijing","mpi-esm1-2-hr","ssp585",NA,0.00907846043186769,-4.23199310302732
"1516",2351,"Beijing","mpi-esm1-2-hr","ssp585",NA,0.0238728093531141,-4.60777838570729
"1517",2352,"Beijing","mpi-esm1-2-hr","ssp585",NA,0.0203970236595654,-4.21318828037805
"1518",2353,"Beijing","mpi-esm1-2-hr","ssp585",NA,0.0121469305343323,-1.58440246582029
"1519",2354,"Beijing","mpi-esm1-2-hr","ssp585",NA,0.0127123594211298,0.801892307826473
"1520",2355,"Beijing","mpi-esm1-2-hr","ssp585",NA,0.0158472276325483,-4.17710124424524
"1521",2356,"Beijing","mpi-esm1-2-hr","ssp585",NA,0.371055938921927,-2.2873105730329
"1522",2357,"Beijing","mpi-esm1-2-hr","ssp585",NA,0.324011923398107,-3.3925706045968
"1523",2358,"Beijing","mpi-esm1-2-hr","ssp585",NA,0.10597177865098,-1.4562193734305
"1524",2359,"Beijing","mpi-esm1-2-hr","ssp585",NA,0.509026425398978,4.21272212437223
"1525",2360,"Beijing","mpi-esm1-2-hr","ssp585",NA,0,4.95238374982564
"1526",2361,"Beijing","mpi-esm1-2-hr","ssp585",NA,0,9.86951108660018
"1527",2362,"Beijing","mpi-esm1-2-hr","ssp585",NA,0,10.7327236720494
"1528",2363,"Beijing","mpi-esm1-2-hr","ssp585",NA,0.00881481970022184,11.8462899344308
"1529",2364,"Beijing","mpi-esm1-2-hr","ssp585",NA,0.615210320458053,11.9285173688616
"1530",2365,"Beijing","mpi-esm1-2-hr","ssp585",NA,0,13.8804401942662
"1531",2366,"Beijing","mpi-esm1-2-hr","ssp585",NA,0,20.28505859375
"1532",2367,"Beijing","mpi-esm1-2-hr","ssp585",NA,0.989867646629655,17.1687582833427
"1533",2368,"Beijing","mpi-esm1-2-hr","ssp585",NA,2.27916874899035,19.6858257838658
"1534",2369,"Beijing","mpi-esm1-2-hr","ssp585",NA,0.697608217797096,22.4591766357422
"1535",2370,"Beijing","mpi-esm1-2-hr","ssp585",NA,1.00089272718833,22.0723941258022
"1536",2371,"Beijing","mpi-esm1-2-hr","ssp585",NA,1.78879880073899,22.6306140354702
"1537",2372,"Beijing","mpi-esm1-2-hr","ssp585",NA,9.20824396873416,20.5018810817174
"1538",2373,"Beijing","mpi-esm1-2-hr","ssp585",NA,2.91172932486136,24.0785074506487
"1539",2374,"Beijing","mpi-esm1-2-hr","ssp585",NA,3.8510262103955,24.1828323364258
"1540",2375,"Beijing","mpi-esm1-2-hr","ssp585",NA,0.620817630384148,26.015386744908
"1541",2376,"Beijing","mpi-esm1-2-hr","ssp585",NA,3.42646965670091,28.1061765398298
"1542",2377,"Beijing","mpi-esm1-2-hr","ssp585",NA,10.091777945997,25.2005641392299
"1543",2378,"Beijing","mpi-esm1-2-hr","ssp585",NA,0.822427838128143,24.8479733058385
"1544",2379,"Beijing","mpi-esm1-2-hr","ssp585",NA,2.16496326752999,27.4976680210659
"1545",2380,"Beijing","mpi-esm1-2-hr","ssp585",NA,9.64442909738474,26.4870991298131
"1546",2381,"Beijing","mpi-esm1-2-hr","ssp585",NA,1.19419956626448,24.7984258379255
"1547",2382,"Beijing","mpi-esm1-2-hr","ssp585",NA,0.526299349335854,25.9603215898786
"1548",2383,"Beijing","mpi-esm1-2-hr","ssp585",NA,0.00955713328819131,26.5392384120396
"1549",2384,"Beijing","mpi-esm1-2-hr","ssp585",NA,0.140699459156427,27.2655682155064
"1550",2385,"Beijing","mpi-esm1-2-hr","ssp585",NA,2.20959040009672,24.7348827907018
"1551",2386,"Beijing","mpi-esm1-2-hr","ssp585",NA,1.77534387129136,19.9046188354492
"1552",2387,"Beijing","mpi-esm1-2-hr","ssp585",NA,1.84983104383199,20.1157830374582
"1553",2388,"Beijing","mpi-esm1-2-hr","ssp585",NA,0.19282161195276,18.0028489249093
"1554",2389,"Beijing","mpi-esm1-2-hr","ssp585",NA,0.0272818761264456,16.7642766680036
"1555",2390,"Beijing","mpi-esm1-2-hr","ssp585",NA,0.221668369463909,13.3888897487096
"1556",2391,"Beijing","mpi-esm1-2-hr","ssp585",NA,2.49157893127371,9.67376316615516
"1557",2392,"Beijing","mpi-esm1-2-hr","ssp585",NA,0.630198812638939,8.6319404602051
"1558",2393,"Beijing","mpi-esm1-2-hr","ssp585",NA,0.0765654645549927,11.4335266113282
"1559",2394,"Beijing","mpi-esm1-2-hr","ssp585",NA,0.00919435906975455,8.98553346906391
"1560",2395,"Beijing","mpi-esm1-2-hr","ssp585",NA,0.0774619155890832,3.60759124755862
"1561",2396,"Beijing","mpi-esm1-2-hr","ssp585",NA,0.0690831168088022,1.77566081455778
"1562",2397,"Beijing","mpi-esm1-2-hr","ssp585",NA,0.357051567126681,5.42079805646626
"1563",2398,"Beijing","mpi-esm1-2-hr","ssp585",NA,0.151914372106278,-0.358132062639485
"1564",2399,"Beijing","mpi-esm1-2-hr","ssp585",NA,0.00411479454669461,-3.64908392769948
"1565",2400,"Beijing","mpi-esm1-2-hr","ssp585",NA,0.0879597345049529,-1.66608657836912
"1566",2401,"Beijing","mpi-esm1-2-hr","ssp585",NA,0,-3.28363647460935
"1567",2402,"Beijing","mpi-esm1-2-hr","ssp585",NA,0.00369684517603933,1.34311501639232
"1568",2403,"Beijing","mpi-esm1-2-hr","ssp585",NA,0.101367129510826,1.55747811453685
"1569",2404,"Beijing","mpi-esm1-2-hr","ssp585",NA,0.0710024341255381,-2.58039921351839
"1570",2405,"Beijing","mpi-esm1-2-hr","ssp585",NA,0.133732447082886,-5.50765620640344
"1571",2406,"Beijing","mpi-esm1-2-hr","ssp585",NA,0.00210671406810954,-2.29162172589981
"1572",2407,"Beijing","mpi-esm1-2-hr","ssp585",NA,0.0134155591175451,2.63238024030415
"1573",2408,"Beijing","mpi-esm1-2-hr","ssp585",NA,0.00182801748321384,0.953564126150971
"1574",2409,"Beijing","mpi-esm1-2-hr","ssp585",NA,0.436759540252751,-1.1147761753627
"1575",2410,"Beijing","mpi-esm1-2-hr","ssp585",NA,0.393664555096101,-0.0346451895577354
"1576",2411,"Beijing","mpi-esm1-2-hr","ssp585",NA,0.641060315761674,-0.0334915161132582
"1577",2412,"Beijing","mpi-esm1-2-hr","ssp585",NA,1.10457477043643,3.20001645769394
"1578",2413,"Beijing","mpi-esm1-2-hr","ssp585",NA,0.286596986552468,5.60211988176621
"1579",2414,"Beijing","mpi-esm1-2-hr","ssp585",NA,0.00765552128021746,10.3880679539272
"1580",2415,"Beijing","mpi-esm1-2-hr","ssp585",NA,0.00577865138049154,14.1893587384905
"1581",2416,"Beijing","mpi-esm1-2-hr","ssp585",NA,0,15.9704283578056
"1582",2417,"Beijing","mpi-esm1-2-hr","ssp585",NA,0.0105370447142507,16.5251801627023
"1583",2418,"Beijing","mpi-esm1-2-hr","ssp585",NA,0.0019521074201683,14.7546478271484
"1584",2419,"Beijing","mpi-esm1-2-hr","ssp585",NA,1.34518158348718,12.8503111703056
"1585",2420,"Beijing","mpi-esm1-2-hr","ssp585",NA,0.362176725086881,16.1098484584264
"1586",2421,"Beijing","mpi-esm1-2-hr","ssp585",NA,5.27401495992308,22.4579210553851
"1587",2422,"Beijing","mpi-esm1-2-hr","ssp585",NA,2.08866951204852,20.1542204720634
"1588",2423,"Beijing","mpi-esm1-2-hr","ssp585",NA,1.6198850946109,20.2298528398787
"1589",2424,"Beijing","mpi-esm1-2-hr","ssp585",NA,0.169100427755049,22.4667984008789
"1590",2425,"Beijing","mpi-esm1-2-hr","ssp585",NA,0.929052140047913,23.587251826695
"1591",2426,"Beijing","mpi-esm1-2-hr","ssp585",NA,2.87623463338735,24.977120426723
"1592",2427,"Beijing","mpi-esm1-2-hr","ssp585",NA,7.08815619922072,24.8366087777274
"1593",2428,"Beijing","mpi-esm1-2-hr","ssp585",NA,3.50740294310136,25.9908064705985
"1594",2429,"Beijing","mpi-esm1-2-hr","ssp585",NA,6.61366943998343,25.7523824419294
"1595",2430,"Beijing","mpi-esm1-2-hr","ssp585",NA,2.82218672056323,24.9805095127651
"1596",2431,"Beijing","mpi-esm1-2-hr","ssp585",NA,19.0309578732403,24.570329284668
"1597",2432,"Beijing","mpi-esm1-2-hr","ssp585",NA,3.76766955851053,25.7081848144531
"1598",2433,"Beijing","mpi-esm1-2-hr","ssp585",NA,8.10979471435919,24.2449274335589
"1599",2434,"Beijing","mpi-esm1-2-hr","ssp585",NA,1.61984493128589,24.3267248971122
"1600",2435,"Beijing","mpi-esm1-2-hr","ssp585",NA,0.316848757600903,28.1028381347656
"1601",2436,"Beijing","mpi-esm1-2-hr","ssp585",NA,7.13672190114657,22.0793521336147
"1602",2437,"Beijing","mpi-esm1-2-hr","ssp585",NA,4.76043735158912,18.6894955226353
"1603",2438,"Beijing","mpi-esm1-2-hr","ssp585",NA,0.730013264046647,20.4109000069755
"1604",2439,"Beijing","mpi-esm1-2-hr","ssp585",NA,5.10172137453212,20.4118961879186
"1605",2440,"Beijing","mpi-esm1-2-hr","ssp585",NA,14.7676639308754,13.1670781816755
"1606",2441,"Beijing","mpi-esm1-2-hr","ssp585",NA,1.6196243257452,14.4452933175223
"1607",2442,"Beijing","mpi-esm1-2-hr","ssp585",NA,1.2695070542577,12.2811376299177
"1608",2443,"Beijing","mpi-esm1-2-hr","ssp585",NA,0.227621034030433,12.9372917175293
"1609",2444,"Beijing","mpi-esm1-2-hr","ssp585",NA,0,12.8051021030971
"1610",2445,"Beijing","mpi-esm1-2-hr","ssp585",NA,1.06877536193549,8.76830171857565
"1611",2446,"Beijing","mpi-esm1-2-hr","ssp585",NA,0.0979838444566535,3.2462222508022
"1612",2447,"Beijing","mpi-esm1-2-hr","ssp585",NA,0.010513395363887,4.31386773245677
"1613",2448,"Beijing","mpi-esm1-2-hr","ssp585",NA,0,4.85843702043808
"1614",2449,"Beijing","mpi-esm1-2-hr","ssp585",NA,0.560765399398276,3.62480643136163
"1615",2450,"Beijing","mpi-esm1-2-hr","ssp585",NA,3.58389517498706,1.72989752633233
"1616",2451,"Beijing","mpi-esm1-2-hr","ssp585",NA,0,-2.81053118024551
"1617",2452,"Beijing","mpi-esm1-2-hr","ssp585",NA,0.258680372098752,-1.07760467529295
"1618",2453,"Beijing","mpi-esm1-2-hr","ssp585",NA,0.598390457448009,-5.87231129237581
"1619",2454,"Beijing","mpi-esm1-2-hr","ssp585",NA,0.00481217754375913,-8.44784011840818
"1620",2455,"Beijing","mpi-esm1-2-hr","ssp585",NA,0,-9.12231401715958
"1621",2456,"Beijing","mpi-esm1-2-hr","ssp585",NA,0.0279731240685318,-8.38098209926058
"1622",2457,"Beijing","mpi-esm1-2-hr","ssp585",NA,0.0183408535901565,-7.50609218052453
"1623",2458,"Beijing","mpi-esm1-2-hr","ssp585",NA,0.00380295547464421,-7.21361252920966
"1624",2459,"Beijing","mpi-esm1-2-hr","ssp585",NA,0.155190998553475,-8.29605058942519
"1625",2460,"Beijing","mpi-esm1-2-hr","ssp585",NA,0.0489257838905489,-7.42521678379602
"1626",2461,"Beijing","mpi-esm1-2-hr","ssp585",NA,0.389882286247354,-4.4975636073521
"1627",2462,"Beijing","mpi-esm1-2-hr","ssp585",NA,0.295029328013438,-0.437364959716776
"1628",2463,"Beijing","mpi-esm1-2-hr","ssp585",NA,0.0674417185174597,0.157298932756717
"1629",2464,"Beijing","mpi-esm1-2-hr","ssp585",NA,0.195799854983696,6.12088492257257
"1630",2465,"Beijing","mpi-esm1-2-hr","ssp585",NA,0.12544400517202,2.39235621861051
"1631",2466,"Beijing","mpi-esm1-2-hr","ssp585",NA,0.150672830763402,6.53688201904299
"1632",2467,"Beijing","mpi-esm1-2-hr","ssp585",NA,0.15694485197985,7.48847460065571
"1633",2468,"Beijing","mpi-esm1-2-hr","ssp585",NA,0.0143834542411371,17.6049781799317
"1634",2469,"Beijing","mpi-esm1-2-hr","ssp585",NA,3.18199559963302,11.1374761308943
"1635",2470,"Beijing","mpi-esm1-2-hr","ssp585",NA,4.16522782920115,14.1280380249024
"1636",2471,"Beijing","mpi-esm1-2-hr","ssp585",NA,2.86117548169257,16.2410162789481
"1637",2472,"Beijing","mpi-esm1-2-hr","ssp585",NA,0.483782041426041,15.0559440612793
"1638",2473,"Beijing","mpi-esm1-2-hr","ssp585",NA,0.316021805442038,19.1755511692592
"1639",2474,"Beijing","mpi-esm1-2-hr","ssp585",NA,0.0764140218182417,21.5979411533901
"1640",2475,"Beijing","mpi-esm1-2-hr","ssp585",NA,1.79852690590841,22.8975164140974
"1641",2476,"Beijing","mpi-esm1-2-hr","ssp585",NA,3.26126017791596,21.7455415998187
"1642",2477,"Beijing","mpi-esm1-2-hr","ssp585",NA,9.03058189363557,22.5074826921736
"1643",2478,"Beijing","mpi-esm1-2-hr","ssp585",NA,9.7786322754473,21.2180240086147
"1644",2479,"Beijing","mpi-esm1-2-hr","ssp585",NA,1.65125208138436,25.2626521519252
"1645",2480,"Beijing","mpi-esm1-2-hr","ssp585",NA,4.45858721812198,26.166839490618
"1646",2481,"Beijing","mpi-esm1-2-hr","ssp585",NA,2.41200056730122,26.3449395315988
"1647",2482,"Beijing","mpi-esm1-2-hr","ssp585",NA,4.20247850664574,27.1532967703683
"1648",2483,"Beijing","mpi-esm1-2-hr","ssp585",NA,17.1464332645233,24.1372009277344
"1649",2484,"Beijing","mpi-esm1-2-hr","ssp585",NA,4.33748049282648,25.3222834995815
"1650",2485,"Beijing","mpi-esm1-2-hr","ssp585",NA,5.35177312901526,25.9124166216169
"1651",2486,"Beijing","mpi-esm1-2-hr","ssp585",NA,0.274311465201598,26.7943653651646
"1652",2487,"Beijing","mpi-esm1-2-hr","ssp585",NA,0.527015830688729,26.4183321271624
"1653",2488,"Beijing","mpi-esm1-2-hr","ssp585",NA,1.5834518974121,22.8309466770717
"1654",2489,"Beijing","mpi-esm1-2-hr","ssp585",NA,0.0256062310134958,25.263937159947
"1655",2490,"Beijing","mpi-esm1-2-hr","ssp585",NA,2.89316698222787,21.2662455967495
"1656",2491,"Beijing","mpi-esm1-2-hr","ssp585",NA,0.0523067887115758,19.827413722447
"1657",2492,"Beijing","mpi-esm1-2-hr","ssp585",NA,0,18.3426877702986
"1658",2493,"Beijing","mpi-esm1-2-hr","ssp585",NA,0.0040837588195635,17.4729705810547
"1659",2494,"Beijing","mpi-esm1-2-hr","ssp585",NA,0.0244269837107173,13.7852733067104
"1660",2495,"Beijing","mpi-esm1-2-hr","ssp585",NA,0.0033530407433448,15.3653225490025
"1661",2496,"Beijing","mpi-esm1-2-hr","ssp585",NA,0.00211809137908859,13.4634823390416
"1662",2497,"Beijing","mpi-esm1-2-hr","ssp585",NA,0.00189170421955559,8.58979241507396
"1663",2498,"Beijing","mpi-esm1-2-hr","ssp585",NA,0.0114073195488475,8.06886008126397
"1664",2499,"Beijing","mpi-esm1-2-hr","ssp585",NA,0.294549560118997,8.15648040771486
"1665",2500,"Beijing","mpi-esm1-2-hr","ssp585",NA,0.00731971011711201,2.96271667480471
"1666",2501,"Beijing","mpi-esm1-2-hr","ssp585",NA,0.00190693512454995,3.18506175449919
"1667",2502,"Beijing","mpi-esm1-2-hr","ssp585",NA,0.206062203168195,2.18976636614121
"1668",2503,"Beijing","mpi-esm1-2-hr","ssp585",NA,0,-0.238737487792945
"1669",2504,"Beijing","mpi-esm1-2-hr","ssp585",NA,0.00677258431096561,-1.12383390154155
"1670",2505,"Beijing","mpi-esm1-2-hr","ssp585",NA,0,0.292989349365257
"1671",2506,"Beijing","mpi-esm1-2-hr","ssp585",NA,0.00213308584144605,-2.11519306727816
"1672",2507,"Beijing","mpi-esm1-2-hr","ssp585",NA,1.7967575639107,0.0220837184361278
"1673",2508,"Beijing","mpi-esm1-2-hr","ssp585",NA,0.00766506651156566,-5.179791695731
"1674",2509,"Beijing","mpi-esm1-2-hr","ssp585",NA,0,-5.45626296997068
"1675",2510,"Beijing","mpi-esm1-2-hr","ssp585",NA,0.0812405337845641,-3.04968436104908
"1676",2511,"Beijing","mpi-esm1-2-hr","ssp585",NA,0.942470745732343,-2.67982221330913
"1677",2512,"Beijing","mpi-esm1-2-hr","ssp585",NA,3.85020031556321,-1.55958622523714
"1678",2513,"Beijing","mpi-esm1-2-hr","ssp585",NA,0.0144251972415077,-6.81799436296733
"1679",2514,"Beijing","mpi-esm1-2-hr","ssp585",NA,0.00387533709077355,-1.90922775268552
"1680",2515,"Beijing","mpi-esm1-2-hr","ssp585",NA,0.0238351144681863,-0.0309765407017084
"1681",2516,"Beijing","mpi-esm1-2-hr","ssp585",NA,0.119088474801694,2.82160611833847
"1682",2517,"Beijing","mpi-esm1-2-hr","ssp585",NA,0.0124378353120846,3.59698911394394
"1683",2518,"Beijing","mpi-esm1-2-hr","ssp585",NA,0.134056099867459,6.20526275634768
"1684",2519,"Beijing","mpi-esm1-2-hr","ssp585",NA,0.0178767414256851,7.58189381190711
"1685",2520,"Beijing","mpi-esm1-2-hr","ssp585",NA,0.217541014691441,16.585580444336
"1686",2521,"Beijing","mpi-esm1-2-hr","ssp585",NA,1.93121977628315,12.7770935058594
"1687",2522,"Beijing","mpi-esm1-2-hr","ssp585",NA,0.0021610909633247,19.0558672223773
"1688",2523,"Beijing","mpi-esm1-2-hr","ssp585",NA,0.0262262763953913,15.4106891087123
"1689",2524,"Beijing","mpi-esm1-2-hr","ssp585",NA,0.00199607592808856,21.9472159249442
"1690",2525,"Beijing","mpi-esm1-2-hr","ssp585",NA,0.0352344686364502,22.6597632271903
"1691",2526,"Beijing","mpi-esm1-2-hr","ssp585",NA,0.0282721038534613,22.9055468967983
"1692",2527,"Beijing","mpi-esm1-2-hr","ssp585",NA,7.32276605400069,20.9466867719378
"1693",2528,"Beijing","mpi-esm1-2-hr","ssp585",NA,0.263658617970058,23.7192272731236
"1694",2529,"Beijing","mpi-esm1-2-hr","ssp585",NA,0.163535627689271,24.76620690482
"1695",2530,"Beijing","mpi-esm1-2-hr","ssp585",NA,5.1174378723642,24.1874007088798
"1696",2531,"Beijing","mpi-esm1-2-hr","ssp585",NA,5.37870501233166,23.8357973371233
"1697",2532,"Beijing","mpi-esm1-2-hr","ssp585",NA,2.56076486712767,25.5972218104772
"1698",2533,"Beijing","mpi-esm1-2-hr","ssp585",NA,8.53545159122535,26.2726324898856
"1699",2534,"Beijing","mpi-esm1-2-hr","ssp585",NA,2.63157710490175,27.6808666774205
"1700",2535,"Beijing","mpi-esm1-2-hr","ssp585",NA,1.36195904135223,28.7294593811035
"1701",2536,"Beijing","mpi-esm1-2-hr","ssp585",NA,0.310309048238976,33.1955521719796
"1702",2537,"Beijing","mpi-esm1-2-hr","ssp585",NA,5.64580842183854,30.6414559500558
"1703",2538,"Beijing","mpi-esm1-2-hr","ssp585",NA,5.33509938088953,24.02291532244
"1704",2539,"Beijing","mpi-esm1-2-hr","ssp585",NA,6.70400089760344,25.8982711791992
"1705",2540,"Beijing","mpi-esm1-2-hr","ssp585",NA,0.332292935256971,23.5550579616002
"1706",2541,"Beijing","mpi-esm1-2-hr","ssp585",NA,2.28183711324813,23.4366437639509
"1707",2542,"Beijing","mpi-esm1-2-hr","ssp585",NA,2.99592521041632,20.1249971662249
"1708",2543,"Beijing","mpi-esm1-2-hr","ssp585",NA,1.11046244818291,20.0392569405692
"1709",2544,"Beijing","mpi-esm1-2-hr","ssp585",NA,0.00187879283787749,21.6556569780622
"1710",2545,"Beijing","mpi-esm1-2-hr","ssp585",NA,0.106390931458528,19.1254718235561
"1711",2546,"Beijing","mpi-esm1-2-hr","ssp585",NA,0.00343685439604866,16.2037281581334
"1712",2547,"Beijing","mpi-esm1-2-hr","ssp585",NA,2.28635994043153,15.0392629350935
"1713",2548,"Beijing","mpi-esm1-2-hr","ssp585",NA,6.4614382133446,11.3421477181571
"1714",2549,"Beijing","mpi-esm1-2-hr","ssp585",NA,1.42825960772046,8.04434520176482
"1715",2550,"Beijing","mpi-esm1-2-hr","ssp585",NA,0.0192763211673862,5.58825727190292
"1716",2551,"Beijing","mpi-esm1-2-hr","ssp585",NA,0.0961379164436949,4.91179918561665
"1717",2552,"Beijing","mpi-esm1-2-hr","ssp585",NA,0.0819749218083287,4.06639415196012
"1718",2553,"Beijing","mpi-esm1-2-hr","ssp585",NA,0.0991446492337543,-1.48239310128346
"1719",2554,"Beijing","mpi-esm1-2-hr","ssp585",NA,0.405592420124126,0.0265801565987946
"1720",2555,"Beijing","mpi-esm1-2-hr","ssp585",NA,0,-3.10569338117325
"1721",2556,"Beijing","mpi-esm1-2-hr","ssp585",NA,0.00216123549502559,-0.837298910958404
"1722",2557,"Beijing","mpi-esm1-2-hr","ssp585",NA,0,0.989084407261462
"1723",2558,"Beijing","mpi-esm1-2-hr","ssp585",NA,0,-1.60640727451867
"1724",2559,"Beijing","mpi-esm1-2-hr","ssp585",NA,0.047751071620691,-1.05933609008787
"1725",2560,"Beijing","mpi-esm1-2-hr","ssp585",NA,0.0344465298634792,-0.207653154645625
"1726",2561,"Beijing","mpi-esm1-2-hr","ssp585",NA,0.00192669106451961,0.476458304268996
"1727",2562,"Beijing","mpi-esm1-2-hr","ssp585",NA,0.00210101453766194,-3.97278006417408
"1728",2563,"Beijing","mpi-esm1-2-hr","ssp585",NA,0.0153238139708784,-3.61892493111744
"1729",2564,"Beijing","mpi-esm1-2-hr","ssp585",NA,0.0457528657794423,-7.18753444126671
"1730",2565,"Beijing","mpi-esm1-2-hr","ssp585",NA,0,-4.12900281633647
"1731",2566,"Beijing","mpi-esm1-2-hr","ssp585",NA,0.00384859890151088,-1.80131650652202
"1732",2567,"Beijing","mpi-esm1-2-hr","ssp585",NA,0.00575933254367555,1.98533510480611
"1733",2568,"Beijing","mpi-esm1-2-hr","ssp585",NA,0.143158325590775,4.06549987792971
"1734",2569,"Beijing","mpi-esm1-2-hr","ssp585",NA,0.0305761621023391,5.87045604160856
"1735",2570,"Beijing","mpi-esm1-2-hr","ssp585",NA,0,10.3504757472447
"1736",2571,"Beijing","mpi-esm1-2-hr","ssp585",NA,0,14.675547354562
"1737",2572,"Beijing","mpi-esm1-2-hr","ssp585",NA,0.748742201215334,16.5735521589007
"1738",2573,"Beijing","mpi-esm1-2-hr","ssp585",NA,0.00203172825032588,15.8178818838937
"1739",2574,"Beijing","mpi-esm1-2-hr","ssp585",NA,0.338772075662876,17.211941746303
"1740",2575,"Beijing","mpi-esm1-2-hr","ssp585",NA,6.63998878584867,17.7139869689942
"1741",2576,"Beijing","mpi-esm1-2-hr","ssp585",NA,0.872090095578772,19.2924438476563
"1742",2577,"Beijing","mpi-esm1-2-hr","ssp585",NA,0.219261649155149,18.1102228437151
"1743",2578,"Beijing","mpi-esm1-2-hr","ssp585",NA,0.216984745501187,21.6426597595215
"1744",2579,"Beijing","mpi-esm1-2-hr","ssp585",NA,10.8732291222298,18.7650020054409
"1745",2580,"Beijing","mpi-esm1-2-hr","ssp585",NA,5.50365302943387,22.3146759033203
"1746",2581,"Beijing","mpi-esm1-2-hr","ssp585",NA,1.88698663555442,21.8872510637556
"1747",2582,"Beijing","mpi-esm1-2-hr","ssp585",NA,3.09081204765269,24.6145808628627
"1748",2583,"Beijing","mpi-esm1-2-hr","ssp585",NA,4.00177732401841,24.47213407244
"1749",2584,"Beijing","mpi-esm1-2-hr","ssp585",NA,10.8971452311055,25.0788022722517
"1750",2585,"Beijing","mpi-esm1-2-hr","ssp585",NA,17.416854086306,25.2705295017788
"1751",2586,"Beijing","mpi-esm1-2-hr","ssp585",NA,5.87940178727097,23.983837563651
"1752",2587,"Beijing","mpi-esm1-2-hr","ssp585",NA,6.9106447568499,25.4965219770159
"1753",2588,"Beijing","mpi-esm1-2-hr","ssp585",NA,6.61272662005753,24.6216549464635
"1754",2589,"Beijing","mpi-esm1-2-hr","ssp585",NA,0.834670668077057,26.4855296543667
"1755",2590,"Beijing","mpi-esm1-2-hr","ssp585",NA,2.5288206998474,26.5091415405274
"1756",2591,"Beijing","mpi-esm1-2-hr","ssp585",NA,0.39902064454509,26.3951938084194
"1757",2592,"Beijing","mpi-esm1-2-hr","ssp585",NA,0.864010635983245,25.733971623012
"1758",2593,"Beijing","mpi-esm1-2-hr","ssp585",NA,0.590754454788112,23.6813565935408
"1759",2594,"Beijing","mpi-esm1-2-hr","ssp585",NA,2.53401901628162,22.1080092293876
"1760",2595,"Beijing","mpi-esm1-2-hr","ssp585",NA,0.186909934752423,22.2337792532785
"1761",2596,"Beijing","mpi-esm1-2-hr","ssp585",NA,0.327673036268347,19.5095311846052
"1762",2597,"Beijing","mpi-esm1-2-hr","ssp585",NA,0.0678816444243629,17.666465650286
"1763",2598,"Beijing","mpi-esm1-2-hr","ssp585",NA,1.39636566503084,16.3312676565988
"1764",2599,"Beijing","mpi-esm1-2-hr","ssp585",NA,0.0025951635117443,11.6715054103307
"1765",2600,"Beijing","mpi-esm1-2-hr","ssp585",NA,0.0038419451811933,14.622452218192
"1766",2601,"Beijing","mpi-esm1-2-hr","ssp585",NA,0,11.883929007394
"1767",2602,"Beijing","mpi-esm1-2-hr","ssp585",NA,0.634000453997682,7.16523568289623
"1768",2603,"Beijing","mpi-esm1-2-hr","ssp585",NA,0.935372166135755,1.34390138898579
"1769",2604,"Beijing","mpi-esm1-2-hr","ssp585",NA,0.00401088888273599,-1.47822309221538
"1770",2605,"Beijing","mpi-esm1-2-hr","ssp585",NA,1.08951066186559,-0.924316515241329
"1771",2606,"Beijing","mpi-esm1-2-hr","ssp585",NA,0.00186612509034084,-5.17501787458145
"1772",2607,"Beijing","mpi-esm1-2-hr","ssp585",NA,0.0212859437851876,-2.38203441074914
"1773",2608,"Beijing","mpi-esm1-2-hr","ssp585",NA,0.00215737418329809,0.688006700788247
"1774",2609,"Beijing","mpi-esm1-2-hr","ssp585",NA,0.152096226487889,-3.20535016741069
"1775",2610,"Beijing","mpi-esm1-2-hr","ssp585",NA,0,-4.98920833042687
"1776",2611,"Beijing","mpi-esm1-2-hr","ssp585",NA,0.552548657664634,-3.9364804949079
"1777",2612,"Beijing","mpi-esm1-2-hr","ssp585",NA,0.0585152814047823,-2.44361179896761
"1778",2613,"Beijing","mpi-esm1-2-hr","ssp585",NA,0.0231465089655103,-1.2533499581473
"1779",2614,"Beijing","mpi-esm1-2-hr","ssp585",NA,0.0536532802405937,-3.36139035906108
"1780",2615,"Beijing","mpi-esm1-2-hr","ssp585",NA,0.0433145679250758,-1.81321509225026
"1781",2616,"Beijing","mpi-esm1-2-hr","ssp585",NA,0.00694257288549645,0.0921597072056584
"1782",2617,"Beijing","mpi-esm1-2-hr","ssp585",NA,0,2.50508488246375
"1783",2618,"Beijing","mpi-esm1-2-hr","ssp585",NA,0,5.0455157688686
"1784",2619,"Beijing","mpi-esm1-2-hr","ssp585",NA,0,2.9063191005162
"1785",2620,"Beijing","mpi-esm1-2-hr","ssp585",NA,3.25009979270752,9.1708045959473
"1786",2621,"Beijing","mpi-esm1-2-hr","ssp585",NA,0.0021141053561483,8.31393585205081
"1787",2622,"Beijing","mpi-esm1-2-hr","ssp585",NA,0,10.874106161935
"1788",2623,"Beijing","mpi-esm1-2-hr","ssp585",NA,0.326221025898121,11.7699393136161
"1789",2624,"Beijing","mpi-esm1-2-hr","ssp585",NA,0.319658546128007,17.4908206394741
"1790",2625,"Beijing","mpi-esm1-2-hr","ssp585",NA,3.53232810829078,10.9453232901437
"1791",2626,"Beijing","mpi-esm1-2-hr","ssp585",NA,0.913873268044491,12.8399673461914
"1792",2627,"Beijing","mpi-esm1-2-hr","ssp585",NA,5.21055468142809,12.7756390162877
"1793",2628,"Beijing","mpi-esm1-2-hr","ssp585",NA,1.45976355371593,15.6553681509836
"1794",2629,"Beijing","mpi-esm1-2-hr","ssp585",NA,2.03022750558505,19.7941817147391
"1795",2630,"Beijing","mpi-esm1-2-hr","ssp585",NA,0,20.902233014788
"1796",2631,"Beijing","mpi-esm1-2-hr","ssp585",NA,0.42909734823817,22.866896384103
"1797",2632,"Beijing","mpi-esm1-2-hr","ssp585",NA,13.1912274715498,22.2469650268555
"1798",2633,"Beijing","mpi-esm1-2-hr","ssp585",NA,2.62715133689458,22.5708502633231
"1799",2634,"Beijing","mpi-esm1-2-hr","ssp585",NA,3.37657960167884,22.8744402204241
"1800",2635,"Beijing","mpi-esm1-2-hr","ssp585",NA,3.60626887172007,25.8230055672782
"1801",2636,"Beijing","mpi-esm1-2-hr","ssp585",NA,4.27010445852959,24.9701079232352
"1802",2637,"Beijing","mpi-esm1-2-hr","ssp585",NA,2.14864173754644,26.3059255327498
"1803",2638,"Beijing","mpi-esm1-2-hr","ssp585",NA,6.49585582686996,26.6023133414132
"1804",2639,"Beijing","mpi-esm1-2-hr","ssp585",NA,5.27963086246927,28.1324739728655
"1805",2640,"Beijing","mpi-esm1-2-hr","ssp585",NA,10.4308576058169,26.0984256199428
"1806",2641,"Beijing","mpi-esm1-2-hr","ssp585",NA,6.48542551916762,25.2935392107283
"1807",2642,"Beijing","mpi-esm1-2-hr","ssp585",NA,4.50861174796436,26.9591848100935
"1808",2643,"Beijing","mpi-esm1-2-hr","ssp585",NA,0.0751068304582856,24.3466904776437
"1809",2644,"Beijing","mpi-esm1-2-hr","ssp585",NA,2.10332933212547,24.1681397574289
"1810",2645,"Beijing","mpi-esm1-2-hr","ssp585",NA,0.0343892784712807,25.5483321053641
"1811",2646,"Beijing","mpi-esm1-2-hr","ssp585",NA,4.29421160095314,20.1364592415946
"1812",2647,"Beijing","mpi-esm1-2-hr","ssp585",NA,0.191451699096693,20.9920140947615
"1813",2648,"Beijing","mpi-esm1-2-hr","ssp585",NA,0.981880446495,22.6816225324358
"1814",2649,"Beijing","mpi-esm1-2-hr","ssp585",NA,3.71426742577959,17.2303542000907
"1815",2650,"Beijing","mpi-esm1-2-hr","ssp585",NA,0.337644107295481,15.6195813860212
"1816",2651,"Beijing","mpi-esm1-2-hr","ssp585",NA,0.0445975263703856,15.3612059456962
"1817",2652,"Beijing","mpi-esm1-2-hr","ssp585",NA,0.506582906512319,10.5229981558664
"1818",2653,"Beijing","mpi-esm1-2-hr","ssp585",NA,0.302842537588991,11.2559824262347
"1819",2654,"Beijing","mpi-esm1-2-hr","ssp585",NA,0.0227785517771346,10.2396936689105
"1820",2655,"Beijing","mpi-esm1-2-hr","ssp585",NA,0.992844987740682,6.29455827985493
"1821",2656,"Beijing","mpi-esm1-2-hr","ssp585",NA,0.00180236871918689,2.41934629167832
"1822",2657,"Beijing","mpi-esm1-2-hr","ssp585",NA,0.00235258318882967,5.66189019339428
"1823",2658,"Beijing","mpi-esm1-2-hr","ssp585",NA,0.0207563915604883,1.3978940691267
"1824",2659,"Beijing","mpi-esm1-2-hr","ssp585",NA,0.0044193594996094,1.24967073713033
"1825",2660,"Beijing","mpi-esm1-2-hr","ssp585",NA,0,-1.05068435668943
"1826",2661,"Beijing","mpi-esm1-2-hr","ssp585",NA,0.159882028011842,-0.742383248465379
"1827",2662,"Beijing","mpi-esm1-2-hr","ssp585",NA,0,-1.97261603219166
"1828",2663,"Beijing","mpi-esm1-2-hr","ssp585",NA,0.00650611573941465,-1.65287900652202
"1829",2664,"Beijing","mpi-esm1-2-hr","ssp585",NA,0.00597172029951513,-8.39282973153248
"1830",2665,"Beijing","mpi-esm1-2-hr","ssp585",NA,0.267132932562422,-8.19984937395366
"1831",2666,"Beijing","mpi-esm1-2-hr","ssp585",NA,0.0660901859191655,-7.246442086356
"1832",2667,"Beijing","mpi-esm1-2-hr","ssp585",NA,0.0114283839918374,-10.0177270071847
"1833",2668,"Beijing","mpi-esm1-2-hr","ssp585",NA,0.0288233724924274,-9.25318211146761
"1834",2669,"Beijing","mpi-esm1-2-hr","ssp585",NA,0.147636731552276,-5.106120627267
"1835",2670,"Beijing","mpi-esm1-2-hr","ssp585",NA,0.00183580202376886,1.21681256975449
"1836",2671,"Beijing","mpi-esm1-2-hr","ssp585",NA,0.0601916502286518,4.67872118268696
"1837",2672,"Beijing","mpi-esm1-2-hr","ssp585",NA,0.650525017869898,-0.86133095877509
"1838",2673,"Beijing","mpi-esm1-2-hr","ssp585",NA,0.735837670234624,5.17098988124305
"1839",2674,"Beijing","mpi-esm1-2-hr","ssp585",NA,0.306624245500384,2.15898502894812
"1840",2675,"Beijing","mpi-esm1-2-hr","ssp585",NA,0.334160690714011,5.15581065586637
"1841",2676,"Beijing","mpi-esm1-2-hr","ssp585",NA,0.840400189203397,4.25162822178434
"1842",2677,"Beijing","mpi-esm1-2-hr","ssp585",NA,0.208308424004956,11.3788167681013
"1843",2678,"Beijing","mpi-esm1-2-hr","ssp585",NA,0.496056829719496,11.7886073521206
"1844",2679,"Beijing","mpi-esm1-2-hr","ssp585",NA,0.00424933865100944,15.3477989196778
"1845",2680,"Beijing","mpi-esm1-2-hr","ssp585",NA,0.558535033373378,19.2475721086775
"1846",2681,"Beijing","mpi-esm1-2-hr","ssp585",NA,4.15263295563558,14.3465378897531
"1847",2682,"Beijing","mpi-esm1-2-hr","ssp585",NA,0.71830258385879,17.5836000714984
"1848",2683,"Beijing","mpi-esm1-2-hr","ssp585",NA,0.655474618926226,23.184771837507
"1849",2684,"Beijing","mpi-esm1-2-hr","ssp585",NA,0.666837902086367,23.4253620692662
"1850",2685,"Beijing","mpi-esm1-2-hr","ssp585",NA,4.67348885207295,20.1359971182687
"1851",2686,"Beijing","mpi-esm1-2-hr","ssp585",NA,0.042782417462409,25.4179588317871
"1852",2687,"Beijing","mpi-esm1-2-hr","ssp585",NA,0.118851990945197,26.1315905979702
"1853",2688,"Beijing","mpi-esm1-2-hr","ssp585",NA,2.76254988315746,27.8745650155204
"1854",2689,"Beijing","mpi-esm1-2-hr","ssp585",NA,8.21255687016154,25.5793586730957
"1855",2690,"Beijing","mpi-esm1-2-hr","ssp585",NA,1.96296624208766,26.9624583653041
"1856",2691,"Beijing","mpi-esm1-2-hr","ssp585",NA,14.1869899346342,24.5301872253418
"1857",2692,"Beijing","mpi-esm1-2-hr","ssp585",NA,7.18987282374915,25.9676610674177
"1858",2693,"Beijing","mpi-esm1-2-hr","ssp585",NA,1.41566292680701,26.2908727373396
"1859",2694,"Beijing","mpi-esm1-2-hr","ssp585",NA,3.01287017298039,25.007765524728
"1860",2695,"Beijing","mpi-esm1-2-hr","ssp585",NA,8.54314852487213,24.6033100673131
"1861",2696,"Beijing","mpi-esm1-2-hr","ssp585",NA,1.73021002759534,23.958387538365
"1862",2697,"Beijing","mpi-esm1-2-hr","ssp585",NA,0.474129772075166,24.3052933829171
"1863",2698,"Beijing","mpi-esm1-2-hr","ssp585",NA,5.69930410253749,23.3634451729911
"1864",2699,"Beijing","mpi-esm1-2-hr","ssp585",NA,0.79291796671766,22.312945665632
"1865",2700,"Beijing","mpi-esm1-2-hr","ssp585",NA,1.41360074692005,19.1227405003139
"1866",2701,"Beijing","mpi-esm1-2-hr","ssp585",NA,1.47010399953485,16.5634622846331
"1867",2702,"Beijing","mpi-esm1-2-hr","ssp585",NA,0.571056363631734,16.7259940011161
"1868",2703,"Beijing","mpi-esm1-2-hr","ssp585",NA,0,14.9959535871234
"1869",2704,"Beijing","mpi-esm1-2-hr","ssp585",NA,0.0110947695702635,16.1805931091309
"1870",2705,"Beijing","mpi-esm1-2-hr","ssp585",NA,1.55890255358437,11.9376938956125
"1871",2706,"Beijing","mpi-esm1-2-hr","ssp585",NA,0,7.769855935233
"1872",2707,"Beijing","mpi-esm1-2-hr","ssp585",NA,1.23457996262784,2.61302337646487
"1873",2708,"Beijing","mpi-esm1-2-hr","ssp585",NA,0.00839929351578965,7.00345873151509
"1874",2709,"Beijing","mpi-esm1-2-hr","ssp585",NA,0,5.38255135672435
"1875",2710,"Beijing","mpi-esm1-2-hr","ssp585",NA,0.00437966941067966,2.31863937377932
"1876",2711,"Beijing","mpi-esm1-2-hr","ssp585",NA,0.0377900192363865,-0.298766108921574
"1877",2712,"Beijing","mpi-esm1-2-hr","ssp585",NA,0.00862104390892325,2.11298413957871
"1878",2713,"Beijing","mpi-esm1-2-hr","ssp585",NA,0.010727866551211,0.768400900704543
"1879",2714,"Beijing","mpi-esm1-2-hr","ssp585",NA,0.00623016595844613,-2.6460147312709
"1880",2715,"Beijing","mpi-esm1-2-hr","ssp585",NA,0.0160082750621119,-1.16294926234652
"1881",2716,"Beijing","mpi-esm1-2-hr","ssp585",NA,0.00497632328395931,1.15036108834405
"1882",2717,"Beijing","mpi-esm1-2-hr","ssp585",NA,0.00570173332822119,-3.08441990443636
"1883",2718,"Beijing","mpi-esm1-2-hr","ssp585",NA,0.0187013898474626,-1.39320002964562
"1884",2719,"Beijing","mpi-esm1-2-hr","ssp585",NA,0.015342641855958,-3.93785106113977
"1885",2720,"Beijing","mpi-esm1-2-hr","ssp585",NA,0.00187871197730211,-0.669292558942499
"1886",2721,"Beijing","mpi-esm1-2-hr","ssp585",NA,0,3.75119334629606
"1887",2722,"Beijing","mpi-esm1-2-hr","ssp585",NA,1.81952323307217,-2.07397090366906
"1888",2723,"Beijing","mpi-esm1-2-hr","ssp585",NA,0.154222491976595,3.95677882603239
"1889",2724,"Beijing","mpi-esm1-2-hr","ssp585",NA,0.0070096257721681,-0.00381589617045774
"1890",2725,"Beijing","mpi-esm1-2-hr","ssp585",NA,0.0849596284232185,2.63384017944338
"1891",2726,"Beijing","mpi-esm1-2-hr","ssp585",NA,0,9.3311592102051
"1892",2727,"Beijing","mpi-esm1-2-hr","ssp585",NA,1.21268771607512,8.48180541992189
"1893",2728,"Beijing","mpi-esm1-2-hr","ssp585",NA,0,12.0417882646833
"1894",2729,"Beijing","mpi-esm1-2-hr","ssp585",NA,0.340299184634725,12.0218613760812
"1895",2730,"Beijing","mpi-esm1-2-hr","ssp585",NA,1.2271569198869,17.2784738813128
"1896",2731,"Beijing","mpi-esm1-2-hr","ssp585",NA,0.0170798711548871,15.5826910836356
"1897",2732,"Beijing","mpi-esm1-2-hr","ssp585",NA,0.46399276865746,17.5809123447963
"1898",2733,"Beijing","mpi-esm1-2-hr","ssp585",NA,9.18816719732994,16.928065599714
"1899",2734,"Beijing","mpi-esm1-2-hr","ssp585",NA,2.8731236416726,17.6172489711217
"1900",2735,"Beijing","mpi-esm1-2-hr","ssp585",NA,1.49561056646884,19.2901147024972
"1901",2736,"Beijing","mpi-esm1-2-hr","ssp585",NA,4.31784841038539,21.2021592276437
"1902",2737,"Beijing","mpi-esm1-2-hr","ssp585",NA,0.0074168006904074,25.4416110447475
"1903",2738,"Beijing","mpi-esm1-2-hr","ssp585",NA,0.818945609021934,24.4830904279437
"1904",2739,"Beijing","mpi-esm1-2-hr","ssp585",NA,1.11034481270898,26.1124964032855
"1905",2740,"Beijing","mpi-esm1-2-hr","ssp585",NA,1.08000538791982,26.7862231663295
"1906",2741,"Beijing","mpi-esm1-2-hr","ssp585",NA,0.71797457372408,29.1547251020159
"1907",2742,"Beijing","mpi-esm1-2-hr","ssp585",NA,5.1615159460133,25.8207396371024
"1908",2743,"Beijing","mpi-esm1-2-hr","ssp585",NA,7.28410979524077,30.0091894967216
"1909",2744,"Beijing","mpi-esm1-2-hr","ssp585",NA,7.3139513735701,27.4521357945033
"1910",2745,"Beijing","mpi-esm1-2-hr","ssp585",NA,1.37932666775669,28.3534185137068
"1911",2746,"Beijing","mpi-esm1-2-hr","ssp585",NA,0.85378948827903,29.0896371023996
"1912",2747,"Beijing","mpi-esm1-2-hr","ssp585",NA,10.6970197294686,24.5944229125977
"1913",2748,"Beijing","mpi-esm1-2-hr","ssp585",NA,1.14834055510593,21.9156002589635
"1914",2749,"Beijing","mpi-esm1-2-hr","ssp585",NA,0.42023192770882,24.8732696533203
"1915",2750,"Beijing","mpi-esm1-2-hr","ssp585",NA,0.52347254570902,23.6368815830776
"1916",2751,"Beijing","mpi-esm1-2-hr","ssp585",NA,0.00651516914201369,24.2782313755581
"1917",2752,"Beijing","mpi-esm1-2-hr","ssp585",NA,0.234591927060787,25.3937589372908
"1918",2753,"Beijing","mpi-esm1-2-hr","ssp585",NA,0.00907844026057449,20.6174685886928
"1919",2754,"Beijing","mpi-esm1-2-hr","ssp585",NA,0.0728168698385291,19.7959092276437
"1920",2755,"Beijing","mpi-esm1-2-hr","ssp585",NA,0.192343781905687,19.250265284947
"1921",2756,"Beijing","mpi-esm1-2-hr","ssp585",NA,0.00569313877869199,15.6133601597377
"1922",2757,"Beijing","mpi-esm1-2-hr","ssp585",NA,0.00180146013397981,14.7677633013044
"1923",2758,"Beijing","mpi-esm1-2-hr","ssp585",NA,0.741977629468237,8.81688243321013
"1924",2759,"Beijing","mpi-esm1-2-hr","ssp585",NA,0.270032300750245,4.73387680053713
"1925",2760,"Beijing","mpi-esm1-2-hr","ssp585",NA,1.09544352155483,4.05505905151369
"1926",2761,"Beijing","mpi-esm1-2-hr","ssp585",NA,0.415999592756374,0.492096383231049
"1927",2762,"Beijing","mpi-esm1-2-hr","ssp585",NA,0.102072634347548,2.04829613821849
"1928",2763,"Beijing","mpi-esm1-2-hr","ssp585",NA,0.0438568124536687,0.221268681117489
"1929",2764,"Beijing","mpi-esm1-2-hr","ssp585",NA,0.0814377585161959,-2.0081711905343
"1930",2765,"Beijing","mpi-esm1-2-hr","ssp585",NA,0.0237373747300548,-1.92966690063474
"1931",2766,"Beijing","mpi-esm1-2-hr","ssp585",NA,0.0114774547845237,-4.37906003679546
"1932",2767,"Beijing","mpi-esm1-2-hr","ssp585",NA,0.00207056412883892,-0.634492165701705
"1933",2768,"Beijing","mpi-esm1-2-hr","ssp585",NA,0.131340380780135,-1.96971413748603
"1934",2769,"Beijing","mpi-esm1-2-hr","ssp585",NA,0.0082519043319605,-0.471521759033179
"1935",2770,"Beijing","mpi-esm1-2-hr","ssp585",NA,0.00257305384496119,-1.24175109863279
"1936",2771,"Beijing","mpi-esm1-2-hr","ssp585",NA,0.0162039216970048,-1.01043167114256
"1937",2772,"Beijing","mpi-esm1-2-hr","ssp585",NA,0.13733288207212,-2.18451102120534
"1938",2773,"Beijing","mpi-esm1-2-hr","ssp585",NA,0,0.582442038399856
"1939",2774,"Beijing","mpi-esm1-2-hr","ssp585",NA,0.0384234923850662,1.30818056379048
"1940",2775,"Beijing","mpi-esm1-2-hr","ssp585",NA,0.0364052453993022,-2.01850575038363
"1941",2776,"Beijing","mpi-esm1-2-hr","ssp585",NA,0.106235179256535,1.39744556971961
"1942",2777,"Beijing","mpi-esm1-2-hr","ssp585",NA,0,4.39654312133792
"1943",2778,"Beijing","mpi-esm1-2-hr","ssp585",NA,1.04767273293354,5.79928250994003
"1944",2779,"Beijing","mpi-esm1-2-hr","ssp585",NA,0.20763381352091,7.44042467389791
"1945",2780,"Beijing","mpi-esm1-2-hr","ssp585",NA,0,13.8313635689872
"1946",2781,"Beijing","mpi-esm1-2-hr","ssp585",NA,0.0397900827660383,14.5277414594378
"1947",2782,"Beijing","mpi-esm1-2-hr","ssp585",NA,0.0598230303694435,18.8086759294783
"1948",2783,"Beijing","mpi-esm1-2-hr","ssp585",NA,0.0029591452013327,19.0531233651298
"1949",2784,"Beijing","mpi-esm1-2-hr","ssp585",NA,2.20680198191466,18.0109246390207
"1950",2785,"Beijing","mpi-esm1-2-hr","ssp585",NA,0.00296916910623883,19.75631375994
"1951",2786,"Beijing","mpi-esm1-2-hr","ssp585",NA,0.00411521235556781,22.9235762459891
"1952",2787,"Beijing","mpi-esm1-2-hr","ssp585",NA,1.99065619347364,21.0979139055525
"1953",2788,"Beijing","mpi-esm1-2-hr","ssp585",NA,0.637818567059055,22.5320340837751
"1954",2789,"Beijing","mpi-esm1-2-hr","ssp585",NA,2.64260772397133,24.1923418317522
"1955",2790,"Beijing","mpi-esm1-2-hr","ssp585",NA,0.448669003273088,25.6990769522531
"1956",2791,"Beijing","mpi-esm1-2-hr","ssp585",NA,2.50819714677683,24.9694196428572
"1957",2792,"Beijing","mpi-esm1-2-hr","ssp585",NA,5.99675245447153,24.7903800964356
"1958",2793,"Beijing","mpi-esm1-2-hr","ssp585",NA,0.772377274337747,27.0598007202149
"1959",2794,"Beijing","mpi-esm1-2-hr","ssp585",NA,8.40907367587534,25.3320028032576
"1960",2795,"Beijing","mpi-esm1-2-hr","ssp585",NA,17.7945066913058,24.7047494070871
"1961",2796,"Beijing","mpi-esm1-2-hr","ssp585",NA,6.42296338291349,25.0337964739119
"1962",2797,"Beijing","mpi-esm1-2-hr","ssp585",NA,3.3069504398944,27.732553100586
"1963",2798,"Beijing","mpi-esm1-2-hr","ssp585",NA,7.19636735450097,22.6539937700544
"1964",2799,"Beijing","mpi-esm1-2-hr","ssp585",NA,1.68242423696938,24.9015016828265
"1965",2800,"Beijing","mpi-esm1-2-hr","ssp585",NA,2.27169872835995,25.5497326442174
"1966",2801,"Beijing","mpi-esm1-2-hr","ssp585",NA,1.33370419412781,25.7088927132743
"1967",2802,"Beijing","mpi-esm1-2-hr","ssp585",NA,0.293505118270332,24.91024987357
"1968",2803,"Beijing","mpi-esm1-2-hr","ssp585",NA,3.19475436109704,24.0820572989328
"1969",2804,"Beijing","mpi-esm1-2-hr","ssp585",NA,2.07793696593269,19.9903416224889
"1970",2805,"Beijing","mpi-esm1-2-hr","ssp585",NA,0,18.6754007611956
"1971",2806,"Beijing","mpi-esm1-2-hr","ssp585",NA,0,17.6260511125837
"1972",2807,"Beijing","mpi-esm1-2-hr","ssp585",NA,0.0620145124555295,19.1683430262975
"1973",2808,"Beijing","mpi-esm1-2-hr","ssp585",NA,0.610409699311275,12.9190373011998
"1974",2809,"Beijing","mpi-esm1-2-hr","ssp585",NA,0.351479125298023,12.1047776358468
"1975",2810,"Beijing","mpi-esm1-2-hr","ssp585",NA,0.220574548464875,7.31877125331336
"1976",2811,"Beijing","mpi-esm1-2-hr","ssp585",NA,0,6.14463250296459
"1977",2812,"Beijing","mpi-esm1-2-hr","ssp585",NA,0.0247947970690023,4.4261778695243
"1978",2813,"Beijing","mpi-esm1-2-hr","ssp585",NA,0.00183096424604757,8.06707752772742
"1979",2814,"Beijing","mpi-esm1-2-hr","ssp585",NA,0.248196430155596,3.5794491359166
"1980",2815,"Beijing","mpi-esm1-2-hr","ssp585",NA,0,5.90054364885605
"1981",2816,"Beijing","mpi-esm1-2-hr","ssp585",NA,0,1.73419560023719
"1982",2817,"Beijing","mpi-esm1-2-hr","ssp585",NA,0.00595131589631949,2.22680653163367
"1983",2818,"Beijing","mpi-esm1-2-hr","ssp585",NA,0.00411576347037875,0.917024230957053
"1984",2819,"Beijing","mpi-esm1-2-hr","ssp585",NA,0.980572880650601,0.956304168701195
"1985",2820,"Beijing","mpi-esm1-2-hr","ssp585",NA,0.0153244634865197,-3.10619310651504
"1986",2821,"Beijing","mpi-esm1-2-hr","ssp585",NA,0.0088073475516077,-0.141464342389766
"1987",2822,"Beijing","mpi-esm1-2-hr","ssp585",NA,0,-2.09654464721677
"1988",2823,"Beijing","mpi-esm1-2-hr","ssp585",NA,0,1.10322832380025
"1989",2824,"Beijing","mpi-esm1-2-hr","ssp585",NA,0.0316083010407705,0.493084389822847
"1990",2825,"Beijing","mpi-esm1-2-hr","ssp585",NA,0.573656442975334,3.31950694492887
"1991",2826,"Beijing","mpi-esm1-2-hr","ssp585",NA,0.00927954629982455,4.32455923897882
"1992",2827,"Beijing","mpi-esm1-2-hr","ssp585",NA,0.0109952059964209,6.45775593348914
"1993",2828,"Beijing","mpi-esm1-2-hr","ssp585",NA,0.0106399739122155,9.244221169608
"1994",2829,"Beijing","mpi-esm1-2-hr","ssp585",NA,0.0028728506549669,8.90035618373329
"1995",2830,"Beijing","mpi-esm1-2-hr","ssp585",NA,2.01071323630068,9.67666996547156
"1996",2831,"Beijing","mpi-esm1-2-hr","ssp585",NA,0.00197485572763461,13.1724841526577
"1997",2832,"Beijing","mpi-esm1-2-hr","ssp585",NA,0,14.1954677036831
"1998",2833,"Beijing","mpi-esm1-2-hr","ssp585",NA,6.86725751929771,11.8116045270648
"1999",2834,"Beijing","mpi-esm1-2-hr","ssp585",NA,0.220016151115488,13.8361112322126
"2000",2835,"Beijing","mpi-esm1-2-hr","ssp585",NA,0.19722789484149,15.6520068577358
"2001",2836,"Beijing","mpi-esm1-2-hr","ssp585",NA,0.00634521845443358,18.5569860185896
"2002",2837,"Beijing","mpi-esm1-2-hr","ssp585",NA,0.0275454184572611,20.9034738813128
"2003",2838,"Beijing","mpi-esm1-2-hr","ssp585",NA,0.890999565821662,16.2872945513044
"2004",2839,"Beijing","mpi-esm1-2-hr","ssp585",NA,3.60397343818997,19.868359048026
"2005",2840,"Beijing","mpi-esm1-2-hr","ssp585",NA,5.3381648591507,23.082226235526
"2006",2841,"Beijing","mpi-esm1-2-hr","ssp585",NA,4.94316217677156,22.9813574654716
"2007",2842,"Beijing","mpi-esm1-2-hr","ssp585",NA,3.54929716555229,21.8896178109305
"2008",2843,"Beijing","mpi-esm1-2-hr","ssp585",NA,1.6158559221172,21.8974428449358
"2009",2844,"Beijing","mpi-esm1-2-hr","ssp585",NA,1.27720326243954,26.451815359933
"2010",2845,"Beijing","mpi-esm1-2-hr","ssp585",NA,1.02463269226324,27.6122953142439
"2011",2846,"Beijing","mpi-esm1-2-hr","ssp585",NA,5.98513988850625,26.8879883902414
"2012",2847,"Beijing","mpi-esm1-2-hr","ssp585",NA,5.76103780814005,24.1445137023926
"2013",2848,"Beijing","mpi-esm1-2-hr","ssp585",NA,9.49353773047992,24.5760295322963
"2014",2849,"Beijing","mpi-esm1-2-hr","ssp585",NA,9.97221316943068,25.2163008553641
"2015",2850,"Beijing","mpi-esm1-2-hr","ssp585",NA,6.45797274202258,24.859101322719
"2016",2851,"Beijing","mpi-esm1-2-hr","ssp585",NA,0.0588101864130814,26.7064573015486
"2017",2852,"Beijing","mpi-esm1-2-hr","ssp585",NA,2.19553101820306,26.1962568010603
"2018",2853,"Beijing","mpi-esm1-2-hr","ssp585",NA,0.312231388794057,28.0435239519392
"2019",2854,"Beijing","mpi-esm1-2-hr","ssp585",NA,2.99289769663379,22.4208182198661
"2020",2855,"Beijing","mpi-esm1-2-hr","ssp585",NA,0.0160141166686246,21.5563832964216
"2021",2856,"Beijing","mpi-esm1-2-hr","ssp585",NA,1.47434912747225,20.4613695417132
"2022",2857,"Beijing","mpi-esm1-2-hr","ssp585",NA,0.0188352197125953,22.0800622122629
"2023",2858,"Beijing","mpi-esm1-2-hr","ssp585",NA,0.0603526234629369,19.0655265808105
"2024",2859,"Beijing","mpi-esm1-2-hr","ssp585",NA,1.83953646034232,18.6079787118094
"2025",2860,"Beijing","mpi-esm1-2-hr","ssp585",NA,0.0173744102734677,16.4389184134347
"2026",2861,"Beijing","mpi-esm1-2-hr","ssp585",NA,0,8.73655744280136
"2027",2862,"Beijing","mpi-esm1-2-hr","ssp585",NA,0.323023424789426,8.28346078055247
"2028",2863,"Beijing","mpi-esm1-2-hr","ssp585",NA,0.0312769829893763,9.09643652779718
"2029",2864,"Beijing","mpi-esm1-2-hr","ssp585",NA,0,3.73061577933177
"2030",2865,"Beijing","mpi-esm1-2-hr","ssp585",NA,0.00659805737086571,6.68068629673551
"2031",2866,"Beijing","mpi-esm1-2-hr","ssp585",NA,0.00814497279861826,1.45760334559852
"2032",2867,"Beijing","mpi-esm1-2-hr","ssp585",NA,0.0618947428587749,2.24959716796877
"2033",2868,"Beijing","mpi-esm1-2-hr","ssp585",NA,0.0846921070855647,0.986789049421061
"2034",2869,"Beijing","mpi-esm1-2-hr","ssp585",NA,0.107239309389635,0.490052250453427
"2035",2870,"Beijing","mpi-esm1-2-hr","ssp585",NA,0.0738928381906589,-0.503244781494118
"2036",2871,"Beijing","mpi-esm1-2-hr","ssp585",NA,0,0.526866803850469
"2037",2872,"Beijing","mpi-esm1-2-hr","ssp585",NA,0,-1.05508215767994
"2038",2873,"Beijing","mpi-esm1-2-hr","ssp585",NA,0,-0.154688807896183
"2039",2874,"Beijing","mpi-esm1-2-hr","ssp585",NA,0,-5.03506916591097
"2040",2875,"Beijing","mpi-esm1-2-hr","ssp585",NA,0,-0.0987326485769856
"2041",2876,"Beijing","mpi-esm1-2-hr","ssp585",NA,0,-1.50768236432754
"2042",2877,"Beijing","mpi-esm1-2-hr","ssp585",NA,0.18458744239719,-0.792318180629163
"2043",2878,"Beijing","mpi-esm1-2-hr","ssp585",NA,0.0203876020870147,3.01413933890209
"2044",2879,"Beijing","mpi-esm1-2-hr","ssp585",NA,0.00191083660346131,3.4684768676758
"2045",2880,"Beijing","mpi-esm1-2-hr","ssp585",NA,0.0045080549560745,6.12717535836358
"2046",2881,"Beijing","mpi-esm1-2-hr","ssp585",NA,0.0644969815831636,7.53066188267301
"2047",2882,"Beijing","mpi-esm1-2-hr","ssp585",NA,1.15392764006564,3.2032295227051
"2048",2883,"Beijing","mpi-esm1-2-hr","ssp585",NA,0.525931311637708,9.20037503923692
"2049",2884,"Beijing","mpi-esm1-2-hr","ssp585",NA,0.450699940457915,6.61591219220845
"2050",2885,"Beijing","mpi-esm1-2-hr","ssp585",NA,1.54592890242254,8.46822891235354
"2051",2886,"Beijing","mpi-esm1-2-hr","ssp585",NA,1.36481076897975,10.3826129368374
"2052",2887,"Beijing","mpi-esm1-2-hr","ssp585",NA,1.55869532687315,15.9617477416993
"2053",2888,"Beijing","mpi-esm1-2-hr","ssp585",NA,6.34843578306702,18.7923659188407
"2054",2889,"Beijing","mpi-esm1-2-hr","ssp585",NA,6.43542032973658,14.3709372384208
"2055",2890,"Beijing","mpi-esm1-2-hr","ssp585",NA,0.352614674037405,20.284194292341
"2056",2891,"Beijing","mpi-esm1-2-hr","ssp585",NA,0.0882457532692829,24.5631146022252
"2057",2892,"Beijing","mpi-esm1-2-hr","ssp585",NA,7.04585066200057,19.6783745901926
"2058",2893,"Beijing","mpi-esm1-2-hr","ssp585",NA,0.696665805857524,20.3623034885952
"2059",2894,"Beijing","mpi-esm1-2-hr","ssp585",NA,0.181805392906296,27.4872609819685
"2060",2895,"Beijing","mpi-esm1-2-hr","ssp585",NA,0.02557661008333,29.0528045654297
"2061",2896,"Beijing","mpi-esm1-2-hr","ssp585",NA,2.82296199720154,27.4579722813198
"2062",2897,"Beijing","mpi-esm1-2-hr","ssp585",NA,11.7016570604392,28.0842747279576
"2063",2898,"Beijing","mpi-esm1-2-hr","ssp585",NA,6.17121997380049,27.1435235159738
"2064",2899,"Beijing","mpi-esm1-2-hr","ssp585",NA,7.94429612726942,27.4643417358399
"2065",2900,"Beijing","mpi-esm1-2-hr","ssp585",NA,4.92660846502986,26.5882714407785
"2066",2901,"Beijing","mpi-esm1-2-hr","ssp585",NA,4.96398257640586,27.2520854404995
"2067",2902,"Beijing","mpi-esm1-2-hr","ssp585",NA,2.23396399144674,26.8031364440918
"2068",2903,"Beijing","mpi-esm1-2-hr","ssp585",NA,2.3534172235681,26.929649244036
"2069",2904,"Beijing","mpi-esm1-2-hr","ssp585",NA,1.73836531108204,26.258445085798
"2070",2905,"Beijing","mpi-esm1-2-hr","ssp585",NA,0.103483339522167,24.874042401995
"2071",2906,"Beijing","mpi-esm1-2-hr","ssp585",NA,0.555834794613475,25.9147294180734
"2072",2907,"Beijing","mpi-esm1-2-hr","ssp585",NA,3.26118064303305,24.1983276367188
"2073",2908,"Beijing","mpi-esm1-2-hr","ssp585",NA,0.169445932715462,24.074187033517
"2074",2909,"Beijing","mpi-esm1-2-hr","ssp585",NA,0.0104504888180859,20.3156911577498
"2075",2910,"Beijing","mpi-esm1-2-hr","ssp585",NA,3.20195056431528,16.9251696995327
"2076",2911,"Beijing","mpi-esm1-2-hr","ssp585",NA,0.0365210137130946,16.8449373517718
"2077",2912,"Beijing","mpi-esm1-2-hr","ssp585",NA,0.00193557765929394,17.9405293055943
"2078",2913,"Beijing","mpi-esm1-2-hr","ssp585",NA,0.0269569837720545,14.0718464442662
"2079",2914,"Beijing","mpi-esm1-2-hr","ssp585",NA,0.00180623897644441,13.0533277239119
"2080",2915,"Beijing","mpi-esm1-2-hr","ssp585",NA,0.19517849145164,12.45943875994
"2081",2916,"Beijing","mpi-esm1-2-hr","ssp585",NA,0.0141965349355035,6.86832798549109
"2082",2917,"Beijing","mpi-esm1-2-hr","ssp585",NA,0.944024778118547,2.41668962751118
"2083",2918,"Beijing","mpi-esm1-2-hr","ssp585",NA,0.00498108826962249,4.96380713326593
"2084",2919,"Beijing","mpi-esm1-2-hr","ssp585",NA,0.0874598109281318,5.34530519757954
"2085",2920,"Beijing","mpi-esm1-2-hr","ssp585",NA,0.408856986769024,2.23729531424388
"2086",2921,"Beijing","mpi-esm1-2-hr","ssp585",NA,0.011297146225583,-1.51956787109373
"2087",2922,"Beijing","mpi-esm1-2-hr","ssp585",NA,0.0362234501283508,-1.62034236363
"2088",2923,"Beijing","mpi-esm1-2-hr","ssp585",NA,0,-3.3616879054478
"2089",2924,"Beijing","mpi-esm1-2-hr","ssp585",NA,0.00180817629760505,-2.22276916503904
"2090",2925,"Beijing","mpi-esm1-2-hr","ssp585",NA,0.37418437985772,-2.02996455601281
"2091",2926,"Beijing","mpi-esm1-2-hr","ssp585",NA,0.268801287770007,-4.6887883867536
"2092",2927,"Beijing","mpi-esm1-2-hr","ssp585",NA,0.00201496116980186,0.0580099923270311
"2093",2928,"Beijing","mpi-esm1-2-hr","ssp585",NA,0.00212471300073957,-0.413002123151484
"2094",2929,"Beijing","mpi-esm1-2-hr","ssp585",NA,0.0771508028589908,-1.64710682460238
"2095",2930,"Beijing","mpi-esm1-2-hr","ssp585",NA,0,1.69126281738283
"2096",2931,"Beijing","mpi-esm1-2-hr","ssp585",NA,0,2.43956037248886
"2097",2932,"Beijing","mpi-esm1-2-hr","ssp585",NA,0.00375079128259261,7.68774839128769
"2098",2933,"Beijing","mpi-esm1-2-hr","ssp585",NA,0.208577629557892,4.91076431274416
"2099",2934,"Beijing","mpi-esm1-2-hr","ssp585",NA,0.820664641884962,7.35182288033624
"2100",2935,"Beijing","mpi-esm1-2-hr","ssp585",NA,0.197083136871307,3.97979670933317
"2101",2936,"Beijing","mpi-esm1-2-hr","ssp585",NA,0.254370519217316,4.95285023280555
"2102",2937,"Beijing","mpi-esm1-2-hr","ssp585",NA,0,7.24997427804132
"2103",2938,"Beijing","mpi-esm1-2-hr","ssp585",NA,0,14.810387638637
"2104",2939,"Beijing","mpi-esm1-2-hr","ssp585",NA,0.346863345462875,15.2621464320592
"2105",2940,"Beijing","mpi-esm1-2-hr","ssp585",NA,0.102933079623264,15.9516453334264
"2106",2941,"Beijing","mpi-esm1-2-hr","ssp585",NA,5.66730433685864,22.2131733485631
"2107",2942,"Beijing","mpi-esm1-2-hr","ssp585",NA,5.33814091301922,19.0142232622419
"2108",2943,"Beijing","mpi-esm1-2-hr","ssp585",NA,1.66185541984305,22.3080917358399
"2109",2944,"Beijing","mpi-esm1-2-hr","ssp585",NA,0.705705074168302,19.0045012337821
"2110",2945,"Beijing","mpi-esm1-2-hr","ssp585",NA,0.717736083788622,23.9014177594866
"2111",2946,"Beijing","mpi-esm1-2-hr","ssp585",NA,0.79874524038652,24.36829964774
"2112",2947,"Beijing","mpi-esm1-2-hr","ssp585",NA,9.4228334426264,25.2069368634905
"2113",2948,"Beijing","mpi-esm1-2-hr","ssp585",NA,2.05239284864547,23.6016479492188
"2114",2949,"Beijing","mpi-esm1-2-hr","ssp585",NA,2.59640320294108,26.7275351388114
"2115",2950,"Beijing","mpi-esm1-2-hr","ssp585",NA,4.0496804603533,26.3259913853237
"2116",2951,"Beijing","mpi-esm1-2-hr","ssp585",NA,7.08965091081545,25.9997993469239
"2117",2952,"Beijing","mpi-esm1-2-hr","ssp585",NA,10.1092444194559,26.4700855800084
"2118",2953,"Beijing","mpi-esm1-2-hr","ssp585",NA,7.53448440916275,25.5135981968471
"2119",2954,"Beijing","mpi-esm1-2-hr","ssp585",NA,6.20089216886949,27.4770032610212
"2120",2955,"Beijing","mpi-esm1-2-hr","ssp585",NA,18.585705498169,24.8458594185966
"2121",2956,"Beijing","mpi-esm1-2-hr","ssp585",NA,0.383253749701648,22.7012513296945
"2122",2957,"Beijing","mpi-esm1-2-hr","ssp585",NA,1.18656583313818,24.9135441371373
"2123",2958,"Beijing","mpi-esm1-2-hr","ssp585",NA,0.251514258837103,25.7814128330776
"2124",2959,"Beijing","mpi-esm1-2-hr","ssp585",NA,0.737276545935726,23.6445322309222
"2125",2960,"Beijing","mpi-esm1-2-hr","ssp585",NA,1.631712660953,24.0548312595913
"2126",2961,"Beijing","mpi-esm1-2-hr","ssp585",NA,3.983428679047,19.915126146589
"2127",2962,"Beijing","mpi-esm1-2-hr","ssp585",NA,1.40254150355759,19.1773833138602
"2128",2963,"Beijing","mpi-esm1-2-hr","ssp585",NA,0,18.4349347795759
"2129",2964,"Beijing","mpi-esm1-2-hr","ssp585",NA,0.925806795066819,12.7510026114328
"2130",2965,"Beijing","mpi-esm1-2-hr","ssp585",NA,0,14.7151896885463
"2131",2966,"Beijing","mpi-esm1-2-hr","ssp585",NA,0.186438972416779,10.7884732927595
"2132",2967,"Beijing","mpi-esm1-2-hr","ssp585",NA,0.00524020379089053,10.7274615696499
"2133",2968,"Beijing","mpi-esm1-2-hr","ssp585",NA,0.00689886976163378,8.57673634120398
"2134",2969,"Beijing","mpi-esm1-2-hr","ssp585",NA,0,10.2890035356794
"2135",2970,"Beijing","mpi-esm1-2-hr","ssp585",NA,0,4.44704698835103
"2136",2971,"Beijing","mpi-esm1-2-hr","ssp585",NA,2.76168387727012,5.33784746442524
"2137",2972,"Beijing","mpi-esm1-2-hr","ssp585",NA,0.0258962950868278,2.17372447422575
"2138",2973,"Beijing","mpi-esm1-2-hr","ssp585",NA,0.00229345621716805,-1.29002990722654
"2139",2974,"Beijing","mpi-esm1-2-hr","ssp585",NA,0.00343631310378051,-1.29391544886995
"2140",2975,"Beijing","mpi-esm1-2-hr","ssp585",NA,0.262896369531518,-4.04872741699216
"2141",2976,"Beijing","mpi-esm1-2-hr","ssp585",NA,0.00303761503995961,-2.21344713483536
"2142",2977,"Beijing","mpi-esm1-2-hr","ssp585",NA,0.0221003944781322,-0.949884796142555
"2143",2978,"Beijing","mpi-esm1-2-hr","ssp585",NA,0,-2.35521218436102
"2144",2979,"Beijing","mpi-esm1-2-hr","ssp585",NA,0.260973193709495,0.0518846784319431
"2145",2980,"Beijing","mpi-esm1-2-hr","ssp585",NA,0,1.82526005336219
"2146",2981,"Beijing","mpi-esm1-2-hr","ssp585",NA,0.0091907117491376,3.76127995082313
"2147",2982,"Beijing","mpi-esm1-2-hr","ssp585",NA,0.333855918435282,2.09536405290878
"2148",2983,"Beijing","mpi-esm1-2-hr","ssp585",NA,0.057079114620657,1.65493654523579
"2149",2984,"Beijing","mpi-esm1-2-hr","ssp585",NA,0.0634372002553261,2.39927171979634
"2150",2985,"Beijing","mpi-esm1-2-hr","ssp585",NA,0,3.41053488595147
"2151",2986,"Beijing","mpi-esm1-2-hr","ssp585",NA,0.511612751604064,7.30944595336916
"2152",2987,"Beijing","mpi-esm1-2-hr","ssp585",NA,0.0537905562396191,6.94107589721682
"2153",2988,"Beijing","mpi-esm1-2-hr","ssp585",NA,0.150143368871016,8.29929395403182
"2154",2989,"Beijing","mpi-esm1-2-hr","ssp585",NA,0,14.0172243390765
"2155",2990,"Beijing","mpi-esm1-2-hr","ssp585",NA,0.438215509633925,17.8995016915458
"2156",2991,"Beijing","mpi-esm1-2-hr","ssp585",NA,0.169351178854933,20.5000402178083
"2157",2992,"Beijing","mpi-esm1-2-hr","ssp585",NA,0.193937669960828,18.0856251307897
"2158",2993,"Beijing","mpi-esm1-2-hr","ssp585",NA,1.37575058021996,16.8790091378348
"2159",2994,"Beijing","mpi-esm1-2-hr","ssp585",NA,0.00252957488555694,21.5237981523786
"2160",2995,"Beijing","mpi-esm1-2-hr","ssp585",NA,1.27369542052682,25.1596199035645
"2161",2996,"Beijing","mpi-esm1-2-hr","ssp585",NA,0.640907357722296,25.1923282078335
"2162",2997,"Beijing","mpi-esm1-2-hr","ssp585",NA,0.105961189599059,26.3079876491002
"2163",2998,"Beijing","mpi-esm1-2-hr","ssp585",NA,7.89750081852876,28.875885445731
"2164",2999,"Beijing","mpi-esm1-2-hr","ssp585",NA,11.2857137676916,20.5128723144532
"2165",3000,"Beijing","mpi-esm1-2-hr","ssp585",NA,5.04800410217935,23.3899605887277
"2166",3001,"Beijing","mpi-esm1-2-hr","ssp585",NA,0.265783108209559,26.1964922223773
"2167",3002,"Beijing","mpi-esm1-2-hr","ssp585",NA,6.93494653383563,26.5409871782575
"2168",3003,"Beijing","mpi-esm1-2-hr","ssp585",NA,12.2051246892754,24.8691557747977
"2169",3004,"Beijing","mpi-esm1-2-hr","ssp585",NA,11.1088665809153,26.7693469456264
"2170",3005,"Beijing","mpi-esm1-2-hr","ssp585",NA,7.01463732733438,24.986941092355
"2171",3006,"Beijing","mpi-esm1-2-hr","ssp585",NA,6.75813589200516,25.5410198756627
"2172",3007,"Beijing","mpi-esm1-2-hr","ssp585",NA,12.644933555144,24.2066077096122
"2173",3008,"Beijing","mpi-esm1-2-hr","ssp585",NA,7.18919057273004,23.4270241873605
"2174",3009,"Beijing","mpi-esm1-2-hr","ssp585",NA,1.17871064359341,26.1258053370885
"2175",3010,"Beijing","mpi-esm1-2-hr","ssp585",NA,0.085043462071813,24.7835147312709
"2176",3011,"Beijing","mpi-esm1-2-hr","ssp585",NA,5.70419552677777,23.8846429007394
"2177",3012,"Beijing","mpi-esm1-2-hr","ssp585",NA,2.84830191645337,20.4009763445173
"2178",3013,"Beijing","mpi-esm1-2-hr","ssp585",NA,2.39081203069093,18.6947603498187
"2179",3014,"Beijing","mpi-esm1-2-hr","ssp585",NA,0.484293051671817,16.9143043518067
"2180",3015,"Beijing","mpi-esm1-2-hr","ssp585",NA,0.516674615378828,19.5067497253418
"2181",3016,"Beijing","mpi-esm1-2-hr","ssp585",NA,9.75681603976486,14.2615998404367
"2182",3017,"Beijing","mpi-esm1-2-hr","ssp585",NA,0.321583559291737,11.3786162240165
"2183",3018,"Beijing","mpi-esm1-2-hr","ssp585",NA,0.074708937316765,12.807141331264
"2184",3019,"Beijing","mpi-esm1-2-hr","ssp585",NA,0.152614531374898,10.5036728995187
"2185",3020,"Beijing","mpi-esm1-2-hr","ssp585",NA,0.00202740913794384,9.86725115094868
"2186",3021,"Beijing","mpi-esm1-2-hr","ssp585",NA,0.00449506008278279,4.18238111223496
"2187",3022,"Beijing","mpi-esm1-2-hr","ssp585",NA,2.40458456521862,6.73676997593473
"2188",3023,"Beijing","mpi-esm1-2-hr","ssp585",NA,0.699194614584745,1.51051864624026
"2189",3024,"Beijing","mpi-esm1-2-hr","ssp585",NA,0.309866363600772,-1.09394629342213
"2190",3025,"Beijing","mpi-esm1-2-hr","ssp585",NA,0.0493297627989315,-1.19918234688893
"2191",3026,"Beijing","mpi-esm1-2-hr","ssp585",NA,0.375467953965979,1.44053856985912
"2192",3027,"Beijing","mpi-esm1-2-hr","ssp585",NA,0.00215223787043734,-0.428420039585636
"2193",3028,"Beijing","mpi-esm1-2-hr","ssp585",NA,0.0783014318325774,1.74019666399277
"2194",3029,"Beijing","mpi-esm1-2-hr","ssp585",NA,0,-4.24054238455634
"2195",3030,"Beijing","mpi-esm1-2-hr","ssp585",NA,0,0.415534319196451
"2196",3031,"Beijing","mpi-esm1-2-hr","ssp585",NA,0.00219970109875639,-0.762113407679943
"2197",3032,"Beijing","mpi-esm1-2-hr","ssp585",NA,0,3.65368804931643
"2198",3033,"Beijing","mpi-esm1-2-hr","ssp585",NA,0.00439480244105133,4.15099977765767
"2199",3034,"Beijing","mpi-esm1-2-hr","ssp585",NA,0,-0.464669472830613
"2200",3035,"Beijing","mpi-esm1-2-hr","ssp585",NA,1.11025522831239,5.9816228594099
"2201",3036,"Beijing","mpi-esm1-2-hr","ssp585",NA,0.967849748881886,2.55481327601844
"2202",3037,"Beijing","mpi-esm1-2-hr","ssp585",NA,1.5473342650109,2.65915287562781
"2203",3038,"Beijing","mpi-esm1-2-hr","ssp585",NA,1.98318269952194,8.02421994890489
"2204",3039,"Beijing","mpi-esm1-2-hr","ssp585",NA,0.627249413680277,2.70054670061386
"2205",3040,"Beijing","mpi-esm1-2-hr","ssp585",NA,0,6.52114366803853
"2206",3041,"Beijing","mpi-esm1-2-hr","ssp585",NA,0.415483946621212,11.2150687081473
"2207",3042,"Beijing","mpi-esm1-2-hr","ssp585",NA,0.337385639185024,12.1954627990723
"2208",3043,"Beijing","mpi-esm1-2-hr","ssp585",NA,2.19955637165705,13.3412338256836
"2209",3044,"Beijing","mpi-esm1-2-hr","ssp585",NA,0.013608510692263,16.9086193629674
"2210",3045,"Beijing","mpi-esm1-2-hr","ssp585",NA,0.0215397004077593,18.1993973868234
"2211",3046,"Beijing","mpi-esm1-2-hr","ssp585",NA,0.0225201450575695,19.8015925816128
"2212",3047,"Beijing","mpi-esm1-2-hr","ssp585",NA,0.0744661214282262,20.2705115182059
"2213",3048,"Beijing","mpi-esm1-2-hr","ssp585",NA,0.171153216414106,21.6013193402972
"2214",3049,"Beijing","mpi-esm1-2-hr","ssp585",NA,5.31384513269586,18.8647476196289
"2215",3050,"Beijing","mpi-esm1-2-hr","ssp585",NA,0.877938632947916,23.5706905909947
"2216",3051,"Beijing","mpi-esm1-2-hr","ssp585",NA,0.387885769006452,25.5535031999861
"2217",3052,"Beijing","mpi-esm1-2-hr","ssp585",NA,0.723444294382196,28.2511753627232
"2218",3053,"Beijing","mpi-esm1-2-hr","ssp585",NA,2.59225622272814,29.0866877964565
"2219",3054,"Beijing","mpi-esm1-2-hr","ssp585",NA,4.24525548785693,28.2147095816476
"2220",3055,"Beijing","mpi-esm1-2-hr","ssp585",NA,6.33081143626311,26.4767460414342
"2221",3056,"Beijing","mpi-esm1-2-hr","ssp585",NA,13.2941727991823,27.762648337228
"2222",3057,"Beijing","mpi-esm1-2-hr","ssp585",NA,2.80223520517211,27.1008212498256
"2223",3058,"Beijing","mpi-esm1-2-hr","ssp585",NA,0.128273514558584,30.7693371364049
"2224",3059,"Beijing","mpi-esm1-2-hr","ssp585",NA,6.7363717059769,26.4294879368374
"2225",3060,"Beijing","mpi-esm1-2-hr","ssp585",NA,2.24810088741053,27.0197801862444
"2226",3061,"Beijing","mpi-esm1-2-hr","ssp585",NA,0,26.5457969665528
"2227",3062,"Beijing","mpi-esm1-2-hr","ssp585",NA,4.63774242882339,22.8425302777972
"2228",3063,"Beijing","mpi-esm1-2-hr","ssp585",NA,0.806142451944783,22.7278092520578
"2229",3064,"Beijing","mpi-esm1-2-hr","ssp585",NA,0.0491683949089098,23.9802201407297
"2230",3065,"Beijing","mpi-esm1-2-hr","ssp585",NA,0.212927424932527,21.1726634434292
"2231",3066,"Beijing","mpi-esm1-2-hr","ssp585",NA,0.266484814879473,20.7712913513184
"2232",3067,"Beijing","mpi-esm1-2-hr","ssp585",NA,0.613195581523281,22.0796049935477
"2233",3068,"Beijing","mpi-esm1-2-hr","ssp585",NA,0.104512906883818,16.10042452131
"2234",3069,"Beijing","mpi-esm1-2-hr","ssp585",NA,0.00593443620735862,14.0939362662179
"2235",3070,"Beijing","mpi-esm1-2-hr","ssp585",NA,0.00215030616215829,13.9782833644322
"2236",3071,"Beijing","mpi-esm1-2-hr","ssp585",NA,0.00224449750671089,10.0068429129464
"2237",3072,"Beijing","mpi-esm1-2-hr","ssp585",NA,0.00464770432699879,8.9293756757464
"2238",3073,"Beijing","mpi-esm1-2-hr","ssp585",NA,0,6.37518136160717
"2239",3074,"Beijing","mpi-esm1-2-hr","ssp585",NA,0,5.74623914446152
"2240",3075,"Beijing","mpi-esm1-2-hr","ssp585",NA,0.00203654340111825,1.6490918840681
"2241",3076,"Beijing","mpi-esm1-2-hr","ssp585",NA,0,1.9677193777902
"2242",3077,"Beijing","mpi-esm1-2-hr","ssp585",NA,0.0960073334551583,-1.12944641113279
"2243",3078,"Beijing","mpi-esm1-2-hr","ssp585",NA,0,0.158139256068661
"2244",3079,"Beijing","mpi-esm1-2-hr","ssp585",NA,0,-1.70579648699077
"2245",3080,"Beijing","mpi-esm1-2-hr","ssp585",NA,0,-1.21745910644529
"2246",3081,"Beijing","mpi-esm1-2-hr","ssp585",NA,0.0319121605246307,-3.9907778058733
"2247",3082,"Beijing","mpi-esm1-2-hr","ssp585",NA,0,-0.761487252371629
"2248",3083,"Beijing","mpi-esm1-2-hr","ssp585",NA,0.00188006731280309,-6.43912026541571
"2249",3084,"Beijing","mpi-esm1-2-hr","ssp585",NA,0.00910492025728413,-1.1045827593122
"2250",3085,"Beijing","mpi-esm1-2-hr","ssp585",NA,0.0160913734232184,-1.28812909807475
"2251",3086,"Beijing","mpi-esm1-2-hr","ssp585",NA,0.0188453879737998,0.947778320312522
"2252",3087,"Beijing","mpi-esm1-2-hr","ssp585",NA,0,2.76171809605192
"2253",3088,"Beijing","mpi-esm1-2-hr","ssp585",NA,0.585953537211026,0.212124851771786
"2254",3089,"Beijing","mpi-esm1-2-hr","ssp585",NA,0.206151242062853,1.70450908115934
"2255",3090,"Beijing","mpi-esm1-2-hr","ssp585",NA,0.00539378784196743,9.48099070957731
"2256",3091,"Beijing","mpi-esm1-2-hr","ssp585",NA,0.0393653019922827,6.1508488246373
"2257",3092,"Beijing","mpi-esm1-2-hr","ssp585",NA,0.285111792300086,4.87142224993027
"2258",3093,"Beijing","mpi-esm1-2-hr","ssp585",NA,1.3574130489295,6.0798518589565
"2259",3094,"Beijing","mpi-esm1-2-hr","ssp585",NA,0,15.9472704206194
"2260",3095,"Beijing","mpi-esm1-2-hr","ssp585",NA,0.21754099469555,14.1797674996513
"2261",3096,"Beijing","mpi-esm1-2-hr","ssp585",NA,0.10241821420485,16.8622206551688
"2262",3097,"Beijing","mpi-esm1-2-hr","ssp585",NA,3.18507051139412,19.1029465811593
"2263",3098,"Beijing","mpi-esm1-2-hr","ssp585",NA,2.7920407574194,17.8308905465262
"2264",3099,"Beijing","mpi-esm1-2-hr","ssp585",NA,0.269148173148486,22.5490149361747
"2265",3100,"Beijing","mpi-esm1-2-hr","ssp585",NA,0.41147031514421,21.015507725307
"2266",3101,"Beijing","mpi-esm1-2-hr","ssp585",NA,0.911575864042138,20.8346839904785
"2267",3102,"Beijing","mpi-esm1-2-hr","ssp585",NA,3.80632495569314,22.0251638139997
"2268",3103,"Beijing","mpi-esm1-2-hr","ssp585",NA,1.56193961119503,24.3909987313407
"2269",3104,"Beijing","mpi-esm1-2-hr","ssp585",NA,1.37022819143827,24.5878131321499
"2270",3105,"Beijing","mpi-esm1-2-hr","ssp585",NA,5.76722167799874,24.4183953421457
"2271",3106,"Beijing","mpi-esm1-2-hr","ssp585",NA,10.5307402298812,27.2338942391532
"2272",3107,"Beijing","mpi-esm1-2-hr","ssp585",NA,0.920264575799073,28.748239680699
"2273",3108,"Beijing","mpi-esm1-2-hr","ssp585",NA,11.2241681664143,28.234759085519
"2274",3109,"Beijing","mpi-esm1-2-hr","ssp585",NA,3.75643571260948,26.7212332589286
"2275",3110,"Beijing","mpi-esm1-2-hr","ssp585",NA,9.53432059939457,26.1257704598563
"2276",3111,"Beijing","mpi-esm1-2-hr","ssp585",NA,23.7214593627414,25.7727098737444
"2277",3112,"Beijing","mpi-esm1-2-hr","ssp585",NA,0.191132670274133,23.4878816877093
"2278",3113,"Beijing","mpi-esm1-2-hr","ssp585",NA,0.667047725106126,26.5450389317104
"2279",3114,"Beijing","mpi-esm1-2-hr","ssp585",NA,0.00385360717051039,25.7585622514998
"2280",3115,"Beijing","mpi-esm1-2-hr","ssp585",NA,0.00796389737973056,27.0804867335729
"2281",3116,"Beijing","mpi-esm1-2-hr","ssp585",NA,3.80546052000942,24.1651969909668
"2282",3117,"Beijing","mpi-esm1-2-hr","ssp585",NA,0.00269275696414946,19.4890266418457
"2283",3118,"Beijing","mpi-esm1-2-hr","ssp585",NA,0.029886124964053,20.1447191510882
"2284",3119,"Beijing","mpi-esm1-2-hr","ssp585",NA,0.246854870946273,19.8022236415318
"2285",3120,"Beijing","mpi-esm1-2-hr","ssp585",NA,1.03599866399366,16.2236735752651
"2286",3121,"Beijing","mpi-esm1-2-hr","ssp585",NA,6.62348372533675,15.1149939400809
"2287",3122,"Beijing","mpi-esm1-2-hr","ssp585",NA,0,9.33255157470704
"2288",3123,"Beijing","mpi-esm1-2-hr","ssp585",NA,0.00379830327282045,10.3751137869699
"2289",3124,"Beijing","mpi-esm1-2-hr","ssp585",NA,0.0678646731752711,6.75223584856308
"2290",3125,"Beijing","mpi-esm1-2-hr","ssp585",NA,0.0323233367258321,8.53930217197966
"2291",3126,"Beijing","mpi-esm1-2-hr","ssp585",NA,0.497170576974375,2.59206161499026
"2292",3127,"Beijing","mpi-esm1-2-hr","ssp585",NA,0.655945209408466,-0.249836621965658
"2293",3128,"Beijing","mpi-esm1-2-hr","ssp585",NA,0,-0.589261845179943
"2294",3129,"Beijing","mpi-esm1-2-hr","ssp585",NA,0,1.42790919712614
"2295",3130,"Beijing","mpi-esm1-2-hr","ssp585",NA,0.00239384155195564,-3.36685082571845
"2296",3131,"Beijing","mpi-esm1-2-hr","ssp585",NA,0.0042099758632373,-2.17057048252648
"2297",3132,"Beijing","mpi-esm1-2-hr","ssp585",NA,0.00465673510266891,-1.84900349208285
"2298",3133,"Beijing","mpi-esm1-2-hr","ssp585",NA,0.028245193418895,-5.37639519827704
"2299",3134,"Beijing","mpi-esm1-2-hr","ssp585",NA,0.0168737101895593,-3.94959814889088
"2300",3135,"Beijing","mpi-esm1-2-hr","ssp585",NA,0.0450604163298911,-1.19739924839563
"2301",3136,"Beijing","mpi-esm1-2-hr","ssp585",NA,0.00500629887808047,-6.97870646885461
"2302",3137,"Beijing","mpi-esm1-2-hr","ssp585",NA,0,-0.360787091936362
"2303",3138,"Beijing","mpi-esm1-2-hr","ssp585",NA,0,0.508618927001975
"2304",3139,"Beijing","mpi-esm1-2-hr","ssp585",NA,0,-0.931818934849309
"2305",3140,"Beijing","mpi-esm1-2-hr","ssp585",NA,0.327657756250639,0.00266854422435422
"2306",3141,"Beijing","mpi-esm1-2-hr","ssp585",NA,0.00428574485340505,8.13885487147743
"2307",3142,"Beijing","mpi-esm1-2-hr","ssp585",NA,0.0360321368134464,8.84984741210939
"2308",3143,"Beijing","mpi-esm1-2-hr","ssp585",NA,0,9.44287207467217
"2309",3144,"Beijing","mpi-esm1-2-hr","ssp585",NA,0,15.2851997375489
"2310",3145,"Beijing","mpi-esm1-2-hr","ssp585",NA,0.0197957882716894,10.5948883056641
"2311",3146,"Beijing","mpi-esm1-2-hr","ssp585",NA,0.00313784917774942,16.3125974382673
"2312",3147,"Beijing","mpi-esm1-2-hr","ssp585",NA,0.894339054087011,16.5485735212054
"2313",3148,"Beijing","mpi-esm1-2-hr","ssp585",NA,0.0561079731466764,15.2018229893276
"2314",3149,"Beijing","mpi-esm1-2-hr","ssp585",NA,1.6142217300642,16.9309435163226
"2315",3150,"Beijing","mpi-esm1-2-hr","ssp585",NA,0.449428883777208,18.5349910191127
"2316",3151,"Beijing","mpi-esm1-2-hr","ssp585",NA,4.24662209981242,20.7575622558594
"2317",3152,"Beijing","mpi-esm1-2-hr","ssp585",NA,0.0550753664096451,21.3595781598773
"2318",3153,"Beijing","mpi-esm1-2-hr","ssp585",NA,0.68785531035636,24.5077606201172
"2319",3154,"Beijing","mpi-esm1-2-hr","ssp585",NA,0.108606598574365,23.46052104405
"2320",3155,"Beijing","mpi-esm1-2-hr","ssp585",NA,1.18596193233316,25.408461870466
"2321",3156,"Beijing","mpi-esm1-2-hr","ssp585",NA,17.6509675013546,23.1719506399972
"2322",3157,"Beijing","mpi-esm1-2-hr","ssp585",NA,7.98314116670683,23.2378408159529
"2323",3158,"Beijing","mpi-esm1-2-hr","ssp585",NA,2.25126313771398,25.5475827898298
"2324",3159,"Beijing","mpi-esm1-2-hr","ssp585",NA,1.04069540245421,28.0490280151367
"2325",3160,"Beijing","mpi-esm1-2-hr","ssp585",NA,1.64206022829083,28.4545488630022
"2326",3161,"Beijing","mpi-esm1-2-hr","ssp585",NA,7.02667696693555,28.2352217538016
"2327",3162,"Beijing","mpi-esm1-2-hr","ssp585",NA,7.5847611554179,26.7421203613282
"2328",3163,"Beijing","mpi-esm1-2-hr","ssp585",NA,2.94254881467688,26.781568145752
"2329",3164,"Beijing","mpi-esm1-2-hr","ssp585",NA,2.25791047215093,26.5661440168109
"2330",3165,"Beijing","mpi-esm1-2-hr","ssp585",NA,0.00392079301231466,28.6955870492118
"2331",3166,"Beijing","mpi-esm1-2-hr","ssp585",NA,5.98803434612429,26.9710861206055
"2332",3167,"Beijing","mpi-esm1-2-hr","ssp585",NA,14.6002924493847,19.4494300842285
"2333",3168,"Beijing","mpi-esm1-2-hr","ssp585",NA,12.2335992295965,19.1187078203474
"2334",3169,"Beijing","mpi-esm1-2-hr","ssp585",NA,0.152157235178103,20.4309364318848
"2335",3170,"Beijing","mpi-esm1-2-hr","ssp585",NA,0.426731793504587,17.5329376220703
"2336",3171,"Beijing","mpi-esm1-2-hr","ssp585",NA,0.88610818595823,17.7927991594587
"2337",3172,"Beijing","mpi-esm1-2-hr","ssp585",NA,0.096380640245895,17.9820392063686
"2338",3173,"Beijing","mpi-esm1-2-hr","ssp585",NA,0.0324121486495901,17.9303805759975
"2339",3174,"Beijing","mpi-esm1-2-hr","ssp585",NA,0.26003409196684,12.8617029462542
"2340",3175,"Beijing","mpi-esm1-2-hr","ssp585",NA,0.151745562236881,11.6500804356167
"2341",3176,"Beijing","mpi-esm1-2-hr","ssp585",NA,0.0414530489056883,11.5057813371931
"2342",3177,"Beijing","mpi-esm1-2-hr","ssp585",NA,0.0649125886281711,5.78429619925365
"2343",3178,"Beijing","mpi-esm1-2-hr","ssp585",NA,0.753771742860668,-1.42569253104072
"2344",3179,"Beijing","mpi-esm1-2-hr","ssp585",NA,0,-1.67874319893971
"2345",3180,"Beijing","mpi-esm1-2-hr","ssp585",NA,0.0122205403191141,-0.800757380894229
"2346",3181,"Beijing","mpi-esm1-2-hr","ssp585",NA,0.1210555340614,-1.11245247977118
"2347",3182,"Beijing","mpi-esm1-2-hr","ssp585",NA,0,-3.30782383510042
"2348",3183,"Beijing","mpi-esm1-2-hr","ssp585",NA,0.00230927086184758,-3.33704659598212
"2349",3184,"Beijing","mpi-esm1-2-hr","ssp585",NA,0.0118099394382755,-5.97035664149691
"2350",3185,"Beijing","mpi-esm1-2-hr","ssp585",NA,0,-5.21427928379602
"2351",3186,"Beijing","mpi-esm1-2-hr","ssp585",NA,0,-3.43862707955494
"2352",3187,"Beijing","mpi-esm1-2-hr","ssp585",NA,0.00208375790862192,-0.590001896449476
"2353",3188,"Beijing","mpi-esm1-2-hr","ssp585",NA,0.417351244453,0.483408137730212
"2354",3189,"Beijing","mpi-esm1-2-hr","ssp585",NA,0.0376751582799833,-2.32653002057754
"2355",3190,"Beijing","mpi-esm1-2-hr","ssp585",NA,0.0035049035692022,3.40362864903044
"2356",3191,"Beijing","mpi-esm1-2-hr","ssp585",NA,0.67638820204203,1.50673501150951
"2357",3192,"Beijing","mpi-esm1-2-hr","ssp585",NA,0.32040117368654,4.16596483503072
"2358",3193,"Beijing","mpi-esm1-2-hr","ssp585",NA,0.170509596754138,7.76912896292553
"2359",3194,"Beijing","mpi-esm1-2-hr","ssp585",NA,0.405250531613482,7.12173178536554
"2360",3195,"Beijing","mpi-esm1-2-hr","ssp585",NA,0.0612208632771528,5.99545277186805
"2361",3196,"Beijing","mpi-esm1-2-hr","ssp585",NA,0.0018286447227313,11.4328328813826
"2362",3197,"Beijing","mpi-esm1-2-hr","ssp585",NA,0.0023204734718872,13.6193672180176
"2363",3198,"Beijing","mpi-esm1-2-hr","ssp585",NA,0.159992687901779,14.0180630275181
"2364",3199,"Beijing","mpi-esm1-2-hr","ssp585",NA,0.166153658782215,18.4661913190569
"2365",3200,"Beijing","mpi-esm1-2-hr","ssp585",NA,0.51909685267414,16.8654827662877
"2366",3201,"Beijing","mpi-esm1-2-hr","ssp585",NA,0.395550221082886,20.5749091012137
"2367",3202,"Beijing","mpi-esm1-2-hr","ssp585",NA,0.0239122366890244,21.0340133666992
"2368",3203,"Beijing","mpi-esm1-2-hr","ssp585",NA,0,20.8999491010394
"2369",3204,"Beijing","mpi-esm1-2-hr","ssp585",NA,0,25.2301700047085
"2370",3205,"Beijing","mpi-esm1-2-hr","ssp585",NA,0.377577151383385,25.5570301600865
"2371",3206,"Beijing","mpi-esm1-2-hr","ssp585",NA,0.218148146411425,27.9471052987235
"2372",3207,"Beijing","mpi-esm1-2-hr","ssp585",NA,2.25673280890858,25.6204544067383
"2373",3208,"Beijing","mpi-esm1-2-hr","ssp585",NA,7.32921481117696,25.0592127118792
"2374",3209,"Beijing","mpi-esm1-2-hr","ssp585",NA,4.15163635763877,24.720163508824
"2375",3210,"Beijing","mpi-esm1-2-hr","ssp585",NA,0.115905707135815,27.4432034083775
"2376",3211,"Beijing","mpi-esm1-2-hr","ssp585",NA,6.24972727437775,28.9952031816755
"2377",3212,"Beijing","mpi-esm1-2-hr","ssp585",NA,1.03843176116243,28.6833838326591
"2378",3213,"Beijing","mpi-esm1-2-hr","ssp585",NA,9.99165366948936,28.8241581508092
"2379",3214,"Beijing","mpi-esm1-2-hr","ssp585",NA,2.68930816255956,28.6540112086705
"2380",3215,"Beijing","mpi-esm1-2-hr","ssp585",NA,4.24219137843725,26.1230642046248
"2381",3216,"Beijing","mpi-esm1-2-hr","ssp585",NA,3.84009644182827,27.5836551121303
"2382",3217,"Beijing","mpi-esm1-2-hr","ssp585",NA,8.23099900363948,26.8199014936175
"2383",3218,"Beijing","mpi-esm1-2-hr","ssp585",NA,2.7120948740633,24.5198090689523
"2384",3219,"Beijing","mpi-esm1-2-hr","ssp585",NA,4.42121819306911,23.2151776994978
"2385",3220,"Beijing","mpi-esm1-2-hr","ssp585",NA,1.46428347746093,24.9443794250488
"2386",3221,"Beijing","mpi-esm1-2-hr","ssp585",NA,0.328515279319877,20.2821866716658
"2387",3222,"Beijing","mpi-esm1-2-hr","ssp585",NA,0.18194807060224,21.4287794930595
"2388",3223,"Beijing","mpi-esm1-2-hr","ssp585",NA,0.00784838024238915,18.7077466692243
"2389",3224,"Beijing","mpi-esm1-2-hr","ssp585",NA,0.461296799721822,16.4848964146206
"2390",3225,"Beijing","mpi-esm1-2-hr","ssp585",NA,0.0466790908701244,16.8690059116909
"2391",3226,"Beijing","mpi-esm1-2-hr","ssp585",NA,0,16.7567982264928
"2392",3227,"Beijing","mpi-esm1-2-hr","ssp585",NA,0.00192988637276617,9.8111042567662
"2393",3228,"Beijing","mpi-esm1-2-hr","ssp585",NA,0,11.441730935233
"2394",3229,"Beijing","mpi-esm1-2-hr","ssp585",NA,0.00546374083439461,9.02997196742469
"2395",3230,"Beijing","mpi-esm1-2-hr","ssp585",NA,0.00189051200842576,9.42447106497631
"2396",3231,"Beijing","mpi-esm1-2-hr","ssp585",NA,0.199733337668866,1.38350448608401
"2397",3232,"Beijing","mpi-esm1-2-hr","ssp585",NA,0.0145974109727831,-0.237827410016718
"2398",3233,"Beijing","mpi-esm1-2-hr","ssp585",NA,0.00194512938053646,1.71759076799668
"2399",3234,"Beijing","mpi-esm1-2-hr","ssp585",NA,0,-1.47085200718469
"2400",3235,"Beijing","mpi-esm1-2-hr","ssp585",NA,0.00405742896743635,1.46263711111888
"2401",3236,"Beijing","mpi-esm1-2-hr","ssp585",NA,0,-3.34884272984094
"2402",3237,"Beijing","mpi-esm1-2-hr","ssp585",NA,0.00185012136171281,-3.17139609200612
"2403",3238,"Beijing","mpi-esm1-2-hr","ssp585",NA,0.00200210065486318,-1.41070240565706
"2404",3239,"Beijing","mpi-esm1-2-hr","ssp585",NA,0.033161198221673,-1.39936185564311
"2405",3240,"Beijing","mpi-esm1-2-hr","ssp585",NA,0.00205985755720966,-3.95070822579518
"2406",3241,"Beijing","mpi-esm1-2-hr","ssp585",NA,0.0104859341653147,-2.55784672328402
"2407",3242,"Beijing","mpi-esm1-2-hr","ssp585",NA,0.00586262272008752,-2.37127314976281
"2408",3243,"Beijing","mpi-esm1-2-hr","ssp585",NA,0.00182460590362357,1.43214514596124
"2409",3244,"Beijing","mpi-esm1-2-hr","ssp585",NA,0.310216997331736,1.81379089355471
"2410",3245,"Beijing","mpi-esm1-2-hr","ssp585",NA,0.00490568218732992,3.67722527640209
"2411",3246,"Beijing","mpi-esm1-2-hr","ssp585",NA,0,2.84877766200477
"2412",3247,"Beijing","mpi-esm1-2-hr","ssp585",NA,0.0159813793613596,4.54780731201174
"2413",3248,"Beijing","mpi-esm1-2-hr","ssp585",NA,0.181859531254044,7.83207691737586
"2414",3249,"Beijing","mpi-esm1-2-hr","ssp585",NA,0,11.11201575143
"2415",3250,"Beijing","mpi-esm1-2-hr","ssp585",NA,0.5942675096646,12.5320896693639
"2416",3251,"Beijing","mpi-esm1-2-hr","ssp585",NA,0.221135699809695,12.9352868216379
"2417",3252,"Beijing","mpi-esm1-2-hr","ssp585",NA,0.850666521130603,12.9619689941406
"2418",3253,"Beijing","mpi-esm1-2-hr","ssp585",NA,0.0580779047985353,17.128307233538
"2419",3254,"Beijing","mpi-esm1-2-hr","ssp585",NA,0.0747056118598265,17.0091720581055
"2420",3255,"Beijing","mpi-esm1-2-hr","ssp585",NA,2.01178748728645,20.0951798575265
"2421",3256,"Beijing","mpi-esm1-2-hr","ssp585",NA,0.761379810033498,23.4416481018066
"2422",3257,"Beijing","mpi-esm1-2-hr","ssp585",NA,1.85758330558201,23.6739048549107
"2423",3258,"Beijing","mpi-esm1-2-hr","ssp585",NA,8.3709161905777,22.9604409354074
"2424",3259,"Beijing","mpi-esm1-2-hr","ssp585",NA,0.557077306283255,23.8740843636649
"2425",3260,"Beijing","mpi-esm1-2-hr","ssp585",NA,1.3930019064901,27.4336928231376
"2426",3261,"Beijing","mpi-esm1-2-hr","ssp585",NA,8.8730697815663,25.1522450038365
"2427",3262,"Beijing","mpi-esm1-2-hr","ssp585",NA,9.95548767404475,26.5624644688198
"2428",3263,"Beijing","mpi-esm1-2-hr","ssp585",NA,6.09497675512623,26.4784097943987
"2429",3264,"Beijing","mpi-esm1-2-hr","ssp585",NA,5.30898471646911,27.055001286098
"2430",3265,"Beijing","mpi-esm1-2-hr","ssp585",NA,3.53753112288229,26.047808946882
"2431",3266,"Beijing","mpi-esm1-2-hr","ssp585",NA,0.086556871227523,29.8766838073731
"2432",3267,"Beijing","mpi-esm1-2-hr","ssp585",NA,14.4524777754538,28.2561529976981
"2433",3268,"Beijing","mpi-esm1-2-hr","ssp585",NA,1.09496977558073,27.4144536699568
"2434",3269,"Beijing","mpi-esm1-2-hr","ssp585",NA,0.167324558502254,28.0451511928014
"2435",3270,"Beijing","mpi-esm1-2-hr","ssp585",NA,11.2429783300481,22.5084260123117
"2436",3271,"Beijing","mpi-esm1-2-hr","ssp585",NA,0.015630428327183,26.1306369236538
"2437",3272,"Beijing","mpi-esm1-2-hr","ssp585",NA,2.52270605435894,21.7446069989886
"2438",3273,"Beijing","mpi-esm1-2-hr","ssp585",NA,0.0605121259468433,25.3762718200684
"2439",3274,"Beijing","mpi-esm1-2-hr","ssp585",NA,6.98041354520293,25.1218042646136
"2440",3275,"Beijing","mpi-esm1-2-hr","ssp585",NA,3.5519449138714,14.4751340593611
"2441",3276,"Beijing","mpi-esm1-2-hr","ssp585",NA,0.00221929216032939,17.5837799072266
"2442",3277,"Beijing","mpi-esm1-2-hr","ssp585",NA,0.00180524760123392,17.7960078648158
"2443",3278,"Beijing","mpi-esm1-2-hr","ssp585",NA,1.4418151719253,12.9652033124652
"2444",3279,"Beijing","mpi-esm1-2-hr","ssp585",NA,0.0269766613070845,10.9177152361189
"2445",3280,"Beijing","mpi-esm1-2-hr","ssp585",NA,1.61427103712413,5.6864579336984
"2446",3281,"Beijing","mpi-esm1-2-hr","ssp585",NA,0.64158459871838,7.14604121616911
"2447",3282,"Beijing","mpi-esm1-2-hr","ssp585",NA,0.00894904439649379,5.97221581595287
"2448",3283,"Beijing","mpi-esm1-2-hr","ssp585",NA,0.959419888840785,4.12236393519812
"2449",3284,"Beijing","mpi-esm1-2-hr","ssp585",NA,0.00214814520274687,3.08375592912949
"2450",3285,"Beijing","mpi-esm1-2-hr","ssp585",NA,0.308093275881609,2.38518785749165
"2451",3286,"Beijing","mpi-esm1-2-hr","ssp585",NA,0.181488933906491,0.138112095424129
"2452",3287,"Beijing","mpi-esm1-2-hr","ssp585",NA,0.00199838001598047,-0.60055225917269
"2453",3288,"Beijing","mpi-esm1-2-hr","ssp585",NA,0.0490061214155243,-2.90395529610768
"2454",3289,"Beijing","mpi-esm1-2-hr","ssp585",NA,0.0119586301090229,-2.7922048296247
"2455",3290,"Beijing","mpi-esm1-2-hr","ssp585",NA,0,-1.97614299229211
"2456",3291,"Beijing","mpi-esm1-2-hr","ssp585",NA,0.0224652900150042,-0.669720349993002
"2457",3292,"Beijing","mpi-esm1-2-hr","ssp585",NA,0,1.42589285714288
"2458",3293,"Beijing","mpi-esm1-2-hr","ssp585",NA,0.620343588330537,-0.424298531668504
"2459",3294,"Beijing","mpi-esm1-2-hr","ssp585",NA,1.402515334725,-1.93257369995115
"2460",3295,"Beijing","mpi-esm1-2-hr","ssp585",NA,0,-4.31065052577425
"2461",3296,"Beijing","mpi-esm1-2-hr","ssp585",NA,0.064073530009929,0.257712118966261
"2462",3297,"Beijing","mpi-esm1-2-hr","ssp585",NA,0.0159206669260519,2.02487444196431
"2463",3298,"Beijing","mpi-esm1-2-hr","ssp585",NA,0,5.74714758736749
"2464",3299,"Beijing","mpi-esm1-2-hr","ssp585",NA,0.880916748110394,-0.757818058558852
"2465",3300,"Beijing","mpi-esm1-2-hr","ssp585",NA,0.510230055760985,4.48964026314874
"2466",3301,"Beijing","mpi-esm1-2-hr","ssp585",NA,0.101255447374829,6.20663277762279
"2467",3302,"Beijing","mpi-esm1-2-hr","ssp585",NA,2.35495951836648,9.90090822492329
"2468",3303,"Beijing","mpi-esm1-2-hr","ssp585",NA,4.5359763225341,18.0752709524972
"2469",3304,"Beijing","mpi-esm1-2-hr","ssp585",NA,0,13.3552533830915
"2470",3305,"Beijing","mpi-esm1-2-hr","ssp585",NA,0.0509431700005994,18.6822552272252
"2471",3306,"Beijing","mpi-esm1-2-hr","ssp585",NA,0.00399674319331617,17.4403407505581
"2472",3307,"Beijing","mpi-esm1-2-hr","ssp585",NA,0.0666522183109918,23.2241787501744
"2473",3308,"Beijing","mpi-esm1-2-hr","ssp585",NA,0,22.6839309692383
"2474",3309,"Beijing","mpi-esm1-2-hr","ssp585",NA,0.0192395638090862,23.6778492518834
"2475",3310,"Beijing","mpi-esm1-2-hr","ssp585",NA,1.39610120060882,22.1762002127511
"2476",3311,"Beijing","mpi-esm1-2-hr","ssp585",NA,2.86938687347304,24.6876960754395
"2477",3312,"Beijing","mpi-esm1-2-hr","ssp585",NA,3.58663569108363,24.17207434518
"2478",3313,"Beijing","mpi-esm1-2-hr","ssp585",NA,4.13655202339994,24.6961706978935
"2479",3314,"Beijing","mpi-esm1-2-hr","ssp585",NA,13.5163976281482,24.6175001961844
"2480",3315,"Beijing","mpi-esm1-2-hr","ssp585",NA,4.528464399287,26.9829776218959
"2481",3316,"Beijing","mpi-esm1-2-hr","ssp585",NA,15.5893187829471,26.9487821306501
"2482",3317,"Beijing","mpi-esm1-2-hr","ssp585",NA,11.7384615950089,26.6811179024833
"2483",3318,"Beijing","mpi-esm1-2-hr","ssp585",NA,3.13287471232927,27.0190521240235
"2484",3319,"Beijing","mpi-esm1-2-hr","ssp585",NA,4.55682450961571,25.7728777204241
"2485",3320,"Beijing","mpi-esm1-2-hr","ssp585",NA,0.267121451763939,28.0936746869769
"2486",3321,"Beijing","mpi-esm1-2-hr","ssp585",NA,0.338587901407144,27.7230245317732
"2487",3322,"Beijing","mpi-esm1-2-hr","ssp585",NA,0.364280323830306,28.1837042672294
"2488",3323,"Beijing","mpi-esm1-2-hr","ssp585",NA,2.6746426525993,24.0821684701102
"2489",3324,"Beijing","mpi-esm1-2-hr","ssp585",NA,1.17589070820421,23.725789642334
"2490",3325,"Beijing","mpi-esm1-2-hr","ssp585",NA,0.0895641663581565,25.818939099993
"2491",3326,"Beijing","mpi-esm1-2-hr","ssp585",NA,6.68435801703059,20.9492764064244
"2492",3327,"Beijing","mpi-esm1-2-hr","ssp585",NA,0.0190369408885869,19.1282903398787
"2493",3328,"Beijing","mpi-esm1-2-hr","ssp585",NA,0.418374943371548,15.4355184282576
"2494",3329,"Beijing","mpi-esm1-2-hr","ssp585",NA,1.65868770855663,13.9539668491909
"2495",3330,"Beijing","mpi-esm1-2-hr","ssp585",NA,0.0426742651273214,12.3569160461426
"2496",3331,"Beijing","mpi-esm1-2-hr","ssp585",NA,0,11.4045441763742
"2497",3332,"Beijing","mpi-esm1-2-hr","ssp585",NA,0.00180324432871463,8.46551884242468
"2498",3333,"Beijing","mpi-esm1-2-hr","ssp585",NA,1.5846819514666,6.7089679173061
"2499",3334,"Beijing","mpi-esm1-2-hr","ssp585",NA,0.00250979596785327,3.8007032121931
"2500",3335,"Beijing","mpi-esm1-2-hr","ssp585",NA,0.0157325336593723,2.79588797433038
"2501",3336,"Beijing","mpi-esm1-2-hr","ssp585",NA,0.00234580247706617,2.89266248430527
"2502",3337,"Beijing","mpi-esm1-2-hr","ssp585",NA,0,4.84342346191409
"2503",3338,"Beijing","mpi-esm1-2-hr","ssp585",NA,0.340574858156677,0.837179892403762
"2504",3339,"Beijing","mpi-esm1-2-hr","ssp585",NA,0.350105901894235,-5.91244572230745
"2505",3340,"Beijing","mpi-esm1-2-hr","ssp585",NA,0,-4.12422627040316
"2506",3341,"Beijing","mpi-esm1-2-hr","ssp585",NA,0.0372761385278863,-6.20862971714562
"2507",3342,"Beijing","mpi-esm1-2-hr","ssp585",NA,0.633516153525956,-6.82036982945032
"2508",3343,"Beijing","mpi-esm1-2-hr","ssp585",NA,0.00981711617506724,-9.30233721051895
"2509",3344,"Beijing","mpi-esm1-2-hr","ssp585",NA,0.0666008500957105,-4.8510323660714
"2510",3345,"Beijing","mpi-esm1-2-hr","ssp585",NA,0.00211730662808155,-3.70813544137135
"2511",3346,"Beijing","mpi-esm1-2-hr","ssp585",NA,0.00392422879745676,0.801123373849075
"2512",3347,"Beijing","mpi-esm1-2-hr","ssp585",NA,0.00304065546775486,-2.79120210920059
"2513",3348,"Beijing","mpi-esm1-2-hr","ssp585",NA,0,1.40329895019534
"2514",3349,"Beijing","mpi-esm1-2-hr","ssp585",NA,0.0019465262864417,6.81405247279578
"2515",3350,"Beijing","mpi-esm1-2-hr","ssp585",NA,0.0813061906423432,2.94492819649835
"2516",3351,"Beijing","mpi-esm1-2-hr","ssp585",NA,0,11.0905373709543
"2517",3352,"Beijing","mpi-esm1-2-hr","ssp585",NA,0,10.0304853166853
"2518",3353,"Beijing","mpi-esm1-2-hr","ssp585",NA,1.24452519335137,8.63847721644813
"2519",3354,"Beijing","mpi-esm1-2-hr","ssp585",NA,1.12726025502395,12.5146755763463
"2520",3355,"Beijing","mpi-esm1-2-hr","ssp585",NA,0.183374849140299,14.5351757594518
"2521",3356,"Beijing","mpi-esm1-2-hr","ssp585",NA,1.51905786625061,16.7124867030553
"2522",3357,"Beijing","mpi-esm1-2-hr","ssp585",NA,0.784341923034455,14.416945212228
"2523",3358,"Beijing","mpi-esm1-2-hr","ssp585",NA,1.96523078915821,18.998796081543
"2524",3359,"Beijing","mpi-esm1-2-hr","ssp585",NA,2.76621777744107,16.975369480678
"2525",3360,"Beijing","mpi-esm1-2-hr","ssp585",NA,0.0385334257576428,20.8648898533413
"2526",3361,"Beijing","mpi-esm1-2-hr","ssp585",NA,0.342725312358587,24.2384413582938
"2527",3362,"Beijing","mpi-esm1-2-hr","ssp585",NA,0.0259514604165035,26.9311146327428
"2528",3363,"Beijing","mpi-esm1-2-hr","ssp585",NA,0.0821911826278664,23.7434718540737
"2529",3364,"Beijing","mpi-esm1-2-hr","ssp585",NA,1.62986784043174,23.7934563773019
"2530",3365,"Beijing","mpi-esm1-2-hr","ssp585",NA,0.286506668096211,29.8404638017927
"2531",3366,"Beijing","mpi-esm1-2-hr","ssp585",NA,7.23547470810056,25.691783796038
"2532",3367,"Beijing","mpi-esm1-2-hr","ssp585",NA,1.60999205053096,26.4914685930525
"2533",3368,"Beijing","mpi-esm1-2-hr","ssp585",NA,1.7050000960158,28.5088134765625
"2534",3369,"Beijing","mpi-esm1-2-hr","ssp585",NA,6.14096530720677,27.3648735046387
"2535",3370,"Beijing","mpi-esm1-2-hr","ssp585",NA,3.80372169437188,27.5079224722726
"2536",3371,"Beijing","mpi-esm1-2-hr","ssp585",NA,0.334035302973592,28.7499361310687
"2537",3372,"Beijing","mpi-esm1-2-hr","ssp585",NA,7.77110541712318,27.6761882237026
"2538",3373,"Beijing","mpi-esm1-2-hr","ssp585",NA,1.70385570207665,29.7090834481376
"2539",3374,"Beijing","mpi-esm1-2-hr","ssp585",NA,6.19218277697655,26.8804238455636
"2540",3375,"Beijing","mpi-esm1-2-hr","ssp585",NA,0.28870556444807,27.2302975245885
"2541",3376,"Beijing","mpi-esm1-2-hr","ssp585",NA,7.32787946946181,24.9064046587263
"2542",3377,"Beijing","mpi-esm1-2-hr","ssp585",NA,8.62153311014223,20.8262491498675
"2543",3378,"Beijing","mpi-esm1-2-hr","ssp585",NA,2.2929553564154,19.4231157575335
"2544",3379,"Beijing","mpi-esm1-2-hr","ssp585",NA,0.0843562443541096,22.4392421177456
"2545",3380,"Beijing","mpi-esm1-2-hr","ssp585",NA,9.30072147795208,15.6738705226354
"2546",3381,"Beijing","mpi-esm1-2-hr","ssp585",NA,0,15.7165706089565
"2547",3382,"Beijing","mpi-esm1-2-hr","ssp585",NA,0.0157322616100178,15.0327806745257
"2548",3383,"Beijing","mpi-esm1-2-hr","ssp585",NA,1.57808870836951,8.14540089198524
"2549",3384,"Beijing","mpi-esm1-2-hr","ssp585",NA,0.681975158957877,7.8357019696917
"2550",3385,"Beijing","mpi-esm1-2-hr","ssp585",NA,0.0697420543734291,4.16506020682201
"2551",3386,"Beijing","mpi-esm1-2-hr","ssp585",NA,0.204115273982097,4.6641419546945
"2552",3387,"Beijing","mpi-esm1-2-hr","ssp585",NA,0.21891952297405,4.88678785051621
"2553",3388,"Beijing","mpi-esm1-2-hr","ssp585",NA,0,0.797225298200357
"2554",3389,"Beijing","mpi-esm1-2-hr","ssp585",NA,0.0041232515806249,-2.95180140904016
"2555",3390,"Beijing","mpi-esm1-2-hr","ssp585",NA,0,-0.982147870744954
"2556",3391,"Beijing","mpi-esm1-2-hr","ssp585",NA,0,-3.08413162231443
"2557",3392,"Beijing","mpi-esm1-2-hr","ssp585",NA,0.0156311908020663,-3.24281158447263
"2558",3393,"Beijing","mpi-esm1-2-hr","ssp585",NA,0,-4.47571520124161
"2559",3394,"Beijing","mpi-esm1-2-hr","ssp585",NA,0,-1.56755076817102
"2560",3395,"Beijing","mpi-esm1-2-hr","ssp585",NA,0.00796601168206378,-6.06768537248882
"2561",3396,"Beijing","mpi-esm1-2-hr","ssp585",NA,0,-3.94667718069892
"2562",3397,"Beijing","mpi-esm1-2-hr","ssp585",NA,0.00853645181970414,-0.323809596470401
"2563",3398,"Beijing","mpi-esm1-2-hr","ssp585",NA,0.112705408511309,-1.03967078072682
"2564",3399,"Beijing","mpi-esm1-2-hr","ssp585",NA,0,-1.38148345947263
"2565",3400,"Beijing","mpi-esm1-2-hr","ssp585",NA,0.144256395365768,2.31638434273858
"2566",3401,"Beijing","mpi-esm1-2-hr","ssp585",NA,0.0225932186367572,1.52446354457312
"2567",3402,"Beijing","mpi-esm1-2-hr","ssp585",NA,0,3.44989220755443
"2568",3403,"Beijing","mpi-esm1-2-hr","ssp585",NA,0.0021761647076346,3.9575624738421
"2569",3404,"Beijing","mpi-esm1-2-hr","ssp585",NA,1.08274587226853,5.23754217965265
"2570",3405,"Beijing","mpi-esm1-2-hr","ssp585",NA,0.00583460549543296,6.83560878208708
"2571",3406,"Beijing","mpi-esm1-2-hr","ssp585",NA,0.00393698477247589,14.7132469177246
"2572",3407,"Beijing","mpi-esm1-2-hr","ssp585",NA,2.04318212486864,11.5820741925921
"2573",3408,"Beijing","mpi-esm1-2-hr","ssp585",NA,2.90186552319288,12.0813886369978
"2574",3409,"Beijing","mpi-esm1-2-hr","ssp585",NA,0.045252512641777,11.3382997785296
"2575",3410,"Beijing","mpi-esm1-2-hr","ssp585",NA,0.023089542602455,17.0477331978935
"2576",3411,"Beijing","mpi-esm1-2-hr","ssp585",NA,0,20.6545043945313
"2577",3412,"Beijing","mpi-esm1-2-hr","ssp585",NA,0.00299912295044384,22.639610181536
"2578",3413,"Beijing","mpi-esm1-2-hr","ssp585",NA,1.98906166818103,21.4565919058664
"2579",3414,"Beijing","mpi-esm1-2-hr","ssp585",NA,0.39376095247852,26.3352670942034
"2580",3415,"Beijing","mpi-esm1-2-hr","ssp585",NA,0.264447034714976,26.5862616402762
"2581",3416,"Beijing","mpi-esm1-2-hr","ssp585",NA,5.95019960081637,24.9339925493513
"2582",3417,"Beijing","mpi-esm1-2-hr","ssp585",NA,2.72347619702487,23.1356804983957
"2583",3418,"Beijing","mpi-esm1-2-hr","ssp585",NA,2.89328581903387,26.2887762887138
"2584",3419,"Beijing","mpi-esm1-2-hr","ssp585",NA,6.70053764319423,25.1097231183734
"2585",3420,"Beijing","mpi-esm1-2-hr","ssp585",NA,4.22318330565109,25.4558660234724
"2586",3421,"Beijing","mpi-esm1-2-hr","ssp585",NA,0.128808706501461,29.0725036621094
"2587",3422,"Beijing","mpi-esm1-2-hr","ssp585",NA,0,31.6460706438337
"2588",3423,"Beijing","mpi-esm1-2-hr","ssp585",NA,0.280385503421192,31.725246320452
"2589",3424,"Beijing","mpi-esm1-2-hr","ssp585",NA,5.33340578016838,27.738251713344
"2590",3425,"Beijing","mpi-esm1-2-hr","ssp585",NA,1.79673938308562,29.0088418143136
"2591",3426,"Beijing","mpi-esm1-2-hr","ssp585",NA,3.14139624844237,27.1770454406739
"2592",3427,"Beijing","mpi-esm1-2-hr","ssp585",NA,0,28.531143624442
"2593",3428,"Beijing","mpi-esm1-2-hr","ssp585",NA,0.00777972680745214,27.6521005902972
"2594",3429,"Beijing","mpi-esm1-2-hr","ssp585",NA,0.298784789915122,26.9047332763672
"2595",3430,"Beijing","mpi-esm1-2-hr","ssp585",NA,0.00785743154015757,25.0123377118792
"2596",3431,"Beijing","mpi-esm1-2-hr","ssp585",NA,0.17935413403133,21.4597848074777
"2597",3432,"Beijing","mpi-esm1-2-hr","ssp585",NA,3.58103982880493,18.6991412571499
"2598",3433,"Beijing","mpi-esm1-2-hr","ssp585",NA,0.0108866576023762,15.4289200919015
"2599",3434,"Beijing","mpi-esm1-2-hr","ssp585",NA,0.106740772720774,16.3036514282227
"2600",3435,"Beijing","mpi-esm1-2-hr","ssp585",NA,0.00188706464671538,12.3569531032017
"2601",3436,"Beijing","mpi-esm1-2-hr","ssp585",NA,0.937200164850895,11.163228062221
"2602",3437,"Beijing","mpi-esm1-2-hr","ssp585",NA,0.0273467238522634,11.9095114571708
"2603",3438,"Beijing","mpi-esm1-2-hr","ssp585",NA,1.18800690066954,7.58749269757955
"2604",3439,"Beijing","mpi-esm1-2-hr","ssp585",NA,0.130537057975744,4.92091958182201
"2605",3440,"Beijing","mpi-esm1-2-hr","ssp585",NA,0.136221779536884,3.69766714913507
"2606",3441,"Beijing","mpi-esm1-2-hr","ssp585",NA,0.0342714803991839,1.54387599400114
"2607",3442,"Beijing","mpi-esm1-2-hr","ssp585",NA,0.391393035598802,-1.0615284511021
"2608",3443,"Beijing","mpi-esm1-2-hr","ssp585",NA,0.00417826694112071,-2.55013395036968
"2609",3444,"Beijing","mpi-esm1-2-hr","ssp585",NA,0.0545653421016011,-2.37308240618022
"2610",3445,"Beijing","mpi-esm1-2-hr","ssp585",NA,0.785768520206278,-4.34061715262274
"2611",3446,"Beijing","mpi-esm1-2-hr","ssp585",NA,0.00243959004494953,-1.22951354980466
"2612",3447,"Beijing","mpi-esm1-2-hr","ssp585",NA,1.37546648842804,-0.182293592180502
"2613",3448,"Beijing","mpi-esm1-2-hr","ssp585",NA,0.303470476261022,-1.0540331159319
"2614",3449,"Beijing","mpi-esm1-2-hr","ssp585",NA,0.00249235481533105,-4.9989325387137
"2615",3450,"Beijing","mpi-esm1-2-hr","ssp585",NA,0.00488404137156197,-0.727436719621906
"2616",3451,"Beijing","mpi-esm1-2-hr","ssp585",NA,0.00913169580728989,-1.95308914184568
"2617",3452,"Beijing","mpi-esm1-2-hr","ssp585",NA,0,5.51548102242608
"2618",3453,"Beijing","mpi-esm1-2-hr","ssp585",NA,0.328348202252268,3.91852722167971
"2619",3454,"Beijing","mpi-esm1-2-hr","ssp585",NA,0.432815862118982,3.94214019775393
"2620",3455,"Beijing","mpi-esm1-2-hr","ssp585",NA,0.00338420591755754,3.52535890851704
"2621",3456,"Beijing","mpi-esm1-2-hr","ssp585",NA,0.00236782391636683,11.8149565560477
"2622",3457,"Beijing","mpi-esm1-2-hr","ssp585",NA,0.268601431824728,8.5879450116839
"2623",3458,"Beijing","mpi-esm1-2-hr","ssp585",NA,0.00989164015793774,12.4979197910854
"2624",3459,"Beijing","mpi-esm1-2-hr","ssp585",NA,0.404142458455681,13.9013632638114
"2625",3460,"Beijing","mpi-esm1-2-hr","ssp585",NA,0.031039650535344,15.2366555350168
"2626",3461,"Beijing","mpi-esm1-2-hr","ssp585",NA,0.976335976987944,16.4543706621443
"2627",3462,"Beijing","mpi-esm1-2-hr","ssp585",NA,0.00225752097061819,18.8984472002302
"2628",3463,"Beijing","mpi-esm1-2-hr","ssp585",NA,1.9198745655493,22.9191615513393
"2629",3464,"Beijing","mpi-esm1-2-hr","ssp585",NA,0.320461140134804,21.6768699645996
"2630",3465,"Beijing","mpi-esm1-2-hr","ssp585",NA,0.296538770089683,22.2291580200196
"2631",3466,"Beijing","mpi-esm1-2-hr","ssp585",NA,3.68691760852796,21.7675344194685
"2632",3467,"Beijing","mpi-esm1-2-hr","ssp585",NA,1.90653046279944,20.6967478070941
"2633",3468,"Beijing","mpi-esm1-2-hr","ssp585",NA,4.20937336933613,24.305493927002
"2634",3469,"Beijing","mpi-esm1-2-hr","ssp585",NA,1.60730481611608,25.2258953639439
"2635",3470,"Beijing","mpi-esm1-2-hr","ssp585",NA,4.44173847438053,27.094081224714
"2636",3471,"Beijing","mpi-esm1-2-hr","ssp585",NA,0.113845511753295,28.1982426234654
"2637",3472,"Beijing","mpi-esm1-2-hr","ssp585",NA,12.0274250850473,29.0408978053502
"2638",3473,"Beijing","mpi-esm1-2-hr","ssp585",NA,5.26086324430253,28.4814697265625
"2639",3474,"Beijing","mpi-esm1-2-hr","ssp585",NA,18.3253615290076,26.3972744532994
"2640",3475,"Beijing","mpi-esm1-2-hr","ssp585",NA,34.8470084017468,25.311111341204
"2641",3476,"Beijing","mpi-esm1-2-hr","ssp585",NA,0.296918282447222,26.2869822910854
"2642",3477,"Beijing","mpi-esm1-2-hr","ssp585",NA,0.780129618000761,27.8380311148508
"2643",3478,"Beijing","mpi-esm1-2-hr","ssp585",NA,6.2272028375706,26.3649100167411
"2644",3479,"Beijing","mpi-esm1-2-hr","ssp585",NA,8.27454063928598,24.7669469560896
"2645",3480,"Beijing","mpi-esm1-2-hr","ssp585",NA,0.521983813587212,24.3447319030762
"2646",3481,"Beijing","mpi-esm1-2-hr","ssp585",NA,3.48770265362483,23.2802062988281
"2647",3482,"Beijing","mpi-esm1-2-hr","ssp585",NA,0.166381307261483,25.2742897033691
"2648",3483,"Beijing","mpi-esm1-2-hr","ssp585",NA,4.51708832349271,18.428125
"2649",3484,"Beijing","mpi-esm1-2-hr","ssp585",NA,11.2851182911202,16.2048660278321
"2650",3485,"Beijing","mpi-esm1-2-hr","ssp585",NA,3.81813227075846,14.4770474025182
"2651",3486,"Beijing","mpi-esm1-2-hr","ssp585",NA,2.3795660237803,12.4788828168597
"2652",3487,"Beijing","mpi-esm1-2-hr","ssp585",NA,1.75878859092466,10.2396860395159
"2653",3488,"Beijing","mpi-esm1-2-hr","ssp585",NA,0.947585364279544,8.29896589006698
"2654",3489,"Beijing","mpi-esm1-2-hr","ssp585",NA,0.00689189733488352,12.4189871651786
"2655",3490,"Beijing","mpi-esm1-2-hr","ssp585",NA,2.13181426259195,5.7142272949219
"2656",3491,"Beijing","mpi-esm1-2-hr","ssp585",NA,0.236323666259913,0.738369968959286
"2657",3492,"Beijing","mpi-esm1-2-hr","ssp585",NA,0.0147697376633005,-0.135946110316662
"2658",3493,"Beijing","mpi-esm1-2-hr","ssp585",NA,0.719992392727623,-1.08801498413084
"2659",3494,"Beijing","mpi-esm1-2-hr","ssp585",NA,0.195740290382673,0.0600410461426012
"2660",3495,"Beijing","mpi-esm1-2-hr","ssp585",NA,0.114301874106916,0.564034489222957
"2661",3496,"Beijing","mpi-esm1-2-hr","ssp585",NA,0.0742834640537435,0.424308122907389
"2662",3497,"Beijing","mpi-esm1-2-hr","ssp585",NA,0.0453565637144493,-0.824252646309966
"2663",3498,"Beijing","mpi-esm1-2-hr","ssp585",NA,0,0.0712241036551568
"2664",3499,"Beijing","mpi-esm1-2-hr","ssp585",NA,0.00347486167291729,-3.71393596104211
"2665",3500,"Beijing","mpi-esm1-2-hr","ssp585",NA,0.99779722755297,1.12581405639651
"2666",3501,"Beijing","mpi-esm1-2-hr","ssp585",NA,1.21905364080054,-0.806147003173805
"2667",3502,"Beijing","mpi-esm1-2-hr","ssp585",NA,0.0733088261053386,-4.45571474347793
"2668",3503,"Beijing","mpi-esm1-2-hr","ssp585",NA,0.00260474206957691,1.37750996180945
"2669",3504,"Beijing","mpi-esm1-2-hr","ssp585",NA,0.0611811567003835,-1.59953700474328
"2670",3505,"Beijing","mpi-esm1-2-hr","ssp585",NA,0.00435425182721311,-0.128970118931338
"2671",3506,"Beijing","mpi-esm1-2-hr","ssp585",NA,0,3.87101898193362
"2672",3507,"Beijing","mpi-esm1-2-hr","ssp585",NA,0,4.20177503313339
"2673",3508,"Beijing","mpi-esm1-2-hr","ssp585",NA,0,9.36159340994701
"2674",3509,"Beijing","mpi-esm1-2-hr","ssp585",NA,0.213963443249148,7.12259990147184
"2675",3510,"Beijing","mpi-esm1-2-hr","ssp585",NA,0.0121496275239354,7.8075140816825
"2676",3511,"Beijing","mpi-esm1-2-hr","ssp585",NA,0.390247366307709,9.75040261404857
"2677",3512,"Beijing","mpi-esm1-2-hr","ssp585",NA,0.517509530111835,15.8915671212333
"2678",3513,"Beijing","mpi-esm1-2-hr","ssp585",NA,1.58024411558862,14.7623170035226
"2679",3514,"Beijing","mpi-esm1-2-hr","ssp585",NA,0.0411978653833752,16.525779070173
"2680",3515,"Beijing","mpi-esm1-2-hr","ssp585",NA,1.494867903479,17.0812120710101
"2681",3516,"Beijing","mpi-esm1-2-hr","ssp585",NA,0.748705825532981,21.0127982003348
"2682",3517,"Beijing","mpi-esm1-2-hr","ssp585",NA,0.0538455531828471,21.5343316214426
"2683",3518,"Beijing","mpi-esm1-2-hr","ssp585",NA,1.94438942944544,21.2614107404437
"2684",3519,"Beijing","mpi-esm1-2-hr","ssp585",NA,1.03044750989544,22.9239653451102
"2685",3520,"Beijing","mpi-esm1-2-hr","ssp585",NA,1.71240013664179,23.7848689488002
"2686",3521,"Beijing","mpi-esm1-2-hr","ssp585",NA,3.6842478563098,24.1298701695034
"2687",3522,"Beijing","mpi-esm1-2-hr","ssp585",NA,2.87750689455736,26.4023360116141
"2688",3523,"Beijing","mpi-esm1-2-hr","ssp585",NA,1.54507268276965,26.8031222752163
"2689",3524,"Beijing","mpi-esm1-2-hr","ssp585",NA,9.42997737781428,28.893454851423
"2690",3525,"Beijing","mpi-esm1-2-hr","ssp585",NA,6.07386182496807,27.5485620771136
"2691",3526,"Beijing","mpi-esm1-2-hr","ssp585",NA,1.8968189149291,28.2700248718262
"2692",3527,"Beijing","mpi-esm1-2-hr","ssp585",NA,2.39728834430935,28.8186791556222
"2693",3528,"Beijing","mpi-esm1-2-hr","ssp585",NA,4.95539965518869,28.9579428536552
"2694",3529,"Beijing","mpi-esm1-2-hr","ssp585",NA,14.0661204295351,25.5949656895229
"2695",3530,"Beijing","mpi-esm1-2-hr","ssp585",NA,3.70089128154437,25.608118220738
"2696",3531,"Beijing","mpi-esm1-2-hr","ssp585",NA,2.43580350715352,25.9356960841588
"2697",3532,"Beijing","mpi-esm1-2-hr","ssp585",NA,0.00674965095380945,25.6335170200893
"2698",3533,"Beijing","mpi-esm1-2-hr","ssp585",NA,0,25.279073878697
"2699",3534,"Beijing","mpi-esm1-2-hr","ssp585",NA,0.197050037708583,24.3872505187989
"2700",3535,"Beijing","mpi-esm1-2-hr","ssp585",NA,0.821820285792844,24.2507061549596
"2701",3536,"Beijing","mpi-esm1-2-hr","ssp585",NA,0.00846646427297466,18.9186939784459
"2702",3537,"Beijing","mpi-esm1-2-hr","ssp585",NA,0.00665097789871132,19.3445482526507
"2703",3538,"Beijing","mpi-esm1-2-hr","ssp585",NA,1.79458683352485,18.0855542864119
"2704",3539,"Beijing","mpi-esm1-2-hr","ssp585",NA,0.00463819101891464,14.4643973214286
"2705",3540,"Beijing","mpi-esm1-2-hr","ssp585",NA,0.0018690355448468,13.5911133902414
"2706",3541,"Beijing","mpi-esm1-2-hr","ssp585",NA,0.125824783935968,9.06122469220844
"2707",3542,"Beijing","mpi-esm1-2-hr","ssp585",NA,4.0947151270627,7.13678948538646
"2708",3543,"Beijing","mpi-esm1-2-hr","ssp585",NA,1.39620223300361,4.45960878644673
"2709",3544,"Beijing","mpi-esm1-2-hr","ssp585",NA,0.266882574890457,0.170640563964866
"2710",3545,"Beijing","mpi-esm1-2-hr","ssp585",NA,0.00476825393889158,0.920284162248906
"2711",3546,"Beijing","mpi-esm1-2-hr","ssp585",NA,0.142558167525359,-1.21721169607978
"2712",3547,"Beijing","mpi-esm1-2-hr","ssp585",NA,0.00224955646704725,-0.381097630092051
"2713",3548,"Beijing","mpi-esm1-2-hr","ssp585",NA,0.00762664563548501,-0.16972470964702
"2714",3549,"Beijing","mpi-esm1-2-hr","ssp585",NA,0.00438644100151059,-0.776667022705056
"2715",3550,"Beijing","mpi-esm1-2-hr","ssp585",NA,0.183528425999871,-2.98212988717213
"2716",3551,"Beijing","mpi-esm1-2-hr","ssp585",NA,0.00225827800802238,-9.89133028302872
"2717",3552,"Beijing","mpi-esm1-2-hr","ssp585",NA,0.00335108114606035,-4.63949050903318
"2718",3553,"Beijing","mpi-esm1-2-hr","ssp585",NA,0.0418812486259412,-2.57954254150388
"2719",3554,"Beijing","mpi-esm1-2-hr","ssp585",NA,0.0119960387369896,-2.50055923461912
"2720",3555,"Beijing","mpi-esm1-2-hr","ssp585",NA,0.27755237548003,-0.513292694091774
"2721",3556,"Beijing","mpi-esm1-2-hr","ssp585",NA,0,2.60564411708289
"2722",3557,"Beijing","mpi-esm1-2-hr","ssp585",NA,0.0467457059520322,3.05105089460103
"2723",3558,"Beijing","mpi-esm1-2-hr","ssp585",NA,0.318463068476506,2.70729816981727
"2724",3559,"Beijing","mpi-esm1-2-hr","ssp585",NA,0.0113966245537865,9.13492409842358
"2725",3560,"Beijing","mpi-esm1-2-hr","ssp585",NA,0.0020368514079954,6.76403961181643
"2726",3561,"Beijing","mpi-esm1-2-hr","ssp585",NA,0.392047534426508,10.682568032401
"2727",3562,"Beijing","mpi-esm1-2-hr","ssp585",NA,0,12.0762229919434
"2728",3563,"Beijing","mpi-esm1-2-hr","ssp585",NA,0.471219733974846,13.9827983311245
"2729",3564,"Beijing","mpi-esm1-2-hr","ssp585",NA,0.16917830490846,15.1070343017578
"2730",3565,"Beijing","mpi-esm1-2-hr","ssp585",NA,0.53292942819618,15.7560064043318
"2731",3566,"Beijing","mpi-esm1-2-hr","ssp585",NA,0,14.7350272042411
"2732",3567,"Beijing","mpi-esm1-2-hr","ssp585",NA,0.197599684049367,18.7001379830497
"2733",3568,"Beijing","mpi-esm1-2-hr","ssp585",NA,2.09960749401554,21.6611523219517
"2734",3569,"Beijing","mpi-esm1-2-hr","ssp585",NA,0.22705007505205,24.1911189488002
"2735",3570,"Beijing","mpi-esm1-2-hr","ssp585",NA,0.784037131812251,20.7656319754464
"2736",3571,"Beijing","mpi-esm1-2-hr","ssp585",NA,0.00389219783625906,26.4473080226353
"2737",3572,"Beijing","mpi-esm1-2-hr","ssp585",NA,0,29.3686745779855
"2738",3573,"Beijing","mpi-esm1-2-hr","ssp585",NA,0.735223942677163,29.1964649745397
"2739",3574,"Beijing","mpi-esm1-2-hr","ssp585",NA,0.0039732952050794,29.666646030971
"2740",3575,"Beijing","mpi-esm1-2-hr","ssp585",NA,5.61385937415772,27.5715636117118
"2741",3576,"Beijing","mpi-esm1-2-hr","ssp585",NA,8.17828856928437,26.1070457458496
"2742",3577,"Beijing","mpi-esm1-2-hr","ssp585",NA,5.27718149864346,27.2691938127791
"2743",3578,"Beijing","mpi-esm1-2-hr","ssp585",NA,7.54186015478158,26.0948997497559
"2744",3579,"Beijing","mpi-esm1-2-hr","ssp585",NA,5.20587268870908,25.0673685346331
"2745",3580,"Beijing","mpi-esm1-2-hr","ssp585",NA,8.45183985000924,24.6098871503557
"2746",3581,"Beijing","mpi-esm1-2-hr","ssp585",NA,0.486582095111642,27.3993458339146
"2747",3582,"Beijing","mpi-esm1-2-hr","ssp585",NA,5.20176763794942,27.4992745535714
"2748",3583,"Beijing","mpi-esm1-2-hr","ssp585",NA,4.44661106652607,24.866731262207
"2749",3584,"Beijing","mpi-esm1-2-hr","ssp585",NA,0.409600299449916,23.3498272487096
"2750",3585,"Beijing","mpi-esm1-2-hr","ssp585",NA,2.20350858715912,23.1751037597656
"2751",3586,"Beijing","mpi-esm1-2-hr","ssp585",NA,4.00689641497982,20.683502633231
"2752",3587,"Beijing","mpi-esm1-2-hr","ssp585",NA,1.08795337155243,21.6385186331613
"2753",3588,"Beijing","mpi-esm1-2-hr","ssp585",NA,8.34716683585351,16.4799531119211
"2754",3589,"Beijing","mpi-esm1-2-hr","ssp585",NA,0.42316507772609,16.870686013358
"2755",3590,"Beijing","mpi-esm1-2-hr","ssp585",NA,0.258604893575206,15.2775877816337
"2756",3591,"Beijing","mpi-esm1-2-hr","ssp585",NA,0.113734949211773,18.3690113612584
"2757",3592,"Beijing","mpi-esm1-2-hr","ssp585",NA,1.21976609298145,11.0194101606097
"2758",3593,"Beijing","mpi-esm1-2-hr","ssp585",NA,0.00298323674152406,9.1840497698103
"2759",3594,"Beijing","mpi-esm1-2-hr","ssp585",NA,0.31292962617694,9.64835128784182
"2760",3595,"Beijing","mpi-esm1-2-hr","ssp585",NA,0.196980961904306,5.89191752842497
"2761",3596,"Beijing","mpi-esm1-2-hr","ssp585",NA,3.02103592536826,2.57275052751816
"2762",3597,"Beijing","mpi-esm1-2-hr","ssp585",NA,0.224604031596495,-0.316587829589823
"2763",3598,"Beijing","mpi-esm1-2-hr","ssp585",NA,0.0753845974096683,-1.68536714826309
"2764",3599,"Beijing","mpi-esm1-2-hr","ssp585",NA,0,-0.00485621861047014
"2765",3600,"Beijing","mpi-esm1-2-hr","ssp585",NA,0.0817066895641412,0.720429447719053
"2766",3601,"Beijing","mpi-esm1-2-hr","ssp585",NA,0.0709388778886933,0.554285212925524
"2767",3602,"Beijing","mpi-esm1-2-hr","ssp585",NA,0.101097571924973,-1.31360746111186
"2768",3603,"Beijing","mpi-esm1-2-hr","ssp585",NA,0.12028637370999,-7.27312153407504
"2769",3604,"Beijing","mpi-esm1-2-hr","ssp585",NA,0.0412347904265126,-2.5990040370396
"2770",3605,"Beijing","mpi-esm1-2-hr","ssp585",NA,0,0.9951726640974
"2771",3606,"Beijing","mpi-esm1-2-hr","ssp585",NA,0.0638204323747362,-5.27043489728653
"2772",3607,"Beijing","mpi-esm1-2-hr","ssp585",NA,0.00179496848561809,-1.29300428118022
"2773",3608,"Beijing","mpi-esm1-2-hr","ssp585",NA,0.0107885204020671,3.46634990147184
"2774",3609,"Beijing","mpi-esm1-2-hr","ssp585",NA,1.85874218180808,-0.742035021100704
"2775",3610,"Beijing","mpi-esm1-2-hr","ssp585",NA,0.134399400544031,0.925293949672177
"2776",3611,"Beijing","mpi-esm1-2-hr","ssp585",NA,0.393589804317734,-1.18266307285852
"2777",3612,"Beijing","mpi-esm1-2-hr","ssp585",NA,0,5.44520121983122
"2778",3613,"Beijing","mpi-esm1-2-hr","ssp585",NA,1.45718862955359,4.41772722516744
"2779",3614,"Beijing","mpi-esm1-2-hr","ssp585",NA,1.14958523457582,7.80641926356727
"2780",3615,"Beijing","mpi-esm1-2-hr","ssp585",NA,0.0491243760604577,8.34961090087893
"2781",3616,"Beijing","mpi-esm1-2-hr","ssp585",NA,0.20378276214095,15.3953502110073
"2782",3617,"Beijing","mpi-esm1-2-hr","ssp585",NA,0.543161224764585,13.1154636928014
"2783",3618,"Beijing","mpi-esm1-2-hr","ssp585",NA,0.415017304450365,15.1496035984584
"2784",3619,"Beijing","mpi-esm1-2-hr","ssp585",NA,0.0245084117133436,19.2494467599052
"2785",3620,"Beijing","mpi-esm1-2-hr","ssp585",NA,0,22.1371268136161
"2786",3621,"Beijing","mpi-esm1-2-hr","ssp585",NA,0.00215514201045153,22.1235132489886
"2787",3622,"Beijing","mpi-esm1-2-hr","ssp585",NA,0.121862569611559,23.4897410801479
"2788",3623,"Beijing","mpi-esm1-2-hr","ssp585",NA,2.91431776326395,22.4950718470982
"2789",3624,"Beijing","mpi-esm1-2-hr","ssp585",NA,3.32324473442246,24.0830823625837
"2790",3625,"Beijing","mpi-esm1-2-hr","ssp585",NA,1.41612973648729,24.2122414725168
"2791",3626,"Beijing","mpi-esm1-2-hr","ssp585",NA,0.767296507956417,26.9140662057059
"2792",3627,"Beijing","mpi-esm1-2-hr","ssp585",NA,0.740712056748245,28.8446594238281
"2793",3628,"Beijing","mpi-esm1-2-hr","ssp585",NA,5.84964646928451,28.5727396283831
"2794",3629,"Beijing","mpi-esm1-2-hr","ssp585",NA,0.515434271158353,30.0425860813686
"2795",3630,"Beijing","mpi-esm1-2-hr","ssp585",NA,14.9015233927327,28.960395703997
"2796",3631,"Beijing","mpi-esm1-2-hr","ssp585",NA,3.844613141499,27.5571053641183
"2797",3632,"Beijing","mpi-esm1-2-hr","ssp585",NA,0.81543168011454,29.3818472726005
"2798",3633,"Beijing","mpi-esm1-2-hr","ssp585",NA,7.24696733169757,27.6928121294294
"2799",3634,"Beijing","mpi-esm1-2-hr","ssp585",NA,10.2080490457606,26.9412039620536
"2800",3635,"Beijing","mpi-esm1-2-hr","ssp585",NA,9.41544519659408,26.4603335789272
"2801",3636,"Beijing","mpi-esm1-2-hr","ssp585",NA,9.06973496678672,23.9867389133998
"2802",3637,"Beijing","mpi-esm1-2-hr","ssp585",NA,2.29037503844925,25.1041340419224
"2803",3638,"Beijing","mpi-esm1-2-hr","ssp585",NA,0.0105145980991698,22.4279042925154
"2804",3639,"Beijing","mpi-esm1-2-hr","ssp585",NA,0.0121319734327179,19.4312061854771
"2805",3640,"Beijing","mpi-esm1-2-hr","ssp585",NA,0.139549689129126,20.9904664175851
"2806",3641,"Beijing","mpi-esm1-2-hr","ssp585",NA,0.026917151080852,17.321057346889
"2807",3642,"Beijing","mpi-esm1-2-hr","ssp585",NA,0.178017387341762,20.07637122018
"2808",3643,"Beijing","mpi-esm1-2-hr","ssp585",NA,0.767770900464321,16.6025929042271
"2809",3644,"Beijing","mpi-esm1-2-hr","ssp585",NA,1.59425324798446,11.8451553344727
"2810",3645,"Beijing","mpi-esm1-2-hr","ssp585",NA,0.00463091426874079,11.0074979509626
"2811",3646,"Beijing","mpi-esm1-2-hr","ssp585",NA,0.0386184654741685,9.52068535940991
"2812",3647,"Beijing","mpi-esm1-2-hr","ssp585",NA,0.0141851600801601,7.19150750296459
"2813",3648,"Beijing","mpi-esm1-2-hr","ssp585",NA,0.503271899235967,-2.55263257707866
"2814",3649,"Beijing","mpi-esm1-2-hr","ssp585",NA,0,-0.375391387939429
"2815",3650,"Beijing","mpi-esm1-2-hr","ssp585",NA,0.427785834082377,-5.52177331107001
"2816",3651,"Beijing","mpi-esm1-2-hr","ssp585",NA,0.809005254840095,-0.579074968610468
"2817",3652,"Beijing","mpi-esm1-2-hr","ssp585",NA,0.0340448139987919,-7.76925997052871
"2818",3653,"Beijing","mpi-esm1-2-hr","ssp585",NA,0.0534091867198835,-6.28640213012693
"2819",3654,"Beijing","mpi-esm1-2-hr","ssp585",NA,0,-6.63171452113558
"2820",3655,"Beijing","mpi-esm1-2-hr","ssp585",NA,0.0310359735716962,-4.22524926321845
"2821",3656,"Beijing","mpi-esm1-2-hr","ssp585",NA,0.00201552105474027,-7.78765389578681
"2822",3657,"Beijing","mpi-esm1-2-hr","ssp585",NA,0,-8.3945269993373
"2823",3658,"Beijing","mpi-esm1-2-hr","ssp585",NA,0.0574398010225455,-5.3024107796805
"2824",3659,"Beijing","mpi-esm1-2-hr","ssp585",NA,0.0339696448853439,-1.29935575212749
"2825",3660,"Beijing","mpi-esm1-2-hr","ssp585",NA,0.00212995788777854,0.320322745186963
"2826",3661,"Beijing","mpi-esm1-2-hr","ssp585",NA,0.425000873435368,-0.828307669503326
"2827",3662,"Beijing","mpi-esm1-2-hr","ssp585",NA,0,4.61029368809294
"2828",3663,"Beijing","mpi-esm1-2-hr","ssp585",NA,0.00238012314314671,7.15274309430806
"2829",3664,"Beijing","mpi-esm1-2-hr","ssp585",NA,0.00561803596740771,7.61560156685968
"2830",3665,"Beijing","mpi-esm1-2-hr","ssp585",NA,0.016683816056684,5.64561887468613
"2831",3666,"Beijing","mpi-esm1-2-hr","ssp585",NA,0,9.46444909232006
"2832",3667,"Beijing","mpi-esm1-2-hr","ssp585",NA,4.12585901705305,8.67457351684572
"2833",3668,"Beijing","mpi-esm1-2-hr","ssp585",NA,0.49533529326514,8.46706161499027
"2834",3669,"Beijing","mpi-esm1-2-hr","ssp585",NA,0.0278669209819782,15.885954611642
"2835",3670,"Beijing","mpi-esm1-2-hr","ssp585",NA,0.309421931953174,15.4225293840681
"2836",3671,"Beijing","mpi-esm1-2-hr","ssp585",NA,2.76039043606683,13.3027745928083
"2837",3672,"Beijing","mpi-esm1-2-hr","ssp585",NA,0.129814027267067,22.8958335876465
"2838",3673,"Beijing","mpi-esm1-2-hr","ssp585",NA,0.00199597893047861,24.2996416364398
"2839",3674,"Beijing","mpi-esm1-2-hr","ssp585",NA,0.0103192657856458,21.6129100254604
"2840",3675,"Beijing","mpi-esm1-2-hr","ssp585",NA,0.0118210545224429,24.5772769383022
"2841",3676,"Beijing","mpi-esm1-2-hr","ssp585",NA,13.6358103689417,25.0816447666713
"2842",3677,"Beijing","mpi-esm1-2-hr","ssp585",NA,3.50678156571251,23.8484060014997
"2843",3678,"Beijing","mpi-esm1-2-hr","ssp585",NA,4.85340636102722,24.1063334873745
"2844",3679,"Beijing","mpi-esm1-2-hr","ssp585",NA,4.06657009428792,24.3406572614397
"2845",3680,"Beijing","mpi-esm1-2-hr","ssp585",NA,7.3616459371546,25.9031033107213
"2846",3681,"Beijing","mpi-esm1-2-hr","ssp585",NA,2.52400170352952,26.613839176723
"2847",3682,"Beijing","mpi-esm1-2-hr","ssp585",NA,0,29.1784519740514
"2848",3683,"Beijing","mpi-esm1-2-hr","ssp585",NA,2.39467809267028,29.2415116446359
"2849",3684,"Beijing","mpi-esm1-2-hr","ssp585",NA,34.2207979752467,26.1921718052455
"2850",3685,"Beijing","mpi-esm1-2-hr","ssp585",NA,19.3494540466678,25.0951030186245
"2851",3686,"Beijing","mpi-esm1-2-hr","ssp585",NA,6.03852354661285,25.7866869245257
"2852",3687,"Beijing","mpi-esm1-2-hr","ssp585",NA,1.00135761936794,24.2649938310896
"2853",3688,"Beijing","mpi-esm1-2-hr","ssp585",NA,4.53040449443896,26.5627532958985
"2854",3689,"Beijing","mpi-esm1-2-hr","ssp585",NA,9.57083923324587,19.4213533673968
"2855",3690,"Beijing","mpi-esm1-2-hr","ssp585",NA,0.0939491780042901,22.9287587847029
"2856",3691,"Beijing","mpi-esm1-2-hr","ssp585",NA,0,22.1326396397182
"2857",3692,"Beijing","mpi-esm1-2-hr","ssp585",NA,0.907338369974501,18.7088621956962
"2858",3693,"Beijing","mpi-esm1-2-hr","ssp585",NA,0.0361099659065596,18.3074966430664
"2859",3694,"Beijing","mpi-esm1-2-hr","ssp585",NA,1.14366630518167,16.2969822474889
"2860",3695,"Beijing","mpi-esm1-2-hr","ssp585",NA,1.67957820922311,12.0123235430036
"2861",3696,"Beijing","mpi-esm1-2-hr","ssp585",NA,0.266047947817632,14.6119247436524
"2862",3697,"Beijing","mpi-esm1-2-hr","ssp585",NA,0.944437140216384,10.8074138096401
"2863",3698,"Beijing","mpi-esm1-2-hr","ssp585",NA,0.301189546767741,7.12723312377932
"2864",3699,"Beijing","mpi-esm1-2-hr","ssp585",NA,0,5.25899658203127
"2865",3700,"Beijing","mpi-esm1-2-hr","ssp585",NA,0.124344764760411,8.38357914515906
"2866",3701,"Beijing","mpi-esm1-2-hr","ssp585",NA,0.00247856799952778,2.90666569301063
"2867",3702,"Beijing","mpi-esm1-2-hr","ssp585",NA,0.270159518114659,2.12424076625281
"2868",3703,"Beijing","mpi-esm1-2-hr","ssp585",NA,0.630505442079863,-1.06411263602118
"2869",3704,"Beijing","mpi-esm1-2-hr","ssp585",NA,0.279789826540114,-4.08233816964284
"2870",3705,"Beijing","mpi-esm1-2-hr","ssp585",NA,0.00195356220891491,-0.882074192592054
"2871",3706,"Beijing","mpi-esm1-2-hr","ssp585",NA,0.214234598752228,-2.06923413957866
"2872",3707,"Beijing","mpi-esm1-2-hr","ssp585",NA,0.00529362351439236,-1.24470312935963
"2873",3708,"Beijing","mpi-esm1-2-hr","ssp585",NA,0,-2.08278557913642
"2874",3709,"Beijing","mpi-esm1-2-hr","ssp585",NA,0.701187214560508,-3.87404643467492
"2875",3710,"Beijing","mpi-esm1-2-hr","ssp585",NA,0.004176792331886,-6.43312247140065
"2876",3711,"Beijing","mpi-esm1-2-hr","ssp585",NA,0.323093937140584,-2.85284489222933
"2877",3712,"Beijing","mpi-esm1-2-hr","ssp585",NA,0.0059733548758751,-1.04849145071845
"2878",3713,"Beijing","mpi-esm1-2-hr","ssp585",NA,0.00725522196652101,-2.95726460048128
"2879",3714,"Beijing","mpi-esm1-2-hr","ssp585",NA,0.0039975318031793,1.78501608712335
"2880",3715,"Beijing","mpi-esm1-2-hr","ssp585",NA,0.0129665729673434,0.8719306945801
"2881",3716,"Beijing","mpi-esm1-2-hr","ssp585",NA,0.21150078759352,1.68302089146208
"2882",3717,"Beijing","mpi-esm1-2-hr","ssp585",NA,0.0378639277317103,2.09391555786135
"2883",3718,"Beijing","mpi-esm1-2-hr","ssp585",NA,0.557285742921262,6.70228347778323
"2884",3719,"Beijing","mpi-esm1-2-hr","ssp585",NA,0,9.07077669416157
"2885",3720,"Beijing","mpi-esm1-2-hr","ssp585",NA,0.708300162607754,16.6780029296875
"2886",3721,"Beijing","mpi-esm1-2-hr","ssp585",NA,1.79336564571843,13.2862122671945
"2887",3722,"Beijing","mpi-esm1-2-hr","ssp585",NA,0.98354382062098,13.9559848240444
"2888",3723,"Beijing","mpi-esm1-2-hr","ssp585",NA,0.00932195793471431,18.3409618922643
"2889",3724,"Beijing","mpi-esm1-2-hr","ssp585",NA,1.10680864609094,18.1364652361189
"2890",3725,"Beijing","mpi-esm1-2-hr","ssp585",NA,0.762066189327015,21.5861777169364
"2891",3726,"Beijing","mpi-esm1-2-hr","ssp585",NA,1.12420597042728,20.2110174996512
"2892",3727,"Beijing","mpi-esm1-2-hr","ssp585",NA,0.120971646564223,22.9472469874791
"2893",3728,"Beijing","mpi-esm1-2-hr","ssp585",NA,0.0815233605732958,24.5576492309571
"2894",3729,"Beijing","mpi-esm1-2-hr","ssp585",NA,2.41788795002062,27.8787835257394
"2895",3730,"Beijing","mpi-esm1-2-hr","ssp585",NA,1.578854351549,26.8600021362305
"2896",3731,"Beijing","mpi-esm1-2-hr","ssp585",NA,2.34349420108759,28.9819972446987
"2897",3732,"Beijing","mpi-esm1-2-hr","ssp585",NA,13.3521001992968,25.168660736084
"2898",3733,"Beijing","mpi-esm1-2-hr","ssp585",NA,6.01974443712346,26.1922448294504
"2899",3734,"Beijing","mpi-esm1-2-hr","ssp585",NA,1.32443830993257,28.4995045253209
"2900",3735,"Beijing","mpi-esm1-2-hr","ssp585",NA,17.0237536914101,28.0788693019322
"2901",3736,"Beijing","mpi-esm1-2-hr","ssp585",NA,36.8769398890436,26.2076164245606
"2902",3737,"Beijing","mpi-esm1-2-hr","ssp585",NA,15.3621975128772,26.2082491193499
"2903",3738,"Beijing","mpi-esm1-2-hr","ssp585",NA,15.0398541490306,23.7702063424247
"2904",3739,"Beijing","mpi-esm1-2-hr","ssp585",NA,14.4251979345232,25.6968317304339
"2905",3740,"Beijing","mpi-esm1-2-hr","ssp585",NA,19.8059360076383,24.5947558811733
"2906",3741,"Beijing","mpi-esm1-2-hr","ssp585",NA,4.82776660058854,24.2609344482422
"2907",3742,"Beijing","mpi-esm1-2-hr","ssp585",NA,2.68282230476221,23.2289329528809
"2908",3743,"Beijing","mpi-esm1-2-hr","ssp585",NA,4.15019175188718,20.3934848240444
"2909",3744,"Beijing","mpi-esm1-2-hr","ssp585",NA,7.48783085023855,19.989652797154
"2910",3745,"Beijing","mpi-esm1-2-hr","ssp585",NA,3.61876366322187,16.2930809020996
"2911",3746,"Beijing","mpi-esm1-2-hr","ssp585",NA,2.5032126939355,16.1232364109585
"2912",3747,"Beijing","mpi-esm1-2-hr","ssp585",NA,0.540477441921082,11.8096361432757
"2913",3748,"Beijing","mpi-esm1-2-hr","ssp585",NA,3.01654270104856,8.36341574532647
"2914",3749,"Beijing","mpi-esm1-2-hr","ssp585",NA,0.414351093643615,9.54831303187781
"2915",3750,"Beijing","mpi-esm1-2-hr","ssp585",NA,0.241501674411536,10.2207444327218
"2916",3751,"Beijing","mpi-esm1-2-hr","ssp585",NA,0.00975705202758295,11.1665097917829
"2917",3752,"Beijing","mpi-esm1-2-hr","ssp585",NA,0.0077989896908548,5.46743545532229
"2918",3753,"Beijing","mpi-esm1-2-hr","ssp585",NA,0.0328586414525489,7.31261433192664
"2919",3754,"Beijing","mpi-esm1-2-hr","ssp585",NA,0.556548710002452,2.60489098685131
"2920",3755,"Beijing","mpi-esm1-2-hr","ssp585",NA,0,-1.62068405151365
"2921",3756,"Beijing","mpi-esm1-2-hr","ssp585",NA,0.120049239636241,2.72726211547854
"2922",3757,"Beijing","mpi-esm1-2-hr","ssp585",NA,0,0.585236031668548
"2923",3758,"Beijing","mpi-esm1-2-hr","ssp585",NA,0.182961345171862,0.572305297851585
"2924",3759,"Beijing","mpi-esm1-2-hr","ssp585",NA,0.00243221752498358,0.997723061697846
"2925",3760,"Beijing","mpi-esm1-2-hr","ssp585",NA,0.30891731705976,-0.508548845563595
"2926",3761,"Beijing","mpi-esm1-2-hr","ssp585",NA,0,0.59739238194059
"2927",3762,"Beijing","mpi-esm1-2-hr","ssp585",NA,0,2.4248122079032
"2928",3763,"Beijing","mpi-esm1-2-hr","ssp585",NA,0.00606036980051222,-2.36295928955076
"2929",3764,"Beijing","mpi-esm1-2-hr","ssp585",NA,0.258085726058458,-1.38706926618301
"2930",3765,"Beijing","mpi-esm1-2-hr","ssp585",NA,0.00388791696163285,-2.52558419363837
"2931",3766,"Beijing","mpi-esm1-2-hr","ssp585",NA,0,3.76837637765069
"2932",3767,"Beijing","mpi-esm1-2-hr","ssp585",NA,0.00187504027573076,5.47242834908624
"2933",3768,"Beijing","mpi-esm1-2-hr","ssp585",NA,0,2.14074805123468
"2934",3769,"Beijing","mpi-esm1-2-hr","ssp585",NA,0.321684707627615,8.67721873692107
"2935",3770,"Beijing","mpi-esm1-2-hr","ssp585",NA,2.55822758680811,4.67013102940153
"2936",3771,"Beijing","mpi-esm1-2-hr","ssp585",NA,0.390154747973221,6.79435610089986
"2937",3772,"Beijing","mpi-esm1-2-hr","ssp585",NA,1.53773122238558,9.62344785417832
"2938",3773,"Beijing","mpi-esm1-2-hr","ssp585",NA,0.216864456712886,8.7940520150321
"2939",3774,"Beijing","mpi-esm1-2-hr","ssp585",NA,0.401674260605692,13.9998827253069
"2940",3775,"Beijing","mpi-esm1-2-hr","ssp585",NA,0.0712324110736517,20.3634043012347
"2941",3776,"Beijing","mpi-esm1-2-hr","ssp585",NA,4.1164556170835,18.109699685233
"2942",3777,"Beijing","mpi-esm1-2-hr","ssp585",NA,1.14525082481123,20.3255619594029
"2943",3778,"Beijing","mpi-esm1-2-hr","ssp585",NA,1.57466762318888,22.2604309082032
"2944",3779,"Beijing","mpi-esm1-2-hr","ssp585",NA,4.2068541984528,20.9498698643276
"2945",3780,"Beijing","mpi-esm1-2-hr","ssp585",NA,0.686266082220754,22.3810096740723
"2946",3781,"Beijing","mpi-esm1-2-hr","ssp585",NA,0.807281738512497,24.3599563598633
"2947",3782,"Beijing","mpi-esm1-2-hr","ssp585",NA,8.00554801136449,22.9893220084054
"2948",3783,"Beijing","mpi-esm1-2-hr","ssp585",NA,3.39803458861882,24.9404023306711
"2949",3784,"Beijing","mpi-esm1-2-hr","ssp585",NA,0.539190698288752,27.9026079450335
"2950",3785,"Beijing","mpi-esm1-2-hr","ssp585",NA,0.243853439172069,29.5795439583915
"2951",3786,"Beijing","mpi-esm1-2-hr","ssp585",NA,0.4746277290386,28.0499762398856
"2952",3787,"Beijing","mpi-esm1-2-hr","ssp585",NA,3.68435782897255,27.4952184404646
"2953",3788,"Beijing","mpi-esm1-2-hr","ssp585",NA,5.36629964473312,24.7194174630302
"2954",3789,"Beijing","mpi-esm1-2-hr","ssp585",NA,5.24179684858999,25.3005696977888
"2955",3790,"Beijing","mpi-esm1-2-hr","ssp585",NA,2.84532708710685,26.6799080984933
"2956",3791,"Beijing","mpi-esm1-2-hr","ssp585",NA,0.514843648852548,26.4337538582938
"2957",3792,"Beijing","mpi-esm1-2-hr","ssp585",NA,0.0402442141746308,26.8348785400391
"2958",3793,"Beijing","mpi-esm1-2-hr","ssp585",NA,0.623985965752841,27.1666465759277
"2959",3794,"Beijing","mpi-esm1-2-hr","ssp585",NA,0.00350308955603395,26.1013487679618
"2960",3795,"Beijing","mpi-esm1-2-hr","ssp585",NA,0.271337350269667,25.6128299168178
"2961",3796,"Beijing","mpi-esm1-2-hr","ssp585",NA,1.11013054130516,23.4735204424177
"2962",3797,"Beijing","mpi-esm1-2-hr","ssp585",NA,0.039011959344342,20.2738412039621
"2963",3798,"Beijing","mpi-esm1-2-hr","ssp585",NA,2.18624930831278,17.9440949576242
"2964",3799,"Beijing","mpi-esm1-2-hr","ssp585",NA,0,19.7365857805525
"2965",3800,"Beijing","mpi-esm1-2-hr","ssp585",NA,3.67569961884198,14.8088350568499
"2966",3801,"Beijing","mpi-esm1-2-hr","ssp585",NA,0.0734197920727249,9.60556945800784
"2967",3802,"Beijing","mpi-esm1-2-hr","ssp585",NA,0.302861577184948,9.49544568743028
"2968",3803,"Beijing","mpi-esm1-2-hr","ssp585",NA,2.43893507253493,5.56367645263674
"2969",3804,"Beijing","mpi-esm1-2-hr","ssp585",NA,0.456128581838909,-1.60451463971817
"2970",3805,"Beijing","mpi-esm1-2-hr","ssp585",NA,0.00605435682570845,-3.91846258980885
"2971",3806,"Beijing","mpi-esm1-2-hr","ssp585",NA,0.0528875549727153,-0.810690852573917
"2972",3807,"Beijing","mpi-esm1-2-hr","ssp585",NA,0.780680310266949,-2.39978474208284
"2973",3808,"Beijing","mpi-esm1-2-hr","ssp585",NA,0.452963264621888,-2.98933476039339
"2974",3809,"Beijing","mpi-esm1-2-hr","ssp585",NA,0.00454660527923676,-7.06516004289897
"2975",3810,"Beijing","mpi-esm1-2-hr","ssp585",NA,0.456076273816767,-4.53560485839841
"2976",3811,"Beijing","mpi-esm1-2-hr","ssp585",NA,0,-6.31234098161968
"2977",3812,"Beijing","mpi-esm1-2-hr","ssp585",NA,0,-3.96661442347933
"2978",3813,"Beijing","mpi-esm1-2-hr","ssp585",NA,0.47651575646991,-7.48628191266738
"2979",3814,"Beijing","mpi-esm1-2-hr","ssp585",NA,0.0319510441126372,-6.97912881033759
"2980",3815,"Beijing","mpi-esm1-2-hr","ssp585",NA,0.646968149015135,-2.1720887320382
"2981",3816,"Beijing","mpi-esm1-2-hr","ssp585",NA,1.16460461339167,-1.14706922258647
"2982",3817,"Beijing","mpi-esm1-2-hr","ssp585",NA,0,1.42649557931085
"2983",3818,"Beijing","mpi-esm1-2-hr","ssp585",NA,0.00236691936541839,5.31795381818501
"2984",3819,"Beijing","mpi-esm1-2-hr","ssp585",NA,0.658715865275943,1.24548655918668
"2985",3820,"Beijing","mpi-esm1-2-hr","ssp585",NA,0.00196858438487522,4.52797034127374
"2986",3821,"Beijing","mpi-esm1-2-hr","ssp585",NA,0.11405103688438,4.97517111642022
"2987",3822,"Beijing","mpi-esm1-2-hr","ssp585",NA,0.513938092672106,3.75012087140767
"2988",3823,"Beijing","mpi-esm1-2-hr","ssp585",NA,0.0785373700117426,9.26559055873329
"2989",3824,"Beijing","mpi-esm1-2-hr","ssp585",NA,0.0497759505768564,12.8375755310059
"2990",3825,"Beijing","mpi-esm1-2-hr","ssp585",NA,0,18.6053318568639
"2991",3826,"Beijing","mpi-esm1-2-hr","ssp585",NA,1.39936256282453,13.5642590114049
"2992",3827,"Beijing","mpi-esm1-2-hr","ssp585",NA,0.293560595991949,18.7765501839774
"2993",3828,"Beijing","mpi-esm1-2-hr","ssp585",NA,3.62181273380234,20.4040793282645
"2994",3829,"Beijing","mpi-esm1-2-hr","ssp585",NA,1.76381841672212,18.5835804530553
"2995",3830,"Beijing","mpi-esm1-2-hr","ssp585",NA,1.98035354778118,19.1860306876047
"2996",3831,"Beijing","mpi-esm1-2-hr","ssp585",NA,4.08439525824308,21.5073878696987
"2997",3832,"Beijing","mpi-esm1-2-hr","ssp585",NA,3.57974602416756,20.8493607657296
"2998",3833,"Beijing","mpi-esm1-2-hr","ssp585",NA,2.33239981284247,24.647352382115
"2999",3834,"Beijing","mpi-esm1-2-hr","ssp585",NA,1.87718251723449,26.0157807486398
"3000",3835,"Beijing","mpi-esm1-2-hr","ssp585",NA,2.44787056918929,26.8487008231027
"3001",3836,"Beijing","mpi-esm1-2-hr","ssp585",NA,4.0488955330667,26.552878679548
"3002",3837,"Beijing","mpi-esm1-2-hr","ssp585",NA,0.905525928237694,28.9273402622768
"3003",3838,"Beijing","mpi-esm1-2-hr","ssp585",NA,4.5672962423136,28.094917188372
"3004",3839,"Beijing","mpi-esm1-2-hr","ssp585",NA,15.4572436307132,27.9985770089286
"3005",3840,"Beijing","mpi-esm1-2-hr","ssp585",NA,3.98811678436946,26.1406450544085
"3006",3841,"Beijing","mpi-esm1-2-hr","ssp585",NA,0.191518948785025,28.1367627825056
"3007",3842,"Beijing","mpi-esm1-2-hr","ssp585",NA,7.89011289576333,26.2755223955427
"3008",3843,"Beijing","mpi-esm1-2-hr","ssp585",NA,4.97759801356941,26.4623150416783
"3009",3844,"Beijing","mpi-esm1-2-hr","ssp585",NA,0.00783401670300269,28.1185541425433
"3010",3845,"Beijing","mpi-esm1-2-hr","ssp585",NA,1.91288383747243,25.2394958496094
"3011",3846,"Beijing","mpi-esm1-2-hr","ssp585",NA,0.0840438024234962,26.2437361580985
"3012",3847,"Beijing","mpi-esm1-2-hr","ssp585",NA,2.16793308457324,22.2895130702428
"3013",3848,"Beijing","mpi-esm1-2-hr","ssp585",NA,0.270065209250398,20.4808016095843
"3014",3849,"Beijing","mpi-esm1-2-hr","ssp585",NA,0.0132004203481171,18.9004929678781
"3015",3850,"Beijing","mpi-esm1-2-hr","ssp585",NA,0.00693327128828969,18.0710322788784
"3016",3851,"Beijing","mpi-esm1-2-hr","ssp585",NA,1.76674373747119,15.1492422921317
"3017",3852,"Beijing","mpi-esm1-2-hr","ssp585",NA,0.041116559987131,16.2376064845494
"3018",3853,"Beijing","mpi-esm1-2-hr","ssp585",NA,4.87919259627623,11.0271725245885
"3019",3854,"Beijing","mpi-esm1-2-hr","ssp585",NA,1.05253437276848,7.72823976789205
"3020",3855,"Beijing","mpi-esm1-2-hr","ssp585",NA,0.0274336889625764,9.2399465288435
"3021",3856,"Beijing","mpi-esm1-2-hr","ssp585",NA,0.0362282766803089,4.28152509416855
"3022",3857,"Beijing","mpi-esm1-2-hr","ssp585",NA,0.0857153899492655,4.30861434936526
"3023",3858,"Beijing","mpi-esm1-2-hr","ssp585",NA,0.007576301946496,5.44904534476146
"3024",3859,"Beijing","mpi-esm1-2-hr","ssp585",NA,1.31184991942064,-4.4619441441127
"3025",3860,"Beijing","mpi-esm1-2-hr","ssp585",NA,0.0112962464105034,-3.85314843314032
"3026",3861,"Beijing","mpi-esm1-2-hr","ssp585",NA,0.331121389353939,0.616414097377256
"3027",3862,"Beijing","mpi-esm1-2-hr","ssp585",NA,0.0278961246294784,-2.25861696515762
"3028",3863,"Beijing","mpi-esm1-2-hr","ssp585",NA,0,-3.85972442626951
"3029",3864,"Beijing","mpi-esm1-2-hr","ssp585",NA,0,-2.72034247262135
"3030",3865,"Beijing","mpi-esm1-2-hr","ssp585",NA,0,-2.39023165021622
"3031",3866,"Beijing","mpi-esm1-2-hr","ssp585",NA,0.23452864655675,-1.75073580060684
"3032",3867,"Beijing","mpi-esm1-2-hr","ssp585",NA,0.0112033653229966,-1.47589176722933
"3033",3868,"Beijing","mpi-esm1-2-hr","ssp585",NA,0.00410641714552185,2.67721546718055
"3034",3869,"Beijing","mpi-esm1-2-hr","ssp585",NA,0.360879723738045,5.3830265590123
"3035",3870,"Beijing","mpi-esm1-2-hr","ssp585",NA,0.0118475139970542,5.99386040823803
"3036",3871,"Beijing","mpi-esm1-2-hr","ssp585",NA,0.52438435867381,6.78991470336916
"3037",3872,"Beijing","mpi-esm1-2-hr","ssp585",NA,0.327350634980966,3.36702172415599
"3038",3873,"Beijing","mpi-esm1-2-hr","ssp585",NA,0.0147341460303453,2.61611764090404
"3039",3874,"Beijing","mpi-esm1-2-hr","ssp585",NA,0.836804640753793,3.77856325422017
"3040",3875,"Beijing","mpi-esm1-2-hr","ssp585",NA,0.448256389121785,8.71674063546319
"3041",3876,"Beijing","mpi-esm1-2-hr","ssp585",NA,1.96045657293585,12.2211744035994
"3042",3877,"Beijing","mpi-esm1-2-hr","ssp585",NA,1.05364282847924,8.96246000017441
"3043",3878,"Beijing","mpi-esm1-2-hr","ssp585",NA,0.0018217682411757,14.7030191693988
"3044",3879,"Beijing","mpi-esm1-2-hr","ssp585",NA,0.0205823220702379,18.383929007394
"3045",3880,"Beijing","mpi-esm1-2-hr","ssp585",NA,3.34643841386943,21.9573303222656
"3046",3881,"Beijing","mpi-esm1-2-hr","ssp585",NA,0.719719341473787,20.4734970092774
"3047",3882,"Beijing","mpi-esm1-2-hr","ssp585",NA,0.106970532345128,22.2016415187291
"3048",3883,"Beijing","mpi-esm1-2-hr","ssp585",NA,1.5343091984505,23.6031939915249
"3049",3884,"Beijing","mpi-esm1-2-hr","ssp585",NA,3.5835748188934,24.0541135515486
"3050",3885,"Beijing","mpi-esm1-2-hr","ssp585",NA,1.65940231959212,21.6408188956125
"3051",3886,"Beijing","mpi-esm1-2-hr","ssp585",NA,3.0397542031486,25.1229105268206
"3052",3887,"Beijing","mpi-esm1-2-hr","ssp585",NA,1.66509896414157,27.4905999319894
"3053",3888,"Beijing","mpi-esm1-2-hr","ssp585",NA,9.52858390079591,25.6449186052595
"3054",3889,"Beijing","mpi-esm1-2-hr","ssp585",NA,0.69932635189746,27.3840036664691
"3055",3890,"Beijing","mpi-esm1-2-hr","ssp585",NA,7.50999293502121,28.7125504629953
"3056",3891,"Beijing","mpi-esm1-2-hr","ssp585",NA,21.4880307561803,26.9559564862933
"3057",3892,"Beijing","mpi-esm1-2-hr","ssp585",NA,3.34227592701869,27.4561624799456
"3058",3893,"Beijing","mpi-esm1-2-hr","ssp585",NA,4.7544398118589,27.7620352608817
"3059",3894,"Beijing","mpi-esm1-2-hr","ssp585",NA,4.46741788158371,27.1135590689523
"3060",3895,"Beijing","mpi-esm1-2-hr","ssp585",NA,0.0247119726866784,27.366832624163
"3061",3896,"Beijing","mpi-esm1-2-hr","ssp585",NA,1.95586873279743,28.3434730529785
"3062",3897,"Beijing","mpi-esm1-2-hr","ssp585",NA,2.21722223150859,24.874218423026
"3063",3898,"Beijing","mpi-esm1-2-hr","ssp585",NA,0,25.0074456351144
"3064",3899,"Beijing","mpi-esm1-2-hr","ssp585",NA,2.5907540596823,24.3139576503209
"3065",3900,"Beijing","mpi-esm1-2-hr","ssp585",NA,0.123938185684632,23.253388432094
"3066",3901,"Beijing","mpi-esm1-2-hr","ssp585",NA,0.159387095514571,21.1340554373605
"3067",3902,"Beijing","mpi-esm1-2-hr","ssp585",NA,1.65013919079554,16.8197303771973
"3068",3903,"Beijing","mpi-esm1-2-hr","ssp585",NA,0.00433316335407393,16.4507913861956
"3069",3904,"Beijing","mpi-esm1-2-hr","ssp585",NA,0.0560656557029559,17.8080688476563
"3070",3905,"Beijing","mpi-esm1-2-hr","ssp585",NA,0.0059854594058249,13.1728797912598
"3071",3906,"Beijing","mpi-esm1-2-hr","ssp585",NA,0.393843155935818,13.9920358930316
"3072",3907,"Beijing","mpi-esm1-2-hr","ssp585",NA,0.00872772935248836,7.94644917079384
"3073",3908,"Beijing","mpi-esm1-2-hr","ssp585",NA,0.00772353765309422,6.5116156441825
"3074",3909,"Beijing","mpi-esm1-2-hr","ssp585",NA,0.0108387256984445,6.69886278424946
"3075",3910,"Beijing","mpi-esm1-2-hr","ssp585",NA,0.00201957530927238,3.43194569178992
"3076",3911,"Beijing","mpi-esm1-2-hr","ssp585",NA,0.0109799740390112,4.11959283011303
"3077",3912,"Beijing","mpi-esm1-2-hr","ssp585",NA,0.0610626429858841,-3.6457455226353
"3078",3913,"Beijing","mpi-esm1-2-hr","ssp585",NA,0.00429420679860674,-4.62944423130578
"3079",3914,"Beijing","mpi-esm1-2-hr","ssp585",NA,0.0948327178321051,-1.24428187779015
"3080",3915,"Beijing","mpi-esm1-2-hr","ssp585",NA,0.125664921350627,0.919784981863863
"3081",3916,"Beijing","mpi-esm1-2-hr","ssp585",NA,0,-0.654878452845961
"3082",3917,"Beijing","mpi-esm1-2-hr","ssp585",NA,0.00629812830733759,0.485793413434732
"3083",3918,"Beijing","mpi-esm1-2-hr","ssp585",NA,0.0158815982883555,0.284525081089588
"3084",3919,"Beijing","mpi-esm1-2-hr","ssp585",NA,0.656401851353751,-2.9013607570103
"3085",3920,"Beijing","mpi-esm1-2-hr","ssp585",NA,0.00672384081943684,-5.92862603323798
"3086",3921,"Beijing","mpi-esm1-2-hr","ssp585",NA,4.02986355607027,-2.80756334577286
"3087",3922,"Beijing","mpi-esm1-2-hr","ssp585",NA,0.00652998329055014,-1.20582972935266
"3088",3923,"Beijing","mpi-esm1-2-hr","ssp585",NA,1.45596499891586,4.06880558558875
"3089",3924,"Beijing","mpi-esm1-2-hr","ssp585",NA,0.00549624906592986,5.13729139055527
"3090",3925,"Beijing","mpi-esm1-2-hr","ssp585",NA,0.29042931335945,5.13377096993585
"3091",3926,"Beijing","mpi-esm1-2-hr","ssp585",NA,0.0135928161983299,9.2106131417411
"3092",3927,"Beijing","mpi-esm1-2-hr","ssp585",NA,0.697590231668853,12.822405569894
"3093",3928,"Beijing","mpi-esm1-2-hr","ssp585",NA,0.147819056889732,13.3096677507673
"3094",3929,"Beijing","mpi-esm1-2-hr","ssp585",NA,0.00815251370503185,12.6223955426897
"3095",3930,"Beijing","mpi-esm1-2-hr","ssp585",NA,0,15.0419054303851
"3096",3931,"Beijing","mpi-esm1-2-hr","ssp585",NA,1.20619006596436,17.3722702026367
"3097",3932,"Beijing","mpi-esm1-2-hr","ssp585",NA,0,19.7101275852749
"3098",3933,"Beijing","mpi-esm1-2-hr","ssp585",NA,0.503317573182878,20.5186232430595
"3099",3934,"Beijing","mpi-esm1-2-hr","ssp585",NA,1.62522993619599,21.8754358564105
"3100",3935,"Beijing","mpi-esm1-2-hr","ssp585",NA,0.0820521690911847,22.7785403660366
"3101",3936,"Beijing","mpi-esm1-2-hr","ssp585",NA,0.213843200591717,26.5363158089774
"3102",3937,"Beijing","mpi-esm1-2-hr","ssp585",NA,1.53199973078699,29.2072273254395
"3103",3938,"Beijing","mpi-esm1-2-hr","ssp585",NA,6.18181759062801,21.4494491577148
"3104",3939,"Beijing","mpi-esm1-2-hr","ssp585",NA,2.34224191493532,25.2147324698312
"3105",3940,"Beijing","mpi-esm1-2-hr","ssp585",NA,0.13231039020606,28.7417999267578
"3106",3941,"Beijing","mpi-esm1-2-hr","ssp585",NA,3.78574745912244,29.1913925170899
"3107",3942,"Beijing","mpi-esm1-2-hr","ssp585",NA,2.58701773104154,27.7246316092355
"3108",3943,"Beijing","mpi-esm1-2-hr","ssp585",NA,0.771703938153224,30.4139234270368
"3109",3944,"Beijing","mpi-esm1-2-hr","ssp585",NA,2.29226869296976,32.8694222586496
"3110",3945,"Beijing","mpi-esm1-2-hr","ssp585",NA,4.9975659415525,32.188302067348
"3111",3946,"Beijing","mpi-esm1-2-hr","ssp585",NA,2.3848704759465,28.7081864493234
"3112",3947,"Beijing","mpi-esm1-2-hr","ssp585",NA,2.85360133614501,27.5248395647322
"3113",3948,"Beijing","mpi-esm1-2-hr","ssp585",NA,1.41025788268182,29.2119978768485
"3114",3949,"Beijing","mpi-esm1-2-hr","ssp585",NA,2.14162601337843,28.5123671395438
"3115",3950,"Beijing","mpi-esm1-2-hr","ssp585",NA,1.23309038997702,26.1468711853028
"3116",3951,"Beijing","mpi-esm1-2-hr","ssp585",NA,2.87689649771892,23.3409106663295
"3117",3952,"Beijing","mpi-esm1-2-hr","ssp585",NA,0.0933114153862594,23.0369844709124
"3118",3953,"Beijing","mpi-esm1-2-hr","ssp585",NA,0.884549484356155,24.1148391723633
"3119",3954,"Beijing","mpi-esm1-2-hr","ssp585",NA,0.0624349667499961,20.3005893162319
"3120",3955,"Beijing","mpi-esm1-2-hr","ssp585",NA,0.001925660399138,14.245628792899
"3121",3956,"Beijing","mpi-esm1-2-hr","ssp585",NA,0,18.040786089216
"3122",3957,"Beijing","mpi-esm1-2-hr","ssp585",NA,0.00475144195531487,15.4331538609096
"3123",3958,"Beijing","mpi-esm1-2-hr","ssp585",NA,0.91969250582094,12.3745268685477
"3124",3959,"Beijing","mpi-esm1-2-hr","ssp585",NA,0.00443708550587221,10.3904003688268
"3125",3960,"Beijing","mpi-esm1-2-hr","ssp585",NA,0.00212342291498706,8.28690054757257
"3126",3961,"Beijing","mpi-esm1-2-hr","ssp585",NA,0.00208458773808421,4.84966648646766
"3127",3962,"Beijing","mpi-esm1-2-hr","ssp585",NA,0,0.263817814418271
"3128",3963,"Beijing","mpi-esm1-2-hr","ssp585",NA,0.00397204177845976,1.81550968715125
"3129",3964,"Beijing","mpi-esm1-2-hr","ssp585",NA,0.00697160990057455,0.811272103445893
"3130",3965,"Beijing","mpi-esm1-2-hr","ssp585",NA,1.88423138441587,2.86926531110493
"3131",3966,"Beijing","mpi-esm1-2-hr","ssp585",NA,0.0982315293445675,-0.938622174944175
"3132",3967,"Beijing","mpi-esm1-2-hr","ssp585",NA,0,0.022037397112189
"3133",3968,"Beijing","mpi-esm1-2-hr","ssp585",NA,0.0104222191891625,2.85210571289065
"3134",3969,"Beijing","mpi-esm1-2-hr","ssp585",NA,0.862772497099026,-2.68171266828262
"3135",3970,"Beijing","mpi-esm1-2-hr","ssp585",NA,0.214784408568188,-0.350907570975145
"3136",3971,"Beijing","mpi-esm1-2-hr","ssp585",NA,0.127488190336018,-4.40395529610768
"3137",3972,"Beijing","mpi-esm1-2-hr","ssp585",NA,0.00429625058911499,-7.22752009800499
"3138",3973,"Beijing","mpi-esm1-2-hr","ssp585",NA,0.880876306421539,0.417443847656274
"3139",3974,"Beijing","mpi-esm1-2-hr","ssp585",NA,0.0945922967145763,0.359839739118325
"3140",3975,"Beijing","mpi-esm1-2-hr","ssp585",NA,0.339781965840302,0.479823957170781
"3141",3976,"Beijing","mpi-esm1-2-hr","ssp585",NA,0.00596361933276058,3.52707824707034
"3142",3977,"Beijing","mpi-esm1-2-hr","ssp585",NA,1.87962691523873,2.58593575613841
"3143",3978,"Beijing","mpi-esm1-2-hr","ssp585",NA,0.508838078141187,2.56508898053853
"3144",3979,"Beijing","mpi-esm1-2-hr","ssp585",NA,0.276355419185035,10.3611759730748
"3145",3980,"Beijing","mpi-esm1-2-hr","ssp585",NA,0.161430911105396,4.02658669607982
"3146",3981,"Beijing","mpi-esm1-2-hr","ssp585",NA,0.861099791732808,11.8625154767718
"3147",3982,"Beijing","mpi-esm1-2-hr","ssp585",NA,0.190124164198226,12.5420166015625
"3148",3983,"Beijing","mpi-esm1-2-hr","ssp585",NA,0.384368784060436,18.9656185695103
"3149",3984,"Beijing","mpi-esm1-2-hr","ssp585",NA,0.0544537581910324,17.8900690351214
"3150",3985,"Beijing","mpi-esm1-2-hr","ssp585",NA,1.5755599624364,22.4505755833217
"3151",3986,"Beijing","mpi-esm1-2-hr","ssp585",NA,1.98199500255214,22.355729675293
"3152",3987,"Beijing","mpi-esm1-2-hr","ssp585",NA,2.15548027777654,18.3208257402693
"3153",3988,"Beijing","mpi-esm1-2-hr","ssp585",NA,2.32748518705453,21.8664097377233
"3154",3989,"Beijing","mpi-esm1-2-hr","ssp585",NA,2.1833682075989,24.4307506016323
"3155",3990,"Beijing","mpi-esm1-2-hr","ssp585",NA,1.80269277276628,23.5152848379953
"3156",3991,"Beijing","mpi-esm1-2-hr","ssp585",NA,2.07812603356875,26.4912942068918
"3157",3992,"Beijing","mpi-esm1-2-hr","ssp585",NA,0.670429145982001,28.800857434954
"3158",3993,"Beijing","mpi-esm1-2-hr","ssp585",NA,10.7639389455406,28.2366359165737
"3159",3994,"Beijing","mpi-esm1-2-hr","ssp585",NA,5.0367025342309,27.2559044974191
"3160",3995,"Beijing","mpi-esm1-2-hr","ssp585",NA,3.75000501821238,27.5621249607631
"3161",3996,"Beijing","mpi-esm1-2-hr","ssp585",NA,4.944519332951,28.0489838736398
"3162",3997,"Beijing","mpi-esm1-2-hr","ssp585",NA,34.716820081225,25.43704158238
"3163",3998,"Beijing","mpi-esm1-2-hr","ssp585",NA,5.63506720978434,25.4570049830846
"3164",3999,"Beijing","mpi-esm1-2-hr","ssp585",NA,3.06109287048457,29.2809485299247
"3165",4000,"Beijing","mpi-esm1-2-hr","ssp585",NA,1.27059576209701,27.8352316720145
"3166",4001,"Beijing","mpi-esm1-2-hr","ssp585",NA,5.42181317618347,25.8672102791923
"3167",4002,"Beijing","mpi-esm1-2-hr","ssp585",NA,3.07747811439185,24.0465152195522
"3168",4003,"Beijing","mpi-esm1-2-hr","ssp585",NA,0.192797736333107,25.1347290039063
"3169",4004,"Beijing","mpi-esm1-2-hr","ssp585",NA,0.572636569410991,21.3817775181362
"3170",4005,"Beijing","mpi-esm1-2-hr","ssp585",NA,0.104643195196071,23.290293448312
"3171",4006,"Beijing","mpi-esm1-2-hr","ssp585",NA,0,18.7390353611538
"3172",4007,"Beijing","mpi-esm1-2-hr","ssp585",NA,2.44635644930245,15.0211785452707
"3173",4008,"Beijing","mpi-esm1-2-hr","ssp585",NA,0,16.6133013044085
"3174",4009,"Beijing","mpi-esm1-2-hr","ssp585",NA,0.00637948439491863,16.2258632114956
"3175",4010,"Beijing","mpi-esm1-2-hr","ssp585",NA,0.206103946168566,11.2338026864188
"3176",4011,"Beijing","mpi-esm1-2-hr","ssp585",NA,0,10.4840070452009
"3177",4012,"Beijing","mpi-esm1-2-hr","ssp585",NA,1.52082452476472,4.48395908900672
"3178",4013,"Beijing","mpi-esm1-2-hr","ssp585",NA,0.0443626153485508,0.173022024972122
"3179",4014,"Beijing","mpi-esm1-2-hr","ssp585",NA,0.00313669608138817,-0.419955226353215
"3180",4015,"Beijing","mpi-esm1-2-hr","ssp585",NA,0.453172466015011,1.14642704554969
"3181",4016,"Beijing","mpi-esm1-2-hr","ssp585",NA,0,1.76422435215543
"3182",4017,"Beijing","mpi-esm1-2-hr","ssp585",NA,0.0480973008182316,2.18065032958987
"3183",4018,"Beijing","mpi-esm1-2-hr","ssp585",NA,0.0045746372377055,2.96073957170761
"3184",4019,"Beijing","mpi-esm1-2-hr","ssp585",NA,0.137525410926693,-1.28333293369836
"3185",4020,"Beijing","mpi-esm1-2-hr","ssp585",NA,0.00601848823212744,-0.607923344203382
"3186",4021,"Beijing","mpi-esm1-2-hr","ssp585",NA,0.00490888328386064,-2.08733978271482
"3187",4022,"Beijing","mpi-esm1-2-hr","ssp585",NA,0.0487312465013799,-2.58504823957168
"3188",4023,"Beijing","mpi-esm1-2-hr","ssp585",NA,0.00181676435723992,-3.00121372767855
"3189",4024,"Beijing","mpi-esm1-2-hr","ssp585",NA,0.0900826433150672,0.995949772426083
"3190",4025,"Beijing","mpi-esm1-2-hr","ssp585",NA,0.395843884591938,2.40928965977262
"3191",4026,"Beijing","mpi-esm1-2-hr","ssp585",NA,1.09436407672417,1.29806017194478
"3192",4027,"Beijing","mpi-esm1-2-hr","ssp585",NA,0.0628276283350715,6.18199691772463
"3193",4028,"Beijing","mpi-esm1-2-hr","ssp585",NA,0.458485106147626,2.15446570260186
"3194",4029,"Beijing","mpi-esm1-2-hr","ssp585",NA,1.7728738585512,2.94311567034042
"3195",4030,"Beijing","mpi-esm1-2-hr","ssp585",NA,0.766951800375994,8.628496333531
"3196",4031,"Beijing","mpi-esm1-2-hr","ssp585",NA,0.185516887527878,5.5867755344936
"3197",4032,"Beijing","mpi-esm1-2-hr","ssp585",NA,3.04046143850688,5.39539271763395
"3198",4033,"Beijing","mpi-esm1-2-hr","ssp585",NA,1.03505611997597,8.12929360525951
"3199",4034,"Beijing","mpi-esm1-2-hr","ssp585",NA,0,17.8189630780901
"3200",4035,"Beijing","mpi-esm1-2-hr","ssp585",NA,2.06341885918846,15.8937224251884
"3201",4036,"Beijing","mpi-esm1-2-hr","ssp585",NA,2.53985224574405,16.8817655290877
"3202",4037,"Beijing","mpi-esm1-2-hr","ssp585",NA,0.708405170325932,16.793416595459
"3203",4038,"Beijing","mpi-esm1-2-hr","ssp585",NA,3.01234603718643,20.1270467485701
"3204",4039,"Beijing","mpi-esm1-2-hr","ssp585",NA,0.0755416091773701,23.4793999808176
"3205",4040,"Beijing","mpi-esm1-2-hr","ssp585",NA,0.0865528346886485,23.596148790632
"3206",4041,"Beijing","mpi-esm1-2-hr","ssp585",NA,0.491971427378043,26.4189713614328
"3207",4042,"Beijing","mpi-esm1-2-hr","ssp585",NA,1.3841970845598,26.9591848100935
"3208",4043,"Beijing","mpi-esm1-2-hr","ssp585",NA,0.183949360897324,29.2893986293248
"3209",4044,"Beijing","mpi-esm1-2-hr","ssp585",NA,4.72397454293189,25.6450662885394
"3210",4045,"Beijing","mpi-esm1-2-hr","ssp585",NA,6.22091426308933,28.5451184953963
"3211",4046,"Beijing","mpi-esm1-2-hr","ssp585",NA,1.99002596895558,27.847747693743
"3212",4047,"Beijing","mpi-esm1-2-hr","ssp585",NA,0.222840388427617,29.1481540134975
"3213",4048,"Beijing","mpi-esm1-2-hr","ssp585",NA,5.01756126408119,27.352608707973
"3214",4049,"Beijing","mpi-esm1-2-hr","ssp585",NA,0.276463576080589,29.4607973371233
"3215",4050,"Beijing","mpi-esm1-2-hr","ssp585",NA,3.81644555739383,29.8225761413574
"3216",4051,"Beijing","mpi-esm1-2-hr","ssp585",NA,3.82709999412327,29.5123355320522
"3217",4052,"Beijing","mpi-esm1-2-hr","ssp585",NA,9.8077039009565,25.5632066999163
"3218",4053,"Beijing","mpi-esm1-2-hr","ssp585",NA,0.694500893925059,26.3364632742746
"3219",4054,"Beijing","mpi-esm1-2-hr","ssp585",NA,0.603158954494834,25.6502112252372
"3220",4055,"Beijing","mpi-esm1-2-hr","ssp585",NA,5.31664401679726,22.8892668587821
"3221",4056,"Beijing","mpi-esm1-2-hr","ssp585",NA,0.547999363815117,24.2274059840611
"3222",4057,"Beijing","mpi-esm1-2-hr","ssp585",NA,1.57283723356159,24.5522138323103
"3223",4058,"Beijing","mpi-esm1-2-hr","ssp585",NA,3.77444662611067,20.5457419259208
"3224",4059,"Beijing","mpi-esm1-2-hr","ssp585",NA,0.0880503716676426,18.1888170514788
"3225",4060,"Beijing","mpi-esm1-2-hr","ssp585",NA,1.84918591851653,16.6773364475795
"3226",4061,"Beijing","mpi-esm1-2-hr","ssp585",NA,0.197632399431313,12.2231733049665
"3227",4062,"Beijing","mpi-esm1-2-hr","ssp585",NA,0.00609832901708225,9.73731874738424
"3228",4063,"Beijing","mpi-esm1-2-hr","ssp585",NA,1.51349377007526,12.9131375994001
"3229",4064,"Beijing","mpi-esm1-2-hr","ssp585",NA,0.5300368117787,1.49572797502792
"3230",4065,"Beijing","mpi-esm1-2-hr","ssp585",NA,0.00663092149417415,3.15466025216241
"3231",4066,"Beijing","mpi-esm1-2-hr","ssp585",NA,0.00306009568313519,3.97857600620817
"3232",4067,"Beijing","mpi-esm1-2-hr","ssp585",NA,0.283809940719948,5.96767796107703
"3233",4068,"Beijing","mpi-esm1-2-hr","ssp585",NA,0,-0.076466805594285
"3234",4069,"Beijing","mpi-esm1-2-hr","ssp585",NA,0.0735950069416244,1.54232504708429
"3235",4070,"Beijing","mpi-esm1-2-hr","ssp585",NA,0.499351067459689,-2.31419383457727
"3236",4071,"Beijing","mpi-esm1-2-hr","ssp585",NA,0.0610036470399272,-3.71909670148575
"3237",4072,"Beijing","mpi-esm1-2-hr","ssp585",NA,0.00252465993071383,-1.3180973597935
"3238",4073,"Beijing","mpi-esm1-2-hr","ssp585",NA,0,-4.52951333182196
"3239",4074,"Beijing","mpi-esm1-2-hr","ssp585",NA,0.0352596013661761,1.76222327096124
"3240",4075,"Beijing","mpi-esm1-2-hr","ssp585",NA,0.00471226947930909,-1.45604934692381
"3241",4076,"Beijing","mpi-esm1-2-hr","ssp585",NA,0,3.09040658133373
"3242",4077,"Beijing","mpi-esm1-2-hr","ssp585",NA,0.213415366234975,4.59183273315432
"3243",4078,"Beijing","mpi-esm1-2-hr","ssp585",NA,0.00426860627028093,5.84311828613284
"3244",4079,"Beijing","mpi-esm1-2-hr","ssp585",NA,0.642317227805376,6.11475034441269
"3245",4080,"Beijing","mpi-esm1-2-hr","ssp585",NA,0.286118816224449,3.160175214495
"3246",4081,"Beijing","mpi-esm1-2-hr","ssp585",NA,0.68470020525118,5.71673791067943
"3247",4082,"Beijing","mpi-esm1-2-hr","ssp585",NA,0.00207477940291157,7.36601464407787
"3248",4083,"Beijing","mpi-esm1-2-hr","ssp585",NA,0.347596840336856,6.97787355695454
"3249",4084,"Beijing","mpi-esm1-2-hr","ssp585",NA,0.0818744649093008,9.87881131853378
"3250",4085,"Beijing","mpi-esm1-2-hr","ssp585",NA,0.0131410222041138,12.8440632411412
"3251",4086,"Beijing","mpi-esm1-2-hr","ssp585",NA,0.0344472777799508,13.6360309055873
"3252",4087,"Beijing","mpi-esm1-2-hr","ssp585",NA,0,16.9011142185756
"3253",4088,"Beijing","mpi-esm1-2-hr","ssp585",NA,0.00711060431837852,19.7657060895648
"3254",4089,"Beijing","mpi-esm1-2-hr","ssp585",NA,1.7864433309504,20.6950884137835
"3255",4090,"Beijing","mpi-esm1-2-hr","ssp585",NA,0.127098415701507,22.4074618748256
"3256",4091,"Beijing","mpi-esm1-2-hr","ssp585",NA,0.274770277753435,22.9912544250489
"3257",4092,"Beijing","mpi-esm1-2-hr","ssp585",NA,13.7518210678341,22.9877634320941
"3258",4093,"Beijing","mpi-esm1-2-hr","ssp585",NA,5.88138120872697,20.36377759661
"3259",4094,"Beijing","mpi-esm1-2-hr","ssp585",NA,4.43449826880169,21.0544813973563
"3260",4095,"Beijing","mpi-esm1-2-hr","ssp585",NA,1.50379661468573,26.1858492170062
"3261",4096,"Beijing","mpi-esm1-2-hr","ssp585",NA,4.64814667661813,24.8042726789202
"3262",4097,"Beijing","mpi-esm1-2-hr","ssp585",NA,12.3563393058898,24.8501264299666
"3263",4098,"Beijing","mpi-esm1-2-hr","ssp585",NA,11.0203834404664,24.6038435799735
"3264",4099,"Beijing","mpi-esm1-2-hr","ssp585",NA,2.60062108296942,27.7561192103795
"3265",4100,"Beijing","mpi-esm1-2-hr","ssp585",NA,10.9666690897939,26.5982997349331
"3266",4101,"Beijing","mpi-esm1-2-hr","ssp585",NA,3.80467109645386,29.154434640067
"3267",4102,"Beijing","mpi-esm1-2-hr","ssp585",NA,0.415902295909681,29.2801921299526
"3268",4103,"Beijing","mpi-esm1-2-hr","ssp585",NA,27.8499632458988,27.2722384861538
"3269",4104,"Beijing","mpi-esm1-2-hr","ssp585",NA,24.3816010341237,25.3833933149065
"3270",4105,"Beijing","mpi-esm1-2-hr","ssp585",NA,8.96493489260268,24.2575824192592
"3271",4106,"Beijing","mpi-esm1-2-hr","ssp585",NA,1.79609484642112,24.7401628766741
"3272",4107,"Beijing","mpi-esm1-2-hr","ssp585",NA,0.597812443603678,23.2446653093611
"3273",4108,"Beijing","mpi-esm1-2-hr","ssp585",NA,0.00283897726538791,22.0081845964705
"3274",4109,"Beijing","mpi-esm1-2-hr","ssp585",NA,0,23.9021218436105
"3275",4110,"Beijing","mpi-esm1-2-hr","ssp585",NA,0.396073353574268,19.9359696524484
"3276",4111,"Beijing","mpi-esm1-2-hr","ssp585",NA,0.025879402944286,18.8483498709543
"3277",4112,"Beijing","mpi-esm1-2-hr","ssp585",NA,3.72985942638999,14.0215850830078
"3278",4113,"Beijing","mpi-esm1-2-hr","ssp585",NA,0.223502539016148,13.1632967267718
"3279",4114,"Beijing","mpi-esm1-2-hr","ssp585",NA,0.574914942236708,12.1757637023926
"3280",4115,"Beijing","mpi-esm1-2-hr","ssp585",NA,0.126204308220882,10.558073752267
"3281",4116,"Beijing","mpi-esm1-2-hr","ssp585",NA,0.0075560917139228,8.51571698869979
"3282",4117,"Beijing","mpi-esm1-2-hr","ssp585",NA,0.935883097099576,6.31629987444199
"3283",4118,"Beijing","mpi-esm1-2-hr","ssp585",NA,0.00685016976993731,4.69076636178155
"3284",4119,"Beijing","mpi-esm1-2-hr","ssp585",NA,0.089345680732679,4.64785101754327
"3285",4120,"Beijing","mpi-esm1-2-hr","ssp585",NA,0.116424689778276,4.50664345877514
"3286",4121,"Beijing","mpi-esm1-2-hr","ssp585",NA,0.57093044442159,4.10743593488423
"3287",4122,"Beijing","mpi-esm1-2-hr","ssp585",NA,0.137713439302648,1.20526439121793
"3288",4123,"Beijing","mpi-esm1-2-hr","ssp585",NA,0.00377498139901685,3.22316295078825
"3289",4124,"Beijing","mpi-esm1-2-hr","ssp585",NA,0.00719903351377331,0.135259246826194
"3290",4125,"Beijing","mpi-esm1-2-hr","ssp585",NA,0,-3.35133808680941
"3291",4126,"Beijing","mpi-esm1-2-hr","ssp585",NA,0.00475748369613679,-0.595148468017555
"3292",4127,"Beijing","mpi-esm1-2-hr","ssp585",NA,0.0085386985509623,-0.147538430350145
"3293",4128,"Beijing","mpi-esm1-2-hr","ssp585",NA,0,-0.89801036289758
"3294",4129,"Beijing","mpi-esm1-2-hr","ssp585",NA,0,1.87165276663646
"3295",4130,"Beijing","mpi-esm1-2-hr","ssp585",NA,0.229356100791327,6.8362360273089
"3296",4131,"Beijing","mpi-esm1-2-hr","ssp585",NA,0.0023506658635597,4.64399054391046
"3297",4132,"Beijing","mpi-esm1-2-hr","ssp585",NA,0,8.38282111031671
"3298",4133,"Beijing","mpi-esm1-2-hr","ssp585",NA,1.84610394031292,7.42066672188897
"3299",4134,"Beijing","mpi-esm1-2-hr","ssp585",NA,0.295761092541267,5.68803776332313
"3300",4135,"Beijing","mpi-esm1-2-hr","ssp585",NA,0.0674580279727317,8.51655404227123
"3301",4136,"Beijing","mpi-esm1-2-hr","ssp585",NA,0.347497868045009,11.7187864031111
"3302",4137,"Beijing","mpi-esm1-2-hr","ssp585",NA,0.259347164189551,13.5863199506487
"3303",4138,"Beijing","mpi-esm1-2-hr","ssp585",NA,1.93727278847291,13.7832460675921
"3304",4139,"Beijing","mpi-esm1-2-hr","ssp585",NA,4.13085706481979,16.7120223999024
"3305",4140,"Beijing","mpi-esm1-2-hr","ssp585",NA,0.413299006699422,17.3989387512207
"3306",4141,"Beijing","mpi-esm1-2-hr","ssp585",NA,6.81206524428229,16.3880526951381
"3307",4142,"Beijing","mpi-esm1-2-hr","ssp585",NA,0.00832089559220809,19.2034856523786
"3308",4143,"Beijing","mpi-esm1-2-hr","ssp585",NA,3.60703281033758,19.6699234008789
"3309",4144,"Beijing","mpi-esm1-2-hr","ssp585",NA,2.05035007634901,20.7525797162737
"3310",4145,"Beijing","mpi-esm1-2-hr","ssp585",NA,0.161892525888366,25.4034597124372
"3311",4146,"Beijing","mpi-esm1-2-hr","ssp585",NA,3.17116917544159,24.0390863691058
"3312",4147,"Beijing","mpi-esm1-2-hr","ssp585",NA,5.51337323201681,25.3297259739467
"3313",4148,"Beijing","mpi-esm1-2-hr","ssp585",NA,2.23070694220431,26.9489897591727
"3314",4149,"Beijing","mpi-esm1-2-hr","ssp585",NA,6.74208274704142,27.6128544398717
"3315",4150,"Beijing","mpi-esm1-2-hr","ssp585",NA,9.27893928351945,28.9833552769253
"3316",4151,"Beijing","mpi-esm1-2-hr","ssp585",NA,5.60389621343477,28.7242403302874
"3317",4152,"Beijing","mpi-esm1-2-hr","ssp585",NA,5.93467807870443,27.9762795584543
"3318",4153,"Beijing","mpi-esm1-2-hr","ssp585",NA,2.33948900963047,27.7545361110142
"3319",4154,"Beijing","mpi-esm1-2-hr","ssp585",NA,0.192027452879172,27.3103712899344
"3320",4155,"Beijing","mpi-esm1-2-hr","ssp585",NA,3.80271811079313,27.0112505231585
"3321",4156,"Beijing","mpi-esm1-2-hr","ssp585",NA,2.45048275236124,28.6784258161273
"3322",4157,"Beijing","mpi-esm1-2-hr","ssp585",NA,0.489752069792563,28.4775013514928
"3323",4158,"Beijing","mpi-esm1-2-hr","ssp585",NA,0.415238660363164,26.9821847098214
"3324",4159,"Beijing","mpi-esm1-2-hr","ssp585",NA,0.72190437172789,27.6952709742955
"3325",4160,"Beijing","mpi-esm1-2-hr","ssp585",NA,5.05644170729543,22.627770451137
"3326",4161,"Beijing","mpi-esm1-2-hr","ssp585",NA,0.0374544966104752,23.1927058628628
"3327",4162,"Beijing","mpi-esm1-2-hr","ssp585",NA,3.30489143040852,17.0003012520926
"3328",4163,"Beijing","mpi-esm1-2-hr","ssp585",NA,0.00311645953843254,16.8880232674735
"3329",4164,"Beijing","mpi-esm1-2-hr","ssp585",NA,0.0812025300157464,18.0615342276437
"3330",4165,"Beijing","mpi-esm1-2-hr","ssp585",NA,0.00460848168586381,16.9672621590751
"3331",4166,"Beijing","mpi-esm1-2-hr","ssp585",NA,0,11.4037834167481
"3332",4167,"Beijing","mpi-esm1-2-hr","ssp585",NA,0.0297376203954107,12.8665857587542
"3333",4168,"Beijing","mpi-esm1-2-hr","ssp585",NA,1.17826067869698,10.1612378801619
"3334",4169,"Beijing","mpi-esm1-2-hr","ssp585",NA,0.00495304999666197,8.05696966988702
"3335",4170,"Beijing","mpi-esm1-2-hr","ssp585",NA,0.0787363771840839,6.23448333740237
"3336",4171,"Beijing","mpi-esm1-2-hr","ssp585",NA,0.00491378262787684,5.73986642020092
"3337",4172,"Beijing","mpi-esm1-2-hr","ssp585",NA,0,1.82229385375979
"3338",4173,"Beijing","mpi-esm1-2-hr","ssp585",NA,0.0491699319614522,-1.30814917428151
"3339",4174,"Beijing","mpi-esm1-2-hr","ssp585",NA,0.00390755310166111,-0.595847102573918
"3340",4175,"Beijing","mpi-esm1-2-hr","ssp585",NA,0.00210694612568269,0.230470275878928
"3341",4176,"Beijing","mpi-esm1-2-hr","ssp585",NA,0.00671706642216514,-2.72664871215818
"3342",4177,"Beijing","mpi-esm1-2-hr","ssp585",NA,0.00189537767515244,0.72917436872212
"3343",4178,"Beijing","mpi-esm1-2-hr","ssp585",NA,0.00433257610633779,4.55096860613144
"3344",4179,"Beijing","mpi-esm1-2-hr","ssp585",NA,0.00212874848719886,0.300259072440034
"3345",4180,"Beijing","mpi-esm1-2-hr","ssp585",NA,0.77571331839863,2.77782756260466
"3346",4181,"Beijing","mpi-esm1-2-hr","ssp585",NA,0.388113239452131,-0.0961560930524323
"3347",4182,"Beijing","mpi-esm1-2-hr","ssp585",NA,1.24296595045702,-2.02099020821705
"3348",4183,"Beijing","mpi-esm1-2-hr","ssp585",NA,0.587207215357921,0.675347900390648
"3349",4184,"Beijing","mpi-esm1-2-hr","ssp585",NA,0.528403279239293,0.326248604910736
"3350",4185,"Beijing","mpi-esm1-2-hr","ssp585",NA,0.0578836057814312,1.23314437866213
"3351",4186,"Beijing","mpi-esm1-2-hr","ssp585",NA,0.0564216106210681,5.9601019723075
"3352",4187,"Beijing","mpi-esm1-2-hr","ssp585",NA,0,9.09940218244282
"3353",4188,"Beijing","mpi-esm1-2-hr","ssp585",NA,0.00403109788749134,16.931587110247
"3354",4189,"Beijing","mpi-esm1-2-hr","ssp585",NA,1.0358492503136,13.1765097481864
"3355",4190,"Beijing","mpi-esm1-2-hr","ssp585",NA,0.037355086338461,11.0696720668248
"3356",4191,"Beijing","mpi-esm1-2-hr","ssp585",NA,0.0728931634577227,16.5934823172433
"3357",4192,"Beijing","mpi-esm1-2-hr","ssp585",NA,0.488673622125394,16.9314802987235
"3358",4193,"Beijing","mpi-esm1-2-hr","ssp585",NA,0.257335523916221,19.8309766496931
"3359",4194,"Beijing","mpi-esm1-2-hr","ssp585",NA,0.14397897062476,18.1852563040597
"3360",4195,"Beijing","mpi-esm1-2-hr","ssp585",NA,2.61098828907831,19.9690567016602
"3361",4196,"Beijing","mpi-esm1-2-hr","ssp585",NA,2.46696320003658,22.4581924438477
"3362",4197,"Beijing","mpi-esm1-2-hr","ssp585",NA,0.591279256760962,25.7413688659668
"3363",4198,"Beijing","mpi-esm1-2-hr","ssp585",NA,2.51805945278777,25.0938289097378
"3364",4199,"Beijing","mpi-esm1-2-hr","ssp585",NA,0.24074394539509,28.4123882838658
"3365",4200,"Beijing","mpi-esm1-2-hr","ssp585",NA,0.0255116999142046,29.7018676757813
"3366",4201,"Beijing","mpi-esm1-2-hr","ssp585",NA,2.64220837060358,29.1631386893136
"3367",4202,"Beijing","mpi-esm1-2-hr","ssp585",NA,1.47120425833366,28.694612121582
"3368",4203,"Beijing","mpi-esm1-2-hr","ssp585",NA,1.86855133453199,30.1965423583985
"3369",4204,"Beijing","mpi-esm1-2-hr","ssp585",NA,9.9487457857062,28.5502443586077
"3370",4205,"Beijing","mpi-esm1-2-hr","ssp585",NA,1.6038648360466,27.7523530142648
"3371",4206,"Beijing","mpi-esm1-2-hr","ssp585",NA,0.840809136038191,30.1877195085798
"3372",4207,"Beijing","mpi-esm1-2-hr","ssp585",NA,0.326893473142523,30.6194887433733
"3373",4208,"Beijing","mpi-esm1-2-hr","ssp585",NA,0.0299913368507987,31.4883514404297
"3374",4209,"Beijing","mpi-esm1-2-hr","ssp585",NA,2.19339449061278,32.2748749869211
"3375",4210,"Beijing","mpi-esm1-2-hr","ssp585",NA,0.0788493487042226,28.3537204197475
"3376",4211,"Beijing","mpi-esm1-2-hr","ssp585",NA,0,26.73659123012
"3377",4212,"Beijing","mpi-esm1-2-hr","ssp585",NA,0.0449943523627942,23.4235904148647
"3378",4213,"Beijing","mpi-esm1-2-hr","ssp585",NA,0.0698077114066109,21.6452750069755
"3379",4214,"Beijing","mpi-esm1-2-hr","ssp585",NA,0,21.7720292227609
"3380",4215,"Beijing","mpi-esm1-2-hr","ssp585",NA,3.31020463849459,23.5136390686036
"3381",4216,"Beijing","mpi-esm1-2-hr","ssp585",NA,3.67740866954591,15.3651650565011
"3382",4217,"Beijing","mpi-esm1-2-hr","ssp585",NA,0.00444448363461041,14.1182462419782
"3383",4218,"Beijing","mpi-esm1-2-hr","ssp585",NA,0.511197160871494,13.9052161080497
"3384",4219,"Beijing","mpi-esm1-2-hr","ssp585",NA,0.120701305104376,9.05290102277486
"3385",4220,"Beijing","mpi-esm1-2-hr","ssp585",NA,0.0179187501609184,4.99434432983401
"3386",4221,"Beijing","mpi-esm1-2-hr","ssp585",NA,0.00444912969734495,6.35861903599332
"3387",4222,"Beijing","mpi-esm1-2-hr","ssp585",NA,0.0042404718767232,6.13148269653322
"3388",4223,"Beijing","mpi-esm1-2-hr","ssp585",NA,0.00733096815435731,2.56273313249863
"3389",4224,"Beijing","mpi-esm1-2-hr","ssp585",NA,0.00192571845738192,3.74350891113284
"3390",4225,"Beijing","mpi-esm1-2-hr","ssp585",NA,0.229668224190911,0.445187050955659
"3391",4226,"Beijing","mpi-esm1-2-hr","ssp585",NA,0.0024699117083011,0.00358189174109491
"3392",4227,"Beijing","mpi-esm1-2-hr","ssp585",NA,0.00207066814255086,1.67779748099193
"3393",4228,"Beijing","mpi-esm1-2-hr","ssp585",NA,0,-0.410659899030391
"3394",4229,"Beijing","mpi-esm1-2-hr","ssp585",NA,0,4.27487825666157
"3395",4230,"Beijing","mpi-esm1-2-hr","ssp585",NA,0,0.0623336791992425
"3396",4231,"Beijing","mpi-esm1-2-hr","ssp585",NA,0.120066712361222,-0.745912388392834
"3397",4232,"Beijing","mpi-esm1-2-hr","ssp585",NA,0.00231136218644679,0.507701764787969
"3398",4233,"Beijing","mpi-esm1-2-hr","ssp585",NA,1.05965437498006,1.6842960902623
"3399",4234,"Beijing","mpi-esm1-2-hr","ssp585",NA,0.00865182267131916,4.03853541782926
"3400",4235,"Beijing","mpi-esm1-2-hr","ssp585",NA,0.00807811022371295,-0.866679709298247
"3401",4236,"Beijing","mpi-esm1-2-hr","ssp585",NA,0.168465801860813,3.48833018711637
"3402",4237,"Beijing","mpi-esm1-2-hr","ssp585",NA,0.0636912424332488,6.33539079938618
"3403",4238,"Beijing","mpi-esm1-2-hr","ssp585",NA,0.0611217273347262,0.220716639927478
"3404",4239,"Beijing","mpi-esm1-2-hr","ssp585",NA,0.00385937616036764,7.14856327601844
"3405",4240,"Beijing","mpi-esm1-2-hr","ssp585",NA,0.268728750221011,14.0829995291574
"3406",4241,"Beijing","mpi-esm1-2-hr","ssp585",NA,1.58585261737504,12.4030090332032
"3407",4242,"Beijing","mpi-esm1-2-hr","ssp585",NA,0.394646195465092,13.8363733564104
"3408",4243,"Beijing","mpi-esm1-2-hr","ssp585",NA,0,20.2938934326172
"3409",4244,"Beijing","mpi-esm1-2-hr","ssp585",NA,0,19.6041324070522
"3410",4245,"Beijing","mpi-esm1-2-hr","ssp585",NA,0.238540008149357,18.140351322719
"3411",4246,"Beijing","mpi-esm1-2-hr","ssp585",NA,1.34779480118336,18.2288484845843
"3412",4247,"Beijing","mpi-esm1-2-hr","ssp585",NA,0.337291106156304,18.6138233729772
"3413",4248,"Beijing","mpi-esm1-2-hr","ssp585",NA,1.72451709596706,26.6880301339286
"3414",4249,"Beijing","mpi-esm1-2-hr","ssp585",NA,0.113666356992326,30.540427507673
"3415",4250,"Beijing","mpi-esm1-2-hr","ssp585",NA,1.38662123637395,27.9884615216937
"3416",4251,"Beijing","mpi-esm1-2-hr","ssp585",NA,0.687861273516838,26.4323244367327
"3417",4252,"Beijing","mpi-esm1-2-hr","ssp585",NA,0.469156692861362,28.6403197152274
"3418",4253,"Beijing","mpi-esm1-2-hr","ssp585",NA,3.09177557174475,28.8254447937012
"3419",4254,"Beijing","mpi-esm1-2-hr","ssp585",NA,7.12214720515476,27.8017860412598
"3420",4255,"Beijing","mpi-esm1-2-hr","ssp585",NA,10.8237511470829,26.669278717041
"3421",4256,"Beijing","mpi-esm1-2-hr","ssp585",NA,1.10444796386478,26.9652414594378
"3422",4257,"Beijing","mpi-esm1-2-hr","ssp585",NA,3.85448025459222,28.0027137756348
"3423",4258,"Beijing","mpi-esm1-2-hr","ssp585",NA,9.05685807345955,27.7284457615444
"3424",4259,"Beijing","mpi-esm1-2-hr","ssp585",NA,4.92690993219834,25.8704587663923
"3425",4260,"Beijing","mpi-esm1-2-hr","ssp585",NA,19.1070510888819,25.1695599147252
"3426",4261,"Beijing","mpi-esm1-2-hr","ssp585",NA,7.30490053605796,25.6441649300712
"3427",4262,"Beijing","mpi-esm1-2-hr","ssp585",NA,0.00374313846935235,25.2419181823731
"3428",4263,"Beijing","mpi-esm1-2-hr","ssp585",NA,0.0558624378170082,25.8219559805734
"3429",4264,"Beijing","mpi-esm1-2-hr","ssp585",NA,2.95416434740088,25.8888804844448
"3430",4265,"Beijing","mpi-esm1-2-hr","ssp585",NA,0.929304471173964,24.2277929033552
"3431",4266,"Beijing","mpi-esm1-2-hr","ssp585",NA,7.50711841172753,18.7429089137486
"3432",4267,"Beijing","mpi-esm1-2-hr","ssp585",NA,0.0394603396541372,17.9270389011928
"3433",4268,"Beijing","mpi-esm1-2-hr","ssp585",NA,0.258771163615685,18.7116703578404
"3434",4269,"Beijing","mpi-esm1-2-hr","ssp585",NA,0.108773313435709,16.6979908534459
"3435",4270,"Beijing","mpi-esm1-2-hr","ssp585",NA,1.52111709814692,12.8857208251953
"3436",4271,"Beijing","mpi-esm1-2-hr","ssp585",NA,0.018880507949299,11.9263571602958
"3437",4272,"Beijing","mpi-esm1-2-hr","ssp585",NA,0.00597621744548502,10.8893796648298
"3438",4273,"Beijing","mpi-esm1-2-hr","ssp585",NA,0,12.9065643310547
"3439",4274,"Beijing","mpi-esm1-2-hr","ssp585",NA,0.00220359187811222,9.31312822614399
"3440",4275,"Beijing","mpi-esm1-2-hr","ssp585",NA,0.00418582240594592,5.22979016985214
"3441",4276,"Beijing","mpi-esm1-2-hr","ssp585",NA,0.117051011589605,4.51105379377095
"3442",4277,"Beijing","mpi-esm1-2-hr","ssp585",NA,0.37910060636932,2.0231643676758
"3443",4278,"Beijing","mpi-esm1-2-hr","ssp585",NA,1.26268689744263,-1.19847499302453
"3444",4279,"Beijing","mpi-esm1-2-hr","ssp585",NA,0,-4.85179966517855
"3445",4280,"Beijing","mpi-esm1-2-hr","ssp585",NA,0.0018495590211387,-4.75962894984652
"3446",4281,"Beijing","mpi-esm1-2-hr","ssp585",NA,0,-4.59677679879322
"3447",4282,"Beijing","mpi-esm1-2-hr","ssp585",NA,0.713538164921244,-1.99587696620394
"3448",4283,"Beijing","mpi-esm1-2-hr","ssp585",NA,0.00243600043177139,-0.217678724016438
"3449",4284,"Beijing","mpi-esm1-2-hr","ssp585",NA,0,-0.12315488542827
"3450",4285,"Beijing","mpi-esm1-2-hr","ssp585",NA,0.0113648830067957,1.09963269914902
"3451",4286,"Beijing","mpi-esm1-2-hr","ssp585",NA,0.00182532996534844,0.675156620570614
"3452",4287,"Beijing","mpi-esm1-2-hr","ssp585",NA,0.00629184538800994,6.19896087646486
"3453",4288,"Beijing","mpi-esm1-2-hr","ssp585",NA,0.253087636195102,6.77699977329801
"3454",4289,"Beijing","mpi-esm1-2-hr","ssp585",NA,0.0194893861524698,5.55261001586916
"3455",4290,"Beijing","mpi-esm1-2-hr","ssp585",NA,3.33237561478329,9.06346337454661
"3456",4291,"Beijing","mpi-esm1-2-hr","ssp585",NA,0.00362914996523094,9.90244663783483
"3457",4292,"Beijing","mpi-esm1-2-hr","ssp585",NA,0.00281669886135205,15.2678074428014
"3458",4293,"Beijing","mpi-esm1-2-hr","ssp585",NA,0,14.3358937944685
"3459",4294,"Beijing","mpi-esm1-2-hr","ssp585",NA,0.0892830146637737,11.0254253932408
"3460",4295,"Beijing","mpi-esm1-2-hr","ssp585",NA,0.0620814120403728,14.8854636056083
"3461",4296,"Beijing","mpi-esm1-2-hr","ssp585",NA,0.542610047861152,19.233786882673
"3462",4297,"Beijing","mpi-esm1-2-hr","ssp585",NA,0.451514749322866,19.1474744524274
"3463",4298,"Beijing","mpi-esm1-2-hr","ssp585",NA,11.3173039594715,16.9880566188268
"3464",4299,"Beijing","mpi-esm1-2-hr","ssp585",NA,10.4759300591468,19.4697035653251
"3465",4300,"Beijing","mpi-esm1-2-hr","ssp585",NA,1.36754120907686,16.4958500453404
"3466",4301,"Beijing","mpi-esm1-2-hr","ssp585",NA,1.32150688499938,23.3945540291923
"3467",4302,"Beijing","mpi-esm1-2-hr","ssp585",NA,0.322216262423223,25.6003400530134
"3468",4303,"Beijing","mpi-esm1-2-hr","ssp585",NA,17.2988547396081,24.0631603785924
"3469",4304,"Beijing","mpi-esm1-2-hr","ssp585",NA,1.38231835784869,25.8846761431013
"3470",4305,"Beijing","mpi-esm1-2-hr","ssp585",NA,4.33798733252583,25.5881967817034
"3471",4306,"Beijing","mpi-esm1-2-hr","ssp585",NA,2.98435607991061,27.1250750950405
"3472",4307,"Beijing","mpi-esm1-2-hr","ssp585",NA,9.60473412805446,26.1969385419573
"3473",4308,"Beijing","mpi-esm1-2-hr","ssp585",NA,14.9247297569413,26.7891708374023
"3474",4309,"Beijing","mpi-esm1-2-hr","ssp585",NA,10.1337756434987,27.1734149387905
"3475",4310,"Beijing","mpi-esm1-2-hr","ssp585",NA,8.9712550274401,26.5514781406948
"3476",4311,"Beijing","mpi-esm1-2-hr","ssp585",NA,3.82728395351088,27.3174557277135
"3477",4312,"Beijing","mpi-esm1-2-hr","ssp585",NA,6.36444746339423,28.188079724993
"3478",4313,"Beijing","mpi-esm1-2-hr","ssp585",NA,1.4272079152566,25.0189573015486
"3479",4314,"Beijing","mpi-esm1-2-hr","ssp585",NA,0.270318479130895,24.3823301042829
"3480",4315,"Beijing","mpi-esm1-2-hr","ssp585",NA,0.899421077403012,24.8804271153042
"3481",4316,"Beijing","mpi-esm1-2-hr","ssp585",NA,0.924530148833062,25.5553440638951
"3482",4317,"Beijing","mpi-esm1-2-hr","ssp585",NA,0.110195185438247,23.8667170933315
"3483",4318,"Beijing","mpi-esm1-2-hr","ssp585",NA,0.51733284536957,23.2270533970424
"3484",4319,"Beijing","mpi-esm1-2-hr","ssp585",NA,4.14317967960025,17.5413833618164
"3485",4320,"Beijing","mpi-esm1-2-hr","ssp585",NA,0.180665752200834,19.3348474775042
"3486",4321,"Beijing","mpi-esm1-2-hr","ssp585",NA,6.76175943785893,16.4241010393415
"3487",4322,"Beijing","mpi-esm1-2-hr","ssp585",NA,0.0325844376285594,11.8093500409808
"3488",4323,"Beijing","mpi-esm1-2-hr","ssp585",NA,0.927584198741118,10.0050276620048
"3489",4324,"Beijing","mpi-esm1-2-hr","ssp585",NA,0.00620584639494025,7.39501615251815
"3490",4325,"Beijing","mpi-esm1-2-hr","ssp585",NA,0.00758785518623231,5.07961371285577
"3491",4326,"Beijing","mpi-esm1-2-hr","ssp585",NA,0.0172018273198254,5.72984139578685
"3492",4327,"Beijing","mpi-esm1-2-hr","ssp585",NA,0.00601929999512711,3.32851889474054
"3493",4328,"Beijing","mpi-esm1-2-hr","ssp585",NA,0.0018849143868595,6.6725408281599
"3494",4329,"Beijing","mpi-esm1-2-hr","ssp585",NA,0.100300559227305,2.83895754132954
"3495",4330,"Beijing","mpi-esm1-2-hr","ssp585",NA,0.00205634898000946,-0.330993216378325
"3496",4331,"Beijing","mpi-esm1-2-hr","ssp585",NA,0.00415110427768794,-0.547706712995234
"3497",4332,"Beijing","mpi-esm1-2-hr","ssp585",NA,0.0499671623336845,-2.80959330967492
"3498",4333,"Beijing","mpi-esm1-2-hr","ssp585",NA,0.0017919292856407,-3.87740445818218
"3499",4334,"Beijing","mpi-esm1-2-hr","ssp585",NA,0,-2.18782054356164
"3500",4335,"Beijing","mpi-esm1-2-hr","ssp585",NA,0.0552000029009443,-5.36450642177035
"3501",4336,"Beijing","mpi-esm1-2-hr","ssp585",NA,0.0154873575541257,-1.61952928815567
"3502",4337,"Beijing","mpi-esm1-2-hr","ssp585",NA,0.00389703982364154,1.60977815900532
"3503",4338,"Beijing","mpi-esm1-2-hr","ssp585",NA,0.0052987643877194,5.31503176007954
"3504",4339,"Beijing","mpi-esm1-2-hr","ssp585",NA,0.080430366948089,3.6769239153181
"3505",4340,"Beijing","mpi-esm1-2-hr","ssp585",NA,0.529705044521376,3.96224365234377
"3506",4341,"Beijing","mpi-esm1-2-hr","ssp585",NA,0,9.05914350237168
"3507",4342,"Beijing","mpi-esm1-2-hr","ssp585",NA,0.00666322660955691,6.44192003522603
"3508",4343,"Beijing","mpi-esm1-2-hr","ssp585",NA,0.527981828658345,10.4956952776228
"3509",4344,"Beijing","mpi-esm1-2-hr","ssp585",NA,0.714495433807575,11.882048361642
"3510",4345,"Beijing","mpi-esm1-2-hr","ssp585",NA,0.0593842900083733,12.0680524553572
"3511",4346,"Beijing","mpi-esm1-2-hr","ssp585",NA,0.990550557513157,13.0239076886859
"3512",4347,"Beijing","mpi-esm1-2-hr","ssp585",NA,0.330858695445256,14.1209334237235
"3513",4348,"Beijing","mpi-esm1-2-hr","ssp585",NA,0.24247195343118,17.1818797520229
"3514",4349,"Beijing","mpi-esm1-2-hr","ssp585",NA,0.171561465322156,21.8996978759766
"3515",4350,"Beijing","mpi-esm1-2-hr","ssp585",NA,0.219385254805664,19.1629833766393
"3516",4351,"Beijing","mpi-esm1-2-hr","ssp585",NA,0.0223066252536748,20.878993334089
"3517",4352,"Beijing","mpi-esm1-2-hr","ssp585",NA,0.380621593792187,23.6549310956683
"3518",4353,"Beijing","mpi-esm1-2-hr","ssp585",NA,0.00650584035741174,22.2474325997489
"3519",4354,"Beijing","mpi-esm1-2-hr","ssp585",NA,4.06036988778656,28.4866315569197
"3520",4355,"Beijing","mpi-esm1-2-hr","ssp585",NA,0.426336776789478,26.9281320844378
"3521",4356,"Beijing","mpi-esm1-2-hr","ssp585",NA,2.6965466690139,25.9629014151437
"3522",4357,"Beijing","mpi-esm1-2-hr","ssp585",NA,0.328978036499653,28.6381807599749
"3523",4358,"Beijing","mpi-esm1-2-hr","ssp585",NA,5.17032377101064,30.743314906529
"3524",4359,"Beijing","mpi-esm1-2-hr","ssp585",NA,12.1845360393828,25.4345151628767
"3525",4360,"Beijing","mpi-esm1-2-hr","ssp585",NA,30.1818506405393,27.6727468218123
"3526",4361,"Beijing","mpi-esm1-2-hr","ssp585",NA,38.4727700447132,25.6955516270229
"3527",4362,"Beijing","mpi-esm1-2-hr","ssp585",NA,6.50021144543383,27.6428946358817
"3528",4363,"Beijing","mpi-esm1-2-hr","ssp585",NA,2.58486970791897,27.9532382420131
"3529",4364,"Beijing","mpi-esm1-2-hr","ssp585",NA,8.40107781295955,27.4584605625698
"3530",4365,"Beijing","mpi-esm1-2-hr","ssp585",NA,3.56041860630804,26.9032853262765
"3531",4366,"Beijing","mpi-esm1-2-hr","ssp585",NA,7.87210347178059,25.5557800292969
"3532",4367,"Beijing","mpi-esm1-2-hr","ssp585",NA,0.616959012664405,25.7771703447615
"3533",4368,"Beijing","mpi-esm1-2-hr","ssp585",NA,3.54190897231612,25.4370077950614
"3534",4369,"Beijing","mpi-esm1-2-hr","ssp585",NA,0.534880567218871,23.5300695146834
"3535",4370,"Beijing","mpi-esm1-2-hr","ssp585",NA,0.676316881435924,21.9676152910505
"3536",4371,"Beijing","mpi-esm1-2-hr","ssp585",NA,0.193108276373875,20.1948709760394
"3537",4372,"Beijing","mpi-esm1-2-hr","ssp585",NA,0.00648661308072666,16.1528215680804
"3538",4373,"Beijing","mpi-esm1-2-hr","ssp585",NA,0.00359836962421209,17.810508619036
"3539",4374,"Beijing","mpi-esm1-2-hr","ssp585",NA,0.855044379334555,16.4628719874791
"3540",4375,"Beijing","mpi-esm1-2-hr","ssp585",NA,0.603894460359048,13.540473828997
"3541",4376,"Beijing","mpi-esm1-2-hr","ssp585",NA,0.00180752818518418,7.83937606811526
"3542",4377,"Beijing","mpi-esm1-2-hr","ssp585",NA,0,10.5439441135952
"3543",4378,"Beijing","mpi-esm1-2-hr","ssp585",NA,0.306219151733395,6.85930241176062
"3544",4379,"Beijing","mpi-esm1-2-hr","ssp585",NA,0.958808220509256,5.74325823102681
"3545",4380,"Beijing","mpi-esm1-2-hr","ssp585",NA,0.00406320742903128,1.10557054792134
"3546",4381,"Beijing","mpi-esm1-2-hr","ssp585",NA,0.00194307646909562,4.1730906895229
"3547",4382,"Beijing","mpi-esm1-2-hr","ssp585",NA,0.916501541418516,2.70217121669226
"3548",4383,"Beijing","mpi-esm1-2-hr","ssp585",NA,1.05292098489502,-2.80506417410712
"3549",4384,"Beijing","mpi-esm1-2-hr","ssp585",NA,0,-4.11762956891739
"3550",4385,"Beijing","mpi-esm1-2-hr","ssp585",NA,0.00773015594209676,-1.06328157697403
"3551",4386,"Beijing","mpi-esm1-2-hr","ssp585",NA,0,-0.597714669363817
"3552",4387,"Beijing","mpi-esm1-2-hr","ssp585",NA,0,1.30352390834266
"3553",4388,"Beijing","mpi-esm1-2-hr","ssp585",NA,0.00197416271216102,3.17383946010047
"3554",4389,"Beijing","mpi-esm1-2-hr","ssp585",NA,0.930824017840288,3.50681294032508
"3555",4390,"Beijing","mpi-esm1-2-hr","ssp585",NA,4.41813223007038,2.02440141950337
"3556",4391,"Beijing","mpi-esm1-2-hr","ssp585",NA,0.713530763459857,-2.68436987740651
"3557",4392,"Beijing","mpi-esm1-2-hr","ssp585",NA,0.176788360619997,2.11309422084266
"3558",4393,"Beijing","mpi-esm1-2-hr","ssp585",NA,1.70790025298889,4.36693562098914
"3559",4394,"Beijing","mpi-esm1-2-hr","ssp585",NA,0.0597808607900724,3.71183220999584
"3560",4395,"Beijing","mpi-esm1-2-hr","ssp585",NA,0.00395599209436374,8.10823702131
"3561",4396,"Beijing","mpi-esm1-2-hr","ssp585",NA,0.0021301429374684,10.0592323303223
"3562",4397,"Beijing","mpi-esm1-2-hr","ssp585",NA,0.114444211697316,13.0539500645229
"3563",4398,"Beijing","mpi-esm1-2-hr","ssp585",NA,0.108719083527831,9.60645337785997
"3564",4399,"Beijing","mpi-esm1-2-hr","ssp585",NA,0.101242467410754,18.5887864249093
"3565",4400,"Beijing","mpi-esm1-2-hr","ssp585",NA,0.208745474011656,16.0878698076521
"3566",4401,"Beijing","mpi-esm1-2-hr","ssp585",NA,1.19148676955904,14.7608374459403
"3567",4402,"Beijing","mpi-esm1-2-hr","ssp585",NA,0.0271194544179058,17.525284249442
"3568",4403,"Beijing","mpi-esm1-2-hr","ssp585",NA,2.46069633460268,18.7523105076381
"3569",4404,"Beijing","mpi-esm1-2-hr","ssp585",NA,0.826031124461224,20.2697785513742
"3570",4405,"Beijing","mpi-esm1-2-hr","ssp585",NA,0.96251909824007,21.9263800484794
"3571",4406,"Beijing","mpi-esm1-2-hr","ssp585",NA,1.52661518929043,22.8468817574638
"3572",4407,"Beijing","mpi-esm1-2-hr","ssp585",NA,0.0327249527864686,26.823634992327
"3573",4408,"Beijing","mpi-esm1-2-hr","ssp585",NA,1.42780788020381,27.9503336225237
"3574",4409,"Beijing","mpi-esm1-2-hr","ssp585",NA,2.03905116294274,28.6403900146484
"3575",4410,"Beijing","mpi-esm1-2-hr","ssp585",NA,2.00789305640033,28.8880325317383
"3576",4411,"Beijing","mpi-esm1-2-hr","ssp585",NA,7.92983308833105,30.2837686811175
"3577",4412,"Beijing","mpi-esm1-2-hr","ssp585",NA,4.28280107802753,28.3487542288644
"3578",4413,"Beijing","mpi-esm1-2-hr","ssp585",NA,1.20544605255028,28.6528477260045
"3579",4414,"Beijing","mpi-esm1-2-hr","ssp585",NA,3.54124932612519,27.5600143432617
"3580",4415,"Beijing","mpi-esm1-2-hr","ssp585",NA,3.24807871647863,29.5176243373326
"3581",4416,"Beijing","mpi-esm1-2-hr","ssp585",NA,10.1886993340616,26.4418955121722
"3582",4417,"Beijing","mpi-esm1-2-hr","ssp585",NA,34.1733813755907,25.2550276620048
"3583",4418,"Beijing","mpi-esm1-2-hr","ssp585",NA,6.0966217125107,26.9623935154506
"3584",4419,"Beijing","mpi-esm1-2-hr","ssp585",NA,2.74024661300375,25.7759392874582
"3585",4420,"Beijing","mpi-esm1-2-hr","ssp585",NA,0.0190634950805751,26.2994301932199
"3586",4421,"Beijing","mpi-esm1-2-hr","ssp585",NA,7.97912367023465,24.4752790178572
"3587",4422,"Beijing","mpi-esm1-2-hr","ssp585",NA,0.304787503669754,18.3986461094448
"3588",4423,"Beijing","mpi-esm1-2-hr","ssp585",NA,0,21.5663194928851
"3589",4424,"Beijing","mpi-esm1-2-hr","ssp585",NA,3.78947562172211,15.6944600786482
"3590",4425,"Beijing","mpi-esm1-2-hr","ssp585",NA,0.540799007941522,15.487075151716
"3591",4426,"Beijing","mpi-esm1-2-hr","ssp585",NA,2.70731160075489,13.0276629856655
"3592",4427,"Beijing","mpi-esm1-2-hr","ssp585",NA,0,11.6216086251395
"3593",4428,"Beijing","mpi-esm1-2-hr","ssp585",NA,0.231461431108723,13.4558213370187
"3594",4429,"Beijing","mpi-esm1-2-hr","ssp585",NA,0.0439251591095464,8.46335045950756
"3595",4430,"Beijing","mpi-esm1-2-hr","ssp585",NA,0.282451674768578,3.595172228132
"3596",4431,"Beijing","mpi-esm1-2-hr","ssp585",NA,0.0558692732543672,3.12696827479773
"3597",4432,"Beijing","mpi-esm1-2-hr","ssp585",NA,0.627265646309232,0.449090031215146
"3598",4433,"Beijing","mpi-esm1-2-hr","ssp585",NA,0,0.0885907854352904
"3599",4434,"Beijing","mpi-esm1-2-hr","ssp585",NA,0.47420576172174,2.3886178152902
"3600",4435,"Beijing","mpi-esm1-2-hr","ssp585",NA,0.0529269789759772,1.85084686279299
"3601",4436,"Beijing","mpi-esm1-2-hr","ssp585",NA,1.41589846015709,-0.0975430079868645
"3602",4437,"Beijing","mpi-esm1-2-hr","ssp585",NA,0.00860291307357589,-3.52429591587609
"3603",4438,"Beijing","mpi-esm1-2-hr","ssp585",NA,0.00379381068731684,-3.10592498779295
"3604",4439,"Beijing","mpi-esm1-2-hr","ssp585",NA,0.0406605891320005,-3.83260356358117
"3605",4440,"Beijing","mpi-esm1-2-hr","ssp585",NA,0.0186415910840359,-1.72616751534596
"3606",4441,"Beijing","mpi-esm1-2-hr","ssp585",NA,0.039546494053866,-0.771620723179387
"3607",4442,"Beijing","mpi-esm1-2-hr","ssp585",NA,0,0.90885369437084
"3608",4443,"Beijing","mpi-esm1-2-hr","ssp585",NA,0,1.86509421212335
"3609",4444,"Beijing","mpi-esm1-2-hr","ssp585",NA,0.0107699343971035,6.1701119559152
"3610",4445,"Beijing","mpi-esm1-2-hr","ssp585",NA,0.15890405232832,2.6252756391253
"3611",4446,"Beijing","mpi-esm1-2-hr","ssp585",NA,1.32174032930509,2.64128428867887
"3612",4447,"Beijing","mpi-esm1-2-hr","ssp585",NA,0.0169310091158487,1.08571886335103
"3613",4448,"Beijing","mpi-esm1-2-hr","ssp585",NA,0.233812811737672,5.63134373256141
"3614",4449,"Beijing","mpi-esm1-2-hr","ssp585",NA,0.0022315345566832,9.36737921578545
"3615",4450,"Beijing","mpi-esm1-2-hr","ssp585",NA,0.409688533597676,12.1484924316406
"3616",4451,"Beijing","mpi-esm1-2-hr","ssp585",NA,5.07575343820333,15.0223856244769
"3617",4452,"Beijing","mpi-esm1-2-hr","ssp585",NA,0.157526494201323,15.3804129464286
"3618",4453,"Beijing","mpi-esm1-2-hr","ssp585",NA,0.591905689075896,17.105718776158
"3619",4454,"Beijing","mpi-esm1-2-hr","ssp585",NA,2.77507803797822,20.0011344909668
"3620",4455,"Beijing","mpi-esm1-2-hr","ssp585",NA,0.15449383638822,19.5239736284529
"3621",4456,"Beijing","mpi-esm1-2-hr","ssp585",NA,0.0740245677856625,20.5158761160714
"3622",4457,"Beijing","mpi-esm1-2-hr","ssp585",NA,0,23.1363257271903
"3623",4458,"Beijing","mpi-esm1-2-hr","ssp585",NA,0.0332438089636915,22.7194392613002
"3624",4459,"Beijing","mpi-esm1-2-hr","ssp585",NA,0.252173881173284,27.8906058175223
"3625",4460,"Beijing","mpi-esm1-2-hr","ssp585",NA,1.45631443026235,25.9286628723145
"3626",4461,"Beijing","mpi-esm1-2-hr","ssp585",NA,5.03740890432839,25.6878731863839
"3627",4462,"Beijing","mpi-esm1-2-hr","ssp585",NA,8.39827046393112,25.8482768467494
"3628",4463,"Beijing","mpi-esm1-2-hr","ssp585",NA,0.021767305562597,28.1807609558106
"3629",4464,"Beijing","mpi-esm1-2-hr","ssp585",NA,4.49566084914425,28.0364220755441
"3630",4465,"Beijing","mpi-esm1-2-hr","ssp585",NA,1.03227096849098,30.2742085048131
"3631",4466,"Beijing","mpi-esm1-2-hr","ssp585",NA,3.91592736102341,28.411699458531
"3632",4467,"Beijing","mpi-esm1-2-hr","ssp585",NA,0.438654794444508,30.3873371669225
"3633",4468,"Beijing","mpi-esm1-2-hr","ssp585",NA,1.04853140085522,29.9702408926828
"3634",4469,"Beijing","mpi-esm1-2-hr","ssp585",NA,3.81155671683311,28.020335497175
"3635",4470,"Beijing","mpi-esm1-2-hr","ssp585",NA,0.827999512921451,27.7709164210728
"3636",4471,"Beijing","mpi-esm1-2-hr","ssp585",NA,1.27264048662385,27.0062461853028
"3637",4472,"Beijing","mpi-esm1-2-hr","ssp585",NA,6.2357431077284,23.3873219081334
"3638",4473,"Beijing","mpi-esm1-2-hr","ssp585",NA,2.68737402793704,25.3137663705009
"3639",4474,"Beijing","mpi-esm1-2-hr","ssp585",NA,0.0877200002638087,23.3998144967216
"3640",4475,"Beijing","mpi-esm1-2-hr","ssp585",NA,0.810758860773474,22.0117453438895
"3641",4476,"Beijing","mpi-esm1-2-hr","ssp585",NA,0.00952465101623342,17.3016236441476
"3642",4477,"Beijing","mpi-esm1-2-hr","ssp585",NA,7.56283094298331,14.7310413905553
"3643",4478,"Beijing","mpi-esm1-2-hr","ssp585",NA,0,12.6461747305734
"3644",4479,"Beijing","mpi-esm1-2-hr","ssp585",NA,0.00268359639059261,15.4089485168457
"3645",4480,"Beijing","mpi-esm1-2-hr","ssp585",NA,0.00883688569177009,12.0535620553153
"3646",4481,"Beijing","mpi-esm1-2-hr","ssp585",NA,0.0345596643325864,11.7011461530413
"3647",4482,"Beijing","mpi-esm1-2-hr","ssp585",NA,1.25465751053915,6.30418276105611
"3648",4483,"Beijing","mpi-esm1-2-hr","ssp585",NA,0,4.50793827601844
"3649",4484,"Beijing","mpi-esm1-2-hr","ssp585",NA,0.014274006733623,1.88269413539344
"3650",4485,"Beijing","mpi-esm1-2-hr","ssp585",NA,0.00313909313263139,3.35054986136302
"3651",4486,"Beijing","mpi-esm1-2-hr","ssp585",NA,0.0383724814647784,6.92737622942246
"3652",4487,"Beijing","mpi-esm1-2-hr","ssp585",NA,0.00247998156867523,5.34256297520231
"3653",4488,"Beijing","mpi-esm1-2-hr","ssp585",NA,1.12790928409855,-1.06432080950053
"3654",4489,"Beijing","mpi-esm1-2-hr","ssp585",NA,0,-5.70867167881555
"3655",4490,"Beijing","mpi-esm1-2-hr","ssp585",NA,0.00610038648898939,-0.546528516496908
"3656",4491,"Beijing","mpi-esm1-2-hr","ssp585",NA,0,-1.06143580845422
"3657",4492,"Beijing","mpi-esm1-2-hr","ssp585",NA,0,1.78508529663088
"3658",4493,"Beijing","mpi-esm1-2-hr","ssp585",NA,0.0111604616839551,2.05822361537391
"3659",4494,"Beijing","mpi-esm1-2-hr","ssp585",NA,0.701995070994599,2.75653664725169
"3660",4495,"Beijing","mpi-esm1-2-hr","ssp585",NA,0.994143882209236,3.99024734497072
"3661",4496,"Beijing","mpi-esm1-2-hr","ssp585",NA,1.46018029877269,0.214888872419108
"3662",4497,"Beijing","mpi-esm1-2-hr","ssp585",NA,0.145109084165337,-0.618580518450033
"3663",4498,"Beijing","mpi-esm1-2-hr","ssp585",NA,0.0104863021598638,2.90571419852123
"3664",4499,"Beijing","mpi-esm1-2-hr","ssp585",NA,0.794262864188307,7.75879712785996
"3665",4500,"Beijing","mpi-esm1-2-hr","ssp585",NA,0.117171591019931,12.6924115862166
"3666",4501,"Beijing","mpi-esm1-2-hr","ssp585",NA,0.603877504896186,9.80380292619981
"3667",4502,"Beijing","mpi-esm1-2-hr","ssp585",NA,0.186250183495369,12.6916966029576
"3668",4503,"Beijing","mpi-esm1-2-hr","ssp585",NA,1.14665098864342,13.5301981244769
"3669",4504,"Beijing","mpi-esm1-2-hr","ssp585",NA,0.0102276525077676,21.1682809012277
"3670",4505,"Beijing","mpi-esm1-2-hr","ssp585",NA,0.727031674510467,13.9180264064244
"3671",4506,"Beijing","mpi-esm1-2-hr","ssp585",NA,0.369165043308125,17.9592551095145
"3672",4507,"Beijing","mpi-esm1-2-hr","ssp585",NA,0.348179795621815,19.3640647888184
"3673",4508,"Beijing","mpi-esm1-2-hr","ssp585",NA,0.0152208407468736,24.9053147452218
"3674",4509,"Beijing","mpi-esm1-2-hr","ssp585",NA,1.45054557756989,23.9070907592773
"3675",4510,"Beijing","mpi-esm1-2-hr","ssp585",NA,0.626318674955785,26.5447926112584
"3676",4511,"Beijing","mpi-esm1-2-hr","ssp585",NA,1.49946843451809,28.3996439252581
"3677",4512,"Beijing","mpi-esm1-2-hr","ssp585",NA,1.38700469090379,30.4276803152902
"3678",4513,"Beijing","mpi-esm1-2-hr","ssp585",NA,4.59036907413974,27.2697333199637
"3679",4514,"Beijing","mpi-esm1-2-hr","ssp585",NA,1.02341496655234,30.6310434613909
"3680",4515,"Beijing","mpi-esm1-2-hr","ssp585",NA,13.3088508223604,25.9394312177386
"3681",4516,"Beijing","mpi-esm1-2-hr","ssp585",NA,1.11730188542164,29.3636473519462
"3682",4517,"Beijing","mpi-esm1-2-hr","ssp585",NA,4.03029092473324,28.3616250174386
"3683",4518,"Beijing","mpi-esm1-2-hr","ssp585",NA,8.24986267224241,25.8082290649414
"3684",4519,"Beijing","mpi-esm1-2-hr","ssp585",NA,7.69627970082313,25.1128696986607
"3685",4520,"Beijing","mpi-esm1-2-hr","ssp585",NA,10.5444483762377,26.3871611458915
"3686",4521,"Beijing","mpi-esm1-2-hr","ssp585",NA,2.09267759396425,27.3308687482562
"3687",4522,"Beijing","mpi-esm1-2-hr","ssp585",NA,1.32257709085154,27.4656256539481
"3688",4523,"Beijing","mpi-esm1-2-hr","ssp585",NA,1.77530922227171,24.8147211347308
"3689",4524,"Beijing","mpi-esm1-2-hr","ssp585",NA,0.0825395952363448,25.3457013811384
"3690",4525,"Beijing","mpi-esm1-2-hr","ssp585",NA,0.0379634655213781,25.1749397277832
"3691",4526,"Beijing","mpi-esm1-2-hr","ssp585",NA,0.107043608555354,26.0196521214076
"3692",4527,"Beijing","mpi-esm1-2-hr","ssp585",NA,3.20870177214212,20.3561334882464
"3693",4528,"Beijing","mpi-esm1-2-hr","ssp585",NA,0.38862945231293,20.6474760872977
"3694",4529,"Beijing","mpi-esm1-2-hr","ssp585",NA,0.0471168756381043,19.8413488115583
"3695",4530,"Beijing","mpi-esm1-2-hr","ssp585",NA,0.4259431175147,14.4132122584752
"3696",4531,"Beijing","mpi-esm1-2-hr","ssp585",NA,0.291577334974136,10.7688150678362
"3697",4532,"Beijing","mpi-esm1-2-hr","ssp585",NA,0,13.1550090244838
"3698",4533,"Beijing","mpi-esm1-2-hr","ssp585",NA,0.00556666494568553,12.0559642246792
"3699",4534,"Beijing","mpi-esm1-2-hr","ssp585",NA,0.029984117281856,7.03135888235912
"3700",4535,"Beijing","mpi-esm1-2-hr","ssp585",NA,0.0233793204188259,4.78144880022324
"3701",4536,"Beijing","mpi-esm1-2-hr","ssp585",NA,0.0020470258082891,5.9160836356027
"3702",4537,"Beijing","mpi-esm1-2-hr","ssp585",NA,0.0255783581451396,5.11266860961917
"3703",4538,"Beijing","mpi-esm1-2-hr","ssp585",NA,0.111460050408953,-1.16432636805941
"3704",4539,"Beijing","mpi-esm1-2-hr","ssp585",NA,0.00587560619221351,2.16449236188618
"3705",4540,"Beijing","mpi-esm1-2-hr","ssp585",NA,0.00249803663012114,-0.698177991594564
"3706",4541,"Beijing","mpi-esm1-2-hr","ssp585",NA,0.011807521864934,0.804574040004207
"3707",4542,"Beijing","mpi-esm1-2-hr","ssp585",NA,0.44891482433351,-1.01893245152062
"3708",4543,"Beijing","mpi-esm1-2-hr","ssp585",NA,0,-2.88473194667269
"3709",4544,"Beijing","mpi-esm1-2-hr","ssp585",NA,0,1.46268888201035
"3710",4545,"Beijing","mpi-esm1-2-hr","ssp585",NA,0.202885228346921,-0.109777832031228
"3711",4546,"Beijing","mpi-esm1-2-hr","ssp585",NA,0.00266006684017026,-0.981294468470961
"3712",4547,"Beijing","mpi-esm1-2-hr","ssp585",NA,1.92138749568065,-0.404066467285136
"3713",4548,"Beijing","mpi-esm1-2-hr","ssp585",NA,0.733399074897533,-1.49935488019669
"3714",4549,"Beijing","mpi-esm1-2-hr","ssp585",NA,0.394552168823533,2.84609592982703
"3715",4550,"Beijing","mpi-esm1-2-hr","ssp585",NA,0.023964140759095,5.54845962524416
"3716",4551,"Beijing","mpi-esm1-2-hr","ssp585",NA,0.833463940456827,3.55513916015627
"3717",4552,"Beijing","mpi-esm1-2-hr","ssp585",NA,0.00257682324575269,5.95438483101983
"3718",4553,"Beijing","mpi-esm1-2-hr","ssp585",NA,0,14.7237231663296
"3719",4554,"Beijing","mpi-esm1-2-hr","ssp585",NA,0.560744694705915,14.9709956577846
"3720",4555,"Beijing","mpi-esm1-2-hr","ssp585",NA,0.424763010388623,13.5677870614188
"3721",4556,"Beijing","mpi-esm1-2-hr","ssp585",NA,0.751755207102178,16.3289712088449
"3722",4557,"Beijing","mpi-esm1-2-hr","ssp585",NA,0.00973267458123571,16.081319972447
"3723",4558,"Beijing","mpi-esm1-2-hr","ssp585",NA,4.87988066276687,21.3155478341239
"3724",4559,"Beijing","mpi-esm1-2-hr","ssp585",NA,3.91231041960185,18.5841139657157
"3725",4560,"Beijing","mpi-esm1-2-hr","ssp585",NA,0.0537014112264192,20.3924074445452
"3726",4561,"Beijing","mpi-esm1-2-hr","ssp585",NA,5.0027910112606,20.8726451328823
"3727",4562,"Beijing","mpi-esm1-2-hr","ssp585",NA,1.46366839930384,22.3542904445104
"3728",4563,"Beijing","mpi-esm1-2-hr","ssp585",NA,0.375255702848725,23.5958436148507
"3729",4564,"Beijing","mpi-esm1-2-hr","ssp585",NA,1.61444121355479,24.7150125776019
"3730",4565,"Beijing","mpi-esm1-2-hr","ssp585",NA,16.4217578575322,22.4733972821917
"3731",4566,"Beijing","mpi-esm1-2-hr","ssp585",NA,5.16303949027913,25.9378693716867
"3732",4567,"Beijing","mpi-esm1-2-hr","ssp585",NA,5.39060093339816,26.3429962158204
"3733",4568,"Beijing","mpi-esm1-2-hr","ssp585",NA,5.20295241815023,26.1590526035854
"3734",4569,"Beijing","mpi-esm1-2-hr","ssp585",NA,8.79247976988283,27.4980298723494
"3735",4570,"Beijing","mpi-esm1-2-hr","ssp585",NA,12.9475189027809,27.2545568193709
"3736",4571,"Beijing","mpi-esm1-2-hr","ssp585",NA,4.31048261798423,28.4351336887905
"3737",4572,"Beijing","mpi-esm1-2-hr","ssp585",NA,6.86520127134956,26.6881407601493
"3738",4573,"Beijing","mpi-esm1-2-hr","ssp585",NA,9.08252994326437,27.3857311793736
"3739",4574,"Beijing","mpi-esm1-2-hr","ssp585",NA,0.70216604006938,27.1588711329869
"3740",4575,"Beijing","mpi-esm1-2-hr","ssp585",NA,0.485887854275851,28.5888959612165
"3741",4576,"Beijing","mpi-esm1-2-hr","ssp585",NA,5.05230277963814,26.6460177830287
"3742",4577,"Beijing","mpi-esm1-2-hr","ssp585",NA,6.01824568688503,18.8255336216518
"3743",4578,"Beijing","mpi-esm1-2-hr","ssp585",NA,0.304605427228515,21.0889635358538
"3744",4579,"Beijing","mpi-esm1-2-hr","ssp585",NA,0.628137962654104,20.7684652056013
"3745",4580,"Beijing","mpi-esm1-2-hr","ssp585",NA,0.619511791904058,20.6395589556013
"3746",4581,"Beijing","mpi-esm1-2-hr","ssp585",NA,2.69254616483912,17.3703247070313
"3747",4582,"Beijing","mpi-esm1-2-hr","ssp585",NA,0.00196498810640021,16.2706074305943
"3748",4583,"Beijing","mpi-esm1-2-hr","ssp585",NA,0.00444928019273253,15.0741325378418
"3749",4584,"Beijing","mpi-esm1-2-hr","ssp585",NA,0.00198420591134761,14.087355368478
"3750",4585,"Beijing","mpi-esm1-2-hr","ssp585",NA,0.0152368520178113,14.7503050667899
"3751",4586,"Beijing","mpi-esm1-2-hr","ssp585",NA,0.0929310768827106,7.21109161376955
"3752",4587,"Beijing","mpi-esm1-2-hr","ssp585",NA,0.198658625198992,8.78471908569338
"3753",4588,"Beijing","mpi-esm1-2-hr","ssp585",NA,0.105781087839724,1.94996523175923
"3754",4589,"Beijing","mpi-esm1-2-hr","ssp585",NA,0.0170526749895674,0.597925349644276
"3755",4590,"Beijing","mpi-esm1-2-hr","ssp585",NA,0.428552356204039,1.59502944946291
"3756",4591,"Beijing","mpi-esm1-2-hr","ssp585",NA,0.00767269336522856,1.3092960902623
"3757",4592,"Beijing","mpi-esm1-2-hr","ssp585",NA,0.0465186959380454,2.33075212751118
"3758",4593,"Beijing","mpi-esm1-2-hr","ssp585",NA,0.0554294560970448,2.67108034406392
"3759",4594,"Beijing","mpi-esm1-2-hr","ssp585",NA,0.178010454380585,1.51574478149416
"3760",4595,"Beijing","mpi-esm1-2-hr","ssp585",NA,0,-0.941168212890603
"3761",4596,"Beijing","mpi-esm1-2-hr","ssp585",NA,0.254508026747706,-4.52455095563614
"3762",4597,"Beijing","mpi-esm1-2-hr","ssp585",NA,0.503859307816258,-5.82959267752509
"3763",4598,"Beijing","mpi-esm1-2-hr","ssp585",NA,0.383036729564472,-2.44344286237442
"3764",4599,"Beijing","mpi-esm1-2-hr","ssp585",NA,0.0765672678686055,2.13658839634489
"3765",4600,"Beijing","mpi-esm1-2-hr","ssp585",NA,2.27043561302968,2.86106044224333
"3766",4601,"Beijing","mpi-esm1-2-hr","ssp585",NA,0.0025479863649837,4.28692943028044
"3767",4602,"Beijing","mpi-esm1-2-hr","ssp585",NA,0.149721751833048,5.30523343767441
"3768",4603,"Beijing","mpi-esm1-2-hr","ssp585",NA,0.105611182230599,6.8775333949498
"3769",4604,"Beijing","mpi-esm1-2-hr","ssp585",NA,0.0836515398792211,10.8435575212751
"3770",4605,"Beijing","mpi-esm1-2-hr","ssp585",NA,1.30635915905129,8.38865814208986
"3771",4606,"Beijing","mpi-esm1-2-hr","ssp585",NA,0.435424678438981,7.95017122541157
"3772",4607,"Beijing","mpi-esm1-2-hr","ssp585",NA,0.0959848279048206,11.6400488717216
"3773",4608,"Beijing","mpi-esm1-2-hr","ssp585",NA,1.64057024782908,13.2644897460938
"3774",4609,"Beijing","mpi-esm1-2-hr","ssp585",NA,5.97679607744794,17.4285811288016
"3775",4610,"Beijing","mpi-esm1-2-hr","ssp585",NA,4.1439322772151,15.0304411751884
"3776",4611,"Beijing","mpi-esm1-2-hr","ssp585",NA,0.487213674088187,20.7697442190988
"3777",4612,"Beijing","mpi-esm1-2-hr","ssp585",NA,3.68481815998426,16.3511231558664
"3778",4613,"Beijing","mpi-esm1-2-hr","ssp585",NA,3.14068910797687,21.9506655011859
"3779",4614,"Beijing","mpi-esm1-2-hr","ssp585",NA,2.24856132138354,21.3457575116839
"3780",4615,"Beijing","mpi-esm1-2-hr","ssp585",NA,1.80084261404383,22.5529081072126
"3781",4616,"Beijing","mpi-esm1-2-hr","ssp585",NA,0.292577395417279,24.2066731044224
"3782",4617,"Beijing","mpi-esm1-2-hr","ssp585",NA,2.39314358206164,26.3216355460031
"3783",4618,"Beijing","mpi-esm1-2-hr","ssp585",NA,0.784580514177183,27.5814921787807
"3784",4619,"Beijing","mpi-esm1-2-hr","ssp585",NA,16.8597642892564,27.2518091474261
"3785",4620,"Beijing","mpi-esm1-2-hr","ssp585",NA,3.60270864425729,26.7866406032018
"3786",4621,"Beijing","mpi-esm1-2-hr","ssp585",NA,2.38189005862556,27.0074434552874
"3787",4622,"Beijing","mpi-esm1-2-hr","ssp585",NA,6.94717545541477,28.6545583452497
"3788",4623,"Beijing","mpi-esm1-2-hr","ssp585",NA,1.3626610204223,29.8906287057059
"3789",4624,"Beijing","mpi-esm1-2-hr","ssp585",NA,2.42549720712435,30.3654854910714
"3790",4625,"Beijing","mpi-esm1-2-hr","ssp585",NA,3.40727563265578,28.8391548156739
"3791",4626,"Beijing","mpi-esm1-2-hr","ssp585",NA,0.697525973295603,29.0066004071917
"3792",4627,"Beijing","mpi-esm1-2-hr","ssp585",NA,18.2787067120963,25.5388880048479
"3793",4628,"Beijing","mpi-esm1-2-hr","ssp585",NA,1.23347393518998,23.0332340785436
"3794",4629,"Beijing","mpi-esm1-2-hr","ssp585",NA,6.92586825968127,21.7240065438407
"3795",4630,"Beijing","mpi-esm1-2-hr","ssp585",NA,1.95657050173525,20.6855930873326
"3796",4631,"Beijing","mpi-esm1-2-hr","ssp585",NA,0.0112371206666597,20.5263414655413
"3797",4632,"Beijing","mpi-esm1-2-hr","ssp585",NA,1.85118979091255,21.7998056684222
"3798",4633,"Beijing","mpi-esm1-2-hr","ssp585",NA,3.41045616604398,14.3848930358887
"3799",4634,"Beijing","mpi-esm1-2-hr","ssp585",NA,0.00206593139669816,16.0657554626465
"3800",4635,"Beijing","mpi-esm1-2-hr","ssp585",NA,0.775706446302138,16.2002148219518
"3801",4636,"Beijing","mpi-esm1-2-hr","ssp585",NA,0.62379287841655,12.2786575317383
"3802",4637,"Beijing","mpi-esm1-2-hr","ssp585",NA,0.013401301345896,13.8303494044713
"3803",4638,"Beijing","mpi-esm1-2-hr","ssp585",NA,0.359619373628968,8.32606386457173
"3804",4639,"Beijing","mpi-esm1-2-hr","ssp585",NA,0.00251250330620679,6.21571230207173
"3805",4640,"Beijing","mpi-esm1-2-hr","ssp585",NA,0.619675609992295,5.66904384068083
"3806",4641,"Beijing","mpi-esm1-2-hr","ssp585",NA,2.07479287680923,5.52708860124863
"3807",4642,"Beijing","mpi-esm1-2-hr","ssp585",NA,0.0659427269251215,1.98790675571989
"3808",4643,"Beijing","mpi-esm1-2-hr","ssp585",NA,0.198832946918109,-0.927010236467611
"3809",4644,"Beijing","mpi-esm1-2-hr","ssp585",NA,0.484535682335263,0.766908809116932
"3810",4645,"Beijing","mpi-esm1-2-hr","ssp585",NA,0.106985685195988,0.122907257080102
"3811",4646,"Beijing","mpi-esm1-2-hr","ssp585",NA,0.011182817966723,-1.47612064906527
"3812",4647,"Beijing","mpi-esm1-2-hr","ssp585",NA,0.00182421265110731,-3.33597521100723
"3813",4648,"Beijing","mpi-esm1-2-hr","ssp585",NA,0.00245802380050009,-2.31383743286131
"3814",4649,"Beijing","mpi-esm1-2-hr","ssp585",NA,0.034756627889822,-0.94887771606443
"3815",4650,"Beijing","mpi-esm1-2-hr","ssp585",NA,0.0628922282170866,-2.71238228934149
"3816",4651,"Beijing","mpi-esm1-2-hr","ssp585",NA,0.601131342240739,-0.878739057268391
"3817",4652,"Beijing","mpi-esm1-2-hr","ssp585",NA,0.00215858691652621,3.38798730032787
"3818",4653,"Beijing","mpi-esm1-2-hr","ssp585",NA,0.0156278714842171,6.18390426635745
"3819",4654,"Beijing","mpi-esm1-2-hr","ssp585",NA,0.520434589861907,8.08011452811107
"3820",4655,"Beijing","mpi-esm1-2-hr","ssp585",NA,0.0497148161230143,5.0733706883022
"3821",4656,"Beijing","mpi-esm1-2-hr","ssp585",NA,0.59512557700795,2.87765001569478
"3822",4657,"Beijing","mpi-esm1-2-hr","ssp585",NA,0.182993543642494,10.5770856584822
"3823",4658,"Beijing","mpi-esm1-2-hr","ssp585",NA,0.129013965722282,11.9912249973842
"3824",4659,"Beijing","mpi-esm1-2-hr","ssp585",NA,0.179353518719186,9.8427193777902
"3825",4660,"Beijing","mpi-esm1-2-hr","ssp585",NA,2.39998308419932,13.9827814374651
"3826",4661,"Beijing","mpi-esm1-2-hr","ssp585",NA,0.244238725430738,18.7030742100307
"3827",4662,"Beijing","mpi-esm1-2-hr","ssp585",NA,0.563106734021598,19.7037592206683
"3828",4663,"Beijing","mpi-esm1-2-hr","ssp585",NA,3.32093528868427,19.2133411952428
"3829",4664,"Beijing","mpi-esm1-2-hr","ssp585",NA,0.0936674592334644,21.6264009748187
"3830",4665,"Beijing","mpi-esm1-2-hr","ssp585",NA,5.71333174148094,24.9253707885742
"3831",4666,"Beijing","mpi-esm1-2-hr","ssp585",NA,0.703699925192528,24.2150850568499
"3832",4667,"Beijing","mpi-esm1-2-hr","ssp585",NA,5.3874803724219,22.9845928737096
"3833",4668,"Beijing","mpi-esm1-2-hr","ssp585",NA,4.51250747332129,27.6811952863421
"3834",4669,"Beijing","mpi-esm1-2-hr","ssp585",NA,1.34359176389418,27.8310949053083
"3835",4670,"Beijing","mpi-esm1-2-hr","ssp585",NA,4.99785684896129,27.7460037231445
"3836",4671,"Beijing","mpi-esm1-2-hr","ssp585",NA,4.7412580222434,27.3519809177944
"3837",4672,"Beijing","mpi-esm1-2-hr","ssp585",NA,5.36264832037757,28.2407012939453
"3838",4673,"Beijing","mpi-esm1-2-hr","ssp585",NA,11.4924012504291,27.8292573111398
"3839",4674,"Beijing","mpi-esm1-2-hr","ssp585",NA,5.87537588585942,25.8366027832031
"3840",4675,"Beijing","mpi-esm1-2-hr","ssp585",NA,46.0381647885307,26.1200342450823
"3841",4676,"Beijing","mpi-esm1-2-hr","ssp585",NA,0.988101099320764,29.368488747733
"3842",4677,"Beijing","mpi-esm1-2-hr","ssp585",NA,1.36284683100842,28.4830092293876
"3843",4678,"Beijing","mpi-esm1-2-hr","ssp585",NA,4.26511759758666,27.3295788356236
"3844",4679,"Beijing","mpi-esm1-2-hr","ssp585",NA,7.40147596960534,25.9019256591797
"3845",4680,"Beijing","mpi-esm1-2-hr","ssp585",NA,2.23331428672152,24.7560222080776
"3846",4681,"Beijing","mpi-esm1-2-hr","ssp585",NA,4.92211750884053,24.9350328717913
"3847",4682,"Beijing","mpi-esm1-2-hr","ssp585",NA,0.318418642694139,23.2862787519183
"3848",4683,"Beijing","mpi-esm1-2-hr","ssp585",NA,0.677373145065628,23.1949009486607
"3849",4684,"Beijing","mpi-esm1-2-hr","ssp585",NA,0.73893797063777,22.9601608276367
"3850",4685,"Beijing","mpi-esm1-2-hr","ssp585",NA,0.0138415403463504,18.9891857692174
"3851",4686,"Beijing","mpi-esm1-2-hr","ssp585",NA,1.06734756150217,19.1729887826102
"3852",4687,"Beijing","mpi-esm1-2-hr","ssp585",NA,0.588811563719511,17.1548689705985
"3853",4688,"Beijing","mpi-esm1-2-hr","ssp585",NA,5.45286876467149,11.5981651306153
"3854",4689,"Beijing","mpi-esm1-2-hr","ssp585",NA,0.262821212696248,8.43200454711916
"3855",4690,"Beijing","mpi-esm1-2-hr","ssp585",NA,1.05660205278712,7.62914701189315
"3856",4691,"Beijing","mpi-esm1-2-hr","ssp585",NA,0.00569686625827411,7.99208330426899
"3857",4692,"Beijing","mpi-esm1-2-hr","ssp585",NA,0,5.46719839913507
"3858",4693,"Beijing","mpi-esm1-2-hr","ssp585",NA,0.0018507165025637,3.00046201433457
"3859",4694,"Beijing","mpi-esm1-2-hr","ssp585",NA,0.00267695529925861,5.03198340279718
"3860",4695,"Beijing","mpi-esm1-2-hr","ssp585",NA,0.0753084693704815,4.86964024135047
"3861",4696,"Beijing","mpi-esm1-2-hr","ssp585",NA,0.329882331184958,0.116518729073683
"3862",4697,"Beijing","mpi-esm1-2-hr","ssp585",NA,0.0085873664439922,1.06207155500142
"3863",4698,"Beijing","mpi-esm1-2-hr","ssp585",NA,0.307223001924025,1.65860900878908
"3864",4699,"Beijing","mpi-esm1-2-hr","ssp585",NA,0.250008845406618,-1.82559106009345
"3865",4700,"Beijing","mpi-esm1-2-hr","ssp585",NA,0.0409236608577755,-2.82612620762414
"3866",4701,"Beijing","mpi-esm1-2-hr","ssp585",NA,0.0072322191499552,-3.16973015921454
"3867",4702,"Beijing","mpi-esm1-2-hr","ssp585",NA,0,1.58726545061386
"3868",4703,"Beijing","mpi-esm1-2-hr","ssp585",NA,0,6.11556450980053
"3869",4704,"Beijing","mpi-esm1-2-hr","ssp585",NA,0,4.45526057652067
"3870",4705,"Beijing","mpi-esm1-2-hr","ssp585",NA,0.243206082034573,7.1307437351772
"3871",4706,"Beijing","mpi-esm1-2-hr","ssp585",NA,0.080444780477202,7.32018378121515
"3872",4707,"Beijing","mpi-esm1-2-hr","ssp585",NA,0,9.758198765346
"3873",4708,"Beijing","mpi-esm1-2-hr","ssp585",NA,0.00180346112626596,14.7902035304478
"3874",4709,"Beijing","mpi-esm1-2-hr","ssp585",NA,0.00298686371544526,18.4599635532925
"3875",4710,"Beijing","mpi-esm1-2-hr","ssp585",NA,0.147379734192197,15.1531621660505
"3876",4711,"Beijing","mpi-esm1-2-hr","ssp585",NA,1.44816698288456,12.0907275608608
"3877",4712,"Beijing","mpi-esm1-2-hr","ssp585",NA,1.89195639317015,10.1765805925642
"3878",4713,"Beijing","mpi-esm1-2-hr","ssp585",NA,0.437084577489648,15.0617091587612
"3879",4714,"Beijing","mpi-esm1-2-hr","ssp585",NA,0.0198555249426136,19.2358604431153
"3880",4715,"Beijing","mpi-esm1-2-hr","ssp585",NA,0.00793056177436872,19.0393659319197
"3881",4716,"Beijing","mpi-esm1-2-hr","ssp585",NA,3.75631816676625,23.7867850167411
"3882",4717,"Beijing","mpi-esm1-2-hr","ssp585",NA,0.123485011798558,20.6994644165039
"3883",4718,"Beijing","mpi-esm1-2-hr","ssp585",NA,0.0999580124308912,28.0560704912458
"3884",4719,"Beijing","mpi-esm1-2-hr","ssp585",NA,18.3508275818115,26.1578155517578
"3885",4720,"Beijing","mpi-esm1-2-hr","ssp585",NA,3.64340951493562,25.2375045776367
"3886",4721,"Beijing","mpi-esm1-2-hr","ssp585",NA,1.73232874358291,24.2547355651855
"3887",4722,"Beijing","mpi-esm1-2-hr","ssp585",NA,0.0211205828561235,28.6933374677386
"3888",4723,"Beijing","mpi-esm1-2-hr","ssp585",NA,7.14435731024423,27.0055028642927
"3889",4724,"Beijing","mpi-esm1-2-hr","ssp585",NA,6.09218173093333,27.4130950927734
"3890",4725,"Beijing","mpi-esm1-2-hr","ssp585",NA,2.67926579179922,28.322031729562
"3891",4726,"Beijing","mpi-esm1-2-hr","ssp585",NA,8.38996431618528,28.3420272827149
"3892",4727,"Beijing","mpi-esm1-2-hr","ssp585",NA,21.6994237431209,26.4119114467076
"3893",4728,"Beijing","mpi-esm1-2-hr","ssp585",NA,2.53429154922092,28.2994732448033
"3894",4729,"Beijing","mpi-esm1-2-hr","ssp585",NA,4.07963728201659,26.7490244184222
"3895",4730,"Beijing","mpi-esm1-2-hr","ssp585",NA,4.59628010112283,25.771140398298
"3896",4731,"Beijing","mpi-esm1-2-hr","ssp585",NA,12.3950065576537,25.5589467729841
"3897",4732,"Beijing","mpi-esm1-2-hr","ssp585",NA,3.60316402979411,22.3354583740235
"3898",4733,"Beijing","mpi-esm1-2-hr","ssp585",NA,0.284425009756108,23.3544332231794
"3899",4734,"Beijing","mpi-esm1-2-hr","ssp585",NA,1.71492932564174,24.1700416564941
"3900",4735,"Beijing","mpi-esm1-2-hr","ssp585",NA,2.10513996844384,22.838818032401
"3901",4736,"Beijing","mpi-esm1-2-hr","ssp585",NA,1.76820651457612,18.2597409929548
"3902",4737,"Beijing","mpi-esm1-2-hr","ssp585",NA,0.219593173830747,19.5910185677665
"3903",4738,"Beijing","mpi-esm1-2-hr","ssp585",NA,0.104134655319805,18.6810824802944
"3904",4739,"Beijing","mpi-esm1-2-hr","ssp585",NA,0.0474768946332915,14.5433729989188
"3905",4740,"Beijing","mpi-esm1-2-hr","ssp585",NA,0,12.1624591282436
"3906",4741,"Beijing","mpi-esm1-2-hr","ssp585",NA,0.00191402612342375,10.3256818498884
"3907",4742,"Beijing","mpi-esm1-2-hr","ssp585",NA,1.22917821063311,9.04326019287112
"3908",4743,"Beijing","mpi-esm1-2-hr","ssp585",NA,0.00739115525902889,4.8950134277344
"3909",4744,"Beijing","mpi-esm1-2-hr","ssp585",NA,0.00202356799750955,6.04121224539623
"3910",4745,"Beijing","mpi-esm1-2-hr","ssp585",NA,0.00265218161855176,4.4266786847796
"3911",4746,"Beijing","mpi-esm1-2-hr","ssp585",NA,0,3.67332502092636
"3912",4747,"Beijing","mpi-esm1-2-hr","ssp585",NA,0.070521004467342,-0.321853201729889
"3913",4748,"Beijing","mpi-esm1-2-hr","ssp585",NA,0.0201644982878081,-2.17319935389925
"3914",4749,"Beijing","mpi-esm1-2-hr","ssp585",NA,0,-0.0374184744698446
"3915",4750,"Beijing","mpi-esm1-2-hr","ssp585",NA,0.00898030990096491,1.09561200823105
"3916",4751,"Beijing","mpi-esm1-2-hr","ssp585",NA,0.314796158727404,2.38291974748886
"3917",4752,"Beijing","mpi-esm1-2-hr","ssp585",NA,0.458223763540186,-1.88372977120534
"3918",4753,"Beijing","mpi-esm1-2-hr","ssp585",NA,0.0455754867938855,-5.36086175101142
"3919",4754,"Beijing","mpi-esm1-2-hr","ssp585",NA,0.00217615067543063,-2.61866662161689
"3920",4755,"Beijing","mpi-esm1-2-hr","ssp585",NA,0.00483783718274416,3.2277656555176
"3921",4756,"Beijing","mpi-esm1-2-hr","ssp585",NA,1.15954136376136,-0.354218728201708
"3922",4757,"Beijing","mpi-esm1-2-hr","ssp585",NA,0.00187410730956929,0.979391806466262
"3923",4758,"Beijing","mpi-esm1-2-hr","ssp585",NA,0.0296178257160915,10.1879870823452
"3924",4759,"Beijing","mpi-esm1-2-hr","ssp585",NA,0.634156549287062,8.76497857230052
"3925",4760,"Beijing","mpi-esm1-2-hr","ssp585",NA,0.269415217917413,9.12435520717079
"3926",4761,"Beijing","mpi-esm1-2-hr","ssp585",NA,0.00196176245351255,11.3982341221401
"3927",4762,"Beijing","mpi-esm1-2-hr","ssp585",NA,0.168931059228531,9.66704112461638
"3928",4763,"Beijing","mpi-esm1-2-hr","ssp585",NA,0.198103003770354,10.9619766235352
"3929",4764,"Beijing","mpi-esm1-2-hr","ssp585",NA,0.0774944494293906,17.0786714826312
"3930",4765,"Beijing","mpi-esm1-2-hr","ssp585",NA,1.67375449762923,17.0996005467006
"3931",4766,"Beijing","mpi-esm1-2-hr","ssp585",NA,0.0418156438627193,19.9589553833008
"3932",4767,"Beijing","mpi-esm1-2-hr","ssp585",NA,1.96408559134917,18.8170530046736
"3933",4768,"Beijing","mpi-esm1-2-hr","ssp585",NA,1.34241015198963,21.2148305620466
"3934",4769,"Beijing","mpi-esm1-2-hr","ssp585",NA,1.10117850629519,23.5012936183385
"3935",4770,"Beijing","mpi-esm1-2-hr","ssp585",NA,2.66647927744219,21.1214892796108
"3936",4771,"Beijing","mpi-esm1-2-hr","ssp585",NA,10.4572304350768,25.8782009669713
"3937",4772,"Beijing","mpi-esm1-2-hr","ssp585",NA,4.27740277181588,24.0324733189174
"3938",4773,"Beijing","mpi-esm1-2-hr","ssp585",NA,2.58458074449663,25.713166809082
"3939",4774,"Beijing","mpi-esm1-2-hr","ssp585",NA,9.9754783287608,25.9593739100865
"3940",4775,"Beijing","mpi-esm1-2-hr","ssp585",NA,3.74013747625992,26.3367253984724
"3941",4776,"Beijing","mpi-esm1-2-hr","ssp585",NA,2.72423970958958,28.1235110691616
"3942",4777,"Beijing","mpi-esm1-2-hr","ssp585",NA,10.1370541139529,28.7030033656529
"3943",4778,"Beijing","mpi-esm1-2-hr","ssp585",NA,33.8055648930354,28.8216044834682
"3944",4779,"Beijing","mpi-esm1-2-hr","ssp585",NA,2.95093747546551,29.4338519505092
"3945",4780,"Beijing","mpi-esm1-2-hr","ssp585",NA,1.06209316501398,30.979764011928
"3946",4781,"Beijing","mpi-esm1-2-hr","ssp585",NA,0.842453431804253,28.3633770533971
"3947",4782,"Beijing","mpi-esm1-2-hr","ssp585",NA,0.278516342638925,29.7114556448801
"3948",4783,"Beijing","mpi-esm1-2-hr","ssp585",NA,8.30281146235004,28.561555480957
"3949",4784,"Beijing","mpi-esm1-2-hr","ssp585",NA,0.323691794801562,29.1179803030832
"3950",4785,"Beijing","mpi-esm1-2-hr","ssp585",NA,0.847090257840525,27.9187353951591
"3951",4786,"Beijing","mpi-esm1-2-hr","ssp585",NA,0.659120798549599,25.7080186026437
"3952",4787,"Beijing","mpi-esm1-2-hr","ssp585",NA,0,22.9929225376674
"3953",4788,"Beijing","mpi-esm1-2-hr","ssp585",NA,0.0115743041793134,21.8994706290109
"3954",4789,"Beijing","mpi-esm1-2-hr","ssp585",NA,5.78414657117849,16.713224029541
"3955",4790,"Beijing","mpi-esm1-2-hr","ssp585",NA,1.14582601888417,14.2883081708636
"3956",4791,"Beijing","mpi-esm1-2-hr","ssp585",NA,0.630381106053131,14.7304201398577
"3957",4792,"Beijing","mpi-esm1-2-hr","ssp585",NA,0.246765298652463,15.6238898141044
"3958",4793,"Beijing","mpi-esm1-2-hr","ssp585",NA,0.0612132809757375,13.3906150817871
"3959",4794,"Beijing","mpi-esm1-2-hr","ssp585",NA,0.0253298904356468,10.9079392569406
"3960",4795,"Beijing","mpi-esm1-2-hr","ssp585",NA,0.193261935321841,7.85236674717497
"3961",4796,"Beijing","mpi-esm1-2-hr","ssp585",NA,0.505605209192644,5.1945979527065
"3962",4797,"Beijing","mpi-esm1-2-hr","ssp585",NA,0.12496661626236,5.76359056745259
"3963",4798,"Beijing","mpi-esm1-2-hr","ssp585",NA,0.0118884133111611,1.87732631138395
"3964",4799,"Beijing","mpi-esm1-2-hr","ssp585",NA,0.0237545017366106,4.15818830217636
"3965",4800,"Beijing","mpi-esm1-2-hr","ssp585",NA,0.045144984388961,1.94662192208429
"3966",4801,"Beijing","mpi-esm1-2-hr","ssp585",NA,0,5.0823194231306
"3967",4802,"Beijing","mpi-esm1-2-hr","ssp585",NA,0.0020782078211466,2.8788897923061
"3968",4803,"Beijing","mpi-esm1-2-hr","ssp585",NA,0.0025001298841484,3.3642413548061
"3969",4804,"Beijing","mpi-esm1-2-hr","ssp585",NA,0.00506216757198023,0.683788735525971
"3970",4805,"Beijing","mpi-esm1-2-hr","ssp585",NA,0,2.15844279697965
"3971",4806,"Beijing","mpi-esm1-2-hr","ssp585",NA,0,7.036030796596
"3972",4807,"Beijing","mpi-esm1-2-hr","ssp585",NA,0.00429994912727645,6.40863135201593
"3973",4808,"Beijing","mpi-esm1-2-hr","ssp585",NA,5.90079647134059,9.02017582484657
"3974",4809,"Beijing","mpi-esm1-2-hr","ssp585",NA,0.346637907932745,2.63933388846263
"3975",4810,"Beijing","mpi-esm1-2-hr","ssp585",NA,1.22197338164369,3.74700208391464
"3976",4811,"Beijing","mpi-esm1-2-hr","ssp585",NA,1.1882705219315,4.84854878016883
"3977",4812,"Beijing","mpi-esm1-2-hr","ssp585",NA,0.00462580110901659,6.45003008161274
"3978",4813,"Beijing","mpi-esm1-2-hr","ssp585",NA,0,8.39726845877514
"3979",4814,"Beijing","mpi-esm1-2-hr","ssp585",NA,0.00323235887792959,13.0222259521485
"3980",4815,"Beijing","mpi-esm1-2-hr","ssp585",NA,0.00294149584598406,15.8591656276158
"3981",4816,"Beijing","mpi-esm1-2-hr","ssp585",NA,0,17.9502747671945
"3982",4817,"Beijing","mpi-esm1-2-hr","ssp585",NA,0.222378344259206,20.2670188903809
"3983",4818,"Beijing","mpi-esm1-2-hr","ssp585",NA,0.3210661400122,18.1501273018973
"3984",4819,"Beijing","mpi-esm1-2-hr","ssp585",NA,0,21.5133246285575
"3985",4820,"Beijing","mpi-esm1-2-hr","ssp585",NA,1.28653688025874,23.0753521510533
"3986",4821,"Beijing","mpi-esm1-2-hr","ssp585",NA,5.01063549721558,22.9304835728237
"3987",4822,"Beijing","mpi-esm1-2-hr","ssp585",NA,0.110325595830675,22.0881798880441
"3988",4823,"Beijing","mpi-esm1-2-hr","ssp585",NA,1.6350879467739,26.032076045445
"3989",4824,"Beijing","mpi-esm1-2-hr","ssp585",NA,1.03727752731564,21.2388070242746
"3990",4825,"Beijing","mpi-esm1-2-hr","ssp585",NA,0.997289673965237,25.0511326381138
"3991",4826,"Beijing","mpi-esm1-2-hr","ssp585",NA,4.12188910220591,27.1138860430036
"3992",4827,"Beijing","mpi-esm1-2-hr","ssp585",NA,4.73293110262603,26.1826710292271
"3993",4828,"Beijing","mpi-esm1-2-hr","ssp585",NA,1.7617643367495,28.788038962228
"3994",4829,"Beijing","mpi-esm1-2-hr","ssp585",NA,9.03710943181457,27.7416440691267
"3995",4830,"Beijing","mpi-esm1-2-hr","ssp585",NA,10.7491257345308,27.7335084097726
"3996",4831,"Beijing","mpi-esm1-2-hr","ssp585",NA,6.49290902036098,28.0357746669225
"3997",4832,"Beijing","mpi-esm1-2-hr","ssp585",NA,4.81972504355456,29.3353014264788
"3998",4833,"Beijing","mpi-esm1-2-hr","ssp585",NA,7.06096992678015,27.5596214294434
"3999",4834,"Beijing","mpi-esm1-2-hr","ssp585",NA,7.23547152594749,27.6373927525112
"4000",4835,"Beijing","mpi-esm1-2-hr","ssp585",NA,2.71452651100584,28.162255859375
"4001",4836,"Beijing","mpi-esm1-2-hr","ssp585",NA,7.13565666848288,27.0640966142927
"4002",4837,"Beijing","mpi-esm1-2-hr","ssp585",NA,14.3339578138174,24.9456720624651
"4003",4838,"Beijing","mpi-esm1-2-hr","ssp585",NA,5.34171564329102,24.3020481654576
"4004",4839,"Beijing","mpi-esm1-2-hr","ssp585",NA,0.193121836569584,23.5288695199149
"4005",4840,"Beijing","mpi-esm1-2-hr","ssp585",NA,1.14078832663316,21.8697448730469
"4006",4841,"Beijing","mpi-esm1-2-hr","ssp585",NA,0.352483224384871,20.1347813197545
"4007",4842,"Beijing","mpi-esm1-2-hr","ssp585",NA,0.238168489763016,18.2634902954102
"4008",4843,"Beijing","mpi-esm1-2-hr","ssp585",NA,2.74607126703554,13.9690223693848
"4009",4844,"Beijing","mpi-esm1-2-hr","ssp585",NA,0.262850088867188,13.3798216683524
"4010",4845,"Beijing","mpi-esm1-2-hr","ssp585",NA,0.00710495372524226,14.3055903843471
"4011",4846,"Beijing","mpi-esm1-2-hr","ssp585",NA,0.71262218404107,11.084236580985
"4012",4847,"Beijing","mpi-esm1-2-hr","ssp585",NA,2.05841117129759,9.91865038190571
"4013",4848,"Beijing","mpi-esm1-2-hr","ssp585",NA,5.21435010476645,6.22707192557201
"4014",4849,"Beijing","mpi-esm1-2-hr","ssp585",NA,0.0826095377046189,5.48324356079104
"4015",4850,"Beijing","mpi-esm1-2-hr","ssp585",NA,0,5.04262313842776
"4016",4851,"Beijing","mpi-esm1-2-hr","ssp585",NA,0.00208723017749435,4.08255375453406
"4017",4852,"Beijing","mpi-esm1-2-hr","ssp585",NA,0.010002213925223,-1.9197328839983
"4018",4853,"Beijing","mpi-esm1-2-hr","ssp585",NA,0,-0.183846718924363
"4019",4854,"Beijing","mpi-esm1-2-hr","ssp585",NA,0.0811156257701182,0.482562364850748
"4020",4855,"Beijing","mpi-esm1-2-hr","ssp585",NA,0.0112905028540159,1.47173843383791
"4021",4856,"Beijing","mpi-esm1-2-hr","ssp585",NA,0.00203074055856893,1.61614161900114
"4022",4857,"Beijing","mpi-esm1-2-hr","ssp585",NA,0.00679293416396831,2.28710272652764
"4023",4858,"Beijing","mpi-esm1-2-hr","ssp585",NA,0.52973227874905,2.13989737374444
"4024",4859,"Beijing","mpi-esm1-2-hr","ssp585",NA,0.0255291757964317,1.51018240792413
"4025",4860,"Beijing","mpi-esm1-2-hr","ssp585",NA,0.0677037581746325,5.63477587018696
"4026",4861,"Beijing","mpi-esm1-2-hr","ssp585",NA,0.0948862327991913,6.17505961826872
"4027",4862,"Beijing","mpi-esm1-2-hr","ssp585",NA,0.00392874015103319,6.65041776384628
"4028",4863,"Beijing","mpi-esm1-2-hr","ssp585",NA,0.00643959169143014,8.27993491036553
"4029",4864,"Beijing","mpi-esm1-2-hr","ssp585",NA,0.00768131404973766,8.25830394199918
"4030",4865,"Beijing","mpi-esm1-2-hr","ssp585",NA,0.0114081807753662,13.4105752127511
"4031",4866,"Beijing","mpi-esm1-2-hr","ssp585",NA,0.0648921107313071,13.5513707842146
"4032",4867,"Beijing","mpi-esm1-2-hr","ssp585",NA,1.58557521070049,13.4426889692034
"4033",4868,"Beijing","mpi-esm1-2-hr","ssp585",NA,1.01115059839815,11.6230118887765
"4034",4869,"Beijing","mpi-esm1-2-hr","ssp585",NA,0.25394981111536,14.7691731044225
"4035",4870,"Beijing","mpi-esm1-2-hr","ssp585",NA,0.0100610714785684,16.8092405046736
"4036",4871,"Beijing","mpi-esm1-2-hr","ssp585",NA,0.00354683460110599,18.4062902178083
"4037",4872,"Beijing","mpi-esm1-2-hr","ssp585",NA,0,19.8410103934152
"4038",4873,"Beijing","mpi-esm1-2-hr","ssp585",NA,0.223040051956299,23.7085330418178
"4039",4874,"Beijing","mpi-esm1-2-hr","ssp585",NA,0.160229897574027,24.2273634774345
"4040",4875,"Beijing","mpi-esm1-2-hr","ssp585",NA,1.85641032418451,24.250150844029
"4041",4876,"Beijing","mpi-esm1-2-hr","ssp585",NA,3.16063402156682,24.165361567906
"4042",4877,"Beijing","mpi-esm1-2-hr","ssp585",NA,4.08030276490276,24.8526332310268
"4043",4878,"Beijing","mpi-esm1-2-hr","ssp585",NA,2.0558206212237,26.2876983642578
"4044",4879,"Beijing","mpi-esm1-2-hr","ssp585",NA,9.88608565154598,28.9455870492118
"4045",4880,"Beijing","mpi-esm1-2-hr","ssp585",NA,12.7369933473996,28.2857174464635
"4046",4881,"Beijing","mpi-esm1-2-hr","ssp585",NA,16.6615373088592,28.7293656485422
"4047",4882,"Beijing","mpi-esm1-2-hr","ssp585",NA,6.27287328520002,28.4168215070452
"4048",4883,"Beijing","mpi-esm1-2-hr","ssp585",NA,9.73257018742646,28.2284724644252
"4049",4884,"Beijing","mpi-esm1-2-hr","ssp585",NA,8.2511332391992,27.7161553519113
"4050",4885,"Beijing","mpi-esm1-2-hr","ssp585",NA,8.82847359877945,28.1617692129953
"4051",4886,"Beijing","mpi-esm1-2-hr","ssp585",NA,6.80441346170742,26.5811515808106
"4052",4887,"Beijing","mpi-esm1-2-hr","ssp585",NA,3.80323088050188,27.4112831115723
"4053",4888,"Beijing","mpi-esm1-2-hr","ssp585",NA,0.0810900169978724,28.071242087228
"4054",4889,"Beijing","mpi-esm1-2-hr","ssp585",NA,15.783631065746,26.9409505571638
"4055",4890,"Beijing","mpi-esm1-2-hr","ssp585",NA,1.53819953614272,23.5888065883092
"4056",4891,"Beijing","mpi-esm1-2-hr","ssp585",NA,0,22.8888793945313
"4057",4892,"Beijing","mpi-esm1-2-hr","ssp585",NA,0.00628853291086021,23.6756710597447
"4058",4893,"Beijing","mpi-esm1-2-hr","ssp585",NA,3.06413774227881,20.4259386335101
"4059",4894,"Beijing","mpi-esm1-2-hr","ssp585",NA,4.00752177242794,17.2199438912528
"4060",4895,"Beijing","mpi-esm1-2-hr","ssp585",NA,0.676508668513114,16.8143472943987
"4061",4896,"Beijing","mpi-esm1-2-hr","ssp585",NA,0,14.8363063267299
"4062",4897,"Beijing","mpi-esm1-2-hr","ssp585",NA,0.725741844144068,12.5669805254255
"4063",4898,"Beijing","mpi-esm1-2-hr","ssp585",NA,0.00487747219527333,9.10802830287391
"4064",4899,"Beijing","mpi-esm1-2-hr","ssp585",NA,0.927843795040773,9.65376543317525
"4065",4900,"Beijing","mpi-esm1-2-hr","ssp585",NA,1.79970812736688,4.12398627144952
"4066",4901,"Beijing","mpi-esm1-2-hr","ssp585",NA,0.00195442624187438,4.51415786743166
"4067",4902,"Beijing","mpi-esm1-2-hr","ssp585",NA,0.00692730549677176,2.40074691772463
"4068",4903,"Beijing","mpi-esm1-2-hr","ssp585",NA,0.0322766550912742,6.50494864327569
"4069",4904,"Beijing","mpi-esm1-2-hr","ssp585",NA,0.119979360312885,2.50025384085521
"4070",4905,"Beijing","mpi-esm1-2-hr","ssp585",NA,0,1.81475655691966
"4071",4906,"Beijing","mpi-esm1-2-hr","ssp585",NA,0.00181637180633385,1.51975457327709
"4072",4907,"Beijing","mpi-esm1-2-hr","ssp585",NA,0.00240168257213165,3.50425654820036
"4073",4908,"Beijing","mpi-esm1-2-hr","ssp585",NA,0.00201450021190145,0.928485216413248
"4074",4909,"Beijing","mpi-esm1-2-hr","ssp585",NA,0.00205323593555866,3.12112797328406
"4075",4910,"Beijing","mpi-esm1-2-hr","ssp585",NA,0.569803055233413,4.35494221278601
"4076",4911,"Beijing","mpi-esm1-2-hr","ssp585",NA,1.59041419220947,0.292448752267043
"4077",4912,"Beijing","mpi-esm1-2-hr","ssp585",NA,0.150165851969827,5.51867010934015
"4078",4913,"Beijing","mpi-esm1-2-hr","ssp585",NA,0.00494972243489299,7.54835499354773
"4079",4914,"Beijing","mpi-esm1-2-hr","ssp585",NA,0,6.66097085135326
"4080",4915,"Beijing","mpi-esm1-2-hr","ssp585",NA,0.00409867663100677,5.70687419346403
"4081",4916,"Beijing","mpi-esm1-2-hr","ssp585",NA,0,10.1242500305176
"4082",4917,"Beijing","mpi-esm1-2-hr","ssp585",NA,0.30652284019977,8.51500146048411
"4083",4918,"Beijing","mpi-esm1-2-hr","ssp585",NA,0.0041204975851932,15.1176740373884
"4084",4919,"Beijing","mpi-esm1-2-hr","ssp585",NA,0.235237007648591,15.4866604396275
"4085",4920,"Beijing","mpi-esm1-2-hr","ssp585",NA,0.00768692272166455,13.9985328674317
"4086",4921,"Beijing","mpi-esm1-2-hr","ssp585",NA,0.173329687549995,15.4878288269043
"4087",4922,"Beijing","mpi-esm1-2-hr","ssp585",NA,0.00237453622113598,19.7950525556292
"4088",4923,"Beijing","mpi-esm1-2-hr","ssp585",NA,0.158412564386318,23.0229463849749
"4089",4924,"Beijing","mpi-esm1-2-hr","ssp585",NA,0.185840422792743,23.6944066728865
"4090",4925,"Beijing","mpi-esm1-2-hr","ssp585",NA,4.19193431848726,20.2327411106655
"4091",4926,"Beijing","mpi-esm1-2-hr","ssp585",NA,0.182478875376546,22.7307236807687
"4092",4927,"Beijing","mpi-esm1-2-hr","ssp585",NA,4.62320481450921,23.320340183803
"4093",4928,"Beijing","mpi-esm1-2-hr","ssp585",NA,0.131637903671487,26.4118711199079
"4094",4929,"Beijing","mpi-esm1-2-hr","ssp585",NA,6.04208920787122,27.7068938119071
"4095",4930,"Beijing","mpi-esm1-2-hr","ssp585",NA,9.29645680192672,25.6732476370676
"4096",4931,"Beijing","mpi-esm1-2-hr","ssp585",NA,0.884278269917817,29.0438427516393
"4097",4932,"Beijing","mpi-esm1-2-hr","ssp585",NA,7.53308409886943,27.6313818795341
"4098",4933,"Beijing","mpi-esm1-2-hr","ssp585",NA,12.3839361293968,27.2867452348982
"4099",4934,"Beijing","mpi-esm1-2-hr","ssp585",NA,1.7534775162598,28.7292653764998
"4100",4935,"Beijing","mpi-esm1-2-hr","ssp585",NA,8.92485915836524,27.9810888017927
"4101",4936,"Beijing","mpi-esm1-2-hr","ssp585",NA,0.447531496164239,29.2569268362863
"4102",4937,"Beijing","mpi-esm1-2-hr","ssp585",NA,3.89293400917917,28.9479227338519
"4103",4938,"Beijing","mpi-esm1-2-hr","ssp585",NA,1.63054947876974,27.8606876918248
"4104",4939,"Beijing","mpi-esm1-2-hr","ssp585",NA,0.0209690099706807,27.4466001238142
"4105",4940,"Beijing","mpi-esm1-2-hr","ssp585",NA,2.54265691637556,28.469325365339
"4106",4941,"Beijing","mpi-esm1-2-hr","ssp585",NA,1.1281775342338,26.0464770725795
"4107",4942,"Beijing","mpi-esm1-2-hr","ssp585",NA,9.21078544696293,21.9295729500907
"4108",4943,"Beijing","mpi-esm1-2-hr","ssp585",NA,2.29368231052831,20.3543427603586
"4109",4944,"Beijing","mpi-esm1-2-hr","ssp585",NA,0,19.4334497724261
"4110",4945,"Beijing","mpi-esm1-2-hr","ssp585",NA,5.90209447037913,20.2777403695243
"4111",4946,"Beijing","mpi-esm1-2-hr","ssp585",NA,0.00180798370560556,19.0990915570941
"4112",4947,"Beijing","mpi-esm1-2-hr","ssp585",NA,1.0482078412094,17.6518095833915
"4113",4948,"Beijing","mpi-esm1-2-hr","ssp585",NA,0.00618848733081125,12.6189982822964
"4114",4949,"Beijing","mpi-esm1-2-hr","ssp585",NA,0,13.9036379132952
"4115",4950,"Beijing","mpi-esm1-2-hr","ssp585",NA,0.503624614468988,9.35915036882675
"4116",4951,"Beijing","mpi-esm1-2-hr","ssp585",NA,0.50240961153187,8.49364515032089
"4117",4952,"Beijing","mpi-esm1-2-hr","ssp585",NA,0.125174530551574,5.52401395525253
"4118",4953,"Beijing","mpi-esm1-2-hr","ssp585",NA,0.391405624064386,6.03172618321012
"4119",4954,"Beijing","mpi-esm1-2-hr","ssp585",NA,0.185049053672109,2.96950193132675
"4120",4955,"Beijing","mpi-esm1-2-hr","ssp585",NA,0.234324457466885,3.38228487287251
"4121",4956,"Beijing","mpi-esm1-2-hr","ssp585",NA,0.00245766019101471,2.15975178309852
"4122",4957,"Beijing","mpi-esm1-2-hr","ssp585",NA,0.00187626809357815,2.48281304495677
"4123",4958,"Beijing","mpi-esm1-2-hr","ssp585",NA,0.160856989928756,1.48936614990237
"4124",4959,"Beijing","mpi-esm1-2-hr","ssp585",NA,0,0.0147889273507477
"4125",4960,"Beijing","mpi-esm1-2-hr","ssp585",NA,0.466556337083343,0.0725510733468409
"4126",4961,"Beijing","mpi-esm1-2-hr","ssp585",NA,0.36419075118569,-2.42943311418804
"4127",4962,"Beijing","mpi-esm1-2-hr","ssp585",NA,0.00273861175108842,-4.44301507132392
"4128",4963,"Beijing","mpi-esm1-2-hr","ssp585",NA,0.517284432161042,-0.176558467320011
"4129",4964,"Beijing","mpi-esm1-2-hr","ssp585",NA,0.0337421988206187,2.25184347970147
"4130",4965,"Beijing","mpi-esm1-2-hr","ssp585",NA,0.335032983379538,5.2428533281599
"4131",4966,"Beijing","mpi-esm1-2-hr","ssp585",NA,0,1.33215157645092
"4132",4967,"Beijing","mpi-esm1-2-hr","ssp585",NA,1.37725004504838,4.44077290126258
"4133",4968,"Beijing","mpi-esm1-2-hr","ssp585",NA,1.36999532876741,2.6809751238142
"4134",4969,"Beijing","mpi-esm1-2-hr","ssp585",NA,0.0496459799186206,7.66526892525811
"4135",4970,"Beijing","mpi-esm1-2-hr","ssp585",NA,0,11.7612810407366
"4136",4971,"Beijing","mpi-esm1-2-hr","ssp585",NA,0.720573180037068,7.99089475359238
"4137",4972,"Beijing","mpi-esm1-2-hr","ssp585",NA,0,18.42719039917
"4138",4973,"Beijing","mpi-esm1-2-hr","ssp585",NA,6.26539773342561,15.6405769348145
"4139",4974,"Beijing","mpi-esm1-2-hr","ssp585",NA,0.0173917458336551,17.4747716631208
"4140",4975,"Beijing","mpi-esm1-2-hr","ssp585",NA,4.68992899820608,22.08053250994
"4141",4976,"Beijing","mpi-esm1-2-hr","ssp585",NA,0.182259072653323,16.9033311026437
"4142",4977,"Beijing","mpi-esm1-2-hr","ssp585",NA,0.257375081751629,20.6820301600865
"4143",4978,"Beijing","mpi-esm1-2-hr","ssp585",NA,2.00555851073269,22.2009723118373
"4144",4979,"Beijing","mpi-esm1-2-hr","ssp585",NA,3.43222751498615,26.8397646222796
"4145",4980,"Beijing","mpi-esm1-2-hr","ssp585",NA,1.18468573407751,22.9439456394741
"4146",4981,"Beijing","mpi-esm1-2-hr","ssp585",NA,0.0246536122241586,28.0650840759277
"4147",4982,"Beijing","mpi-esm1-2-hr","ssp585",NA,1.57956658851098,27.4243620736259
"4148",4983,"Beijing","mpi-esm1-2-hr","ssp585",NA,3.84107074124976,24.3541176932199
"4149",4984,"Beijing","mpi-esm1-2-hr","ssp585",NA,3.46570986966331,29.2918928963798
"4150",4985,"Beijing","mpi-esm1-2-hr","ssp585",NA,17.5688994981491,27.1127710614886
"4151",4986,"Beijing","mpi-esm1-2-hr","ssp585",NA,0.548294774333564,28.5072020394462
"4152",4987,"Beijing","mpi-esm1-2-hr","ssp585",NA,10.8677912367836,27.8335466657366
"4153",4988,"Beijing","mpi-esm1-2-hr","ssp585",NA,3.94768234525275,28.8015664236887
"4154",4989,"Beijing","mpi-esm1-2-hr","ssp585",NA,2.5539684513985,27.9859699794224
"4155",4990,"Beijing","mpi-esm1-2-hr","ssp585",NA,0.626510274001444,29.4740899222238
"4156",4991,"Beijing","mpi-esm1-2-hr","ssp585",NA,3.44029015154774,28.0184739249094
"4157",4992,"Beijing","mpi-esm1-2-hr","ssp585",NA,4.0540868034051,27.606714957101
"4158",4993,"Beijing","mpi-esm1-2-hr","ssp585",NA,0.468489341762636,28.9234329223633
"4159",4994,"Beijing","mpi-esm1-2-hr","ssp585",NA,0.127716994542685,27.2544652666365
"4160",4995,"Beijing","mpi-esm1-2-hr","ssp585",NA,2.31585679679743,25.5846049717494
"4161",4996,"Beijing","mpi-esm1-2-hr","ssp585",NA,0.00417152306389262,21.4412115914481
"4162",4997,"Beijing","mpi-esm1-2-hr","ssp585",NA,1.60980582003114,19.76168485369
"4163",4998,"Beijing","mpi-esm1-2-hr","ssp585",NA,8.68844834299774,18.7230752127511
"4164",4999,"Beijing","mpi-esm1-2-hr","ssp585",NA,0.988859963191706,16.6481916155134
"4165",5000,"Beijing","mpi-esm1-2-hr","ssp585",NA,3.54423088777237,13.6801015581404
"4166",5001,"Beijing","mpi-esm1-2-hr","ssp585",NA,1.7830409324558,12.0224668230329
"4167",5002,"Beijing","mpi-esm1-2-hr","ssp585",NA,0.681827305483499,10.5075246538435
"4168",5003,"Beijing","mpi-esm1-2-hr","ssp585",NA,0,10.2390320914133
"4169",5004,"Beijing","mpi-esm1-2-hr","ssp585",NA,0.00404115424186914,6.73970075334824
"4170",5005,"Beijing","mpi-esm1-2-hr","ssp585",NA,0.459132048458092,1.74487838745119
"4171",5006,"Beijing","mpi-esm1-2-hr","ssp585",NA,0.0063227820127005,4.47020002092636
"4172",5007,"Beijing","mpi-esm1-2-hr","ssp585",NA,0.0043229347543924,4.47252753121515
"4173",5008,"Beijing","mpi-esm1-2-hr","ssp585",NA,0.00233368514273025,3.91230599539623
"4174",5009,"Beijing","mpi-esm1-2-hr","ssp585",NA,0.0635195129884129,4.97880052839009
"4175",5010,"Beijing","mpi-esm1-2-hr","ssp585",NA,1.04378489876191,0.314834485735234
"4176",5011,"Beijing","mpi-esm1-2-hr","ssp585",NA,0,-2.18714970179964
"4177",5012,"Beijing","mpi-esm1-2-hr","ssp585",NA,0.828883216926052,0.594422367640926
"4178",5013,"Beijing","mpi-esm1-2-hr","ssp585",NA,0.00426097397913897,-2.48387647356304
"4179",5014,"Beijing","mpi-esm1-2-hr","ssp585",NA,0,1.29392340523858
"4180",5015,"Beijing","mpi-esm1-2-hr","ssp585",NA,0.00206888535103644,3.65093329293389
"4181",5016,"Beijing","mpi-esm1-2-hr","ssp585",NA,0.00278736945022371,4.56411296299528
"4182",5017,"Beijing","mpi-esm1-2-hr","ssp585",NA,0.0971971780537778,5.87189527239121
"4183",5018,"Beijing","mpi-esm1-2-hr","ssp585",NA,0.0299145208828122,7.631366620745
"4184",5019,"Beijing","mpi-esm1-2-hr","ssp585",NA,0.0769300417362371,6.11116943359377
"4185",5020,"Beijing","mpi-esm1-2-hr","ssp585",NA,0.259646364455485,7.96621148245677
"4186",5021,"Beijing","mpi-esm1-2-hr","ssp585",NA,0.286893727850059,7.47463051932201
"4187",5022,"Beijing","mpi-esm1-2-hr","ssp585",NA,0.505461201068361,8.60499398367748
"4188",5023,"Beijing","mpi-esm1-2-hr","ssp585",NA,0.0211519486908531,17.4680332728795
"4189",5024,"Beijing","mpi-esm1-2-hr","ssp585",NA,0.067890604337403,18.3779835292271
"4190",5025,"Beijing","mpi-esm1-2-hr","ssp585",NA,0.0533314623420925,21.9096754891532
"4191",5026,"Beijing","mpi-esm1-2-hr","ssp585",NA,0.483192689911708,17.3767219543457
"4192",5027,"Beijing","mpi-esm1-2-hr","ssp585",NA,4.558085273324,15.0473691667829
"4193",5028,"Beijing","mpi-esm1-2-hr","ssp585",NA,4.50448711596566,20.0991869245257
"4194",5029,"Beijing","mpi-esm1-2-hr","ssp585",NA,3.20517249831807,21.4710283551898
"4195",5030,"Beijing","mpi-esm1-2-hr","ssp585",NA,0.229829771868546,23.6123934064593
"4196",5031,"Beijing","mpi-esm1-2-hr","ssp585",NA,9.02512663368984,26.4532175336565
"4197",5032,"Beijing","mpi-esm1-2-hr","ssp585",NA,0.0773619366620031,24.3351788112095
"4198",5033,"Beijing","mpi-esm1-2-hr","ssp585",NA,0.163277995547365,26.730439213344
"4199",5034,"Beijing","mpi-esm1-2-hr","ssp585",NA,0.0753405946982509,29.016367667062
"4200",5035,"Beijing","mpi-esm1-2-hr","ssp585",NA,1.6012972691442,29.1533321925572
"4201",5036,"Beijing","mpi-esm1-2-hr","ssp585",NA,2.85078991076132,29.0819750104632
"4202",5037,"Beijing","mpi-esm1-2-hr","ssp585",NA,3.64031996618256,27.5405468532018
"4203",5038,"Beijing","mpi-esm1-2-hr","ssp585",NA,8.84019114580172,26.7680205208915
"4204",5039,"Beijing","mpi-esm1-2-hr","ssp585",NA,1.75158144556917,28.7630368913923
"4205",5040,"Beijing","mpi-esm1-2-hr","ssp585",NA,25.0906680393135,25.7597851344517
"4206",5041,"Beijing","mpi-esm1-2-hr","ssp585",NA,0.00802804454776507,27.5575015476772
"4207",5042,"Beijing","mpi-esm1-2-hr","ssp585",NA,15.2786144131434,27.2547263009208
"4208",5043,"Beijing","mpi-esm1-2-hr","ssp585",NA,1.95897099139464,27.4277724129813
"4209",5044,"Beijing","mpi-esm1-2-hr","ssp585",NA,4.38497473021146,23.8541836329869
"4210",5045,"Beijing","mpi-esm1-2-hr","ssp585",NA,1.65602149175226,22.9808544703892
"4211",5046,"Beijing","mpi-esm1-2-hr","ssp585",NA,0.670212942168291,25.5827270507813
"4212",5047,"Beijing","mpi-esm1-2-hr","ssp585",NA,2.62536326856986,27.0839978899275
"4213",5048,"Beijing","mpi-esm1-2-hr","ssp585",NA,6.41833916270765,20.2896095275879
"4214",5049,"Beijing","mpi-esm1-2-hr","ssp585",NA,0,18.2295710972377
"4215",5050,"Beijing","mpi-esm1-2-hr","ssp585",NA,0.449113881846383,21.8674680437361
"4216",5051,"Beijing","mpi-esm1-2-hr","ssp585",NA,0.00694338692872926,18.7551720755441
"4217",5052,"Beijing","mpi-esm1-2-hr","ssp585",NA,0.0257710795917124,14.7186665126256
"4218",5053,"Beijing","mpi-esm1-2-hr","ssp585",NA,3.11255394598057,12.1542902265276
"4219",5054,"Beijing","mpi-esm1-2-hr","ssp585",NA,0.00612597105568316,11.4395107814244
"4220",5055,"Beijing","mpi-esm1-2-hr","ssp585",NA,1.76534916354285,9.7865087236677
"4221",5056,"Beijing","mpi-esm1-2-hr","ssp585",NA,0.0137187119045328,10.9636452811105
"4222",5057,"Beijing","mpi-esm1-2-hr","ssp585",NA,0.00812084196825577,4.32850309099472
"4223",5058,"Beijing","mpi-esm1-2-hr","ssp585",NA,0.0058071014986386,5.08390143258233
"4224",5059,"Beijing","mpi-esm1-2-hr","ssp585",NA,0.630871489134474,5.86626259940013
"4225",5060,"Beijing","mpi-esm1-2-hr","ssp585",NA,0.222521905457792,3.24038576398579
"4226",5061,"Beijing","mpi-esm1-2-hr","ssp585",NA,0.848070506565688,0.156658608572847
"4227",5062,"Beijing","mpi-esm1-2-hr","ssp585",NA,0.0376580875776459,0.700534711565314
"4228",5063,"Beijing","mpi-esm1-2-hr","ssp585",NA,0.037031440219185,1.43952604021347
"4229",5064,"Beijing","mpi-esm1-2-hr","ssp585",NA,0,1.38884288242887
"4230",5065,"Beijing","mpi-esm1-2-hr","ssp585",NA,0.00322931353886296,1.58130198887419
"4231",5066,"Beijing","mpi-esm1-2-hr","ssp585",NA,0.0418448836431448,4.09558203560968
"4232",5067,"Beijing","mpi-esm1-2-hr","ssp585",NA,0.00663485437014191,0.00470995221821469
"4233",5068,"Beijing","mpi-esm1-2-hr","ssp585",NA,0.00310887267655094,5.41487764631001
"4234",5069,"Beijing","mpi-esm1-2-hr","ssp585",NA,1.68134773241166,6.36203536987307
"4235",5070,"Beijing","mpi-esm1-2-hr","ssp585",NA,0.189457946375374,1.70728945050923
"4236",5071,"Beijing","mpi-esm1-2-hr","ssp585",NA,0.198342009038502,4.24607456752234
"4237",5072,"Beijing","mpi-esm1-2-hr","ssp585",NA,0.0867031778268159,10.5660121372768
"4238",5073,"Beijing","mpi-esm1-2-hr","ssp585",NA,0,10.6908121381488
"4239",5074,"Beijing","mpi-esm1-2-hr","ssp585",NA,0.00408919191353821,12.970467049735
"4240",5075,"Beijing","mpi-esm1-2-hr","ssp585",NA,1.24324726632819,13.3447122846331
"4241",5076,"Beijing","mpi-esm1-2-hr","ssp585",NA,0.110696322800712,15.2647322518485
"4242",5077,"Beijing","mpi-esm1-2-hr","ssp585",NA,6.91188054042868,19.0072031293597
"4243",5078,"Beijing","mpi-esm1-2-hr","ssp585",NA,0.376333180013587,17.8230388096401
"4244",5079,"Beijing","mpi-esm1-2-hr","ssp585",NA,1.53056195205344,14.3789949689593
"4245",5080,"Beijing","mpi-esm1-2-hr","ssp585",NA,0.84157315779651,18.3728266034808
"4246",5081,"Beijing","mpi-esm1-2-hr","ssp585",NA,1.59871026342963,19.6567354474749
"4247",5082,"Beijing","mpi-esm1-2-hr","ssp585",NA,0.789651770232272,21.408459690639
"4248",5083,"Beijing","mpi-esm1-2-hr","ssp585",NA,0.49551898305903,23.0401157924108
"4249",5084,"Beijing","mpi-esm1-2-hr","ssp585",NA,0.359478374009216,26.4004526410784
"4250",5085,"Beijing","mpi-esm1-2-hr","ssp585",NA,5.54998639854603,25.2176305498396
"4251",5086,"Beijing","mpi-esm1-2-hr","ssp585",NA,0.432998554749377,26.1862819126674
"4252",5087,"Beijing","mpi-esm1-2-hr","ssp585",NA,1.57831824154917,28.4552529471261
"4253",5088,"Beijing","mpi-esm1-2-hr","ssp585",NA,1.73026192798196,27.9931884765625
"4254",5089,"Beijing","mpi-esm1-2-hr","ssp585",NA,2.37575293179231,29.9340203421457
"4255",5090,"Beijing","mpi-esm1-2-hr","ssp585",NA,12.3939462124067,27.5313054765974
"4256",5091,"Beijing","mpi-esm1-2-hr","ssp585",NA,4.54978832544189,28.7321144104004
"4257",5092,"Beijing","mpi-esm1-2-hr","ssp585",NA,3.03527012449324,28.549948992048
"4258",5093,"Beijing","mpi-esm1-2-hr","ssp585",NA,2.14932086517235,29.0178902762277
"4259",5094,"Beijing","mpi-esm1-2-hr","ssp585",NA,8.96363738907634,28.4644142150879
"4260",5095,"Beijing","mpi-esm1-2-hr","ssp585",NA,15.2987030707014,27.0644606454032
"4261",5096,"Beijing","mpi-esm1-2-hr","ssp585",NA,0.722557124598617,27.4244503566197
"4262",5097,"Beijing","mpi-esm1-2-hr","ssp585",NA,8.32817106194333,27.1269181387765
"4263",5098,"Beijing","mpi-esm1-2-hr","ssp585",NA,0.0207223513630847,26.8535182407924
"4264",5099,"Beijing","mpi-esm1-2-hr","ssp585",NA,0.0836726136185461,27.4712681361607
"4265",5100,"Beijing","mpi-esm1-2-hr","ssp585",NA,2.99609968491106,19.235977608817
"4266",5101,"Beijing","mpi-esm1-2-hr","ssp585",NA,5.2471086834495,17.0807357788086
"4267",5102,"Beijing","mpi-esm1-2-hr","ssp585",NA,3.51463211761386,18.0288008553641
"4268",5103,"Beijing","mpi-esm1-2-hr","ssp585",NA,0.23519001765635,16.7739632742746
"4269",5104,"Beijing","mpi-esm1-2-hr","ssp585",NA,7.81092632899214,12.8932891845703
"4270",5105,"Beijing","mpi-esm1-2-hr","ssp585",NA,0.78977422033079,13.4266132899693
"4271",5106,"Beijing","mpi-esm1-2-hr","ssp585",NA,1.35610619802589,13.2484048025949
"4272",5107,"Beijing","mpi-esm1-2-hr","ssp585",NA,3.63450295777251,9.75286745343892
"4273",5108,"Beijing","mpi-esm1-2-hr","ssp585",NA,0.295412919181867,8.82670364379885
"4274",5109,"Beijing","mpi-esm1-2-hr","ssp585",NA,0.258919600829748,6.17754625592915
"4275",5110,"Beijing","mpi-esm1-2-hr","ssp585",NA,0.615267480991731,4.98238688877653
"4276",5111,"Beijing","mpi-esm1-2-hr","ssp585",NA,0.54155789215916,3.64328918457033
"4277",5112,"Beijing","mpi-esm1-2-hr","ssp585",NA,0.00209435274882707,0.122078377859955
"4278",5113,"Beijing","mpi-esm1-2-hr","ssp585",NA,0.144473862604043,2.71736951555527
"4279",5114,"Beijing","mpi-esm1-2-hr","ssp585",NA,1.48258245369236,1.82271783011302
"4280",5115,"Beijing","mpi-esm1-2-hr","ssp585",NA,0,-0.425570460728212
"4281",5116,"Beijing","mpi-esm1-2-hr","ssp585",NA,0.036433579927169,2.7487241472517
"4282",5117,"Beijing","mpi-esm1-2-hr","ssp585",NA,0.125845463370362,-2.86005412510461
"4283",5118,"Beijing","mpi-esm1-2-hr","ssp585",NA,0.00204437477415402,-3.3913760593959
"4284",5119,"Beijing","mpi-esm1-2-hr","ssp585",NA,0.00243726350553126,1.7347852434431
"4285",5120,"Beijing","mpi-esm1-2-hr","ssp585",NA,0.0401429262183229,2.55572880336219
"4286",5121,"Beijing","mpi-esm1-2-hr","ssp585",NA,0.00415746981161646,3.50688596452988
"4287",5122,"Beijing","mpi-esm1-2-hr","ssp585",NA,0.0552606876226492,6.46190741402765
"4288",5123,"Beijing","mpi-esm1-2-hr","ssp585",NA,0.0578437280117734,3.39660960606169
"4289",5124,"Beijing","mpi-esm1-2-hr","ssp585",NA,1.00329818056447,9.49754922049389
"4290",5125,"Beijing","mpi-esm1-2-hr","ssp585",NA,0.00480567993171073,10.9205212184361
"4291",5126,"Beijing","mpi-esm1-2-hr","ssp585",NA,0.153448504722422,12.7094153267997
"4292",5127,"Beijing","mpi-esm1-2-hr","ssp585",NA,0.394413007071697,12.8827622549875
"4293",5128,"Beijing","mpi-esm1-2-hr","ssp585",NA,0.0322878929572263,15.9616921561105
"4294",5129,"Beijing","mpi-esm1-2-hr","ssp585",NA,0.559248758275187,14.4563346862793
"4295",5130,"Beijing","mpi-esm1-2-hr","ssp585",NA,0.107015800936746,17.2862972804478
"4296",5131,"Beijing","mpi-esm1-2-hr","ssp585",NA,7.80973807020798,19.497322518485
"4297",5132,"Beijing","mpi-esm1-2-hr","ssp585",NA,0.0896484576320031,16.5314586094448
"4298",5133,"Beijing","mpi-esm1-2-hr","ssp585",NA,0.446027873944591,18.0943068368095
"4299",5134,"Beijing","mpi-esm1-2-hr","ssp585",NA,3.23975614596748,19.4362470354353
"4300",5135,"Beijing","mpi-esm1-2-hr","ssp585",NA,0.701149384264811,21.9025321960449
"4301",5136,"Beijing","mpi-esm1-2-hr","ssp585",NA,0.171208427523847,27.4942963736398
"4302",5137,"Beijing","mpi-esm1-2-hr","ssp585",NA,0.173162328435085,28.6716683523996
"4303",5138,"Beijing","mpi-esm1-2-hr","ssp585",NA,4.19986961472725,26.9782681056431
"4304",5139,"Beijing","mpi-esm1-2-hr","ssp585",NA,1.76207759360035,27.2204447065081
"4305",5140,"Beijing","mpi-esm1-2-hr","ssp585",NA,1.13222336295361,28.8757944379534
"4306",5141,"Beijing","mpi-esm1-2-hr","ssp585",NA,9.91039156399764,26.3384114946638
"4307",5142,"Beijing","mpi-esm1-2-hr","ssp585",NA,7.60181838385766,27.3127832685198
"4308",5143,"Beijing","mpi-esm1-2-hr","ssp585",NA,11.8595959742704,26.9596965244838
"4309",5144,"Beijing","mpi-esm1-2-hr","ssp585",NA,8.38581942870016,26.0200564793178
"4310",5145,"Beijing","mpi-esm1-2-hr","ssp585",NA,0.0886413668792685,28.3218197413853
"4311",5146,"Beijing","mpi-esm1-2-hr","ssp585",NA,0.190294014906353,30.2485595703125
"4312",5147,"Beijing","mpi-esm1-2-hr","ssp585",NA,0.12956631185911,29.9597624642509
"4313",5148,"Beijing","mpi-esm1-2-hr","ssp585",NA,6.41036459962509,28.2421530587333
"4314",5149,"Beijing","mpi-esm1-2-hr","ssp585",NA,9.79562823419785,23.396925680978
"4315",5150,"Beijing","mpi-esm1-2-hr","ssp585",NA,0.12311626950837,25.2963631766183
"4316",5151,"Beijing","mpi-esm1-2-hr","ssp585",NA,0.0138686695078962,27.5090957641602
"4317",5152,"Beijing","mpi-esm1-2-hr","ssp585",NA,0.863388279497355,23.4069016592843
"4318",5153,"Beijing","mpi-esm1-2-hr","ssp585",NA,0,22.8574511936733
"4319",5154,"Beijing","mpi-esm1-2-hr","ssp585",NA,0.500181786914514,18.6499327523368
"4320",5155,"Beijing","mpi-esm1-2-hr","ssp585",NA,0.00694759343267444,17.8050203595843
"4321",5156,"Beijing","mpi-esm1-2-hr","ssp585",NA,5.14592573170246,14.8282889229911
"4322",5157,"Beijing","mpi-esm1-2-hr","ssp585",NA,0,16.3174312046596
"4323",5158,"Beijing","mpi-esm1-2-hr","ssp585",NA,0,13.163109261649
"4324",5159,"Beijing","mpi-esm1-2-hr","ssp585",NA,0.108381557103193,15.5432601928711
"4325",5160,"Beijing","mpi-esm1-2-hr","ssp585",NA,0.0047874114053619,7.82776085989818
"4326",5161,"Beijing","mpi-esm1-2-hr","ssp585",NA,0.00648585358768676,9.76801670619421
"4327",5162,"Beijing","mpi-esm1-2-hr","ssp585",NA,0.109527924671836,5.70919897896905
"4328",5163,"Beijing","mpi-esm1-2-hr","ssp585",NA,0,6.3881889343262
"4329",5164,"Beijing","mpi-esm1-2-hr","ssp585",NA,0.0528950246656937,7.90176544189455
"4330",5165,"Beijing","mpi-esm1-2-hr","ssp585",NA,0.194301694097833,2.48718686785019
"4331",5166,"Beijing","mpi-esm1-2-hr","ssp585",NA,0.00889551960686471,-0.326006862095401
"4332",5167,"Beijing","mpi-esm1-2-hr","ssp585",NA,0.0130851694718461,0.833559744698682
"4333",5168,"Beijing","mpi-esm1-2-hr","ssp585",NA,0.502693032409037,-2.72396207536968
"4334",5169,"Beijing","mpi-esm1-2-hr","ssp585",NA,0.00827499748083937,2.31336637224472
"4335",5170,"Beijing","mpi-esm1-2-hr","ssp585",NA,0.00372173813047994,5.89077039446152
"4336",5171,"Beijing","mpi-esm1-2-hr","ssp585",NA,0.222249059074134,7.56492222377234
"4337",5172,"Beijing","mpi-esm1-2-hr","ssp585",NA,2.89567115917505,3.30328521728518
"4338",5173,"Beijing","mpi-esm1-2-hr","ssp585",NA,0.0366139968848854,1.54942256382536
"4339",5174,"Beijing","mpi-esm1-2-hr","ssp585",NA,0.0674046456099728,3.93137839181085
"4340",5175,"Beijing","mpi-esm1-2-hr","ssp585",NA,0.324023061460009,3.54066510881699
"4341",5176,"Beijing","mpi-esm1-2-hr","ssp585",NA,1.7187669001422,2.39070663452151
"4342",5177,"Beijing","mpi-esm1-2-hr","ssp585",NA,0.27741016312705,2.55503943307061
"4343",5178,"Beijing","mpi-esm1-2-hr","ssp585",NA,0.236499038289496,9.86947075980052
"4344",5179,"Beijing","mpi-esm1-2-hr","ssp585",NA,1.33977868962185,9.32567367553713
"4345",5180,"Beijing","mpi-esm1-2-hr","ssp585",NA,0.616932984153858,6.68770860944478
"4346",5181,"Beijing","mpi-esm1-2-hr","ssp585",NA,2.70600356991833,12.7485535757882
"4347",5182,"Beijing","mpi-esm1-2-hr","ssp585",NA,0,12.0085224696568
"4348",5183,"Beijing","mpi-esm1-2-hr","ssp585",NA,0.00634688232301934,18.6965548924037
"4349",5184,"Beijing","mpi-esm1-2-hr","ssp585",NA,0.0170776407360661,21.105171094622
"4350",5185,"Beijing","mpi-esm1-2-hr","ssp585",NA,0.958653062921908,21.3702663966588
"4351",5186,"Beijing","mpi-esm1-2-hr","ssp585",NA,0.0836716275054122,23.4772811889649
"4352",5187,"Beijing","mpi-esm1-2-hr","ssp585",NA,2.15342346433057,24.2243634905134
"4353",5188,"Beijing","mpi-esm1-2-hr","ssp585",NA,6.28546055348644,24.2875626700265
"4354",5189,"Beijing","mpi-esm1-2-hr","ssp585",NA,0.649305450783036,25.1404428754534
"4355",5190,"Beijing","mpi-esm1-2-hr","ssp585",NA,19.5183586513329,23.5762126377651
"4356",5191,"Beijing","mpi-esm1-2-hr","ssp585",NA,3.94873597223133,26.0891580854144
"4357",5192,"Beijing","mpi-esm1-2-hr","ssp585",NA,1.8705625673452,27.0864218575614
"4358",5193,"Beijing","mpi-esm1-2-hr","ssp585",NA,0.872964726184883,28.5430830819266
"4359",5194,"Beijing","mpi-esm1-2-hr","ssp585",NA,0.363309528776361,29.9377494812012
"4360",5195,"Beijing","mpi-esm1-2-hr","ssp585",NA,10.228805090901,29.6352036612375
"4361",5196,"Beijing","mpi-esm1-2-hr","ssp585",NA,1.31195610321291,28.8841600690569
"4362",5197,"Beijing","mpi-esm1-2-hr","ssp585",NA,7.76548122663111,28.7504729134696
"4363",5198,"Beijing","mpi-esm1-2-hr","ssp585",NA,6.65430505144155,27.5025802612305
"4364",5199,"Beijing","mpi-esm1-2-hr","ssp585",NA,7.53613953393142,26.0641979762486
"4365",5200,"Beijing","mpi-esm1-2-hr","ssp585",NA,5.7871260992085,27.6532188415528
"4366",5201,"Beijing","mpi-esm1-2-hr","ssp585",NA,0.529255237838048,26.6998039245606
"4367",5202,"Beijing","mpi-esm1-2-hr","ssp585",NA,1.3771955671213,29.8465705871582
"4368",5203,"Beijing","mpi-esm1-2-hr","ssp585",NA,0.733513757820349,27.7926433018276
"4369",5204,"Beijing","mpi-esm1-2-hr","ssp585",NA,2.94962740154006,26.959676361084
"4370",5205,"Beijing","mpi-esm1-2-hr","ssp585",NA,0.00407775707052289,25.0509691510882
"4371",5206,"Beijing","mpi-esm1-2-hr","ssp585",NA,3.44437440254686,22.5333866664342
"4372",5207,"Beijing","mpi-esm1-2-hr","ssp585",NA,7.17151187393808,15.4821291242327
"4373",5208,"Beijing","mpi-esm1-2-hr","ssp585",NA,0.0535025931380265,18.3653269086565
"4374",5209,"Beijing","mpi-esm1-2-hr","ssp585",NA,0,14.0836289542062
"4375",5210,"Beijing","mpi-esm1-2-hr","ssp585",NA,0.00198451672466555,11.385154070173
"4376",5211,"Beijing","mpi-esm1-2-hr","ssp585",NA,0.00192450870599714,12.9328982761928
"4377",5212,"Beijing","mpi-esm1-2-hr","ssp585",NA,0.45644971724609,6.58077665056503
"4378",5213,"Beijing","mpi-esm1-2-hr","ssp585",NA,0.0252677665360222,10.5547647748675
"4379",5214,"Beijing","mpi-esm1-2-hr","ssp585",NA,0.00406072635996679,6.99803041730611
"4380",5215,"Beijing","mpi-esm1-2-hr","ssp585",NA,1.38222502124076,4.22454550606866
"4381",5216,"Beijing","mpi-esm1-2-hr","ssp585",NA,0,-2.67553122384205
"4382",5217,"Beijing","mpi-esm1-2-hr","ssp585",NA,0,3.40804225376676
"4383",5218,"Beijing","mpi-esm1-2-hr","ssp585",NA,0.00442554138706848,4.27487771170482
"4384",5219,"Beijing","mpi-esm1-2-hr","ssp585",NA,0,3.44602192470008
"4385",5220,"Beijing","mpi-esm1-2-hr","ssp585",NA,0.00227667264880437,2.95900006975449
"4386",5221,"Beijing","mpi-esm1-2-hr","ssp585",NA,1.04693576596609,2.4830991472517
"4387",5222,"Beijing","mpi-esm1-2-hr","ssp585",NA,0.250290656439185,-3.19861504690985
"4388",5223,"Beijing","mpi-esm1-2-hr","ssp585",NA,0.00469678704705855,-3.7321702139718
"4389",5224,"Beijing","mpi-esm1-2-hr","ssp585",NA,0.00266736095519654,0.299474879673572
"4390",5225,"Beijing","mpi-esm1-2-hr","ssp585",NA,0.233164919096193,1.97085614885605
"4391",5226,"Beijing","mpi-esm1-2-hr","ssp585",NA,0.0205341316229481,5.47780816214428
"4392",5227,"Beijing","mpi-esm1-2-hr","ssp585",NA,0.00369719598113859,4.96468342372351
"4393",5228,"Beijing","mpi-esm1-2-hr","ssp585",NA,0.00245141849128621,6.72869916643418
"4394",5229,"Beijing","mpi-esm1-2-hr","ssp585",NA,0.00199255787915067,10.8437782287598
"4395",5230,"Beijing","mpi-esm1-2-hr","ssp585",NA,0.0317580548263712,13.5192259652274
"4396",5231,"Beijing","mpi-esm1-2-hr","ssp585",NA,2.12780196820859,10.2417726789202
"4397",5232,"Beijing","mpi-esm1-2-hr","ssp585",NA,0.148818047728128,9.25409469604495
