"","Week_index","state","gcm","ssp","aegypti_trapnight","pr","tas"
"1",941,"Arizona","gfdl-esm4","ssp585",0.0642556179775281,0.00335369816451868,2.0036534595128
"2",942,"Arizona","gfdl-esm4","ssp585",0.0642556179775281,0.177199982405763,6.30426178943043
"3",943,"Arizona","gfdl-esm4","ssp585",0.0642556179775281,1.2152173286924,6.78676267833688
"4",944,"Arizona","gfdl-esm4","ssp585",0.0642556179775281,2.66573522080147,6.48717713096804
"5",945,"Arizona","gfdl-esm4","ssp585",0.0600952886635608,0.00188314940258446,4.58208405968515
"6",946,"Arizona","gfdl-esm4","ssp585",0.0559349593495935,0.00171644171566983,8.49761665045238
"7",947,"Arizona","gfdl-esm4","ssp585",0.0559349593495935,1.48388901075634,9.51129215206722
"8",948,"Arizona","gfdl-esm4","ssp585",0.0559349593495935,0.866544654759142,6.91436245962886
"9",949,"Arizona","gfdl-esm4","ssp585",0.0344842370509067,0.0637855522024625,10.7166594031487
"10",950,"Arizona","gfdl-esm4","ssp585",0.01303351475222,7.48676729829453,9.21069528070927
"11",951,"Arizona","gfdl-esm4","ssp585",0.01303351475222,0.0652761451978597,7.81680586437512
"12",952,"Arizona","gfdl-esm4","ssp585",0.01303351475222,0.604494594296524,12.2845768326905
"13",953,"Arizona","gfdl-esm4","ssp585",0.0209184123729273,2.13449683040647,13.6951884929209
"14",954,"Arizona","gfdl-esm4","ssp585",0.0288033099936346,2.38455766445823,8.3748727135351
"15",955,"Arizona","gfdl-esm4","ssp585",0.0288033099936346,0.739295659546682,9.65082862747909
"16",956,"Arizona","gfdl-esm4","ssp585",0.0288033099936346,0.323629969525554,16.1694524521472
"17",957,"Arizona","gfdl-esm4","ssp585",0.0288033099936346,0.420671521527473,20.8100345886462
"18",958,"Arizona","gfdl-esm4","ssp585",0.0981825357701793,1.14733411504853,15.3557060540702
"19",959,"Arizona","gfdl-esm4","ssp585",0.167561761546724,1.00854452749904,18.943886962582
"20",960,"Arizona","gfdl-esm4","ssp585",0.167561761546724,0.685434153175977,20.6849240154744
"21",961,"Arizona","gfdl-esm4","ssp585",0.167561761546724,3.58984042119146,15.5646044705822
"22",962,"Arizona","gfdl-esm4","ssp585",0.310268976011457,0.105600546248407,15.7249897760326
"23",963,"Arizona","gfdl-esm4","ssp585",0.45297619047619,0.117329126233856,22.5850393263941
"24",964,"Arizona","gfdl-esm4","ssp585",0.45297619047619,0.143214926050142,21.0786094540139
"25",965,"Arizona","gfdl-esm4","ssp585",0.45297619047619,0.224142706123732,23.1856423167001
"26",966,"Arizona","gfdl-esm4","ssp585",0.568509525878118,0.13980434588809,26.8649889534855
"27",967,"Arizona","gfdl-esm4","ssp585",0.684042861280046,0.446793409363269,27.3560143934942
"28",968,"Arizona","gfdl-esm4","ssp585",0.684042861280046,0.0742624935194159,29.9076417250217
"29",969,"Arizona","gfdl-esm4","ssp585",0.684042861280046,0.0525435731506104,29.0109048758988
"30",970,"Arizona","gfdl-esm4","ssp585",0.684042861280046,0.175098249947018,26.1333815621667
"31",971,"Arizona","gfdl-esm4","ssp585",0.870928324350542,2.63152970420366,27.5431905830856
"32",972,"Arizona","gfdl-esm4","ssp585",1.05781378742104,1.98182613963356,26.9323274364062
"33",973,"Arizona","gfdl-esm4","ssp585",1.05781378742104,5.42423909407622,25.4866616115257
"34",974,"Arizona","gfdl-esm4","ssp585",1.05781378742104,0.123974838024924,26.3848009574881
"35",975,"Arizona","gfdl-esm4","ssp585",1.33896719202851,0.71739733064512,26.4012855037878
"36",976,"Arizona","gfdl-esm4","ssp585",1.62012059663599,0.432135434463705,25.884085549838
"37",977,"Arizona","gfdl-esm4","ssp585",1.62012059663599,2.81712694677814,23.5469575942241
"38",978,"Arizona","gfdl-esm4","ssp585",1.62012059663599,0.0436006970688333,21.4940923138605
"39",979,"Arizona","gfdl-esm4","ssp585",1.62012059663599,0.00166498219637629,21.5433856100861
"40",980,"Arizona","gfdl-esm4","ssp585",2.69001701644923,0.000673893230424001,23.9566153775877
"41",981,"Arizona","gfdl-esm4","ssp585",2.69001701644923,0.192974496807364,20.47135069952
"42",982,"Arizona","gfdl-esm4","ssp585",2.69001701644923,0.564430915035496,16.3349676428794
"43",983,"Arizona","gfdl-esm4","ssp585",2.69001701644923,0.960642115224327,15.7278145231881
"44",984,"Arizona","gfdl-esm4","ssp585",1.87593705979537,0.510031557502843,14.1711526786332
"45",985,"Arizona","gfdl-esm4","ssp585",1.06185710314151,0.0109389544266955,11.8121198536021
"46",986,"Arizona","gfdl-esm4","ssp585",1.06185710314151,0.0220455642852961,9.43160720613002
"47",987,"Arizona","gfdl-esm4","ssp585",1.06185710314151,0.0856099441671004,9.17629097457483
"48",988,"Arizona","gfdl-esm4","ssp585",0.608511152992752,0.77950164543568,5.2593492124536
"49",989,"Arizona","gfdl-esm4","ssp585",0.155165202843998,1.55896730645156,7.48840501016072
"50",990,"Arizona","gfdl-esm4","ssp585",0.155165202843998,0.0329322538311153,5.8157653731432
"51",991,"Arizona","gfdl-esm4","ssp585",0.155165202843998,1.06679783455848,10.2796563651258
"52",992,"Arizona","gfdl-esm4","ssp585",0.155165202843998,2.6045922548009,8.5896504900097
"53",993,"Arizona","gfdl-esm4","ssp585",0.0841722532280519,0.0252273077989708,6.02726152615363
"54",994,"Arizona","gfdl-esm4","ssp585",0.0131793036121054,0.590555782529088,3.89480435724658
"55",995,"Arizona","gfdl-esm4","ssp585",0.0131793036121054,0.00228008554624211,3.20808519828789
"56",996,"Arizona","gfdl-esm4","ssp585",0.0131793036121054,0.0642886478428119,2.07059131723592
"57",997,"Arizona","gfdl-esm4","ssp585",0.00899499010524576,0.00455595188194373,5.75578479019341
"58",998,"Arizona","gfdl-esm4","ssp585",0.0048106765983861,0.00151841921598857,10.6662359148453
"59",999,"Arizona","gfdl-esm4","ssp585",0.0048106765983861,1.6783213086023,9.70883849248877
"60",1000,"Arizona","gfdl-esm4","ssp585",0.0048106765983861,0.923353507715695,5.65928531458648
"61",1001,"Arizona","gfdl-esm4","ssp585",0.012139578101418,0.182754467325448,7.73657106189754
"62",1002,"Arizona","gfdl-esm4","ssp585",0.0194684796044499,0.387979312424851,5.88827525451122
"63",1003,"Arizona","gfdl-esm4","ssp585",0.0194684796044499,1.33007734948294,6.8773569447051
"64",1004,"Arizona","gfdl-esm4","ssp585",0.0194684796044499,1.73528076896813,12.3797736976903
"65",1005,"Arizona","gfdl-esm4","ssp585",0.0194684796044499,0.0155316475485315,13.9959774977037
"66",1006,"Arizona","gfdl-esm4","ssp585",0.142794376098418,0.0443203027493556,14.2824880954439
"67",1007,"Arizona","gfdl-esm4","ssp585",0.142794376098418,0.00552109384986318,15.3582726171134
"68",1008,"Arizona","gfdl-esm4","ssp585",0.142794376098418,0.0442705481180086,16.223839251763
"69",1009,"Arizona","gfdl-esm4","ssp585",0.142794376098418,0.172951825874804,15.0536975035927
"70",1010,"Arizona","gfdl-esm4","ssp585",0.438108417995733,0.970739657212834,15.425520550406
"71",1011,"Arizona","gfdl-esm4","ssp585",0.733422459893048,0.00968387076519997,21.4953399079488
"72",1012,"Arizona","gfdl-esm4","ssp585",0.733422459893048,0.0395677646072695,21.6141317606274
"73",1013,"Arizona","gfdl-esm4","ssp585",0.733422459893048,0.00241539977795848,23.1402009098328
"74",1014,"Arizona","gfdl-esm4","ssp585",0.850138371910251,0.00524229432229767,22.8511387184809
"75",1015,"Arizona","gfdl-esm4","ssp585",0.966854283927455,0.0149224515702689,20.8568300731867
"76",1016,"Arizona","gfdl-esm4","ssp585",0.966854283927455,0.0238923815550324,25.6746667140956
"77",1017,"Arizona","gfdl-esm4","ssp585",0.966854283927455,0.0493081119634869,27.8533046949076
"78",1018,"Arizona","gfdl-esm4","ssp585",0.966854283927455,0.3148377170708,27.8546283707456
"79",1019,"Arizona","gfdl-esm4","ssp585",0.564256480218281,1.87120233529712,26.1125043750864
"80",1020,"Arizona","gfdl-esm4","ssp585",0.564256480218281,1.46336101072844,28.6034704389223
"81",1021,"Arizona","gfdl-esm4","ssp585",0.564256480218281,0.701886245528167,28.8452948530465
"82",1022,"Arizona","gfdl-esm4","ssp585",0.564256480218281,0.204013404758814,29.5787803293028
"83",1023,"Arizona","gfdl-esm4","ssp585",0.703585269135891,0.910890160601034,27.442541912865
"84",1024,"Arizona","gfdl-esm4","ssp585",0.8429140580535,0.442063746135141,27.9106355727397
"85",1025,"Arizona","gfdl-esm4","ssp585",0.8429140580535,2.5310156198219,25.8465953031171
"86",1026,"Arizona","gfdl-esm4","ssp585",0.8429140580535,4.08708675827722,25.2196038671752
"87",1027,"Arizona","gfdl-esm4","ssp585",0.874543063939468,1.3572888064777,25.6097906640749
"88",1028,"Arizona","gfdl-esm4","ssp585",0.906172069825436,1.99702739771024,25.5359560266005
"89",1029,"Arizona","gfdl-esm4","ssp585",0.906172069825436,1.18309428705464,24.1763351112491
"90",1030,"Arizona","gfdl-esm4","ssp585",0.906172069825436,0.0900927058985637,24.9548760685396
"91",1031,"Arizona","gfdl-esm4","ssp585",0.906172069825436,0.00812700821539548,24.9132534485249
"92",1032,"Arizona","gfdl-esm4","ssp585",1.12896187211004,3.25318428304508,21.990410798238
"93",1033,"Arizona","gfdl-esm4","ssp585",1.35175167439464,0.78774325067476,18.6133128401302
"94",1034,"Arizona","gfdl-esm4","ssp585",1.35175167439464,0.0346627987437731,16.1261753627232
"95",1035,"Arizona","gfdl-esm4","ssp585",1.35175167439464,0.00647279577281997,15.2679031622847
"96",1036,"Arizona","gfdl-esm4","ssp585",0.7914176047518,0.0120227699970755,11.9429556556056
"97",1037,"Arizona","gfdl-esm4","ssp585",0.231083535108959,0.0686488753772198,13.7747980515665
"98",1038,"Arizona","gfdl-esm4","ssp585",0.231083535108959,6.37860578756573,8.79419476958807
"99",1039,"Arizona","gfdl-esm4","ssp585",0.231083535108959,0.444427305413259,9.07462959144874
"100",1040,"Arizona","gfdl-esm4","ssp585",0.197106478332673,1.4576387974839,9.84323088480762
"101",1041,"Arizona","gfdl-esm4","ssp585",0.163129421556388,2.78588344666552,8.79796081620133
"102",1042,"Arizona","gfdl-esm4","ssp585",0.163129421556388,0.0490335656714521,5.80411934834518
"103",1043,"Arizona","gfdl-esm4","ssp585",0.163129421556388,0.00131779417709663,6.7247536216765
"104",1044,"Arizona","gfdl-esm4","ssp585",0.163129421556388,0.160022638099784,3.60139798286141
"105",1045,"Arizona","gfdl-esm4","ssp585",0.163129421556388,0.052699295099544,4.92853507754477
"106",1046,"Arizona","gfdl-esm4","ssp585",NA,3.05983757799159,7.39646839474609
"107",1047,"Arizona","gfdl-esm4","ssp585",NA,0.918904961290812,5.64389812792601
"108",1048,"Arizona","gfdl-esm4","ssp585",NA,0.00235932430928848,6.98895664142751
"109",1049,"Arizona","gfdl-esm4","ssp585",NA,0.0023205843992536,11.0740488701012
"110",1050,"Arizona","gfdl-esm4","ssp585",NA,0.00399750775285094,9.62433574305174
"111",1051,"Arizona","gfdl-esm4","ssp585",NA,0.0190012826259465,8.21070164657576
"112",1052,"Arizona","gfdl-esm4","ssp585",NA,0.866430514750681,7.64848602719315
"113",1053,"Arizona","gfdl-esm4","ssp585",NA,0.31414978932668,8.55781556333214
"114",1054,"Arizona","gfdl-esm4","ssp585",NA,0.0538854684203522,10.231364747637
"115",1055,"Arizona","gfdl-esm4","ssp585",NA,0.00196060875798861,16.3760271730676
"116",1056,"Arizona","gfdl-esm4","ssp585",NA,4.31007059175123,13.6856785056866
"117",1057,"Arizona","gfdl-esm4","ssp585",NA,0.0849389093462966,10.0774323088481
"118",1058,"Arizona","gfdl-esm4","ssp585",NA,0.0030297771413281,19.0193210529467
"119",1059,"Arizona","gfdl-esm4","ssp585",NA,1.50328756160488,12.6651012473703
"120",1060,"Arizona","gfdl-esm4","ssp585",NA,0.588142424995612,14.9552988778174
"121",1061,"Arizona","gfdl-esm4","ssp585",NA,0.0057823529610335,18.7874334863405
"122",1062,"Arizona","gfdl-esm4","ssp585",NA,0.00596044240452808,21.4870456468893
"123",1063,"Arizona","gfdl-esm4","ssp585",NA,0.3156073645213,24.2758008491526
"124",1064,"Arizona","gfdl-esm4","ssp585",NA,0.779472564500113,20.0905934098698
"125",1065,"Arizona","gfdl-esm4","ssp585",NA,0.00540984050169786,19.5712573797754
"126",1066,"Arizona","gfdl-esm4","ssp585",NA,0.0289195647982215,20.1577145273857
"127",1067,"Arizona","gfdl-esm4","ssp585",NA,0.0150308512648619,21.3869419720019
"128",1068,"Arizona","gfdl-esm4","ssp585",NA,0.21484757459645,23.3339401920285
"129",1069,"Arizona","gfdl-esm4","ssp585",NA,0.0141096475052364,23.7066698925535
"130",1070,"Arizona","gfdl-esm4","ssp585",NA,0.124687084932073,28.6117726476696
"131",1071,"Arizona","gfdl-esm4","ssp585",NA,0.0239556992056039,29.3106862604694
"132",1072,"Arizona","gfdl-esm4","ssp585",NA,0.324820115052859,29.8944097121054
"133",1073,"Arizona","gfdl-esm4","ssp585",NA,2.71550425488946,29.3891087200488
"134",1074,"Arizona","gfdl-esm4","ssp585",NA,3.05132057110451,30.2263013374338
"135",1075,"Arizona","gfdl-esm4","ssp585",NA,3.62155068014246,26.5650626972261
"136",1076,"Arizona","gfdl-esm4","ssp585",NA,6.24163595764593,23.0048745484479
"137",1077,"Arizona","gfdl-esm4","ssp585",NA,0.216948010603727,28.3850765416354
"138",1078,"Arizona","gfdl-esm4","ssp585",NA,0.0376272782781317,27.4177668478637
"139",1079,"Arizona","gfdl-esm4","ssp585",NA,0.0179405326957375,25.3951567561829
"140",1080,"Arizona","gfdl-esm4","ssp585",NA,0.00335700274855366,28.2664530564802
"141",1081,"Arizona","gfdl-esm4","ssp585",NA,0.025869156107396,27.5670876600649
"142",1082,"Arizona","gfdl-esm4","ssp585",NA,6.35782782339468,23.3251625495072
"143",1083,"Arizona","gfdl-esm4","ssp585",NA,1.84209097940297,21.7454239373864
"144",1084,"Arizona","gfdl-esm4","ssp585",NA,0.147466601534992,21.7762333036826
"145",1085,"Arizona","gfdl-esm4","ssp585",NA,1.70997469924027,18.7687199608264
"146",1086,"Arizona","gfdl-esm4","ssp585",NA,0.000809825363412367,21.4727455959007
"147",1087,"Arizona","gfdl-esm4","ssp585",NA,0.00140659152847295,19.7278130185288
"148",1088,"Arizona","gfdl-esm4","ssp585",NA,0.00279984209424473,18.6609587658522
"149",1089,"Arizona","gfdl-esm4","ssp585",NA,0.679562642186254,15.841729273356
"150",1090,"Arizona","gfdl-esm4","ssp585",NA,0.122764042370974,12.1675630629741
"151",1091,"Arizona","gfdl-esm4","ssp585",NA,0.306105821782027,8.468510905771
"152",1092,"Arizona","gfdl-esm4","ssp585",NA,0.614264515826486,5.56153187902479
"153",1093,"Arizona","gfdl-esm4","ssp585",NA,2.29032477136927,8.59368602497089
"154",1094,"Arizona","gfdl-esm4","ssp585",NA,0.543537234629686,6.14542701615096
"155",1095,"Arizona","gfdl-esm4","ssp585",NA,3.47491427065942,5.62994017474422
"156",1096,"Arizona","gfdl-esm4","ssp585",NA,0.00205977584600953,4.26000964216579
"157",1097,"Arizona","gfdl-esm4","ssp585",NA,0.264179004233392,6.5767281668527
"158",1098,"Arizona","gfdl-esm4","ssp585",NA,3.82391531469378,7.32691624927162
"159",1099,"Arizona","gfdl-esm4","ssp585",NA,0.000850992174168598,8.89661230190969
"160",1100,"Arizona","gfdl-esm4","ssp585",NA,0.890219707364512,5.92592356762605
"161",1101,"Arizona","gfdl-esm4","ssp585",NA,0.245306898103474,8.64510698668124
"162",1102,"Arizona","gfdl-esm4","ssp585",NA,0.123392605299127,8.48603513310142
"163",1103,"Arizona","gfdl-esm4","ssp585",NA,1.32723454389703,5.82227819469276
"164",1104,"Arizona","gfdl-esm4","ssp585",NA,1.20308753876376,7.63627359460189
"165",1105,"Arizona","gfdl-esm4","ssp585",NA,1.3433961085559,3.38378033547578
"166",1106,"Arizona","gfdl-esm4","ssp585",NA,3.1970449779055,10.8111894725698
"167",1107,"Arizona","gfdl-esm4","ssp585",NA,3.25744745761064,9.9352118298016
"168",1108,"Arizona","gfdl-esm4","ssp585",NA,0.119462646688671,9.79646985310823
"169",1109,"Arizona","gfdl-esm4","ssp585",NA,0.153618928517245,12.952954618548
"170",1110,"Arizona","gfdl-esm4","ssp585",NA,0.00228605449811041,14.8681037526667
"171",1111,"Arizona","gfdl-esm4","ssp585",NA,1.16325646132671,16.4583029109217
"172",1112,"Arizona","gfdl-esm4","ssp585",NA,0.458818508134981,15.6383885283537
"173",1113,"Arizona","gfdl-esm4","ssp585",NA,0.136538750120732,15.3789674317641
"174",1114,"Arizona","gfdl-esm4","ssp585",NA,0.00223721850424411,18.6755268391104
"175",1115,"Arizona","gfdl-esm4","ssp585",NA,0.0154528817576841,17.3831616889964
"176",1116,"Arizona","gfdl-esm4","ssp585",NA,0.0122094009052161,18.6428624207392
"177",1117,"Arizona","gfdl-esm4","ssp585",NA,0.00128613094346363,21.8751646174493
"178",1118,"Arizona","gfdl-esm4","ssp585",NA,0.0175183918452192,23.4063902728326
"179",1119,"Arizona","gfdl-esm4","ssp585",NA,0.068607163347041,21.9717435699347
"180",1120,"Arizona","gfdl-esm4","ssp585",NA,0.0681692989897662,25.4088773975782
"181",1121,"Arizona","gfdl-esm4","ssp585",NA,0.108947696452584,27.9166489631277
"182",1122,"Arizona","gfdl-esm4","ssp585",NA,0.180997496953855,25.9592008839064
"183",1123,"Arizona","gfdl-esm4","ssp585",NA,3.56159451442902,25.9455920888561
"184",1124,"Arizona","gfdl-esm4","ssp585",NA,0.0213618746889832,27.3201914636586
"185",1125,"Arizona","gfdl-esm4","ssp585",NA,0.0982231580390216,27.1121029011067
"186",1126,"Arizona","gfdl-esm4","ssp585",NA,1.01796901427773,26.7824525237536
"187",1127,"Arizona","gfdl-esm4","ssp585",NA,0.385371903418492,29.593031305248
"188",1128,"Arizona","gfdl-esm4","ssp585",NA,1.24526501553394,27.3560620024593
"189",1129,"Arizona","gfdl-esm4","ssp585",NA,2.14665233375284,26.1867157561137
"190",1130,"Arizona","gfdl-esm4","ssp585",NA,2.17885079073818,25.450260313784
"191",1131,"Arizona","gfdl-esm4","ssp585",NA,0.414437793580974,25.7403577493506
"192",1132,"Arizona","gfdl-esm4","ssp585",NA,3.98202142858858,23.7954103414389
"193",1133,"Arizona","gfdl-esm4","ssp585",NA,1.63423998907626,23.4923598336511
"194",1134,"Arizona","gfdl-esm4","ssp585",NA,0.898022763462347,24.7050951700898
"195",1135,"Arizona","gfdl-esm4","ssp585",NA,0.203376561104233,21.3218869832614
"196",1136,"Arizona","gfdl-esm4","ssp585",NA,0.00254521120017172,23.4501047937367
"197",1137,"Arizona","gfdl-esm4","ssp585",NA,2.50019568575985,21.1551214977703
"198",1138,"Arizona","gfdl-esm4","ssp585",NA,0.382917965545878,17.6507312104313
"199",1139,"Arizona","gfdl-esm4","ssp585",NA,0.00806200137307724,18.3474487536174
"200",1140,"Arizona","gfdl-esm4","ssp585",NA,0.00470180434851325,17.8743338911633
"201",1141,"Arizona","gfdl-esm4","ssp585",NA,0.0456954595331805,12.5585220587691
"202",1142,"Arizona","gfdl-esm4","ssp585",NA,0.00246478117751555,10.8867018052209
"203",1143,"Arizona","gfdl-esm4","ssp585",NA,0.901473820261825,11.771926467066
"204",1144,"Arizona","gfdl-esm4","ssp585",NA,3.42824865680539,8.38564024875802
"205",1145,"Arizona","gfdl-esm4","ssp585",NA,0.0299650499505649,7.55412914792146
"206",1146,"Arizona","gfdl-esm4","ssp585",NA,3.31531421538733,9.35408194791504
"207",1147,"Arizona","gfdl-esm4","ssp585",NA,1.4627790014003,8.06841257049524
"208",1148,"Arizona","gfdl-esm4","ssp585",NA,4.06594231231556,2.38516801720777
"209",1149,"Arizona","gfdl-esm4","ssp585",NA,2.51503782440807,1.22075053334389
"210",1150,"Arizona","gfdl-esm4","ssp585",NA,4.98563162098265,2.88028408585851
"211",1151,"Arizona","gfdl-esm4","ssp585",NA,0.00116697874350468,4.0010441487116
"212",1152,"Arizona","gfdl-esm4","ssp585",NA,0.00158899306824758,7.936631263704
"213",1153,"Arizona","gfdl-esm4","ssp585",NA,7.82149828142463,9.2072534688957
"214",1154,"Arizona","gfdl-esm4","ssp585",NA,1.2448961310078,4.25587101874854
"215",1155,"Arizona","gfdl-esm4","ssp585",NA,2.18490723932156,3.70229418883585
"216",1156,"Arizona","gfdl-esm4","ssp585",NA,7.99070649435843,6.60784757013721
"217",1157,"Arizona","gfdl-esm4","ssp585",NA,3.36727595080005,5.26853654670959
"218",1158,"Arizona","gfdl-esm4","ssp585",NA,1.15387562715751,7.94852698479231
"219",1159,"Arizona","gfdl-esm4","ssp585",NA,0.647423915984205,8.06467302903516
"220",1160,"Arizona","gfdl-esm4","ssp585",NA,0.00243398137147039,12.3145188207422
"221",1161,"Arizona","gfdl-esm4","ssp585",NA,1.91689503673231,9.36545721119185
"222",1162,"Arizona","gfdl-esm4","ssp585",NA,0.00618100908036151,13.2028436595661
"223",1163,"Arizona","gfdl-esm4","ssp585",NA,0.018661524658669,14.8294206968903
"224",1164,"Arizona","gfdl-esm4","ssp585",NA,0.0118014526231654,14.5075288061246
"225",1165,"Arizona","gfdl-esm4","ssp585",NA,0.481076790636073,14.0567039287196
"226",1166,"Arizona","gfdl-esm4","ssp585",NA,1.03414914814949,13.8062332404097
"227",1167,"Arizona","gfdl-esm4","ssp585",NA,1.75927043252738,17.5812664509423
"228",1168,"Arizona","gfdl-esm4","ssp585",NA,0.211865611432659,19.2334831536796
"229",1169,"Arizona","gfdl-esm4","ssp585",NA,0.381260353882607,19.7108423900966
"230",1170,"Arizona","gfdl-esm4","ssp585",NA,0.232865076985762,21.9414532339528
"231",1171,"Arizona","gfdl-esm4","ssp585",NA,0.0246181718984099,22.101781902482
"232",1172,"Arizona","gfdl-esm4","ssp585",NA,0.0015425459143016,22.5947709615252
"233",1173,"Arizona","gfdl-esm4","ssp585",NA,0.00411350488004554,25.8545900598037
"234",1174,"Arizona","gfdl-esm4","ssp585",NA,0.00400615630929085,24.7114374249985
"235",1175,"Arizona","gfdl-esm4","ssp585",NA,1.22273580606842,26.6988571996484
"236",1176,"Arizona","gfdl-esm4","ssp585",NA,0.924517053958587,29.8344101087182
"237",1177,"Arizona","gfdl-esm4","ssp585",NA,4.36525541603266,28.4158939327814
"238",1178,"Arizona","gfdl-esm4","ssp585",NA,7.95431075053697,26.6793338201742
"239",1179,"Arizona","gfdl-esm4","ssp585",NA,4.94097609474168,25.6038747293157
"240",1180,"Arizona","gfdl-esm4","ssp585",NA,8.24799010701462,23.3757615428206
"241",1181,"Arizona","gfdl-esm4","ssp585",NA,2.36867631128951,26.4689572880452
"242",1182,"Arizona","gfdl-esm4","ssp585",NA,1.24693277644198,26.5806643942967
"243",1183,"Arizona","gfdl-esm4","ssp585",NA,4.04485760476178,24.4499613109642
"244",1184,"Arizona","gfdl-esm4","ssp585",NA,3.54992133963236,24.5379942613064
"245",1185,"Arizona","gfdl-esm4","ssp585",NA,1.75790756276356,25.0723413132235
"246",1186,"Arizona","gfdl-esm4","ssp585",NA,0.942657126283612,24.8624216188221
"247",1187,"Arizona","gfdl-esm4","ssp585",NA,0.374762020231216,22.2891544308283
"248",1188,"Arizona","gfdl-esm4","ssp585",NA,0.00188680156306999,23.1657917316886
"249",1189,"Arizona","gfdl-esm4","ssp585",NA,0.023246220144479,21.1328558573379
"250",1190,"Arizona","gfdl-esm4","ssp585",NA,0.0102967237717569,20.7784071892161
"251",1191,"Arizona","gfdl-esm4","ssp585",NA,0.153529782446973,18.6448160472923
"252",1192,"Arizona","gfdl-esm4","ssp585",NA,1.8951140917619,19.2545182142487
"253",1193,"Arizona","gfdl-esm4","ssp585",NA,0.561773241780428,14.7919780977155
"254",1194,"Arizona","gfdl-esm4","ssp585",NA,0.614134132573334,11.0908870885104
"255",1195,"Arizona","gfdl-esm4","ssp585",NA,0.270726476365779,8.65041990026966
"256",1196,"Arizona","gfdl-esm4","ssp585",NA,4.24681093183318,10.7995971911174
"257",1197,"Arizona","gfdl-esm4","ssp585",NA,0.327082197331079,6.42910025074572
"258",1198,"Arizona","gfdl-esm4","ssp585",NA,4.55648590693345,7.26850602913146
"259",1199,"Arizona","gfdl-esm4","ssp585",NA,0.358340661671623,7.63670874980249
"260",1200,"Arizona","gfdl-esm4","ssp585",NA,0.505972757418333,7.60695615592409
"261",1201,"Arizona","gfdl-esm4","ssp585",NA,5.8055130788666,7.78907406658652
"262",1202,"Arizona","gfdl-esm4","ssp585",NA,0.290085081453667,2.89201186381461
"263",1203,"Arizona","gfdl-esm4","ssp585",NA,0.00331514308220405,6.58917058083866
"264",1204,"Arizona","gfdl-esm4","ssp585",NA,1.94352223090147,6.98674826447191
"265",1205,"Arizona","gfdl-esm4","ssp585",NA,1.50540301110182,8.29973438518541
"266",1206,"Arizona","gfdl-esm4","ssp585",NA,0.0387603411473868,11.6028553804767
"267",1207,"Arizona","gfdl-esm4","ssp585",NA,0.756518217662803,3.1943791019329
"268",1208,"Arizona","gfdl-esm4","ssp585",NA,0.096751426722411,4.52806181202347
"269",1209,"Arizona","gfdl-esm4","ssp585",NA,0.425352312886481,6.27793140821302
"270",1210,"Arizona","gfdl-esm4","ssp585",NA,0.677988245664933,10.0114380268623
"271",1211,"Arizona","gfdl-esm4","ssp585",NA,1.04844880703256,9.28732167857639
"272",1212,"Arizona","gfdl-esm4","ssp585",NA,4.48577615379725,7.09069395197932
"273",1213,"Arizona","gfdl-esm4","ssp585",NA,0.00115324818224831,12.5678815029063
"274",1214,"Arizona","gfdl-esm4","ssp585",NA,0.0151815182178672,15.15870922296
"275",1215,"Arizona","gfdl-esm4","ssp585",NA,2.26340731578338,13.1965887134808
"276",1216,"Arizona","gfdl-esm4","ssp585",NA,0.00817013409567627,13.2483672825636
"277",1217,"Arizona","gfdl-esm4","ssp585",NA,0.128867902220057,13.087775645877
"278",1218,"Arizona","gfdl-esm4","ssp585",NA,1.19575048618677,13.9965330256524
"279",1219,"Arizona","gfdl-esm4","ssp585",NA,0.00283218043832112,19.873407406813
"280",1220,"Arizona","gfdl-esm4","ssp585",NA,0.0542746420232809,21.2850408464859
"281",1221,"Arizona","gfdl-esm4","ssp585",NA,0.00142746273062914,19.8007709025734
"282",1222,"Arizona","gfdl-esm4","ssp585",NA,0.00200709564914937,21.5453176312742
"283",1223,"Arizona","gfdl-esm4","ssp585",NA,0.006501597678631,22.339943088382
"284",1224,"Arizona","gfdl-esm4","ssp585",NA,0.00164985648634465,23.1255972263033
"285",1225,"Arizona","gfdl-esm4","ssp585",NA,0.0101216016551047,24.573542687263
"286",1226,"Arizona","gfdl-esm4","ssp585",NA,0.229609086535216,24.4597309869701
"287",1227,"Arizona","gfdl-esm4","ssp585",NA,0.0290911011652083,26.1245158777828
"288",1228,"Arizona","gfdl-esm4","ssp585",NA,0.442874096054624,28.6220234288579
"289",1229,"Arizona","gfdl-esm4","ssp585",NA,0.806798329852527,29.3220849809996
"290",1230,"Arizona","gfdl-esm4","ssp585",NA,0.00746182571773464,27.3440024278258
"291",1231,"Arizona","gfdl-esm4","ssp585",NA,1.34749330464969,26.8292571905742
"292",1232,"Arizona","gfdl-esm4","ssp585",NA,0.684141792256816,27.6489913226681
"293",1233,"Arizona","gfdl-esm4","ssp585",NA,0.148662251871079,27.5655292187871
"294",1234,"Arizona","gfdl-esm4","ssp585",NA,1.20143777724936,26.8623162155055
"295",1235,"Arizona","gfdl-esm4","ssp585",NA,0.449197970083241,27.2645905582703
"296",1236,"Arizona","gfdl-esm4","ssp585",NA,0.417981959803272,26.2587560294401
"297",1237,"Arizona","gfdl-esm4","ssp585",NA,1.4063630700111,25.3828786972953
"298",1238,"Arizona","gfdl-esm4","ssp585",NA,0.59380279104038,24.0125158259299
"299",1239,"Arizona","gfdl-esm4","ssp585",NA,7.81842143924051,18.9037085454775
"300",1240,"Arizona","gfdl-esm4","ssp585",NA,0.0155463145917615,21.3800502077819
"301",1241,"Arizona","gfdl-esm4","ssp585",NA,0.000491637712495822,21.8460619592486
"302",1242,"Arizona","gfdl-esm4","ssp585",NA,0.0469155489269244,18.6377737785561
"303",1243,"Arizona","gfdl-esm4","ssp585",NA,0.634531437025994,16.3874665579814
"304",1244,"Arizona","gfdl-esm4","ssp585",NA,0.399923353686032,13.2345851816209
"305",1245,"Arizona","gfdl-esm4","ssp585",NA,0.00523641913783838,12.7810424264554
"306",1246,"Arizona","gfdl-esm4","ssp585",NA,0.0070496556173887,12.091326564784
"307",1247,"Arizona","gfdl-esm4","ssp585",NA,0.726117417710072,10.0681928130679
"308",1248,"Arizona","gfdl-esm4","ssp585",NA,0.00147401895081182,8.91443757685339
"309",1249,"Arizona","gfdl-esm4","ssp585",NA,1.76255741917274,8.8075100403218
"310",1250,"Arizona","gfdl-esm4","ssp585",NA,3.82200812518276,9.09039398463429
"311",1251,"Arizona","gfdl-esm4","ssp585",NA,0.0794298099015223,5.29743977967469
"312",1252,"Arizona","gfdl-esm4","ssp585",NA,0.00275901877445666,7.7479067410591
"313",1253,"Arizona","gfdl-esm4","ssp585",NA,4.81885782532515,7.37755606129259
"314",1254,"Arizona","gfdl-esm4","ssp585",NA,0.00396083476162511,4.67660552554127
"315",1255,"Arizona","gfdl-esm4","ssp585",NA,0.000784423162594205,7.49978613775089
"316",1256,"Arizona","gfdl-esm4","ssp585",NA,0.0479024842239049,5.5665513454587
"317",1257,"Arizona","gfdl-esm4","ssp585",NA,0.000330415636321057,3.77636818289005
"318",1258,"Arizona","gfdl-esm4","ssp585",NA,0.000885598904732997,7.6449693296411
"319",1259,"Arizona","gfdl-esm4","ssp585",NA,0.0185624496616434,12.4587489459669
"320",1260,"Arizona","gfdl-esm4","ssp585",NA,0.193989310616627,8.97493163445206
"321",1261,"Arizona","gfdl-esm4","ssp585",NA,0.0315316765673535,9.30856993780126
"322",1262,"Arizona","gfdl-esm4","ssp585",NA,0.00902525610890573,10.4557535550085
"323",1263,"Arizona","gfdl-esm4","ssp585",NA,0.204761213679171,7.97328850785944
"324",1264,"Arizona","gfdl-esm4","ssp585",NA,0.0519777629091775,14.219046410176
"325",1265,"Arizona","gfdl-esm4","ssp585",NA,0.000385629564920922,13.9732772036238
"326",1266,"Arizona","gfdl-esm4","ssp585",NA,0.00876320486119447,15.21576548117
"327",1267,"Arizona","gfdl-esm4","ssp585",NA,0.0611287123485497,17.2067126017304
"328",1268,"Arizona","gfdl-esm4","ssp585",NA,0.00949811206408806,18.7727588523354
"329",1269,"Arizona","gfdl-esm4","ssp585",NA,0.00328962466245053,20.2944563102481
"330",1270,"Arizona","gfdl-esm4","ssp585",NA,0.0269267656179385,18.1546635026124
"331",1271,"Arizona","gfdl-esm4","ssp585",NA,0.00174416933829708,16.5945727708819
"332",1272,"Arizona","gfdl-esm4","ssp585",NA,0.00801588306941933,17.250613391746
"333",1273,"Arizona","gfdl-esm4","ssp585",NA,0.138326104746447,17.3827481391608
"334",1274,"Arizona","gfdl-esm4","ssp585",NA,0.00879794920670082,21.9028658204977
"335",1275,"Arizona","gfdl-esm4","ssp585",NA,0.155709487554177,18.1205217402443
"336",1276,"Arizona","gfdl-esm4","ssp585",NA,0.00832454705108343,23.0948585404156
"337",1277,"Arizona","gfdl-esm4","ssp585",NA,0.308318054754986,25.2776776223358
"338",1278,"Arizona","gfdl-esm4","ssp585",NA,0.0358628440406509,26.7433863199767
"339",1279,"Arizona","gfdl-esm4","ssp585",NA,0.116566021528188,27.9619604291566
"340",1280,"Arizona","gfdl-esm4","ssp585",NA,0.718126821156505,27.6731752880304
"341",1281,"Arizona","gfdl-esm4","ssp585",NA,3.03860567352467,26.0921270049779
"342",1282,"Arizona","gfdl-esm4","ssp585",NA,0.31387294593802,28.4614415917475
"343",1283,"Arizona","gfdl-esm4","ssp585",NA,0.244981322534421,27.5890723535897
"344",1284,"Arizona","gfdl-esm4","ssp585",NA,5.77894978831049,25.2286891932433
"345",1285,"Arizona","gfdl-esm4","ssp585",NA,0.639248255000757,28.1703156250618
"346",1286,"Arizona","gfdl-esm4","ssp585",NA,0.137519556002004,28.4972137103943
"347",1287,"Arizona","gfdl-esm4","ssp585",NA,0.174968937475208,28.4014170264475
"348",1288,"Arizona","gfdl-esm4","ssp585",NA,0.135340268222481,28.4351731716306
"349",1289,"Arizona","gfdl-esm4","ssp585",NA,0.0024002248061984,27.0418348078481
"350",1290,"Arizona","gfdl-esm4","ssp585",NA,0.295932618273893,26.1149490221412
"351",1291,"Arizona","gfdl-esm4","ssp585",NA,0.00875478306765431,27.1075913922374
"352",1292,"Arizona","gfdl-esm4","ssp585",NA,0.0385393339969453,25.9559746627711
"353",1293,"Arizona","gfdl-esm4","ssp585",NA,0.00602686184274246,23.9351721685243
"354",1294,"Arizona","gfdl-esm4","ssp585",NA,0.195222920361761,18.9853057205451
"355",1295,"Arizona","gfdl-esm4","ssp585",NA,0.00506951152306187,18.0134087448024
"356",1296,"Arizona","gfdl-esm4","ssp585",NA,0.0357624557286767,15.3297898014035
"357",1297,"Arizona","gfdl-esm4","ssp585",NA,0.000788170742066742,11.2382400763472
"358",1298,"Arizona","gfdl-esm4","ssp585",NA,0.00186035144222649,13.9827087170858
"359",1299,"Arizona","gfdl-esm4","ssp585",NA,2.43935604574154,12.3118718162952
"360",1300,"Arizona","gfdl-esm4","ssp585",NA,1.41733395340164,8.86201999051836
"361",1301,"Arizona","gfdl-esm4","ssp585",NA,0.06398197515507,7.17678230372454
"362",1302,"Arizona","gfdl-esm4","ssp585",NA,0.45659338498077,8.25666574895309
"363",1303,"Arizona","gfdl-esm4","ssp585",NA,0.330778508854951,8.1768819198898
"364",1304,"Arizona","gfdl-esm4","ssp585",NA,0.376148723358198,1.63793061035776
"365",1305,"Arizona","gfdl-esm4","ssp585",NA,0.000908711211295657,-0.163812888587901
"366",1306,"Arizona","gfdl-esm4","ssp585",NA,0.760377906038157,4.08243757747069
"367",1307,"Arizona","gfdl-esm4","ssp585",NA,0.0649269164739148,4.64672908662396
"368",1308,"Arizona","gfdl-esm4","ssp585",NA,0.0760113384129116,6.332477470234
"369",1309,"Arizona","gfdl-esm4","ssp585",NA,0.0852187740671579,6.77129898553554
"370",1310,"Arizona","gfdl-esm4","ssp585",NA,3.18545206585023,6.44680820084103
"371",1311,"Arizona","gfdl-esm4","ssp585",NA,0.122805752687485,1.58751568703829
"372",1312,"Arizona","gfdl-esm4","ssp585",NA,0.00251541133146505,10.0739138365696
"373",1313,"Arizona","gfdl-esm4","ssp585",NA,2.35576045732449,9.71646453047223
"374",1314,"Arizona","gfdl-esm4","ssp585",NA,0.972399072076404,6.24393667807021
"375",1315,"Arizona","gfdl-esm4","ssp585",NA,0.00842470807860699,10.3050361488622
"376",1316,"Arizona","gfdl-esm4","ssp585",NA,0.318113482112971,11.1785987362096
"377",1317,"Arizona","gfdl-esm4","ssp585",NA,3.01686995531625,12.1988950090372
"378",1318,"Arizona","gfdl-esm4","ssp585",NA,3.92086571686396,9.73825234510807
"379",1319,"Arizona","gfdl-esm4","ssp585",NA,0.00639618424814684,14.8851687502469
"380",1320,"Arizona","gfdl-esm4","ssp585",NA,0.00118329639612949,14.4852016289828
"381",1321,"Arizona","gfdl-esm4","ssp585",NA,0.301827952617966,13.0098513442858
"382",1322,"Arizona","gfdl-esm4","ssp585",NA,0.145719771330703,13.7344415445244
"383",1323,"Arizona","gfdl-esm4","ssp585",NA,0.699675627301767,14.8504181409756
"384",1324,"Arizona","gfdl-esm4","ssp585",NA,0.832614262220054,15.586970344476
"385",1325,"Arizona","gfdl-esm4","ssp585",NA,1.00985435589197,18.7362551220148
"386",1326,"Arizona","gfdl-esm4","ssp585",NA,0.374722928100444,15.9645793080481
"387",1327,"Arizona","gfdl-esm4","ssp585",NA,0.00248236932824001,23.2518923136136
"388",1328,"Arizona","gfdl-esm4","ssp585",NA,0.209313865447517,25.5665016917001
"389",1329,"Arizona","gfdl-esm4","ssp585",NA,0.00524158454113436,21.2902460418971
"390",1330,"Arizona","gfdl-esm4","ssp585",NA,0.0255942405572927,22.2666777136956
"391",1331,"Arizona","gfdl-esm4","ssp585",NA,0.0174393857187296,24.7473811133924
"392",1332,"Arizona","gfdl-esm4","ssp585",NA,1.184393583521,28.6612984716365
"393",1333,"Arizona","gfdl-esm4","ssp585",NA,0.615183814062484,28.6098413595207
"394",1334,"Arizona","gfdl-esm4","ssp585",NA,1.28641094420995,30.650181469634
"395",1335,"Arizona","gfdl-esm4","ssp585",NA,7.4184307201967,26.3771996499314
"396",1336,"Arizona","gfdl-esm4","ssp585",NA,5.64297829646771,24.9288846214864
"397",1337,"Arizona","gfdl-esm4","ssp585",NA,0.169568663596208,27.0316243052332
"398",1338,"Arizona","gfdl-esm4","ssp585",NA,0.0363103199609302,29.6552209981926
"399",1339,"Arizona","gfdl-esm4","ssp585",NA,0.098354523372601,28.8029770032495
"400",1340,"Arizona","gfdl-esm4","ssp585",NA,0.0222607045588397,25.6931949350234
"401",1341,"Arizona","gfdl-esm4","ssp585",NA,0.526068172016511,26.0903307503605
"402",1342,"Arizona","gfdl-esm4","ssp585",NA,3.56008565710452,23.096701786702
"403",1343,"Arizona","gfdl-esm4","ssp585",NA,0.307725245162312,23.4758174158379
"404",1344,"Arizona","gfdl-esm4","ssp585",NA,0.0147707379514441,19.3015650154818
"405",1345,"Arizona","gfdl-esm4","ssp585",NA,2.13691518053603,20.7074318674814
"406",1346,"Arizona","gfdl-esm4","ssp585",NA,1.7274160195653,16.8532189679056
"407",1347,"Arizona","gfdl-esm4","ssp585",NA,0.230117601996379,13.1458595092619
"408",1348,"Arizona","gfdl-esm4","ssp585",NA,0.0712598941370054,14.0437076457683
"409",1349,"Arizona","gfdl-esm4","ssp585",NA,0.0694853876331864,10.7414637897169
"410",1350,"Arizona","gfdl-esm4","ssp585",NA,0.00267286864182189,13.2695464817824
"411",1351,"Arizona","gfdl-esm4","ssp585",NA,0,13.1952216340076
"412",1352,"Arizona","gfdl-esm4","ssp585",NA,0.0515587947896484,13.1664681725195
"413",1353,"Arizona","gfdl-esm4","ssp585",NA,1.43912966145516,10.3549274507274
"414",1354,"Arizona","gfdl-esm4","ssp585",NA,0.283370625572483,6.68288122820947
"415",1355,"Arizona","gfdl-esm4","ssp585",NA,0.74189045027368,4.44240834541178
"416",1356,"Arizona","gfdl-esm4","ssp585",NA,0.00125093354403725,5.92976874388879
"417",1357,"Arizona","gfdl-esm4","ssp585",NA,5.22159012512486,7.12819573442194
"418",1358,"Arizona","gfdl-esm4","ssp585",NA,0.000484213372718221,6.33803174661477
"419",1359,"Arizona","gfdl-esm4","ssp585",NA,0.107358652793895,6.53291460849846
"420",1360,"Arizona","gfdl-esm4","ssp585",NA,1.4976160872825,6.66310078347229
"421",1361,"Arizona","gfdl-esm4","ssp585",NA,0.927373074763752,4.83630848726644
"422",1362,"Arizona","gfdl-esm4","ssp585",NA,0.187786000092406,4.83429656480871
"423",1363,"Arizona","gfdl-esm4","ssp585",NA,1.12134980999237,5.17906510344651
"424",1364,"Arizona","gfdl-esm4","ssp585",NA,1.05854778070324,6.20638547335505
"425",1365,"Arizona","gfdl-esm4","ssp585",NA,0.0351804643567876,7.49415929049218
"426",1366,"Arizona","gfdl-esm4","ssp585",NA,0.10008816053597,11.7278275635692
"427",1367,"Arizona","gfdl-esm4","ssp585",NA,0.766153161945048,8.0183151302989
"428",1368,"Arizona","gfdl-esm4","ssp585",NA,4.0046455848388,7.86446305575174
"429",1369,"Arizona","gfdl-esm4","ssp585",NA,4.63700732663651,8.26413958485602
"430",1370,"Arizona","gfdl-esm4","ssp585",NA,0.133531022315472,10.4805262279872
"431",1371,"Arizona","gfdl-esm4","ssp585",NA,0.00129319029692346,18.6086009029191
"432",1372,"Arizona","gfdl-esm4","ssp585",NA,0.0145052335273503,17.5647811716034
"433",1373,"Arizona","gfdl-esm4","ssp585",NA,0.271992630119912,19.97682885557
"434",1374,"Arizona","gfdl-esm4","ssp585",NA,2.12508855629965,15.0459314937085
"435",1375,"Arizona","gfdl-esm4","ssp585",NA,0.760537962435554,16.2058422913292
"436",1376,"Arizona","gfdl-esm4","ssp585",NA,0.00216528043614797,20.8418640368205
"437",1377,"Arizona","gfdl-esm4","ssp585",NA,0.656251949143444,20.4267054503546
"438",1378,"Arizona","gfdl-esm4","ssp585",NA,0.050480862214574,20.6251880361217
"439",1379,"Arizona","gfdl-esm4","ssp585",NA,0.0089746614949277,19.0209361697268
"440",1380,"Arizona","gfdl-esm4","ssp585",NA,0.0121683351263285,22.7173688307424
"441",1381,"Arizona","gfdl-esm4","ssp585",NA,0.00340471471321043,25.8735249245664
"442",1382,"Arizona","gfdl-esm4","ssp585",NA,0.0579597259833838,26.9660442675411
"443",1383,"Arizona","gfdl-esm4","ssp585",NA,0.0399633974447895,27.8619882383479
"444",1384,"Arizona","gfdl-esm4","ssp585",NA,0.0632761941633315,28.1242074997778
"445",1385,"Arizona","gfdl-esm4","ssp585",NA,0.0436027890096697,26.3886655014173
"446",1386,"Arizona","gfdl-esm4","ssp585",NA,4.35843333728218,25.7782169462607
"447",1387,"Arizona","gfdl-esm4","ssp585",NA,0.0654036652729255,26.2071138056431
"448",1388,"Arizona","gfdl-esm4","ssp585",NA,0.157757297916339,28.1987563488909
"449",1389,"Arizona","gfdl-esm4","ssp585",NA,0.636661875785294,28.044052945799
"450",1390,"Arizona","gfdl-esm4","ssp585",NA,1.37286797953643,28.3563109271294
"451",1391,"Arizona","gfdl-esm4","ssp585",NA,0.0897992437857871,28.8949205246647
"452",1392,"Arizona","gfdl-esm4","ssp585",NA,1.46076470477177,28.104869849281
"453",1393,"Arizona","gfdl-esm4","ssp585",NA,1.31331260539541,26.0057848673554
"454",1394,"Arizona","gfdl-esm4","ssp585",NA,0.0282448090094612,25.0415352648941
"455",1395,"Arizona","gfdl-esm4","ssp585",NA,0.00754480351675238,23.8817999337024
"456",1396,"Arizona","gfdl-esm4","ssp585",NA,0.00235501785072579,25.4863421993521
"457",1397,"Arizona","gfdl-esm4","ssp585",NA,0.00201909857290366,24.6599290001408
"458",1398,"Arizona","gfdl-esm4","ssp585",NA,0.178039714059111,20.711173762383
"459",1399,"Arizona","gfdl-esm4","ssp585",NA,0.0034548692623705,21.5823217958627
"460",1400,"Arizona","gfdl-esm4","ssp585",NA,0.101725854069346,13.4234812740128
"461",1401,"Arizona","gfdl-esm4","ssp585",NA,1.38274112912391,16.9106446778579
"462",1402,"Arizona","gfdl-esm4","ssp585",NA,0.441202765428396,14.7496016047848
"463",1403,"Arizona","gfdl-esm4","ssp585",NA,0.652699000028085,9.19295245338182
"464",1404,"Arizona","gfdl-esm4","ssp585",NA,1.21050343043433,7.32080231677418
"465",1405,"Arizona","gfdl-esm4","ssp585",NA,0.00494476268410137,9.9665975963723
"466",1406,"Arizona","gfdl-esm4","ssp585",NA,0.0262963136819376,10.0478159059315
"467",1407,"Arizona","gfdl-esm4","ssp585",NA,2.06212221639658,6.71484655869748
"468",1408,"Arizona","gfdl-esm4","ssp585",NA,0.00131196657795204,6.35371322921196
"469",1409,"Arizona","gfdl-esm4","ssp585",NA,0.00232000362744167,8.14643822439705
"470",1410,"Arizona","gfdl-esm4","ssp585",NA,0.003727350833561,7.64949488199769
"471",1411,"Arizona","gfdl-esm4","ssp585",NA,0.920465839671125,6.05028999029613
"472",1412,"Arizona","gfdl-esm4","ssp585",NA,2.68597298151647,4.17759393241103
"473",1413,"Arizona","gfdl-esm4","ssp585",NA,0.000820806506777909,7.83074209644885
"474",1414,"Arizona","gfdl-esm4","ssp585",NA,1.98266272809805,9.48210164490905
"475",1415,"Arizona","gfdl-esm4","ssp585",NA,0.251913317090836,8.30556791090937
"476",1416,"Arizona","gfdl-esm4","ssp585",NA,0.0843425845747672,10.8507054537497
"477",1417,"Arizona","gfdl-esm4","ssp585",NA,0.883795536369844,6.29477664836592
"478",1418,"Arizona","gfdl-esm4","ssp585",NA,0.0474782210956701,9.1032418464439
"479",1419,"Arizona","gfdl-esm4","ssp585",NA,0.000916240581499081,15.0471645041754
"480",1420,"Arizona","gfdl-esm4","ssp585",NA,0.000961496252313435,17.3150197951441
"481",1421,"Arizona","gfdl-esm4","ssp585",NA,0.00324396132506615,15.0671059860442
"482",1422,"Arizona","gfdl-esm4","ssp585",NA,2.42395006316104,10.1926955810238
"483",1423,"Arizona","gfdl-esm4","ssp585",NA,0.00246785675101459,15.9264881621119
"484",1424,"Arizona","gfdl-esm4","ssp585",NA,0.00372102907731483,19.3647906470992
"485",1425,"Arizona","gfdl-esm4","ssp585",NA,0.253107169231028,17.1740282369775
"486",1426,"Arizona","gfdl-esm4","ssp585",NA,0.139758768258911,17.1398842754919
"487",1427,"Arizona","gfdl-esm4","ssp585",NA,0.00204790976728865,19.6504601788431
"488",1428,"Arizona","gfdl-esm4","ssp585",NA,0.0524059916127615,21.5283858924991
"489",1429,"Arizona","gfdl-esm4","ssp585",NA,0.145939071929202,22.4204162443332
"490",1430,"Arizona","gfdl-esm4","ssp585",NA,0.679132271671629,22.8356182344343
"491",1431,"Arizona","gfdl-esm4","ssp585",NA,1.33400452835105,22.5878038485946
"492",1432,"Arizona","gfdl-esm4","ssp585",NA,0.529103149852749,21.9384361218864
"493",1433,"Arizona","gfdl-esm4","ssp585",NA,0.28026216374148,26.546254802564
"494",1434,"Arizona","gfdl-esm4","ssp585",NA,0.163275523906576,25.4839801156566
"495",1435,"Arizona","gfdl-esm4","ssp585",NA,0.0369826865372337,27.4431736768875
"496",1436,"Arizona","gfdl-esm4","ssp585",NA,0.0381274961369686,26.8184056644946
"497",1437,"Arizona","gfdl-esm4","ssp585",NA,0.741609813744347,28.0041412392097
"498",1438,"Arizona","gfdl-esm4","ssp585",NA,0.454335995891137,28.9547349006277
"499",1439,"Arizona","gfdl-esm4","ssp585",NA,0.614057117964289,31.2114298631208
"500",1440,"Arizona","gfdl-esm4","ssp585",NA,0.808870293636279,29.5376705280598
"501",1441,"Arizona","gfdl-esm4","ssp585",NA,2.7533905549494,27.1723886984188
"502",1442,"Arizona","gfdl-esm4","ssp585",NA,2.27158534886745,26.3925668130482
"503",1443,"Arizona","gfdl-esm4","ssp585",NA,0.0145960074077899,27.7414154862936
"504",1444,"Arizona","gfdl-esm4","ssp585",NA,0.00428064724241837,29.3750965991304
"505",1445,"Arizona","gfdl-esm4","ssp585",NA,0.0111919455397647,25.3827934332654
"506",1446,"Arizona","gfdl-esm4","ssp585",NA,0.499675065209853,24.0677184981432
"507",1447,"Arizona","gfdl-esm4","ssp585",NA,0.148993541341171,22.7573616731936
"508",1448,"Arizona","gfdl-esm4","ssp585",NA,3.08256579603577,22.2014128442661
"509",1449,"Arizona","gfdl-esm4","ssp585",NA,0.0144933911791974,22.2063486670725
"510",1450,"Arizona","gfdl-esm4","ssp585",NA,0.148334578636547,21.2434282575335
"511",1451,"Arizona","gfdl-esm4","ssp585",NA,2.45762113749112,17.0415030497516
"512",1452,"Arizona","gfdl-esm4","ssp585",NA,0.105514258662263,16.1959889331147
"513",1453,"Arizona","gfdl-esm4","ssp585",NA,0.292470650839771,15.092816949162
"514",1454,"Arizona","gfdl-esm4","ssp585",NA,0.287980003195944,12.2782672944774
"515",1455,"Arizona","gfdl-esm4","ssp585",NA,0.776697934712472,9.59974127575362
"516",1456,"Arizona","gfdl-esm4","ssp585",NA,0.118679304154797,8.86043461969621
"517",1457,"Arizona","gfdl-esm4","ssp585",NA,0.0184627658035621,9.34803271576971
"518",1458,"Arizona","gfdl-esm4","ssp585",NA,0.0038364339089052,7.97095593863585
"519",1459,"Arizona","gfdl-esm4","ssp585",NA,1.98439965858244,9.67183151148667
"520",1460,"Arizona","gfdl-esm4","ssp585",NA,0.67354360683632,7.46343225606927
"521",1461,"Arizona","gfdl-esm4","ssp585",NA,0.190177289886517,8.56367200617545
"522",1462,"Arizona","gfdl-esm4","ssp585",NA,5.43240711911922,4.71032332120143
"523",1463,"Arizona","gfdl-esm4","ssp585",NA,0.519803380905576,-1.26834300121975
"524",1464,"Arizona","gfdl-esm4","ssp585",NA,0.906661907981498,2.45842721893274
"525",1465,"Arizona","gfdl-esm4","ssp585",NA,0.00135112981350316,3.48646264926223
"526",1466,"Arizona","gfdl-esm4","ssp585",NA,2.4537648616236,7.47290524411595
"527",1467,"Arizona","gfdl-esm4","ssp585",NA,0.189213444891617,9.21570436885176
"528",1468,"Arizona","gfdl-esm4","ssp585",NA,0.0122591334451552,8.49901748830843
"529",1469,"Arizona","gfdl-esm4","ssp585",NA,3.66760006831866,7.07382818672964
"530",1470,"Arizona","gfdl-esm4","ssp585",NA,1.15104654880486,4.63177022632548
"531",1471,"Arizona","gfdl-esm4","ssp585",NA,0.00133444438053766,9.56671979014402
"532",1472,"Arizona","gfdl-esm4","ssp585",NA,5.16044587548808,14.398823765346
"533",1473,"Arizona","gfdl-esm4","ssp585",NA,0.512317210468816,7.84983996597466
"534",1474,"Arizona","gfdl-esm4","ssp585",NA,2.40087401514287,10.4077275291858
"535",1475,"Arizona","gfdl-esm4","ssp585",NA,0.321611290279609,12.6456206156542
"536",1476,"Arizona","gfdl-esm4","ssp585",NA,0.159758614930043,10.1282933829557
"537",1477,"Arizona","gfdl-esm4","ssp585",NA,0.570325245493345,18.4459551361509
"538",1478,"Arizona","gfdl-esm4","ssp585",NA,0.0713377529135076,19.5532140063878
"539",1479,"Arizona","gfdl-esm4","ssp585",NA,0.834245867577499,18.0362330768262
"540",1480,"Arizona","gfdl-esm4","ssp585",NA,0.841916143088432,14.6307020339291
"541",1481,"Arizona","gfdl-esm4","ssp585",NA,0.993038568085421,17.1972305085656
"542",1482,"Arizona","gfdl-esm4","ssp585",NA,2.15349432158058,17.5552530898759
"543",1483,"Arizona","gfdl-esm4","ssp585",NA,0.0171838422471012,20.3088861477511
"544",1484,"Arizona","gfdl-esm4","ssp585",NA,0.0498975893671796,18.0778588219027
"545",1485,"Arizona","gfdl-esm4","ssp585",NA,0.0119630692029578,20.6685678667727
"546",1486,"Arizona","gfdl-esm4","ssp585",NA,0.0056766938800547,24.31342173117
"547",1487,"Arizona","gfdl-esm4","ssp585",NA,0.00978258000599932,24.4836943075419
"548",1488,"Arizona","gfdl-esm4","ssp585",NA,0.0130492057247102,25.5846024350481
"549",1489,"Arizona","gfdl-esm4","ssp585",NA,0.00626625263327677,27.2031445528554
"550",1490,"Arizona","gfdl-esm4","ssp585",NA,0.698496032874238,26.6857161607513
"551",1491,"Arizona","gfdl-esm4","ssp585",NA,1.5962990395797,27.7268658547576
"552",1492,"Arizona","gfdl-esm4","ssp585",NA,1.66675747335987,27.1634927279428
"553",1493,"Arizona","gfdl-esm4","ssp585",NA,0.375294502746432,27.3818614318308
"554",1494,"Arizona","gfdl-esm4","ssp585",NA,1.94555246740589,27.1335914814367
"555",1495,"Arizona","gfdl-esm4","ssp585",NA,0.0348687031324245,28.2051116441806
"556",1496,"Arizona","gfdl-esm4","ssp585",NA,0.0162499575847479,29.7216682983862
"557",1497,"Arizona","gfdl-esm4","ssp585",NA,6.60421794594021,25.9461976563735
"558",1498,"Arizona","gfdl-esm4","ssp585",NA,2.45622675052793,20.7007922301552
"559",1499,"Arizona","gfdl-esm4","ssp585",NA,2.4780726960448,22.4123891181801
"560",1500,"Arizona","gfdl-esm4","ssp585",NA,1.55692683258509,21.5403564993259
"561",1501,"Arizona","gfdl-esm4","ssp585",NA,0.601307329992256,18.8212189916715
"562",1502,"Arizona","gfdl-esm4","ssp585",NA,0.266829488504755,16.6919964545596
"563",1503,"Arizona","gfdl-esm4","ssp585",NA,0.452907023643062,19.0519174144181
"564",1504,"Arizona","gfdl-esm4","ssp585",NA,0.244528185650524,16.9692992701091
"565",1505,"Arizona","gfdl-esm4","ssp585",NA,2.38861213605486,13.5540011361336
"566",1506,"Arizona","gfdl-esm4","ssp585",NA,0.00415969553027009,15.2844493610368
"567",1507,"Arizona","gfdl-esm4","ssp585",NA,0.163135631674523,9.69315430922095
"568",1508,"Arizona","gfdl-esm4","ssp585",NA,0.597290899328054,10.3570846692651
"569",1509,"Arizona","gfdl-esm4","ssp585",NA,0.0265203633122289,6.42912559846863
"570",1510,"Arizona","gfdl-esm4","ssp585",NA,0.00120460318024909,6.07324148532566
"571",1511,"Arizona","gfdl-esm4","ssp585",NA,0.0683818174888035,5.63771818332216
"572",1512,"Arizona","gfdl-esm4","ssp585",NA,1.40349550717178,6.30091102879812
"573",1513,"Arizona","gfdl-esm4","ssp585",NA,0.367545580184417,7.504609419754
"574",1514,"Arizona","gfdl-esm4","ssp585",NA,1.14832203705781,6.91712551575095
"575",1515,"Arizona","gfdl-esm4","ssp585",NA,2.10731568672249,3.56557817808749
"576",1516,"Arizona","gfdl-esm4","ssp585",NA,0.183304996347742,2.05569572979222
"577",1517,"Arizona","gfdl-esm4","ssp585",NA,0.469907841481964,4.65654567713686
"578",1518,"Arizona","gfdl-esm4","ssp585",NA,3.12657793673416,8.4844811286396
"579",1519,"Arizona","gfdl-esm4","ssp585",NA,0.0203422997156595,7.36540886918756
"580",1520,"Arizona","gfdl-esm4","ssp585",NA,1.36120744174528,6.83634321017455
"581",1521,"Arizona","gfdl-esm4","ssp585",NA,0.00573200550011353,6.9955963559157
"582",1522,"Arizona","gfdl-esm4","ssp585",NA,0.00180975913797407,10.5564033826594
"583",1523,"Arizona","gfdl-esm4","ssp585",NA,0.323750915003927,12.3301022304145
"584",1524,"Arizona","gfdl-esm4","ssp585",NA,5.15271290155656,8.18803464790665
"585",1525,"Arizona","gfdl-esm4","ssp585",NA,2.14905867696008,7.31498997202416
"586",1526,"Arizona","gfdl-esm4","ssp585",NA,0.225212729577427,9.52491865580063
"587",1527,"Arizona","gfdl-esm4","ssp585",NA,0.0508805423122554,11.8989761989126
"588",1528,"Arizona","gfdl-esm4","ssp585",NA,2.96138888860847,10.828532562063
"589",1529,"Arizona","gfdl-esm4","ssp585",NA,0.439451523300494,9.92267894334952
"590",1530,"Arizona","gfdl-esm4","ssp585",NA,0.371634824166124,13.4141440139559
"591",1531,"Arizona","gfdl-esm4","ssp585",NA,0.00898197589921703,19.7130189763008
"592",1532,"Arizona","gfdl-esm4","ssp585",NA,0.00293822968907757,17.1986844338901
"593",1533,"Arizona","gfdl-esm4","ssp585",NA,0.00486987916946673,21.9534841043157
"594",1534,"Arizona","gfdl-esm4","ssp585",NA,0.00419255312798279,19.8236548422562
"595",1535,"Arizona","gfdl-esm4","ssp585",NA,0.0116671593895114,17.7242261421213
"596",1536,"Arizona","gfdl-esm4","ssp585",NA,0.00982768830141834,20.4569150362847
"597",1537,"Arizona","gfdl-esm4","ssp585",NA,0.207996980408223,23.5619554599227
"598",1538,"Arizona","gfdl-esm4","ssp585",NA,0.00713533003347312,24.862870701767
"599",1539,"Arizona","gfdl-esm4","ssp585",NA,0.00600633645369792,26.2543167828007
"600",1540,"Arizona","gfdl-esm4","ssp585",NA,0.00399250199381535,27.7021179122057
"601",1541,"Arizona","gfdl-esm4","ssp585",NA,0.0061519811691414,28.3329148245521
"602",1542,"Arizona","gfdl-esm4","ssp585",NA,0.404493461305012,30.2267825969402
"603",1543,"Arizona","gfdl-esm4","ssp585",NA,5.6089267770747,28.4227273625158
"604",1544,"Arizona","gfdl-esm4","ssp585",NA,1.89180658953762,29.1840105329241
"605",1545,"Arizona","gfdl-esm4","ssp585",NA,0.922586560197836,27.9600448434784
"606",1546,"Arizona","gfdl-esm4","ssp585",NA,5.09072598697699,26.9449503709333
"607",1547,"Arizona","gfdl-esm4","ssp585",NA,9.92330728286232,22.8530962802969
"608",1548,"Arizona","gfdl-esm4","ssp585",NA,0.0693903079771675,25.5622349407519
"609",1549,"Arizona","gfdl-esm4","ssp585",NA,2.09292844360312,25.0396134290924
"610",1550,"Arizona","gfdl-esm4","ssp585",NA,0.0680841134283486,24.2525377353133
"611",1551,"Arizona","gfdl-esm4","ssp585",NA,2.32886554946627,22.7599362996677
"612",1552,"Arizona","gfdl-esm4","ssp585",NA,0.696970772250995,23.5077840966612
"613",1553,"Arizona","gfdl-esm4","ssp585",NA,4.52427499939704,20.3932669426186
"614",1554,"Arizona","gfdl-esm4","ssp585",NA,3.20494751589702,19.3881669961999
"615",1555,"Arizona","gfdl-esm4","ssp585",NA,0.0055479267270102,19.7979100050125
"616",1556,"Arizona","gfdl-esm4","ssp585",NA,0.213488353193243,16.9825773101691
"617",1557,"Arizona","gfdl-esm4","ssp585",NA,0.217822314478351,16.201990826362
"618",1558,"Arizona","gfdl-esm4","ssp585",NA,0.00133251291595949,15.3837738152853
"619",1559,"Arizona","gfdl-esm4","ssp585",NA,0.465462982981061,17.0130370939426
"620",1560,"Arizona","gfdl-esm4","ssp585",NA,0.253326458119467,12.7373334997976
"621",1561,"Arizona","gfdl-esm4","ssp585",NA,1.80479626655689,6.67399752649437
"622",1562,"Arizona","gfdl-esm4","ssp585",NA,0.976714627692101,7.80118229187246
"623",1563,"Arizona","gfdl-esm4","ssp585",NA,0.073156774349204,7.85006882852009
"624",1564,"Arizona","gfdl-esm4","ssp585",NA,0.911835445535026,6.77132043657655
"625",1565,"Arizona","gfdl-esm4","ssp585",NA,0.703336124207924,5.07023652627709
"626",1566,"Arizona","gfdl-esm4","ssp585",NA,0.00120517093812318,7.39352173160213
"627",1567,"Arizona","gfdl-esm4","ssp585",NA,0.00857561089681781,7.19717236698505
"628",1568,"Arizona","gfdl-esm4","ssp585",NA,0.00247330726882665,10.3007070510035
"629",1569,"Arizona","gfdl-esm4","ssp585",NA,0.141225680370291,3.64888553354143
"630",1570,"Arizona","gfdl-esm4","ssp585",NA,0.00340933477290504,1.92227330262081
"631",1571,"Arizona","gfdl-esm4","ssp585",NA,0.00151444266323373,9.49023980720609
"632",1572,"Arizona","gfdl-esm4","ssp585",NA,0.032927773311134,11.6577252914873
"633",1573,"Arizona","gfdl-esm4","ssp585",NA,0.0335586190926049,9.44098624941977
"634",1574,"Arizona","gfdl-esm4","ssp585",NA,0.00153462367964065,13.7766642921342
"635",1575,"Arizona","gfdl-esm4","ssp585",NA,0.0994491970251593,12.8949494218405
"636",1576,"Arizona","gfdl-esm4","ssp585",NA,0.00256357914406477,14.6648930642457
"637",1577,"Arizona","gfdl-esm4","ssp585",NA,0.000732057994922126,19.8262013045937
"638",1578,"Arizona","gfdl-esm4","ssp585",NA,0.150885426982843,13.6024576102738
"639",1579,"Arizona","gfdl-esm4","ssp585",NA,2.91787269040473,10.0984446066219
"640",1580,"Arizona","gfdl-esm4","ssp585",NA,0.41398597636998,13.0321659440187
"641",1581,"Arizona","gfdl-esm4","ssp585",NA,0.0424048672322964,17.8723647164636
"642",1582,"Arizona","gfdl-esm4","ssp585",NA,0.00347779471709852,19.7179235099089
"643",1583,"Arizona","gfdl-esm4","ssp585",NA,0.00235070483552265,18.7446780507393
"644",1584,"Arizona","gfdl-esm4","ssp585",NA,0.119727623812342,18.7801571080417
"645",1585,"Arizona","gfdl-esm4","ssp585",NA,0.00738948115034914,21.2808999853701
"646",1586,"Arizona","gfdl-esm4","ssp585",NA,0.00064398414646608,22.9995562720992
"647",1587,"Arizona","gfdl-esm4","ssp585",NA,0.0152528235329073,24.0382712343701
"648",1588,"Arizona","gfdl-esm4","ssp585",NA,0.0134969932592607,22.2209022724523
"649",1589,"Arizona","gfdl-esm4","ssp585",NA,0.0660342138324477,24.0408729061315
"650",1590,"Arizona","gfdl-esm4","ssp585",NA,0.00544569742712873,27.3591335137484
"651",1591,"Arizona","gfdl-esm4","ssp585",NA,0.00418633190689002,28.0572832225698
"652",1592,"Arizona","gfdl-esm4","ssp585",NA,0.319342623358632,27.3953696076096
"653",1593,"Arizona","gfdl-esm4","ssp585",NA,0.0983156136604801,26.9303421734257
"654",1594,"Arizona","gfdl-esm4","ssp585",NA,0.251583870769362,27.1231708666468
"655",1595,"Arizona","gfdl-esm4","ssp585",NA,0.410783944114793,29.9898117894922
"656",1596,"Arizona","gfdl-esm4","ssp585",NA,0.049000426908109,30.7523367668374
"657",1597,"Arizona","gfdl-esm4","ssp585",NA,4.87315411665493,26.932095294475
"658",1598,"Arizona","gfdl-esm4","ssp585",NA,3.27666004131154,27.0916831304693
"659",1599,"Arizona","gfdl-esm4","ssp585",NA,0.505787411090167,28.1637572779216
"660",1600,"Arizona","gfdl-esm4","ssp585",NA,1.10692135352003,28.3530808478933
"661",1601,"Arizona","gfdl-esm4","ssp585",NA,0.753309434551539,27.2221962409134
"662",1602,"Arizona","gfdl-esm4","ssp585",NA,3.66243201676083,24.8562613891139
"663",1603,"Arizona","gfdl-esm4","ssp585",NA,0.769703419745775,24.6667204923184
"664",1604,"Arizona","gfdl-esm4","ssp585",NA,0.0765573863191668,27.0296374218503
"665",1605,"Arizona","gfdl-esm4","ssp585",NA,0.261301913539996,21.3314892176883
"666",1606,"Arizona","gfdl-esm4","ssp585",NA,0.225756545593342,21.06814585998
"667",1607,"Arizona","gfdl-esm4","ssp585",NA,0.00377587905028092,20.5311174279369
"668",1608,"Arizona","gfdl-esm4","ssp585",NA,0.632827176952201,18.2819334548584
"669",1609,"Arizona","gfdl-esm4","ssp585",NA,0.000327554532020928,16.8185712541853
"670",1610,"Arizona","gfdl-esm4","ssp585",NA,2.47014801187016,15.0399938378413
"671",1611,"Arizona","gfdl-esm4","ssp585",NA,0.00496800986125458,12.5595860072545
"672",1612,"Arizona","gfdl-esm4","ssp585",NA,2.60695859826697,8.15477658354982
"673",1613,"Arizona","gfdl-esm4","ssp585",NA,2.7064259024233,7.27687540741548
"674",1614,"Arizona","gfdl-esm4","ssp585",NA,0.00398146187793949,5.96382176993622
"675",1615,"Arizona","gfdl-esm4","ssp585",NA,0.810520886291781,6.27862656083332
"676",1616,"Arizona","gfdl-esm4","ssp585",NA,0.321969861036481,6.81500675476308
"677",1617,"Arizona","gfdl-esm4","ssp585",NA,0.0713184877529763,9.19552873883931
"678",1618,"Arizona","gfdl-esm4","ssp585",NA,0.0031244575500994,6.58713994659156
"679",1619,"Arizona","gfdl-esm4","ssp585",NA,0.07081067801233,8.85370505003805
"680",1620,"Arizona","gfdl-esm4","ssp585",NA,0.118061307116115,7.61893559780195
"681",1621,"Arizona","gfdl-esm4","ssp585",NA,1.04778035868223,8.85138382363111
"682",1622,"Arizona","gfdl-esm4","ssp585",NA,0.0996955582943891,2.20043088042482
"683",1623,"Arizona","gfdl-esm4","ssp585",NA,1.11314706351485,6.37559633894005
"684",1624,"Arizona","gfdl-esm4","ssp585",NA,0.184416972986838,9.28788492272689
"685",1625,"Arizona","gfdl-esm4","ssp585",NA,0.390894490481126,6.82173223483429
"686",1626,"Arizona","gfdl-esm4","ssp585",NA,0.195950107505492,8.12159915350182
"687",1627,"Arizona","gfdl-esm4","ssp585",NA,5.19989003021188,12.1157643546046
"688",1628,"Arizona","gfdl-esm4","ssp585",NA,2.3872342685721,7.74489958289302
"689",1629,"Arizona","gfdl-esm4","ssp585",NA,0.143105082789461,12.9935558063493
"690",1630,"Arizona","gfdl-esm4","ssp585",NA,0.00863739209556181,12.111375803411
"691",1631,"Arizona","gfdl-esm4","ssp585",NA,3.164765429782,11.180219524398
"692",1632,"Arizona","gfdl-esm4","ssp585",NA,0.0145079646040329,13.5748970735842
"693",1633,"Arizona","gfdl-esm4","ssp585",NA,0.0372939316000125,15.4368691927865
"694",1634,"Arizona","gfdl-esm4","ssp585",NA,0.00894285981435483,19.3250721156221
"695",1635,"Arizona","gfdl-esm4","ssp585",NA,0.0295443967371892,18.2316176461511
"696",1636,"Arizona","gfdl-esm4","ssp585",NA,0.730749372665424,21.5232571646477
"697",1637,"Arizona","gfdl-esm4","ssp585",NA,0.00640037418974507,20.3071607664473
"698",1638,"Arizona","gfdl-esm4","ssp585",NA,0.00191872518722073,18.9466278732049
"699",1639,"Arizona","gfdl-esm4","ssp585",NA,0.0629635314754154,21.7919804511571
"700",1640,"Arizona","gfdl-esm4","ssp585",NA,0.012167306925896,25.4556494248652
"701",1641,"Arizona","gfdl-esm4","ssp585",NA,0.00922623257379091,21.7064875972859
"702",1642,"Arizona","gfdl-esm4","ssp585",NA,0.0110917853069855,23.2023518288633
"703",1643,"Arizona","gfdl-esm4","ssp585",NA,0.00654207283832818,24.5021281593217
"704",1644,"Arizona","gfdl-esm4","ssp585",NA,0.697780278921945,26.1758423546021
"705",1645,"Arizona","gfdl-esm4","ssp585",NA,4.11785808693302,28.2004848552564
"706",1646,"Arizona","gfdl-esm4","ssp585",NA,2.41530534113884,27.9783468639504
"707",1647,"Arizona","gfdl-esm4","ssp585",NA,2.69911012219566,25.8953332642991
"708",1648,"Arizona","gfdl-esm4","ssp585",NA,0.194305316421258,28.0293294682364
"709",1649,"Arizona","gfdl-esm4","ssp585",NA,0.369291907452163,29.5946180649865
"710",1650,"Arizona","gfdl-esm4","ssp585",NA,0.273010293186818,28.9445455789868
"711",1651,"Arizona","gfdl-esm4","ssp585",NA,0.44632179524572,29.2936605383563
"712",1652,"Arizona","gfdl-esm4","ssp585",NA,6.58945189357761,25.6031369832614
"713",1653,"Arizona","gfdl-esm4","ssp585",NA,3.40281839018849,21.7605222294515
"714",1654,"Arizona","gfdl-esm4","ssp585",NA,0.412653614827973,26.0073757938429
"715",1655,"Arizona","gfdl-esm4","ssp585",NA,1.6974728894199,23.8844264130526
"716",1656,"Arizona","gfdl-esm4","ssp585",NA,1.19933096211523,23.6710066109331
"717",1657,"Arizona","gfdl-esm4","ssp585",NA,0.837130968747009,24.8111248107988
"718",1658,"Arizona","gfdl-esm4","ssp585",NA,0.245827412315984,22.4017131356916
"719",1659,"Arizona","gfdl-esm4","ssp585",NA,0.0966624382101959,21.8803329679969
"720",1660,"Arizona","gfdl-esm4","ssp585",NA,0.316712828466832,21.1314886621217
"721",1661,"Arizona","gfdl-esm4","ssp585",NA,3.27441425953685,19.2383684739452
"722",1662,"Arizona","gfdl-esm4","ssp585",NA,1.81867042197666,12.6001256969274
"723",1663,"Arizona","gfdl-esm4","ssp585",NA,0.00186661461091662,12.1039536274791
"724",1664,"Arizona","gfdl-esm4","ssp585",NA,0.138244627424659,11.7966388765087
"725",1665,"Arizona","gfdl-esm4","ssp585",NA,1.56877522094368,4.87590784200678
"726",1666,"Arizona","gfdl-esm4","ssp585",NA,0.81301838942651,4.72700953043519
"727",1667,"Arizona","gfdl-esm4","ssp585",NA,0.0431471148052655,7.61385532769785
"728",1668,"Arizona","gfdl-esm4","ssp585",NA,0.842398263700733,9.75443090542532
"729",1669,"Arizona","gfdl-esm4","ssp585",NA,0.171137513572253,5.04676769849777
"730",1670,"Arizona","gfdl-esm4","ssp585",NA,0.240399583162108,3.63882526537563
"731",1671,"Arizona","gfdl-esm4","ssp585",NA,1.95938142441369,8.25163058004852
"732",1672,"Arizona","gfdl-esm4","ssp585",NA,6.30746093370863,6.68992843531479
"733",1673,"Arizona","gfdl-esm4","ssp585",NA,0.148546903987884,4.89968257860651
"734",1674,"Arizona","gfdl-esm4","ssp585",NA,1.96379669251068,7.36637555494926
"735",1675,"Arizona","gfdl-esm4","ssp585",NA,1.88456523162456,8.45024488138039
"736",1676,"Arizona","gfdl-esm4","ssp585",NA,2.34074580686001,4.59932683855486
"737",1677,"Arizona","gfdl-esm4","ssp585",NA,2.86596330001787,8.13978465932663
"738",1678,"Arizona","gfdl-esm4","ssp585",NA,6.48952600437897,5.82274336591836
"739",1679,"Arizona","gfdl-esm4","ssp585",NA,2.13952673362476,4.26678886558255
"740",1680,"Arizona","gfdl-esm4","ssp585",NA,0.0422687052195205,7.45835268042334
"741",1681,"Arizona","gfdl-esm4","ssp585",NA,0.186458727919018,6.90704545552754
"742",1682,"Arizona","gfdl-esm4","ssp585",NA,3.61008299428186,9.4493797022534
"743",1683,"Arizona","gfdl-esm4","ssp585",NA,0.0977103849215628,9.39373114931902
"744",1684,"Arizona","gfdl-esm4","ssp585",NA,3.78925583836612,11.5762918156408
"745",1685,"Arizona","gfdl-esm4","ssp585",NA,0.557953635799657,11.0691455710854
"746",1686,"Arizona","gfdl-esm4","ssp585",NA,0.0519072149730333,13.4474201728059
"747",1687,"Arizona","gfdl-esm4","ssp585",NA,0.952275904709393,12.0567217145648
"748",1688,"Arizona","gfdl-esm4","ssp585",NA,0.0262457242213796,14.9721069258776
"749",1689,"Arizona","gfdl-esm4","ssp585",NA,0.298653766265709,16.6116889268801
"750",1690,"Arizona","gfdl-esm4","ssp585",NA,0.0866895028510932,19.4250791450819
"751",1691,"Arizona","gfdl-esm4","ssp585",NA,0.0024818009743077,22.1457593915436
"752",1692,"Arizona","gfdl-esm4","ssp585",NA,0.0897951415020011,20.2911489146699
"753",1693,"Arizona","gfdl-esm4","ssp585",NA,0.114743091440703,18.2248890024371
"754",1694,"Arizona","gfdl-esm4","ssp585",NA,0.0115064541703221,23.6924803761556
"755",1695,"Arizona","gfdl-esm4","ssp585",NA,0.00371388019094295,24.4282859213886
"756",1696,"Arizona","gfdl-esm4","ssp585",NA,0.220500243617222,26.8545276357311
"757",1697,"Arizona","gfdl-esm4","ssp585",NA,0.816791695839835,25.9785895770781
"758",1698,"Arizona","gfdl-esm4","ssp585",NA,0.00157915186139537,27.7048063912374
"759",1699,"Arizona","gfdl-esm4","ssp585",NA,1.75414872178919,28.803968766667
"760",1700,"Arizona","gfdl-esm4","ssp585",NA,5.28529725463007,27.4741489029413
"761",1701,"Arizona","gfdl-esm4","ssp585",NA,2.60714834824844,27.6301587361602
"762",1702,"Arizona","gfdl-esm4","ssp585",NA,0.241466453144945,28.767497405813
"763",1703,"Arizona","gfdl-esm4","ssp585",NA,0.251615689723205,28.2678347967368
"764",1704,"Arizona","gfdl-esm4","ssp585",NA,0.29351880479313,28.7035118826422
"765",1705,"Arizona","gfdl-esm4","ssp585",NA,10.5686842086108,23.2326279670339
"766",1706,"Arizona","gfdl-esm4","ssp585",NA,0.974987316308371,24.826403777729
"767",1707,"Arizona","gfdl-esm4","ssp585",NA,0.59176567212487,23.9915091609835
"768",1708,"Arizona","gfdl-esm4","ssp585",NA,0.239586708215819,23.3905790808831
"769",1709,"Arizona","gfdl-esm4","ssp585",NA,0.888345096086165,22.3180153018455
"770",1710,"Arizona","gfdl-esm4","ssp585",NA,0.832486722499903,19.1194817891465
"771",1711,"Arizona","gfdl-esm4","ssp585",NA,0.110988912448789,20.3642324956419
"772",1712,"Arizona","gfdl-esm4","ssp585",NA,0.0057494089100429,18.5907149786292
"773",1713,"Arizona","gfdl-esm4","ssp585",NA,0.00448073590341802,18.9647274977037
"774",1714,"Arizona","gfdl-esm4","ssp585",NA,0.00360066478054407,16.6763060983304
"775",1715,"Arizona","gfdl-esm4","ssp585",NA,0.313669157556055,14.3560497336985
"776",1716,"Arizona","gfdl-esm4","ssp585",NA,0.012086915572517,12.5214462878279
"777",1717,"Arizona","gfdl-esm4","ssp585",NA,3.10450828115393,11.2574829718859
"778",1718,"Arizona","gfdl-esm4","ssp585",NA,0.00278720161171501,7.30280674525672
"779",1719,"Arizona","gfdl-esm4","ssp585",NA,0.0256456290959864,4.72923279966026
"780",1720,"Arizona","gfdl-esm4","ssp585",NA,4.4152378271919,8.68776346199433
"781",1721,"Arizona","gfdl-esm4","ssp585",NA,0.187791372837038,5.74435258134731
"782",1722,"Arizona","gfdl-esm4","ssp585",NA,0.0522208331422789,5.4512904267245
"783",1723,"Arizona","gfdl-esm4","ssp585",NA,0.267257384744448,6.36541207141131
"784",1724,"Arizona","gfdl-esm4","ssp585",NA,4.55917938019038,8.58934095457444
"785",1725,"Arizona","gfdl-esm4","ssp585",NA,4.25052282671562,8.75246755645793
"786",1726,"Arizona","gfdl-esm4","ssp585",NA,7.58882899111174,7.32102589372138
"787",1727,"Arizona","gfdl-esm4","ssp585",NA,0.0580825182239778,8.25019984191048
"788",1728,"Arizona","gfdl-esm4","ssp585",NA,4.59707880572555,11.2192714532016
"789",1729,"Arizona","gfdl-esm4","ssp585",NA,0.0362073279797182,8.39977555883822
"790",1730,"Arizona","gfdl-esm4","ssp585",NA,0.00207276284947003,9.43036836993079
"791",1731,"Arizona","gfdl-esm4","ssp585",NA,0.00875824560711805,10.8199943918646
"792",1732,"Arizona","gfdl-esm4","ssp585",NA,0.520749688451955,9.76006060767869
"793",1733,"Arizona","gfdl-esm4","ssp585",NA,0.297304106195184,14.3415862921367
"794",1734,"Arizona","gfdl-esm4","ssp585",NA,6.97721069899454,13.7922548007121
"795",1735,"Arizona","gfdl-esm4","ssp585",NA,1.97885166324665,9.86406447534769
"796",1736,"Arizona","gfdl-esm4","ssp585",NA,1.65788191071671,6.39152196216224
"797",1737,"Arizona","gfdl-esm4","ssp585",NA,0.00986877199930629,9.57906968687038
"798",1738,"Arizona","gfdl-esm4","ssp585",NA,1.12884700017969,7.72990777441285
"799",1739,"Arizona","gfdl-esm4","ssp585",NA,0.120262056952924,11.9266361202814
"800",1740,"Arizona","gfdl-esm4","ssp585",NA,0.00312385879719778,15.9988592675905
"801",1741,"Arizona","gfdl-esm4","ssp585",NA,0.390620606707804,14.5463801908433
"802",1742,"Arizona","gfdl-esm4","ssp585",NA,0.158328607440597,17.868909941431
"803",1743,"Arizona","gfdl-esm4","ssp585",NA,0.00104186346533449,23.0985621243753
"804",1744,"Arizona","gfdl-esm4","ssp585",NA,0.647136141086443,17.717191628168
"805",1745,"Arizona","gfdl-esm4","ssp585",NA,0.256336991595613,22.9145322546495
"806",1746,"Arizona","gfdl-esm4","ssp585",NA,0.000821255885005585,25.7060246637588
"807",1747,"Arizona","gfdl-esm4","ssp585",NA,0.433524738527991,25.3161863305325
"808",1748,"Arizona","gfdl-esm4","ssp585",NA,0.0713595811243925,25.4366882478543
"809",1749,"Arizona","gfdl-esm4","ssp585",NA,0.0150641543291702,28.3922805033803
"810",1750,"Arizona","gfdl-esm4","ssp585",NA,0.0481451743953826,28.7957839985111
"811",1751,"Arizona","gfdl-esm4","ssp585",NA,0.0161943161582242,29.5629991147974
"812",1752,"Arizona","gfdl-esm4","ssp585",NA,2.05077033929637,30.3166715638828
"813",1753,"Arizona","gfdl-esm4","ssp585",NA,0.0190780603639383,29.7700814846343
"814",1754,"Arizona","gfdl-esm4","ssp585",NA,2.766766459043,27.8812864204725
"815",1755,"Arizona","gfdl-esm4","ssp585",NA,1.79626610811703,27.703284061784
"816",1756,"Arizona","gfdl-esm4","ssp585",NA,1.04539767102653,28.2845480126768
"817",1757,"Arizona","gfdl-esm4","ssp585",NA,0.0499076193754736,28.8799835783793
"818",1758,"Arizona","gfdl-esm4","ssp585",NA,8.14481107292256,24.9917796138566
"819",1759,"Arizona","gfdl-esm4","ssp585",NA,3.02083630988746,22.8715364979432
"820",1760,"Arizona","gfdl-esm4","ssp585",NA,1.48356555287039,23.5195315895129
"821",1761,"Arizona","gfdl-esm4","ssp585",NA,0.0838577309610115,24.8966915087212
"822",1762,"Arizona","gfdl-esm4","ssp585",NA,0.203991516619243,24.8304304390581
"823",1763,"Arizona","gfdl-esm4","ssp585",NA,0.88050723868201,22.7692638373104
"824",1764,"Arizona","gfdl-esm4","ssp585",NA,0.0636961468468643,16.9342961095528
"825",1765,"Arizona","gfdl-esm4","ssp585",NA,0.00874843754358654,16.0014122115375
"826",1766,"Arizona","gfdl-esm4","ssp585",NA,0.00769759642316646,12.0930244764094
"827",1767,"Arizona","gfdl-esm4","ssp585",NA,1.11227176794836,11.7782281347533
"828",1768,"Arizona","gfdl-esm4","ssp585",NA,1.25548316792917,10.4907605350847
"829",1769,"Arizona","gfdl-esm4","ssp585",NA,0.402784952900752,8.70698849452584
"830",1770,"Arizona","gfdl-esm4","ssp585",NA,0.0374192202317822,10.018294065068
"831",1771,"Arizona","gfdl-esm4","ssp585",NA,1.99714632186826,7.57682353910697
"832",1772,"Arizona","gfdl-esm4","ssp585",NA,0.307411911114152,5.58909619665329
"833",1773,"Arizona","gfdl-esm4","ssp585",NA,0.0625953588787387,4.33761576617565
"834",1774,"Arizona","gfdl-esm4","ssp585",NA,0.285215304781378,4.89776911488377
"835",1775,"Arizona","gfdl-esm4","ssp585",NA,0.413771301804176,2.99179022363407
"836",1776,"Arizona","gfdl-esm4","ssp585",NA,0.000782302648216715,1.02928772358469
"837",1777,"Arizona","gfdl-esm4","ssp585",NA,0.151178015460535,3.21464296671295
"838",1778,"Arizona","gfdl-esm4","ssp585",NA,0.00125227309796546,6.11144528780818
"839",1779,"Arizona","gfdl-esm4","ssp585",NA,0.00168639634548308,7.36459754914914
"840",1780,"Arizona","gfdl-esm4","ssp585",NA,0.00541411206601882,8.45120300215809
"841",1781,"Arizona","gfdl-esm4","ssp585",NA,0.0802529197387015,9.97316396836236
"842",1782,"Arizona","gfdl-esm4","ssp585",NA,3.42823007007088,8.96489339604241
"843",1783,"Arizona","gfdl-esm4","ssp585",NA,0.96479474565166,7.87130123095026
"844",1784,"Arizona","gfdl-esm4","ssp585",NA,0.0361777015639541,9.05127859007094
"845",1785,"Arizona","gfdl-esm4","ssp585",NA,0.00146856982380228,9.33576723429107
"846",1786,"Arizona","gfdl-esm4","ssp585",NA,0.00742976272772092,15.987005561221
"847",1787,"Arizona","gfdl-esm4","ssp585",NA,0.0024897071526503,15.9683200069384
"848",1788,"Arizona","gfdl-esm4","ssp585",NA,2.64477176091516,11.7812736810233
"849",1789,"Arizona","gfdl-esm4","ssp585",NA,0.522871666239306,12.7194382003225
"850",1790,"Arizona","gfdl-esm4","ssp585",NA,2.01105361444947,12.525794174638
"851",1791,"Arizona","gfdl-esm4","ssp585",NA,0.0114110714932047,14.0833379038969
"852",1792,"Arizona","gfdl-esm4","ssp585",NA,0.00670207267228349,17.6661297399085
"853",1793,"Arizona","gfdl-esm4","ssp585",NA,0.000821381566365216,19.3084928915263
"854",1794,"Arizona","gfdl-esm4","ssp585",NA,0.0124692524497316,21.8542246976484
"855",1795,"Arizona","gfdl-esm4","ssp585",NA,0.0021979636868308,19.4329291458227
"856",1796,"Arizona","gfdl-esm4","ssp585",NA,0.00679232937287273,20.8074272068955
"857",1797,"Arizona","gfdl-esm4","ssp585",NA,0.00104307240800486,23.6249729469965
"858",1798,"Arizona","gfdl-esm4","ssp585",NA,0.00350646707958936,27.2008732502741
"859",1799,"Arizona","gfdl-esm4","ssp585",NA,0.00417210232072326,25.9314839398062
"860",1800,"Arizona","gfdl-esm4","ssp585",NA,0.00404456417764259,27.0580587008509
"861",1801,"Arizona","gfdl-esm4","ssp585",NA,0.638567627554215,27.2155723060579
"862",1802,"Arizona","gfdl-esm4","ssp585",NA,0.126372011186878,28.0787539398927
"863",1803,"Arizona","gfdl-esm4","ssp585",NA,0.553590126356262,29.0058713273966
"864",1804,"Arizona","gfdl-esm4","ssp585",NA,5.41225830267152,26.424227276403
"865",1805,"Arizona","gfdl-esm4","ssp585",NA,0.13041449047704,27.3927577890428
"866",1806,"Arizona","gfdl-esm4","ssp585",NA,0.662020572375219,28.9332138736691
"867",1807,"Arizona","gfdl-esm4","ssp585",NA,0.692619056961962,26.8371295297191
"868",1808,"Arizona","gfdl-esm4","ssp585",NA,0.0201509501250243,29.528376787381
"869",1809,"Arizona","gfdl-esm4","ssp585",NA,0.118919844965163,27.1851060020939
"870",1810,"Arizona","gfdl-esm4","ssp585",NA,1.75523432370881,27.5287111304051
"871",1811,"Arizona","gfdl-esm4","ssp585",NA,0.418582133794619,26.4570165429194
"872",1812,"Arizona","gfdl-esm4","ssp585",NA,0.847284870648135,24.3089302844254
"873",1813,"Arizona","gfdl-esm4","ssp585",NA,0.0373880397680552,23.7489047931811
"874",1814,"Arizona","gfdl-esm4","ssp585",NA,0.00233121683614154,21.5286959680685
"875",1815,"Arizona","gfdl-esm4","ssp585",NA,10.2596555454382,21.9115154126501
"876",1816,"Arizona","gfdl-esm4","ssp585",NA,0.653295662826716,17.1288758790297
"877",1817,"Arizona","gfdl-esm4","ssp585",NA,0.0906600519088408,12.5037212077646
"878",1818,"Arizona","gfdl-esm4","ssp585",NA,5.92213555525451,13.0908279052426
"879",1819,"Arizona","gfdl-esm4","ssp585",NA,1.05727360820269,10.5596025199263
"880",1820,"Arizona","gfdl-esm4","ssp585",NA,0.585821863668779,10.0785615749817
"881",1821,"Arizona","gfdl-esm4","ssp585",NA,0.00106200058453695,7.27565424131837
"882",1822,"Arizona","gfdl-esm4","ssp585",NA,0.00217730213573624,9.10707726171136
"883",1823,"Arizona","gfdl-esm4","ssp585",NA,0.79155564228968,7.98778034504388
"884",1824,"Arizona","gfdl-esm4","ssp585",NA,0.529742009922623,4.22650905758635
"885",1825,"Arizona","gfdl-esm4","ssp585",NA,0.00132172139361574,8.59312957107797
"886",1826,"Arizona","gfdl-esm4","ssp585",NA,0.00302751231877155,8.6865652901786
"887",1827,"Arizona","gfdl-esm4","ssp585",NA,1.98336404396798,8.81448618120854
"888",1828,"Arizona","gfdl-esm4","ssp585",NA,1.59371125545501,3.77600440255612
"889",1829,"Arizona","gfdl-esm4","ssp585",NA,0.0526517721101793,1.28449237886183
"890",1830,"Arizona","gfdl-esm4","ssp585",NA,0.0473939083249217,4.90690390180549
"891",1831,"Arizona","gfdl-esm4","ssp585",NA,0.626706216627362,7.41049810860463
"892",1832,"Arizona","gfdl-esm4","ssp585",NA,1.29842375665706,8.9142979907628
"893",1833,"Arizona","gfdl-esm4","ssp585",NA,0.0066625130083434,9.07727539988446
"894",1834,"Arizona","gfdl-esm4","ssp585",NA,0.0961785577608303,10.2121868996795
"895",1835,"Arizona","gfdl-esm4","ssp585",NA,2.5262835995933,9.1694947369331
"896",1836,"Arizona","gfdl-esm4","ssp585",NA,0.000657134097342952,13.1242066509956
"897",1837,"Arizona","gfdl-esm4","ssp585",NA,0.000850521561366774,16.2960382087795
"898",1838,"Arizona","gfdl-esm4","ssp585",NA,0.581197173160587,13.5074314276579
"899",1839,"Arizona","gfdl-esm4","ssp585",NA,0.0807598864046647,15.538772015867
"900",1840,"Arizona","gfdl-esm4","ssp585",NA,0.00155697876873986,16.9938129101933
"901",1841,"Arizona","gfdl-esm4","ssp585",NA,0.00428181097158904,19.7199425698532
"902",1842,"Arizona","gfdl-esm4","ssp585",NA,0.111958184591052,20.7249533169791
"903",1843,"Arizona","gfdl-esm4","ssp585",NA,0.00872762608384921,21.5201026656082
"904",1844,"Arizona","gfdl-esm4","ssp585",NA,0.0148239212711149,23.0480301848555
"905",1845,"Arizona","gfdl-esm4","ssp585",NA,0.294692686151618,16.634449330172
"906",1846,"Arizona","gfdl-esm4","ssp585",NA,1.04660542043801,13.9616774374556
"907",1847,"Arizona","gfdl-esm4","ssp585",NA,0.109816953390484,18.4979131069256
"908",1848,"Arizona","gfdl-esm4","ssp585",NA,0.0198430954041572,22.866961253247
"909",1849,"Arizona","gfdl-esm4","ssp585",NA,0.00386160100200852,21.3704251719787
"910",1850,"Arizona","gfdl-esm4","ssp585",NA,0.0214329761396936,25.0151048817014
"911",1851,"Arizona","gfdl-esm4","ssp585",NA,0.00597740270725896,27.9751487297897
"912",1852,"Arizona","gfdl-esm4","ssp585",NA,0.00128154920534553,26.6328793145914
"913",1853,"Arizona","gfdl-esm4","ssp585",NA,0.0274284666186456,30.797621187579
"914",1854,"Arizona","gfdl-esm4","ssp585",NA,0.00929986774382316,28.8960812343207
"915",1855,"Arizona","gfdl-esm4","ssp585",NA,0.0266200174046527,28.1984997466
"916",1856,"Arizona","gfdl-esm4","ssp585",NA,1.08561182368307,30.8250306410374
"917",1857,"Arizona","gfdl-esm4","ssp585",NA,0.982806956906645,30.4481554882566
"918",1858,"Arizona","gfdl-esm4","ssp585",NA,4.63105667581698,26.8426197616249
"919",1859,"Arizona","gfdl-esm4","ssp585",NA,0.268179168741917,29.1497406430251
"920",1860,"Arizona","gfdl-esm4","ssp585",NA,0.234741468019453,28.7964093966671
"921",1861,"Arizona","gfdl-esm4","ssp585",NA,5.24308871020018,26.855670675285
"922",1862,"Arizona","gfdl-esm4","ssp585",NA,0.736296892595116,25.9626820483491
"923",1863,"Arizona","gfdl-esm4","ssp585",NA,0.151774128507217,24.1895870319661
"924",1864,"Arizona","gfdl-esm4","ssp585",NA,0.418662046525664,26.2503354927381
"925",1865,"Arizona","gfdl-esm4","ssp585",NA,6.30032649126793,22.608309307653
"926",1866,"Arizona","gfdl-esm4","ssp585",NA,0.00993146360247671,23.7329207968923
"927",1867,"Arizona","gfdl-esm4","ssp585",NA,0,20.6416267096017
"928",1868,"Arizona","gfdl-esm4","ssp585",NA,0.00322073630141018,20.186254404408
"929",1869,"Arizona","gfdl-esm4","ssp585",NA,0.507349168879879,14.7247562066041
"930",1870,"Arizona","gfdl-esm4","ssp585",NA,0.000569792866530828,13.9714711108491
"931",1871,"Arizona","gfdl-esm4","ssp585",NA,0.0652454795545859,14.8173874730859
"932",1872,"Arizona","gfdl-esm4","ssp585",NA,0.317612751296363,14.6948930781349
"933",1873,"Arizona","gfdl-esm4","ssp585",NA,0.0367784709305392,13.382924724439
"934",1874,"Arizona","gfdl-esm4","ssp585",NA,0.000714348471842267,13.1224124411717
"935",1875,"Arizona","gfdl-esm4","ssp585",NA,0.00192765410212881,9.74079197860701
"936",1876,"Arizona","gfdl-esm4","ssp585",NA,0.688420058296309,5.65400098952574
"937",1877,"Arizona","gfdl-esm4","ssp585",NA,7.96344947297195,8.99936464022749
"938",1878,"Arizona","gfdl-esm4","ssp585",NA,1.79431372030579,7.75770184194999
"939",1879,"Arizona","gfdl-esm4","ssp585",NA,6.20509143697208,7.30581363335575
"940",1880,"Arizona","gfdl-esm4","ssp585",NA,0.595165422182227,4.33028946405117
"941",1881,"Arizona","gfdl-esm4","ssp585",NA,0.0810260957545307,2.18198607163848
"942",1882,"Arizona","gfdl-esm4","ssp585",NA,0.181984487957444,6.08729866886262
"943",1883,"Arizona","gfdl-esm4","ssp585",NA,5.10183404957849,7.17969833354735
"944",1884,"Arizona","gfdl-esm4","ssp585",NA,0.006654416178295,6.29470658525356
"945",1885,"Arizona","gfdl-esm4","ssp585",NA,0.00976159280842961,6.26561388095323
"946",1886,"Arizona","gfdl-esm4","ssp585",NA,1.76659548733403,5.37338437395062
"947",1887,"Arizona","gfdl-esm4","ssp585",NA,0.166614040120486,7.18808090653645
"948",1888,"Arizona","gfdl-esm4","ssp585",NA,2.78300409362073,8.48594076395339
"949",1889,"Arizona","gfdl-esm4","ssp585",NA,0.0602019663650712,9.91359029931458
"950",1890,"Arizona","gfdl-esm4","ssp585",NA,4.8435445519286,7.67890341043776
"951",1891,"Arizona","gfdl-esm4","ssp585",NA,2.67270364271103,8.48592533154978
"952",1892,"Arizona","gfdl-esm4","ssp585",NA,2.67749173707959,9.89575379729725
"953",1893,"Arizona","gfdl-esm4","ssp585",NA,0.432150507323241,10.0041680144299
"954",1894,"Arizona","gfdl-esm4","ssp585",NA,1.29975734195627,11.40254586819
"955",1895,"Arizona","gfdl-esm4","ssp585",NA,0.415044438218944,11.601554853244
"956",1896,"Arizona","gfdl-esm4","ssp585",NA,2.87382824967142,13.0690714183861
"957",1897,"Arizona","gfdl-esm4","ssp585",NA,0.181425688105771,11.2693663470513
"958",1898,"Arizona","gfdl-esm4","ssp585",NA,0.37619316159725,13.2060649037512
"959",1899,"Arizona","gfdl-esm4","ssp585",NA,0.434395236595705,17.4386172211427
"960",1900,"Arizona","gfdl-esm4","ssp585",NA,3.32325478255154,14.6296489267072
"961",1901,"Arizona","gfdl-esm4","ssp585",NA,0.011003749668345,21.8587385213782
"962",1902,"Arizona","gfdl-esm4","ssp585",NA,0.798629819903744,20.8305720313611
"963",1903,"Arizona","gfdl-esm4","ssp585",NA,0.0359434073940806,23.5219836055404
"964",1904,"Arizona","gfdl-esm4","ssp585",NA,0.00201196510953827,22.6995782015447
"965",1905,"Arizona","gfdl-esm4","ssp585",NA,0.0049698293041407,25.8299358305226
"966",1906,"Arizona","gfdl-esm4","ssp585",NA,0.0657036613883469,24.5244472344516
"967",1907,"Arizona","gfdl-esm4","ssp585",NA,0.0234715864301284,26.5613838051122
"968",1908,"Arizona","gfdl-esm4","ssp585",NA,2.34038976738855,29.4747718319128
"969",1909,"Arizona","gfdl-esm4","ssp585",NA,0.0850945147037585,26.9663174596659
"970",1910,"Arizona","gfdl-esm4","ssp585",NA,0.00525226302351994,27.8358670433614
"971",1911,"Arizona","gfdl-esm4","ssp585",NA,0.30913595016308,28.1484952094733
"972",1912,"Arizona","gfdl-esm4","ssp585",NA,0.0363289637804368,27.9940682393109
"973",1913,"Arizona","gfdl-esm4","ssp585",NA,0.51696662814189,27.0512538596442
"974",1914,"Arizona","gfdl-esm4","ssp585",NA,0.0321805366439237,27.6848309966617
"975",1915,"Arizona","gfdl-esm4","ssp585",NA,0.958907990286647,27.2244969422236
"976",1916,"Arizona","gfdl-esm4","ssp585",NA,0.369670626131792,24.5911203492909
"977",1917,"Arizona","gfdl-esm4","ssp585",NA,0.00373605674818687,24.3135793731728
"978",1918,"Arizona","gfdl-esm4","ssp585",NA,3.88608841512468,22.3619981922483
"979",1919,"Arizona","gfdl-esm4","ssp585",NA,1.52405758294001,20.0643627219797
"980",1920,"Arizona","gfdl-esm4","ssp585",NA,6.21204524188248,19.3990228819335
"981",1921,"Arizona","gfdl-esm4","ssp585",NA,1.11608863454489,15.8154705370724
"982",1922,"Arizona","gfdl-esm4","ssp585",NA,0.0539938874123302,14.9400727668695
"983",1923,"Arizona","gfdl-esm4","ssp585",NA,0.603072571081466,9.71721323353303
"984",1924,"Arizona","gfdl-esm4","ssp585",NA,0.0314994806191026,8.78055734742911
"985",1925,"Arizona","gfdl-esm4","ssp585",NA,0.00447430565215762,12.3906203625627
"986",1926,"Arizona","gfdl-esm4","ssp585",NA,3.35222304981417,8.38963183994995
"987",1927,"Arizona","gfdl-esm4","ssp585",NA,3.72772210010964,9.52455475972367
"988",1928,"Arizona","gfdl-esm4","ssp585",NA,0.382178141620146,5.74316806720876
"989",1929,"Arizona","gfdl-esm4","ssp585",NA,0.00697563261214016,6.54813805735671
"990",1930,"Arizona","gfdl-esm4","ssp585",NA,0.00708867495455079,6.54353545872513
"991",1931,"Arizona","gfdl-esm4","ssp585",NA,0.376535470184584,6.89058374918519
"992",1932,"Arizona","gfdl-esm4","ssp585",NA,0.00104183137753355,6.43810309061663
"993",1933,"Arizona","gfdl-esm4","ssp585",NA,0.00238480047099767,4.89315509627353
"994",1934,"Arizona","gfdl-esm4","ssp585",NA,0.0212736113064305,4.88264863873857
"995",1935,"Arizona","gfdl-esm4","ssp585",NA,0.0013267572163379,8.58096320421146
"996",1936,"Arizona","gfdl-esm4","ssp585",NA,1.30074923959938,5.78313205106523
"997",1937,"Arizona","gfdl-esm4","ssp585",NA,0.131807639005094,7.95069577763266
"998",1938,"Arizona","gfdl-esm4","ssp585",NA,4.45951650718321,4.18424776754852
"999",1939,"Arizona","gfdl-esm4","ssp585",NA,0.0217780585336335,3.24415905900613
"1000",1940,"Arizona","gfdl-esm4","ssp585",NA,0.0978882383260014,7.55120933715977
"1001",1941,"Arizona","gfdl-esm4","ssp585",NA,0.817223155849546,9.05267881063085
"1002",1942,"Arizona","gfdl-esm4","ssp585",NA,0.92769192020217,9.19516110040448
"1003",1943,"Arizona","gfdl-esm4","ssp585",NA,1.58964211908762,10.2428246190666
"1004",1944,"Arizona","gfdl-esm4","ssp585",NA,0.0201959963434631,13.7545789407569
"1005",1945,"Arizona","gfdl-esm4","ssp585",NA,0.0083201737098211,17.54605352544
"1006",1946,"Arizona","gfdl-esm4","ssp585",NA,1.61156745183569,14.8952768588639
"1007",1947,"Arizona","gfdl-esm4","ssp585",NA,0.422482445574317,12.9293399931357
"1008",1948,"Arizona","gfdl-esm4","ssp585",NA,0.00418183367901235,18.7126491387484
"1009",1949,"Arizona","gfdl-esm4","ssp585",NA,0.0062409746112548,21.3004194681624
"1010",1950,"Arizona","gfdl-esm4","ssp585",NA,0.0054301775487622,23.3408581913347
"1011",1951,"Arizona","gfdl-esm4","ssp585",NA,0.0211176058945588,20.4523681872111
"1012",1952,"Arizona","gfdl-esm4","ssp585",NA,0.00362247365679034,25.3262065516109
"1013",1953,"Arizona","gfdl-esm4","ssp585",NA,0.75008978133759,23.9483909867356
"1014",1954,"Arizona","gfdl-esm4","ssp585",NA,0.033628388638801,21.7567782125943
"1015",1955,"Arizona","gfdl-esm4","ssp585",NA,0.463987445845122,21.4868326025576
"1016",1956,"Arizona","gfdl-esm4","ssp585",NA,0.00246567209828886,25.4950288292732
"1017",1957,"Arizona","gfdl-esm4","ssp585",NA,0.00219031026200998,27.3030977618077
"1018",1958,"Arizona","gfdl-esm4","ssp585",NA,0.255706498842042,28.9067190216103
"1019",1959,"Arizona","gfdl-esm4","ssp585",NA,1.00658497313079,28.008854256689
"1020",1960,"Arizona","gfdl-esm4","ssp585",NA,0.0867521856624048,27.7457205481837
"1021",1961,"Arizona","gfdl-esm4","ssp585",NA,3.15419769106515,29.5716509446483
"1022",1962,"Arizona","gfdl-esm4","ssp585",NA,12.0053620088726,24.4452525759768
"1023",1963,"Arizona","gfdl-esm4","ssp585",NA,3.29393997932008,26.9764376827197
"1024",1964,"Arizona","gfdl-esm4","ssp585",NA,0.0937702399120367,28.357611222876
"1025",1965,"Arizona","gfdl-esm4","ssp585",NA,0.0215688574959722,28.7784566500697
"1026",1966,"Arizona","gfdl-esm4","ssp585",NA,1.4934857693261,25.1715649552954
"1027",1967,"Arizona","gfdl-esm4","ssp585",NA,0.108931317319038,25.0768286703812
"1028",1968,"Arizona","gfdl-esm4","ssp585",NA,0.870879678344181,25.896373678369
"1029",1969,"Arizona","gfdl-esm4","ssp585",NA,2.32056650967127,24.65062715745
"1030",1970,"Arizona","gfdl-esm4","ssp585",NA,0.10781808507088,19.4328041819345
"1031",1971,"Arizona","gfdl-esm4","ssp585",NA,0.000259722199881309,18.9668608731778
"1032",1972,"Arizona","gfdl-esm4","ssp585",NA,0.246602483126393,17.9514366101676
"1033",1973,"Arizona","gfdl-esm4","ssp585",NA,0.0216103762046011,18.9195293055172
"1034",1974,"Arizona","gfdl-esm4","ssp585",NA,0.741641237697858,18.9972275995575
"1035",1975,"Arizona","gfdl-esm4","ssp585",NA,0.853771019640103,18.2374986265161
"1036",1976,"Arizona","gfdl-esm4","ssp585",NA,2.25294167668649,14.3431068468637
"1037",1977,"Arizona","gfdl-esm4","ssp585",NA,0.0176997185802591,9.58200257659413
"1038",1978,"Arizona","gfdl-esm4","ssp585",NA,0.246092450001654,7.32119553441799
"1039",1979,"Arizona","gfdl-esm4","ssp585",NA,0.00210144905789665,7.54509200953355
"1040",1980,"Arizona","gfdl-esm4","ssp585",NA,0.00177629029497286,9.31226538116804
"1041",1981,"Arizona","gfdl-esm4","ssp585",NA,0.0165820309707445,9.74682327058315
"1042",1982,"Arizona","gfdl-esm4","ssp585",NA,0.00265335085194757,8.52189020091757
"1043",1983,"Arizona","gfdl-esm4","ssp585",NA,2.64550105493843,9.14674166403289
"1044",1984,"Arizona","gfdl-esm4","ssp585",NA,3.0624619022362,11.2405417421826
"1045",1985,"Arizona","gfdl-esm4","ssp585",NA,1.36257311627348,6.96104351289657
"1046",1986,"Arizona","gfdl-esm4","ssp585",NA,1.63198332522805,9.97562697997741
"1047",1987,"Arizona","gfdl-esm4","ssp585",NA,0.756137748298087,5.11505527424001
"1048",1988,"Arizona","gfdl-esm4","ssp585",NA,0.00175534020202745,9.74181669020625
"1049",1989,"Arizona","gfdl-esm4","ssp585",NA,0.0112266858618781,4.98364966931448
"1050",1990,"Arizona","gfdl-esm4","ssp585",NA,0.179569537495623,11.337835600765
"1051",1991,"Arizona","gfdl-esm4","ssp585",NA,0.00162376828460266,9.9623114777576
"1052",1992,"Arizona","gfdl-esm4","ssp585",NA,3.02458429677821,9.95716496406104
"1053",1993,"Arizona","gfdl-esm4","ssp585",NA,0.00639544424186455,10.3315174589869
"1054",1994,"Arizona","gfdl-esm4","ssp585",NA,1.49814886746671,12.1290121085725
"1055",1995,"Arizona","gfdl-esm4","ssp585",NA,1.05037321595779,9.1238819918048
"1056",1996,"Arizona","gfdl-esm4","ssp585",NA,0.229288993062643,10.3994168326165
"1057",1997,"Arizona","gfdl-esm4","ssp585",NA,2.49393408841579,9.38890061408623
"1058",1998,"Arizona","gfdl-esm4","ssp585",NA,0.0351447098043563,14.105096859938
"1059",1999,"Arizona","gfdl-esm4","ssp585",NA,0.0465118798834443,15.4850745431391
"1060",2000,"Arizona","gfdl-esm4","ssp585",NA,0.0394739714311612,16.3425510102669
"1061",2001,"Arizona","gfdl-esm4","ssp585",NA,0.0786624883943827,18.0172258340906
"1062",2002,"Arizona","gfdl-esm4","ssp585",NA,0.00263935616239169,18.7060140925623
"1063",2003,"Arizona","gfdl-esm4","ssp585",NA,0.198584321846141,19.944919158897
"1064",2004,"Arizona","gfdl-esm4","ssp585",NA,2.44156447365266,17.6710415653272
"1065",2005,"Arizona","gfdl-esm4","ssp585",NA,0.457064229748586,20.3882766434275
"1066",2006,"Arizona","gfdl-esm4","ssp585",NA,0.00337872486107502,24.7467831463338
"1067",2007,"Arizona","gfdl-esm4","ssp585",NA,0.00291896488866474,25.02995706551
"1068",2008,"Arizona","gfdl-esm4","ssp585",NA,0.0275752571194237,25.3308142815167
"1069",2009,"Arizona","gfdl-esm4","ssp585",NA,0.00121590880280909,27.1281833884991
"1070",2010,"Arizona","gfdl-esm4","ssp585",NA,0.0532638395989251,26.7026639878072
"1071",2011,"Arizona","gfdl-esm4","ssp585",NA,0.0485506188976193,27.8534888420636
"1072",2012,"Arizona","gfdl-esm4","ssp585",NA,0.102368039262427,29.3789248769112
"1073",2013,"Arizona","gfdl-esm4","ssp585",NA,0.0803057979883237,30.0586187041967
"1074",2014,"Arizona","gfdl-esm4","ssp585",NA,0.411564367341765,27.8852388519403
"1075",2015,"Arizona","gfdl-esm4","ssp585",NA,0.0640824784814453,29.6528047081794
"1076",2016,"Arizona","gfdl-esm4","ssp585",NA,0.230177371945668,29.7893097579706
"1077",2017,"Arizona","gfdl-esm4","ssp585",NA,0.0220615576822483,28.0109418365054
"1078",2018,"Arizona","gfdl-esm4","ssp585",NA,2.13274463993752,26.985412319873
"1079",2019,"Arizona","gfdl-esm4","ssp585",NA,0.536653588292826,29.5069274439372
"1080",2020,"Arizona","gfdl-esm4","ssp585",NA,0.765661789490879,26.9855172216365
"1081",2021,"Arizona","gfdl-esm4","ssp585",NA,0.258001304331681,25.265565731854
"1082",2022,"Arizona","gfdl-esm4","ssp585",NA,5.35378686305175,22.0542168039739
"1083",2023,"Arizona","gfdl-esm4","ssp585",NA,0.129182415718423,19.906902011336
"1084",2024,"Arizona","gfdl-esm4","ssp585",NA,0.0884201930281067,17.3131423660838
"1085",2025,"Arizona","gfdl-esm4","ssp585",NA,0.0272480070986469,17.8087754588362
"1086",2026,"Arizona","gfdl-esm4","ssp585",NA,0.109470207708495,15.6864617387504
"1087",2027,"Arizona","gfdl-esm4","ssp585",NA,0.0671329301381342,10.9988765904635
"1088",2028,"Arizona","gfdl-esm4","ssp585",NA,0.122429835618094,12.3362523518983
"1089",2029,"Arizona","gfdl-esm4","ssp585",NA,0.142313555953995,12.4206703388586
"1090",2030,"Arizona","gfdl-esm4","ssp585",NA,1.99099981527036,11.0918752638941
"1091",2031,"Arizona","gfdl-esm4","ssp585",NA,0.121347443931463,6.109619904529
"1092",2032,"Arizona","gfdl-esm4","ssp585",NA,0.00264156118044,10.787701392867
"1093",2033,"Arizona","gfdl-esm4","ssp585",NA,0.00300854898722225,10.6503985263907
"1094",2034,"Arizona","gfdl-esm4","ssp585",NA,0.661758814773107,5.90074409648835
"1095",2035,"Arizona","gfdl-esm4","ssp585",NA,0.00130419771652227,6.06492214661033
"1096",2036,"Arizona","gfdl-esm4","ssp585",NA,2.29056163774147,7.15317697633536
"1097",2037,"Arizona","gfdl-esm4","ssp585",NA,0.927868623375674,6.06188589836345
"1098",2038,"Arizona","gfdl-esm4","ssp585",NA,0.00241402431152242,7.36214753933413
"1099",2039,"Arizona","gfdl-esm4","ssp585",NA,0.178286419005577,5.32043224773578
"1100",2040,"Arizona","gfdl-esm4","ssp585",NA,0.107071576948249,9.37925131082838
"1101",2041,"Arizona","gfdl-esm4","ssp585",NA,0.0631675625400009,10.3138864780045
"1102",2042,"Arizona","gfdl-esm4","ssp585",NA,2.23180143971546,8.49935873733311
"1103",2043,"Arizona","gfdl-esm4","ssp585",NA,2.5303427049838,8.92461898938747
"1104",2044,"Arizona","gfdl-esm4","ssp585",NA,1.95961557107157,5.83192946558206
"1105",2045,"Arizona","gfdl-esm4","ssp585",NA,0.0062550334515768,10.2045171494129
"1106",2046,"Arizona","gfdl-esm4","ssp585",NA,1.88233424068695,10.2734369521497
"1107",2047,"Arizona","gfdl-esm4","ssp585",NA,2.40539703621129,15.7759104192182
"1108",2048,"Arizona","gfdl-esm4","ssp585",NA,2.93772365413753,10.7354619350506
"1109",2049,"Arizona","gfdl-esm4","ssp585",NA,0.0139717028810054,12.405950719397
"1110",2050,"Arizona","gfdl-esm4","ssp585",NA,0.16339959436919,13.6917976466202
"1111",2051,"Arizona","gfdl-esm4","ssp585",NA,0.257868471204731,13.2598482192241
"1112",2052,"Arizona","gfdl-esm4","ssp585",NA,0.112739230748537,20.1180981198394
"1113",2053,"Arizona","gfdl-esm4","ssp585",NA,0.00366190739101321,26.1525483373746
"1114",2054,"Arizona","gfdl-esm4","ssp585",NA,0.803936998541142,18.7093985344155
"1115",2055,"Arizona","gfdl-esm4","ssp585",NA,0.245430559297613,15.7232631987175
"1116",2056,"Arizona","gfdl-esm4","ssp585",NA,0.00456274959067997,18.31676666607
"1117",2057,"Arizona","gfdl-esm4","ssp585",NA,0.00621919709015458,21.7815915885376
"1118",2058,"Arizona","gfdl-esm4","ssp585",NA,2.08069068342741,24.0215902335725
"1119",2059,"Arizona","gfdl-esm4","ssp585",NA,0.223206429603914,22.426403013825
"1120",2060,"Arizona","gfdl-esm4","ssp585",NA,0.180413973724754,23.9826043168754
"1121",2061,"Arizona","gfdl-esm4","ssp585",NA,1.0915718415948,24.6254860744163
"1122",2062,"Arizona","gfdl-esm4","ssp585",NA,0.0518322984268388,25.4399562136413
"1123",2063,"Arizona","gfdl-esm4","ssp585",NA,0.0114919642308913,26.0922085266499
"1124",2064,"Arizona","gfdl-esm4","ssp585",NA,0.0618535714627167,26.9512191676009
"1125",2065,"Arizona","gfdl-esm4","ssp585",NA,0.0182904410129803,28.3765993680122
"1126",2066,"Arizona","gfdl-esm4","ssp585",NA,0.0491272512342155,28.6452693741482
"1127",2067,"Arizona","gfdl-esm4","ssp585",NA,2.74923106412787,28.1650047948478
"1128",2068,"Arizona","gfdl-esm4","ssp585",NA,4.21723307944078,25.1191989131884
"1129",2069,"Arizona","gfdl-esm4","ssp585",NA,4.57888578364875,24.1640180469614
"1130",2070,"Arizona","gfdl-esm4","ssp585",NA,0.328689444545771,28.4179928939955
"1131",2071,"Arizona","gfdl-esm4","ssp585",NA,1.36594765044789,24.3471932701757
"1132",2072,"Arizona","gfdl-esm4","ssp585",NA,0.491753732596095,27.157334195799
"1133",2073,"Arizona","gfdl-esm4","ssp585",NA,5.88132998776912,24.5191300769522
"1134",2074,"Arizona","gfdl-esm4","ssp585",NA,0.330876356667441,21.8351161411831
"1135",2075,"Arizona","gfdl-esm4","ssp585",NA,0.00269743664674084,20.6907203876867
"1136",2076,"Arizona","gfdl-esm4","ssp585",NA,0.0475181878052863,18.6656612121351
"1137",2077,"Arizona","gfdl-esm4","ssp585",NA,0.0541602357133907,20.4360209121415
"1138",2078,"Arizona","gfdl-esm4","ssp585",NA,0.00169621383418522,17.7820382794599
"1139",2079,"Arizona","gfdl-esm4","ssp585",NA,0.037142505852473,17.8729857163845
"1140",2080,"Arizona","gfdl-esm4","ssp585",NA,0.00230023985178997,12.4066443673579
"1141",2081,"Arizona","gfdl-esm4","ssp585",NA,0.124819372193872,6.70214287411852
"1142",2082,"Arizona","gfdl-esm4","ssp585",NA,0.00785621815809526,13.8940446200172
"1143",2083,"Arizona","gfdl-esm4","ssp585",NA,0.000581313144557934,9.85918891607738
"1144",2084,"Arizona","gfdl-esm4","ssp585",NA,0.471811296787571,9.7043104709476
"1145",2085,"Arizona","gfdl-esm4","ssp585",NA,0.00544090618696356,5.36571705428752
"1146",2086,"Arizona","gfdl-esm4","ssp585",NA,0.000955169193632666,6.0682153443772
"1147",2087,"Arizona","gfdl-esm4","ssp585",NA,3.6377274988874,7.22541007754476
"1148",2088,"Arizona","gfdl-esm4","ssp585",NA,1.19173026462954,4.53686167720599
"1149",2089,"Arizona","gfdl-esm4","ssp585",NA,0.00129141765702563,6.96564194477918
"1150",2090,"Arizona","gfdl-esm4","ssp585",NA,2.59253982433823,8.02632686262941
"1151",2091,"Arizona","gfdl-esm4","ssp585",NA,0.000523706538912954,6.16107717096883
"1152",2092,"Arizona","gfdl-esm4","ssp585",NA,0.00286578913148261,6.58754338820275
"1153",2093,"Arizona","gfdl-esm4","ssp585",NA,2.38040617720848,9.89881712941246
"1154",2094,"Arizona","gfdl-esm4","ssp585",NA,0.00191180050566539,12.3313307269033
"1155",2095,"Arizona","gfdl-esm4","ssp585",NA,2.14634565880504,9.44328641059579
"1156",2096,"Arizona","gfdl-esm4","ssp585",NA,2.27033241240635,10.063789793996
"1157",2097,"Arizona","gfdl-esm4","ssp585",NA,0.18815288399879,10.0290137984207
"1158",2098,"Arizona","gfdl-esm4","ssp585",NA,3.85157555005812,13.3902223608738
"1159",2099,"Arizona","gfdl-esm4","ssp585",NA,0.20331145162814,13.9039927717708
"1160",2100,"Arizona","gfdl-esm4","ssp585",NA,0.0774048861261248,13.0364640227462
"1161",2101,"Arizona","gfdl-esm4","ssp585",NA,0.00265647068276958,13.1951336693071
"1162",2102,"Arizona","gfdl-esm4","ssp585",NA,0.660409932310204,15.7370730779868
"1163",2103,"Arizona","gfdl-esm4","ssp585",NA,0.349426744519745,12.2581530468503
"1164",2104,"Arizona","gfdl-esm4","ssp585",NA,0.00511387561495529,19.7373069946444
"1165",2105,"Arizona","gfdl-esm4","ssp585",NA,0.0098693783022787,20.6280193806298
"1166",2106,"Arizona","gfdl-esm4","ssp585",NA,0.662742945206364,14.4972718133939
"1167",2107,"Arizona","gfdl-esm4","ssp585",NA,0.0158993680226292,15.2659634248948
"1168",2108,"Arizona","gfdl-esm4","ssp585",NA,0.170269304864826,20.3103792327997
"1169",2109,"Arizona","gfdl-esm4","ssp585",NA,0.00422423531130008,23.3238044979901
"1170",2110,"Arizona","gfdl-esm4","ssp585",NA,0.00238720123208241,22.6777167743437
"1171",2111,"Arizona","gfdl-esm4","ssp585",NA,0.0153710173333351,25.0439755522949
"1172",2112,"Arizona","gfdl-esm4","ssp585",NA,0.0593384522370339,25.1729934171539
"1173",2113,"Arizona","gfdl-esm4","ssp585",NA,0.00284169799797681,27.1732267936774
"1174",2114,"Arizona","gfdl-esm4","ssp585",NA,0.178845810556795,26.0316975319883
"1175",2115,"Arizona","gfdl-esm4","ssp585",NA,0.168647787916962,25.5652411343928
"1176",2116,"Arizona","gfdl-esm4","ssp585",NA,0.283504681214847,28.8681756676675
"1177",2117,"Arizona","gfdl-esm4","ssp585",NA,2.31291552208284,30.4019014110155
"1178",2118,"Arizona","gfdl-esm4","ssp585",NA,0.680417373893109,28.311117248921
"1179",2119,"Arizona","gfdl-esm4","ssp585",NA,0.0269099175728394,26.7129418914448
"1180",2120,"Arizona","gfdl-esm4","ssp585",NA,0.929317929665687,27.7418006405065
"1181",2121,"Arizona","gfdl-esm4","ssp585",NA,0.962804089896742,29.0613054085019
"1182",2122,"Arizona","gfdl-esm4","ssp585",NA,0.17812384972606,28.7775558606713
"1183",2123,"Arizona","gfdl-esm4","ssp585",NA,4.54315004937159,25.8068010371193
"1184",2124,"Arizona","gfdl-esm4","ssp585",NA,1.52301709556201,26.5980784728464
"1185",2125,"Arizona","gfdl-esm4","ssp585",NA,1.38675406213088,24.7077047509581
"1186",2126,"Arizona","gfdl-esm4","ssp585",NA,2.97838939950222,20.7667414495225
"1187",2127,"Arizona","gfdl-esm4","ssp585",NA,0.840524952363277,21.8055017444789
"1188",2128,"Arizona","gfdl-esm4","ssp585",NA,0.00614272262161883,22.5543314281517
"1189",2129,"Arizona","gfdl-esm4","ssp585",NA,0.00052392575174188,19.6915634598955
"1190",2130,"Arizona","gfdl-esm4","ssp585",NA,0.252376239822678,20.7179843907411
"1191",2131,"Arizona","gfdl-esm4","ssp585",NA,0.123607526384677,19.8326763167544
"1192",2132,"Arizona","gfdl-esm4","ssp585",NA,0.833422053038069,14.3893253909954
"1193",2133,"Arizona","gfdl-esm4","ssp585",NA,0.104318437679674,9.98393906546304
"1194",2134,"Arizona","gfdl-esm4","ssp585",NA,0.00303814212306901,11.6830845115459
"1195",2135,"Arizona","gfdl-esm4","ssp585",NA,0.0539149042589179,11.255860177485
"1196",2136,"Arizona","gfdl-esm4","ssp585",NA,0.0216672564884671,8.37549413784719
"1197",2137,"Arizona","gfdl-esm4","ssp585",NA,1.67898413262176,8.99335773144904
"1198",2138,"Arizona","gfdl-esm4","ssp585",NA,0.000402979813907625,8.49664996469068
"1199",2139,"Arizona","gfdl-esm4","ssp585",NA,0.0484905643305291,10.2175315654384
"1200",2140,"Arizona","gfdl-esm4","ssp585",NA,0.183708394371,7.56888021090542
"1201",2141,"Arizona","gfdl-esm4","ssp585",NA,3.87532955530618,3.85485642308986
"1202",2142,"Arizona","gfdl-esm4","ssp585",NA,4.64561921126488,6.96040522868355
"1203",2143,"Arizona","gfdl-esm4","ssp585",NA,0.145743642208278,7.20161215375861
"1204",2144,"Arizona","gfdl-esm4","ssp585",NA,5.60629058783173,8.65147358620666
"1205",2145,"Arizona","gfdl-esm4","ssp585",NA,12.4025191177207,9.88729325208895
"1206",2146,"Arizona","gfdl-esm4","ssp585",NA,0.00975296695187365,5.77947916255138
"1207",2147,"Arizona","gfdl-esm4","ssp585",NA,0.00849641613031892,7.3966637303947
"1208",2148,"Arizona","gfdl-esm4","ssp585",NA,0.538463588573604,9.16267689392632
"1209",2149,"Arizona","gfdl-esm4","ssp585",NA,2.02795206681402,10.7199225463096
"1210",2150,"Arizona","gfdl-esm4","ssp585",NA,0.559705364919545,9.52321572864405
"1211",2151,"Arizona","gfdl-esm4","ssp585",NA,0.273695847936232,14.5878969059883
"1212",2152,"Arizona","gfdl-esm4","ssp585",NA,2.80035355386097,9.60999109241666
"1213",2153,"Arizona","gfdl-esm4","ssp585",NA,2.32396964432106,10.990629089587
"1214",2154,"Arizona","gfdl-esm4","ssp585",NA,0.359136546835135,10.6163797988602
"1215",2155,"Arizona","gfdl-esm4","ssp585",NA,0.0170023559423082,15.0419131272964
"1216",2156,"Arizona","gfdl-esm4","ssp585",NA,0.896831592454125,14.9407953891682
"1217",2157,"Arizona","gfdl-esm4","ssp585",NA,0.0369389311697993,17.3303675134324
"1218",2158,"Arizona","gfdl-esm4","ssp585",NA,0.00554133020034168,20.069705227202
"1219",2159,"Arizona","gfdl-esm4","ssp585",NA,1.44042960497997,20.6485464836343
"1220",2160,"Arizona","gfdl-esm4","ssp585",NA,2.2452729227756,16.4940481386052
"1221",2161,"Arizona","gfdl-esm4","ssp585",NA,0.00252812073322666,19.3414088966572
"1222",2162,"Arizona","gfdl-esm4","ssp585",NA,0.0121280729581025,19.1726611960854
"1223",2163,"Arizona","gfdl-esm4","ssp585",NA,0.00449135238333065,20.4576129667376
"1224",2164,"Arizona","gfdl-esm4","ssp585",NA,0.00560991663305697,26.4440577607089
"1225",2165,"Arizona","gfdl-esm4","ssp585",NA,0.000993367485430058,28.5589911266766
"1226",2166,"Arizona","gfdl-esm4","ssp585",NA,0.309843167394358,29.5360299092328
"1227",2167,"Arizona","gfdl-esm4","ssp585",NA,0.30011418750174,27.8330368562836
"1228",2168,"Arizona","gfdl-esm4","ssp585",NA,0.197964684765679,27.6607358833631
"1229",2169,"Arizona","gfdl-esm4","ssp585",NA,0.429247188565525,29.9085395822634
"1230",2170,"Arizona","gfdl-esm4","ssp585",NA,0.107775659211309,27.5072791869963
"1231",2171,"Arizona","gfdl-esm4","ssp585",NA,1.06613642683545,29.9917608634862
"1232",2172,"Arizona","gfdl-esm4","ssp585",NA,0.592637161263557,28.6104727377331
"1233",2173,"Arizona","gfdl-esm4","ssp585",NA,1.08019130577934,28.47887183574
"1234",2174,"Arizona","gfdl-esm4","ssp585",NA,0.989317903510127,28.0032850108768
"1235",2175,"Arizona","gfdl-esm4","ssp585",NA,1.38826836068462,27.7384825965698
"1236",2176,"Arizona","gfdl-esm4","ssp585",NA,0.083783900134868,28.3044924267023
"1237",2177,"Arizona","gfdl-esm4","ssp585",NA,0.0441476486366062,26.7187002613632
"1238",2178,"Arizona","gfdl-esm4","ssp585",NA,0.00499560512170298,24.9658933386339
"1239",2179,"Arizona","gfdl-esm4","ssp585",NA,0.00351375507104873,25.8212052954133
"1240",2180,"Arizona","gfdl-esm4","ssp585",NA,0.00141556795418846,25.2171210249215
"1241",2181,"Arizona","gfdl-esm4","ssp585",NA,0.000153077747736818,22.8243408125963
"1242",2182,"Arizona","gfdl-esm4","ssp585",NA,0.00304535362038994,21.2385624978395
"1243",2183,"Arizona","gfdl-esm4","ssp585",NA,0.137579953811705,19.438430218992
"1244",2184,"Arizona","gfdl-esm4","ssp585",NA,0.278149756053834,13.9329534518583
"1245",2185,"Arizona","gfdl-esm4","ssp585",NA,0.894591112021262,14.5173654587622
"1246",2186,"Arizona","gfdl-esm4","ssp585",NA,0.00302236158099139,12.2081301065824
"1247",2187,"Arizona","gfdl-esm4","ssp585",NA,0.222156867463005,11.7783245872758
"1248",2188,"Arizona","gfdl-esm4","ssp585",NA,0.00336392905685124,11.0209432686325
"1249",2189,"Arizona","gfdl-esm4","ssp585",NA,0.848272103527183,7.92373097030314
"1250",2190,"Arizona","gfdl-esm4","ssp585",NA,0.00165650208847342,8.41128516118839
"1251",2191,"Arizona","gfdl-esm4","ssp585",NA,0.00279817490698063,8.62504902874627
"1252",2192,"Arizona","gfdl-esm4","ssp585",NA,0.0270352752976912,10.0609692521704
"1253",2193,"Arizona","gfdl-esm4","ssp585",NA,0.933281687509249,9.34491479152677
"1254",2194,"Arizona","gfdl-esm4","ssp585",NA,0.0003212587663968,11.3560527044362
"1255",2195,"Arizona","gfdl-esm4","ssp585",NA,2.49418850754776,9.76271586846162
"1256",2196,"Arizona","gfdl-esm4","ssp585",NA,1.43695627779375,9.20627918267524
"1257",2197,"Arizona","gfdl-esm4","ssp585",NA,1.45596572712515,7.31968624534561
"1258",2198,"Arizona","gfdl-esm4","ssp585",NA,2.42387644669233,6.87416779991953
"1259",2199,"Arizona","gfdl-esm4","ssp585",NA,0.010525155460662,10.4497565615494
"1260",2200,"Arizona","gfdl-esm4","ssp585",NA,0.00152989175968642,13.9882255698878
"1261",2201,"Arizona","gfdl-esm4","ssp585",NA,0.0197485970290832,9.88910250850637
"1262",2202,"Arizona","gfdl-esm4","ssp585",NA,0.00133058513949158,14.4132172981195
"1263",2203,"Arizona","gfdl-esm4","ssp585",NA,1.90376555225955,10.9465753644517
"1264",2204,"Arizona","gfdl-esm4","ssp585",NA,2.4646785133912,8.44050892517632
"1265",2205,"Arizona","gfdl-esm4","ssp585",NA,0.636591722588708,11.5047138585454
"1266",2206,"Arizona","gfdl-esm4","ssp585",NA,0.00324683719422515,17.8317093223447
"1267",2207,"Arizona","gfdl-esm4","ssp585",NA,0.237790753227456,17.461807764104
"1268",2208,"Arizona","gfdl-esm4","ssp585",NA,4.60945587762228,14.9007901236321
"1269",2209,"Arizona","gfdl-esm4","ssp585",NA,0.0247896533411152,15.5808792519359
"1270",2210,"Arizona","gfdl-esm4","ssp585",NA,0.868016925992741,17.8734936353681
"1271",2211,"Arizona","gfdl-esm4","ssp585",NA,0.106100737806175,16.1581536178493
"1272",2212,"Arizona","gfdl-esm4","ssp585",NA,0.254690693440256,21.0075259897109
"1273",2213,"Arizona","gfdl-esm4","ssp585",NA,0.0101291156271374,21.5246723546391
"1274",2214,"Arizona","gfdl-esm4","ssp585",NA,0.000943823660007564,20.9133096610551
"1275",2215,"Arizona","gfdl-esm4","ssp585",NA,0.0021066267300577,24.6016766149085
"1276",2216,"Arizona","gfdl-esm4","ssp585",NA,0.181137873781242,27.0451780066026
"1277",2217,"Arizona","gfdl-esm4","ssp585",NA,3.9935789527169,23.670376660218
"1278",2218,"Arizona","gfdl-esm4","ssp585",NA,1.94362738789032,25.1620319351987
"1279",2219,"Arizona","gfdl-esm4","ssp585",NA,4.20584751522849,26.2085723606886
"1280",2220,"Arizona","gfdl-esm4","ssp585",NA,4.19389717343322,26.3464922146611
"1281",2221,"Arizona","gfdl-esm4","ssp585",NA,0.0595136986690789,27.2936768195421
"1282",2222,"Arizona","gfdl-esm4","ssp585",NA,2.73889815931161,28.5263546795369
"1283",2223,"Arizona","gfdl-esm4","ssp585",NA,10.7482002754991,25.0772586171455
"1284",2224,"Arizona","gfdl-esm4","ssp585",NA,4.47614771658327,26.3683715434503
"1285",2225,"Arizona","gfdl-esm4","ssp585",NA,1.83514140239563,28.1609372376492
"1286",2226,"Arizona","gfdl-esm4","ssp585",NA,4.38342336206425,26.432236539549
"1287",2227,"Arizona","gfdl-esm4","ssp585",NA,3.35225196749187,24.4678527909193
"1288",2228,"Arizona","gfdl-esm4","ssp585",NA,3.25050625036593,22.1043409422285
"1289",2229,"Arizona","gfdl-esm4","ssp585",NA,1.4807492171125,23.8380708291769
"1290",2230,"Arizona","gfdl-esm4","ssp585",NA,0.242737043236243,24.2175691819221
"1291",2231,"Arizona","gfdl-esm4","ssp585",NA,2.99125699211075,21.4950415610062
"1292",2232,"Arizona","gfdl-esm4","ssp585",NA,0.00370920749185663,23.525173174717
"1293",2233,"Arizona","gfdl-esm4","ssp585",NA,0.00201088759770579,22.3761817285897
"1294",2234,"Arizona","gfdl-esm4","ssp585",NA,0.00123711685236784,21.781383482575
"1295",2235,"Arizona","gfdl-esm4","ssp585",NA,0.000590527720368785,18.1137108804001
"1296",2236,"Arizona","gfdl-esm4","ssp585",NA,0.00139450135669646,17.3453974399495
"1297",2237,"Arizona","gfdl-esm4","ssp585",NA,0.130009241109363,16.982264070957
"1298",2238,"Arizona","gfdl-esm4","ssp585",NA,1.60783706471881,13.5865701822505
"1299",2239,"Arizona","gfdl-esm4","ssp585",NA,0.0187058094251474,9.53871013192855
"1300",2240,"Arizona","gfdl-esm4","ssp585",NA,0.947541927584392,7.47058259021168
"1301",2241,"Arizona","gfdl-esm4","ssp585",NA,0.337078451915873,8.4936381382225
"1302",2242,"Arizona","gfdl-esm4","ssp585",NA,2.6080277443478,6.72433563502491
"1303",2243,"Arizona","gfdl-esm4","ssp585",NA,0.129562057779163,9.78125037809391
"1304",2244,"Arizona","gfdl-esm4","ssp585",NA,0.174151170356228,3.43235571628578
"1305",2245,"Arizona","gfdl-esm4","ssp585",NA,0.0445892444549459,3.00997306736926
"1306",2246,"Arizona","gfdl-esm4","ssp585",NA,0.00105645487125973,6.61259762538521
"1307",2247,"Arizona","gfdl-esm4","ssp585",NA,0.0892354374920958,3.36130238375081
"1308",2248,"Arizona","gfdl-esm4","ssp585",NA,0.00305674322506981,7.25696301562749
"1309",2249,"Arizona","gfdl-esm4","ssp585",NA,0.268273567252403,9.30314104969977
"1310",2250,"Arizona","gfdl-esm4","ssp585",NA,0.0117765491864822,10.5234994533843
"1311",2251,"Arizona","gfdl-esm4","ssp585",NA,0.0469548160007849,12.410705211461
"1312",2252,"Arizona","gfdl-esm4","ssp585",NA,0.0161732364598692,12.2059603877978
"1313",2253,"Arizona","gfdl-esm4","ssp585",NA,0.14178823989645,13.0532487678769
"1314",2254,"Arizona","gfdl-esm4","ssp585",NA,0.000908575161006542,14.0062091427115
"1315",2255,"Arizona","gfdl-esm4","ssp585",NA,0.153239232053774,14.5479308387573
"1316",2256,"Arizona","gfdl-esm4","ssp585",NA,0.0370323839718271,13.2641638523107
"1317",2257,"Arizona","gfdl-esm4","ssp585",NA,0.330485212284927,15.6194329455891
"1318",2258,"Arizona","gfdl-esm4","ssp585",NA,0.00965264251747218,14.1913493352955
"1319",2259,"Arizona","gfdl-esm4","ssp585",NA,0.306119998393519,17.8351634800811
"1320",2260,"Arizona","gfdl-esm4","ssp585",NA,0.746783027973543,17.4858546511413
"1321",2261,"Arizona","gfdl-esm4","ssp585",NA,0.038727967660711,19.2390684877726
"1322",2262,"Arizona","gfdl-esm4","ssp585",NA,0.978262826101027,13.2911612991738
"1323",2263,"Arizona","gfdl-esm4","ssp585",NA,0.105613316410854,18.6385634932295
"1324",2264,"Arizona","gfdl-esm4","ssp585",NA,0.755689670892972,18.4564744411618
"1325",2265,"Arizona","gfdl-esm4","ssp585",NA,0.00245254310879279,21.0292780011704
"1326",2266,"Arizona","gfdl-esm4","ssp585",NA,0.0625096353002688,25.1556412225427
"1327",2267,"Arizona","gfdl-esm4","ssp585",NA,0.271238765161097,24.3105318592713
"1328",2268,"Arizona","gfdl-esm4","ssp585",NA,0.00910641903481705,23.855186869432
"1329",2269,"Arizona","gfdl-esm4","ssp585",NA,0.00221626571661883,22.3181942405653
"1330",2270,"Arizona","gfdl-esm4","ssp585",NA,0.310464512864608,25.7025242088116
"1331",2271,"Arizona","gfdl-esm4","ssp585",NA,0.870616782568894,25.6978266623168
"1332",2272,"Arizona","gfdl-esm4","ssp585",NA,0.473029293445734,29.7289192903811
"1333",2273,"Arizona","gfdl-esm4","ssp585",NA,1.08409008134315,27.5611326813246
"1334",2274,"Arizona","gfdl-esm4","ssp585",NA,1.92755445377345,26.0665002642028
"1335",2275,"Arizona","gfdl-esm4","ssp585",NA,1.86248651153859,26.371557293107
"1336",2276,"Arizona","gfdl-esm4","ssp585",NA,0.0215059841943872,28.295410881573
"1337",2277,"Arizona","gfdl-esm4","ssp585",NA,0.57227046688416,29.25717494111
"1338",2278,"Arizona","gfdl-esm4","ssp585",NA,0.202479569862887,30.0185956142344
"1339",2279,"Arizona","gfdl-esm4","ssp585",NA,0.50729791190862,27.4220589079538
"1340",2280,"Arizona","gfdl-esm4","ssp585",NA,2.78714338951782,26.0177211756652
"1341",2281,"Arizona","gfdl-esm4","ssp585",NA,1.94553116467,24.7882598915534
"1342",2282,"Arizona","gfdl-esm4","ssp585",NA,2.05069069032108,22.7193554440582
"1343",2283,"Arizona","gfdl-esm4","ssp585",NA,0.793590063805797,21.8837741625143
"1344",2284,"Arizona","gfdl-esm4","ssp585",NA,2.3242691521282,21.4146122330812
"1345",2285,"Arizona","gfdl-esm4","ssp585",NA,0.00182294892540876,22.8758931040613
"1346",2286,"Arizona","gfdl-esm4","ssp585",NA,3.45658310321095,21.5979331767665
"1347",2287,"Arizona","gfdl-esm4","ssp585",NA,0.555045651073345,18.4166024344308
"1348",2288,"Arizona","gfdl-esm4","ssp585",NA,0.260182075116478,15.9259729127366
"1349",2289,"Arizona","gfdl-esm4","ssp585",NA,0.130073765628819,9.93675514732392
"1350",2290,"Arizona","gfdl-esm4","ssp585",NA,0.0026168851151326,13.9003047745388
"1351",2291,"Arizona","gfdl-esm4","ssp585",NA,0.126659197092191,8.68766257265578
"1352",2292,"Arizona","gfdl-esm4","ssp585",NA,1.78129966931268,8.09771230048991
"1353",2293,"Arizona","gfdl-esm4","ssp585",NA,0.284278602613901,5.13620434169072
"1354",2294,"Arizona","gfdl-esm4","ssp585",NA,2.60628066885314,0.481044023709134
"1355",2295,"Arizona","gfdl-esm4","ssp585",NA,0.00259155281455881,2.20611791405759
"1356",2296,"Arizona","gfdl-esm4","ssp585",NA,0.00229021724455227,8.19493740771425
"1357",2297,"Arizona","gfdl-esm4","ssp585",NA,0.00149062908175531,9.5300317583434
"1358",2298,"Arizona","gfdl-esm4","ssp585",NA,0.403737374402579,8.68141217912949
"1359",2299,"Arizona","gfdl-esm4","ssp585",NA,2.36611358920266,6.99901054372681
"1360",2300,"Arizona","gfdl-esm4","ssp585",NA,2.57428278020664,1.96113707184342
"1361",2301,"Arizona","gfdl-esm4","ssp585",NA,1.4623534249447,7.80931682755464
"1362",2302,"Arizona","gfdl-esm4","ssp585",NA,0.318087440627292,2.06261249450609
"1363",2303,"Arizona","gfdl-esm4","ssp585",NA,1.52049606055782,-0.24712356200861
"1364",2304,"Arizona","gfdl-esm4","ssp585",NA,2.74935166005535,2.99082643144805
"1365",2305,"Arizona","gfdl-esm4","ssp585",NA,0.373983948106228,9.00244394488041
"1366",2306,"Arizona","gfdl-esm4","ssp585",NA,0.118222007703435,7.10597025681991
"1367",2307,"Arizona","gfdl-esm4","ssp585",NA,0.259426129231486,11.060997493469
"1368",2308,"Arizona","gfdl-esm4","ssp585",NA,0.0277814344033976,11.8922419223713
"1369",2309,"Arizona","gfdl-esm4","ssp585",NA,0.0030883535709535,16.6980617749857
"1370",2310,"Arizona","gfdl-esm4","ssp585",NA,0.018275839710005,14.7456407626571
"1371",2311,"Arizona","gfdl-esm4","ssp585",NA,1.2909252943449,14.3551348622319
"1372",2312,"Arizona","gfdl-esm4","ssp585",NA,1.21709052347564,14.7074409725995
"1373",2313,"Arizona","gfdl-esm4","ssp585",NA,0.394599752191733,17.5133807349898
"1374",2314,"Arizona","gfdl-esm4","ssp585",NA,0.00659390983632639,21.5810808377079
"1375",2315,"Arizona","gfdl-esm4","ssp585",NA,0.00217663122253615,24.3129319838417
"1376",2316,"Arizona","gfdl-esm4","ssp585",NA,0.0185085367294555,19.4830218791359
"1377",2317,"Arizona","gfdl-esm4","ssp585",NA,0.00186656022060388,23.8003992131326
"1378",2318,"Arizona","gfdl-esm4","ssp585",NA,0.125592284391849,24.5991745978933
"1379",2319,"Arizona","gfdl-esm4","ssp585",NA,0.0941615309745445,24.9772801762134
"1380",2320,"Arizona","gfdl-esm4","ssp585",NA,0.00298813470094668,25.9502880149485
"1381",2321,"Arizona","gfdl-esm4","ssp585",NA,0.114990523031813,25.1922946857592
"1382",2322,"Arizona","gfdl-esm4","ssp585",NA,0.00199791778059068,26.0451526974607
"1383",2323,"Arizona","gfdl-esm4","ssp585",NA,1.82176790285057,26.4597505475417
"1384",2324,"Arizona","gfdl-esm4","ssp585",NA,0.270217969398446,31.3794662456296
"1385",2325,"Arizona","gfdl-esm4","ssp585",NA,3.90716014351069,28.9166971508079
"1386",2326,"Arizona","gfdl-esm4","ssp585",NA,0.490520054614712,30.3465866995521
"1387",2327,"Arizona","gfdl-esm4","ssp585",NA,1.31365191029634,30.5421487029374
"1388",2328,"Arizona","gfdl-esm4","ssp585",NA,0.727442567109029,32.0613111184913
"1389",2329,"Arizona","gfdl-esm4","ssp585",NA,0.196719751888775,29.2538613339893
"1390",2330,"Arizona","gfdl-esm4","ssp585",NA,2.23001811436881,28.0581267963318
"1391",2331,"Arizona","gfdl-esm4","ssp585",NA,0.53059848285214,29.5271969029635
"1392",2332,"Arizona","gfdl-esm4","ssp585",NA,0.0707765983462482,27.6003285944537
"1393",2333,"Arizona","gfdl-esm4","ssp585",NA,3.01320763803587,25.8746638359523
"1394",2334,"Arizona","gfdl-esm4","ssp585",NA,0.352926216694669,23.3634469091365
"1395",2335,"Arizona","gfdl-esm4","ssp585",NA,1.67718109857276,21.0926185270327
"1396",2336,"Arizona","gfdl-esm4","ssp585",NA,0.00512084558451761,24.320330278129
"1397",2337,"Arizona","gfdl-esm4","ssp585",NA,0.00230308698597553,24.3328126234593
"1398",2338,"Arizona","gfdl-esm4","ssp585",NA,0.00624392563342125,17.5742589436952
"1399",2339,"Arizona","gfdl-esm4","ssp585",NA,0.785159870836688,17.2822666790332
"1400",2340,"Arizona","gfdl-esm4","ssp585",NA,0.00156205930824653,16.1034317035892
"1401",2341,"Arizona","gfdl-esm4","ssp585",NA,0.463626651666904,16.2237880547641
"1402",2342,"Arizona","gfdl-esm4","ssp585",NA,0.0374865304541732,11.4730684417841
"1403",2343,"Arizona","gfdl-esm4","ssp585",NA,0.389838053578538,7.56605272449829
"1404",2344,"Arizona","gfdl-esm4","ssp585",NA,0.479081983832356,10.7269356092219
"1405",2345,"Arizona","gfdl-esm4","ssp585",NA,4.36372441643668,10.4221076357681
"1406",2346,"Arizona","gfdl-esm4","ssp585",NA,1.6924968392672,7.5251528039443
"1407",2347,"Arizona","gfdl-esm4","ssp585",NA,0.203983964598827,5.5315578687357
"1408",2348,"Arizona","gfdl-esm4","ssp585",NA,5.08214782634179,5.21945174225666
"1409",2349,"Arizona","gfdl-esm4","ssp585",NA,2.00476340847148,1.34981600716807
"1410",2350,"Arizona","gfdl-esm4","ssp585",NA,0.00238474539770155,2.0188214288801
"1411",2351,"Arizona","gfdl-esm4","ssp585",NA,8.5320312022578,7.80012050392356
"1412",2352,"Arizona","gfdl-esm4","ssp585",NA,8.56476291344265,9.46441051613367
"1413",2353,"Arizona","gfdl-esm4","ssp585",NA,0.628685639069033,7.61335686106148
"1414",2354,"Arizona","gfdl-esm4","ssp585",NA,0.262731896491712,7.74749755087757
"1415",2355,"Arizona","gfdl-esm4","ssp585",NA,0.354208479319617,10.1941380477886
"1416",2356,"Arizona","gfdl-esm4","ssp585",NA,0.610938435771314,5.45684126939547
"1417",2357,"Arizona","gfdl-esm4","ssp585",NA,2.64843750713222,6.50055335969602
"1418",2358,"Arizona","gfdl-esm4","ssp585",NA,0.0264220826248731,8.5405914962518
"1419",2359,"Arizona","gfdl-esm4","ssp585",NA,0.0502923688355943,10.5081094503102
"1420",2360,"Arizona","gfdl-esm4","ssp585",NA,1.14976675733795,11.5928122808599
"1421",2361,"Arizona","gfdl-esm4","ssp585",NA,3.33588717044918,11.092474234059
"1422",2362,"Arizona","gfdl-esm4","ssp585",NA,0.00120799374568256,13.0496078394759
"1423",2363,"Arizona","gfdl-esm4","ssp585",NA,0.11389724920957,13.6309920087928
"1424",2364,"Arizona","gfdl-esm4","ssp585",NA,0.620635600435451,14.0986220792633
"1425",2365,"Arizona","gfdl-esm4","ssp585",NA,0.742331442893518,12.8239445470528
"1426",2366,"Arizona","gfdl-esm4","ssp585",NA,0.0070891814674426,16.7619026579538
"1427",2367,"Arizona","gfdl-esm4","ssp585",NA,0.170149888350299,17.5904243093074
"1428",2368,"Arizona","gfdl-esm4","ssp585",NA,0.003793620735669,21.7851647686868
"1429",2369,"Arizona","gfdl-esm4","ssp585",NA,0.207459566740592,21.3090515831177
"1430",2370,"Arizona","gfdl-esm4","ssp585",NA,0.040903626153483,18.5422691528475
"1431",2371,"Arizona","gfdl-esm4","ssp585",NA,0.0388656420097922,18.5878459018944
"1432",2372,"Arizona","gfdl-esm4","ssp585",NA,0.037527841734541,24.0094221305606
"1433",2373,"Arizona","gfdl-esm4","ssp585",NA,0.0381537798085537,28.272093445673
"1434",2374,"Arizona","gfdl-esm4","ssp585",NA,0.178509299082712,26.3850465641914
"1435",2375,"Arizona","gfdl-esm4","ssp585",NA,0.782318314576389,27.5345164919925
"1436",2376,"Arizona","gfdl-esm4","ssp585",NA,1.97615856604036,29.5243427570792
"1437",2377,"Arizona","gfdl-esm4","ssp585",NA,0.0681283283815079,29.5390369902369
"1438",2378,"Arizona","gfdl-esm4","ssp585",NA,0.0899953808291341,27.5422838907929
"1439",2379,"Arizona","gfdl-esm4","ssp585",NA,0.0733661643745751,27.9059835904166
"1440",2380,"Arizona","gfdl-esm4","ssp585",NA,0.928128343514187,28.8224453662048
"1441",2381,"Arizona","gfdl-esm4","ssp585",NA,0.0335278345108802,27.6632908335227
"1442",2382,"Arizona","gfdl-esm4","ssp585",NA,0.376792821898171,30.3655742273922
"1443",2383,"Arizona","gfdl-esm4","ssp585",NA,0.496703223474787,29.6266354798367
"1444",2384,"Arizona","gfdl-esm4","ssp585",NA,0.0477422417569996,29.2764008610047
"1445",2385,"Arizona","gfdl-esm4","ssp585",NA,0.000263657910230083,29.3262623397499
"1446",2386,"Arizona","gfdl-esm4","ssp585",NA,0.80081267886676,26.7330188698172
"1447",2387,"Arizona","gfdl-esm4","ssp585",NA,0.0993592980836821,23.6994760390329
"1448",2388,"Arizona","gfdl-esm4","ssp585",NA,0.00359630922168536,21.578794141304
"1449",2389,"Arizona","gfdl-esm4","ssp585",NA,2.26202346558973,21.3120208161519
"1450",2390,"Arizona","gfdl-esm4","ssp585",NA,0.0134822283383035,20.7699755026025
"1451",2391,"Arizona","gfdl-esm4","ssp585",NA,0.00309469987734768,16.7139219262356
"1452",2392,"Arizona","gfdl-esm4","ssp585",NA,0.00125678764293694,16.6953611429362
"1453",2393,"Arizona","gfdl-esm4","ssp585",NA,0.00652210025603067,16.1550491583785
"1454",2394,"Arizona","gfdl-esm4","ssp585",NA,1.56134327440765,12.5960091418473
"1455",2395,"Arizona","gfdl-esm4","ssp585",NA,0.0275179574713451,8.27079276411635
"1456",2396,"Arizona","gfdl-esm4","ssp585",NA,0.508917238404608,14.4495269659648
"1457",2397,"Arizona","gfdl-esm4","ssp585",NA,0.0594663791963433,8.04611058675235
"1458",2398,"Arizona","gfdl-esm4","ssp585",NA,0.00126717836579809,8.20603268860869
"1459",2399,"Arizona","gfdl-esm4","ssp585",NA,0.00049022053440211,6.10158162846429
"1460",2400,"Arizona","gfdl-esm4","ssp585",NA,0.237812678757263,8.22958612454075
"1461",2401,"Arizona","gfdl-esm4","ssp585",NA,0.000731586649465402,7.42531873314784
"1462",2402,"Arizona","gfdl-esm4","ssp585",NA,0.075963048358705,9.1886306473338
"1463",2403,"Arizona","gfdl-esm4","ssp585",NA,1.70035186306122,4.57514657696944
"1464",2404,"Arizona","gfdl-esm4","ssp585",NA,1.27164851146057,4.04299424433077
"1465",2405,"Arizona","gfdl-esm4","ssp585",NA,0.606523220785595,4.89405106304571
"1466",2406,"Arizona","gfdl-esm4","ssp585",NA,3.49437765947954,3.16123886397758
"1467",2407,"Arizona","gfdl-esm4","ssp585",NA,0.0131516906714794,6.18159316264274
"1468",2408,"Arizona","gfdl-esm4","ssp585",NA,0.00046421524684234,11.0832487431851
"1469",2409,"Arizona","gfdl-esm4","ssp585",NA,0.319478267384395,10.6249576689169
"1470",2410,"Arizona","gfdl-esm4","ssp585",NA,0.00248250932741484,12.1979883167446
"1471",2411,"Arizona","gfdl-esm4","ssp585",NA,0.342015936853266,9.94376662841491
"1472",2412,"Arizona","gfdl-esm4","ssp585",NA,0.00130818013051629,16.5710423292312
"1473",2413,"Arizona","gfdl-esm4","ssp585",NA,3.33190806649064,8.95946628266734
"1474",2414,"Arizona","gfdl-esm4","ssp585",NA,0.0046561330015965,13.9878940046964
"1475",2415,"Arizona","gfdl-esm4","ssp585",NA,0.0113370197033112,13.6002908622269
"1476",2416,"Arizona","gfdl-esm4","ssp585",NA,0.00430104365936517,16.6885419881751
"1477",2417,"Arizona","gfdl-esm4","ssp585",NA,0.10678693980031,17.3315230918142
"1478",2418,"Arizona","gfdl-esm4","ssp585",NA,0.073208462506497,13.5781493369005
"1479",2419,"Arizona","gfdl-esm4","ssp585",NA,1.26300931287397,14.9843306241235
"1480",2420,"Arizona","gfdl-esm4","ssp585",NA,1.26121511517701,15.3785405714804
"1481",2421,"Arizona","gfdl-esm4","ssp585",NA,0.00292958905524486,21.5241078758963
"1482",2422,"Arizona","gfdl-esm4","ssp585",NA,0.00398128416566425,22.2737070192127
"1483",2423,"Arizona","gfdl-esm4","ssp585",NA,0.00211264679391851,22.9217209383149
"1484",2424,"Arizona","gfdl-esm4","ssp585",NA,0.327136624549751,24.3084388781137
"1485",2425,"Arizona","gfdl-esm4","ssp585",NA,0.0159542414778056,27.8548019081241
"1486",2426,"Arizona","gfdl-esm4","ssp585",NA,0.148247395609521,25.9975868273324
"1487",2427,"Arizona","gfdl-esm4","ssp585",NA,0.0436190729725871,26.4685688158655
"1488",2428,"Arizona","gfdl-esm4","ssp585",NA,0.046165618784371,30.4687778477723
"1489",2429,"Arizona","gfdl-esm4","ssp585",NA,0.0687887181861116,28.9342828376857
"1490",2430,"Arizona","gfdl-esm4","ssp585",NA,0.295461490949643,28.448200126484
"1491",2431,"Arizona","gfdl-esm4","ssp585",NA,0.433757723977531,28.1899099935925
"1492",2432,"Arizona","gfdl-esm4","ssp585",NA,2.16386554768774,26.8665703504637
"1493",2433,"Arizona","gfdl-esm4","ssp585",NA,3.3512540793022,26.2604526293112
"1494",2434,"Arizona","gfdl-esm4","ssp585",NA,0.0356483887373471,28.5530840269685
"1495",2435,"Arizona","gfdl-esm4","ssp585",NA,0.519851450691434,29.9341540542776
"1496",2436,"Arizona","gfdl-esm4","ssp585",NA,1.29063495381387,29.3444243111593
"1497",2437,"Arizona","gfdl-esm4","ssp585",NA,1.89130571082407,25.7735889999062
"1498",2438,"Arizona","gfdl-esm4","ssp585",NA,0.675585326191275,24.5944348437747
"1499",2439,"Arizona","gfdl-esm4","ssp585",NA,0.0846424623602135,24.4316374922221
"1500",2440,"Arizona","gfdl-esm4","ssp585",NA,0.00713090286070263,24.5968093891361
"1501",2441,"Arizona","gfdl-esm4","ssp585",NA,0.00206428349905782,24.517677270477
"1502",2442,"Arizona","gfdl-esm4","ssp585",NA,0.00171725343520692,21.7645441838975
"1503",2443,"Arizona","gfdl-esm4","ssp585",NA,0.00507091795968972,21.9593653161668
"1504",2444,"Arizona","gfdl-esm4","ssp585",NA,0.00434947398594005,21.3741747830822
"1505",2445,"Arizona","gfdl-esm4","ssp585",NA,0.0011188965149313,16.7407718779013
"1506",2446,"Arizona","gfdl-esm4","ssp585",NA,1.63449051860547,12.6564172795389
"1507",2447,"Arizona","gfdl-esm4","ssp585",NA,0.153419602326472,13.5012908742642
"1508",2448,"Arizona","gfdl-esm4","ssp585",NA,1.27324495292203,3.01054109556487
"1509",2449,"Arizona","gfdl-esm4","ssp585",NA,0.862136986950866,7.84588263471873
"1510",2450,"Arizona","gfdl-esm4","ssp585",NA,5.6780324678843,9.67042750998787
"1511",2451,"Arizona","gfdl-esm4","ssp585",NA,1.68468686482093,5.2168280407391
"1512",2452,"Arizona","gfdl-esm4","ssp585",NA,2.54196804142663,4.49669641622553
"1513",2453,"Arizona","gfdl-esm4","ssp585",NA,1.60227531324092,1.57617113424465
"1514",2454,"Arizona","gfdl-esm4","ssp585",NA,0.127614269327019,0.639530333315248
"1515",2455,"Arizona","gfdl-esm4","ssp585",NA,0.0102349509426637,4.31657553575135
"1516",2456,"Arizona","gfdl-esm4","ssp585",NA,0.12527850372223,6.24575079569475
"1517",2457,"Arizona","gfdl-esm4","ssp585",NA,1.43943613805216,3.89340216905521
"1518",2458,"Arizona","gfdl-esm4","ssp585",NA,2.792846748882,4.50889210465888
"1519",2459,"Arizona","gfdl-esm4","ssp585",NA,0.00355857334688925,7.74558732795959
"1520",2460,"Arizona","gfdl-esm4","ssp585",NA,0.126830592777019,8.75374539805727
"1521",2461,"Arizona","gfdl-esm4","ssp585",NA,1.10922891949859,10.5774355110718
"1522",2462,"Arizona","gfdl-esm4","ssp585",NA,0.00274333643297107,9.58354060851822
"1523",2463,"Arizona","gfdl-esm4","ssp585",NA,1.86150920367467,10.2768490565863
"1524",2464,"Arizona","gfdl-esm4","ssp585",NA,1.23904693519611,9.68880464768442
"1525",2465,"Arizona","gfdl-esm4","ssp585",NA,3.7418681331446,9.48827391189211
"1526",2466,"Arizona","gfdl-esm4","ssp585",NA,2.68009946590844,9.697009400803
"1527",2467,"Arizona","gfdl-esm4","ssp585",NA,0.613528234610048,8.07796133164361
"1528",2468,"Arizona","gfdl-esm4","ssp585",NA,1.14812122286978,12.6345938160507
"1529",2469,"Arizona","gfdl-esm4","ssp585",NA,0.0150345741079182,15.4717099658759
"1530",2470,"Arizona","gfdl-esm4","ssp585",NA,0.0362076400534509,18.899479179527
"1531",2471,"Arizona","gfdl-esm4","ssp585",NA,2.03985743539557,14.923130842708
"1532",2472,"Arizona","gfdl-esm4","ssp585",NA,0.0347777740036539,14.7894892368244
"1533",2473,"Arizona","gfdl-esm4","ssp585",NA,0.122192189862511,18.4173135981699
"1534",2474,"Arizona","gfdl-esm4","ssp585",NA,0.00183765784172884,21.1132166190937
"1535",2475,"Arizona","gfdl-esm4","ssp585",NA,0.00307813039012418,23.3199561195036
"1536",2476,"Arizona","gfdl-esm4","ssp585",NA,0.00181804418582387,25.7204241765887
"1537",2477,"Arizona","gfdl-esm4","ssp585",NA,0.029289496946351,26.6877182450518
"1538",2478,"Arizona","gfdl-esm4","ssp585",NA,0.127035978793704,25.2669354348358
"1539",2479,"Arizona","gfdl-esm4","ssp585",NA,0.0489492053402248,27.9234553089938
"1540",2480,"Arizona","gfdl-esm4","ssp585",NA,0.797635034085358,27.0123760855153
"1541",2481,"Arizona","gfdl-esm4","ssp585",NA,0.70213889565868,26.8962177339306
"1542",2482,"Arizona","gfdl-esm4","ssp585",NA,0.195369063853757,26.7270661287754
"1543",2483,"Arizona","gfdl-esm4","ssp585",NA,2.26956189190441,28.0157341765393
"1544",2484,"Arizona","gfdl-esm4","ssp585",NA,0.538675574507038,27.8827209781305
"1545",2485,"Arizona","gfdl-esm4","ssp585",NA,0.788228429984663,27.1931227885366
"1546",2486,"Arizona","gfdl-esm4","ssp585",NA,0.0376961322664813,27.0499058391894
"1547",2487,"Arizona","gfdl-esm4","ssp585",NA,0.0583981471335451,27.0533650896191
"1548",2488,"Arizona","gfdl-esm4","ssp585",NA,0.105942556732122,28.2320693911855
"1549",2489,"Arizona","gfdl-esm4","ssp585",NA,0.0984052791830742,29.6364825107657
"1550",2490,"Arizona","gfdl-esm4","ssp585",NA,0.957207293759352,26.5765983031764
"1551",2491,"Arizona","gfdl-esm4","ssp585",NA,6.008080383694,22.7520158114235
"1552",2492,"Arizona","gfdl-esm4","ssp585",NA,2.35004930783947,22.2291797893539
"1553",2493,"Arizona","gfdl-esm4","ssp585",NA,1.58692866508984,21.4181441701318
"1554",2494,"Arizona","gfdl-esm4","ssp585",NA,2.6235182639287,19.8698099206281
"1555",2495,"Arizona","gfdl-esm4","ssp585",NA,0.0279512118894972,19.888325718471
"1556",2496,"Arizona","gfdl-esm4","ssp585",NA,0.0908035627482683,19.4837621329557
"1557",2497,"Arizona","gfdl-esm4","ssp585",NA,3.6418558317464,12.0232345947575
"1558",2498,"Arizona","gfdl-esm4","ssp585",NA,0.014351298610637,14.1355162493951
"1559",2499,"Arizona","gfdl-esm4","ssp585",NA,0.0332904189082782,10.8937711964064
"1560",2500,"Arizona","gfdl-esm4","ssp585",NA,0.159184054156543,11.8650952441653
"1561",2501,"Arizona","gfdl-esm4","ssp585",NA,0.0332964271378997,9.03232312304937
"1562",2502,"Arizona","gfdl-esm4","ssp585",NA,0.000413539556528273,9.04334031598157
"1563",2503,"Arizona","gfdl-esm4","ssp585",NA,0.00802330863856703,10.2246652325849
"1564",2504,"Arizona","gfdl-esm4","ssp585",NA,0.0183154035587705,9.2529171795369
"1565",2505,"Arizona","gfdl-esm4","ssp585",NA,0.820196799990168,9.00776195116202
"1566",2506,"Arizona","gfdl-esm4","ssp585",NA,0.623242617272754,2.03548929284408
"1567",2507,"Arizona","gfdl-esm4","ssp585",NA,0.0253468199311705,6.57363898546146
"1568",2508,"Arizona","gfdl-esm4","ssp585",NA,0.0786803461248558,5.08922451708925
"1569",2509,"Arizona","gfdl-esm4","ssp585",NA,1.01730993064779,2.72768693579135
"1570",2510,"Arizona","gfdl-esm4","ssp585",NA,0.00462555247046967,6.85464997611066
"1571",2511,"Arizona","gfdl-esm4","ssp585",NA,0.00480911539243572,12.5699525314698
"1572",2512,"Arizona","gfdl-esm4","ssp585",NA,2.06976186819942,10.5487679309098
"1573",2513,"Arizona","gfdl-esm4","ssp585",NA,1.80150227261383,9.58304518978155
"1574",2514,"Arizona","gfdl-esm4","ssp585",NA,0.00815159262433341,14.8389612017028
"1575",2515,"Arizona","gfdl-esm4","ssp585",NA,0.000628084305818953,16.620666303285
"1576",2516,"Arizona","gfdl-esm4","ssp585",NA,0.691136847401276,15.9207379713674
"1577",2517,"Arizona","gfdl-esm4","ssp585",NA,0.539942531399953,12.6582228321794
"1578",2518,"Arizona","gfdl-esm4","ssp585",NA,1.92618444677123,10.4347477774253
"1579",2519,"Arizona","gfdl-esm4","ssp585",NA,0.423307903967815,13.857118389067
"1580",2520,"Arizona","gfdl-esm4","ssp585",NA,0.0116640374228141,19.9954931517166
"1581",2521,"Arizona","gfdl-esm4","ssp585",NA,0.00668787250407355,18.6071225558159
"1582",2522,"Arizona","gfdl-esm4","ssp585",NA,0.00425599786313427,19.372263904287
"1583",2523,"Arizona","gfdl-esm4","ssp585",NA,0.157705870596607,14.2455202355849
"1584",2524,"Arizona","gfdl-esm4","ssp585",NA,0.100825302522569,19.1303684239442
"1585",2525,"Arizona","gfdl-esm4","ssp585",NA,0.00181645955262348,18.5582392985541
"1586",2526,"Arizona","gfdl-esm4","ssp585",NA,0.703734530491932,19.5534271664626
"1587",2527,"Arizona","gfdl-esm4","ssp585",NA,0.0485284415083774,24.4437733029295
"1588",2528,"Arizona","gfdl-esm4","ssp585",NA,0.0305147059089972,24.5553518186779
"1589",2529,"Arizona","gfdl-esm4","ssp585",NA,0.00230512834878832,25.8534978314387
"1590",2530,"Arizona","gfdl-esm4","ssp585",NA,0.00253899762849279,23.6682920511393
"1591",2531,"Arizona","gfdl-esm4","ssp585",NA,0.00486072739087311,24.929962459135
"1592",2532,"Arizona","gfdl-esm4","ssp585",NA,0.0507630933735008,30.0192012203328
"1593",2533,"Arizona","gfdl-esm4","ssp585",NA,0.0178222692558408,32.1583268851607
"1594",2534,"Arizona","gfdl-esm4","ssp585",NA,0.0455789917683483,31.6706056385065
"1595",2535,"Arizona","gfdl-esm4","ssp585",NA,0.455619847706647,32.7965781500005
"1596",2536,"Arizona","gfdl-esm4","ssp585",NA,1.83101062475417,30.188789909739
"1597",2537,"Arizona","gfdl-esm4","ssp585",NA,2.17419279603565,29.7496553481304
"1598",2538,"Arizona","gfdl-esm4","ssp585",NA,4.76417545277976,26.5505609447224
"1599",2539,"Arizona","gfdl-esm4","ssp585",NA,2.56181581196378,26.0456881247037
"1600",2540,"Arizona","gfdl-esm4","ssp585",NA,2.11993456271289,27.3189113843607
"1601",2541,"Arizona","gfdl-esm4","ssp585",NA,1.43539728422404,23.8624302995491
"1602",2542,"Arizona","gfdl-esm4","ssp585",NA,0.015259650287064,25.2075714535719
"1603",2543,"Arizona","gfdl-esm4","ssp585",NA,0.000527786371172595,22.3355198142803
"1604",2544,"Arizona","gfdl-esm4","ssp585",NA,0.00530736378798282,22.5938337516544
"1605",2545,"Arizona","gfdl-esm4","ssp585",NA,0.00130588086076168,22.6113166587241
"1606",2546,"Arizona","gfdl-esm4","ssp585",NA,0.00273884514668811,19.7228320559419
"1607",2547,"Arizona","gfdl-esm4","ssp585",NA,1.06175503512386,21.3670878375376
"1608",2548,"Arizona","gfdl-esm4","ssp585",NA,0.660474652075981,18.0271467476518
"1609",2549,"Arizona","gfdl-esm4","ssp585",NA,0.668346508554179,17.7899021693639
"1610",2550,"Arizona","gfdl-esm4","ssp585",NA,1.09515540517935,16.0637637518149
"1611",2551,"Arizona","gfdl-esm4","ssp585",NA,0.147971181335478,12.6438634050179
"1612",2552,"Arizona","gfdl-esm4","ssp585",NA,7.22671805858989,9.47347778628963
"1613",2553,"Arizona","gfdl-esm4","ssp585",NA,0.00113815498222552,8.23456353767484
"1614",2554,"Arizona","gfdl-esm4","ssp585",NA,1.60837770329736,8.99377494648045
"1615",2555,"Arizona","gfdl-esm4","ssp585",NA,0.774767341012625,4.53980050840513
"1616",2556,"Arizona","gfdl-esm4","ssp585",NA,0.4322347034901,4.51008965917848
"1617",2557,"Arizona","gfdl-esm4","ssp585",NA,0.0171191366501247,1.55808115499815
"1618",2558,"Arizona","gfdl-esm4","ssp585",NA,0.11454132276477,4.65592598897017
"1619",2559,"Arizona","gfdl-esm4","ssp585",NA,1.64906787342673,5.8745343195051
"1620",2560,"Arizona","gfdl-esm4","ssp585",NA,0.0814081390109818,8.47767323953315
"1621",2561,"Arizona","gfdl-esm4","ssp585",NA,0.000690792052232891,8.7219901025823
"1622",2562,"Arizona","gfdl-esm4","ssp585",NA,0.978985508149792,7.39707457955962
"1623",2563,"Arizona","gfdl-esm4","ssp585",NA,13.182009050662,8.95362257155699
"1624",2564,"Arizona","gfdl-esm4","ssp585",NA,0.747632747749676,6.05390136564428
"1625",2565,"Arizona","gfdl-esm4","ssp585",NA,0.412096665476304,3.7902792601459
"1626",2566,"Arizona","gfdl-esm4","ssp585",NA,6.68474373602908,10.5989066913668
"1627",2567,"Arizona","gfdl-esm4","ssp585",NA,1.58817494225188,5.52503493896178
"1628",2568,"Arizona","gfdl-esm4","ssp585",NA,0.440862951692421,8.08937968990748
"1629",2569,"Arizona","gfdl-esm4","ssp585",NA,1.12500926527437,9.58316934346854
"1630",2570,"Arizona","gfdl-esm4","ssp585",NA,0.430050314855419,10.9662756378521
"1631",2571,"Arizona","gfdl-esm4","ssp585",NA,0.227388356777142,12.1473650173954
"1632",2572,"Arizona","gfdl-esm4","ssp585",NA,0.0260049298130761,14.0782657743857
"1633",2573,"Arizona","gfdl-esm4","ssp585",NA,0.00799420013530818,16.196020067989
"1634",2574,"Arizona","gfdl-esm4","ssp585",NA,0.0130564145397692,16.3977312283329
"1635",2575,"Arizona","gfdl-esm4","ssp585",NA,0.0978294196359626,17.1024901340644
"1636",2576,"Arizona","gfdl-esm4","ssp585",NA,0.519033087079607,17.4269575386675
"1637",2577,"Arizona","gfdl-esm4","ssp585",NA,0.00309894875420258,19.8342452520667
"1638",2578,"Arizona","gfdl-esm4","ssp585",NA,0.00114369197815124,24.500420563863
"1639",2579,"Arizona","gfdl-esm4","ssp585",NA,0.00341258085630914,23.7118227335355
"1640",2580,"Arizona","gfdl-esm4","ssp585",NA,0.00483549470652964,27.3503685643791
"1641",2581,"Arizona","gfdl-esm4","ssp585",NA,0.0885344726011175,27.9869418639751
"1642",2582,"Arizona","gfdl-esm4","ssp585",NA,0.0148218774868156,30.4825063211125
"1643",2583,"Arizona","gfdl-esm4","ssp585",NA,0.272518337862215,30.7443144633104
"1644",2584,"Arizona","gfdl-esm4","ssp585",NA,3.88854187693304,28.6952654234528
"1645",2585,"Arizona","gfdl-esm4","ssp585",NA,0.274763674567679,30.7020410588358
"1646",2586,"Arizona","gfdl-esm4","ssp585",NA,0.545011278528017,30.5358983479921
"1647",2587,"Arizona","gfdl-esm4","ssp585",NA,0.413468120962094,30.6234338348042
"1648",2588,"Arizona","gfdl-esm4","ssp585",NA,0.301465444052123,31.8254639829306
"1649",2589,"Arizona","gfdl-esm4","ssp585",NA,0.661028280911476,30.4126675573221
"1650",2590,"Arizona","gfdl-esm4","ssp585",NA,0.707735338557067,27.3742217747511
"1651",2591,"Arizona","gfdl-esm4","ssp585",NA,0.029155836565096,28.4984351465585
"1652",2592,"Arizona","gfdl-esm4","ssp585",NA,0.1259845030948,27.6368504578486
"1653",2593,"Arizona","gfdl-esm4","ssp585",NA,3.53409159524584,26.0653387443456
"1654",2594,"Arizona","gfdl-esm4","ssp585",NA,2.14454671848391,26.1261973924794
"1655",2595,"Arizona","gfdl-esm4","ssp585",NA,0.359471146601487,25.3854382385949
"1656",2596,"Arizona","gfdl-esm4","ssp585",NA,1.32008675678069,24.0114991005995
"1657",2597,"Arizona","gfdl-esm4","ssp585",NA,0.00410453249014091,25.3627754452557
"1658",2598,"Arizona","gfdl-esm4","ssp585",NA,0.00207488383572695,22.9054745911648
"1659",2599,"Arizona","gfdl-esm4","ssp585",NA,0.00148223561339855,21.9402282869168
"1660",2600,"Arizona","gfdl-esm4","ssp585",NA,0.000743112912910488,22.1059137356417
"1661",2601,"Arizona","gfdl-esm4","ssp585",NA,1.72803136779575,18.3844541913791
"1662",2602,"Arizona","gfdl-esm4","ssp585",NA,0.00603852743479687,12.1058817134042
"1663",2603,"Arizona","gfdl-esm4","ssp585",NA,0.00065519872113271,11.3185415853894
"1664",2604,"Arizona","gfdl-esm4","ssp585",NA,0.277099999511019,12.7503427845489
"1665",2605,"Arizona","gfdl-esm4","ssp585",NA,1.29644286924088,7.04093043041593
"1666",2606,"Arizona","gfdl-esm4","ssp585",NA,0.0685453910643345,4.88294254886519
"1667",2607,"Arizona","gfdl-esm4","ssp585",NA,6.15167820618344,11.114601098602
"1668",2608,"Arizona","gfdl-esm4","ssp585",NA,0.000925789645315364,6.59576303359081
"1669",2609,"Arizona","gfdl-esm4","ssp585",NA,0.0191542337982364,6.70017956373215
"1670",2610,"Arizona","gfdl-esm4","ssp585",NA,2.1037947234076,7.27208395474481
"1671",2611,"Arizona","gfdl-esm4","ssp585",NA,0.0616942697371178,4.0663962883835
"1672",2612,"Arizona","gfdl-esm4","ssp585",NA,0.000587915880166261,9.58477828728718
"1673",2613,"Arizona","gfdl-esm4","ssp585",NA,0.197419623522049,9.47509815008694
"1674",2614,"Arizona","gfdl-esm4","ssp585",NA,2.20553288588054,5.73307569964347
"1675",2615,"Arizona","gfdl-esm4","ssp585",NA,0.00120149995213214,4.74718361720728
"1676",2616,"Arizona","gfdl-esm4","ssp585",NA,0.00080269212356881,6.81004832348542
"1677",2617,"Arizona","gfdl-esm4","ssp585",NA,0.119675702397599,10.6386506091479
"1678",2618,"Arizona","gfdl-esm4","ssp585",NA,0.105967244519908,12.7935055584432
"1679",2619,"Arizona","gfdl-esm4","ssp585",NA,0.0309052312850476,17.0340985825029
"1680",2620,"Arizona","gfdl-esm4","ssp585",NA,0.113942331576456,9.78640750156795
"1681",2621,"Arizona","gfdl-esm4","ssp585",NA,0.972485401101013,11.2968406937668
"1682",2622,"Arizona","gfdl-esm4","ssp585",NA,0.518746922755996,12.4456930167757
"1683",2623,"Arizona","gfdl-esm4","ssp585",NA,0.00560345418223471,16.9702532241378
"1684",2624,"Arizona","gfdl-esm4","ssp585",NA,0.0679987393883544,14.4905403918473
"1685",2625,"Arizona","gfdl-esm4","ssp585",NA,0.0301914696449425,17.8603419095316
"1686",2626,"Arizona","gfdl-esm4","ssp585",NA,0.00331033826929646,20.6026891349089
"1687",2627,"Arizona","gfdl-esm4","ssp585",NA,0.00741966989737398,24.4250208491773
"1688",2628,"Arizona","gfdl-esm4","ssp585",NA,0.501867522187967,21.8861231286668
"1689",2629,"Arizona","gfdl-esm4","ssp585",NA,0.0766329119499388,20.5992817759363
"1690",2630,"Arizona","gfdl-esm4","ssp585",NA,0.00411476611440699,24.1595518707777
"1691",2631,"Arizona","gfdl-esm4","ssp585",NA,0.00249635203454205,26.9899257963738
"1692",2632,"Arizona","gfdl-esm4","ssp585",NA,0.00113446390410525,25.8000742838748
"1693",2633,"Arizona","gfdl-esm4","ssp585",NA,0.00411142030301167,22.9874392889242
"1694",2634,"Arizona","gfdl-esm4","ssp585",NA,0.00416072247649676,25.6914247997492
"1695",2635,"Arizona","gfdl-esm4","ssp585",NA,0.00119461680838412,27.423811566031
"1696",2636,"Arizona","gfdl-esm4","ssp585",NA,0.0226282928570267,31.7707051466449
"1697",2637,"Arizona","gfdl-esm4","ssp585",NA,0.0227517162487703,30.5932980543443
"1698",2638,"Arizona","gfdl-esm4","ssp585",NA,1.0629004393165,30.8161867163426
"1699",2639,"Arizona","gfdl-esm4","ssp585",NA,0.0307125508702536,29.8111755062446
"1700",2640,"Arizona","gfdl-esm4","ssp585",NA,0.121943454009087,29.7357466628971
"1701",2641,"Arizona","gfdl-esm4","ssp585",NA,0.139304885718596,31.465016006489
"1702",2642,"Arizona","gfdl-esm4","ssp585",NA,2.09077982360274,28.5690489642388
"1703",2643,"Arizona","gfdl-esm4","ssp585",NA,0.022661523301575,29.0473606886062
"1704",2644,"Arizona","gfdl-esm4","ssp585",NA,0.0491734841797381,29.5811258617454
"1705",2645,"Arizona","gfdl-esm4","ssp585",NA,0.163341097985217,28.5314835231313
"1706",2646,"Arizona","gfdl-esm4","ssp585",NA,1.93082308384969,25.6447904295023
"1707",2647,"Arizona","gfdl-esm4","ssp585",NA,0.755751756155917,26.0155132616817
"1708",2648,"Arizona","gfdl-esm4","ssp585",NA,11.5292703856089,23.3082639518188
"1709",2649,"Arizona","gfdl-esm4","ssp585",NA,0.098048773618926,20.6790034895751
"1710",2650,"Arizona","gfdl-esm4","ssp585",NA,1.33189704103709,21.3842247501185
"1711",2651,"Arizona","gfdl-esm4","ssp585",NA,3.01552693668786,17.7085684640067
"1712",2652,"Arizona","gfdl-esm4","ssp585",NA,0.448326415340896,18.670864902887
"1713",2653,"Arizona","gfdl-esm4","ssp585",NA,0.522857232267258,16.4471356378645
"1714",2654,"Arizona","gfdl-esm4","ssp585",NA,4.33588814902314,12.9518756620501
"1715",2655,"Arizona","gfdl-esm4","ssp585",NA,4.64675302659555,12.8643522125129
"1716",2656,"Arizona","gfdl-esm4","ssp585",NA,0.0837349210497748,11.5525172719461
"1717",2657,"Arizona","gfdl-esm4","ssp585",NA,0.704686795826505,9.01731086663443
"1718",2658,"Arizona","gfdl-esm4","ssp585",NA,0.0928966575534721,10.5122469548781
"1719",2659,"Arizona","gfdl-esm4","ssp585",NA,3.59170075138669,9.11380007969295
"1720",2660,"Arizona","gfdl-esm4","ssp585",NA,0.0109576543129287,3.46482151962263
"1721",2661,"Arizona","gfdl-esm4","ssp585",NA,0.0740168360335136,6.39490744570265
"1722",2662,"Arizona","gfdl-esm4","ssp585",NA,0.772834404021642,8.29867749702465
"1723",2663,"Arizona","gfdl-esm4","ssp585",NA,3.72603130754916,5.48283514705231
"1724",2664,"Arizona","gfdl-esm4","ssp585",NA,0.000589807197739612,4.31480644216431
"1725",2665,"Arizona","gfdl-esm4","ssp585",NA,0.00167801589106416,5.64774014054601
"1726",2666,"Arizona","gfdl-esm4","ssp585",NA,0.10755238630697,10.8129212197402
"1727",2667,"Arizona","gfdl-esm4","ssp585",NA,1.13329016157866,9.53573368424564
"1728",2668,"Arizona","gfdl-esm4","ssp585",NA,1.95653662672669,11.7573489800416
"1729",2669,"Arizona","gfdl-esm4","ssp585",NA,1.65738624773612,8.4478681754825
"1730",2670,"Arizona","gfdl-esm4","ssp585",NA,1.86457571486593,7.09850105063806
"1731",2671,"Arizona","gfdl-esm4","ssp585",NA,5.57066887936821,10.8761254388976
"1732",2672,"Arizona","gfdl-esm4","ssp585",NA,0.125577468632092,11.1829223169841
"1733",2673,"Arizona","gfdl-esm4","ssp585",NA,0.459364706831549,11.7348997325873
"1734",2674,"Arizona","gfdl-esm4","ssp585",NA,0.958613101347084,11.657467261699
"1735",2675,"Arizona","gfdl-esm4","ssp585",NA,0.262497908285975,14.0684944008153
"1736",2676,"Arizona","gfdl-esm4","ssp585",NA,0.400278932255466,15.2406256172962
"1737",2677,"Arizona","gfdl-esm4","ssp585",NA,0.0161710852733291,16.1302127495729
"1738",2678,"Arizona","gfdl-esm4","ssp585",NA,0.0141214213812011,20.6195363041122
"1739",2679,"Arizona","gfdl-esm4","ssp585",NA,0.173201382786011,21.2219810746262
"1740",2680,"Arizona","gfdl-esm4","ssp585",NA,0.028583077688018,15.4535930956661
"1741",2681,"Arizona","gfdl-esm4","ssp585",NA,0.0378147721792345,19.0999491116491
"1742",2682,"Arizona","gfdl-esm4","ssp585",NA,0.113291673465425,23.3813127327207
"1743",2683,"Arizona","gfdl-esm4","ssp585",NA,0.00757456783306969,21.9528910756262
"1744",2684,"Arizona","gfdl-esm4","ssp585",NA,0.0215877907017455,23.4517278196236
"1745",2685,"Arizona","gfdl-esm4","ssp585",NA,0.00438569464348286,25.7809718232089
"1746",2686,"Arizona","gfdl-esm4","ssp585",NA,1.80610250238274,23.3775702205229
"1747",2687,"Arizona","gfdl-esm4","ssp585",NA,0.174219791832199,27.5779540012519
"1748",2688,"Arizona","gfdl-esm4","ssp585",NA,0.0369396623469692,31.4914897547359
"1749",2689,"Arizona","gfdl-esm4","ssp585",NA,1.15277431753909,28.6910801555957
"1750",2690,"Arizona","gfdl-esm4","ssp585",NA,0.333304628012251,30.1604063629652
"1751",2691,"Arizona","gfdl-esm4","ssp585",NA,0.520723653051037,31.4512598705654
"1752",2692,"Arizona","gfdl-esm4","ssp585",NA,0.00658382936176967,29.5057732158907
"1753",2693,"Arizona","gfdl-esm4","ssp585",NA,1.27931563340131,27.6396291778603
"1754",2694,"Arizona","gfdl-esm4","ssp585",NA,0.0624740795332544,26.5636051838679
"1755",2695,"Arizona","gfdl-esm4","ssp585",NA,0.0184846439964124,27.5646151961027
"1756",2696,"Arizona","gfdl-esm4","ssp585",NA,0.0329759612531166,31.1100920203362
"1757",2697,"Arizona","gfdl-esm4","ssp585",NA,0.0252749144600084,30.7659245352378
"1758",2698,"Arizona","gfdl-esm4","ssp585",NA,0.656292973856404,27.4224274723328
"1759",2699,"Arizona","gfdl-esm4","ssp585",NA,0.420662316625191,28.7678626908063
"1760",2700,"Arizona","gfdl-esm4","ssp585",NA,0.849151239596139,24.5779423497872
"1761",2701,"Arizona","gfdl-esm4","ssp585",NA,0.812321833466437,23.2900465780806
"1762",2702,"Arizona","gfdl-esm4","ssp585",NA,2.4922228597384,20.9259666626131
"1763",2703,"Arizona","gfdl-esm4","ssp585",NA,0.507305705643063,16.5822127659312
"1764",2704,"Arizona","gfdl-esm4","ssp585",NA,1.29193542924614,16.7546783640171
"1765",2705,"Arizona","gfdl-esm4","ssp585",NA,0.14385219167669,14.2787231676799
"1766",2706,"Arizona","gfdl-esm4","ssp585",NA,0.123227575876225,12.3652718680246
"1767",2707,"Arizona","gfdl-esm4","ssp585",NA,0.00283933245399867,11.5143391644156
"1768",2708,"Arizona","gfdl-esm4","ssp585",NA,0.783968421990827,8.68423287527904
"1769",2709,"Arizona","gfdl-esm4","ssp585",NA,0.745606529559343,7.25207630644558
"1770",2710,"Arizona","gfdl-esm4","ssp585",NA,0.109638418616991,7.95689732760156
"1771",2711,"Arizona","gfdl-esm4","ssp585",NA,0.326787472555885,6.9023796226222
"1772",2712,"Arizona","gfdl-esm4","ssp585",NA,1.53966264892932,7.98864455964565
"1773",2713,"Arizona","gfdl-esm4","ssp585",NA,0.00489475394568381,8.10750018673211
"1774",2714,"Arizona","gfdl-esm4","ssp585",NA,1.38455599413386,8.22925232165082
"1775",2715,"Arizona","gfdl-esm4","ssp585",NA,0.0580590374044195,5.81528141296621
"1776",2716,"Arizona","gfdl-esm4","ssp585",NA,0.611292023121334,9.60116499214802
"1777",2717,"Arizona","gfdl-esm4","ssp585",NA,0.0248815827176713,4.70201706144815
"1778",2718,"Arizona","gfdl-esm4","ssp585",NA,0.0241912678224628,8.94685997655511
"1779",2719,"Arizona","gfdl-esm4","ssp585",NA,0.0458737055537191,8.40155132693981
"1780",2720,"Arizona","gfdl-esm4","ssp585",NA,1.89405404418696,8.28966373872819
"1781",2721,"Arizona","gfdl-esm4","ssp585",NA,0.775456323866723,7.82671038100755
"1782",2722,"Arizona","gfdl-esm4","ssp585",NA,0.136354431608045,9.40402946231039
"1783",2723,"Arizona","gfdl-esm4","ssp585",NA,0.000959562229652073,13.1709912556915
"1784",2724,"Arizona","gfdl-esm4","ssp585",NA,2.12007571997918,14.4527417671213
"1785",2725,"Arizona","gfdl-esm4","ssp585",NA,0.0165750047606054,11.0784865349192
"1786",2726,"Arizona","gfdl-esm4","ssp585",NA,0.0234393887557923,13.2092098732815
"1787",2727,"Arizona","gfdl-esm4","ssp585",NA,0.00809897810563857,16.3293018288016
"1788",2728,"Arizona","gfdl-esm4","ssp585",NA,0.673343250557597,15.3750752252514
"1789",2729,"Arizona","gfdl-esm4","ssp585",NA,0.0245094547655602,18.2554600538406
"1790",2730,"Arizona","gfdl-esm4","ssp585",NA,2.08702072432406,16.6092737171352
"1791",2731,"Arizona","gfdl-esm4","ssp585",NA,0.186523856680079,14.3039363586195
"1792",2732,"Arizona","gfdl-esm4","ssp585",NA,0.274165893253377,20.5632528235126
"1793",2733,"Arizona","gfdl-esm4","ssp585",NA,0.0600942943582239,18.7947238309646
"1794",2734,"Arizona","gfdl-esm4","ssp585",NA,0.00666077460453969,20.3029933615973
"1795",2735,"Arizona","gfdl-esm4","ssp585",NA,0.0217597636813798,19.2159889809552
"1796",2736,"Arizona","gfdl-esm4","ssp585",NA,0.0875993966791544,21.4791655143806
"1797",2737,"Arizona","gfdl-esm4","ssp585",NA,0.00400302502918384,22.3868269234331
"1798",2738,"Arizona","gfdl-esm4","ssp585",NA,0.00378462552170163,25.65305976723
"1799",2739,"Arizona","gfdl-esm4","ssp585",NA,0.00163434223327759,28.4941162726671
"1800",2740,"Arizona","gfdl-esm4","ssp585",NA,0.00227493176608144,30.1120782092609
"1801",2741,"Arizona","gfdl-esm4","ssp585",NA,0.0338498644524371,28.9102933206088
"1802",2742,"Arizona","gfdl-esm4","ssp585",NA,0.178570161942004,29.4664192749487
"1803",2743,"Arizona","gfdl-esm4","ssp585",NA,0.481901086082726,30.8595381513709
"1804",2744,"Arizona","gfdl-esm4","ssp585",NA,1.46919856677727,29.1426715219066
"1805",2745,"Arizona","gfdl-esm4","ssp585",NA,0.953695984700141,29.2090426631884
"1806",2746,"Arizona","gfdl-esm4","ssp585",NA,0.702183610009286,29.464887454567
"1807",2747,"Arizona","gfdl-esm4","ssp585",NA,0.288285788812455,30.9914071142146
"1808",2748,"Arizona","gfdl-esm4","ssp585",NA,0.0267517749693778,29.8404111531833
"1809",2749,"Arizona","gfdl-esm4","ssp585",NA,0.125918304744514,29.9310070785349
"1810",2750,"Arizona","gfdl-esm4","ssp585",NA,1.89948405619297,26.2840247770327
"1811",2751,"Arizona","gfdl-esm4","ssp585",NA,1.8959406807785,22.6412300196671
"1812",2752,"Arizona","gfdl-esm4","ssp585",NA,0.0453791195013188,24.0982069861874
"1813",2753,"Arizona","gfdl-esm4","ssp585",NA,0.00446773460697808,23.9835555316525
"1814",2754,"Arizona","gfdl-esm4","ssp585",NA,0.00142250966065676,24.0057460548604
"1815",2755,"Arizona","gfdl-esm4","ssp585",NA,0.00423715679802771,22.8704501724726
"1816",2756,"Arizona","gfdl-esm4","ssp585",NA,1.77494071605318,19.7416637550865
"1817",2757,"Arizona","gfdl-esm4","ssp585",NA,0.00409520960558402,18.5374771214617
"1818",2758,"Arizona","gfdl-esm4","ssp585",NA,0.0173604361308459,16.5013703125618
"1819",2759,"Arizona","gfdl-esm4","ssp585",NA,0.00187026380352893,17.2552401420892
"1820",2760,"Arizona","gfdl-esm4","ssp585",NA,0.527923948649796,14.3868026559784
"1821",2761,"Arizona","gfdl-esm4","ssp585",NA,1.24038876371975,9.04673949578018
"1822",2762,"Arizona","gfdl-esm4","ssp585",NA,0.0052797574011143,8.46405283159917
"1823",2763,"Arizona","gfdl-esm4","ssp585",NA,0.00119628972029072,7.4788299367642
"1824",2764,"Arizona","gfdl-esm4","ssp585",NA,0.477826511466392,7.59178614176332
"1825",2765,"Arizona","gfdl-esm4","ssp585",NA,0.337082851098742,6.48581271358449
"1826",2766,"Arizona","gfdl-esm4","ssp585",NA,0.00119726562903215,5.34386986347881
"1827",2767,"Arizona","gfdl-esm4","ssp585",NA,0.161105719053242,7.31811842888257
"1828",2768,"Arizona","gfdl-esm4","ssp585",NA,0.283255470613467,4.29303174507153
"1829",2769,"Arizona","gfdl-esm4","ssp585",NA,0.000849212195303916,9.33622538377304
"1830",2770,"Arizona","gfdl-esm4","ssp585",NA,2.91445252883028,3.23372490228204
"1831",2771,"Arizona","gfdl-esm4","ssp585",NA,1.00513485392912,1.85738753018581
"1832",2772,"Arizona","gfdl-esm4","ssp585",NA,0.000310296423701002,11.0328236730602
"1833",2773,"Arizona","gfdl-esm4","ssp585",NA,0.0812298212771883,8.28070491978856
"1834",2774,"Arizona","gfdl-esm4","ssp585",NA,0.000677137326967359,11.1853202810179
"1835",2775,"Arizona","gfdl-esm4","ssp585",NA,0.12395685415363,9.9443456907791
"1836",2776,"Arizona","gfdl-esm4","ssp585",NA,0.000127027308766751,16.2749726692132
"1837",2777,"Arizona","gfdl-esm4","ssp585",NA,0.80865551503348,12.5566012260736
"1838",2778,"Arizona","gfdl-esm4","ssp585",NA,0.888455544805402,10.0193962859143
"1839",2779,"Arizona","gfdl-esm4","ssp585",NA,0.00273702828672096,12.9935053038085
"1840",2780,"Arizona","gfdl-esm4","ssp585",NA,0.094999391899163,14.8892674037389
"1841",2781,"Arizona","gfdl-esm4","ssp585",NA,0.15702233083443,13.3982457446691
"1842",2782,"Arizona","gfdl-esm4","ssp585",NA,0.52486763210307,14.5386448914423
"1843",2783,"Arizona","gfdl-esm4","ssp585",NA,0.0355875819075275,17.385323035702
"1844",2784,"Arizona","gfdl-esm4","ssp585",NA,0.00249563528694829,15.5104804462187
"1845",2785,"Arizona","gfdl-esm4","ssp585",NA,0.0701931926647956,22.4342216482054
"1846",2786,"Arizona","gfdl-esm4","ssp585",NA,0.0577552457144209,18.3845768789878
"1847",2787,"Arizona","gfdl-esm4","ssp585",NA,0.00359606476330717,22.8308118894941
"1848",2788,"Arizona","gfdl-esm4","ssp585",NA,0.00477717736354463,25.579252136462
"1849",2789,"Arizona","gfdl-esm4","ssp585",NA,0.00128078633774685,27.1161757824846
"1850",2790,"Arizona","gfdl-esm4","ssp585",NA,0.00202768326418868,25.7901416802678
"1851",2791,"Arizona","gfdl-esm4","ssp585",NA,0.0199271595565377,29.2619910470454
"1852",2792,"Arizona","gfdl-esm4","ssp585",NA,0.896109502527113,27.2683789047068
"1853",2793,"Arizona","gfdl-esm4","ssp585",NA,0.290321389989883,28.8610791154517
"1854",2794,"Arizona","gfdl-esm4","ssp585",NA,0.922080248115561,28.4024905430231
"1855",2795,"Arizona","gfdl-esm4","ssp585",NA,0.581107908052521,29.2207446690305
"1856",2796,"Arizona","gfdl-esm4","ssp585",NA,0.361320679959525,31.1964292195895
"1857",2797,"Arizona","gfdl-esm4","ssp585",NA,0.420562272872122,30.4447406831493
"1858",2798,"Arizona","gfdl-esm4","ssp585",NA,0.909626563439958,28.7517445097681
"1859",2799,"Arizona","gfdl-esm4","ssp585",NA,0.153959236435157,30.0594264362012
"1860",2800,"Arizona","gfdl-esm4","ssp585",NA,0.0820828143815537,28.7344799326283
"1861",2801,"Arizona","gfdl-esm4","ssp585",NA,0.0999435396374476,30.2966238299152
"1862",2802,"Arizona","gfdl-esm4","ssp585",NA,0.00516838495306555,29.6573569200133
"1863",2803,"Arizona","gfdl-esm4","ssp585",NA,6.45226907592435,25.0858063554342
"1864",2804,"Arizona","gfdl-esm4","ssp585",NA,0.444706776984052,23.3424439093859
"1865",2805,"Arizona","gfdl-esm4","ssp585",NA,3.32084768834819,21.8804093583948
"1866",2806,"Arizona","gfdl-esm4","ssp585",NA,0.000920504868942592,22.126281421917
"1867",2807,"Arizona","gfdl-esm4","ssp585",NA,1.77107773078046,19.2519488733728
"1868",2808,"Arizona","gfdl-esm4","ssp585",NA,1.2392126632986,18.2553616722676
"1869",2809,"Arizona","gfdl-esm4","ssp585",NA,1.02250362787139,17.6336419068155
"1870",2810,"Arizona","gfdl-esm4","ssp585",NA,1.64310978221111,14.1524470622259
"1871",2811,"Arizona","gfdl-esm4","ssp585",NA,0.126186969655568,11.7647585785645
"1872",2812,"Arizona","gfdl-esm4","ssp585",NA,5.73417532348193,13.1383330874437
"1873",2813,"Arizona","gfdl-esm4","ssp585",NA,0.00315034714027475,9.69957912748896
"1874",2814,"Arizona","gfdl-esm4","ssp585",NA,0.305601215233429,10.5813786830975
"1875",2815,"Arizona","gfdl-esm4","ssp585",NA,1.12382738808045,9.26632855556408
"1876",2816,"Arizona","gfdl-esm4","ssp585",NA,0.0525916835056811,4.68817870939428
"1877",2817,"Arizona","gfdl-esm4","ssp585",NA,0.0608179888242971,7.55203693838399
"1878",2818,"Arizona","gfdl-esm4","ssp585",NA,0.0333926440854236,3.99077473289598
"1879",2819,"Arizona","gfdl-esm4","ssp585",NA,0.0205581855711134,6.18212523333797
"1880",2820,"Arizona","gfdl-esm4","ssp585",NA,0.118123804987945,5.78466757522373
"1881",2821,"Arizona","gfdl-esm4","ssp585",NA,0.00267972384534077,7.73679652931419
"1882",2822,"Arizona","gfdl-esm4","ssp585",NA,4.51114139489535,8.23841623723434
"1883",2823,"Arizona","gfdl-esm4","ssp585",NA,0.554798980189123,8.65531579173171
"1884",2824,"Arizona","gfdl-esm4","ssp585",NA,0.0526783206054652,10.2276645588061
"1885",2825,"Arizona","gfdl-esm4","ssp585",NA,0.0153146575573113,11.1570655948142
"1886",2826,"Arizona","gfdl-esm4","ssp585",NA,0.588960860022665,8.44479334622661
"1887",2827,"Arizona","gfdl-esm4","ssp585",NA,0.199960794863116,11.0969918387277
"1888",2828,"Arizona","gfdl-esm4","ssp585",NA,2.44878651875779,10.8251087289996
"1889",2829,"Arizona","gfdl-esm4","ssp585",NA,0.00385278998244955,13.3823103218706
"1890",2830,"Arizona","gfdl-esm4","ssp585",NA,1.34129188210263,15.4565666497734
"1891",2831,"Arizona","gfdl-esm4","ssp585",NA,0.0735902659736926,16.8633169297172
"1892",2832,"Arizona","gfdl-esm4","ssp585",NA,0.0240316814045557,17.1318934926493
"1893",2833,"Arizona","gfdl-esm4","ssp585",NA,0.081613235095013,16.9253220896956
"1894",2834,"Arizona","gfdl-esm4","ssp585",NA,1.06483230067075,18.3239275714088
"1895",2835,"Arizona","gfdl-esm4","ssp585",NA,0.308630648747192,20.2607491243654
"1896",2836,"Arizona","gfdl-esm4","ssp585",NA,3.68363094302759,16.7953279709846
"1897",2837,"Arizona","gfdl-esm4","ssp585",NA,0.796573592019792,17.8471646816481
"1898",2838,"Arizona","gfdl-esm4","ssp585",NA,0.00587277817224916,21.8215533732765
"1899",2839,"Arizona","gfdl-esm4","ssp585",NA,0.00253236962249944,21.0644472915515
"1900",2840,"Arizona","gfdl-esm4","ssp585",NA,0.0682192540705259,19.561292792512
"1901",2841,"Arizona","gfdl-esm4","ssp585",NA,0.00653381604115451,26.158400767793
"1902",2842,"Arizona","gfdl-esm4","ssp585",NA,0.00550136830886283,27.9694416340323
"1903",2843,"Arizona","gfdl-esm4","ssp585",NA,0.00506447432195507,30.0340556804209
"1904",2844,"Arizona","gfdl-esm4","ssp585",NA,0.195961352081755,30.0160150077039
"1905",2845,"Arizona","gfdl-esm4","ssp585",NA,0.0225030304269831,27.1802083744864
"1906",2846,"Arizona","gfdl-esm4","ssp585",NA,0.72387356227138,29.6414606955199
"1907",2847,"Arizona","gfdl-esm4","ssp585",NA,1.17381557597519,28.9224586072071
"1908",2848,"Arizona","gfdl-esm4","ssp585",NA,10.2099534619136,24.8607146406596
"1909",2849,"Arizona","gfdl-esm4","ssp585",NA,7.4709597683522,25.9915525646186
"1910",2850,"Arizona","gfdl-esm4","ssp585",NA,2.73275907183798,26.4606632970528
"1911",2851,"Arizona","gfdl-esm4","ssp585",NA,3.55838007009336,27.5536000093829
"1912",2852,"Arizona","gfdl-esm4","ssp585",NA,0.616422065077051,28.5356481887297
"1913",2853,"Arizona","gfdl-esm4","ssp585",NA,0.462282182145881,27.8659446822407
"1914",2854,"Arizona","gfdl-esm4","ssp585",NA,0.00610679945921807,26.659557272119
"1915",2855,"Arizona","gfdl-esm4","ssp585",NA,0.156943994664964,26.2175183321523
"1916",2856,"Arizona","gfdl-esm4","ssp585",NA,2.52844785061206,25.324412264625
"1917",2857,"Arizona","gfdl-esm4","ssp585",NA,8.20436879436569,20.5417933332634
"1918",2858,"Arizona","gfdl-esm4","ssp585",NA,0.00263967335229082,22.0639427676967
"1919",2859,"Arizona","gfdl-esm4","ssp585",NA,0.026914460368487,18.9081933562885
"1920",2860,"Arizona","gfdl-esm4","ssp585",NA,0.00308526328226711,19.1948582394838
"1921",2861,"Arizona","gfdl-esm4","ssp585",NA,0.00436251949003145,20.2678587555433
"1922",2862,"Arizona","gfdl-esm4","ssp585",NA,0.00273654955262586,17.2394883648936
"1923",2863,"Arizona","gfdl-esm4","ssp585",NA,0.00527699606205904,15.975012577409
"1924",2864,"Arizona","gfdl-esm4","ssp585",NA,3.18391431338648,11.2381785396378
"1925",2865,"Arizona","gfdl-esm4","ssp585",NA,2.71585350025337,12.3021245558554
"1926",2866,"Arizona","gfdl-esm4","ssp585",NA,0.0256124423127028,8.78152322298961
"1927",2867,"Arizona","gfdl-esm4","ssp585",NA,0.107669085379646,9.52471452368197
"1928",2868,"Arizona","gfdl-esm4","ssp585",NA,0.0609960586227061,6.16329905127758
"1929",2869,"Arizona","gfdl-esm4","ssp585",NA,0.412663276857241,5.27245726458796
"1930",2870,"Arizona","gfdl-esm4","ssp585",NA,0.681836564329051,2.41869838632617
"1931",2871,"Arizona","gfdl-esm4","ssp585",NA,6.18119183624548,4.61001416386005
"1932",2872,"Arizona","gfdl-esm4","ssp585",NA,0.001285266361013,5.96120605468752
"1933",2873,"Arizona","gfdl-esm4","ssp585",NA,0.00100302413775537,9.02642169474955
"1934",2874,"Arizona","gfdl-esm4","ssp585",NA,0.00388950377882782,9.70278289447695
"1935",2875,"Arizona","gfdl-esm4","ssp585",NA,0.95828596943276,9.81629458884375
"1936",2876,"Arizona","gfdl-esm4","ssp585",NA,1.64569647485385,6.06792286174791
"1937",2877,"Arizona","gfdl-esm4","ssp585",NA,0.462094776461395,8.93527757184095
"1938",2878,"Arizona","gfdl-esm4","ssp585",NA,5.07675690461629,9.52425012407655
"1939",2879,"Arizona","gfdl-esm4","ssp585",NA,6.9145595770934,7.26127432764106
"1940",2880,"Arizona","gfdl-esm4","ssp585",NA,1.05771975841498,8.09175647296739
"1941",2881,"Arizona","gfdl-esm4","ssp585",NA,0.00114942931172888,11.8325669010129
"1942",2882,"Arizona","gfdl-esm4","ssp585",NA,0.0210269038018813,10.2746065740188
"1943",2883,"Arizona","gfdl-esm4","ssp585",NA,0.000600152980294413,19.7418533807458
"1944",2884,"Arizona","gfdl-esm4","ssp585",NA,1.16723835722197,16.429341536376
"1945",2885,"Arizona","gfdl-esm4","ssp585",NA,0.0774144099692276,16.3240666173653
"1946",2886,"Arizona","gfdl-esm4","ssp585",NA,0.0538419453293561,17.0368624874072
"1947",2887,"Arizona","gfdl-esm4","ssp585",NA,0.118967600913949,16.0550316348842
"1948",2888,"Arizona","gfdl-esm4","ssp585",NA,0.0121059666984751,17.836040850807
"1949",2889,"Arizona","gfdl-esm4","ssp585",NA,1.0837729070533,14.0537021333138
"1950",2890,"Arizona","gfdl-esm4","ssp585",NA,0.281245202208493,16.0716693477896
"1951",2891,"Arizona","gfdl-esm4","ssp585",NA,0.0513029844205333,23.500801782813
"1952",2892,"Arizona","gfdl-esm4","ssp585",NA,0.00201326188387119,21.6904062996924
"1953",2893,"Arizona","gfdl-esm4","ssp585",NA,0.380526860157279,21.4577804083167
"1954",2894,"Arizona","gfdl-esm4","ssp585",NA,0.00472380274643826,24.6791879067982
"1955",2895,"Arizona","gfdl-esm4","ssp585",NA,0.00952153311639171,26.0896055045532
"1956",2896,"Arizona","gfdl-esm4","ssp585",NA,0.0230279008813349,25.004013960461
"1957",2897,"Arizona","gfdl-esm4","ssp585",NA,0.320928195425223,28.8100241717738
"1958",2898,"Arizona","gfdl-esm4","ssp585",NA,0.195228739516747,29.0235172392294
"1959",2899,"Arizona","gfdl-esm4","ssp585",NA,0.0601584923992068,30.4096362474444
"1960",2900,"Arizona","gfdl-esm4","ssp585",NA,0.228111080016014,31.008849897035
"1961",2901,"Arizona","gfdl-esm4","ssp585",NA,0.432635694059035,28.9689232595953
"1962",2902,"Arizona","gfdl-esm4","ssp585",NA,0.965485565147406,30.6685535532184
"1963",2903,"Arizona","gfdl-esm4","ssp585",NA,0.577031134006185,31.4676682579533
"1964",2904,"Arizona","gfdl-esm4","ssp585",NA,0.196342558422792,29.9985366146122
"1965",2905,"Arizona","gfdl-esm4","ssp585",NA,0.0144702554773495,29.4593221054367
"1966",2906,"Arizona","gfdl-esm4","ssp585",NA,0.0140327883432079,28.7152705254055
"1967",2907,"Arizona","gfdl-esm4","ssp585",NA,0.00764624409500981,29.522089201762
"1968",2908,"Arizona","gfdl-esm4","ssp585",NA,0.625865804846748,27.8431409910566
"1969",2909,"Arizona","gfdl-esm4","ssp585",NA,0.562703259130113,24.1325578190434
"1970",2910,"Arizona","gfdl-esm4","ssp585",NA,3.84865520332023,24.0023168976178
"1971",2911,"Arizona","gfdl-esm4","ssp585",NA,0.253473894176135,22.2355001688305
"1972",2912,"Arizona","gfdl-esm4","ssp585",NA,0.860336765514349,21.932288122358
"1973",2913,"Arizona","gfdl-esm4","ssp585",NA,0.000552996566736077,20.2894758492143
"1974",2914,"Arizona","gfdl-esm4","ssp585",NA,0.00886503707453937,20.3346826449658
"1975",2915,"Arizona","gfdl-esm4","ssp585",NA,4.53735652727291,16.2166780377761
"1976",2916,"Arizona","gfdl-esm4","ssp585",NA,0.00235249086189471,15.6256317563063
"1977",2917,"Arizona","gfdl-esm4","ssp585",NA,0.107175017835809,14.7165626033971
"1978",2918,"Arizona","gfdl-esm4","ssp585",NA,1.7965618461912,11.0850577295354
"1979",2919,"Arizona","gfdl-esm4","ssp585",NA,0.00138653556011381,7.39057526136321
"1980",2920,"Arizona","gfdl-esm4","ssp585",NA,0.000905764783744661,10.5648725700138
"1981",2921,"Arizona","gfdl-esm4","ssp585",NA,4.12680750209635,6.36992574081713
"1982",2922,"Arizona","gfdl-esm4","ssp585",NA,0.000727521532393112,7.65378651769667
"1983",2923,"Arizona","gfdl-esm4","ssp585",NA,0.0859519169128795,9.55022536710604
"1984",2924,"Arizona","gfdl-esm4","ssp585",NA,0.267190299434693,5.66572494796196
"1985",2925,"Arizona","gfdl-esm4","ssp585",NA,3.09797584457777,7.99668545921897
"1986",2926,"Arizona","gfdl-esm4","ssp585",NA,0.865683235179696,4.89210403384514
"1987",2927,"Arizona","gfdl-esm4","ssp585",NA,0.131678643822526,1.72093757407556
"1988",2928,"Arizona","gfdl-esm4","ssp585",NA,0.00112860810395604,8.06229724908148
"1989",2929,"Arizona","gfdl-esm4","ssp585",NA,0.563126029952083,11.2913268117025
"1990",2930,"Arizona","gfdl-esm4","ssp585",NA,0.00106776775827931,11.721586159418
"1991",2931,"Arizona","gfdl-esm4","ssp585",NA,0.000936188390126744,17.3507570365588
"1992",2932,"Arizona","gfdl-esm4","ssp585",NA,0.000742829983941233,17.1868194232849
"1993",2933,"Arizona","gfdl-esm4","ssp585",NA,0.00628662353148095,13.7985366377608
"1994",2934,"Arizona","gfdl-esm4","ssp585",NA,0.026098676186196,14.4979196656971
"1995",2935,"Arizona","gfdl-esm4","ssp585",NA,0.241702602185915,11.3225368803582
"1996",2936,"Arizona","gfdl-esm4","ssp585",NA,0.253937129850961,16.6865586928261
"1997",2937,"Arizona","gfdl-esm4","ssp585",NA,0.00330143825079426,17.8044146473881
"1998",2938,"Arizona","gfdl-esm4","ssp585",NA,0.117104848648549,14.4572881532228
"1999",2939,"Arizona","gfdl-esm4","ssp585",NA,0.00704767249443131,20.4423676424473
"2000",2940,"Arizona","gfdl-esm4","ssp585",NA,0.00388177481604526,23.1904444563103
"2001",2941,"Arizona","gfdl-esm4","ssp585",NA,0.00505234526979749,24.8745538414957
"2002",2942,"Arizona","gfdl-esm4","ssp585",NA,0.95246647280561,20.6000585273907
"2003",2943,"Arizona","gfdl-esm4","ssp585",NA,0.00205161726184577,18.626529999358
"2004",2944,"Arizona","gfdl-esm4","ssp585",NA,0.00430079288028625,20.2386837193698
"2005",2945,"Arizona","gfdl-esm4","ssp585",NA,0.00374418826137305,24.8460653543774
"2006",2946,"Arizona","gfdl-esm4","ssp585",NA,0.00150482763564091,26.1074833268312
"2007",2947,"Arizona","gfdl-esm4","ssp585",NA,0.579257427284775,26.8322479132304
"2008",2948,"Arizona","gfdl-esm4","ssp585",NA,0.0180692158418264,28.686006058453
"2009",2949,"Arizona","gfdl-esm4","ssp585",NA,0.237848217561454,30.8129011576155
"2010",2950,"Arizona","gfdl-esm4","ssp585",NA,0.232093792287506,28.7673739080031
"2011",2951,"Arizona","gfdl-esm4","ssp585",NA,2.63590528005101,29.7500201701515
"2012",2952,"Arizona","gfdl-esm4","ssp585",NA,4.59242233561578,27.7499629159342
"2013",2953,"Arizona","gfdl-esm4","ssp585",NA,0.126572542570122,30.4580998976523
"2014",2954,"Arizona","gfdl-esm4","ssp585",NA,0.104547734869953,29.9115493253571
"2015",2955,"Arizona","gfdl-esm4","ssp585",NA,1.06165780825502,29.4061542728005
"2016",2956,"Arizona","gfdl-esm4","ssp585",NA,0.370960949711534,30.6806325340995
"2017",2957,"Arizona","gfdl-esm4","ssp585",NA,2.24673604038034,26.9321085277611
"2018",2958,"Arizona","gfdl-esm4","ssp585",NA,0.712362722913138,29.3374737494815
"2019",2959,"Arizona","gfdl-esm4","ssp585",NA,0.895604871329024,28.1726655171584
"2020",2960,"Arizona","gfdl-esm4","ssp585",NA,2.91324321322615,23.7364778501798
"2021",2961,"Arizona","gfdl-esm4","ssp585",NA,1.89895461661707,23.0013930367761
"2022",2962,"Arizona","gfdl-esm4","ssp585",NA,0.120516717376715,24.1140436801838
"2023",2963,"Arizona","gfdl-esm4","ssp585",NA,0.136950122881446,24.0955193559379
"2024",2964,"Arizona","gfdl-esm4","ssp585",NA,0.994223414928328,18.9336303942424
"2025",2965,"Arizona","gfdl-esm4","ssp585",NA,2.19384510213149,21.8289206098516
"2026",2966,"Arizona","gfdl-esm4","ssp585",NA,2.10161075979969,15.5592391639835
"2027",2967,"Arizona","gfdl-esm4","ssp585",NA,0.00364732727294054,14.8584360462676
"2028",2968,"Arizona","gfdl-esm4","ssp585",NA,6.32396278146207,13.1023767830599
"2029",2969,"Arizona","gfdl-esm4","ssp585",NA,1.00751004576774,5.01606971557465
"2030",2970,"Arizona","gfdl-esm4","ssp585",NA,3.15019497218637,8.33131440713646
"2031",2971,"Arizona","gfdl-esm4","ssp585",NA,0.210428313567521,6.46048586299238
"2032",2972,"Arizona","gfdl-esm4","ssp585",NA,2.95776253686029,4.63554364191147
"2033",2973,"Arizona","gfdl-esm4","ssp585",NA,0.0013616968081655,4.40679618362834
"2034",2974,"Arizona","gfdl-esm4","ssp585",NA,0.0656417211538186,8.38839458557208
"2035",2975,"Arizona","gfdl-esm4","ssp585",NA,10.4977724395711,6.04493853427971
"2036",2976,"Arizona","gfdl-esm4","ssp585",NA,0.325183895420679,5.03511060095017
"2037",2977,"Arizona","gfdl-esm4","ssp585",NA,0.68727991876307,2.45792771060912
"2038",2978,"Arizona","gfdl-esm4","ssp585",NA,0.000356182326741814,3.43772098430342
"2039",2979,"Arizona","gfdl-esm4","ssp585",NA,3.71037384959439,7.69172708195473
"2040",2980,"Arizona","gfdl-esm4","ssp585",NA,0.446005296426432,6.58771441781568
"2041",2981,"Arizona","gfdl-esm4","ssp585",NA,0.19218767672081,9.21417401454846
"2042",2982,"Arizona","gfdl-esm4","ssp585",NA,0.00648539145164003,12.4252804222059
"2043",2983,"Arizona","gfdl-esm4","ssp585",NA,0.0334361645810829,10.593570822078
"2044",2984,"Arizona","gfdl-esm4","ssp585",NA,0.100871347622827,11.1491178683777
"2045",2985,"Arizona","gfdl-esm4","ssp585",NA,0.0756296633714271,13.7838130058742
"2046",2986,"Arizona","gfdl-esm4","ssp585",NA,0.0418754887523598,13.7074638125568
"2047",2987,"Arizona","gfdl-esm4","ssp585",NA,0.224825752821581,11.1399429957876
"2048",2988,"Arizona","gfdl-esm4","ssp585",NA,0.796364057611734,13.523528311979
"2049",2989,"Arizona","gfdl-esm4","ssp585",NA,0.0604526505962257,13.7295319182231
"2050",2990,"Arizona","gfdl-esm4","ssp585",NA,0.00978058127376726,19.9201503440192
"2051",2991,"Arizona","gfdl-esm4","ssp585",NA,0.0398737703182792,21.3804412263082
"2052",2992,"Arizona","gfdl-esm4","ssp585",NA,0.035061817788051,18.0937424304061
"2053",2993,"Arizona","gfdl-esm4","ssp585",NA,0.00479497926323098,25.0242324153934
"2054",2994,"Arizona","gfdl-esm4","ssp585",NA,0.00238251874770695,22.7251809835133
"2055",2995,"Arizona","gfdl-esm4","ssp585",NA,0.000988395093236997,26.5926481958286
"2056",2996,"Arizona","gfdl-esm4","ssp585",NA,0.0264293331515897,21.7362102908823
"2057",2997,"Arizona","gfdl-esm4","ssp585",NA,0.233399945186757,21.9598998946276
"2058",2998,"Arizona","gfdl-esm4","ssp585",NA,0.279938831673484,23.6605636191579
"2059",2999,"Arizona","gfdl-esm4","ssp585",NA,0.0603496855866482,25.5856738682493
"2060",3000,"Arizona","gfdl-esm4","ssp585",NA,0.0353678067845947,30.5775148336264
"2061",3001,"Arizona","gfdl-esm4","ssp585",NA,0.26878045161266,29.3291532533359
"2062",3002,"Arizona","gfdl-esm4","ssp585",NA,0.0666348875937775,29.6023952633632
"2063",3003,"Arizona","gfdl-esm4","ssp585",NA,2.11182286242749,29.2919559907974
"2064",3004,"Arizona","gfdl-esm4","ssp585",NA,1.61641423630715,29.8845954364531
"2065",3005,"Arizona","gfdl-esm4","ssp585",NA,2.90205778819079,28.0591349952592
"2066",3006,"Arizona","gfdl-esm4","ssp585",NA,1.07185782023917,29.6817319771131
"2067",3007,"Arizona","gfdl-esm4","ssp585",NA,0.166155193731479,29.2449244290628
"2068",3008,"Arizona","gfdl-esm4","ssp585",NA,1.57644239097886,28.6214900849894
"2069",3009,"Arizona","gfdl-esm4","ssp585",NA,0.267124638778595,30.2823676841148
"2070",3010,"Arizona","gfdl-esm4","ssp585",NA,2.04604714580836,27.6692882127919
"2071",3011,"Arizona","gfdl-esm4","ssp585",NA,0.916241404879007,28.7007982102116
"2072",3012,"Arizona","gfdl-esm4","ssp585",NA,0.386786984157173,28.4116098589602
"2073",3013,"Arizona","gfdl-esm4","ssp585",NA,4.95017116792489,23.9479635091558
"2074",3014,"Arizona","gfdl-esm4","ssp585",NA,2.8379573549704,21.0403661445782
"2075",3015,"Arizona","gfdl-esm4","ssp585",NA,1.70794200570936,19.6845351960656
"2076",3016,"Arizona","gfdl-esm4","ssp585",NA,0.00272248316223306,22.8425210714039
"2077",3017,"Arizona","gfdl-esm4","ssp585",NA,0.00112374116439671,22.3221115247338
"2078",3018,"Arizona","gfdl-esm4","ssp585",NA,0.0221969585410929,19.8515105622457
"2079",3019,"Arizona","gfdl-esm4","ssp585",NA,0.047713727623131,17.4955223961214
"2080",3020,"Arizona","gfdl-esm4","ssp585",NA,1.41021187385419,14.5567918934201
"2081",3021,"Arizona","gfdl-esm4","ssp585",NA,5.80371968466853,13.7668353556984
"2082",3022,"Arizona","gfdl-esm4","ssp585",NA,0.173649730776722,5.12105840207957
"2083",3023,"Arizona","gfdl-esm4","ssp585",NA,0.0039634266959666,8.68712799419497
"2084",3024,"Arizona","gfdl-esm4","ssp585",NA,0.00133136845933798,8.5237132307552
"2085",3025,"Arizona","gfdl-esm4","ssp585",NA,0.605324602514189,7.87548244780146
"2086",3026,"Arizona","gfdl-esm4","ssp585",NA,0.00152614673829709,8.89083857674969
"2087",3027,"Arizona","gfdl-esm4","ssp585",NA,0.0654625139024721,6.04310261838508
"2088",3028,"Arizona","gfdl-esm4","ssp585",NA,0.826420101711088,5.21259095858686
"2089",3029,"Arizona","gfdl-esm4","ssp585",NA,0.00445971073197244,5.5520348550095
"2090",3030,"Arizona","gfdl-esm4","ssp585",NA,0.00321573074106065,8.40659648832572
"2091",3031,"Arizona","gfdl-esm4","ssp585",NA,0.00156528333749642,9.20983855082325
"2092",3032,"Arizona","gfdl-esm4","ssp585",NA,0.0615050673096297,10.8048826736084
"2093",3033,"Arizona","gfdl-esm4","ssp585",NA,0.00172455080216541,12.1692602029793
"2094",3034,"Arizona","gfdl-esm4","ssp585",NA,0.0207963146678247,12.6152295832387
"2095",3035,"Arizona","gfdl-esm4","ssp585",NA,0.835966671346579,7.2509379351938
"2096",3036,"Arizona","gfdl-esm4","ssp585",NA,0.062483608567031,8.68096182301134
"2097",3037,"Arizona","gfdl-esm4","ssp585",NA,0.307398534102346,10.1846946127948
"2098",3038,"Arizona","gfdl-esm4","ssp585",NA,0.907141463506914,9.88168102703265
"2099",3039,"Arizona","gfdl-esm4","ssp585",NA,0.728754836149275,11.6069266028712
"2100",3040,"Arizona","gfdl-esm4","ssp585",NA,0.69398116739728,16.4020659976
"2101",3041,"Arizona","gfdl-esm4","ssp585",NA,0.00296330043185292,20.1636610954661
"2102",3042,"Arizona","gfdl-esm4","ssp585",NA,0.00502686796564339,17.6938124626536
"2103",3043,"Arizona","gfdl-esm4","ssp585",NA,0.221960323734101,17.8810944799527
"2104",3044,"Arizona","gfdl-esm4","ssp585",NA,0.00237288342929882,23.1183956565809
"2105",3045,"Arizona","gfdl-esm4","ssp585",NA,0.00193807755852063,20.8213077665732
"2106",3046,"Arizona","gfdl-esm4","ssp585",NA,0.0193404055925317,19.1406339816589
"2107",3047,"Arizona","gfdl-esm4","ssp585",NA,0.258259079718485,16.3434363286806
"2108",3048,"Arizona","gfdl-esm4","ssp585",NA,0.0686569244108496,20.1112254917999
"2109",3049,"Arizona","gfdl-esm4","ssp585",NA,0.0503580325092371,24.7299295341019
"2110",3050,"Arizona","gfdl-esm4","ssp585",NA,0.00391335121144608,26.3615159296357
"2111",3051,"Arizona","gfdl-esm4","ssp585",NA,0.0919840164558131,29.0928068795186
"2112",3052,"Arizona","gfdl-esm4","ssp585",NA,0.0615379132345356,26.0810394788663
"2113",3053,"Arizona","gfdl-esm4","ssp585",NA,0.303214301040634,25.724875691989
"2114",3054,"Arizona","gfdl-esm4","ssp585",NA,0.245991682832591,32.3381563632739
"2115",3055,"Arizona","gfdl-esm4","ssp585",NA,0.0508656512256413,31.9614216839469
"2116",3056,"Arizona","gfdl-esm4","ssp585",NA,0.373645794727684,30.5488258410043
"2117",3057,"Arizona","gfdl-esm4","ssp585",NA,0.712497549979019,29.1660565131534
"2118",3058,"Arizona","gfdl-esm4","ssp585",NA,0.069716507917208,27.167061278371
"2119",3059,"Arizona","gfdl-esm4","ssp585",NA,0.0986512640912085,27.9825969479027
"2120",3060,"Arizona","gfdl-esm4","ssp585",NA,0.0354608589113187,30.8694547438592
"2121",3061,"Arizona","gfdl-esm4","ssp585",NA,0.133694218909013,29.9956365573271
"2122",3062,"Arizona","gfdl-esm4","ssp585",NA,0.18837977523731,26.5949860892314
"2123",3063,"Arizona","gfdl-esm4","ssp585",NA,0.127021291658345,27.0015909187713
"2124",3064,"Arizona","gfdl-esm4","ssp585",NA,0.00922785494492745,28.1112343268509
"2125",3065,"Arizona","gfdl-esm4","ssp585",NA,6.95663943780598,24.1307089013487
"2126",3066,"Arizona","gfdl-esm4","ssp585",NA,0.390125073779665,20.7556176572624
"2127",3067,"Arizona","gfdl-esm4","ssp585",NA,3.88148984690531,21.7553244801749
"2128",3068,"Arizona","gfdl-esm4","ssp585",NA,7.78447311405388,18.1589122362294
"2129",3069,"Arizona","gfdl-esm4","ssp585",NA,1.66449539228618,15.0858900376427
"2130",3070,"Arizona","gfdl-esm4","ssp585",NA,1.61413240444692,13.7554756405682
"2131",3071,"Arizona","gfdl-esm4","ssp585",NA,0.304389945626267,12.4232779135144
"2132",3072,"Arizona","gfdl-esm4","ssp585",NA,0.00327252170311857,12.3546480470602
"2133",3073,"Arizona","gfdl-esm4","ssp585",NA,0.00866410540094597,13.739232958614
"2134",3074,"Arizona","gfdl-esm4","ssp585",NA,0.744282156439295,11.6347368358511
"2135",3075,"Arizona","gfdl-esm4","ssp585",NA,0.529744796805256,6.93713181371486
"2136",3076,"Arizona","gfdl-esm4","ssp585",NA,0.336030562674453,6.18766658508072
"2137",3077,"Arizona","gfdl-esm4","ssp585",NA,0.0654172805217517,5.0032885217486
"2138",3078,"Arizona","gfdl-esm4","ssp585",NA,0.00237908305569894,7.87954082271998
"2139",3079,"Arizona","gfdl-esm4","ssp585",NA,0.0056152617603247,7.86145740224501
"2140",3080,"Arizona","gfdl-esm4","ssp585",NA,1.50995803740468,5.47504517836157
"2141",3081,"Arizona","gfdl-esm4","ssp585",NA,0.603362978594542,4.68873990875131
"2142",3082,"Arizona","gfdl-esm4","ssp585",NA,0.731600172548726,6.03364834212777
"2143",3083,"Arizona","gfdl-esm4","ssp585",NA,0.178774791151015,8.57087596792038
"2144",3084,"Arizona","gfdl-esm4","ssp585",NA,6.85634801848577,6.95274080259612
"2145",3085,"Arizona","gfdl-esm4","ssp585",NA,0.203365203338997,6.34026311785173
"2146",3086,"Arizona","gfdl-esm4","ssp585",NA,1.32728207723049,4.39369858694742
"2147",3087,"Arizona","gfdl-esm4","ssp585",NA,0.0285998234594605,3.25222688812374
"2148",3088,"Arizona","gfdl-esm4","ssp585",NA,0.00716057436578768,10.3250577249057
"2149",3089,"Arizona","gfdl-esm4","ssp585",NA,7.66217074649235,10.8277794607671
"2150",3090,"Arizona","gfdl-esm4","ssp585",NA,0.678962997581533,7.73082465209191
"2151",3091,"Arizona","gfdl-esm4","ssp585",NA,0.234956957359593,8.85315735403418
"2152",3092,"Arizona","gfdl-esm4","ssp585",NA,4.52143255097418,7.33458140839822
"2153",3093,"Arizona","gfdl-esm4","ssp585",NA,0.593004363924492,9.35725577604004
"2154",3094,"Arizona","gfdl-esm4","ssp585",NA,0.642579924616739,9.66780315259316
"2155",3095,"Arizona","gfdl-esm4","ssp585",NA,0.00605263861648146,16.5869695728558
"2156",3096,"Arizona","gfdl-esm4","ssp585",NA,0.199920233945542,20.0485199321839
"2157",3097,"Arizona","gfdl-esm4","ssp585",NA,0.0182416932233129,19.4953694224207
"2158",3098,"Arizona","gfdl-esm4","ssp585",NA,0.00427454811391802,19.4388144472607
"2159",3099,"Arizona","gfdl-esm4","ssp585",NA,0.611528901576135,20.0284246278322
"2160",3100,"Arizona","gfdl-esm4","ssp585",NA,0.703913996420129,20.6058074063809
"2161",3101,"Arizona","gfdl-esm4","ssp585",NA,0.142786150252036,24.1971872978355
"2162",3102,"Arizona","gfdl-esm4","ssp585",NA,0.721014388094699,26.2032896946113
"2163",3103,"Arizona","gfdl-esm4","ssp585",NA,0.0608517482456814,26.9946025862857
"2164",3104,"Arizona","gfdl-esm4","ssp585",NA,0.0105701013426335,29.4876328884274
"2165",3105,"Arizona","gfdl-esm4","ssp585",NA,0.00116077814850996,27.3167864581276
"2166",3106,"Arizona","gfdl-esm4","ssp585",NA,0.0457267535584166,27.129301041749
"2167",3107,"Arizona","gfdl-esm4","ssp585",NA,2.54762716471484,29.3595266156492
"2168",3108,"Arizona","gfdl-esm4","ssp585",NA,2.57411431648254,29.9841406512351
"2169",3109,"Arizona","gfdl-esm4","ssp585",NA,11.1830326542034,26.8170532458049
"2170",3110,"Arizona","gfdl-esm4","ssp585",NA,0.284319507668172,29.3044149560362
"2171",3111,"Arizona","gfdl-esm4","ssp585",NA,0.0164562024219868,30.1515595061137
"2172",3112,"Arizona","gfdl-esm4","ssp585",NA,0.593091822342834,30.1080074112575
"2173",3113,"Arizona","gfdl-esm4","ssp585",NA,0.132401139205726,29.7281430404798
"2174",3114,"Arizona","gfdl-esm4","ssp585",NA,1.81955685541258,28.9375427014608
"2175",3115,"Arizona","gfdl-esm4","ssp585",NA,0.139897976005021,29.3934579571942
"2176",3116,"Arizona","gfdl-esm4","ssp585",NA,0.151683394637186,28.4700972796994
"2177",3117,"Arizona","gfdl-esm4","ssp585",NA,0.0217753362984811,27.3396096327212
"2178",3118,"Arizona","gfdl-esm4","ssp585",NA,0.0152997188978003,22.9684818928522
"2179",3119,"Arizona","gfdl-esm4","ssp585",NA,0.00402337146416517,24.711182327367
"2180",3120,"Arizona","gfdl-esm4","ssp585",NA,4.22563687463041,19.3102332422616
"2181",3121,"Arizona","gfdl-esm4","ssp585",NA,0.00237469920891045,21.4395741073281
"2182",3122,"Arizona","gfdl-esm4","ssp585",NA,0,20.5431398876398
"2183",3123,"Arizona","gfdl-esm4","ssp585",NA,0.0471571816786989,14.853426688058
"2184",3124,"Arizona","gfdl-esm4","ssp585",NA,1.08846187732454,15.3567058037566
"2185",3125,"Arizona","gfdl-esm4","ssp585",NA,1.05384487234314,12.5904586849864
"2186",3126,"Arizona","gfdl-esm4","ssp585",NA,0.00317579513823295,11.5790682979541
"2187",3127,"Arizona","gfdl-esm4","ssp585",NA,0.00210377204580133,10.9578704949728
"2188",3128,"Arizona","gfdl-esm4","ssp585",NA,0.00284840755218562,9.61646078039815
"2189",3129,"Arizona","gfdl-esm4","ssp585",NA,0.194563089113382,7.19726901241262
"2190",3130,"Arizona","gfdl-esm4","ssp585",NA,0.00290693118098688,6.63010807929542
"2191",3131,"Arizona","gfdl-esm4","ssp585",NA,0.0429267094128526,7.33547799246654
"2192",3132,"Arizona","gfdl-esm4","ssp585",NA,0.000319308886103163,8.51162429597377
"2193",3133,"Arizona","gfdl-esm4","ssp585",NA,0.00727477592967866,6.71406780103066
"2194",3134,"Arizona","gfdl-esm4","ssp585",NA,0.356867524762801,7.68983163556319
"2195",3135,"Arizona","gfdl-esm4","ssp585",NA,0.000994641895161785,7.40589817206268
"2196",3136,"Arizona","gfdl-esm4","ssp585",NA,0.00128678227366757,9.47676338359772
"2197",3137,"Arizona","gfdl-esm4","ssp585",NA,0.0386723267309026,6.48079814693873
"2198",3138,"Arizona","gfdl-esm4","ssp585",NA,0.00108888458609437,11.6470480744064
"2199",3139,"Arizona","gfdl-esm4","ssp585",NA,0.140459369790313,10.7783262848402
"2200",3140,"Arizona","gfdl-esm4","ssp585",NA,1.13346185874477,12.8340686282075
"2201",3141,"Arizona","gfdl-esm4","ssp585",NA,2.91543043173416,12.2535847081548
"2202",3142,"Arizona","gfdl-esm4","ssp585",NA,0.0680243851782992,11.51812704788
"2203",3143,"Arizona","gfdl-esm4","ssp585",NA,0.278636640338608,9.10742730720609
"2204",3144,"Arizona","gfdl-esm4","ssp585",NA,0.0346437761665202,15.5734344675327
"2205",3145,"Arizona","gfdl-esm4","ssp585",NA,0.00452426132897557,16.3676539366827
"2206",3146,"Arizona","gfdl-esm4","ssp585",NA,0.0159165536726215,18.0331766892926
"2207",3147,"Arizona","gfdl-esm4","ssp585",NA,0.00842944736236382,19.1127602443382
"2208",3148,"Arizona","gfdl-esm4","ssp585",NA,0.00560431819346289,23.4951668335424
"2209",3149,"Arizona","gfdl-esm4","ssp585",NA,0.0377683846435285,24.2209836012193
"2210",3150,"Arizona","gfdl-esm4","ssp585",NA,0.132920793914697,23.8791873820965
"2211",3151,"Arizona","gfdl-esm4","ssp585",NA,0.0974520296321983,26.2965955886166
"2212",3152,"Arizona","gfdl-esm4","ssp585",NA,0.0021972866267803,24.287345791707
"2213",3153,"Arizona","gfdl-esm4","ssp585",NA,0.220364658303194,22.5001092151203
"2214",3154,"Arizona","gfdl-esm4","ssp585",NA,0.00187679802969539,22.9054534101908
"2215",3155,"Arizona","gfdl-esm4","ssp585",NA,0.0736245665041813,26.3487282927811
"2216",3156,"Arizona","gfdl-esm4","ssp585",NA,0.0994254810730506,31.3064772267107
"2217",3157,"Arizona","gfdl-esm4","ssp585",NA,1.23779756332462,29.4432761866284
"2218",3158,"Arizona","gfdl-esm4","ssp585",NA,0.223774800884004,28.9092427983146
"2219",3159,"Arizona","gfdl-esm4","ssp585",NA,0.476569478297139,29.0172163817434
"2220",3160,"Arizona","gfdl-esm4","ssp585",NA,0.465952600043767,30.5850759011907
"2221",3161,"Arizona","gfdl-esm4","ssp585",NA,1.93900053786319,28.8374283782149
"2222",3162,"Arizona","gfdl-esm4","ssp585",NA,0.524617462506101,31.6970300030618
"2223",3163,"Arizona","gfdl-esm4","ssp585",NA,1.14714036546672,29.9654962628892
"2224",3164,"Arizona","gfdl-esm4","ssp585",NA,0.341828891411467,28.8418935512924
"2225",3165,"Arizona","gfdl-esm4","ssp585",NA,0.10928192173294,29.2155167108239
"2226",3166,"Arizona","gfdl-esm4","ssp585",NA,0.195525922982435,30.4971595812387
"2227",3167,"Arizona","gfdl-esm4","ssp585",NA,0.0345399755826589,28.1431882373603
"2228",3168,"Arizona","gfdl-esm4","ssp585",NA,0.284647485389113,25.6377763634837
"2229",3169,"Arizona","gfdl-esm4","ssp585",NA,1.01387479255172,25.3507178768346
"2230",3170,"Arizona","gfdl-esm4","ssp585",NA,0.41365823015557,25.6725427909687
"2231",3171,"Arizona","gfdl-esm4","ssp585",NA,0.00769398100718673,24.8690818584071
"2232",3172,"Arizona","gfdl-esm4","ssp585",NA,0.00252705269623633,20.0558185331439
"2233",3173,"Arizona","gfdl-esm4","ssp585",NA,0.017279058499796,22.2924262932972
"2234",3174,"Arizona","gfdl-esm4","ssp585",NA,0.204788913026287,19.7796985727496
"2235",3175,"Arizona","gfdl-esm4","ssp585",NA,0.00390266296860713,20.579702029608
"2236",3176,"Arizona","gfdl-esm4","ssp585",NA,0.00135332793962827,21.5231805813448
"2237",3177,"Arizona","gfdl-esm4","ssp585",NA,1.30752209706644,15.4150376272865
"2238",3178,"Arizona","gfdl-esm4","ssp585",NA,0.00135852310858171,13.5832009027339
"2239",3179,"Arizona","gfdl-esm4","ssp585",NA,7.8103395685398,9.66315796052763
"2240",3180,"Arizona","gfdl-esm4","ssp585",NA,2.48540037780421,8.25466389613871
"2241",3181,"Arizona","gfdl-esm4","ssp585",NA,2.92841660397906,8.35438025627669
"2242",3182,"Arizona","gfdl-esm4","ssp585",NA,1.18996248660477,3.64727072540941
"2243",3183,"Arizona","gfdl-esm4","ssp585",NA,0.577925465362553,3.09761712114069
"2244",3184,"Arizona","gfdl-esm4","ssp585",NA,0.237718245054506,1.73834308764126
"2245",3185,"Arizona","gfdl-esm4","ssp585",NA,0.00250345131148485,2.66156649390608
"2246",3186,"Arizona","gfdl-esm4","ssp585",NA,0.000783603048570485,6.06138164457572
"2247",3187,"Arizona","gfdl-esm4","ssp585",NA,0.0153226095824654,7.04444353993414
"2248",3188,"Arizona","gfdl-esm4","ssp585",NA,0.203185419128128,9.93114971252521
"2249",3189,"Arizona","gfdl-esm4","ssp585",NA,2.08132406154982,7.14955881072962
"2250",3190,"Arizona","gfdl-esm4","ssp585",NA,0.00076291908320321,10.1157825262598
"2251",3191,"Arizona","gfdl-esm4","ssp585",NA,0.0675583444907348,12.5059699404556
"2252",3192,"Arizona","gfdl-esm4","ssp585",NA,5.05101687323478,9.14047136270595
"2253",3193,"Arizona","gfdl-esm4","ssp585",NA,0.152040339384482,10.1289942455654
"2254",3194,"Arizona","gfdl-esm4","ssp585",NA,3.37120518033196,7.82211164047687
"2255",3195,"Arizona","gfdl-esm4","ssp585",NA,5.86768609522845,8.23037032212984
"2256",3196,"Arizona","gfdl-esm4","ssp585",NA,1.75556438346112,10.9998795809547
"2257",3197,"Arizona","gfdl-esm4","ssp585",NA,3.04594486629837,12.2881540638457
"2258",3198,"Arizona","gfdl-esm4","ssp585",NA,0.182380073507678,11.278303792112
"2259",3199,"Arizona","gfdl-esm4","ssp585",NA,0.0291883161749709,18.5692695704483
"2260",3200,"Arizona","gfdl-esm4","ssp585",NA,0.00276218450176174,17.1621578250311
"2261",3201,"Arizona","gfdl-esm4","ssp585",NA,0.329955670696142,22.9412989099168
"2262",3202,"Arizona","gfdl-esm4","ssp585",NA,0.188084378120859,21.4013514001511
"2263",3203,"Arizona","gfdl-esm4","ssp585",NA,0.00448794160158916,21.0798364072624
"2264",3204,"Arizona","gfdl-esm4","ssp585",NA,0.100459088237927,21.14257032392
"2265",3205,"Arizona","gfdl-esm4","ssp585",NA,0.00215258474372546,24.575380300722
"2266",3206,"Arizona","gfdl-esm4","ssp585",NA,0.079432504357878,25.390591503968
"2267",3207,"Arizona","gfdl-esm4","ssp585",NA,0.0111285722943462,25.222370125521
"2268",3208,"Arizona","gfdl-esm4","ssp585",NA,0.0883982054461548,26.3962500262351
"2269",3209,"Arizona","gfdl-esm4","ssp585",NA,0.0638103647030133,26.8745616734405
"2270",3210,"Arizona","gfdl-esm4","ssp585",NA,0.213559295570916,26.9844855654556
"2271",3211,"Arizona","gfdl-esm4","ssp585",NA,1.64694615210584,29.8063397625756
"2272",3212,"Arizona","gfdl-esm4","ssp585",NA,0.131437838275385,30.1107358216335
"2273",3213,"Arizona","gfdl-esm4","ssp585",NA,0.559989853152271,28.8958603966251
"2274",3214,"Arizona","gfdl-esm4","ssp585",NA,0.151504277241616,28.9514275822115
"2275",3215,"Arizona","gfdl-esm4","ssp585",NA,2.94914027088455,27.7686247428962
"2276",3216,"Arizona","gfdl-esm4","ssp585",NA,0.386551162737121,28.2188423938004
"2277",3217,"Arizona","gfdl-esm4","ssp585",NA,0.993958725812539,28.7809820085953
"2278",3218,"Arizona","gfdl-esm4","ssp585",NA,1.07494627178719,29.0476545987328
"2279",3219,"Arizona","gfdl-esm4","ssp585",NA,1.13893109421304,28.652772878847
"2280",3220,"Arizona","gfdl-esm4","ssp585",NA,1.12427394432015,27.9404237768894
"2281",3221,"Arizona","gfdl-esm4","ssp585",NA,1.68335640263087,24.0131539943999
"2282",3222,"Arizona","gfdl-esm4","ssp585",NA,1.48423328447313,24.3482505055656
"2283",3223,"Arizona","gfdl-esm4","ssp585",NA,0.00384227809833696,24.2768823134161
"2284",3224,"Arizona","gfdl-esm4","ssp585",NA,4.4857806041542,23.5453133873632
"2285",3225,"Arizona","gfdl-esm4","ssp585",NA,0.00468681198167297,19.9326698042801
"2286",3226,"Arizona","gfdl-esm4","ssp585",NA,2.28773614772141,20.5407841312298
"2287",3227,"Arizona","gfdl-esm4","ssp585",NA,1.19215481790153,18.7379766837987
"2288",3228,"Arizona","gfdl-esm4","ssp585",NA,2.43792181438485,18.0998496883889
"2289",3229,"Arizona","gfdl-esm4","ssp585",NA,0.0083839987052823,12.9862906165431
"2290",3230,"Arizona","gfdl-esm4","ssp585",NA,0.268661236913513,9.69952928082532
"2291",3231,"Arizona","gfdl-esm4","ssp585",NA,0.00306314553610107,7.91897902458569
"2292",3232,"Arizona","gfdl-esm4","ssp585",NA,0.0088976375228009,9.01246169677428
"2293",3233,"Arizona","gfdl-esm4","ssp585",NA,0.336930863131703,7.12559167063796
"2294",3234,"Arizona","gfdl-esm4","ssp585",NA,0.338594256398293,5.73251820406331
"2295",3235,"Arizona","gfdl-esm4","ssp585",NA,0.170790464347614,7.13573554385027
"2296",3236,"Arizona","gfdl-esm4","ssp585",NA,0.00129039021408378,7.68009552503508
"2297",3237,"Arizona","gfdl-esm4","ssp585",NA,1.51714618233176,8.21904050728165
"2298",3238,"Arizona","gfdl-esm4","ssp585",NA,0.000722798056597026,6.92181808529554
"2299",3239,"Arizona","gfdl-esm4","ssp585",NA,3.50940255799786,5.90793494069021
"2300",3240,"Arizona","gfdl-esm4","ssp585",NA,0.000970593454326119,2.32742104319347
"2301",3241,"Arizona","gfdl-esm4","ssp585",NA,0.00541350346573867,9.57526208851042
"2302",3242,"Arizona","gfdl-esm4","ssp585",NA,0.983268964117894,7.25345183515973
"2303",3243,"Arizona","gfdl-esm4","ssp585",NA,2.72779283872694,6.19150601277311
"2304",3244,"Arizona","gfdl-esm4","ssp585",NA,2.04197582480066,10.0052833142383
"2305",3245,"Arizona","gfdl-esm4","ssp585",NA,0.303597431705967,7.3217455452824
"2306",3246,"Arizona","gfdl-esm4","ssp585",NA,0.00109024003490849,11.3282619162848
"2307",3247,"Arizona","gfdl-esm4","ssp585",NA,0.0761979309746401,15.753384434137
"2308",3248,"Arizona","gfdl-esm4","ssp585",NA,0.0152765892186241,13.3424728451426
"2309",3249,"Arizona","gfdl-esm4","ssp585",NA,0.200677070105578,12.5783645031877
"2310",3250,"Arizona","gfdl-esm4","ssp585",NA,0.010033004045322,16.0474426732504
"2311",3251,"Arizona","gfdl-esm4","ssp585",NA,0.348733594833723,17.7887797706498
"2312",3252,"Arizona","gfdl-esm4","ssp585",NA,0.00329123338633738,23.1588232684226
"2313",3253,"Arizona","gfdl-esm4","ssp585",NA,0.268316667651194,23.8624642894181
"2314",3254,"Arizona","gfdl-esm4","ssp585",NA,0.557560795321055,20.4414365669569
"2315",3255,"Arizona","gfdl-esm4","ssp585",NA,0.264852151881906,22.4864406195061
"2316",3256,"Arizona","gfdl-esm4","ssp585",NA,0.00427617891679484,23.6793084338703
"2317",3257,"Arizona","gfdl-esm4","ssp585",NA,1.15324213020841,20.4236627204982
"2318",3258,"Arizona","gfdl-esm4","ssp585",NA,0.0806511048230198,21.1547072148956
"2319",3259,"Arizona","gfdl-esm4","ssp585",NA,0.0198712301469678,22.0804284328456
"2320",3260,"Arizona","gfdl-esm4","ssp585",NA,0.00277230062805085,26.9085488417055
"2321",3261,"Arizona","gfdl-esm4","ssp585",NA,1.56711992505352,26.9829827965738
"2322",3262,"Arizona","gfdl-esm4","ssp585",NA,0.0219097271987584,30.6025944956938
"2323",3263,"Arizona","gfdl-esm4","ssp585",NA,0.0323888511939946,29.0063695625469
"2324",3264,"Arizona","gfdl-esm4","ssp585",NA,0.423104616436189,31.6697227892773
"2325",3265,"Arizona","gfdl-esm4","ssp585",NA,4.09949076089156,30.4968425225066
"2326",3266,"Arizona","gfdl-esm4","ssp585",NA,2.99128627544534,28.3722910267364
"2327",3267,"Arizona","gfdl-esm4","ssp585",NA,1.35100539171389,30.2099928748593
"2328",3268,"Arizona","gfdl-esm4","ssp585",NA,0.353466540343374,31.9883636513191
"2329",3269,"Arizona","gfdl-esm4","ssp585",NA,6.44060033085854,27.4877612860254
"2330",3270,"Arizona","gfdl-esm4","ssp585",NA,0.209554962479546,26.9985636984805
"2331",3271,"Arizona","gfdl-esm4","ssp585",NA,0.0134546679224254,28.5140554396754
"2332",3272,"Arizona","gfdl-esm4","ssp585",NA,0.0324271609610974,30.528081063947
"2333",3273,"Arizona","gfdl-esm4","ssp585",NA,0.0166324241170436,28.970074208256
"2334",3274,"Arizona","gfdl-esm4","ssp585",NA,0.0212118334108425,28.8285750783349
"2335",3275,"Arizona","gfdl-esm4","ssp585",NA,0.00595500709861855,26.2632963583231
"2336",3276,"Arizona","gfdl-esm4","ssp585",NA,0.457998522127181,21.3228914398309
"2337",3277,"Arizona","gfdl-esm4","ssp585",NA,0.0013104059857666,23.6765392819488
"2338",3278,"Arizona","gfdl-esm4","ssp585",NA,0.00133494033823178,19.9487003292658
"2339",3279,"Arizona","gfdl-esm4","ssp585",NA,0.00254844963416197,18.8849052033744
"2340",3280,"Arizona","gfdl-esm4","ssp585",NA,0.010538940735096,16.4254422695387
"2341",3281,"Arizona","gfdl-esm4","ssp585",NA,0.0437056598917197,14.6228682372121
"2342",3282,"Arizona","gfdl-esm4","ssp585",NA,0.00423544431033876,14.0450788919905
"2343",3283,"Arizona","gfdl-esm4","ssp585",NA,0.00181043828422835,14.547402703325
"2344",3284,"Arizona","gfdl-esm4","ssp585",NA,0.00147579170247056,7.97325474947656
"2345",3285,"Arizona","gfdl-esm4","ssp585",NA,0.00940885578513462,8.40652711967152
"2346",3286,"Arizona","gfdl-esm4","ssp585",NA,0.407950422483384,6.14828258953266
"2347",3287,"Arizona","gfdl-esm4","ssp585",NA,2.4027791312157,0.652601772072064
"2348",3288,"Arizona","gfdl-esm4","ssp585",NA,0.383381322493717,3.94655908326586
"2349",3289,"Arizona","gfdl-esm4","ssp585",NA,0.00157116152708258,6.10447944805085
"2350",3290,"Arizona","gfdl-esm4","ssp585",NA,0.349626390967633,5.9624557707313
"2351",3291,"Arizona","gfdl-esm4","ssp585",NA,2.35293329359778,6.53462737381235
"2352",3292,"Arizona","gfdl-esm4","ssp585",NA,2.05216809347938,5.02352534124133
"2353",3293,"Arizona","gfdl-esm4","ssp585",NA,0.0902824496586781,8.04784650067164
"2354",3294,"Arizona","gfdl-esm4","ssp585",NA,0.0521785096432897,9.91936309853036
"2355",3295,"Arizona","gfdl-esm4","ssp585",NA,5.54008643457162,10.9728984152774
"2356",3296,"Arizona","gfdl-esm4","ssp585",NA,0.0128048315645773,14.887387814142
"2357",3297,"Arizona","gfdl-esm4","ssp585",NA,0.00699990653683398,19.3923850579147
"2358",3298,"Arizona","gfdl-esm4","ssp585",NA,3.07797370432427,14.263805280413
"2359",3299,"Arizona","gfdl-esm4","ssp585",NA,0.259877875735074,10.898374180848
"2360",3300,"Arizona","gfdl-esm4","ssp585",NA,0.00395125008333008,15.8800522139944
"2361",3301,"Arizona","gfdl-esm4","ssp585",NA,0.00320098871867349,16.5626924343567
"2362",3302,"Arizona","gfdl-esm4","ssp585",NA,0.0034434888096679,15.8278448169964
"2363",3303,"Arizona","gfdl-esm4","ssp585",NA,0.0468125016488946,21.9724609452162
"2364",3304,"Arizona","gfdl-esm4","ssp585",NA,1.66986910542587,13.9224323335399
"2365",3305,"Arizona","gfdl-esm4","ssp585",NA,0.1920347622061,17.287169939468
"2366",3306,"Arizona","gfdl-esm4","ssp585",NA,0.901058769946061,18.3988640825004
"2367",3307,"Arizona","gfdl-esm4","ssp585",NA,0.748637632992304,15.6474295248425
"2368",3308,"Arizona","gfdl-esm4","ssp585",NA,0.0163099982065592,18.9041788093963
"2369",3309,"Arizona","gfdl-esm4","ssp585",NA,0.00422548750544516,20.3908025420873
"2370",3310,"Arizona","gfdl-esm4","ssp585",NA,0.161955607228241,21.8782505580357
"2371",3311,"Arizona","gfdl-esm4","ssp585",NA,0.0033972714982558,23.9780097430937
"2372",3312,"Arizona","gfdl-esm4","ssp585",NA,0.0806193371922728,29.5428004133415
"2373",3313,"Arizona","gfdl-esm4","ssp585",NA,0.200486256358866,28.301355983575
"2374",3314,"Arizona","gfdl-esm4","ssp585",NA,0.121025565935081,28.5740931610995
"2375",3315,"Arizona","gfdl-esm4","ssp585",NA,0.0476744763199776,28.7267556288149
"2376",3316,"Arizona","gfdl-esm4","ssp585",NA,0.564278228215027,29.2088023420833
"2377",3317,"Arizona","gfdl-esm4","ssp585",NA,1.39534994481881,30.8471666106985
"2378",3318,"Arizona","gfdl-esm4","ssp585",NA,0.128955540933593,30.0734715824634
"2379",3319,"Arizona","gfdl-esm4","ssp585",NA,0.101844177748377,30.7048886459486
"2380",3320,"Arizona","gfdl-esm4","ssp585",NA,0.29150829454995,31.3107716016613
"2381",3321,"Arizona","gfdl-esm4","ssp585",NA,1.79560727519166,28.0923483828076
"2382",3322,"Arizona","gfdl-esm4","ssp585",NA,0.116109216154294,27.0264100432848
"2383",3323,"Arizona","gfdl-esm4","ssp585",NA,0.131569589569081,27.2856555191214
"2384",3324,"Arizona","gfdl-esm4","ssp585",NA,0.927911517960529,27.9183980717521
"2385",3325,"Arizona","gfdl-esm4","ssp585",NA,0.34144727705616,29.5280334164008
"2386",3326,"Arizona","gfdl-esm4","ssp585",NA,3.18924983328844,25.1964174909628
"2387",3327,"Arizona","gfdl-esm4","ssp585",NA,0.398088355344327,25.673404883615
"2388",3328,"Arizona","gfdl-esm4","ssp585",NA,0.261650364954348,21.0470852587829
"2389",3329,"Arizona","gfdl-esm4","ssp585",NA,0.313951949295322,21.8986079817626
"2390",3330,"Arizona","gfdl-esm4","ssp585",NA,0.629562096713116,20.4175640274993
"2391",3331,"Arizona","gfdl-esm4","ssp585",NA,0.00281274392346892,16.6829185360452
"2392",3332,"Arizona","gfdl-esm4","ssp585",NA,0.890088642146248,17.4647877612398
"2393",3333,"Arizona","gfdl-esm4","ssp585",NA,0.0114687627266993,11.9710501534598
"2394",3334,"Arizona","gfdl-esm4","ssp585",NA,1.04091170684809,12.5397908631529
"2395",3335,"Arizona","gfdl-esm4","ssp585",NA,0.00232351924092291,10.9370257931021
"2396",3336,"Arizona","gfdl-esm4","ssp585",NA,4.31822814525581,13.3339233321276
"2397",3337,"Arizona","gfdl-esm4","ssp585",NA,0.000839640295007012,8.79864138520023
"2398",3338,"Arizona","gfdl-esm4","ssp585",NA,0.000681398311254891,9.04795807694969
"2399",3339,"Arizona","gfdl-esm4","ssp585",NA,2.16183138237731,9.13071461133802
"2400",3340,"Arizona","gfdl-esm4","ssp585",NA,0.00538776618085685,5.20735134891555
"2401",3341,"Arizona","gfdl-esm4","ssp585",NA,0.907939176880336,5.46278586984437
"2402",3342,"Arizona","gfdl-esm4","ssp585",NA,0.200768668247613,7.7237637873094
"2403",3343,"Arizona","gfdl-esm4","ssp585",NA,0.797743162660385,10.3086658887707
"2404",3344,"Arizona","gfdl-esm4","ssp585",NA,9.06492352048998,9.54401575370627
"2405",3345,"Arizona","gfdl-esm4","ssp585",NA,1.35076792091382,6.95781331791741
"2406",3346,"Arizona","gfdl-esm4","ssp585",NA,2.87416169839968,4.73556930599866
"2407",3347,"Arizona","gfdl-esm4","ssp585",NA,0.140661237238061,2.72956282161131
"2408",3348,"Arizona","gfdl-esm4","ssp585",NA,2.22127523407472,6.68077501376573
"2409",3349,"Arizona","gfdl-esm4","ssp585",NA,1.32186199370419,10.669400213461
"2410",3350,"Arizona","gfdl-esm4","ssp585",NA,0.089535550596361,8.71194850762486
"2411",3351,"Arizona","gfdl-esm4","ssp585",NA,1.23797534922546,9.52095931833224
"2412",3352,"Arizona","gfdl-esm4","ssp585",NA,0.0838351549205803,12.6218375455565
"2413",3353,"Arizona","gfdl-esm4","ssp585",NA,0.000843517666157334,13.5196008810051
"2414",3354,"Arizona","gfdl-esm4","ssp585",NA,0.704131797373395,15.1647479224899
"2415",3355,"Arizona","gfdl-esm4","ssp585",NA,0.091789828013718,15.1970362146043
"2416",3356,"Arizona","gfdl-esm4","ssp585",NA,1.97197225611311,13.9148762815068
"2417",3357,"Arizona","gfdl-esm4","ssp585",NA,0.712880557434151,12.1848747475259
"2418",3358,"Arizona","gfdl-esm4","ssp585",NA,0.84695524518633,20.3862538025443
"2419",3359,"Arizona","gfdl-esm4","ssp585",NA,5.14953957531631,14.1324745612259
"2420",3360,"Arizona","gfdl-esm4","ssp585",NA,2.1658870386024,15.848608074357
"2421",3361,"Arizona","gfdl-esm4","ssp585",NA,0.0168856614518299,21.5010581921989
"2422",3362,"Arizona","gfdl-esm4","ssp585",NA,0.00130041418728824,22.5211629874788
"2423",3363,"Arizona","gfdl-esm4","ssp585",NA,0.00369580296202967,25.4407000554949
"2424",3364,"Arizona","gfdl-esm4","ssp585",NA,0.00681546932163543,26.4070508182878
"2425",3365,"Arizona","gfdl-esm4","ssp585",NA,0.0015403634967942,25.4376579429347
"2426",3366,"Arizona","gfdl-esm4","ssp585",NA,0.00298286851413969,30.3982681602353
"2427",3367,"Arizona","gfdl-esm4","ssp585",NA,0.048623987865566,29.7663093808026
"2428",3368,"Arizona","gfdl-esm4","ssp585",NA,2.831125803762,29.8486323032307
"2429",3369,"Arizona","gfdl-esm4","ssp585",NA,0.718255534440788,27.9509307359775
"2430",3370,"Arizona","gfdl-esm4","ssp585",NA,1.60267096800842,26.5695171447831
"2431",3371,"Arizona","gfdl-esm4","ssp585",NA,1.08145154826266,26.2850852918083
"2432",3372,"Arizona","gfdl-esm4","ssp585",NA,0.130105253720678,31.234307436937
"2433",3373,"Arizona","gfdl-esm4","ssp585",NA,0.161210082638929,31.4081399215911
"2434",3374,"Arizona","gfdl-esm4","ssp585",NA,0.516706371451634,30.3897271350422
"2435",3375,"Arizona","gfdl-esm4","ssp585",NA,0.330286270514453,31.1885558001763
"2436",3376,"Arizona","gfdl-esm4","ssp585",NA,0.609676817436609,27.5525342475901
"2437",3377,"Arizona","gfdl-esm4","ssp585",NA,0.232368083143757,30.3413728234138
"2438",3378,"Arizona","gfdl-esm4","ssp585",NA,0.653993966032122,27.805219254331
"2439",3379,"Arizona","gfdl-esm4","ssp585",NA,4.45918202962121,21.3211309498089
"2440",3380,"Arizona","gfdl-esm4","ssp585",NA,0.48039450500523,21.8951013152729
"2441",3381,"Arizona","gfdl-esm4","ssp585",NA,4.55501812209349,19.5142886618748
"2442",3382,"Arizona","gfdl-esm4","ssp585",NA,0.0140473419739434,20.1135711785665
"2443",3383,"Arizona","gfdl-esm4","ssp585",NA,0.000818951561173962,18.6298883990301
"2444",3384,"Arizona","gfdl-esm4","ssp585",NA,0.13064457370668,18.4098580496652
"2445",3385,"Arizona","gfdl-esm4","ssp585",NA,0.042276588300607,17.7225829383667
"2446",3386,"Arizona","gfdl-esm4","ssp585",NA,0.0219340891041293,17.1134462146783
"2447",3387,"Arizona","gfdl-esm4","ssp585",NA,0.37644950522737,9.39282125480259
"2448",3388,"Arizona","gfdl-esm4","ssp585",NA,0.000130715766714416,11.9881074348382
"2449",3389,"Arizona","gfdl-esm4","ssp585",NA,0.257897958925198,10.1264943890867
"2450",3390,"Arizona","gfdl-esm4","ssp585",NA,0.278236794747845,6.91912848741459
"2451",3391,"Arizona","gfdl-esm4","ssp585",NA,0.0844944334863905,7.81268340640064
"2452",3392,"Arizona","gfdl-esm4","ssp585",NA,0.174079938406021,7.10750909894519
"2453",3393,"Arizona","gfdl-esm4","ssp585",NA,0.171825361469407,5.42020370155462
"2454",3394,"Arizona","gfdl-esm4","ssp585",NA,0.41261590464577,5.12448451142247
"2455",3395,"Arizona","gfdl-esm4","ssp585",NA,1.86836901666078,8.50587711454796
"2456",3396,"Arizona","gfdl-esm4","ssp585",NA,2.0739369811233,9.99037715559816
"2457",3397,"Arizona","gfdl-esm4","ssp585",NA,12.7829491541804,8.90718426999795
"2458",3398,"Arizona","gfdl-esm4","ssp585",NA,0.0770813348701357,5.6817925878783
"2459",3399,"Arizona","gfdl-esm4","ssp585",NA,6.78261088222643,7.18819452760797
"2460",3400,"Arizona","gfdl-esm4","ssp585",NA,2.83408465060826,7.92850564023489
"2461",3401,"Arizona","gfdl-esm4","ssp585",NA,1.59373824242562,9.1312379241442
"2462",3402,"Arizona","gfdl-esm4","ssp585",NA,4.44886035140012,7.01398190427221
"2463",3403,"Arizona","gfdl-esm4","ssp585",NA,0.0201905456021292,10.4513361066392
"2464",3404,"Arizona","gfdl-esm4","ssp585",NA,1.12860337726402,8.60176639291643
"2465",3405,"Arizona","gfdl-esm4","ssp585",NA,0.000720343016960461,14.8513140691668
"2466",3406,"Arizona","gfdl-esm4","ssp585",NA,0.249416605807036,15.2134967635163
"2467",3407,"Arizona","gfdl-esm4","ssp585",NA,0.506129061728567,13.2576552746721
"2468",3408,"Arizona","gfdl-esm4","ssp585",NA,0.793178284098751,13.9724225185313
"2469",3409,"Arizona","gfdl-esm4","ssp585",NA,0.0471597869374253,16.9196777652398
"2470",3410,"Arizona","gfdl-esm4","ssp585",NA,0.296262742524669,18.0744976829789
"2471",3411,"Arizona","gfdl-esm4","ssp585",NA,0.329403044803112,24.3961884509447
"2472",3412,"Arizona","gfdl-esm4","ssp585",NA,0.709040655720601,20.7123102817463
"2473",3413,"Arizona","gfdl-esm4","ssp585",NA,0.0107764712651739,23.9021459374506
"2474",3414,"Arizona","gfdl-esm4","ssp585",NA,0.134874650810761,23.8333420706459
"2475",3415,"Arizona","gfdl-esm4","ssp585",NA,0.00105009666853687,22.5389783856842
"2476",3416,"Arizona","gfdl-esm4","ssp585",NA,0.000371807769502986,21.7650595104348
"2477",3417,"Arizona","gfdl-esm4","ssp585",NA,0.00132234470908325,27.5961859971926
"2478",3418,"Arizona","gfdl-esm4","ssp585",NA,0.00214752237157668,29.6385693961239
"2479",3419,"Arizona","gfdl-esm4","ssp585",NA,0.732926468266986,29.8944982941021
"2480",3420,"Arizona","gfdl-esm4","ssp585",NA,0.953490844023504,30.0503293043443
"2481",3421,"Arizona","gfdl-esm4","ssp585",NA,0.590574612654043,29.69041308995
"2482",3422,"Arizona","gfdl-esm4","ssp585",NA,0.615653085981668,30.0225373973437
"2483",3423,"Arizona","gfdl-esm4","ssp585",NA,0.27238946412651,30.1343221671663
"2484",3424,"Arizona","gfdl-esm4","ssp585",NA,0.198916763136657,30.8867351777937
"2485",3425,"Arizona","gfdl-esm4","ssp585",NA,0.176107056942298,31.7552065766114
"2486",3426,"Arizona","gfdl-esm4","ssp585",NA,0.109558769157412,30.9819810406749
"2487",3427,"Arizona","gfdl-esm4","ssp585",NA,0.039382823884306,30.0664422383652
"2488",3428,"Arizona","gfdl-esm4","ssp585",NA,0.296520977224004,29.9584293408882
"2489",3429,"Arizona","gfdl-esm4","ssp585",NA,0.0131047867755032,27.9772611171949
"2490",3430,"Arizona","gfdl-esm4","ssp585",NA,0.0737943529808258,27.5471260774904
"2491",3431,"Arizona","gfdl-esm4","ssp585",NA,0.238267228733772,26.2660886202691
"2492",3432,"Arizona","gfdl-esm4","ssp585",NA,0.0480901178882427,22.8706483245348
"2493",3433,"Arizona","gfdl-esm4","ssp585",NA,0.0174804139335314,23.6306236373188
"2494",3434,"Arizona","gfdl-esm4","ssp585",NA,0.440122379564607,21.1334653215372
"2495",3435,"Arizona","gfdl-esm4","ssp585",NA,0.000276152706196102,21.3926146534993
"2496",3436,"Arizona","gfdl-esm4","ssp585",NA,0.00174581279499323,21.0599571179801
"2497",3437,"Arizona","gfdl-esm4","ssp585",NA,0.202610722267085,14.7486555598629
"2498",3438,"Arizona","gfdl-esm4","ssp585",NA,0.361381374121923,14.165763914781
"2499",3439,"Arizona","gfdl-esm4","ssp585",NA,3.77791101580122,14.4804535027853
"2500",3440,"Arizona","gfdl-esm4","ssp585",NA,0.0949338279286755,6.70674200045929
"2501",3441,"Arizona","gfdl-esm4","ssp585",NA,1.71265942099655,10.5223142447876
"2502",3442,"Arizona","gfdl-esm4","ssp585",NA,1.91826298175804,5.80587679046749
"2503",3443,"Arizona","gfdl-esm4","ssp585",NA,0.000745233563884656,4.87829917010709
"2504",3444,"Arizona","gfdl-esm4","ssp585",NA,1.21578602087534,4.471127932774
"2505",3445,"Arizona","gfdl-esm4","ssp585",NA,1.04351665099227,2.10911310439468
"2506",3446,"Arizona","gfdl-esm4","ssp585",NA,0.0460257134638731,6.29823246508575
"2507",3447,"Arizona","gfdl-esm4","ssp585",NA,0,9.53873231600873
"2508",3448,"Arizona","gfdl-esm4","ssp585",NA,0.000359736187292284,9.38891226555095
"2509",3449,"Arizona","gfdl-esm4","ssp585",NA,0.0238274166354758,7.93124979166257
"2510",3450,"Arizona","gfdl-esm4","ssp585",NA,0.00143745034428207,11.1729098892694
"2511",3451,"Arizona","gfdl-esm4","ssp585",NA,0.0319517618862583,14.7344406957422
"2512",3452,"Arizona","gfdl-esm4","ssp585",NA,2.76750306487523,11.913549133378
"2513",3453,"Arizona","gfdl-esm4","ssp585",NA,0.450762908501713,9.81678842575905
"2514",3454,"Arizona","gfdl-esm4","ssp585",NA,0.0451884863229947,13.2130944793354
"2515",3455,"Arizona","gfdl-esm4","ssp585",NA,0.00431802199285727,11.6283343174063
"2516",3456,"Arizona","gfdl-esm4","ssp585",NA,0.0200065701582023,17.486572990948
"2517",3457,"Arizona","gfdl-esm4","ssp585",NA,1.07857290576894,12.7407777422147
"2518",3458,"Arizona","gfdl-esm4","ssp585",NA,1.14394046824241,13.2612842043794
"2519",3459,"Arizona","gfdl-esm4","ssp585",NA,0.00684256063969308,21.7131296652156
"2520",3460,"Arizona","gfdl-esm4","ssp585",NA,0.281752779461597,17.2299581226296
"2521",3461,"Arizona","gfdl-esm4","ssp585",NA,0.0332629056679246,18.698208730049
"2522",3462,"Arizona","gfdl-esm4","ssp585",NA,0.672547885504555,19.1981862759018
"2523",3463,"Arizona","gfdl-esm4","ssp585",NA,0.00121161289944407,21.7782503959955
"2524",3464,"Arizona","gfdl-esm4","ssp585",NA,0.0464060290952399,24.376962376726
"2525",3465,"Arizona","gfdl-esm4","ssp585",NA,0.00418132596158623,23.0114255266154
"2526",3466,"Arizona","gfdl-esm4","ssp585",NA,0.715605043078816,22.0503698915658
"2527",3467,"Arizona","gfdl-esm4","ssp585",NA,0.810233187031325,25.1256900907919
"2528",3468,"Arizona","gfdl-esm4","ssp585",NA,0.23343874572088,25.8206019655944
"2529",3469,"Arizona","gfdl-esm4","ssp585",NA,0.0406357558501283,31.1497542621212
"2530",3470,"Arizona","gfdl-esm4","ssp585",NA,0.129825931549395,27.1326153433278
"2531",3471,"Arizona","gfdl-esm4","ssp585",NA,0.240134310542573,26.2716362992973
"2532",3472,"Arizona","gfdl-esm4","ssp585",NA,0.0390185130743406,30.1584238778174
"2533",3473,"Arizona","gfdl-esm4","ssp585",NA,1.30963754867441,30.6415831516425
"2534",3474,"Arizona","gfdl-esm4","ssp585",NA,1.24883623202078,31.2430538288411
"2535",3475,"Arizona","gfdl-esm4","ssp585",NA,1.0130593257456,30.8009205197263
"2536",3476,"Arizona","gfdl-esm4","ssp585",NA,2.65388389181448,28.4276372974652
"2537",3477,"Arizona","gfdl-esm4","ssp585",NA,0.72489594712525,27.1287774588758
"2538",3478,"Arizona","gfdl-esm4","ssp585",NA,0.0140553076463472,28.2677617628867
"2539",3479,"Arizona","gfdl-esm4","ssp585",NA,0.0381572762736645,28.9895616302298
"2540",3480,"Arizona","gfdl-esm4","ssp585",NA,0.244493952226257,29.2372449178009
"2541",3481,"Arizona","gfdl-esm4","ssp585",NA,0.0543814405068042,31.0228478587232
"2542",3482,"Arizona","gfdl-esm4","ssp585",NA,4.61293738116264,24.9996182331997
"2543",3483,"Arizona","gfdl-esm4","ssp585",NA,0.0432674147525841,23.0791995505467
"2544",3484,"Arizona","gfdl-esm4","ssp585",NA,0.00127302878900542,24.6947336614057
"2545",3485,"Arizona","gfdl-esm4","ssp585",NA,1.35711133504724,21.4215594382112
"2546",3486,"Arizona","gfdl-esm4","ssp585",NA,0.120217626475047,18.5672673318239
"2547",3487,"Arizona","gfdl-esm4","ssp585",NA,0.172289768063356,17.3841487841118
"2548",3488,"Arizona","gfdl-esm4","ssp585",NA,0.194205843294594,16.743490218634
"2549",3489,"Arizona","gfdl-esm4","ssp585",NA,0.000661346068259625,16.2997871254247
"2550",3490,"Arizona","gfdl-esm4","ssp585",NA,5.15113889861993,15.5492118439994
"2551",3491,"Arizona","gfdl-esm4","ssp585",NA,0.40803067768713,9.9802677738079
"2552",3492,"Arizona","gfdl-esm4","ssp585",NA,2.3767213892037,10.6871598621084
"2553",3493,"Arizona","gfdl-esm4","ssp585",NA,3.82715315216635,8.17511907642622
"2554",3494,"Arizona","gfdl-esm4","ssp585",NA,0.0405128640802291,6.53552611841718
"2555",3495,"Arizona","gfdl-esm4","ssp585",NA,0.00739789467358147,9.13410094366063
"2556",3496,"Arizona","gfdl-esm4","ssp585",NA,3.47715023590158,4.49872272939962
"2557",3497,"Arizona","gfdl-esm4","ssp585",NA,2.17442036907786,7.50078638899042
"2558",3498,"Arizona","gfdl-esm4","ssp585",NA,0.960178787098387,9.72446098472317
"2559",3499,"Arizona","gfdl-esm4","ssp585",NA,0.517826594258198,7.05381139473128
"2560",3500,"Arizona","gfdl-esm4","ssp585",NA,0.0300012587987042,5.22245531238891
"2561",3501,"Arizona","gfdl-esm4","ssp585",NA,1.80527632177779,8.69680360970096
"2562",3502,"Arizona","gfdl-esm4","ssp585",NA,0.00847906670091228,8.48502326897817
"2563",3503,"Arizona","gfdl-esm4","ssp585",NA,1.57266299335964,6.9683327386714
"2564",3504,"Arizona","gfdl-esm4","ssp585",NA,0.0238770027561962,6.65802371559194
"2565",3505,"Arizona","gfdl-esm4","ssp585",NA,2.41277703555306,9.23867388121249
"2566",3506,"Arizona","gfdl-esm4","ssp585",NA,0.988664746350493,10.1858563641381
"2567",3507,"Arizona","gfdl-esm4","ssp585",NA,3.40119246692989,9.45630950734832
"2568",3508,"Arizona","gfdl-esm4","ssp585",NA,0.426823040428628,8.7517444326061
"2569",3509,"Arizona","gfdl-esm4","ssp585",NA,0.789337418310699,11.474999884257
"2570",3510,"Arizona","gfdl-esm4","ssp585",NA,0.844469669934109,12.9196501798184
"2571",3511,"Arizona","gfdl-esm4","ssp585",NA,0.74757942958425,12.8266160890215
"2572",3512,"Arizona","gfdl-esm4","ssp585",NA,0.0276414567611688,12.4386290269314
"2573",3513,"Arizona","gfdl-esm4","ssp585",NA,0.0243309088283929,19.7062006317409
"2574",3514,"Arizona","gfdl-esm4","ssp585",NA,0.708791688025365,16.2789497153648
"2575",3515,"Arizona","gfdl-esm4","ssp585",NA,0.0823688471874009,15.9527825472479
"2576",3516,"Arizona","gfdl-esm4","ssp585",NA,0.00284980838834976,23.0076340165362
"2577",3517,"Arizona","gfdl-esm4","ssp585",NA,0.0344548971378711,20.6147508700789
"2578",3518,"Arizona","gfdl-esm4","ssp585",NA,0.825376184874851,22.9406153315992
"2579",3519,"Arizona","gfdl-esm4","ssp585",NA,0.00432088996424483,20.7625778641924
"2580",3520,"Arizona","gfdl-esm4","ssp585",NA,0.00300386645317528,24.6817041987867
"2581",3521,"Arizona","gfdl-esm4","ssp585",NA,0.002229053562126,27.5949422997862
"2582",3522,"Arizona","gfdl-esm4","ssp585",NA,0.0564984542591949,28.6606047079325
"2583",3523,"Arizona","gfdl-esm4","ssp585",NA,0.2395577164903,28.7152060951204
"2584",3524,"Arizona","gfdl-esm4","ssp585",NA,0.0531586690497485,27.9172935360452
"2585",3525,"Arizona","gfdl-esm4","ssp585",NA,0.00422997081944941,28.9093250530258
"2586",3526,"Arizona","gfdl-esm4","ssp585",NA,0.0107267918365059,30.0487795437935
"2587",3527,"Arizona","gfdl-esm4","ssp585",NA,0.00558752734511729,29.380012128326
"2588",3528,"Arizona","gfdl-esm4","ssp585",NA,2.79212336840202,29.7915266227481
"2589",3529,"Arizona","gfdl-esm4","ssp585",NA,0.040895467805259,29.2019662888403
"2590",3530,"Arizona","gfdl-esm4","ssp585",NA,0.0205628690240834,29.7546605010099
"2591",3531,"Arizona","gfdl-esm4","ssp585",NA,4.81855513020843,29.3097963894966
"2592",3532,"Arizona","gfdl-esm4","ssp585",NA,6.74445674115692,24.3410452706473
"2593",3533,"Arizona","gfdl-esm4","ssp585",NA,0.471913158356783,26.5746815600679
"2594",3534,"Arizona","gfdl-esm4","ssp585",NA,0.962985812985664,27.5143741959718
"2595",3535,"Arizona","gfdl-esm4","ssp585",NA,0.118319112355501,27.3207056327656
"2596",3536,"Arizona","gfdl-esm4","ssp585",NA,0.00857611306345175,26.366558698999
"2597",3537,"Arizona","gfdl-esm4","ssp585",NA,0.000560777249987243,26.1956844132107
"2598",3538,"Arizona","gfdl-esm4","ssp585",NA,0.00150567083450284,24.0140812117894
"2599",3539,"Arizona","gfdl-esm4","ssp585",NA,0.0661547950199039,19.9979803922053
"2600",3540,"Arizona","gfdl-esm4","ssp585",NA,0.00521600206995776,19.268876792628
"2601",3541,"Arizona","gfdl-esm4","ssp585",NA,0.163010722533154,17.3164514592264
"2602",3542,"Arizona","gfdl-esm4","ssp585",NA,1.81192244799075,15.2640974929752
"2603",3543,"Arizona","gfdl-esm4","ssp585",NA,0.751157064873071,13.723188004331
"2604",3544,"Arizona","gfdl-esm4","ssp585",NA,3.23732699225005,10.6303098965535
"2605",3545,"Arizona","gfdl-esm4","ssp585",NA,0.342336527227292,11.6606464140033
"2606",3546,"Arizona","gfdl-esm4","ssp585",NA,1.57129934679536,8.97414415747721
"2607",3547,"Arizona","gfdl-esm4","ssp585",NA,0.00301225081922628,5.95118409746368
"2608",3548,"Arizona","gfdl-esm4","ssp585",NA,0.00218345714469488,6.37627686935793
"2609",3549,"Arizona","gfdl-esm4","ssp585",NA,0.617840323737395,5.24882840278329
"2610",3550,"Arizona","gfdl-esm4","ssp585",NA,0.000643458969501206,6.1913217498741
"2611",3551,"Arizona","gfdl-esm4","ssp585",NA,0.0104743598260487,7.92685734378706
"2612",3552,"Arizona","gfdl-esm4","ssp585",NA,0.122845893855892,6.72190939111145
"2613",3553,"Arizona","gfdl-esm4","ssp585",NA,2.84192132658776,6.92159605158869
"2614",3554,"Arizona","gfdl-esm4","ssp585",NA,1.0200995644875,0.889401781393235
"2615",3555,"Arizona","gfdl-esm4","ssp585",NA,0.0015041408275549,7.80899552491163
"2616",3556,"Arizona","gfdl-esm4","ssp585",NA,0.00742732558224889,11.7613480559493
"2617",3557,"Arizona","gfdl-esm4","ssp585",NA,0.283576699763221,12.9889640489812
"2618",3558,"Arizona","gfdl-esm4","ssp585",NA,0.519793650304778,9.61442621088814
"2619",3559,"Arizona","gfdl-esm4","ssp585",NA,0.408768653037631,11.4076757534717
"2620",3560,"Arizona","gfdl-esm4","ssp585",NA,0.551820833114247,12.6467748437006
"2621",3561,"Arizona","gfdl-esm4","ssp585",NA,4.82553421694071,10.9117896464622
"2622",3562,"Arizona","gfdl-esm4","ssp585",NA,1.44070669740921,14.1343031853099
"2623",3563,"Arizona","gfdl-esm4","ssp585",NA,0.232453825013764,16.8026218650616
"2624",3564,"Arizona","gfdl-esm4","ssp585",NA,0.00394543383412747,23.3991623137
"2625",3565,"Arizona","gfdl-esm4","ssp585",NA,0.00377771885848961,21.3063539603869
"2626",3566,"Arizona","gfdl-esm4","ssp585",NA,0.00818421670381984,20.3879215438206
"2627",3567,"Arizona","gfdl-esm4","ssp585",NA,0.671651963107361,21.8777921384867
"2628",3568,"Arizona","gfdl-esm4","ssp585",NA,0.490903216424088,20.3872645478182
"2629",3569,"Arizona","gfdl-esm4","ssp585",NA,0.94219917912294,21.5587335598605
"2630",3570,"Arizona","gfdl-esm4","ssp585",NA,0.00161122563012859,22.7994336462202
"2631",3571,"Arizona","gfdl-esm4","ssp585",NA,0.00360000847077042,23.1699987592348
"2632",3572,"Arizona","gfdl-esm4","ssp585",NA,0.00361980772430419,25.5354281226543
"2633",3573,"Arizona","gfdl-esm4","ssp585",NA,0.25233874366263,27.745833243311
"2634",3574,"Arizona","gfdl-esm4","ssp585",NA,1.06331702146464,26.6335829936147
"2635",3575,"Arizona","gfdl-esm4","ssp585",NA,3.0481177981849,27.4762788061246
"2636",3576,"Arizona","gfdl-esm4","ssp585",NA,0.306285819704605,30.3067366839962
"2637",3577,"Arizona","gfdl-esm4","ssp585",NA,4.71374997093062,27.6570144363963
"2638",3578,"Arizona","gfdl-esm4","ssp585",NA,3.27451045871439,28.7997441461807
"2639",3579,"Arizona","gfdl-esm4","ssp585",NA,0.178480275828197,29.3275119786317
"2640",3580,"Arizona","gfdl-esm4","ssp585",NA,1.36620909511943,29.7799819116798
"2641",3581,"Arizona","gfdl-esm4","ssp585",NA,0.785849172519844,30.2327539340283
"2642",3582,"Arizona","gfdl-esm4","ssp585",NA,0.0285444184196933,29.2513717786401
"2643",3583,"Arizona","gfdl-esm4","ssp585",NA,0.0174153915936994,28.9699336576402
"2644",3584,"Arizona","gfdl-esm4","ssp585",NA,1.16875622225282,28.8423827970676
"2645",3585,"Arizona","gfdl-esm4","ssp585",NA,0.452477198037412,26.914675621679
"2646",3586,"Arizona","gfdl-esm4","ssp585",NA,1.45449971817858,24.6230375692606
"2647",3587,"Arizona","gfdl-esm4","ssp585",NA,0.0870372736042097,25.2633235193535
"2648",3588,"Arizona","gfdl-esm4","ssp585",NA,5.55578753040826,23.8712965626482
"2649",3589,"Arizona","gfdl-esm4","ssp585",NA,3.17084833406186,18.2774011122442
"2650",3590,"Arizona","gfdl-esm4","ssp585",NA,1.40945932341486,18.4565853615627
"2651",3591,"Arizona","gfdl-esm4","ssp585",NA,2.19505817439256,19.1884170628679
"2652",3592,"Arizona","gfdl-esm4","ssp585",NA,0.00581910660638745,18.5178803609084
"2653",3593,"Arizona","gfdl-esm4","ssp585",NA,0.0499609701254153,18.0837891087972
"2654",3594,"Arizona","gfdl-esm4","ssp585",NA,0.0528092778378489,17.8889832931885
"2655",3595,"Arizona","gfdl-esm4","ssp585",NA,0.0389551121743042,8.57466952279307
"2656",3596,"Arizona","gfdl-esm4","ssp585",NA,0.0014766805991295,7.1987552300416
"2657",3597,"Arizona","gfdl-esm4","ssp585",NA,0.0153586355897452,8.92426520153487
"2658",3598,"Arizona","gfdl-esm4","ssp585",NA,0.0010200155472747,10.7052993407895
"2659",3599,"Arizona","gfdl-esm4","ssp585",NA,0.0115536941562103,9.18183981103333
"2660",3600,"Arizona","gfdl-esm4","ssp585",NA,1.26185583227869,8.27918984356483
"2661",3601,"Arizona","gfdl-esm4","ssp585",NA,8.71346169069362,9.47859717753687
"2662",3602,"Arizona","gfdl-esm4","ssp585",NA,0.861903646312715,12.3566876706824
"2663",3603,"Arizona","gfdl-esm4","ssp585",NA,0.007818512831283,9.39144834959705
"2664",3604,"Arizona","gfdl-esm4","ssp585",NA,0.422262043882432,8.81073726456327
"2665",3605,"Arizona","gfdl-esm4","ssp585",NA,1.4739976346522,9.19268373665408
"2666",3606,"Arizona","gfdl-esm4","ssp585",NA,0.196880883115742,12.7027967064782
"2667",3607,"Arizona","gfdl-esm4","ssp585",NA,2.4936017707701,9.12011513499034
"2668",3608,"Arizona","gfdl-esm4","ssp585",NA,1.02452355074314,7.52257165727968
"2669",3609,"Arizona","gfdl-esm4","ssp585",NA,1.57086937937752,8.8973785979106
"2670",3610,"Arizona","gfdl-esm4","ssp585",NA,10.4421539738559,10.4916048418858
"2671",3611,"Arizona","gfdl-esm4","ssp585",NA,1.53081446547551,7.63487109776244
"2672",3612,"Arizona","gfdl-esm4","ssp585",NA,4.67266265279615,8.53574660888365
"2673",3613,"Arizona","gfdl-esm4","ssp585",NA,2.19103665515448,7.95013407672253
"2674",3614,"Arizona","gfdl-esm4","ssp585",NA,0.541510293582162,7.02341287760007
"2675",3615,"Arizona","gfdl-esm4","ssp585",NA,0.0117299203589574,15.0581366344891
"2676",3616,"Arizona","gfdl-esm4","ssp585",NA,1.74560792847854,13.7130770407193
"2677",3617,"Arizona","gfdl-esm4","ssp585",NA,0.406690178919713,15.2905210087483
"2678",3618,"Arizona","gfdl-esm4","ssp585",NA,0.00467749551715984,20.4672569072352
"2679",3619,"Arizona","gfdl-esm4","ssp585",NA,0.855378366930487,18.1091811998756
"2680",3620,"Arizona","gfdl-esm4","ssp585",NA,0.380779905735168,19.0056776507314
"2681",3621,"Arizona","gfdl-esm4","ssp585",NA,2.08292918565479,20.7504242676399
"2682",3622,"Arizona","gfdl-esm4","ssp585",NA,3.17791745777277,18.6004836515289
"2683",3623,"Arizona","gfdl-esm4","ssp585",NA,1.22229274092931,19.774423507131
"2684",3624,"Arizona","gfdl-esm4","ssp585",NA,0.00118251506314382,21.9738166818727
"2685",3625,"Arizona","gfdl-esm4","ssp585",NA,0.0448662865793519,24.8024605192819
"2686",3626,"Arizona","gfdl-esm4","ssp585",NA,1.43943715851625,25.8127624203071
"2687",3627,"Arizona","gfdl-esm4","ssp585",NA,4.75372054088059,24.5828958426957
"2688",3628,"Arizona","gfdl-esm4","ssp585",NA,0.037490949244875,29.3630895332501
"2689",3629,"Arizona","gfdl-esm4","ssp585",NA,0.0714286780064675,30.38445384415
"2690",3630,"Arizona","gfdl-esm4","ssp585",NA,2.93061331360906,28.9866730700854
"2691",3631,"Arizona","gfdl-esm4","ssp585",NA,1.32424351266357,27.7415003645134
"2692",3632,"Arizona","gfdl-esm4","ssp585",NA,0.800489947650287,28.3761936501215
"2693",3633,"Arizona","gfdl-esm4","ssp585",NA,1.49372792705616,29.0505783447575
"2694",3634,"Arizona","gfdl-esm4","ssp585",NA,0.104773154291709,29.8427294860146
"2695",3635,"Arizona","gfdl-esm4","ssp585",NA,0.0450334844496466,29.0131348968005
"2696",3636,"Arizona","gfdl-esm4","ssp585",NA,0.227339058850572,27.3231765149065
"2697",3637,"Arizona","gfdl-esm4","ssp585",NA,2.29664965045139,26.2746081172591
"2698",3638,"Arizona","gfdl-esm4","ssp585",NA,1.01510361157824,24.9134183437574
"2699",3639,"Arizona","gfdl-esm4","ssp585",NA,0.338459059987418,25.2913994983234
"2700",3640,"Arizona","gfdl-esm4","ssp585",NA,0.543735477819923,23.9700903736988
"2701",3641,"Arizona","gfdl-esm4","ssp585",NA,1.63079686628359,21.3809594850022
"2702",3642,"Arizona","gfdl-esm4","ssp585",NA,0.156410116690526,20.533332325083
"2703",3643,"Arizona","gfdl-esm4","ssp585",NA,0.00546988015491459,21.8720089223985
"2704",3644,"Arizona","gfdl-esm4","ssp585",NA,0.00414664793997492,20.326870646519
"2705",3645,"Arizona","gfdl-esm4","ssp585",NA,0.000975968558355246,17.6332597619212
"2706",3646,"Arizona","gfdl-esm4","ssp585",NA,0.0310942957498931,15.4049192175401
"2707",3647,"Arizona","gfdl-esm4","ssp585",NA,1.70483629591642,14.5134560065384
"2708",3648,"Arizona","gfdl-esm4","ssp585",NA,2.12322312507541,15.0086518607158
"2709",3649,"Arizona","gfdl-esm4","ssp585",NA,1.05983713530342,13.0574230787275
"2710",3650,"Arizona","gfdl-esm4","ssp585",NA,2.56479323570958,8.15671643668272
"2711",3651,"Arizona","gfdl-esm4","ssp585",NA,1.91145365944824,8.099520167991
"2712",3652,"Arizona","gfdl-esm4","ssp585",NA,0.00350157321806701,6.53817725103214
"2713",3653,"Arizona","gfdl-esm4","ssp585",NA,0.00121031778910702,8.01324014579303
"2714",3654,"Arizona","gfdl-esm4","ssp585",NA,3.36309044398676,10.1476521758455
"2715",3655,"Arizona","gfdl-esm4","ssp585",NA,0.000742332697533985,4.35935045476209
"2716",3656,"Arizona","gfdl-esm4","ssp585",NA,1.56828757566641,6.7796300142966
"2717",3657,"Arizona","gfdl-esm4","ssp585",NA,0.049995853489084,10.4051658659307
"2718",3658,"Arizona","gfdl-esm4","ssp585",NA,0.00206912698124255,7.71187319749528
"2719",3659,"Arizona","gfdl-esm4","ssp585",NA,0.524912471625902,11.3236304204775
"2720",3660,"Arizona","gfdl-esm4","ssp585",NA,2.05193336278378,7.78618319158158
"2721",3661,"Arizona","gfdl-esm4","ssp585",NA,1.04143848343454,8.07849737618276
"2722",3662,"Arizona","gfdl-esm4","ssp585",NA,3.06668382820685,8.96580429366508
"2723",3663,"Arizona","gfdl-esm4","ssp585",NA,1.53055526569583,6.75133439364237
"2724",3664,"Arizona","gfdl-esm4","ssp585",NA,0.0063768573086644,11.5302381667416
"2725",3665,"Arizona","gfdl-esm4","ssp585",NA,0.664275862768688,15.4039483650295
"2726",3666,"Arizona","gfdl-esm4","ssp585",NA,1.21610645482134,11.1316119284455
"2727",3667,"Arizona","gfdl-esm4","ssp585",NA,0.00571769029266679,17.7946518002208
"2728",3668,"Arizona","gfdl-esm4","ssp585",NA,0.0981254294630115,14.6260532538297
"2729",3669,"Arizona","gfdl-esm4","ssp585",NA,0.0381292167956224,16.3083885684779
"2730",3670,"Arizona","gfdl-esm4","ssp585",NA,2.2501852982016,16.6769328468217
"2731",3671,"Arizona","gfdl-esm4","ssp585",NA,0.0082547401394876,19.0550572912552
"2732",3672,"Arizona","gfdl-esm4","ssp585",NA,0.0209199086936521,23.9575602650793
"2733",3673,"Arizona","gfdl-esm4","ssp585",NA,1.99313995377203,21.1765071053873
"2734",3674,"Arizona","gfdl-esm4","ssp585",NA,1.5786328664235,20.6697484070673
"2735",3675,"Arizona","gfdl-esm4","ssp585",NA,0.0138784127656184,21.1700923181816
"2736",3676,"Arizona","gfdl-esm4","ssp585",NA,0.0683609972372074,22.3128748067863
"2737",3677,"Arizona","gfdl-esm4","ssp585",NA,0.0467290056269246,25.1763500420996
"2738",3678,"Arizona","gfdl-esm4","ssp585",NA,0.00335423860305761,26.0611263926201
"2739",3679,"Arizona","gfdl-esm4","ssp585",NA,0.0144972165815215,30.1238246990064
"2740",3680,"Arizona","gfdl-esm4","ssp585",NA,1.55954571833239,28.49340480028
"2741",3681,"Arizona","gfdl-esm4","ssp585",NA,0.124958315675086,28.407951414781
"2742",3682,"Arizona","gfdl-esm4","ssp585",NA,1.97026218472002,27.4488151849296
"2743",3683,"Arizona","gfdl-esm4","ssp585",NA,0.330893976819041,30.1710069195811
"2744",3684,"Arizona","gfdl-esm4","ssp585",NA,1.13205167402832,30.1779678595503
"2745",3685,"Arizona","gfdl-esm4","ssp585",NA,2.81648917160874,28.4412744881381
"2746",3686,"Arizona","gfdl-esm4","ssp585",NA,0.6813581342609,29.1303464713501
"2747",3687,"Arizona","gfdl-esm4","ssp585",NA,0.563967351975691,28.9350400285685
"2748",3688,"Arizona","gfdl-esm4","ssp585",NA,0.091780313794472,29.8067911218
"2749",3689,"Arizona","gfdl-esm4","ssp585",NA,0.0298793371383967,26.3960281082713
"2750",3690,"Arizona","gfdl-esm4","ssp585",NA,2.10414837874552,24.0687699849627
"2751",3691,"Arizona","gfdl-esm4","ssp585",NA,0.00959015138855033,23.8284992666522
"2752",3692,"Arizona","gfdl-esm4","ssp585",NA,4.35127860770189,22.8592891109578
"2753",3693,"Arizona","gfdl-esm4","ssp585",NA,0.391089848178348,19.9866976461881
"2754",3694,"Arizona","gfdl-esm4","ssp585",NA,2.09407209509898,19.950838450204
"2755",3695,"Arizona","gfdl-esm4","ssp585",NA,0.111341687644646,18.4011563731506
"2756",3696,"Arizona","gfdl-esm4","ssp585",NA,0.00130551588686178,20.825543189742
"2757",3697,"Arizona","gfdl-esm4","ssp585",NA,1.69025893143405,14.6428342180216
"2758",3698,"Arizona","gfdl-esm4","ssp585",NA,0.0394925706580622,15.7272691034638
"2759",3699,"Arizona","gfdl-esm4","ssp585",NA,0.0069797584526438,10.9000784583399
"2760",3700,"Arizona","gfdl-esm4","ssp585",NA,0.104071409011504,8.20950108273746
"2761",3701,"Arizona","gfdl-esm4","ssp585",NA,0.106510131616339,8.9759760223659
"2762",3702,"Arizona","gfdl-esm4","ssp585",NA,0.00509779283410561,11.1658100576678
"2763",3703,"Arizona","gfdl-esm4","ssp585",NA,5.20749781386124,8.4879153785754
"2764",3704,"Arizona","gfdl-esm4","ssp585",NA,0.11258846852556,6.05735621783889
"2765",3705,"Arizona","gfdl-esm4","ssp585",NA,6.06421925517639,5.78770455650978
"2766",3706,"Arizona","gfdl-esm4","ssp585",NA,0.269890551612115,5.35280005530976
"2767",3707,"Arizona","gfdl-esm4","ssp585",NA,0.0320833811158045,6.18076509844641
"2768",3708,"Arizona","gfdl-esm4","ssp585",NA,0.00192478379617989,11.7702177913391
"2769",3709,"Arizona","gfdl-esm4","ssp585",NA,0.642559807515158,11.8623416018094
"2770",3710,"Arizona","gfdl-esm4","ssp585",NA,2.65441113536288,9.46201116318349
"2771",3711,"Arizona","gfdl-esm4","ssp585",NA,2.26998581868196,8.87229611942954
"2772",3712,"Arizona","gfdl-esm4","ssp585",NA,0.00281430013214286,8.81973701795346
"2773",3713,"Arizona","gfdl-esm4","ssp585",NA,2.66493896255518,5.85310009981681
"2774",3714,"Arizona","gfdl-esm4","ssp585",NA,3.53803411628003,7.17482763548418
"2775",3715,"Arizona","gfdl-esm4","ssp585",NA,0.272270622621899,10.1976073678616
"2776",3716,"Arizona","gfdl-esm4","ssp585",NA,4.06880436874419,9.42893145883131
"2777",3717,"Arizona","gfdl-esm4","ssp585",NA,0.147128807058004,9.68462948805164
"2778",3718,"Arizona","gfdl-esm4","ssp585",NA,1.58741581941382,11.1511816437115
"2779",3719,"Arizona","gfdl-esm4","ssp585",NA,0.222465781789122,10.4553827143499
"2780",3720,"Arizona","gfdl-esm4","ssp585",NA,0.178812825452295,14.4705294255813
"2781",3721,"Arizona","gfdl-esm4","ssp585",NA,0.0993112684075752,18.491802993948
"2782",3722,"Arizona","gfdl-esm4","ssp585",NA,2.37809697764544,15.0656948084777
"2783",3723,"Arizona","gfdl-esm4","ssp585",NA,0.19037863549771,16.0223366989348
"2784",3724,"Arizona","gfdl-esm4","ssp585",NA,0.0323970309009716,19.8451445414354
"2785",3725,"Arizona","gfdl-esm4","ssp585",NA,0.0549809943368248,19.7153294000252
"2786",3726,"Arizona","gfdl-esm4","ssp585",NA,0.421157611216967,24.1856814764242
"2787",3727,"Arizona","gfdl-esm4","ssp585",NA,1.01898261219031,21.963632414344
"2788",3728,"Arizona","gfdl-esm4","ssp585",NA,0.0217041967869697,25.4486954680587
"2789",3729,"Arizona","gfdl-esm4","ssp585",NA,0.999768864039997,26.7839214956715
"2790",3730,"Arizona","gfdl-esm4","ssp585",NA,0.0665555097877331,25.9058381785937
"2791",3731,"Arizona","gfdl-esm4","ssp585",NA,0.167810428177965,28.1444447822426
"2792",3732,"Arizona","gfdl-esm4","ssp585",NA,0.0313727374438394,27.7332992380097
"2793",3733,"Arizona","gfdl-esm4","ssp585",NA,0.0541036702351909,30.2769766825641
"2794",3734,"Arizona","gfdl-esm4","ssp585",NA,0.0904794376372261,29.8626193850743
"2795",3735,"Arizona","gfdl-esm4","ssp585",NA,0.624413529131271,31.8783382140882
"2796",3736,"Arizona","gfdl-esm4","ssp585",NA,0.33787225812765,30.5831859333024
"2797",3737,"Arizona","gfdl-esm4","ssp585",NA,0.602667073890166,29.6535916450202
"2798",3738,"Arizona","gfdl-esm4","ssp585",NA,0.111878567865004,29.8341427423258
"2799",3739,"Arizona","gfdl-esm4","ssp585",NA,0.0692038206942225,29.798717351207
"2800",3740,"Arizona","gfdl-esm4","ssp585",NA,0.105331266739237,31.4209586933199
"2801",3741,"Arizona","gfdl-esm4","ssp585",NA,4.67732032513052,28.9117382565582
"2802",3742,"Arizona","gfdl-esm4","ssp585",NA,1.02928506582008,29.1678954383667
"2803",3743,"Arizona","gfdl-esm4","ssp585",NA,0.111398271240532,28.46357222797
"2804",3744,"Arizona","gfdl-esm4","ssp585",NA,0.0255197790022076,25.2222476308174
"2805",3745,"Arizona","gfdl-esm4","ssp585",NA,0.00173657361936285,22.0815345503739
"2806",3746,"Arizona","gfdl-esm4","ssp585",NA,3.8598486908502,21.0294792782944
"2807",3747,"Arizona","gfdl-esm4","ssp585",NA,0.000909122839169289,23.1225495580777
"2808",3748,"Arizona","gfdl-esm4","ssp585",NA,0.00505085826596668,22.8211088814718
"2809",3749,"Arizona","gfdl-esm4","ssp585",NA,0.0018288279221571,19.5404813088901
"2810",3750,"Arizona","gfdl-esm4","ssp585",NA,0.00130227983710441,17.2553398354165
"2811",3751,"Arizona","gfdl-esm4","ssp585",NA,0.0021364589970123,18.8967145030025
"2812",3752,"Arizona","gfdl-esm4","ssp585",NA,0.0257924440103158,12.9971132454468
"2813",3753,"Arizona","gfdl-esm4","ssp585",NA,0.137603780630643,12.7553190016717
"2814",3754,"Arizona","gfdl-esm4","ssp585",NA,1.12278052205989,10.4842828608343
"2815",3755,"Arizona","gfdl-esm4","ssp585",NA,0.0032260491421909,8.45669624338261
"2816",3756,"Arizona","gfdl-esm4","ssp585",NA,0.723445342632848,7.04668779722812
"2817",3757,"Arizona","gfdl-esm4","ssp585",NA,2.15058603518672,6.85771535301934
"2818",3758,"Arizona","gfdl-esm4","ssp585",NA,1.99993341107333,11.0845454123168
"2819",3759,"Arizona","gfdl-esm4","ssp585",NA,0.0168157592950974,11.3639092639484
"2820",3760,"Arizona","gfdl-esm4","ssp585",NA,0.00113400541115393,13.1945267900354
"2821",3761,"Arizona","gfdl-esm4","ssp585",NA,2.67991725457333,12.6644746532031
"2822",3762,"Arizona","gfdl-esm4","ssp585",NA,2.4223960275912,9.98800882177922
"2823",3763,"Arizona","gfdl-esm4","ssp585",NA,1.40480811225227,7.84742776554848
"2824",3764,"Arizona","gfdl-esm4","ssp585",NA,0.329790551131852,5.51020347315505
"2825",3765,"Arizona","gfdl-esm4","ssp585",NA,1.94196877154608,9.21180016364523
"2826",3766,"Arizona","gfdl-esm4","ssp585",NA,0.0498019352352137,5.848672118832
"2827",3767,"Arizona","gfdl-esm4","ssp585",NA,0.51628473563628,7.46472811499982
"2828",3768,"Arizona","gfdl-esm4","ssp585",NA,0.63661496573005,11.0436474979753
"2829",3769,"Arizona","gfdl-esm4","ssp585",NA,0.0720579411415987,14.5505948960103
"2830",3770,"Arizona","gfdl-esm4","ssp585",NA,0.0284228030588045,14.9522908708691
"2831",3771,"Arizona","gfdl-esm4","ssp585",NA,1.3393348023446,14.1230514198429
"2832",3772,"Arizona","gfdl-esm4","ssp585",NA,0.0177232907829934,18.5207608190409
"2833",3773,"Arizona","gfdl-esm4","ssp585",NA,0.0941870770613338,19.5174636860111
"2834",3774,"Arizona","gfdl-esm4","ssp585",NA,0.00660816363735842,17.1555325012593
"2835",3775,"Arizona","gfdl-esm4","ssp585",NA,0.00218454405686223,21.0533298651579
"2836",3776,"Arizona","gfdl-esm4","ssp585",NA,0.0183419645588612,21.4873638630516
"2837",3777,"Arizona","gfdl-esm4","ssp585",NA,1.36055939942334,19.0095793095913
"2838",3778,"Arizona","gfdl-esm4","ssp585",NA,0.163648623570185,19.4931986233679
"2839",3779,"Arizona","gfdl-esm4","ssp585",NA,0.0842601406079764,21.9677611224419
"2840",3780,"Arizona","gfdl-esm4","ssp585",NA,0.144141223288705,26.764340900561
"2841",3781,"Arizona","gfdl-esm4","ssp585",NA,0.0231681820413773,29.3239298862694
"2842",3782,"Arizona","gfdl-esm4","ssp585",NA,0.00871406143788243,28.608334771119
"2843",3783,"Arizona","gfdl-esm4","ssp585",NA,0.148575322851781,30.1659424676907
"2844",3784,"Arizona","gfdl-esm4","ssp585",NA,0.342988986961552,32.1779350271117
"2845",3785,"Arizona","gfdl-esm4","ssp585",NA,0.0989080833385354,30.9534295507689
"2846",3786,"Arizona","gfdl-esm4","ssp585",NA,1.71858712769727,30.9051552175722
"2847",3787,"Arizona","gfdl-esm4","ssp585",NA,0.327870390499836,31.5240308682024
"2848",3788,"Arizona","gfdl-esm4","ssp585",NA,0.0762317733350423,32.0232817407505
"2849",3789,"Arizona","gfdl-esm4","ssp585",NA,0.683165205809606,30.320724614622
"2850",3790,"Arizona","gfdl-esm4","ssp585",NA,4.28797351769149,27.8889991499832
"2851",3791,"Arizona","gfdl-esm4","ssp585",NA,0.0479906511319507,31.1602844469768
"2852",3792,"Arizona","gfdl-esm4","ssp585",NA,0.163441754722077,30.7873054359716
"2853",3793,"Arizona","gfdl-esm4","ssp585",NA,0.0314154842931806,29.5754168755185
"2854",3794,"Arizona","gfdl-esm4","ssp585",NA,0.0628645768200612,27.5256082913366
"2855",3795,"Arizona","gfdl-esm4","ssp585",NA,0.843526609390057,26.2374185709224
"2856",3796,"Arizona","gfdl-esm4","ssp585",NA,0.00201445650872636,27.0163501995101
"2857",3797,"Arizona","gfdl-esm4","ssp585",NA,2.22417066433715,23.5690800605321
"2858",3798,"Arizona","gfdl-esm4","ssp585",NA,0.60236781658891,19.2140535260573
"2859",3799,"Arizona","gfdl-esm4","ssp585",NA,0.55692958663947,19.4848863835582
"2860",3800,"Arizona","gfdl-esm4","ssp585",NA,0.000452351763458303,17.9498259302036
"2861",3801,"Arizona","gfdl-esm4","ssp585",NA,0.000337292968501412,16.6122088445574
"2862",3802,"Arizona","gfdl-esm4","ssp585",NA,0.00196832041024697,19.4223819081612
"2863",3803,"Arizona","gfdl-esm4","ssp585",NA,0.00360327901739737,20.0002925134941
"2864",3804,"Arizona","gfdl-esm4","ssp585",NA,0.00242864966793053,14.2407988074456
"2865",3805,"Arizona","gfdl-esm4","ssp585",NA,0.016649031987933,12.426959892109
"2866",3806,"Arizona","gfdl-esm4","ssp585",NA,1.09214519253154,11.034317375405
"2867",3807,"Arizona","gfdl-esm4","ssp585",NA,0.258350777066961,5.47271974662465
"2868",3808,"Arizona","gfdl-esm4","ssp585",NA,0.390628382982708,5.66233865422035
"2869",3809,"Arizona","gfdl-esm4","ssp585",NA,6.91219503594596,6.71257718516664
"2870",3810,"Arizona","gfdl-esm4","ssp585",NA,1.03526558404915,7.0852392531828
"2871",3811,"Arizona","gfdl-esm4","ssp585",NA,2.61913797261509,9.06098375862982
"2872",3812,"Arizona","gfdl-esm4","ssp585",NA,1.02999371007683,7.24748948744669
"2873",3813,"Arizona","gfdl-esm4","ssp585",NA,0.163828379443453,7.30267468246288
"2874",3814,"Arizona","gfdl-esm4","ssp585",NA,0.142506982025206,5.34869765945996
"2875",3815,"Arizona","gfdl-esm4","ssp585",NA,2.56352323377874,9.55154719105565
"2876",3816,"Arizona","gfdl-esm4","ssp585",NA,1.43741127786872,6.68716179115886
"2877",3817,"Arizona","gfdl-esm4","ssp585",NA,0.33147996790303,6.58755615851673
"2878",3818,"Arizona","gfdl-esm4","ssp585",NA,1.25895919702247,10.8075317228489
"2879",3819,"Arizona","gfdl-esm4","ssp585",NA,0.727797683398059,7.63301527406716
"2880",3820,"Arizona","gfdl-esm4","ssp585",NA,1.42654484506354,11.9576834542411
"2881",3821,"Arizona","gfdl-esm4","ssp585",NA,1.01638339990342,9.49997082504101
"2882",3822,"Arizona","gfdl-esm4","ssp585",NA,0.478369435394254,14.8943166932927
"2883",3823,"Arizona","gfdl-esm4","ssp585",NA,0.180194553939447,14.1039952949688
"2884",3824,"Arizona","gfdl-esm4","ssp585",NA,1.92363918145394,8.33800416119333
"2885",3825,"Arizona","gfdl-esm4","ssp585",NA,0.184444126270115,15.2460967901835
"2886",3826,"Arizona","gfdl-esm4","ssp585",NA,0.0106789345578218,15.2427303656616
"2887",3827,"Arizona","gfdl-esm4","ssp585",NA,0.319860620355182,13.5019741825147
"2888",3828,"Arizona","gfdl-esm4","ssp585",NA,0.00263673818775664,19.5560078115741
"2889",3829,"Arizona","gfdl-esm4","ssp585",NA,0.00832672559421237,21.0834695037186
"2890",3830,"Arizona","gfdl-esm4","ssp585",NA,0.243760832589552,22.2951683999314
"2891",3831,"Arizona","gfdl-esm4","ssp585",NA,0.00271835324866491,25.5750584579449
"2892",3832,"Arizona","gfdl-esm4","ssp585",NA,0.00730344795688675,27.8909816737121
"2893",3833,"Arizona","gfdl-esm4","ssp585",NA,0.288441760410441,25.9739442692695
"2894",3834,"Arizona","gfdl-esm4","ssp585",NA,0.0124673647209254,27.6245457009028
"2895",3835,"Arizona","gfdl-esm4","ssp585",NA,0.178876970444096,28.8499482242859
"2896",3836,"Arizona","gfdl-esm4","ssp585",NA,1.15846029702523,31.2422958277571
"2897",3837,"Arizona","gfdl-esm4","ssp585",NA,0.0999657985500692,30.4568652667831
"2898",3838,"Arizona","gfdl-esm4","ssp585",NA,2.3460748506639,29.7712273020208
"2899",3839,"Arizona","gfdl-esm4","ssp585",NA,1.34467152650769,28.0953342442567
"2900",3840,"Arizona","gfdl-esm4","ssp585",NA,0.0339049120311215,29.5466200103953
"2901",3841,"Arizona","gfdl-esm4","ssp585",NA,0.0279604462345724,30.8229376212987
"2902",3842,"Arizona","gfdl-esm4","ssp585",NA,4.53804953989038,28.563644497916
"2903",3843,"Arizona","gfdl-esm4","ssp585",NA,5.41440237396534,27.1156953717605
"2904",3844,"Arizona","gfdl-esm4","ssp585",NA,1.01185925260783,26.9341238839286
"2905",3845,"Arizona","gfdl-esm4","ssp585",NA,0.0518620786752957,29.4622979744045
"2906",3846,"Arizona","gfdl-esm4","ssp585",NA,0.00491589090288172,27.9060355976168
"2907",3847,"Arizona","gfdl-esm4","ssp585",NA,0.0346939911286646,27.7087867553557
"2908",3848,"Arizona","gfdl-esm4","ssp585",NA,0.0648984936487149,23.8403828347227
"2909",3849,"Arizona","gfdl-esm4","ssp585",NA,0.433556261687942,25.0970497874032
"2910",3850,"Arizona","gfdl-esm4","ssp585",NA,1.95005434899627,24.2609641363286
"2911",3851,"Arizona","gfdl-esm4","ssp585",NA,0.225036329772723,23.2320041121183
"2912",3852,"Arizona","gfdl-esm4","ssp585",NA,0.080263978357218,21.1861494254825
"2913",3853,"Arizona","gfdl-esm4","ssp585",NA,0.000451814218285327,21.2043259805132
"2914",3854,"Arizona","gfdl-esm4","ssp585",NA,0.0785536786738226,18.1801232261995
"2915",3855,"Arizona","gfdl-esm4","ssp585",NA,0.0522388855354329,16.0520837371479
"2916",3856,"Arizona","gfdl-esm4","ssp585",NA,0.542469477737052,15.0842132298293
"2917",3857,"Arizona","gfdl-esm4","ssp585",NA,0.743258338872564,7.86752361003429
"2918",3858,"Arizona","gfdl-esm4","ssp585",NA,0.0550177942015267,9.45876260364405
"2919",3859,"Arizona","gfdl-esm4","ssp585",NA,1.14631875132589,10.0661740617716
"2920",3860,"Arizona","gfdl-esm4","ssp585",NA,0.306057120633916,6.52981616766506
"2921",3861,"Arizona","gfdl-esm4","ssp585",NA,0.30398942281402,7.15693465086967
"2922",3862,"Arizona","gfdl-esm4","ssp585",NA,0.0467803371178792,7.84370165027953
"2923",3863,"Arizona","gfdl-esm4","ssp585",NA,2.39612493934157,4.43081864888691
"2924",3864,"Arizona","gfdl-esm4","ssp585",NA,0.0310807645328582,5.89738017973197
"2925",3865,"Arizona","gfdl-esm4","ssp585",NA,2.97756228969217,7.63805746471538
"2926",3866,"Arizona","gfdl-esm4","ssp585",NA,2.29005740593965,5.87783735542927
"2927",3867,"Arizona","gfdl-esm4","ssp585",NA,0.00294259103466818,9.39948581546058
"2928",3868,"Arizona","gfdl-esm4","ssp585",NA,0.120559839246021,8.97515575153338
"2929",3869,"Arizona","gfdl-esm4","ssp585",NA,0.770353861885045,8.47668417678623
"2930",3870,"Arizona","gfdl-esm4","ssp585",NA,0.0584664457446464,8.58521436843199
"2931",3871,"Arizona","gfdl-esm4","ssp585",NA,1.52778990717162,9.95595679976397
"2932",3872,"Arizona","gfdl-esm4","ssp585",NA,0.671951536878278,10.6487799373198
"2933",3873,"Arizona","gfdl-esm4","ssp585",NA,7.57719712788106,11.0267972037102
"2934",3874,"Arizona","gfdl-esm4","ssp585",NA,1.60071732108628,12.6998056751738
"2935",3875,"Arizona","gfdl-esm4","ssp585",NA,0.871675325841894,14.7154650894339
"2936",3876,"Arizona","gfdl-esm4","ssp585",NA,0.732693597347549,17.1115325966316
"2937",3877,"Arizona","gfdl-esm4","ssp585",NA,0.0167016498842911,18.7668316133405
"2938",3878,"Arizona","gfdl-esm4","ssp585",NA,1.18378656257161,20.6526878848842
"2939",3879,"Arizona","gfdl-esm4","ssp585",NA,0.521620648278523,17.217868339066
"2940",3880,"Arizona","gfdl-esm4","ssp585",NA,0.0519771300816142,19.1376639384235
"2941",3881,"Arizona","gfdl-esm4","ssp585",NA,0.124117446109339,16.81272773598
"2942",3882,"Arizona","gfdl-esm4","ssp585",NA,0.01048680229307,22.667870939426
"2943",3883,"Arizona","gfdl-esm4","ssp585",NA,0.00238781867389286,23.0476696839074
"2944",3884,"Arizona","gfdl-esm4","ssp585",NA,0.00616279822264565,21.976854357617
"2945",3885,"Arizona","gfdl-esm4","ssp585",NA,0.0064113023832719,23.1844679879479
"2946",3886,"Arizona","gfdl-esm4","ssp585",NA,0.227046121256612,23.5786551725096
"2947",3887,"Arizona","gfdl-esm4","ssp585",NA,0.188219128183469,27.5490789324234
"2948",3888,"Arizona","gfdl-esm4","ssp585",NA,1.67681929192756,26.8420702908947
"2949",3889,"Arizona","gfdl-esm4","ssp585",NA,1.31945623355364,28.6510071418078
"2950",3890,"Arizona","gfdl-esm4","ssp585",NA,0.407043485004759,29.4619207678794
"2951",3891,"Arizona","gfdl-esm4","ssp585",NA,0.283532606617043,31.7170539711278
"2952",3892,"Arizona","gfdl-esm4","ssp585",NA,1.8086338930417,29.9366409475373
"2953",3893,"Arizona","gfdl-esm4","ssp585",NA,3.27792328210431,29.0255674340481
"2954",3894,"Arizona","gfdl-esm4","ssp585",NA,2.80363967178872,28.0082187117277
"2955",3895,"Arizona","gfdl-esm4","ssp585",NA,1.72354709305742,29.5752103127963
"2956",3896,"Arizona","gfdl-esm4","ssp585",NA,6.56366627571298,26.2730179623919
"2957",3897,"Arizona","gfdl-esm4","ssp585",NA,4.20226269711523,25.4562512886057
"2958",3898,"Arizona","gfdl-esm4","ssp585",NA,0.319120319744304,25.2881547197229
"2959",3899,"Arizona","gfdl-esm4","ssp585",NA,0.00427213997661278,26.906190616111
"2960",3900,"Arizona","gfdl-esm4","ssp585",NA,0.382087214167789,27.0330684309814
"2961",3901,"Arizona","gfdl-esm4","ssp585",NA,0.559499480834126,25.3996293368141
"2962",3902,"Arizona","gfdl-esm4","ssp585",NA,5.27845984387132,21.4878726308174
"2963",3903,"Arizona","gfdl-esm4","ssp585",NA,0.00216931572547341,23.733823168112
"2964",3904,"Arizona","gfdl-esm4","ssp585",NA,0.0143710788896507,23.0683485646013
"2965",3905,"Arizona","gfdl-esm4","ssp585",NA,0.00202563356897866,21.59205481991
"2966",3906,"Arizona","gfdl-esm4","ssp585",NA,0.495263330955791,18.9684444692735
"2967",3907,"Arizona","gfdl-esm4","ssp585",NA,0.00803048402469402,13.3013998116012
"2968",3908,"Arizona","gfdl-esm4","ssp585",NA,2.15733943474292,12.4473695159411
"2969",3909,"Arizona","gfdl-esm4","ssp585",NA,0.0610531382383758,10.6753206236173
"2970",3910,"Arizona","gfdl-esm4","ssp585",NA,0.0500711692576903,7.16298758679186
"2971",3911,"Arizona","gfdl-esm4","ssp585",NA,1.88721486280001,7.50911008735977
"2972",3912,"Arizona","gfdl-esm4","ssp585",NA,0.0399344236134351,5.8348914453866
"2973",3913,"Arizona","gfdl-esm4","ssp585",NA,0.0742886498083919,5.73994801903497
"2974",3914,"Arizona","gfdl-esm4","ssp585",NA,2.07236099493954,8.47936628995143
"2975",3915,"Arizona","gfdl-esm4","ssp585",NA,3.40119281690299,8.0572290548332
"2976",3916,"Arizona","gfdl-esm4","ssp585",NA,1.94596176939825,7.77778383585357
"2977",3917,"Arizona","gfdl-esm4","ssp585",NA,4.74166027385422,10.420715054248
"2978",3918,"Arizona","gfdl-esm4","ssp585",NA,1.0786060036402,6.53356905815426
"2979",3919,"Arizona","gfdl-esm4","ssp585",NA,5.13686422670862,8.23928542878627
"2980",3920,"Arizona","gfdl-esm4","ssp585",NA,2.24104806809772,8.97413219736442
"2981",3921,"Arizona","gfdl-esm4","ssp585",NA,7.83591704020356,8.51712012212589
"2982",3922,"Arizona","gfdl-esm4","ssp585",NA,0.488886984555948,8.84660996390054
"2983",3923,"Arizona","gfdl-esm4","ssp585",NA,0.315427490255968,8.35383190439566
"2984",3924,"Arizona","gfdl-esm4","ssp585",NA,0.584230817776015,10.900635722434
"2985",3925,"Arizona","gfdl-esm4","ssp585",NA,0.237983831945739,9.88239045462629
"2986",3926,"Arizona","gfdl-esm4","ssp585",NA,3.10338654240987,13.1611325347168
"2987",3927,"Arizona","gfdl-esm4","ssp585",NA,1.00013982924395,10.472618432895
"2988",3928,"Arizona","gfdl-esm4","ssp585",NA,0.0311836976781566,14.8440372664769
"2989",3929,"Arizona","gfdl-esm4","ssp585",NA,0.00301053094289894,19.3411645631272
"2990",3930,"Arizona","gfdl-esm4","ssp585",NA,0.0573981061554286,19.3887345228425
"2991",3931,"Arizona","gfdl-esm4","ssp585",NA,0.0556837871148473,19.4566322760697
"2992",3932,"Arizona","gfdl-esm4","ssp585",NA,0.0133547747609831,21.5196944785329
"2993",3933,"Arizona","gfdl-esm4","ssp585",NA,0.0206278970761401,23.0447236380595
"2994",3934,"Arizona","gfdl-esm4","ssp585",NA,0.00361738089809012,24.873690012704
"2995",3935,"Arizona","gfdl-esm4","ssp585",NA,0.00863449085667475,19.8434759899578
"2996",3936,"Arizona","gfdl-esm4","ssp585",NA,0.282437196025418,22.6144092738252
"2997",3937,"Arizona","gfdl-esm4","ssp585",NA,0.0190016951851611,24.4653025476429
"2998",3938,"Arizona","gfdl-esm4","ssp585",NA,0.00209518638592171,26.2106712061596
"2999",3939,"Arizona","gfdl-esm4","ssp585",NA,0.0024229816137033,28.5341821875494
"3000",3940,"Arizona","gfdl-esm4","ssp585",NA,0.338059820898313,31.3563154796885
"3001",3941,"Arizona","gfdl-esm4","ssp585",NA,0.299223753732831,28.5825908212385
"3002",3942,"Arizona","gfdl-esm4","ssp585",NA,1.79449075445304,30.2827862880625
"3003",3943,"Arizona","gfdl-esm4","ssp585",NA,0.0582699326879046,28.8893644349765
"3004",3944,"Arizona","gfdl-esm4","ssp585",NA,0.0824107074746446,30.5313720625963
"3005",3945,"Arizona","gfdl-esm4","ssp585",NA,2.184683994879,28.601027759499
"3006",3946,"Arizona","gfdl-esm4","ssp585",NA,6.32970028476728,24.9878973998252
"3007",3947,"Arizona","gfdl-esm4","ssp585",NA,0.182327940194236,29.4569283081518
"3008",3948,"Arizona","gfdl-esm4","ssp585",NA,0.261285809512155,29.7726983187322
"3009",3949,"Arizona","gfdl-esm4","ssp585",NA,1.28981495489148,29.6999916356373
"3010",3950,"Arizona","gfdl-esm4","ssp585",NA,0.204881535506794,29.4517322564397
"3011",3951,"Arizona","gfdl-esm4","ssp585",NA,4.89183353545329,24.4532631122961
"3012",3952,"Arizona","gfdl-esm4","ssp585",NA,0.0761774221137933,25.9055639062006
"3013",3953,"Arizona","gfdl-esm4","ssp585",NA,0.00230808913140815,27.1910335497368
"3014",3954,"Arizona","gfdl-esm4","ssp585",NA,0.411486334950888,24.4291369027043
"3015",3955,"Arizona","gfdl-esm4","ssp585",NA,6.73983871584627,21.3786112518889
"3016",3956,"Arizona","gfdl-esm4","ssp585",NA,1.11963030651189,19.5566104469348
"3017",3957,"Arizona","gfdl-esm4","ssp585",NA,0.655283304327624,18.8429066885889
"3018",3958,"Arizona","gfdl-esm4","ssp585",NA,0.00102173486479744,16.7552628663036
"3019",3959,"Arizona","gfdl-esm4","ssp585",NA,0.0117112844248042,17.2924616720824
"3020",3960,"Arizona","gfdl-esm4","ssp585",NA,3.08600087025427,9.70720096014244
"3021",3961,"Arizona","gfdl-esm4","ssp585",NA,0.00935906892939011,9.89092276051134
"3022",3962,"Arizona","gfdl-esm4","ssp585",NA,0.000629781060054423,9.7244456680626
"3023",3963,"Arizona","gfdl-esm4","ssp585",NA,0.00170150294439798,11.039705521961
"3024",3964,"Arizona","gfdl-esm4","ssp585",NA,2.89871943835164,9.3771269247294
"3025",3965,"Arizona","gfdl-esm4","ssp585",NA,4.19473045266939,8.46807142949739
"3026",3966,"Arizona","gfdl-esm4","ssp585",NA,0.242472434762164,7.32418058566591
"3027",3967,"Arizona","gfdl-esm4","ssp585",NA,0.194303361375127,3.42866359088577
"3028",3968,"Arizona","gfdl-esm4","ssp585",NA,6.81609438876903,10.3060995186325
"3029",3969,"Arizona","gfdl-esm4","ssp585",NA,0.400189484952271,8.63025422415754
"3030",3970,"Arizona","gfdl-esm4","ssp585",NA,3.88219124446005,10.9136097441431
"3031",3971,"Arizona","gfdl-esm4","ssp585",NA,1.48679053879373,6.63360139675601
"3032",3972,"Arizona","gfdl-esm4","ssp585",NA,1.63762113294028,10.5444419581128
"3033",3973,"Arizona","gfdl-esm4","ssp585",NA,3.15976426941009,10.0237997293774
"3034",3974,"Arizona","gfdl-esm4","ssp585",NA,0.157393025763233,5.34377317947024
"3035",3975,"Arizona","gfdl-esm4","ssp585",NA,0.599350556061762,7.65932131066789
"3036",3976,"Arizona","gfdl-esm4","ssp585",NA,0.0187685878665501,9.17902258717459
"3037",3977,"Arizona","gfdl-esm4","ssp585",NA,2.24595575938776,14.1643730694063
"3038",3978,"Arizona","gfdl-esm4","ssp585",NA,0.92287513892978,10.8690549674438
"3039",3979,"Arizona","gfdl-esm4","ssp585",NA,0.00304706081806216,16.714578767914
"3040",3980,"Arizona","gfdl-esm4","ssp585",NA,0.0216654493268639,16.0118550875697
"3041",3981,"Arizona","gfdl-esm4","ssp585",NA,0.00474688907479677,17.2305254177861
"3042",3982,"Arizona","gfdl-esm4","ssp585",NA,0.0323175955753087,15.3730945148299
"3043",3983,"Arizona","gfdl-esm4","ssp585",NA,0.00726071545019656,21.967054627005
"3044",3984,"Arizona","gfdl-esm4","ssp585",NA,0.00387283970461525,18.8719624708636
"3045",3985,"Arizona","gfdl-esm4","ssp585",NA,0.197205336456179,20.1023322991565
"3046",3986,"Arizona","gfdl-esm4","ssp585",NA,0.0148888441064775,26.5903675952241
"3047",3987,"Arizona","gfdl-esm4","ssp585",NA,0.019086983231339,25.8506260926142
"3048",3988,"Arizona","gfdl-esm4","ssp585",NA,2.59881199202978,26.050987457777
"3049",3989,"Arizona","gfdl-esm4","ssp585",NA,0.28519679174698,24.8303238011492
"3050",3990,"Arizona","gfdl-esm4","ssp585",NA,1.6756795724291,24.1976146210913
"3051",3991,"Arizona","gfdl-esm4","ssp585",NA,0.668240413146164,27.6923155580851
"3052",3992,"Arizona","gfdl-esm4","ssp585",NA,0.0639144238643819,28.9517192546396
"3053",3993,"Arizona","gfdl-esm4","ssp585",NA,0.00346460903998198,29.0472609181169
"3054",3994,"Arizona","gfdl-esm4","ssp585",NA,0.210963966417075,30.4915248634541
"3055",3995,"Arizona","gfdl-esm4","ssp585",NA,6.4214820466107,27.7722626619785
"3056",3996,"Arizona","gfdl-esm4","ssp585",NA,0.998821782735539,28.7292513571256
"3057",3997,"Arizona","gfdl-esm4","ssp585",NA,0.0259025639786082,29.2469388592861
"3058",3998,"Arizona","gfdl-esm4","ssp585",NA,0.268270491033174,30.5084273964054
"3059",3999,"Arizona","gfdl-esm4","ssp585",NA,0.204846434072741,29.5314079429347
"3060",4000,"Arizona","gfdl-esm4","ssp585",NA,1.27050749128857,29.7529235454034
"3061",4001,"Arizona","gfdl-esm4","ssp585",NA,1.59441149846981,29.1901619275813
"3062",4002,"Arizona","gfdl-esm4","ssp585",NA,0.0461097432559807,31.2888422718844
"3063",4003,"Arizona","gfdl-esm4","ssp585",NA,0.255930765747973,30.4735628574145
"3064",4004,"Arizona","gfdl-esm4","ssp585",NA,1.02255511033892,25.5078436657391
"3065",4005,"Arizona","gfdl-esm4","ssp585",NA,0.0900515750872406,23.3401435553048
"3066",4006,"Arizona","gfdl-esm4","ssp585",NA,0.000944354139407038,24.8999778004874
"3067",4007,"Arizona","gfdl-esm4","ssp585",NA,0.0425427301096259,26.2115482296564
"3068",4008,"Arizona","gfdl-esm4","ssp585",NA,0.00076843614843215,25.0302171786727
"3069",4009,"Arizona","gfdl-esm4","ssp585",NA,0.207228965660536,20.8477753418586
"3070",4010,"Arizona","gfdl-esm4","ssp585",NA,0.136637756148855,15.9696744704217
"3071",4011,"Arizona","gfdl-esm4","ssp585",NA,0.00231461143641018,16.58631932853
"3072",4012,"Arizona","gfdl-esm4","ssp585",NA,1.57877077933247,15.6591130118003
"3073",4013,"Arizona","gfdl-esm4","ssp585",NA,0.0212140505114877,11.875686116948
"3074",4014,"Arizona","gfdl-esm4","ssp585",NA,0.0105053883570185,15.4228831526302
"3075",4015,"Arizona","gfdl-esm4","ssp585",NA,0.000894110355364021,13.7090772317725
"3076",4016,"Arizona","gfdl-esm4","ssp585",NA,1.68116937030412,12.4610236436769
"3077",4017,"Arizona","gfdl-esm4","ssp585",NA,7.36269070266287,8.12011274296779
"3078",4018,"Arizona","gfdl-esm4","ssp585",NA,2.29989640324129,4.96518441259336
"3079",4019,"Arizona","gfdl-esm4","ssp585",NA,0.00326512335396302,10.180279440705
"3080",4020,"Arizona","gfdl-esm4","ssp585",NA,11.8002259555862,10.955678630689
"3081",4021,"Arizona","gfdl-esm4","ssp585",NA,2.83762843155342,7.55936050125684
"3082",4022,"Arizona","gfdl-esm4","ssp585",NA,3.05113275168111,5.88122770017682
"3083",4023,"Arizona","gfdl-esm4","ssp585",NA,0.40859767926268,7.37230993143076
"3084",4024,"Arizona","gfdl-esm4","ssp585",NA,1.20959348698442,11.1074298149717
"3085",4025,"Arizona","gfdl-esm4","ssp585",NA,4.14253722751589,8.24182324897778
"3086",4026,"Arizona","gfdl-esm4","ssp585",NA,5.86573491154175,10.2795320571147
"3087",4027,"Arizona","gfdl-esm4","ssp585",NA,0.485213190422862,8.38910355019361
"3088",4028,"Arizona","gfdl-esm4","ssp585",NA,0.515833250653237,7.10940971519193
"3089",4029,"Arizona","gfdl-esm4","ssp585",NA,0.0829948805810577,10.0085567585286
"3090",4030,"Arizona","gfdl-esm4","ssp585",NA,1.29388085060207,10.018859508336
"3091",4031,"Arizona","gfdl-esm4","ssp585",NA,2.11688480855608,8.30260315327219
"3092",4032,"Arizona","gfdl-esm4","ssp585",NA,0.0406448645386796,10.6658815868585
"3093",4033,"Arizona","gfdl-esm4","ssp585",NA,0.00431787138881325,14.667155763262
"3094",4034,"Arizona","gfdl-esm4","ssp585",NA,0.0152155624557385,14.374105723076
"3095",4035,"Arizona","gfdl-esm4","ssp585",NA,0.0821962397286254,16.1182701911396
"3096",4036,"Arizona","gfdl-esm4","ssp585",NA,0.111634131714816,21.1968247906749
"3097",4037,"Arizona","gfdl-esm4","ssp585",NA,0.0107854530554134,21.9148110410206
"3098",4038,"Arizona","gfdl-esm4","ssp585",NA,0.0339573448514018,20.0663178917732
"3099",4039,"Arizona","gfdl-esm4","ssp585",NA,0.0294937890347661,22.3949827944132
"3100",4040,"Arizona","gfdl-esm4","ssp585",NA,0.00871311288572981,26.9492891912063
"3101",4041,"Arizona","gfdl-esm4","ssp585",NA,0.00882288319136793,26.218403727728
"3102",4042,"Arizona","gfdl-esm4","ssp585",NA,0.00431096709741623,25.7342187391973
"3103",4043,"Arizona","gfdl-esm4","ssp585",NA,0.159970111375498,30.1075707899786
"3104",4044,"Arizona","gfdl-esm4","ssp585",NA,0.143042696641294,29.607928050122
"3105",4045,"Arizona","gfdl-esm4","ssp585",NA,0.596977880048307,30.4098717459234
"3106",4046,"Arizona","gfdl-esm4","ssp585",NA,0.0809208320960928,29.5628488031863
"3107",4047,"Arizona","gfdl-esm4","ssp585",NA,1.27147257902761,27.1522624520978
"3108",4048,"Arizona","gfdl-esm4","ssp585",NA,0.440791823443927,27.5328753330313
"3109",4049,"Arizona","gfdl-esm4","ssp585",NA,0.225226823411333,28.1179314884615
"3110",4050,"Arizona","gfdl-esm4","ssp585",NA,0.295013540219318,31.4766199394062
"3111",4051,"Arizona","gfdl-esm4","ssp585",NA,0.0616338257701585,31.8198428842422
"3112",4052,"Arizona","gfdl-esm4","ssp585",NA,0.399641245724889,31.4431131047033
"3113",4053,"Arizona","gfdl-esm4","ssp585",NA,0.0986585043359206,29.5167397133771
"3114",4054,"Arizona","gfdl-esm4","ssp585",NA,0.464193232624036,30.5810146712775
"3115",4055,"Arizona","gfdl-esm4","ssp585",NA,0.589469296307428,28.099922799401
"3116",4056,"Arizona","gfdl-esm4","ssp585",NA,0.0655332710053807,27.8852389676833
"3117",4057,"Arizona","gfdl-esm4","ssp585",NA,0.128383964300744,27.8481683280164
"3118",4058,"Arizona","gfdl-esm4","ssp585",NA,0.150139026995108,26.565653025245
"3119",4059,"Arizona","gfdl-esm4","ssp585",NA,0.00384150503565912,25.7720072556989
"3120",4060,"Arizona","gfdl-esm4","ssp585",NA,1.41357041926351,24.1653631738405
"3121",4061,"Arizona","gfdl-esm4","ssp585",NA,1.83808292230126,17.8459732615089
"3122",4062,"Arizona","gfdl-esm4","ssp585",NA,0.0014294397688255,15.2979152520297
"3123",4063,"Arizona","gfdl-esm4","ssp585",NA,0.00223725215669788,17.6050377152512
"3124",4064,"Arizona","gfdl-esm4","ssp585",NA,0.00524333095447043,14.9437395059656
"3125",4065,"Arizona","gfdl-esm4","ssp585",NA,0.0234520858514353,14.15118388141
"3126",4066,"Arizona","gfdl-esm4","ssp585",NA,0.458914323637293,15.5579997104881
"3127",4067,"Arizona","gfdl-esm4","ssp585",NA,1.29027125167869,8.54266750176549
"3128",4068,"Arizona","gfdl-esm4","ssp585",NA,0.301988146878662,9.13972694213715
"3129",4069,"Arizona","gfdl-esm4","ssp585",NA,0.0198525466771715,9.79461345069781
"3130",4070,"Arizona","gfdl-esm4","ssp585",NA,0.00745982293727382,10.8807020725101
"3131",4071,"Arizona","gfdl-esm4","ssp585",NA,0.654672266405277,7.27620328765756
"3132",4072,"Arizona","gfdl-esm4","ssp585",NA,0.00174818919219816,6.61110654654909
"3133",4073,"Arizona","gfdl-esm4","ssp585",NA,1.18892463571646,7.72279382216194
"3134",4074,"Arizona","gfdl-esm4","ssp585",NA,2.52369075216512,9.3516300476306
"3135",4075,"Arizona","gfdl-esm4","ssp585",NA,0.0175576584099466,7.97000923783682
"3136",4076,"Arizona","gfdl-esm4","ssp585",NA,0.0377840059759715,8.03744606374943
"3137",4077,"Arizona","gfdl-esm4","ssp585",NA,3.92864034838567,12.2912598736518
"3138",4078,"Arizona","gfdl-esm4","ssp585",NA,7.43122721828369,7.7080419875578
"3139",4079,"Arizona","gfdl-esm4","ssp585",NA,0.00495372697754849,9.6963793343449
"3140",4080,"Arizona","gfdl-esm4","ssp585",NA,0.00406356590527567,15.4255708600417
"3141",4081,"Arizona","gfdl-esm4","ssp585",NA,0.868989028095262,12.3790808599306
"3142",4082,"Arizona","gfdl-esm4","ssp585",NA,1.2658129779118,13.8220529973432
"3143",4083,"Arizona","gfdl-esm4","ssp585",NA,0.184383376972331,16.1893904617252
"3144",4084,"Arizona","gfdl-esm4","ssp585",NA,1.8088639998529,13.5765719909282
"3145",4085,"Arizona","gfdl-esm4","ssp585",NA,0.343671250140869,12.594701785776
"3146",4086,"Arizona","gfdl-esm4","ssp585",NA,0.28364272028947,17.8290951503363
"3147",4087,"Arizona","gfdl-esm4","ssp585",NA,0.0132478618466991,22.5983120036939
"3148",4088,"Arizona","gfdl-esm4","ssp585",NA,0.00452629730242861,23.5833568857533
"3149",4089,"Arizona","gfdl-esm4","ssp585",NA,0.525410502596795,24.6606561749985
"3150",4090,"Arizona","gfdl-esm4","ssp585",NA,0.0223304649530585,22.3960645673248
"3151",4091,"Arizona","gfdl-esm4","ssp585",NA,0.0022388554788071,25.7677081738652
"3152",4092,"Arizona","gfdl-esm4","ssp585",NA,0.00319719916676785,24.9957190049433
"3153",4093,"Arizona","gfdl-esm4","ssp585",NA,0.228567228248137,24.2208491464029
"3154",4094,"Arizona","gfdl-esm4","ssp585",NA,0.00309265020697342,24.4939306594328
"3155",4095,"Arizona","gfdl-esm4","ssp585",NA,0.0400438749658352,26.9784529617252
"3156",4096,"Arizona","gfdl-esm4","ssp585",NA,0.328026604606593,30.9221080601592
"3157",4097,"Arizona","gfdl-esm4","ssp585",NA,0.182190914815962,30.5085044426804
"3158",4098,"Arizona","gfdl-esm4","ssp585",NA,0.359728580993317,31.324784957172
"3159",4099,"Arizona","gfdl-esm4","ssp585",NA,0.319425132792484,29.4617397072041
"3160",4100,"Arizona","gfdl-esm4","ssp585",NA,0.48494169063407,29.0446773794297
"3161",4101,"Arizona","gfdl-esm4","ssp585",NA,0.708367137683992,30.8243837918404
"3162",4102,"Arizona","gfdl-esm4","ssp585",NA,0.275657980964108,32.9160519220133
"3163",4103,"Arizona","gfdl-esm4","ssp585",NA,0.834263399649079,29.2707351240889
"3164",4104,"Arizona","gfdl-esm4","ssp585",NA,0.953204898838215,30.2941960813424
"3165",4105,"Arizona","gfdl-esm4","ssp585",NA,1.07516866842385,29.4326239314604
"3166",4106,"Arizona","gfdl-esm4","ssp585",NA,2.27509340316316,28.9576175964587
"3167",4107,"Arizona","gfdl-esm4","ssp585",NA,5.81462161815501,26.9330442329725
"3168",4108,"Arizona","gfdl-esm4","ssp585",NA,4.02441676258986,23.6149336668996
"3169",4109,"Arizona","gfdl-esm4","ssp585",NA,0.143769108971425,25.6530261631711
"3170",4110,"Arizona","gfdl-esm4","ssp585",NA,0.143615907789965,25.775571176406
"3171",4111,"Arizona","gfdl-esm4","ssp585",NA,0.00255449851992138,23.3321971020415
"3172",4112,"Arizona","gfdl-esm4","ssp585",NA,0.349867584461752,24.0857909230306
"3173",4113,"Arizona","gfdl-esm4","ssp585",NA,0.00272228103640649,19.6963414477941
"3174",4114,"Arizona","gfdl-esm4","ssp585",NA,0.0942968472676289,18.6231365295488
"3175",4115,"Arizona","gfdl-esm4","ssp585",NA,0.00372844072601946,16.1031283796964
"3176",4116,"Arizona","gfdl-esm4","ssp585",NA,0.972987061818119,12.7265792364417
"3177",4117,"Arizona","gfdl-esm4","ssp585",NA,0.0879659749815204,15.7466092231452
"3178",4118,"Arizona","gfdl-esm4","ssp585",NA,0.0553533386953241,12.6683748074036
"3179",4119,"Arizona","gfdl-esm4","ssp585",NA,3.45749986169254,10.5180304024524
"3180",4120,"Arizona","gfdl-esm4","ssp585",NA,0.166428292769316,7.8361031591365
"3181",4121,"Arizona","gfdl-esm4","ssp585",NA,2.76063683765692,8.49591028958599
"3182",4122,"Arizona","gfdl-esm4","ssp585",NA,0.259157915561342,4.86363757648302
"3183",4123,"Arizona","gfdl-esm4","ssp585",NA,0.00234253311324225,5.12448655621595
"3184",4124,"Arizona","gfdl-esm4","ssp585",NA,3.71452983199239,8.51222426924485
"3185",4125,"Arizona","gfdl-esm4","ssp585",NA,0.46977348265707,8.76142664546462
"3186",4126,"Arizona","gfdl-esm4","ssp585",NA,6.55586692555747,8.23094923017
"3187",4127,"Arizona","gfdl-esm4","ssp585",NA,0.122330910629054,6.22024635671818
"3188",4128,"Arizona","gfdl-esm4","ssp585",NA,0.0708262980284778,8.04232594409275
"3189",4129,"Arizona","gfdl-esm4","ssp585",NA,0.47173134157496,9.90458151796828
"3190",4130,"Arizona","gfdl-esm4","ssp585",NA,5.00190761855051,6.72120451607688
"3191",4131,"Arizona","gfdl-esm4","ssp585",NA,0.620075081961658,7.37318996424623
"3192",4132,"Arizona","gfdl-esm4","ssp585",NA,0.0281274727257105,11.3295745193733
"3193",4133,"Arizona","gfdl-esm4","ssp585",NA,1.05504074993885,14.1631072650818
"3194",4134,"Arizona","gfdl-esm4","ssp585",NA,0.211059545371198,10.8690244112847
"3195",4135,"Arizona","gfdl-esm4","ssp585",NA,2.07690570135113,10.394266576562
"3196",4136,"Arizona","gfdl-esm4","ssp585",NA,0.0384256766838823,12.7818922503408
"3197",4137,"Arizona","gfdl-esm4","ssp585",NA,1.9705604050414,9.82901281846311
"3198",4138,"Arizona","gfdl-esm4","ssp585",NA,2.55145311885227,10.5160086418374
"3199",4139,"Arizona","gfdl-esm4","ssp585",NA,1.083046534746,15.9608146889321
"3200",4140,"Arizona","gfdl-esm4","ssp585",NA,1.31762374995674,15.4507129847627
"3201",4141,"Arizona","gfdl-esm4","ssp585",NA,2.29476211562495,15.7629537975442
"3202",4142,"Arizona","gfdl-esm4","ssp585",NA,0.0854588992386752,19.4787080593567
"3203",4143,"Arizona","gfdl-esm4","ssp585",NA,0.00518887587007625,20.5885151666576
"3204",4144,"Arizona","gfdl-esm4","ssp585",NA,0.00321321918765394,24.1565922058337
"3205",4145,"Arizona","gfdl-esm4","ssp585",NA,0.0031926189187953,23.2123642951589
"3206",4146,"Arizona","gfdl-esm4","ssp585",NA,0.298666498503951,21.8727707815834
"3207",4147,"Arizona","gfdl-esm4","ssp585",NA,0.477346875386191,25.4876598565527
"3208",4148,"Arizona","gfdl-esm4","ssp585",NA,0.0448475781992891,28.7800317969244
"3209",4149,"Arizona","gfdl-esm4","ssp585",NA,4.70244786195999,28.2739891235506
"3210",4150,"Arizona","gfdl-esm4","ssp585",NA,0.840517038088477,29.4384821490301
"3211",4151,"Arizona","gfdl-esm4","ssp585",NA,0.0505656595930745,29.6367442829118
"3212",4152,"Arizona","gfdl-esm4","ssp585",NA,0.402428984385062,31.1850277598076
"3213",4153,"Arizona","gfdl-esm4","ssp585",NA,1.33158293546607,30.7680995782016
"3214",4154,"Arizona","gfdl-esm4","ssp585",NA,5.34510551625695,28.832610420391
"3215",4155,"Arizona","gfdl-esm4","ssp585",NA,2.0654590522727,28.4294819326678
"3216",4156,"Arizona","gfdl-esm4","ssp585",NA,0.0452202415979515,30.2630692319231
"3217",4157,"Arizona","gfdl-esm4","ssp585",NA,0.121563140265238,30.084589008857
"3218",4158,"Arizona","gfdl-esm4","ssp585",NA,0.00544743650149794,28.3501642779364
"3219",4159,"Arizona","gfdl-esm4","ssp585",NA,0.0423442359664588,28.4715094217911
"3220",4160,"Arizona","gfdl-esm4","ssp585",NA,0.166134256143338,27.0631407071004
"3221",4161,"Arizona","gfdl-esm4","ssp585",NA,0.000598956107803033,26.0577221201283
"3222",4162,"Arizona","gfdl-esm4","ssp585",NA,0.021835831153911,26.444327943515
"3223",4163,"Arizona","gfdl-esm4","ssp585",NA,0.00244086636548247,27.6455075347168
"3224",4164,"Arizona","gfdl-esm4","ssp585",NA,0.00121405319905753,25.8294829280579
"3225",4165,"Arizona","gfdl-esm4","ssp585",NA,0.696718056206377,24.4719341601192
"3226",4166,"Arizona","gfdl-esm4","ssp585",NA,0.00382919212437589,22.4782966314767
"3227",4167,"Arizona","gfdl-esm4","ssp585",NA,3.19244657120549,16.6071393771359
"3228",4168,"Arizona","gfdl-esm4","ssp585",NA,0.00241239883591596,16.9706841354274
"3229",4169,"Arizona","gfdl-esm4","ssp585",NA,0.0512388465814309,15.8670774978271
"3230",4170,"Arizona","gfdl-esm4","ssp585",NA,1.42176955719214,6.17309619696194
"3231",4171,"Arizona","gfdl-esm4","ssp585",NA,1.73604334975104,9.75660961358498
"3232",4172,"Arizona","gfdl-esm4","ssp585",NA,0.129258149857812,5.90876520400405
"3233",4173,"Arizona","gfdl-esm4","ssp585",NA,0.00380200537491334,11.12929266967
"3234",4174,"Arizona","gfdl-esm4","ssp585",NA,0.00141722632475802,9.5467193950745
"3235",4175,"Arizona","gfdl-esm4","ssp585",NA,0.015446212561584,10.8377591717861
"3236",4176,"Arizona","gfdl-esm4","ssp585",NA,0.0051619322378609,6.76058064109911
"3237",4177,"Arizona","gfdl-esm4","ssp585",NA,0.003442625183394,4.84519384796492
"3238",4178,"Arizona","gfdl-esm4","ssp585",NA,0.00493114226943723,8.79661484054008
"3239",4179,"Arizona","gfdl-esm4","ssp585",NA,0.162309114731295,11.2479897288095
"3240",4180,"Arizona","gfdl-esm4","ssp585",NA,0.699096166507476,10.884924763946
"3241",4181,"Arizona","gfdl-esm4","ssp585",NA,1.11919942937261,13.1513644019512
"3242",4182,"Arizona","gfdl-esm4","ssp585",NA,1.91515161329879,8.15373643954698
"3243",4183,"Arizona","gfdl-esm4","ssp585",NA,0.00312920561329713,11.7056761615044
"3244",4184,"Arizona","gfdl-esm4","ssp585",NA,0.00702109399754831,7.76824066895151
"3245",4185,"Arizona","gfdl-esm4","ssp585",NA,2.10965389662545,9.02595262684203
"3246",4186,"Arizona","gfdl-esm4","ssp585",NA,0.00474317430336218,16.9301410506257
"3247",4187,"Arizona","gfdl-esm4","ssp585",NA,0.837754706410006,14.9023739897949
"3248",4188,"Arizona","gfdl-esm4","ssp585",NA,0.717340693652351,12.6458447713165
"3249",4189,"Arizona","gfdl-esm4","ssp585",NA,0.136066409582062,14.8421712188142
"3250",4190,"Arizona","gfdl-esm4","ssp585",NA,0.090242730822357,20.9065138863854
"3251",4191,"Arizona","gfdl-esm4","ssp585",NA,0.230886578881379,17.1073465185732
"3252",4192,"Arizona","gfdl-esm4","ssp585",NA,0.00476411651095402,18.7200167611336
"3253",4193,"Arizona","gfdl-esm4","ssp585",NA,0.00306187465304716,25.0196620319043
"3254",4194,"Arizona","gfdl-esm4","ssp585",NA,0.0118709178816393,21.0795911477881
"3255",4195,"Arizona","gfdl-esm4","ssp585",NA,0.0993388716030486,20.5622845173485
"3256",4196,"Arizona","gfdl-esm4","ssp585",NA,0.000966639204083073,17.6932389559547
"3257",4197,"Arizona","gfdl-esm4","ssp585",NA,0.0278221013199919,22.8314068858151
"3258",4198,"Arizona","gfdl-esm4","ssp585",NA,0.0201911937906096,28.0423195396453
"3259",4199,"Arizona","gfdl-esm4","ssp585",NA,0.00311565564526407,26.5201492328861
"3260",4200,"Arizona","gfdl-esm4","ssp585",NA,0.00311297487341178,26.2318134833528
"3261",4201,"Arizona","gfdl-esm4","ssp585",NA,0.0100855909218169,27.7521085601691
"3262",4202,"Arizona","gfdl-esm4","ssp585",NA,0.206917035441249,29.629099648882
"3263",4203,"Arizona","gfdl-esm4","ssp585",NA,2.1459291896596,31.2366871135726
"3264",4204,"Arizona","gfdl-esm4","ssp585",NA,5.53594824774019,29.7410299848516
"3265",4205,"Arizona","gfdl-esm4","ssp585",NA,1.22934767639318,28.4094595464232
"3266",4206,"Arizona","gfdl-esm4","ssp585",NA,3.80668379495406,28.630243189989
"3267",4207,"Arizona","gfdl-esm4","ssp585",NA,3.41977083174343,28.4660165663766
"3268",4208,"Arizona","gfdl-esm4","ssp585",NA,2.56970320915755,28.912611306211
"3269",4209,"Arizona","gfdl-esm4","ssp585",NA,0.68418944649075,27.0720170012618
"3270",4210,"Arizona","gfdl-esm4","ssp585",NA,0.0180830104669237,28.0929343897534
"3271",4211,"Arizona","gfdl-esm4","ssp585",NA,0.182801183922546,28.3365048646023
"3272",4212,"Arizona","gfdl-esm4","ssp585",NA,0.321128053982913,27.1537989793626
"3273",4213,"Arizona","gfdl-esm4","ssp585",NA,0.0317291994336482,27.1226639893504
"3274",4214,"Arizona","gfdl-esm4","ssp585",NA,0.093647644271313,24.8700037130363
"3275",4215,"Arizona","gfdl-esm4","ssp585",NA,0.118183144024394,21.5621943535305
"3276",4216,"Arizona","gfdl-esm4","ssp585",NA,0.00741104014160381,25.7053347581557
"3277",4217,"Arizona","gfdl-esm4","ssp585",NA,0.219126737753239,25.6447361460227
"3278",4218,"Arizona","gfdl-esm4","ssp585",NA,0.0209650717643381,17.9465363976326
"3279",4219,"Arizona","gfdl-esm4","ssp585",NA,0.161122817802913,21.8895373164779
"3280",4220,"Arizona","gfdl-esm4","ssp585",NA,0.086013252744371,17.1781998857385
"3281",4221,"Arizona","gfdl-esm4","ssp585",NA,1.3594400882009,19.8534244889406
"3282",4222,"Arizona","gfdl-esm4","ssp585",NA,0.41918855587935,14.0508109496608
"3283",4223,"Arizona","gfdl-esm4","ssp585",NA,2.67411223360505,10.1857752668572
"3284",4224,"Arizona","gfdl-esm4","ssp585",NA,5.4852361642594,9.02193171408326
"3285",4225,"Arizona","gfdl-esm4","ssp585",NA,0.150426375934763,7.64641210505395
"3286",4226,"Arizona","gfdl-esm4","ssp585",NA,0.00196977623278206,8.69252470573495
"3287",4227,"Arizona","gfdl-esm4","ssp585",NA,0.00156908539420685,10.4642640240425
"3288",4228,"Arizona","gfdl-esm4","ssp585",NA,2.14798003813052,7.37460314802517
"3289",4229,"Arizona","gfdl-esm4","ssp585",NA,0.00271206658534655,9.55769430322083
"3290",4230,"Arizona","gfdl-esm4","ssp585",NA,0.0467397173643917,7.48954847410568
"3291",4231,"Arizona","gfdl-esm4","ssp585",NA,0.00112045750448889,6.71708186519736
"3292",4232,"Arizona","gfdl-esm4","ssp585",NA,0.0037248433532188,12.1384248716642
"3293",4233,"Arizona","gfdl-esm4","ssp585",NA,0.191752324575089,12.3506453059567
"3294",4234,"Arizona","gfdl-esm4","ssp585",NA,0.00434814535974591,13.341960412181
"3295",4235,"Arizona","gfdl-esm4","ssp585",NA,0.340267095896237,12.1901986952829
"3296",4236,"Arizona","gfdl-esm4","ssp585",NA,0.0762921101977899,9.43592750751869
"3297",4237,"Arizona","gfdl-esm4","ssp585",NA,0.545630807212808,12.0726714509176
"3298",4238,"Arizona","gfdl-esm4","ssp585",NA,1.73444020010134,11.2686735092916
"3299",4239,"Arizona","gfdl-esm4","ssp585",NA,0.0241402588983491,14.2536618701728
"3300",4240,"Arizona","gfdl-esm4","ssp585",NA,0.196138044128839,14.69229356691
"3301",4241,"Arizona","gfdl-esm4","ssp585",NA,0.178649245258034,17.5467966728355
"3302",4242,"Arizona","gfdl-esm4","ssp585",NA,0.00906847045416092,16.5874977854501
"3303",4243,"Arizona","gfdl-esm4","ssp585",NA,0.570177308549084,16.8267003885262
"3304",4244,"Arizona","gfdl-esm4","ssp585",NA,0.845785820654509,15.1231130337143
"3305",4245,"Arizona","gfdl-esm4","ssp585",NA,0.0104189350170171,21.5136529625894
"3306",4246,"Arizona","gfdl-esm4","ssp585",NA,0.0103335577111205,25.8556333674493
"3307",4247,"Arizona","gfdl-esm4","ssp585",NA,2.56529474496581,20.4804831715812
"3308",4248,"Arizona","gfdl-esm4","ssp585",NA,0.318823749870885,24.0967228905139
"3309",4249,"Arizona","gfdl-esm4","ssp585",NA,0.0621326678521123,25.9170089625227
"3310",4250,"Arizona","gfdl-esm4","ssp585",NA,0.855285856881462,25.500172140746
"3311",4251,"Arizona","gfdl-esm4","ssp585",NA,3.37247801069567,23.9810373877756
"3312",4252,"Arizona","gfdl-esm4","ssp585",NA,2.39382865493213,25.493327754005
"3313",4253,"Arizona","gfdl-esm4","ssp585",NA,0.122614361434864,28.1136167041571
"3314",4254,"Arizona","gfdl-esm4","ssp585",NA,0.0341336010681639,29.4134570019285
"3315",4255,"Arizona","gfdl-esm4","ssp585",NA,0.0157700924195036,28.5174581689268
"3316",4256,"Arizona","gfdl-esm4","ssp585",NA,0.295336690551646,30.5675325762608
"3317",4257,"Arizona","gfdl-esm4","ssp585",NA,0.105655294071895,29.4955168404561
"3318",4258,"Arizona","gfdl-esm4","ssp585",NA,0.671530990272399,30.8786314297567
"3319",4259,"Arizona","gfdl-esm4","ssp585",NA,1.61235499259389,29.7018233462019
"3320",4260,"Arizona","gfdl-esm4","ssp585",NA,0.063361773470876,29.6648120827078
"3321",4261,"Arizona","gfdl-esm4","ssp585",NA,1.57510738953224,28.580563003405
"3322",4262,"Arizona","gfdl-esm4","ssp585",NA,2.12020034522298,28.293993029492
"3323",4263,"Arizona","gfdl-esm4","ssp585",NA,5.67347001975006,25.5911961995546
"3324",4264,"Arizona","gfdl-esm4","ssp585",NA,0.069293992270247,29.3015122366615
"3325",4265,"Arizona","gfdl-esm4","ssp585",NA,0.00235664213421579,28.624186820357
"3326",4266,"Arizona","gfdl-esm4","ssp585",NA,0.327563705592901,26.2150850664952
"3327",4267,"Arizona","gfdl-esm4","ssp585",NA,0.322477771585474,22.9911079570708
"3328",4268,"Arizona","gfdl-esm4","ssp585",NA,4.00162555229323,23.3950951037305
"3329",4269,"Arizona","gfdl-esm4","ssp585",NA,0.00280892983383314,23.3632986037379
"3330",4270,"Arizona","gfdl-esm4","ssp585",NA,0.053817761695065,23.8389553759704
"3331",4271,"Arizona","gfdl-esm4","ssp585",NA,0.0989260074177393,17.0623436620353
"3332",4272,"Arizona","gfdl-esm4","ssp585",NA,0.0407953200897024,14.8999379077241
"3333",4273,"Arizona","gfdl-esm4","ssp585",NA,0.0305564562607526,12.0102550559641
"3334",4274,"Arizona","gfdl-esm4","ssp585",NA,0.0041541357226995,14.6938577567582
"3335",4275,"Arizona","gfdl-esm4","ssp585",NA,0.0270699738460575,9.24287334688095
"3336",4276,"Arizona","gfdl-esm4","ssp585",NA,8.13965513064762,11.9825205189239
"3337",4277,"Arizona","gfdl-esm4","ssp585",NA,8.28823347743935,8.43243627343259
"3338",4278,"Arizona","gfdl-esm4","ssp585",NA,0.670881382316611,5.91181013297796
"3339",4279,"Arizona","gfdl-esm4","ssp585",NA,0.000615992556971748,6.72914255868019
"3340",4280,"Arizona","gfdl-esm4","ssp585",NA,0.845870181010572,7.38304108476219
"3341",4281,"Arizona","gfdl-esm4","ssp585",NA,0.0388079783067367,7.3018459623894
"3342",4282,"Arizona","gfdl-esm4","ssp585",NA,2.79821555047711,8.2586377786475
"3343",4283,"Arizona","gfdl-esm4","ssp585",NA,0.942630188152518,6.25247245624607
"3344",4284,"Arizona","gfdl-esm4","ssp585",NA,0.324421538420379,2.12932743115916
"3345",4285,"Arizona","gfdl-esm4","ssp585",NA,2.69784701843419,7.85784093420366
"3346",4286,"Arizona","gfdl-esm4","ssp585",NA,11.9141945046345,9.78538356158889
"3347",4287,"Arizona","gfdl-esm4","ssp585",NA,4.94909391280724,8.76738189427201
"3348",4288,"Arizona","gfdl-esm4","ssp585",NA,7.83646085078044,8.86057829537376
"3349",4289,"Arizona","gfdl-esm4","ssp585",NA,0.123009321931128,8.76330808694989
"3350",4290,"Arizona","gfdl-esm4","ssp585",NA,3.59220296774182,12.0891492841217
"3351",4291,"Arizona","gfdl-esm4","ssp585",NA,2.17236629491369,8.33032148628864
"3352",4292,"Arizona","gfdl-esm4","ssp585",NA,2.02697279827866,11.3974927591163
"3353",4293,"Arizona","gfdl-esm4","ssp585",NA,0.738610323637561,12.4690391183653
"3354",4294,"Arizona","gfdl-esm4","ssp585",NA,0.0125850670340958,17.3508769463348
"3355",4295,"Arizona","gfdl-esm4","ssp585",NA,0.00286086407624666,17.2833613380018
"3356",4296,"Arizona","gfdl-esm4","ssp585",NA,0.284386879309396,15.7647240099805
"3357",4297,"Arizona","gfdl-esm4","ssp585",NA,0.00353971520719821,22.3009530049359
"3358",4298,"Arizona","gfdl-esm4","ssp585",NA,0.174520351942877,18.494736771035
"3359",4299,"Arizona","gfdl-esm4","ssp585",NA,0.00188169816224695,23.4784966740084
"3360",4300,"Arizona","gfdl-esm4","ssp585",NA,0.00404992652850934,26.7731935831449
"3361",4301,"Arizona","gfdl-esm4","ssp585",NA,0.0014513957721095,26.6167331623217
"3362",4302,"Arizona","gfdl-esm4","ssp585",NA,0.0031157611599872,26.435975772361
"3363",4303,"Arizona","gfdl-esm4","ssp585",NA,0.147915826861316,27.5498851597686
"3364",4304,"Arizona","gfdl-esm4","ssp585",NA,0.00367647486768443,26.5493286287137
"3365",4305,"Arizona","gfdl-esm4","ssp585",NA,0.929339347602247,29.5327146045478
"3366",4306,"Arizona","gfdl-esm4","ssp585",NA,0.00267224645638143,29.1617769147292
"3367",4307,"Arizona","gfdl-esm4","ssp585",NA,0.128518950539006,30.1487825994094
"3368",4308,"Arizona","gfdl-esm4","ssp585",NA,0.497118493897466,32.3160511812579
"3369",4309,"Arizona","gfdl-esm4","ssp585",NA,4.40406610604419,30.4334545034223
"3370",4310,"Arizona","gfdl-esm4","ssp585",NA,0.641846191586452,30.0770882048288
"3371",4311,"Arizona","gfdl-esm4","ssp585",NA,4.17619858545123,28.7471621661663
"3372",4312,"Arizona","gfdl-esm4","ssp585",NA,0.195643635788713,30.6016936677144
"3373",4313,"Arizona","gfdl-esm4","ssp585",NA,4.61050505668402,28.045642213303
"3374",4314,"Arizona","gfdl-esm4","ssp585",NA,2.75072123656694,28.4258705573197
"3375",4315,"Arizona","gfdl-esm4","ssp585",NA,0.0172917616056926,30.7077442193303
"3376",4316,"Arizona","gfdl-esm4","ssp585",NA,0.044309126632862,28.8876185285759
"3377",4317,"Arizona","gfdl-esm4","ssp585",NA,0.517366047662785,27.7928952840427
"3378",4318,"Arizona","gfdl-esm4","ssp585",NA,1.44850358543447,24.7697722192661
"3379",4319,"Arizona","gfdl-esm4","ssp585",NA,0.000985570298816876,24.0422562667905
"3380",4320,"Arizona","gfdl-esm4","ssp585",NA,0.00119893358620478,23.1331041647119
"3381",4321,"Arizona","gfdl-esm4","ssp585",NA,0.00143280939771394,22.0776621359188
"3382",4322,"Arizona","gfdl-esm4","ssp585",NA,0.696769293743654,22.4566668832348
"3383",4323,"Arizona","gfdl-esm4","ssp585",NA,0.0022208051346032,21.1835496056095
"3384",4324,"Arizona","gfdl-esm4","ssp585",NA,0.635322305862854,20.2450767083054
"3385",4325,"Arizona","gfdl-esm4","ssp585",NA,0.518063320978928,19.9213953145988
"3386",4326,"Arizona","gfdl-esm4","ssp585",NA,0.220379986275649,18.3256083916473
"3387",4327,"Arizona","gfdl-esm4","ssp585",NA,0.0021405889354162,15.5910783345721
"3388",4328,"Arizona","gfdl-esm4","ssp585",NA,1.03525292166148,10.7299480144052
"3389",4329,"Arizona","gfdl-esm4","ssp585",NA,1.16803223748156,9.65561680076399
"3390",4330,"Arizona","gfdl-esm4","ssp585",NA,2.91137959969387,7.56378535717992
"3391",4331,"Arizona","gfdl-esm4","ssp585",NA,2.3989038922774,5.07461168986056
"3392",4332,"Arizona","gfdl-esm4","ssp585",NA,0.0553704048853144,4.84223607349036
"3393",4333,"Arizona","gfdl-esm4","ssp585",NA,0.230243187216785,7.10018584472041
"3394",4334,"Arizona","gfdl-esm4","ssp585",NA,0.844791534059719,9.04702102140291
"3395",4335,"Arizona","gfdl-esm4","ssp585",NA,0.028145148347979,9.66509897109081
"3396",4336,"Arizona","gfdl-esm4","ssp585",NA,0.0100105274348529,7.15662237618276
"3397",4337,"Arizona","gfdl-esm4","ssp585",NA,0.0756754274053974,10.6561835172053
"3398",4338,"Arizona","gfdl-esm4","ssp585",NA,1.69941681829572,10.337796981175
"3399",4339,"Arizona","gfdl-esm4","ssp585",NA,7.91277864219639,8.44797014508931
"3400",4340,"Arizona","gfdl-esm4","ssp585",NA,0.751065996875152,9.31116292883565
"3401",4341,"Arizona","gfdl-esm4","ssp585",NA,0.303194587669155,9.37356447010067
"3402",4342,"Arizona","gfdl-esm4","ssp585",NA,0.214183698993694,14.369963588787
"3403",4343,"Arizona","gfdl-esm4","ssp585",NA,4.02113960025062,14.2469584584387
"3404",4344,"Arizona","gfdl-esm4","ssp585",NA,2.89030612296976,13.3696160896388
"3405",4345,"Arizona","gfdl-esm4","ssp585",NA,0.0905435539188895,14.0587503040184
"3406",4346,"Arizona","gfdl-esm4","ssp585",NA,0.00157915203524568,19.3059438828422
"3407",4347,"Arizona","gfdl-esm4","ssp585",NA,0.361686438098196,23.903441217666
"3408",4348,"Arizona","gfdl-esm4","ssp585",NA,0.583091435783105,18.6237504691451
"3409",4349,"Arizona","gfdl-esm4","ssp585",NA,0.12065759406101,15.6832958197323
"3410",4350,"Arizona","gfdl-esm4","ssp585",NA,0.00535944791420336,21.5713549897282
"3411",4351,"Arizona","gfdl-esm4","ssp585",NA,0.065315452729172,19.6832382568668
"3412",4352,"Arizona","gfdl-esm4","ssp585",NA,0.0500899837733702,21.1343389884862
"3413",4353,"Arizona","gfdl-esm4","ssp585",NA,0.0704947049288112,23.1172347926009
"3414",4354,"Arizona","gfdl-esm4","ssp585",NA,0.0118185868258825,25.865903477723
"3415",4355,"Arizona","gfdl-esm4","ssp585",NA,0.00291029792892724,27.6131673897262
"3416",4356,"Arizona","gfdl-esm4","ssp585",NA,0.0300830097236334,28.5422063429648
"3417",4357,"Arizona","gfdl-esm4","ssp585",NA,0.00263959048778012,27.6012477098313
"3418",4358,"Arizona","gfdl-esm4","ssp585",NA,0.0203491231666602,30.8617241127603
"3419",4359,"Arizona","gfdl-esm4","ssp585",NA,1.2447457428362,31.213919495632
"3420",4360,"Arizona","gfdl-esm4","ssp585",NA,2.87921027670569,31.0869828833039
"3421",4361,"Arizona","gfdl-esm4","ssp585",NA,0.456880105240432,31.8942929659722
"3422",4362,"Arizona","gfdl-esm4","ssp585",NA,1.92493238470271,29.3860440375983
"3423",4363,"Arizona","gfdl-esm4","ssp585",NA,0.914761837892774,29.1696800415194
"3424",4364,"Arizona","gfdl-esm4","ssp585",NA,2.12927168199695,28.9789861898507
"3425",4365,"Arizona","gfdl-esm4","ssp585",NA,0.865502028264777,29.2272020110891
"3426",4366,"Arizona","gfdl-esm4","ssp585",NA,1.62315774003025,29.175302413381
"3427",4367,"Arizona","gfdl-esm4","ssp585",NA,0.154841713025492,32.0614488912744
"3428",4368,"Arizona","gfdl-esm4","ssp585",NA,0.058721839531154,31.183966974965
"3429",4369,"Arizona","gfdl-esm4","ssp585",NA,0.00452640359947816,27.4168673316387
"3430",4370,"Arizona","gfdl-esm4","ssp585",NA,0.235882359455303,24.4652713741877
"3431",4371,"Arizona","gfdl-esm4","ssp585",NA,0.605810212227799,21.3598494615326
"3432",4372,"Arizona","gfdl-esm4","ssp585",NA,0.290544877462764,23.170877673201
"3433",4373,"Arizona","gfdl-esm4","ssp585",NA,0.000433799426470779,22.8292961188122
"3434",4374,"Arizona","gfdl-esm4","ssp585",NA,1.5406383023219,19.9839531475313
"3435",4375,"Arizona","gfdl-esm4","ssp585",NA,0.00312005644245824,21.225329481817
"3436",4376,"Arizona","gfdl-esm4","ssp585",NA,1.3101964020844,17.1568776667194
"3437",4377,"Arizona","gfdl-esm4","ssp585",NA,0.0012129003479494,14.9309461977027
"3438",4378,"Arizona","gfdl-esm4","ssp585",NA,0.22819315154576,15.8637021996731
"3439",4379,"Arizona","gfdl-esm4","ssp585",NA,6.12468581306514,12.563999906171
"3440",4380,"Arizona","gfdl-esm4","ssp585",NA,1.85791982557942,14.2387253096975
"3441",4381,"Arizona","gfdl-esm4","ssp585",NA,0.00889987605670629,12.8038941895766
"3442",4382,"Arizona","gfdl-esm4","ssp585",NA,0.00993959495423045,12.4129927566471
"3443",4383,"Arizona","gfdl-esm4","ssp585",NA,0.146746609484563,9.96296253228461
"3444",4384,"Arizona","gfdl-esm4","ssp585",NA,1.59665082468559,7.26058426771396
"3445",4385,"Arizona","gfdl-esm4","ssp585",NA,0.00220166816384318,6.92585863578789
"3446",4386,"Arizona","gfdl-esm4","ssp585",NA,0.0361817162520172,5.95949413815584
"3447",4387,"Arizona","gfdl-esm4","ssp585",NA,6.92415355507639,9.96218589657329
"3448",4388,"Arizona","gfdl-esm4","ssp585",NA,16.259810021039,13.0810463077049
"3449",4389,"Arizona","gfdl-esm4","ssp585",NA,3.81251305020916,7.52573622596251
"3450",4390,"Arizona","gfdl-esm4","ssp585",NA,3.52652217069982,9.15938585669596
"3451",4391,"Arizona","gfdl-esm4","ssp585",NA,0.00550283494737107,12.6196378107469
"3452",4392,"Arizona","gfdl-esm4","ssp585",NA,1.66502959627963,9.2868073165643
"3453",4393,"Arizona","gfdl-esm4","ssp585",NA,1.1916298634278,10.3270126246321
"3454",4394,"Arizona","gfdl-esm4","ssp585",NA,0.0174178694201451,12.1443835927623
"3455",4395,"Arizona","gfdl-esm4","ssp585",NA,0.00387838264870532,12.8059794545325
"3456",4396,"Arizona","gfdl-esm4","ssp585",NA,0.0254733195173071,13.7932439406211
"3457",4397,"Arizona","gfdl-esm4","ssp585",NA,0.757883006907949,12.9564824274307
"3458",4398,"Arizona","gfdl-esm4","ssp585",NA,0.154550821339289,14.6441376774109
"3459",4399,"Arizona","gfdl-esm4","ssp585",NA,0.00283022365368642,18.2841370091879
"3460",4400,"Arizona","gfdl-esm4","ssp585",NA,0.0167730521457174,18.6996922470074
"3461",4401,"Arizona","gfdl-esm4","ssp585",NA,0.0233049310721585,16.784814375963
"3462",4402,"Arizona","gfdl-esm4","ssp585",NA,0.00627415449019726,19.5764967193797
"3463",4403,"Arizona","gfdl-esm4","ssp585",NA,0.0522598637548756,20.6077528537601
"3464",4404,"Arizona","gfdl-esm4","ssp585",NA,0.0211130501098091,21.1910465901179
"3465",4405,"Arizona","gfdl-esm4","ssp585",NA,0.129708044333997,21.5939353740321
"3466",4406,"Arizona","gfdl-esm4","ssp585",NA,0.0300962538020378,26.6482874893208
"3467",4407,"Arizona","gfdl-esm4","ssp585",NA,0.159053229609203,29.3460613419525
"3468",4408,"Arizona","gfdl-esm4","ssp585",NA,0.0153575929721544,27.6948963575207
"3469",4409,"Arizona","gfdl-esm4","ssp585",NA,0.0362233766859062,26.3483282848797
"3470",4410,"Arizona","gfdl-esm4","ssp585",NA,0.0201676658576161,28.7744940332155
"3471",4411,"Arizona","gfdl-esm4","ssp585",NA,0.021533793563916,29.6757641123158
"3472",4412,"Arizona","gfdl-esm4","ssp585",NA,0.117755440423268,30.954303757852
"3473",4413,"Arizona","gfdl-esm4","ssp585",NA,0.957659454709672,30.8186314405593
"3474",4414,"Arizona","gfdl-esm4","ssp585",NA,0.0449421603453789,31.0095376035206
"3475",4415,"Arizona","gfdl-esm4","ssp585",NA,0.0207120810858946,30.8282977966232
"3476",4416,"Arizona","gfdl-esm4","ssp585",NA,0.137085772060629,31.6797171610797
"3477",4417,"Arizona","gfdl-esm4","ssp585",NA,0.219513259058513,30.7126134127341
"3478",4418,"Arizona","gfdl-esm4","ssp585",NA,0.3231062896975,32.6695350540875
"3479",4419,"Arizona","gfdl-esm4","ssp585",NA,0.159922623752255,30.1182936098121
"3480",4420,"Arizona","gfdl-esm4","ssp585",NA,0.270784778385101,28.3646990943648
"3481",4421,"Arizona","gfdl-esm4","ssp585",NA,0.313317072421769,26.6144739355963
"3482",4422,"Arizona","gfdl-esm4","ssp585",NA,0.189464282533256,24.8914427553507
"3483",4423,"Arizona","gfdl-esm4","ssp585",NA,0.0220833451128165,26.3443442169846
"3484",4424,"Arizona","gfdl-esm4","ssp585",NA,0.177122102518866,25.5992465900561
"3485",4425,"Arizona","gfdl-esm4","ssp585",NA,4.27828170400344,21.6736879138971
"3486",4426,"Arizona","gfdl-esm4","ssp585",NA,0.000588795351654565,19.3866249132699
"3487",4427,"Arizona","gfdl-esm4","ssp585",NA,3.49119951178643,19.4283104974913
"3488",4428,"Arizona","gfdl-esm4","ssp585",NA,0.10314230648701,15.9365101193357
"3489",4429,"Arizona","gfdl-esm4","ssp585",NA,0.0565099971998524,13.970091492548
"3490",4430,"Arizona","gfdl-esm4","ssp585",NA,0.122315435926934,17.8351401385707
"3491",4431,"Arizona","gfdl-esm4","ssp585",NA,0.0149104894889207,13.580322798043
"3492",4432,"Arizona","gfdl-esm4","ssp585",NA,0.0013001536105023,11.8564296023132
"3493",4433,"Arizona","gfdl-esm4","ssp585",NA,0.000983408892361798,13.5732503203767
"3494",4434,"Arizona","gfdl-esm4","ssp585",NA,0.00929094827892147,8.07040134434757
"3495",4435,"Arizona","gfdl-esm4","ssp585",NA,0.172183928053872,4.61018419036674
"3496",4436,"Arizona","gfdl-esm4","ssp585",NA,4.87056474638205,8.66161495165339
"3497",4437,"Arizona","gfdl-esm4","ssp585",NA,0.519945523729296,5.67852956046048
"3498",4438,"Arizona","gfdl-esm4","ssp585",NA,4.32294390295476,9.66462195549544
"3499",4439,"Arizona","gfdl-esm4","ssp585",NA,0.24965123783016,11.685855978328
"3500",4440,"Arizona","gfdl-esm4","ssp585",NA,0.00333848724299709,10.1243605892215
"3501",4441,"Arizona","gfdl-esm4","ssp585",NA,0.237124527826593,11.8664586198616
"3502",4442,"Arizona","gfdl-esm4","ssp585",NA,0.00222118519622684,14.3169033585849
"3503",4443,"Arizona","gfdl-esm4","ssp585",NA,0.0596423611021446,10.2955189855602
"3504",4444,"Arizona","gfdl-esm4","ssp585",NA,0.169531985016936,12.8079277569063
"3505",4445,"Arizona","gfdl-esm4","ssp585",NA,1.98544666413029,13.7228009210676
"3506",4446,"Arizona","gfdl-esm4","ssp585",NA,2.55884520614302,9.05105875548161
"3507",4447,"Arizona","gfdl-esm4","ssp585",NA,0.0276880978203051,12.4641426481881
"3508",4448,"Arizona","gfdl-esm4","ssp585",NA,3.25593316152805,11.1838711397386
"3509",4449,"Arizona","gfdl-esm4","ssp585",NA,3.55723643072977,10.8833637763215
"3510",4450,"Arizona","gfdl-esm4","ssp585",NA,0.356181311878185,14.5219165131657
"3511",4451,"Arizona","gfdl-esm4","ssp585",NA,0.133673591283566,18.8330989331271
"3512",4452,"Arizona","gfdl-esm4","ssp585",NA,0.00713274576096336,16.7595744869652
"3513",4453,"Arizona","gfdl-esm4","ssp585",NA,0.00525415937033454,24.4982094090748
"3514",4454,"Arizona","gfdl-esm4","ssp585",NA,0.00236320497117691,23.8217068099494
"3515",4455,"Arizona","gfdl-esm4","ssp585",NA,0.00157324367021205,20.8018091561068
"3516",4456,"Arizona","gfdl-esm4","ssp585",NA,0.0111033851091137,23.3996252858081
"3517",4457,"Arizona","gfdl-esm4","ssp585",NA,0.0215251768469194,20.632599023561
"3518",4458,"Arizona","gfdl-esm4","ssp585",NA,0.0616279457303082,22.4658497806747
"3519",4459,"Arizona","gfdl-esm4","ssp585",NA,0.0326189994188174,25.3319922754647
"3520",4460,"Arizona","gfdl-esm4","ssp585",NA,0.0875084259008154,25.9694797520692
"3521",4461,"Arizona","gfdl-esm4","ssp585",NA,0.297201508928694,25.0635391717614
"3522",4462,"Arizona","gfdl-esm4","ssp585",NA,0.507038275044408,28.463893839261
"3523",4463,"Arizona","gfdl-esm4","ssp585",NA,0.256553713099858,29.7221783007442
"3524",4464,"Arizona","gfdl-esm4","ssp585",NA,0.140671825579059,28.9750747699955
"3525",4465,"Arizona","gfdl-esm4","ssp585",NA,0.243555952526955,29.3772444039018
"3526",4466,"Arizona","gfdl-esm4","ssp585",NA,0.201257112540932,30.431380234054
"3527",4467,"Arizona","gfdl-esm4","ssp585",NA,0.052619161740032,29.2397073507008
"3528",4468,"Arizona","gfdl-esm4","ssp585",NA,0.0483401109526353,27.7328768917041
"3529",4469,"Arizona","gfdl-esm4","ssp585",NA,0.0697093023804693,30.7109625699397
"3530",4470,"Arizona","gfdl-esm4","ssp585",NA,0.272692918410301,29.9146789010647
"3531",4471,"Arizona","gfdl-esm4","ssp585",NA,0.00534940783500903,29.3842912251971
"3532",4472,"Arizona","gfdl-esm4","ssp585",NA,0.0918442643222782,29.5546227533507
"3533",4473,"Arizona","gfdl-esm4","ssp585",NA,1.94612779638668,27.0049439942641
"3534",4474,"Arizona","gfdl-esm4","ssp585",NA,1.36391744683843,24.4052317237131
"3535",4475,"Arizona","gfdl-esm4","ssp585",NA,0.0207321631069653,27.4383427944256
"3536",4476,"Arizona","gfdl-esm4","ssp585",NA,9.9969196406164,23.9951536774183
"3537",4477,"Arizona","gfdl-esm4","ssp585",NA,0.339143738357396,22.3686772207846
"3538",4478,"Arizona","gfdl-esm4","ssp585",NA,0.223183050908998,22.9558860807745
"3539",4479,"Arizona","gfdl-esm4","ssp585",NA,4.38319128785114,20.473483573441
"3540",4480,"Arizona","gfdl-esm4","ssp585",NA,0.0212378161102792,12.1648878943905
"3541",4481,"Arizona","gfdl-esm4","ssp585",NA,0.00137559488661795,15.0585850615568
"3542",4482,"Arizona","gfdl-esm4","ssp585",NA,0.345926876102699,12.4518476136566
"3543",4483,"Arizona","gfdl-esm4","ssp585",NA,0.0108596777766984,9.88120470589545
"3544",4484,"Arizona","gfdl-esm4","ssp585",NA,0.0131396651968558,11.2488628556243
"3545",4485,"Arizona","gfdl-esm4","ssp585",NA,0.000715424667379504,10.1737413485946
"3546",4486,"Arizona","gfdl-esm4","ssp585",NA,0.900570017701745,10.0003244199886
"3547",4487,"Arizona","gfdl-esm4","ssp585",NA,0.00383808999458491,7.6869987863958
"3548",4488,"Arizona","gfdl-esm4","ssp585",NA,1.41516866521673,9.52168649319001
"3549",4489,"Arizona","gfdl-esm4","ssp585",NA,0.00448668178286599,7.61759961462204
"3550",4490,"Arizona","gfdl-esm4","ssp585",NA,1.53927828143076,11.6149216296248
"3551",4491,"Arizona","gfdl-esm4","ssp585",NA,2.27074865124979,10.9435092545038
"3552",4492,"Arizona","gfdl-esm4","ssp585",NA,1.21529142886236,8.96202883328562
"3553",4493,"Arizona","gfdl-esm4","ssp585",NA,0.0138080357119156,9.52057613175077
"3554",4494,"Arizona","gfdl-esm4","ssp585",NA,0.0970171210779737,7.0956173517008
"3555",4495,"Arizona","gfdl-esm4","ssp585",NA,0.690300920710422,8.78891696471784
"3556",4496,"Arizona","gfdl-esm4","ssp585",NA,2.09433707940019,7.36273200303959
"3557",4497,"Arizona","gfdl-esm4","ssp585",NA,1.59389817021104,12.4219578257102
"3558",4498,"Arizona","gfdl-esm4","ssp585",NA,1.08127704997061,12.0079270007186
"3559",4499,"Arizona","gfdl-esm4","ssp585",NA,0.000307759562655625,13.8546998613553
"3560",4500,"Arizona","gfdl-esm4","ssp585",NA,6.6040382454631,14.7727566917989
"3561",4501,"Arizona","gfdl-esm4","ssp585",NA,0.829559179774622,12.1918520072619
"3562",4502,"Arizona","gfdl-esm4","ssp585",NA,0.0870771537487871,15.7121526011625
"3563",4503,"Arizona","gfdl-esm4","ssp585",NA,2.31363118999164,13.6858312864822
"3564",4504,"Arizona","gfdl-esm4","ssp585",NA,0.295562548076195,14.8363604944666
"3565",4505,"Arizona","gfdl-esm4","ssp585",NA,0.00290943823912117,22.4385209229442
"3566",4506,"Arizona","gfdl-esm4","ssp585",NA,0.300920089920385,16.5575831899149
"3567",4507,"Arizona","gfdl-esm4","ssp585",NA,0.898209429972548,16.4162931690626
"3568",4508,"Arizona","gfdl-esm4","ssp585",NA,0.181154928869648,20.7253713036307
"3569",4509,"Arizona","gfdl-esm4","ssp585",NA,0.0316892060628445,22.2741650915327
"3570",4510,"Arizona","gfdl-esm4","ssp585",NA,0.0158506051452381,27.782428564947
"3571",4511,"Arizona","gfdl-esm4","ssp585",NA,0.0160141179104126,25.6351746531413
"3572",4512,"Arizona","gfdl-esm4","ssp585",NA,0.00337451248036832,25.4883231412596
"3573",4513,"Arizona","gfdl-esm4","ssp585",NA,0.0189703641298079,30.4021725197658
"3574",4514,"Arizona","gfdl-esm4","ssp585",NA,0.427914802746564,30.5436520891154
"3575",4515,"Arizona","gfdl-esm4","ssp585",NA,2.40239392233129,28.3470851276075
"3576",4516,"Arizona","gfdl-esm4","ssp585",NA,2.07661965263798,31.0669417081078
"3577",4517,"Arizona","gfdl-esm4","ssp585",NA,1.9488447814582,29.805240975439
"3578",4518,"Arizona","gfdl-esm4","ssp585",NA,0.00535955174009486,30.3749102914379
"3579",4519,"Arizona","gfdl-esm4","ssp585",NA,0.0288249183523509,33.0412912785932
"3580",4520,"Arizona","gfdl-esm4","ssp585",NA,0.0408961365701658,31.2026096657465
"3581",4521,"Arizona","gfdl-esm4","ssp585",NA,0.10087676580448,30.1983067643929
"3582",4522,"Arizona","gfdl-esm4","ssp585",NA,0.158293887868761,32.201947847118
"3583",4523,"Arizona","gfdl-esm4","ssp585",NA,2.4811976989385,27.9803405375909
"3584",4524,"Arizona","gfdl-esm4","ssp585",NA,0.733838073514799,27.9107734998469
"3585",4525,"Arizona","gfdl-esm4","ssp585",NA,0.0142849623597982,24.9459392793562
"3586",4526,"Arizona","gfdl-esm4","ssp585",NA,0.645041704181646,26.5957830957155
"3587",4527,"Arizona","gfdl-esm4","ssp585",NA,0.0403863850705191,24.4458896641786
"3588",4528,"Arizona","gfdl-esm4","ssp585",NA,0.00578142720810785,26.265133393067
"3589",4529,"Arizona","gfdl-esm4","ssp585",NA,0.0181455589540315,25.9967037851982
"3590",4530,"Arizona","gfdl-esm4","ssp585",NA,0.00558519581371143,23.9777202697831
"3591",4531,"Arizona","gfdl-esm4","ssp585",NA,0.0812782826857159,19.9091906753714
"3592",4532,"Arizona","gfdl-esm4","ssp585",NA,0.537421609187364,16.4174429988741
"3593",4533,"Arizona","gfdl-esm4","ssp585",NA,0.00374774451857428,15.0714149831972
"3594",4534,"Arizona","gfdl-esm4","ssp585",NA,0.0218250691737029,13.1384153035739
"3595",4535,"Arizona","gfdl-esm4","ssp585",NA,2.33045243029045,13.7893596046342
"3596",4536,"Arizona","gfdl-esm4","ssp585",NA,0.468065353581779,13.4892137452715
"3597",4537,"Arizona","gfdl-esm4","ssp585",NA,2.84701818816782,7.33119345567322
"3598",4538,"Arizona","gfdl-esm4","ssp585",NA,0.016926444127898,11.7555342065399
"3599",4539,"Arizona","gfdl-esm4","ssp585",NA,0.000570696788824101,9.81085030691967
"3600",4540,"Arizona","gfdl-esm4","ssp585",NA,0.000481439056978755,13.0069162168636
"3601",4541,"Arizona","gfdl-esm4","ssp585",NA,0.0111143561939967,10.5939516552179
"3602",4542,"Arizona","gfdl-esm4","ssp585",NA,3.24418755553687,11.3458355273067
"3603",4543,"Arizona","gfdl-esm4","ssp585",NA,1.76793357327019,9.79461217752452
"3604",4544,"Arizona","gfdl-esm4","ssp585",NA,6.44754808422574,7.14338608077446
"3605",4545,"Arizona","gfdl-esm4","ssp585",NA,0.00354059207093179,7.31946980588508
"3606",4546,"Arizona","gfdl-esm4","ssp585",NA,2.03504124602141,10.7686557234464
"3607",4547,"Arizona","gfdl-esm4","ssp585",NA,0.153334824990429,6.87245480311959
"3608",4548,"Arizona","gfdl-esm4","ssp585",NA,0.813748316091082,7.13227691071678
"3609",4549,"Arizona","gfdl-esm4","ssp585",NA,0.47822907471011,10.9493275407292
"3610",4550,"Arizona","gfdl-esm4","ssp585",NA,5.15397502292715,12.2670012926181
"3611",4551,"Arizona","gfdl-esm4","ssp585",NA,1.67812308088474,7.7565356152097
"3612",4552,"Arizona","gfdl-esm4","ssp585",NA,0.0631149006967669,12.3932231917544
"3613",4553,"Arizona","gfdl-esm4","ssp585",NA,0.00181740610549749,18.8253928009689
"3614",4554,"Arizona","gfdl-esm4","ssp585",NA,0.189649863981555,19.884749104612
"3615",4555,"Arizona","gfdl-esm4","ssp585",NA,2.11860534950074,13.5365169944715
"3616",4556,"Arizona","gfdl-esm4","ssp585",NA,0.00655631573646189,19.5252445881647
"3617",4557,"Arizona","gfdl-esm4","ssp585",NA,0.00685775510752417,22.634419236985
"3618",4558,"Arizona","gfdl-esm4","ssp585",NA,0.417308018453565,18.4142596026588
"3619",4559,"Arizona","gfdl-esm4","ssp585",NA,0.00268378532397433,22.8226572916873
"3620",4560,"Arizona","gfdl-esm4","ssp585",NA,0.00938089293061374,24.3114159816737
"3621",4561,"Arizona","gfdl-esm4","ssp585",NA,0.00318638906727619,25.2817535516134
"3622",4562,"Arizona","gfdl-esm4","ssp585",NA,0.271815643918097,28.1969305026396
"3623",4563,"Arizona","gfdl-esm4","ssp585",NA,0.0383893974387835,31.0911291071799
"3624",4564,"Arizona","gfdl-esm4","ssp585",NA,0.052519601228749,28.8985300867054
"3625",4565,"Arizona","gfdl-esm4","ssp585",NA,0.00432003772516653,27.5256068638393
"3626",4566,"Arizona","gfdl-esm4","ssp585",NA,0.446247487262552,31.4533516171307
"3627",4567,"Arizona","gfdl-esm4","ssp585",NA,0.0374203809682439,32.262649161897
"3628",4568,"Arizona","gfdl-esm4","ssp585",NA,0.0534188727777477,32.4281483415105
"3629",4569,"Arizona","gfdl-esm4","ssp585",NA,0.119311154443386,31.4540367772697
"3630",4570,"Arizona","gfdl-esm4","ssp585",NA,1.06006593180479,32.7082480873079
"3631",4571,"Arizona","gfdl-esm4","ssp585",NA,0.10024663198972,32.4445230476775
"3632",4572,"Arizona","gfdl-esm4","ssp585",NA,1.55296804805265,31.1868945019285
"3633",4573,"Arizona","gfdl-esm4","ssp585",NA,0.337515330454938,32.0994880685915
"3634",4574,"Arizona","gfdl-esm4","ssp585",NA,0.136459865056151,31.7423664310036
"3635",4575,"Arizona","gfdl-esm4","ssp585",NA,1.71568117391517,29.7054925930636
"3636",4576,"Arizona","gfdl-esm4","ssp585",NA,0.0657866379828303,29.2238676088046
"3637",4577,"Arizona","gfdl-esm4","ssp585",NA,1.70515947001657,25.7630674957777
"3638",4578,"Arizona","gfdl-esm4","ssp585",NA,0.906501266565375,26.8504611973817
"3639",4579,"Arizona","gfdl-esm4","ssp585",NA,4.69506744527812,22.2528394002227
"3640",4580,"Arizona","gfdl-esm4","ssp585",NA,0.0383303792555085,25.3651480229857
"3641",4581,"Arizona","gfdl-esm4","ssp585",NA,0.2592973193361,23.6242903717851
"3642",4582,"Arizona","gfdl-esm4","ssp585",NA,0.00382330247308684,21.2304004538979
"3643",4583,"Arizona","gfdl-esm4","ssp585",NA,0.00258835040483734,23.2361290778583
"3644",4584,"Arizona","gfdl-esm4","ssp585",NA,0.00851282870521555,21.7003943056283
"3645",4585,"Arizona","gfdl-esm4","ssp585",NA,0.00245521705081129,21.2699068284065
"3646",4586,"Arizona","gfdl-esm4","ssp585",NA,0.00445983101155443,15.0411346396966
"3647",4587,"Arizona","gfdl-esm4","ssp585",NA,0.0201799886162779,10.8758709199812
"3648",4588,"Arizona","gfdl-esm4","ssp585",NA,0.00206375637248585,14.6021168628023
"3649",4589,"Arizona","gfdl-esm4","ssp585",NA,0.0826771960281161,9.82305108804621
"3650",4590,"Arizona","gfdl-esm4","ssp585",NA,0.0016631618842386,9.4836523314041
"3651",4591,"Arizona","gfdl-esm4","ssp585",NA,2.34835724976046,8.64235577492891
"3652",4592,"Arizona","gfdl-esm4","ssp585",NA,1.42238836010154,12.3582077238563
"3653",4593,"Arizona","gfdl-esm4","ssp585",NA,5.23137202290497,9.59524315449443
"3654",4594,"Arizona","gfdl-esm4","ssp585",NA,1.54423620890511,5.64592899365916
"3655",4595,"Arizona","gfdl-esm4","ssp585",NA,1.92099206004372,7.76373159068576
"3656",4596,"Arizona","gfdl-esm4","ssp585",NA,5.61182402271938,13.6955878449451
"3657",4597,"Arizona","gfdl-esm4","ssp585",NA,1.56703393419261,8.57513411530354
"3658",4598,"Arizona","gfdl-esm4","ssp585",NA,1.7084638685781,8.53663620978935
"3659",4599,"Arizona","gfdl-esm4","ssp585",NA,0.549402852106159,8.70746851943991
"3660",4600,"Arizona","gfdl-esm4","ssp585",NA,0.117706147699789,10.3215758660048
"3661",4601,"Arizona","gfdl-esm4","ssp585",NA,0.000976535471813523,13.7861671418818
"3662",4602,"Arizona","gfdl-esm4","ssp585",NA,4.10622291443675,11.6821285513047
"3663",4603,"Arizona","gfdl-esm4","ssp585",NA,0.230021366906333,12.1264151051132
"3664",4604,"Arizona","gfdl-esm4","ssp585",NA,0.0975588990218142,12.3463285154398
"3665",4605,"Arizona","gfdl-esm4","ssp585",NA,0.0544705727808117,16.0675387492222
"3666",4606,"Arizona","gfdl-esm4","ssp585",NA,0.0476093989937746,16.0449122606126
"3667",4607,"Arizona","gfdl-esm4","ssp585",NA,2.13692936701974,16.311091515388
"3668",4608,"Arizona","gfdl-esm4","ssp585",NA,0.00519490574406196,19.5423943868027
"3669",4609,"Arizona","gfdl-esm4","ssp585",NA,0.00389952451096569,21.5886436028366
"3670",4610,"Arizona","gfdl-esm4","ssp585",NA,0.00641634443976964,24.851906056169
"3671",4611,"Arizona","gfdl-esm4","ssp585",NA,0.3042392524467,22.563541486622
"3672",4612,"Arizona","gfdl-esm4","ssp585",NA,0.00188391037024755,26.6735107499037
"3673",4613,"Arizona","gfdl-esm4","ssp585",NA,0.589351553536806,23.4424105831103
"3674",4614,"Arizona","gfdl-esm4","ssp585",NA,0.0049836873100956,28.1877349506287
"3675",4615,"Arizona","gfdl-esm4","ssp585",NA,0.00412509163098225,27.6224294553967
"3676",4616,"Arizona","gfdl-esm4","ssp585",NA,0.00326977238457079,28.3816789050772
"3677",4617,"Arizona","gfdl-esm4","ssp585",NA,0.00978670475372954,28.6622749955555
"3678",4618,"Arizona","gfdl-esm4","ssp585",NA,0.648635437910263,31.9058406477783
"3679",4619,"Arizona","gfdl-esm4","ssp585",NA,0.169993890289812,32.5364659517966
"3680",4620,"Arizona","gfdl-esm4","ssp585",NA,2.24489663819906,30.9314749118501
"3681",4621,"Arizona","gfdl-esm4","ssp585",NA,17.34923047742,26.0017418090975
"3682",4622,"Arizona","gfdl-esm4","ssp585",NA,0.53676473055064,28.3667292656398
"3683",4623,"Arizona","gfdl-esm4","ssp585",NA,1.16920657447689,29.7672445072989
"3684",4624,"Arizona","gfdl-esm4","ssp585",NA,1.44347274587081,29.368914301085
"3685",4625,"Arizona","gfdl-esm4","ssp585",NA,1.20840081787079,28.6532365454133
"3686",4626,"Arizona","gfdl-esm4","ssp585",NA,0.93755193334943,28.6881781306791
"3687",4627,"Arizona","gfdl-esm4","ssp585",NA,1.12653750222742,30.0035291515018
"3688",4628,"Arizona","gfdl-esm4","ssp585",NA,0.0154984515263455,28.9713409771057
"3689",4629,"Arizona","gfdl-esm4","ssp585",NA,1.19007801506877,28.447814586461
"3690",4630,"Arizona","gfdl-esm4","ssp585",NA,4.26996799017394,24.0541881768652
"3691",4631,"Arizona","gfdl-esm4","ssp585",NA,0.00532710943353029,25.5909377067942
"3692",4632,"Arizona","gfdl-esm4","ssp585",NA,1.14472694323609,24.4316571685367
"3693",4633,"Arizona","gfdl-esm4","ssp585",NA,0.231901149238112,21.9554560568481
"3694",4634,"Arizona","gfdl-esm4","ssp585",NA,1.02858932102074,23.2609711966533
"3695",4635,"Arizona","gfdl-esm4","ssp585",NA,0.366933273974353,19.2519364888689
"3696",4636,"Arizona","gfdl-esm4","ssp585",NA,0.00153856156311836,17.2626262447777
"3697",4637,"Arizona","gfdl-esm4","ssp585",NA,0.00360762831764475,17.4645394152848
"3698",4638,"Arizona","gfdl-esm4","ssp585",NA,0.00343971446966479,14.6459518721975
"3699",4639,"Arizona","gfdl-esm4","ssp585",NA,0.932740072053363,14.8532343617282
"3700",4640,"Arizona","gfdl-esm4","ssp585",NA,3.31251555957312,8.95798693245795
"3701",4641,"Arizona","gfdl-esm4","ssp585",NA,0.0881188997906519,8.82979882935962
"3702",4642,"Arizona","gfdl-esm4","ssp585",NA,0.0107823223713646,10.8080318098876
"3703",4643,"Arizona","gfdl-esm4","ssp585",NA,0.00382842802740713,11.9648560882067
"3704",4644,"Arizona","gfdl-esm4","ssp585",NA,1.99530988002256,7.48221862252837
"3705",4645,"Arizona","gfdl-esm4","ssp585",NA,0.0414499130169956,6.87549568108755
"3706",4646,"Arizona","gfdl-esm4","ssp585",NA,1.29136332926175,6.80541489862765
"3707",4647,"Arizona","gfdl-esm4","ssp585",NA,8.63773546258711,8.82211893228757
"3708",4648,"Arizona","gfdl-esm4","ssp585",NA,7.33525307408298,7.22062221290793
"3709",4649,"Arizona","gfdl-esm4","ssp585",NA,0.048955828714349,7.20876106040369
"3710",4650,"Arizona","gfdl-esm4","ssp585",NA,3.55100411858298,10.5253607555828
"3711",4651,"Arizona","gfdl-esm4","ssp585",NA,0.065121616035935,7.67530739033119
"3712",4652,"Arizona","gfdl-esm4","ssp585",NA,0.0245502886653817,8.6439482060757
"3713",4653,"Arizona","gfdl-esm4","ssp585",NA,0.177690289194757,9.8187391973175
"3714",4654,"Arizona","gfdl-esm4","ssp585",NA,0.488451048558781,8.86221463170879
"3715",4655,"Arizona","gfdl-esm4","ssp585",NA,0.488273888531487,10.011843744753
"3716",4656,"Arizona","gfdl-esm4","ssp585",NA,3.82315741615931,9.89041862246664
"3717",4657,"Arizona","gfdl-esm4","ssp585",NA,0.214986675908914,11.4106442148857
"3718",4658,"Arizona","gfdl-esm4","ssp585",NA,0.276779334294433,17.5791416018712
"3719",4659,"Arizona","gfdl-esm4","ssp585",NA,0.00355835179949895,15.513942628805
"3720",4660,"Arizona","gfdl-esm4","ssp585",NA,0.00144749888005241,17.0448428919584
"3721",4661,"Arizona","gfdl-esm4","ssp585",NA,0.0312231453700761,20.007294773724
"3722",4662,"Arizona","gfdl-esm4","ssp585",NA,0.0475303347267726,20.6891460896141
"3723",4663,"Arizona","gfdl-esm4","ssp585",NA,0.275717319752199,23.0560951203975
"3724",4664,"Arizona","gfdl-esm4","ssp585",NA,0.00483961110944476,20.8883652640052
"3725",4665,"Arizona","gfdl-esm4","ssp585",NA,0.00143914090199561,24.3862024512213
"3726",4666,"Arizona","gfdl-esm4","ssp585",NA,0.00396112336556535,27.9811765108941
"3727",4667,"Arizona","gfdl-esm4","ssp585",NA,0.00145704213230104,25.5632905557394
"3728",4668,"Arizona","gfdl-esm4","ssp585",NA,0.0264519841215066,28.3600551368916
"3729",4669,"Arizona","gfdl-esm4","ssp585",NA,0.200002529903626,31.3360856433584
"3730",4670,"Arizona","gfdl-esm4","ssp585",NA,0.652795538511766,30.8208946025477
"3731",4671,"Arizona","gfdl-esm4","ssp585",NA,0.0906274594328579,30.1620581317039
"3732",4672,"Arizona","gfdl-esm4","ssp585",NA,0.282122994948486,32.2142251343854
"3733",4673,"Arizona","gfdl-esm4","ssp585",NA,0.326422900063942,32.0876973650097
"3734",4674,"Arizona","gfdl-esm4","ssp585",NA,0.0145955407066202,29.5175277690671
"3735",4675,"Arizona","gfdl-esm4","ssp585",NA,0.202011131220679,29.664161954125
"3736",4676,"Arizona","gfdl-esm4","ssp585",NA,0.682668364434327,31.2183931951125
"3737",4677,"Arizona","gfdl-esm4","ssp585",NA,0.0139283892548026,33.4299768884324
"3738",4678,"Arizona","gfdl-esm4","ssp585",NA,0.014528750917564,32.117235178411
"3739",4679,"Arizona","gfdl-esm4","ssp585",NA,0.309891360067552,31.0444126751269
"3740",4680,"Arizona","gfdl-esm4","ssp585",NA,0.865281426533269,28.5394826394719
"3741",4681,"Arizona","gfdl-esm4","ssp585",NA,2.91452426191644,27.1817857976207
"3742",4682,"Arizona","gfdl-esm4","ssp585",NA,2.79139225600379,27.7747613610269
"3743",4683,"Arizona","gfdl-esm4","ssp585",NA,1.30264013541186,24.7303573589108
"3744",4684,"Arizona","gfdl-esm4","ssp585",NA,0.00828924679436015,26.1739184354259
"3745",4685,"Arizona","gfdl-esm4","ssp585",NA,0.00250846704207779,25.3301631112467
"3746",4686,"Arizona","gfdl-esm4","ssp585",NA,0.0839172987720563,21.3920500975945
"3747",4687,"Arizona","gfdl-esm4","ssp585",NA,0.404681458850477,25.4644095516084
"3748",4688,"Arizona","gfdl-esm4","ssp585",NA,0,23.2991613028776
"3749",4689,"Arizona","gfdl-esm4","ssp585",NA,0.00912367028846742,20.8655732628669
"3750",4690,"Arizona","gfdl-esm4","ssp585",NA,0.00731084297805057,21.8229292878008
"3751",4691,"Arizona","gfdl-esm4","ssp585",NA,0.0543900459483661,16.715983965424
"3752",4692,"Arizona","gfdl-esm4","ssp585",NA,0.000926146212310763,14.5326360921944
"3753",4693,"Arizona","gfdl-esm4","ssp585",NA,0.0122561426981919,11.1177346095726
"3754",4694,"Arizona","gfdl-esm4","ssp585",NA,3.33999761977334,12.3192781740133
"3755",4695,"Arizona","gfdl-esm4","ssp585",NA,0.697143915007307,7.85280912184688
"3756",4696,"Arizona","gfdl-esm4","ssp585",NA,0.0151392607819976,8.5221417105153
"3757",4697,"Arizona","gfdl-esm4","ssp585",NA,4.04476964053836,6.43876174560241
"3758",4698,"Arizona","gfdl-esm4","ssp585",NA,9.2912643435496,6.93551449781726
"3759",4699,"Arizona","gfdl-esm4","ssp585",NA,0.00171527155403751,5.52050228769953
"3760",4700,"Arizona","gfdl-esm4","ssp585",NA,0.00216484666719498,8.14617363583728
"3761",4701,"Arizona","gfdl-esm4","ssp585",NA,0.00294205987228534,9.5559492456024
"3762",4702,"Arizona","gfdl-esm4","ssp585",NA,0.0050222115215615,11.040639375284
"3763",4703,"Arizona","gfdl-esm4","ssp585",NA,0.743573388425958,16.0744246877099
"3764",4704,"Arizona","gfdl-esm4","ssp585",NA,0.803163339519467,8.88271414929186
"3765",4705,"Arizona","gfdl-esm4","ssp585",NA,0.405530731421511,9.7684106954582
"3766",4706,"Arizona","gfdl-esm4","ssp585",NA,1.33283291306932,10.0285155632704
"3767",4707,"Arizona","gfdl-esm4","ssp585",NA,0.307764831561947,11.2414682651139
"3768",4708,"Arizona","gfdl-esm4","ssp585",NA,0.488303532021836,13.1248791565636
"3769",4709,"Arizona","gfdl-esm4","ssp585",NA,0.582000068167473,15.3014312551236
"3770",4710,"Arizona","gfdl-esm4","ssp585",NA,0.00746537360528501,19.1977992698004
"3771",4711,"Arizona","gfdl-esm4","ssp585",NA,0.755336171511212,20.1177509293394
"3772",4712,"Arizona","gfdl-esm4","ssp585",NA,0.39805058304789,16.2812969453718
"3773",4713,"Arizona","gfdl-esm4","ssp585",NA,0.00211320600829142,22.6846028285744
"3774",4714,"Arizona","gfdl-esm4","ssp585",NA,0.00744685821148935,23.0036762223081
"3775",4715,"Arizona","gfdl-esm4","ssp585",NA,0.101556980890494,25.6209238701012
"3776",4716,"Arizona","gfdl-esm4","ssp585",NA,0.447532121292717,18.9321751957446
"3777",4717,"Arizona","gfdl-esm4","ssp585",NA,0.0262817694887907,19.9861396104738
"3778",4718,"Arizona","gfdl-esm4","ssp585",NA,0.623092865505059,21.0018017254045
"3779",4719,"Arizona","gfdl-esm4","ssp585",NA,0.053482059233421,24.6066465433268
"3780",4720,"Arizona","gfdl-esm4","ssp585",NA,0.00117544530350088,26.7940671436103
"3781",4721,"Arizona","gfdl-esm4","ssp585",NA,0.0187477957662871,28.047454093229
"3782",4722,"Arizona","gfdl-esm4","ssp585",NA,0.840043535521886,29.909137626484
"3783",4723,"Arizona","gfdl-esm4","ssp585",NA,0.0281810263962231,30.4798134438458
"3784",4724,"Arizona","gfdl-esm4","ssp585",NA,0.0131035530467451,32.3777274381346
"3785",4725,"Arizona","gfdl-esm4","ssp585",NA,0.112267577936876,32.2365895422009
"3786",4726,"Arizona","gfdl-esm4","ssp585",NA,0.608021777913578,31.9592375744459
"3787",4727,"Arizona","gfdl-esm4","ssp585",NA,5.18120517318941,30.8951095330278
"3788",4728,"Arizona","gfdl-esm4","ssp585",NA,7.32948443780001,27.1624928239323
"3789",4729,"Arizona","gfdl-esm4","ssp585",NA,0.085782561522926,31.307459537781
"3790",4730,"Arizona","gfdl-esm4","ssp585",NA,0.0117607356376805,31.1929944295196
"3791",4731,"Arizona","gfdl-esm4","ssp585",NA,0.34303730599909,30.953408369795
"3792",4732,"Arizona","gfdl-esm4","ssp585",NA,0.626592143340168,29.2167670827449
"3793",4733,"Arizona","gfdl-esm4","ssp585",NA,0.288441567573188,28.423473326325
"3794",4734,"Arizona","gfdl-esm4","ssp585",NA,0.11948876594753,30.0051632501383
"3795",4735,"Arizona","gfdl-esm4","ssp585",NA,0.242366511167931,27.2405764650907
"3796",4736,"Arizona","gfdl-esm4","ssp585",NA,0.925078886628998,26.557682188784
"3797",4737,"Arizona","gfdl-esm4","ssp585",NA,4.32216822617666,24.2807292258242
"3798",4738,"Arizona","gfdl-esm4","ssp585",NA,0.1381382708438,24.4584943498884
"3799",4739,"Arizona","gfdl-esm4","ssp585",NA,0.003631439440383,21.2410203395993
"3800",4740,"Arizona","gfdl-esm4","ssp585",NA,0.000565713829015482,18.9015274452952
"3801",4741,"Arizona","gfdl-esm4","ssp585",NA,0.00141569625572069,18.678681801122
"3802",4742,"Arizona","gfdl-esm4","ssp585",NA,0.961487132523299,16.400554007857
"3803",4743,"Arizona","gfdl-esm4","ssp585",NA,1.62364295599774,12.8716409367346
"3804",4744,"Arizona","gfdl-esm4","ssp585",NA,0.0114222647091184,12.4617232331133
"3805",4745,"Arizona","gfdl-esm4","ssp585",NA,1.11595342637428,12.814235481812
"3806",4746,"Arizona","gfdl-esm4","ssp585",NA,0.0642084136376995,12.1823947988479
"3807",4747,"Arizona","gfdl-esm4","ssp585",NA,1.86243199081329,11.7222821608205
"3808",4748,"Arizona","gfdl-esm4","ssp585",NA,0.28292636029498,8.93395131107531
"3809",4749,"Arizona","gfdl-esm4","ssp585",NA,1.86696886506952,9.89015812349382
"3810",4750,"Arizona","gfdl-esm4","ssp585",NA,3.84332546154458,7.75411326797816
"3811",4751,"Arizona","gfdl-esm4","ssp585",NA,0.917194252065747,9.85020058266585
"3812",4752,"Arizona","gfdl-esm4","ssp585",NA,2.61522221674334,8.7935695643371
"3813",4753,"Arizona","gfdl-esm4","ssp585",NA,0.0662355886256574,8.30694752921048
"3814",4754,"Arizona","gfdl-esm4","ssp585",NA,0.528748147634361,11.1408525430749
"3815",4755,"Arizona","gfdl-esm4","ssp585",NA,0.00279635305502587,11.0048403656739
"3816",4756,"Arizona","gfdl-esm4","ssp585",NA,5.99796688799609,9.81031171603392
"3817",4757,"Arizona","gfdl-esm4","ssp585",NA,0.444100130359222,10.0191278778346
"3818",4758,"Arizona","gfdl-esm4","ssp585",NA,0.0505313445212487,10.7493985915154
"3819",4759,"Arizona","gfdl-esm4","ssp585",NA,0.620978177323492,11.5434264287937
"3820",4760,"Arizona","gfdl-esm4","ssp585",NA,0.0293784033887997,15.5702955166399
"3821",4761,"Arizona","gfdl-esm4","ssp585",NA,0.0710466736303975,13.689753740506
"3822",4762,"Arizona","gfdl-esm4","ssp585",NA,4.45179765137497,12.7805433039418
"3823",4763,"Arizona","gfdl-esm4","ssp585",NA,0.564574061944125,10.5091418395302
"3824",4764,"Arizona","gfdl-esm4","ssp585",NA,1.19805178286221,13.6723743848644
"3825",4765,"Arizona","gfdl-esm4","ssp585",NA,0.0811412745186227,18.2339847839587
"3826",4766,"Arizona","gfdl-esm4","ssp585",NA,0.438702121389703,17.3444755081582
"3827",4767,"Arizona","gfdl-esm4","ssp585",NA,0.489349395311031,20.1789390592901
"3828",4768,"Arizona","gfdl-esm4","ssp585",NA,0.132585781849907,23.9039536892087
"3829",4769,"Arizona","gfdl-esm4","ssp585",NA,0.0252047442260907,24.5368446244
"3830",4770,"Arizona","gfdl-esm4","ssp585",NA,0.000258710477975057,23.3922156101232
"3831",4771,"Arizona","gfdl-esm4","ssp585",NA,0.00356709259594867,28.2774593695678
"3832",4772,"Arizona","gfdl-esm4","ssp585",NA,0.00188391038266543,26.4201191705639
"3833",4773,"Arizona","gfdl-esm4","ssp585",NA,0.249768632664213,25.6384435834535
"3834",4774,"Arizona","gfdl-esm4","ssp585",NA,0.0059634180016783,28.8091758139667
"3835",4775,"Arizona","gfdl-esm4","ssp585",NA,0.00419163260298446,31.7714271130665
"3836",4776,"Arizona","gfdl-esm4","ssp585",NA,0.0138356220314907,29.9524769856565
"3837",4777,"Arizona","gfdl-esm4","ssp585",NA,1.30890587565859,31.6448713724592
"3838",4778,"Arizona","gfdl-esm4","ssp585",NA,8.96717326111123,28.3920718572836
"3839",4779,"Arizona","gfdl-esm4","ssp585",NA,0.350936133751703,30.0570006552599
"3840",4780,"Arizona","gfdl-esm4","ssp585",NA,3.58662926889778,30.2133736129356
"3841",4781,"Arizona","gfdl-esm4","ssp585",NA,0.427627628799668,31.2701595725965
"3842",4782,"Arizona","gfdl-esm4","ssp585",NA,1.00937349693624,30.7966484445989
"3843",4783,"Arizona","gfdl-esm4","ssp585",NA,2.31506154247462,29.023335561258
"3844",4784,"Arizona","gfdl-esm4","ssp585",NA,3.58173715950099,28.0657033348807
"3845",4785,"Arizona","gfdl-esm4","ssp585",NA,0.220530690606472,28.1727231571858
"3846",4786,"Arizona","gfdl-esm4","ssp585",NA,1.80217741418885,26.4597120051137
"3847",4787,"Arizona","gfdl-esm4","ssp585",NA,0.104617655765266,27.4793157102486
"3848",4788,"Arizona","gfdl-esm4","ssp585",NA,3.5738306178609,23.8066668523699
"3849",4789,"Arizona","gfdl-esm4","ssp585",NA,0.00286564762974435,24.9829007347676
"3850",4790,"Arizona","gfdl-esm4","ssp585",NA,0.00563447623107142,23.5719550401613
"3851",4791,"Arizona","gfdl-esm4","ssp585",NA,6.22646847199215,22.4224434834515
"3852",4792,"Arizona","gfdl-esm4","ssp585",NA,0.153077253989506,17.5084811011699
"3853",4793,"Arizona","gfdl-esm4","ssp585",NA,3.0099338341991,12.892891587982
"3854",4794,"Arizona","gfdl-esm4","ssp585",NA,0.0015424773055167,13.3542670981773
"3855",4795,"Arizona","gfdl-esm4","ssp585",NA,0.00150049635373684,14.366584432532
"3856",4796,"Arizona","gfdl-esm4","ssp585",NA,0.779243723232285,12.9576079512065
"3857",4797,"Arizona","gfdl-esm4","ssp585",NA,0.274396176895177,10.1437771764628
"3858",4798,"Arizona","gfdl-esm4","ssp585",NA,0.000599540580143092,7.34362988960278
"3859",4799,"Arizona","gfdl-esm4","ssp585",NA,0.110296935308633,9.71709035301934
"3860",4800,"Arizona","gfdl-esm4","ssp585",NA,0.906297527643825,5.12235823485404
"3861",4801,"Arizona","gfdl-esm4","ssp585",NA,0.0015425217863615,7.80762173234289
"3862",4802,"Arizona","gfdl-esm4","ssp585",NA,0.00209473489665449,7.2942240525739
"3863",4803,"Arizona","gfdl-esm4","ssp585",NA,0.00111940410817863,10.1751722796376
"3864",4804,"Arizona","gfdl-esm4","ssp585",NA,2.22528882698023,10.2768757160636
"3865",4805,"Arizona","gfdl-esm4","ssp585",NA,0.073917384414617,10.1776634553893
"3866",4806,"Arizona","gfdl-esm4","ssp585",NA,0.00300691950064068,10.5370095582135
"3867",4807,"Arizona","gfdl-esm4","ssp585",NA,0.283505355480875,11.0726712580125
"3868",4808,"Arizona","gfdl-esm4","ssp585",NA,4.68550702315021,12.0311110234894
"3869",4809,"Arizona","gfdl-esm4","ssp585",NA,5.0374433176629,10.2810253350684
"3870",4810,"Arizona","gfdl-esm4","ssp585",NA,2.92103411487726,8.15586067132192
"3871",4811,"Arizona","gfdl-esm4","ssp585",NA,0.010576382318563,11.2911001096935
"3872",4812,"Arizona","gfdl-esm4","ssp585",NA,1.31031904862601,14.9655391649712
"3873",4813,"Arizona","gfdl-esm4","ssp585",NA,0.0644422843330423,13.1272212938774
"3874",4814,"Arizona","gfdl-esm4","ssp585",NA,0.00210264335988694,17.8623448426142
"3875",4815,"Arizona","gfdl-esm4","ssp585",NA,0.17915396988825,16.546717504605
"3876",4816,"Arizona","gfdl-esm4","ssp585",NA,0.00660869814015088,19.5645905814189
"3877",4817,"Arizona","gfdl-esm4","ssp585",NA,0.142102328827513,19.2441276540648
"3878",4818,"Arizona","gfdl-esm4","ssp585",NA,0.0863888850096928,21.2523433256089
"3879",4819,"Arizona","gfdl-esm4","ssp585",NA,0.00456733925140527,22.9984127309922
"3880",4820,"Arizona","gfdl-esm4","ssp585",NA,0.0565926265655858,18.1161454192305
"3881",4821,"Arizona","gfdl-esm4","ssp585",NA,0.0386951001286947,25.0587583288682
"3882",4822,"Arizona","gfdl-esm4","ssp585",NA,0.00345632682340873,24.5487537716795
"3883",4823,"Arizona","gfdl-esm4","ssp585",NA,0.00197119319977182,26.9516128867978
"3884",4824,"Arizona","gfdl-esm4","ssp585",NA,0.0284851311285491,29.0168355100224
"3885",4825,"Arizona","gfdl-esm4","ssp585",NA,0.00446716163359455,29.1573671053996
"3886",4826,"Arizona","gfdl-esm4","ssp585",NA,0.0403434916653627,31.4480517053423
"3887",4827,"Arizona","gfdl-esm4","ssp585",NA,0.194085519889901,31.1426065900685
"3888",4828,"Arizona","gfdl-esm4","ssp585",NA,0.0489883861594934,29.3269560262919
"3889",4829,"Arizona","gfdl-esm4","ssp585",NA,0.50006235515704,30.6861139695352
"3890",4830,"Arizona","gfdl-esm4","ssp585",NA,0.103607659844937,29.9935234754637
"3891",4831,"Arizona","gfdl-esm4","ssp585",NA,0.623274621948405,31.7297976642131
"3892",4832,"Arizona","gfdl-esm4","ssp585",NA,1.47071444935573,31.7681933686345
"3893",4833,"Arizona","gfdl-esm4","ssp585",NA,0.231896586946393,32.4615112304688
"3894",4834,"Arizona","gfdl-esm4","ssp585",NA,0.59018338047712,31.871385646198
"3895",4835,"Arizona","gfdl-esm4","ssp585",NA,0.0316346214227122,31.5021836002316
"3896",4836,"Arizona","gfdl-esm4","ssp585",NA,0.29605792285022,31.2593858644122
"3897",4837,"Arizona","gfdl-esm4","ssp585",NA,0.0274912229810583,31.8892983071271
"3898",4838,"Arizona","gfdl-esm4","ssp585",NA,3.42685559242089,27.1001864234355
"3899",4839,"Arizona","gfdl-esm4","ssp585",NA,1.97530185496074,24.4351158016702
"3900",4840,"Arizona","gfdl-esm4","ssp585",NA,6.73649872882145,22.2881892497259
"3901",4841,"Arizona","gfdl-esm4","ssp585",NA,0.180018220545563,24.0549202515112
"3902",4842,"Arizona","gfdl-esm4","ssp585",NA,0.310270880743519,19.7909807400517
"3903",4843,"Arizona","gfdl-esm4","ssp585",NA,0.00377426528473495,19.9765749539497
"3904",4844,"Arizona","gfdl-esm4","ssp585",NA,0.536806951900152,18.9519720759917
"3905",4845,"Arizona","gfdl-esm4","ssp585",NA,2.44938405339091,19.5421908719802
"3906",4846,"Arizona","gfdl-esm4","ssp585",NA,0.970748445557344,14.7812971382768
"3907",4847,"Arizona","gfdl-esm4","ssp585",NA,0.00360006186765279,15.4553428215866
"3908",4848,"Arizona","gfdl-esm4","ssp585",NA,0.0143780730244068,15.7523421681787
"3909",4849,"Arizona","gfdl-esm4","ssp585",NA,8.4063481446064,13.2446220311142
"3910",4850,"Arizona","gfdl-esm4","ssp585",NA,0.00623330274588275,8.4551187430863
"3911",4851,"Arizona","gfdl-esm4","ssp585",NA,0.0196869843161299,7.61303436240718
"3912",4852,"Arizona","gfdl-esm4","ssp585",NA,2.02881859669863,6.45030556930756
"3913",4853,"Arizona","gfdl-esm4","ssp585",NA,0.000599445546110363,7.04395417841589
"3914",4854,"Arizona","gfdl-esm4","ssp585",NA,0.00520373942625124,11.4869345721644
"3915",4855,"Arizona","gfdl-esm4","ssp585",NA,0.00556010553761142,12.1339730090348
"3916",4856,"Arizona","gfdl-esm4","ssp585",NA,1.27173632950071,12.7945767987393
"3917",4857,"Arizona","gfdl-esm4","ssp585",NA,3.12719123551776,8.71398033788324
"3918",4858,"Arizona","gfdl-esm4","ssp585",NA,0.295688501437061,6.34462971645121
"3919",4859,"Arizona","gfdl-esm4","ssp585",NA,1.79158547791726,9.32517497259207
"3920",4860,"Arizona","gfdl-esm4","ssp585",NA,1.11953939274403,8.94148749388879
"3921",4861,"Arizona","gfdl-esm4","ssp585",NA,0.0309224944350266,11.8489736679984
"3922",4862,"Arizona","gfdl-esm4","ssp585",NA,1.08231704460715,10.5345010210078
"3923",4863,"Arizona","gfdl-esm4","ssp585",NA,0.00424118933058388,13.7002324968765
"3924",4864,"Arizona","gfdl-esm4","ssp585",NA,0.00143809164083927,16.5352005718632
"3925",4865,"Arizona","gfdl-esm4","ssp585",NA,0.175734492588643,11.5864943319868
"3926",4866,"Arizona","gfdl-esm4","ssp585",NA,0.851668386338699,14.6726443361844
"3927",4867,"Arizona","gfdl-esm4","ssp585",NA,0.00524599692421022,16.5705257681016
"3928",4868,"Arizona","gfdl-esm4","ssp585",NA,0.295831026507951,17.9535185957377
"3929",4869,"Arizona","gfdl-esm4","ssp585",NA,0.0110243747108735,20.2571073857632
"3930",4870,"Arizona","gfdl-esm4","ssp585",NA,0.00289110788414973,23.5398767444789
"3931",4871,"Arizona","gfdl-esm4","ssp585",NA,0.00898120108561815,22.37373727444
"3932",4872,"Arizona","gfdl-esm4","ssp585",NA,3.00459070650802,19.4389641415757
"3933",4873,"Arizona","gfdl-esm4","ssp585",NA,1.29434228770847,19.4651804387494
"3934",4874,"Arizona","gfdl-esm4","ssp585",NA,0.050555967673971,26.3075700337908
"3935",4875,"Arizona","gfdl-esm4","ssp585",NA,0.0175219854305665,24.0165558748692
"3936",4876,"Arizona","gfdl-esm4","ssp585",NA,0.00349993671538345,26.4371819304456
"3937",4877,"Arizona","gfdl-esm4","ssp585",NA,0.0051730597631914,25.1529196410053
"3938",4878,"Arizona","gfdl-esm4","ssp585",NA,0.0338274712156117,28.4706708249793
"3939",4879,"Arizona","gfdl-esm4","ssp585",NA,0.00760273722176442,29.2320947389084
"3940",4880,"Arizona","gfdl-esm4","ssp585",NA,0.72969872155098,30.4876490538702
"3941",4881,"Arizona","gfdl-esm4","ssp585",NA,0.520732931727942,30.5498670652754
"3942",4882,"Arizona","gfdl-esm4","ssp585",NA,6.50829426507165,30.286985908055
"3943",4883,"Arizona","gfdl-esm4","ssp585",NA,10.8619535050591,28.9220397717733
"3944",4884,"Arizona","gfdl-esm4","ssp585",NA,9.81045901866029,25.9641223931584
"3945",4885,"Arizona","gfdl-esm4","ssp585",NA,0.609761735181616,31.8331857018164
"3946",4886,"Arizona","gfdl-esm4","ssp585",NA,1.37656544188729,31.8173659448829
"3947",4887,"Arizona","gfdl-esm4","ssp585",NA,1.23509459986461,29.9815204991704
"3948",4888,"Arizona","gfdl-esm4","ssp585",NA,0.628509021169109,31.3192186435164
"3949",4889,"Arizona","gfdl-esm4","ssp585",NA,0.867605838942602,29.3230902477703
"3950",4890,"Arizona","gfdl-esm4","ssp585",NA,0.790114784615827,28.8444345351266
"3951",4891,"Arizona","gfdl-esm4","ssp585",NA,1.88531827609682,26.603400607296
"3952",4892,"Arizona","gfdl-esm4","ssp585",NA,2.09676830510757,25.7395348550095
"3953",4893,"Arizona","gfdl-esm4","ssp585",NA,1.82481911578537,24.8971464945604
"3954",4894,"Arizona","gfdl-esm4","ssp585",NA,0.504978174371503,22.8425346519191
"3955",4895,"Arizona","gfdl-esm4","ssp585",NA,0.397390775542498,20.6751149868393
"3956",4896,"Arizona","gfdl-esm4","ssp585",NA,1.6389649387008,18.9971324973703
"3957",4897,"Arizona","gfdl-esm4","ssp585",NA,4.89619063055273,17.64784697136
"3958",4898,"Arizona","gfdl-esm4","ssp585",NA,0.00431007323360545,18.4868424407149
"3959",4899,"Arizona","gfdl-esm4","ssp585",NA,0.285184732234948,18.1286711681959
"3960",4900,"Arizona","gfdl-esm4","ssp585",NA,0.0851488627460304,17.8191926013354
"3961",4901,"Arizona","gfdl-esm4","ssp585",NA,0.0646576627070096,10.0844757735956
"3962",4902,"Arizona","gfdl-esm4","ssp585",NA,0.152553971036885,9.66799084920198
"3963",4903,"Arizona","gfdl-esm4","ssp585",NA,0.0747073260208249,7.32240103662544
"3964",4904,"Arizona","gfdl-esm4","ssp585",NA,0.0654063866884977,6.05622853352661
"3965",4905,"Arizona","gfdl-esm4","ssp585",NA,0.00306425365800681,7.44474025875822
"3966",4906,"Arizona","gfdl-esm4","ssp585",NA,9.33054505214258,9.77238241743049
"3967",4907,"Arizona","gfdl-esm4","ssp585",NA,1.3769101709553,9.87152893606543
"3968",4908,"Arizona","gfdl-esm4","ssp585",NA,1.14608373334265,6.87167110708362
"3969",4909,"Arizona","gfdl-esm4","ssp585",NA,6.03657668404712,10.2413824609499
"3970",4910,"Arizona","gfdl-esm4","ssp585",NA,3.70029028910765,9.26577642274417
"3971",4911,"Arizona","gfdl-esm4","ssp585",NA,1.64855006318267,8.95024565300058
"3972",4912,"Arizona","gfdl-esm4","ssp585",NA,4.20192846055944,6.92603417937888
"3973",4913,"Arizona","gfdl-esm4","ssp585",NA,0.0530420596093277,5.83362112708401
"3974",4914,"Arizona","gfdl-esm4","ssp585",NA,0.495004131883925,9.42926499165418
"3975",4915,"Arizona","gfdl-esm4","ssp585",NA,0.00163722511853857,11.8713817495161
"3976",4916,"Arizona","gfdl-esm4","ssp585",NA,1.75985696213756,9.1140135869968
"3977",4917,"Arizona","gfdl-esm4","ssp585",NA,3.30446434913875,9.32992846154988
"3978",4918,"Arizona","gfdl-esm4","ssp585",NA,1.16607860325049,9.92771260759474
"3979",4919,"Arizona","gfdl-esm4","ssp585",NA,0.00466347779243727,18.7228358754618
"3980",4920,"Arizona","gfdl-esm4","ssp585",NA,0.00958643086763748,19.3490793799631
"3981",4921,"Arizona","gfdl-esm4","ssp585",NA,0.00420767103958603,19.3336349390852
"3982",4922,"Arizona","gfdl-esm4","ssp585",NA,0.506137943914994,19.9754188354338
"3983",4923,"Arizona","gfdl-esm4","ssp585",NA,0.465396134765881,18.0181702200291
"3984",4924,"Arizona","gfdl-esm4","ssp585",NA,1.75608925127046,15.6916314782144
"3985",4925,"Arizona","gfdl-esm4","ssp585",NA,0.125427600794476,20.6440636790357
"3986",4926,"Arizona","gfdl-esm4","ssp585",NA,0.00182265273414407,25.4520030179609
"3987",4927,"Arizona","gfdl-esm4","ssp585",NA,0.152946449025162,21.5173168852718
"3988",4928,"Arizona","gfdl-esm4","ssp585",NA,0.0022902026659616,24.2587408671036
"3989",4929,"Arizona","gfdl-esm4","ssp585",NA,0.0744286372234919,29.6485313984597
"3990",4930,"Arizona","gfdl-esm4","ssp585",NA,0.584899140482239,29.363517743869
"3991",4931,"Arizona","gfdl-esm4","ssp585",NA,0.0249363257106045,30.0790408282756
"3992",4932,"Arizona","gfdl-esm4","ssp585",NA,0.520132601159551,31.8289289047685
"3993",4933,"Arizona","gfdl-esm4","ssp585",NA,0.554627772349559,31.519617470839
"3994",4934,"Arizona","gfdl-esm4","ssp585",NA,4.50936180993822,29.819336701404
"3995",4935,"Arizona","gfdl-esm4","ssp585",NA,1.86591988982244,29.4051905191955
"3996",4936,"Arizona","gfdl-esm4","ssp585",NA,0.153431956365772,32.5770535205017
"3997",4937,"Arizona","gfdl-esm4","ssp585",NA,2.24454514451596,30.2924105522455
"3998",4938,"Arizona","gfdl-esm4","ssp585",NA,1.33197193094694,31.8124944366185
"3999",4939,"Arizona","gfdl-esm4","ssp585",NA,1.03640663094444,29.6493769398532
"4000",4940,"Arizona","gfdl-esm4","ssp585",NA,3.7389954899893,27.7612260627988
"4001",4941,"Arizona","gfdl-esm4","ssp585",NA,0.711804666606844,28.1284387176167
"4002",4942,"Arizona","gfdl-esm4","ssp585",NA,0.246658292604081,27.3351057243106
"4003",4943,"Arizona","gfdl-esm4","ssp585",NA,0.834376711024851,27.0043213353597
"4004",4944,"Arizona","gfdl-esm4","ssp585",NA,0.49604701793681,26.9468836652946
"4005",4945,"Arizona","gfdl-esm4","ssp585",NA,0.00154276059460446,27.8395442379109
"4006",4946,"Arizona","gfdl-esm4","ssp585",NA,2.43603914153081,24.0084750439515
"4007",4947,"Arizona","gfdl-esm4","ssp585",NA,0.00233883532946699,24.6620611410226
"4008",4948,"Arizona","gfdl-esm4","ssp585",NA,0.120528976915952,19.8837508595849
"4009",4949,"Arizona","gfdl-esm4","ssp585",NA,0.00059441995572101,19.5729237321355
"4010",4950,"Arizona","gfdl-esm4","ssp585",NA,3.2915156329069,16.635580255289
"4011",4951,"Arizona","gfdl-esm4","ssp585",NA,0.337129876863789,16.0277758495847
"4012",4952,"Arizona","gfdl-esm4","ssp585",NA,0.00208715800322576,11.2275390547838
"4013",4953,"Arizona","gfdl-esm4","ssp585",NA,0.23409470930889,10.4803501828431
"4014",4954,"Arizona","gfdl-esm4","ssp585",NA,0.00349288717204853,10.4372518006529
"4015",4955,"Arizona","gfdl-esm4","ssp585",NA,0.0533718510360939,9.12176829264531
"4016",4956,"Arizona","gfdl-esm4","ssp585",NA,0.00112596292174674,10.3605498225891
"4017",4957,"Arizona","gfdl-esm4","ssp585",NA,0.00321838424324929,14.0409791968113
"4018",4958,"Arizona","gfdl-esm4","ssp585",NA,0.0192812371156596,15.6336506647045
"4019",4959,"Arizona","gfdl-esm4","ssp585",NA,1.78886668323781,9.60737240643027
"4020",4960,"Arizona","gfdl-esm4","ssp585",NA,0.00146364949977846,11.7935933688197
"4021",4961,"Arizona","gfdl-esm4","ssp585",NA,2.69578288988543,11.5644612192957
"4022",4962,"Arizona","gfdl-esm4","ssp585",NA,1.35920022151996,9.29137442066759
"4023",4963,"Arizona","gfdl-esm4","ssp585",NA,1.13497583115532,10.6200754351321
"4024",4964,"Arizona","gfdl-esm4","ssp585",NA,1.30702615219998,11.5791819190256
"4025",4965,"Arizona","gfdl-esm4","ssp585",NA,5.98647559277846,8.12674601442747
"4026",4966,"Arizona","gfdl-esm4","ssp585",NA,1.03889984684348,5.59184436050591
"4027",4967,"Arizona","gfdl-esm4","ssp585",NA,0.0469219789422451,12.2565304067735
"4028",4968,"Arizona","gfdl-esm4","ssp585",NA,0.015746749041037,13.8798182587557
"4029",4969,"Arizona","gfdl-esm4","ssp585",NA,0.274297791996976,10.7172500783966
"4030",4970,"Arizona","gfdl-esm4","ssp585",NA,0.0163970648035457,14.2631313859286
"4031",4971,"Arizona","gfdl-esm4","ssp585",NA,1.13682964093307,17.538562289502
"4032",4972,"Arizona","gfdl-esm4","ssp585",NA,1.14194042765014,16.1479777223995
"4033",4973,"Arizona","gfdl-esm4","ssp585",NA,0.593895852356335,20.0009761689737
"4034",4974,"Arizona","gfdl-esm4","ssp585",NA,1.35087615671724,15.4026874219121
"4035",4975,"Arizona","gfdl-esm4","ssp585",NA,0.00370107209187412,18.9388594327172
"4036",4976,"Arizona","gfdl-esm4","ssp585",NA,0.120069700980071,19.3485706121973
"4037",4977,"Arizona","gfdl-esm4","ssp585",NA,0.00186298451700316,21.7680390831794
"4038",4978,"Arizona","gfdl-esm4","ssp585",NA,1.11138745824306,20.1125835818979
"4039",4979,"Arizona","gfdl-esm4","ssp585",NA,0.266814614368546,22.6340227785364
"4040",4980,"Arizona","gfdl-esm4","ssp585",NA,0.203682521489983,24.1362492885662
"4041",4981,"Arizona","gfdl-esm4","ssp585",NA,0.0233718980395211,27.5153007574841
"4042",4982,"Arizona","gfdl-esm4","ssp585",NA,0.00341151325394459,29.1173856057651
"4043",4983,"Arizona","gfdl-esm4","ssp585",NA,0.49328495166568,30.8377034993901
"4044",4984,"Arizona","gfdl-esm4","ssp585",NA,0.329909659894068,30.4918646078194
"4045",4985,"Arizona","gfdl-esm4","ssp585",NA,7.14060544077924,28.6308834418334
"4046",4986,"Arizona","gfdl-esm4","ssp585",NA,0.726344616005502,31.170603439389
"4047",4987,"Arizona","gfdl-esm4","ssp585",NA,0.446242669982094,31.6621823239718
"4048",4988,"Arizona","gfdl-esm4","ssp585",NA,0.0416016085181342,32.2702578770075
"4049",4989,"Arizona","gfdl-esm4","ssp585",NA,0.871074221093217,31.6572695726089
"4050",4990,"Arizona","gfdl-esm4","ssp585",NA,0.664294723503717,32.1559412284687
"4051",4991,"Arizona","gfdl-esm4","ssp585",NA,0.234742856350812,31.2515321213135
"4052",4992,"Arizona","gfdl-esm4","ssp585",NA,4.04963691432492,29.6201466556747
"4053",4993,"Arizona","gfdl-esm4","ssp585",NA,4.69264474095567,27.1134952125598
"4054",4994,"Arizona","gfdl-esm4","ssp585",NA,2.28416516964543,28.3677132356936
"4055",4995,"Arizona","gfdl-esm4","ssp585",NA,0.346659593722969,29.0960279307987
"4056",4996,"Arizona","gfdl-esm4","ssp585",NA,0.101729866261415,28.1561848675406
"4057",4997,"Arizona","gfdl-esm4","ssp585",NA,0.0022223527128508,26.072964473681
"4058",4998,"Arizona","gfdl-esm4","ssp585",NA,0.763643360427955,23.3554585183164
"4059",4999,"Arizona","gfdl-esm4","ssp585",NA,0.0010837895425043,22.3313812680251
"4060",5000,"Arizona","gfdl-esm4","ssp585",NA,0.005052608367413,21.3530261014415
"4061",5001,"Arizona","gfdl-esm4","ssp585",NA,0.00309107889815787,19.4746364511521
"4062",5002,"Arizona","gfdl-esm4","ssp585",NA,0.0014674603856013,20.6821099552584
"4063",5003,"Arizona","gfdl-esm4","ssp585",NA,0.00297779767299701,15.7797874633944
"4064",5004,"Arizona","gfdl-esm4","ssp585",NA,1.46900542527418,11.0402993222706
"4065",5005,"Arizona","gfdl-esm4","ssp585",NA,0.00338933416345323,12.0611027038806
"4066",5006,"Arizona","gfdl-esm4","ssp585",NA,0.00119954141657641,11.9064016928112
"4067",5007,"Arizona","gfdl-esm4","ssp585",NA,0.00231440606951703,10.7919718861731
"4068",5008,"Arizona","gfdl-esm4","ssp585",NA,0.00164406987862069,7.27491715114128
"4069",5009,"Arizona","gfdl-esm4","ssp585",NA,0.00108609889557717,9.53791976137803
"4070",5010,"Arizona","gfdl-esm4","ssp585",NA,0.826872746424744,8.50575847794527
"4071",5011,"Arizona","gfdl-esm4","ssp585",NA,0.06239941118322,8.11340061192569
"4072",5012,"Arizona","gfdl-esm4","ssp585",NA,0.807998391503752,8.12189179045514
"4073",5013,"Arizona","gfdl-esm4","ssp585",NA,0.00562961916372638,9.18714543281104
"4074",5014,"Arizona","gfdl-esm4","ssp585",NA,0.255081326404815,9.11957766295386
"4075",5015,"Arizona","gfdl-esm4","ssp585",NA,0.799680456352672,9.540793660739
"4076",5016,"Arizona","gfdl-esm4","ssp585",NA,0.310533068923189,8.44375682883862
"4077",5017,"Arizona","gfdl-esm4","ssp585",NA,1.03634192554615,7.45916558228313
"4078",5018,"Arizona","gfdl-esm4","ssp585",NA,0.00574737153336945,8.6433468438883
"4079",5019,"Arizona","gfdl-esm4","ssp585",NA,0.0789718877752958,13.6050758332881
"4080",5020,"Arizona","gfdl-esm4","ssp585",NA,4.05472072266455,12.5160988828175
"4081",5021,"Arizona","gfdl-esm4","ssp585",NA,1.96579694957143,11.8156751707441
"4082",5022,"Arizona","gfdl-esm4","ssp585",NA,0.0535611239226309,12.968515111101
"4083",5023,"Arizona","gfdl-esm4","ssp585",NA,0.000859845017146127,17.2420046183011
"4084",5024,"Arizona","gfdl-esm4","ssp585",NA,0.00156424687917397,20.9192643697283
"4085",5025,"Arizona","gfdl-esm4","ssp585",NA,0.00410114576183224,21.8472000604333
"4086",5026,"Arizona","gfdl-esm4","ssp585",NA,0.0325917165052951,19.1826004742069
"4087",5027,"Arizona","gfdl-esm4","ssp585",NA,0.0209720742439093,20.2110361439239
"4088",5028,"Arizona","gfdl-esm4","ssp585",NA,0.00124842674667843,23.4678238165816
"4089",5029,"Arizona","gfdl-esm4","ssp585",NA,0.000864002014109724,27.7961953878102
"4090",5030,"Arizona","gfdl-esm4","ssp585",NA,0.00155049909431856,26.467735736138
"4091",5031,"Arizona","gfdl-esm4","ssp585",NA,0.0221619722828737,28.3365113076308
"4092",5032,"Arizona","gfdl-esm4","ssp585",NA,0.0038256838498615,27.4915182661016
"4093",5033,"Arizona","gfdl-esm4","ssp585",NA,0.540275693213099,23.9919599800737
"4094",5034,"Arizona","gfdl-esm4","ssp585",NA,2.05621167263355,24.6021167856402
"4095",5035,"Arizona","gfdl-esm4","ssp585",NA,0.0040010237885401,28.2916240783769
"4096",5036,"Arizona","gfdl-esm4","ssp585",NA,0.746050684938612,28.5882037407529
"4097",5037,"Arizona","gfdl-esm4","ssp585",NA,0.14338978511885,29.0186144031858
"4098",5038,"Arizona","gfdl-esm4","ssp585",NA,1.80162124095466,33.0955327821291
"4099",5039,"Arizona","gfdl-esm4","ssp585",NA,2.77994240594369,32.2535083177569
"4100",5040,"Arizona","gfdl-esm4","ssp585",NA,1.38300592933005,33.1025325345933
"4101",5041,"Arizona","gfdl-esm4","ssp585",NA,2.05035483792596,30.279640276845
"4102",5042,"Arizona","gfdl-esm4","ssp585",NA,0.847863100991988,32.7697303588713
"4103",5043,"Arizona","gfdl-esm4","ssp585",NA,0.336055903319841,32.0245043343449
"4104",5044,"Arizona","gfdl-esm4","ssp585",NA,6.99719837782006,28.1477497472173
"4105",5045,"Arizona","gfdl-esm4","ssp585",NA,0.401684574362535,28.1718492201698
"4106",5046,"Arizona","gfdl-esm4","ssp585",NA,0.0108507383810999,29.0902501160517
"4107",5047,"Arizona","gfdl-esm4","ssp585",NA,0.495009653059472,27.5543962442468
"4108",5048,"Arizona","gfdl-esm4","ssp585",NA,0.0526026154494076,25.8575217920971
"4109",5049,"Arizona","gfdl-esm4","ssp585",NA,0.0333782273369752,26.8669874497521
"4110",5050,"Arizona","gfdl-esm4","ssp585",NA,0.634057806331719,22.6515172599089
"4111",5051,"Arizona","gfdl-esm4","ssp585",NA,0.755616069213962,19.0069724679747
"4112",5052,"Arizona","gfdl-esm4","ssp585",NA,0.136172410291327,21.835390104928
"4113",5053,"Arizona","gfdl-esm4","ssp585",NA,0.354541890918411,21.6207772622669
"4114",5054,"Arizona","gfdl-esm4","ssp585",NA,0.179248398549347,21.2143772978849
"4115",5055,"Arizona","gfdl-esm4","ssp585",NA,0.00897833277894785,20.3825097085251
"4116",5056,"Arizona","gfdl-esm4","ssp585",NA,0.00816269397277366,19.308170585777
"4117",5057,"Arizona","gfdl-esm4","ssp585",NA,0.00124717077749794,19.0373820578555
"4118",5058,"Arizona","gfdl-esm4","ssp585",NA,0.0159439114162864,10.415639452446
"4119",5059,"Arizona","gfdl-esm4","ssp585",NA,0.827530877652985,9.0137034651302
"4120",5060,"Arizona","gfdl-esm4","ssp585",NA,0.0132999937569204,9.15079490767721
"4121",5061,"Arizona","gfdl-esm4","ssp585",NA,0.000898272915537689,8.37077595051263
"4122",5062,"Arizona","gfdl-esm4","ssp585",NA,0.0367810463366829,9.51544659369817
"4123",5063,"Arizona","gfdl-esm4","ssp585",NA,6.4065444937812,9.49785064427201
"4124",5064,"Arizona","gfdl-esm4","ssp585",NA,0.898317288533201,10.6760191327854
"4125",5065,"Arizona","gfdl-esm4","ssp585",NA,0.0040219987420805,12.2340689291394
"4126",5066,"Arizona","gfdl-esm4","ssp585",NA,0.00385744773040881,15.214544662302
"4127",5067,"Arizona","gfdl-esm4","ssp585",NA,0.00405850117372976,18.2069187014806
"4128",5068,"Arizona","gfdl-esm4","ssp585",NA,0.00255191471929104,15.9084418179865
"4129",5069,"Arizona","gfdl-esm4","ssp585",NA,0.00210383186272746,16.5895345926586
"4130",5070,"Arizona","gfdl-esm4","ssp585",NA,0.00433667379706055,14.9040130653816
"4131",5071,"Arizona","gfdl-esm4","ssp585",NA,0.0753831892236717,10.4169443393326
"4132",5072,"Arizona","gfdl-esm4","ssp585",NA,0.00256569862775825,16.4463875135188
"4133",5073,"Arizona","gfdl-esm4","ssp585",NA,0.00762053918354016,13.3736750818535
"4134",5074,"Arizona","gfdl-esm4","ssp585",NA,0.336657919255272,13.6905311092565
"4135",5075,"Arizona","gfdl-esm4","ssp585",NA,0.54313383214841,13.6548852662522
"4136",5076,"Arizona","gfdl-esm4","ssp585",NA,0.00176181469819295,19.8183231011354
"4137",5077,"Arizona","gfdl-esm4","ssp585",NA,0.0123532796988347,21.0539517910231
"4138",5078,"Arizona","gfdl-esm4","ssp585",NA,0.0120792202994418,20.1529159372284
"4139",5079,"Arizona","gfdl-esm4","ssp585",NA,1.21720834842779,17.7750408804372
"4140",5080,"Arizona","gfdl-esm4","ssp585",NA,1.07285135945145,16.4910914058179
"4141",5081,"Arizona","gfdl-esm4","ssp585",NA,0.148191106404307,26.9001338220879
"4142",5082,"Arizona","gfdl-esm4","ssp585",NA,0.0412470612039303,23.5090823861953
"4143",5083,"Arizona","gfdl-esm4","ssp585",NA,0.0204848135980396,22.4416685931451
"4144",5084,"Arizona","gfdl-esm4","ssp585",NA,0.00907677948093628,25.3331152528939
"4145",5085,"Arizona","gfdl-esm4","ssp585",NA,0.211725764327181,25.0068134756366
"4146",5086,"Arizona","gfdl-esm4","ssp585",NA,0.0044115821722902,29.6947056515931
"4147",5087,"Arizona","gfdl-esm4","ssp585",NA,0.00489191324395989,31.6085645981896
"4148",5088,"Arizona","gfdl-esm4","ssp585",NA,0.010804362605126,30.5423063449402
"4149",5089,"Arizona","gfdl-esm4","ssp585",NA,0.0084457783766271,31.7088662322342
"4150",5090,"Arizona","gfdl-esm4","ssp585",NA,0.100951656136531,33.7845603971807
"4151",5091,"Arizona","gfdl-esm4","ssp585",NA,0.873271044644848,33.9164159724143
"4152",5092,"Arizona","gfdl-esm4","ssp585",NA,0.468295907237953,31.6600951685466
"4153",5093,"Arizona","gfdl-esm4","ssp585",NA,0.456299122535651,33.0907392846649
"4154",5094,"Arizona","gfdl-esm4","ssp585",NA,0.155841463611494,31.6682486089232
"4155",5095,"Arizona","gfdl-esm4","ssp585",NA,0.342410844151333,32.8655484552782
"4156",5096,"Arizona","gfdl-esm4","ssp585",NA,0.574572835421292,31.0432286625415
"4157",5097,"Arizona","gfdl-esm4","ssp585",NA,1.17598059664171,31.3691615281907
"4158",5098,"Arizona","gfdl-esm4","ssp585",NA,0.51039247449389,27.9276931627662
"4159",5099,"Arizona","gfdl-esm4","ssp585",NA,3.44717786876512,28.8634946724256
"4160",5100,"Arizona","gfdl-esm4","ssp585",NA,0.776694305065602,25.3646774504188
"4161",5101,"Arizona","gfdl-esm4","ssp585",NA,0.0306133639632968,22.5296850308154
"4162",5102,"Arizona","gfdl-esm4","ssp585",NA,0.0106662189967919,23.6523595990785
"4163",5103,"Arizona","gfdl-esm4","ssp585",NA,0.00276345506195078,22.2706513261373
"4164",5104,"Arizona","gfdl-esm4","ssp585",NA,0.34245725411373,21.931996681416
"4165",5105,"Arizona","gfdl-esm4","ssp585",NA,0.000603015587157975,22.1871178859706
"4166",5106,"Arizona","gfdl-esm4","ssp585",NA,0.464891771520798,16.7733202831785
"4167",5107,"Arizona","gfdl-esm4","ssp585",NA,0.00121735020818594,15.8797857349652
"4168",5108,"Arizona","gfdl-esm4","ssp585",NA,0.00166888014395314,20.1619619878294
"4169",5109,"Arizona","gfdl-esm4","ssp585",NA,0.00128391632639439,19.1262831580624
"4170",5110,"Arizona","gfdl-esm4","ssp585",NA,0.0789657160146176,11.8500625012346
"4171",5111,"Arizona","gfdl-esm4","ssp585",NA,0.00132960977713685,14.5107469638289
"4172",5112,"Arizona","gfdl-esm4","ssp585",NA,0.894116836615515,11.9160203627479
"4173",5113,"Arizona","gfdl-esm4","ssp585",NA,0.00715252525765065,8.49402811506155
"4174",5114,"Arizona","gfdl-esm4","ssp585",NA,3.29962006410085,11.5238313658048
"4175",5115,"Arizona","gfdl-esm4","ssp585",NA,0.425534028164556,8.06703873934549
"4176",5116,"Arizona","gfdl-esm4","ssp585",NA,0.590800173391269,8.02205069791504
"4177",5117,"Arizona","gfdl-esm4","ssp585",NA,0.00627948829235877,9.80082545612014
"4178",5118,"Arizona","gfdl-esm4","ssp585",NA,0.0104202649967601,9.8270027093128
"4179",5119,"Arizona","gfdl-esm4","ssp585",NA,0.130280011372563,12.8012089899307
"4180",5120,"Arizona","gfdl-esm4","ssp585",NA,0.00265707179506832,11.6640394594214
"4181",5121,"Arizona","gfdl-esm4","ssp585",NA,0.0416730650084408,14.3474122559829
"4182",5122,"Arizona","gfdl-esm4","ssp585",NA,4.08936809388173,15.2204332431258
"4183",5123,"Arizona","gfdl-esm4","ssp585",NA,0.493973869686028,10.4851352310663
"4184",5124,"Arizona","gfdl-esm4","ssp585",NA,0.571314114403196,10.3144173141075
"4185",5125,"Arizona","gfdl-esm4","ssp585",NA,0.0407464914472208,14.27874917128
"4186",5126,"Arizona","gfdl-esm4","ssp585",NA,0.00134043043182619,15.8558127305601
"4187",5127,"Arizona","gfdl-esm4","ssp585",NA,0.108081501155322,17.6984936508005
"4188",5128,"Arizona","gfdl-esm4","ssp585",NA,0.00179585501201425,20.9814229663796
"4189",5129,"Arizona","gfdl-esm4","ssp585",NA,0.0151062243419827,19.1138445635963
"4190",5130,"Arizona","gfdl-esm4","ssp585",NA,0.00808886207869249,20.8912147415875
"4191",5131,"Arizona","gfdl-esm4","ssp585",NA,1.50290193333142,19.6032905356773
"4192",5132,"Arizona","gfdl-esm4","ssp585",NA,0.00125551168097026,22.3598314056204
"4193",5133,"Arizona","gfdl-esm4","ssp585",NA,0.00169631533793323,22.587745977081
"4194",5134,"Arizona","gfdl-esm4","ssp585",NA,0.0105710278406319,26.2878762419999
"4195",5135,"Arizona","gfdl-esm4","ssp585",NA,0.00496055152132258,30.1285418446537
"4196",5136,"Arizona","gfdl-esm4","ssp585",NA,0.105297611205834,28.6033302355355
"4197",5137,"Arizona","gfdl-esm4","ssp585",NA,0.00507094396272964,29.8056230045902
"4198",5138,"Arizona","gfdl-esm4","ssp585",NA,0.643680320664165,28.3354033767951
"4199",5139,"Arizona","gfdl-esm4","ssp585",NA,0.0101418892169188,33.8517169320629
"4200",5140,"Arizona","gfdl-esm4","ssp585",NA,0.170408805250687,30.1170574742835
"4201",5141,"Arizona","gfdl-esm4","ssp585",NA,1.32157076103543,28.8706744438779
"4202",5142,"Arizona","gfdl-esm4","ssp585",NA,0.18709999025254,29.6898168590367
"4203",5143,"Arizona","gfdl-esm4","ssp585",NA,0.0747514482993484,30.0741487949145
"4204",5144,"Arizona","gfdl-esm4","ssp585",NA,0.0892901940329356,31.6442120230153
"4205",5145,"Arizona","gfdl-esm4","ssp585",NA,0.872609614346111,32.3424515870067
"4206",5146,"Arizona","gfdl-esm4","ssp585",NA,1.15117840856873,32.3121784581547
"4207",5147,"Arizona","gfdl-esm4","ssp585",NA,1.31130056662301,29.3591250259265
"4208",5148,"Arizona","gfdl-esm4","ssp585",NA,0.0168319625790509,31.661810171559
"4209",5149,"Arizona","gfdl-esm4","ssp585",NA,0.125159727523248,31.524813329646
"4210",5150,"Arizona","gfdl-esm4","ssp585",NA,1.08654794552578,28.2120921447214
"4211",5151,"Arizona","gfdl-esm4","ssp585",NA,0.755522256206499,27.1321397552298
"4212",5152,"Arizona","gfdl-esm4","ssp585",NA,0.263699324603688,25.7841950736064
"4213",5153,"Arizona","gfdl-esm4","ssp585",NA,1.29314913530337,24.5892859380556
"4214",5154,"Arizona","gfdl-esm4","ssp585",NA,2.12674925067671,22.0722095204967
"4215",5155,"Arizona","gfdl-esm4","ssp585",NA,0.0266398458153679,22.8205996507339
"4216",5156,"Arizona","gfdl-esm4","ssp585",NA,0.00558919296772855,25.4829743859138
"4217",5157,"Arizona","gfdl-esm4","ssp585",NA,0.22602197403243,22.7301285735274
"4218",5158,"Arizona","gfdl-esm4","ssp585",NA,7.21412204757914,20.7656072836007
"4219",5159,"Arizona","gfdl-esm4","ssp585",NA,0.350221330164573,16.8732356827419
"4220",5160,"Arizona","gfdl-esm4","ssp585",NA,0.817438783624208,9.97071924414558
"4221",5161,"Arizona","gfdl-esm4","ssp585",NA,4.03876599834233,14.8881781075305
"4222",5162,"Arizona","gfdl-esm4","ssp585",NA,3.27839965913684,12.5129912211229
"4223",5163,"Arizona","gfdl-esm4","ssp585",NA,0.179031053083905,8.93894755174179
"4224",5164,"Arizona","gfdl-esm4","ssp585",NA,0.000828278531213251,11.0648935195016
"4225",5165,"Arizona","gfdl-esm4","ssp585",NA,0.492978062000328,10.5362482005818
"4226",5166,"Arizona","gfdl-esm4","ssp585",NA,0.332780497713196,8.00000466058591
"4227",5167,"Arizona","gfdl-esm4","ssp585",NA,0.00232183252033417,6.93551758429799
"4228",5168,"Arizona","gfdl-esm4","ssp585",NA,11.2997156803958,8.49188436129605
"4229",5169,"Arizona","gfdl-esm4","ssp585",NA,3.52213760402201,7.19482093164805
"4230",5170,"Arizona","gfdl-esm4","ssp585",NA,3.30703896802615,6.65882851543983
"4231",5171,"Arizona","gfdl-esm4","ssp585",NA,5.95713347196276,6.38489513373106
"4232",5172,"Arizona","gfdl-esm4","ssp585",NA,3.49991753574486,6.46870967512941
"4233",5173,"Arizona","gfdl-esm4","ssp585",NA,1.3463566536217,5.7100550674458
"4234",5174,"Arizona","gfdl-esm4","ssp585",NA,0.0294977854561283,7.61250094137664
"4235",5175,"Arizona","gfdl-esm4","ssp585",NA,1.93482975370039,9.44124431778901
"4236",5176,"Arizona","gfdl-esm4","ssp585",NA,1.17981899191745,8.47696277025228
"4237",5177,"Arizona","gfdl-esm4","ssp585",NA,0.00193356625461573,9.6988558878941
"4238",5178,"Arizona","gfdl-esm4","ssp585",NA,0.651863893351913,9.0540042226143
"4239",5179,"Arizona","gfdl-esm4","ssp585",NA,0.511102757612721,11.1983334238701
"4240",5180,"Arizona","gfdl-esm4","ssp585",NA,1.32770629171789,13.6124910260573
"4241",5181,"Arizona","gfdl-esm4","ssp585",NA,0.196362947190324,14.3058684183885
"4242",5182,"Arizona","gfdl-esm4","ssp585",NA,1.92194654969372,15.1812555016519
"4243",5183,"Arizona","gfdl-esm4","ssp585",NA,0.313323933089155,14.8285814442014
"4244",5184,"Arizona","gfdl-esm4","ssp585",NA,0.662624847569997,17.5118625722854
"4245",5185,"Arizona","gfdl-esm4","ssp585",NA,0.00303409682493259,22.8759262837291
"4246",5186,"Arizona","gfdl-esm4","ssp585",NA,0.114322240174565,21.6571685675273
"4247",5187,"Arizona","gfdl-esm4","ssp585",NA,0.00145399443694174,23.4950842316021
"4248",5188,"Arizona","gfdl-esm4","ssp585",NA,0.60785386294799,25.161861638625
"4249",5189,"Arizona","gfdl-esm4","ssp585",NA,0.0683385829024046,26.1219306415312
"4250",5190,"Arizona","gfdl-esm4","ssp585",NA,0.00271636767938525,27.666397530692
"4251",5191,"Arizona","gfdl-esm4","ssp585",NA,0.00410034350471941,27.4151565725373
"4252",5192,"Arizona","gfdl-esm4","ssp585",NA,0.00230363969337952,29.4099182360393
"4253",5193,"Arizona","gfdl-esm4","ssp585",NA,0.0420261353648784,30.4323659402532
"4254",5194,"Arizona","gfdl-esm4","ssp585",NA,0.180696535658741,33.1348030022816
"4255",5195,"Arizona","gfdl-esm4","ssp585",NA,0.00711061108922739,32.033764856775
"4256",5196,"Arizona","gfdl-esm4","ssp585",NA,1.57847837097612,31.4607724041463
"4257",5197,"Arizona","gfdl-esm4","ssp585",NA,0.197649823020297,31.9969310273413
"4258",5198,"Arizona","gfdl-esm4","ssp585",NA,0.184295900734332,31.5648061720972
"4259",5199,"Arizona","gfdl-esm4","ssp585",NA,0.281199111249006,30.0766547857736
"4260",5200,"Arizona","gfdl-esm4","ssp585",NA,1.42957020840616,30.2667854704538
"4261",5201,"Arizona","gfdl-esm4","ssp585",NA,0.756835649983774,30.6384658446957
"4262",5202,"Arizona","gfdl-esm4","ssp585",NA,0.208366343693287,30.7142982453975
"4263",5203,"Arizona","gfdl-esm4","ssp585",NA,0.156682661804006,30.2793370301142
"4264",5204,"Arizona","gfdl-esm4","ssp585",NA,8.17492158253732,26.4172082334343
"4265",5205,"Arizona","gfdl-esm4","ssp585",NA,1.80535257334538,24.2971804767131
"4266",5206,"Arizona","gfdl-esm4","ssp585",NA,0.449820075552559,24.1583004571695
"4267",5207,"Arizona","gfdl-esm4","ssp585",NA,0.00515529735236223,24.1252440943278
"4268",5208,"Arizona","gfdl-esm4","ssp585",NA,0.0266815452041452,24.5411128414265
"4269",5209,"Arizona","gfdl-esm4","ssp585",NA,7.97580834954573,17.8768071267457
"4270",5210,"Arizona","gfdl-esm4","ssp585",NA,4.14610780107944,17.6443450503343
"4271",5211,"Arizona","gfdl-esm4","ssp585",NA,0.229927377130354,14.3844771084985
"4272",5212,"Arizona","gfdl-esm4","ssp585",NA,4.05943568308596,16.5999476069898
"4273",5213,"Arizona","gfdl-esm4","ssp585",NA,0.860458660823915,13.5647937490124
"4274",5214,"Arizona","gfdl-esm4","ssp585",NA,0.0534097388436472,10.1351478779211
"4275",5215,"Arizona","gfdl-esm4","ssp585",NA,0.000835877739571655,9.1254697932305
"4276",5216,"Arizona","gfdl-esm4","ssp585",NA,0.00228457007719856,9.86563784747602
"4277",5217,"Arizona","gfdl-esm4","ssp585",NA,0.000901139806569719,7.83200384976742
"4278",5218,"Arizona","gfdl-esm4","ssp585",NA,0.00433371604440334,11.1160198380462
"4279",5219,"Arizona","gfdl-esm4","ssp585",NA,0.0197701247024455,9.43831308704866
"4280",5220,"Arizona","gfdl-esm4","ssp585",NA,0.0540368965024531,12.1587549028747
"4281",5221,"Arizona","gfdl-esm4","ssp585",NA,0.349907871291887,11.8045547350318
"4282",5222,"Arizona","gfdl-esm4","ssp585",NA,0.477738609916016,10.4589921220666
"4283",5223,"Arizona","gfdl-esm4","ssp585",NA,8.51489997873905,10.454676218913
"4284",5224,"Arizona","gfdl-esm4","ssp585",NA,8.14606620895025,10.7054005001951
"4285",5225,"Arizona","gfdl-esm4","ssp585",NA,0.0175404701521995,5.78860762218762
"4286",5226,"Arizona","gfdl-esm4","ssp585",NA,0.331237005991093,13.1937398917757
"4287",5227,"Arizona","gfdl-esm4","ssp585",NA,0.764147798950224,12.1605711424547
"4288",5228,"Arizona","gfdl-esm4","ssp585",NA,0.0021200077776743,12.439346942347
"4289",5229,"Arizona","gfdl-esm4","ssp585",NA,0.00180816679327044,13.1134732985467
"4290",5230,"Arizona","gfdl-esm4","ssp585",NA,0.297967054517615,13.91734839824
"4291",5231,"Arizona","gfdl-esm4","ssp585",NA,0.458691708992335,14.1300182627064
"4292",5232,"Arizona","gfdl-esm4","ssp585",NA,0.00216574785755474,14.8000709916287
