"","Week_index","state","gcm","ssp","aegypti_trapnight","pr","tas"
"1",392,"Florida","mri-esm2-0","ssp585",1.66666666666667,7.25233185987574,27.936427097372
"2",393,"Florida","mri-esm2-0","ssp585",1.66666666666667,7.65338265681824,27.8172835933552
"3",394,"Florida","mri-esm2-0","ssp585",1.66666666666667,2.92119926608489,28.7578364205168
"4",395,"Florida","mri-esm2-0","ssp585",1.66666666666667,4.77199090847973,29.2958016860839
"5",396,"Florida","mri-esm2-0","ssp585",1.66666666666667,4.75577909500172,28.9184306101015
"6",397,"Florida","mri-esm2-0","ssp585",1.35460992907801,6.7406337329836,29.1155673374063
"7",398,"Florida","mri-esm2-0","ssp585",1.04255319148936,9.26079979959527,27.9619913682141
"8",399,"Florida","mri-esm2-0","ssp585",1.04255319148936,4.15772050975471,28.2075591629728
"9",400,"Florida","mri-esm2-0","ssp585",1.04255319148936,9.09329421000132,27.3717257188658
"10",401,"Florida","mri-esm2-0","ssp585",1.09270516717325,2.79988359288934,27.6453190970614
"11",402,"Florida","mri-esm2-0","ssp585",1.14285714285714,6.82462396495654,27.5613132528218
"12",403,"Florida","mri-esm2-0","ssp585",1.14285714285714,8.79154489212481,27.570696791163
"13",404,"Florida","mri-esm2-0","ssp585",1.14285714285714,3.59690850447923,27.0130587102268
"14",405,"Florida","mri-esm2-0","ssp585",1.14285714285714,0.00254930317149444,22.7342437826398
"15",406,"Florida","mri-esm2-0","ssp585",0.625,0.372370731639296,26.3177931793295
"16",407,"Florida","mri-esm2-0","ssp585",0.625,3.79367948795712,22.0664482671938
"17",408,"Florida","mri-esm2-0","ssp585",0.625,0.318588482944302,24.9449832062837
"18",409,"Florida","mri-esm2-0","ssp585",0.625,5.12316452579124,20.1134317649985
"19",410,"Florida","mri-esm2-0","ssp585",0.759868421052632,3.94345328101841,22.1249346709958
"20",411,"Florida","mri-esm2-0","ssp585",0.894736842105263,1.08480179662213,21.3734641514699
"21",412,"Florida","mri-esm2-0","ssp585",0.894736842105263,1.25872456691568,17.1938341495483
"22",413,"Florida","mri-esm2-0","ssp585",0.894736842105263,0.00608512106278756,17.9444864524985
"23",414,"Florida","mri-esm2-0","ssp585",0.811004784688995,1.11273590178124,20.6569410298391
"24",415,"Florida","mri-esm2-0","ssp585",0.727272727272727,4.49176781100071,15.0992375540926
"25",416,"Florida","mri-esm2-0","ssp585",0.727272727272727,3.45060029979634,16.8679035361565
"26",417,"Florida","mri-esm2-0","ssp585",0.727272727272727,6.83779138402648,15.0446652970224
"27",418,"Florida","mri-esm2-0","ssp585",0.727272727272727,0.253620369024019,11.2098374523564
"28",419,"Florida","mri-esm2-0","ssp585",0.322516835016835,3.28992086517903,13.6727528369009
"29",420,"Florida","mri-esm2-0","ssp585",0.120138888888889,11.210920371436,19.567935320502
"30",421,"Florida","mri-esm2-0","ssp585",0.120138888888889,0.926593123859501,18.3688963856659
"31",422,"Florida","mri-esm2-0","ssp585",0.120138888888889,1.64669248233058,12.0593969792369
"32",423,"Florida","mri-esm2-0","ssp585",0.273504818594104,10.0735459628102,13.1051059774312
"33",424,"Florida","mri-esm2-0","ssp585",0.42687074829932,2.67077132306627,16.2355865560773
"34",425,"Florida","mri-esm2-0","ssp585",0.42687074829932,0.352688434714713,18.7038001541179
"35",426,"Florida","mri-esm2-0","ssp585",0.42687074829932,8.7054820024877,19.1239417392289
"36",427,"Florida","mri-esm2-0","ssp585",0.486842140475388,1.0208484994504,16.0902763263877
"37",428,"Florida","mri-esm2-0","ssp585",0.546813532651456,1.02318562711969,17.1408437888256
"38",429,"Florida","mri-esm2-0","ssp585",0.546813532651456,2.84972967302612,17.5134351211096
"39",430,"Florida","mri-esm2-0","ssp585",0.546813532651456,9.97297621875727,20.7640633225762
"40",431,"Florida","mri-esm2-0","ssp585",0.546813532651456,0.910888957951886,19.5531716400723
"41",432,"Florida","mri-esm2-0","ssp585",0.442320165018538,4.77413091921384,19.6457062836927
"42",433,"Florida","mri-esm2-0","ssp585",0.337826797385621,18.3913647603572,20.3694170764193
"43",434,"Florida","mri-esm2-0","ssp585",0.337826797385621,1.71218937219021,21.1212566858996
"44",435,"Florida","mri-esm2-0","ssp585",0.337826797385621,2.60317355998385,20.537328081568
"45",436,"Florida","mri-esm2-0","ssp585",0.431314192343604,6.01940789165579,24.3480959005433
"46",437,"Florida","mri-esm2-0","ssp585",0.524801587301587,3.34676690166169,23.5033519816849
"47",438,"Florida","mri-esm2-0","ssp585",0.524801587301587,0.549410828959341,26.2051322340644
"48",439,"Florida","mri-esm2-0","ssp585",0.524801587301587,6.47583169465451,25.520016142236
"49",440,"Florida","mri-esm2-0","ssp585",0.581845238095238,12.295366003107,27.4032716817933
"50",441,"Florida","mri-esm2-0","ssp585",0.638888888888889,4.06060643103502,27.5145068556794
"51",442,"Florida","mri-esm2-0","ssp585",0.638888888888889,5.27728885074247,27.8851880837001
"52",443,"Florida","mri-esm2-0","ssp585",0.638888888888889,0.273059932807044,29.8747860314711
"53",444,"Florida","mri-esm2-0","ssp585",0.638888888888889,8.78287221019839,27.7107004993367
"54",445,"Florida","mri-esm2-0","ssp585",0.433738425925926,5.14695457624344,27.9200534707453
"55",446,"Florida","mri-esm2-0","ssp585",0.0234375,2.12301149222283,29.8688528713833
"56",447,"Florida","mri-esm2-0","ssp585",0.0234375,7.55139521089549,28.9151958290779
"57",448,"Florida","mri-esm2-0","ssp585",0.0234375,10.2746066811656,27.3599880496126
"58",449,"Florida","mri-esm2-0","ssp585",0.01171875,17.1843658803634,27.9556276717276
"59",450,"Florida","mri-esm2-0","ssp585",0,7.25212251056531,27.2798779263972
"60",451,"Florida","mri-esm2-0","ssp585",0,6.03241199472233,28.1782582573492
"61",452,"Florida","mri-esm2-0","ssp585",0,8.01524075215977,27.7478831658788
"62",453,"Florida","mri-esm2-0","ssp585",0,1.36675385339492,28.0624767046412
"63",454,"Florida","mri-esm2-0","ssp585",0.0127388535031847,4.33310011905873,28.2832560824577
"64",455,"Florida","mri-esm2-0","ssp585",0.0127388535031847,6.07082728129956,27.3972139014067
"65",456,"Florida","mri-esm2-0","ssp585",0.0127388535031847,3.17925043991611,26.6696773066354
"66",457,"Florida","mri-esm2-0","ssp585",0.0127388535031847,5.30542622987663,26.4258469573893
"67",458,"Florida","mri-esm2-0","ssp585",0.0326852162252766,4.60177652163317,26.3461592270679
"68",459,"Florida","mri-esm2-0","ssp585",0.0526315789473684,3.23219325370806,23.1879963260455
"69",460,"Florida","mri-esm2-0","ssp585",0.0526315789473684,3.64903754215327,26.2686388205968
"70",461,"Florida","mri-esm2-0","ssp585",0.0526315789473684,1.87497086069464,23.2505062792179
"71",462,"Florida","mri-esm2-0","ssp585",0.0263157894736842,1.14058190291481,21.6467113073303
"72",463,"Florida","mri-esm2-0","ssp585",0,1.49245334909004,23.7453859889604
"73",464,"Florida","mri-esm2-0","ssp585",0,3.64217242983351,22.000401318491
"74",465,"Florida","mri-esm2-0","ssp585",0,1.45371287039547,18.518874406429
"75",466,"Florida","mri-esm2-0","ssp585",0,0.704210858595439,21.0530715325451
"76",467,"Florida","mri-esm2-0","ssp585",0,4.20617017119496,18.1520310723236
"77",468,"Florida","mri-esm2-0","ssp585",0,2.2070811761232,17.0058569730774
"78",469,"Florida","mri-esm2-0","ssp585",0,1.13187709669318,17.0282932332905
"79",470,"Florida","mri-esm2-0","ssp585",0,2.31349308607085,10.5273021111913
"80",471,"Florida","mri-esm2-0","ssp585",0.0302355212355212,2.02775256713422,14.7687005960717
"81",472,"Florida","mri-esm2-0","ssp585",0.048376833976834,0.0154494159837141,12.4831936818249
"82",473,"Florida","mri-esm2-0","ssp585",0.048376833976834,5.24739738098142,17.6251454972835
"83",474,"Florida","mri-esm2-0","ssp585",0.048376833976834,0.928093079517203,15.0461427261887
"84",475,"Florida","mri-esm2-0","ssp585",0.045368469901111,3.31551989674524,19.479125960111
"85",476,"Florida","mri-esm2-0","ssp585",0.0423601058253881,0.580166318309545,16.2944663980901
"86",477,"Florida","mri-esm2-0","ssp585",0.0423601058253881,3.16034843321387,20.0734890261751
"87",478,"Florida","mri-esm2-0","ssp585",0.0423601058253881,1.17030394593886,19.4049344373842
"88",479,"Florida","mri-esm2-0","ssp585",0.0686773924537649,4.182208103555,12.4806016618672
"89",480,"Florida","mri-esm2-0","ssp585",0.0949946790821417,1.90046839221969,18.122925446297
"90",481,"Florida","mri-esm2-0","ssp585",0.0949946790821417,3.14186674407816,18.7862477922054
"91",482,"Florida","mri-esm2-0","ssp585",0.0949946790821417,2.02264357767514,17.4249808668769
"92",483,"Florida","mri-esm2-0","ssp585",0.0949946790821417,0.218296863263485,16.8886837859038
"93",484,"Florida","mri-esm2-0","ssp585",0.0896183181579077,1.57895580744497,18.965427680414
"94",485,"Florida","mri-esm2-0","ssp585",0.0842419572336737,2.47882294201058,22.2443289785051
"95",486,"Florida","mri-esm2-0","ssp585",0.0842419572336737,2.01272256758478,23.4948241693954
"96",487,"Florida","mri-esm2-0","ssp585",0.0842419572336737,1.63401222688444,23.4710688259403
"97",488,"Florida","mri-esm2-0","ssp585",0.219609082438034,2.4788822752788,24.5527552519847
"98",489,"Florida","mri-esm2-0","ssp585",0.354976207642394,0.559791944480498,25.0011344806846
"99",490,"Florida","mri-esm2-0","ssp585",0.354976207642394,6.52836736979352,25.4812283004391
"100",491,"Florida","mri-esm2-0","ssp585",0.354976207642394,2.39560121098467,25.7914907285788
"101",492,"Florida","mri-esm2-0","ssp585",0.354976207642394,15.2729312018379,26.462049195323
"102",493,"Florida","mri-esm2-0","ssp585",0.521511492170833,4.2131560744739,27.1714633664031
"103",494,"Florida","mri-esm2-0","ssp585",0.521511492170833,8.1327255703412,27.227891519963
"104",495,"Florida","mri-esm2-0","ssp585",0.521511492170833,1.00711655311241,26.441345691938
"105",496,"Florida","mri-esm2-0","ssp585",0.521511492170833,12.5525821109487,27.4487601473004
"106",497,"Florida","mri-esm2-0","ssp585",0.6181525442558,7.9532310329231,27.843516865445
"107",498,"Florida","mri-esm2-0","ssp585",0.714793596340766,3.05121256085477,28.0841969945039
"108",499,"Florida","mri-esm2-0","ssp585",0.714793596340766,4.66135836172174,28.7541755450061
"109",500,"Florida","mri-esm2-0","ssp585",0.714793596340766,6.31797681569173,27.413019703662
"110",501,"Florida","mri-esm2-0","ssp585",0.548594914390051,10.7980396892999,27.6472286255212
"111",502,"Florida","mri-esm2-0","ssp585",0.382396232439336,7.28531435382645,28.6359001056846
"112",503,"Florida","mri-esm2-0","ssp585",0.382396232439336,8.89683364360371,28.212007326193
"113",504,"Florida","mri-esm2-0","ssp585",0.382396232439336,5.67101484226941,28.5106332619557
"114",505,"Florida","mri-esm2-0","ssp585",0.382396232439336,6.46293146550738,28.1564089875337
"115",506,"Florida","mri-esm2-0","ssp585",0.455440540462092,1.51831312513768,28.5144162900365
"116",507,"Florida","mri-esm2-0","ssp585",0.528484848484848,2.59228889252197,27.0085888309942
"117",508,"Florida","mri-esm2-0","ssp585",0.528484848484848,2.2503319690315,26.8951493173276
"118",509,"Florida","mri-esm2-0","ssp585",0.528484848484848,4.38297137304885,27.0980893199335
"119",510,"Florida","mri-esm2-0","ssp585",0.382672037108699,0.543741909102805,27.0698902551697
"120",511,"Florida","mri-esm2-0","ssp585",0.236859225732549,7.95696097907546,23.7760398679667
"121",512,"Florida","mri-esm2-0","ssp585",0.236859225732549,3.4976312206395,22.4260439643963
"122",513,"Florida","mri-esm2-0","ssp585",0.236859225732549,0.20479392201772,19.6001517653144
"123",514,"Florida","mri-esm2-0","ssp585",0.235927169073508,4.2733202409664,23.5243576173191
"124",515,"Florida","mri-esm2-0","ssp585",0.234995112414467,0.33233526248683,23.143398792853
"125",516,"Florida","mri-esm2-0","ssp585",0.234995112414467,0.55510367817159,20.5274987069102
"126",517,"Florida","mri-esm2-0","ssp585",0.234995112414467,6.42236393399397,16.9823279203431
"127",518,"Florida","mri-esm2-0","ssp585",0.234995112414467,1.02500826813416,18.5263695565196
"128",519,"Florida","mri-esm2-0","ssp585",0.162006697130482,1.16193845074698,17.0991042967434
"129",520,"Florida","mri-esm2-0","ssp585",0.109872114784779,1.41183552459209,15.6352756880686
"130",521,"Florida","mri-esm2-0","ssp585",0.109872114784779,3.84788715733408,15.3948821445681
"131",522,"Florida","mri-esm2-0","ssp585",0.109872114784779,6.15678572341783,16.5600703401386
"132",523,"Florida","mri-esm2-0","ssp585",0.0719824732741782,3.35654186205793,18.0258779849646
"133",524,"Florida","mri-esm2-0","ssp585",0.0340928317635779,0.156442138324314,16.3072683987271
"134",525,"Florida","mri-esm2-0","ssp585",0.0340928317635779,6.64144336400632,13.632569988076
"135",526,"Florida","mri-esm2-0","ssp585",0.0340928317635779,0.14129282596276,12.24432223338
"136",527,"Florida","mri-esm2-0","ssp585",0.0340928317635779,2.67598316532391,16.1419810004633
"137",528,"Florida","mri-esm2-0","ssp585",0.0563298969072165,2.46594223968135,9.81115877300583
"138",529,"Florida","mri-esm2-0","ssp585",0.0563298969072165,1.54343871736984,16.2409716336233
"139",530,"Florida","mri-esm2-0","ssp585",0.0563298969072165,9.34238134651592,15.7207691614197
"140",531,"Florida","mri-esm2-0","ssp585",0.0563298969072165,7.46681379576213,14.6559934220224
"141",532,"Florida","mri-esm2-0","ssp585",0.0525105823967304,3.74337193303178,14.7077197298528
"142",533,"Florida","mri-esm2-0","ssp585",0.0525105823967304,2.20289059981505,13.6691054516404
"143",534,"Florida","mri-esm2-0","ssp585",0.0525105823967304,9.21008480231244,16.7421600917601
"144",535,"Florida","mri-esm2-0","ssp585",0.0525105823967304,3.56126766895113,20.0189650543295
"145",536,"Florida","mri-esm2-0","ssp585",0.071956716210135,4.59492496717593,22.6565798366166
"146",537,"Florida","mri-esm2-0","ssp585",0.0914028500235397,2.6858173297862,19.2222614792158
"147",538,"Florida","mri-esm2-0","ssp585",0.0914028500235397,0.0214539724447236,21.7753676586717
"148",539,"Florida","mri-esm2-0","ssp585",0.0914028500235397,0.506166806589456,24.2864376427993
"149",540,"Florida","mri-esm2-0","ssp585",0.215417913990893,0.671721612632173,23.6660583825124
"150",541,"Florida","mri-esm2-0","ssp585",0.339432977958247,0.681509078555064,25.3773707305004
"151",542,"Florida","mri-esm2-0","ssp585",0.339432977958247,3.9474071570531,25.2283969930562
"152",543,"Florida","mri-esm2-0","ssp585",0.339432977958247,12.7824824032237,23.7942472637824
"153",544,"Florida","mri-esm2-0","ssp585",0.339432977958247,0.312822535533629,25.7115769543095
"154",545,"Florida","mri-esm2-0","ssp585",0.574953901246352,11.9808863847761,26.0109047121115
"155",546,"Florida","mri-esm2-0","ssp585",0.810474824534457,3.6777119005856,27.8858815977194
"156",547,"Florida","mri-esm2-0","ssp585",0.810474824534457,11.2814051414763,27.8263610510813
"157",548,"Florida","mri-esm2-0","ssp585",0.810474824534457,9.9728065604889,28.7885445072966
"158",549,"Florida","mri-esm2-0","ssp585",0.68789036772802,1.90045001175342,29.8269184287346
"159",550,"Florida","mri-esm2-0","ssp585",0.565305910921583,7.55134638531226,27.8338657430562
"160",551,"Florida","mri-esm2-0","ssp585",0.565305910921583,8.28488021769627,28.6156563401544
"161",552,"Florida","mri-esm2-0","ssp585",0.565305910921583,3.89933337186561,27.5020478693302
"162",553,"Florida","mri-esm2-0","ssp585",0.625029714881533,4.52222128853434,28.6820518966634
"163",554,"Florida","mri-esm2-0","ssp585",0.684753518841483,4.13930269547622,28.9534164223067
"164",555,"Florida","mri-esm2-0","ssp585",0.684753518841483,2.468568120879,29.8411359185479
"165",556,"Florida","mri-esm2-0","ssp585",0.684753518841483,6.96326396569253,28.3344364464444
"166",557,"Florida","mri-esm2-0","ssp585",0.684753518841483,10.5282040386989,27.0835018353321
"167",558,"Florida","mri-esm2-0","ssp585",0.600240293814145,4.69366150693012,27.2175333933046
"168",559,"Florida","mri-esm2-0","ssp585",0.515727068786807,25.1037193723726,27.2889187794812
"169",560,"Florida","mri-esm2-0","ssp585",0.515727068786807,4.51005032353846,25.3138615939817
"170",561,"Florida","mri-esm2-0","ssp585",0.515727068786807,0.772358424371803,24.9818049263762
"171",562,"Florida","mri-esm2-0","ssp585",0.37105424462619,11.2934156747486,25.9203993640499
"172",563,"Florida","mri-esm2-0","ssp585",0.226381420465573,3.05204632717103,26.4769453927835
"173",564,"Florida","mri-esm2-0","ssp585",0.226381420465573,3.70678075595241,25.6792775115556
"174",565,"Florida","mri-esm2-0","ssp585",0.226381420465573,0.00339840838114224,21.5805880235533
"175",566,"Florida","mri-esm2-0","ssp585",0.226381420465573,1.58580349303824,22.8157207807762
"176",567,"Florida","mri-esm2-0","ssp585",0.172201912387721,1.84724618676225,19.0793709397638
"177",568,"Florida","mri-esm2-0","ssp585",0.172201912387721,1.94574840448974,17.6359329264762
"178",569,"Florida","mri-esm2-0","ssp585",0.172201912387721,2.86981757779608,16.05408149164
"179",570,"Florida","mri-esm2-0","ssp585",0.172201912387721,0.0800716416625371,17.0303203901512
"180",571,"Florida","mri-esm2-0","ssp585",0.165265930374319,0.159400912115712,20.3029856555867
"181",572,"Florida","mri-esm2-0","ssp585",0.155555555555556,3.65924339703539,18.8013934770363
"182",573,"Florida","mri-esm2-0","ssp585",0.155555555555556,3.26288252503478,19.1460196029787
"183",574,"Florida","mri-esm2-0","ssp585",0.155555555555556,0.389792864462169,15.4444834089665
"184",575,"Florida","mri-esm2-0","ssp585",0.116406108124642,0.599908819028518,11.0954667001401
"185",576,"Florida","mri-esm2-0","ssp585",0.0884422171025615,0.33369576250076,14.1764526202672
"186",577,"Florida","mri-esm2-0","ssp585",0.0884422171025615,0.414694432054902,16.7987728314259
"187",578,"Florida","mri-esm2-0","ssp585",0.0884422171025615,1.69791603490855,16.5609497563858
"188",579,"Florida","mri-esm2-0","ssp585",0.0884422171025615,2.64931480735076,14.149791608538
"189",580,"Florida","mri-esm2-0","ssp585",0.195485707749933,0.15667845215617,13.8403131778028
"190",581,"Florida","mri-esm2-0","ssp585",0.302529198397305,1.36467759249905,15.8318042847667
"191",582,"Florida","mri-esm2-0","ssp585",0.302529198397305,0.250332267056963,20.9526898407229
"192",583,"Florida","mri-esm2-0","ssp585",0.302529198397305,2.24708951207656,13.2691865741082
"193",584,"Florida","mri-esm2-0","ssp585",0.307835874325244,0.344086018996721,16.1222724852858
"194",585,"Florida","mri-esm2-0","ssp585",0.313142550253184,0.0721612193706339,18.9458701902323
"195",586,"Florida","mri-esm2-0","ssp585",0.313142550253184,1.43056094379126,19.1024223224815
"196",587,"Florida","mri-esm2-0","ssp585",0.313142550253184,5.43665872645592,20.6048241628148
"197",588,"Florida","mri-esm2-0","ssp585",0.618929209054075,1.57407621860094,19.9047225417474
"198",589,"Florida","mri-esm2-0","ssp585",0.924715867854966,4.34742254747646,23.3854633999642
"199",590,"Florida","mri-esm2-0","ssp585",0.924715867854966,0.543244001205751,23.1456391614724
"200",591,"Florida","mri-esm2-0","ssp585",0.924715867854966,0.269443968394224,24.3050093576272
"201",592,"Florida","mri-esm2-0","ssp585",1.11518009079051,2.60074343253249,24.6310520059015
"202",593,"Florida","mri-esm2-0","ssp585",1.30564431372605,0.920644874899928,25.7575073900249
"203",594,"Florida","mri-esm2-0","ssp585",1.30564431372605,0.00246286233278328,27.095071370004
"204",595,"Florida","mri-esm2-0","ssp585",1.30564431372605,0.795782536839995,27.1049627669096
"205",596,"Florida","mri-esm2-0","ssp585",1.30564431372605,14.5896698310285,25.0704148120315
"206",597,"Florida","mri-esm2-0","ssp585",1.3032669349961,15.202531177599,27.2909671588086
"207",598,"Florida","mri-esm2-0","ssp585",1.30088955626614,14.8978895492799,27.7657266539705
"208",599,"Florida","mri-esm2-0","ssp585",1.30088955626614,18.8629977442216,27.4995312796128
"209",600,"Florida","mri-esm2-0","ssp585",1.30088955626614,8.86447303027177,28.0605331215255
"210",601,"Florida","mri-esm2-0","ssp585",1.29064654077666,19.3108893319977,27.2922368052192
"211",602,"Florida","mri-esm2-0","ssp585",1.28040352528718,4.89576256457445,29.1488230250274
"212",603,"Florida","mri-esm2-0","ssp585",1.28040352528718,7.33074984860881,29.0501055694334
"213",604,"Florida","mri-esm2-0","ssp585",1.28040352528718,13.1165210528746,28.5338676678845
"214",605,"Florida","mri-esm2-0","ssp585",1.28040352528718,7.49947099436612,28.8839128437711
"215",606,"Florida","mri-esm2-0","ssp585",0.876685276420282,2.8089274282258,29.1716522299055
"216",607,"Florida","mri-esm2-0","ssp585",0.876685276420282,7.39338972195762,28.2805595953188
"217",608,"Florida","mri-esm2-0","ssp585",0.876685276420282,5.84055768638281,28.186707678124
"218",609,"Florida","mri-esm2-0","ssp585",0.876685276420282,4.14469968376937,27.8034386483164
"219",610,"Florida","mri-esm2-0","ssp585",0.754309734122971,1.82314142736105,29.0720171082695
"220",611,"Florida","mri-esm2-0","ssp585",0.63193419182566,2.7486368700979,27.7173372911315
"221",612,"Florida","mri-esm2-0","ssp585",0.63193419182566,2.48898662400385,27.6141386870104
"222",613,"Florida","mri-esm2-0","ssp585",0.63193419182566,5.77863268787492,27.5461695421738
"223",614,"Florida","mri-esm2-0","ssp585",0.724641762541111,10.913893633055,24.8439147455673
"224",615,"Florida","mri-esm2-0","ssp585",0.817349333256562,11.36382593135,25.8551318885824
"225",616,"Florida","mri-esm2-0","ssp585",0.817349333256562,8.57374142786706,24.3457341196724
"226",617,"Florida","mri-esm2-0","ssp585",0.817349333256562,6.60347309326316,23.582744571655
"227",618,"Florida","mri-esm2-0","ssp585",0.817349333256562,0.81258556583193,22.635421119546
"228",619,"Florida","mri-esm2-0","ssp585",0.46633926399876,0.723209512367282,19.8342108137846
"229",620,"Florida","mri-esm2-0","ssp585",0.115329194740959,1.47550374800885,20.080185125716
"230",621,"Florida","mri-esm2-0","ssp585",0.115329194740959,1.51179945455563,20.1215927082895
"231",622,"Florida","mri-esm2-0","ssp585",0.115329194740959,4.22902185065138,22.2009690112502
"232",623,"Florida","mri-esm2-0","ssp585",0.085466610899072,2.41517252895546,16.3882771864734
"233",624,"Florida","mri-esm2-0","ssp585",0.0556040270571845,1.21088996503986,16.7214917946376
"234",625,"Florida","mri-esm2-0","ssp585",0.0556040270571845,0.0395937829221222,13.0275784145468
"235",626,"Florida","mri-esm2-0","ssp585",0.0556040270571845,3.93257023109899,22.6660168424128
"236",627,"Florida","mri-esm2-0","ssp585",0.0404635591278084,1.04745461144044,18.7572781380296
"237",628,"Florida","mri-esm2-0","ssp585",0.019266904026682,1.2138376079046,14.6854653412441
"238",629,"Florida","mri-esm2-0","ssp585",0.019266904026682,1.81496631912695,17.4044890946134
"239",630,"Florida","mri-esm2-0","ssp585",0.019266904026682,0.0990750066541977,15.4373726487481
"240",631,"Florida","mri-esm2-0","ssp585",0.019266904026682,1.57017759492537,14.2832247423033
"241",632,"Florida","mri-esm2-0","ssp585",0.0150565220793064,5.79279657523646,14.8098014399691
"242",633,"Florida","mri-esm2-0","ssp585",0.0108461401319308,1.01442684472817,20.1411075067649
"243",634,"Florida","mri-esm2-0","ssp585",0.0108461401319308,6.38737359808235,20.089897941322
"244",635,"Florida","mri-esm2-0","ssp585",0.0108461401319308,1.57958409998668,15.7390409649543
"245",636,"Florida","mri-esm2-0","ssp585",0.070513655901726,4.49258779880465,14.5332072214296
"246",637,"Florida","mri-esm2-0","ssp585",0.113133310023008,0.00833289057168246,17.840458444765
"247",638,"Florida","mri-esm2-0","ssp585",0.113133310023008,2.39328971448621,23.5077769482554
"248",639,"Florida","mri-esm2-0","ssp585",0.113133310023008,1.13850859783652,21.1013833264456
"249",640,"Florida","mri-esm2-0","ssp585",0.181123000089894,0.962680813572759,20.7219556453736
"250",641,"Florida","mri-esm2-0","ssp585",0.24911269015678,1.5612240209202,19.854445366461
"251",642,"Florida","mri-esm2-0","ssp585",0.24911269015678,8.00479327606911,23.2631000035536
"252",643,"Florida","mri-esm2-0","ssp585",0.24911269015678,4.69142308821719,24.4875158263667
"253",644,"Florida","mri-esm2-0","ssp585",0.24911269015678,1.52216454241398,22.9318709298928
"254",645,"Florida","mri-esm2-0","ssp585",0.353341430165787,1.25245904487336,23.0128864627643
"255",646,"Florida","mri-esm2-0","ssp585",0.457570170174794,2.28703610837108,24.90597343342
"256",647,"Florida","mri-esm2-0","ssp585",0.457570170174794,2.49620357252509,22.9612648688879
"257",648,"Florida","mri-esm2-0","ssp585",0.457570170174794,2.24910267661128,25.0843046697324
"258",649,"Florida","mri-esm2-0","ssp585",0.564101232847281,1.75912197292793,25.3985884262867
"259",650,"Florida","mri-esm2-0","ssp585",0.670632295519767,4.6533271019261,27.2165622598078
"260",651,"Florida","mri-esm2-0","ssp585",0.670632295519767,2.70012132645393,27.611319718271
"261",652,"Florida","mri-esm2-0","ssp585",0.670632295519767,11.9797633521207,28.002370154697
"262",653,"Florida","mri-esm2-0","ssp585",0.664630779388229,10.4154629046596,27.2872416288062
"263",654,"Florida","mri-esm2-0","ssp585",0.659962933508143,8.42741792448112,27.585125107264
"264",655,"Florida","mri-esm2-0","ssp585",0.659962933508143,4.45469428985656,28.9295355537188
"265",656,"Florida","mri-esm2-0","ssp585",0.659962933508143,8.54466991593928,27.6323525811784
"266",657,"Florida","mri-esm2-0","ssp585",0.659962933508143,11.8184141774054,27.508347569386
"267",658,"Florida","mri-esm2-0","ssp585",0.506699415028043,10.9660391271948,28.0259327685415
"268",659,"Florida","mri-esm2-0","ssp585",0.353435896547943,4.49343853407983,28.4064055327135
"269",660,"Florida","mri-esm2-0","ssp585",0.353435896547943,7.30423510133137,28.3778437118325
"270",661,"Florida","mri-esm2-0","ssp585",0.353435896547943,7.70065008918849,28.4220507680888
"271",662,"Florida","mri-esm2-0","ssp585",0.281038751274238,2.25168237674015,29.0751509591897
"272",663,"Florida","mri-esm2-0","ssp585",0.208641606000534,4.53150770363773,28.9353681949914
"273",664,"Florida","mri-esm2-0","ssp585",0.208641606000534,7.8996760372011,27.4750311756391
"274",665,"Florida","mri-esm2-0","ssp585",0.208641606000534,7.15058173754753,27.3620730335822
"275",666,"Florida","mri-esm2-0","ssp585",0.208641606000534,1.45972428177345,28.2008007944112
"276",667,"Florida","mri-esm2-0","ssp585",0.200018110989187,3.58282362316522,27.2011763004601
"277",668,"Florida","mri-esm2-0","ssp585",0.200018110989187,2.32291529356554,24.1214883233659
"278",669,"Florida","mri-esm2-0","ssp585",0.200018110989187,3.43568040388239,23.1677909748252
"279",670,"Florida","mri-esm2-0","ssp585",0.200018110989187,0.00317338200120821,22.1960099459337
"280",671,"Florida","mri-esm2-0","ssp585",0.123663147564271,2.9438743503073,21.1367337044359
"281",672,"Florida","mri-esm2-0","ssp585",0.0473081841393554,0.00872368641969443,18.8153824551729
"282",673,"Florida","mri-esm2-0","ssp585",0.0473081841393554,5.4281490900026,20.0435587674781
"283",674,"Florida","mri-esm2-0","ssp585",0.0473081841393554,3.00249629643498,15.3236005675118
"284",675,"Florida","mri-esm2-0","ssp585",0.0380287733447284,2.99612665438016,10.8348909198113
"285",676,"Florida","mri-esm2-0","ssp585",0.0287493625501014,3.33808819676914,18.0716191458895
"286",677,"Florida","mri-esm2-0","ssp585",0.0287493625501014,3.32707594641717,14.5121493522048
"287",678,"Florida","mri-esm2-0","ssp585",0.0287493625501014,2.28542358928547,9.14385458234188
"288",679,"Florida","mri-esm2-0","ssp585",0.0287493625501014,3.23390445969564,15.3229742579705
"289",680,"Florida","mri-esm2-0","ssp585",0.0438542259778249,4.16695745943283,13.6724481546654
"290",681,"Florida","mri-esm2-0","ssp585",0.0632747646706123,5.49952686727959,19.3882691252264
"291",682,"Florida","mri-esm2-0","ssp585",0.0632747646706123,3.73195491843464,17.1313406479005
"292",683,"Florida","mri-esm2-0","ssp585",0.0632747646706123,1.49572023783303,22.9759933430551
"293",684,"Florida","mri-esm2-0","ssp585",0.0591034210073929,5.22133500882009,15.7999485396311
"294",685,"Florida","mri-esm2-0","ssp585",0.0549320773441736,4.2600867252383,16.3667265118293
"295",686,"Florida","mri-esm2-0","ssp585",0.0549320773441736,8.84348266566947,19.4725353148427
"296",687,"Florida","mri-esm2-0","ssp585",0.0549320773441736,2.01832512991654,17.898525745978
"297",688,"Florida","mri-esm2-0","ssp585",0.0603488141918486,3.63861283487563,19.7418618256191
"298",689,"Florida","mri-esm2-0","ssp585",0.0657655510395236,3.11095905275961,19.8598430294232
"299",690,"Florida","mri-esm2-0","ssp585",0.0657655510395236,4.71695141532011,18.3699663928256
"300",691,"Florida","mri-esm2-0","ssp585",0.0657655510395236,0.0464245056194324,19.6828588439448
"301",692,"Florida","mri-esm2-0","ssp585",0.0657655510395236,4.50943241604558,21.147562920501
"302",693,"Florida","mri-esm2-0","ssp585",0.127219885264901,5.79656507253935,19.8590296660472
"303",694,"Florida","mri-esm2-0","ssp585",0.127219885264901,0.160841487298736,21.3232955562458
"304",695,"Florida","mri-esm2-0","ssp585",0.127219885264901,1.11989317533686,23.806809154418
"305",696,"Florida","mri-esm2-0","ssp585",0.127219885264901,0.324814481854448,21.4516214787157
"306",697,"Florida","mri-esm2-0","ssp585",0.1951455608323,10.1125561983678,22.7525915099604
"307",698,"Florida","mri-esm2-0","ssp585",0.263071236399698,7.13550985705851,26.3619828792274
"308",699,"Florida","mri-esm2-0","ssp585",0.263071236399698,6.91104006475972,23.1477507146543
"309",700,"Florida","mri-esm2-0","ssp585",0.263071236399698,0.123000040210202,25.3199120534398
"310",701,"Florida","mri-esm2-0","ssp585",0.348862693590392,2.4868574692711,26.2933389751095
"311",702,"Florida","mri-esm2-0","ssp585",0.415589382516487,2.05004786927962,26.8231285732712
"312",703,"Florida","mri-esm2-0","ssp585",0.415589382516487,6.1921842779061,27.7040608285251
"313",704,"Florida","mri-esm2-0","ssp585",0.415589382516487,0.460133278389461,26.4880701604879
"314",705,"Florida","mri-esm2-0","ssp585",0.415589382516487,12.4894844416845,27.6804026313227
"315",706,"Florida","mri-esm2-0","ssp585",0.570075044136762,5.71064764054326,27.2055250142141
"316",707,"Florida","mri-esm2-0","ssp585",0.570075044136762,0.667229992200008,28.7745214745041
"317",708,"Florida","mri-esm2-0","ssp585",0.570075044136762,2.72480418981003,29.4802643233554
"318",709,"Florida","mri-esm2-0","ssp585",0.570075044136762,5.02913744806949,28.9558129158946
"319",710,"Florida","mri-esm2-0","ssp585",0.380999029766877,11.5261640692194,28.1523931703799
"320",711,"Florida","mri-esm2-0","ssp585",0.226300472555153,8.02816162913905,28.219907512819
"321",712,"Florida","mri-esm2-0","ssp585",0.226300472555153,11.4631515093231,27.3623911238102
"322",713,"Florida","mri-esm2-0","ssp585",0.226300472555153,19.1893031167976,26.8706631971498
"323",714,"Florida","mri-esm2-0","ssp585",0.186927020619317,9.15622565345955,27.265920946476
"324",715,"Florida","mri-esm2-0","ssp585",0.14755356868348,4.50417521278233,27.7559608644553
"325",716,"Florida","mri-esm2-0","ssp585",0.14755356868348,5.94213366519427,27.0983681732754
"326",717,"Florida","mri-esm2-0","ssp585",0.14755356868348,15.9347537354437,25.4173681706431
"327",718,"Florida","mri-esm2-0","ssp585",0.14755356868348,0.0331016222525792,25.2164238202283
"328",719,"Florida","mri-esm2-0","ssp585",0.135131735503187,0.344497148329038,24.9180782184447
"329",720,"Florida","mri-esm2-0","ssp585",0.119949494949495,2.66029074204115,24.2968198709411
"330",721,"Florida","mri-esm2-0","ssp585",0.119949494949495,0.780440170925342,25.43526858101
"331",722,"Florida","mri-esm2-0","ssp585",0.119949494949495,3.4580558986173,24.4059909542937
"332",723,"Florida","mri-esm2-0","ssp585",0.110184279191129,7.10278965094634,19.6148737411294
"333",724,"Florida","mri-esm2-0","ssp585",0.0976290017875145,3.36696868319443,21.4790979102616
"334",725,"Florida","mri-esm2-0","ssp585",0.0976290017875145,2.37826452440848,22.1089126957074
"335",726,"Florida","mri-esm2-0","ssp585",0.0976290017875145,0.0698888828879728,21.4132080736186
"336",727,"Florida","mri-esm2-0","ssp585",0.101542041185236,0.450203152158645,20.4385700729658
"337",728,"Florida","mri-esm2-0","ssp585",0.105455080582958,5.36562597735218,20.9274883259982
"338",729,"Florida","mri-esm2-0","ssp585",0.105455080582958,3.43047841310563,22.8444774699661
"339",730,"Florida","mri-esm2-0","ssp585",0.105455080582958,1.18646196187959,19.7122887295212
"340",731,"Florida","mri-esm2-0","ssp585",0.105455080582958,3.01722884550785,19.9567002288736
"341",732,"Florida","mri-esm2-0","ssp585",0.0893231359765615,0.19003560433786,12.7819944972941
"342",733,"Florida","mri-esm2-0","ssp585",0.0731911913701651,2.60844426267741,21.3774649154787
"343",734,"Florida","mri-esm2-0","ssp585",0.0731911913701651,2.28142722887347,18.193631960311
"344",735,"Florida","mri-esm2-0","ssp585",0.0731911913701651,0.0584676995613164,16.2386650476173
"345",736,"Florida","mri-esm2-0","ssp585",0.0952065091521111,3.54748105489388,17.0707935261277
"346",737,"Florida","mri-esm2-0","ssp585",0.117221826934057,0.674361313220857,14.4839196053477
"347",738,"Florida","mri-esm2-0","ssp585",0.117221826934057,0.061746089442867,19.0296499082663
"348",739,"Florida","mri-esm2-0","ssp585",0.117221826934057,2.80848116797353,19.5090449495136
"349",740,"Florida","mri-esm2-0","ssp585",0.111482902642631,2.1566858411309,21.5347231471635
"350",741,"Florida","mri-esm2-0","ssp585",0.107019294860411,7.29071469759023,18.9402953443502
"351",742,"Florida","mri-esm2-0","ssp585",0.107019294860411,6.26862834467197,14.3954363141741
"352",743,"Florida","mri-esm2-0","ssp585",0.107019294860411,0.24543728372024,21.2650128223183
"353",744,"Florida","mri-esm2-0","ssp585",0.107019294860411,4.58735797926368,21.4099752667779
"354",745,"Florida","mri-esm2-0","ssp585",0.111779533519533,0.485977107710992,23.3110922265888
"355",746,"Florida","mri-esm2-0","ssp585",0.115674274240633,11.2635624291348,21.4826659169159
"356",747,"Florida","mri-esm2-0","ssp585",0.115674274240633,2.02637185923745,21.1206766874
"357",748,"Florida","mri-esm2-0","ssp585",0.115674274240633,0.290345784520773,24.590638013156
"358",749,"Florida","mri-esm2-0","ssp585",0.194932108043763,3.70795109362973,20.8903500785725
"359",750,"Florida","mri-esm2-0","ssp585",0.274189941846892,0.115786519624005,23.6100103414284
"360",751,"Florida","mri-esm2-0","ssp585",0.274189941846892,2.42042584270357,25.2828027606975
"361",752,"Florida","mri-esm2-0","ssp585",0.274189941846892,0.134111487786279,27.410941135787
"362",753,"Florida","mri-esm2-0","ssp585",0.392450616612313,3.6507967799779,27.5584486311016
"363",754,"Florida","mri-esm2-0","ssp585",0.536991441325606,0.192432183622453,26.6963323135582
"364",755,"Florida","mri-esm2-0","ssp585",0.536991441325606,3.06220640254369,27.3418907967539
"365",756,"Florida","mri-esm2-0","ssp585",0.536991441325606,6.50094342693462,27.6896053674086
"366",757,"Florida","mri-esm2-0","ssp585",0.536991441325606,4.03221036064857,28.5745435689016
"367",758,"Florida","mri-esm2-0","ssp585",0.530671348335608,5.03973478314756,28.5044790756349
"368",759,"Florida","mri-esm2-0","ssp585",0.525500363161974,4.84065754822372,28.1406718703936
"369",760,"Florida","mri-esm2-0","ssp585",0.525500363161974,2.5867824575917,29.4068681495852
"370",761,"Florida","mri-esm2-0","ssp585",0.525500363161974,5.45826314287211,28.6150844851594
"371",762,"Florida","mri-esm2-0","ssp585",0.413504018639971,4.22541643011605,28.6017559534777
"372",763,"Florida","mri-esm2-0","ssp585",0.301507674117968,6.580693693557,28.4678486045159
"373",764,"Florida","mri-esm2-0","ssp585",0.301507674117968,11.6579621962892,27.780716871894
"374",765,"Florida","mri-esm2-0","ssp585",0.301507674117968,1.22559922118365,29.389336088854
"375",766,"Florida","mri-esm2-0","ssp585",0.301507674117968,4.97608736022272,28.0116563822703
"376",767,"Florida","mri-esm2-0","ssp585",0.250965110445391,5.60509289126994,27.4048900182678
"377",768,"Florida","mri-esm2-0","ssp585",0.250965110445391,6.1208020849328,27.7027414162525
"378",769,"Florida","mri-esm2-0","ssp585",0.250965110445391,3.02320252865787,26.5611028378222
"379",770,"Florida","mri-esm2-0","ssp585",0.250965110445391,0.49100571546351,26.8500603770953
"380",771,"Florida","mri-esm2-0","ssp585",0.200247466724281,9.15381870617658,25.7471247505949
"381",772,"Florida","mri-esm2-0","ssp585",0.149529823003171,6.42610587175013,23.2363012925634
"382",773,"Florida","mri-esm2-0","ssp585",0.149529823003171,4.26882734323301,22.5560803518784
"383",774,"Florida","mri-esm2-0","ssp585",0.149529823003171,1.99829271523241,22.0747236308383
"384",775,"Florida","mri-esm2-0","ssp585",1.00529812534082,1.05226827254228,18.9435425462749
"385",776,"Florida","mri-esm2-0","ssp585",2.05123716153128,2.79986810559877,21.5337650926287
"386",777,"Florida","mri-esm2-0","ssp585",2.05123716153128,0.058696569335442,18.6397882590076
"387",778,"Florida","mri-esm2-0","ssp585",2.05123716153128,5.20224587706502,17.8305395738134
"388",779,"Florida","mri-esm2-0","ssp585",2.05123716153128,3.76001972491613,20.3865578376379
"389",780,"Florida","mri-esm2-0","ssp585",0.131980339135423,2.74557330994965,18.2576355474015
"390",781,"Florida","mri-esm2-0","ssp585",0.131980339135423,1.46132134581608,15.4877748556214
"391",782,"Florida","mri-esm2-0","ssp585",0.131980339135423,6.3090773102307,16.9398521402776
"392",783,"Florida","mri-esm2-0","ssp585",0.131980339135423,0.622220790161387,14.486918389251
"393",784,"Florida","mri-esm2-0","ssp585",0.112080168797962,0.0028452308891803,12.7591195571776
"394",785,"Florida","mri-esm2-0","ssp585",0.0921799984605019,0.0267173090254693,8.62965074729408
"395",786,"Florida","mri-esm2-0","ssp585",0.0921799984605019,0.31129231140588,14.0750558693775
"396",787,"Florida","mri-esm2-0","ssp585",0.0921799984605019,0.44531714466681,12.0066979750148
"397",788,"Florida","mri-esm2-0","ssp585",0.108680266992982,1.15634782709378,16.4650806355027
"398",789,"Florida","mri-esm2-0","ssp585",0.129894897963313,0.283281541459231,12.0126602543011
"399",790,"Florida","mri-esm2-0","ssp585",0.129894897963313,4.94827768139618,18.6404110314711
"400",791,"Florida","mri-esm2-0","ssp585",0.129894897963313,6.35836928812679,17.7774433475299
"401",792,"Florida","mri-esm2-0","ssp585",0.11949584516858,1.92857108596961,16.2833784818007
"402",793,"Florida","mri-esm2-0","ssp585",0.111407692994899,2.31885424810863,22.1163461525807
"403",794,"Florida","mri-esm2-0","ssp585",0.111407692994899,0.0349769186623651,19.277616993372
"404",795,"Florida","mri-esm2-0","ssp585",0.111407692994899,4.35544334750841,22.6160677927845
"405",796,"Florida","mri-esm2-0","ssp585",0.111407692994899,4.11882654443028,22.023163565664
"406",797,"Florida","mri-esm2-0","ssp585",0.124063145709419,5.70868282820345,24.0858359776417
"407",798,"Florida","mri-esm2-0","ssp585",0.133554735245309,0.00918136337902077,17.503157771437
"408",799,"Florida","mri-esm2-0","ssp585",0.133554735245309,0.0850568679563018,23.9527626387193
"409",800,"Florida","mri-esm2-0","ssp585",0.133554735245309,0.25340716803246,25.4963632095214
"410",801,"Florida","mri-esm2-0","ssp585",0.18791870128684,0.672640815240189,25.6612329858333
"411",802,"Florida","mri-esm2-0","ssp585",0.242282667328372,5.9841414640824,23.9897605546401
"412",803,"Florida","mri-esm2-0","ssp585",0.242282667328372,6.01132836494396,25.0034473182699
"413",804,"Florida","mri-esm2-0","ssp585",0.242282667328372,11.7419577918735,24.4330388236239
"414",805,"Florida","mri-esm2-0","ssp585",0.242282667328372,5.38118524002321,26.0089561935384
"415",806,"Florida","mri-esm2-0","ssp585",0.630824197043186,11.7247986439985,26.9351090012214
"416",807,"Florida","mri-esm2-0","ssp585",0.630824197043186,14.0796320867255,26.8878927966013
"417",808,"Florida","mri-esm2-0","ssp585",0.630824197043186,5.2578015537171,28.5620219845014
"418",809,"Florida","mri-esm2-0","ssp585",0.630824197043186,9.15973566059428,28.8140798234554
"419",810,"Florida","mri-esm2-0","ssp585",0.659583287574328,4.66504441964097,28.8130107211296
"420",811,"Florida","mri-esm2-0","ssp585",0.68834237810547,8.13689763872831,28.2240008166537
"421",812,"Florida","mri-esm2-0","ssp585",0.68834237810547,2.89471400062685,29.9228113220709
"422",813,"Florida","mri-esm2-0","ssp585",0.68834237810547,7.87035597059395,28.658814118172
"423",814,"Florida","mri-esm2-0","ssp585",0.848938345218982,15.6742676895552,27.8237274087664
"424",815,"Florida","mri-esm2-0","ssp585",1.02413394570645,5.22773759067945,28.5387221837622
"425",816,"Florida","mri-esm2-0","ssp585",1.02413394570645,7.17722312451267,28.5436709668759
"426",817,"Florida","mri-esm2-0","ssp585",1.02413394570645,9.60245688342787,28.311717055493
"427",818,"Florida","mri-esm2-0","ssp585",1.02413394570645,7.01876277474643,28.2851618270669
"428",819,"Florida","mri-esm2-0","ssp585",1.18713174975695,3.53426620549187,28.6672539970624
"429",820,"Florida","mri-esm2-0","ssp585",1.35012955380745,8.27216070107008,28.1869862024354
"430",821,"Florida","mri-esm2-0","ssp585",1.35012955380745,3.78831451051013,28.0618553305572
"431",822,"Florida","mri-esm2-0","ssp585",1.35012955380745,7.18433589956667,27.7511305323187
"432",823,"Florida","mri-esm2-0","ssp585",1.21652941253754,1.94240477815061,25.5068833014393
"433",824,"Florida","mri-esm2-0","ssp585",1.1034831391553,3.56158097600353,25.329356709195
"434",825,"Florida","mri-esm2-0","ssp585",1.1034831391553,3.07008101041492,26.5340730651691
"435",826,"Florida","mri-esm2-0","ssp585",1.1034831391553,2.39678932473741,25.8625296456473
"436",827,"Florida","mri-esm2-0","ssp585",1.05766288563851,6.92544891225301,19.411497032803
"437",828,"Florida","mri-esm2-0","ssp585",1.01184263212173,1.64947200271197,21.670364651333
"438",829,"Florida","mri-esm2-0","ssp585",1.01184263212173,3.13545029345029,20.4453749170843
"439",830,"Florida","mri-esm2-0","ssp585",1.01184263212173,1.58090428322816,19.3050896410672
"440",831,"Florida","mri-esm2-0","ssp585",1.01184263212173,1.16442537206127,23.8689062565806
"441",832,"Florida","mri-esm2-0","ssp585",0.540815333561497,3.24009299799579,20.0650607456094
"442",833,"Florida","mri-esm2-0","ssp585",0.0697880350012663,2.18147190282198,12.3560756302908
"443",834,"Florida","mri-esm2-0","ssp585",0.0697880350012663,0.847228470171456,9.87797154017859
"444",835,"Florida","mri-esm2-0","ssp585",0.0697880350012663,1.64084431451806,17.9161153047875
"445",836,"Florida","mri-esm2-0","ssp585",0.0580496313119571,3.68960312732057,19.2381316069323
"446",837,"Florida","mri-esm2-0","ssp585",0.0441769724064099,0.662926301421947,18.5187689521564
"447",838,"Florida","mri-esm2-0","ssp585",0.0441769724064099,4.56978950405608,16.190258081647
"448",839,"Florida","mri-esm2-0","ssp585",0.0441769724064099,2.95257441840964,13.9498485801676
"449",840,"Florida","mri-esm2-0","ssp585",0.0441769724064099,8.11585965420034,21.5052889841908
"450",841,"Florida","mri-esm2-0","ssp585",0.109351724396875,9.0397656127999,18.0493227236355
"451",842,"Florida","mri-esm2-0","ssp585",0.109351724396875,1.04277377947263,16.4203051790716
"452",843,"Florida","mri-esm2-0","ssp585",0.109351724396875,5.30586535207912,14.706302184236
"453",844,"Florida","mri-esm2-0","ssp585",0.109351724396875,6.81245555199494,22.7823350438532
"454",845,"Florida","mri-esm2-0","ssp585",0.209325787695189,12.1907838676168,21.7022519011382
"455",846,"Florida","mri-esm2-0","ssp585",0.309299850993503,1.64978125215401,21.2263721394089
"456",847,"Florida","mri-esm2-0","ssp585",0.309299850993503,3.15410439328441,17.8816238608965
"457",848,"Florida","mri-esm2-0","ssp585",0.309299850993503,0.970424881677292,21.0752248265351
"458",849,"Florida","mri-esm2-0","ssp585",0.541523918688787,5.32918808229725,24.0788820827104
"459",850,"Florida","mri-esm2-0","ssp585",0.788261990615027,2.02241674122032,21.4617714113303
"460",851,"Florida","mri-esm2-0","ssp585",0.788261990615027,5.11952569449882,25.1266037604237
"461",852,"Florida","mri-esm2-0","ssp585",0.788261990615027,5.45082859013313,23.8129904857543
"462",853,"Florida","mri-esm2-0","ssp585",0.73073668279582,5.98219921621495,22.5572193731838
"463",854,"Florida","mri-esm2-0","ssp585",0.676595216613036,7.82601309919842,25.4624710946713
"464",855,"Florida","mri-esm2-0","ssp585",0.676595216613036,6.25739199162975,24.9902242408609
"465",856,"Florida","mri-esm2-0","ssp585",0.676595216613036,3.8070997116374,25.6901504886761
"466",857,"Florida","mri-esm2-0","ssp585",0.676595216613036,2.87817558641001,27.023473594645
"467",858,"Florida","mri-esm2-0","ssp585",0.784602165498841,9.76551437775935,27.5164327534061
"468",859,"Florida","mri-esm2-0","ssp585",0.892609114384645,10.322616227294,26.7423600600415
"469",860,"Florida","mri-esm2-0","ssp585",0.892609114384645,17.7424266053063,27.4089690915337
"470",861,"Florida","mri-esm2-0","ssp585",0.892609114384645,9.33788973587983,28.4598370410683
"471",862,"Florida","mri-esm2-0","ssp585",1.35805822672242,3.04998746792901,28.8670044603374
"472",863,"Florida","mri-esm2-0","ssp585",1.82350733906019,4.08907849263674,28.9919733669559
"473",864,"Florida","mri-esm2-0","ssp585",1.82350733906019,4.1197376836838,29.0970761527912
"474",865,"Florida","mri-esm2-0","ssp585",1.82350733906019,5.81660961470138,28.4351023383539
"475",866,"Florida","mri-esm2-0","ssp585",1.82350733906019,8.23556570363052,28.0574087302319
"476",867,"Florida","mri-esm2-0","ssp585",2.32381010438693,2.51047311825229,28.9989777680677
"477",868,"Florida","mri-esm2-0","ssp585",2.32381010438693,7.94051405435194,27.4815798695197
"478",869,"Florida","mri-esm2-0","ssp585",2.32381010438693,12.4011610112737,27.6798375214528
"479",870,"Florida","mri-esm2-0","ssp585",2.32381010438693,4.25009350317586,28.1028517072734
"480",871,"Florida","mri-esm2-0","ssp585",1.62327009447138,2.28941787838531,28.9659505921233
"481",872,"Florida","mri-esm2-0","ssp585",0.961648973995588,1.40342435399381,29.2178844688395
"482",873,"Florida","mri-esm2-0","ssp585",0.961648973995588,1.54349503527629,28.859463245978
"483",874,"Florida","mri-esm2-0","ssp585",0.961648973995588,8.77905978179796,25.7189909983838
"484",875,"Florida","mri-esm2-0","ssp585",0.854267513840922,6.28366271543828,26.5908015413105
"485",876,"Florida","mri-esm2-0","ssp585",0.746886053686256,0.0389127034000955,26.1500892988755
"486",877,"Florida","mri-esm2-0","ssp585",0.746886053686256,7.01246328494795,25.9335078565901
"487",878,"Florida","mri-esm2-0","ssp585",0.746886053686256,3.98003069833037,26.508760584911
"488",879,"Florida","mri-esm2-0","ssp585",0.746886053686256,2.27047571151531,18.56608781429
"489",880,"Florida","mri-esm2-0","ssp585",0.464819222798798,1.65600190606529,22.2068330749347
"490",881,"Florida","mri-esm2-0","ssp585",0.126339025733848,0.68226295476846,15.0104043389909
"491",882,"Florida","mri-esm2-0","ssp585",0.126339025733848,0.772402159812758,18.334192388077
"492",883,"Florida","mri-esm2-0","ssp585",0.126339025733848,0.291015969598492,20.1329867874516
"493",884,"Florida","mri-esm2-0","ssp585",0.12327512564767,0.976572279249851,17.6590805506128
"494",885,"Florida","mri-esm2-0","ssp585",0.119739856317464,0.0430661916400251,18.5053141550234
"495",886,"Florida","mri-esm2-0","ssp585",0.119739856317464,0.463110443263947,22.8741693460717
"496",887,"Florida","mri-esm2-0","ssp585",0.119739856317464,0.927340378884789,18.8672554283451
"497",888,"Florida","mri-esm2-0","ssp585",0.205290056810568,4.32233307281353,18.857874028702
"498",889,"Florida","mri-esm2-0","ssp585",0.290840257303672,0.148165187133759,11.8195497908682
"499",890,"Florida","mri-esm2-0","ssp585",0.290840257303672,1.07189646912521,16.346791705931
"500",891,"Florida","mri-esm2-0","ssp585",0.290840257303672,1.34919071164272,11.1986861154397
"501",892,"Florida","mri-esm2-0","ssp585",0.290840257303672,0.0237042677768091,13.8680883690354
"502",893,"Florida","mri-esm2-0","ssp585",0.189174765895174,0.0232731970676238,13.5496949393794
"503",894,"Florida","mri-esm2-0","ssp585",0.0875092744866763,2.83177918292661,16.964559122173
"504",895,"Florida","mri-esm2-0","ssp585",0.0875092744866763,1.23355783482964,22.0033349543569
"505",896,"Florida","mri-esm2-0","ssp585",0.0875092744866763,0.52114296377799,21.1313682042042
"506",897,"Florida","mri-esm2-0","ssp585",0.109953788968806,0.669593367477483,22.0899834892499
"507",898,"Florida","mri-esm2-0","ssp585",0.132398303450935,9.82601056766971,17.729230674065
"508",899,"Florida","mri-esm2-0","ssp585",0.132398303450935,0.290374238256183,17.9705882769068
"509",900,"Florida","mri-esm2-0","ssp585",0.132398303450935,1.91898011212521,22.0890806295801
"510",901,"Florida","mri-esm2-0","ssp585",0.115533991165798,6.47730902708993,22.229142987439
"511",902,"Florida","mri-esm2-0","ssp585",0.098669678880661,3.35861361318877,24.2606202652512
"512",903,"Florida","mri-esm2-0","ssp585",0.098669678880661,3.17375831357128,23.3266927960748
"513",904,"Florida","mri-esm2-0","ssp585",0.098669678880661,5.01872303518734,22.7290176268215
"514",905,"Florida","mri-esm2-0","ssp585",0.098669678880661,5.66361068458155,24.4747982220509
"515",906,"Florida","mri-esm2-0","ssp585",0.64137486002879,5.46969834084924,23.1513492388867
"516",907,"Florida","mri-esm2-0","ssp585",0.64137486002879,0.902325953585007,22.9574305120504
"517",908,"Florida","mri-esm2-0","ssp585",0.64137486002879,9.20817239180867,25.0231998412757
"518",909,"Florida","mri-esm2-0","ssp585",0.64137486002879,4.15365996935123,26.2286910640583
"519",910,"Florida","mri-esm2-0","ssp585",0.710818730773988,10.4357572232294,26.3343110035694
"520",911,"Florida","mri-esm2-0","ssp585",0.783917542084723,3.41214950981032,27.8183090168832
"521",912,"Florida","mri-esm2-0","ssp585",0.783917542084723,5.60349268877928,28.5477610626632
"522",913,"Florida","mri-esm2-0","ssp585",0.783917542084723,3.40046042571059,29.1582731920433
"523",914,"Florida","mri-esm2-0","ssp585",0.762194413933718,3.99848414548458,29.4700719458074
"524",915,"Florida","mri-esm2-0","ssp585",0.743433530530577,10.4143532484541,29.0306489270974
"525",916,"Florida","mri-esm2-0","ssp585",0.743433530530577,7.42626079713761,28.8322570307236
"526",917,"Florida","mri-esm2-0","ssp585",0.743433530530577,4.33061376019753,29.0274997762593
"527",918,"Florida","mri-esm2-0","ssp585",0.743433530530577,4.38536056120095,29.7635953589591
"528",919,"Florida","mri-esm2-0","ssp585",0.383558963392468,7.19365939037405,28.7791064321513
"529",920,"Florida","mri-esm2-0","ssp585",0.0668693443109331,7.28060606446266,28.4084778490092
"530",921,"Florida","mri-esm2-0","ssp585",0.0668693443109331,7.4199404699928,28.6894070442796
"531",922,"Florida","mri-esm2-0","ssp585",0.0668693443109331,2.84807025471412,29.224811712301
"532",923,"Florida","mri-esm2-0","ssp585",0.47464536099171,11.3253423668747,28.131940964033
"533",924,"Florida","mri-esm2-0","ssp585",0.938027198128957,7.14188390599317,28.323583951472
"534",925,"Florida","mri-esm2-0","ssp585",0.938027198128957,3.24641520786523,28.2404041382823
"535",926,"Florida","mri-esm2-0","ssp585",0.938027198128957,3.22488481294001,27.8916200540137
"536",927,"Florida","mri-esm2-0","ssp585",0.482143765613484,4.71918514486761,27.4328389376
"537",928,"Florida","mri-esm2-0","ssp585",0.0460813519030316,10.7372330946735,23.5967325627001
"538",929,"Florida","mri-esm2-0","ssp585",0.0460813519030316,4.21355654285249,24.8379110906966
"539",930,"Florida","mri-esm2-0","ssp585",0.0460813519030316,4.86925254201951,23.9019749726247
"540",931,"Florida","mri-esm2-0","ssp585",0.0460813519030316,3.03383027591694,22.2961119618377
"541",932,"Florida","mri-esm2-0","ssp585",0.0560206592275147,15.4061413659503,21.8410880446113
"542",933,"Florida","mri-esm2-0","ssp585",0.0669065672495676,3.37794115426031,23.6327688047507
"543",934,"Florida","mri-esm2-0","ssp585",0.0669065672495676,0.955224846022537,19.9835923845235
"544",935,"Florida","mri-esm2-0","ssp585",0.0669065672495676,0.691645840824048,20.9151099521195
"545",936,"Florida","mri-esm2-0","ssp585",0.0516018061667696,4.052286899148,22.8453327847298
"546",937,"Florida","mri-esm2-0","ssp585",0.039240268369125,2.22881177996651,20.2813870247484
"547",938,"Florida","mri-esm2-0","ssp585",0.039240268369125,5.90196234294135,16.6295598526207
"548",939,"Florida","mri-esm2-0","ssp585",0.039240268369125,0.0805600888888188,12.9039925876011
"549",940,"Florida","mri-esm2-0","ssp585",0.039240268369125,1.72814333814854,14.0296860193628
"550",941,"Florida","mri-esm2-0","ssp585",0.0144314868804665,5.18765097882974,13.7541281646153
"551",942,"Florida","mri-esm2-0","ssp585",0.0144314868804665,2.36395566613807,18.9587210518973
"552",943,"Florida","mri-esm2-0","ssp585",0.0144314868804665,1.83667477040928,14.8429652458253
"553",944,"Florida","mri-esm2-0","ssp585",0.0144314868804665,0.0939014865309213,9.47760682632983
"554",945,"Florida","mri-esm2-0","ssp585",0.0354872174888917,10.7416941934205,19.8425782237092
"555",946,"Florida","mri-esm2-0","ssp585",0.0488863187851623,0.979745820979901,16.2967131828041
"556",947,"Florida","mri-esm2-0","ssp585",0.0488863187851623,3.78331863692418,16.1175720379359
"557",948,"Florida","mri-esm2-0","ssp585",0.0488863187851623,9.19642195351209,20.6185407859617
"558",949,"Florida","mri-esm2-0","ssp585",0.0312050649328812,3.40407722620448,17.3100042050097
"559",950,"Florida","mri-esm2-0","ssp585",0.018238812107875,5.57151830834033,18.4998918970319
"560",951,"Florida","mri-esm2-0","ssp585",0.018238812107875,2.86643793269562,17.6262455284756
"561",952,"Florida","mri-esm2-0","ssp585",0.018238812107875,0.0140609566445181,19.5666295629949
"562",953,"Florida","mri-esm2-0","ssp585",0.0426331059348587,7.46574549148209,18.90743654976
"563",954,"Florida","mri-esm2-0","ssp585",0.0662404870577461,1.48097760114111,21.5402997204557
"564",955,"Florida","mri-esm2-0","ssp585",0.0662404870577461,8.16911882185977,22.1038995871326
"565",956,"Florida","mri-esm2-0","ssp585",0.0662404870577461,5.59324832727902,22.8463932500053
"566",957,"Florida","mri-esm2-0","ssp585",0.0662404870577461,4.15084742936707,24.6311094217224
"567",958,"Florida","mri-esm2-0","ssp585",0.161056422365368,0.632368479492934,24.9087628716729
"568",959,"Florida","mri-esm2-0","ssp585",0.250125937351315,0.89137121586251,23.608974306667
"569",960,"Florida","mri-esm2-0","ssp585",0.250125937351315,2.53236481346516,25.3516948360639
"570",961,"Florida","mri-esm2-0","ssp585",0.250125937351315,2.71930466735525,24.5987852194239
"571",962,"Florida","mri-esm2-0","ssp585",0.470552656085593,1.93589444741843,27.4684053241082
"572",963,"Florida","mri-esm2-0","ssp585",0.70520045344789,5.34782164510068,27.6435286776396
"573",964,"Florida","mri-esm2-0","ssp585",0.70520045344789,6.87757289506849,28.5573258968055
"574",965,"Florida","mri-esm2-0","ssp585",0.70520045344789,16.3906197376569,28.0380189633434
"575",966,"Florida","mri-esm2-0","ssp585",0.60024811964276,5.10207493642994,28.3970836053319
"576",967,"Florida","mri-esm2-0","ssp585",0.495295785837631,8.2762904871701,27.9752647872884
"577",968,"Florida","mri-esm2-0","ssp585",0.495295785837631,6.97619424954365,28.8102462069365
"578",969,"Florida","mri-esm2-0","ssp585",0.495295785837631,5.33038788831775,29.6027036435521
"579",970,"Florida","mri-esm2-0","ssp585",0.495295785837631,8.99305436089269,29.3236084642436
"580",971,"Florida","mri-esm2-0","ssp585",0.353962398098292,9.33130223880148,28.5903329196323
"581",972,"Florida","mri-esm2-0","ssp585",0.212629010358952,2.27870354151969,29.6906001088433
"582",973,"Florida","mri-esm2-0","ssp585",0.212629010358952,5.37436442898641,29.8521038209653
"583",974,"Florida","mri-esm2-0","ssp585",0.212629010358952,4.40651473176885,28.5114722074524
"584",975,"Florida","mri-esm2-0","ssp585",0.186230166419507,6.94476083503144,28.3347665462854
"585",976,"Florida","mri-esm2-0","ssp585",0.159831322480062,4.52152227143417,28.47662368322
"586",977,"Florida","mri-esm2-0","ssp585",0.159831322480062,9.2315542162445,28.2024611645311
"587",978,"Florida","mri-esm2-0","ssp585",0.159831322480062,10.0034460962837,28.0740542183025
"588",979,"Florida","mri-esm2-0","ssp585",0.159831322480062,7.29548060996135,27.4769805167885
"589",980,"Florida","mri-esm2-0","ssp585",0.140641451365534,0.707101389278034,28.1752423638604
"590",981,"Florida","mri-esm2-0","ssp585",0.140641451365534,2.36258683282182,24.8291612650828
"591",982,"Florida","mri-esm2-0","ssp585",0.140641451365534,8.17259615678145,25.8123129297138
"592",983,"Florida","mri-esm2-0","ssp585",0.140641451365534,2.42201963340368,23.7122218540737
"593",984,"Florida","mri-esm2-0","ssp585",0.0995114387817676,0.50106676623465,22.491776771237
"594",985,"Florida","mri-esm2-0","ssp585",0.0583814261980014,1.52270933757033,22.0514480138404
"595",986,"Florida","mri-esm2-0","ssp585",0.0583814261980014,1.87144800011402,20.9078855118662
"596",987,"Florida","mri-esm2-0","ssp585",0.0583814261980014,6.18525266503898,19.0494091763972
"597",988,"Florida","mri-esm2-0","ssp585",0.0660342295149611,2.67114943332532,19.0906016552866
"598",989,"Florida","mri-esm2-0","ssp585",0.0773312248876159,4.07984663363041,20.916224296138
"599",990,"Florida","mri-esm2-0","ssp585",0.0773312248876159,2.55973298821525,16.6346437850089
"600",991,"Florida","mri-esm2-0","ssp585",0.0773312248876159,5.16255752275398,17.1937277081842
"601",992,"Florida","mri-esm2-0","ssp585",0.0773312248876159,0.418928052598823,14.6427585817733
"602",993,"Florida","mri-esm2-0","ssp585",0.0838459720847855,0.231932479765588,15.7183330196576
"603",994,"Florida","mri-esm2-0","ssp585",0.106647587274879,9.66319408774661,15.8578270595993
"604",995,"Florida","mri-esm2-0","ssp585",0.106647587274879,1.11111722303466,8.20554714151472
"605",996,"Florida","mri-esm2-0","ssp585",0.106647587274879,1.35263914260704,14.4688008187595
"606",997,"Florida","mri-esm2-0","ssp585",0.101231590537643,1.20292590327153,14.6083087602395
"607",998,"Florida","mri-esm2-0","ssp585",0.0931075954317897,0.198686705369995,16.6837824325356
"608",999,"Florida","mri-esm2-0","ssp585",0.0931075954317897,2.96476493021271,19.5123815654745
"609",1000,"Florida","mri-esm2-0","ssp585",0.0931075954317897,0.34688746202275,12.7837956102068
"610",1001,"Florida","mri-esm2-0","ssp585",0.0979351859818557,0.0695600626251464,17.5072508284988
"611",1002,"Florida","mri-esm2-0","ssp585",0.100693809153322,1.1851471201157,13.6605489314406
"612",1003,"Florida","mri-esm2-0","ssp585",0.100693809153322,0.661427379249304,19.0877514286504
"613",1004,"Florida","mri-esm2-0","ssp585",0.100693809153322,3.80162437861066,18.9820645314343
"614",1005,"Florida","mri-esm2-0","ssp585",0.100693809153322,3.12741284629992,21.7087095358301
"615",1006,"Florida","mri-esm2-0","ssp585",0.306377870177347,11.5172099418159,22.7848211982501
"616",1007,"Florida","mri-esm2-0","ssp585",0.306377870177347,2.05480050665626,22.0017891691059
"617",1008,"Florida","mri-esm2-0","ssp585",0.306377870177347,1.62699409515427,22.1661512513688
"618",1009,"Florida","mri-esm2-0","ssp585",0.306377870177347,5.72679300560489,23.8247900949977
"619",1010,"Florida","mri-esm2-0","ssp585",0.43312098360284,1.08544284168376,23.8447252299265
"620",1011,"Florida","mri-esm2-0","ssp585",0.559864097028334,2.66357613295992,24.597561225994
"621",1012,"Florida","mri-esm2-0","ssp585",0.559864097028334,1.71236726304674,25.5454420557562
"622",1013,"Florida","mri-esm2-0","ssp585",0.559864097028334,2.34030925192034,26.5812909971993
"623",1014,"Florida","mri-esm2-0","ssp585",0.64527517863262,9.26938254857045,27.4432673122684
"624",1015,"Florida","mri-esm2-0","ssp585",0.730686260236907,11.8591947621221,27.2948394364103
"625",1016,"Florida","mri-esm2-0","ssp585",0.730686260236907,0.797516572879247,25.6057280095761
"626",1017,"Florida","mri-esm2-0","ssp585",0.730686260236907,1.99870370919367,26.5838881171296
"627",1018,"Florida","mri-esm2-0","ssp585",0.730686260236907,6.35559957368782,28.5779593166958
"628",1019,"Florida","mri-esm2-0","ssp585",0.748050609213126,14.1244023503542,27.8914049503296
"629",1020,"Florida","mri-esm2-0","ssp585",0.748050609213126,17.9421042364061,27.5878515361776
"630",1021,"Florida","mri-esm2-0","ssp585",0.748050609213126,10.7036698001224,28.1269037539747
"631",1022,"Florida","mri-esm2-0","ssp585",0.748050609213126,3.05754096856338,29.4311306935437
"632",1023,"Florida","mri-esm2-0","ssp585",0.616252449255434,5.56754263873079,29.4027519781313
"633",1024,"Florida","mri-esm2-0","ssp585",0.484454289297743,9.23587369266956,29.6315369968466
"634",1025,"Florida","mri-esm2-0","ssp585",0.484454289297743,4.61116996742528,29.0790531785662
"635",1026,"Florida","mri-esm2-0","ssp585",0.484454289297743,10.3157794949744,28.5485401246104
"636",1027,"Florida","mri-esm2-0","ssp585",0.343762835005999,10.1160942640858,28.0924749081347
"637",1028,"Florida","mri-esm2-0","ssp585",0.203071380714256,1.02401670145027,28.7680128400859
"638",1029,"Florida","mri-esm2-0","ssp585",0.203071380714256,4.36342905331594,27.4794626405618
"639",1030,"Florida","mri-esm2-0","ssp585",0.203071380714256,6.03207279147579,27.3640073215865
"640",1031,"Florida","mri-esm2-0","ssp585",0.203071380714256,4.34598940062451,25.8655322134013
"641",1032,"Florida","mri-esm2-0","ssp585",0.192008955168479,4.50828958064081,25.8480856183404
"642",1033,"Florida","mri-esm2-0","ssp585",0.177785836609623,5.29850587480849,23.0567602933899
"643",1034,"Florida","mri-esm2-0","ssp585",0.177785836609623,2.9564030182103,22.5322939150417
"644",1035,"Florida","mri-esm2-0","ssp585",0.177785836609623,0.124530220599836,19.9813071854995
"645",1036,"Florida","mri-esm2-0","ssp585",0.205725440028759,0.00201992067027362,20.7878961527123
"646",1037,"Florida","mri-esm2-0","ssp585",0.238321644017751,0.707683697704866,24.501758816043
"647",1038,"Florida","mri-esm2-0","ssp585",0.238321644017751,4.43650519533999,21.4484845842634
"648",1039,"Florida","mri-esm2-0","ssp585",0.238321644017751,3.74212104282567,19.5135807171022
"649",1040,"Florida","mri-esm2-0","ssp585",0.836444162718285,1.7641307406002,20.540278497989
"650",1041,"Florida","mri-esm2-0","ssp585",1.55419118515893,0.108570891136013,21.6928366936121
"651",1042,"Florida","mri-esm2-0","ssp585",1.55419118515893,4.6974969256141,19.3267269329884
"652",1043,"Florida","mri-esm2-0","ssp585",1.55419118515893,8.31378500035321,20.7993774249547
"653",1044,"Florida","mri-esm2-0","ssp585",1.55419118515893,0.343699865557775,13.5603923787325
"654",1045,"Florida","mri-esm2-0","ssp585",1.55419118515893,1.60760491744146,19.6853215549192
"655",1046,"Florida","mri-esm2-0","ssp585",NA,8.03169678463089,14.2288668485986
"656",1047,"Florida","mri-esm2-0","ssp585",NA,0.0186590772422048,13.8227718219603
"657",1048,"Florida","mri-esm2-0","ssp585",NA,1.11910034847873,12.7535123017921
"658",1049,"Florida","mri-esm2-0","ssp585",NA,1.5357920611165,12.5630720030587
"659",1050,"Florida","mri-esm2-0","ssp585",NA,2.68027915644632,17.1615891613408
"660",1051,"Florida","mri-esm2-0","ssp585",NA,1.92086011835159,18.7322887657145
"661",1052,"Florida","mri-esm2-0","ssp585",NA,1.94061327467617,17.6554547991072
"662",1053,"Florida","mri-esm2-0","ssp585",NA,6.43562521124621,18.2917222015299
"663",1054,"Florida","mri-esm2-0","ssp585",NA,0.954122583411759,18.5487305510076
"664",1055,"Florida","mri-esm2-0","ssp585",NA,3.35224582920956,19.425248121894
"665",1056,"Florida","mri-esm2-0","ssp585",NA,2.41171249073734,20.5667454639857
"666",1057,"Florida","mri-esm2-0","ssp585",NA,0.0100800323187806,19.4566039874547
"667",1058,"Florida","mri-esm2-0","ssp585",NA,3.00658695272814,25.3387177089475
"668",1059,"Florida","mri-esm2-0","ssp585",NA,5.72281392158946,25.2856366180667
"669",1060,"Florida","mri-esm2-0","ssp585",NA,0.587838004943567,24.3296226480901
"670",1061,"Florida","mri-esm2-0","ssp585",NA,1.22010082482647,23.1560276411936
"671",1062,"Florida","mri-esm2-0","ssp585",NA,2.91484025037985,22.6598275320871
"672",1063,"Florida","mri-esm2-0","ssp585",NA,0.545944542386126,25.5743726375611
"673",1064,"Florida","mri-esm2-0","ssp585",NA,10.5338817107588,23.9684243256191
"674",1065,"Florida","mri-esm2-0","ssp585",NA,1.07850566541844,26.1436796203778
"675",1066,"Florida","mri-esm2-0","ssp585",NA,3.83891805486838,26.1885811777449
"676",1067,"Florida","mri-esm2-0","ssp585",NA,3.92044648645515,27.3500445836317
"677",1068,"Florida","mri-esm2-0","ssp585",NA,7.7459075250191,28.3003589229121
"678",1069,"Florida","mri-esm2-0","ssp585",NA,2.36763830575947,29.2132353502464
"679",1070,"Florida","mri-esm2-0","ssp585",NA,11.550464522505,27.5600923029239
"680",1071,"Florida","mri-esm2-0","ssp585",NA,10.2981411723799,27.6772547966065
"681",1072,"Florida","mri-esm2-0","ssp585",NA,15.7319604083889,27.059100440506
"682",1073,"Florida","mri-esm2-0","ssp585",NA,12.8972467464199,28.5366632754591
"683",1074,"Florida","mri-esm2-0","ssp585",NA,7.11593749186169,28.4432019997157
"684",1075,"Florida","mri-esm2-0","ssp585",NA,4.51499686439615,28.7733516888477
"685",1076,"Florida","mri-esm2-0","ssp585",NA,12.9005555137197,28.2891355283177
"686",1077,"Florida","mri-esm2-0","ssp585",NA,7.45737783924922,28.0995491459685
"687",1078,"Florida","mri-esm2-0","ssp585",NA,9.9933478139187,28.0878483281303
"688",1079,"Florida","mri-esm2-0","ssp585",NA,18.7636475484411,27.2587220060858
"689",1080,"Florida","mri-esm2-0","ssp585",NA,6.2369344655546,27.9493867858722
"690",1081,"Florida","mri-esm2-0","ssp585",NA,5.95054257954653,28.4750680270542
"691",1082,"Florida","mri-esm2-0","ssp585",NA,6.3780733833654,27.312565542874
"692",1083,"Florida","mri-esm2-0","ssp585",NA,4.87623567356751,26.8045949437226
"693",1084,"Florida","mri-esm2-0","ssp585",NA,5.11109817823624,25.6243058114682
"694",1085,"Florida","mri-esm2-0","ssp585",NA,2.52045856930665,28.0484011914852
"695",1086,"Florida","mri-esm2-0","ssp585",NA,3.00688649601528,24.8977668371483
"696",1087,"Florida","mri-esm2-0","ssp585",NA,11.9712206984474,24.0447075774406
"697",1088,"Florida","mri-esm2-0","ssp585",NA,5.30348890416215,25.1756601503275
"698",1089,"Florida","mri-esm2-0","ssp585",NA,0.0260605077579934,23.2558844471235
"699",1090,"Florida","mri-esm2-0","ssp585",NA,0.117712633422186,24.105696175876
"700",1091,"Florida","mri-esm2-0","ssp585",NA,0.125696997565683,23.4272371112176
"701",1092,"Florida","mri-esm2-0","ssp585",NA,1.41151756409019,19.063267200398
"702",1093,"Florida","mri-esm2-0","ssp585",NA,1.94271024130689,16.5549767013509
"703",1094,"Florida","mri-esm2-0","ssp585",NA,3.63476515429583,20.3048047829189
"704",1095,"Florida","mri-esm2-0","ssp585",NA,1.69950848799543,20.1532637028039
"705",1096,"Florida","mri-esm2-0","ssp585",NA,1.25218990757187,15.6374912971435
"706",1097,"Florida","mri-esm2-0","ssp585",NA,2.19623884485326,15.3170153512467
"707",1098,"Florida","mri-esm2-0","ssp585",NA,0.666601525658967,11.5167787289684
"708",1099,"Florida","mri-esm2-0","ssp585",NA,0.106894646172819,17.2581406092066
"709",1100,"Florida","mri-esm2-0","ssp585",NA,0.591822258237603,19.6068909678498
"710",1101,"Florida","mri-esm2-0","ssp585",NA,0.593254198214111,12.0937736737439
"711",1102,"Florida","mri-esm2-0","ssp585",NA,0.195104580781987,10.8594064059605
"712",1103,"Florida","mri-esm2-0","ssp585",NA,3.38159333282628,18.8952828214496
"713",1104,"Florida","mri-esm2-0","ssp585",NA,5.05956851230791,15.0088727843087
"714",1105,"Florida","mri-esm2-0","ssp585",NA,0.762152157075265,17.2861426669633
"715",1106,"Florida","mri-esm2-0","ssp585",NA,1.03470180314558,16.3672285301024
"716",1107,"Florida","mri-esm2-0","ssp585",NA,1.74776012705268,14.7262353449819
"717",1108,"Florida","mri-esm2-0","ssp585",NA,2.10521036129953,19.5292174799423
"718",1109,"Florida","mri-esm2-0","ssp585",NA,0.742103067949636,18.2584196270637
"719",1110,"Florida","mri-esm2-0","ssp585",NA,2.44204691756985,21.3213110088338
"720",1111,"Florida","mri-esm2-0","ssp585",NA,2.86162624203294,20.6448494882918
"721",1112,"Florida","mri-esm2-0","ssp585",NA,5.33565829146346,23.1529626399038
"722",1113,"Florida","mri-esm2-0","ssp585",NA,0.984821870078443,22.5899164492872
"723",1114,"Florida","mri-esm2-0","ssp585",NA,0.597232845245523,23.5510448692301
"724",1115,"Florida","mri-esm2-0","ssp585",NA,1.95879176407659,23.598193704857
"725",1116,"Florida","mri-esm2-0","ssp585",NA,5.19125506940337,24.2380481977026
"726",1117,"Florida","mri-esm2-0","ssp585",NA,0.780811636909345,23.5821568409388
"727",1118,"Florida","mri-esm2-0","ssp585",NA,6.03372066472578,27.439641725278
"728",1119,"Florida","mri-esm2-0","ssp585",NA,8.47628279899571,27.4375415236481
"729",1120,"Florida","mri-esm2-0","ssp585",NA,2.6915127468653,27.9139771823935
"730",1121,"Florida","mri-esm2-0","ssp585",NA,6.13648527920853,27.8863062115693
"731",1122,"Florida","mri-esm2-0","ssp585",NA,10.557116822095,27.3741726363766
"732",1123,"Florida","mri-esm2-0","ssp585",NA,12.0539666332055,27.7791774204799
"733",1124,"Florida","mri-esm2-0","ssp585",NA,9.8793589802523,28.4304120909493
"734",1125,"Florida","mri-esm2-0","ssp585",NA,2.66831638882282,28.7153167971382
"735",1126,"Florida","mri-esm2-0","ssp585",NA,3.21779155795257,29.4019321164031
"736",1127,"Florida","mri-esm2-0","ssp585",NA,3.12873779771079,29.558473637419
"737",1128,"Florida","mri-esm2-0","ssp585",NA,4.21291793748808,28.4936139129886
"738",1129,"Florida","mri-esm2-0","ssp585",NA,8.90898328994867,28.3058136726647
"739",1130,"Florida","mri-esm2-0","ssp585",NA,6.73569203712823,28.6767638831126
"740",1131,"Florida","mri-esm2-0","ssp585",NA,13.2885785939116,27.9430494118251
"741",1132,"Florida","mri-esm2-0","ssp585",NA,6.52071832835675,28.7203270266962
"742",1133,"Florida","mri-esm2-0","ssp585",NA,8.94293253640443,28.3213082943323
"743",1134,"Florida","mri-esm2-0","ssp585",NA,1.89419837124096,28.5700203044717
"744",1135,"Florida","mri-esm2-0","ssp585",NA,2.53545344384025,28.7635246174034
"745",1136,"Florida","mri-esm2-0","ssp585",NA,9.90628654726606,25.4288836620567
"746",1137,"Florida","mri-esm2-0","ssp585",NA,4.79680154267804,24.6787725320081
"747",1138,"Florida","mri-esm2-0","ssp585",NA,0.291365936101466,23.7901113504991
"748",1139,"Florida","mri-esm2-0","ssp585",NA,0.148729355362719,23.7424131162083
"749",1140,"Florida","mri-esm2-0","ssp585",NA,0.414981996023029,24.927855112739
"750",1141,"Florida","mri-esm2-0","ssp585",NA,2.50062984879589,19.6199798830757
"751",1142,"Florida","mri-esm2-0","ssp585",NA,4.93773787787782,20.1971879573524
"752",1143,"Florida","mri-esm2-0","ssp585",NA,4.71676771939375,23.520924842197
"753",1144,"Florida","mri-esm2-0","ssp585",NA,6.41571577720698,22.6042196515436
"754",1145,"Florida","mri-esm2-0","ssp585",NA,0.609774464555077,18.3447913650554
"755",1146,"Florida","mri-esm2-0","ssp585",NA,1.48731521770861,20.5932943585748
"756",1147,"Florida","mri-esm2-0","ssp585",NA,4.23016680952575,22.8470554238703
"757",1148,"Florida","mri-esm2-0","ssp585",NA,2.12417779272916,15.4461053647764
"758",1149,"Florida","mri-esm2-0","ssp585",NA,6.90021935711609,16.8233431011519
"759",1150,"Florida","mri-esm2-0","ssp585",NA,3.21929029270263,17.5156995089549
"760",1151,"Florida","mri-esm2-0","ssp585",NA,1.48076538282744,16.0399930640373
"761",1152,"Florida","mri-esm2-0","ssp585",NA,0.0656739948862615,17.1119237359965
"762",1153,"Florida","mri-esm2-0","ssp585",NA,2.13012219175501,20.5327362142805
"763",1154,"Florida","mri-esm2-0","ssp585",NA,0.272260733369099,11.5260314776891
"764",1155,"Florida","mri-esm2-0","ssp585",NA,4.47558095951624,20.7047523683615
"765",1156,"Florida","mri-esm2-0","ssp585",NA,10.8155995370319,21.9761758727205
"766",1157,"Florida","mri-esm2-0","ssp585",NA,2.69670293968267,22.711688989192
"767",1158,"Florida","mri-esm2-0","ssp585",NA,1.94906327635421,19.1791540428635
"768",1159,"Florida","mri-esm2-0","ssp585",NA,4.49745494510809,19.5080345791305
"769",1160,"Florida","mri-esm2-0","ssp585",NA,0.0883846725088923,17.4962037119904
"770",1161,"Florida","mri-esm2-0","ssp585",NA,13.912127751187,20.4261303349004
"771",1162,"Florida","mri-esm2-0","ssp585",NA,0.521728858068357,19.1698604121041
"772",1163,"Florida","mri-esm2-0","ssp585",NA,0.587929213236815,21.9382412069892
"773",1164,"Florida","mri-esm2-0","ssp585",NA,3.65125953333854,20.8725686949861
"774",1165,"Florida","mri-esm2-0","ssp585",NA,0.425837981262857,24.3165351312437
"775",1166,"Florida","mri-esm2-0","ssp585",NA,0.702211100401913,24.9565773359849
"776",1167,"Florida","mri-esm2-0","ssp585",NA,0.205863899465982,23.5517708750106
"777",1168,"Florida","mri-esm2-0","ssp585",NA,3.09419672102467,24.4310576487744
"778",1169,"Florida","mri-esm2-0","ssp585",NA,2.71066670557587,25.379903195939
"779",1170,"Florida","mri-esm2-0","ssp585",NA,2.90557076515704,25.8232675063964
"780",1171,"Florida","mri-esm2-0","ssp585",NA,2.76095374173886,27.9778153494041
"781",1172,"Florida","mri-esm2-0","ssp585",NA,8.72292781740826,28.2960123478563
"782",1173,"Florida","mri-esm2-0","ssp585",NA,14.9644699789777,27.6351170131139
"783",1174,"Florida","mri-esm2-0","ssp585",NA,5.60884166326543,28.2847647695207
"784",1175,"Florida","mri-esm2-0","ssp585",NA,3.80701112625431,29.2394368708937
"785",1176,"Florida","mri-esm2-0","ssp585",NA,0.538320768791989,29.8070158678245
"786",1177,"Florida","mri-esm2-0","ssp585",NA,1.00774423350584,30.0036939266236
"787",1178,"Florida","mri-esm2-0","ssp585",NA,8.71509981109535,29.2846096316438
"788",1179,"Florida","mri-esm2-0","ssp585",NA,7.65209505802236,29.5324765269647
"789",1180,"Florida","mri-esm2-0","ssp585",NA,8.67045960659073,28.72443143531
"790",1181,"Florida","mri-esm2-0","ssp585",NA,6.04475198685511,29.1584057090739
"791",1182,"Florida","mri-esm2-0","ssp585",NA,8.67254805988329,27.83099717297
"792",1183,"Florida","mri-esm2-0","ssp585",NA,5.74922967315054,28.4581593968476
"793",1184,"Florida","mri-esm2-0","ssp585",NA,9.52024452698525,28.4867724642278
"794",1185,"Florida","mri-esm2-0","ssp585",NA,7.82710631442655,27.4471745493599
"795",1186,"Florida","mri-esm2-0","ssp585",NA,5.53500452937677,27.2848865930604
"796",1187,"Florida","mri-esm2-0","ssp585",NA,8.4414992110357,27.1603719952936
"797",1188,"Florida","mri-esm2-0","ssp585",NA,8.0975466633449,25.910050532503
"798",1189,"Florida","mri-esm2-0","ssp585",NA,6.64859741253785,26.1091910555035
"799",1190,"Florida","mri-esm2-0","ssp585",NA,4.2646311354837,25.8519081300803
"800",1191,"Florida","mri-esm2-0","ssp585",NA,1.81294094339767,22.1499206707484
"801",1192,"Florida","mri-esm2-0","ssp585",NA,3.24301964238213,22.7369900356406
"802",1193,"Florida","mri-esm2-0","ssp585",NA,0.0674272016961017,24.0297869494662
"803",1194,"Florida","mri-esm2-0","ssp585",NA,0.620235973326268,23.6481290174623
"804",1195,"Florida","mri-esm2-0","ssp585",NA,2.42923583414083,19.3035490380465
"805",1196,"Florida","mri-esm2-0","ssp585",NA,2.53485336267396,22.4720141305435
"806",1197,"Florida","mri-esm2-0","ssp585",NA,1.77430077955253,18.768452671596
"807",1198,"Florida","mri-esm2-0","ssp585",NA,6.25848604905487,18.6693263133581
"808",1199,"Florida","mri-esm2-0","ssp585",NA,0.848754266238673,14.3798117254622
"809",1200,"Florida","mri-esm2-0","ssp585",NA,1.44704778049786,14.4625702973646
"810",1201,"Florida","mri-esm2-0","ssp585",NA,1.35233993582805,12.5401696711538
"811",1202,"Florida","mri-esm2-0","ssp585",NA,0.365258425975757,16.5847963235449
"812",1203,"Florida","mri-esm2-0","ssp585",NA,2.40204763471793,18.3237285603732
"813",1204,"Florida","mri-esm2-0","ssp585",NA,0.256885996589583,18.0934984397374
"814",1205,"Florida","mri-esm2-0","ssp585",NA,0.396679580286595,10.3897733703778
"815",1206,"Florida","mri-esm2-0","ssp585",NA,0.674315983827434,15.5804027793864
"816",1207,"Florida","mri-esm2-0","ssp585",NA,2.93899046194302,18.9698862080947
"817",1208,"Florida","mri-esm2-0","ssp585",NA,0.184657063653753,15.7942868296991
"818",1209,"Florida","mri-esm2-0","ssp585",NA,7.60361678740696,18.1409499834169
"819",1210,"Florida","mri-esm2-0","ssp585",NA,0.240806646375722,17.5993496712328
"820",1211,"Florida","mri-esm2-0","ssp585",NA,0.169676907816605,21.3143239640804
"821",1212,"Florida","mri-esm2-0","ssp585",NA,2.22496733632493,16.2867192106427
"822",1213,"Florida","mri-esm2-0","ssp585",NA,0.149563478123429,20.8313921740756
"823",1214,"Florida","mri-esm2-0","ssp585",NA,2.16083343436251,24.1763609852752
"824",1215,"Florida","mri-esm2-0","ssp585",NA,0.942576611589293,25.0034485521342
"825",1216,"Florida","mri-esm2-0","ssp585",NA,0.384306702571824,18.6046066736597
"826",1217,"Florida","mri-esm2-0","ssp585",NA,0.424011873923337,22.0649248560163
"827",1218,"Florida","mri-esm2-0","ssp585",NA,0.263678740120765,22.59762884176
"828",1219,"Florida","mri-esm2-0","ssp585",NA,2.14376002516001,26.1245704342413
"829",1220,"Florida","mri-esm2-0","ssp585",NA,0.869290835268689,26.0068954755675
"830",1221,"Florida","mri-esm2-0","ssp585",NA,9.39669514658783,26.335505384255
"831",1222,"Florida","mri-esm2-0","ssp585",NA,0.524903525445925,26.9781221703378
"832",1223,"Florida","mri-esm2-0","ssp585",NA,7.04785445076598,27.5787576269268
"833",1224,"Florida","mri-esm2-0","ssp585",NA,32.4554449610619,26.057659615982
"834",1225,"Florida","mri-esm2-0","ssp585",NA,24.2379397147892,27.7715457227352
"835",1226,"Florida","mri-esm2-0","ssp585",NA,11.170098600665,27.8717401962075
"836",1227,"Florida","mri-esm2-0","ssp585",NA,22.5279253193085,27.480809855911
"837",1228,"Florida","mri-esm2-0","ssp585",NA,5.32301292497443,29.0471847657566
"838",1229,"Florida","mri-esm2-0","ssp585",NA,10.0223816284629,28.1386243959
"839",1230,"Florida","mri-esm2-0","ssp585",NA,5.47387177893831,28.5774081906219
"840",1231,"Florida","mri-esm2-0","ssp585",NA,9.68240502978133,28.0308739839539
"841",1232,"Florida","mri-esm2-0","ssp585",NA,8.92121173514111,28.215948700198
"842",1233,"Florida","mri-esm2-0","ssp585",NA,6.48800222118374,28.5487202688048
"843",1234,"Florida","mri-esm2-0","ssp585",NA,8.60359560341886,28.253545040326
"844",1235,"Florida","mri-esm2-0","ssp585",NA,14.2706077274965,27.4856105753033
"845",1236,"Florida","mri-esm2-0","ssp585",NA,3.80125039183389,28.6555490663431
"846",1237,"Florida","mri-esm2-0","ssp585",NA,7.43965454530553,28.3527679690133
"847",1238,"Florida","mri-esm2-0","ssp585",NA,1.70748381886791,28.5982968559163
"848",1239,"Florida","mri-esm2-0","ssp585",NA,4.90285040837337,28.0174079997842
"849",1240,"Florida","mri-esm2-0","ssp585",NA,3.81715584059976,27.4719561389193
"850",1241,"Florida","mri-esm2-0","ssp585",NA,4.84531509713795,26.7369450407208
"851",1242,"Florida","mri-esm2-0","ssp585",NA,9.12263486577012,24.8449911688216
"852",1243,"Florida","mri-esm2-0","ssp585",NA,3.51523601712157,26.5957329680656
"853",1244,"Florida","mri-esm2-0","ssp585",NA,1.78604365253195,23.6698288251769
"854",1245,"Florida","mri-esm2-0","ssp585",NA,0.362708289582581,23.0722526118441
"855",1246,"Florida","mri-esm2-0","ssp585",NA,4.41874713205712,24.6814096291432
"856",1247,"Florida","mri-esm2-0","ssp585",NA,0.613982842090711,24.3514901790979
"857",1248,"Florida","mri-esm2-0","ssp585",NA,1.08351082480213,24.4832466557341
"858",1249,"Florida","mri-esm2-0","ssp585",NA,6.70185106996259,24.6915970712338
"859",1250,"Florida","mri-esm2-0","ssp585",NA,2.02783894819045,18.1939308022553
"860",1251,"Florida","mri-esm2-0","ssp585",NA,8.66035825199383,16.5695202603816
"861",1252,"Florida","mri-esm2-0","ssp585",NA,1.07272935128023,12.4180712265467
"862",1253,"Florida","mri-esm2-0","ssp585",NA,2.23835179046112,15.2361061774817
"863",1254,"Florida","mri-esm2-0","ssp585",NA,1.91302524091849,16.2696264056183
"864",1255,"Florida","mri-esm2-0","ssp585",NA,0.959544439206122,13.7554402559594
"865",1256,"Florida","mri-esm2-0","ssp585",NA,0.2240910180782,16.6923498107417
"866",1257,"Florida","mri-esm2-0","ssp585",NA,2.19710009763598,14.5648270517026
"867",1258,"Florida","mri-esm2-0","ssp585",NA,6.41381526423829,16.4945514031177
"868",1259,"Florida","mri-esm2-0","ssp585",NA,0.043130938559019,15.9317310096762
"869",1260,"Florida","mri-esm2-0","ssp585",NA,2.72954044805688,20.5537882432141
"870",1261,"Florida","mri-esm2-0","ssp585",NA,4.31719654157992,17.7580775176097
"871",1262,"Florida","mri-esm2-0","ssp585",NA,0.564521081992772,14.9447600413526
"872",1263,"Florida","mri-esm2-0","ssp585",NA,1.08312327746229,15.5172556586664
"873",1264,"Florida","mri-esm2-0","ssp585",NA,1.50950558642377,15.3412484469761
"874",1265,"Florida","mri-esm2-0","ssp585",NA,3.21274745385474,17.7998498304835
"875",1266,"Florida","mri-esm2-0","ssp585",NA,0.929051580848038,21.0539873889193
"876",1267,"Florida","mri-esm2-0","ssp585",NA,0.300483983237354,22.3139760143352
"877",1268,"Florida","mri-esm2-0","ssp585",NA,0.00970960119658375,20.5829743994536
"878",1269,"Florida","mri-esm2-0","ssp585",NA,3.75760013443205,19.2248266831884
"879",1270,"Florida","mri-esm2-0","ssp585",NA,0.0134964012326324,23.8824957094424
"880",1271,"Florida","mri-esm2-0","ssp585",NA,0.846734106094277,25.1939937293369
"881",1272,"Florida","mri-esm2-0","ssp585",NA,4.09025563680669,22.8443535899859
"882",1273,"Florida","mri-esm2-0","ssp585",NA,5.45005594677357,26.542235324582
"883",1274,"Florida","mri-esm2-0","ssp585",NA,4.59911818736312,26.6659364767152
"884",1275,"Florida","mri-esm2-0","ssp585",NA,13.7592639835449,26.7970932952799
"885",1276,"Florida","mri-esm2-0","ssp585",NA,4.60803716753757,28.6246458644816
"886",1277,"Florida","mri-esm2-0","ssp585",NA,12.9954945644462,27.4417858524785
"887",1278,"Florida","mri-esm2-0","ssp585",NA,4.33016574949401,28.1841516047475
"888",1279,"Florida","mri-esm2-0","ssp585",NA,2.87458556680101,29.3207343006391
"889",1280,"Florida","mri-esm2-0","ssp585",NA,11.1426298758804,28.7567447796022
"890",1281,"Florida","mri-esm2-0","ssp585",NA,2.91483181135943,30.5997744495978
"891",1282,"Florida","mri-esm2-0","ssp585",NA,6.28685458092331,29.2596701074482
"892",1283,"Florida","mri-esm2-0","ssp585",NA,7.31635410573785,29.3597587153597
"893",1284,"Florida","mri-esm2-0","ssp585",NA,3.66394202986003,28.8655278537473
"894",1285,"Florida","mri-esm2-0","ssp585",NA,4.61652409914354,28.683241917695
"895",1286,"Florida","mri-esm2-0","ssp585",NA,5.99868906187617,28.1994786676371
"896",1287,"Florida","mri-esm2-0","ssp585",NA,0.911833394513446,29.4643022316164
"897",1288,"Florida","mri-esm2-0","ssp585",NA,3.24034025535819,28.7244867946903
"898",1289,"Florida","mri-esm2-0","ssp585",NA,4.63312767383225,28.6453759370789
"899",1290,"Florida","mri-esm2-0","ssp585",NA,5.86351276324618,28.5706419253285
"900",1291,"Florida","mri-esm2-0","ssp585",NA,1.7864681439643,26.1762932872515
"901",1292,"Florida","mri-esm2-0","ssp585",NA,3.22898492121986,26.617028973109
"902",1293,"Florida","mri-esm2-0","ssp585",NA,3.49642476269242,25.0182685790358
"903",1294,"Florida","mri-esm2-0","ssp585",NA,1.89340965280035,24.296169953462
"904",1295,"Florida","mri-esm2-0","ssp585",NA,1.31527073707929,22.1218966502064
"905",1296,"Florida","mri-esm2-0","ssp585",NA,0.148224745658573,23.6958168872926
"906",1297,"Florida","mri-esm2-0","ssp585",NA,0.0386082517539184,23.1925742095372
"907",1298,"Florida","mri-esm2-0","ssp585",NA,0.495660875964254,23.0149366517594
"908",1299,"Florida","mri-esm2-0","ssp585",NA,2.07791243380115,22.0036850428003
"909",1300,"Florida","mri-esm2-0","ssp585",NA,3.79664648030448,22.6533292621294
"910",1301,"Florida","mri-esm2-0","ssp585",NA,0.976579857381319,21.3631144150891
"911",1302,"Florida","mri-esm2-0","ssp585",NA,1.42933491775041,19.2008368232501
"912",1303,"Florida","mri-esm2-0","ssp585",NA,0.108462175629671,14.2410580041274
"913",1304,"Florida","mri-esm2-0","ssp585",NA,4.02857786696137,21.1058230993883
"914",1305,"Florida","mri-esm2-0","ssp585",NA,0.0552707980506544,18.6998439737408
"915",1306,"Florida","mri-esm2-0","ssp585",NA,4.41286761232955,20.5859147804446
"916",1307,"Florida","mri-esm2-0","ssp585",NA,7.56474503196374,18.8125829814901
"917",1308,"Florida","mri-esm2-0","ssp585",NA,0.047496194361158,14.0196554425592
"918",1309,"Florida","mri-esm2-0","ssp585",NA,3.1278536805372,18.7474448972635
"919",1310,"Florida","mri-esm2-0","ssp585",NA,0.527310951068193,11.7096352631191
"920",1311,"Florida","mri-esm2-0","ssp585",NA,0.0160485585808903,14.3526829146311
"921",1312,"Florida","mri-esm2-0","ssp585",NA,1.10213355259956,17.6247204721456
"922",1313,"Florida","mri-esm2-0","ssp585",NA,1.40990629612119,16.7362140172254
"923",1314,"Florida","mri-esm2-0","ssp585",NA,4.89467614366005,17.3135239264393
"924",1315,"Florida","mri-esm2-0","ssp585",NA,3.33351144840951,19.9848224650175
"925",1316,"Florida","mri-esm2-0","ssp585",NA,0.184906504480044,18.6790515498652
"926",1317,"Florida","mri-esm2-0","ssp585",NA,0.0308039644989985,21.1583109482922
"927",1318,"Florida","mri-esm2-0","ssp585",NA,1.17031256282409,20.8468575120294
"928",1319,"Florida","mri-esm2-0","ssp585",NA,2.8890132038655,19.5745015352563
"929",1320,"Florida","mri-esm2-0","ssp585",NA,1.12451501298037,21.2532166678951
"930",1321,"Florida","mri-esm2-0","ssp585",NA,2.22651356836449,24.5065360920127
"931",1322,"Florida","mri-esm2-0","ssp585",NA,1.01259556901021,22.8275152077894
"932",1323,"Florida","mri-esm2-0","ssp585",NA,13.1347537391476,22.1304428059457
"933",1324,"Florida","mri-esm2-0","ssp585",NA,0.720637352641782,22.1569440733712
"934",1325,"Florida","mri-esm2-0","ssp585",NA,4.17056445602295,26.3682115909546
"935",1326,"Florida","mri-esm2-0","ssp585",NA,0.54390801539673,26.5160844746305
"936",1327,"Florida","mri-esm2-0","ssp585",NA,18.9286610105613,26.9491708596119
"937",1328,"Florida","mri-esm2-0","ssp585",NA,4.40945682998028,26.8966525753875
"938",1329,"Florida","mri-esm2-0","ssp585",NA,6.73896098937301,27.1794220381991
"939",1330,"Florida","mri-esm2-0","ssp585",NA,15.8116142163969,27.4535854617219
"940",1331,"Florida","mri-esm2-0","ssp585",NA,11.1261162466925,28.4201924861281
"941",1332,"Florida","mri-esm2-0","ssp585",NA,7.31407627882444,28.6010147300371
"942",1333,"Florida","mri-esm2-0","ssp585",NA,11.4571482511587,29.6400075578304
"943",1334,"Florida","mri-esm2-0","ssp585",NA,5.164957254307,28.8283961869315
"944",1335,"Florida","mri-esm2-0","ssp585",NA,8.24490707488114,28.7971649416695
"945",1336,"Florida","mri-esm2-0","ssp585",NA,6.16352258089026,28.9201520976352
"946",1337,"Florida","mri-esm2-0","ssp585",NA,5.77929408521872,29.0495898141373
"947",1338,"Florida","mri-esm2-0","ssp585",NA,8.94111754895114,28.4039378862818
"948",1339,"Florida","mri-esm2-0","ssp585",NA,10.3228801680467,28.4684726931014
"949",1340,"Florida","mri-esm2-0","ssp585",NA,1.23247915095481,29.0935528942838
"950",1341,"Florida","mri-esm2-0","ssp585",NA,5.35583011432015,28.4084707748537
"951",1342,"Florida","mri-esm2-0","ssp585",NA,5.11682326998487,28.3541584518721
"952",1343,"Florida","mri-esm2-0","ssp585",NA,6.21111295426815,27.5602082861723
"953",1344,"Florida","mri-esm2-0","ssp585",NA,2.20403487386491,28.2461834766152
"954",1345,"Florida","mri-esm2-0","ssp585",NA,2.81844223677618,27.9057594813427
"955",1346,"Florida","mri-esm2-0","ssp585",NA,5.67522551830653,26.9601513474457
"956",1347,"Florida","mri-esm2-0","ssp585",NA,4.30393431360614,22.9968374247178
"957",1348,"Florida","mri-esm2-0","ssp585",NA,1.45586310578766,23.3777983878822
"958",1349,"Florida","mri-esm2-0","ssp585",NA,7.46332606120342,21.7226245643636
"959",1350,"Florida","mri-esm2-0","ssp585",NA,4.54373225740877,23.2705918633392
"960",1351,"Florida","mri-esm2-0","ssp585",NA,0.656539462583453,19.0859212787968
"961",1352,"Florida","mri-esm2-0","ssp585",NA,3.37002739540153,20.0545966711327
"962",1353,"Florida","mri-esm2-0","ssp585",NA,0.15948032470002,22.0239895144563
"963",1354,"Florida","mri-esm2-0","ssp585",NA,1.39862148455701,18.0260701387719
"964",1355,"Florida","mri-esm2-0","ssp585",NA,8.57132560203798,18.2558186410251
"965",1356,"Florida","mri-esm2-0","ssp585",NA,1.084004348668,15.0810540952451
"966",1357,"Florida","mri-esm2-0","ssp585",NA,2.24220149440531,16.210204732643
"967",1358,"Florida","mri-esm2-0","ssp585",NA,3.9790370450048,18.6545631264741
"968",1359,"Florida","mri-esm2-0","ssp585",NA,5.95146234389279,15.2040171497273
"969",1360,"Florida","mri-esm2-0","ssp585",NA,7.5010462852468,18.619664342834
"970",1361,"Florida","mri-esm2-0","ssp585",NA,0.0328214758928022,17.8917748628601
"971",1362,"Florida","mri-esm2-0","ssp585",NA,0.515209637458395,22.919141974025
"972",1363,"Florida","mri-esm2-0","ssp585",NA,0.519155163060887,18.5892774720719
"973",1364,"Florida","mri-esm2-0","ssp585",NA,2.25514253825633,22.8232019470709
"974",1365,"Florida","mri-esm2-0","ssp585",NA,2.8336092991609,21.3625380359249
"975",1366,"Florida","mri-esm2-0","ssp585",NA,2.83448784689978,21.2349461804825
"976",1367,"Florida","mri-esm2-0","ssp585",NA,0.32240736269022,21.4976220801834
"977",1368,"Florida","mri-esm2-0","ssp585",NA,3.469063176168,20.4960414999579
"978",1369,"Florida","mri-esm2-0","ssp585",NA,1.54848181660301,19.8169993110102
"979",1370,"Florida","mri-esm2-0","ssp585",NA,0.54563747283373,24.9806600647795
"980",1371,"Florida","mri-esm2-0","ssp585",NA,0.231495523341113,25.7089642054309
"981",1372,"Florida","mri-esm2-0","ssp585",NA,0.571957946312316,22.674644844487
"982",1373,"Florida","mri-esm2-0","ssp585",NA,5.4400108900409,22.8159692810552
"983",1374,"Florida","mri-esm2-0","ssp585",NA,3.33186822267843,25.160960548586
"984",1375,"Florida","mri-esm2-0","ssp585",NA,1.03869332287082,24.1008763727152
"985",1376,"Florida","mri-esm2-0","ssp585",NA,0.164079696943825,27.1753549745462
"986",1377,"Florida","mri-esm2-0","ssp585",NA,1.72292249478804,26.0047259307615
"987",1378,"Florida","mri-esm2-0","ssp585",NA,14.0705536460678,26.7841737484996
"988",1379,"Florida","mri-esm2-0","ssp585",NA,7.85949419304565,26.3912603414284
"989",1380,"Florida","mri-esm2-0","ssp585",NA,3.25666908510604,28.8371711011203
"990",1381,"Florida","mri-esm2-0","ssp585",NA,4.55052426896194,28.2649766289642
"991",1382,"Florida","mri-esm2-0","ssp585",NA,2.97717775991558,29.2438562439459
"992",1383,"Florida","mri-esm2-0","ssp585",NA,11.0315303890552,28.4572072648617
"993",1384,"Florida","mri-esm2-0","ssp585",NA,2.44933810860252,29.8489154332411
"994",1385,"Florida","mri-esm2-0","ssp585",NA,6.69432238557219,29.2393656357922
"995",1386,"Florida","mri-esm2-0","ssp585",NA,3.24718988488827,29.3970004428751
"996",1387,"Florida","mri-esm2-0","ssp585",NA,5.54802288699153,29.0686460263646
"997",1388,"Florida","mri-esm2-0","ssp585",NA,3.72368124614654,29.8329606624305
"998",1389,"Florida","mri-esm2-0","ssp585",NA,4.67032317983785,29.5965093155113
"999",1390,"Florida","mri-esm2-0","ssp585",NA,7.35878961223949,28.0987408003075
"1000",1391,"Florida","mri-esm2-0","ssp585",NA,3.44196155456989,28.6978723407756
"1001",1392,"Florida","mri-esm2-0","ssp585",NA,4.42868453454168,29.0969676549866
"1002",1393,"Florida","mri-esm2-0","ssp585",NA,7.66401092679015,28.1936254619588
"1003",1394,"Florida","mri-esm2-0","ssp585",NA,5.37260011862595,28.0458015215686
"1004",1395,"Florida","mri-esm2-0","ssp585",NA,4.34528942504538,28.0917787618714
"1005",1396,"Florida","mri-esm2-0","ssp585",NA,1.57260817961478,28.4541205475594
"1006",1397,"Florida","mri-esm2-0","ssp585",NA,12.1611522939978,27.2133513334948
"1007",1398,"Florida","mri-esm2-0","ssp585",NA,2.38858556308698,27.0720301049739
"1008",1399,"Florida","mri-esm2-0","ssp585",NA,4.16803391173715,24.4020637285999
"1009",1400,"Florida","mri-esm2-0","ssp585",NA,3.03990051937518,24.1595248240345
"1010",1401,"Florida","mri-esm2-0","ssp585",NA,3.12810294098348,21.0082495182994
"1011",1402,"Florida","mri-esm2-0","ssp585",NA,1.7235975325196,23.3034969689711
"1012",1403,"Florida","mri-esm2-0","ssp585",NA,0.109534328043073,22.3902948014499
"1013",1404,"Florida","mri-esm2-0","ssp585",NA,1.57685988022991,18.3669823330368
"1014",1405,"Florida","mri-esm2-0","ssp585",NA,0.94104849695189,21.0956259508981
"1015",1406,"Florida","mri-esm2-0","ssp585",NA,4.21979068814541,21.5930577856511
"1016",1407,"Florida","mri-esm2-0","ssp585",NA,2.63908417035206,20.1816183167327
"1017",1408,"Florida","mri-esm2-0","ssp585",NA,1.38303722592391,15.0563848695987
"1018",1409,"Florida","mri-esm2-0","ssp585",NA,6.54342715825582,18.4424157813553
"1019",1410,"Florida","mri-esm2-0","ssp585",NA,0.443114795442953,21.6603436986713
"1020",1411,"Florida","mri-esm2-0","ssp585",NA,1.83673596837208,15.8355824596477
"1021",1412,"Florida","mri-esm2-0","ssp585",NA,4.75531224047795,19.0976763044085
"1022",1413,"Florida","mri-esm2-0","ssp585",NA,0.310113459966799,12.3687552315848
"1023",1414,"Florida","mri-esm2-0","ssp585",NA,0.720172401149635,14.7144753016552
"1024",1415,"Florida","mri-esm2-0","ssp585",NA,1.21419341262518,14.3086190688964
"1025",1416,"Florida","mri-esm2-0","ssp585",NA,5.74847392011662,22.4579193691038
"1026",1417,"Florida","mri-esm2-0","ssp585",NA,4.31785686477174,18.634934154418
"1027",1418,"Florida","mri-esm2-0","ssp585",NA,1.95479585822857,14.5409331041526
"1028",1419,"Florida","mri-esm2-0","ssp585",NA,0.00027447523130449,17.0449223520942
"1029",1420,"Florida","mri-esm2-0","ssp585",NA,4.52031426134,22.600683560847
"1030",1421,"Florida","mri-esm2-0","ssp585",NA,1.18872002416896,16.2790272180604
"1031",1422,"Florida","mri-esm2-0","ssp585",NA,7.05000391391039,22.3542499223488
"1032",1423,"Florida","mri-esm2-0","ssp585",NA,0.417515151649042,19.3879775219529
"1033",1424,"Florida","mri-esm2-0","ssp585",NA,0.761636676728607,24.8600216929804
"1034",1425,"Florida","mri-esm2-0","ssp585",NA,2.31070339694839,23.4322184683499
"1035",1426,"Florida","mri-esm2-0","ssp585",NA,0.0253212342503235,23.927267793311
"1036",1427,"Florida","mri-esm2-0","ssp585",NA,2.04618982075439,26.3092211946966
"1037",1428,"Florida","mri-esm2-0","ssp585",NA,0.532916215525873,27.1133022915
"1038",1429,"Florida","mri-esm2-0","ssp585",NA,0.19415394979665,27.8434030208948
"1039",1430,"Florida","mri-esm2-0","ssp585",NA,0.938012907275242,28.80600451035
"1040",1431,"Florida","mri-esm2-0","ssp585",NA,5.21451462346211,28.1271161431572
"1041",1432,"Florida","mri-esm2-0","ssp585",NA,6.32861729516373,27.0561851480901
"1042",1433,"Florida","mri-esm2-0","ssp585",NA,6.29786139887961,27.3747865250169
"1043",1434,"Florida","mri-esm2-0","ssp585",NA,16.8875276235258,28.6080959597688
"1044",1435,"Florida","mri-esm2-0","ssp585",NA,8.06571532520753,29.6207163355743
"1045",1436,"Florida","mri-esm2-0","ssp585",NA,6.41354978478819,28.9626518969266
"1046",1437,"Florida","mri-esm2-0","ssp585",NA,1.86843219370042,28.4589145218266
"1047",1438,"Florida","mri-esm2-0","ssp585",NA,6.10931093166254,29.3871851342708
"1048",1439,"Florida","mri-esm2-0","ssp585",NA,9.30487169237291,29.1867734019647
"1049",1440,"Florida","mri-esm2-0","ssp585",NA,4.34656779057162,29.4357345704441
"1050",1441,"Florida","mri-esm2-0","ssp585",NA,7.50723587026993,29.089076516699
"1051",1442,"Florida","mri-esm2-0","ssp585",NA,8.76278720622917,28.7103326432467
"1052",1443,"Florida","mri-esm2-0","ssp585",NA,10.182341039453,28.7892911597404
"1053",1444,"Florida","mri-esm2-0","ssp585",NA,2.92730954222964,29.4170358498463
"1054",1445,"Florida","mri-esm2-0","ssp585",NA,4.51190619172643,29.7182524894447
"1055",1446,"Florida","mri-esm2-0","ssp585",NA,9.89114101668938,28.562072243909
"1056",1447,"Florida","mri-esm2-0","ssp585",NA,6.79965576009513,27.5230439630802
"1057",1448,"Florida","mri-esm2-0","ssp585",NA,7.27371513929475,28.1756756970182
"1058",1449,"Florida","mri-esm2-0","ssp585",NA,7.39255587065386,27.0306388916674
"1059",1450,"Florida","mri-esm2-0","ssp585",NA,2.59234769211636,25.0644566456263
"1060",1451,"Florida","mri-esm2-0","ssp585",NA,1.19978738507537,27.5560778841497
"1061",1452,"Florida","mri-esm2-0","ssp585",NA,1.99280752844786,23.4116777528007
"1062",1453,"Florida","mri-esm2-0","ssp585",NA,1.70138358215615,22.1418121255633
"1063",1454,"Florida","mri-esm2-0","ssp585",NA,0.19819844935235,21.9968728777534
"1064",1455,"Florida","mri-esm2-0","ssp585",NA,0.128104146488775,22.6162805109975
"1065",1456,"Florida","mri-esm2-0","ssp585",NA,0.10816925607233,18.2037427382971
"1066",1457,"Florida","mri-esm2-0","ssp585",NA,0.942029504349341,20.4049718646027
"1067",1458,"Florida","mri-esm2-0","ssp585",NA,3.12697579723643,17.7188324879443
"1068",1459,"Florida","mri-esm2-0","ssp585",NA,0.437647615179676,17.5064657617451
"1069",1460,"Florida","mri-esm2-0","ssp585",NA,1.73820267164267,21.161187661883
"1070",1461,"Florida","mri-esm2-0","ssp585",NA,3.42827614407715,21.4140999930246
"1071",1462,"Florida","mri-esm2-0","ssp585",NA,3.30219512167843,20.2076430657482
"1072",1463,"Florida","mri-esm2-0","ssp585",NA,2.28690539513457,18.1977079077873
"1073",1464,"Florida","mri-esm2-0","ssp585",NA,3.51859455524557,15.4067168778165
"1074",1465,"Florida","mri-esm2-0","ssp585",NA,0.581583073190909,13.5684724627801
"1075",1466,"Florida","mri-esm2-0","ssp585",NA,1.42778296644927,17.6793581240261
"1076",1467,"Florida","mri-esm2-0","ssp585",NA,5.55568703181895,16.6369308759582
"1077",1468,"Florida","mri-esm2-0","ssp585",NA,6.60386680354698,17.039092260808
"1078",1469,"Florida","mri-esm2-0","ssp585",NA,3.46914621162909,17.5745059771679
"1079",1470,"Florida","mri-esm2-0","ssp585",NA,6.00975731038567,16.3745950292706
"1080",1471,"Florida","mri-esm2-0","ssp585",NA,1.81226057019854,20.1575619103774
"1081",1472,"Florida","mri-esm2-0","ssp585",NA,5.74506701605673,22.7279576550918
"1082",1473,"Florida","mri-esm2-0","ssp585",NA,4.20318236519716,22.1830965684752
"1083",1474,"Florida","mri-esm2-0","ssp585",NA,7.69110434566486,21.9813766931909
"1084",1475,"Florida","mri-esm2-0","ssp585",NA,1.94542046743502,23.1809711137551
"1085",1476,"Florida","mri-esm2-0","ssp585",NA,4.50308644507449,22.0591233081252
"1086",1477,"Florida","mri-esm2-0","ssp585",NA,2.60170697589896,24.4217977436405
"1087",1478,"Florida","mri-esm2-0","ssp585",NA,6.75999534469646,22.5286303250295
"1088",1479,"Florida","mri-esm2-0","ssp585",NA,0.0802823393353835,22.7878187482891
"1089",1480,"Florida","mri-esm2-0","ssp585",NA,9.47104960822899,24.1319446656261
"1090",1481,"Florida","mri-esm2-0","ssp585",NA,3.70154721027021,26.2072782531903
"1091",1482,"Florida","mri-esm2-0","ssp585",NA,1.48043836933002,27.3552124187953
"1092",1483,"Florida","mri-esm2-0","ssp585",NA,5.49177878014004,28.8118847787862
"1093",1484,"Florida","mri-esm2-0","ssp585",NA,7.91813767712378,28.1067678281882
"1094",1485,"Florida","mri-esm2-0","ssp585",NA,10.5375043130925,28.4487357167864
"1095",1486,"Florida","mri-esm2-0","ssp585",NA,7.13010825471193,27.7979403020237
"1096",1487,"Florida","mri-esm2-0","ssp585",NA,3.8999976010935,28.4872769502296
"1097",1488,"Florida","mri-esm2-0","ssp585",NA,2.1509569979652,29.9031471437521
"1098",1489,"Florida","mri-esm2-0","ssp585",NA,2.13182242638592,30.6417454146311
"1099",1490,"Florida","mri-esm2-0","ssp585",NA,6.97973874309656,29.6031944747884
"1100",1491,"Florida","mri-esm2-0","ssp585",NA,7.66486241850703,29.7306591599457
"1101",1492,"Florida","mri-esm2-0","ssp585",NA,7.53482837778546,29.3910392329378
"1102",1493,"Florida","mri-esm2-0","ssp585",NA,6.94968192507184,30.6148418251716
"1103",1494,"Florida","mri-esm2-0","ssp585",NA,7.22965262333884,30.1394426947334
"1104",1495,"Florida","mri-esm2-0","ssp585",NA,11.7063463089362,29.222438826651
"1105",1496,"Florida","mri-esm2-0","ssp585",NA,3.97688192521421,30.0858896918695
"1106",1497,"Florida","mri-esm2-0","ssp585",NA,1.8586424640918,29.329559391978
"1107",1498,"Florida","mri-esm2-0","ssp585",NA,9.056707836013,28.0692579408219
"1108",1499,"Florida","mri-esm2-0","ssp585",NA,3.79320241219065,27.8752827029987
"1109",1500,"Florida","mri-esm2-0","ssp585",NA,1.93889050188991,27.9861837464202
"1110",1501,"Florida","mri-esm2-0","ssp585",NA,4.99149804462295,27.1934533790116
"1111",1502,"Florida","mri-esm2-0","ssp585",NA,8.23751981400549,26.2379245644953
"1112",1503,"Florida","mri-esm2-0","ssp585",NA,1.48034066002258,23.4528829816217
"1113",1504,"Florida","mri-esm2-0","ssp585",NA,0.0712907159236348,23.7381460020163
"1114",1505,"Florida","mri-esm2-0","ssp585",NA,1.31623933487211,23.2509144415432
"1115",1506,"Florida","mri-esm2-0","ssp585",NA,0.576977331703246,23.4769402105532
"1116",1507,"Florida","mri-esm2-0","ssp585",NA,0.838824435849079,23.3845272259571
"1117",1508,"Florida","mri-esm2-0","ssp585",NA,0.183562211582272,23.3006795631265
"1118",1509,"Florida","mri-esm2-0","ssp585",NA,1.84599123897227,23.4380512741377
"1119",1510,"Florida","mri-esm2-0","ssp585",NA,5.93837171264369,18.3589795711548
"1120",1511,"Florida","mri-esm2-0","ssp585",NA,2.90763520024092,18.7667032987281
"1121",1512,"Florida","mri-esm2-0","ssp585",NA,8.15812467294502,17.7543526456684
"1122",1513,"Florida","mri-esm2-0","ssp585",NA,5.23391351842322,18.6113814937458
"1123",1514,"Florida","mri-esm2-0","ssp585",NA,7.71047293604285,19.193165066043
"1124",1515,"Florida","mri-esm2-0","ssp585",NA,0.698608818552901,16.0088587182552
"1125",1516,"Florida","mri-esm2-0","ssp585",NA,0.0674534006416657,15.4174647410925
"1126",1517,"Florida","mri-esm2-0","ssp585",NA,0.264434314972167,16.8354768408598
"1127",1518,"Florida","mri-esm2-0","ssp585",NA,2.10839239669616,19.3381516119862
"1128",1519,"Florida","mri-esm2-0","ssp585",NA,1.03153823645924,15.6176255053909
"1129",1520,"Florida","mri-esm2-0","ssp585",NA,1.46661270703803,20.5264192401238
"1130",1521,"Florida","mri-esm2-0","ssp585",NA,1.90918882541851,16.6343547317217
"1131",1522,"Florida","mri-esm2-0","ssp585",NA,1.1079670784956,18.3151340371515
"1132",1523,"Florida","mri-esm2-0","ssp585",NA,2.02247244952018,16.6098217246989
"1133",1524,"Florida","mri-esm2-0","ssp585",NA,2.9148169054522,21.1976393049297
"1134",1525,"Florida","mri-esm2-0","ssp585",NA,2.29025720359888,19.7293878683826
"1135",1526,"Florida","mri-esm2-0","ssp585",NA,0.00130482163179679,20.2077575683594
"1136",1527,"Florida","mri-esm2-0","ssp585",NA,0.981469962356141,22.9321875394837
"1137",1528,"Florida","mri-esm2-0","ssp585",NA,6.10730915550571,24.5125408162325
"1138",1529,"Florida","mri-esm2-0","ssp585",NA,3.32906669739192,22.1497170008739
"1139",1530,"Florida","mri-esm2-0","ssp585",NA,4.95470019195048,24.8246060846951
"1140",1531,"Florida","mri-esm2-0","ssp585",NA,0.00269754045974586,20.8954960332084
"1141",1532,"Florida","mri-esm2-0","ssp585",NA,0.287709006999031,24.1860824379317
"1142",1533,"Florida","mri-esm2-0","ssp585",NA,7.22770377398132,24.9627102175813
"1143",1534,"Florida","mri-esm2-0","ssp585",NA,9.77250540816733,25.6236394424644
"1144",1535,"Florida","mri-esm2-0","ssp585",NA,7.12918913913006,26.4893961533704
"1145",1536,"Florida","mri-esm2-0","ssp585",NA,0.234715797711459,27.3310114035388
"1146",1537,"Florida","mri-esm2-0","ssp585",NA,1.13975958473246,28.7560850734659
"1147",1538,"Florida","mri-esm2-0","ssp585",NA,5.52599831281708,29.1416203007865
"1148",1539,"Florida","mri-esm2-0","ssp585",NA,8.96773458638872,28.4729635480279
"1149",1540,"Florida","mri-esm2-0","ssp585",NA,15.6781821733279,28.4545565129612
"1150",1541,"Florida","mri-esm2-0","ssp585",NA,8.51527147579282,28.8548933414758
"1151",1542,"Florida","mri-esm2-0","ssp585",NA,15.758154862112,28.460435136245
"1152",1543,"Florida","mri-esm2-0","ssp585",NA,3.20578041576205,30.3267297297475
"1153",1544,"Florida","mri-esm2-0","ssp585",NA,4.84710851696137,29.7907581421886
"1154",1545,"Florida","mri-esm2-0","ssp585",NA,3.07893009207763,29.3830961900901
"1155",1546,"Florida","mri-esm2-0","ssp585",NA,3.70514146688996,30.0812562844824
"1156",1547,"Florida","mri-esm2-0","ssp585",NA,15.0880733622591,29.4452762901944
"1157",1548,"Florida","mri-esm2-0","ssp585",NA,3.92369177465877,29.3723038254401
"1158",1549,"Florida","mri-esm2-0","ssp585",NA,3.05135779080343,29.9718012478153
"1159",1550,"Florida","mri-esm2-0","ssp585",NA,3.40076896917392,29.001178899801
"1160",1551,"Florida","mri-esm2-0","ssp585",NA,2.52563509068007,28.277539753464
"1161",1552,"Florida","mri-esm2-0","ssp585",NA,8.02772194138579,28.1099402579336
"1162",1553,"Florida","mri-esm2-0","ssp585",NA,4.33859174500987,27.2126387357069
"1163",1554,"Florida","mri-esm2-0","ssp585",NA,0.659729125091894,25.7471996050318
"1164",1555,"Florida","mri-esm2-0","ssp585",NA,0.290656353360653,25.4413140227531
"1165",1556,"Florida","mri-esm2-0","ssp585",NA,1.33840733855754,23.9245242548118
"1166",1557,"Florida","mri-esm2-0","ssp585",NA,0.0441101628604829,25.0945719017173
"1167",1558,"Florida","mri-esm2-0","ssp585",NA,1.2266259497113,20.7822605184468
"1168",1559,"Florida","mri-esm2-0","ssp585",NA,1.72586598414688,19.7132006375295
"1169",1560,"Florida","mri-esm2-0","ssp585",NA,1.46801466064474,24.9918236580821
"1170",1561,"Florida","mri-esm2-0","ssp585",NA,0.977006356054264,20.3160359919875
"1171",1562,"Florida","mri-esm2-0","ssp585",NA,0.742213562898297,19.2532240710811
"1172",1563,"Florida","mri-esm2-0","ssp585",NA,8.70292281209291,19.1358794590213
"1173",1564,"Florida","mri-esm2-0","ssp585",NA,2.19279306224239,18.2815141950335
"1174",1565,"Florida","mri-esm2-0","ssp585",NA,6.65064054776866,19.0974576636466
"1175",1566,"Florida","mri-esm2-0","ssp585",NA,3.48696475251966,14.0956160799834
"1176",1567,"Florida","mri-esm2-0","ssp585",NA,8.04265240254324,16.3038891733175
"1177",1568,"Florida","mri-esm2-0","ssp585",NA,5.61534941601699,19.4367238006181
"1178",1569,"Florida","mri-esm2-0","ssp585",NA,5.16200735379302,16.1797916216992
"1179",1570,"Florida","mri-esm2-0","ssp585",NA,4.91938636732517,14.005491173428
"1180",1571,"Florida","mri-esm2-0","ssp585",NA,9.91675409523309,17.6839107544275
"1181",1572,"Florida","mri-esm2-0","ssp585",NA,3.47997155087963,17.3055591675792
"1182",1573,"Florida","mri-esm2-0","ssp585",NA,4.34744207575054,15.7840921489376
"1183",1574,"Florida","mri-esm2-0","ssp585",NA,6.4012962751936,16.46576279797
"1184",1575,"Florida","mri-esm2-0","ssp585",NA,0.0800198651862381,22.0366998801013
"1185",1576,"Florida","mri-esm2-0","ssp585",NA,6.61913067145931,22.0306155305025
"1186",1577,"Florida","mri-esm2-0","ssp585",NA,9.81802549209347,20.420674680314
"1187",1578,"Florida","mri-esm2-0","ssp585",NA,3.04511473045419,19.2255269423328
"1188",1579,"Florida","mri-esm2-0","ssp585",NA,2.19375274344329,19.3032677169759
"1189",1580,"Florida","mri-esm2-0","ssp585",NA,3.771587853218,23.0166393845551
"1190",1581,"Florida","mri-esm2-0","ssp585",NA,5.39220676902444,22.2089331120494
"1191",1582,"Florida","mri-esm2-0","ssp585",NA,2.18526387907332,22.3516838958
"1192",1583,"Florida","mri-esm2-0","ssp585",NA,4.73920750566292,23.2516758181014
"1193",1584,"Florida","mri-esm2-0","ssp585",NA,5.02185328317315,24.479735324582
"1194",1585,"Florida","mri-esm2-0","ssp585",NA,0.206401613230886,23.3784675536452
"1195",1586,"Florida","mri-esm2-0","ssp585",NA,0.199230826848177,26.1100934216276
"1196",1587,"Florida","mri-esm2-0","ssp585",NA,0.271979987542978,27.6173413875611
"1197",1588,"Florida","mri-esm2-0","ssp585",NA,0.509196551508964,28.4904205075493
"1198",1589,"Florida","mri-esm2-0","ssp585",NA,15.1667829756948,27.2361705852005
"1199",1590,"Florida","mri-esm2-0","ssp585",NA,4.55508818476514,28.9198580266331
"1200",1591,"Florida","mri-esm2-0","ssp585",NA,1.1811680546069,29.5053425339033
"1201",1592,"Florida","mri-esm2-0","ssp585",NA,11.9949328704588,28.8454256535862
"1202",1593,"Florida","mri-esm2-0","ssp585",NA,6.9828345057497,29.9862566266741
"1203",1594,"Florida","mri-esm2-0","ssp585",NA,5.96625252786064,30.5213176223467
"1204",1595,"Florida","mri-esm2-0","ssp585",NA,13.5836308628311,28.4898176414305
"1205",1596,"Florida","mri-esm2-0","ssp585",NA,5.46933746248085,29.4097245455431
"1206",1597,"Florida","mri-esm2-0","ssp585",NA,11.0966538919485,29.120899441043
"1207",1598,"Florida","mri-esm2-0","ssp585",NA,9.18172768617144,28.6275856696692
"1208",1599,"Florida","mri-esm2-0","ssp585",NA,10.8978860501248,28.6142315558668
"1209",1600,"Florida","mri-esm2-0","ssp585",NA,7.20496025319102,28.9919588073566
"1210",1601,"Florida","mri-esm2-0","ssp585",NA,4.18579243977721,29.1507653742788
"1211",1602,"Florida","mri-esm2-0","ssp585",NA,10.799494666078,28.6797819975573
"1212",1603,"Florida","mri-esm2-0","ssp585",NA,8.92855154831653,27.467995845661
"1213",1604,"Florida","mri-esm2-0","ssp585",NA,1.52804308497064,27.7855838909304
"1214",1605,"Florida","mri-esm2-0","ssp585",NA,3.11573731008131,27.6558544888972
"1215",1606,"Florida","mri-esm2-0","ssp585",NA,5.17845446334449,27.3709891018521
"1216",1607,"Florida","mri-esm2-0","ssp585",NA,1.65236827584899,28.0770321910272
"1217",1608,"Florida","mri-esm2-0","ssp585",NA,4.17652302434475,25.6541100514867
"1218",1609,"Florida","mri-esm2-0","ssp585",NA,0.963746155230919,23.2420178683299
"1219",1610,"Florida","mri-esm2-0","ssp585",NA,2.47586025021603,22.6720807921212
"1220",1611,"Florida","mri-esm2-0","ssp585",NA,7.84378641252172,21.9220914856122
"1221",1612,"Florida","mri-esm2-0","ssp585",NA,1.97437476375623,22.134758945681
"1222",1613,"Florida","mri-esm2-0","ssp585",NA,2.93455807949248,20.7371700153197
"1223",1614,"Florida","mri-esm2-0","ssp585",NA,3.02897131454512,17.3658557326325
"1224",1615,"Florida","mri-esm2-0","ssp585",NA,1.57016789734864,20.1141497095319
"1225",1616,"Florida","mri-esm2-0","ssp585",NA,4.57262923834564,20.3262901450103
"1226",1617,"Florida","mri-esm2-0","ssp585",NA,3.86823251505405,16.9936192597341
"1227",1618,"Florida","mri-esm2-0","ssp585",NA,0.234774383936917,14.7180396889741
"1228",1619,"Florida","mri-esm2-0","ssp585",NA,1.20206475247381,12.8635556449787
"1229",1620,"Florida","mri-esm2-0","ssp585",NA,0.0603604726045818,16.9745617313848
"1230",1621,"Florida","mri-esm2-0","ssp585",NA,2.34608548798125,20.8092581283693
"1231",1622,"Florida","mri-esm2-0","ssp585",NA,0.295882813944786,16.1996202330063
"1232",1623,"Florida","mri-esm2-0","ssp585",NA,1.27703173681577,11.1234521418569
"1233",1624,"Florida","mri-esm2-0","ssp585",NA,1.05348583952049,15.3097644240387
"1234",1625,"Florida","mri-esm2-0","ssp585",NA,1.41968638271982,19.7741372491472
"1235",1626,"Florida","mri-esm2-0","ssp585",NA,2.74075302239101,21.4195847668095
"1236",1627,"Florida","mri-esm2-0","ssp585",NA,1.70430792769682,20.6704085769037
"1237",1628,"Florida","mri-esm2-0","ssp585",NA,2.02269587339594,19.2805775274806
"1238",1629,"Florida","mri-esm2-0","ssp585",NA,3.26698836157801,20.1296696665474
"1239",1630,"Florida","mri-esm2-0","ssp585",NA,3.83798839972458,20.881174076214
"1240",1631,"Florida","mri-esm2-0","ssp585",NA,4.92206598500678,19.1286318221182
"1241",1632,"Florida","mri-esm2-0","ssp585",NA,2.77009821193844,19.7283285547138
"1242",1633,"Florida","mri-esm2-0","ssp585",NA,2.99319033365072,22.1431035702441
"1243",1634,"Florida","mri-esm2-0","ssp585",NA,0.385981200949237,25.1386967003506
"1244",1635,"Florida","mri-esm2-0","ssp585",NA,3.18089015431319,26.0201008675876
"1245",1636,"Florida","mri-esm2-0","ssp585",NA,4.84399698730023,26.3252067298581
"1246",1637,"Florida","mri-esm2-0","ssp585",NA,2.05158245543711,24.3738905749874
"1247",1638,"Florida","mri-esm2-0","ssp585",NA,4.85235886189226,25.3921987363913
"1248",1639,"Florida","mri-esm2-0","ssp585",NA,0.824523195503347,27.4630712462886
"1249",1640,"Florida","mri-esm2-0","ssp585",NA,7.30231180331996,26.1244538751895
"1250",1641,"Florida","mri-esm2-0","ssp585",NA,15.5724623286618,26.9250262730848
"1251",1642,"Florida","mri-esm2-0","ssp585",NA,8.70694699269955,28.4505967132486
"1252",1643,"Florida","mri-esm2-0","ssp585",NA,11.2629160368238,28.274161515146
"1253",1644,"Florida","mri-esm2-0","ssp585",NA,7.7186734713454,28.4662160374726
"1254",1645,"Florida","mri-esm2-0","ssp585",NA,5.15569562568871,29.495587026591
"1255",1646,"Florida","mri-esm2-0","ssp585",NA,12.2975057446876,29.023481655892
"1256",1647,"Florida","mri-esm2-0","ssp585",NA,8.65279490316158,28.9396710912494
"1257",1648,"Florida","mri-esm2-0","ssp585",NA,2.59727979640432,29.9144537008034
"1258",1649,"Florida","mri-esm2-0","ssp585",NA,8.53406946949798,29.875833088754
"1259",1650,"Florida","mri-esm2-0","ssp585",NA,12.0517934759964,28.5671817584179
"1260",1651,"Florida","mri-esm2-0","ssp585",NA,8.56017607434333,28.8043596869209
"1261",1652,"Florida","mri-esm2-0","ssp585",NA,4.99795515033177,28.6890016787136
"1262",1653,"Florida","mri-esm2-0","ssp585",NA,12.3050563266235,27.9221751416147
"1263",1654,"Florida","mri-esm2-0","ssp585",NA,13.6539124455254,28.639089562758
"1264",1655,"Florida","mri-esm2-0","ssp585",NA,10.2416362683865,27.8383403932309
"1265",1656,"Florida","mri-esm2-0","ssp585",NA,4.62307220583965,27.0546336870631
"1266",1657,"Florida","mri-esm2-0","ssp585",NA,1.50364667179632,26.3919214459443
"1267",1658,"Florida","mri-esm2-0","ssp585",NA,2.58079214627998,25.4362836400775
"1268",1659,"Florida","mri-esm2-0","ssp585",NA,0.265649356153659,24.9892301574872
"1269",1660,"Florida","mri-esm2-0","ssp585",NA,9.64618841826744,23.4645230110765
"1270",1661,"Florida","mri-esm2-0","ssp585",NA,3.63597318943616,20.8092114882971
"1271",1662,"Florida","mri-esm2-0","ssp585",NA,0.714287902160678,23.7416144769468
"1272",1663,"Florida","mri-esm2-0","ssp585",NA,0.4516380725488,23.2240377503264
"1273",1664,"Florida","mri-esm2-0","ssp585",NA,0.850804771024155,25.0791873407493
"1274",1665,"Florida","mri-esm2-0","ssp585",NA,6.99809794917463,20.7953455675645
"1275",1666,"Florida","mri-esm2-0","ssp585",NA,0.181000299575331,22.1359005169727
"1276",1667,"Florida","mri-esm2-0","ssp585",NA,3.2152473635094,24.6603471534914
"1277",1668,"Florida","mri-esm2-0","ssp585",NA,0.714658993458357,23.3217314275449
"1278",1669,"Florida","mri-esm2-0","ssp585",NA,6.5759968561661,18.9686768565217
"1279",1670,"Florida","mri-esm2-0","ssp585",NA,2.00011520919998,13.7030632080736
"1280",1671,"Florida","mri-esm2-0","ssp585",NA,2.68112167597199,13.4562608086517
"1281",1672,"Florida","mri-esm2-0","ssp585",NA,0.700115210650185,14.1868779514035
"1282",1673,"Florida","mri-esm2-0","ssp585",NA,6.55715514253483,19.6812795798412
"1283",1674,"Florida","mri-esm2-0","ssp585",NA,6.5242905399075,15.9005876978132
"1284",1675,"Florida","mri-esm2-0","ssp585",NA,6.01763904643119,14.5356631050213
"1285",1676,"Florida","mri-esm2-0","ssp585",NA,3.84239630577526,15.4707828161852
"1286",1677,"Florida","mri-esm2-0","ssp585",NA,13.0341504134359,18.2424907674044
"1287",1678,"Florida","mri-esm2-0","ssp585",NA,6.31970524973096,16.5852271889741
"1288",1679,"Florida","mri-esm2-0","ssp585",NA,3.57755641210763,16.4613377491419
"1289",1680,"Florida","mri-esm2-0","ssp585",NA,1.12642614597111,20.0427377541432
"1290",1681,"Florida","mri-esm2-0","ssp585",NA,5.28853602878283,19.585251866261
"1291",1682,"Florida","mri-esm2-0","ssp585",NA,1.01541468694741,17.8209168303045
"1292",1683,"Florida","mri-esm2-0","ssp585",NA,5.49321518558746,18.7839878462717
"1293",1684,"Florida","mri-esm2-0","ssp585",NA,7.91050677794999,20.679973411046
"1294",1685,"Florida","mri-esm2-0","ssp585",NA,2.78809417662496,21.9125135725078
"1295",1686,"Florida","mri-esm2-0","ssp585",NA,5.95442135504024,22.6066326789136
"1296",1687,"Florida","mri-esm2-0","ssp585",NA,4.3597170165714,23.4001676903902
"1297",1688,"Florida","mri-esm2-0","ssp585",NA,3.56155686444097,25.2596998847077
"1298",1689,"Florida","mri-esm2-0","ssp585",NA,3.13351900073628,26.1455742602079
"1299",1690,"Florida","mri-esm2-0","ssp585",NA,5.73526115176989,25.4317082243146
"1300",1691,"Florida","mri-esm2-0","ssp585",NA,4.43854436684385,25.3384248718097
"1301",1692,"Florida","mri-esm2-0","ssp585",NA,1.32554053075783,26.082876348367
"1302",1693,"Florida","mri-esm2-0","ssp585",NA,0.312375913065163,27.6040923990008
"1303",1694,"Florida","mri-esm2-0","ssp585",NA,0.526313167694331,28.9292606487429
"1304",1695,"Florida","mri-esm2-0","ssp585",NA,3.12233923014727,28.7623613300992
"1305",1696,"Florida","mri-esm2-0","ssp585",NA,20.5484778877913,27.8952730327925
"1306",1697,"Florida","mri-esm2-0","ssp585",NA,2.19793545793118,30.043607875279
"1307",1698,"Florida","mri-esm2-0","ssp585",NA,16.2170195696389,27.4199740098815
"1308",1699,"Florida","mri-esm2-0","ssp585",NA,4.91092318172961,29.1555440486281
"1309",1700,"Florida","mri-esm2-0","ssp585",NA,5.59979705329836,29.9112846436205
"1310",1701,"Florida","mri-esm2-0","ssp585",NA,4.29325878989613,29.5289067106427
"1311",1702,"Florida","mri-esm2-0","ssp585",NA,5.69865202268303,30.1803678363482
"1312",1703,"Florida","mri-esm2-0","ssp585",NA,13.7321102226719,28.7107396539652
"1313",1704,"Florida","mri-esm2-0","ssp585",NA,4.90106480409043,29.6594813920096
"1314",1705,"Florida","mri-esm2-0","ssp585",NA,4.56644163768795,29.2231996274059
"1315",1706,"Florida","mri-esm2-0","ssp585",NA,3.8009718834824,29.7893336869315
"1316",1707,"Florida","mri-esm2-0","ssp585",NA,5.54339393785352,29.1669249665705
"1317",1708,"Florida","mri-esm2-0","ssp585",NA,1.69435931710848,28.799326096198
"1318",1709,"Florida","mri-esm2-0","ssp585",NA,5.0750610957725,26.8351598199809
"1319",1710,"Florida","mri-esm2-0","ssp585",NA,3.99250316479422,26.3791039808741
"1320",1711,"Florida","mri-esm2-0","ssp585",NA,0.867328984147533,24.8936684333411
"1321",1712,"Florida","mri-esm2-0","ssp585",NA,0.11674856326559,25.3967493103521
"1322",1713,"Florida","mri-esm2-0","ssp585",NA,0.0747529093294267,22.9769600346403
"1323",1714,"Florida","mri-esm2-0","ssp585",NA,1.40966425021344,24.9105113397069
"1324",1715,"Florida","mri-esm2-0","ssp585",NA,1.38703096758247,21.1071848743367
"1325",1716,"Florida","mri-esm2-0","ssp585",NA,0.0286249712167538,22.6314273474352
"1326",1717,"Florida","mri-esm2-0","ssp585",NA,0.140188532997972,22.7899714302824
"1327",1718,"Florida","mri-esm2-0","ssp585",NA,1.76417920820338,21.7403173564901
"1328",1719,"Florida","mri-esm2-0","ssp585",NA,0.799435162689087,18.3771552977858
"1329",1720,"Florida","mri-esm2-0","ssp585",NA,0.940945605816278,19.7758640011687
"1330",1721,"Florida","mri-esm2-0","ssp585",NA,2.58554391289218,15.7848132192607
"1331",1722,"Florida","mri-esm2-0","ssp585",NA,1.0063724179491,15.1019021252738
"1332",1723,"Florida","mri-esm2-0","ssp585",NA,1.05192070202489,14.0201224190848
"1333",1724,"Florida","mri-esm2-0","ssp585",NA,2.51536156282025,15.7582792133013
"1334",1725,"Florida","mri-esm2-0","ssp585",NA,2.7697870325653,18.6564905870957
"1335",1726,"Florida","mri-esm2-0","ssp585",NA,4.3399644985003,20.5773786601352
"1336",1727,"Florida","mri-esm2-0","ssp585",NA,0.0644336361404696,21.9268994436753
"1337",1728,"Florida","mri-esm2-0","ssp585",NA,0.698772227910174,14.4474116980869
"1338",1729,"Florida","mri-esm2-0","ssp585",NA,1.7976812380195,19.4322866599194
"1339",1730,"Florida","mri-esm2-0","ssp585",NA,0.665011988066932,15.2823663840076
"1340",1731,"Florida","mri-esm2-0","ssp585",NA,6.63345825856531,22.096140883618
"1341",1732,"Florida","mri-esm2-0","ssp585",NA,0.94796914555786,17.6712216112492
"1342",1733,"Florida","mri-esm2-0","ssp585",NA,1.92753201415936,16.5607803056825
"1343",1734,"Florida","mri-esm2-0","ssp585",NA,6.99717146946563,19.2008491618935
"1344",1735,"Florida","mri-esm2-0","ssp585",NA,0.284809465205707,18.9783281434257
"1345",1736,"Florida","mri-esm2-0","ssp585",NA,2.85568100523156,23.1310005948872
"1346",1737,"Florida","mri-esm2-0","ssp585",NA,7.10953656911187,23.1473513538947
"1347",1738,"Florida","mri-esm2-0","ssp585",NA,4.95372279869277,20.9257104097351
"1348",1739,"Florida","mri-esm2-0","ssp585",NA,0.148721913264202,22.9348609944881
"1349",1740,"Florida","mri-esm2-0","ssp585",NA,0.722656778557724,25.5424826732543
"1350",1741,"Florida","mri-esm2-0","ssp585",NA,0.190967965049442,26.3608687819818
"1351",1742,"Florida","mri-esm2-0","ssp585",NA,1.69575137565504,26.0231224368525
"1352",1743,"Florida","mri-esm2-0","ssp585",NA,1.85352743183617,28.3450893844235
"1353",1744,"Florida","mri-esm2-0","ssp585",NA,0.388797910245386,28.316405246457
"1354",1745,"Florida","mri-esm2-0","ssp585",NA,7.05443489907113,26.9744711657419
"1355",1746,"Florida","mri-esm2-0","ssp585",NA,9.46931315679735,27.2301759786683
"1356",1747,"Florida","mri-esm2-0","ssp585",NA,10.6945375113586,27.8633233494515
"1357",1748,"Florida","mri-esm2-0","ssp585",NA,10.5691703417268,28.5834504243177
"1358",1749,"Florida","mri-esm2-0","ssp585",NA,6.74752716297934,28.639887872989
"1359",1750,"Florida","mri-esm2-0","ssp585",NA,10.7781114912122,27.8597831458737
"1360",1751,"Florida","mri-esm2-0","ssp585",NA,8.50848822120862,28.8086280349773
"1361",1752,"Florida","mri-esm2-0","ssp585",NA,12.5600921201965,29.432148631628
"1362",1753,"Florida","mri-esm2-0","ssp585",NA,5.2069880809685,29.5523312139383
"1363",1754,"Florida","mri-esm2-0","ssp585",NA,2.75651762547769,29.8876191254896
"1364",1755,"Florida","mri-esm2-0","ssp585",NA,5.76968899060861,29.1064162591076
"1365",1756,"Florida","mri-esm2-0","ssp585",NA,4.0965521207747,29.4494710176782
"1366",1757,"Florida","mri-esm2-0","ssp585",NA,7.84660754222688,28.3170828847551
"1367",1758,"Florida","mri-esm2-0","ssp585",NA,7.26033788847132,29.0075760751401
"1368",1759,"Florida","mri-esm2-0","ssp585",NA,6.63009106990527,28.6466316819512
"1369",1760,"Florida","mri-esm2-0","ssp585",NA,6.22655328339371,27.5898559076767
"1370",1761,"Florida","mri-esm2-0","ssp585",NA,6.00448085406487,27.4938438230448
"1371",1762,"Florida","mri-esm2-0","ssp585",NA,6.84236997642952,26.6774326375874
"1372",1763,"Florida","mri-esm2-0","ssp585",NA,6.00003962669255,27.6472508350794
"1373",1764,"Florida","mri-esm2-0","ssp585",NA,1.16022538991384,23.148133459374
"1374",1765,"Florida","mri-esm2-0","ssp585",NA,2.52330680388176,23.9444415398364
"1375",1766,"Florida","mri-esm2-0","ssp585",NA,0.48647686460244,19.3099091974552
"1376",1767,"Florida","mri-esm2-0","ssp585",NA,3.59936350335024,22.1404981422939
"1377",1768,"Florida","mri-esm2-0","ssp585",NA,0.00827298547790638,19.8062173930783
"1378",1769,"Florida","mri-esm2-0","ssp585",NA,3.55793947914835,20.650319373447
"1379",1770,"Florida","mri-esm2-0","ssp585",NA,0.0746475040200016,19.3369723667032
"1380",1771,"Florida","mri-esm2-0","ssp585",NA,5.26456022157654,20.1832961254686
"1381",1772,"Florida","mri-esm2-0","ssp585",NA,0.179038150971451,15.5847222916842
"1382",1773,"Florida","mri-esm2-0","ssp585",NA,5.07090325145989,18.1588313100152
"1383",1774,"Florida","mri-esm2-0","ssp585",NA,0.464208998619387,14.5132995605469
"1384",1775,"Florida","mri-esm2-0","ssp585",NA,0.0446951467785222,15.771880017715
"1385",1776,"Florida","mri-esm2-0","ssp585",NA,0.155072857248374,17.1551284831168
"1386",1777,"Florida","mri-esm2-0","ssp585",NA,1.96182435660684,22.4880766588401
"1387",1778,"Florida","mri-esm2-0","ssp585",NA,0.26676368966343,19.96717746457
"1388",1779,"Florida","mri-esm2-0","ssp585",NA,0.139521686578715,18.0110493210127
"1389",1780,"Florida","mri-esm2-0","ssp585",NA,0.15839782737519,16.3127970980827
"1390",1781,"Florida","mri-esm2-0","ssp585",NA,1.16850757080091,18.6673661964602
"1391",1782,"Florida","mri-esm2-0","ssp585",NA,0.535113876140293,20.7436140775038
"1392",1783,"Florida","mri-esm2-0","ssp585",NA,0.215565801827667,21.0262215750558
"1393",1784,"Florida","mri-esm2-0","ssp585",NA,0.566485209137412,15.0750349759413
"1394",1785,"Florida","mri-esm2-0","ssp585",NA,0.343411038929574,22.2935039016436
"1395",1786,"Florida","mri-esm2-0","ssp585",NA,1.51106582877177,24.4522576591718
"1396",1787,"Florida","mri-esm2-0","ssp585",NA,1.92011088073474,19.7936900506444
"1397",1788,"Florida","mri-esm2-0","ssp585",NA,0.22992945217444,24.7355989769784
"1398",1789,"Florida","mri-esm2-0","ssp585",NA,0.0022027011674178,26.4029716059847
"1399",1790,"Florida","mri-esm2-0","ssp585",NA,0.0799121747456345,26.101711616619
"1400",1791,"Florida","mri-esm2-0","ssp585",NA,2.02469455028901,26.0906960870378
"1401",1792,"Florida","mri-esm2-0","ssp585",NA,9.00369978761678,25.1387750096077
"1402",1793,"Florida","mri-esm2-0","ssp585",NA,9.3307577471114,25.4559801456421
"1403",1794,"Florida","mri-esm2-0","ssp585",NA,0.0247768654346901,27.855014589212
"1404",1795,"Florida","mri-esm2-0","ssp585",NA,3.05143634482866,27.8568900630159
"1405",1796,"Florida","mri-esm2-0","ssp585",NA,0.327814665262231,28.8461430223162
"1406",1797,"Florida","mri-esm2-0","ssp585",NA,10.5274807996319,29.1119466858733
"1407",1798,"Florida","mri-esm2-0","ssp585",NA,10.840810080624,29.2341945925813
"1408",1799,"Florida","mri-esm2-0","ssp585",NA,13.252219585604,28.3930539688974
"1409",1800,"Florida","mri-esm2-0","ssp585",NA,7.68547193450538,28.7116756634571
"1410",1801,"Florida","mri-esm2-0","ssp585",NA,3.72067946155838,29.8755262678203
"1411",1802,"Florida","mri-esm2-0","ssp585",NA,6.59630188318731,29.5743014024596
"1412",1803,"Florida","mri-esm2-0","ssp585",NA,8.28237130818312,29.0300109369736
"1413",1804,"Florida","mri-esm2-0","ssp585",NA,2.3694194272298,29.6164501262161
"1414",1805,"Florida","mri-esm2-0","ssp585",NA,1.48959217849086,31.5743500989724
"1415",1806,"Florida","mri-esm2-0","ssp585",NA,7.8746688365801,30.4039641264635
"1416",1807,"Florida","mri-esm2-0","ssp585",NA,4.50254837033776,29.2872538029345
"1417",1808,"Florida","mri-esm2-0","ssp585",NA,5.23513001527378,29.5366513481038
"1418",1809,"Florida","mri-esm2-0","ssp585",NA,9.63369582300414,28.8386964042232
"1419",1810,"Florida","mri-esm2-0","ssp585",NA,21.9727525330089,28.9191654997052
"1420",1811,"Florida","mri-esm2-0","ssp585",NA,19.2391697847987,28.7115869074819
"1421",1812,"Florida","mri-esm2-0","ssp585",NA,9.48531900868316,27.9064024069239
"1422",1813,"Florida","mri-esm2-0","ssp585",NA,1.58524245825338,28.8093587294422
"1423",1814,"Florida","mri-esm2-0","ssp585",NA,2.2920503245893,25.8123423779429
"1424",1815,"Florida","mri-esm2-0","ssp585",NA,6.85049171079299,25.9630669688922
"1425",1816,"Florida","mri-esm2-0","ssp585",NA,0.585758304542698,26.7742252648038
"1426",1817,"Florida","mri-esm2-0","ssp585",NA,0.0247807745154817,26.3212213480248
"1427",1818,"Florida","mri-esm2-0","ssp585",NA,0.526289535821342,23.1636115472593
"1428",1819,"Florida","mri-esm2-0","ssp585",NA,2.65447083524628,23.1249358226026
"1429",1820,"Florida","mri-esm2-0","ssp585",NA,0.522036511175108,19.4293694755781
"1430",1821,"Florida","mri-esm2-0","ssp585",NA,2.02778866241078,23.3948190529713
"1431",1822,"Florida","mri-esm2-0","ssp585",NA,1.20376179726705,19.5103648553319
"1432",1823,"Florida","mri-esm2-0","ssp585",NA,3.52758605588878,19.9175293133265
"1433",1824,"Florida","mri-esm2-0","ssp585",NA,3.42870978283851,18.6744651115808
"1434",1825,"Florida","mri-esm2-0","ssp585",NA,2.53122094319859,23.4955334768784
"1435",1826,"Florida","mri-esm2-0","ssp585",NA,5.69374931459155,17.52533311047
"1436",1827,"Florida","mri-esm2-0","ssp585",NA,0.711987205984848,20.5708811304961
"1437",1828,"Florida","mri-esm2-0","ssp585",NA,2.06490145453105,19.1673332111534
"1438",1829,"Florida","mri-esm2-0","ssp585",NA,0.0191406071743981,17.4819182773806
"1439",1830,"Florida","mri-esm2-0","ssp585",NA,3.45710920091169,17.5410916145921
"1440",1831,"Florida","mri-esm2-0","ssp585",NA,3.04791982876345,17.6007413879559
"1441",1832,"Florida","mri-esm2-0","ssp585",NA,2.58266640187089,20.506343609175
"1442",1833,"Florida","mri-esm2-0","ssp585",NA,0.080349677949499,14.5844712414189
"1443",1834,"Florida","mri-esm2-0","ssp585",NA,0.268357569428318,21.4982875443533
"1444",1835,"Florida","mri-esm2-0","ssp585",NA,0.0248719585568451,19.4573735075177
"1445",1836,"Florida","mri-esm2-0","ssp585",NA,4.23545945707718,25.4925177479047
"1446",1837,"Florida","mri-esm2-0","ssp585",NA,1.9387421159662,19.8275717187763
"1447",1838,"Florida","mri-esm2-0","ssp585",NA,5.35379209472787,19.9334992195397
"1448",1839,"Florida","mri-esm2-0","ssp585",NA,0.599839426020314,18.9839052102637
"1449",1840,"Florida","mri-esm2-0","ssp585",NA,0.673420703188368,23.1542609942249
"1450",1841,"Florida","mri-esm2-0","ssp585",NA,3.59915380307586,23.2702226911273
"1451",1842,"Florida","mri-esm2-0","ssp585",NA,4.39740539683127,18.4333568315943
"1452",1843,"Florida","mri-esm2-0","ssp585",NA,4.10794448730252,21.6658478029976
"1453",1844,"Florida","mri-esm2-0","ssp585",NA,4.52689016659998,22.148936129259
"1454",1845,"Florida","mri-esm2-0","ssp585",NA,24.08456907847,25.0625447316954
"1455",1846,"Florida","mri-esm2-0","ssp585",NA,1.33543307445732,25.0396859963307
"1456",1847,"Florida","mri-esm2-0","ssp585",NA,1.438310209583,25.2940440051961
"1457",1848,"Florida","mri-esm2-0","ssp585",NA,4.88605312030026,25.7704821316701
"1458",1849,"Florida","mri-esm2-0","ssp585",NA,9.34789421267003,27.0353255197366
"1459",1850,"Florida","mri-esm2-0","ssp585",NA,1.61659614969891,27.6417532291053
"1460",1851,"Florida","mri-esm2-0","ssp585",NA,3.69940709511532,29.0393161660578
"1461",1852,"Florida","mri-esm2-0","ssp585",NA,8.95114293213671,29.0797432377653
"1462",1853,"Florida","mri-esm2-0","ssp585",NA,16.5109301769873,28.9628955440059
"1463",1854,"Florida","mri-esm2-0","ssp585",NA,6.29780970524627,29.5852991643942
"1464",1855,"Florida","mri-esm2-0","ssp585",NA,6.21082762007019,29.8271555774617
"1465",1856,"Florida","mri-esm2-0","ssp585",NA,3.47129165364688,29.1137965775565
"1466",1857,"Florida","mri-esm2-0","ssp585",NA,10.762725707911,29.4183727829926
"1467",1858,"Florida","mri-esm2-0","ssp585",NA,10.4266195845422,29.3908619677603
"1468",1859,"Florida","mri-esm2-0","ssp585",NA,9.35673265919297,29.8759381317386
"1469",1860,"Florida","mri-esm2-0","ssp585",NA,4.59136332817602,30.3913402958379
"1470",1861,"Florida","mri-esm2-0","ssp585",NA,6.09030412181776,30.3513574152944
"1471",1862,"Florida","mri-esm2-0","ssp585",NA,2.13250559829489,28.9181283133371
"1472",1863,"Florida","mri-esm2-0","ssp585",NA,11.469449609298,28.7542141238313
"1473",1864,"Florida","mri-esm2-0","ssp585",NA,5.67635408012695,28.9917802260571
"1474",1865,"Florida","mri-esm2-0","ssp585",NA,3.23872032994295,28.571880642873
"1475",1866,"Florida","mri-esm2-0","ssp585",NA,1.89777305725175,27.8720799201904
"1476",1867,"Florida","mri-esm2-0","ssp585",NA,4.23835736046508,28.1622594787104
"1477",1868,"Florida","mri-esm2-0","ssp585",NA,1.84978590366151,27.7920628303466
"1478",1869,"Florida","mri-esm2-0","ssp585",NA,7.51331261731052,27.6266758181014
"1479",1870,"Florida","mri-esm2-0","ssp585",NA,0.0680378530568847,24.6045612674518
"1480",1871,"Florida","mri-esm2-0","ssp585",NA,0.324129598440208,24.6596955086022
"1481",1872,"Florida","mri-esm2-0","ssp585",NA,1.79653521545113,21.5690460451851
"1482",1873,"Florida","mri-esm2-0","ssp585",NA,1.47293738408663,22.6066379434015
"1483",1874,"Florida","mri-esm2-0","ssp585",NA,3.86326230673982,20.8302097207453
"1484",1875,"Florida","mri-esm2-0","ssp585",NA,1.25514472618801,16.5172593602595
"1485",1876,"Florida","mri-esm2-0","ssp585",NA,0.396582272617895,18.1933197103742
"1486",1877,"Florida","mri-esm2-0","ssp585",NA,0.232447711239195,21.2254338267036
"1487",1878,"Florida","mri-esm2-0","ssp585",NA,0.300338372168741,16.9144555104711
"1488",1879,"Florida","mri-esm2-0","ssp585",NA,1.59691160147929,18.9984417773964
"1489",1880,"Florida","mri-esm2-0","ssp585",NA,2.32787093451931,15.0545815357301
"1490",1881,"Florida","mri-esm2-0","ssp585",NA,0.690437426840683,13.6105089048813
"1491",1882,"Florida","mri-esm2-0","ssp585",NA,5.72724903184751,16.5585306419517
"1492",1883,"Florida","mri-esm2-0","ssp585",NA,0.250194043334796,12.3922373152165
"1493",1884,"Florida","mri-esm2-0","ssp585",NA,2.93793989508366,11.5240373883929
"1494",1885,"Florida","mri-esm2-0","ssp585",NA,0.0370509842861126,16.7735055928603
"1495",1886,"Florida","mri-esm2-0","ssp585",NA,2.22276243991186,16.5706992588917
"1496",1887,"Florida","mri-esm2-0","ssp585",NA,1.26481904992077,20.2319349756781
"1497",1888,"Florida","mri-esm2-0","ssp585",NA,2.49855169445266,20.8441533749316
"1498",1889,"Florida","mri-esm2-0","ssp585",NA,2.03072192872656,20.412543432025
"1499",1890,"Florida","mri-esm2-0","ssp585",NA,0.837284778214788,20.3268726934963
"1500",1891,"Florida","mri-esm2-0","ssp585",NA,5.53059179553307,18.9835301155029
"1501",1892,"Florida","mri-esm2-0","ssp585",NA,1.26904545672044,19.18035566222
"1502",1893,"Florida","mri-esm2-0","ssp585",NA,3.65853562447537,22.6403349431699
"1503",1894,"Florida","mri-esm2-0","ssp585",NA,1.28628930996826,24.670628862818
"1504",1895,"Florida","mri-esm2-0","ssp585",NA,1.40260255505595,24.7937697582811
"1505",1896,"Florida","mri-esm2-0","ssp585",NA,0.0148264528465953,22.892522584653
"1506",1897,"Florida","mri-esm2-0","ssp585",NA,0.436438343908077,25.612401652786
"1507",1898,"Florida","mri-esm2-0","ssp585",NA,2.56297334454926,26.7500719589686
"1508",1899,"Florida","mri-esm2-0","ssp585",NA,2.65778660077681,27.0003840443902
"1509",1900,"Florida","mri-esm2-0","ssp585",NA,7.79968822657094,28.077100300339
"1510",1901,"Florida","mri-esm2-0","ssp585",NA,4.10818783982027,29.1327464306772
"1511",1902,"Florida","mri-esm2-0","ssp585",NA,1.26058456197484,29.8806268162483
"1512",1903,"Florida","mri-esm2-0","ssp585",NA,2.32675996148411,29.2710386867472
"1513",1904,"Florida","mri-esm2-0","ssp585",NA,4.64280479119149,29.868931920959
"1514",1905,"Florida","mri-esm2-0","ssp585",NA,8.94126767658908,29.6369697838138
"1515",1906,"Florida","mri-esm2-0","ssp585",NA,9.48946333002843,29.2110301878896
"1516",1907,"Florida","mri-esm2-0","ssp585",NA,11.9452178017032,29.7019963267036
"1517",1908,"Florida","mri-esm2-0","ssp585",NA,3.6024522571293,30.4829638540263
"1518",1909,"Florida","mri-esm2-0","ssp585",NA,3.7159266385595,30.1836873427234
"1519",1910,"Florida","mri-esm2-0","ssp585",NA,9.34054928488865,29.7615181072061
"1520",1911,"Florida","mri-esm2-0","ssp585",NA,12.0792109588786,29.2895375213212
"1521",1912,"Florida","mri-esm2-0","ssp585",NA,3.31001799122508,30.5733973089254
"1522",1913,"Florida","mri-esm2-0","ssp585",NA,1.36254270751724,31.2184319755781
"1523",1914,"Florida","mri-esm2-0","ssp585",NA,2.1879429134918,29.7064972170601
"1524",1915,"Florida","mri-esm2-0","ssp585",NA,7.55977341359834,28.8650310177045
"1525",1916,"Florida","mri-esm2-0","ssp585",NA,11.9656374536419,28.3158449075293
"1526",1917,"Florida","mri-esm2-0","ssp585",NA,15.9734713175792,26.4213592282524
"1527",1918,"Florida","mri-esm2-0","ssp585",NA,2.27565536140832,27.3621483815648
"1528",1919,"Florida","mri-esm2-0","ssp585",NA,2.73152622445647,27.1886945287494
"1529",1920,"Florida","mri-esm2-0","ssp585",NA,6.08095321491674,26.9044900817049
"1530",1921,"Florida","mri-esm2-0","ssp585",NA,1.68749816549743,24.7755501060795
"1531",1922,"Florida","mri-esm2-0","ssp585",NA,0.0169995739427128,25.2307449546465
"1532",1923,"Florida","mri-esm2-0","ssp585",NA,4.32207842214762,25.1572309057025
"1533",1924,"Florida","mri-esm2-0","ssp585",NA,0.548794045181237,20.1512547248779
"1534",1925,"Florida","mri-esm2-0","ssp585",NA,1.11987852677495,18.8640236085959
"1535",1926,"Florida","mri-esm2-0","ssp585",NA,0.0643394314421569,18.4180467960327
"1536",1927,"Florida","mri-esm2-0","ssp585",NA,0.286850213558624,17.21893160838
"1537",1928,"Florida","mri-esm2-0","ssp585",NA,1.65041841919103,17.7900746635993
"1538",1929,"Florida","mri-esm2-0","ssp585",NA,1.98797888330854,17.6420400614366
"1539",1930,"Florida","mri-esm2-0","ssp585",NA,1.13691245404171,19.838241766341
"1540",1931,"Florida","mri-esm2-0","ssp585",NA,1.27849209144933,15.4099877699366
"1541",1932,"Florida","mri-esm2-0","ssp585",NA,3.76399681641154,18.8891175303498
"1542",1933,"Florida","mri-esm2-0","ssp585",NA,2.26533507925095,17.549220066122
"1543",1934,"Florida","mri-esm2-0","ssp585",NA,2.35734335895817,16.9856415041695
"1544",1935,"Florida","mri-esm2-0","ssp585",NA,1.29341476100048,17.3154744191954
"1545",1936,"Florida","mri-esm2-0","ssp585",NA,0.995833917810685,9.28107115547614
"1546",1937,"Florida","mri-esm2-0","ssp585",NA,6.75497153934661,15.213434413694
"1547",1938,"Florida","mri-esm2-0","ssp585",NA,2.50811806476014,11.4274893953473
"1548",1939,"Florida","mri-esm2-0","ssp585",NA,2.88515849124525,14.1972489925087
"1549",1940,"Florida","mri-esm2-0","ssp585",NA,7.07751625999849,18.900325049223
"1550",1941,"Florida","mri-esm2-0","ssp585",NA,3.42273885442194,17.5457409799581
"1551",1942,"Florida","mri-esm2-0","ssp585",NA,2.70941640932913,18.5437159617956
"1552",1943,"Florida","mri-esm2-0","ssp585",NA,3.14113372551807,18.1644238412862
"1553",1944,"Florida","mri-esm2-0","ssp585",NA,0.876305255110249,19.7707279997052
"1554",1945,"Florida","mri-esm2-0","ssp585",NA,1.06891650667934,18.0073036378927
"1555",1946,"Florida","mri-esm2-0","ssp585",NA,0.116060174633273,21.6650753216602
"1556",1947,"Florida","mri-esm2-0","ssp585",NA,3.47776277191458,25.1821956829884
"1557",1948,"Florida","mri-esm2-0","ssp585",NA,13.2162354765635,24.503927949561
"1558",1949,"Florida","mri-esm2-0","ssp585",NA,3.01817838762063,23.9693289949566
"1559",1950,"Florida","mri-esm2-0","ssp585",NA,0.0494598658827828,24.7641468963212
"1560",1951,"Florida","mri-esm2-0","ssp585",NA,3.4881950291269,25.1405581903586
"1561",1952,"Florida","mri-esm2-0","ssp585",NA,6.44589147015962,26.0462902963644
"1562",1953,"Florida","mri-esm2-0","ssp585",NA,0.4220355776278,26.5457722378548
"1563",1954,"Florida","mri-esm2-0","ssp585",NA,9.57643926285086,28.0596167716055
"1564",1955,"Florida","mri-esm2-0","ssp585",NA,3.82740688423555,27.0729309082031
"1565",1956,"Florida","mri-esm2-0","ssp585",NA,1.24067491708189,27.5371597002138
"1566",1957,"Florida","mri-esm2-0","ssp585",NA,0.294967547237605,27.4710389664231
"1567",1958,"Florida","mri-esm2-0","ssp585",NA,10.5038047199847,28.6890603283988
"1568",1959,"Florida","mri-esm2-0","ssp585",NA,4.76894417241453,28.6796300677277
"1569",1960,"Florida","mri-esm2-0","ssp585",NA,1.92040983130687,30.2705291830305
"1570",1961,"Florida","mri-esm2-0","ssp585",NA,12.1220293193715,29.1950692477573
"1571",1962,"Florida","mri-esm2-0","ssp585",NA,1.52787228636065,30.8294007170233
"1572",1963,"Florida","mri-esm2-0","ssp585",NA,2.24884940041298,31.7212122009771
"1573",1964,"Florida","mri-esm2-0","ssp585",NA,1.5132190271565,30.5831735451588
"1574",1965,"Florida","mri-esm2-0","ssp585",NA,17.1622793228199,28.5242156406619
"1575",1966,"Florida","mri-esm2-0","ssp585",NA,10.9042092435193,28.4398647256939
"1576",1967,"Florida","mri-esm2-0","ssp585",NA,2.17068273128594,29.5770347410135
"1577",1968,"Florida","mri-esm2-0","ssp585",NA,7.74487860000144,29.268824229279
"1578",1969,"Florida","mri-esm2-0","ssp585",NA,1.29872273341311,28.9984861965128
"1579",1970,"Florida","mri-esm2-0","ssp585",NA,9.19925795888906,28.4522147206926
"1580",1971,"Florida","mri-esm2-0","ssp585",NA,6.26114807866611,26.9572211664
"1581",1972,"Florida","mri-esm2-0","ssp585",NA,5.57994502222561,24.6211123237713
"1582",1973,"Florida","mri-esm2-0","ssp585",NA,0.0156533715267389,23.3690038141215
"1583",1974,"Florida","mri-esm2-0","ssp585",NA,4.95255096144942,25.2439958351321
"1584",1975,"Florida","mri-esm2-0","ssp585",NA,0.495753333017751,23.2782524335095
"1585",1976,"Florida","mri-esm2-0","ssp585",NA,1.47007139390195,19.3687431397143
"1586",1977,"Florida","mri-esm2-0","ssp585",NA,0.599910221719398,20.3203430833842
"1587",1978,"Florida","mri-esm2-0","ssp585",NA,0.398773288268888,20.9505423409598
"1588",1979,"Florida","mri-esm2-0","ssp585",NA,4.12655610495684,19.9639510738239
"1589",1980,"Florida","mri-esm2-0","ssp585",NA,1.31132326084158,21.8476535190469
"1590",1981,"Florida","mri-esm2-0","ssp585",NA,5.35185601110172,19.3267184604532
"1591",1982,"Florida","mri-esm2-0","ssp585",NA,5.59394654086342,20.2485638477089
"1592",1983,"Florida","mri-esm2-0","ssp585",NA,0.859400478554373,14.1706541159083
"1593",1984,"Florida","mri-esm2-0","ssp585",NA,0.256021314945156,11.9843300708864
"1594",1985,"Florida","mri-esm2-0","ssp585",NA,2.31815759191354,19.5132069384634
"1595",1986,"Florida","mri-esm2-0","ssp585",NA,3.62227962194382,17.4338274274554
"1596",1987,"Florida","mri-esm2-0","ssp585",NA,8.1868100119741,17.1665315283598
"1597",1988,"Florida","mri-esm2-0","ssp585",NA,5.58512644727185,20.6110620051382
"1598",1989,"Florida","mri-esm2-0","ssp585",NA,3.97286230647708,20.1042100274017
"1599",1990,"Florida","mri-esm2-0","ssp585",NA,1.30399757200612,18.3277961998295
"1600",1991,"Florida","mri-esm2-0","ssp585",NA,0.351971234869971,17.7058262416295
"1601",1992,"Florida","mri-esm2-0","ssp585",NA,3.73134000350782,22.0969604985733
"1602",1993,"Florida","mri-esm2-0","ssp585",NA,3.66833615851039,21.7745414631065
"1603",1994,"Florida","mri-esm2-0","ssp585",NA,11.6268634132256,23.2104293782114
"1604",1995,"Florida","mri-esm2-0","ssp585",NA,8.49699566175268,24.3735603106311
"1605",1996,"Florida","mri-esm2-0","ssp585",NA,2.74459874788767,23.3340552646195
"1606",1997,"Florida","mri-esm2-0","ssp585",NA,9.73414474342671,23.6609863774796
"1607",1998,"Florida","mri-esm2-0","ssp585",NA,4.26773796748066,20.2754164374421
"1608",1999,"Florida","mri-esm2-0","ssp585",NA,5.47210083825557,23.5468679093929
"1609",2000,"Florida","mri-esm2-0","ssp585",NA,1.07151541006467,23.6688153290042
"1610",2001,"Florida","mri-esm2-0","ssp585",NA,0.0079294377815928,21.3880418474141
"1611",2002,"Florida","mri-esm2-0","ssp585",NA,1.13323066654576,24.7981648653344
"1612",2003,"Florida","mri-esm2-0","ssp585",NA,9.80716449338544,26.3187125727816
"1613",2004,"Florida","mri-esm2-0","ssp585",NA,3.41468225257183,25.3894371834727
"1614",2005,"Florida","mri-esm2-0","ssp585",NA,0.00120591873978798,25.9959300408788
"1615",2006,"Florida","mri-esm2-0","ssp585",NA,10.843298741508,27.3799523859975
"1616",2007,"Florida","mri-esm2-0","ssp585",NA,19.4016977778318,27.957290756349
"1617",2008,"Florida","mri-esm2-0","ssp585",NA,9.19097876839703,28.6990763456031
"1618",2009,"Florida","mri-esm2-0","ssp585",NA,15.3932035746847,27.9485692273575
"1619",2010,"Florida","mri-esm2-0","ssp585",NA,6.83766930345481,28.5159097594392
"1620",2011,"Florida","mri-esm2-0","ssp585",NA,10.8956203647214,29.8044569154313
"1621",2012,"Florida","mri-esm2-0","ssp585",NA,9.95073658016753,28.3971193873979
"1622",2013,"Florida","mri-esm2-0","ssp585",NA,6.38080152199903,29.2459130958084
"1623",2014,"Florida","mri-esm2-0","ssp585",NA,7.12783225087305,29.3426636893794
"1624",2015,"Florida","mri-esm2-0","ssp585",NA,3.19866134292253,29.901931047054
"1625",2016,"Florida","mri-esm2-0","ssp585",NA,11.0962136880749,28.964282901075
"1626",2017,"Florida","mri-esm2-0","ssp585",NA,12.2803480060165,29.0789357969382
"1627",2018,"Florida","mri-esm2-0","ssp585",NA,1.22164898327583,30.5003657009403
"1628",2019,"Florida","mri-esm2-0","ssp585",NA,6.65568671147632,29.0449742566543
"1629",2020,"Florida","mri-esm2-0","ssp585",NA,7.22308048728771,28.7036948643605
"1630",2021,"Florida","mri-esm2-0","ssp585",NA,3.65419326128735,28.7705458813279
"1631",2022,"Florida","mri-esm2-0","ssp585",NA,1.93407810315691,28.5425041424939
"1632",2023,"Florida","mri-esm2-0","ssp585",NA,1.49751994453391,25.7561712794548
"1633",2024,"Florida","mri-esm2-0","ssp585",NA,6.26103831254483,26.7933200558562
"1634",2025,"Florida","mri-esm2-0","ssp585",NA,3.63394514176344,25.4573517915052
"1635",2026,"Florida","mri-esm2-0","ssp585",NA,8.27105026419745,25.1027516820039
"1636",2027,"Florida","mri-esm2-0","ssp585",NA,3.84106311809609,24.4634089960885
"1637",2028,"Florida","mri-esm2-0","ssp585",NA,0.0377131076243683,25.7162978015499
"1638",2029,"Florida","mri-esm2-0","ssp585",NA,0.502746635822032,23.6265509510298
"1639",2030,"Florida","mri-esm2-0","ssp585",NA,1.10179762926156,21.9415138265194
"1640",2031,"Florida","mri-esm2-0","ssp585",NA,2.36092698470077,16.6315702289263
"1641",2032,"Florida","mri-esm2-0","ssp585",NA,0.173159057769932,19.1939015185415
"1642",2033,"Florida","mri-esm2-0","ssp585",NA,6.44944930031633,19.3059970249063
"1643",2034,"Florida","mri-esm2-0","ssp585",NA,1.48869065516253,17.303258750895
"1644",2035,"Florida","mri-esm2-0","ssp585",NA,4.85441719757421,22.2307387030671
"1645",2036,"Florida","mri-esm2-0","ssp585",NA,2.14221049941799,19.470680734475
"1646",2037,"Florida","mri-esm2-0","ssp585",NA,5.6398251679874,14.6111528998116
"1647",2038,"Florida","mri-esm2-0","ssp585",NA,1.98638294155099,14.8324736973025
"1648",2039,"Florida","mri-esm2-0","ssp585",NA,2.34067063338296,15.5732106663789
"1649",2040,"Florida","mri-esm2-0","ssp585",NA,9.197859516987,18.452673471456
"1650",2041,"Florida","mri-esm2-0","ssp585",NA,1.5342170034087,23.2159852225826
"1651",2042,"Florida","mri-esm2-0","ssp585",NA,5.8956248553907,19.7086936601089
"1652",2043,"Florida","mri-esm2-0","ssp585",NA,5.26707501029192,24.8418547679151
"1653",2044,"Florida","mri-esm2-0","ssp585",NA,4.3702247759105,19.7450701196882
"1654",2045,"Florida","mri-esm2-0","ssp585",NA,0.487730295458216,18.6010324976837
"1655",2046,"Florida","mri-esm2-0","ssp585",NA,5.03049522625946,23.2875288724257
"1656",2047,"Florida","mri-esm2-0","ssp585",NA,7.72844138924321,20.1460131046265
"1657",2048,"Florida","mri-esm2-0","ssp585",NA,0.0259500591950337,19.7568350162146
"1658",2049,"Florida","mri-esm2-0","ssp585",NA,3.47297222635358,17.7592089712138
"1659",2050,"Florida","mri-esm2-0","ssp585",NA,3.78082782567114,20.930370057304
"1660",2051,"Florida","mri-esm2-0","ssp585",NA,0.791460583413226,22.3123637649248
"1661",2052,"Florida","mri-esm2-0","ssp585",NA,2.29657770000384,22.9102061639257
"1662",2053,"Florida","mri-esm2-0","ssp585",NA,6.21093060951066,23.8551424175581
"1663",2054,"Florida","mri-esm2-0","ssp585",NA,3.5273234401997,24.2784986305751
"1664",2055,"Florida","mri-esm2-0","ssp585",NA,3.976041386215,25.9267421671001
"1665",2056,"Florida","mri-esm2-0","ssp585",NA,9.70444333494393,26.542906217755
"1666",2057,"Florida","mri-esm2-0","ssp585",NA,7.99102472887161,26.3877280345824
"1667",2058,"Florida","mri-esm2-0","ssp585",NA,15.0420966668416,27.3302619543359
"1668",2059,"Florida","mri-esm2-0","ssp585",NA,15.7095440786696,28.1260052539589
"1669",2060,"Florida","mri-esm2-0","ssp585",NA,5.55371617162571,28.523766596298
"1670",2061,"Florida","mri-esm2-0","ssp585",NA,6.28652905777833,28.7691109793527
"1671",2062,"Florida","mri-esm2-0","ssp585",NA,6.55522356456995,29.0432839447598
"1672",2063,"Florida","mri-esm2-0","ssp585",NA,12.8229100207697,28.5205871746547
"1673",2064,"Florida","mri-esm2-0","ssp585",NA,8.36352941145344,29.142927950219
"1674",2065,"Florida","mri-esm2-0","ssp585",NA,7.20423718682598,29.3199350855743
"1675",2066,"Florida","mri-esm2-0","ssp585",NA,7.02059803306863,29.2373450595414
"1676",2067,"Florida","mri-esm2-0","ssp585",NA,12.7854248542524,28.7148008773269
"1677",2068,"Florida","mri-esm2-0","ssp585",NA,8.62763798549023,29.5752210426845
"1678",2069,"Florida","mri-esm2-0","ssp585",NA,5.62183418425672,29.1531061794559
"1679",2070,"Florida","mri-esm2-0","ssp585",NA,6.94086422942508,28.350146829857
"1680",2071,"Florida","mri-esm2-0","ssp585",NA,3.91859938365548,29.3093969792369
"1681",2072,"Florida","mri-esm2-0","ssp585",NA,9.75344413139618,28.1155799228226
"1682",2073,"Florida","mri-esm2-0","ssp585",NA,5.85053241151169,28.0087635461854
"1683",2074,"Florida","mri-esm2-0","ssp585",NA,13.8925423680498,27.1341076298223
"1684",2075,"Florida","mri-esm2-0","ssp585",NA,11.0530694988792,27.3343898063722
"1685",2076,"Florida","mri-esm2-0","ssp585",NA,3.70246832120501,27.1754449643858
"1686",2077,"Florida","mri-esm2-0","ssp585",NA,0.131629319020619,22.2516780390573
"1687",2078,"Florida","mri-esm2-0","ssp585",NA,0.187121794573064,25.4660349884445
"1688",2079,"Florida","mri-esm2-0","ssp585",NA,0.0840137111861432,22.7936886522648
"1689",2080,"Florida","mri-esm2-0","ssp585",NA,0.829257195915621,22.6633859145995
"1690",2081,"Florida","mri-esm2-0","ssp585",NA,0.673528133715488,22.4563307276312
"1691",2082,"Florida","mri-esm2-0","ssp585",NA,0.108355057650038,24.105634647174
"1692",2083,"Florida","mri-esm2-0","ssp585",NA,3.39670653204008,22.7943824953146
"1693",2084,"Florida","mri-esm2-0","ssp585",NA,1.73626789446766,18.7689096949493
"1694",2085,"Florida","mri-esm2-0","ssp585",NA,4.13190103443515,17.5167469775259
"1695",2086,"Florida","mri-esm2-0","ssp585",NA,1.16597709852944,16.3240091411251
"1696",2087,"Florida","mri-esm2-0","ssp585",NA,3.37296965064127,17.9387664219119
"1697",2088,"Florida","mri-esm2-0","ssp585",NA,4.35188158076249,16.0928337158861
"1698",2089,"Florida","mri-esm2-0","ssp585",NA,0.328159891024809,12.8422744463075
"1699",2090,"Florida","mri-esm2-0","ssp585",NA,3.95966133627506,19.2434067060363
"1700",2091,"Florida","mri-esm2-0","ssp585",NA,3.02020407068166,17.1870194345151
"1701",2092,"Florida","mri-esm2-0","ssp585",NA,7.31051615625569,20.7496235726657
"1702",2093,"Florida","mri-esm2-0","ssp585",NA,2.90104473474249,19.350133092834
"1703",2094,"Florida","mri-esm2-0","ssp585",NA,6.88109388224398,22.2678678198966
"1704",2095,"Florida","mri-esm2-0","ssp585",NA,5.35290779825979,19.6249847658882
"1705",2096,"Florida","mri-esm2-0","ssp585",NA,0.000273544393139992,17.1558989902712
"1706",2097,"Florida","mri-esm2-0","ssp585",NA,2.55731529644723,22.0156184851963
"1707",2098,"Florida","mri-esm2-0","ssp585",NA,0.504277659441221,24.4114893005865
"1708",2099,"Florida","mri-esm2-0","ssp585",NA,1.86002420838597,24.4125897430667
"1709",2100,"Florida","mri-esm2-0","ssp585",NA,3.42003897556159,23.1003499239282
"1710",2101,"Florida","mri-esm2-0","ssp585",NA,0.164042393176798,22.7491857975963
"1711",2102,"Florida","mri-esm2-0","ssp585",NA,0.75984609368732,21.1879976421675
"1712",2103,"Florida","mri-esm2-0","ssp585",NA,1.78794758088613,24.9995042991124
"1713",2104,"Florida","mri-esm2-0","ssp585",NA,0.394289657879566,24.9230162258097
"1714",2105,"Florida","mri-esm2-0","ssp585",NA,4.28370425747364,26.1884452881518
"1715",2106,"Florida","mri-esm2-0","ssp585",NA,0.720235921336291,25.0734784971993
"1716",2107,"Florida","mri-esm2-0","ssp585",NA,5.69818791497643,26.0691601365082
"1717",2108,"Florida","mri-esm2-0","ssp585",NA,1.29909200656077,28.0114424301929
"1718",2109,"Florida","mri-esm2-0","ssp585",NA,7.69244155833612,27.152391196197
"1719",2110,"Florida","mri-esm2-0","ssp585",NA,6.05131623675466,26.6298697170865
"1720",2111,"Florida","mri-esm2-0","ssp585",NA,0.605369247948375,26.8966731397932
"1721",2112,"Florida","mri-esm2-0","ssp585",NA,5.48804120226907,27.6587066074587
"1722",2113,"Florida","mri-esm2-0","ssp585",NA,6.46242673960069,28.42820528344
"1723",2114,"Florida","mri-esm2-0","ssp585",NA,3.27252535938985,29.2521880363197
"1724",2115,"Florida","mri-esm2-0","ssp585",NA,8.27229633111144,28.7067321448313
"1725",2116,"Florida","mri-esm2-0","ssp585",NA,8.01831482573828,29.0168421495957
"1726",2117,"Florida","mri-esm2-0","ssp585",NA,2.66231077629284,30.3966343964528
"1727",2118,"Florida","mri-esm2-0","ssp585",NA,10.1123711300919,29.1144172935795
"1728",2119,"Florida","mri-esm2-0","ssp585",NA,7.49908908863418,28.9024525603837
"1729",2120,"Florida","mri-esm2-0","ssp585",NA,9.23120922534925,29.3642335300497
"1730",2121,"Florida","mri-esm2-0","ssp585",NA,11.4864237952241,28.4889105043643
"1731",2122,"Florida","mri-esm2-0","ssp585",NA,3.29575299780961,28.9625216008518
"1732",2123,"Florida","mri-esm2-0","ssp585",NA,3.74782688437615,29.1395052927845
"1733",2124,"Florida","mri-esm2-0","ssp585",NA,0.789397823853927,29.0675301194512
"1734",2125,"Florida","mri-esm2-0","ssp585",NA,6.47120125079555,28.6198748400912
"1735",2126,"Florida","mri-esm2-0","ssp585",NA,3.45413169733157,29.4533809692712
"1736",2127,"Florida","mri-esm2-0","ssp585",NA,3.62517334341722,27.7269054155787
"1737",2128,"Florida","mri-esm2-0","ssp585",NA,3.26749264814432,26.4704657953062
"1738",2129,"Florida","mri-esm2-0","ssp585",NA,3.90629588083943,28.3171992792916
"1739",2130,"Florida","mri-esm2-0","ssp585",NA,2.52456293821372,27.8585668024027
"1740",2131,"Florida","mri-esm2-0","ssp585",NA,2.72379390186265,21.8621858910409
"1741",2132,"Florida","mri-esm2-0","ssp585",NA,1.07161468443943,24.4134524610165
"1742",2133,"Florida","mri-esm2-0","ssp585",NA,4.71066951120917,24.3738751928119
"1743",2134,"Florida","mri-esm2-0","ssp585",NA,1.27493286662392,21.5647702116851
"1744",2135,"Florida","mri-esm2-0","ssp585",NA,10.0234791295762,19.4358878986534
"1745",2136,"Florida","mri-esm2-0","ssp585",NA,9.35685451342255,18.6296021330389
"1746",2137,"Florida","mri-esm2-0","ssp585",NA,0.914883116605181,20.511001693849
"1747",2138,"Florida","mri-esm2-0","ssp585",NA,1.84379852603355,21.8269442576283
"1748",2139,"Florida","mri-esm2-0","ssp585",NA,5.14672311673341,14.1578784377106
"1749",2140,"Florida","mri-esm2-0","ssp585",NA,2.36097972357445,21.4540915106185
"1750",2141,"Florida","mri-esm2-0","ssp585",NA,2.95182961785511,13.6600621308278
"1751",2142,"Florida","mri-esm2-0","ssp585",NA,0.140710862728146,14.5152375501443
"1752",2143,"Florida","mri-esm2-0","ssp585",NA,0.548237543433678,23.9942913045138
"1753",2144,"Florida","mri-esm2-0","ssp585",NA,2.98048150916681,21.8135265586833
"1754",2145,"Florida","mri-esm2-0","ssp585",NA,0.0382814717470735,18.4327336478426
"1755",2146,"Florida","mri-esm2-0","ssp585",NA,3.9480036465047,12.8540304590107
"1756",2147,"Florida","mri-esm2-0","ssp585",NA,4.07548392655308,20.2183871451735
"1757",2148,"Florida","mri-esm2-0","ssp585",NA,5.64010388120906,18.641606892794
"1758",2149,"Florida","mri-esm2-0","ssp585",NA,2.34169829478742,17.704816611565
"1759",2150,"Florida","mri-esm2-0","ssp585",NA,2.72774026277841,19.2637492629717
"1760",2151,"Florida","mri-esm2-0","ssp585",NA,9.46247877614274,19.6515731441364
"1761",2152,"Florida","mri-esm2-0","ssp585",NA,6.19791274651786,18.8070134000958
"1762",2153,"Florida","mri-esm2-0","ssp585",NA,3.46543971612248,22.4834645561774
"1763",2154,"Florida","mri-esm2-0","ssp585",NA,2.19356746688182,21.4995663213602
"1764",2155,"Florida","mri-esm2-0","ssp585",NA,11.6616832832758,24.4991606267636
"1765",2156,"Florida","mri-esm2-0","ssp585",NA,2.84368525732193,21.8448511663473
"1766",2157,"Florida","mri-esm2-0","ssp585",NA,3.63037988152825,22.3237599827851
"1767",2158,"Florida","mri-esm2-0","ssp585",NA,3.71335195457289,25.7334908786167
"1768",2159,"Florida","mri-esm2-0","ssp585",NA,7.69492991109407,26.7082276706747
"1769",2160,"Florida","mri-esm2-0","ssp585",NA,5.77623391337116,26.7883291568396
"1770",2161,"Florida","mri-esm2-0","ssp585",NA,2.10637591664288,27.1120498369325
"1771",2162,"Florida","mri-esm2-0","ssp585",NA,2.20560010810328,27.4961299269026
"1772",2163,"Florida","mri-esm2-0","ssp585",NA,5.1719577544405,28.5168417383076
"1773",2164,"Florida","mri-esm2-0","ssp585",NA,12.1797463988262,27.5289368169327
"1774",2165,"Florida","mri-esm2-0","ssp585",NA,12.5872150556005,28.2001674929719
"1775",2166,"Florida","mri-esm2-0","ssp585",NA,9.21377162371595,28.645212491182
"1776",2167,"Florida","mri-esm2-0","ssp585",NA,3.1563941931891,29.1997299646753
"1777",2168,"Florida","mri-esm2-0","ssp585",NA,2.82018214849637,29.9860117457305
"1778",2169,"Florida","mri-esm2-0","ssp585",NA,6.72846449863502,29.3154033486091
"1779",2170,"Florida","mri-esm2-0","ssp585",NA,8.233751775741,30.096349242177
"1780",2171,"Florida","mri-esm2-0","ssp585",NA,4.04237388691085,29.7745594775259
"1781",2172,"Florida","mri-esm2-0","ssp585",NA,7.15656647865675,30.0935571716802
"1782",2173,"Florida","mri-esm2-0","ssp585",NA,16.8956518029081,28.97006701035
"1783",2174,"Florida","mri-esm2-0","ssp585",NA,6.65957893951161,29.4359296032682
"1784",2175,"Florida","mri-esm2-0","ssp585",NA,2.42727456898334,29.1327201904955
"1785",2176,"Florida","mri-esm2-0","ssp585",NA,3.14897179080316,29.6805171339339
"1786",2177,"Florida","mri-esm2-0","ssp585",NA,7.98559533897513,28.443467033777
"1787",2178,"Florida","mri-esm2-0","ssp585",NA,3.86967096282257,29.1673960559773
"1788",2179,"Florida","mri-esm2-0","ssp585",NA,2.35918408803956,27.3450897957116
"1789",2180,"Florida","mri-esm2-0","ssp585",NA,7.84531228359504,25.4997782169969
"1790",2181,"Florida","mri-esm2-0","ssp585",NA,8.12197908537857,25.5904137788757
"1791",2182,"Florida","mri-esm2-0","ssp585",NA,0.402169101857234,24.0665579988629
"1792",2183,"Florida","mri-esm2-0","ssp585",NA,0.00892238422827086,23.0646234640857
"1793",2184,"Florida","mri-esm2-0","ssp585",NA,3.85483907080248,24.7319768448082
"1794",2185,"Florida","mri-esm2-0","ssp585",NA,8.32267984317762,21.6449374216908
"1795",2186,"Florida","mri-esm2-0","ssp585",NA,2.10461335037946,21.0231331303435
"1796",2187,"Florida","mri-esm2-0","ssp585",NA,0.266490998137057,23.2891354460601
"1797",2188,"Florida","mri-esm2-0","ssp585",NA,10.3349890345036,21.5344689711085
"1798",2189,"Florida","mri-esm2-0","ssp585",NA,3.92462403693311,21.381571380533
"1799",2190,"Florida","mri-esm2-0","ssp585",NA,1.68707999536116,14.7144536679003
"1800",2191,"Florida","mri-esm2-0","ssp585",NA,5.64915854871861,16.2777523071618
"1801",2192,"Florida","mri-esm2-0","ssp585",NA,1.57049211888756,16.0912539582368
"1802",2193,"Florida","mri-esm2-0","ssp585",NA,9.41391321327802,20.7377627637509
"1803",2194,"Florida","mri-esm2-0","ssp585",NA,2.15828600268989,15.5433936764288
"1804",2195,"Florida","mri-esm2-0","ssp585",NA,1.44264028593494,16.9710032666147
"1805",2196,"Florida","mri-esm2-0","ssp585",NA,3.19152215062953,13.7858960586096
"1806",2197,"Florida","mri-esm2-0","ssp585",NA,0.849002559813148,15.437896958837
"1807",2198,"Florida","mri-esm2-0","ssp585",NA,1.3994168517471,21.1208943410704
"1808",2199,"Florida","mri-esm2-0","ssp585",NA,3.34089231711321,19.9967410187837
"1809",2200,"Florida","mri-esm2-0","ssp585",NA,4.07161493534453,17.8646005635634
"1810",2201,"Florida","mri-esm2-0","ssp585",NA,0.929075062179306,18.8161865234375
"1811",2202,"Florida","mri-esm2-0","ssp585",NA,7.63838856051597,18.8046141097488
"1812",2203,"Florida","mri-esm2-0","ssp585",NA,0.599901946822813,20.965774807583
"1813",2204,"Florida","mri-esm2-0","ssp585",NA,4.47248365771565,21.9218122209822
"1814",2205,"Florida","mri-esm2-0","ssp585",NA,4.39306386101377,20.8946082266836
"1815",2206,"Florida","mri-esm2-0","ssp585",NA,2.31501203113953,21.2696301072113
"1816",2207,"Florida","mri-esm2-0","ssp585",NA,1.85267683722722,20.2537194264867
"1817",2208,"Florida","mri-esm2-0","ssp585",NA,0.505797235138322,24.2033641064585
"1818",2209,"Florida","mri-esm2-0","ssp585",NA,1.41653229904987,25.8300070379623
"1819",2210,"Florida","mri-esm2-0","ssp585",NA,0.57431880548324,25.9021184299192
"1820",2211,"Florida","mri-esm2-0","ssp585",NA,0.0595100306024611,24.4402895863166
"1821",2212,"Florida","mri-esm2-0","ssp585",NA,1.6587140018125,25.476770513077
"1822",2213,"Florida","mri-esm2-0","ssp585",NA,2.85676100297078,26.8031971399354
"1823",2214,"Florida","mri-esm2-0","ssp585",NA,11.4374454127555,27.7145217772122
"1824",2215,"Florida","mri-esm2-0","ssp585",NA,13.2546614051113,28.4556372136119
"1825",2216,"Florida","mri-esm2-0","ssp585",NA,8.41167864846357,29.2042316776081
"1826",2217,"Florida","mri-esm2-0","ssp585",NA,15.9031808656319,29.3118929222909
"1827",2218,"Florida","mri-esm2-0","ssp585",NA,6.57142552304579,29.5139195362513
"1828",2219,"Florida","mri-esm2-0","ssp585",NA,7.31732419753678,29.0695979115777
"1829",2220,"Florida","mri-esm2-0","ssp585",NA,5.16891037416476,30.6350748149533
"1830",2221,"Florida","mri-esm2-0","ssp585",NA,5.69046488686444,29.6423382453199
"1831",2222,"Florida","mri-esm2-0","ssp585",NA,3.25298732940759,30.5598061286536
"1832",2223,"Florida","mri-esm2-0","ssp585",NA,1.3694896516527,31.7097392367546
"1833",2224,"Florida","mri-esm2-0","ssp585",NA,1.55723251861607,31.2752247771806
"1834",2225,"Florida","mri-esm2-0","ssp585",NA,7.96437238577342,29.8452098095835
"1835",2226,"Florida","mri-esm2-0","ssp585",NA,1.47248829218855,30.4379206490324
"1836",2227,"Florida","mri-esm2-0","ssp585",NA,14.564331873171,28.9145826807562
"1837",2228,"Florida","mri-esm2-0","ssp585",NA,19.8596370930661,28.1600683824072
"1838",2229,"Florida","mri-esm2-0","ssp585",NA,1.26965996381317,29.4182217579968
"1839",2230,"Florida","mri-esm2-0","ssp585",NA,4.63614253865848,28.8766503182383
"1840",2231,"Florida","mri-esm2-0","ssp585",NA,0.125214817121694,25.0784081965444
"1841",2232,"Florida","mri-esm2-0","ssp585",NA,1.90823152114058,27.029504888077
"1842",2233,"Florida","mri-esm2-0","ssp585",NA,3.88240120863077,25.3845463919833
"1843",2234,"Florida","mri-esm2-0","ssp585",NA,4.39012212067649,26.1408896063216
"1844",2235,"Florida","mri-esm2-0","ssp585",NA,3.20634697428429,26.0068046631518
"1845",2236,"Florida","mri-esm2-0","ssp585",NA,0.0563867323966151,22.2072756209464
"1846",2237,"Florida","mri-esm2-0","ssp585",NA,0.622657462605825,20.8547846791558
"1847",2238,"Florida","mri-esm2-0","ssp585",NA,5.05078140231196,20.4773305229742
"1848",2239,"Florida","mri-esm2-0","ssp585",NA,1.22308407456764,24.0887182847509
"1849",2240,"Florida","mri-esm2-0","ssp585",NA,1.54596320072314,22.5756743644447
"1850",2241,"Florida","mri-esm2-0","ssp585",NA,3.68573263273345,19.3030113199651
"1851",2242,"Florida","mri-esm2-0","ssp585",NA,1.46134121131314,16.7167077735428
"1852",2243,"Florida","mri-esm2-0","ssp585",NA,0.463207649715448,21.395117812658
"1853",2244,"Florida","mri-esm2-0","ssp585",NA,3.43500540358769,21.4697545136403
"1854",2245,"Florida","mri-esm2-0","ssp585",NA,1.06444006824464,10.2512343414389
"1855",2246,"Florida","mri-esm2-0","ssp585",NA,2.00505190093313,19.8617890802677
"1856",2247,"Florida","mri-esm2-0","ssp585",NA,2.28095802271118,19.5002040647111
"1857",2248,"Florida","mri-esm2-0","ssp585",NA,2.3889839280382,18.4698067472309
"1858",2249,"Florida","mri-esm2-0","ssp585",NA,0.580243975597516,14.0641862648196
"1859",2250,"Florida","mri-esm2-0","ssp585",NA,4.52245176629314,14.0524169263814
"1860",2251,"Florida","mri-esm2-0","ssp585",NA,0.0350632975740478,17.3019674707295
"1861",2252,"Florida","mri-esm2-0","ssp585",NA,2.25642427434444,19.6515662344961
"1862",2253,"Florida","mri-esm2-0","ssp585",NA,2.10494253563845,15.3521097435142
"1863",2254,"Florida","mri-esm2-0","ssp585",NA,5.9239229774192,18.1118761910904
"1864",2255,"Florida","mri-esm2-0","ssp585",NA,2.12944051673802,20.1144060242851
"1865",2256,"Florida","mri-esm2-0","ssp585",NA,5.59260404668238,20.0930603356374
"1866",2257,"Florida","mri-esm2-0","ssp585",NA,0.369396676327685,23.0034359667179
"1867",2258,"Florida","mri-esm2-0","ssp585",NA,6.00943054779994,23.4857592970856
"1868",2259,"Florida","mri-esm2-0","ssp585",NA,5.12696888924862,22.2898329084453
"1869",2260,"Florida","mri-esm2-0","ssp585",NA,0.00917366374984718,23.3162587456305
"1870",2261,"Florida","mri-esm2-0","ssp585",NA,0.446861207301162,24.6051715367567
"1871",2262,"Florida","mri-esm2-0","ssp585",NA,0.527709107018995,25.1759848211654
"1872",2263,"Florida","mri-esm2-0","ssp585",NA,11.7745993273873,25.7623176513014
"1873",2264,"Florida","mri-esm2-0","ssp585",NA,6.45434176450178,24.9044654866756
"1874",2265,"Florida","mri-esm2-0","ssp585",NA,2.34850398641567,26.8987913558426
"1875",2266,"Florida","mri-esm2-0","ssp585",NA,2.00093773386755,28.0626690229637
"1876",2267,"Florida","mri-esm2-0","ssp585",NA,4.47732518627153,28.0427733716939
"1877",2268,"Florida","mri-esm2-0","ssp585",NA,6.19225971127507,29.2809026096067
"1878",2269,"Florida","mri-esm2-0","ssp585",NA,1.25926022125609,29.2693223814438
"1879",2270,"Florida","mri-esm2-0","ssp585",NA,6.31865298711946,29.7073418383329
"1880",2271,"Florida","mri-esm2-0","ssp585",NA,4.82118766932019,29.6618505760666
"1881",2272,"Florida","mri-esm2-0","ssp585",NA,2.01418949672951,30.1868183146269
"1882",2273,"Florida","mri-esm2-0","ssp585",NA,8.79211502364332,30.324992284235
"1883",2274,"Florida","mri-esm2-0","ssp585",NA,8.90785739662985,29.3839040422054
"1884",2275,"Florida","mri-esm2-0","ssp585",NA,10.9433589117661,29.4968347102163
"1885",2276,"Florida","mri-esm2-0","ssp585",NA,6.63174006398417,29.9846678206863
"1886",2277,"Florida","mri-esm2-0","ssp585",NA,5.39443638430326,30.0988239627643
"1887",2278,"Florida","mri-esm2-0","ssp585",NA,2.4458257916611,30.3435629297138
"1888",2279,"Florida","mri-esm2-0","ssp585",NA,5.70461310168384,30.2603924938932
"1889",2280,"Florida","mri-esm2-0","ssp585",NA,3.86682004348971,28.8559037118588
"1890",2281,"Florida","mri-esm2-0","ssp585",NA,15.5438641654147,28.3533059338675
"1891",2282,"Florida","mri-esm2-0","ssp585",NA,2.78527686198482,28.5394096107175
"1892",2283,"Florida","mri-esm2-0","ssp585",NA,6.43298673209469,27.9752057263151
"1893",2284,"Florida","mri-esm2-0","ssp585",NA,4.8204707093467,28.8412721371715
"1894",2285,"Florida","mri-esm2-0","ssp585",NA,3.61811997038925,28.1472243481248
"1895",2286,"Florida","mri-esm2-0","ssp585",NA,10.0147649654895,22.787683269984
"1896",2287,"Florida","mri-esm2-0","ssp585",NA,3.44814108591601,26.4540471737597
"1897",2288,"Florida","mri-esm2-0","ssp585",NA,9.00493138709019,24.4027676893373
"1898",2289,"Florida","mri-esm2-0","ssp585",NA,1.05882144245472,23.8623044242756
"1899",2290,"Florida","mri-esm2-0","ssp585",NA,3.45627758930655,21.0184488054877
"1900",2291,"Florida","mri-esm2-0","ssp585",NA,0.546189362195843,18.585388660688
"1901",2292,"Florida","mri-esm2-0","ssp585",NA,0.930774647834018,16.2981095882118
"1902",2293,"Florida","mri-esm2-0","ssp585",NA,8.61192868453729,21.4655539458653
"1903",2294,"Florida","mri-esm2-0","ssp585",NA,0.126636403635071,22.4776086359975
"1904",2295,"Florida","mri-esm2-0","ssp585",NA,0.21246829346245,16.344616485349
"1905",2296,"Florida","mri-esm2-0","ssp585",NA,3.86285967107409,15.7310799899448
"1906",2297,"Florida","mri-esm2-0","ssp585",NA,1.43373730975388,16.3446863220709
"1907",2298,"Florida","mri-esm2-0","ssp585",NA,4.35013135926433,17.2310993204863
"1908",2299,"Florida","mri-esm2-0","ssp585",NA,3.95022821323481,19.6680820022953
"1909",2300,"Florida","mri-esm2-0","ssp585",NA,1.42907879865407,22.1164919130886
"1910",2301,"Florida","mri-esm2-0","ssp585",NA,0.0985559585799665,14.7386105108133
"1911",2302,"Florida","mri-esm2-0","ssp585",NA,0.50116645538017,17.4138388250716
"1912",2303,"Florida","mri-esm2-0","ssp585",NA,2.87795606801432,17.1138757916474
"1913",2304,"Florida","mri-esm2-0","ssp585",NA,3.22906388874502,17.1488891601563
"1914",2305,"Florida","mri-esm2-0","ssp585",NA,6.90273412396242,19.7943712260203
"1915",2306,"Florida","mri-esm2-0","ssp585",NA,0.241866587594566,19.2032955858586
"1916",2307,"Florida","mri-esm2-0","ssp585",NA,0.686927689971489,21.6470952859144
"1917",2308,"Florida","mri-esm2-0","ssp585",NA,0.00145697962374092,17.8880141265952
"1918",2309,"Florida","mri-esm2-0","ssp585",NA,2.65081915320852,24.7602803767531
"1919",2310,"Florida","mri-esm2-0","ssp585",NA,0.0240344881358813,21.0283180750927
"1920",2311,"Florida","mri-esm2-0","ssp585",NA,0.589850767389457,22.2617217770806
"1921",2312,"Florida","mri-esm2-0","ssp585",NA,0.206645964788603,25.2336828679088
"1922",2313,"Florida","mri-esm2-0","ssp585",NA,1.39427528035763,24.899331459395
"1923",2314,"Florida","mri-esm2-0","ssp585",NA,0.483742333320291,27.8363345410946
"1924",2315,"Florida","mri-esm2-0","ssp585",NA,0.206443163539972,26.0855420711548
"1925",2316,"Florida","mri-esm2-0","ssp585",NA,3.39918332580972,25.2654747811289
"1926",2317,"Florida","mri-esm2-0","ssp585",NA,0.0101628528488674,26.0430444928193
"1927",2318,"Florida","mri-esm2-0","ssp585",NA,5.17292662983268,27.6827515800044
"1928",2319,"Florida","mri-esm2-0","ssp585",NA,5.03103487668032,27.7583894385161
"1929",2320,"Florida","mri-esm2-0","ssp585",NA,3.97273928762752,27.9449254614324
"1930",2321,"Florida","mri-esm2-0","ssp585",NA,4.16883179196258,28.9700591958758
"1931",2322,"Florida","mri-esm2-0","ssp585",NA,13.1603458831257,28.4740720517552
"1932",2323,"Florida","mri-esm2-0","ssp585",NA,12.4313460297908,28.5237241513646
"1933",2324,"Florida","mri-esm2-0","ssp585",NA,11.5764373287763,28.504240364013
"1934",2325,"Florida","mri-esm2-0","ssp585",NA,8.32933180030905,28.9598690392836
"1935",2326,"Florida","mri-esm2-0","ssp585",NA,6.20161706893911,29.5587045345667
"1936",2327,"Florida","mri-esm2-0","ssp585",NA,6.80469752473333,30.1273216226994
"1937",2328,"Florida","mri-esm2-0","ssp585",NA,9.64613536427812,29.6798959243651
"1938",2329,"Florida","mri-esm2-0","ssp585",NA,6.52037279806887,29.9262473052403
"1939",2330,"Florida","mri-esm2-0","ssp585",NA,21.4791385879602,29.6992485930656
"1940",2331,"Florida","mri-esm2-0","ssp585",NA,7.1302933348755,29.8165843213022
"1941",2332,"Florida","mri-esm2-0","ssp585",NA,10.7583871002174,28.5950614990893
"1942",2333,"Florida","mri-esm2-0","ssp585",NA,8.37430210444284,28.7806077160283
"1943",2334,"Florida","mri-esm2-0","ssp585",NA,5.20950082267655,27.5873509985418
"1944",2335,"Florida","mri-esm2-0","ssp585",NA,10.9671113072755,27.2296509282608
"1945",2336,"Florida","mri-esm2-0","ssp585",NA,0.569252397197199,26.7509252995494
"1946",2337,"Florida","mri-esm2-0","ssp585",NA,1.07813139098148,25.9521707951219
"1947",2338,"Florida","mri-esm2-0","ssp585",NA,0.193593656838813,24.753538706489
"1948",2339,"Florida","mri-esm2-0","ssp585",NA,3.29227563116985,22.9128983736681
"1949",2340,"Florida","mri-esm2-0","ssp585",NA,1.58778784871689,23.3296562092002
"1950",2341,"Florida","mri-esm2-0","ssp585",NA,0.729874911026325,20.0279192078789
"1951",2342,"Florida","mri-esm2-0","ssp585",NA,0.227521955543924,24.0118543763688
"1952",2343,"Florida","mri-esm2-0","ssp585",NA,3.8117857528359,19.7260962473415
"1953",2344,"Florida","mri-esm2-0","ssp585",NA,0.0783595825699089,18.5769000852847
"1954",2345,"Florida","mri-esm2-0","ssp585",NA,4.29883365551665,20.0761644553624
"1955",2346,"Florida","mri-esm2-0","ssp585",NA,1.66510945941601,15.6303373516731
"1956",2347,"Florida","mri-esm2-0","ssp585",NA,2.07016125772341,18.1582615114608
"1957",2348,"Florida","mri-esm2-0","ssp585",NA,8.07615393162149,23.758314830852
"1958",2349,"Florida","mri-esm2-0","ssp585",NA,2.04663445766599,17.5111552688311
"1959",2350,"Florida","mri-esm2-0","ssp585",NA,0.49122353736574,17.0517736717697
"1960",2351,"Florida","mri-esm2-0","ssp585",NA,0.441586349486681,9.99102337366811
"1961",2352,"Florida","mri-esm2-0","ssp585",NA,3.63881622060527,16.8903632397922
"1962",2353,"Florida","mri-esm2-0","ssp585",NA,2.0962237753431,15.9461789030913
"1963",2354,"Florida","mri-esm2-0","ssp585",NA,6.85946104015679,20.5928547738376
"1964",2355,"Florida","mri-esm2-0","ssp585",NA,0.575275581488407,10.6500993343055
"1965",2356,"Florida","mri-esm2-0","ssp585",NA,1.15564958202959,18.1327554790158
"1966",2357,"Florida","mri-esm2-0","ssp585",NA,2.4378716087497,19.0987060875906
"1967",2358,"Florida","mri-esm2-0","ssp585",NA,5.9964116321006,23.114833023606
"1968",2359,"Florida","mri-esm2-0","ssp585",NA,3.98100069891998,24.0275796484112
"1969",2360,"Florida","mri-esm2-0","ssp585",NA,2.63904444025811,24.850919393452
"1970",2361,"Florida","mri-esm2-0","ssp585",NA,2.8790185177941,24.9028709226542
"1971",2362,"Florida","mri-esm2-0","ssp585",NA,1.67009410935685,21.1743220655745
"1972",2363,"Florida","mri-esm2-0","ssp585",NA,7.41993452714261,24.9789777318744
"1973",2364,"Florida","mri-esm2-0","ssp585",NA,0.0461325994519767,22.6652866414937
"1974",2365,"Florida","mri-esm2-0","ssp585",NA,0.16260541841903,25.7235984123621
"1975",2366,"Florida","mri-esm2-0","ssp585",NA,1.5189653129342,25.0686479182899
"1976",2367,"Florida","mri-esm2-0","ssp585",NA,0.769878349158022,26.514553413494
"1977",2368,"Florida","mri-esm2-0","ssp585",NA,1.17479920068538,27.2366652825451
"1978",2369,"Florida","mri-esm2-0","ssp585",NA,2.71439816773577,27.230298871557
"1979",2370,"Florida","mri-esm2-0","ssp585",NA,0.840250289502733,29.1180072630191
"1980",2371,"Florida","mri-esm2-0","ssp585",NA,3.93230918288652,30.0053880223688
"1981",2372,"Florida","mri-esm2-0","ssp585",NA,12.0346951870608,28.8719975803098
"1982",2373,"Florida","mri-esm2-0","ssp585",NA,11.0084829416084,29.0068861804561
"1983",2374,"Florida","mri-esm2-0","ssp585",NA,10.289394814446,29.383126543153
"1984",2375,"Florida","mri-esm2-0","ssp585",NA,9.69720600046323,29.9517537489734
"1985",2376,"Florida","mri-esm2-0","ssp585",NA,13.8123263078707,29.6289695719182
"1986",2377,"Florida","mri-esm2-0","ssp585",NA,6.08732194045683,29.6105849931825
"1987",2378,"Florida","mri-esm2-0","ssp585",NA,1.40896490430961,30.7606186200988
"1988",2379,"Florida","mri-esm2-0","ssp585",NA,9.7511186837893,29.9203629239229
"1989",2380,"Florida","mri-esm2-0","ssp585",NA,7.87408459160321,29.7410714943776
"1990",2381,"Florida","mri-esm2-0","ssp585",NA,7.63200524616998,30.1080090957189
"1991",2382,"Florida","mri-esm2-0","ssp585",NA,5.23872404901978,30.099095659693
"1992",2383,"Florida","mri-esm2-0","ssp585",NA,8.27257388254604,29.1013772393816
"1993",2384,"Florida","mri-esm2-0","ssp585",NA,5.79792839845383,30.5966122197976
"1994",2385,"Florida","mri-esm2-0","ssp585",NA,11.4830601105378,28.679321272611
"1995",2386,"Florida","mri-esm2-0","ssp585",NA,9.92922924261569,28.2396658761161
"1996",2387,"Florida","mri-esm2-0","ssp585",NA,9.05627021329712,28.902964120541
"1997",2388,"Florida","mri-esm2-0","ssp585",NA,10.2337954487916,27.7906333573745
"1998",2389,"Florida","mri-esm2-0","ssp585",NA,7.64195831206251,26.3983661661894
"1999",2390,"Florida","mri-esm2-0","ssp585",NA,2.53396897994754,26.3210828261877
"2000",2391,"Florida","mri-esm2-0","ssp585",NA,0.066015569416414,25.2132953983112
"2001",2392,"Florida","mri-esm2-0","ssp585",NA,1.7039771430843,21.9983540085127
"2002",2393,"Florida","mri-esm2-0","ssp585",NA,0.416869975612466,22.5838363770848
"2003",2394,"Florida","mri-esm2-0","ssp585",NA,0.176288613465045,21.1652869705241
"2004",2395,"Florida","mri-esm2-0","ssp585",NA,1.81297738757306,21.9170536174929
"2005",2396,"Florida","mri-esm2-0","ssp585",NA,0.64425639404529,21.1442287722688
"2006",2397,"Florida","mri-esm2-0","ssp585",NA,0.0417007952870885,20.4597669575735
"2007",2398,"Florida","mri-esm2-0","ssp585",NA,6.84577658488647,19.6380782052835
"2008",2399,"Florida","mri-esm2-0","ssp585",NA,1.44858828250017,17.7385054678287
"2009",2400,"Florida","mri-esm2-0","ssp585",NA,0.631524135754279,13.8239105964928
"2010",2401,"Florida","mri-esm2-0","ssp585",NA,0.322102718326283,18.1450156486902
"2011",2402,"Florida","mri-esm2-0","ssp585",NA,3.2204732280161,18.740702239908
"2012",2403,"Florida","mri-esm2-0","ssp585",NA,2.42772415102895,16.1699816598404
"2013",2404,"Florida","mri-esm2-0","ssp585",NA,2.06042513987098,18.7956312482891
"2014",2405,"Florida","mri-esm2-0","ssp585",NA,2.16399361817571,15.3461259127306
"2015",2406,"Florida","mri-esm2-0","ssp585",NA,1.27901490227229,12.8946173572798
"2016",2407,"Florida","mri-esm2-0","ssp585",NA,2.54493581549498,14.3804365543664
"2017",2408,"Florida","mri-esm2-0","ssp585",NA,2.91228157086319,20.8692871916326
"2018",2409,"Florida","mri-esm2-0","ssp585",NA,7.74009732580884,21.4497729031545
"2019",2410,"Florida","mri-esm2-0","ssp585",NA,10.094291028178,21.5412796555183
"2020",2411,"Florida","mri-esm2-0","ssp585",NA,3.72252655268219,23.8826014104879
"2021",2412,"Florida","mri-esm2-0","ssp585",NA,4.39319489603784,23.4727922876569
"2022",2413,"Florida","mri-esm2-0","ssp585",NA,4.00480838824971,22.5988567012982
"2023",2414,"Florida","mri-esm2-0","ssp585",NA,4.04521196757136,24.0850347883939
"2024",2415,"Florida","mri-esm2-0","ssp585",NA,2.81464068150699,22.8882803122631
"2025",2416,"Florida","mri-esm2-0","ssp585",NA,7.86855253066492,24.2978673395121
"2026",2417,"Florida","mri-esm2-0","ssp585",NA,2.2517321324467,25.4889392122747
"2027",2418,"Florida","mri-esm2-0","ssp585",NA,4.01022009137384,25.3484686920906
"2028",2419,"Florida","mri-esm2-0","ssp585",NA,0.603284896083696,25.9180982893047
"2029",2420,"Florida","mri-esm2-0","ssp585",NA,5.43790041905536,26.3630457299739
"2030",2421,"Florida","mri-esm2-0","ssp585",NA,2.34027393717851,26.9752789355995
"2031",2422,"Florida","mri-esm2-0","ssp585",NA,8.68620880112604,27.2021920998463
"2032",2423,"Florida","mri-esm2-0","ssp585",NA,2.34192842290605,28.8933092965591
"2033",2424,"Florida","mri-esm2-0","ssp585",NA,1.88687427257192,29.5071552451409
"2034",2425,"Florida","mri-esm2-0","ssp585",NA,4.87146754426702,29.253464756886
"2035",2426,"Florida","mri-esm2-0","ssp585",NA,7.53351420202175,30.1793535175992
"2036",2427,"Florida","mri-esm2-0","ssp585",NA,9.23176054622177,30.1221209667443
"2037",2428,"Florida","mri-esm2-0","ssp585",NA,11.6442782924315,29.6800456332389
"2038",2429,"Florida","mri-esm2-0","ssp585",NA,6.15777630408788,30.0445491492588
"2039",2430,"Florida","mri-esm2-0","ssp585",NA,10.3591985775875,29.2325059258392
"2040",2431,"Florida","mri-esm2-0","ssp585",NA,10.8335696583966,29.0618479273711
"2041",2432,"Florida","mri-esm2-0","ssp585",NA,10.6901943605932,29.3738215608417
"2042",2433,"Florida","mri-esm2-0","ssp585",NA,7.41560955033188,29.7739096423044
"2043",2434,"Florida","mri-esm2-0","ssp585",NA,6.47111757919905,30.1194591923223
"2044",2435,"Florida","mri-esm2-0","ssp585",NA,2.54946573396849,30.4858870431741
"2045",2436,"Florida","mri-esm2-0","ssp585",NA,2.58744816147185,30.5714260049908
"2046",2437,"Florida","mri-esm2-0","ssp585",NA,8.81420336978982,27.8684234865914
"2047",2438,"Florida","mri-esm2-0","ssp585",NA,8.46469118896542,28.5606589756886
"2048",2439,"Florida","mri-esm2-0","ssp585",NA,2.29105950595426,28.6378652402976
"2049",2440,"Florida","mri-esm2-0","ssp585",NA,2.28450336084392,26.8783148834969
"2050",2441,"Florida","mri-esm2-0","ssp585",NA,7.19453901975757,26.4289712664252
"2051",2442,"Florida","mri-esm2-0","ssp585",NA,0.229299484372906,22.4958905572197
"2052",2443,"Florida","mri-esm2-0","ssp585",NA,0.0232768591286739,24.0714859707979
"2053",2444,"Florida","mri-esm2-0","ssp585",NA,0.738321843358314,25.9699600754401
"2054",2445,"Florida","mri-esm2-0","ssp585",NA,0.220381117352825,23.4542584113355
"2055",2446,"Florida","mri-esm2-0","ssp585",NA,7.76510382500497,22.8654313655555
"2056",2447,"Florida","mri-esm2-0","ssp585",NA,0.406427386753122,24.3501365476542
"2057",2448,"Florida","mri-esm2-0","ssp585",NA,2.79406595068039,18.6138887883518
"2058",2449,"Florida","mri-esm2-0","ssp585",NA,0.793681730124569,14.411970918969
"2059",2450,"Florida","mri-esm2-0","ssp585",NA,1.26116542431686,19.0581318569955
"2060",2451,"Florida","mri-esm2-0","ssp585",NA,0.360700963106605,16.605902148964
"2061",2452,"Florida","mri-esm2-0","ssp585",NA,3.13339815343648,18.8222892164863
"2062",2453,"Florida","mri-esm2-0","ssp585",NA,3.22013467485775,16.000600957742
"2063",2454,"Florida","mri-esm2-0","ssp585",NA,0.827531695639568,14.6745874286662
"2064",2455,"Florida","mri-esm2-0","ssp585",NA,4.61733262340463,15.1846539520511
"2065",2456,"Florida","mri-esm2-0","ssp585",NA,4.10651859827712,17.5491706292906
"2066",2457,"Florida","mri-esm2-0","ssp585",NA,4.55478092344811,18.7664498629917
"2067",2458,"Florida","mri-esm2-0","ssp585",NA,1.38748372042961,14.8502549163736
"2068",2459,"Florida","mri-esm2-0","ssp585",NA,9.78140287233981,13.7039524952357
"2069",2460,"Florida","mri-esm2-0","ssp585",NA,6.81583955465073,16.3458804559836
"2070",2461,"Florida","mri-esm2-0","ssp585",NA,7.05661385706106,19.7329864748726
"2071",2462,"Florida","mri-esm2-0","ssp585",NA,9.85407780728241,17.7978834620062
"2072",2463,"Florida","mri-esm2-0","ssp585",NA,6.99396432831155,16.2608774025807
"2073",2464,"Florida","mri-esm2-0","ssp585",NA,5.29092532040258,15.8779139598425
"2074",2465,"Florida","mri-esm2-0","ssp585",NA,2.5739208993454,21.3789095238534
"2075",2466,"Florida","mri-esm2-0","ssp585",NA,5.60688126876648,21.2367410418158
"2076",2467,"Florida","mri-esm2-0","ssp585",NA,9.85089356782367,22.2792811473425
"2077",2468,"Florida","mri-esm2-0","ssp585",NA,6.77753195239818,21.4737368519416
"2078",2469,"Florida","mri-esm2-0","ssp585",NA,4.04735344379708,22.2605748590434
"2079",2470,"Florida","mri-esm2-0","ssp585",NA,0.130365693874562,24.5897245422528
"2080",2471,"Florida","mri-esm2-0","ssp585",NA,0.245172291770089,25.5695431280008
"2081",2472,"Florida","mri-esm2-0","ssp585",NA,2.38039711118003,24.9239737867988
"2082",2473,"Florida","mri-esm2-0","ssp585",NA,0.788923445130015,25.0674285312869
"2083",2474,"Florida","mri-esm2-0","ssp585",NA,2.96308410045191,27.7112498157429
"2084",2475,"Florida","mri-esm2-0","ssp585",NA,1.40413344052412,27.885855522053
"2085",2476,"Florida","mri-esm2-0","ssp585",NA,25.0244074131053,28.3617612771911
"2086",2477,"Florida","mri-esm2-0","ssp585",NA,11.6046849813092,27.7098948681773
"2087",2478,"Florida","mri-esm2-0","ssp585",NA,8.75901599586583,29.368516519963
"2088",2479,"Florida","mri-esm2-0","ssp585",NA,13.703180128593,29.4254988431288
"2089",2480,"Florida","mri-esm2-0","ssp585",NA,9.37845902125987,29.9169540035114
"2090",2481,"Florida","mri-esm2-0","ssp585",NA,5.9323656669687,30.5734268394121
"2091",2482,"Florida","mri-esm2-0","ssp585",NA,7.73953909563794,30.2670871127969
"2092",2483,"Florida","mri-esm2-0","ssp585",NA,2.21518741385013,31.5726625015794
"2093",2484,"Florida","mri-esm2-0","ssp585",NA,6.19031770841519,30.6528555404787
"2094",2485,"Florida","mri-esm2-0","ssp585",NA,11.9857661760281,29.3659430079705
"2095",2486,"Florida","mri-esm2-0","ssp585",NA,9.83231287108393,30.0344075246642
"2096",2487,"Florida","mri-esm2-0","ssp585",NA,4.37712741262059,30.5105728026028
"2097",2488,"Florida","mri-esm2-0","ssp585",NA,6.65429460259916,29.5832680591676
"2098",2489,"Florida","mri-esm2-0","ssp585",NA,8.59871775064969,29.3720945620473
"2099",2490,"Florida","mri-esm2-0","ssp585",NA,11.0793798199259,29.1598215272806
"2100",2491,"Florida","mri-esm2-0","ssp585",NA,2.64703519649413,29.3455642576809
"2101",2492,"Florida","mri-esm2-0","ssp585",NA,3.91436232988134,27.7407518412546
"2102",2493,"Florida","mri-esm2-0","ssp585",NA,8.90976437828571,28.5381569093771
"2103",2494,"Florida","mri-esm2-0","ssp585",NA,14.213798013162,26.5905396330389
"2104",2495,"Florida","mri-esm2-0","ssp585",NA,0.493368572131908,21.1692673346425
"2105",2496,"Florida","mri-esm2-0","ssp585",NA,0.0306846288646991,24.36555475199
"2106",2497,"Florida","mri-esm2-0","ssp585",NA,5.17772794540147,22.2861536072271
"2107",2498,"Florida","mri-esm2-0","ssp585",NA,0.157608688683306,23.6671503524575
"2108",2499,"Florida","mri-esm2-0","ssp585",NA,11.2655718187683,20.8802091120388
"2109",2500,"Florida","mri-esm2-0","ssp585",NA,1.00881290111405,20.7231331632465
"2110",2501,"Florida","mri-esm2-0","ssp585",NA,0.703195634568786,22.1323587505002
"2111",2502,"Florida","mri-esm2-0","ssp585",NA,1.1334286137638,22.2743174755991
"2112",2503,"Florida","mri-esm2-0","ssp585",NA,3.20405198249061,17.1469353770953
"2113",2504,"Florida","mri-esm2-0","ssp585",NA,4.3380307252633,11.6238500219793
"2114",2505,"Florida","mri-esm2-0","ssp585",NA,1.86880404559651,16.1271024883918
"2115",2506,"Florida","mri-esm2-0","ssp585",NA,10.8342124389241,17.3077872798128
"2116",2507,"Florida","mri-esm2-0","ssp585",NA,5.58371494678898,19.082463332842
"2117",2508,"Florida","mri-esm2-0","ssp585",NA,0.159300809761499,12.3034983673507
"2118",2509,"Florida","mri-esm2-0","ssp585",NA,0.566465228337992,17.5552854964675
"2119",2510,"Florida","mri-esm2-0","ssp585",NA,2.22100606349191,16.7274639448387
"2120",2511,"Florida","mri-esm2-0","ssp585",NA,1.36018771174246,18.5851474813374
"2121",2512,"Florida","mri-esm2-0","ssp585",NA,0.145342129086065,22.6667699109512
"2122",2513,"Florida","mri-esm2-0","ssp585",NA,6.91044884572451,24.2852022155597
"2123",2514,"Florida","mri-esm2-0","ssp585",NA,0.222130716377121,18.7447437214402
"2124",2515,"Florida","mri-esm2-0","ssp585",NA,2.72233707876417,21.1522896902902
"2125",2516,"Florida","mri-esm2-0","ssp585",NA,0.000746317859393898,20.1338486828252
"2126",2517,"Florida","mri-esm2-0","ssp585",NA,3.91734924798481,23.2931726501959
"2127",2518,"Florida","mri-esm2-0","ssp585",NA,0.289174994026879,19.7101880343455
"2128",2519,"Florida","mri-esm2-0","ssp585",NA,0.886680625767673,19.4688259073345
"2129",2520,"Florida","mri-esm2-0","ssp585",NA,0.598114736090802,25.5245148938943
"2130",2521,"Florida","mri-esm2-0","ssp585",NA,0.630914504720056,23.2032600505654
"2131",2522,"Florida","mri-esm2-0","ssp585",NA,0.0736639231163429,25.767696477268
"2132",2523,"Florida","mri-esm2-0","ssp585",NA,6.21914871993687,25.2917070661272
"2133",2524,"Florida","mri-esm2-0","ssp585",NA,3.53913326296881,24.552444071397
"2134",2525,"Florida","mri-esm2-0","ssp585",NA,1.06382415909646,27.7098650086601
"2135",2526,"Florida","mri-esm2-0","ssp585",NA,0.531105273371652,27.4541130621157
"2136",2527,"Florida","mri-esm2-0","ssp585",NA,2.25939545631077,29.4376493633918
"2137",2528,"Florida","mri-esm2-0","ssp585",NA,9.03567100355545,28.7359663395226
"2138",2529,"Florida","mri-esm2-0","ssp585",NA,12.232739868848,28.4324421268268
"2139",2530,"Florida","mri-esm2-0","ssp585",NA,5.64503144004254,29.1687839065922
"2140",2531,"Florida","mri-esm2-0","ssp585",NA,1.41288214967298,30.522497690206
"2141",2532,"Florida","mri-esm2-0","ssp585",NA,9.35581087804833,29.0735916836885
"2142",2533,"Florida","mri-esm2-0","ssp585",NA,5.5810311555063,29.4840541788189
"2143",2534,"Florida","mri-esm2-0","ssp585",NA,6.31480505761365,29.5548628568007
"2144",2535,"Florida","mri-esm2-0","ssp585",NA,5.37167585301341,30.1549144487818
"2145",2536,"Florida","mri-esm2-0","ssp585",NA,5.02025628216953,29.8843748025817
"2146",2537,"Florida","mri-esm2-0","ssp585",NA,4.41943382356055,29.6885676052371
"2147",2538,"Florida","mri-esm2-0","ssp585",NA,6.76238475445148,29.6395008508729
"2148",2539,"Florida","mri-esm2-0","ssp585",NA,5.25062341549207,29.3167733493199
"2149",2540,"Florida","mri-esm2-0","ssp585",NA,5.15233511230695,29.6533812489471
"2150",2541,"Florida","mri-esm2-0","ssp585",NA,0.94449728806729,30.2850118714202
"2151",2542,"Florida","mri-esm2-0","ssp585",NA,4.3695192646269,29.4023066353605
"2152",2543,"Florida","mri-esm2-0","ssp585",NA,4.86015902074039,28.663680561405
"2153",2544,"Florida","mri-esm2-0","ssp585",NA,1.19003849328405,25.6684274020542
"2154",2545,"Florida","mri-esm2-0","ssp585",NA,1.94888353012261,25.9362821594403
"2155",2546,"Florida","mri-esm2-0","ssp585",NA,3.93011388860473,25.0420547690996
"2156",2547,"Florida","mri-esm2-0","ssp585",NA,0.00588552156596468,24.7457058065985
"2157",2548,"Florida","mri-esm2-0","ssp585",NA,1.76491294187635,25.7750967843192
"2158",2549,"Florida","mri-esm2-0","ssp585",NA,0.00975109881871585,23.4424481908588
"2159",2550,"Florida","mri-esm2-0","ssp585",NA,1.304970673501,26.066787497631
"2160",2551,"Florida","mri-esm2-0","ssp585",NA,0.182422362971837,25.8411935811416
"2161",2552,"Florida","mri-esm2-0","ssp585",NA,3.60023606161494,23.6219696949756
"2162",2553,"Florida","mri-esm2-0","ssp585",NA,2.99283238827771,19.6357859321039
"2163",2554,"Florida","mri-esm2-0","ssp585",NA,0.356018656407103,23.1499288142531
"2164",2555,"Florida","mri-esm2-0","ssp585",NA,0.222201743501667,20.370239241361
"2165",2556,"Florida","mri-esm2-0","ssp585",NA,5.17919268965261,20.294078059852
"2166",2557,"Florida","mri-esm2-0","ssp585",NA,4.49738472422632,10.6814124259024
"2167",2558,"Florida","mri-esm2-0","ssp585",NA,0.605881797470665,13.2514432758013
"2168",2559,"Florida","mri-esm2-0","ssp585",NA,0.122213801233554,18.1088846458579
"2169",2560,"Florida","mri-esm2-0","ssp585",NA,3.19310678515769,18.0635727052098
"2170",2561,"Florida","mri-esm2-0","ssp585",NA,1.5283484665548,17.6100084495031
"2171",2562,"Florida","mri-esm2-0","ssp585",NA,2.49132411206249,17.4773358697197
"2172",2563,"Florida","mri-esm2-0","ssp585",NA,1.56256118114279,19.987910004896
"2173",2564,"Florida","mri-esm2-0","ssp585",NA,6.98057785128754,20.4521513000653
"2174",2565,"Florida","mri-esm2-0","ssp585",NA,4.98343986203182,21.7913221827093
"2175",2566,"Florida","mri-esm2-0","ssp585",NA,1.29716239516956,25.3046499740724
"2176",2567,"Florida","mri-esm2-0","ssp585",NA,3.36238133313404,25.1040351476952
"2177",2568,"Florida","mri-esm2-0","ssp585",NA,9.42594744029739,26.017756031787
"2178",2569,"Florida","mri-esm2-0","ssp585",NA,6.33182621409216,24.0360669076925
"2179",2570,"Florida","mri-esm2-0","ssp585",NA,0.000795141033322434,19.8546821039
"2180",2571,"Florida","mri-esm2-0","ssp585",NA,1.9593731568624,24.4909070613892
"2181",2572,"Florida","mri-esm2-0","ssp585",NA,1.80478546399295,24.7808484840907
"2182",2573,"Florida","mri-esm2-0","ssp585",NA,6.06645340368768,24.3444690796886
"2183",2574,"Florida","mri-esm2-0","ssp585",NA,11.2399341606484,22.8242987702157
"2184",2575,"Florida","mri-esm2-0","ssp585",NA,0.130401898231646,24.4054556216834
"2185",2576,"Florida","mri-esm2-0","ssp585",NA,15.8475521637488,25.1893372075577
"2186",2577,"Florida","mri-esm2-0","ssp585",NA,6.47754818154291,26.4134208740893
"2187",2578,"Florida","mri-esm2-0","ssp585",NA,0.209846583085911,26.7794319255654
"2188",2579,"Florida","mri-esm2-0","ssp585",NA,6.23079531272263,25.9725105552982
"2189",2580,"Florida","mri-esm2-0","ssp585",NA,4.7757015570951,26.7520807723794
"2190",2581,"Florida","mri-esm2-0","ssp585",NA,6.74821535103057,29.3708363494462
"2191",2582,"Florida","mri-esm2-0","ssp585",NA,2.50770450663865,30.9068913462349
"2192",2583,"Florida","mri-esm2-0","ssp585",NA,5.32208887360452,30.1825725874168
"2193",2584,"Florida","mri-esm2-0","ssp585",NA,10.1308021135409,30.3476148579641
"2194",2585,"Florida","mri-esm2-0","ssp585",NA,5.95155208870659,30.1595893140109
"2195",2586,"Florida","mri-esm2-0","ssp585",NA,4.1611113151965,30.2640692451251
"2196",2587,"Florida","mri-esm2-0","ssp585",NA,7.66262705611403,30.2930321541758
"2197",2588,"Florida","mri-esm2-0","ssp585",NA,8.2855172443583,30.1046840780829
"2198",2589,"Florida","mri-esm2-0","ssp585",NA,5.69975570762978,30.388460127427
"2199",2590,"Florida","mri-esm2-0","ssp585",NA,8.42324117307098,30.1971031497431
"2200",2591,"Florida","mri-esm2-0","ssp585",NA,12.5210814642023,29.6341322248516
"2201",2592,"Florida","mri-esm2-0","ssp585",NA,12.7203889832406,29.3324578215813
"2202",2593,"Florida","mri-esm2-0","ssp585",NA,9.9562510725217,29.5574555348193
"2203",2594,"Florida","mri-esm2-0","ssp585",NA,4.39984572900441,29.7594167539695
"2204",2595,"Florida","mri-esm2-0","ssp585",NA,1.0226249903199,30.2884413562374
"2205",2596,"Florida","mri-esm2-0","ssp585",NA,0.151494185456245,30.9850365816101
"2206",2597,"Florida","mri-esm2-0","ssp585",NA,2.36115338899018,28.3538213601331
"2207",2598,"Florida","mri-esm2-0","ssp585",NA,7.97908685694611,26.3882367157229
"2208",2599,"Florida","mri-esm2-0","ssp585",NA,2.27687102914096,27.7493874110302
"2209",2600,"Florida","mri-esm2-0","ssp585",NA,1.73601664825271,27.3787233748526
"2210",2601,"Florida","mri-esm2-0","ssp585",NA,12.7397079550305,25.6456415469435
"2211",2602,"Florida","mri-esm2-0","ssp585",NA,6.21297798683558,24.2907079650386
"2212",2603,"Florida","mri-esm2-0","ssp585",NA,7.85187184917425,18.3558357670622
"2213",2604,"Florida","mri-esm2-0","ssp585",NA,3.25870865337708,21.793738582642
"2214",2605,"Florida","mri-esm2-0","ssp585",NA,0.901628297026154,18.9344711756128
"2215",2606,"Florida","mri-esm2-0","ssp585",NA,3.36744938615324,17.8705940184889
"2216",2607,"Florida","mri-esm2-0","ssp585",NA,0.204263611670106,16.6505719866072
"2217",2608,"Florida","mri-esm2-0","ssp585",NA,1.86576795970936,18.2673774822061
"2218",2609,"Florida","mri-esm2-0","ssp585",NA,5.20881504935582,15.6986527188448
"2219",2610,"Florida","mri-esm2-0","ssp585",NA,1.36601499161329,17.580262365624
"2220",2611,"Florida","mri-esm2-0","ssp585",NA,0.49636854500368,18.6537356970445
"2221",2612,"Florida","mri-esm2-0","ssp585",NA,2.817706454322,19.2084289550781
"2222",2613,"Florida","mri-esm2-0","ssp585",NA,2.83683555117072,18.4898815556036
"2223",2614,"Florida","mri-esm2-0","ssp585",NA,4.93066112545063,16.968821876711
"2224",2615,"Florida","mri-esm2-0","ssp585",NA,2.89909009093195,15.7211407191027
"2225",2616,"Florida","mri-esm2-0","ssp585",NA,1.41897639341575,18.2836612012509
"2226",2617,"Florida","mri-esm2-0","ssp585",NA,12.5211305307159,18.0566712906419
"2227",2618,"Florida","mri-esm2-0","ssp585",NA,4.12650687606688,19.1578070380938
"2228",2619,"Florida","mri-esm2-0","ssp585",NA,8.24961360153535,17.1724016791084
"2229",2620,"Florida","mri-esm2-0","ssp585",NA,0.685198502535274,13.7565695708653
"2230",2621,"Florida","mri-esm2-0","ssp585",NA,4.40737681769382,16.7406236016204
"2231",2622,"Florida","mri-esm2-0","ssp585",NA,6.84931105568618,18.2585118378591
"2232",2623,"Florida","mri-esm2-0","ssp585",NA,8.12871888659559,18.4015788199124
"2233",2624,"Florida","mri-esm2-0","ssp585",NA,0.0900576818311813,19.6660056553761
"2234",2625,"Florida","mri-esm2-0","ssp585",NA,1.76505682171518,21.1454406738281
"2235",2626,"Florida","mri-esm2-0","ssp585",NA,2.62601365765626,25.1166171091908
"2236",2627,"Florida","mri-esm2-0","ssp585",NA,1.49254321926702,25.51654232056
"2237",2628,"Florida","mri-esm2-0","ssp585",NA,6.75964375223171,25.7518822024775
"2238",2629,"Florida","mri-esm2-0","ssp585",NA,0.656606196436053,23.7211901559342
"2239",2630,"Florida","mri-esm2-0","ssp585",NA,0.332226699269615,26.1247871008202
"2240",2631,"Florida","mri-esm2-0","ssp585",NA,2.4123057628958,27.3764668014815
"2241",2632,"Florida","mri-esm2-0","ssp585",NA,0.941844784283897,29.3292058487144
"2242",2633,"Florida","mri-esm2-0","ssp585",NA,0.75560082847922,29.312886923407
"2243",2634,"Florida","mri-esm2-0","ssp585",NA,9.35724103691454,28.9627880332926
"2244",2635,"Florida","mri-esm2-0","ssp585",NA,3.6427680228126,30.3803435209948
"2245",2636,"Florida","mri-esm2-0","ssp585",NA,4.01803677057399,30.2656726929698
"2246",2637,"Florida","mri-esm2-0","ssp585",NA,11.1178757631085,29.1786148441449
"2247",2638,"Florida","mri-esm2-0","ssp585",NA,9.95518351189553,29.5923033187332
"2248",2639,"Florida","mri-esm2-0","ssp585",NA,2.24320944315782,30.0789245276438
"2249",2640,"Florida","mri-esm2-0","ssp585",NA,2.7089653639894,29.6821534848278
"2250",2641,"Florida","mri-esm2-0","ssp585",NA,3.10803756846476,29.494113874821
"2251",2642,"Florida","mri-esm2-0","ssp585",NA,3.10843387595068,30.0910696189037
"2252",2643,"Florida","mri-esm2-0","ssp585",NA,7.15498915588646,29.3613647954483
"2253",2644,"Florida","mri-esm2-0","ssp585",NA,8.34935212574642,28.9925086173086
"2254",2645,"Florida","mri-esm2-0","ssp585",NA,3.72917352822236,30.0928361836148
"2255",2646,"Florida","mri-esm2-0","ssp585",NA,4.70308094359404,28.5979416675002
"2256",2647,"Florida","mri-esm2-0","ssp585",NA,4.00746243218663,29.2776290852426
"2257",2648,"Florida","mri-esm2-0","ssp585",NA,5.86561115486044,28.7752158933573
"2258",2649,"Florida","mri-esm2-0","ssp585",NA,2.28372782626788,29.3278822413031
"2259",2650,"Florida","mri-esm2-0","ssp585",NA,4.78503216360664,26.1482020622315
"2260",2651,"Florida","mri-esm2-0","ssp585",NA,8.72375924016112,27.2862120101394
"2261",2652,"Florida","mri-esm2-0","ssp585",NA,4.26780159335893,23.0932561910378
"2262",2653,"Florida","mri-esm2-0","ssp585",NA,0.813853510434556,23.2221136622673
"2263",2654,"Florida","mri-esm2-0","ssp585",NA,1.19000049219592,22.0393151789663
"2264",2655,"Florida","mri-esm2-0","ssp585",NA,0.184262007443285,20.0879517259624
"2265",2656,"Florida","mri-esm2-0","ssp585",NA,0.899440282916542,20.5569523649396
"2266",2657,"Florida","mri-esm2-0","ssp585",NA,4.99840657019896,22.1020338197282
"2267",2658,"Florida","mri-esm2-0","ssp585",NA,2.98873290069784,21.0267166836885
"2268",2659,"Florida","mri-esm2-0","ssp585",NA,0.684408850476531,20.934809747989
"2269",2660,"Florida","mri-esm2-0","ssp585",NA,1.043799521351,17.6062132472941
"2270",2661,"Florida","mri-esm2-0","ssp585",NA,0.135088310409844,17.346357303424
"2271",2662,"Florida","mri-esm2-0","ssp585",NA,0.0191836490802909,15.4148205698019
"2272",2663,"Florida","mri-esm2-0","ssp585",NA,0.0380560734343067,10.1130510767194
"2273",2664,"Florida","mri-esm2-0","ssp585",NA,2.35503948454109,13.4422793159588
"2274",2665,"Florida","mri-esm2-0","ssp585",NA,0.597493554355216,16.3166641934542
"2275",2666,"Florida","mri-esm2-0","ssp585",NA,0.0772302833439423,12.3603199591213
"2276",2667,"Florida","mri-esm2-0","ssp585",NA,0.409942094014294,15.3358122051887
"2277",2668,"Florida","mri-esm2-0","ssp585",NA,0.244996735819349,19.9574046008992
"2278",2669,"Florida","mri-esm2-0","ssp585",NA,0.14116653324116,14.5274653103153
"2279",2670,"Florida","mri-esm2-0","ssp585",NA,0.00126936444986017,19.4336859443438
"2280",2671,"Florida","mri-esm2-0","ssp585",NA,0.57991678632688,20.9008120966086
"2281",2672,"Florida","mri-esm2-0","ssp585",NA,0.448660230368951,19.3324336378401
"2282",2673,"Florida","mri-esm2-0","ssp585",NA,0.422505995166435,23.0932584119936
"2283",2674,"Florida","mri-esm2-0","ssp585",NA,0.533988698781578,19.4942160387888
"2284",2675,"Florida","mri-esm2-0","ssp585",NA,0.361456848731611,23.4514241426782
"2285",2676,"Florida","mri-esm2-0","ssp585",NA,1.38154312119222,20.0421041236734
"2286",2677,"Florida","mri-esm2-0","ssp585",NA,2.23556804837203,23.1950851234786
"2287",2678,"Florida","mri-esm2-0","ssp585",NA,0.000624196859082268,25.349317097214
"2288",2679,"Florida","mri-esm2-0","ssp585",NA,0.0889715644095337,25.4376950986302
"2289",2680,"Florida","mri-esm2-0","ssp585",NA,0.0359422014131916,28.0772166948756
"2290",2681,"Florida","mri-esm2-0","ssp585",NA,0.909311320145383,26.6843083877769
"2291",2682,"Florida","mri-esm2-0","ssp585",NA,2.45612578261611,28.579121287878
"2292",2683,"Florida","mri-esm2-0","ssp585",NA,2.74470292995957,29.596170989908
"2293",2684,"Florida","mri-esm2-0","ssp585",NA,17.1309477350609,27.759810438953
"2294",2685,"Florida","mri-esm2-0","ssp585",NA,11.4525210457471,28.3338669769205
"2295",2686,"Florida","mri-esm2-0","ssp585",NA,4.28725375408974,29.579268117735
"2296",2687,"Florida","mri-esm2-0","ssp585",NA,12.3102273467376,29.4080167127748
"2297",2688,"Florida","mri-esm2-0","ssp585",NA,13.5764885371734,28.7715790370725
"2298",2689,"Florida","mri-esm2-0","ssp585",NA,9.25082976103718,30.4315123689143
"2299",2690,"Florida","mri-esm2-0","ssp585",NA,10.6201509651889,29.2258025053698
"2300",2691,"Florida","mri-esm2-0","ssp585",NA,25.5573477279884,29.0602411069639
"2301",2692,"Florida","mri-esm2-0","ssp585",NA,5.51274784984025,29.7538347516741
"2302",2693,"Florida","mri-esm2-0","ssp585",NA,6.74230521705827,29.0856566560236
"2303",2694,"Florida","mri-esm2-0","ssp585",NA,5.23904586546541,29.7932058000179
"2304",2695,"Florida","mri-esm2-0","ssp585",NA,5.95013977101993,31.2768875327715
"2305",2696,"Florida","mri-esm2-0","ssp585",NA,7.96872652624318,29.3651805620631
"2306",2697,"Florida","mri-esm2-0","ssp585",NA,13.7503375363052,28.9578171228784
"2307",2698,"Florida","mri-esm2-0","ssp585",NA,6.49235771136619,29.7483701310068
"2308",2699,"Florida","mri-esm2-0","ssp585",NA,3.04270618175256,29.0314387647932
"2309",2700,"Florida","mri-esm2-0","ssp585",NA,10.6498869567268,28.3018806889372
"2310",2701,"Florida","mri-esm2-0","ssp585",NA,4.1834104292563,28.0453473772322
"2311",2702,"Florida","mri-esm2-0","ssp585",NA,8.05195261683657,27.5368852887835
"2312",2703,"Florida","mri-esm2-0","ssp585",NA,0.097214623353081,26.4837881576662
"2313",2704,"Florida","mri-esm2-0","ssp585",NA,1.05682007140496,26.6609573405387
"2314",2705,"Florida","mri-esm2-0","ssp585",NA,6.81187856598307,24.3240238652397
"2315",2706,"Florida","mri-esm2-0","ssp585",NA,0.113061128442957,20.6753228118156
"2316",2707,"Florida","mri-esm2-0","ssp585",NA,5.88667800842411,22.8293935606101
"2317",2708,"Florida","mri-esm2-0","ssp585",NA,1.94876689113372,21.4391548424076
"2318",2709,"Florida","mri-esm2-0","ssp585",NA,4.86908624682035,20.1825941389141
"2319",2710,"Florida","mri-esm2-0","ssp585",NA,3.33917678436173,18.9121003924676
"2320",2711,"Florida","mri-esm2-0","ssp585",NA,0.192803165495417,17.6729256601668
"2321",2712,"Florida","mri-esm2-0","ssp585",NA,1.59464338260127,21.8349364905345
"2322",2713,"Florida","mri-esm2-0","ssp585",NA,5.21727651579459,20.9105724571208
"2323",2714,"Florida","mri-esm2-0","ssp585",NA,0.734255234662039,15.633665659614
"2324",2715,"Florida","mri-esm2-0","ssp585",NA,0.176902911557358,20.4742690587622
"2325",2716,"Florida","mri-esm2-0","ssp585",NA,0.948784594738092,15.75628841431
"2326",2717,"Florida","mri-esm2-0","ssp585",NA,6.45057640652063,13.8229868433868
"2327",2718,"Florida","mri-esm2-0","ssp585",NA,3.18682103225148,13.2662736671633
"2328",2719,"Florida","mri-esm2-0","ssp585",NA,1.72951587165108,14.6992518011129
"2329",2720,"Florida","mri-esm2-0","ssp585",NA,3.14542318872682,18.6786519423328
"2330",2721,"Florida","mri-esm2-0","ssp585",NA,1.10215536153039,17.2170469217223
"2331",2722,"Florida","mri-esm2-0","ssp585",NA,1.7218486218411,20.9050539577104
"2332",2723,"Florida","mri-esm2-0","ssp585",NA,14.1737486996253,16.8104789960095
"2333",2724,"Florida","mri-esm2-0","ssp585",NA,0.00894974758200577,17.0087631348973
"2334",2725,"Florida","mri-esm2-0","ssp585",NA,1.15299447034785,18.8160517854511
"2335",2726,"Florida","mri-esm2-0","ssp585",NA,2.86345719233613,22.0285456819355
"2336",2727,"Florida","mri-esm2-0","ssp585",NA,3.4045297898022,21.387834393689
"2337",2728,"Florida","mri-esm2-0","ssp585",NA,0.00148358423237888,19.1730951931278
"2338",2729,"Florida","mri-esm2-0","ssp585",NA,1.69185768437859,24.3768869734196
"2339",2730,"Florida","mri-esm2-0","ssp585",NA,0.366587404655633,24.2691585242588
"2340",2731,"Florida","mri-esm2-0","ssp585",NA,4.24747646314041,26.4435019932667
"2341",2732,"Florida","mri-esm2-0","ssp585",NA,1.43607937980369,26.4294996893952
"2342",2733,"Florida","mri-esm2-0","ssp585",NA,5.47656796513152,26.6606074166105
"2343",2734,"Florida","mri-esm2-0","ssp585",NA,1.44497362739788,26.6448204513509
"2344",2735,"Florida","mri-esm2-0","ssp585",NA,0.857569002546566,27.9339543509676
"2345",2736,"Florida","mri-esm2-0","ssp585",NA,4.39978439069309,29.1186998722046
"2346",2737,"Florida","mri-esm2-0","ssp585",NA,6.27074092337396,30.0373038978268
"2347",2738,"Florida","mri-esm2-0","ssp585",NA,7.88846127998555,29.7613834514772
"2348",2739,"Florida","mri-esm2-0","ssp585",NA,4.17574128679323,28.9785197214296
"2349",2740,"Florida","mri-esm2-0","ssp585",NA,5.69340519914697,29.1151962732691
"2350",2741,"Florida","mri-esm2-0","ssp585",NA,8.85576700573712,29.3502868323314
"2351",2742,"Florida","mri-esm2-0","ssp585",NA,16.2335613169278,28.5128810337612
"2352",2743,"Florida","mri-esm2-0","ssp585",NA,13.6238817634337,28.7786392088528
"2353",2744,"Florida","mri-esm2-0","ssp585",NA,4.2053513148897,29.8428612721898
"2354",2745,"Florida","mri-esm2-0","ssp585",NA,8.73570572121442,29.9653796419622
"2355",2746,"Florida","mri-esm2-0","ssp585",NA,1.52741158562023,31.6543412776649
"2356",2747,"Florida","mri-esm2-0","ssp585",NA,8.0244846875456,29.2794274013962
"2357",2748,"Florida","mri-esm2-0","ssp585",NA,5.17969893209635,28.8494546319597
"2358",2749,"Florida","mri-esm2-0","ssp585",NA,4.07947934302137,29.487803316759
"2359",2750,"Florida","mri-esm2-0","ssp585",NA,10.5732815420932,28.7682596129549
"2360",2751,"Florida","mri-esm2-0","ssp585",NA,3.91022886647018,28.6044777759645
"2361",2752,"Florida","mri-esm2-0","ssp585",NA,3.09608775968752,27.4920778341371
"2362",2753,"Florida","mri-esm2-0","ssp585",NA,6.94625736325713,27.5396590158303
"2363",2754,"Florida","mri-esm2-0","ssp585",NA,2.42983608957121,28.01374309365
"2364",2755,"Florida","mri-esm2-0","ssp585",NA,1.26537233644031,26.674906670501
"2365",2756,"Florida","mri-esm2-0","ssp585",NA,0.168846967129244,23.0749871020047
"2366",2757,"Florida","mri-esm2-0","ssp585",NA,2.66512499513755,21.0082449941301
"2367",2758,"Florida","mri-esm2-0","ssp585",NA,0.842686989135399,23.6987685375779
"2368",2759,"Florida","mri-esm2-0","ssp585",NA,13.7401574859843,19.238696305514
"2369",2760,"Florida","mri-esm2-0","ssp585",NA,2.59093489383995,18.1225385064385
"2370",2761,"Florida","mri-esm2-0","ssp585",NA,4.76044223702008,21.2665112271785
"2371",2762,"Florida","mri-esm2-0","ssp585",NA,0.531990774755965,21.029748370641
"2372",2763,"Florida","mri-esm2-0","ssp585",NA,1.14984257390137,21.7788085772985
"2373",2764,"Florida","mri-esm2-0","ssp585",NA,4.07459900191882,13.7681340878222
"2374",2765,"Florida","mri-esm2-0","ssp585",NA,3.82951318929801,18.3306628779902
"2375",2766,"Florida","mri-esm2-0","ssp585",NA,2.67883192758932,16.2882251832042
"2376",2767,"Florida","mri-esm2-0","ssp585",NA,7.41561104727681,18.0233293970319
"2377",2768,"Florida","mri-esm2-0","ssp585",NA,1.37333523981909,19.7606283264983
"2378",2769,"Florida","mri-esm2-0","ssp585",NA,5.04153042215079,16.5202532087054
"2379",2770,"Florida","mri-esm2-0","ssp585",NA,10.5396607265993,18.1473598264299
"2380",2771,"Florida","mri-esm2-0","ssp585",NA,2.60845512670096,19.3600195542822
"2381",2772,"Florida","mri-esm2-0","ssp585",NA,1.01706315545408,18.464229680393
"2382",2773,"Florida","mri-esm2-0","ssp585",NA,4.73608920064477,18.6639362180972
"2383",2774,"Florida","mri-esm2-0","ssp585",NA,3.12479644168504,16.6719812603974
"2384",2775,"Florida","mri-esm2-0","ssp585",NA,2.5795381226033,18.0636227178445
"2385",2776,"Florida","mri-esm2-0","ssp585",NA,4.52587949438201,20.0221553339791
"2386",2777,"Florida","mri-esm2-0","ssp585",NA,2.37500051168484,19.3721854567207
"2387",2778,"Florida","mri-esm2-0","ssp585",NA,2.88321276151142,21.5653794938985
"2388",2779,"Florida","mri-esm2-0","ssp585",NA,5.2480560108304,21.955036321676
"2389",2780,"Florida","mri-esm2-0","ssp585",NA,1.82868115965231,18.5455164166474
"2390",2781,"Florida","mri-esm2-0","ssp585",NA,6.10031241160788,21.7698009562942
"2391",2782,"Florida","mri-esm2-0","ssp585",NA,5.47438837706916,19.6580097208769
"2392",2783,"Florida","mri-esm2-0","ssp585",NA,1.19516657705144,21.3668331999663
"2393",2784,"Florida","mri-esm2-0","ssp585",NA,2.27146115430711,27.3124862465255
"2394",2785,"Florida","mri-esm2-0","ssp585",NA,10.8367098087763,26.3512095983459
"2395",2786,"Florida","mri-esm2-0","ssp585",NA,0.00347472024551057,26.3380231255791
"2396",2787,"Florida","mri-esm2-0","ssp585",NA,1.56955783579051,27.4045738199651
"2397",2788,"Florida","mri-esm2-0","ssp585",NA,10.404758173579,26.4683956999663
"2398",2789,"Florida","mri-esm2-0","ssp585",NA,0.843966837071322,27.5885168358322
"2399",2790,"Florida","mri-esm2-0","ssp585",NA,2.94009174759469,29.2493684095193
"2400",2791,"Florida","mri-esm2-0","ssp585",NA,0.824219541574728,30.7713367061152
"2401",2792,"Florida","mri-esm2-0","ssp585",NA,6.55412205580624,29.4362210420264
"2402",2793,"Florida","mri-esm2-0","ssp585",NA,15.2181215906774,29.3847717778702
"2403",2794,"Florida","mri-esm2-0","ssp585",NA,12.8454372915029,29.6189809465023
"2404",2795,"Florida","mri-esm2-0","ssp585",NA,3.92163868577673,30.1591227487734
"2405",2796,"Florida","mri-esm2-0","ssp585",NA,11.6600211837273,29.9249666363081
"2406",2797,"Florida","mri-esm2-0","ssp585",NA,10.1938905005815,30.0902523894195
"2407",2798,"Florida","mri-esm2-0","ssp585",NA,2.94110388464238,31.0604942136698
"2408",2799,"Florida","mri-esm2-0","ssp585",NA,7.9633376147013,30.0407409503454
"2409",2800,"Florida","mri-esm2-0","ssp585",NA,8.27516841574707,30.6229697008981
"2410",2801,"Florida","mri-esm2-0","ssp585",NA,2.41104927971795,29.8064903238713
"2411",2802,"Florida","mri-esm2-0","ssp585",NA,0.314224470633718,31.5085246700482
"2412",2803,"Florida","mri-esm2-0","ssp585",NA,1.25765801094236,30.4234205220266
"2413",2804,"Florida","mri-esm2-0","ssp585",NA,4.23160832592547,28.4267206156029
"2414",2805,"Florida","mri-esm2-0","ssp585",NA,7.27377579529677,27.6101037860881
"2415",2806,"Florida","mri-esm2-0","ssp585",NA,3.28008294008609,26.6780767147753
"2416",2807,"Florida","mri-esm2-0","ssp585",NA,0.259043268258365,25.4347293000337
"2417",2808,"Florida","mri-esm2-0","ssp585",NA,0.108621118218711,26.5824755892278
"2418",2809,"Florida","mri-esm2-0","ssp585",NA,0.227049890359785,26.6827733782745
"2419",2810,"Florida","mri-esm2-0","ssp585",NA,0.248848569958007,25.4666220610997
"2420",2811,"Florida","mri-esm2-0","ssp585",NA,0.0875019894530331,22.7143283072829
"2421",2812,"Florida","mri-esm2-0","ssp585",NA,2.49447973006127,23.0469838103837
"2422",2813,"Florida","mri-esm2-0","ssp585",NA,0.747478314295864,20.364634042416
"2423",2814,"Florida","mri-esm2-0","ssp585",NA,1.47770889064738,23.9418345489913
"2424",2815,"Florida","mri-esm2-0","ssp585",NA,0.480589538839231,19.0139849310615
"2425",2816,"Florida","mri-esm2-0","ssp585",NA,2.99416910082004,17.6219539837696
"2426",2817,"Florida","mri-esm2-0","ssp585",NA,2.76398423502493,19.9965958340792
"2427",2818,"Florida","mri-esm2-0","ssp585",NA,2.6130493736955,16.341155084574
"2428",2819,"Florida","mri-esm2-0","ssp585",NA,0.197462877910749,17.3938358276038
"2429",2820,"Florida","mri-esm2-0","ssp585",NA,3.15572990920915,20.2931827678835
"2430",2821,"Florida","mri-esm2-0","ssp585",NA,1.17008947582712,13.7138615775301
"2431",2822,"Florida","mri-esm2-0","ssp585",NA,1.25886841421569,8.87992302002614
"2432",2823,"Florida","mri-esm2-0","ssp585",NA,0.928560265704023,16.0717864578946
"2433",2824,"Florida","mri-esm2-0","ssp585",NA,2.90106174661878,17.6151493041663
"2434",2825,"Florida","mri-esm2-0","ssp585",NA,1.6012314813964,18.5536431407672
"2435",2826,"Florida","mri-esm2-0","ssp585",NA,0.531376581534521,18.789735021874
"2436",2827,"Florida","mri-esm2-0","ssp585",NA,1.29810698984493,17.500965523527
"2437",2828,"Florida","mri-esm2-0","ssp585",NA,2.45329246827168,22.6613117063785
"2438",2829,"Florida","mri-esm2-0","ssp585",NA,5.38159909051759,23.9963002001822
"2439",2830,"Florida","mri-esm2-0","ssp585",NA,2.57836588271512,25.718076787162
"2440",2831,"Florida","mri-esm2-0","ssp585",NA,0.0182702595907664,25.4068665044327
"2441",2832,"Florida","mri-esm2-0","ssp585",NA,1.94209680471247,23.578349382344
"2442",2833,"Florida","mri-esm2-0","ssp585",NA,0.420396637887806,23.7497043496515
"2443",2834,"Florida","mri-esm2-0","ssp585",NA,4.04800413652846,25.5533757212349
"2444",2835,"Florida","mri-esm2-0","ssp585",NA,0.114350703476195,26.5350523421707
"2445",2836,"Florida","mri-esm2-0","ssp585",NA,3.19039478279082,25.9095743431236
"2446",2837,"Florida","mri-esm2-0","ssp585",NA,6.90654589557627,26.7762590845319
"2447",2838,"Florida","mri-esm2-0","ssp585",NA,2.43156616363091,26.5081164254654
"2448",2839,"Florida","mri-esm2-0","ssp585",NA,2.77266177953364,25.4053425174518
"2449",2840,"Florida","mri-esm2-0","ssp585",NA,0.567746063717461,29.1788144011382
"2450",2841,"Florida","mri-esm2-0","ssp585",NA,2.85200061936745,29.3705315026954
"2451",2842,"Florida","mri-esm2-0","ssp585",NA,11.313213369315,28.8227453350057
"2452",2843,"Florida","mri-esm2-0","ssp585",NA,2.00119811944227,31.3125644735249
"2453",2844,"Florida","mri-esm2-0","ssp585",NA,5.22105130497889,30.9339043383329
"2454",2845,"Florida","mri-esm2-0","ssp585",NA,4.70510682832166,30.4165178735944
"2455",2846,"Florida","mri-esm2-0","ssp585",NA,6.09487067053898,30.8367176148448
"2456",2847,"Florida","mri-esm2-0","ssp585",NA,8.6004157109251,30.9253124473551
"2457",2848,"Florida","mri-esm2-0","ssp585",NA,7.18282600661983,30.112883600199
"2458",2849,"Florida","mri-esm2-0","ssp585",NA,14.2302013119752,29.3145356129443
"2459",2850,"Florida","mri-esm2-0","ssp585",NA,17.594773186101,29.1295107448198
"2460",2851,"Florida","mri-esm2-0","ssp585",NA,4.46342850098522,29.2157011870104
"2461",2852,"Florida","mri-esm2-0","ssp585",NA,11.359938096533,29.1524421959232
"2462",2853,"Florida","mri-esm2-0","ssp585",NA,7.82132589600106,29.9172394374632
"2463",2854,"Florida","mri-esm2-0","ssp585",NA,9.05195548057776,29.3692905641952
"2464",2855,"Florida","mri-esm2-0","ssp585",NA,4.11718964627006,29.454704905713
"2465",2856,"Florida","mri-esm2-0","ssp585",NA,5.50412313467323,28.3816330737502
"2466",2857,"Florida","mri-esm2-0","ssp585",NA,2.31767953974396,29.3612370493599
"2467",2858,"Florida","mri-esm2-0","ssp585",NA,0.226051870953661,26.3648810620578
"2468",2859,"Florida","mri-esm2-0","ssp585",NA,1.880967778368,25.5919443464665
"2469",2860,"Florida","mri-esm2-0","ssp585",NA,1.70159910981951,26.9938046684162
"2470",2861,"Florida","mri-esm2-0","ssp585",NA,0.00923996525171001,27.7170543249084
"2471",2862,"Florida","mri-esm2-0","ssp585",NA,1.41966971786258,24.6327400145827
"2472",2863,"Florida","mri-esm2-0","ssp585",NA,3.31757362652833,24.5102543833442
"2473",2864,"Florida","mri-esm2-0","ssp585",NA,5.65219982514449,22.8119289511298
"2474",2865,"Florida","mri-esm2-0","ssp585",NA,0.913416508268407,21.1593029752253
"2475",2866,"Florida","mri-esm2-0","ssp585",NA,3.81971278200292,20.4029996558341
"2476",2867,"Florida","mri-esm2-0","ssp585",NA,4.64888537116831,17.8038217220667
"2477",2868,"Florida","mri-esm2-0","ssp585",NA,3.3289362057848,16.6344287635824
"2478",2869,"Florida","mri-esm2-0","ssp585",NA,3.28440006121895,18.8584064822955
"2479",2870,"Florida","mri-esm2-0","ssp585",NA,2.23454585216683,17.1854768573113
"2480",2871,"Florida","mri-esm2-0","ssp585",NA,0.243818462242313,15.7043057917264
"2481",2872,"Florida","mri-esm2-0","ssp585",NA,2.12416660400571,15.7175344626537
"2482",2873,"Florida","mri-esm2-0","ssp585",NA,0.0309786349382409,16.7622497887624
"2483",2874,"Florida","mri-esm2-0","ssp585",NA,8.29179043198184,18.0894410002264
"2484",2875,"Florida","mri-esm2-0","ssp585",NA,3.0151828346813,17.9853737556067
"2485",2876,"Florida","mri-esm2-0","ssp585",NA,1.23838556123027,18.6616021580452
"2486",2877,"Florida","mri-esm2-0","ssp585",NA,3.86648659606791,20.4830571341708
"2487",2878,"Florida","mri-esm2-0","ssp585",NA,10.8529895131284,16.643092465465
"2488",2879,"Florida","mri-esm2-0","ssp585",NA,8.16364912609889,20.8607265585517
"2489",2880,"Florida","mri-esm2-0","ssp585",NA,2.97727900523252,21.8476162563437
"2490",2881,"Florida","mri-esm2-0","ssp585",NA,2.70435860638484,20.6629906667211
"2491",2882,"Florida","mri-esm2-0","ssp585",NA,1.78513299079697,21.2615874503822
"2492",2883,"Florida","mri-esm2-0","ssp585",NA,5.86515921458381,24.2198562663199
"2493",2884,"Florida","mri-esm2-0","ssp585",NA,7.7662410406709,23.264377546696
"2494",2885,"Florida","mri-esm2-0","ssp585",NA,0.0736980332331742,21.9327808637182
"2495",2886,"Florida","mri-esm2-0","ssp585",NA,11.4100241556604,22.7574748160062
"2496",2887,"Florida","mri-esm2-0","ssp585",NA,2.11035958426449,24.2343729271079
"2497",2888,"Florida","mri-esm2-0","ssp585",NA,1.81258450812809,24.4652117541537
"2498",2889,"Florida","mri-esm2-0","ssp585",NA,2.02498438146416,25.9628051428782
"2499",2890,"Florida","mri-esm2-0","ssp585",NA,8.50808529213745,27.3607908017552
"2500",2891,"Florida","mri-esm2-0","ssp585",NA,8.99966348069718,25.5649110367356
"2501",2892,"Florida","mri-esm2-0","ssp585",NA,2.83546519361292,27.4840695609944
"2502",2893,"Florida","mri-esm2-0","ssp585",NA,0.56462165895319,29.836679611823
"2503",2894,"Florida","mri-esm2-0","ssp585",NA,7.71682954313331,28.3810678816227
"2504",2895,"Florida","mri-esm2-0","ssp585",NA,0.283278402111016,29.7286414627117
"2505",2896,"Florida","mri-esm2-0","ssp585",NA,4.58082700289684,30.0153277867567
"2506",2897,"Florida","mri-esm2-0","ssp585",NA,4.57923668413466,30.5021054496662
"2507",2898,"Florida","mri-esm2-0","ssp585",NA,5.35811250487696,30.3717523703357
"2508",2899,"Florida","mri-esm2-0","ssp585",NA,8.91942106896563,30.711412356806
"2509",2900,"Florida","mri-esm2-0","ssp585",NA,8.92220994700023,29.8596936495799
"2510",2901,"Florida","mri-esm2-0","ssp585",NA,2.19932383657196,30.9984534579789
"2511",2902,"Florida","mri-esm2-0","ssp585",NA,1.33951362083876,32.1439156174981
"2512",2903,"Florida","mri-esm2-0","ssp585",NA,8.32064003874194,31.0467971678372
"2513",2904,"Florida","mri-esm2-0","ssp585",NA,13.1051207879104,28.8888636010677
"2514",2905,"Florida","mri-esm2-0","ssp585",NA,7.66673909287925,29.6612551953915
"2515",2906,"Florida","mri-esm2-0","ssp585",NA,13.0581773559527,28.6357350146353
"2516",2907,"Florida","mri-esm2-0","ssp585",NA,12.9753171078979,29.0172144475973
"2517",2908,"Florida","mri-esm2-0","ssp585",NA,11.4404441294008,28.8445325825735
"2518",2909,"Florida","mri-esm2-0","ssp585",NA,6.11059639105036,28.4106640921128
"2519",2910,"Florida","mri-esm2-0","ssp585",NA,5.94701286778203,27.5157809440017
"2520",2911,"Florida","mri-esm2-0","ssp585",NA,5.62330707917973,24.8535281117072
"2521",2912,"Florida","mri-esm2-0","ssp585",NA,0.550731374681768,24.068502157782
"2522",2913,"Florida","mri-esm2-0","ssp585",NA,0.957224896430092,25.5761241491272
"2523",2914,"Florida","mri-esm2-0","ssp585",NA,0.151436549131569,24.5551709115988
"2524",2915,"Florida","mri-esm2-0","ssp585",NA,1.09953253562011,21.6416045895806
"2525",2916,"Florida","mri-esm2-0","ssp585",NA,4.58791542543151,22.4551464646332
"2526",2917,"Florida","mri-esm2-0","ssp585",NA,7.2429380276685,22.8166428887298
"2527",2918,"Florida","mri-esm2-0","ssp585",NA,0.0278156176788781,19.4801511368662
"2528",2919,"Florida","mri-esm2-0","ssp585",NA,4.7117611425986,20.5302884741935
"2529",2920,"Florida","mri-esm2-0","ssp585",NA,0.00423358856108714,19.3970239685552
"2530",2921,"Florida","mri-esm2-0","ssp585",NA,0.727533984336381,19.95481159385
"2531",2922,"Florida","mri-esm2-0","ssp585",NA,4.07643593867795,15.7721777080526
"2532",2923,"Florida","mri-esm2-0","ssp585",NA,4.88222769127467,18.8780778992851
"2533",2924,"Florida","mri-esm2-0","ssp585",NA,1.23662746822168,19.4984705675645
"2534",2925,"Florida","mri-esm2-0","ssp585",NA,0.767254861324854,14.4762513852184
"2535",2926,"Florida","mri-esm2-0","ssp585",NA,1.085402458351,14.6691580142615
"2536",2927,"Florida","mri-esm2-0","ssp585",NA,1.12187008608408,15.8943420410156
"2537",2928,"Florida","mri-esm2-0","ssp585",NA,3.85589317957546,19.2067541898743
"2538",2929,"Florida","mri-esm2-0","ssp585",NA,1.36859652469219,18.8880845391204
"2539",2930,"Florida","mri-esm2-0","ssp585",NA,3.01325715731114,16.6098176940754
"2540",2931,"Florida","mri-esm2-0","ssp585",NA,1.96204935177174,19.2819784570576
"2541",2932,"Florida","mri-esm2-0","ssp585",NA,1.14345627479969,22.8014253107364
"2542",2933,"Florida","mri-esm2-0","ssp585",NA,4.4542092943936,24.0634057222351
"2543",2934,"Florida","mri-esm2-0","ssp585",NA,8.51125356297456,24.5740904939143
"2544",2935,"Florida","mri-esm2-0","ssp585",NA,0.0559941469395557,22.5497913453136
"2545",2936,"Florida","mri-esm2-0","ssp585",NA,5.26295262940956,22.1727046339339
"2546",2937,"Florida","mri-esm2-0","ssp585",NA,3.21628813104531,22.3971076245578
"2547",2938,"Florida","mri-esm2-0","ssp585",NA,0.569896576364824,24.5717414629749
"2548",2939,"Florida","mri-esm2-0","ssp585",NA,1.27454969934389,25.2499312984333
"2549",2940,"Florida","mri-esm2-0","ssp585",NA,2.65129328967834,24.9578010003843
"2550",2941,"Florida","mri-esm2-0","ssp585",NA,1.99576859160658,27.6349130964665
"2551",2942,"Florida","mri-esm2-0","ssp585",NA,1.84408737506032,27.5626145684173
"2552",2943,"Florida","mri-esm2-0","ssp585",NA,0.109127076550037,27.8187823272458
"2553",2944,"Florida","mri-esm2-0","ssp585",NA,8.98701171806481,28.6065666260424
"2554",2945,"Florida","mri-esm2-0","ssp585",NA,5.12838234852127,30.1071304197903
"2555",2946,"Florida","mri-esm2-0","ssp585",NA,6.12333626840451,29.8843368818175
"2556",2947,"Florida","mri-esm2-0","ssp585",NA,10.9033797047354,30.3746373096888
"2557",2948,"Florida","mri-esm2-0","ssp585",NA,10.6362719950464,29.7038440796886
"2558",2949,"Florida","mri-esm2-0","ssp585",NA,8.87436711518383,30.2160973397227
"2559",2950,"Florida","mri-esm2-0","ssp585",NA,9.82408825951114,30.1361071481217
"2560",2951,"Florida","mri-esm2-0","ssp585",NA,3.10238995873392,31.0077299791526
"2561",2952,"Florida","mri-esm2-0","ssp585",NA,6.22371288095944,30.882782706289
"2562",2953,"Florida","mri-esm2-0","ssp585",NA,6.23106634723104,30.1027618819491
"2563",2954,"Florida","mri-esm2-0","ssp585",NA,6.94748992255977,30.054765052487
"2564",2955,"Florida","mri-esm2-0","ssp585",NA,2.69766303279495,29.9175400068175
"2565",2956,"Florida","mri-esm2-0","ssp585",NA,9.48884402431908,29.4806652470098
"2566",2957,"Florida","mri-esm2-0","ssp585",NA,4.67709686861565,29.7950223773638
"2567",2958,"Florida","mri-esm2-0","ssp585",NA,0.422278402825912,31.3946607070471
"2568",2959,"Florida","mri-esm2-0","ssp585",NA,3.39136707520074,30.1088366896637
"2569",2960,"Florida","mri-esm2-0","ssp585",NA,1.17310650296303,29.7349845947924
"2570",2961,"Florida","mri-esm2-0","ssp585",NA,10.2008678464135,28.3615586766657
"2571",2962,"Florida","mri-esm2-0","ssp585",NA,13.0347128430748,27.4186354315827
"2572",2963,"Florida","mri-esm2-0","ssp585",NA,2.71098847177033,27.5152602532482
"2573",2964,"Florida","mri-esm2-0","ssp585",NA,5.80581954963165,26.3222211071745
"2574",2965,"Florida","mri-esm2-0","ssp585",NA,12.3773398845995,25.7084502598025
"2575",2966,"Florida","mri-esm2-0","ssp585",NA,6.76726374380269,23.7282513970635
"2576",2967,"Florida","mri-esm2-0","ssp585",NA,0.540270341258106,24.3648666669738
"2577",2968,"Florida","mri-esm2-0","ssp585",NA,1.57704122229376,19.12842897482
"2578",2969,"Florida","mri-esm2-0","ssp585",NA,0.752724407680758,22.7724019423328
"2579",2970,"Florida","mri-esm2-0","ssp585",NA,2.93400666471009,18.8963386802982
"2580",2971,"Florida","mri-esm2-0","ssp585",NA,4.25079106068853,16.0273062240724
"2581",2972,"Florida","mri-esm2-0","ssp585",NA,1.94139916552178,16.6634654577209
"2582",2973,"Florida","mri-esm2-0","ssp585",NA,0.0162184474539643,17.558393765267
"2583",2974,"Florida","mri-esm2-0","ssp585",NA,3.83368785570797,18.1132800819418
"2584",2975,"Florida","mri-esm2-0","ssp585",NA,0.398141404462568,12.2396292714739
"2585",2976,"Florida","mri-esm2-0","ssp585",NA,0.444246308129954,15.0760914928508
"2586",2977,"Florida","mri-esm2-0","ssp585",NA,0.329937642356889,14.8734006485849
"2587",2978,"Florida","mri-esm2-0","ssp585",NA,2.69917673680896,15.4863578035504
"2588",2979,"Florida","mri-esm2-0","ssp585",NA,3.17083690854514,14.2899146725225
"2589",2980,"Florida","mri-esm2-0","ssp585",NA,3.5639183080929,13.7573218990851
"2590",2981,"Florida","mri-esm2-0","ssp585",NA,3.6857346248828,16.8399792941112
"2591",2982,"Florida","mri-esm2-0","ssp585",NA,1.03260404488675,18.9929761696376
"2592",2983,"Florida","mri-esm2-0","ssp585",NA,4.22748646063393,21.4980739213065
"2593",2984,"Florida","mri-esm2-0","ssp585",NA,12.9090031977807,20.8276768440185
"2594",2985,"Florida","mri-esm2-0","ssp585",NA,0.808339268780274,20.3183981018889
"2595",2986,"Florida","mri-esm2-0","ssp585",NA,4.33452283834163,20.0614178845182
"2596",2987,"Florida","mri-esm2-0","ssp585",NA,9.65184024584051,22.0631149415379
"2597",2988,"Florida","mri-esm2-0","ssp585",NA,1.5321944608873,19.6303556128654
"2598",2989,"Florida","mri-esm2-0","ssp585",NA,1.09551565713414,20.6245727374547
"2599",2990,"Florida","mri-esm2-0","ssp585",NA,9.58489685166216,25.1280683574008
"2600",2991,"Florida","mri-esm2-0","ssp585",NA,5.78129305660274,23.7143144057446
"2601",2992,"Florida","mri-esm2-0","ssp585",NA,0.146609542450629,23.3869878804909
"2602",2993,"Florida","mri-esm2-0","ssp585",NA,4.76651343808358,25.8466718565743
"2603",2994,"Florida","mri-esm2-0","ssp585",NA,12.8218018199685,26.9781377992862
"2604",2995,"Florida","mri-esm2-0","ssp585",NA,1.89095658346329,25.2346036597404
"2605",2996,"Florida","mri-esm2-0","ssp585",NA,0.0920497233450828,27.243441665526
"2606",2997,"Florida","mri-esm2-0","ssp585",NA,2.16672109716338,28.5113116405724
"2607",2998,"Florida","mri-esm2-0","ssp585",NA,2.90075469506997,28.8259867788968
"2608",2999,"Florida","mri-esm2-0","ssp585",NA,4.69238777457287,29.0455169101931
"2609",3000,"Florida","mri-esm2-0","ssp585",NA,7.28398816511939,29.7957515911915
"2610",3001,"Florida","mri-esm2-0","ssp585",NA,9.09102390723511,29.0468229967308
"2611",3002,"Florida","mri-esm2-0","ssp585",NA,3.67560287812066,29.2889836807457
"2612",3003,"Florida","mri-esm2-0","ssp585",NA,3.28158493766775,30.2830617076946
"2613",3004,"Florida","mri-esm2-0","ssp585",NA,3.29471906713413,30.6970200695439
"2614",3005,"Florida","mri-esm2-0","ssp585",NA,8.5451473085688,29.6558340067491
"2615",3006,"Florida","mri-esm2-0","ssp585",NA,10.0817939077142,29.2209808925413
"2616",3007,"Florida","mri-esm2-0","ssp585",NA,9.45329320691506,29.5922622721793
"2617",3008,"Florida","mri-esm2-0","ssp585",NA,8.88132708099277,29.6548292298844
"2618",3009,"Florida","mri-esm2-0","ssp585",NA,4.68605835715453,29.9283891292274
"2619",3010,"Florida","mri-esm2-0","ssp585",NA,3.2674209384722,30.0055972035041
"2620",3011,"Florida","mri-esm2-0","ssp585",NA,7.41207814924888,30.1912659843013
"2621",3012,"Florida","mri-esm2-0","ssp585",NA,4.86346705979522,29.6331029352152
"2622",3013,"Florida","mri-esm2-0","ssp585",NA,10.4068734966359,27.653009938037
"2623",3014,"Florida","mri-esm2-0","ssp585",NA,1.17066379018678,28.1089751292432
"2624",3015,"Florida","mri-esm2-0","ssp585",NA,8.72070894158408,25.8570530153671
"2625",3016,"Florida","mri-esm2-0","ssp585",NA,10.2823168286146,26.8313011148869
"2626",3017,"Florida","mri-esm2-0","ssp585",NA,2.65320282212413,26.7639850955768
"2627",3018,"Florida","mri-esm2-0","ssp585",NA,3.03104798417527,26.0471841899533
"2628",3019,"Florida","mri-esm2-0","ssp585",NA,2.18119522106632,23.9817928345056
"2629",3020,"Florida","mri-esm2-0","ssp585",NA,0.325945952630169,21.2575173431973
"2630",3021,"Florida","mri-esm2-0","ssp585",NA,4.12373777197583,21.5312514641857
"2631",3022,"Florida","mri-esm2-0","ssp585",NA,1.20951094362867,22.9116546384087
"2632",3023,"Florida","mri-esm2-0","ssp585",NA,1.15525538631094,23.57188870412
"2633",3024,"Florida","mri-esm2-0","ssp585",NA,2.52316485045273,19.6848764589212
"2634",3025,"Florida","mri-esm2-0","ssp585",NA,4.81805326631935,20.4299788400491
"2635",3026,"Florida","mri-esm2-0","ssp585",NA,0.540316333103935,19.3719544773153
"2636",3027,"Florida","mri-esm2-0","ssp585",NA,0.64706151414418,22.665796227468
"2637",3028,"Florida","mri-esm2-0","ssp585",NA,2.30076123421072,20.9512514839275
"2638",3029,"Florida","mri-esm2-0","ssp585",NA,0.470533038367653,15.1387070648111
"2639",3030,"Florida","mri-esm2-0","ssp585",NA,0.912539104816053,15.3860315533661
"2640",3031,"Florida","mri-esm2-0","ssp585",NA,0.55115147980602,19.5418816168032
"2641",3032,"Florida","mri-esm2-0","ssp585",NA,1.98955817114338,21.0542690390204
"2642",3033,"Florida","mri-esm2-0","ssp585",NA,9.40000354192827,20.8055247838928
"2643",3034,"Florida","mri-esm2-0","ssp585",NA,1.62631162459074,18.8755489709242
"2644",3035,"Florida","mri-esm2-0","ssp585",NA,2.97446090664228,22.4646429426908
"2645",3036,"Florida","mri-esm2-0","ssp585",NA,1.16086550374017,23.7638799703346
"2646",3037,"Florida","mri-esm2-0","ssp585",NA,0.231069638802136,25.1480526001306
"2647",3038,"Florida","mri-esm2-0","ssp585",NA,5.29117413602799,21.0487966038789
"2648",3039,"Florida","mri-esm2-0","ssp585",NA,5.14774696034582,20.5473789760045
"2649",3040,"Florida","mri-esm2-0","ssp585",NA,0.315028405622793,24.1137243553635
"2650",3041,"Florida","mri-esm2-0","ssp585",NA,0.816474746231367,22.9681654608796
"2651",3042,"Florida","mri-esm2-0","ssp585",NA,1.02344931921119,26.1685132790126
"2652",3043,"Florida","mri-esm2-0","ssp585",NA,0.369617946339568,25.7593462591866
"2653",3044,"Florida","mri-esm2-0","ssp585",NA,0.254178017705683,26.948141487718
"2654",3045,"Florida","mri-esm2-0","ssp585",NA,0.229923559654855,25.3261586150712
"2655",3046,"Florida","mri-esm2-0","ssp585",NA,0.0377850826904824,28.8486513862713
"2656",3047,"Florida","mri-esm2-0","ssp585",NA,0.389154922132643,29.3123814503138
"2657",3048,"Florida","mri-esm2-0","ssp585",NA,4.88727396877556,29.445795418053
"2658",3049,"Florida","mri-esm2-0","ssp585",NA,14.6616871992866,28.061302723846
"2659",3050,"Florida","mri-esm2-0","ssp585",NA,12.6551389552999,28.7269161090697
"2660",3051,"Florida","mri-esm2-0","ssp585",NA,5.97956376047387,29.9602935708758
"2661",3052,"Florida","mri-esm2-0","ssp585",NA,1.78941203016976,31.4554636500274
"2662",3053,"Florida","mri-esm2-0","ssp585",NA,3.89228171193146,30.7261743920833
"2663",3054,"Florida","mri-esm2-0","ssp585",NA,14.3862060450827,29.2580052131591
"2664",3055,"Florida","mri-esm2-0","ssp585",NA,11.2043934785994,29.7145592044306
"2665",3056,"Florida","mri-esm2-0","ssp585",NA,1.55903231385221,30.7664087341802
"2666",3057,"Florida","mri-esm2-0","ssp585",NA,6.18084194809956,29.9019935628475
"2667",3058,"Florida","mri-esm2-0","ssp585",NA,6.67938006857913,30.6103420864219
"2668",3059,"Florida","mri-esm2-0","ssp585",NA,4.72872227309457,30.2366422504106
"2669",3060,"Florida","mri-esm2-0","ssp585",NA,5.6192841184217,30.3556109569786
"2670",3061,"Florida","mri-esm2-0","ssp585",NA,6.14967090331572,29.738218059694
"2671",3062,"Florida","mri-esm2-0","ssp585",NA,8.84316533079208,29.2161583748789
"2672",3063,"Florida","mri-esm2-0","ssp585",NA,6.06074363227287,29.2063742419138
"2673",3064,"Florida","mri-esm2-0","ssp585",NA,10.1392103652024,28.8530652480627
"2674",3065,"Florida","mri-esm2-0","ssp585",NA,3.0444286307391,27.8994112492893
"2675",3066,"Florida","mri-esm2-0","ssp585",NA,1.71706140403051,28.7745607936479
"2676",3067,"Florida","mri-esm2-0","ssp585",NA,7.61223380495697,27.9549077530113
"2677",3068,"Florida","mri-esm2-0","ssp585",NA,6.42476415299398,27.9488054712507
"2678",3069,"Florida","mri-esm2-0","ssp585",NA,4.89197922808347,28.4456480123926
"2679",3070,"Florida","mri-esm2-0","ssp585",NA,5.01715801384133,25.8415906386877
"2680",3071,"Florida","mri-esm2-0","ssp585",NA,1.01349814382719,25.5181689650544
"2681",3072,"Florida","mri-esm2-0","ssp585",NA,3.91937320161641,24.8158532978068
"2682",3073,"Florida","mri-esm2-0","ssp585",NA,3.96958194845978,24.0045399462759
"2683",3074,"Florida","mri-esm2-0","ssp585",NA,6.38088630995002,20.2345856453209
"2684",3075,"Florida","mri-esm2-0","ssp585",NA,2.82038006704106,19.2611761622673
"2685",3076,"Florida","mri-esm2-0","ssp585",NA,6.85381070931684,22.3791859094666
"2686",3077,"Florida","mri-esm2-0","ssp585",NA,0.0339098126001733,15.2002472828662
"2687",3078,"Florida","mri-esm2-0","ssp585",NA,0.299380931990237,17.5072854589581
"2688",3079,"Florida","mri-esm2-0","ssp585",NA,3.92483304105132,16.7113862811395
"2689",3080,"Florida","mri-esm2-0","ssp585",NA,4.55101619172687,22.2442190823208
"2690",3081,"Florida","mri-esm2-0","ssp585",NA,1.93950376101666,16.9961068125106
"2691",3082,"Florida","mri-esm2-0","ssp585",NA,1.0479197678822,14.564223692038
"2692",3083,"Florida","mri-esm2-0","ssp585",NA,0.154687462607477,17.5661949959727
"2693",3084,"Florida","mri-esm2-0","ssp585",NA,6.80447396479813,12.6062298633339
"2694",3085,"Florida","mri-esm2-0","ssp585",NA,6.33567284948458,16.8875739660546
"2695",3086,"Florida","mri-esm2-0","ssp585",NA,0.125778837906609,16.8918599172423
"2696",3087,"Florida","mri-esm2-0","ssp585",NA,2.91023445665533,20.7304027629349
"2697",3088,"Florida","mri-esm2-0","ssp585",NA,0.049865328269812,19.3456200283493
"2698",3089,"Florida","mri-esm2-0","ssp585",NA,1.84147540282153,23.4593667742377
"2699",3090,"Florida","mri-esm2-0","ssp585",NA,0.165341921570023,20.5902681828831
"2700",3091,"Florida","mri-esm2-0","ssp585",NA,1.0265074781788,21.7605888428393
"2701",3092,"Florida","mri-esm2-0","ssp585",NA,7.38110942504449,23.0310447507792
"2702",3093,"Florida","mri-esm2-0","ssp585",NA,10.8521902409613,18.7267413938785
"2703",3094,"Florida","mri-esm2-0","ssp585",NA,3.28143279021319,23.0907273449345
"2704",3095,"Florida","mri-esm2-0","ssp585",NA,7.59623735623636,23.3478427115798
"2705",3096,"Florida","mri-esm2-0","ssp585",NA,2.92979342112383,24.3129740342297
"2706",3097,"Florida","mri-esm2-0","ssp585",NA,3.42627093606683,25.6231050969456
"2707",3098,"Florida","mri-esm2-0","ssp585",NA,4.59438116925919,25.5217600861007
"2708",3099,"Florida","mri-esm2-0","ssp585",NA,3.47678650687256,26.2207480212106
"2709",3100,"Florida","mri-esm2-0","ssp585",NA,9.1486179566674,27.3340836434994
"2710",3101,"Florida","mri-esm2-0","ssp585",NA,1.75592517538795,28.3450348476194
"2711",3102,"Florida","mri-esm2-0","ssp585",NA,19.7942246550465,27.4987729465865
"2712",3103,"Florida","mri-esm2-0","ssp585",NA,9.94603799735579,28.2039348098467
"2713",3104,"Florida","mri-esm2-0","ssp585",NA,7.6482226824845,28.8220128308731
"2714",3105,"Florida","mri-esm2-0","ssp585",NA,3.65913334338631,30.516881139709
"2715",3106,"Florida","mri-esm2-0","ssp585",NA,4.47134224266116,30.1187077689364
"2716",3107,"Florida","mri-esm2-0","ssp585",NA,2.99116858527264,30.7916421648627
"2717",3108,"Florida","mri-esm2-0","ssp585",NA,3.82716451135097,30.5483039629749
"2718",3109,"Florida","mri-esm2-0","ssp585",NA,3.76257465431304,29.9754866360976
"2719",3110,"Florida","mri-esm2-0","ssp585",NA,5.65912410499361,29.74700276254
"2720",3111,"Florida","mri-esm2-0","ssp585",NA,3.18587236609241,31.1401710859849
"2721",3112,"Florida","mri-esm2-0","ssp585",NA,6.64670062660196,30.2471329763572
"2722",3113,"Florida","mri-esm2-0","ssp585",NA,5.00825952124068,29.950109665863
"2723",3114,"Florida","mri-esm2-0","ssp585",NA,5.54631331551743,30.235210720998
"2724",3115,"Florida","mri-esm2-0","ssp585",NA,2.0919239493782,30.4281059984891
"2725",3116,"Florida","mri-esm2-0","ssp585",NA,9.5329047756062,28.9368160114134
"2726",3117,"Florida","mri-esm2-0","ssp585",NA,7.6266734492725,28.1095669728405
"2727",3118,"Florida","mri-esm2-0","ssp585",NA,5.70894353127665,28.9448525811784
"2728",3119,"Florida","mri-esm2-0","ssp585",NA,5.88019970407943,26.7505715917706
"2729",3120,"Florida","mri-esm2-0","ssp585",NA,17.6015979409285,25.9533327663041
"2730",3121,"Florida","mri-esm2-0","ssp585",NA,5.37386950280032,24.38080186047
"2731",3122,"Florida","mri-esm2-0","ssp585",NA,1.16920844015201,25.9656570969245
"2732",3123,"Florida","mri-esm2-0","ssp585",NA,4.57564806033282,25.9403368021921
"2733",3124,"Florida","mri-esm2-0","ssp585",NA,4.97355125282994,21.5377377245304
"2734",3125,"Florida","mri-esm2-0","ssp585",NA,3.54526810015674,24.0468014452336
"2735",3126,"Florida","mri-esm2-0","ssp585",NA,1.47386816077419,22.6810628310047
"2736",3127,"Florida","mri-esm2-0","ssp585",NA,2.91591233482973,20.9836561341813
"2737",3128,"Florida","mri-esm2-0","ssp585",NA,8.01075650800714,20.1547793817649
"2738",3129,"Florida","mri-esm2-0","ssp585",NA,2.89411184544786,20.0808379222119
"2739",3130,"Florida","mri-esm2-0","ssp585",NA,2.509777203037,18.1576514889288
"2740",3131,"Florida","mri-esm2-0","ssp585",NA,2.44205254969938,15.1829554143942
"2741",3132,"Florida","mri-esm2-0","ssp585",NA,2.56085789043687,16.0059962352331
"2742",3133,"Florida","mri-esm2-0","ssp585",NA,0.274041415843258,15.9613081363976
"2743",3134,"Florida","mri-esm2-0","ssp585",NA,9.7554298553471,17.9991622719161
"2744",3135,"Florida","mri-esm2-0","ssp585",NA,2.88101663432566,15.3946815182257
"2745",3136,"Florida","mri-esm2-0","ssp585",NA,0.975821198807478,13.6459156293432
"2746",3137,"Florida","mri-esm2-0","ssp585",NA,4.49206683382545,18.5709868315417
"2747",3138,"Florida","mri-esm2-0","ssp585",NA,5.13491351885023,16.63546562092
"2748",3139,"Florida","mri-esm2-0","ssp585",NA,5.06233464371626,19.4451649133729
"2749",3140,"Florida","mri-esm2-0","ssp585",NA,1.10709165128061,17.9842689534725
"2750",3141,"Florida","mri-esm2-0","ssp585",NA,7.26998174061127,21.039335743372
"2751",3142,"Florida","mri-esm2-0","ssp585",NA,11.5549556028826,19.1597108907777
"2752",3143,"Florida","mri-esm2-0","ssp585",NA,3.34785696938704,22.357076376532
"2753",3144,"Florida","mri-esm2-0","ssp585",NA,4.14825867796359,18.0525536385508
"2754",3145,"Florida","mri-esm2-0","ssp585",NA,4.68678657445041,19.8313337711633
"2755",3146,"Florida","mri-esm2-0","ssp585",NA,2.7301932933813,24.0373386105437
"2756",3147,"Florida","mri-esm2-0","ssp585",NA,3.0904007641283,23.1164827002348
"2757",3148,"Florida","mri-esm2-0","ssp585",NA,6.83880045948554,23.1681937081473
"2758",3149,"Florida","mri-esm2-0","ssp585",NA,3.21685072086313,24.3920644919506
"2759",3150,"Florida","mri-esm2-0","ssp585",NA,0.00327817958382221,23.7002176701219
"2760",3151,"Florida","mri-esm2-0","ssp585",NA,1.28300301201312,26.1854078431657
"2761",3152,"Florida","mri-esm2-0","ssp585",NA,3.03642821354245,26.2763285099657
"2762",3153,"Florida","mri-esm2-0","ssp585",NA,0.401258580603152,28.3452613851131
"2763",3154,"Florida","mri-esm2-0","ssp585",NA,23.9985662804226,28.5560699874179
"2764",3155,"Florida","mri-esm2-0","ssp585",NA,5.61744146804036,28.6836192334116
"2765",3156,"Florida","mri-esm2-0","ssp585",NA,6.25023726621646,29.1363484097298
"2766",3157,"Florida","mri-esm2-0","ssp585",NA,22.9998055986606,28.1268783363692
"2767",3158,"Florida","mri-esm2-0","ssp585",NA,5.464398130337,30.1692554895447
"2768",3159,"Florida","mri-esm2-0","ssp585",NA,2.2304941967431,30.1826333758002
"2769",3160,"Florida","mri-esm2-0","ssp585",NA,6.87302309415337,29.8464828285567
"2770",3161,"Florida","mri-esm2-0","ssp585",NA,5.91937033376488,29.8529686776133
"2771",3162,"Florida","mri-esm2-0","ssp585",NA,8.16830254628863,29.9327801233996
"2772",3163,"Florida","mri-esm2-0","ssp585",NA,7.27090195017554,29.417092854379
"2773",3164,"Florida","mri-esm2-0","ssp585",NA,8.42808485694691,29.7861721974499
"2774",3165,"Florida","mri-esm2-0","ssp585",NA,8.59609975835712,30.0288877091318
"2775",3166,"Florida","mri-esm2-0","ssp585",NA,7.6715890622559,29.8060362617925
"2776",3167,"Florida","mri-esm2-0","ssp585",NA,5.26814199999273,30.005356353184
"2777",3168,"Florida","mri-esm2-0","ssp585",NA,6.61649209575034,29.3880829762256
"2778",3169,"Florida","mri-esm2-0","ssp585",NA,4.28579157913515,29.685053230553
"2779",3170,"Florida","mri-esm2-0","ssp585",NA,18.2509698607393,28.2940407148912
"2780",3171,"Florida","mri-esm2-0","ssp585",NA,5.2772829518422,27.9350818562058
"2781",3172,"Florida","mri-esm2-0","ssp585",NA,2.26820915344129,26.4568431103647
"2782",3173,"Florida","mri-esm2-0","ssp585",NA,5.2933588877296,25.9548836515278
"2783",3174,"Florida","mri-esm2-0","ssp585",NA,3.77513402491661,24.638559165605
"2784",3175,"Florida","mri-esm2-0","ssp585",NA,2.11160725304723,23.7263013978532
"2785",3176,"Florida","mri-esm2-0","ssp585",NA,3.11737254558422,23.7717804859912
"2786",3177,"Florida","mri-esm2-0","ssp585",NA,1.43222472145894,20.1095687825082
"2787",3178,"Florida","mri-esm2-0","ssp585",NA,0.406587866795152,17.0667676735439
"2788",3179,"Florida","mri-esm2-0","ssp585",NA,5.4628276831878,19.6329581617988
"2789",3180,"Florida","mri-esm2-0","ssp585",NA,3.150723411365,18.3869392662357
"2790",3181,"Florida","mri-esm2-0","ssp585",NA,1.22287705243206,16.0882017891362
"2791",3182,"Florida","mri-esm2-0","ssp585",NA,0.00834726706769122,16.3953077455094
"2792",3183,"Florida","mri-esm2-0","ssp585",NA,2.38341633348216,17.9432925653586
"2793",3184,"Florida","mri-esm2-0","ssp585",NA,1.73942155060547,15.2336932323693
"2794",3185,"Florida","mri-esm2-0","ssp585",NA,0.657855468887896,12.3588501799139
"2795",3186,"Florida","mri-esm2-0","ssp585",NA,3.5206564198415,17.5057581816722
"2796",3187,"Florida","mri-esm2-0","ssp585",NA,0.283678949864222,17.2186789952199
"2797",3188,"Florida","mri-esm2-0","ssp585",NA,0.404602979719585,15.5169077089212
"2798",3189,"Florida","mri-esm2-0","ssp585",NA,0.671601399137898,17.1584816328599
"2799",3190,"Florida","mri-esm2-0","ssp585",NA,0.0256443992437154,18.0276661834306
"2800",3191,"Florida","mri-esm2-0","ssp585",NA,4.01872018648445,21.2065472296949
"2801",3192,"Florida","mri-esm2-0","ssp585",NA,0.634782302714702,24.167270448587
"2802",3193,"Florida","mri-esm2-0","ssp585",NA,0.561843757517479,22.1889762611081
"2803",3194,"Florida","mri-esm2-0","ssp585",NA,0.0685458536828335,20.7371506025207
"2804",3195,"Florida","mri-esm2-0","ssp585",NA,0.00183977512980063,21.2916520357775
"2805",3196,"Florida","mri-esm2-0","ssp585",NA,2.34728541023076,22.4035604883076
"2806",3197,"Florida","mri-esm2-0","ssp585",NA,4.47956020124834,22.1192932786967
"2807",3198,"Florida","mri-esm2-0","ssp585",NA,0.00287005256068663,24.5591090775564
"2808",3199,"Florida","mri-esm2-0","ssp585",NA,0.182622652085295,23.0721196835253
"2809",3200,"Florida","mri-esm2-0","ssp585",NA,0.11220784793778,23.8951232416611
"2810",3201,"Florida","mri-esm2-0","ssp585",NA,1.39095686244931,25.6779603202388
"2811",3202,"Florida","mri-esm2-0","ssp585",NA,1.71465872171679,27.2673725467487
"2812",3203,"Florida","mri-esm2-0","ssp585",NA,2.03995483633566,28.1124448380381
"2813",3204,"Florida","mri-esm2-0","ssp585",NA,1.56392770984163,27.195081750916
"2814",3205,"Florida","mri-esm2-0","ssp585",NA,11.8955043919512,27.3333039234912
"2815",3206,"Florida","mri-esm2-0","ssp585",NA,9.214284340195,27.3588360316027
"2816",3207,"Florida","mri-esm2-0","ssp585",NA,3.63407185346547,28.4452100728079
"2817",3208,"Florida","mri-esm2-0","ssp585",NA,10.0949973294482,29.1469855542453
"2818",3209,"Florida","mri-esm2-0","ssp585",NA,3.22024573739582,30.3615787475257
"2819",3210,"Florida","mri-esm2-0","ssp585",NA,6.24818573583573,30.5688263350741
"2820",3211,"Florida","mri-esm2-0","ssp585",NA,0.665272208167555,31.0965422185605
"2821",3212,"Florida","mri-esm2-0","ssp585",NA,2.49029686421092,31.0718969298823
"2822",3213,"Florida","mri-esm2-0","ssp585",NA,3.58634885314968,30.8068723282724
"2823",3214,"Florida","mri-esm2-0","ssp585",NA,4.30869293939792,30.5692582698524
"2824",3215,"Florida","mri-esm2-0","ssp585",NA,2.84548928096417,32.1215718971109
"2825",3216,"Florida","mri-esm2-0","ssp585",NA,6.20487134490175,31.1213629627485
"2826",3217,"Florida","mri-esm2-0","ssp585",NA,8.42518215356565,30.2846257541379
"2827",3218,"Florida","mri-esm2-0","ssp585",NA,6.43367608013262,29.9784048075303
"2828",3219,"Florida","mri-esm2-0","ssp585",NA,6.80467907437079,29.9325891211991
"2829",3220,"Florida","mri-esm2-0","ssp585",NA,2.19914092086262,30.4316131345024
"2830",3221,"Florida","mri-esm2-0","ssp585",NA,9.56213478307818,28.980524915505
"2831",3222,"Florida","mri-esm2-0","ssp585",NA,2.45637239590035,29.0629721423044
"2832",3223,"Florida","mri-esm2-0","ssp585",NA,1.66411222115355,26.7683530576146
"2833",3224,"Florida","mri-esm2-0","ssp585",NA,0.00234514307600196,26.8874140572355
"2834",3225,"Florida","mri-esm2-0","ssp585",NA,0.124965181486051,26.5681480387151
"2835",3226,"Florida","mri-esm2-0","ssp585",NA,4.80679607360092,25.8751542165916
"2836",3227,"Florida","mri-esm2-0","ssp585",NA,4.30614393159108,26.2674395044538
"2837",3228,"Florida","mri-esm2-0","ssp585",NA,0.127285880197978,22.83638833758
"2838",3229,"Florida","mri-esm2-0","ssp585",NA,0.0809517150991198,24.3519763216497
"2839",3230,"Florida","mri-esm2-0","ssp585",NA,3.33240943771651,21.526690608022
"2840",3231,"Florida","mri-esm2-0","ssp585",NA,0.73592009479511,20.3868161265741
"2841",3232,"Florida","mri-esm2-0","ssp585",NA,0.0294705373457052,18.0823840364935
"2842",3233,"Florida","mri-esm2-0","ssp585",NA,1.08682757555223,21.288482896337
"2843",3234,"Florida","mri-esm2-0","ssp585",NA,0.433207271492017,18.8655888889035
"2844",3235,"Florida","mri-esm2-0","ssp585",NA,0.043448936921385,16.7045683580589
"2845",3236,"Florida","mri-esm2-0","ssp585",NA,3.30605684176955,16.8472943000074
"2846",3237,"Florida","mri-esm2-0","ssp585",NA,4.31746538134573,15.0806755456642
"2847",3238,"Florida","mri-esm2-0","ssp585",NA,2.58055291277009,16.2613660128612
"2848",3239,"Florida","mri-esm2-0","ssp585",NA,2.27067057323703,21.3187070615208
"2849",3240,"Florida","mri-esm2-0","ssp585",NA,0.0557633483992805,11.903392847272
"2850",3241,"Florida","mri-esm2-0","ssp585",NA,1.51490328821478,22.5590617794232
"2851",3242,"Florida","mri-esm2-0","ssp585",NA,0.307774138163852,18.2923381466107
"2852",3243,"Florida","mri-esm2-0","ssp585",NA,0.145749709938756,24.884853870978
"2853",3244,"Florida","mri-esm2-0","ssp585",NA,0.35681077707471,21.9866527793864
"2854",3245,"Florida","mri-esm2-0","ssp585",NA,2.58752911259466,21.1158187167021
"2855",3246,"Florida","mri-esm2-0","ssp585",NA,4.63558786623375,18.7579091362555
"2856",3247,"Florida","mri-esm2-0","ssp585",NA,0.0270545155952846,19.6366382855932
"2857",3248,"Florida","mri-esm2-0","ssp585",NA,0.014912286540964,21.0210074288505
"2858",3249,"Florida","mri-esm2-0","ssp585",NA,1.89098420320922,20.2492162329168
"2859",3250,"Florida","mri-esm2-0","ssp585",NA,6.22460373719165,21.1623080929656
"2860",3251,"Florida","mri-esm2-0","ssp585",NA,1.00126596291787,21.1497890585517
"2861",3252,"Florida","mri-esm2-0","ssp585",NA,2.83561184520918,23.4874552024985
"2862",3253,"Florida","mri-esm2-0","ssp585",NA,0.682428249418527,26.6940096050581
"2863",3254,"Florida","mri-esm2-0","ssp585",NA,10.1360059907489,26.2522405989408
"2864",3255,"Florida","mri-esm2-0","ssp585",NA,2.01373343371192,27.3689922157966
"2865",3256,"Florida","mri-esm2-0","ssp585",NA,1.31335068606692,28.5994701786504
"2866",3257,"Florida","mri-esm2-0","ssp585",NA,8.24150049610362,27.4321383494251
"2867",3258,"Florida","mri-esm2-0","ssp585",NA,1.76386265801741,30.0398023086096
"2868",3259,"Florida","mri-esm2-0","ssp585",NA,8.93969986865916,29.7767993525996
"2869",3260,"Florida","mri-esm2-0","ssp585",NA,6.77455709812465,29.7413807830399
"2870",3261,"Florida","mri-esm2-0","ssp585",NA,19.4469905978769,29.1842618299623
"2871",3262,"Florida","mri-esm2-0","ssp585",NA,8.69477153943703,29.8758706804877
"2872",3263,"Florida","mri-esm2-0","ssp585",NA,2.60212843208618,30.5155518565217
"2873",3264,"Florida","mri-esm2-0","ssp585",NA,9.16945062974431,29.6684047812079
"2874",3265,"Florida","mri-esm2-0","ssp585",NA,7.76053454000398,30.0999707985439
"2875",3266,"Florida","mri-esm2-0","ssp585",NA,4.72307702707525,30.9845224714665
"2876",3267,"Florida","mri-esm2-0","ssp585",NA,5.95681921588867,30.5781108352373
"2877",3268,"Florida","mri-esm2-0","ssp585",NA,15.0679177512048,29.1040289783735
"2878",3269,"Florida","mri-esm2-0","ssp585",NA,13.6448374955505,28.8187708934363
"2879",3270,"Florida","mri-esm2-0","ssp585",NA,4.5035536008935,29.2476267688679
"2880",3271,"Florida","mri-esm2-0","ssp585",NA,9.60606220166049,29.2256204692501
"2881",3272,"Florida","mri-esm2-0","ssp585",NA,5.44004361907115,29.6194248908935
"2882",3273,"Florida","mri-esm2-0","ssp585",NA,1.9854919774032,28.8806329033124
"2883",3274,"Florida","mri-esm2-0","ssp585",NA,2.21135986966835,28.8907402264783
"2884",3275,"Florida","mri-esm2-0","ssp585",NA,6.1912593235771,28.6248666439417
"2885",3276,"Florida","mri-esm2-0","ssp585",NA,7.60137128116018,25.2365513557373
"2886",3277,"Florida","mri-esm2-0","ssp585",NA,0.198835578978983,23.9649194105616
"2887",3278,"Florida","mri-esm2-0","ssp585",NA,0.455832016480003,25.8945249819691
"2888",3279,"Florida","mri-esm2-0","ssp585",NA,9.14558583270686,26.444281055214
"2889",3280,"Florida","mri-esm2-0","ssp585",NA,2.62657462037384,24.9671090262277
"2890",3281,"Florida","mri-esm2-0","ssp585",NA,0.110238448258687,23.7908686964339
"2891",3282,"Florida","mri-esm2-0","ssp585",NA,4.92509237138446,22.9563472614134
"2892",3283,"Florida","mri-esm2-0","ssp585",NA,4.2281002542288,16.3525384702451
"2893",3284,"Florida","mri-esm2-0","ssp585",NA,3.54949101611472,19.6751189774259
"2894",3285,"Florida","mri-esm2-0","ssp585",NA,4.75814828493328,16.929444330015
"2895",3286,"Florida","mri-esm2-0","ssp585",NA,10.9272238315422,13.7985725341139
"2896",3287,"Florida","mri-esm2-0","ssp585",NA,2.52481199884671,15.4990373225868
"2897",3288,"Florida","mri-esm2-0","ssp585",NA,3.81864606680379,17.8075368053508
"2898",3289,"Florida","mri-esm2-0","ssp585",NA,0.381397611387134,13.7796188148848
"2899",3290,"Florida","mri-esm2-0","ssp585",NA,0.0494960635414754,10.6012491642626
"2900",3291,"Florida","mri-esm2-0","ssp585",NA,7.71983238238721,18.9499275474857
"2901",3292,"Florida","mri-esm2-0","ssp585",NA,0.0448652973389624,16.4620982208663
"2902",3293,"Florida","mri-esm2-0","ssp585",NA,4.3071332077692,21.0283519652333
"2903",3294,"Florida","mri-esm2-0","ssp585",NA,0.548064528264988,18.6891008814069
"2904",3295,"Florida","mri-esm2-0","ssp585",NA,0.262320489839794,14.8567843619704
"2905",3296,"Florida","mri-esm2-0","ssp585",NA,3.24097715091178,19.6770818088254
"2906",3297,"Florida","mri-esm2-0","ssp585",NA,1.13342432793157,23.9691741038526
"2907",3298,"Florida","mri-esm2-0","ssp585",NA,1.95967489600412,23.864095584016
"2908",3299,"Florida","mri-esm2-0","ssp585",NA,3.94172204334481,23.5401760872484
"2909",3300,"Florida","mri-esm2-0","ssp585",NA,2.09565810603898,20.9476177534325
"2910",3301,"Florida","mri-esm2-0","ssp585",NA,6.08658733726378,21.9431049357206
"2911",3302,"Florida","mri-esm2-0","ssp585",NA,0.281373529680736,23.619993126553
"2912",3303,"Florida","mri-esm2-0","ssp585",NA,5.93767534821254,23.4702999639383
"2913",3304,"Florida","mri-esm2-0","ssp585",NA,5.15356496683609,24.5494907759592
"2914",3305,"Florida","mri-esm2-0","ssp585",NA,8.89550823736411,25.8271299953409
"2915",3306,"Florida","mri-esm2-0","ssp585",NA,7.90268614005329,23.5539131102858
"2916",3307,"Florida","mri-esm2-0","ssp585",NA,5.76088438420171,28.0932829247652
"2917",3308,"Florida","mri-esm2-0","ssp585",NA,1.89355307010597,28.1229123673349
"2918",3309,"Florida","mri-esm2-0","ssp585",NA,3.04634028660154,28.4303151092118
"2919",3310,"Florida","mri-esm2-0","ssp585",NA,9.11968209183143,28.1498333131528
"2920",3311,"Florida","mri-esm2-0","ssp585",NA,14.4520610000127,28.8786448188227
"2921",3312,"Florida","mri-esm2-0","ssp585",NA,5.7603798427788,30.4628602554856
"2922",3313,"Florida","mri-esm2-0","ssp585",NA,9.3631372784754,29.8726998136372
"2923",3314,"Florida","mri-esm2-0","ssp585",NA,3.29619493082141,31.0329964773996
"2924",3315,"Florida","mri-esm2-0","ssp585",NA,6.41786075404397,30.6268093222235
"2925",3316,"Florida","mri-esm2-0","ssp585",NA,8.34345162027534,31.3689042823977
"2926",3317,"Florida","mri-esm2-0","ssp585",NA,5.6686728784937,30.2239373137688
"2927",3318,"Florida","mri-esm2-0","ssp585",NA,7.1722049943421,30.2731193933204
"2928",3319,"Florida","mri-esm2-0","ssp585",NA,6.04299397735137,30.1999606150501
"2929",3320,"Florida","mri-esm2-0","ssp585",NA,3.96773505579899,31.1729658841444
"2930",3321,"Florida","mri-esm2-0","ssp585",NA,7.02380267045391,29.4689956870683
"2931",3322,"Florida","mri-esm2-0","ssp585",NA,4.86445637666673,29.9964981942807
"2932",3323,"Florida","mri-esm2-0","ssp585",NA,4.19997375503017,30.3588893345424
"2933",3324,"Florida","mri-esm2-0","ssp585",NA,9.93322383608198,29.4630806236576
"2934",3325,"Florida","mri-esm2-0","ssp585",NA,6.38530497266465,29.6860257624295
"2935",3326,"Florida","mri-esm2-0","ssp585",NA,12.2302530057541,28.688308000179
"2936",3327,"Florida","mri-esm2-0","ssp585",NA,5.15882663564967,28.7951883732469
"2937",3328,"Florida","mri-esm2-0","ssp585",NA,7.54177528768765,27.0014739578946
"2938",3329,"Florida","mri-esm2-0","ssp585",NA,2.49159285296745,26.1860668089833
"2939",3330,"Florida","mri-esm2-0","ssp585",NA,4.23262236420441,26.9389190920601
"2940",3331,"Florida","mri-esm2-0","ssp585",NA,3.91181557609654,21.4341684675602
"2941",3332,"Florida","mri-esm2-0","ssp585",NA,1.16617053717387,25.0149040777407
"2942",3333,"Florida","mri-esm2-0","ssp585",NA,1.29934641396651,23.948848821018
"2943",3334,"Florida","mri-esm2-0","ssp585",NA,3.8549300207708,23.6746090624211
"2944",3335,"Florida","mri-esm2-0","ssp585",NA,3.99960093590088,21.3716354822534
"2945",3336,"Florida","mri-esm2-0","ssp585",NA,3.56726600085884,21.9945541998768
"2946",3337,"Florida","mri-esm2-0","ssp585",NA,1.43292918281596,16.190845401075
"2947",3338,"Florida","mri-esm2-0","ssp585",NA,2.29396767154301,21.1778356176824
"2948",3339,"Florida","mri-esm2-0","ssp585",NA,1.56239821181425,22.4341680562721
"2949",3340,"Florida","mri-esm2-0","ssp585",NA,4.1738824012578,19.9447377495367
"2950",3341,"Florida","mri-esm2-0","ssp585",NA,3.58358632560844,23.6509175508813
"2951",3342,"Florida","mri-esm2-0","ssp585",NA,0.659315799428422,15.6979912030408
"2952",3343,"Florida","mri-esm2-0","ssp585",NA,1.2563894954938,18.7325335644005
"2953",3344,"Florida","mri-esm2-0","ssp585",NA,0.770189884631426,17.1044162472625
"2954",3345,"Florida","mri-esm2-0","ssp585",NA,0.976735053371898,17.7370291080115
"2955",3346,"Florida","mri-esm2-0","ssp585",NA,2.08997596366312,19.5026162695049
"2956",3347,"Florida","mri-esm2-0","ssp585",NA,0.160490380639475,21.0759200679646
"2957",3348,"Florida","mri-esm2-0","ssp585",NA,2.82380454821031,20.5540257209716
"2958",3349,"Florida","mri-esm2-0","ssp585",NA,11.2752602423244,21.0642422822608
"2959",3350,"Florida","mri-esm2-0","ssp585",NA,2.76686064033501,16.7327360826683
"2960",3351,"Florida","mri-esm2-0","ssp585",NA,2.9720356403435,20.4561774816796
"2961",3352,"Florida","mri-esm2-0","ssp585",NA,9.71033447807556,22.0429400256381
"2962",3353,"Florida","mri-esm2-0","ssp585",NA,3.44866787849599,20.7787976370346
"2963",3354,"Florida","mri-esm2-0","ssp585",NA,1.11793490764346,19.198459577946
"2964",3355,"Florida","mri-esm2-0","ssp585",NA,0.685310269331132,23.9081864925087
"2965",3356,"Florida","mri-esm2-0","ssp585",NA,5.98621401650504,24.0852828773848
"2966",3357,"Florida","mri-esm2-0","ssp585",NA,2.04726292749003,25.3882958589539
"2967",3358,"Florida","mri-esm2-0","ssp585",NA,1.00844221502935,25.6463641801613
"2968",3359,"Florida","mri-esm2-0","ssp585",NA,1.48683579488394,27.011831426492
"2969",3360,"Florida","mri-esm2-0","ssp585",NA,0.0484898118119445,25.8862842487839
"2970",3361,"Florida","mri-esm2-0","ssp585",NA,4.68248026576613,27.2708948181646
"2971",3362,"Florida","mri-esm2-0","ssp585",NA,2.50465137683942,27.285656195381
"2972",3363,"Florida","mri-esm2-0","ssp585",NA,4.13145462647408,27.9133530115503
"2973",3364,"Florida","mri-esm2-0","ssp585",NA,0.662830755350838,28.6336803014709
"2974",3365,"Florida","mri-esm2-0","ssp585",NA,5.53836905186511,29.5654161807983
"2975",3366,"Florida","mri-esm2-0","ssp585",NA,13.8843997518076,29.5274167783177
"2976",3367,"Florida","mri-esm2-0","ssp585",NA,13.3456750317911,29.4882401869946
"2977",3368,"Florida","mri-esm2-0","ssp585",NA,9.98582578346703,30.0414538771637
"2978",3369,"Florida","mri-esm2-0","ssp585",NA,4.46300059392909,30.5626204087085
"2979",3370,"Florida","mri-esm2-0","ssp585",NA,7.15784181608632,30.8107270027428
"2980",3371,"Florida","mri-esm2-0","ssp585",NA,4.14711803965778,31.5239072568333
"2981",3372,"Florida","mri-esm2-0","ssp585",NA,5.69552877070403,30.5690366678161
"2982",3373,"Florida","mri-esm2-0","ssp585",NA,5.04192961749077,30.6543845451746
"2983",3374,"Florida","mri-esm2-0","ssp585",NA,5.76698332881224,29.9937308010708
"2984",3375,"Florida","mri-esm2-0","ssp585",NA,2.59382533371036,29.6333088260456
"2985",3376,"Florida","mri-esm2-0","ssp585",NA,0.394495428766171,30.283813460111
"2986",3377,"Florida","mri-esm2-0","ssp585",NA,7.50065527168782,29.4242799496715
"2987",3378,"Florida","mri-esm2-0","ssp585",NA,5.06237240413886,28.157012182683
"2988",3379,"Florida","mri-esm2-0","ssp585",NA,1.52263299536463,30.0117461253369
"2989",3380,"Florida","mri-esm2-0","ssp585",NA,0.17147511026522,29.0709352560121
"2990",3381,"Florida","mri-esm2-0","ssp585",NA,0.354552160169105,27.1316306060215
"2991",3382,"Florida","mri-esm2-0","ssp585",NA,1.02364396777579,25.5198985138351
"2992",3383,"Florida","mri-esm2-0","ssp585",NA,1.2293273394164,22.9637541490745
"2993",3384,"Florida","mri-esm2-0","ssp585",NA,0.841782709670402,25.1586647383287
"2994",3385,"Florida","mri-esm2-0","ssp585",NA,0.701377781660014,22.3833033147848
"2995",3386,"Florida","mri-esm2-0","ssp585",NA,6.52142376230436,22.0087150964454
"2996",3387,"Florida","mri-esm2-0","ssp585",NA,3.96332366650519,20.6203583503991
"2997",3388,"Florida","mri-esm2-0","ssp585",NA,4.20880768448075,17.35307849154
"2998",3389,"Florida","mri-esm2-0","ssp585",NA,2.73575612538082,17.8289599806793
"2999",3390,"Florida","mri-esm2-0","ssp585",NA,0.610057723019412,18.9777703544843
"3000",3391,"Florida","mri-esm2-0","ssp585",NA,4.04612048510614,17.289027030513
"3001",3392,"Florida","mri-esm2-0","ssp585",NA,8.25194037026101,20.2081195019005
"3002",3393,"Florida","mri-esm2-0","ssp585",NA,0.337340575245158,13.4873905480069
"3003",3394,"Florida","mri-esm2-0","ssp585",NA,3.92373370021017,19.0754251238471
"3004",3395,"Florida","mri-esm2-0","ssp585",NA,3.56792567081185,18.0888721065059
"3005",3396,"Florida","mri-esm2-0","ssp585",NA,2.3058457702245,17.9176123112681
"3006",3397,"Florida","mri-esm2-0","ssp585",NA,4.33112971808922,21.4728070117714
"3007",3398,"Florida","mri-esm2-0","ssp585",NA,7.52680964697409,21.9951875835738
"3008",3399,"Florida","mri-esm2-0","ssp585",NA,4.4562179710853,20.8516101107122
"3009",3400,"Florida","mri-esm2-0","ssp585",NA,9.25870394939847,20.5651114163052
"3010",3401,"Florida","mri-esm2-0","ssp585",NA,4.85544628012321,19.6457698688353
"3011",3402,"Florida","mri-esm2-0","ssp585",NA,9.79599794497156,20.7030422323798
"3012",3403,"Florida","mri-esm2-0","ssp585",NA,8.11071539204309,21.8343666097225
"3013",3404,"Florida","mri-esm2-0","ssp585",NA,3.70617977116513,22.0612457193133
"3014",3405,"Florida","mri-esm2-0","ssp585",NA,1.46652129395403,21.4979663283356
"3015",3406,"Florida","mri-esm2-0","ssp585",NA,9.91619331760822,21.5812438635813
"3016",3407,"Florida","mri-esm2-0","ssp585",NA,4.08617639806781,23.1521807811974
"3017",3408,"Florida","mri-esm2-0","ssp585",NA,3.63272636854521,22.6801090538663
"3018",3409,"Florida","mri-esm2-0","ssp585",NA,0.485427599719796,23.3744816782661
"3019",3410,"Florida","mri-esm2-0","ssp585",NA,3.50261527137876,26.8991478603805
"3020",3411,"Florida","mri-esm2-0","ssp585",NA,4.04313961816559,28.1610191160135
"3021",3412,"Florida","mri-esm2-0","ssp585",NA,0.780509286493046,27.0466107720635
"3022",3413,"Florida","mri-esm2-0","ssp585",NA,7.85427093670206,28.8797347323271
"3023",3414,"Florida","mri-esm2-0","ssp585",NA,3.98324515876147,28.6657379068133
"3024",3415,"Florida","mri-esm2-0","ssp585",NA,27.5093851926689,27.3515271127706
"3025",3416,"Florida","mri-esm2-0","ssp585",NA,10.5211965018387,29.0800950536188
"3026",3417,"Florida","mri-esm2-0","ssp585",NA,11.4682745591565,30.3507378508781
"3027",3418,"Florida","mri-esm2-0","ssp585",NA,11.5373302100639,30.152060438295
"3028",3419,"Florida","mri-esm2-0","ssp585",NA,15.1911442031177,28.6239185425792
"3029",3420,"Florida","mri-esm2-0","ssp585",NA,5.25647681080361,29.6258747111112
"3030",3421,"Florida","mri-esm2-0","ssp585",NA,7.1591853068186,30.1539067106427
"3031",3422,"Florida","mri-esm2-0","ssp585",NA,1.93779246813532,31.2731237529745
"3032",3423,"Florida","mri-esm2-0","ssp585",NA,6.44558427137857,31.8515704625379
"3033",3424,"Florida","mri-esm2-0","ssp585",NA,5.67103348084881,30.9701873532524
"3034",3425,"Florida","mri-esm2-0","ssp585",NA,8.22607564653768,29.8410987381023
"3035",3426,"Florida","mri-esm2-0","ssp585",NA,4.41941796306631,30.7042704209485
"3036",3427,"Florida","mri-esm2-0","ssp585",NA,4.04991494336312,30.4609995880538
"3037",3428,"Florida","mri-esm2-0","ssp585",NA,3.16602177165259,30.8265481871736
"3038",3429,"Florida","mri-esm2-0","ssp585",NA,3.92821248985978,29.7209995650217
"3039",3430,"Florida","mri-esm2-0","ssp585",NA,11.8162237493595,28.7208640867167
"3040",3431,"Florida","mri-esm2-0","ssp585",NA,7.08061402851547,27.910546216939
"3041",3432,"Florida","mri-esm2-0","ssp585",NA,2.44456030404444,29.592138638972
"3042",3433,"Florida","mri-esm2-0","ssp585",NA,13.7720006048453,26.5849230825419
"3043",3434,"Florida","mri-esm2-0","ssp585",NA,0.0668640233729426,23.9754604781735
"3044",3435,"Florida","mri-esm2-0","ssp585",NA,4.99152912878766,25.7075398324314
"3045",3436,"Florida","mri-esm2-0","ssp585",NA,0.106714835869642,24.0621285081231
"3046",3437,"Florida","mri-esm2-0","ssp585",NA,3.07729565603969,26.023460926971
"3047",3438,"Florida","mri-esm2-0","ssp585",NA,13.9824673605395,25.6887872330905
"3048",3439,"Florida","mri-esm2-0","ssp585",NA,1.10615564126934,24.4350440999568
"3049",3440,"Florida","mri-esm2-0","ssp585",NA,2.63949935507075,20.1822294908714
"3050",3441,"Florida","mri-esm2-0","ssp585",NA,3.01632045336272,19.3791673192438
"3051",3442,"Florida","mri-esm2-0","ssp585",NA,3.81664743923525,19.7715019616798
"3052",3443,"Florida","mri-esm2-0","ssp585",NA,0.0137634966366346,16.8213954874126
"3053",3444,"Florida","mri-esm2-0","ssp585",NA,0.22085430953475,18.7517021405408
"3054",3445,"Florida","mri-esm2-0","ssp585",NA,1.97478552232065,17.1477503033661
"3055",3446,"Florida","mri-esm2-0","ssp585",NA,0.864505151601607,19.2262701399564
"3056",3447,"Florida","mri-esm2-0","ssp585",NA,0.117770298287836,15.3586901065796
"3057",3448,"Florida","mri-esm2-0","ssp585",NA,2.0744313015268,18.833033213654
"3058",3449,"Florida","mri-esm2-0","ssp585",NA,0.277121716702077,16.1892037856932
"3059",3450,"Florida","mri-esm2-0","ssp585",NA,0.0173685579210667,22.3397071858944
"3060",3451,"Florida","mri-esm2-0","ssp585",NA,0.315314701821004,19.3712408101784
"3061",3452,"Florida","mri-esm2-0","ssp585",NA,0.37120219778856,20.869675036325
"3062",3453,"Florida","mri-esm2-0","ssp585",NA,4.44616262699971,20.9381300769405
"3063",3454,"Florida","mri-esm2-0","ssp585",NA,1.9235476582449,20.7365038108312
"3064",3455,"Florida","mri-esm2-0","ssp585",NA,3.08283471383203,24.3098266108017
"3065",3456,"Florida","mri-esm2-0","ssp585",NA,10.4144546875743,23.957308853026
"3066",3457,"Florida","mri-esm2-0","ssp585",NA,3.54948900323477,22.9549120304077
"3067",3458,"Florida","mri-esm2-0","ssp585",NA,0.330545774010404,22.3955627441406
"3068",3459,"Florida","mri-esm2-0","ssp585",NA,3.22972779374957,23.0445267751853
"3069",3460,"Florida","mri-esm2-0","ssp585",NA,6.07146792665518,23.0062295178519
"3070",3461,"Florida","mri-esm2-0","ssp585",NA,3.81301718122232,24.5645232743009
"3071",3462,"Florida","mri-esm2-0","ssp585",NA,4.4012851874358,25.078293529418
"3072",3463,"Florida","mri-esm2-0","ssp585",NA,4.82782401056781,26.7424443741051
"3073",3464,"Florida","mri-esm2-0","ssp585",NA,0.0090134802374112,26.0588405886751
"3074",3465,"Florida","mri-esm2-0","ssp585",NA,0.748206967278439,29.0305293245136
"3075",3466,"Florida","mri-esm2-0","ssp585",NA,0.385185614247821,30.1163108640604
"3076",3467,"Florida","mri-esm2-0","ssp585",NA,6.49608721886655,29.8813779106038
"3077",3468,"Florida","mri-esm2-0","ssp585",NA,9.06201872000205,29.4485450436163
"3078",3469,"Florida","mri-esm2-0","ssp585",NA,13.7764645120718,29.0276856784872
"3079",3470,"Florida","mri-esm2-0","ssp585",NA,12.3812320624631,30.3780671235365
"3080",3471,"Florida","mri-esm2-0","ssp585",NA,8.82594553798194,30.9753203934415
"3081",3472,"Florida","mri-esm2-0","ssp585",NA,7.88497035201493,30.1440602263993
"3082",3473,"Florida","mri-esm2-0","ssp585",NA,2.34968404668941,31.7502661692165
"3083",3474,"Florida","mri-esm2-0","ssp585",NA,6.0226820821223,31.5188838660557
"3084",3475,"Florida","mri-esm2-0","ssp585",NA,9.05128647743522,31.5845298088465
"3085",3476,"Florida","mri-esm2-0","ssp585",NA,7.08341823556798,30.2530282979384
"3086",3477,"Florida","mri-esm2-0","ssp585",NA,2.76441167862119,31.9443244049813
"3087",3478,"Florida","mri-esm2-0","ssp585",NA,9.53567486303704,31.0243122933689
"3088",3479,"Florida","mri-esm2-0","ssp585",NA,4.61904724223603,29.9330257446618
"3089",3480,"Florida","mri-esm2-0","ssp585",NA,13.1014887891099,30.0803260330242
"3090",3481,"Florida","mri-esm2-0","ssp585",NA,8.7867111531366,29.4495476817828
"3091",3482,"Florida","mri-esm2-0","ssp585",NA,4.09268553916033,29.2906170703652
"3092",3483,"Florida","mri-esm2-0","ssp585",NA,5.94625709017852,27.8412677775175
"3093",3484,"Florida","mri-esm2-0","ssp585",NA,9.77718054001561,28.0009795895805
"3094",3485,"Florida","mri-esm2-0","ssp585",NA,1.58263788816104,27.6745814238597
"3095",3486,"Florida","mri-esm2-0","ssp585",NA,3.8741048863533,25.8574116586033
"3096",3487,"Florida","mri-esm2-0","ssp585",NA,6.68900970882346,20.6204262951956
"3097",3488,"Florida","mri-esm2-0","ssp585",NA,0.145351535666662,22.1503688102784
"3098",3489,"Florida","mri-esm2-0","ssp585",NA,1.09735118738986,21.7458898991588
"3099",3490,"Florida","mri-esm2-0","ssp585",NA,5.02616236062308,21.6494870085601
"3100",3491,"Florida","mri-esm2-0","ssp585",NA,1.69497577737809,20.2657140685542
"3101",3492,"Florida","mri-esm2-0","ssp585",NA,3.02509842627582,22.4446561499747
"3102",3493,"Florida","mri-esm2-0","ssp585",NA,0.0260620727988256,24.0629152200293
"3103",3494,"Florida","mri-esm2-0","ssp585",NA,1.73577784764956,20.6918005765931
"3104",3495,"Florida","mri-esm2-0","ssp585",NA,4.29296823635371,24.4594726397985
"3105",3496,"Florida","mri-esm2-0","ssp585",NA,0.822204047005773,17.8623670223267
"3106",3497,"Florida","mri-esm2-0","ssp585",NA,5.79794670367572,21.5979130418474
"3107",3498,"Florida","mri-esm2-0","ssp585",NA,2.53707016144072,23.5337226476952
"3108",3499,"Florida","mri-esm2-0","ssp585",NA,4.1525804210132,22.9466573134266
"3109",3500,"Florida","mri-esm2-0","ssp585",NA,3.46630309645208,17.8304282792495
"3110",3501,"Florida","mri-esm2-0","ssp585",NA,1.63437479208261,20.0073386796401
"3111",3502,"Florida","mri-esm2-0","ssp585",NA,0.827689105144134,16.6068200617788
"3112",3503,"Florida","mri-esm2-0","ssp585",NA,2.57668670931038,17.1764457106269
"3113",3504,"Florida","mri-esm2-0","ssp585",NA,0.713295635455141,21.1041062182815
"3114",3505,"Florida","mri-esm2-0","ssp585",NA,1.27554410513978,19.6375238711622
"3115",3506,"Florida","mri-esm2-0","ssp585",NA,0.711432596016667,23.8037568208021
"3116",3507,"Florida","mri-esm2-0","ssp585",NA,3.87522575992915,24.6233222570702
"3117",3508,"Florida","mri-esm2-0","ssp585",NA,6.79803516817668,26.5112427909419
"3118",3509,"Florida","mri-esm2-0","ssp585",NA,1.60772805331431,22.179854713296
"3119",3510,"Florida","mri-esm2-0","ssp585",NA,2.05452236372455,22.8737084566101
"3120",3511,"Florida","mri-esm2-0","ssp585",NA,12.3055847819138,25.2020678908356
"3121",3512,"Florida","mri-esm2-0","ssp585",NA,1.63664146765648,22.8773372516478
"3122",3513,"Florida","mri-esm2-0","ssp585",NA,1.70719649845119,26.2021421694692
"3123",3514,"Florida","mri-esm2-0","ssp585",NA,1.27060654748726,26.8877982825925
"3124",3515,"Florida","mri-esm2-0","ssp585",NA,3.28179367467104,27.0549103194491
"3125",3516,"Florida","mri-esm2-0","ssp585",NA,6.68384407720812,27.3529033650607
"3126",3517,"Florida","mri-esm2-0","ssp585",NA,2.56283584796002,28.1684546293274
"3127",3518,"Florida","mri-esm2-0","ssp585",NA,1.50021006224899,30.2674923961054
"3128",3519,"Florida","mri-esm2-0","ssp585",NA,9.33404934121745,29.9649835715076
"3129",3520,"Florida","mri-esm2-0","ssp585",NA,7.11970916745878,29.7806980348983
"3130",3521,"Florida","mri-esm2-0","ssp585",NA,11.0600036183481,29.5119944611007
"3131",3522,"Florida","mri-esm2-0","ssp585",NA,7.34663588064338,29.7299342235144
"3132",3523,"Florida","mri-esm2-0","ssp585",NA,6.78303172338183,29.734123521995
"3133",3524,"Florida","mri-esm2-0","ssp585",NA,3.22625431013836,31.3772025136614
"3134",3525,"Florida","mri-esm2-0","ssp585",NA,5.9124464114722,32.1401756924118
"3135",3526,"Florida","mri-esm2-0","ssp585",NA,5.46897667465988,30.2849367702104
"3136",3527,"Florida","mri-esm2-0","ssp585",NA,5.74643084540962,30.9339534461338
"3137",3528,"Florida","mri-esm2-0","ssp585",NA,1.37497296871226,32.1953791944807
"3138",3529,"Florida","mri-esm2-0","ssp585",NA,8.46699002171752,30.7008569763677
"3139",3530,"Florida","mri-esm2-0","ssp585",NA,0.981856592810594,32.6442050820734
"3140",3531,"Florida","mri-esm2-0","ssp585",NA,3.52255776513169,32.392410878801
"3141",3532,"Florida","mri-esm2-0","ssp585",NA,5.34897951738875,31.0335527034462
"3142",3533,"Florida","mri-esm2-0","ssp585",NA,8.52910360730151,30.082999405771
"3143",3534,"Florida","mri-esm2-0","ssp585",NA,7.67879120502807,29.3493778855974
"3144",3535,"Florida","mri-esm2-0","ssp585",NA,8.44652959346488,29.1256865056699
"3145",3536,"Florida","mri-esm2-0","ssp585",NA,3.55383942850644,26.7480689035915
"3146",3537,"Florida","mri-esm2-0","ssp585",NA,13.3614036901164,27.0040051894689
"3147",3538,"Florida","mri-esm2-0","ssp585",NA,0.0408902889374669,24.316317971119
"3148",3539,"Florida","mri-esm2-0","ssp585",NA,1.59915582605633,27.5809145863166
"3149",3540,"Florida","mri-esm2-0","ssp585",NA,4.75082002767497,24.6365861342603
"3150",3541,"Florida","mri-esm2-0","ssp585",NA,6.70660428242132,21.6217968717097
"3151",3542,"Florida","mri-esm2-0","ssp585",NA,0.066608208298857,19.7413686089118
"3152",3543,"Florida","mri-esm2-0","ssp585",NA,1.74368905418281,21.4311807884361
"3153",3544,"Florida","mri-esm2-0","ssp585",NA,0.118920114052179,18.85271063545
"3154",3545,"Florida","mri-esm2-0","ssp585",NA,2.39923463815762,21.3404632979648
"3155",3546,"Florida","mri-esm2-0","ssp585",NA,14.0410574664314,19.8526602115271
"3156",3547,"Florida","mri-esm2-0","ssp585",NA,0.0163755319409155,18.5594668159588
"3157",3548,"Florida","mri-esm2-0","ssp585",NA,2.68444710074221,23.0451136833253
"3158",3549,"Florida","mri-esm2-0","ssp585",NA,1.69653196518694,14.3158457301055
"3159",3550,"Florida","mri-esm2-0","ssp585",NA,1.01838489478755,12.6014847500948
"3160",3551,"Florida","mri-esm2-0","ssp585",NA,1.18047247285502,14.2055666365714
"3161",3552,"Florida","mri-esm2-0","ssp585",NA,0.256650597683902,17.6073243832653
"3162",3553,"Florida","mri-esm2-0","ssp585",NA,1.03503148403259,17.9861516659472
"3163",3554,"Florida","mri-esm2-0","ssp585",NA,7.31533016180841,16.5664175028428
"3164",3555,"Florida","mri-esm2-0","ssp585",NA,4.78877744814936,16.8095170753664
"3165",3556,"Florida","mri-esm2-0","ssp585",NA,2.74565777616603,16.2185333169696
"3166",3557,"Florida","mri-esm2-0","ssp585",NA,4.1943101128444,18.4251766400196
"3167",3558,"Florida","mri-esm2-0","ssp585",NA,0.213173348037518,12.0194650984196
"3168",3559,"Florida","mri-esm2-0","ssp585",NA,7.45653037858741,16.0454210800624
"3169",3560,"Florida","mri-esm2-0","ssp585",NA,5.30648384932171,14.1451042401502
"3170",3561,"Florida","mri-esm2-0","ssp585",NA,8.46694066468442,19.4477912347593
"3171",3562,"Florida","mri-esm2-0","ssp585",NA,7.03750073757102,19.8232645451219
"3172",3563,"Florida","mri-esm2-0","ssp585",NA,0.502215975860733,21.0256421523596
"3173",3564,"Florida","mri-esm2-0","ssp585",NA,0.773692712255192,20.9416104792264
"3174",3565,"Florida","mri-esm2-0","ssp585",NA,0.146651560296866,24.2651505215792
"3175",3566,"Florida","mri-esm2-0","ssp585",NA,0.0878484261683373,25.9012859827746
"3176",3567,"Florida","mri-esm2-0","ssp585",NA,0.550981280265246,24.7694538291253
"3177",3568,"Florida","mri-esm2-0","ssp585",NA,2.19692906111395,27.0329398018973
"3178",3569,"Florida","mri-esm2-0","ssp585",NA,3.92350359300746,26.2616599193481
"3179",3570,"Florida","mri-esm2-0","ssp585",NA,8.20207657473149,27.3196716144079
"3180",3571,"Florida","mri-esm2-0","ssp585",NA,12.2134481995968,28.3511664130938
"3181",3572,"Florida","mri-esm2-0","ssp585",NA,8.89049362098979,30.0129857477152
"3182",3573,"Florida","mri-esm2-0","ssp585",NA,5.66708782821516,30.9596902112113
"3183",3574,"Florida","mri-esm2-0","ssp585",NA,5.2362371821928,30.8003260198629
"3184",3575,"Florida","mri-esm2-0","ssp585",NA,2.47403264508435,30.7024386259424
"3185",3576,"Florida","mri-esm2-0","ssp585",NA,12.7359841391244,30.3679769099562
"3186",3577,"Florida","mri-esm2-0","ssp585",NA,5.68844116590267,31.2045384985418
"3187",3578,"Florida","mri-esm2-0","ssp585",NA,8.68646135159462,32.0269325276912
"3188",3579,"Florida","mri-esm2-0","ssp585",NA,7.83576087378802,30.3484892564964
"3189",3580,"Florida","mri-esm2-0","ssp585",NA,9.61898704517317,30.5174125239534
"3190",3581,"Florida","mri-esm2-0","ssp585",NA,4.32930420984538,30.8998398937626
"3191",3582,"Florida","mri-esm2-0","ssp585",NA,5.2026547102522,31.3188909073082
"3192",3583,"Florida","mri-esm2-0","ssp585",NA,7.8092269890731,29.8864884122042
"3193",3584,"Florida","mri-esm2-0","ssp585",NA,8.27882206936243,29.7822269573366
"3194",3585,"Florida","mri-esm2-0","ssp585",NA,9.77707273853527,29.6587731538757
"3195",3586,"Florida","mri-esm2-0","ssp585",NA,6.31774041260976,29.3380774156103
"3196",3587,"Florida","mri-esm2-0","ssp585",NA,12.4692665432653,29.560943175776
"3197",3588,"Florida","mri-esm2-0","ssp585",NA,14.6690677181119,29.2713480576672
"3198",3589,"Florida","mri-esm2-0","ssp585",NA,6.00293986416548,29.6600105552982
"3199",3590,"Florida","mri-esm2-0","ssp585",NA,6.49686695068661,28.1090093484144
"3200",3591,"Florida","mri-esm2-0","ssp585",NA,3.93283003415191,26.7099962918264
"3201",3592,"Florida","mri-esm2-0","ssp585",NA,2.18489352902019,26.7064838913252
"3202",3593,"Florida","mri-esm2-0","ssp585",NA,2.69427876863712,26.0944647200346
"3203",3594,"Florida","mri-esm2-0","ssp585",NA,1.53272080496627,25.5638180796991
"3204",3595,"Florida","mri-esm2-0","ssp585",NA,1.06760209631305,23.3320279432436
"3205",3596,"Florida","mri-esm2-0","ssp585",NA,0.0414317831369757,20.4320493466771
"3206",3597,"Florida","mri-esm2-0","ssp585",NA,6.06611266989836,19.6970988723467
"3207",3598,"Florida","mri-esm2-0","ssp585",NA,0.708994471321022,20.859577995362
"3208",3599,"Florida","mri-esm2-0","ssp585",NA,0.969031534762599,19.9730934328146
"3209",3600,"Florida","mri-esm2-0","ssp585",NA,2.58048917431647,17.2196255336875
"3210",3601,"Florida","mri-esm2-0","ssp585",NA,0.896179175282732,15.46164753135
"3211",3602,"Florida","mri-esm2-0","ssp585",NA,2.54254754414884,21.8825791186721
"3212",3603,"Florida","mri-esm2-0","ssp585",NA,1.47724419160253,19.5971459895132
"3213",3604,"Florida","mri-esm2-0","ssp585",NA,0.54205079378945,17.8639243236449
"3214",3605,"Florida","mri-esm2-0","ssp585",NA,2.86956357311459,16.6612181794611
"3215",3606,"Florida","mri-esm2-0","ssp585",NA,0.122870435941416,18.6380047492261
"3216",3607,"Florida","mri-esm2-0","ssp585",NA,4.42440993003372,22.0939340761087
"3217",3608,"Florida","mri-esm2-0","ssp585",NA,2.17308588187813,22.4181813695039
"3218",3609,"Florida","mri-esm2-0","ssp585",NA,2.52886934348193,22.0598941443102
"3219",3610,"Florida","mri-esm2-0","ssp585",NA,0.0674829774034838,18.0923672329062
"3220",3611,"Florida","mri-esm2-0","ssp585",NA,0.0300838415608384,19.449977889151
"3221",3612,"Florida","mri-esm2-0","ssp585",NA,0.000302217560450011,23.8649498294306
"3222",3613,"Florida","mri-esm2-0","ssp585",NA,6.20999155665567,16.8485006080484
"3223",3614,"Florida","mri-esm2-0","ssp585",NA,0.0119022067757138,22.6175889830063
"3224",3615,"Florida","mri-esm2-0","ssp585",NA,0.558848262083711,24.8933895799992
"3225",3616,"Florida","mri-esm2-0","ssp585",NA,0.0011317374670236,19.3997712086475
"3226",3617,"Florida","mri-esm2-0","ssp585",NA,0.0459442763931194,25.8649106748021
"3227",3618,"Florida","mri-esm2-0","ssp585",NA,0.0511408519305601,26.0211551635413
"3228",3619,"Florida","mri-esm2-0","ssp585",NA,2.29051955513834,26.4224305515341
"3229",3620,"Florida","mri-esm2-0","ssp585",NA,0.00718954900149262,23.6112952877569
"3230",3621,"Florida","mri-esm2-0","ssp585",NA,1.52597375399784,27.8581277934689
"3231",3622,"Florida","mri-esm2-0","ssp585",NA,1.77798056745942,29.6362345651796
"3232",3623,"Florida","mri-esm2-0","ssp585",NA,3.88102400123938,28.628210580831
"3233",3624,"Florida","mri-esm2-0","ssp585",NA,9.42445533102453,29.1367995105343
"3234",3625,"Florida","mri-esm2-0","ssp585",NA,23.9132228107896,28.6644929376895
"3235",3626,"Florida","mri-esm2-0","ssp585",NA,5.07694481595261,29.6484972848404
"3236",3627,"Florida","mri-esm2-0","ssp585",NA,2.38775507975046,30.2191719651544
"3237",3628,"Florida","mri-esm2-0","ssp585",NA,12.3893288654656,29.6028422476468
"3238",3629,"Florida","mri-esm2-0","ssp585",NA,2.74404490129786,30.9702623722046
"3239",3630,"Florida","mri-esm2-0","ssp585",NA,3.13725496087946,31.3607390617103
"3240",3631,"Florida","mri-esm2-0","ssp585",NA,0.822257432552252,31.9223396568607
"3241",3632,"Florida","mri-esm2-0","ssp585",NA,8.29175028200729,30.2523147953167
"3242",3633,"Florida","mri-esm2-0","ssp585",NA,11.1829680225054,30.2518571139025
"3243",3634,"Florida","mri-esm2-0","ssp585",NA,3.68777260698528,31.6427799687553
"3244",3635,"Florida","mri-esm2-0","ssp585",NA,7.30212980780549,29.9935816680004
"3245",3636,"Florida","mri-esm2-0","ssp585",NA,5.71804882440997,30.2971265273596
"3246",3637,"Florida","mri-esm2-0","ssp585",NA,7.19556016770417,29.6224356021521
"3247",3638,"Florida","mri-esm2-0","ssp585",NA,3.67385700215778,30.1332792133013
"3248",3639,"Florida","mri-esm2-0","ssp585",NA,3.94620347345808,29.822997043332
"3249",3640,"Florida","mri-esm2-0","ssp585",NA,6.0107687187913,29.0382069220119
"3250",3641,"Florida","mri-esm2-0","ssp585",NA,6.27765542801914,28.4005333255244
"3251",3642,"Florida","mri-esm2-0","ssp585",NA,8.62203938876521,27.8653856303172
"3252",3643,"Florida","mri-esm2-0","ssp585",NA,6.8142822871035,26.7450224925244
"3253",3644,"Florida","mri-esm2-0","ssp585",NA,0.0880686888003544,26.0301611393931
"3254",3645,"Florida","mri-esm2-0","ssp585",NA,2.27690331358863,22.8693000238218
"3255",3646,"Florida","mri-esm2-0","ssp585",NA,5.6553754483799,24.1182032829347
"3256",3647,"Florida","mri-esm2-0","ssp585",NA,4.27022261745769,23.8309629537989
"3257",3648,"Florida","mri-esm2-0","ssp585",NA,0.34830552070767,23.8151704772785
"3258",3649,"Florida","mri-esm2-0","ssp585",NA,1.19069635512139,26.537821380533
"3259",3650,"Florida","mri-esm2-0","ssp585",NA,3.66707732573265,20.8603209462128
"3260",3651,"Florida","mri-esm2-0","ssp585",NA,3.34761483669143,17.1816476004464
"3261",3652,"Florida","mri-esm2-0","ssp585",NA,0.843593767365262,22.5399711835095
"3262",3653,"Florida","mri-esm2-0","ssp585",NA,1.13431531058599,20.0500502923107
"3263",3654,"Florida","mri-esm2-0","ssp585",NA,0.969980501952158,11.5627535838001
"3264",3655,"Florida","mri-esm2-0","ssp585",NA,5.67575465548247,14.757154340307
"3265",3656,"Florida","mri-esm2-0","ssp585",NA,3.55308408576887,18.9101276901533
"3266",3657,"Florida","mri-esm2-0","ssp585",NA,1.55560897641349,15.9660469980574
"3267",3658,"Florida","mri-esm2-0","ssp585",NA,4.34355537290881,18.4396787412083
"3268",3659,"Florida","mri-esm2-0","ssp585",NA,0.86926271973587,17.89779134992
"3269",3660,"Florida","mri-esm2-0","ssp585",NA,0.905924777687153,14.8462100622789
"3270",3661,"Florida","mri-esm2-0","ssp585",NA,1.31063532401976,18.3310885611892
"3271",3662,"Florida","mri-esm2-0","ssp585",NA,0.5352852821329,16.5764075266383
"3272",3663,"Florida","mri-esm2-0","ssp585",NA,0.322743719808653,18.6543068939785
"3273",3664,"Florida","mri-esm2-0","ssp585",NA,6.66391565468457,21.8007424902081
"3274",3665,"Florida","mri-esm2-0","ssp585",NA,0.146634043393609,19.7121452722267
"3275",3666,"Florida","mri-esm2-0","ssp585",NA,4.55322606409184,23.0001969905555
"3276",3667,"Florida","mri-esm2-0","ssp585",NA,1.43924929280579,23.067063060668
"3277",3668,"Florida","mri-esm2-0","ssp585",NA,4.29861246609727,26.4311906593508
"3278",3669,"Florida","mri-esm2-0","ssp585",NA,4.379786794302,25.2877933306836
"3279",3670,"Florida","mri-esm2-0","ssp585",NA,0.686028890638137,23.9889896361976
"3280",3671,"Florida","mri-esm2-0","ssp585",NA,6.06965086574518,26.4255982103374
"3281",3672,"Florida","mri-esm2-0","ssp585",NA,3.4008530528936,26.7536351124232
"3282",3673,"Florida","mri-esm2-0","ssp585",NA,1.12180137027533,23.8460568985849
"3283",3674,"Florida","mri-esm2-0","ssp585",NA,1.65045928915003,27.3887689225436
"3284",3675,"Florida","mri-esm2-0","ssp585",NA,13.7777986734005,27.0721024094245
"3285",3676,"Florida","mri-esm2-0","ssp585",NA,1.1898719201943,29.2031110820102
"3286",3677,"Florida","mri-esm2-0","ssp585",NA,4.74770002444243,29.1859177581705
"3287",3678,"Florida","mri-esm2-0","ssp585",NA,9.03190148354317,28.6796010307868
"3288",3679,"Florida","mri-esm2-0","ssp585",NA,12.815632253923,29.8509874205063
"3289",3680,"Florida","mri-esm2-0","ssp585",NA,13.1377671275742,29.3571846275638
"3290",3681,"Florida","mri-esm2-0","ssp585",NA,14.3351150967529,29.5546796690743
"3291",3682,"Florida","mri-esm2-0","ssp585",NA,5.06929378138688,30.854037368651
"3292",3683,"Florida","mri-esm2-0","ssp585",NA,4.51288929529687,31.4267846120336
"3293",3684,"Florida","mri-esm2-0","ssp585",NA,1.74271181329366,31.3652977791758
"3294",3685,"Florida","mri-esm2-0","ssp585",NA,2.96136348195315,32.0969577840718
"3295",3686,"Florida","mri-esm2-0","ssp585",NA,3.43309515812061,30.2326615572619
"3296",3687,"Florida","mri-esm2-0","ssp585",NA,2.46377996791468,31.3717550848372
"3297",3688,"Florida","mri-esm2-0","ssp585",NA,6.73549462988528,30.7071236911167
"3298",3689,"Florida","mri-esm2-0","ssp585",NA,4.13054013185582,30.2553952610396
"3299",3690,"Florida","mri-esm2-0","ssp585",NA,5.18266490377296,29.7390536326283
"3300",3691,"Florida","mri-esm2-0","ssp585",NA,6.16266160864572,29.6557141573924
"3301",3692,"Florida","mri-esm2-0","ssp585",NA,1.51500765895364,29.7905787383129
"3302",3693,"Florida","mri-esm2-0","ssp585",NA,5.54216195265336,29.6617244751306
"3303",3694,"Florida","mri-esm2-0","ssp585",NA,4.24629398138483,26.2490048308257
"3304",3695,"Florida","mri-esm2-0","ssp585",NA,5.32958571527045,26.7924079833326
"3305",3696,"Florida","mri-esm2-0","ssp585",NA,7.13364417278786,26.2024081083642
"3306",3697,"Florida","mri-esm2-0","ssp585",NA,0.0658798454916704,23.16062543103
"3307",3698,"Florida","mri-esm2-0","ssp585",NA,7.20811866878766,25.2622930562721
"3308",3699,"Florida","mri-esm2-0","ssp585",NA,0.884932296234223,21.2296445944239
"3309",3700,"Florida","mri-esm2-0","ssp585",NA,1.86653981663007,17.4559787472625
"3310",3701,"Florida","mri-esm2-0","ssp585",NA,1.11367540316372,19.2033300518026
"3311",3702,"Florida","mri-esm2-0","ssp585",NA,9.42379213292535,18.8544657663515
"3312",3703,"Florida","mri-esm2-0","ssp585",NA,2.20511276169016,19.9785324713612
"3313",3704,"Florida","mri-esm2-0","ssp585",NA,0.691535474177388,14.8526459809584
"3314",3705,"Florida","mri-esm2-0","ssp585",NA,1.3766698027312,18.6849126522753
"3315",3706,"Florida","mri-esm2-0","ssp585",NA,0.558670512820063,22.6591977677256
"3316",3707,"Florida","mri-esm2-0","ssp585",NA,4.28282900762041,18.4617690258592
"3317",3708,"Florida","mri-esm2-0","ssp585",NA,6.57265577781045,13.9225037608185
"3318",3709,"Florida","mri-esm2-0","ssp585",NA,5.66355546319917,17.4703980972825
"3319",3710,"Florida","mri-esm2-0","ssp585",NA,3.04941485342525,19.7786332040463
"3320",3711,"Florida","mri-esm2-0","ssp585",NA,7.39338705994262,19.2383238429972
"3321",3712,"Florida","mri-esm2-0","ssp585",NA,1.46618520980167,17.3461347965539
"3322",3713,"Florida","mri-esm2-0","ssp585",NA,3.12971431824483,20.7135993402281
"3323",3714,"Florida","mri-esm2-0","ssp585",NA,1.05892548102748,19.6350979293453
"3324",3715,"Florida","mri-esm2-0","ssp585",NA,1.9615613291123,20.6433275577515
"3325",3716,"Florida","mri-esm2-0","ssp585",NA,3.28777668468285,19.2533968120894
"3326",3717,"Florida","mri-esm2-0","ssp585",NA,9.5953349452123,19.6218374247178
"3327",3718,"Florida","mri-esm2-0","ssp585",NA,3.05105511399278,22.0719604327672
"3328",3719,"Florida","mri-esm2-0","ssp585",NA,14.3349042723666,21.1386644553624
"3329",3720,"Florida","mri-esm2-0","ssp585",NA,0.201413098185648,23.2427041436784
"3330",3721,"Florida","mri-esm2-0","ssp585",NA,4.61532388272078,24.3600068043506
"3331",3722,"Florida","mri-esm2-0","ssp585",NA,6.55380074044267,24.1440986407093
"3332",3723,"Florida","mri-esm2-0","ssp585",NA,5.38351951624274,25.3084975743872
"3333",3724,"Florida","mri-esm2-0","ssp585",NA,11.9597151523985,26.7731364206484
"3334",3725,"Florida","mri-esm2-0","ssp585",NA,2.37101420103142,26.8184240130402
"3335",3726,"Florida","mri-esm2-0","ssp585",NA,5.54614247062765,27.9485116470214
"3336",3727,"Florida","mri-esm2-0","ssp585",NA,11.8699940950124,28.4955446639151
"3337",3728,"Florida","mri-esm2-0","ssp585",NA,1.23843467987476,29.4516490350194
"3338",3729,"Florida","mri-esm2-0","ssp585",NA,7.070516019196,30.4466468667084
"3339",3730,"Florida","mri-esm2-0","ssp585",NA,6.48402597119695,30.1669656840939
"3340",3731,"Florida","mri-esm2-0","ssp585",NA,6.10547548173705,29.9116031451367
"3341",3732,"Florida","mri-esm2-0","ssp585",NA,5.56401576594592,30.4343717261466
"3342",3733,"Florida","mri-esm2-0","ssp585",NA,6.08769428559812,29.7862093778955
"3343",3734,"Florida","mri-esm2-0","ssp585",NA,11.1685466474576,29.7346486546602
"3344",3735,"Florida","mri-esm2-0","ssp585",NA,4.90374773284266,30.0830470329347
"3345",3736,"Florida","mri-esm2-0","ssp585",NA,4.44175324685276,30.1960377490103
"3346",3737,"Florida","mri-esm2-0","ssp585",NA,8.39858619766123,29.7456404940459
"3347",3738,"Florida","mri-esm2-0","ssp585",NA,3.02243876834533,30.8824827949956
"3348",3739,"Florida","mri-esm2-0","ssp585",NA,10.7116673259173,29.5594049582263
"3349",3740,"Florida","mri-esm2-0","ssp585",NA,6.501254461829,30.0299384680077
"3350",3741,"Florida","mri-esm2-0","ssp585",NA,4.53617860016971,30.8295346324335
"3351",3742,"Florida","mri-esm2-0","ssp585",NA,13.5316134303178,29.4930830222899
"3352",3743,"Florida","mri-esm2-0","ssp585",NA,7.55467302548315,29.2087250825209
"3353",3744,"Florida","mri-esm2-0","ssp585",NA,4.03316284825335,29.3413752059731
"3354",3745,"Florida","mri-esm2-0","ssp585",NA,1.77233724411681,29.4932268908724
"3355",3746,"Florida","mri-esm2-0","ssp585",NA,6.15985199278753,29.0409922473836
"3356",3747,"Florida","mri-esm2-0","ssp585",NA,8.90499176746994,25.8206340285967
"3357",3748,"Florida","mri-esm2-0","ssp585",NA,4.50420418099658,28.2774361088591
"3358",3749,"Florida","mri-esm2-0","ssp585",NA,0.0287883632058655,25.1241539638962
"3359",3750,"Florida","mri-esm2-0","ssp585",NA,0.147999962803568,23.0009450413789
"3360",3751,"Florida","mri-esm2-0","ssp585",NA,4.09302892215034,21.9775150268226
"3361",3752,"Florida","mri-esm2-0","ssp585",NA,7.84584061278078,22.4655304201851
"3362",3753,"Florida","mri-esm2-0","ssp585",NA,7.97022258375462,21.9506430242904
"3363",3754,"Florida","mri-esm2-0","ssp585",NA,2.00111540102956,20.5253125460643
"3364",3755,"Florida","mri-esm2-0","ssp585",NA,2.01511503959032,23.1378240292285
"3365",3756,"Florida","mri-esm2-0","ssp585",NA,1.74554755806877,21.6383647085843
"3366",3757,"Florida","mri-esm2-0","ssp585",NA,1.45548260902137,23.7646673403018
"3367",3758,"Florida","mri-esm2-0","ssp585",NA,1.72780818920287,17.5933917516004
"3368",3759,"Florida","mri-esm2-0","ssp585",NA,1.4123557267489,19.9272974883129
"3369",3760,"Florida","mri-esm2-0","ssp585",NA,0.59364848093243,18.4755425712812
"3370",3761,"Florida","mri-esm2-0","ssp585",NA,0.762545536755069,18.1623344976626
"3371",3762,"Florida","mri-esm2-0","ssp585",NA,7.41393175195076,20.9197668851868
"3372",3763,"Florida","mri-esm2-0","ssp585",NA,4.55814527429347,16.8838770617051
"3373",3764,"Florida","mri-esm2-0","ssp585",NA,3.41652101460298,20.3950619597319
"3374",3765,"Florida","mri-esm2-0","ssp585",NA,3.01475475900044,19.5355574039758
"3375",3766,"Florida","mri-esm2-0","ssp585",NA,1.6740866445371,19.0515727986544
"3376",3767,"Florida","mri-esm2-0","ssp585",NA,0.148179412479103,22.9689528308468
"3377",3768,"Florida","mri-esm2-0","ssp585",NA,0.117775754379402,20.0434374374842
"3378",3769,"Florida","mri-esm2-0","ssp585",NA,1.02616591688657,22.1447048793906
"3379",3770,"Florida","mri-esm2-0","ssp585",NA,2.70824700654078,25.1801882679572
"3380",3771,"Florida","mri-esm2-0","ssp585",NA,0.83856498256869,22.1808339902976
"3381",3772,"Florida","mri-esm2-0","ssp585",NA,3.66747559383518,25.2208892575493
"3382",3773,"Florida","mri-esm2-0","ssp585",NA,4.02197642714098,21.8523707469519
"3383",3774,"Florida","mri-esm2-0","ssp585",NA,0.347845943046602,26.1203069393847
"3384",3775,"Florida","mri-esm2-0","ssp585",NA,0.79075266311792,27.7997472552277
"3385",3776,"Florida","mri-esm2-0","ssp585",NA,2.38163710680945,26.4593095229321
"3386",3777,"Florida","mri-esm2-0","ssp585",NA,0.788556775697516,26.9036806666948
"3387",3778,"Florida","mri-esm2-0","ssp585",NA,0.750231164673248,27.9289973420917
"3388",3779,"Florida","mri-esm2-0","ssp585",NA,4.85336691493316,29.1375300404839
"3389",3780,"Florida","mri-esm2-0","ssp585",NA,5.01383559834344,27.7789595200367
"3390",3781,"Florida","mri-esm2-0","ssp585",NA,14.8696406295861,28.7742115277807
"3391",3782,"Florida","mri-esm2-0","ssp585",NA,5.8131429190497,30.0433364251232
"3392",3783,"Florida","mri-esm2-0","ssp585",NA,4.27908546534791,30.850574240466
"3393",3784,"Florida","mri-esm2-0","ssp585",NA,6.47530605316534,30.7883567131433
"3394",3785,"Florida","mri-esm2-0","ssp585",NA,2.68530068730829,31.4185464288347
"3395",3786,"Florida","mri-esm2-0","ssp585",NA,0.0350095780875887,32.639423364192
"3396",3787,"Florida","mri-esm2-0","ssp585",NA,3.9366378966585,31.0639570128243
"3397",3788,"Florida","mri-esm2-0","ssp585",NA,1.42610344549597,31.1593982295527
"3398",3789,"Florida","mri-esm2-0","ssp585",NA,3.10174943296974,30.8250218969793
"3399",3790,"Florida","mri-esm2-0","ssp585",NA,4.83457473151358,30.7838825565143
"3400",3791,"Florida","mri-esm2-0","ssp585",NA,9.97719995734659,30.3891543817649
"3401",3792,"Florida","mri-esm2-0","ssp585",NA,5.79909506760999,31.2295105144984
"3402",3793,"Florida","mri-esm2-0","ssp585",NA,7.91849005536548,29.8224109577683
"3403",3794,"Florida","mri-esm2-0","ssp585",NA,7.57491360200906,30.5859236642678
"3404",3795,"Florida","mri-esm2-0","ssp585",NA,9.515769933097,29.7251999682815
"3405",3796,"Florida","mri-esm2-0","ssp585",NA,4.56733133247728,28.4066968892141
"3406",3797,"Florida","mri-esm2-0","ssp585",NA,12.3323890116264,27.4803504470866
"3407",3798,"Florida","mri-esm2-0","ssp585",NA,2.31502222590637,28.0229060170464
"3408",3799,"Florida","mri-esm2-0","ssp585",NA,1.1327339731492,27.7055491979553
"3409",3800,"Florida","mri-esm2-0","ssp585",NA,1.85562834215163,24.9225838797433
"3410",3801,"Florida","mri-esm2-0","ssp585",NA,0.38937939500832,24.5200937111744
"3411",3802,"Florida","mri-esm2-0","ssp585",NA,1.036782550746,25.452480824103
"3412",3803,"Florida","mri-esm2-0","ssp585",NA,1.28270875031518,23.8961596877106
"3413",3804,"Florida","mri-esm2-0","ssp585",NA,0.359085007110632,21.4154117553382
"3414",3805,"Florida","mri-esm2-0","ssp585",NA,1.5378671629788,18.9593616742651
"3415",3806,"Florida","mri-esm2-0","ssp585",NA,4.67789146882665,21.5255976509855
"3416",3807,"Florida","mri-esm2-0","ssp585",NA,0.892782656456996,20.4761394325935
"3417",3808,"Florida","mri-esm2-0","ssp585",NA,1.26567425349979,18.0469098607806
"3418",3809,"Florida","mri-esm2-0","ssp585",NA,3.18449259803559,20.3533588255191
"3419",3810,"Florida","mri-esm2-0","ssp585",NA,0.467906054688862,18.2948481557183
"3420",3811,"Florida","mri-esm2-0","ssp585",NA,1.28358859267049,21.9036174928403
"3421",3812,"Florida","mri-esm2-0","ssp585",NA,0.647729228812677,19.2510546085327
"3422",3813,"Florida","mri-esm2-0","ssp585",NA,0.0328254142029395,17.4807452014193
"3423",3814,"Florida","mri-esm2-0","ssp585",NA,4.98610874280047,20.5782836585032
"3424",3815,"Florida","mri-esm2-0","ssp585",NA,1.13435442061538,20.9281560933815
"3425",3816,"Florida","mri-esm2-0","ssp585",NA,0.0976620512171033,17.5522233741946
"3426",3817,"Florida","mri-esm2-0","ssp585",NA,6.16975182439015,22.6402558113366
"3427",3818,"Florida","mri-esm2-0","ssp585",NA,0.973639504696631,15.3385183164694
"3428",3819,"Florida","mri-esm2-0","ssp585",NA,1.71034365045065,17.6439098594645
"3429",3820,"Florida","mri-esm2-0","ssp585",NA,4.38006861330049,22.7066586065164
"3430",3821,"Florida","mri-esm2-0","ssp585",NA,0.16403207688577,20.1362901713328
"3431",3822,"Florida","mri-esm2-0","ssp585",NA,1.3707286135323,24.7082706091539
"3432",3823,"Florida","mri-esm2-0","ssp585",NA,1.46206425853613,23.2143094702872
"3433",3824,"Florida","mri-esm2-0","ssp585",NA,3.84959546996063,25.1196102173181
"3434",3825,"Florida","mri-esm2-0","ssp585",NA,5.45498487612976,23.992565046038
"3435",3826,"Florida","mri-esm2-0","ssp585",NA,0.000282138297320193,26.01962253951
"3436",3827,"Florida","mri-esm2-0","ssp585",NA,0.239920293395483,28.0142818810805
"3437",3828,"Florida","mri-esm2-0","ssp585",NA,0.654207081320397,28.2970654922033
"3438",3829,"Florida","mri-esm2-0","ssp585",NA,0.0401058630539513,30.6939003669348
"3439",3830,"Florida","mri-esm2-0","ssp585",NA,4.67377773686529,29.0679343334106
"3440",3831,"Florida","mri-esm2-0","ssp585",NA,4.88204875020033,27.4251891431783
"3441",3832,"Florida","mri-esm2-0","ssp585",NA,3.79092650742442,30.2893242273048
"3442",3833,"Florida","mri-esm2-0","ssp585",NA,17.1664445967344,28.7942658540052
"3443",3834,"Florida","mri-esm2-0","ssp585",NA,12.3096764071439,29.440939668311
"3444",3835,"Florida","mri-esm2-0","ssp585",NA,4.74436301976797,31.5660760514499
"3445",3836,"Florida","mri-esm2-0","ssp585",NA,2.60727511614888,31.5138487124379
"3446",3837,"Florida","mri-esm2-0","ssp585",NA,4.98284903465396,31.1686532814869
"3447",3838,"Florida","mri-esm2-0","ssp585",NA,4.79414970211485,30.6405012680835
"3448",3839,"Florida","mri-esm2-0","ssp585",NA,11.8841439593307,30.3136642579441
"3449",3840,"Florida","mri-esm2-0","ssp585",NA,15.2845427594934,30.5229644199588
"3450",3841,"Florida","mri-esm2-0","ssp585",NA,5.66174365946763,30.3959267341223
"3451",3842,"Florida","mri-esm2-0","ssp585",NA,6.87185010965819,30.827733025975
"3452",3843,"Florida","mri-esm2-0","ssp585",NA,5.69652067439911,30.8466357454778
"3453",3844,"Florida","mri-esm2-0","ssp585",NA,4.18048602642187,31.6447271712064
"3454",3845,"Florida","mri-esm2-0","ssp585",NA,1.43229463442649,31.5261125014478
"3455",3846,"Florida","mri-esm2-0","ssp585",NA,5.34355206322156,31.1752458186805
"3456",3847,"Florida","mri-esm2-0","ssp585",NA,5.20349563156279,30.44704754359
"3457",3848,"Florida","mri-esm2-0","ssp585",NA,5.52992786519113,29.4255659653492
"3458",3849,"Florida","mri-esm2-0","ssp585",NA,12.3105563649604,29.1666976887582
"3459",3850,"Florida","mri-esm2-0","ssp585",NA,0.509403137401861,30.5161202566965
"3460",3851,"Florida","mri-esm2-0","ssp585",NA,3.08432010295002,29.868381452946
"3461",3852,"Florida","mri-esm2-0","ssp585",NA,2.47802223972359,21.9350499402481
"3462",3853,"Florida","mri-esm2-0","ssp585",NA,0.10199936339416,25.6900439650543
"3463",3854,"Florida","mri-esm2-0","ssp585",NA,3.49738265738195,24.8928824617535
"3464",3855,"Florida","mri-esm2-0","ssp585",NA,3.29562263196281,23.782373704936
"3465",3856,"Florida","mri-esm2-0","ssp585",NA,0.67960714973699,24.6384690112502
"3466",3857,"Florida","mri-esm2-0","ssp585",NA,1.69555797426214,24.1278300570671
"3467",3858,"Florida","mri-esm2-0","ssp585",NA,2.8195429785608,20.0476730470066
"3468",3859,"Florida","mri-esm2-0","ssp585",NA,5.01729386291745,19.1395823681773
"3469",3860,"Florida","mri-esm2-0","ssp585",NA,3.93427107769284,19.5756326598299
"3470",3861,"Florida","mri-esm2-0","ssp585",NA,3.37739636564349,19.552630384913
"3471",3862,"Florida","mri-esm2-0","ssp585",NA,4.39603726266296,12.7851467739219
"3472",3863,"Florida","mri-esm2-0","ssp585",NA,1.63039480479039,18.84033300189
"3473",3864,"Florida","mri-esm2-0","ssp585",NA,1.56740123094265,13.573261254817
"3474",3865,"Florida","mri-esm2-0","ssp585",NA,6.14013785176173,20.5260201261371
"3475",3866,"Florida","mri-esm2-0","ssp585",NA,1.20206670276483,15.8002088850078
"3476",3867,"Florida","mri-esm2-0","ssp585",NA,0.888296074221476,16.5022493182488
"3477",3868,"Florida","mri-esm2-0","ssp585",NA,4.1078676073457,19.896541856627
"3478",3869,"Florida","mri-esm2-0","ssp585",NA,0.298756414852719,18.2656614236755
"3479",3870,"Florida","mri-esm2-0","ssp585",NA,0.239109435658293,16.802232011245
"3480",3871,"Florida","mri-esm2-0","ssp585",NA,1.34247388657115,17.0034314425487
"3481",3872,"Florida","mri-esm2-0","ssp585",NA,1.09439017032561,21.2216920919496
"3482",3873,"Florida","mri-esm2-0","ssp585",NA,3.64618080295058,23.0926926440627
"3483",3874,"Florida","mri-esm2-0","ssp585",NA,9.0986656281505,25.359970940027
"3484",3875,"Florida","mri-esm2-0","ssp585",NA,0.0116128741409423,25.096935492256
"3485",3876,"Florida","mri-esm2-0","ssp585",NA,3.26130165261993,24.020654954936
"3486",3877,"Florida","mri-esm2-0","ssp585",NA,6.62792462474933,22.6827006625358
"3487",3878,"Florida","mri-esm2-0","ssp585",NA,2.01953925172391,26.3793020572303
"3488",3879,"Florida","mri-esm2-0","ssp585",NA,3.05500103787158,25.5269636210727
"3489",3880,"Florida","mri-esm2-0","ssp585",NA,2.41508046853677,27.5936126955757
"3490",3881,"Florida","mri-esm2-0","ssp585",NA,5.62731307455307,26.0145468328841
"3491",3882,"Florida","mri-esm2-0","ssp585",NA,1.37421388858983,27.4867756722751
"3492",3883,"Florida","mri-esm2-0","ssp585",NA,3.55578921471215,27.6027862302055
"3493",3884,"Florida","mri-esm2-0","ssp585",NA,4.99130902167482,27.6821046237997
"3494",3885,"Florida","mri-esm2-0","ssp585",NA,15.2243458517917,28.2603580279492
"3495",3886,"Florida","mri-esm2-0","ssp585",NA,23.0657511589226,28.8155778992851
"3496",3887,"Florida","mri-esm2-0","ssp585",NA,22.3729700897369,29.2537923067407
"3497",3888,"Florida","mri-esm2-0","ssp585",NA,3.52421286801144,30.7854487416558
"3498",3889,"Florida","mri-esm2-0","ssp585",NA,12.1229255012752,30.7125389572103
"3499",3890,"Florida","mri-esm2-0","ssp585",NA,6.59933459266143,30.6581757990177
"3500",3891,"Florida","mri-esm2-0","ssp585",NA,1.64991803913735,32.0736352802287
"3501",3892,"Florida","mri-esm2-0","ssp585",NA,6.98543658586717,30.5209399775996
"3502",3893,"Florida","mri-esm2-0","ssp585",NA,6.81812087995144,30.2114081616672
"3503",3894,"Florida","mri-esm2-0","ssp585",NA,7.81261641162796,30.1402556468213
"3504",3895,"Florida","mri-esm2-0","ssp585",NA,8.14414090509819,30.2730352437721
"3505",3896,"Florida","mri-esm2-0","ssp585",NA,9.0121412020096,29.8863476694112
"3506",3897,"Florida","mri-esm2-0","ssp585",NA,6.57714632893572,30.4703262863776
"3507",3898,"Florida","mri-esm2-0","ssp585",NA,7.51808539047625,29.8924303738576
"3508",3899,"Florida","mri-esm2-0","ssp585",NA,9.93031091831526,28.8057921211675
"3509",3900,"Florida","mri-esm2-0","ssp585",NA,8.2452609324878,28.6814336483691
"3510",3901,"Florida","mri-esm2-0","ssp585",NA,0.938305488073998,29.0875968665768
"3511",3902,"Florida","mri-esm2-0","ssp585",NA,4.12254404123775,29.3168972293001
"3512",3903,"Florida","mri-esm2-0","ssp585",NA,5.64888421918395,25.4404526209253
"3513",3904,"Florida","mri-esm2-0","ssp585",NA,2.10010138666693,26.5443934355785
"3514",3905,"Florida","mri-esm2-0","ssp585",NA,7.47101747184753,24.2868314922981
"3515",3906,"Florida","mri-esm2-0","ssp585",NA,2.50955952121853,26.4673837666884
"3516",3907,"Florida","mri-esm2-0","ssp585",NA,2.47618015092164,24.0256122105848
"3517",3908,"Florida","mri-esm2-0","ssp585",NA,4.57023691696125,21.3113964152786
"3518",3909,"Florida","mri-esm2-0","ssp585",NA,0.870774944782062,17.6131590809784
"3519",3910,"Florida","mri-esm2-0","ssp585",NA,3.47520832183658,23.0479910549771
"3520",3911,"Florida","mri-esm2-0","ssp585",NA,1.63953845487383,23.5635310005949
"3521",3912,"Florida","mri-esm2-0","ssp585",NA,4.41722383276907,16.8109750917337
"3522",3913,"Florida","mri-esm2-0","ssp585",NA,1.44696555151784,18.3984851929698
"3523",3914,"Florida","mri-esm2-0","ssp585",NA,10.0788131635422,18.6603848274828
"3524",3915,"Florida","mri-esm2-0","ssp585",NA,1.16074685613396,15.3209377237408
"3525",3916,"Florida","mri-esm2-0","ssp585",NA,6.29555866334798,17.9315144253549
"3526",3917,"Florida","mri-esm2-0","ssp585",NA,2.42264994946863,22.5863006509539
"3527",3918,"Florida","mri-esm2-0","ssp585",NA,12.6587959713491,18.5300838172275
"3528",3919,"Florida","mri-esm2-0","ssp585",NA,3.85402166937202,19.0406113945892
"3529",3920,"Florida","mri-esm2-0","ssp585",NA,0.012372765642471,17.3882577736744
"3530",3921,"Florida","mri-esm2-0","ssp585",NA,1.47332934691098,19.0331792538378
"3531",3922,"Florida","mri-esm2-0","ssp585",NA,7.48273238571349,20.2371112011193
"3532",3923,"Florida","mri-esm2-0","ssp585",NA,2.3579884376695,18.6292790250958
"3533",3924,"Florida","mri-esm2-0","ssp585",NA,6.05019035590596,21.323245543611
"3534",3925,"Florida","mri-esm2-0","ssp585",NA,7.27000248966061,19.6320700262435
"3535",3926,"Florida","mri-esm2-0","ssp585",NA,6.75999712869263,20.9586736715065
"3536",3927,"Florida","mri-esm2-0","ssp585",NA,0.961353489501537,22.782788036583
"3537",3928,"Florida","mri-esm2-0","ssp585",NA,5.70479130143418,22.0621514579999
"3538",3929,"Florida","mri-esm2-0","ssp585",NA,6.06306577452792,25.0994058531892
"3539",3930,"Florida","mri-esm2-0","ssp585",NA,5.4593514678242,24.3269043626811
"3540",3931,"Florida","mri-esm2-0","ssp585",NA,3.93521578594964,23.421407102189
"3541",3932,"Florida","mri-esm2-0","ssp585",NA,3.82720674367812,25.6313709187058
"3542",3933,"Florida","mri-esm2-0","ssp585",NA,0.00630589684985629,24.1349969992419
"3543",3934,"Florida","mri-esm2-0","ssp585",NA,16.9510976686947,27.5964903140004
"3544",3935,"Florida","mri-esm2-0","ssp585",NA,5.24311618620915,27.6532425625948
"3545",3936,"Florida","mri-esm2-0","ssp585",NA,10.3076469297881,29.1177247080842
"3546",3937,"Florida","mri-esm2-0","ssp585",NA,4.41708772581811,30.1432138777165
"3547",3938,"Florida","mri-esm2-0","ssp585",NA,15.0241870871826,29.6356832745904
"3548",3939,"Florida","mri-esm2-0","ssp585",NA,7.90114696674185,30.5758791859259
"3549",3940,"Florida","mri-esm2-0","ssp585",NA,5.39835408981701,31.2710626237155
"3550",3941,"Florida","mri-esm2-0","ssp585",NA,10.3774322050244,29.9803236311016
"3551",3942,"Florida","mri-esm2-0","ssp585",NA,9.78382312244339,30.3587915302287
"3552",3943,"Florida","mri-esm2-0","ssp585",NA,7.56247920652962,29.6282809110986
"3553",3944,"Florida","mri-esm2-0","ssp585",NA,1.05088969309257,32.3591196558868
"3554",3945,"Florida","mri-esm2-0","ssp585",NA,4.63591336232041,31.9403683891194
"3555",3946,"Florida","mri-esm2-0","ssp585",NA,5.62386861250497,31.1825442085369
"3556",3947,"Florida","mri-esm2-0","ssp585",NA,5.85529579342634,30.393534271158
"3557",3948,"Florida","mri-esm2-0","ssp585",NA,4.31757897942363,30.6927597827346
"3558",3949,"Florida","mri-esm2-0","ssp585",NA,3.26458401988998,30.2435344521248
"3559",3950,"Florida","mri-esm2-0","ssp585",NA,2.52274466664223,30.9417465333348
"3560",3951,"Florida","mri-esm2-0","ssp585",NA,2.18962647002754,30.9162449428014
"3561",3952,"Florida","mri-esm2-0","ssp585",NA,2.64170047006961,29.7854287530534
"3562",3953,"Florida","mri-esm2-0","ssp585",NA,11.1784120993397,28.8137904411378
"3563",3954,"Florida","mri-esm2-0","ssp585",NA,13.5102046256314,27.6955669063764
"3564",3955,"Florida","mri-esm2-0","ssp585",NA,3.09175129664414,27.2223058160746
"3565",3956,"Florida","mri-esm2-0","ssp585",NA,3.77041831018704,27.5620945357248
"3566",3957,"Florida","mri-esm2-0","ssp585",NA,2.35653313772705,26.9741181982817
"3567",3958,"Florida","mri-esm2-0","ssp585",NA,1.00211161588763,27.7045287921422
"3568",3959,"Florida","mri-esm2-0","ssp585",NA,1.87490564901846,24.2198587340486
"3569",3960,"Florida","mri-esm2-0","ssp585",NA,6.81969795887909,25.8926300131086
"3570",3961,"Florida","mri-esm2-0","ssp585",NA,0.539668394417632,19.2595629257655
"3571",3962,"Florida","mri-esm2-0","ssp585",NA,0.809621843385234,18.9341991496536
"3572",3963,"Florida","mri-esm2-0","ssp585",NA,8.91286652233512,18.5420185757455
"3573",3964,"Florida","mri-esm2-0","ssp585",NA,0.0737281112359084,18.4535947568333
"3574",3965,"Florida","mri-esm2-0","ssp585",NA,0.906762296347127,18.8666435138877
"3575",3966,"Florida","mri-esm2-0","ssp585",NA,4.20927784409159,19.7533440849531
"3576",3967,"Florida","mri-esm2-0","ssp585",NA,2.23156352889531,15.6068727066575
"3577",3968,"Florida","mri-esm2-0","ssp585",NA,6.65072787663408,19.5123152658303
"3578",3969,"Florida","mri-esm2-0","ssp585",NA,1.27051023573438,16.128329689869
"3579",3970,"Florida","mri-esm2-0","ssp585",NA,1.76253482801905,20.9092536206516
"3580",3971,"Florida","mri-esm2-0","ssp585",NA,5.27012677250726,18.8478952742009
"3581",3972,"Florida","mri-esm2-0","ssp585",NA,1.85742701534097,14.7734738414179
"3582",3973,"Florida","mri-esm2-0","ssp585",NA,5.94369879130525,21.6986399689132
"3583",3974,"Florida","mri-esm2-0","ssp585",NA,2.28395940446918,17.2263922102689
"3584",3975,"Florida","mri-esm2-0","ssp585",NA,10.7159409828278,21.7444299086085
"3585",3976,"Florida","mri-esm2-0","ssp585",NA,1.08953925907036,18.0611487375758
"3586",3977,"Florida","mri-esm2-0","ssp585",NA,4.03742648206654,22.3536605464802
"3587",3978,"Florida","mri-esm2-0","ssp585",NA,3.06552518248287,20.3994511442365
"3588",3979,"Florida","mri-esm2-0","ssp585",NA,0.0122425421563525,22.6270783869083
"3589",3980,"Florida","mri-esm2-0","ssp585",NA,0.00590744193368296,26.2883444567575
"3590",3981,"Florida","mri-esm2-0","ssp585",NA,0.69078721256651,27.4932113441817
"3591",3982,"Florida","mri-esm2-0","ssp585",NA,0,24.0459874237966
"3592",3983,"Florida","mri-esm2-0","ssp585",NA,4.95790951813053,25.8578326531176
"3593",3984,"Florida","mri-esm2-0","ssp585",NA,4.35417674456981,25.0495539498137
"3594",3985,"Florida","mri-esm2-0","ssp585",NA,2.67012708104496,27.2373058226552
"3595",3986,"Florida","mri-esm2-0","ssp585",NA,0.0326336857929372,26.6590447685468
"3596",3987,"Florida","mri-esm2-0","ssp585",NA,0.158012553623054,28.7660703263193
"3597",3988,"Florida","mri-esm2-0","ssp585",NA,4.94759022929434,29.02539159564
"3598",3989,"Florida","mri-esm2-0","ssp585",NA,18.4552443306348,28.7119493345688
"3599",3990,"Florida","mri-esm2-0","ssp585",NA,19.0009458654836,29.5023866884792
"3600",3991,"Florida","mri-esm2-0","ssp585",NA,13.7222748434443,29.5459204660915
"3601",3992,"Florida","mri-esm2-0","ssp585",NA,3.51015225828007,31.1359586731122
"3602",3993,"Florida","mri-esm2-0","ssp585",NA,11.2358056728714,30.811817409793
"3603",3994,"Florida","mri-esm2-0","ssp585",NA,9.8652707483657,30.4343924550676
"3604",3995,"Florida","mri-esm2-0","ssp585",NA,3.94530228155452,31.1452551828883
"3605",3996,"Florida","mri-esm2-0","ssp585",NA,3.91177102056593,31.1672067811868
"3606",3997,"Florida","mri-esm2-0","ssp585",NA,8.00333648455633,30.6623025817049
"3607",3998,"Florida","mri-esm2-0","ssp585",NA,6.31643710002236,31.1263053297675
"3608",3999,"Florida","mri-esm2-0","ssp585",NA,6.07231218503567,31.4214541535493
"3609",4000,"Florida","mri-esm2-0","ssp585",NA,3.10155562562253,32.2279265617104
"3610",4001,"Florida","mri-esm2-0","ssp585",NA,7.94251973405612,30.8238938981954
"3611",4002,"Florida","mri-esm2-0","ssp585",NA,5.9096048303328,30.2671434592687
"3612",4003,"Florida","mri-esm2-0","ssp585",NA,6.3779980502605,30.5033426043159
"3613",4004,"Florida","mri-esm2-0","ssp585",NA,5.61446049466686,29.437466504696
"3614",4005,"Florida","mri-esm2-0","ssp585",NA,6.07336918859938,28.6951979809373
"3615",4006,"Florida","mri-esm2-0","ssp585",NA,4.59261887596186,29.2591638940364
"3616",4007,"Florida","mri-esm2-0","ssp585",NA,2.53525446832642,28.1244502558541
"3617",4008,"Florida","mri-esm2-0","ssp585",NA,0.0900457174710351,26.818766369267
"3618",4009,"Florida","mri-esm2-0","ssp585",NA,0.07262418223472,27.0758894681288
"3619",4010,"Florida","mri-esm2-0","ssp585",NA,0.0733932474087356,25.3752994012961
"3620",4011,"Florida","mri-esm2-0","ssp585",NA,2.12076127639774,26.019437953404
"3621",4012,"Florida","mri-esm2-0","ssp585",NA,1.86470945268766,22.5604761992503
"3622",4013,"Florida","mri-esm2-0","ssp585",NA,4.37693897158532,21.4754334976731
"3623",4014,"Florida","mri-esm2-0","ssp585",NA,3.2930435057246,19.4217658276828
"3624",4015,"Florida","mri-esm2-0","ssp585",NA,1.01891987632349,21.1668904183689
"3625",4016,"Florida","mri-esm2-0","ssp585",NA,2.74926893523736,19.4699799817849
"3626",4017,"Florida","mri-esm2-0","ssp585",NA,2.77219441574677,18.5583366784767
"3627",4018,"Florida","mri-esm2-0","ssp585",NA,3.50784827467656,19.7411302263204
"3628",4019,"Florida","mri-esm2-0","ssp585",NA,0.276888443887104,17.7012875127664
"3629",4020,"Florida","mri-esm2-0","ssp585",NA,1.05079777940307,15.2112146917379
"3630",4021,"Florida","mri-esm2-0","ssp585",NA,1.13627305283954,16.6833852104742
"3631",4022,"Florida","mri-esm2-0","ssp585",NA,0.301871232206292,17.3373245115872
"3632",4023,"Florida","mri-esm2-0","ssp585",NA,1.33738885537942,18.1483585162304
"3633",4024,"Florida","mri-esm2-0","ssp585",NA,0.185714580160704,22.0767230668801
"3634",4025,"Florida","mri-esm2-0","ssp585",NA,8.32925632344025,19.5044361371557
"3635",4026,"Florida","mri-esm2-0","ssp585",NA,6.7483140049701,19.1023531438206
"3636",4027,"Florida","mri-esm2-0","ssp585",NA,1.89094486130428,19.3224360463433
"3637",4028,"Florida","mri-esm2-0","ssp585",NA,0.0340800145237751,21.6397473769689
"3638",4029,"Florida","mri-esm2-0","ssp585",NA,1.06203373491031,22.5695518473088
"3639",4030,"Florida","mri-esm2-0","ssp585",NA,8.65750138523045,24.5113740741082
"3640",4031,"Florida","mri-esm2-0","ssp585",NA,8.25556479164488,24.9514164927192
"3641",4032,"Florida","mri-esm2-0","ssp585",NA,4.91133560215707,26.2920244982943
"3642",4033,"Florida","mri-esm2-0","ssp585",NA,8.18143722338163,24.0518362698208
"3643",4034,"Florida","mri-esm2-0","ssp585",NA,0.0718229982989474,23.5848967601026
"3644",4035,"Florida","mri-esm2-0","ssp585",NA,1.4790081871121,26.4819674674392
"3645",4036,"Florida","mri-esm2-0","ssp585",NA,4.34147511302014,25.089243417416
"3646",4037,"Florida","mri-esm2-0","ssp585",NA,2.37856178740952,26.1951820229584
"3647",4038,"Florida","mri-esm2-0","ssp585",NA,0.018731382091588,26.9417177431667
"3648",4039,"Florida","mri-esm2-0","ssp585",NA,10.1106658694168,27.8504998795749
"3649",4040,"Florida","mri-esm2-0","ssp585",NA,0.846665955809828,29.118525897332
"3650",4041,"Florida","mri-esm2-0","ssp585",NA,12.7596752638624,29.2280673045033
"3651",4042,"Florida","mri-esm2-0","ssp585",NA,6.01844884815237,29.4798661964602
"3652",4043,"Florida","mri-esm2-0","ssp585",NA,14.6793394926611,29.5840280373463
"3653",4044,"Florida","mri-esm2-0","ssp585",NA,11.0846651671835,30.6008933177856
"3654",4045,"Florida","mri-esm2-0","ssp585",NA,7.78894198468316,30.8804425591729
"3655",4046,"Florida","mri-esm2-0","ssp585",NA,13.5790557735016,30.3198314409693
"3656",4047,"Florida","mri-esm2-0","ssp585",NA,6.14243646772951,31.53004532066
"3657",4048,"Florida","mri-esm2-0","ssp585",NA,6.22259840704821,31.3876141900322
"3658",4049,"Florida","mri-esm2-0","ssp585",NA,1.38657266944659,31.874505697492
"3659",4050,"Florida","mri-esm2-0","ssp585",NA,6.31625662226283,31.67653973109
"3660",4051,"Florida","mri-esm2-0","ssp585",NA,7.00429120727277,31.3256555274491
"3661",4052,"Florida","mri-esm2-0","ssp585",NA,12.2142898918049,31.0375182611923
"3662",4053,"Florida","mri-esm2-0","ssp585",NA,5.41415357849836,31.4820809829589
"3663",4054,"Florida","mri-esm2-0","ssp585",NA,3.12767414865414,31.1896865556825
"3664",4055,"Florida","mri-esm2-0","ssp585",NA,9.30565303146278,29.710999999342
"3665",4056,"Florida","mri-esm2-0","ssp585",NA,12.634381736958,29.8178658128106
"3666",4057,"Florida","mri-esm2-0","ssp585",NA,18.4775163730783,29.290701548944
"3667",4058,"Florida","mri-esm2-0","ssp585",NA,1.50374753342515,28.9290126420096
"3668",4059,"Florida","mri-esm2-0","ssp585",NA,5.64148460247614,28.4054980666169
"3669",4060,"Florida","mri-esm2-0","ssp585",NA,2.61339091653405,27.9324199995262
"3670",4061,"Florida","mri-esm2-0","ssp585",NA,9.55124716048709,27.1107676051055
"3671",4062,"Florida","mri-esm2-0","ssp585",NA,1.04302028288206,27.3755404161315
"3672",4063,"Florida","mri-esm2-0","ssp585",NA,3.1164977899558,23.9581188438395
"3673",4064,"Florida","mri-esm2-0","ssp585",NA,1.71212691625356,25.852784173765
"3674",4065,"Florida","mri-esm2-0","ssp585",NA,4.16907322119469,23.343447686784
"3675",4066,"Florida","mri-esm2-0","ssp585",NA,4.02380520549729,23.5713568263298
"3676",4067,"Florida","mri-esm2-0","ssp585",NA,0.0593324350576356,20.3036193683141
"3677",4068,"Florida","mri-esm2-0","ssp585",NA,4.6383997395029,24.048615061305
"3678",4069,"Florida","mri-esm2-0","ssp585",NA,1.88216477670334,22.7291106601931
"3679",4070,"Florida","mri-esm2-0","ssp585",NA,1.76616350346412,22.2771284653492
"3680",4071,"Florida","mri-esm2-0","ssp585",NA,7.25912234930545,23.5747297179024
"3681",4072,"Florida","mri-esm2-0","ssp585",NA,3.69622707082475,21.3519584717455
"3682",4073,"Florida","mri-esm2-0","ssp585",NA,1.98773272985698,18.8718621020047
"3683",4074,"Florida","mri-esm2-0","ssp585",NA,2.95910310435013,20.5858431340549
"3684",4075,"Florida","mri-esm2-0","ssp585",NA,12.3505523453463,22.0077065357301
"3685",4076,"Florida","mri-esm2-0","ssp585",NA,2.35455401854921,17.1116818163273
"3686",4077,"Florida","mri-esm2-0","ssp585",NA,3.64879475915768,18.7503259705084
"3687",4078,"Florida","mri-esm2-0","ssp585",NA,5.40380535700499,19.5568224801529
"3688",4079,"Florida","mri-esm2-0","ssp585",NA,4.17559189126569,21.6741349294822
"3689",4080,"Florida","mri-esm2-0","ssp585",NA,3.38877895829116,23.2964531664579
"3690",4081,"Florida","mri-esm2-0","ssp585",NA,0.00534751775805215,18.7864885602679
"3691",4082,"Florida","mri-esm2-0","ssp585",NA,2.54762081439443,24.3075892034567
"3692",4083,"Florida","mri-esm2-0","ssp585",NA,1.06564375567867,24.456038630812
"3693",4084,"Florida","mri-esm2-0","ssp585",NA,0.53353291053043,25.6006325611207
"3694",4085,"Florida","mri-esm2-0","ssp585",NA,0.657502897293017,25.8058954367419
"3695",4086,"Florida","mri-esm2-0","ssp585",NA,2.3810658496699,22.6519774403534
"3696",4087,"Florida","mri-esm2-0","ssp585",NA,1.35297043510593,24.6852395440691
"3697",4088,"Florida","mri-esm2-0","ssp585",NA,3.55744525406942,27.5353418890036
"3698",4089,"Florida","mri-esm2-0","ssp585",NA,1.38428904384403,27.908517168153
"3699",4090,"Florida","mri-esm2-0","ssp585",NA,14.3787209365104,27.4679731425571
"3700",4091,"Florida","mri-esm2-0","ssp585",NA,1.44276454014796,26.2715571565448
"3701",4092,"Florida","mri-esm2-0","ssp585",NA,7.0877116058983,29.2221474701504
"3702",4093,"Florida","mri-esm2-0","ssp585",NA,6.04221125799566,30.2094003353479
"3703",4094,"Florida","mri-esm2-0","ssp585",NA,3.92995129070598,30.3083796169559
"3704",4095,"Florida","mri-esm2-0","ssp585",NA,7.92382115806599,31.7081358711675
"3705",4096,"Florida","mri-esm2-0","ssp585",NA,1.21019850221641,32.7225581002043
"3706",4097,"Florida","mri-esm2-0","ssp585",NA,5.6951227635233,31.9166127166337
"3707",4098,"Florida","mri-esm2-0","ssp585",NA,8.28845994187722,31.008927485628
"3708",4099,"Florida","mri-esm2-0","ssp585",NA,3.9733201492547,33.1054719415958
"3709",4100,"Florida","mri-esm2-0","ssp585",NA,11.9889190681521,30.8649062328904
"3710",4101,"Florida","mri-esm2-0","ssp585",NA,3.79091980151357,31.5779422071102
"3711",4102,"Florida","mri-esm2-0","ssp585",NA,4.53325651275484,31.5704944374105
"3712",4103,"Florida","mri-esm2-0","ssp585",NA,2.78868472688003,31.8477602894416
"3713",4104,"Florida","mri-esm2-0","ssp585",NA,7.54016125969002,30.9334130135508
"3714",4105,"Florida","mri-esm2-0","ssp585",NA,1.57827304800337,31.5582377225562
"3715",4106,"Florida","mri-esm2-0","ssp585",NA,6.65948179387515,30.498957203662
"3716",4107,"Florida","mri-esm2-0","ssp585",NA,4.8902557454795,30.9699637770332
"3717",4108,"Florida","mri-esm2-0","ssp585",NA,7.15595582231851,30.4665843871083
"3718",4109,"Florida","mri-esm2-0","ssp585",NA,3.81324790570963,30.3165348844708
"3719",4110,"Florida","mri-esm2-0","ssp585",NA,1.60956229461943,30.923269250258
"3720",4111,"Florida","mri-esm2-0","ssp585",NA,1.00884844693715,29.456808150875
"3721",4112,"Florida","mri-esm2-0","ssp585",NA,1.39506393793025,28.9656160503706
"3722",4113,"Florida","mri-esm2-0","ssp585",NA,8.80334598771027,23.7268207724846
"3723",4114,"Florida","mri-esm2-0","ssp585",NA,0.186971293704982,24.6078111016204
"3724",4115,"Florida","mri-esm2-0","ssp585",NA,3.36586607160538,26.323523080831
"3725",4116,"Florida","mri-esm2-0","ssp585",NA,0.104699322052739,26.115103568928
"3726",4117,"Florida","mri-esm2-0","ssp585",NA,1.04606355346945,25.367971069665
"3727",4118,"Florida","mri-esm2-0","ssp585",NA,3.78952831325696,25.2885355412157
"3728",4119,"Florida","mri-esm2-0","ssp585",NA,2.73269104745115,25.5677048346424
"3729",4120,"Florida","mri-esm2-0","ssp585",NA,3.5163132699234,23.4490079072608
"3730",4121,"Florida","mri-esm2-0","ssp585",NA,0.362020362397969,16.2580479871231
"3731",4122,"Florida","mri-esm2-0","ssp585",NA,1.02183385500425,18.6738704712243
"3732",4123,"Florida","mri-esm2-0","ssp585",NA,1.67283287174563,21.7515673202967
"3733",4124,"Florida","mri-esm2-0","ssp585",NA,3.95386244085233,24.9120496395142
"3734",4125,"Florida","mri-esm2-0","ssp585",NA,2.52464300652557,17.2021509710348
"3735",4126,"Florida","mri-esm2-0","ssp585",NA,0.0199273748474253,20.3356557511898
"3736",4127,"Florida","mri-esm2-0","ssp585",NA,1.41769127334251,21.8076277000242
"3737",4128,"Florida","mri-esm2-0","ssp585",NA,2.27471232269256,22.1988768708674
"3738",4129,"Florida","mri-esm2-0","ssp585",NA,6.48315744742917,19.5939746291169
"3739",4130,"Florida","mri-esm2-0","ssp585",NA,3.21094664639365,22.3574091086169
"3740",4131,"Florida","mri-esm2-0","ssp585",NA,0.888987193653063,19.4575017471519
"3741",4132,"Florida","mri-esm2-0","ssp585",NA,3.02554276874943,22.5346306073377
"3742",4133,"Florida","mri-esm2-0","ssp585",NA,6.78676833451337,24.3726632912525
"3743",4134,"Florida","mri-esm2-0","ssp585",NA,7.31865054406643,23.915262786783
"3744",4135,"Florida","mri-esm2-0","ssp585",NA,0.00407848618913636,21.9814483395805
"3745",4136,"Florida","mri-esm2-0","ssp585",NA,0.468072356559939,23.5915359373684
"3746",4137,"Florida","mri-esm2-0","ssp585",NA,0.922764149928517,25.9385354425066
"3747",4138,"Florida","mri-esm2-0","ssp585",NA,0.47443727410406,27.4397601762551
"3748",4139,"Florida","mri-esm2-0","ssp585",NA,0.114026184163313,27.922313416679
"3749",4140,"Florida","mri-esm2-0","ssp585",NA,0.0511076419928514,28.5950138719256
"3750",4141,"Florida","mri-esm2-0","ssp585",NA,4.27454810893259,27.6995184803266
"3751",4142,"Florida","mri-esm2-0","ssp585",NA,1.35693072624066,27.3300875681751
"3752",4143,"Florida","mri-esm2-0","ssp585",NA,4.90985979494279,27.6514512383392
"3753",4144,"Florida","mri-esm2-0","ssp585",NA,12.4337493317719,28.9561972235091
"3754",4145,"Florida","mri-esm2-0","ssp585",NA,2.16055379975457,31.4472990051434
"3755",4146,"Florida","mri-esm2-0","ssp585",NA,0.29399154960173,31.4335758013867
"3756",4147,"Florida","mri-esm2-0","ssp585",NA,3.31446935710305,31.1731046527544
"3757",4148,"Florida","mri-esm2-0","ssp585",NA,4.02555446322132,31.9515790337822
"3758",4149,"Florida","mri-esm2-0","ssp585",NA,8.25845016133581,30.8783799492767
"3759",4150,"Florida","mri-esm2-0","ssp585",NA,3.14410400065984,31.7541663321524
"3760",4151,"Florida","mri-esm2-0","ssp585",NA,2.33831544287826,31.6537361083327
"3761",4152,"Florida","mri-esm2-0","ssp585",NA,1.98702423794793,32.4261139656334
"3762",4153,"Florida","mri-esm2-0","ssp585",NA,4.32918458109687,33.1107509890657
"3763",4154,"Florida","mri-esm2-0","ssp585",NA,7.98684652075984,30.9308645901333
"3764",4155,"Florida","mri-esm2-0","ssp585",NA,4.57638325851779,31.5888292502843
"3765",4156,"Florida","mri-esm2-0","ssp585",NA,4.9700419162757,31.6007818587064
"3766",4157,"Florida","mri-esm2-0","ssp585",NA,3.64692850507365,32.4449058018605
"3767",4158,"Florida","mri-esm2-0","ssp585",NA,7.25311641273746,30.1353657601657
"3768",4159,"Florida","mri-esm2-0","ssp585",NA,1.63915662279772,31.7001243077199
"3769",4160,"Florida","mri-esm2-0","ssp585",NA,12.2748250094583,30.2157319513614
"3770",4161,"Florida","mri-esm2-0","ssp585",NA,14.4499624950024,29.8036073587012
"3771",4162,"Florida","mri-esm2-0","ssp585",NA,5.02541973024156,30.3063374892078
"3772",4163,"Florida","mri-esm2-0","ssp585",NA,4.91397027842245,26.588250485649
"3773",4164,"Florida","mri-esm2-0","ssp585",NA,10.0909693828628,28.2459250231638
"3774",4165,"Florida","mri-esm2-0","ssp585",NA,0.843300590012505,29.1328097690469
"3775",4166,"Florida","mri-esm2-0","ssp585",NA,3.78302707091853,27.2891325670433
"3776",4167,"Florida","mri-esm2-0","ssp585",NA,1.9715010477048,25.0400030994673
"3777",4168,"Florida","mri-esm2-0","ssp585",NA,0.353942295088309,23.1369383614018
"3778",4169,"Florida","mri-esm2-0","ssp585",NA,1.19106571121791,20.830681468213
"3779",4170,"Florida","mri-esm2-0","ssp585",NA,1.82385791217234,24.6729012296528
"3780",4171,"Florida","mri-esm2-0","ssp585",NA,4.09641010099717,25.2166212385234
"3781",4172,"Florida","mri-esm2-0","ssp585",NA,0.707445391644233,23.1657245810784
"3782",4173,"Florida","mri-esm2-0","ssp585",NA,4.09565155269527,20.1326117749484
"3783",4174,"Florida","mri-esm2-0","ssp585",NA,1.8872201900692,19.2599422979227
"3784",4175,"Florida","mri-esm2-0","ssp585",NA,1.35010503599474,18.9503838305204
"3785",4176,"Florida","mri-esm2-0","ssp585",NA,1.03991175942206,15.3111034958832
"3786",4177,"Florida","mri-esm2-0","ssp585",NA,3.67493810166329,20.8379142987439
"3787",4178,"Florida","mri-esm2-0","ssp585",NA,0.838848020674471,17.1130154591687
"3788",4179,"Florida","mri-esm2-0","ssp585",NA,3.72106352099535,13.3420190363882
"3789",4180,"Florida","mri-esm2-0","ssp585",NA,2.96935223878543,17.6715430740398
"3790",4181,"Florida","mri-esm2-0","ssp585",NA,8.72156137128761,20.7436203290832
"3791",4182,"Florida","mri-esm2-0","ssp585",NA,2.30286433656824,21.9363519139046
"3792",4183,"Florida","mri-esm2-0","ssp585",NA,6.85417398001716,21.2310222450935
"3793",4184,"Florida","mri-esm2-0","ssp585",NA,3.64547434232219,21.0315315513919
"3794",4185,"Florida","mri-esm2-0","ssp585",NA,14.0137071982298,24.2718374082663
"3795",4186,"Florida","mri-esm2-0","ssp585",NA,15.1653473857567,22.8195965131981
"3796",4187,"Florida","mri-esm2-0","ssp585",NA,10.7794653732416,25.5628881572713
"3797",4188,"Florida","mri-esm2-0","ssp585",NA,5.01551981563713,24.2902350659641
"3798",4189,"Florida","mri-esm2-0","ssp585",NA,0.194868677378859,23.9613256572713
"3799",4190,"Florida","mri-esm2-0","ssp585",NA,1.85156481341822,24.5315350062121
"3800",4191,"Florida","mri-esm2-0","ssp585",NA,1.06088581240799,25.4189452960485
"3801",4192,"Florida","mri-esm2-0","ssp585",NA,0.0583569219828875,27.1479515055119
"3802",4193,"Florida","mri-esm2-0","ssp585",NA,11.5747418526511,28.1103342719477
"3803",4194,"Florida","mri-esm2-0","ssp585",NA,9.26667544781128,28.118370759455
"3804",4195,"Florida","mri-esm2-0","ssp585",NA,1.73284507164016,28.9981804449282
"3805",4196,"Florida","mri-esm2-0","ssp585",NA,10.0311006569587,28.0709125529081
"3806",4197,"Florida","mri-esm2-0","ssp585",NA,3.58204091289074,29.6432647951851
"3807",4198,"Florida","mri-esm2-0","ssp585",NA,5.85399840910093,30.0965349798897
"3808",4199,"Florida","mri-esm2-0","ssp585",NA,5.35482896054327,31.1226948781798
"3809",4200,"Florida","mri-esm2-0","ssp585",NA,10.9715345184894,31.2976965726868
"3810",4201,"Florida","mri-esm2-0","ssp585",NA,4.69239095585884,30.6623934763783
"3811",4202,"Florida","mri-esm2-0","ssp585",NA,11.5363722300692,30.484131830015
"3812",4203,"Florida","mri-esm2-0","ssp585",NA,10.6845832680053,30.8758972497
"3813",4204,"Florida","mri-esm2-0","ssp585",NA,3.60734611492441,31.5988946220624
"3814",4205,"Florida","mri-esm2-0","ssp585",NA,7.00162356417099,31.5180808671401
"3815",4206,"Florida","mri-esm2-0","ssp585",NA,8.54818787282061,31.1597303858343
"3816",4207,"Florida","mri-esm2-0","ssp585",NA,5.73436839793361,31.156904836485
"3817",4208,"Florida","mri-esm2-0","ssp585",NA,9.93462821106463,30.8249550215318
"3818",4209,"Florida","mri-esm2-0","ssp585",NA,7.7458049325841,31.0830473619651
"3819",4210,"Florida","mri-esm2-0","ssp585",NA,10.3993417244722,30.5922575834948
"3820",4211,"Florida","mri-esm2-0","ssp585",NA,7.42788943115044,30.7071779811479
"3821",4212,"Florida","mri-esm2-0","ssp585",NA,13.6521870318518,29.9220705921759
"3822",4213,"Florida","mri-esm2-0","ssp585",NA,8.55525268426584,29.6211041802666
"3823",4214,"Florida","mri-esm2-0","ssp585",NA,3.3691401068969,29.6336307001243
"3824",4215,"Florida","mri-esm2-0","ssp585",NA,2.78091966890176,29.5973686608986
"3825",4216,"Florida","mri-esm2-0","ssp585",NA,2.19112023094376,29.4303306559026
"3826",4217,"Florida","mri-esm2-0","ssp585",NA,10.5286713873945,26.9701262358386
"3827",4218,"Florida","mri-esm2-0","ssp585",NA,0.794097204700938,25.4454255877801
"3828",4219,"Florida","mri-esm2-0","ssp585",NA,5.74253075775156,26.2573693617335
"3829",4220,"Florida","mri-esm2-0","ssp585",NA,1.60626696863548,21.4850053237134
"3830",4221,"Florida","mri-esm2-0","ssp585",NA,1.22604220518106,22.0406095849215
"3831",4222,"Florida","mri-esm2-0","ssp585",NA,0.202869618135568,26.2852742732375
"3832",4223,"Florida","mri-esm2-0","ssp585",NA,2.04286310867506,25.3345122057151
"3833",4224,"Florida","mri-esm2-0","ssp585",NA,2.35867673898444,21.6754428256876
"3834",4225,"Florida","mri-esm2-0","ssp585",NA,3.77923865034825,21.7802112342855
"3835",4226,"Florida","mri-esm2-0","ssp585",NA,8.78858037722925,19.5879055794359
"3836",4227,"Florida","mri-esm2-0","ssp585",NA,1.51736769186603,18.0030286269689
"3837",4228,"Florida","mri-esm2-0","ssp585",NA,0.00144097335343067,17.0367764619483
"3838",4229,"Florida","mri-esm2-0","ssp585",NA,0.204686253949215,14.8094526676476
"3839",4230,"Florida","mri-esm2-0","ssp585",NA,1.28194135341136,16.2372990775301
"3840",4231,"Florida","mri-esm2-0","ssp585",NA,1.60569947924861,13.9031167084316
"3841",4232,"Florida","mri-esm2-0","ssp585",NA,9.1631990147281,19.0143543500464
"3842",4233,"Florida","mri-esm2-0","ssp585",NA,2.73486215280793,18.8425857091529
"3843",4234,"Florida","mri-esm2-0","ssp585",NA,2.01930640649402,16.9328464230437
"3844",4235,"Florida","mri-esm2-0","ssp585",NA,1.10679210259241,16.9644301422202
"3845",4236,"Florida","mri-esm2-0","ssp585",NA,0.185035478491065,16.0275672275101
"3846",4237,"Florida","mri-esm2-0","ssp585",NA,5.11042668890487,21.8004824738618
"3847",4238,"Florida","mri-esm2-0","ssp585",NA,0.224274429918619,18.4845225537241
"3848",4239,"Florida","mri-esm2-0","ssp585",NA,2.82682808684486,23.8351698554109
"3849",4240,"Florida","mri-esm2-0","ssp585",NA,4.57141910962695,22.3766348538052
"3850",4241,"Florida","mri-esm2-0","ssp585",NA,12.0230479751371,20.1083081844361
"3851",4242,"Florida","mri-esm2-0","ssp585",NA,0.803476233383081,22.1645095537294
"3852",4243,"Florida","mri-esm2-0","ssp585",NA,0.511914843242031,24.9192074510929
"3853",4244,"Florida","mri-esm2-0","ssp585",NA,1.0824915593154,26.7311110833263
"3854",4245,"Florida","mri-esm2-0","ssp585",NA,0.613397075731684,26.6662827813079
"3855",4246,"Florida","mri-esm2-0","ssp585",NA,0.72644619472611,28.1426384033861
"3856",4247,"Florida","mri-esm2-0","ssp585",NA,2.72107409091846,27.5715984169685
"3857",4248,"Florida","mri-esm2-0","ssp585",NA,2.31798933413856,28.0100490683173
"3858",4249,"Florida","mri-esm2-0","ssp585",NA,6.18170986289616,28.8484265761877
"3859",4250,"Florida","mri-esm2-0","ssp585",NA,3.3554084663021,30.8708733653765
"3860",4251,"Florida","mri-esm2-0","ssp585",NA,1.5167833118358,31.916499859175
"3861",4252,"Florida","mri-esm2-0","ssp585",NA,3.93460875780982,31.3220097050834
"3862",4253,"Florida","mri-esm2-0","ssp585",NA,10.2001049345992,31.0118876084485
"3863",4254,"Florida","mri-esm2-0","ssp585",NA,5.87600055833078,31.3844180700914
"3864",4255,"Florida","mri-esm2-0","ssp585",NA,0.604636594913966,33.0703149512772
"3865",4256,"Florida","mri-esm2-0","ssp585",NA,3.37619612576313,33.1357022761013
"3866",4257,"Florida","mri-esm2-0","ssp585",NA,0.490349147924896,33.6410017234617
"3867",4258,"Florida","mri-esm2-0","ssp585",NA,3.57818398638583,32.8717656960706
"3868",4259,"Florida","mri-esm2-0","ssp585",NA,5.83922547825738,32.0718142609712
"3869",4260,"Florida","mri-esm2-0","ssp585",NA,7.02928228240268,31.3818625725183
"3870",4261,"Florida","mri-esm2-0","ssp585",NA,3.38134864822876,31.3079258839075
"3871",4262,"Florida","mri-esm2-0","ssp585",NA,5.81902028327188,31.4040908854606
"3872",4263,"Florida","mri-esm2-0","ssp585",NA,4.28985248305214,31.063297306688
"3873",4264,"Florida","mri-esm2-0","ssp585",NA,12.0337949441578,29.985442193949
"3874",4265,"Florida","mri-esm2-0","ssp585",NA,6.24368055116036,29.9494038954578
"3875",4266,"Florida","mri-esm2-0","ssp585",NA,4.58525031482484,30.7288232520584
"3876",4267,"Florida","mri-esm2-0","ssp585",NA,1.47971723281664,29.5172613344424
"3877",4268,"Florida","mri-esm2-0","ssp585",NA,1.16869682438023,29.2426551181351
"3878",4269,"Florida","mri-esm2-0","ssp585",NA,1.44003943953944,28.9219548557004
"3879",4270,"Florida","mri-esm2-0","ssp585",NA,2.02996407215936,27.8480039365208
"3880",4271,"Florida","mri-esm2-0","ssp585",NA,4.70989837146646,28.3360521506749
"3881",4272,"Florida","mri-esm2-0","ssp585",NA,0.140937588037319,26.1568005338191
"3882",4273,"Florida","mri-esm2-0","ssp585",NA,3.21460618884845,24.7009765789515
"3883",4274,"Florida","mri-esm2-0","ssp585",NA,1.42988771478431,25.8354176976289
"3884",4275,"Florida","mri-esm2-0","ssp585",NA,0.478118606188807,26.901154781866
"3885",4276,"Florida","mri-esm2-0","ssp585",NA,1.44312619444429,25.8109637401818
"3886",4277,"Florida","mri-esm2-0","ssp585",NA,1.80383208717005,26.6625811882739
"3887",4278,"Florida","mri-esm2-0","ssp585",NA,4.98627738346929,18.7255841936384
"3888",4279,"Florida","mri-esm2-0","ssp585",NA,3.52054348458666,19.1202273140057
"3889",4280,"Florida","mri-esm2-0","ssp585",NA,3.05596263828085,20.4295044603374
"3890",4281,"Florida","mri-esm2-0","ssp585",NA,3.11565934215212,20.2069561323387
"3891",4282,"Florida","mri-esm2-0","ssp585",NA,2.15740378841555,17.2808339244915
"3892",4283,"Florida","mri-esm2-0","ssp585",NA,0.000298795105901677,17.0931034386319
"3893",4284,"Florida","mri-esm2-0","ssp585",NA,9.06088054201816,20.0116168986113
"3894",4285,"Florida","mri-esm2-0","ssp585",NA,0.564017518429146,13.9284139710295
"3895",4286,"Florida","mri-esm2-0","ssp585",NA,2.33321548647839,14.7959824883392
"3896",4287,"Florida","mri-esm2-0","ssp585",NA,0.0698060948967136,17.906466732385
"3897",4288,"Florida","mri-esm2-0","ssp585",NA,7.05302523572147,17.3173927492209
"3898",4289,"Florida","mri-esm2-0","ssp585",NA,3.89893984249132,19.289974802845
"3899",4290,"Florida","mri-esm2-0","ssp585",NA,0.298399165635883,20.9011674495399
"3900",4291,"Florida","mri-esm2-0","ssp585",NA,1.50418125579727,20.2251234686921
"3901",4292,"Florida","mri-esm2-0","ssp585",NA,3.9142195509351,20.6505306932804
"3902",4293,"Florida","mri-esm2-0","ssp585",NA,0.465912669737048,21.0818004186584
"3903",4294,"Florida","mri-esm2-0","ssp585",NA,3.41247697675974,25.6415566333864
"3904",4295,"Florida","mri-esm2-0","ssp585",NA,1.39501279605375,25.2334174225594
"3905",4296,"Florida","mri-esm2-0","ssp585",NA,0.599351669151991,24.7375361439996
"3906",4297,"Florida","mri-esm2-0","ssp585",NA,4.91469198760861,25.4916506703009
"3907",4298,"Florida","mri-esm2-0","ssp585",NA,6.88315599886358,27.1695872345382
"3908",4299,"Florida","mri-esm2-0","ssp585",NA,3.74137112454102,26.4690392836085
"3909",4300,"Florida","mri-esm2-0","ssp585",NA,1.1042605035879,28.8750305011266
"3910",4301,"Florida","mri-esm2-0","ssp585",NA,0.0680966028237086,29.8554936576083
"3911",4302,"Florida","mri-esm2-0","ssp585",NA,1.6676973373545,30.8550363052245
"3912",4303,"Florida","mri-esm2-0","ssp585",NA,8.18616983087261,29.5732058954368
"3913",4304,"Florida","mri-esm2-0","ssp585",NA,7.15479171075656,28.5462627400607
"3914",4305,"Florida","mri-esm2-0","ssp585",NA,10.32126407525,30.2571396161925
"3915",4306,"Florida","mri-esm2-0","ssp585",NA,5.67534581591461,31.1904938319944
"3916",4307,"Florida","mri-esm2-0","ssp585",NA,6.10040643616446,32.5704542134329
"3917",4308,"Florida","mri-esm2-0","ssp585",NA,5.13077323883266,32.3541858436605
"3918",4309,"Florida","mri-esm2-0","ssp585",NA,5.75009918761839,31.3366568264614
"3919",4310,"Florida","mri-esm2-0","ssp585",NA,3.88668856827976,32.2404862313901
"3920",4311,"Florida","mri-esm2-0","ssp585",NA,9.94376913320819,31.063287929319
"3921",4312,"Florida","mri-esm2-0","ssp585",NA,3.52062784487314,32.0948467244357
"3922",4313,"Florida","mri-esm2-0","ssp585",NA,7.14930033322839,31.8094805529818
"3923",4314,"Florida","mri-esm2-0","ssp585",NA,5.25703375911944,31.0869363378643
"3924",4315,"Florida","mri-esm2-0","ssp585",NA,4.4972618315607,31.2098537393658
"3925",4316,"Florida","mri-esm2-0","ssp585",NA,5.39777156749173,30.5079436021995
"3926",4317,"Florida","mri-esm2-0","ssp585",NA,9.24254187783308,30.1691942076156
"3927",4318,"Florida","mri-esm2-0","ssp585",NA,2.15473191092413,30.3323363270721
"3928",4319,"Florida","mri-esm2-0","ssp585",NA,1.43998689184792,29.6026386600299
"3929",4320,"Florida","mri-esm2-0","ssp585",NA,5.79250657477468,28.5866550990514
"3930",4321,"Florida","mri-esm2-0","ssp585",NA,6.33473158345979,26.491351746099
"3931",4322,"Florida","mri-esm2-0","ssp585",NA,0.017064576803812,22.6294545628633
"3932",4323,"Florida","mri-esm2-0","ssp585",NA,2.01311814497248,27.0130490038273
"3933",4324,"Florida","mri-esm2-0","ssp585",NA,0.579230634692636,24.7610314711085
"3934",4325,"Florida","mri-esm2-0","ssp585",NA,0.120920033086535,25.8396425314027
"3935",4326,"Florida","mri-esm2-0","ssp585",NA,0.624982878044548,23.9906814287294
"3936",4327,"Florida","mri-esm2-0","ssp585",NA,3.83762545758964,23.325162886545
"3937",4328,"Florida","mri-esm2-0","ssp585",NA,2.82115887623046,21.3211792321218
"3938",4329,"Florida","mri-esm2-0","ssp585",NA,2.53125583527984,17.4915865916126
"3939",4330,"Florida","mri-esm2-0","ssp585",NA,6.00332885383056,17.6345836546865
"3940",4331,"Florida","mri-esm2-0","ssp585",NA,0.803699319718151,16.706977025775
"3941",4332,"Florida","mri-esm2-0","ssp585",NA,0.801942438430084,17.1751856061005
"3942",4333,"Florida","mri-esm2-0","ssp585",NA,3.02414344292443,19.8862483022027
"3943",4334,"Florida","mri-esm2-0","ssp585",NA,3.99143929619976,14.8841842939269
"3944",4335,"Florida","mri-esm2-0","ssp585",NA,2.26722220033426,13.389655083916
"3945",4336,"Florida","mri-esm2-0","ssp585",NA,0.762615316231352,21.2351955855953
"3946",4337,"Florida","mri-esm2-0","ssp585",NA,3.45213686955148,20.9462260367093
"3947",4338,"Florida","mri-esm2-0","ssp585",NA,1.67163848490935,19.4918547514635
"3948",4339,"Florida","mri-esm2-0","ssp585",NA,1.61391739769838,15.4381100883381
"3949",4340,"Florida","mri-esm2-0","ssp585",NA,4.92923612659648,21.7103228545896
"3950",4341,"Florida","mri-esm2-0","ssp585",NA,4.37188336820224,20.8919996729437
"3951",4342,"Florida","mri-esm2-0","ssp585",NA,0.79591790164622,23.3362276061847
"3952",4343,"Florida","mri-esm2-0","ssp585",NA,0.77846636841721,23.7815254643279
"3953",4344,"Florida","mri-esm2-0","ssp585",NA,3.95315863119851,22.3573634556362
"3954",4345,"Florida","mri-esm2-0","ssp585",NA,0.0795472130323591,21.9028598178751
"3955",4346,"Florida","mri-esm2-0","ssp585",NA,0.469003451434344,24.9011409625853
"3956",4347,"Florida","mri-esm2-0","ssp585",NA,9.22126447163131,25.6095784066501
"3957",4348,"Florida","mri-esm2-0","ssp585",NA,0.503935376681906,28.6100263816649
"3958",4349,"Florida","mri-esm2-0","ssp585",NA,2.00015327030889,27.7112694753148
"3959",4350,"Florida","mri-esm2-0","ssp585",NA,3.89667289802865,27.0568407413452
"3960",4351,"Florida","mri-esm2-0","ssp585",NA,0.0177692662768183,26.8892850068702
"3961",4352,"Florida","mri-esm2-0","ssp585",NA,1.4074420170918,28.4803005989671
"3962",4353,"Florida","mri-esm2-0","ssp585",NA,6.52902951015576,29.5327828543527
"3963",4354,"Florida","mri-esm2-0","ssp585",NA,8.08295546360145,30.4849619739461
"3964",4355,"Florida","mri-esm2-0","ssp585",NA,4.32896698471599,30.5677800181099
"3965",4356,"Florida","mri-esm2-0","ssp585",NA,10.7894352868336,30.4624549721772
"3966",4357,"Florida","mri-esm2-0","ssp585",NA,3.42901878687584,31.1613590867693
"3967",4358,"Florida","mri-esm2-0","ssp585",NA,15.8700557561969,30.9484790730027
"3968",4359,"Florida","mri-esm2-0","ssp585",NA,9.50085528906634,30.0811443318575
"3969",4360,"Florida","mri-esm2-0","ssp585",NA,2.8049242597591,31.6951649133729
"3970",4361,"Florida","mri-esm2-0","ssp585",NA,1.19174680911418,33.0240790930077
"3971",4362,"Florida","mri-esm2-0","ssp585",NA,5.77465500255253,32.2457211065164
"3972",4363,"Florida","mri-esm2-0","ssp585",NA,5.55038227442254,30.7095947923686
"3973",4364,"Florida","mri-esm2-0","ssp585",NA,6.84093665862296,30.8474299428277
"3974",4365,"Florida","mri-esm2-0","ssp585",NA,3.9619780368679,32.2993301268215
"3975",4366,"Florida","mri-esm2-0","ssp585",NA,8.8627890678082,31.0064220006897
"3976",4367,"Florida","mri-esm2-0","ssp585",NA,4.95549905572751,30.4796334896448
"3977",4368,"Florida","mri-esm2-0","ssp585",NA,6.41118416351085,29.9510702703841
"3978",4369,"Florida","mri-esm2-0","ssp585",NA,6.86094511498679,30.2214732866724
"3979",4370,"Florida","mri-esm2-0","ssp585",NA,8.583973536791,29.5005515209106
"3980",4371,"Florida","mri-esm2-0","ssp585",NA,8.05142627016297,29.4154444938722
"3981",4372,"Florida","mri-esm2-0","ssp585",NA,10.3188529632354,26.6902456607459
"3982",4373,"Florida","mri-esm2-0","ssp585",NA,0.0782150466328787,26.9182185499495
"3983",4374,"Florida","mri-esm2-0","ssp585",NA,0.26734818909977,25.8142463128843
"3984",4375,"Florida","mri-esm2-0","ssp585",NA,4.75313943854828,26.7947648287462
"3985",4376,"Florida","mri-esm2-0","ssp585",NA,1.37090625318591,26.2939042494946
"3986",4377,"Florida","mri-esm2-0","ssp585",NA,1.46236389578608,24.9776992838981
"3987",4378,"Florida","mri-esm2-0","ssp585",NA,2.96233708222669,22.7468667084316
"3988",4379,"Florida","mri-esm2-0","ssp585",NA,6.15680478786138,24.8439879548518
"3989",4380,"Florida","mri-esm2-0","ssp585",NA,2.77127496929612,20.9868858974899
"3990",4381,"Florida","mri-esm2-0","ssp585",NA,0.389944568499077,19.1086618099573
"3991",4382,"Florida","mri-esm2-0","ssp585",NA,3.44331357163995,19.4401641434415
"3992",4383,"Florida","mri-esm2-0","ssp585",NA,1.82681960667433,22.6260705665116
"3993",4384,"Florida","mri-esm2-0","ssp585",NA,2.85293658362844,20.0554969808162
"3994",4385,"Florida","mri-esm2-0","ssp585",NA,0.732049010272963,16.5762569951883
"3995",4386,"Florida","mri-esm2-0","ssp585",NA,4.53696136511684,21.0520642056941
"3996",4387,"Florida","mri-esm2-0","ssp585",NA,6.69935662129753,21.2260731329494
"3997",4388,"Florida","mri-esm2-0","ssp585",NA,0.0528437305728822,17.1541871268794
"3998",4389,"Florida","mri-esm2-0","ssp585",NA,2.64062533282109,19.8700394375948
"3999",4390,"Florida","mri-esm2-0","ssp585",NA,1.02200181010723,16.664495240903
"4000",4391,"Florida","mri-esm2-0","ssp585",NA,3.54912795698297,20.1378835837475
"4001",4392,"Florida","mri-esm2-0","ssp585",NA,5.56080783861775,19.4718256783293
"4002",4393,"Florida","mri-esm2-0","ssp585",NA,4.62143652612482,19.2080615925339
"4003",4394,"Florida","mri-esm2-0","ssp585",NA,5.0704164884158,19.4447634139151
"4004",4395,"Florida","mri-esm2-0","ssp585",NA,2.77711978486806,21.063489954041
"4005",4396,"Florida","mri-esm2-0","ssp585",NA,14.2605892270275,20.646291382165
"4006",4397,"Florida","mri-esm2-0","ssp585",NA,5.55599989542723,23.4976309640067
"4007",4398,"Florida","mri-esm2-0","ssp585",NA,4.32796941984737,22.6832406838307
"4008",4399,"Florida","mri-esm2-0","ssp585",NA,5.35375633344424,25.5542719180372
"4009",4400,"Florida","mri-esm2-0","ssp585",NA,4.69203877973383,25.9512127405871
"4010",4401,"Florida","mri-esm2-0","ssp585",NA,0.0564415194955136,26.4877777346382
"4011",4402,"Florida","mri-esm2-0","ssp585",NA,0.351412400202313,26.2470753960211
"4012",4403,"Florida","mri-esm2-0","ssp585",NA,1.07690139867199,28.0894298954473
"4013",4404,"Florida","mri-esm2-0","ssp585",NA,0.340739657251518,28.2323947957905
"4014",4405,"Florida","mri-esm2-0","ssp585",NA,0.123055670618083,28.7413834152839
"4015",4406,"Florida","mri-esm2-0","ssp585",NA,0.385436245905187,31.2328556852521
"4016",4407,"Florida","mri-esm2-0","ssp585",NA,4.88160989063834,30.8653477918106
"4017",4408,"Florida","mri-esm2-0","ssp585",NA,10.326271838746,30.203170472014
"4018",4409,"Florida","mri-esm2-0","ssp585",NA,13.981324120769,30.3284635559247
"4019",4410,"Florida","mri-esm2-0","ssp585",NA,8.43351549396214,30.8207760875116
"4020",4411,"Florida","mri-esm2-0","ssp585",NA,9.2437032494351,30.8288044315143
"4021",4412,"Florida","mri-esm2-0","ssp585",NA,7.58144455054977,31.1319802009192
"4022",4413,"Florida","mri-esm2-0","ssp585",NA,6.01136578541657,31.3652104215802
"4023",4414,"Florida","mri-esm2-0","ssp585",NA,11.0815455341364,31.3347119272237
"4024",4415,"Florida","mri-esm2-0","ssp585",NA,7.67046962422746,31.3668994996105
"4025",4416,"Florida","mri-esm2-0","ssp585",NA,5.72284508833237,31.3030036700061
"4026",4417,"Florida","mri-esm2-0","ssp585",NA,6.14401898074728,31.5284802048676
"4027",4418,"Florida","mri-esm2-0","ssp585",NA,3.65431981688773,31.8641703561953
"4028",4419,"Florida","mri-esm2-0","ssp585",NA,2.24896487491427,32.1948069281977
"4029",4420,"Florida","mri-esm2-0","ssp585",NA,4.07751393891969,31.9952033770374
"4030",4421,"Florida","mri-esm2-0","ssp585",NA,9.49581293838506,30.5169861004359
"4031",4422,"Florida","mri-esm2-0","ssp585",NA,6.77163754026606,28.0306865188311
"4032",4423,"Florida","mri-esm2-0","ssp585",NA,4.24549740448638,26.6007652426666
"4033",4424,"Florida","mri-esm2-0","ssp585",NA,9.27683043770142,26.2216692243304
"4034",4425,"Florida","mri-esm2-0","ssp585",NA,5.86909625504494,27.1881535203631
"4035",4426,"Florida","mri-esm2-0","ssp585",NA,5.07038802758486,27.0953844425171
"4036",4427,"Florida","mri-esm2-0","ssp585",NA,2.33938835649901,26.5945162955642
"4037",4428,"Florida","mri-esm2-0","ssp585",NA,11.2464495376788,24.223380265146
"4038",4429,"Florida","mri-esm2-0","ssp585",NA,2.81840054704523,25.4691476991556
"4039",4430,"Florida","mri-esm2-0","ssp585",NA,3.85903208572235,23.9627450948134
"4040",4431,"Florida","mri-esm2-0","ssp585",NA,5.14003360765027,23.7325816851099
"4041",4432,"Florida","mri-esm2-0","ssp585",NA,3.57334125190764,23.975413015525
"4042",4433,"Florida","mri-esm2-0","ssp585",NA,5.47831954108155,23.5420090338612
"4043",4434,"Florida","mri-esm2-0","ssp585",NA,3.06024566759169,20.9781840280703
"4044",4435,"Florida","mri-esm2-0","ssp585",NA,4.61089909685537,24.248728116182
"4045",4436,"Florida","mri-esm2-0","ssp585",NA,0.780644088740272,19.2863682996231
"4046",4437,"Florida","mri-esm2-0","ssp585",NA,0.343942427771204,16.7257161348657
"4047",4438,"Florida","mri-esm2-0","ssp585",NA,0.836385873269243,18.7315813501569
"4048",4439,"Florida","mri-esm2-0","ssp585",NA,3.31493328697132,17.3539921269584
"4049",4440,"Florida","mri-esm2-0","ssp585",NA,1.16856577797153,17.3256081470582
"4050",4441,"Florida","mri-esm2-0","ssp585",NA,3.99134063855361,20.6780846115071
"4051",4442,"Florida","mri-esm2-0","ssp585",NA,0.873781311837949,19.3342554796738
"4052",4443,"Florida","mri-esm2-0","ssp585",NA,1.52168739452728,16.7441401972604
"4053",4444,"Florida","mri-esm2-0","ssp585",NA,0.782288416264121,22.2247873640446
"4054",4445,"Florida","mri-esm2-0","ssp585",NA,1.76537060167932,24.0226993858975
"4055",4446,"Florida","mri-esm2-0","ssp585",NA,4.43964797405748,25.0935868666821
"4056",4447,"Florida","mri-esm2-0","ssp585",NA,6.24006421836247,23.0256642796601
"4057",4448,"Florida","mri-esm2-0","ssp585",NA,2.27522127827618,21.9776769920822
"4058",4449,"Florida","mri-esm2-0","ssp585",NA,4.27753030689389,22.7343530207632
"4059",4450,"Florida","mri-esm2-0","ssp585",NA,1.89894335044962,24.8611939463654
"4060",4451,"Florida","mri-esm2-0","ssp585",NA,0.904858724808059,25.1204066356238
"4061",4452,"Florida","mri-esm2-0","ssp585",NA,3.01599189505202,27.5951722178498
"4062",4453,"Florida","mri-esm2-0","ssp585",NA,8.99468560568974,26.4069973763109
"4063",4454,"Florida","mri-esm2-0","ssp585",NA,8.06669957812138,24.451725041063
"4064",4455,"Florida","mri-esm2-0","ssp585",NA,8.81607541647354,28.5078949879443
"4065",4456,"Florida","mri-esm2-0","ssp585",NA,14.064757639161,28.3169390161725
"4066",4457,"Florida","mri-esm2-0","ssp585",NA,3.25155016709485,29.4486128238976
"4067",4458,"Florida","mri-esm2-0","ssp585",NA,5.88862260811543,28.9449095857111
"4068",4459,"Florida","mri-esm2-0","ssp585",NA,0.675904382613451,30.6676063064616
"4069",4460,"Florida","mri-esm2-0","ssp585",NA,3.88114181194377,30.3400177906787
"4070",4461,"Florida","mri-esm2-0","ssp585",NA,7.51735208295867,30.5537916157766
"4071",4462,"Florida","mri-esm2-0","ssp585",NA,7.26741523927936,30.9157291875053
"4072",4463,"Florida","mri-esm2-0","ssp585",NA,4.25412658014687,30.2259047515952
"4073",4464,"Florida","mri-esm2-0","ssp585",NA,6.76589883849747,30.9878309553203
"4074",4465,"Florida","mri-esm2-0","ssp585",NA,6.72906720257909,31.4648883994378
"4075",4466,"Florida","mri-esm2-0","ssp585",NA,1.51996694060244,33.0323841516541
"4076",4467,"Florida","mri-esm2-0","ssp585",NA,6.30395302363066,32.0525851432204
"4077",4468,"Florida","mri-esm2-0","ssp585",NA,1.12600925070028,33.4783751947861
"4078",4469,"Florida","mri-esm2-0","ssp585",NA,7.43249035432344,32.1628426029997
"4079",4470,"Florida","mri-esm2-0","ssp585",NA,4.40805833290255,31.8374330916495
"4080",4471,"Florida","mri-esm2-0","ssp585",NA,10.281366895268,31.1002850226636
"4081",4472,"Florida","mri-esm2-0","ssp585",NA,9.24264461750032,30.8282066653681
"4082",4473,"Florida","mri-esm2-0","ssp585",NA,4.32862625113847,31.2355836770605
"4083",4474,"Florida","mri-esm2-0","ssp585",NA,5.31555379896043,30.246400389967
"4084",4475,"Florida","mri-esm2-0","ssp585",NA,5.22130448965016,29.5643947878938
"4085",4476,"Florida","mri-esm2-0","ssp585",NA,4.16228849280546,28.8871103620915
"4086",4477,"Florida","mri-esm2-0","ssp585",NA,0.4247774871487,29.6755275510392
"4087",4478,"Florida","mri-esm2-0","ssp585",NA,6.37228274295588,28.4694348605174
"4088",4479,"Florida","mri-esm2-0","ssp585",NA,2.49168288011979,25.3316276776502
"4089",4480,"Florida","mri-esm2-0","ssp585",NA,0.183250892893182,22.7626727574598
"4090",4481,"Florida","mri-esm2-0","ssp585",NA,4.44803342815324,21.9990367467834
"4091",4482,"Florida","mri-esm2-0","ssp585",NA,7.50595459925672,25.1266410231269
"4092",4483,"Florida","mri-esm2-0","ssp585",NA,7.87814817853055,23.5303217885308
"4093",4484,"Florida","mri-esm2-0","ssp585",NA,0.589073266610408,22.5674481908588
"4094",4485,"Florida","mri-esm2-0","ssp585",NA,5.56316471449605,20.0889243400965
"4095",4486,"Florida","mri-esm2-0","ssp585",NA,4.09467430772884,19.2406454821481
"4096",4487,"Florida","mri-esm2-0","ssp585",NA,0.0917068378628932,18.6625225385887
"4097",4488,"Florida","mri-esm2-0","ssp585",NA,4.07208703566213,18.6707729781735
"4098",4489,"Florida","mri-esm2-0","ssp585",NA,0.558679704337277,17.7113282072576
"4099",4490,"Florida","mri-esm2-0","ssp585",NA,4.14360760488501,20.7256988607649
"4100",4491,"Florida","mri-esm2-0","ssp585",NA,0.242284796888634,20.640317669069
"4101",4492,"Florida","mri-esm2-0","ssp585",NA,2.03134226259931,20.9205768760003
"4102",4493,"Florida","mri-esm2-0","ssp585",NA,2.74239067037396,17.1385015030113
"4103",4494,"Florida","mri-esm2-0","ssp585",NA,1.17430855776336,18.0057098141899
"4104",4495,"Florida","mri-esm2-0","ssp585",NA,1.18587461808903,20.655929590107
"4105",4496,"Florida","mri-esm2-0","ssp585",NA,8.33676320618068,19.6431044750779
"4106",4497,"Florida","mri-esm2-0","ssp585",NA,10.1245088028102,19.586383977926
"4107",4498,"Florida","mri-esm2-0","ssp585",NA,0.0163647766801861,22.2522330312395
"4108",4499,"Florida","mri-esm2-0","ssp585",NA,4.30206999445714,26.026682546775
"4109",4500,"Florida","mri-esm2-0","ssp585",NA,1.18707259039171,21.4793598185331
"4110",4501,"Florida","mri-esm2-0","ssp585",NA,3.44805124112938,25.2877823081621
"4111",4502,"Florida","mri-esm2-0","ssp585",NA,1.51681044670289,22.2749708478984
"4112",4503,"Florida","mri-esm2-0","ssp585",NA,1.49926105788733,25.9956590842687
"4113",4504,"Florida","mri-esm2-0","ssp585",NA,0.00548653080493068,26.0376919892921
"4114",4505,"Florida","mri-esm2-0","ssp585",NA,1.34829165387853,27.474539439569
"4115",4506,"Florida","mri-esm2-0","ssp585",NA,5.90689425257882,28.6508570092708
"4116",4507,"Florida","mri-esm2-0","ssp585",NA,0.935646661538352,29.6058306670896
"4117",4508,"Florida","mri-esm2-0","ssp585",NA,2.327161881984,30.1189240242272
"4118",4509,"Florida","mri-esm2-0","ssp585",NA,0.0908826222617995,30.2641593172223
"4119",4510,"Florida","mri-esm2-0","ssp585",NA,15.7563224888109,29.5997127563806
"4120",4511,"Florida","mri-esm2-0","ssp585",NA,10.9701563022354,30.6322057513214
"4121",4512,"Florida","mri-esm2-0","ssp585",NA,19.7731332472704,29.3903789509982
"4122",4513,"Florida","mri-esm2-0","ssp585",NA,9.51388224307401,30.9449874836801
"4123",4514,"Florida","mri-esm2-0","ssp585",NA,12.9422562542547,31.1491167669991
"4124",4515,"Florida","mri-esm2-0","ssp585",NA,5.29294410539098,31.5170282985965
"4125",4516,"Florida","mri-esm2-0","ssp585",NA,8.20376119244603,31.6767397816291
"4126",4517,"Florida","mri-esm2-0","ssp585",NA,6.59407819066351,31.9146325288757
"4127",4518,"Florida","mri-esm2-0","ssp585",NA,10.2799786169972,31.1173194247758
"4128",4519,"Florida","mri-esm2-0","ssp585",NA,3.44702078784585,32.1661514981417
"4129",4520,"Florida","mri-esm2-0","ssp585",NA,2.59326226068168,32.2820863790589
"4130",4521,"Florida","mri-esm2-0","ssp585",NA,5.96869663459074,31.9392105308183
"4131",4522,"Florida","mri-esm2-0","ssp585",NA,11.3166390838885,30.7764448222446
"4132",4523,"Florida","mri-esm2-0","ssp585",NA,7.08459072660613,30.9994454026544
"4133",4524,"Florida","mri-esm2-0","ssp585",NA,12.1205706717688,30.87397423099
"4134",4525,"Florida","mri-esm2-0","ssp585",NA,5.02227774889745,30.9960314645279
"4135",4526,"Florida","mri-esm2-0","ssp585",NA,15.3065226689243,29.5806761214676
"4136",4527,"Florida","mri-esm2-0","ssp585",NA,8.67094481581975,28.8739424795475
"4137",4528,"Florida","mri-esm2-0","ssp585",NA,10.7748931869897,28.8074428671454
"4138",4529,"Florida","mri-esm2-0","ssp585",NA,1.78386250443269,29.9053587222035
"4139",4530,"Florida","mri-esm2-0","ssp585",NA,0.0328316724864826,28.4822657335801
"4140",4531,"Florida","mri-esm2-0","ssp585",NA,1.20067110010716,24.5784592785283
"4141",4532,"Florida","mri-esm2-0","ssp585",NA,0.54966667890213,23.1628319917664
"4142",4533,"Florida","mri-esm2-0","ssp585",NA,7.04600808743698,21.739258125079
"4143",4534,"Florida","mri-esm2-0","ssp585",NA,0.794232750151932,23.5353359664547
"4144",4535,"Florida","mri-esm2-0","ssp585",NA,1.9049207993931,24.0091260555298
"4145",4536,"Florida","mri-esm2-0","ssp585",NA,2.0513418303562,19.8244954481922
"4146",4537,"Florida","mri-esm2-0","ssp585",NA,3.03780179180877,17.0019818164589
"4147",4538,"Florida","mri-esm2-0","ssp585",NA,8.48575065568569,20.9992180425845
"4148",4539,"Florida","mri-esm2-0","ssp585",NA,3.86580559168436,16.9596511388404
"4149",4540,"Florida","mri-esm2-0","ssp585",NA,0.394971931833385,18.0347219132992
"4150",4541,"Florida","mri-esm2-0","ssp585",NA,2.5897451933097,15.9714751785978
"4151",4542,"Florida","mri-esm2-0","ssp585",NA,3.30449698893435,18.867000841002
"4152",4543,"Florida","mri-esm2-0","ssp585",NA,1.65027982721618,22.2818573738366
"4153",4544,"Florida","mri-esm2-0","ssp585",NA,1.99118303793306,17.8363482781177
"4154",4545,"Florida","mri-esm2-0","ssp585",NA,3.37858022943878,16.5124362667937
"4155",4546,"Florida","mri-esm2-0","ssp585",NA,0.0664893111312179,16.1398624553835
"4156",4547,"Florida","mri-esm2-0","ssp585",NA,2.52947695575856,18.6588013682404
"4157",4548,"Florida","mri-esm2-0","ssp585",NA,0.00162705157736299,14.3511808081779
"4158",4549,"Florida","mri-esm2-0","ssp585",NA,3.51293298100953,21.049963181488
"4159",4550,"Florida","mri-esm2-0","ssp585",NA,5.44877853464293,19.5304628603542
"4160",4551,"Florida","mri-esm2-0","ssp585",NA,5.97796937835608,25.8629567272258
"4161",4552,"Florida","mri-esm2-0","ssp585",NA,2.36795767329428,24.0968664781103
"4162",4553,"Florida","mri-esm2-0","ssp585",NA,0.0265210779459716,23.6396440613945
"4163",4554,"Florida","mri-esm2-0","ssp585",NA,5.65650650208146,27.0887132670359
"4164",4555,"Florida","mri-esm2-0","ssp585",NA,5.54092992345032,22.6323027330589
"4165",4556,"Florida","mri-esm2-0","ssp585",NA,2.73682114138595,25.9867995269858
"4166",4557,"Florida","mri-esm2-0","ssp585",NA,5.5304813667211,26.8413988961685
"4167",4558,"Florida","mri-esm2-0","ssp585",NA,0.170795715534325,27.5708775111607
"4168",4559,"Florida","mri-esm2-0","ssp585",NA,0.528950169969619,27.9826738136477
"4169",4560,"Florida","mri-esm2-0","ssp585",NA,5.51955273654951,27.7232877253201
"4170",4561,"Florida","mri-esm2-0","ssp585",NA,1.82959670157602,29.0575390263067
"4171",4562,"Florida","mri-esm2-0","ssp585",NA,10.4521020285621,28.5811864477605
"4172",4563,"Florida","mri-esm2-0","ssp585",NA,12.2037784795389,29.5633303742525
"4173",4564,"Florida","mri-esm2-0","ssp585",NA,9.03692820782973,30.6000546190617
"4174",4565,"Florida","mri-esm2-0","ssp585",NA,4.84535034396921,30.9724097074524
"4175",4566,"Florida","mri-esm2-0","ssp585",NA,3.10423147687526,32.2953687642141
"4176",4567,"Florida","mri-esm2-0","ssp585",NA,10.4444373783635,32.9406516021153
"4177",4568,"Florida","mri-esm2-0","ssp585",NA,6.32642893165224,31.8156278296623
"4178",4569,"Florida","mri-esm2-0","ssp585",NA,9.18413878073847,31.6851356526912
"4179",4570,"Florida","mri-esm2-0","ssp585",NA,8.19621167481305,30.9728792339644
"4180",4571,"Florida","mri-esm2-0","ssp585",NA,11.2044336066784,31.003801190564
"4181",4572,"Florida","mri-esm2-0","ssp585",NA,11.7128713553995,31.0935709909609
"4182",4573,"Florida","mri-esm2-0","ssp585",NA,6.48901243317188,31.1124528170275
"4183",4574,"Florida","mri-esm2-0","ssp585",NA,12.6113403045876,30.7038838101205
"4184",4575,"Florida","mri-esm2-0","ssp585",NA,8.26921245235831,30.746795062042
"4185",4576,"Florida","mri-esm2-0","ssp585",NA,1.07248888320115,31.8523173617546
"4186",4577,"Florida","mri-esm2-0","ssp585",NA,4.68510357806437,30.9039905311605
"4187",4578,"Florida","mri-esm2-0","ssp585",NA,7.36791403608542,30.3119490219898
"4188",4579,"Florida","mri-esm2-0","ssp585",NA,2.00056175960117,29.2556136550287
"4189",4580,"Florida","mri-esm2-0","ssp585",NA,0.87524458209873,28.6514011434468
"4190",4581,"Florida","mri-esm2-0","ssp585",NA,4.28196112152364,26.5476881824093
"4191",4582,"Florida","mri-esm2-0","ssp585",NA,5.01224177142436,25.0451690427055
"4192",4583,"Florida","mri-esm2-0","ssp585",NA,0.00576502017322562,25.9116752028144
"4193",4584,"Florida","mri-esm2-0","ssp585",NA,0.0314621834162132,25.66943456439
"4194",4585,"Florida","mri-esm2-0","ssp585",NA,8.01447629799446,22.6659878877296
"4195",4586,"Florida","mri-esm2-0","ssp585",NA,4.69470041721117,26.6042060790358
"4196",4587,"Florida","mri-esm2-0","ssp585",NA,0.253442150184579,22.195085041221
"4197",4588,"Florida","mri-esm2-0","ssp585",NA,3.46973258359686,23.5928436690585
"4198",4589,"Florida","mri-esm2-0","ssp585",NA,4.48489631389576,18.5904989155155
"4199",4590,"Florida","mri-esm2-0","ssp585",NA,0.0805998748203495,20.4121377374284
"4200",4591,"Florida","mri-esm2-0","ssp585",NA,3.57732809745279,22.1558817161704
"4201",4592,"Florida","mri-esm2-0","ssp585",NA,5.73397520737086,21.8875993836601
"4202",4593,"Florida","mri-esm2-0","ssp585",NA,1.6562014256315,18.5874374513035
"4203",4594,"Florida","mri-esm2-0","ssp585",NA,6.63328229658084,20.4278940205947
"4204",4595,"Florida","mri-esm2-0","ssp585",NA,1.71052326242319,17.4629315728447
"4205",4596,"Florida","mri-esm2-0","ssp585",NA,4.0512827099936,20.7352128596962
"4206",4597,"Florida","mri-esm2-0","ssp585",NA,6.17317448677396,18.5727016562079
"4207",4598,"Florida","mri-esm2-0","ssp585",NA,4.12096166605329,15.5176805192891
"4208",4599,"Florida","mri-esm2-0","ssp585",NA,3.48530605985795,19.7538057969908
"4209",4600,"Florida","mri-esm2-0","ssp585",NA,2.57747679340215,18.1019408686142
"4210",4601,"Florida","mri-esm2-0","ssp585",NA,0.0185065501238686,17.4689705162357
"4211",4602,"Florida","mri-esm2-0","ssp585",NA,0.500766621230726,17.4346662906945
"4212",4603,"Florida","mri-esm2-0","ssp585",NA,3.5204245405038,21.4130806565606
"4213",4604,"Florida","mri-esm2-0","ssp585",NA,0.029524575627953,18.936695668511
"4214",4605,"Florida","mri-esm2-0","ssp585",NA,0.336643655429966,22.1511355335822
"4215",4606,"Florida","mri-esm2-0","ssp585",NA,2.27345091789126,24.4739727668043
"4216",4607,"Florida","mri-esm2-0","ssp585",NA,0.000491804391367868,21.2612274087664
"4217",4608,"Florida","mri-esm2-0","ssp585",NA,1.30611754472648,25.8529387358386
"4218",4609,"Florida","mri-esm2-0","ssp585",NA,1.15198345778275,26.6374398861291
"4219",4610,"Florida","mri-esm2-0","ssp585",NA,0.538168102543027,26.9060027171338
"4220",4611,"Florida","mri-esm2-0","ssp585",NA,1.95934397901231,26.6964698483038
"4221",4612,"Florida","mri-esm2-0","ssp585",NA,3.06314794865656,28.6721944721561
"4222",4613,"Florida","mri-esm2-0","ssp585",NA,0.240660212781673,26.9465841041421
"4223",4614,"Florida","mri-esm2-0","ssp585",NA,3.58448243941624,29.6647800990514
"4224",4615,"Florida","mri-esm2-0","ssp585",NA,7.21548608876232,29.2432941776081
"4225",4616,"Florida","mri-esm2-0","ssp585",NA,1.4949791905224,30.2561530182625
"4226",4617,"Florida","mri-esm2-0","ssp585",NA,13.4690098974649,29.5022825503285
"4227",4618,"Florida","mri-esm2-0","ssp585",NA,9.63759310771621,30.5647809051761
"4228",4619,"Florida","mri-esm2-0","ssp585",NA,3.33265344895357,31.5430496750495
"4229",4620,"Florida","mri-esm2-0","ssp585",NA,7.66925662393737,31.2000296291958
"4230",4621,"Florida","mri-esm2-0","ssp585",NA,6.81505991581389,31.2186731549286
"4231",4622,"Florida","mri-esm2-0","ssp585",NA,12.2958895907316,30.8191695138772
"4232",4623,"Florida","mri-esm2-0","ssp585",NA,2.1701581485398,31.9001472904997
"4233",4624,"Florida","mri-esm2-0","ssp585",NA,7.2920761136688,31.6011686340497
"4234",4625,"Florida","mri-esm2-0","ssp585",NA,6.62555857347761,30.7678199459601
"4235",4626,"Florida","mri-esm2-0","ssp585",NA,8.40724073515364,30.7801133477142
"4236",4627,"Florida","mri-esm2-0","ssp585",NA,9.11024280412627,31.2855759119409
"4237",4628,"Florida","mri-esm2-0","ssp585",NA,11.5750306816357,30.4143453675139
"4238",4629,"Florida","mri-esm2-0","ssp585",NA,3.66672261631826,30.3376356921749
"4239",4630,"Florida","mri-esm2-0","ssp585",NA,6.92546985735608,29.9375602783861
"4240",4631,"Florida","mri-esm2-0","ssp585",NA,4.99535966026681,29.3170481720382
"4241",4632,"Florida","mri-esm2-0","ssp585",NA,1.13920976795334,30.7088039675813
"4242",4633,"Florida","mri-esm2-0","ssp585",NA,5.17694328539195,29.8418056601142
"4243",4634,"Florida","mri-esm2-0","ssp585",NA,3.86170183752021,29.330052032882
"4244",4635,"Florida","mri-esm2-0","ssp585",NA,4.24301998059135,28.7961638663978
"4245",4636,"Florida","mri-esm2-0","ssp585",NA,4.13229547156067,28.5042621622831
"4246",4637,"Florida","mri-esm2-0","ssp585",NA,5.50262952898496,21.3757836519226
"4247",4638,"Florida","mri-esm2-0","ssp585",NA,4.07961850822499,22.4391246538599
"4248",4639,"Florida","mri-esm2-0","ssp585",NA,5.40980110931705,21.2718054923086
"4249",4640,"Florida","mri-esm2-0","ssp585",NA,3.01596978503774,20.829306532045
"4250",4641,"Florida","mri-esm2-0","ssp585",NA,2.71962047703798,18.3303982552171
"4251",4642,"Florida","mri-esm2-0","ssp585",NA,0.928138115822894,19.4958105205526
"4252",4643,"Florida","mri-esm2-0","ssp585",NA,0.577003180717414,22.3496057392131
"4253",4644,"Florida","mri-esm2-0","ssp585",NA,2.99030165622513,22.4561815945608
"4254",4645,"Florida","mri-esm2-0","ssp585",NA,1.22509486856007,18.6978372990282
"4255",4646,"Florida","mri-esm2-0","ssp585",NA,1.22867721813991,19.4882246403039
"4256",4647,"Florida","mri-esm2-0","ssp585",NA,3.55019474785009,23.1530992698156
"4257",4648,"Florida","mri-esm2-0","ssp585",NA,0.756626365275611,17.8534276751495
"4258",4649,"Florida","mri-esm2-0","ssp585",NA,6.21138038745113,14.1420635871168
"4259",4650,"Florida","mri-esm2-0","ssp585",NA,0.104389508118956,20.8387468281461
"4260",4651,"Florida","mri-esm2-0","ssp585",NA,6.78612734007358,24.3075698729153
"4261",4652,"Florida","mri-esm2-0","ssp585",NA,0.980838291468659,19.3046780239219
"4262",4653,"Florida","mri-esm2-0","ssp585",NA,0.337615803052684,20.2036506097593
"4263",4654,"Florida","mri-esm2-0","ssp585",NA,0.0090191424699959,18.8631115360723
"4264",4655,"Florida","mri-esm2-0","ssp585",NA,0.107902672155401,23.978523998826
"4265",4656,"Florida","mri-esm2-0","ssp585",NA,4.006478784908,21.0308192826346
"4266",4657,"Florida","mri-esm2-0","ssp585",NA,0.200281166174031,25.5510358208916
"4267",4658,"Florida","mri-esm2-0","ssp585",NA,2.01575622455037,25.5283179105774
"4268",4659,"Florida","mri-esm2-0","ssp585",NA,1.02071593616046,26.3084403230816
"4269",4660,"Florida","mri-esm2-0","ssp585",NA,4.66566902232199,25.4236161306541
"4270",4661,"Florida","mri-esm2-0","ssp585",NA,0.615049064071101,26.6783248037662
"4271",4662,"Florida","mri-esm2-0","ssp585",NA,1.49509083531751,27.3086242511266
"4272",4663,"Florida","mri-esm2-0","ssp585",NA,4.87924846348086,28.7256904704873
"4273",4664,"Florida","mri-esm2-0","ssp585",NA,4.07864190993136,28.7078946095593
"4274",4665,"Florida","mri-esm2-0","ssp585",NA,0.0429665888852243,29.7622266743704
"4275",4666,"Florida","mri-esm2-0","ssp585",NA,0.450597899845957,31.8355382873042
"4276",4667,"Florida","mri-esm2-0","ssp585",NA,2.09268962937567,30.6763160726131
"4277",4668,"Florida","mri-esm2-0","ssp585",NA,15.0235195123067,29.4874036269689
"4278",4669,"Florida","mri-esm2-0","ssp585",NA,7.78349695361843,30.9998963389435
"4279",4670,"Florida","mri-esm2-0","ssp585",NA,18.1897446789025,30.9950116345182
"4280",4671,"Florida","mri-esm2-0","ssp585",NA,7.89654311647757,30.6891772987387
"4281",4672,"Florida","mri-esm2-0","ssp585",NA,9.44214136162983,30.67386923736
"4282",4673,"Florida","mri-esm2-0","ssp585",NA,2.73251242072466,31.7190948897616
"4283",4674,"Florida","mri-esm2-0","ssp585",NA,10.0039834734081,31.4852196048212
"4284",4675,"Florida","mri-esm2-0","ssp585",NA,6.59374957008159,30.8814545747084
"4285",4676,"Florida","mri-esm2-0","ssp585",NA,6.80688600743912,31.1038742517847
"4286",4677,"Florida","mri-esm2-0","ssp585",NA,6.77840951250818,31.3107596590191
"4287",4678,"Florida","mri-esm2-0","ssp585",NA,6.18108523215075,31.4305945383571
"4288",4679,"Florida","mri-esm2-0","ssp585",NA,6.64961336766881,30.637969213933
"4289",4680,"Florida","mri-esm2-0","ssp585",NA,6.20379944183797,30.5658054238703
"4290",4681,"Florida","mri-esm2-0","ssp585",NA,4.12677653634596,31.5670522026617
"4291",4682,"Florida","mri-esm2-0","ssp585",NA,1.2855942255124,30.8432668022711
"4292",4683,"Florida","mri-esm2-0","ssp585",NA,8.23602856625701,29.9917322698629
"4293",4684,"Florida","mri-esm2-0","ssp585",NA,3.48918536068561,27.4992040587885
"4294",4685,"Florida","mri-esm2-0","ssp585",NA,13.0496089825998,26.8517079150259
"4295",4686,"Florida","mri-esm2-0","ssp585",NA,4.09239723527144,26.7737621543864
"4296",4687,"Florida","mri-esm2-0","ssp585",NA,4.35686562805989,27.895188718729
"4297",4688,"Florida","mri-esm2-0","ssp585",NA,10.0967648730403,26.2647684349204
"4298",4689,"Florida","mri-esm2-0","ssp585",NA,0.881028258987313,23.2784102036304
"4299",4690,"Florida","mri-esm2-0","ssp585",NA,3.84015385227418,22.7445083001232
"4300",4691,"Florida","mri-esm2-0","ssp585",NA,0.676421623366287,23.8611994576262
"4301",4692,"Florida","mri-esm2-0","ssp585",NA,1.81589887541568,24.2170394362787
"4302",4693,"Florida","mri-esm2-0","ssp585",NA,2.52066239829508,24.7509316333864
"4303",4694,"Florida","mri-esm2-0","ssp585",NA,3.48149575034679,21.4277458746157
"4304",4695,"Florida","mri-esm2-0","ssp585",NA,10.8997840819085,21.2510479456652
"4305",4696,"Florida","mri-esm2-0","ssp585",NA,7.05586271919255,17.6201632353174
"4306",4697,"Florida","mri-esm2-0","ssp585",NA,2.88630024087513,20.9761870597572
"4307",4698,"Florida","mri-esm2-0","ssp585",NA,5.70273031686926,23.8372413491303
"4308",4699,"Florida","mri-esm2-0","ssp585",NA,2.85877191581333,17.8390288072776
"4309",4700,"Florida","mri-esm2-0","ssp585",NA,3.2531390905794,19.8279317603921
"4310",4701,"Florida","mri-esm2-0","ssp585",NA,2.53313465213132,19.834213116998
"4311",4702,"Florida","mri-esm2-0","ssp585",NA,6.57144858650862,20.5106810536346
"4312",4703,"Florida","mri-esm2-0","ssp585",NA,4.58571294422551,23.1562183966213
"4313",4704,"Florida","mri-esm2-0","ssp585",NA,2.26706542556188,18.2644807800129
"4314",4705,"Florida","mri-esm2-0","ssp585",NA,0.0493001605772678,18.681355339112
"4315",4706,"Florida","mri-esm2-0","ssp585",NA,9.63745163810699,23.0153291028786
"4316",4707,"Florida","mri-esm2-0","ssp585",NA,7.63488444510654,22.5159255529029
"4317",4708,"Florida","mri-esm2-0","ssp585",NA,0.782647859111575,21.5896084767468
"4318",4709,"Florida","mri-esm2-0","ssp585",NA,5.93547690184765,19.2358583352637
"4319",4710,"Florida","mri-esm2-0","ssp585",NA,2.87540495611821,21.6885095313553
"4320",4711,"Florida","mri-esm2-0","ssp585",NA,3.52642493638986,23.1134891808194
"4321",4712,"Florida","mri-esm2-0","ssp585",NA,3.90990599588831,23.9016979289505
"4322",4713,"Florida","mri-esm2-0","ssp585",NA,0.271640848473918,25.0019933325261
"4323",4714,"Florida","mri-esm2-0","ssp585",NA,0.049504958740903,27.5318612399449
"4324",4715,"Florida","mri-esm2-0","ssp585",NA,0.530952764018616,26.4891474063185
"4325",4716,"Florida","mri-esm2-0","ssp585",NA,0.94139783708905,27.2903703797539
"4326",4717,"Florida","mri-esm2-0","ssp585",NA,0.134704832779816,28.8410768575746
"4327",4718,"Florida","mri-esm2-0","ssp585",NA,5.47384974567754,29.6050891146185
"4328",4719,"Florida","mri-esm2-0","ssp585",NA,2.0240764247145,29.2327082795917
"4329",4720,"Florida","mri-esm2-0","ssp585",NA,0.15660715630168,30.0365013101994
"4330",4721,"Florida","mri-esm2-0","ssp585",NA,7.04808136381545,30.5954512357069
"4331",4722,"Florida","mri-esm2-0","ssp585",NA,3.18566616404648,31.8196233291832
"4332",4723,"Florida","mri-esm2-0","ssp585",NA,6.75125101317163,31.5017958319734
"4333",4724,"Florida","mri-esm2-0","ssp585",NA,9.02568823762951,31.0437360326556
"4334",4725,"Florida","mri-esm2-0","ssp585",NA,6.23657238309073,31.6351499984207
"4335",4726,"Florida","mri-esm2-0","ssp585",NA,6.94371430719637,31.3057236005675
"4336",4727,"Florida","mri-esm2-0","ssp585",NA,5.83307299332251,31.5474289886393
"4337",4728,"Florida","mri-esm2-0","ssp585",NA,14.0631459557594,30.4033856908588
"4338",4729,"Florida","mri-esm2-0","ssp585",NA,5.73168627071147,31.4566447049781
"4339",4730,"Florida","mri-esm2-0","ssp585",NA,6.12074099467378,31.5773941245683
"4340",4731,"Florida","mri-esm2-0","ssp585",NA,3.14758815274391,31.3571096086117
"4341",4732,"Florida","mri-esm2-0","ssp585",NA,6.13982999923883,30.6468464566048
"4342",4733,"Florida","mri-esm2-0","ssp585",NA,2.12025508730285,31.3825946653628
"4343",4734,"Florida","mri-esm2-0","ssp585",NA,8.45758888897816,30.0119804773048
"4344",4735,"Florida","mri-esm2-0","ssp585",NA,8.12224067735218,29.8402200621736
"4345",4736,"Florida","mri-esm2-0","ssp585",NA,5.26681762072513,29.0255275674908
"4346",4737,"Florida","mri-esm2-0","ssp585",NA,3.58305815916979,28.079585796675
"4347",4738,"Florida","mri-esm2-0","ssp585",NA,12.1664646386864,28.3572913157008
"4348",4739,"Florida","mri-esm2-0","ssp585",NA,0.0204375002402897,26.7682739257813
"4349",4740,"Florida","mri-esm2-0","ssp585",NA,1.32373877580526,23.8314140546033
"4350",4741,"Florida","mri-esm2-0","ssp585",NA,0.264638311340962,23.1323116168822
"4351",4742,"Florida","mri-esm2-0","ssp585",NA,2.7524912587331,24.1499178739892
"4352",4743,"Florida","mri-esm2-0","ssp585",NA,2.24566760705862,21.0266162471309
"4353",4744,"Florida","mri-esm2-0","ssp585",NA,2.06908187803659,22.5517749878917
"4354",4745,"Florida","mri-esm2-0","ssp585",NA,5.58007179431907,19.2660365184363
"4355",4746,"Florida","mri-esm2-0","ssp585",NA,3.40463043281988,23.6287103781482
"4356",4747,"Florida","mri-esm2-0","ssp585",NA,4.70469859513034,22.0202481909904
"4357",4748,"Florida","mri-esm2-0","ssp585",NA,2.80311348472049,22.121847213375
"4358",4749,"Florida","mri-esm2-0","ssp585",NA,0.155593075979078,18.9620014036441
"4359",4750,"Florida","mri-esm2-0","ssp585",NA,0.899099025964289,17.0684708176276
"4360",4751,"Florida","mri-esm2-0","ssp585",NA,5.49309134908402,19.6666900387993
"4361",4752,"Florida","mri-esm2-0","ssp585",NA,4.75475719895331,20.5578283263667
"4362",4753,"Florida","mri-esm2-0","ssp585",NA,3.84446475102476,16.6094310009897
"4363",4754,"Florida","mri-esm2-0","ssp585",NA,4.51672422650738,19.8388586985133
"4364",4755,"Florida","mri-esm2-0","ssp585",NA,2.23591835495738,18.851148480932
"4365",4756,"Florida","mri-esm2-0","ssp585",NA,1.51668477113351,21.5155117970593
"4366",4757,"Florida","mri-esm2-0","ssp585",NA,1.89809560008898,21.8857778708569
"4367",4758,"Florida","mri-esm2-0","ssp585",NA,2.1770660802094,25.6515164686342
"4368",4759,"Florida","mri-esm2-0","ssp585",NA,3.97734967642228,26.5340007607185
"4369",4760,"Florida","mri-esm2-0","ssp585",NA,10.4656873503092,26.4434455645374
"4370",4761,"Florida","mri-esm2-0","ssp585",NA,8.13107838776688,25.7719962477363
"4371",4762,"Florida","mri-esm2-0","ssp585",NA,1.03393710312546,24.5274021364608
"4372",4763,"Florida","mri-esm2-0","ssp585",NA,3.24633827257386,26.4476392226721
"4373",4764,"Florida","mri-esm2-0","ssp585",NA,7.60832249495112,26.5028903519047
"4374",4765,"Florida","mri-esm2-0","ssp585",NA,0.0169655661815429,21.1910795885277
"4375",4766,"Florida","mri-esm2-0","ssp585",NA,2.23464939241102,26.6111431111544
"4376",4767,"Florida","mri-esm2-0","ssp585",NA,2.25080539886072,27.5181073540947
"4377",4768,"Florida","mri-esm2-0","ssp585",NA,0.13107987647774,29.9017308319997
"4378",4769,"Florida","mri-esm2-0","ssp585",NA,3.21379750236979,29.7246282778018
"4379",4770,"Florida","mri-esm2-0","ssp585",NA,8.09041099069931,28.937896300776
"4380",4771,"Florida","mri-esm2-0","ssp585",NA,7.79761752843786,28.9353851400617
"4381",4772,"Florida","mri-esm2-0","ssp585",NA,0.475276235910023,30.755848336027
"4382",4773,"Florida","mri-esm2-0","ssp585",NA,8.39792268680276,30.75395739779
"4383",4774,"Florida","mri-esm2-0","ssp585",NA,11.7029909177325,30.225095994646
"4384",4775,"Florida","mri-esm2-0","ssp585",NA,9.47217726949961,30.2654139104879
"4385",4776,"Florida","mri-esm2-0","ssp585",NA,2.29475040887582,32.1431256975447
"4386",4777,"Florida","mri-esm2-0","ssp585",NA,10.746896930684,30.9984522241145
"4387",4778,"Florida","mri-esm2-0","ssp585",NA,4.93408241773534,31.219457645879
"4388",4779,"Florida","mri-esm2-0","ssp585",NA,10.8189062829794,31.6391342286473
"4389",4780,"Florida","mri-esm2-0","ssp585",NA,1.0126712282712,33.1949465193839
"4390",4781,"Florida","mri-esm2-0","ssp585",NA,2.10116866529875,32.7556804482185
"4391",4782,"Florida","mri-esm2-0","ssp585",NA,2.3898580271448,31.9789267321481
"4392",4783,"Florida","mri-esm2-0","ssp585",NA,6.08847806888613,31.0130369942143
"4393",4784,"Florida","mri-esm2-0","ssp585",NA,2.85806054987063,31.7220699012119
"4394",4785,"Florida","mri-esm2-0","ssp585",NA,5.34457973370724,31.3779992609975
"4395",4786,"Florida","mri-esm2-0","ssp585",NA,7.61425351450876,30.2658668209601
"4396",4787,"Florida","mri-esm2-0","ssp585",NA,3.8362786689982,29.9262885163094
"4397",4788,"Florida","mri-esm2-0","ssp585",NA,4.54798598430062,28.3523816049581
"4398",4789,"Florida","mri-esm2-0","ssp585",NA,19.5885898816674,28.2969079688553
"4399",4790,"Florida","mri-esm2-0","ssp585",NA,8.63290534711602,29.1115214139625
"4400",4791,"Florida","mri-esm2-0","ssp585",NA,2.58380301714382,28.08612914381
"4401",4792,"Florida","mri-esm2-0","ssp585",NA,8.30054592559542,25.7138918483354
"4402",4793,"Florida","mri-esm2-0","ssp585",NA,0.059831689384374,20.1104038618967
"4403",4794,"Florida","mri-esm2-0","ssp585",NA,2.91428557220987,24.8127861578188
"4404",4795,"Florida","mri-esm2-0","ssp585",NA,0.363002100158398,22.6438693064564
"4405",4796,"Florida","mri-esm2-0","ssp585",NA,4.73093328156502,23.4135368573377
"4406",4797,"Florida","mri-esm2-0","ssp585",NA,2.98303991010451,22.66842962301
"4407",4798,"Florida","mri-esm2-0","ssp585",NA,2.28530049299403,21.7410617057204
"4408",4799,"Florida","mri-esm2-0","ssp585",NA,2.49787933936079,18.3529701582505
"4409",4800,"Florida","mri-esm2-0","ssp585",NA,7.76495369906149,21.3299797284314
"4410",4801,"Florida","mri-esm2-0","ssp585",NA,4.38238077635513,15.5671675278492
"4411",4802,"Florida","mri-esm2-0","ssp585",NA,5.3662624158001,18.0690145405155
"4412",4803,"Florida","mri-esm2-0","ssp585",NA,1.32158132235325,18.136159217197
"4413",4804,"Florida","mri-esm2-0","ssp585",NA,7.92643175334844,18.6479079912294
"4414",4805,"Florida","mri-esm2-0","ssp585",NA,3.65007110947409,18.5572304779629
"4415",4806,"Florida","mri-esm2-0","ssp585",NA,5.25215519123739,20.983990017873
"4416",4807,"Florida","mri-esm2-0","ssp585",NA,2.59226158937434,16.8768573606754
"4417",4808,"Florida","mri-esm2-0","ssp585",NA,6.88041218996473,18.3800198372484
"4418",4809,"Florida","mri-esm2-0","ssp585",NA,0.959002516759633,19.7113928617493
"4419",4810,"Florida","mri-esm2-0","ssp585",NA,0.00248705152255254,16.756784098746
"4420",4811,"Florida","mri-esm2-0","ssp585",NA,8.34359694974675,20.1036085596625
"4421",4812,"Florida","mri-esm2-0","ssp585",NA,2.71389622428276,22.217909886445
"4422",4813,"Florida","mri-esm2-0","ssp585",NA,4.83189242269354,24.4737307648775
"4423",4814,"Florida","mri-esm2-0","ssp585",NA,10.6502530182471,21.9525142206979
"4424",4815,"Florida","mri-esm2-0","ssp585",NA,1.02441321359457,22.7717004493241
"4425",4816,"Florida","mri-esm2-0","ssp585",NA,3.54420946726882,27.1736815254644
"4426",4817,"Florida","mri-esm2-0","ssp585",NA,0.688992067443905,24.6424084110723
"4427",4818,"Florida","mri-esm2-0","ssp585",NA,3.00694696398576,27.6827152221351
"4428",4819,"Florida","mri-esm2-0","ssp585",NA,5.87897994693894,26.9078309750622
"4429",4820,"Florida","mri-esm2-0","ssp585",NA,2.27314036808752,29.7047271152712
"4430",4821,"Florida","mri-esm2-0","ssp585",NA,0.087915706985658,26.1332204813585
"4431",4822,"Florida","mri-esm2-0","ssp585",NA,4.45087445104921,29.4669005854111
"4432",4823,"Florida","mri-esm2-0","ssp585",NA,33.3524059301838,28.8357952601184
"4433",4824,"Florida","mri-esm2-0","ssp585",NA,9.89022948967046,30.5503409907503
"4434",4825,"Florida","mri-esm2-0","ssp585",NA,12.6130660938477,31.0910554705926
"4435",4826,"Florida","mri-esm2-0","ssp585",NA,12.250728520294,31.3354992971909
"4436",4827,"Florida","mri-esm2-0","ssp585",NA,10.8297661143405,32.0877060224425
"4437",4828,"Florida","mri-esm2-0","ssp585",NA,4.33084116437414,31.6695210994093
"4438",4829,"Florida","mri-esm2-0","ssp585",NA,10.788572410922,31.6252759578736
"4439",4830,"Florida","mri-esm2-0","ssp585",NA,11.5651972590534,31.8687732460043
"4440",4831,"Florida","mri-esm2-0","ssp585",NA,4.86407269567565,33.2797129176055
"4441",4832,"Florida","mri-esm2-0","ssp585",NA,8.12473909747515,32.7574397742588
"4442",4833,"Florida","mri-esm2-0","ssp585",NA,0.505555645224249,33.4275745319871
"4443",4834,"Florida","mri-esm2-0","ssp585",NA,4.4304457677722,31.8224043771585
"4444",4835,"Florida","mri-esm2-0","ssp585",NA,4.18549332944976,31.6079393412547
"4445",4836,"Florida","mri-esm2-0","ssp585",NA,7.75426563228207,32.0146191373347
"4446",4837,"Florida","mri-esm2-0","ssp585",NA,7.02803206060604,31.2299004156313
"4447",4838,"Florida","mri-esm2-0","ssp585",NA,3.14402253685855,31.7325534707453
"4448",4839,"Florida","mri-esm2-0","ssp585",NA,1.69250538682083,29.9541954019963
"4449",4840,"Florida","mri-esm2-0","ssp585",NA,6.74814536165369,29.8916030266857
"4450",4841,"Florida","mri-esm2-0","ssp585",NA,5.27696411546602,28.5781479334253
"4451",4842,"Florida","mri-esm2-0","ssp585",NA,2.54325119973965,28.0529797330378
"4452",4843,"Florida","mri-esm2-0","ssp585",NA,6.57711694589774,28.5572600907071
"4453",4844,"Florida","mri-esm2-0","ssp585",NA,1.46431937591597,26.9945734481606
"4454",4845,"Florida","mri-esm2-0","ssp585",NA,1.71514281967469,27.0608595197734
"4455",4846,"Florida","mri-esm2-0","ssp585",NA,0.0589975524855564,26.4481618876085
"4456",4847,"Florida","mri-esm2-0","ssp585",NA,3.0686699526878,27.6436863655029
"4457",4848,"Florida","mri-esm2-0","ssp585",NA,1.35784042804051,27.3981662801655
"4458",4849,"Florida","mri-esm2-0","ssp585",NA,1.77508495399483,25.053218609175
"4459",4850,"Florida","mri-esm2-0","ssp585",NA,2.24240717760388,21.8734761610828
"4460",4851,"Florida","mri-esm2-0","ssp585",NA,0.136964183516737,21.5334275896016
"4461",4852,"Florida","mri-esm2-0","ssp585",NA,2.80329056083548,23.8124253758845
"4462",4853,"Florida","mri-esm2-0","ssp585",NA,3.635398846562,15.9253084989892
"4463",4854,"Florida","mri-esm2-0","ssp585",NA,3.74423796640106,13.601419026254
"4464",4855,"Florida","mri-esm2-0","ssp585",NA,1.43420577681616,18.0385220509655
"4465",4856,"Florida","mri-esm2-0","ssp585",NA,1.48917085553015,16.0980984505296
"4466",4857,"Florida","mri-esm2-0","ssp585",NA,0.0886348557182007,15.2247826753601
"4467",4858,"Florida","mri-esm2-0","ssp585",NA,1.17552989114397,17.2476185431057
"4468",4859,"Florida","mri-esm2-0","ssp585",NA,2.94854179883553,20.3123432005191
"4469",4860,"Florida","mri-esm2-0","ssp585",NA,1.16140735772009,20.2532885610576
"4470",4861,"Florida","mri-esm2-0","ssp585",NA,0.464641308425135,23.3257666574977
"4471",4862,"Florida","mri-esm2-0","ssp585",NA,3.31063821212535,23.0489342208821
"4472",4863,"Florida","mri-esm2-0","ssp585",NA,0.0069577390305457,19.8544590212264
"4473",4864,"Florida","mri-esm2-0","ssp585",NA,0.170217473799059,26.6982786111755
"4474",4865,"Florida","mri-esm2-0","ssp585",NA,0.012064021042058,27.1948481392668
"4475",4866,"Florida","mri-esm2-0","ssp585",NA,0.0901412434204929,27.6387370065859
"4476",4867,"Florida","mri-esm2-0","ssp585",NA,0.000828828145393717,24.8529908871715
"4477",4868,"Florida","mri-esm2-0","ssp585",NA,0.0017717023137072,27.5538507590076
"4478",4869,"Florida","mri-esm2-0","ssp585",NA,1.29153276177752,22.711918734733
"4479",4870,"Florida","mri-esm2-0","ssp585",NA,1.28211140577285,25.1857231366345
"4480",4871,"Florida","mri-esm2-0","ssp585",NA,0.482832525193406,27.962551460369
"4481",4872,"Florida","mri-esm2-0","ssp585",NA,0.226761879770434,30.1084786222309
"4482",4873,"Florida","mri-esm2-0","ssp585",NA,0.148239038596779,31.0379506895163
"4483",4874,"Florida","mri-esm2-0","ssp585",NA,0.863535752702315,31.5720534661388
"4484",4875,"Florida","mri-esm2-0","ssp585",NA,2.85093539084063,30.370409843671
"4485",4876,"Florida","mri-esm2-0","ssp585",NA,5.81632881600297,30.8176537526586
"4486",4877,"Florida","mri-esm2-0","ssp585",NA,8.74380651481687,30.5232155524817
"4487",4878,"Florida","mri-esm2-0","ssp585",NA,8.6626002823313,30.4912403692775
"4488",4879,"Florida","mri-esm2-0","ssp585",NA,12.0412021059023,30.4683542421243
"4489",4880,"Florida","mri-esm2-0","ssp585",NA,11.4278897731656,30.3826459941196
"4490",4881,"Florida","mri-esm2-0","ssp585",NA,12.2529765850881,30.5187506909641
"4491",4882,"Florida","mri-esm2-0","ssp585",NA,9.61839849424241,31.0456477820713
"4492",4883,"Florida","mri-esm2-0","ssp585",NA,8.70501788580578,31.2378590051698
"4493",4884,"Florida","mri-esm2-0","ssp585",NA,0.698842861868251,33.0628306591929
"4494",4885,"Florida","mri-esm2-0","ssp585",NA,3.22038155184152,31.6210964480501
"4495",4886,"Florida","mri-esm2-0","ssp585",NA,7.36873636435509,31.8020528541421
"4496",4887,"Florida","mri-esm2-0","ssp585",NA,2.73715118888415,32.7185799570418
"4497",4888,"Florida","mri-esm2-0","ssp585",NA,1.83424628591719,32.7100653882297
"4498",4889,"Florida","mri-esm2-0","ssp585",NA,3.68761368070536,31.7976627648038
"4499",4890,"Florida","mri-esm2-0","ssp585",NA,13.3928208582223,30.6747045635213
"4500",4891,"Florida","mri-esm2-0","ssp585",NA,2.70220633701144,31.0977200654639
"4501",4892,"Florida","mri-esm2-0","ssp585",NA,6.77255047254402,30.1492232906208
"4502",4893,"Florida","mri-esm2-0","ssp585",NA,3.82788354615791,29.0906682017036
"4503",4894,"Florida","mri-esm2-0","ssp585",NA,1.08304489828361,28.4283672486997
"4504",4895,"Florida","mri-esm2-0","ssp585",NA,1.07832655410435,28.6767683250242
"4505",4896,"Florida","mri-esm2-0","ssp585",NA,2.16378542165056,28.1346437850089
"4506",4897,"Florida","mri-esm2-0","ssp585",NA,17.4198843186328,24.9603591302013
"4507",4898,"Florida","mri-esm2-0","ssp585",NA,6.66075503213996,24.4251095177992
"4508",4899,"Florida","mri-esm2-0","ssp585",NA,6.08129932007489,25.7680691865577
"4509",4900,"Florida","mri-esm2-0","ssp585",NA,1.84427004197604,24.4652599571208
"4510",4901,"Florida","mri-esm2-0","ssp585",NA,0.894159153792397,24.0580137350489
"4511",4902,"Florida","mri-esm2-0","ssp585",NA,1.85439519217263,16.5853323142162
"4512",4903,"Florida","mri-esm2-0","ssp585",NA,2.41813011125389,21.9409073410651
"4513",4904,"Florida","mri-esm2-0","ssp585",NA,5.23262021445091,25.5993128198177
"4514",4905,"Florida","mri-esm2-0","ssp585",NA,3.57487196356181,20.0129138545527
"4515",4906,"Florida","mri-esm2-0","ssp585",NA,3.61663120867074,17.9134919446755
"4516",4907,"Florida","mri-esm2-0","ssp585",NA,0.0186390992492262,19.3048266634466
"4517",4908,"Florida","mri-esm2-0","ssp585",NA,6.26123159559065,19.0738038260982
"4518",4909,"Florida","mri-esm2-0","ssp585",NA,2.56552848953908,22.0155536661894
"4519",4910,"Florida","mri-esm2-0","ssp585",NA,6.48492702272551,21.6365425377201
"4520",4911,"Florida","mri-esm2-0","ssp585",NA,2.07593325243152,16.9642626656998
"4521",4912,"Florida","mri-esm2-0","ssp585",NA,4.46017173184412,17.3112383161273
"4522",4913,"Florida","mri-esm2-0","ssp585",NA,0.616752617741862,15.2200013687669
"4523",4914,"Florida","mri-esm2-0","ssp585",NA,1.20053726825303,20.0689873132423
"4524",4915,"Florida","mri-esm2-0","ssp585",NA,2.68803661090278,20.1513809903292
"4525",4916,"Florida","mri-esm2-0","ssp585",NA,7.74231073222409,24.4953020039273
"4526",4917,"Florida","mri-esm2-0","ssp585",NA,17.3230330476846,24.4988915620789
"4527",4918,"Florida","mri-esm2-0","ssp585",NA,4.35444642833298,22.5855734935668
"4528",4919,"Florida","mri-esm2-0","ssp585",NA,6.59695521797089,23.6762055183678
"4529",4920,"Florida","mri-esm2-0","ssp585",NA,4.69808318868667,24.7396925275859
"4530",4921,"Florida","mri-esm2-0","ssp585",NA,12.3049632080178,23.9885895351194
"4531",4922,"Florida","mri-esm2-0","ssp585",NA,9.75911483657268,25.3455311901165
"4532",4923,"Florida","mri-esm2-0","ssp585",NA,10.2931779801147,26.1460116239892
"4533",4924,"Florida","mri-esm2-0","ssp585",NA,2.57528504434346,27.978566114729
"4534",4925,"Florida","mri-esm2-0","ssp585",NA,1.53465903083341,28.7288054844119
"4535",4926,"Florida","mri-esm2-0","ssp585",NA,0.586196899372603,30.0453256612197
"4536",4927,"Florida","mri-esm2-0","ssp585",NA,4.04461114031543,30.6341197216929
"4537",4928,"Florida","mri-esm2-0","ssp585",NA,11.4825858761603,29.9892154333727
"4538",4929,"Florida","mri-esm2-0","ssp585",NA,11.0891514254075,29.9660558818807
"4539",4930,"Florida","mri-esm2-0","ssp585",NA,11.1391122807122,30.4407828852816
"4540",4931,"Florida","mri-esm2-0","ssp585",NA,10.2475590052902,30.77098875637
"4541",4932,"Florida","mri-esm2-0","ssp585",NA,9.21315839892839,30.981754337938
"4542",4933,"Florida","mri-esm2-0","ssp585",NA,7.5737580323792,31.7086435652165
"4543",4934,"Florida","mri-esm2-0","ssp585",NA,21.8011343605323,29.783925824024
"4544",4935,"Florida","mri-esm2-0","ssp585",NA,10.7139621841667,30.3367405647216
"4545",4936,"Florida","mri-esm2-0","ssp585",NA,7.7620476748665,30.6723735470014
"4546",4937,"Florida","mri-esm2-0","ssp585",NA,8.6394587902593,31.8513131606932
"4547",4938,"Florida","mri-esm2-0","ssp585",NA,4.55283704826861,32.2931180311342
"4548",4939,"Florida","mri-esm2-0","ssp585",NA,7.96393984215938,31.5178120492283
"4549",4940,"Florida","mri-esm2-0","ssp585",NA,3.38460382794477,31.7072708500042
"4550",4941,"Florida","mri-esm2-0","ssp585",NA,4.53605605285516,31.7248669894237
"4551",4942,"Florida","mri-esm2-0","ssp585",NA,9.72546501047665,30.7738597941849
"4552",4943,"Florida","mri-esm2-0","ssp585",NA,10.2769693466783,29.1530674361155
"4553",4944,"Florida","mri-esm2-0","ssp585",NA,5.44302283926638,30.6603865548928
"4554",4945,"Florida","mri-esm2-0","ssp585",NA,3.3745680157075,29.2828674151891
"4555",4946,"Florida","mri-esm2-0","ssp585",NA,10.897331116198,27.2454409370525
"4556",4947,"Florida","mri-esm2-0","ssp585",NA,1.65557374460265,27.7872612883781
"4557",4948,"Florida","mri-esm2-0","ssp585",NA,9.18369903325568,27.0679713493409
"4558",4949,"Florida","mri-esm2-0","ssp585",NA,1.90587247649248,25.8572272370125
"4559",4950,"Florida","mri-esm2-0","ssp585",NA,7.83926356961497,25.1453841628412
"4560",4951,"Florida","mri-esm2-0","ssp585",NA,2.75806166910238,20.440016984554
"4561",4952,"Florida","mri-esm2-0","ssp585",NA,3.04819565272784,24.0248664629749
"4562",4953,"Florida","mri-esm2-0","ssp585",NA,2.56101080111093,21.0548752777018
"4563",4954,"Florida","mri-esm2-0","ssp585",NA,1.90735269715262,19.984879963096
"4564",4955,"Florida","mri-esm2-0","ssp585",NA,3.1967313577187,19.2173655877538
"4565",4956,"Florida","mri-esm2-0","ssp585",NA,0.485621963298277,20.5532162237039
"4566",4957,"Florida","mri-esm2-0","ssp585",NA,3.33300137782167,19.3309211669264
"4567",4958,"Florida","mri-esm2-0","ssp585",NA,1.14942138983301,19.793663728205
"4568",4959,"Florida","mri-esm2-0","ssp585",NA,1.31284643926734,15.4876283547949
"4569",4960,"Florida","mri-esm2-0","ssp585",NA,3.13155484682455,21.2648052863355
"4570",4961,"Florida","mri-esm2-0","ssp585",NA,0.0018278370601799,16.7098427991019
"4571",4962,"Florida","mri-esm2-0","ssp585",NA,1.24145656421836,19.2971750593571
"4572",4963,"Florida","mri-esm2-0","ssp585",NA,0.186906092751524,18.6166695895542
"4573",4964,"Florida","mri-esm2-0","ssp585",NA,0.189739094257234,20.0953156751443
"4574",4965,"Florida","mri-esm2-0","ssp585",NA,2.90272420766859,24.9413680660114
"4575",4966,"Florida","mri-esm2-0","ssp585",NA,3.24137567424156,20.2565508161273
"4576",4967,"Florida","mri-esm2-0","ssp585",NA,1.71273760367446,19.5213669769205
"4577",4968,"Florida","mri-esm2-0","ssp585",NA,0.0655348368575925,20.8293562979069
"4578",4969,"Florida","mri-esm2-0","ssp585",NA,3.67940936335319,21.5787936557657
"4579",4970,"Florida","mri-esm2-0","ssp585",NA,0.158235539773483,23.2576656536915
"4580",4971,"Florida","mri-esm2-0","ssp585",NA,0.129610123206346,22.4097239697397
"4581",4972,"Florida","mri-esm2-0","ssp585",NA,0.0928278438974582,25.6499472399606
"4582",4973,"Florida","mri-esm2-0","ssp585",NA,0.129288764210557,24.7497833169696
"4583",4974,"Florida","mri-esm2-0","ssp585",NA,1.25142469542926,25.5158085003054
"4584",4975,"Florida","mri-esm2-0","ssp585",NA,0.500589112764993,27.230955369646
"4585",4976,"Florida","mri-esm2-0","ssp585",NA,1.94638382626477,26.3667771825251
"4586",4977,"Florida","mri-esm2-0","ssp585",NA,2.45538545256291,28.7175746043738
"4587",4978,"Florida","mri-esm2-0","ssp585",NA,11.6571337905131,28.601041792795
"4588",4979,"Florida","mri-esm2-0","ssp585",NA,2.09947611896535,29.0180157191027
"4589",4980,"Florida","mri-esm2-0","ssp585",NA,4.69259929940443,30.0771263760055
"4590",4981,"Florida","mri-esm2-0","ssp585",NA,0.949194653519149,31.5709683235765
"4591",4982,"Florida","mri-esm2-0","ssp585",NA,3.18327908408741,31.8775800761509
"4592",4983,"Florida","mri-esm2-0","ssp585",NA,3.80015453277968,31.8869024148206
"4593",4984,"Florida","mri-esm2-0","ssp585",NA,2.82365967806854,32.4839854114461
"4594",4985,"Florida","mri-esm2-0","ssp585",NA,6.32756440099715,31.4977610133087
"4595",4986,"Florida","mri-esm2-0","ssp585",NA,3.62310673577751,32.31817139988
"4596",4987,"Florida","mri-esm2-0","ssp585",NA,2.84804651955882,33.1476951085011
"4597",4988,"Florida","mri-esm2-0","ssp585",NA,13.8230996467916,31.3635230709601
"4598",4989,"Florida","mri-esm2-0","ssp585",NA,4.67319109815327,32.924664915347
"4599",4990,"Florida","mri-esm2-0","ssp585",NA,3.88290798927573,31.5707779794369
"4600",4991,"Florida","mri-esm2-0","ssp585",NA,3.41643233782523,31.5078434124147
"4601",4992,"Florida","mri-esm2-0","ssp585",NA,5.00838665674174,30.6391927138172
"4602",4993,"Florida","mri-esm2-0","ssp585",NA,7.80125412815975,31.0766903283461
"4603",4994,"Florida","mri-esm2-0","ssp585",NA,8.09719854244741,31.0789174534883
"4604",4995,"Florida","mri-esm2-0","ssp585",NA,1.78158312997899,30.3934933891194
"4605",4996,"Florida","mri-esm2-0","ssp585",NA,6.72766162260078,30.1846597100847
"4606",4997,"Florida","mri-esm2-0","ssp585",NA,16.6359114768689,29.1184799975784
"4607",4998,"Florida","mri-esm2-0","ssp585",NA,10.9847420330201,29.6433912251516
"4608",4999,"Florida","mri-esm2-0","ssp585",NA,5.35499879471723,28.4811779587738
"4609",5000,"Florida","mri-esm2-0","ssp585",NA,0.359453022469774,28.7678699585948
"4610",5001,"Florida","mri-esm2-0","ssp585",NA,1.6511558218882,28.5096089077767
"4611",5002,"Florida","mri-esm2-0","ssp585",NA,3.1974154587449,24.4483697526217
"4612",5003,"Florida","mri-esm2-0","ssp585",NA,0.161602355362234,24.8115407774069
"4613",5004,"Florida","mri-esm2-0","ssp585",NA,4.19973446893923,21.5709013658714
"4614",5005,"Florida","mri-esm2-0","ssp585",NA,2.56421226795944,22.4948585530819
"4615",5006,"Florida","mri-esm2-0","ssp585",NA,6.59701895345921,22.7719591495483
"4616",5007,"Florida","mri-esm2-0","ssp585",NA,2.81307291236421,20.0251966450735
"4617",5008,"Florida","mri-esm2-0","ssp585",NA,2.25703371763837,23.8180963809278
"4618",5009,"Florida","mri-esm2-0","ssp585",NA,0.652241775576526,18.1742084677972
"4619",5010,"Florida","mri-esm2-0","ssp585",NA,0.63092950112177,19.4588301255054
"4620",5011,"Florida","mri-esm2-0","ssp585",NA,7.43118460844597,16.5893825150565
"4621",5012,"Florida","mri-esm2-0","ssp585",NA,2.12479508362583,23.0888986757181
"4622",5013,"Florida","mri-esm2-0","ssp585",NA,4.21604338974314,20.8452717495736
"4623",5014,"Florida","mri-esm2-0","ssp585",NA,1.12305755665883,20.6128204263446
"4624",5015,"Florida","mri-esm2-0","ssp585",NA,0.0661501264707324,14.7114764354942
"4625",5016,"Florida","mri-esm2-0","ssp585",NA,1.53852110429778,19.4273422364598
"4626",5017,"Florida","mri-esm2-0","ssp585",NA,0.151177058546698,17.6124141559447
"4627",5018,"Florida","mri-esm2-0","ssp585",NA,1.82779278714668,19.5417333885666
"4628",5019,"Florida","mri-esm2-0","ssp585",NA,0.231222544260462,23.0508047592287
"4629",5020,"Florida","mri-esm2-0","ssp585",NA,2.53918253318094,23.0457101333495
"4630",5021,"Florida","mri-esm2-0","ssp585",NA,0.138651382256633,19.7336896952915
"4631",5022,"Florida","mri-esm2-0","ssp585",NA,0.304521227878843,23.7788345707073
"4632",5023,"Florida","mri-esm2-0","ssp585",NA,7.790679073574,26.5151884423434
"4633",5024,"Florida","mri-esm2-0","ssp585",NA,9.50584225082603,21.6127055947029
"4634",5025,"Florida","mri-esm2-0","ssp585",NA,1.35134744018578,23.8594881700377
"4635",5026,"Florida","mri-esm2-0","ssp585",NA,3.76564626521327,24.1730936302329
"4636",5027,"Florida","mri-esm2-0","ssp585",NA,1.05869110509594,26.8518910204947
"4637",5028,"Florida","mri-esm2-0","ssp585",NA,0.613265689028808,26.4805944231964
"4638",5029,"Florida","mri-esm2-0","ssp585",NA,4.81305504178324,28.2473911007781
"4639",5030,"Florida","mri-esm2-0","ssp585",NA,6.5172642996815,28.1198282822766
"4640",5031,"Florida","mri-esm2-0","ssp585",NA,1.91689161774211,28.8749414161209
"4641",5032,"Florida","mri-esm2-0","ssp585",NA,2.61067738783406,30.3109291919801
"4642",5033,"Florida","mri-esm2-0","ssp585",NA,11.6810079387702,29.8716319451756
"4643",5034,"Florida","mri-esm2-0","ssp585",NA,13.3373769283504,30.2655887079368
"4644",5035,"Florida","mri-esm2-0","ssp585",NA,8.7001665191658,30.6589937688206
"4645",5036,"Florida","mri-esm2-0","ssp585",NA,4.78613223184548,31.3065985749032
"4646",5037,"Florida","mri-esm2-0","ssp585",NA,12.7709648697541,30.2593580220266
"4647",5038,"Florida","mri-esm2-0","ssp585",NA,8.00272772253915,31.3821485000158
"4648",5039,"Florida","mri-esm2-0","ssp585",NA,9.15060724760457,32.8073124065554
"4649",5040,"Florida","mri-esm2-0","ssp585",NA,0.984864091868203,34.0819334292348
"4650",5041,"Florida","mri-esm2-0","ssp585",NA,0.850809533686562,34.6890596703378
"4651",5042,"Florida","mri-esm2-0","ssp585",NA,4.86736763826271,33.5962905924918
"4652",5043,"Florida","mri-esm2-0","ssp585",NA,3.18159238597949,32.5913416448629
"4653",5044,"Florida","mri-esm2-0","ssp585",NA,5.02437387362241,32.15523599383
"4654",5045,"Florida","mri-esm2-0","ssp585",NA,6.42730703995345,31.1172754169475
"4655",5046,"Florida","mri-esm2-0","ssp585",NA,9.44806968538929,31.292143031529
"4656",5047,"Florida","mri-esm2-0","ssp585",NA,4.72808698166018,30.6751574739935
"4657",5048,"Florida","mri-esm2-0","ssp585",NA,11.0184322904231,30.1227353489303
"4658",5049,"Florida","mri-esm2-0","ssp585",NA,4.68514524142536,29.8280615629212
"4659",5050,"Florida","mri-esm2-0","ssp585",NA,4.75134490861868,29.3305447560437
"4660",5051,"Florida","mri-esm2-0","ssp585",NA,2.39152312346898,28.8684856733543
"4661",5052,"Florida","mri-esm2-0","ssp585",NA,2.56831914757199,27.9353340580778
"4662",5053,"Florida","mri-esm2-0","ssp585",NA,15.6484632514102,26.9753612754801
"4663",5054,"Florida","mri-esm2-0","ssp585",NA,3.98344509280722,23.9255398896827
"4664",5055,"Florida","mri-esm2-0","ssp585",NA,4.9487273987599,20.8595789001959
"4665",5056,"Florida","mri-esm2-0","ssp585",NA,0.764089864677504,24.3901174540147
"4666",5057,"Florida","mri-esm2-0","ssp585",NA,7.69342080670414,23.5699154260024
"4667",5058,"Florida","mri-esm2-0","ssp585",NA,1.13083116310871,20.6605033607175
"4668",5059,"Florida","mri-esm2-0","ssp585",NA,0.0392858947891927,20.8222950567775
"4669",5060,"Florida","mri-esm2-0","ssp585",NA,5.03955778495101,24.7533727106059
"4670",5061,"Florida","mri-esm2-0","ssp585",NA,2.70250482102603,17.47238971885
"4671",5062,"Florida","mri-esm2-0","ssp585",NA,0.95286196142211,14.663081890425
"4672",5063,"Florida","mri-esm2-0","ssp585",NA,2.08830316135555,19.8464111821671
"4673",5064,"Florida","mri-esm2-0","ssp585",NA,2.51707962616057,19.3716214984575
"4674",5065,"Florida","mri-esm2-0","ssp585",NA,5.90361923799832,20.8175479693554
"4675",5066,"Florida","mri-esm2-0","ssp585",NA,1.81656287133832,16.9911061248368
"4676",5067,"Florida","mri-esm2-0","ssp585",NA,1.33302697694345,15.6124546266952
"4677",5068,"Florida","mri-esm2-0","ssp585",NA,7.31952443160446,15.8510159639014
"4678",5069,"Florida","mri-esm2-0","ssp585",NA,0.139693434268725,16.4746385600047
"4679",5070,"Florida","mri-esm2-0","ssp585",NA,7.00098449910629,19.6747655986776
"4680",5071,"Florida","mri-esm2-0","ssp585",NA,2.09801513285614,19.6309763288884
"4681",5072,"Florida","mri-esm2-0","ssp585",NA,2.17978577847235,20.753584523985
"4682",5073,"Florida","mri-esm2-0","ssp585",NA,1.7684492120547,24.994562014351
"4683",5074,"Florida","mri-esm2-0","ssp585",NA,2.37084445748432,20.9395804433489
"4684",5075,"Florida","mri-esm2-0","ssp585",NA,0.00337905823662588,21.9618820478332
"4685",5076,"Florida","mri-esm2-0","ssp585",NA,4.566245416431,22.2977219080347
"4686",5077,"Florida","mri-esm2-0","ssp585",NA,3.68910256079742,22.252715307683
"4687",5078,"Florida","mri-esm2-0","ssp585",NA,2.56110216545288,22.5366802205294
"4688",5079,"Florida","mri-esm2-0","ssp585",NA,3.98437776085055,24.8306421490693
"4689",5080,"Florida","mri-esm2-0","ssp585",NA,2.45213766138477,27.7802625630423
"4690",5081,"Florida","mri-esm2-0","ssp585",NA,0.031907690297988,26.7594638875874
"4691",5082,"Florida","mri-esm2-0","ssp585",NA,1.50550812752848,28.0619024641752
"4692",5083,"Florida","mri-esm2-0","ssp585",NA,0.00422061337921373,29.2270694372789
"4693",5084,"Florida","mri-esm2-0","ssp585",NA,7.64534278344686,31.3194559349204
"4694",5085,"Florida","mri-esm2-0","ssp585",NA,0.872182926729504,33.0690329662231
"4695",5086,"Florida","mri-esm2-0","ssp585",NA,7.92856304261769,31.6515009219435
"4696",5087,"Florida","mri-esm2-0","ssp585",NA,8.18332531321653,30.1615191601036
"4697",5088,"Florida","mri-esm2-0","ssp585",NA,3.66947728902885,32.1245821970814
"4698",5089,"Florida","mri-esm2-0","ssp585",NA,10.5248251049518,32.0268076606195
"4699",5090,"Florida","mri-esm2-0","ssp585",NA,12.0837117926441,32.4717902252938
"4700",5091,"Florida","mri-esm2-0","ssp585",NA,5.37303256687395,32.2960414670549
"4701",5092,"Florida","mri-esm2-0","ssp585",NA,3.66265613430895,32.2708998358796
"4702",5093,"Florida","mri-esm2-0","ssp585",NA,1.78614597568101,33.3943544619167
"4703",5094,"Florida","mri-esm2-0","ssp585",NA,0.321390244210128,34.9650633614018
"4704",5095,"Florida","mri-esm2-0","ssp585",NA,3.02677293219885,33.9618920010055
"4705",5096,"Florida","mri-esm2-0","ssp585",NA,3.000983435677,33.8366673554372
"4706",5097,"Florida","mri-esm2-0","ssp585",NA,7.97702410863905,32.3116813556846
"4707",5098,"Florida","mri-esm2-0","ssp585",NA,8.79751889536793,31.5587084829325
"4708",5099,"Florida","mri-esm2-0","ssp585",NA,12.8206143345673,29.9428464000116
"4709",5100,"Florida","mri-esm2-0","ssp585",NA,10.8621310112277,30.565015668432
"4710",5101,"Florida","mri-esm2-0","ssp585",NA,2.00369683400325,31.6441665032482
"4711",5102,"Florida","mri-esm2-0","ssp585",NA,10.9047463694672,28.3117452698577
"4712",5103,"Florida","mri-esm2-0","ssp585",NA,6.3967520357969,27.3437099240861
"4713",5104,"Florida","mri-esm2-0","ssp585",NA,1.35996045273297,27.2987131946492
"4714",5105,"Florida","mri-esm2-0","ssp585",NA,0.147526404672353,28.3071631089697
"4715",5106,"Florida","mri-esm2-0","ssp585",NA,1.21186251152136,26.2048511597667
"4716",5107,"Florida","mri-esm2-0","ssp585",NA,0.173155074159604,21.4394035894595
"4717",5108,"Florida","mri-esm2-0","ssp585",NA,2.14986163636586,21.6448833784325
"4718",5109,"Florida","mri-esm2-0","ssp585",NA,1.10068230025958,22.5027119351205
"4719",5110,"Florida","mri-esm2-0","ssp585",NA,3.82988633027708,18.7291183924097
"4720",5111,"Florida","mri-esm2-0","ssp585",NA,1.05460251325769,17.5209531388193
"4721",5112,"Florida","mri-esm2-0","ssp585",NA,0.312899519514091,18.7090213744788
"4722",5113,"Florida","mri-esm2-0","ssp585",NA,1.54544506164449,19.7674002675676
"4723",5114,"Florida","mri-esm2-0","ssp585",NA,0.772425218986494,22.6490854268447
"4724",5115,"Florida","mri-esm2-0","ssp585",NA,5.74543333756999,20.5596110958295
"4725",5116,"Florida","mri-esm2-0","ssp585",NA,0.00622420493258236,14.0429504723562
"4726",5117,"Florida","mri-esm2-0","ssp585",NA,1.40252865667771,22.3440196240366
"4727",5118,"Florida","mri-esm2-0","ssp585",NA,1.30912094052936,20.2214435916705
"4728",5119,"Florida","mri-esm2-0","ssp585",NA,0.046870342125621,17.5158716741598
"4729",5120,"Florida","mri-esm2-0","ssp585",NA,0.822531630157725,21.3726105641162
"4730",5121,"Florida","mri-esm2-0","ssp585",NA,3.96372960860826,20.4360802992335
"4731",5122,"Florida","mri-esm2-0","ssp585",NA,0.226300154043697,21.2444976066322
"4732",5123,"Florida","mri-esm2-0","ssp585",NA,0.791814148752905,25.0891610775354
"4733",5124,"Florida","mri-esm2-0","ssp585",NA,0.00875527042210086,19.5732040857691
"4734",5125,"Florida","mri-esm2-0","ssp585",NA,0.745569606228819,24.9808283638762
"4735",5126,"Florida","mri-esm2-0","ssp585",NA,1.28330498107118,26.2480224280345
"4736",5127,"Florida","mri-esm2-0","ssp585",NA,5.37859834463023,24.1413118347004
"4737",5128,"Florida","mri-esm2-0","ssp585",NA,1.39180353103293,28.3379539469182
"4738",5129,"Florida","mri-esm2-0","ssp585",NA,0.532140398002355,24.7486961179667
"4739",5130,"Florida","mri-esm2-0","ssp585",NA,2.60248890224982,23.2139991945334
"4740",5131,"Florida","mri-esm2-0","ssp585",NA,4.38778012748609,27.3914213195966
"4741",5132,"Florida","mri-esm2-0","ssp585",NA,2.89537441711958,27.5336454900449
"4742",5133,"Florida","mri-esm2-0","ssp585",NA,2.64691465093966,27.1205535477384
"4743",5134,"Florida","mri-esm2-0","ssp585",NA,0.0897688586977932,30.801889901791
"4744",5135,"Florida","mri-esm2-0","ssp585",NA,1.66667581620422,31.7872097128485
"4745",5136,"Florida","mri-esm2-0","ssp585",NA,4.66084686577968,30.6627804984944
"4746",5137,"Florida","mri-esm2-0","ssp585",NA,4.7912849099362,31.3630512412346
"4747",5138,"Florida","mri-esm2-0","ssp585",NA,6.97799916483978,31.3190635660588
"4748",5139,"Florida","mri-esm2-0","ssp585",NA,10.3350599600138,30.890963473667
"4749",5140,"Florida","mri-esm2-0","ssp585",NA,8.0925097929806,31.4387266092223
"4750",5141,"Florida","mri-esm2-0","ssp585",NA,6.88925993795912,32.8459529249495
"4751",5142,"Florida","mri-esm2-0","ssp585",NA,5.4832687693181,32.0315637141225
"4752",5143,"Florida","mri-esm2-0","ssp585",NA,4.03033905272067,33.1728091833727
"4753",5144,"Florida","mri-esm2-0","ssp585",NA,5.21721948950013,32.0593642407029
"4754",5145,"Florida","mri-esm2-0","ssp585",NA,3.43466525102284,32.5679650977616
"4755",5146,"Florida","mri-esm2-0","ssp585",NA,6.52946074432688,31.1844449354311
"4756",5147,"Florida","mri-esm2-0","ssp585",NA,3.71744462244868,33.1363727579863
"4757",5148,"Florida","mri-esm2-0","ssp585",NA,7.31870560413141,33.8108455359775
"4758",5149,"Florida","mri-esm2-0","ssp585",NA,1.70546933713285,32.9435795622052
"4759",5150,"Florida","mri-esm2-0","ssp585",NA,4.93659017861993,31.9127632243936
"4760",5151,"Florida","mri-esm2-0","ssp585",NA,4.81555292407567,31.585143203941
"4761",5152,"Florida","mri-esm2-0","ssp585",NA,6.8586527775301,30.6296551892057
"4762",5153,"Florida","mri-esm2-0","ssp585",NA,4.98352792674072,29.7662146884476
"4763",5154,"Florida","mri-esm2-0","ssp585",NA,4.8936995739074,30.0630071840518
"4764",5155,"Florida","mri-esm2-0","ssp585",NA,5.21830512887371,29.3725553692512
"4765",5156,"Florida","mri-esm2-0","ssp585",NA,3.59980455712532,27.9574387378127
"4766",5157,"Florida","mri-esm2-0","ssp585",NA,5.78536096483996,27.2776317997442
"4767",5158,"Florida","mri-esm2-0","ssp585",NA,1.92354499583277,28.162380890962
"4768",5159,"Florida","mri-esm2-0","ssp585",NA,3.05532203041504,22.7384930469277
"4769",5160,"Florida","mri-esm2-0","ssp585",NA,1.92903203428577,26.3732627025512
"4770",5161,"Florida","mri-esm2-0","ssp585",NA,2.77451282411178,23.7291070408577
"4771",5162,"Florida","mri-esm2-0","ssp585",NA,11.8117503504061,19.8445370244851
"4772",5163,"Florida","mri-esm2-0","ssp585",NA,0.834426258828447,24.6210542498895
"4773",5164,"Florida","mri-esm2-0","ssp585",NA,1.81408449380941,21.520757283419
"4774",5165,"Florida","mri-esm2-0","ssp585",NA,6.14673425087027,18.3251388673191
"4775",5166,"Florida","mri-esm2-0","ssp585",NA,0.730587741481034,16.9872546584137
"4776",5167,"Florida","mri-esm2-0","ssp585",NA,0.0555357049338785,19.0789183583221
"4777",5168,"Florida","mri-esm2-0","ssp585",NA,0.040068842022596,16.0111457269468
"4778",5169,"Florida","mri-esm2-0","ssp585",NA,0.193819614454049,19.6249051405092
"4779",5170,"Florida","mri-esm2-0","ssp585",NA,0.0492181343493533,21.0158384420801
"4780",5171,"Florida","mri-esm2-0","ssp585",NA,1.23532440588407,24.6075462320744
"4781",5172,"Florida","mri-esm2-0","ssp585",NA,3.68703091117502,23.4486528011024
"4782",5173,"Florida","mri-esm2-0","ssp585",NA,0.945770584949648,18.6445911993556
"4783",5174,"Florida","mri-esm2-0","ssp585",NA,0.301830961634207,22.3710471757339
"4784",5175,"Florida","mri-esm2-0","ssp585",NA,3.17485617997198,23.5430384880128
"4785",5176,"Florida","mri-esm2-0","ssp585",NA,3.86138223577997,26.553927669885
"4786",5177,"Florida","mri-esm2-0","ssp585",NA,3.20823181235449,24.8765527606975
"4787",5178,"Florida","mri-esm2-0","ssp585",NA,4.30516181019549,26.2421361547918
"4788",5179,"Florida","mri-esm2-0","ssp585",NA,1.01291581893237,20.7499591837675
"4789",5180,"Florida","mri-esm2-0","ssp585",NA,0.41067439645541,23.2824196869473
"4790",5181,"Florida","mri-esm2-0","ssp585",NA,0.353097655031869,26.2331465482069
"4791",5182,"Florida","mri-esm2-0","ssp585",NA,2.44933477698663,26.5423537755591
"4792",5183,"Florida","mri-esm2-0","ssp585",NA,0.434429185329304,29.5108461446839
"4793",5184,"Florida","mri-esm2-0","ssp585",NA,1.61062014477512,27.7437176398511
"4794",5185,"Florida","mri-esm2-0","ssp585",NA,2.84051653202675,28.8751767551803
"4795",5186,"Florida","mri-esm2-0","ssp585",NA,10.4982691030741,28.4193727889151
"4796",5187,"Florida","mri-esm2-0","ssp585",NA,4.66030601433454,27.9381443897669
"4797",5188,"Florida","mri-esm2-0","ssp585",NA,8.25036134215433,29.4742367315164
"4798",5189,"Florida","mri-esm2-0","ssp585",NA,5.67397729202169,29.4680428147638
"4799",5190,"Florida","mri-esm2-0","ssp585",NA,0.305933282925007,31.2484424354574
"4800",5191,"Florida","mri-esm2-0","ssp585",NA,7.55878223716857,31.2595967336485
"4801",5192,"Florida","mri-esm2-0","ssp585",NA,6.48477924802342,32.0003077093161
"4802",5193,"Florida","mri-esm2-0","ssp585",NA,11.3912403623338,31.4352887341276
"4803",5194,"Florida","mri-esm2-0","ssp585",NA,12.5880795543232,31.0743552812026
"4804",5195,"Florida","mri-esm2-0","ssp585",NA,3.59129784884878,33.0534937609238
"4805",5196,"Florida","mri-esm2-0","ssp585",NA,5.27462784553506,32.284946229837
"4806",5197,"Florida","mri-esm2-0","ssp585",NA,5.13817569118413,31.8655753163957
"4807",5198,"Florida","mri-esm2-0","ssp585",NA,8.54533573869602,30.9581005003896
"4808",5199,"Florida","mri-esm2-0","ssp585",NA,8.96039291299314,30.9417192238039
"4809",5200,"Florida","mri-esm2-0","ssp585",NA,3.69126868593968,32.36833563545
"4810",5201,"Florida","mri-esm2-0","ssp585",NA,8.4680163859109,31.3065801491956
"4811",5202,"Florida","mri-esm2-0","ssp585",NA,16.2658369495645,30.4111406105227
"4812",5203,"Florida","mri-esm2-0","ssp585",NA,10.2234512589887,31.1792192731585
"4813",5204,"Florida","mri-esm2-0","ssp585",NA,6.83091620299143,30.5222282964907
"4814",5205,"Florida","mri-esm2-0","ssp585",NA,6.89011178328754,29.9911108135213
"4815",5206,"Florida","mri-esm2-0","ssp585",NA,9.3467894137781,29.9297561686637
"4816",5207,"Florida","mri-esm2-0","ssp585",NA,1.34181388874114,29.0897706887793
"4817",5208,"Florida","mri-esm2-0","ssp585",NA,0.342864323055734,27.6096252934952
"4818",5209,"Florida","mri-esm2-0","ssp585",NA,6.37303064068258,27.2436728094466
"4819",5210,"Florida","mri-esm2-0","ssp585",NA,1.82961738671265,22.2799097600973
"4820",5211,"Florida","mri-esm2-0","ssp585",NA,3.01269716297449,25.8039012651881
"4821",5212,"Florida","mri-esm2-0","ssp585",NA,7.36249082824849,21.4516646639678
"4822",5213,"Florida","mri-esm2-0","ssp585",NA,0.0041947702691618,15.9514598424865
"4823",5214,"Florida","mri-esm2-0","ssp585",NA,0.416561455606744,20.0067843455189
"4824",5215,"Florida","mri-esm2-0","ssp585",NA,14.0114351518431,19.9965226247947
"4825",5216,"Florida","mri-esm2-0","ssp585",NA,4.27774340688005,23.2007686316807
"4826",5217,"Florida","mri-esm2-0","ssp585",NA,6.04861482205635,22.1614006268689
"4827",5218,"Florida","mri-esm2-0","ssp585",NA,0.637520143743678,18.3034441595772
"4828",5219,"Florida","mri-esm2-0","ssp585",NA,0.283526498149126,14.825089595003
"4829",5220,"Florida","mri-esm2-0","ssp585",NA,1.26154148568881,21.5023568289621
"4830",5221,"Florida","mri-esm2-0","ssp585",NA,0.396793762474845,19.9595511135708
"4831",5222,"Florida","mri-esm2-0","ssp585",NA,4.52625216917419,19.9164930317923
"4832",5223,"Florida","mri-esm2-0","ssp585",NA,2.64984153191427,16.9279037269942
"4833",5224,"Florida","mri-esm2-0","ssp585",NA,2.5390344846126,15.9916291188037
"4834",5225,"Florida","mri-esm2-0","ssp585",NA,4.5050470274726,17.5998298089781
"4835",5226,"Florida","mri-esm2-0","ssp585",NA,0.74343635803742,18.0896870327767
"4836",5227,"Florida","mri-esm2-0","ssp585",NA,1.10127970500801,17.992167741719
"4837",5228,"Florida","mri-esm2-0","ssp585",NA,10.9031361077396,18.9173531174981
"4838",5229,"Florida","mri-esm2-0","ssp585",NA,1.47802871364635,19.5876582307636
"4839",5230,"Florida","mri-esm2-0","ssp585",NA,2.45362341324847,22.2579672101373
"4840",5231,"Florida","mri-esm2-0","ssp585",NA,0.193247678102875,25.9176568948998
"4841",5232,"Florida","mri-esm2-0","ssp585",NA,4.08663058001109,24.0607941249632
