"","Week_index","state","gcm","ssp","albopictus_trapnight","pr","tas"
"1",893,"North Carolina","mpi-esm1-2-hr","ssp585",0,0.447369962357163,5.23168112704068
"2",894,"North Carolina","mpi-esm1-2-hr","ssp585",0,0.131232864062616,6.26498119023002
"3",895,"North Carolina","mpi-esm1-2-hr","ssp585",0,0.671500131770202,9.39968167686999
"4",896,"North Carolina","mpi-esm1-2-hr","ssp585",0,12.044957637754,12.5157130137211
"5",897,"North Carolina","mpi-esm1-2-hr","ssp585",0,3.81759663097849,14.1105056548987
"6",898,"North Carolina","mpi-esm1-2-hr","ssp585",0,2.67814696624157,9.3851836046919
"7",899,"North Carolina","mpi-esm1-2-hr","ssp585",0,2.27682889434152,15.7593520220588
"8",900,"North Carolina","mpi-esm1-2-hr","ssp585",0,0.293140520556671,13.7856164584975
"9",901,"North Carolina","mpi-esm1-2-hr","ssp585",0.0102040816326531,0.224377407299593,13.999391238429
"10",902,"North Carolina","mpi-esm1-2-hr","ssp585",0.0142857142857143,0.605931730143395,11.3577740324646
"11",903,"North Carolina","mpi-esm1-2-hr","ssp585",0.0142857142857143,6.10248855994564,13.3510028059075
"12",904,"North Carolina","mpi-esm1-2-hr","ssp585",0.0142857142857143,5.47587048152179,15.1638745732668
"13",905,"North Carolina","mpi-esm1-2-hr","ssp585",0.0142857142857143,4.66183152794435,18.9577473103499
"14",906,"North Carolina","mpi-esm1-2-hr","ssp585",0.407834151663939,1.98567236586329,16.6434982342547
"15",907,"North Carolina","mpi-esm1-2-hr","ssp585",0.407834151663939,3.38223101870495,19.4283101570707
"16",908,"North Carolina","mpi-esm1-2-hr","ssp585",0.407834151663939,8.78364511122565,22.6437537441735
"17",909,"North Carolina","mpi-esm1-2-hr","ssp585",0.407834151663939,5.35316058907361,22.9555370512463
"18",910,"North Carolina","mpi-esm1-2-hr","ssp585",12.1455180662218,2.46851948521747,21.442380983155
"19",911,"North Carolina","mpi-esm1-2-hr","ssp585",19.4815705128205,7.26640832531493,25.7505299629618
"20",912,"North Carolina","mpi-esm1-2-hr","ssp585",19.4815705128205,0.127611155712198,24.846185644668
"21",913,"North Carolina","mpi-esm1-2-hr","ssp585",19.4815705128205,0.491888899986628,24.1187177043669
"22",914,"North Carolina","mpi-esm1-2-hr","ssp585",23.5365581854043,3.9283039043117,27.6224155458082
"23",915,"North Carolina","mpi-esm1-2-hr","ssp585",30.0245384615385,9.19362583900241,24.9160711550245
"24",916,"North Carolina","mpi-esm1-2-hr","ssp585",30.0245384615385,6.3841834871679,25.0415630265778
"25",917,"North Carolina","mpi-esm1-2-hr","ssp585",30.0245384615385,4.23739525825059,26.9272033178506
"26",918,"North Carolina","mpi-esm1-2-hr","ssp585",30.0245384615385,6.44632426582797,26.2688500839789
"27",919,"North Carolina","mpi-esm1-2-hr","ssp585",46.808043040293,2.62220375311202,27.7755954090621
"28",920,"North Carolina","mpi-esm1-2-hr","ssp585",63.5915476190476,1.82035585755689,24.6570795823212
"29",921,"North Carolina","mpi-esm1-2-hr","ssp585",63.5915476190476,8.82215305663667,25.1875951088443
"30",922,"North Carolina","mpi-esm1-2-hr","ssp585",63.5915476190476,9.43409333904587,25.2054513113839
"31",923,"North Carolina","mpi-esm1-2-hr","ssp585",57.8662966419545,7.20874373651865,23.5694356624486
"32",924,"North Carolina","mpi-esm1-2-hr","ssp585",53.0952541610436,4.40668108055411,25.5580368768601
"33",925,"North Carolina","mpi-esm1-2-hr","ssp585",53.0952541610436,9.96165688160881,21.3102870567172
"34",926,"North Carolina","mpi-esm1-2-hr","ssp585",53.0952541610436,0.0322011072286933,21.1403491963192
"35",927,"North Carolina","mpi-esm1-2-hr","ssp585",45.5024881916329,0.00594800363584351,20.2028622752812
"36",928,"North Carolina","mpi-esm1-2-hr","ssp585",37.9097222222222,8.30720641382822,14.9506546661634
"37",929,"North Carolina","mpi-esm1-2-hr","ssp585",37.9097222222222,10.4055460589214,14.7854430126543
"38",930,"North Carolina","mpi-esm1-2-hr","ssp585",37.9097222222222,1.25870010854692,14.0242139116389
"39",931,"North Carolina","mpi-esm1-2-hr","ssp585",37.9097222222222,2.18290806140644,12.0783217486213
"40",932,"North Carolina","mpi-esm1-2-hr","ssp585",32.9067942942943,0.5255055478324,16.0120697961802
"41",933,"North Carolina","mpi-esm1-2-hr","ssp585",25.4024024024024,0.45409360974198,16.3338598769586
"42",934,"North Carolina","mpi-esm1-2-hr","ssp585",25.4024024024024,0.0342122385801234,7.62512494255517
"43",935,"North Carolina","mpi-esm1-2-hr","ssp585",25.4024024024024,1.73107597371857,9.01431621476718
"44",936,"North Carolina","mpi-esm1-2-hr","ssp585",25.4024024024024,0.0240218920898311,9.68205826275825
"45",937,"North Carolina","mpi-esm1-2-hr","ssp585",NA,2.62295209139141,9.15038712727758
"46",938,"North Carolina","mpi-esm1-2-hr","ssp585",NA,5.26150562865769,12.1182896125364
"47",939,"North Carolina","mpi-esm1-2-hr","ssp585",NA,8.33580560118145,5.01532253400373
"48",940,"North Carolina","mpi-esm1-2-hr","ssp585",NA,5.77886819627638,2.06950793585023
"49",941,"North Carolina","mpi-esm1-2-hr","ssp585",NA,3.2216653068882,7.84479418913318
"50",942,"North Carolina","mpi-esm1-2-hr","ssp585",NA,3.06549838959465,5.97491110305488
"51",943,"North Carolina","mpi-esm1-2-hr","ssp585",NA,9.27625791888557,7.81396225395555
"52",944,"North Carolina","mpi-esm1-2-hr","ssp585",NA,3.2864159118411,-1.33554234135978
"53",945,"North Carolina","mpi-esm1-2-hr","ssp585",NA,0.906398976208802,0.837989895121937
"54",946,"North Carolina","mpi-esm1-2-hr","ssp585",NA,3.8183990896102,3.39413487145662
"55",947,"North Carolina","mpi-esm1-2-hr","ssp585",NA,2.77104038642582,7.17410348314761
"56",948,"North Carolina","mpi-esm1-2-hr","ssp585",NA,3.5391620531131,8.01899437860614
"57",949,"North Carolina","mpi-esm1-2-hr","ssp585",0,1.66697056563312,3.18889821797862
"58",950,"North Carolina","mpi-esm1-2-hr","ssp585",0,9.75793615760252,13.2921826958323
"59",951,"North Carolina","mpi-esm1-2-hr","ssp585",0,1.42354078740302,13.9756607012923
"60",952,"North Carolina","mpi-esm1-2-hr","ssp585",0,1.20346508248237,13.4342029560848
"61",953,"North Carolina","mpi-esm1-2-hr","ssp585",0,1.55586813654904,11.4129353670179
"62",954,"North Carolina","mpi-esm1-2-hr","ssp585",0,0.708890213895718,12.0613112334778
"63",955,"North Carolina","mpi-esm1-2-hr","ssp585",0,6.02314377364327,16.0385038317085
"64",956,"North Carolina","mpi-esm1-2-hr","ssp585",0,7.13237973187239,15.1724986527814
"65",957,"North Carolina","mpi-esm1-2-hr","ssp585",0,1.38565002487652,15.9287982673538
"66",958,"North Carolina","mpi-esm1-2-hr","ssp585",0.0548278670254477,6.52273117272724,16.2390441552598
"67",959,"North Carolina","mpi-esm1-2-hr","ssp585",0.0767590138356267,5.46471334581066,16.1777628922663
"68",960,"North Carolina","mpi-esm1-2-hr","ssp585",0.0767590138356267,1.33127526728879,19.818072543959
"69",961,"North Carolina","mpi-esm1-2-hr","ssp585",0.0767590138356267,1.26063396741256,16.4823039591813
"70",962,"North Carolina","mpi-esm1-2-hr","ssp585",0.669421315019433,4.92006666232448,19.7832682291667
"71",963,"North Carolina","mpi-esm1-2-hr","ssp585",1.41024919149919,3.56754771587055,22.7600970954788
"72",964,"North Carolina","mpi-esm1-2-hr","ssp585",1.41024919149919,2.83899743657106,23.2974648013502
"73",965,"North Carolina","mpi-esm1-2-hr","ssp585",1.41024919149919,3.19965147081493,25.7379359483051
"74",966,"North Carolina","mpi-esm1-2-hr","ssp585",1.2523190565952,2.84981721352863,24.9646129105939
"75",967,"North Carolina","mpi-esm1-2-hr","ssp585",1.09438892169121,11.0635871520128,25.8694126845074
"76",968,"North Carolina","mpi-esm1-2-hr","ssp585",1.09438892169121,5.43471780094952,27.4235507826178
"77",969,"North Carolina","mpi-esm1-2-hr","ssp585",1.09438892169121,6.14116621988362,26.291776906075
"78",970,"North Carolina","mpi-esm1-2-hr","ssp585",1.09438892169121,3.53089715794065,26.5410032811953
"79",971,"North Carolina","mpi-esm1-2-hr","ssp585",1.27878335943068,3.507445230424,26.6524892940575
"80",972,"North Carolina","mpi-esm1-2-hr","ssp585",1.44268952631022,4.55518192964427,26.2595462403712
"81",973,"North Carolina","mpi-esm1-2-hr","ssp585",1.44268952631022,10.0470621349844,23.7254501556482
"82",974,"North Carolina","mpi-esm1-2-hr","ssp585",1.44268952631022,4.5422801179568,24.1808719239649
"83",975,"North Carolina","mpi-esm1-2-hr","ssp585",3.29586578379145,4.28931588351535,25.3347619834067
"84",976,"North Carolina","mpi-esm1-2-hr","ssp585",5.67852097198161,9.41347170720758,22.2254375895866
"85",977,"North Carolina","mpi-esm1-2-hr","ssp585",5.67852097198161,14.1949508748852,22.4172332165288
"86",978,"North Carolina","mpi-esm1-2-hr","ssp585",5.67852097198161,0.341871262424916,20.1309097760198
"87",979,"North Carolina","mpi-esm1-2-hr","ssp585",5.67852097198161,5.56351242693909,19.0981357777486
"88",980,"North Carolina","mpi-esm1-2-hr","ssp585",0.20663190975691,1.71332013840186,22.2331927302171
"89",981,"North Carolina","mpi-esm1-2-hr","ssp585",0.20663190975691,1.40034091651431,19.3787058426887
"90",982,"North Carolina","mpi-esm1-2-hr","ssp585",0.20663190975691,4.38381016975968,20.5778698833049
"91",983,"North Carolina","mpi-esm1-2-hr","ssp585",0.20663190975691,5.4759284248117,20.4041571609113
"92",984,"North Carolina","mpi-esm1-2-hr","ssp585",0.157697626447626,0.432472143200189,14.1212235651097
"93",985,"North Carolina","mpi-esm1-2-hr","ssp585",0.0598290598290598,4.16546923003478,12.1477322276567
"94",986,"North Carolina","mpi-esm1-2-hr","ssp585",0.0598290598290598,0.735446056923971,7.01947189031865
"95",987,"North Carolina","mpi-esm1-2-hr","ssp585",0.0598290598290598,1.70587976739197,13.688795210467
"96",988,"North Carolina","mpi-esm1-2-hr","ssp585",0.0598290598290598,5.18668852150653,14.1960021459756
"97",989,"North Carolina","mpi-esm1-2-hr","ssp585",NA,9.2003470740338,6.99853580219876
"98",990,"North Carolina","mpi-esm1-2-hr","ssp585",NA,11.2937197466166,7.94432891205757
"99",991,"North Carolina","mpi-esm1-2-hr","ssp585",NA,1.30513244893376,0.937353109657238
"100",992,"North Carolina","mpi-esm1-2-hr","ssp585",NA,13.4056014860097,9.65749482121101
"101",993,"North Carolina","mpi-esm1-2-hr","ssp585",NA,3.12694976435387,4.6174249611551
"102",994,"North Carolina","mpi-esm1-2-hr","ssp585",NA,6.55148349761977,0.796639254708768
"103",995,"North Carolina","mpi-esm1-2-hr","ssp585",NA,1.52729746906172,0.20830634480849
"104",996,"North Carolina","mpi-esm1-2-hr","ssp585",NA,3.06308286027407,4.69645172359124
"105",997,"North Carolina","mpi-esm1-2-hr","ssp585",0,0.792006682048155,-1.0792727344844
"106",998,"North Carolina","mpi-esm1-2-hr","ssp585",0,7.04255398333099,5.42971695758384
"107",999,"North Carolina","mpi-esm1-2-hr","ssp585",0,10.2415716573795,6.51422739750199
"108",1000,"North Carolina","mpi-esm1-2-hr","ssp585",0,1.61942121785385,9.5402193128228
"109",1001,"North Carolina","mpi-esm1-2-hr","ssp585",0,0.00139677799206536,7.8808187361859
"110",1002,"North Carolina","mpi-esm1-2-hr","ssp585",0,0.902528776732805,9.52545273724727
"111",1003,"North Carolina","mpi-esm1-2-hr","ssp585",0,4.93292063360624,16.1583974800858
"112",1004,"North Carolina","mpi-esm1-2-hr","ssp585",0,7.81439395993227,11.0066421978948
"113",1005,"North Carolina","mpi-esm1-2-hr","ssp585",0,5.27756131750491,13.4747260256642
"114",1006,"North Carolina","mpi-esm1-2-hr","ssp585",0.0111111111111111,0.692078402915117,15.5226167395669
"115",1007,"North Carolina","mpi-esm1-2-hr","ssp585",0.0111111111111111,3.34537038808868,14.5991455932959
"116",1008,"North Carolina","mpi-esm1-2-hr","ssp585",0.0111111111111111,0.0153538009902402,18.7247874882375
"117",1009,"North Carolina","mpi-esm1-2-hr","ssp585",0.0111111111111111,1.35263547510339,19.1854284462809
"118",1010,"North Carolina","mpi-esm1-2-hr","ssp585",0.0715608465608466,0.478107675136177,17.0567746287968
"119",1011,"North Carolina","mpi-esm1-2-hr","ssp585",0.107830687830688,5.30858498769864,17.4313404585467
"120",1012,"North Carolina","mpi-esm1-2-hr","ssp585",0.107830687830688,6.87947472469503,19.6720568745076
"121",1013,"North Carolina","mpi-esm1-2-hr","ssp585",0.107830687830688,2.09909203269276,18.2120127616477
"122",1014,"North Carolina","mpi-esm1-2-hr","ssp585",0.230584950029394,1.67691994046887,19.2725414286809
"123",1015,"North Carolina","mpi-esm1-2-hr","ssp585",0.384027777777778,8.04008787909123,23.1836927055979
"124",1016,"North Carolina","mpi-esm1-2-hr","ssp585",0.384027777777778,1.37113600754643,25.6609324051887
"125",1017,"North Carolina","mpi-esm1-2-hr","ssp585",0.384027777777778,1.63710822190839,27.4424674923681
"126",1018,"North Carolina","mpi-esm1-2-hr","ssp585",0.384027777777778,0.737867888021371,25.3058252500219
"127",1019,"North Carolina","mpi-esm1-2-hr","ssp585",1.00785984848485,3.46214746423051,26.6720035328585
"128",1020,"North Carolina","mpi-esm1-2-hr","ssp585",1.00785984848485,4.26546867657184,26.144378627916
"129",1021,"North Carolina","mpi-esm1-2-hr","ssp585",1.00785984848485,0.0184965609716391,28.8382903967251
"130",1022,"North Carolina","mpi-esm1-2-hr","ssp585",1.00785984848485,4.85044928821732,27.8302078546262
"131",1023,"North Carolina","mpi-esm1-2-hr","ssp585",0.805312135780886,5.29420248398111,25.4039727731913
"132",1024,"North Carolina","mpi-esm1-2-hr","ssp585",0.602764423076923,3.23757932736258,26.7794710560005
"133",1025,"North Carolina","mpi-esm1-2-hr","ssp585",0.602764423076923,11.9355603671534,25.9918010807839
"134",1026,"North Carolina","mpi-esm1-2-hr","ssp585",0.602764423076923,4.53498154234052,25.5455910049567
"135",1027,"North Carolina","mpi-esm1-2-hr","ssp585",0.535236378205128,0.168952557541765,23.5165412625011
"136",1028,"North Carolina","mpi-esm1-2-hr","ssp585",0.467708333333333,3.07904394369664,25.7544754498479
"137",1029,"North Carolina","mpi-esm1-2-hr","ssp585",0.467708333333333,0.522672607303702,24.7133876768481
"138",1030,"North Carolina","mpi-esm1-2-hr","ssp585",0.467708333333333,0.41804976548932,25.4079309116225
"139",1031,"North Carolina","mpi-esm1-2-hr","ssp585",0.467708333333333,0.255618871166053,24.7063228147705
"140",1032,"North Carolina","mpi-esm1-2-hr","ssp585",0.311979166666667,6.6211782128219,20.9153668571921
"141",1033,"North Carolina","mpi-esm1-2-hr","ssp585",0.15625,1.84630361029366,19.0834500694809
"142",1034,"North Carolina","mpi-esm1-2-hr","ssp585",0.15625,3.33980633042623,23.185524102219
"143",1035,"North Carolina","mpi-esm1-2-hr","ssp585",0.15625,4.17619870458715,15.8961904488358
"144",1036,"North Carolina","mpi-esm1-2-hr","ssp585",0.15625,0.00496547784853899,10.7451101436669
"145",1037,"North Carolina","mpi-esm1-2-hr","ssp585",NA,0.00306766515608951,9.87921754639358
"146",1038,"North Carolina","mpi-esm1-2-hr","ssp585",NA,7.5944609874813,10.6117829480425
"147",1039,"North Carolina","mpi-esm1-2-hr","ssp585",NA,9.41174891725977,15.8582096559327
"148",1040,"North Carolina","mpi-esm1-2-hr","ssp585",NA,2.23540598505197,3.03981095856314
"149",1041,"North Carolina","mpi-esm1-2-hr","ssp585",NA,3.13980123211892,4.11477324328171
"150",1042,"North Carolina","mpi-esm1-2-hr","ssp585",NA,5.03877030688662,4.2366042877112
"151",1043,"North Carolina","mpi-esm1-2-hr","ssp585",NA,1.15326385250014,4.28010662516962
"152",1044,"North Carolina","mpi-esm1-2-hr","ssp585",NA,7.45476398773493,8.26193926300991
"153",1045,"North Carolina","mpi-esm1-2-hr","ssp585",NA,2.48138275996052,4.07713968399862
"154",1046,"North Carolina","mpi-esm1-2-hr","ssp585",NA,0.271023699330551,5.1516624130121
"155",1047,"North Carolina","mpi-esm1-2-hr","ssp585",NA,5.67511364980809,7.5651794433594
"156",1048,"North Carolina","mpi-esm1-2-hr","ssp585",NA,0.0587632325021775,4.46687437426145
"157",1049,"North Carolina","mpi-esm1-2-hr","ssp585",NA,4.81080963862255,10.5958665350906
"158",1050,"North Carolina","mpi-esm1-2-hr","ssp585",NA,5.00801921511649,8.17045859115133
"159",1051,"North Carolina","mpi-esm1-2-hr","ssp585",NA,8.62065088436151,9.5022779277727
"160",1052,"North Carolina","mpi-esm1-2-hr","ssp585",NA,1.36726865264393,10.4604143928079
"161",1053,"North Carolina","mpi-esm1-2-hr","ssp585",NA,0.58477693987277,12.3886585908778
"162",1054,"North Carolina","mpi-esm1-2-hr","ssp585",NA,0.152168245966538,10.7787252987132
"163",1055,"North Carolina","mpi-esm1-2-hr","ssp585",NA,6.0582514604536,11.0891152261686
"164",1056,"North Carolina","mpi-esm1-2-hr","ssp585",NA,11.7950970043652,13.1803309849331
"165",1057,"North Carolina","mpi-esm1-2-hr","ssp585",NA,5.75056403658356,10.6381605645188
"166",1058,"North Carolina","mpi-esm1-2-hr","ssp585",NA,1.95646724412868,12.9910558363971
"167",1059,"North Carolina","mpi-esm1-2-hr","ssp585",NA,19.7836989652227,17.3309508764443
"168",1060,"North Carolina","mpi-esm1-2-hr","ssp585",NA,1.7072561451458,12.6660641453847
"169",1061,"North Carolina","mpi-esm1-2-hr","ssp585",NA,6.28876465733115,16.585094342913
"170",1062,"North Carolina","mpi-esm1-2-hr","ssp585",NA,7.94775691596931,12.7659527946921
"171",1063,"North Carolina","mpi-esm1-2-hr","ssp585",NA,6.16405475031127,17.0763073320149
"172",1064,"North Carolina","mpi-esm1-2-hr","ssp585",NA,0.752720215405898,19.5757225399926
"173",1065,"North Carolina","mpi-esm1-2-hr","ssp585",NA,2.58136070602448,19.8539733544785
"174",1066,"North Carolina","mpi-esm1-2-hr","ssp585",NA,8.54205520047211,23.7468986276151
"175",1067,"North Carolina","mpi-esm1-2-hr","ssp585",NA,2.06404024869729,24.8554431562664
"176",1068,"North Carolina","mpi-esm1-2-hr","ssp585",NA,0.479235010627097,22.8514947629443
"177",1069,"North Carolina","mpi-esm1-2-hr","ssp585",NA,4.60012789040744,24.1096402208345
"178",1070,"North Carolina","mpi-esm1-2-hr","ssp585",NA,3.11670510808264,25.1182519052543
"179",1071,"North Carolina","mpi-esm1-2-hr","ssp585",NA,6.78472445764813,26.2665346802784
"180",1072,"North Carolina","mpi-esm1-2-hr","ssp585",NA,8.73080799503762,25.1140912566199
"181",1073,"North Carolina","mpi-esm1-2-hr","ssp585",NA,3.50153998415179,26.6104294891785
"182",1074,"North Carolina","mpi-esm1-2-hr","ssp585",NA,7.27501662431296,25.3383855397628
"183",1075,"North Carolina","mpi-esm1-2-hr","ssp585",NA,9.19102284065086,26.1537778710117
"184",1076,"North Carolina","mpi-esm1-2-hr","ssp585",NA,1.2970197638745,26.3674644320619
"185",1077,"North Carolina","mpi-esm1-2-hr","ssp585",NA,0.164760542259906,24.8865421925606
"186",1078,"North Carolina","mpi-esm1-2-hr","ssp585",NA,5.00695388603644,25.3729183592382
"187",1079,"North Carolina","mpi-esm1-2-hr","ssp585",NA,3.27847658198213,23.4128223579471
"188",1080,"North Carolina","mpi-esm1-2-hr","ssp585",NA,0.797687573354137,24.3940816585423
"189",1081,"North Carolina","mpi-esm1-2-hr","ssp585",NA,3.86729546001892,25.7912983699339
"190",1082,"North Carolina","mpi-esm1-2-hr","ssp585",NA,31.2538536357879,22.0676882105381
"191",1083,"North Carolina","mpi-esm1-2-hr","ssp585",NA,7.43459728682788,21.418359375
"192",1084,"North Carolina","mpi-esm1-2-hr","ssp585",NA,12.072146564465,17.6199231914446
"193",1085,"North Carolina","mpi-esm1-2-hr","ssp585",NA,0.5403478402651,20.2825460653011
"194",1086,"North Carolina","mpi-esm1-2-hr","ssp585",NA,0.972006750000693,18.2334573013776
"195",1087,"North Carolina","mpi-esm1-2-hr","ssp585",NA,0.0759825525256784,21.6639778372287
"196",1088,"North Carolina","mpi-esm1-2-hr","ssp585",NA,1.37440933825882,16.4151437454865
"197",1089,"North Carolina","mpi-esm1-2-hr","ssp585",NA,0.537881120394826,9.97178197695096
"198",1090,"North Carolina","mpi-esm1-2-hr","ssp585",NA,0.294342517497912,8.20016886393232
"199",1091,"North Carolina","mpi-esm1-2-hr","ssp585",NA,3.27949746980656,7.98239115226171
"200",1092,"North Carolina","mpi-esm1-2-hr","ssp585",NA,0.059926997740707,7.42926398098304
"201",1093,"North Carolina","mpi-esm1-2-hr","ssp585",NA,3.83861749528058,5.87670826631436
"202",1094,"North Carolina","mpi-esm1-2-hr","ssp585",NA,0.00884763810193233,9.87965359727878
"203",1095,"North Carolina","mpi-esm1-2-hr","ssp585",NA,2.51865350625291,7.0541740524335
"204",1096,"North Carolina","mpi-esm1-2-hr","ssp585",NA,0.792394962239185,2.95804222812174
"205",1097,"North Carolina","mpi-esm1-2-hr","ssp585",NA,0.0891518025028523,1.5233771145177
"206",1098,"North Carolina","mpi-esm1-2-hr","ssp585",NA,4.54832626860518,6.66423095361194
"207",1099,"North Carolina","mpi-esm1-2-hr","ssp585",NA,0.0948665378889912,13.0420151483445
"208",1100,"North Carolina","mpi-esm1-2-hr","ssp585",NA,3.65065964061545,12.6375476484539
"209",1101,"North Carolina","mpi-esm1-2-hr","ssp585",NA,3.50663934097473,5.36218044590885
"210",1102,"North Carolina","mpi-esm1-2-hr","ssp585",NA,0.265039922791815,4.94926906553639
"211",1103,"North Carolina","mpi-esm1-2-hr","ssp585",NA,5.53589323463719,3.85779343719912
"212",1104,"North Carolina","mpi-esm1-2-hr","ssp585",NA,0.354577254513381,0.694143822079636
"213",1105,"North Carolina","mpi-esm1-2-hr","ssp585",NA,3.04331444640105,8.01455155060073
"214",1106,"North Carolina","mpi-esm1-2-hr","ssp585",NA,4.77497809803913,12.5146963595009
"215",1107,"North Carolina","mpi-esm1-2-hr","ssp585",NA,5.76672832939337,11.2733195841814
"216",1108,"North Carolina","mpi-esm1-2-hr","ssp585",NA,3.67923039356501,8.58866601083795
"217",1109,"North Carolina","mpi-esm1-2-hr","ssp585",NA,3.83115388019996,12.2231999757911
"218",1110,"North Carolina","mpi-esm1-2-hr","ssp585",NA,0.100554679772335,10.8583483955106
"219",1111,"North Carolina","mpi-esm1-2-hr","ssp585",NA,0.788787637613205,12.8153151055344
"220",1112,"North Carolina","mpi-esm1-2-hr","ssp585",NA,0.413962459641566,18.1174812722941
"221",1113,"North Carolina","mpi-esm1-2-hr","ssp585",NA,3.53399547575846,19.9051365443639
"222",1114,"North Carolina","mpi-esm1-2-hr","ssp585",NA,6.31331490718871,20.0003402752703
"223",1115,"North Carolina","mpi-esm1-2-hr","ssp585",NA,1.14956189081109,21.2968135887168
"224",1116,"North Carolina","mpi-esm1-2-hr","ssp585",NA,2.43271951778083,22.1327487806646
"225",1117,"North Carolina","mpi-esm1-2-hr","ssp585",NA,0.14550899049478,21.1643263530999
"226",1118,"North Carolina","mpi-esm1-2-hr","ssp585",NA,1.71883037554598,21.6961210534018
"227",1119,"North Carolina","mpi-esm1-2-hr","ssp585",NA,0.910765425517432,24.9017907236137
"228",1120,"North Carolina","mpi-esm1-2-hr","ssp585",NA,4.49245967661953,24.6936521214931
"229",1121,"North Carolina","mpi-esm1-2-hr","ssp585",NA,3.8390796544202,21.8702610218892
"230",1122,"North Carolina","mpi-esm1-2-hr","ssp585",NA,3.11283538380123,25.4080181901862
"231",1123,"North Carolina","mpi-esm1-2-hr","ssp585",NA,0.082329821862386,25.9171171300552
"232",1124,"North Carolina","mpi-esm1-2-hr","ssp585",NA,3.94250371076958,27.0624003776315
"233",1125,"North Carolina","mpi-esm1-2-hr","ssp585",NA,1.35815221441314,27.8807182931767
"234",1126,"North Carolina","mpi-esm1-2-hr","ssp585",NA,9.02898778065933,25.2049208013284
"235",1127,"North Carolina","mpi-esm1-2-hr","ssp585",NA,0.367271049314902,26.42404513319
"236",1128,"North Carolina","mpi-esm1-2-hr","ssp585",NA,3.44009720231516,28.2321883856082
"237",1129,"North Carolina","mpi-esm1-2-hr","ssp585",NA,3.18233042619971,26.5377049037389
"238",1130,"North Carolina","mpi-esm1-2-hr","ssp585",NA,2.33274752040836,24.8193759095435
"239",1131,"North Carolina","mpi-esm1-2-hr","ssp585",NA,4.92496036787096,24.1602732425978
"240",1132,"North Carolina","mpi-esm1-2-hr","ssp585",NA,0.19597057704354,27.2246301132758
"241",1133,"North Carolina","mpi-esm1-2-hr","ssp585",NA,0.163001822606204,22.1185849486279
"242",1134,"North Carolina","mpi-esm1-2-hr","ssp585",NA,0.00257337708434602,21.0785513570663
"243",1135,"North Carolina","mpi-esm1-2-hr","ssp585",NA,0.0578362986751384,21.3686346999738
"244",1136,"North Carolina","mpi-esm1-2-hr","ssp585",NA,0.0132744170812413,18.2949103860294
"245",1137,"North Carolina","mpi-esm1-2-hr","ssp585",NA,0.162732953967173,19.3580409971606
"246",1138,"North Carolina","mpi-esm1-2-hr","ssp585",NA,0.731102797842806,20.4208993436242
"247",1139,"North Carolina","mpi-esm1-2-hr","ssp585",NA,1.69770202962408,21.5806062073267
"248",1140,"North Carolina","mpi-esm1-2-hr","ssp585",NA,3.37955559423316,15.3696163914785
"249",1141,"North Carolina","mpi-esm1-2-hr","ssp585",NA,0.34782028394583,13.6511460932029
"250",1142,"North Carolina","mpi-esm1-2-hr","ssp585",NA,3.34986655538114,10.1390878885734
"251",1143,"North Carolina","mpi-esm1-2-hr","ssp585",NA,0.896629953688204,11.7349732642081
"252",1144,"North Carolina","mpi-esm1-2-hr","ssp585",NA,5.05676123348396,7.50554057316288
"253",1145,"North Carolina","mpi-esm1-2-hr","ssp585",NA,6.99489346321463,8.2264921984419
"254",1146,"North Carolina","mpi-esm1-2-hr","ssp585",NA,6.79145244326765,2.95203094909841
"255",1147,"North Carolina","mpi-esm1-2-hr","ssp585",NA,0.0970776367864324,-1.90650921989887
"256",1148,"North Carolina","mpi-esm1-2-hr","ssp585",NA,0.888224180114378,2.89719838374805
"257",1149,"North Carolina","mpi-esm1-2-hr","ssp585",NA,0.71908282523876,6.55146559600405
"258",1150,"North Carolina","mpi-esm1-2-hr","ssp585",NA,5.67286254727074,13.2227912795978
"259",1151,"North Carolina","mpi-esm1-2-hr","ssp585",NA,0.0484995873912263,4.7039974095107
"260",1152,"North Carolina","mpi-esm1-2-hr","ssp585",NA,0.0413120324816848,1.55329895874368
"261",1153,"North Carolina","mpi-esm1-2-hr","ssp585",NA,1.28426662696493,9.45251734971334
"262",1154,"North Carolina","mpi-esm1-2-hr","ssp585",NA,0.206227855661007,4.85246747869072
"263",1155,"North Carolina","mpi-esm1-2-hr","ssp585",NA,9.81914961313819,10.215353025976
"264",1156,"North Carolina","mpi-esm1-2-hr","ssp585",NA,0.204399137926105,7.45861291538102
"265",1157,"North Carolina","mpi-esm1-2-hr","ssp585",NA,3.17202985619695,8.23739056413584
"266",1158,"North Carolina","mpi-esm1-2-hr","ssp585",NA,3.91706122030607,7.92211756773024
"267",1159,"North Carolina","mpi-esm1-2-hr","ssp585",NA,7.30545162693159,12.0284054197851
"268",1160,"North Carolina","mpi-esm1-2-hr","ssp585",NA,3.35263378315367,10.7695187352285
"269",1161,"North Carolina","mpi-esm1-2-hr","ssp585",NA,2.51727959830456,12.3803519967558
"270",1162,"North Carolina","mpi-esm1-2-hr","ssp585",NA,1.0276147238448,9.83816738609509
"271",1163,"North Carolina","mpi-esm1-2-hr","ssp585",NA,0.915165833693278,14.6134008925836
"272",1164,"North Carolina","mpi-esm1-2-hr","ssp585",NA,6.6279186895517,13.2343671013327
"273",1165,"North Carolina","mpi-esm1-2-hr","ssp585",NA,1.17700753454767,13.9341558547247
"274",1166,"North Carolina","mpi-esm1-2-hr","ssp585",NA,0.639485837611665,15.7326302493654
"275",1167,"North Carolina","mpi-esm1-2-hr","ssp585",NA,7.7870533162615,18.861416737105
"276",1168,"North Carolina","mpi-esm1-2-hr","ssp585",NA,3.43008822651847,16.7111957966781
"277",1169,"North Carolina","mpi-esm1-2-hr","ssp585",NA,4.22832254926488,19.6999844762124
"278",1170,"North Carolina","mpi-esm1-2-hr","ssp585",NA,7.15184791494851,22.8050444445356
"279",1171,"North Carolina","mpi-esm1-2-hr","ssp585",NA,0.883491391398232,19.9201686314174
"280",1172,"North Carolina","mpi-esm1-2-hr","ssp585",NA,4.53754679417346,23.6375747466956
"281",1173,"North Carolina","mpi-esm1-2-hr","ssp585",NA,13.6718014367546,23.0273496141621
"282",1174,"North Carolina","mpi-esm1-2-hr","ssp585",NA,6.38735571276911,24.4998625939634
"283",1175,"North Carolina","mpi-esm1-2-hr","ssp585",NA,5.52183482789228,25.394704490683
"284",1176,"North Carolina","mpi-esm1-2-hr","ssp585",NA,1.82843446113294,23.7075633500471
"285",1177,"North Carolina","mpi-esm1-2-hr","ssp585",NA,2.87295763723285,26.5186882638798
"286",1178,"North Carolina","mpi-esm1-2-hr","ssp585",NA,6.72393132079669,24.4678246933539
"287",1179,"North Carolina","mpi-esm1-2-hr","ssp585",NA,1.72258858826865,27.2074466651895
"288",1180,"North Carolina","mpi-esm1-2-hr","ssp585",NA,0.377617572749619,30.7573240990732
"289",1181,"North Carolina","mpi-esm1-2-hr","ssp585",NA,1.25435768198816,28.3902096019072
"290",1182,"North Carolina","mpi-esm1-2-hr","ssp585",NA,7.62647681398402,24.9848606825543
"291",1183,"North Carolina","mpi-esm1-2-hr","ssp585",NA,1.42225960511144,26.805042649384
"292",1184,"North Carolina","mpi-esm1-2-hr","ssp585",NA,0.171623926816661,25.9545779273624
"293",1185,"North Carolina","mpi-esm1-2-hr","ssp585",NA,0.214009127262789,23.7860004499847
"294",1186,"North Carolina","mpi-esm1-2-hr","ssp585",NA,5.64326562615089,23.4682643345424
"295",1187,"North Carolina","mpi-esm1-2-hr","ssp585",NA,1.3392164292239,21.1678158714658
"296",1188,"North Carolina","mpi-esm1-2-hr","ssp585",NA,1.62008383321787,19.1880435548243
"297",1189,"North Carolina","mpi-esm1-2-hr","ssp585",NA,1.04446708508843,18.6210410580248
"298",1190,"North Carolina","mpi-esm1-2-hr","ssp585",NA,12.7935406016631,18.6557292863435
"299",1191,"North Carolina","mpi-esm1-2-hr","ssp585",NA,2.3896855077334,15.6908489494431
"300",1192,"North Carolina","mpi-esm1-2-hr","ssp585",NA,0.538520193930242,12.9447227157465
"301",1193,"North Carolina","mpi-esm1-2-hr","ssp585",NA,0.143792186630156,9.82384113557535
"302",1194,"North Carolina","mpi-esm1-2-hr","ssp585",NA,1.44683949202933,11.4170224144345
"303",1195,"North Carolina","mpi-esm1-2-hr","ssp585",NA,0.597194009706913,9.94300065240942
"304",1196,"North Carolina","mpi-esm1-2-hr","ssp585",NA,2.08625994812738,7.60143552293967
"305",1197,"North Carolina","mpi-esm1-2-hr","ssp585",NA,1.47794490525897,8.41778800387345
"306",1198,"North Carolina","mpi-esm1-2-hr","ssp585",NA,1.32692755677981,12.4096949473149
"307",1199,"North Carolina","mpi-esm1-2-hr","ssp585",NA,4.00629764123604,9.28907426251753
"308",1200,"North Carolina","mpi-esm1-2-hr","ssp585",NA,1.67245219573572,8.78032494980416
"309",1201,"North Carolina","mpi-esm1-2-hr","ssp585",NA,1.02347083569335,5.86072380856642
"310",1202,"North Carolina","mpi-esm1-2-hr","ssp585",NA,1.4688367132592,8.00507913370429
"311",1203,"North Carolina","mpi-esm1-2-hr","ssp585",NA,0.0810534467562611,2.01991178795739
"312",1204,"North Carolina","mpi-esm1-2-hr","ssp585",NA,2.58005011823146,7.9276274010581
"313",1205,"North Carolina","mpi-esm1-2-hr","ssp585",NA,10.0401187617749,13.4424274861312
"314",1206,"North Carolina","mpi-esm1-2-hr","ssp585",NA,5.10497007963452,8.57446721608568
"315",1207,"North Carolina","mpi-esm1-2-hr","ssp585",NA,8.43968822408278,10.7545028900232
"316",1208,"North Carolina","mpi-esm1-2-hr","ssp585",NA,0.32630746355921,4.2475581321396
"317",1209,"North Carolina","mpi-esm1-2-hr","ssp585",NA,3.90729850564448,8.13836623760835
"318",1210,"North Carolina","mpi-esm1-2-hr","ssp585",NA,2.04528802564671,6.7114810548243
"319",1211,"North Carolina","mpi-esm1-2-hr","ssp585",NA,0.89807679308121,6.0417701528854
"320",1212,"North Carolina","mpi-esm1-2-hr","ssp585",NA,8.11032660959052,12.836403008469
"321",1213,"North Carolina","mpi-esm1-2-hr","ssp585",NA,4.37029405330279,13.4722388003053
"322",1214,"North Carolina","mpi-esm1-2-hr","ssp585",NA,8.46334076630519,13.9587465259542
"323",1215,"North Carolina","mpi-esm1-2-hr","ssp585",NA,2.03539507485341,12.1435728612734
"324",1216,"North Carolina","mpi-esm1-2-hr","ssp585",NA,6.77760645902548,11.4438247125022
"325",1217,"North Carolina","mpi-esm1-2-hr","ssp585",NA,8.02518953490971,15.2738070105972
"326",1218,"North Carolina","mpi-esm1-2-hr","ssp585",NA,6.03914250823742,14.0301653522737
"327",1219,"North Carolina","mpi-esm1-2-hr","ssp585",NA,2.01616368731036,15.4150850183824
"328",1220,"North Carolina","mpi-esm1-2-hr","ssp585",NA,5.55372157025221,17.8686703465566
"329",1221,"North Carolina","mpi-esm1-2-hr","ssp585",NA,5.2285610510884,22.3799837342164
"330",1222,"North Carolina","mpi-esm1-2-hr","ssp585",NA,0.101427268166562,19.4403223716245
"331",1223,"North Carolina","mpi-esm1-2-hr","ssp585",NA,0.0163827059630788,22.6896411543133
"332",1224,"North Carolina","mpi-esm1-2-hr","ssp585",NA,2.24330197935855,22.9534196271282
"333",1225,"North Carolina","mpi-esm1-2-hr","ssp585",NA,0.0132721786145385,22.8185376592043
"334",1226,"North Carolina","mpi-esm1-2-hr","ssp585",NA,4.03036669504065,23.5347281148788
"335",1227,"North Carolina","mpi-esm1-2-hr","ssp585",NA,5.09194214000443,25.2356906410025
"336",1228,"North Carolina","mpi-esm1-2-hr","ssp585",NA,1.0706674382148,26.1762995017343
"337",1229,"North Carolina","mpi-esm1-2-hr","ssp585",NA,4.48475384619087,26.9361935228193
"338",1230,"North Carolina","mpi-esm1-2-hr","ssp585",NA,4.4656260156803,27.439696462081
"339",1231,"North Carolina","mpi-esm1-2-hr","ssp585",NA,3.17499674118367,30.6228715143284
"340",1232,"North Carolina","mpi-esm1-2-hr","ssp585",NA,2.44613796173379,28.9784103607263
"341",1233,"North Carolina","mpi-esm1-2-hr","ssp585",NA,3.38413961319265,29.9911557665059
"342",1234,"North Carolina","mpi-esm1-2-hr","ssp585",NA,3.09501910039117,26.6299936502922
"343",1235,"North Carolina","mpi-esm1-2-hr","ssp585",NA,17.8712527894957,24.9003740925081
"344",1236,"North Carolina","mpi-esm1-2-hr","ssp585",NA,1.26639041148895,24.8976853827469
"345",1237,"North Carolina","mpi-esm1-2-hr","ssp585",NA,0.0370843047729817,23.8641357934776
"346",1238,"North Carolina","mpi-esm1-2-hr","ssp585",NA,1.94390545172816,23.6915074281666
"347",1239,"North Carolina","mpi-esm1-2-hr","ssp585",NA,0.180236734857072,21.546230762813
"348",1240,"North Carolina","mpi-esm1-2-hr","ssp585",NA,0.0208298043991603,22.0983651297433
"349",1241,"North Carolina","mpi-esm1-2-hr","ssp585",NA,0.489630697044019,22.7389910700609
"350",1242,"North Carolina","mpi-esm1-2-hr","ssp585",NA,12.3465396853624,18.3260599430202
"351",1243,"North Carolina","mpi-esm1-2-hr","ssp585",NA,0.928732681079835,18.7564511424687
"352",1244,"North Carolina","mpi-esm1-2-hr","ssp585",NA,2.0492603871909,12.6274742831703
"353",1245,"North Carolina","mpi-esm1-2-hr","ssp585",NA,0.835294332464095,16.43710571631
"354",1246,"North Carolina","mpi-esm1-2-hr","ssp585",NA,11.3267465413957,12.5532094576112
"355",1247,"North Carolina","mpi-esm1-2-hr","ssp585",NA,2.51003208926276,8.36394507998514
"356",1248,"North Carolina","mpi-esm1-2-hr","ssp585",NA,0.539731609149216,8.45724475337012
"357",1249,"North Carolina","mpi-esm1-2-hr","ssp585",NA,2.62518696781473,8.13956488601302
"358",1250,"North Carolina","mpi-esm1-2-hr","ssp585",NA,5.08531595593364,9.26982844163058
"359",1251,"North Carolina","mpi-esm1-2-hr","ssp585",NA,0.971922204816179,3.8073126613927
"360",1252,"North Carolina","mpi-esm1-2-hr","ssp585",NA,3.44456775046255,8.57616124086355
"361",1253,"North Carolina","mpi-esm1-2-hr","ssp585",NA,0.700197494984996,7.763308707272
"362",1254,"North Carolina","mpi-esm1-2-hr","ssp585",NA,3.17476331753419,9.55441887692579
"363",1255,"North Carolina","mpi-esm1-2-hr","ssp585",NA,0.802516525809628,2.50842204801845
"364",1256,"North Carolina","mpi-esm1-2-hr","ssp585",NA,7.62470790111724,8.54807959805018
"365",1257,"North Carolina","mpi-esm1-2-hr","ssp585",NA,8.02249040652361,4.71755960929296
"366",1258,"North Carolina","mpi-esm1-2-hr","ssp585",NA,14.766134037701,7.0007679487811
"367",1259,"North Carolina","mpi-esm1-2-hr","ssp585",NA,0.582460550030184,-0.976528255345084
"368",1260,"North Carolina","mpi-esm1-2-hr","ssp585",NA,0.737160132818086,6.7488592751554
"369",1261,"North Carolina","mpi-esm1-2-hr","ssp585",NA,0.277277040258006,3.44870863628657
"370",1262,"North Carolina","mpi-esm1-2-hr","ssp585",NA,0.183733168753043,11.5993975983948
"371",1263,"North Carolina","mpi-esm1-2-hr","ssp585",NA,1.36496191109717,10.7871263520057
"372",1264,"North Carolina","mpi-esm1-2-hr","ssp585",NA,12.5357942641956,9.33747847527686
"373",1265,"North Carolina","mpi-esm1-2-hr","ssp585",NA,4.79583813572971,12.1588721694733
"374",1266,"North Carolina","mpi-esm1-2-hr","ssp585",NA,12.5440460133926,14.5047256597952
"375",1267,"North Carolina","mpi-esm1-2-hr","ssp585",NA,3.45355407197293,15.1090379901961
"376",1268,"North Carolina","mpi-esm1-2-hr","ssp585",NA,3.71272235138387,13.002298101858
"377",1269,"North Carolina","mpi-esm1-2-hr","ssp585",NA,2.54145949232324,17.3549612007889
"378",1270,"North Carolina","mpi-esm1-2-hr","ssp585",NA,2.34330083775366,17.5585646514465
"379",1271,"North Carolina","mpi-esm1-2-hr","ssp585",NA,2.21268457217553,15.4373315634848
"380",1272,"North Carolina","mpi-esm1-2-hr","ssp585",NA,0.439166187091917,15.8045001716507
"381",1273,"North Carolina","mpi-esm1-2-hr","ssp585",NA,4.92704678100618,23.2368462912509
"382",1274,"North Carolina","mpi-esm1-2-hr","ssp585",NA,2.03018398192895,19.3185254350764
"383",1275,"North Carolina","mpi-esm1-2-hr","ssp585",NA,3.50663738441776,23.1282959497276
"384",1276,"North Carolina","mpi-esm1-2-hr","ssp585",NA,2.6587546834943,23.7166385255274
"385",1277,"North Carolina","mpi-esm1-2-hr","ssp585",NA,1.14304722487492,23.9592731037728
"386",1278,"North Carolina","mpi-esm1-2-hr","ssp585",NA,3.93560968015449,22.7817173891041
"387",1279,"North Carolina","mpi-esm1-2-hr","ssp585",NA,3.408711056163,25.550991419517
"388",1280,"North Carolina","mpi-esm1-2-hr","ssp585",NA,0.196975616208951,25.608452001406
"389",1281,"North Carolina","mpi-esm1-2-hr","ssp585",NA,1.6161817555441,28.2455062737986
"390",1282,"North Carolina","mpi-esm1-2-hr","ssp585",NA,1.79555593893979,24.7336740873107
"391",1283,"North Carolina","mpi-esm1-2-hr","ssp585",NA,4.1829938297078,26.8964627989868
"392",1284,"North Carolina","mpi-esm1-2-hr","ssp585",NA,13.7545245618968,25.0546420741148
"393",1285,"North Carolina","mpi-esm1-2-hr","ssp585",NA,1.68723973811288,26.124876613243
"394",1286,"North Carolina","mpi-esm1-2-hr","ssp585",NA,7.19345487417465,24.2968552191385
"395",1287,"North Carolina","mpi-esm1-2-hr","ssp585",NA,9.01353802624772,25.6021124660802
"396",1288,"North Carolina","mpi-esm1-2-hr","ssp585",NA,8.11296960720724,25.5097568714986
"397",1289,"North Carolina","mpi-esm1-2-hr","ssp585",NA,1.36737757638912,24.1966891761588
"398",1290,"North Carolina","mpi-esm1-2-hr","ssp585",NA,12.7231217714027,21.5543246742056
"399",1291,"North Carolina","mpi-esm1-2-hr","ssp585",NA,2.71019058861438,21.2301884156983
"400",1292,"North Carolina","mpi-esm1-2-hr","ssp585",NA,0.30809882280496,19.5130282361968
"401",1293,"North Carolina","mpi-esm1-2-hr","ssp585",NA,13.5818177016923,20.4432785589822
"402",1294,"North Carolina","mpi-esm1-2-hr","ssp585",NA,0.0158509946086575,15.2832677162662
"403",1295,"North Carolina","mpi-esm1-2-hr","ssp585",NA,0.903498304709684,14.5672772062927
"404",1296,"North Carolina","mpi-esm1-2-hr","ssp585",NA,0.0210824549745254,13.1272287748107
"405",1297,"North Carolina","mpi-esm1-2-hr","ssp585",NA,4.38364900530222,16.5226699102493
"406",1298,"North Carolina","mpi-esm1-2-hr","ssp585",NA,0.999392677959888,16.0546262596836
"407",1299,"North Carolina","mpi-esm1-2-hr","ssp585",NA,2.0263195609677,10.4655663070893
"408",1300,"North Carolina","mpi-esm1-2-hr","ssp585",NA,1.71699067653842,12.6359394490218
"409",1301,"North Carolina","mpi-esm1-2-hr","ssp585",NA,1.97245176118371,11.2338760846136
"410",1302,"North Carolina","mpi-esm1-2-hr","ssp585",NA,1.71327483639434,7.4971721745339
"411",1303,"North Carolina","mpi-esm1-2-hr","ssp585",NA,6.41294608139404,10.0639996013054
"412",1304,"North Carolina","mpi-esm1-2-hr","ssp585",NA,4.3674023074116,7.99359426631984
"413",1305,"North Carolina","mpi-esm1-2-hr","ssp585",NA,4.90157594273925,6.05852601294426
"414",1306,"North Carolina","mpi-esm1-2-hr","ssp585",NA,0.00873293991221659,4.605567107214
"415",1307,"North Carolina","mpi-esm1-2-hr","ssp585",NA,2.85200420141275,7.3311036353018
"416",1308,"North Carolina","mpi-esm1-2-hr","ssp585",NA,2.50158444510557,8.42106372822568
"417",1309,"North Carolina","mpi-esm1-2-hr","ssp585",NA,4.30959950955039,5.0523980490634
"418",1310,"North Carolina","mpi-esm1-2-hr","ssp585",NA,11.0157524322094,11.8658464875208
"419",1311,"North Carolina","mpi-esm1-2-hr","ssp585",NA,0.0255572185335591,6.80628489432885
"420",1312,"North Carolina","mpi-esm1-2-hr","ssp585",NA,1.68171089866855,11.7399967824044
"421",1313,"North Carolina","mpi-esm1-2-hr","ssp585",NA,2.20101389337486,10.5395592099145
"422",1314,"North Carolina","mpi-esm1-2-hr","ssp585",NA,3.4531625971168,9.8899337469363
"423",1315,"North Carolina","mpi-esm1-2-hr","ssp585",NA,4.23928022649635,11.2329764571845
"424",1316,"North Carolina","mpi-esm1-2-hr","ssp585",NA,2.45684814475711,13.4854524842164
"425",1317,"North Carolina","mpi-esm1-2-hr","ssp585",NA,8.24972775324782,9.62032949410235
"426",1318,"North Carolina","mpi-esm1-2-hr","ssp585",NA,1.37541899253358,7.36246083150059
"427",1319,"North Carolina","mpi-esm1-2-hr","ssp585",NA,0.774516737874365,12.387841796875
"428",1320,"North Carolina","mpi-esm1-2-hr","ssp585",NA,0.0453148996521046,8.22658169957438
"429",1321,"North Carolina","mpi-esm1-2-hr","ssp585",NA,8.27116957255331,15.2234006908428
"430",1322,"North Carolina","mpi-esm1-2-hr","ssp585",NA,12.2858353158481,18.0146602855009
"431",1323,"North Carolina","mpi-esm1-2-hr","ssp585",NA,3.30386323420643,15.880473383201
"432",1324,"North Carolina","mpi-esm1-2-hr","ssp585",NA,2.81669337693392,17.4673323943836
"433",1325,"North Carolina","mpi-esm1-2-hr","ssp585",NA,2.45495754142586,20.0696285985097
"434",1326,"North Carolina","mpi-esm1-2-hr","ssp585",NA,1.08206979962195,21.3981467367221
"435",1327,"North Carolina","mpi-esm1-2-hr","ssp585",NA,26.3682405625676,20.934167736919
"436",1328,"North Carolina","mpi-esm1-2-hr","ssp585",NA,5.11662558530298,20.9620803790266
"437",1329,"North Carolina","mpi-esm1-2-hr","ssp585",NA,6.28620481538058,24.7753905053232
"438",1330,"North Carolina","mpi-esm1-2-hr","ssp585",NA,5.3722962655397,25.1064504073114
"439",1331,"North Carolina","mpi-esm1-2-hr","ssp585",NA,5.87491949392811,22.2192304680662
"440",1332,"North Carolina","mpi-esm1-2-hr","ssp585",NA,3.79110526023205,25.1640940946691
"441",1333,"North Carolina","mpi-esm1-2-hr","ssp585",NA,5.62492041391743,25.6534344841452
"442",1334,"North Carolina","mpi-esm1-2-hr","ssp585",NA,5.61463635021632,25.8496570405506
"443",1335,"North Carolina","mpi-esm1-2-hr","ssp585",NA,2.1233533034243,27.1458756989124
"444",1336,"North Carolina","mpi-esm1-2-hr","ssp585",NA,4.49770554263859,26.3075534681646
"445",1337,"North Carolina","mpi-esm1-2-hr","ssp585",NA,1.78989999427863,25.4984021953508
"446",1338,"North Carolina","mpi-esm1-2-hr","ssp585",NA,6.58414118793686,26.246833061838
"447",1339,"North Carolina","mpi-esm1-2-hr","ssp585",NA,3.04997239126496,25.1275386521796
"448",1340,"North Carolina","mpi-esm1-2-hr","ssp585",NA,6.09926645406899,23.872479401917
"449",1341,"North Carolina","mpi-esm1-2-hr","ssp585",NA,1.54659530470009,23.2963795894335
"450",1342,"North Carolina","mpi-esm1-2-hr","ssp585",NA,0.0396402664889803,24.423140120306
"451",1343,"North Carolina","mpi-esm1-2-hr","ssp585",NA,0.315716331625336,22.7448189871652
"452",1344,"North Carolina","mpi-esm1-2-hr","ssp585",NA,1.15376187437627,20.6825605632878
"453",1345,"North Carolina","mpi-esm1-2-hr","ssp585",NA,0.139458565114305,19.8416517754563
"454",1346,"North Carolina","mpi-esm1-2-hr","ssp585",NA,1.63233959276969,17.8620217032126
"455",1347,"North Carolina","mpi-esm1-2-hr","ssp585",NA,0.00818500622944073,15.8862936067982
"456",1348,"North Carolina","mpi-esm1-2-hr","ssp585",NA,0.325300522012139,16.5424099962251
"457",1349,"North Carolina","mpi-esm1-2-hr","ssp585",NA,11.4391482852403,7.193728629147
"458",1350,"North Carolina","mpi-esm1-2-hr","ssp585",NA,2.97299200323965,8.95068988532916
"459",1351,"North Carolina","mpi-esm1-2-hr","ssp585",NA,4.5722080069317,8.85389282910432
"460",1352,"North Carolina","mpi-esm1-2-hr","ssp585",NA,7.86929399841059,8.9204181574974
"461",1353,"North Carolina","mpi-esm1-2-hr","ssp585",NA,0.897362838312641,4.30168845125943
"462",1354,"North Carolina","mpi-esm1-2-hr","ssp585",NA,3.47429673443194,5.5313652829296
"463",1355,"North Carolina","mpi-esm1-2-hr","ssp585",NA,2.10781301122414,3.40631920737047
"464",1356,"North Carolina","mpi-esm1-2-hr","ssp585",NA,2.71961449774715,1.92695396273746
"465",1357,"North Carolina","mpi-esm1-2-hr","ssp585",NA,3.13578611579743,8.65842910894829
"466",1358,"North Carolina","mpi-esm1-2-hr","ssp585",NA,11.3543459433649,11.3192963244869
"467",1359,"North Carolina","mpi-esm1-2-hr","ssp585",NA,6.03520028563872,6.27202570725558
"468",1360,"North Carolina","mpi-esm1-2-hr","ssp585",NA,7.01778599452629,8.98806947339485
"469",1361,"North Carolina","mpi-esm1-2-hr","ssp585",NA,0.398699895546286,0.601424837513153
"470",1362,"North Carolina","mpi-esm1-2-hr","ssp585",NA,0.514492618687746,4.32504192106532
"471",1363,"North Carolina","mpi-esm1-2-hr","ssp585",NA,11.0375921386205,6.55215228425357
"472",1364,"North Carolina","mpi-esm1-2-hr","ssp585",NA,1.0964107742064,5.50068708147324
"473",1365,"North Carolina","mpi-esm1-2-hr","ssp585",NA,11.0222246333121,4.63830956210612
"474",1366,"North Carolina","mpi-esm1-2-hr","ssp585",NA,2.99342165114062,6.58280116489958
"475",1367,"North Carolina","mpi-esm1-2-hr","ssp585",NA,0.891355374092926,10.4942532579438
"476",1368,"North Carolina","mpi-esm1-2-hr","ssp585",NA,9.89596065345485,11.502529590938
"477",1369,"North Carolina","mpi-esm1-2-hr","ssp585",NA,1.25278524702335,6.8550717308408
"478",1370,"North Carolina","mpi-esm1-2-hr","ssp585",NA,10.477808651558,10.9999544886314
"479",1371,"North Carolina","mpi-esm1-2-hr","ssp585",NA,7.79238012539831,13.2643553661699
"480",1372,"North Carolina","mpi-esm1-2-hr","ssp585",NA,0.375362724439239,12.1650460379465
"481",1373,"North Carolina","mpi-esm1-2-hr","ssp585",NA,2.30850460696374,16.166991383956
"482",1374,"North Carolina","mpi-esm1-2-hr","ssp585",NA,0.979150961248102,15.0281427292597
"483",1375,"North Carolina","mpi-esm1-2-hr","ssp585",NA,1.26123564520693,16.9474657074744
"484",1376,"North Carolina","mpi-esm1-2-hr","ssp585",NA,4.02083108879388,21.1950046400396
"485",1377,"North Carolina","mpi-esm1-2-hr","ssp585",NA,1.07472725591046,23.6118095333837
"486",1378,"North Carolina","mpi-esm1-2-hr","ssp585",NA,4.69021783453379,24.3854038099615
"487",1379,"North Carolina","mpi-esm1-2-hr","ssp585",NA,5.30718494675141,21.1829590014717
"488",1380,"North Carolina","mpi-esm1-2-hr","ssp585",NA,1.30538161981402,22.5384990446374
"489",1381,"North Carolina","mpi-esm1-2-hr","ssp585",NA,2.29775991657724,25.5821435410102
"490",1382,"North Carolina","mpi-esm1-2-hr","ssp585",NA,3.6977946854264,26.4699214304863
"491",1383,"North Carolina","mpi-esm1-2-hr","ssp585",NA,3.38934825171955,24.9967594606202
"492",1384,"North Carolina","mpi-esm1-2-hr","ssp585",NA,1.05049485349458,26.9590115245317
"493",1385,"North Carolina","mpi-esm1-2-hr","ssp585",NA,1.51861814506943,28.0633164178758
"494",1386,"North Carolina","mpi-esm1-2-hr","ssp585",NA,1.6454783464204,30.2729108025046
"495",1387,"North Carolina","mpi-esm1-2-hr","ssp585",NA,5.34697986689277,28.1872082109211
"496",1388,"North Carolina","mpi-esm1-2-hr","ssp585",NA,4.87945907652753,27.7750717376795
"497",1389,"North Carolina","mpi-esm1-2-hr","ssp585",NA,4.03725258378579,28.2872498755362
"498",1390,"North Carolina","mpi-esm1-2-hr","ssp585",NA,1.53784367210376,26.6677390218783
"499",1391,"North Carolina","mpi-esm1-2-hr","ssp585",NA,0.242044249938497,28.5741787095698
"500",1392,"North Carolina","mpi-esm1-2-hr","ssp585",NA,7.29232988124757,26.2397390499169
"501",1393,"North Carolina","mpi-esm1-2-hr","ssp585",NA,4.10118462710029,25.4392365613238
"502",1394,"North Carolina","mpi-esm1-2-hr","ssp585",NA,10.7005750918734,23.3555512927828
"503",1395,"North Carolina","mpi-esm1-2-hr","ssp585",NA,3.35212128477547,20.1132180435651
"504",1396,"North Carolina","mpi-esm1-2-hr","ssp585",NA,8.87338394839527,19.0368936661579
"505",1397,"North Carolina","mpi-esm1-2-hr","ssp585",NA,5.9597872128323,19.4837546126849
"506",1398,"North Carolina","mpi-esm1-2-hr","ssp585",NA,0.798992532499975,20.3636661476114
"507",1399,"North Carolina","mpi-esm1-2-hr","ssp585",NA,5.41340495878439,14.4176418272387
"508",1400,"North Carolina","mpi-esm1-2-hr","ssp585",NA,3.26871014328367,11.0632594004399
"509",1401,"North Carolina","mpi-esm1-2-hr","ssp585",NA,1.91531198033772,9.82005883652291
"510",1402,"North Carolina","mpi-esm1-2-hr","ssp585",NA,8.44924786705472,10.1274690686822
"511",1403,"North Carolina","mpi-esm1-2-hr","ssp585",NA,5.97409790559041,10.5075734541864
"512",1404,"North Carolina","mpi-esm1-2-hr","ssp585",NA,0.00176436643269277,8.2743868445816
"513",1405,"North Carolina","mpi-esm1-2-hr","ssp585",NA,5.21419994716979,12.0096790815936
"514",1406,"North Carolina","mpi-esm1-2-hr","ssp585",NA,0.877238567516222,7.2097989122407
"515",1407,"North Carolina","mpi-esm1-2-hr","ssp585",NA,5.7472714641702,9.42618290236018
"516",1408,"North Carolina","mpi-esm1-2-hr","ssp585",NA,3.88688589462755,9.47702672621786
"517",1409,"North Carolina","mpi-esm1-2-hr","ssp585",NA,0.039594667961727,8.76013966621807
"518",1410,"North Carolina","mpi-esm1-2-hr","ssp585",NA,3.01664439675045,13.4792600658428
"519",1411,"North Carolina","mpi-esm1-2-hr","ssp585",NA,7.68521310355402,6.956826141101
"520",1412,"North Carolina","mpi-esm1-2-hr","ssp585",NA,0.820424087936115,2.40234029647017
"521",1413,"North Carolina","mpi-esm1-2-hr","ssp585",NA,5.84628647051462,3.42947452662708
"522",1414,"North Carolina","mpi-esm1-2-hr","ssp585",NA,2.15538377429277,0.838536417985185
"523",1415,"North Carolina","mpi-esm1-2-hr","ssp585",NA,4.63324358697566,11.568232056006
"524",1416,"North Carolina","mpi-esm1-2-hr","ssp585",NA,0.439216693836492,11.2800374690892
"525",1417,"North Carolina","mpi-esm1-2-hr","ssp585",NA,2.61761473932075,11.5503060990021
"526",1418,"North Carolina","mpi-esm1-2-hr","ssp585",NA,1.57197967908497,10.9966526063551
"527",1419,"North Carolina","mpi-esm1-2-hr","ssp585",NA,11.3958315720939,16.9344099114255
"528",1420,"North Carolina","mpi-esm1-2-hr","ssp585",NA,7.89325988789183,7.53344389757858
"529",1421,"North Carolina","mpi-esm1-2-hr","ssp585",NA,1.42856412525621,15.519923328218
"530",1422,"North Carolina","mpi-esm1-2-hr","ssp585",NA,1.30654230036141,13.0586279946549
"531",1423,"North Carolina","mpi-esm1-2-hr","ssp585",NA,3.22866023961673,13.3530933027508
"532",1424,"North Carolina","mpi-esm1-2-hr","ssp585",NA,0.644690418052693,12.9446786917892
"533",1425,"North Carolina","mpi-esm1-2-hr","ssp585",NA,0.158747243752435,20.2418659626937
"534",1426,"North Carolina","mpi-esm1-2-hr","ssp585",NA,1.40925734953225,16.0030333446856
"535",1427,"North Carolina","mpi-esm1-2-hr","ssp585",NA,1.18073272467943,16.7695784026502
"536",1428,"North Carolina","mpi-esm1-2-hr","ssp585",NA,1.28268345098081,17.1974957976355
"537",1429,"North Carolina","mpi-esm1-2-hr","ssp585",NA,4.03869973370322,22.9924831529292
"538",1430,"North Carolina","mpi-esm1-2-hr","ssp585",NA,4.03557311375542,19.0700511430158
"539",1431,"North Carolina","mpi-esm1-2-hr","ssp585",NA,1.60661411077663,20.0764301716781
"540",1432,"North Carolina","mpi-esm1-2-hr","ssp585",NA,0.0344018386110728,24.4081152993424
"541",1433,"North Carolina","mpi-esm1-2-hr","ssp585",NA,3.22559494320673,24.4891627207524
"542",1434,"North Carolina","mpi-esm1-2-hr","ssp585",NA,4.87299833544325,26.7576573134137
"543",1435,"North Carolina","mpi-esm1-2-hr","ssp585",NA,6.9748969788848,26.2371254800749
"544",1436,"North Carolina","mpi-esm1-2-hr","ssp585",NA,4.9073954251713,26.941460839707
"545",1437,"North Carolina","mpi-esm1-2-hr","ssp585",NA,1.13814804715409,26.9435352656688
"546",1438,"North Carolina","mpi-esm1-2-hr","ssp585",NA,7.41872170686239,26.2536499365371
"547",1439,"North Carolina","mpi-esm1-2-hr","ssp585",NA,7.05303627604307,25.455761017786
"548",1440,"North Carolina","mpi-esm1-2-hr","ssp585",NA,2.35083871389905,28.5178245394838
"549",1441,"North Carolina","mpi-esm1-2-hr","ssp585",NA,5.25677203879867,29.0845844343597
"550",1442,"North Carolina","mpi-esm1-2-hr","ssp585",NA,7.02944269953547,25.7370167451747
"551",1443,"North Carolina","mpi-esm1-2-hr","ssp585",NA,2.1302002930841,25.9765028838684
"552",1444,"North Carolina","mpi-esm1-2-hr","ssp585",NA,12.2198767767717,24.2339306230305
"553",1445,"North Carolina","mpi-esm1-2-hr","ssp585",NA,7.4658061721539,25.4065572786732
"554",1446,"North Carolina","mpi-esm1-2-hr","ssp585",NA,4.08663465692493,24.9246728378852
"555",1447,"North Carolina","mpi-esm1-2-hr","ssp585",NA,0.180056582378887,20.0595618154489
"556",1448,"North Carolina","mpi-esm1-2-hr","ssp585",NA,6.88686026569332,21.7380302365087
"557",1449,"North Carolina","mpi-esm1-2-hr","ssp585",NA,1.74558279585722,19.7964784937413
"558",1450,"North Carolina","mpi-esm1-2-hr","ssp585",NA,0.00176854175625529,15.6065052021785
"559",1451,"North Carolina","mpi-esm1-2-hr","ssp585",NA,0.15240315339778,16.5364447072775
"560",1452,"North Carolina","mpi-esm1-2-hr","ssp585",NA,4.96974714024116,16.3697299989332
"561",1453,"North Carolina","mpi-esm1-2-hr","ssp585",NA,2.64384937576278,16.5979127515264
"562",1454,"North Carolina","mpi-esm1-2-hr","ssp585",NA,2.45803011042453,8.84574480671177
"563",1455,"North Carolina","mpi-esm1-2-hr","ssp585",NA,7.8975580029791,14.2059121524587
"564",1456,"North Carolina","mpi-esm1-2-hr","ssp585",NA,1.74974441014907,8.63549792719824
"565",1457,"North Carolina","mpi-esm1-2-hr","ssp585",NA,1.24754300962218,3.39022148410148
"566",1458,"North Carolina","mpi-esm1-2-hr","ssp585",NA,3.86373546367823,1.03226807324495
"567",1459,"North Carolina","mpi-esm1-2-hr","ssp585",NA,2.47780534547256,1.31280249160213
"568",1460,"North Carolina","mpi-esm1-2-hr","ssp585",NA,2.53440562942962,6.13052099746151
"569",1461,"North Carolina","mpi-esm1-2-hr","ssp585",NA,0.666494022794615,4.88526455748317
"570",1462,"North Carolina","mpi-esm1-2-hr","ssp585",NA,0.959309803015878,3.67576505944177
"571",1463,"North Carolina","mpi-esm1-2-hr","ssp585",NA,2.91297426754513,6.12922224798125
"572",1464,"North Carolina","mpi-esm1-2-hr","ssp585",NA,0.0249150329579584,2.44433880974267
"573",1465,"North Carolina","mpi-esm1-2-hr","ssp585",NA,11.3085083844782,12.2343697513185
"574",1466,"North Carolina","mpi-esm1-2-hr","ssp585",NA,0.431611545791995,10.0911352846803
"575",1467,"North Carolina","mpi-esm1-2-hr","ssp585",NA,6.97933687544352,7.4239765754935
"576",1468,"North Carolina","mpi-esm1-2-hr","ssp585",NA,0.620071143453634,3.0156407802379
"577",1469,"North Carolina","mpi-esm1-2-hr","ssp585",NA,2.00899975869779,11.5259316153219
"578",1470,"North Carolina","mpi-esm1-2-hr","ssp585",NA,1.78501746208092,6.77055470869991
"579",1471,"North Carolina","mpi-esm1-2-hr","ssp585",NA,0.0316627189389111,8.54142103863032
"580",1472,"North Carolina","mpi-esm1-2-hr","ssp585",NA,5.08638034290253,12.0459993592164
"581",1473,"North Carolina","mpi-esm1-2-hr","ssp585",NA,3.60057092532946,10.4268200957141
"582",1474,"North Carolina","mpi-esm1-2-hr","ssp585",NA,0.409930929163238,10.2366790002134
"583",1475,"North Carolina","mpi-esm1-2-hr","ssp585",NA,1.8834805773859,14.0395804098007
"584",1476,"North Carolina","mpi-esm1-2-hr","ssp585",NA,0.268783983789157,16.9486332399171
"585",1477,"North Carolina","mpi-esm1-2-hr","ssp585",NA,2.45993032944736,21.550841652579
"586",1478,"North Carolina","mpi-esm1-2-hr","ssp585",NA,0.00904313440996167,13.4991335914249
"587",1479,"North Carolina","mpi-esm1-2-hr","ssp585",NA,2.6814190451438,17.5418520459942
"588",1480,"North Carolina","mpi-esm1-2-hr","ssp585",NA,0.221664331177887,17.6989739767978
"589",1481,"North Carolina","mpi-esm1-2-hr","ssp585",NA,5.63933641000204,20.1588820000657
"590",1482,"North Carolina","mpi-esm1-2-hr","ssp585",NA,4.76108235081422,21.8455091289446
"591",1483,"North Carolina","mpi-esm1-2-hr","ssp585",NA,2.21643460090414,18.6320042201451
"592",1484,"North Carolina","mpi-esm1-2-hr","ssp585",NA,2.66003360115324,21.1758831120339
"593",1485,"North Carolina","mpi-esm1-2-hr","ssp585",NA,12.8302319892069,20.1946395403865
"594",1486,"North Carolina","mpi-esm1-2-hr","ssp585",NA,1.11970001730276,24.3066637568113
"595",1487,"North Carolina","mpi-esm1-2-hr","ssp585",NA,5.49257789882039,25.8503621932172
"596",1488,"North Carolina","mpi-esm1-2-hr","ssp585",NA,6.80752324030031,25.1809577493107
"597",1489,"North Carolina","mpi-esm1-2-hr","ssp585",NA,4.84814114680689,24.0509516697304
"598",1490,"North Carolina","mpi-esm1-2-hr","ssp585",NA,11.299719156856,25.2741040654543
"599",1491,"North Carolina","mpi-esm1-2-hr","ssp585",NA,6.25504627143925,26.0879706887638
"600",1492,"North Carolina","mpi-esm1-2-hr","ssp585",NA,4.08366544030867,26.3100664240306
"601",1493,"North Carolina","mpi-esm1-2-hr","ssp585",NA,5.15216471866544,27.1740025624508
"602",1494,"North Carolina","mpi-esm1-2-hr","ssp585",NA,10.5726854602499,25.5592666412268
"603",1495,"North Carolina","mpi-esm1-2-hr","ssp585",NA,3.71673781006363,24.2547872078519
"604",1496,"North Carolina","mpi-esm1-2-hr","ssp585",NA,6.56005572847728,22.7929931640625
"605",1497,"North Carolina","mpi-esm1-2-hr","ssp585",NA,9.14975759068427,23.0969877355239
"606",1498,"North Carolina","mpi-esm1-2-hr","ssp585",NA,9.76436711252743,21.9134873334099
"607",1499,"North Carolina","mpi-esm1-2-hr","ssp585",NA,7.59490781123791,22.8110242656633
"608",1500,"North Carolina","mpi-esm1-2-hr","ssp585",NA,3.89930621597098,18.854942137988
"609",1501,"North Carolina","mpi-esm1-2-hr","ssp585",NA,3.9535825624656,20.2075265066965
"610",1502,"North Carolina","mpi-esm1-2-hr","ssp585",NA,2.10840897546275,21.8720687396052
"611",1503,"North Carolina","mpi-esm1-2-hr","ssp585",NA,0.620972695307363,19.7262118128502
"612",1504,"North Carolina","mpi-esm1-2-hr","ssp585",NA,0.0383070499786399,20.0041363371521
"613",1505,"North Carolina","mpi-esm1-2-hr","ssp585",NA,0.1406689959329,18.1887023754815
"614",1506,"North Carolina","mpi-esm1-2-hr","ssp585",NA,1.09332382225369,18.2416555880165
"615",1507,"North Carolina","mpi-esm1-2-hr","ssp585",NA,7.11130118558204,13.4612369996827
"616",1508,"North Carolina","mpi-esm1-2-hr","ssp585",NA,0.04967706412908,10.9123587814032
"617",1509,"North Carolina","mpi-esm1-2-hr","ssp585",NA,9.47968128142243,14.2467772411699
"618",1510,"North Carolina","mpi-esm1-2-hr","ssp585",NA,6.09373413328988,9.76354985597757
"619",1511,"North Carolina","mpi-esm1-2-hr","ssp585",NA,1.50741351651103,6.21812764656646
"620",1512,"North Carolina","mpi-esm1-2-hr","ssp585",NA,0.0274485009409362,7.32933429963785
"621",1513,"North Carolina","mpi-esm1-2-hr","ssp585",NA,7.56645823941134,6.97420996230526
"622",1514,"North Carolina","mpi-esm1-2-hr","ssp585",NA,5.70695475990844,3.43523610860362
"623",1515,"North Carolina","mpi-esm1-2-hr","ssp585",NA,4.81789084918114,4.89731592343971
"624",1516,"North Carolina","mpi-esm1-2-hr","ssp585",NA,0.687442717435643,6.44758487135091
"625",1517,"North Carolina","mpi-esm1-2-hr","ssp585",NA,5.0063342795977,6.10690312746194
"626",1518,"North Carolina","mpi-esm1-2-hr","ssp585",NA,0.0107473403269458,0.530492326325084
"627",1519,"North Carolina","mpi-esm1-2-hr","ssp585",NA,1.19329283161966,6.42182359027598
"628",1520,"North Carolina","mpi-esm1-2-hr","ssp585",NA,4.19234457286552,7.76684122379423
"629",1521,"North Carolina","mpi-esm1-2-hr","ssp585",NA,3.78577213907972,4.06847970145092
"630",1522,"North Carolina","mpi-esm1-2-hr","ssp585",NA,4.42991309440714,1.59782923423278
"631",1523,"North Carolina","mpi-esm1-2-hr","ssp585",NA,5.3611804027226,6.9303792830609
"632",1524,"North Carolina","mpi-esm1-2-hr","ssp585",NA,3.26250554052032,5.52948687043179
"633",1525,"North Carolina","mpi-esm1-2-hr","ssp585",NA,8.10099829473724,8.99401108343731
"634",1526,"North Carolina","mpi-esm1-2-hr","ssp585",NA,3.12647269147878,13.6146392052915
"635",1527,"North Carolina","mpi-esm1-2-hr","ssp585",NA,8.17577874312665,12.3359027595413
"636",1528,"North Carolina","mpi-esm1-2-hr","ssp585",NA,0.87467217445239,14.1618028827742
"637",1529,"North Carolina","mpi-esm1-2-hr","ssp585",NA,5.06385354147984,14.1548863344166
"638",1530,"North Carolina","mpi-esm1-2-hr","ssp585",NA,10.4645533355806,16.2552361667323
"639",1531,"North Carolina","mpi-esm1-2-hr","ssp585",NA,0.41501149100456,14.4649136412378
"640",1532,"North Carolina","mpi-esm1-2-hr","ssp585",NA,7.3199056123745,20.1612248439415
"641",1533,"North Carolina","mpi-esm1-2-hr","ssp585",NA,3.77746012808751,18.2833375562139
"642",1534,"North Carolina","mpi-esm1-2-hr","ssp585",NA,2.50320285292731,21.7028292786842
"643",1535,"North Carolina","mpi-esm1-2-hr","ssp585",NA,0.621278830976353,25.144502664347
"644",1536,"North Carolina","mpi-esm1-2-hr","ssp585",NA,4.85060794850417,24.5124315619803
"645",1537,"North Carolina","mpi-esm1-2-hr","ssp585",NA,3.91338877010288,23.8026992926077
"646",1538,"North Carolina","mpi-esm1-2-hr","ssp585",NA,1.05870043599764,25.0466413396414
"647",1539,"North Carolina","mpi-esm1-2-hr","ssp585",NA,8.7518903616918,25.1178426106771
"648",1540,"North Carolina","mpi-esm1-2-hr","ssp585",NA,1.19003637950254,26.2683543656721
"649",1541,"North Carolina","mpi-esm1-2-hr","ssp585",NA,3.16674963928754,22.6719620734036
"650",1542,"North Carolina","mpi-esm1-2-hr","ssp585",NA,2.8179267673547,25.2792782909062
"651",1543,"North Carolina","mpi-esm1-2-hr","ssp585",NA,6.7021767887356,26.8481718517485
"652",1544,"North Carolina","mpi-esm1-2-hr","ssp585",NA,4.40324648187612,25.7184535093334
"653",1545,"North Carolina","mpi-esm1-2-hr","ssp585",NA,2.87330033009487,24.4022280567501
"654",1546,"North Carolina","mpi-esm1-2-hr","ssp585",NA,2.93183308928724,26.1605263589811
"655",1547,"North Carolina","mpi-esm1-2-hr","ssp585",NA,6.81608530937693,25.9303277365634
"656",1548,"North Carolina","mpi-esm1-2-hr","ssp585",NA,3.83257739108137,26.3238578048407
"657",1549,"North Carolina","mpi-esm1-2-hr","ssp585",NA,3.81503897048535,25.7744699344582
"658",1550,"North Carolina","mpi-esm1-2-hr","ssp585",NA,0.632595045904398,25.906630452474
"659",1551,"North Carolina","mpi-esm1-2-hr","ssp585",NA,3.93905875327099,23.8373540969122
"660",1552,"North Carolina","mpi-esm1-2-hr","ssp585",NA,0,19.9868276558671
"661",1553,"North Carolina","mpi-esm1-2-hr","ssp585",NA,0.427178846956001,22.4888453208432
"662",1554,"North Carolina","mpi-esm1-2-hr","ssp585",NA,2.42736585692115,17.4051615910036
"663",1555,"North Carolina","mpi-esm1-2-hr","ssp585",NA,0.124091525702613,18.3112824255679
"664",1556,"North Carolina","mpi-esm1-2-hr","ssp585",NA,2.89884910784503,16.809222702753
"665",1557,"North Carolina","mpi-esm1-2-hr","ssp585",NA,0.27296522302622,12.0455550164402
"666",1558,"North Carolina","mpi-esm1-2-hr","ssp585",NA,4.683212462865,16.1302801052062
"667",1559,"North Carolina","mpi-esm1-2-hr","ssp585",NA,12.0901036270895,9.9011381432456
"668",1560,"North Carolina","mpi-esm1-2-hr","ssp585",NA,1.90424629635184,12.2551540171733
"669",1561,"North Carolina","mpi-esm1-2-hr","ssp585",NA,2.80972747072874,7.73928402171418
"670",1562,"North Carolina","mpi-esm1-2-hr","ssp585",NA,4.09178970085199,12.6834913921624
"671",1563,"North Carolina","mpi-esm1-2-hr","ssp585",NA,5.86126312955457,4.44640665348173
"672",1564,"North Carolina","mpi-esm1-2-hr","ssp585",NA,2.45244190796142,6.30299138942689
"673",1565,"North Carolina","mpi-esm1-2-hr","ssp585",NA,7.91297988552662,10.1314009637058
"674",1566,"North Carolina","mpi-esm1-2-hr","ssp585",NA,0.825619272578448,5.41530864298847
"675",1567,"North Carolina","mpi-esm1-2-hr","ssp585",NA,1.52866073784469,2.87510280235143
"676",1568,"North Carolina","mpi-esm1-2-hr","ssp585",NA,6.72336902025563,1.65011465035235
"677",1569,"North Carolina","mpi-esm1-2-hr","ssp585",NA,2.63689414633144,-2.24586844991901
"678",1570,"North Carolina","mpi-esm1-2-hr","ssp585",NA,4.0878350989604,8.02427298067667
"679",1571,"North Carolina","mpi-esm1-2-hr","ssp585",NA,11.7295578340479,8.20871763256086
"680",1572,"North Carolina","mpi-esm1-2-hr","ssp585",NA,0.685429258031517,5.43402412478666
"681",1573,"North Carolina","mpi-esm1-2-hr","ssp585",NA,3.99791735275847,-1.50327105695792
"682",1574,"North Carolina","mpi-esm1-2-hr","ssp585",NA,0.35660386844839,4.02889968487397
"683",1575,"North Carolina","mpi-esm1-2-hr","ssp585",NA,4.96150587345821,9.74204282787336
"684",1576,"North Carolina","mpi-esm1-2-hr","ssp585",NA,0.408102087064489,6.94304536023396
"685",1577,"North Carolina","mpi-esm1-2-hr","ssp585",NA,5.7153361350564,5.98195458847604
"686",1578,"North Carolina","mpi-esm1-2-hr","ssp585",NA,1.34304424165075,9.82580973307294
"687",1579,"North Carolina","mpi-esm1-2-hr","ssp585",NA,0.0351558232955349,11.1475356158088
"688",1580,"North Carolina","mpi-esm1-2-hr","ssp585",NA,0.0775787114075721,14.7942520782727
"689",1581,"North Carolina","mpi-esm1-2-hr","ssp585",NA,2.50052710491692,11.3433789677981
"690",1582,"North Carolina","mpi-esm1-2-hr","ssp585",NA,3.65858843250243,17.1173411649816
"691",1583,"North Carolina","mpi-esm1-2-hr","ssp585",NA,0.237148539547759,14.6707491492691
"692",1584,"North Carolina","mpi-esm1-2-hr","ssp585",NA,1.09824007493811,18.7980764351639
"693",1585,"North Carolina","mpi-esm1-2-hr","ssp585",NA,1.92522792105378,23.8634308117779
"694",1586,"North Carolina","mpi-esm1-2-hr","ssp585",NA,6.26574081711203,22.7291150004924
"695",1587,"North Carolina","mpi-esm1-2-hr","ssp585",NA,1.83376196599194,16.1359396199886
"696",1588,"North Carolina","mpi-esm1-2-hr","ssp585",NA,3.61488688242022,22.7734767026928
"697",1589,"North Carolina","mpi-esm1-2-hr","ssp585",NA,4.46320963480098,20.6635799974287
"698",1590,"North Carolina","mpi-esm1-2-hr","ssp585",NA,8.78493874616277,23.6896768863796
"699",1591,"North Carolina","mpi-esm1-2-hr","ssp585",NA,9.05133835383348,26.6148346203716
"700",1592,"North Carolina","mpi-esm1-2-hr","ssp585",NA,3.61146711707499,26.7624380587196
"701",1593,"North Carolina","mpi-esm1-2-hr","ssp585",NA,0.764798801351352,24.7921630346475
"702",1594,"North Carolina","mpi-esm1-2-hr","ssp585",NA,4.68393904650709,25.3003926082152
"703",1595,"North Carolina","mpi-esm1-2-hr","ssp585",NA,5.78781178073692,26.4909353902694
"704",1596,"North Carolina","mpi-esm1-2-hr","ssp585",NA,4.34004411140717,25.8238214743906
"705",1597,"North Carolina","mpi-esm1-2-hr","ssp585",NA,4.99794800946672,27.0976968204274
"706",1598,"North Carolina","mpi-esm1-2-hr","ssp585",NA,5.98331701844816,24.0152667048265
"707",1599,"North Carolina","mpi-esm1-2-hr","ssp585",NA,0.58717858971685,24.3359407141763
"708",1600,"North Carolina","mpi-esm1-2-hr","ssp585",NA,1.46575094017671,27.7450943292356
"709",1601,"North Carolina","mpi-esm1-2-hr","ssp585",NA,0.708521960108509,27.7610610919173
"710",1602,"North Carolina","mpi-esm1-2-hr","ssp585",NA,0.0192280766032509,22.2604488597197
"711",1603,"North Carolina","mpi-esm1-2-hr","ssp585",NA,0.000899225011655762,22.0496765136719
"712",1604,"North Carolina","mpi-esm1-2-hr","ssp585",NA,8.23755454495936,23.1813083167838
"713",1605,"North Carolina","mpi-esm1-2-hr","ssp585",NA,0.00356532615695556,19.6221975631073
"714",1606,"North Carolina","mpi-esm1-2-hr","ssp585",NA,3.42333906996255,20.8637047861137
"715",1607,"North Carolina","mpi-esm1-2-hr","ssp585",NA,5.45348989838837,17.0453763561089
"716",1608,"North Carolina","mpi-esm1-2-hr","ssp585",NA,3.80494543555449,15.0103144797958
"717",1609,"North Carolina","mpi-esm1-2-hr","ssp585",NA,4.72181756288156,14.3787287522431
"718",1610,"North Carolina","mpi-esm1-2-hr","ssp585",NA,0.105686481389561,11.5059924384793
"719",1611,"North Carolina","mpi-esm1-2-hr","ssp585",NA,6.97318872731832,11.1908162092962
"720",1612,"North Carolina","mpi-esm1-2-hr","ssp585",NA,6.52331336435765,13.7669627812063
"721",1613,"North Carolina","mpi-esm1-2-hr","ssp585",NA,1.99774526166749,10.7369391262365
"722",1614,"North Carolina","mpi-esm1-2-hr","ssp585",NA,1.74939402851972,11.2050248346409
"723",1615,"North Carolina","mpi-esm1-2-hr","ssp585",NA,5.38011526112604,10.9455454935881
"724",1616,"North Carolina","mpi-esm1-2-hr","ssp585",NA,5.06691556626773,8.42441228444505
"725",1617,"North Carolina","mpi-esm1-2-hr","ssp585",NA,5.53735690662185,1.76010547285323
"726",1618,"North Carolina","mpi-esm1-2-hr","ssp585",NA,5.42438414688929,7.0786749660802
"727",1619,"North Carolina","mpi-esm1-2-hr","ssp585",NA,6.30469143734215,8.42583062521886
"728",1620,"North Carolina","mpi-esm1-2-hr","ssp585",NA,4.83241423182427,7.06597683262761
"729",1621,"North Carolina","mpi-esm1-2-hr","ssp585",NA,6.68781226640702,5.92858361850602
"730",1622,"North Carolina","mpi-esm1-2-hr","ssp585",NA,0.144083334474571,4.99869070186671
"731",1623,"North Carolina","mpi-esm1-2-hr","ssp585",NA,3.09702608723486,7.20199025899425
"732",1624,"North Carolina","mpi-esm1-2-hr","ssp585",NA,7.51512639543754,5.47087311731335
"733",1625,"North Carolina","mpi-esm1-2-hr","ssp585",NA,8.39274265419605,6.18252739572394
"734",1626,"North Carolina","mpi-esm1-2-hr","ssp585",NA,2.02968557771653,2.65075962269676
"735",1627,"North Carolina","mpi-esm1-2-hr","ssp585",NA,10.3437692757424,4.19636946819746
"736",1628,"North Carolina","mpi-esm1-2-hr","ssp585",NA,10.9015323116488,8.4286364472547
"737",1629,"North Carolina","mpi-esm1-2-hr","ssp585",NA,5.38859595654387,8.27038630637804
"738",1630,"North Carolina","mpi-esm1-2-hr","ssp585",NA,4.86369258481417,11.2174334357767
"739",1631,"North Carolina","mpi-esm1-2-hr","ssp585",NA,0.447328052318537,11.0794124314765
"740",1632,"North Carolina","mpi-esm1-2-hr","ssp585",NA,0.177740561473208,13.2776105095359
"741",1633,"North Carolina","mpi-esm1-2-hr","ssp585",NA,0.000623242292839822,17.7458935136555
"742",1634,"North Carolina","mpi-esm1-2-hr","ssp585",NA,0.000338104056187577,19.2393470229889
"743",1635,"North Carolina","mpi-esm1-2-hr","ssp585",NA,8.6771307624336,18.9965772099856
"744",1636,"North Carolina","mpi-esm1-2-hr","ssp585",NA,0.153337823839207,19.3521057128906
"745",1637,"North Carolina","mpi-esm1-2-hr","ssp585",NA,6.00258191591231,19.8454862193901
"746",1638,"North Carolina","mpi-esm1-2-hr","ssp585",NA,0.0076470945668534,20.1414113277147
"747",1639,"North Carolina","mpi-esm1-2-hr","ssp585",NA,1.91242774250108,20.7425601734835
"748",1640,"North Carolina","mpi-esm1-2-hr","ssp585",NA,4.63527138558637,21.7194879441034
"749",1641,"North Carolina","mpi-esm1-2-hr","ssp585",NA,1.45723059715176,23.1498543533625
"750",1642,"North Carolina","mpi-esm1-2-hr","ssp585",NA,12.5604973032659,26.8505328181077
"751",1643,"North Carolina","mpi-esm1-2-hr","ssp585",NA,2.15333474743373,27.033009641845
"752",1644,"North Carolina","mpi-esm1-2-hr","ssp585",NA,7.20816244234399,28.4796865425858
"753",1645,"North Carolina","mpi-esm1-2-hr","ssp585",NA,3.10256796757673,25.7421937060957
"754",1646,"North Carolina","mpi-esm1-2-hr","ssp585",NA,4.80555495264793,26.8801835944339
"755",1647,"North Carolina","mpi-esm1-2-hr","ssp585",NA,4.42980858989825,28.1564674356071
"756",1648,"North Carolina","mpi-esm1-2-hr","ssp585",NA,5.76608604138268,28.0056531548166
"757",1649,"North Carolina","mpi-esm1-2-hr","ssp585",NA,1.2024823350963,28.4009684586726
"758",1650,"North Carolina","mpi-esm1-2-hr","ssp585",NA,4.4428926927919,25.1698132768733
"759",1651,"North Carolina","mpi-esm1-2-hr","ssp585",NA,1.16735532827981,27.9430522843903
"760",1652,"North Carolina","mpi-esm1-2-hr","ssp585",NA,4.23461162837241,28.6814373967361
"761",1653,"North Carolina","mpi-esm1-2-hr","ssp585",NA,10.3100840255245,25.8615969361378
"762",1654,"North Carolina","mpi-esm1-2-hr","ssp585",NA,16.7707015034787,25.0333148176263
"763",1655,"North Carolina","mpi-esm1-2-hr","ssp585",NA,1.5264195127408,24.3611792641862
"764",1656,"North Carolina","mpi-esm1-2-hr","ssp585",NA,0.925554270715944,25.651658651742
"765",1657,"North Carolina","mpi-esm1-2-hr","ssp585",NA,4.31731658381901,19.4548550645845
"766",1658,"North Carolina","mpi-esm1-2-hr","ssp585",NA,4.04832945088795,18.6358772170978
"767",1659,"North Carolina","mpi-esm1-2-hr","ssp585",NA,1.88175363027385,17.801634425743
"768",1660,"North Carolina","mpi-esm1-2-hr","ssp585",NA,1.45546892550754,20.9042317024466
"769",1661,"North Carolina","mpi-esm1-2-hr","ssp585",NA,1.55703312170886,19.5353641969483
"770",1662,"North Carolina","mpi-esm1-2-hr","ssp585",NA,0.402263954677766,19.7228364148394
"771",1663,"North Carolina","mpi-esm1-2-hr","ssp585",NA,4.77314556860734,13.3769395844275
"772",1664,"North Carolina","mpi-esm1-2-hr","ssp585",NA,8.92666206181115,9.51607854079134
"773",1665,"North Carolina","mpi-esm1-2-hr","ssp585",NA,6.39601707446389,7.17778152765014
"774",1666,"North Carolina","mpi-esm1-2-hr","ssp585",NA,0.446045447271532,10.434028142507
"775",1667,"North Carolina","mpi-esm1-2-hr","ssp585",NA,0.100310199461489,9.13779888420214
"776",1668,"North Carolina","mpi-esm1-2-hr","ssp585",NA,2.44585231338525,7.70086897307753
"777",1669,"North Carolina","mpi-esm1-2-hr","ssp585",NA,0.384251068231499,14.2057528113785
"778",1670,"North Carolina","mpi-esm1-2-hr","ssp585",NA,7.71387012833703,14.2387260714833
"779",1671,"North Carolina","mpi-esm1-2-hr","ssp585",NA,6.71936129315518,13.8270703569514
"780",1672,"North Carolina","mpi-esm1-2-hr","ssp585",NA,9.36262332501994,10.3414378959592
"781",1673,"North Carolina","mpi-esm1-2-hr","ssp585",NA,8.88449267525886,8.56173206831563
"782",1674,"North Carolina","mpi-esm1-2-hr","ssp585",NA,3.34624558933431,6.52473211208314
"783",1675,"North Carolina","mpi-esm1-2-hr","ssp585",NA,4.54674362122243,9.65842047512367
"784",1676,"North Carolina","mpi-esm1-2-hr","ssp585",NA,2.72433366581561,0.0161684693408838
"785",1677,"North Carolina","mpi-esm1-2-hr","ssp585",NA,5.38596821402394,4.09740275748974
"786",1678,"North Carolina","mpi-esm1-2-hr","ssp585",NA,1.31752478350294,6.03789305272893
"787",1679,"North Carolina","mpi-esm1-2-hr","ssp585",NA,7.71172230705807,6.69457269235822
"788",1680,"North Carolina","mpi-esm1-2-hr","ssp585",NA,1.15563804203642,4.27348063492978
"789",1681,"North Carolina","mpi-esm1-2-hr","ssp585",NA,5.75144675655922,8.27209930847341
"790",1682,"North Carolina","mpi-esm1-2-hr","ssp585",NA,0.939866089599697,7.36283379562765
"791",1683,"North Carolina","mpi-esm1-2-hr","ssp585",NA,3.90265633654389,15.8201842406885
"792",1684,"North Carolina","mpi-esm1-2-hr","ssp585",NA,6.05242465387141,16.8107036173845
"793",1685,"North Carolina","mpi-esm1-2-hr","ssp585",NA,3.77995595773741,16.6737865458684
"794",1686,"North Carolina","mpi-esm1-2-hr","ssp585",NA,4.18610898449202,11.5454955199854
"795",1687,"North Carolina","mpi-esm1-2-hr","ssp585",NA,0.0334733872974738,18.7567046007856
"796",1688,"North Carolina","mpi-esm1-2-hr","ssp585",NA,0.410096414521495,19.6339257162826
"797",1689,"North Carolina","mpi-esm1-2-hr","ssp585",NA,5.08164548072189,19.8053043995919
"798",1690,"North Carolina","mpi-esm1-2-hr","ssp585",NA,5.84182881188206,16.8324533328957
"799",1691,"North Carolina","mpi-esm1-2-hr","ssp585",NA,2.99504828315457,18.8493652856651
"800",1692,"North Carolina","mpi-esm1-2-hr","ssp585",NA,3.1571389308967,21.2854813947063
"801",1693,"North Carolina","mpi-esm1-2-hr","ssp585",NA,2.91315000554698,19.7169286562281
"802",1694,"North Carolina","mpi-esm1-2-hr","ssp585",NA,2.68173325436516,24.9311027291776
"803",1695,"North Carolina","mpi-esm1-2-hr","ssp585",NA,4.29821378285331,24.6822786389947
"804",1696,"North Carolina","mpi-esm1-2-hr","ssp585",NA,4.80025185287322,25.4785524341573
"805",1697,"North Carolina","mpi-esm1-2-hr","ssp585",NA,10.9747093657392,24.6079267058386
"806",1698,"North Carolina","mpi-esm1-2-hr","ssp585",NA,5.29844747608816,24.3454507437741
"807",1699,"North Carolina","mpi-esm1-2-hr","ssp585",NA,4.66936069487852,27.6437425458465
"808",1700,"North Carolina","mpi-esm1-2-hr","ssp585",NA,5.97859158285452,25.9580004267332
"809",1701,"North Carolina","mpi-esm1-2-hr","ssp585",NA,5.41498086154703,26.9025166487494
"810",1702,"North Carolina","mpi-esm1-2-hr","ssp585",NA,8.4515197624844,24.419985184015
"811",1703,"North Carolina","mpi-esm1-2-hr","ssp585",NA,3.43448792367429,26.0011889545858
"812",1704,"North Carolina","mpi-esm1-2-hr","ssp585",NA,9.29252061395644,26.4578577549184
"813",1705,"North Carolina","mpi-esm1-2-hr","ssp585",NA,5.59810901958211,24.0099633994223
"814",1706,"North Carolina","mpi-esm1-2-hr","ssp585",NA,2.5523376677369,24.0245220793396
"815",1707,"North Carolina","mpi-esm1-2-hr","ssp585",NA,1.70672668362141,23.2672553909259
"816",1708,"North Carolina","mpi-esm1-2-hr","ssp585",NA,0.221906962704589,22.3687970329734
"817",1709,"North Carolina","mpi-esm1-2-hr","ssp585",NA,0.507517491453601,19.4066997795212
"818",1710,"North Carolina","mpi-esm1-2-hr","ssp585",NA,0.0079481222109425,22.208573080111
"819",1711,"North Carolina","mpi-esm1-2-hr","ssp585",NA,0.0150449341315895,19.3810766396403
"820",1712,"North Carolina","mpi-esm1-2-hr","ssp585",NA,3.51814585790161,21.339222336884
"821",1713,"North Carolina","mpi-esm1-2-hr","ssp585",NA,4.28982556769377,20.831305290671
"822",1714,"North Carolina","mpi-esm1-2-hr","ssp585",NA,0.21563327263262,18.261213081424
"823",1715,"North Carolina","mpi-esm1-2-hr","ssp585",NA,1.8529094656079,15.3357482055322
"824",1716,"North Carolina","mpi-esm1-2-hr","ssp585",NA,1.02538565431644,8.9364644197523
"825",1717,"North Carolina","mpi-esm1-2-hr","ssp585",NA,0.100964164081814,8.73668301793376
"826",1718,"North Carolina","mpi-esm1-2-hr","ssp585",NA,0.00278411883170649,12.8362062256544
"827",1719,"North Carolina","mpi-esm1-2-hr","ssp585",NA,0.245360823061039,15.2323921780627
"828",1720,"North Carolina","mpi-esm1-2-hr","ssp585",NA,3.9953184487564,18.668556841682
"829",1721,"North Carolina","mpi-esm1-2-hr","ssp585",NA,6.76790640002558,10.719457768459
"830",1722,"North Carolina","mpi-esm1-2-hr","ssp585",NA,10.2056054079406,7.42536226160388
"831",1723,"North Carolina","mpi-esm1-2-hr","ssp585",NA,4.12965616070178,8.33843375240723
"832",1724,"North Carolina","mpi-esm1-2-hr","ssp585",NA,0.0654365207006746,4.39457361557907
"833",1725,"North Carolina","mpi-esm1-2-hr","ssp585",NA,2.22409853334536,14.4154119924337
"834",1726,"North Carolina","mpi-esm1-2-hr","ssp585",NA,3.93771080404704,10.364629973083
"835",1727,"North Carolina","mpi-esm1-2-hr","ssp585",NA,4.50935581140599,16.7253921124114
"836",1728,"North Carolina","mpi-esm1-2-hr","ssp585",NA,0.572700744161936,15.5819748822381
"837",1729,"North Carolina","mpi-esm1-2-hr","ssp585",NA,3.71581266443463,10.6291606144411
"838",1730,"North Carolina","mpi-esm1-2-hr","ssp585",NA,0.147259009136484,8.41992132790619
"839",1731,"North Carolina","mpi-esm1-2-hr","ssp585",NA,3.60003171824682,6.89130498635003
"840",1732,"North Carolina","mpi-esm1-2-hr","ssp585",NA,6.82438512663151,10.1140618503261
"841",1733,"North Carolina","mpi-esm1-2-hr","ssp585",NA,4.16366870101664,11.9231496944481
"842",1734,"North Carolina","mpi-esm1-2-hr","ssp585",NA,6.45331589562183,17.2138675807237
"843",1735,"North Carolina","mpi-esm1-2-hr","ssp585",NA,1.46414007191319,16.8079590014717
"844",1736,"North Carolina","mpi-esm1-2-hr","ssp585",NA,2.87647150685762,18.2812789446834
"845",1737,"North Carolina","mpi-esm1-2-hr","ssp585",NA,9.70230009161624,13.8409170455292
"846",1738,"North Carolina","mpi-esm1-2-hr","ssp585",NA,2.94875241361144,14.5402735947895
"847",1739,"North Carolina","mpi-esm1-2-hr","ssp585",NA,1.29813445252518,17.725996052718
"848",1740,"North Carolina","mpi-esm1-2-hr","ssp585",NA,1.14973500047107,19.0611029104025
"849",1741,"North Carolina","mpi-esm1-2-hr","ssp585",NA,4.51500523398129,20.0156203497024
"850",1742,"North Carolina","mpi-esm1-2-hr","ssp585",NA,6.47074167957902,17.3056499235437
"851",1743,"North Carolina","mpi-esm1-2-hr","ssp585",NA,6.09037379628197,20.5840546081714
"852",1744,"North Carolina","mpi-esm1-2-hr","ssp585",NA,2.07617911671586,21.0402229031261
"853",1745,"North Carolina","mpi-esm1-2-hr","ssp585",NA,7.15034171008796,22.3902356743479
"854",1746,"North Carolina","mpi-esm1-2-hr","ssp585",NA,4.39607557504851,22.0545657374278
"855",1747,"North Carolina","mpi-esm1-2-hr","ssp585",NA,4.04749950875532,26.1417778805858
"856",1748,"North Carolina","mpi-esm1-2-hr","ssp585",NA,2.80554607290026,24.4770607486159
"857",1749,"North Carolina","mpi-esm1-2-hr","ssp585",NA,3.39888392862259,24.0125867143733
"858",1750,"North Carolina","mpi-esm1-2-hr","ssp585",NA,1.55703207237515,26.3518945688627
"859",1751,"North Carolina","mpi-esm1-2-hr","ssp585",NA,3.50854188155692,27.6217437316724
"860",1752,"North Carolina","mpi-esm1-2-hr","ssp585",NA,3.8383673334404,25.5574328510701
"861",1753,"North Carolina","mpi-esm1-2-hr","ssp585",NA,2.27560719318686,26.7444103764553
"862",1754,"North Carolina","mpi-esm1-2-hr","ssp585",NA,2.24623054825674,27.2579085491619
"863",1755,"North Carolina","mpi-esm1-2-hr","ssp585",NA,0.0410071854642739,24.8701658788516
"864",1756,"North Carolina","mpi-esm1-2-hr","ssp585",NA,2.04207402116672,27.8480568765592
"865",1757,"North Carolina","mpi-esm1-2-hr","ssp585",NA,1.03994422438938,26.699932331331
"866",1758,"North Carolina","mpi-esm1-2-hr","ssp585",NA,3.06120307875422,25.5287498324525
"867",1759,"North Carolina","mpi-esm1-2-hr","ssp585",NA,1.57354378772515,26.5843456791897
"868",1760,"North Carolina","mpi-esm1-2-hr","ssp585",NA,0.168210560321527,24.5284680791262
"869",1761,"North Carolina","mpi-esm1-2-hr","ssp585",NA,2.74261308665754,23.9472219942665
"870",1762,"North Carolina","mpi-esm1-2-hr","ssp585",NA,1.54470209418534,25.1183104613916
"871",1763,"North Carolina","mpi-esm1-2-hr","ssp585",NA,5.69451354153172,17.8732404607351
"872",1764,"North Carolina","mpi-esm1-2-hr","ssp585",NA,0.0230295022959604,20.1728170784916
"873",1765,"North Carolina","mpi-esm1-2-hr","ssp585",NA,5.44586449309654,15.977786759235
"874",1766,"North Carolina","mpi-esm1-2-hr","ssp585",NA,0.0103401297847926,16.6257964147573
"875",1767,"North Carolina","mpi-esm1-2-hr","ssp585",NA,0.167843693411325,20.1778922286688
"876",1768,"North Carolina","mpi-esm1-2-hr","ssp585",NA,1.65858314233011,15.2115685898383
"877",1769,"North Carolina","mpi-esm1-2-hr","ssp585",NA,3.38105229904399,12.9160979113325
"878",1770,"North Carolina","mpi-esm1-2-hr","ssp585",NA,7.45429981502906,6.97701441660651
"879",1771,"North Carolina","mpi-esm1-2-hr","ssp585",NA,6.2303176720216,6.27940284023768
"880",1772,"North Carolina","mpi-esm1-2-hr","ssp585",NA,2.74429254683785,2.41690025863863
"881",1773,"North Carolina","mpi-esm1-2-hr","ssp585",NA,2.07705322631105,7.47805167232911
"882",1774,"North Carolina","mpi-esm1-2-hr","ssp585",NA,9.13673781529311,8.02498274944746
"883",1775,"North Carolina","mpi-esm1-2-hr","ssp585",NA,0.919859998080143,6.14886377158288
"884",1776,"North Carolina","mpi-esm1-2-hr","ssp585",NA,5.44524897201018,5.17758089808191
"885",1777,"North Carolina","mpi-esm1-2-hr","ssp585",NA,0.456373431358365,5.90542342669492
"886",1778,"North Carolina","mpi-esm1-2-hr","ssp585",NA,6.02206325904966,6.8363702683222
"887",1779,"North Carolina","mpi-esm1-2-hr","ssp585",NA,2.78786427096893,-2.7647356647737
"888",1780,"North Carolina","mpi-esm1-2-hr","ssp585",NA,9.14652292128014,4.07384874359903
"889",1781,"North Carolina","mpi-esm1-2-hr","ssp585",NA,1.40858479196652,8.16497448833051
"890",1782,"North Carolina","mpi-esm1-2-hr","ssp585",NA,7.99118335090811,2.81247722721904
"891",1783,"North Carolina","mpi-esm1-2-hr","ssp585",NA,4.55631505009012,3.36688622226237
"892",1784,"North Carolina","mpi-esm1-2-hr","ssp585",NA,0.0410998833042661,10.7435709293483
"893",1785,"North Carolina","mpi-esm1-2-hr","ssp585",NA,12.5571881888651,15.9846858689765
"894",1786,"North Carolina","mpi-esm1-2-hr","ssp585",NA,4.20152378561902,11.6003133821888
"895",1787,"North Carolina","mpi-esm1-2-hr","ssp585",NA,1.98044154908033,12.3867996685979
"896",1788,"North Carolina","mpi-esm1-2-hr","ssp585",NA,7.72814518507502,12.1774142909117
"897",1789,"North Carolina","mpi-esm1-2-hr","ssp585",NA,1.95725702138864,14.6854474235984
"898",1790,"North Carolina","mpi-esm1-2-hr","ssp585",NA,3.26403169028785,14.3436449066932
"899",1791,"North Carolina","mpi-esm1-2-hr","ssp585",NA,7.9209896808148,16.2095016864168
"900",1792,"North Carolina","mpi-esm1-2-hr","ssp585",NA,11.5268882723736,20.0772815864627
"901",1793,"North Carolina","mpi-esm1-2-hr","ssp585",NA,3.29950494286538,15.6394567494967
"902",1794,"North Carolina","mpi-esm1-2-hr","ssp585",NA,0.344441832518185,17.2784910741641
"903",1795,"North Carolina","mpi-esm1-2-hr","ssp585",NA,1.24662332367612,23.5810593548943
"904",1796,"North Carolina","mpi-esm1-2-hr","ssp585",NA,4.17821923963383,19.5531718449099
"905",1797,"North Carolina","mpi-esm1-2-hr","ssp585",NA,0.930328947707043,22.8261490167356
"906",1798,"North Carolina","mpi-esm1-2-hr","ssp585",NA,7.84957921186862,25.0957172810531
"907",1799,"North Carolina","mpi-esm1-2-hr","ssp585",NA,5.39786916484109,25.6205406381303
"908",1800,"North Carolina","mpi-esm1-2-hr","ssp585",NA,2.11993513299038,26.8810147496499
"909",1801,"North Carolina","mpi-esm1-2-hr","ssp585",NA,1.04762872427219,27.0450479288395
"910",1802,"North Carolina","mpi-esm1-2-hr","ssp585",NA,3.06865706746777,27.5129742961638
"911",1803,"North Carolina","mpi-esm1-2-hr","ssp585",NA,13.1678984786003,27.2123317857417
"912",1804,"North Carolina","mpi-esm1-2-hr","ssp585",NA,4.58799546124451,28.0141354173505
"913",1805,"North Carolina","mpi-esm1-2-hr","ssp585",NA,3.79455257382023,26.2201270180924
"914",1806,"North Carolina","mpi-esm1-2-hr","ssp585",NA,6.5327753868824,27.7980058258655
"915",1807,"North Carolina","mpi-esm1-2-hr","ssp585",NA,2.80987003098752,26.3599795044971
"916",1808,"North Carolina","mpi-esm1-2-hr","ssp585",NA,4.61074344616272,25.4355638520057
"917",1809,"North Carolina","mpi-esm1-2-hr","ssp585",NA,10.5943735665538,24.4699250207896
"918",1810,"North Carolina","mpi-esm1-2-hr","ssp585",NA,0.944683926403542,26.457992904193
"919",1811,"North Carolina","mpi-esm1-2-hr","ssp585",NA,4.49643034923665,24.1985699821921
"920",1812,"North Carolina","mpi-esm1-2-hr","ssp585",NA,15.2435138503661,22.7407127059809
"921",1813,"North Carolina","mpi-esm1-2-hr","ssp585",NA,3.60775628670287,19.1930946841628
"922",1814,"North Carolina","mpi-esm1-2-hr","ssp585",NA,5.74439096971287,21.3609974409686
"923",1815,"North Carolina","mpi-esm1-2-hr","ssp585",NA,0.0383650435368577,16.0740138975512
"924",1816,"North Carolina","mpi-esm1-2-hr","ssp585",NA,1.21807238466631,17.8113950927051
"925",1817,"North Carolina","mpi-esm1-2-hr","ssp585",NA,0.240908319254904,16.8945366012616
"926",1818,"North Carolina","mpi-esm1-2-hr","ssp585",NA,2.42370539883207,17.6878885733981
"927",1819,"North Carolina","mpi-esm1-2-hr","ssp585",NA,5.2462382836939,15.6588737936581
"928",1820,"North Carolina","mpi-esm1-2-hr","ssp585",NA,0.0751199095798294,10.2597169507452
"929",1821,"North Carolina","mpi-esm1-2-hr","ssp585",NA,0.162553263203527,8.49780312759872
"930",1822,"North Carolina","mpi-esm1-2-hr","ssp585",NA,0.163628143977306,6.88386519402685
"931",1823,"North Carolina","mpi-esm1-2-hr","ssp585",NA,7.97445249867328,6.97203022077974
"932",1824,"North Carolina","mpi-esm1-2-hr","ssp585",NA,6.4568123127617,4.49801410065982
"933",1825,"North Carolina","mpi-esm1-2-hr","ssp585",NA,3.31404491751665,15.2242176558123
"934",1826,"North Carolina","mpi-esm1-2-hr","ssp585",NA,3.88883028435961,10.4197863495985
"935",1827,"North Carolina","mpi-esm1-2-hr","ssp585",NA,0.98870678239797,5.51197550797665
"936",1828,"North Carolina","mpi-esm1-2-hr","ssp585",NA,4.13441379717698,6.92692199194133
"937",1829,"North Carolina","mpi-esm1-2-hr","ssp585",NA,3.6995152304692,6.50661552707022
"938",1830,"North Carolina","mpi-esm1-2-hr","ssp585",NA,5.00875171396537,5.57978599398746
"939",1831,"North Carolina","mpi-esm1-2-hr","ssp585",NA,7.04707849240128,7.63481705182075
"940",1832,"North Carolina","mpi-esm1-2-hr","ssp585",NA,0.259959960125603,5.17915174126293
"941",1833,"North Carolina","mpi-esm1-2-hr","ssp585",NA,10.9291400176012,9.29132033917084
"942",1834,"North Carolina","mpi-esm1-2-hr","ssp585",NA,0.388592007018952,2.82003045603009
"943",1835,"North Carolina","mpi-esm1-2-hr","ssp585",NA,0.00103409589779908,3.18770999855022
"944",1836,"North Carolina","mpi-esm1-2-hr","ssp585",NA,0,5.84250652409403
"945",1837,"North Carolina","mpi-esm1-2-hr","ssp585",NA,1.57227275481664,10.4362872981224
"946",1838,"North Carolina","mpi-esm1-2-hr","ssp585",NA,3.20410168662894,12.5574794395297
"947",1839,"North Carolina","mpi-esm1-2-hr","ssp585",NA,1.80039908992214,10.8822357947085
"948",1840,"North Carolina","mpi-esm1-2-hr","ssp585",NA,0.398875545117732,13.999950043494
"949",1841,"North Carolina","mpi-esm1-2-hr","ssp585",NA,4.37603357002888,12.5927366454394
"950",1842,"North Carolina","mpi-esm1-2-hr","ssp585",NA,6.55676066683348,12.433092013661
"951",1843,"North Carolina","mpi-esm1-2-hr","ssp585",NA,1.33322617690558,14.7132325244551
"952",1844,"North Carolina","mpi-esm1-2-hr","ssp585",NA,0.1887568583193,21.9571283249628
"953",1845,"North Carolina","mpi-esm1-2-hr","ssp585",NA,5.20339801906561,18.9166856952742
"954",1846,"North Carolina","mpi-esm1-2-hr","ssp585",NA,1.23855461442719,20.2988626261051
"955",1847,"North Carolina","mpi-esm1-2-hr","ssp585",NA,4.66973089231858,22.5249285529642
"956",1848,"North Carolina","mpi-esm1-2-hr","ssp585",NA,0.90291748006357,20.8307799096201
"957",1849,"North Carolina","mpi-esm1-2-hr","ssp585",NA,7.81331084467599,23.1392368861607
"958",1850,"North Carolina","mpi-esm1-2-hr","ssp585",NA,3.8183078541722,25.7393421504344
"959",1851,"North Carolina","mpi-esm1-2-hr","ssp585",NA,3.50084634908762,25.2523158824077
"960",1852,"North Carolina","mpi-esm1-2-hr","ssp585",NA,2.93975756610641,26.0924050552839
"961",1853,"North Carolina","mpi-esm1-2-hr","ssp585",NA,1.75602340667781,27.5374463164172
"962",1854,"North Carolina","mpi-esm1-2-hr","ssp585",NA,1.02575358112578,27.5466328767835
"963",1855,"North Carolina","mpi-esm1-2-hr","ssp585",NA,4.00505914201996,26.8736895905823
"964",1856,"North Carolina","mpi-esm1-2-hr","ssp585",NA,11.4702898814434,27.461683650511
"965",1857,"North Carolina","mpi-esm1-2-hr","ssp585",NA,7.83966520479027,25.7059636989562
"966",1858,"North Carolina","mpi-esm1-2-hr","ssp585",NA,3.76130843922342,27.8064089307598
"967",1859,"North Carolina","mpi-esm1-2-hr","ssp585",NA,4.10067638130531,26.4483855944722
"968",1860,"North Carolina","mpi-esm1-2-hr","ssp585",NA,0.462742063735109,28.7247780850622
"969",1861,"North Carolina","mpi-esm1-2-hr","ssp585",NA,3.86388641879933,27.406612415474
"970",1862,"North Carolina","mpi-esm1-2-hr","ssp585",NA,9.92435233619435,23.7594381038548
"971",1863,"North Carolina","mpi-esm1-2-hr","ssp585",NA,6.48519144806949,23.4773348084351
"972",1864,"North Carolina","mpi-esm1-2-hr","ssp585",NA,0.0856291409594129,20.990171766949
"973",1865,"North Carolina","mpi-esm1-2-hr","ssp585",NA,3.86836690579171,22.6455325684962
"974",1866,"North Carolina","mpi-esm1-2-hr","ssp585",NA,0.351371320063946,18.8610453971628
"975",1867,"North Carolina","mpi-esm1-2-hr","ssp585",NA,0.00344485294491056,18.2206058106837
"976",1868,"North Carolina","mpi-esm1-2-hr","ssp585",NA,0.0701393087298175,20.0410815840008
"977",1869,"North Carolina","mpi-esm1-2-hr","ssp585",NA,0.0793000325963376,17.5982847753359
"978",1870,"North Carolina","mpi-esm1-2-hr","ssp585",NA,2.47656747046944,14.94475913168
"979",1871,"North Carolina","mpi-esm1-2-hr","ssp585",NA,0.402522237807319,11.3578086532465
"980",1872,"North Carolina","mpi-esm1-2-hr","ssp585",NA,0.623532933021109,14.4681788511303
"981",1873,"North Carolina","mpi-esm1-2-hr","ssp585",NA,2.69428178446197,9.91117081842505
"982",1874,"North Carolina","mpi-esm1-2-hr","ssp585",NA,7.36878759333714,10.220183351661
"983",1875,"North Carolina","mpi-esm1-2-hr","ssp585",NA,1.12130130187363,11.7776834268864
"984",1876,"North Carolina","mpi-esm1-2-hr","ssp585",NA,0.946196092061793,11.9101002241717
"985",1877,"North Carolina","mpi-esm1-2-hr","ssp585",NA,3.33130857066526,9.16962940205381
"986",1878,"North Carolina","mpi-esm1-2-hr","ssp585",NA,6.9896956515236,4.28910939619991
"987",1879,"North Carolina","mpi-esm1-2-hr","ssp585",NA,3.58533465604363,3.60174300677304
"988",1880,"North Carolina","mpi-esm1-2-hr","ssp585",NA,0.490700947438115,3.27861947024906
"989",1881,"North Carolina","mpi-esm1-2-hr","ssp585",NA,0.0373657874554149,0.0734060250076816
"990",1882,"North Carolina","mpi-esm1-2-hr","ssp585",NA,1.51396244061495,6.90289277576267
"991",1883,"North Carolina","mpi-esm1-2-hr","ssp585",NA,0.639117955815433,0.298126784893667
"992",1884,"North Carolina","mpi-esm1-2-hr","ssp585",NA,5.90523420553324,-0.437271195099111
"993",1885,"North Carolina","mpi-esm1-2-hr","ssp585",NA,1.02503091156064,-0.708794208601387
"994",1886,"North Carolina","mpi-esm1-2-hr","ssp585",NA,0.206844333826223,1.70588890097057
"995",1887,"North Carolina","mpi-esm1-2-hr","ssp585",NA,0.564602597192529,2.75359044008231
"996",1888,"North Carolina","mpi-esm1-2-hr","ssp585",NA,5.18954889848828,4.36897039333314
"997",1889,"North Carolina","mpi-esm1-2-hr","ssp585",NA,6.41100195566001,11.7241605528931
"998",1890,"North Carolina","mpi-esm1-2-hr","ssp585",NA,2.07717235686129,9.00062083182885
"999",1891,"North Carolina","mpi-esm1-2-hr","ssp585",NA,0.863586458339754,7.62971822273834
"1000",1892,"North Carolina","mpi-esm1-2-hr","ssp585",NA,4.46109221437447,14.3036061006434
"1001",1893,"North Carolina","mpi-esm1-2-hr","ssp585",NA,1.83475591768017,12.4567299722624
"1002",1894,"North Carolina","mpi-esm1-2-hr","ssp585",NA,4.33553106650994,15.0241933101366
"1003",1895,"North Carolina","mpi-esm1-2-hr","ssp585",NA,0.0470476413215119,13.3017853894488
"1004",1896,"North Carolina","mpi-esm1-2-hr","ssp585",NA,3.89999457203747,14.6323994954427
"1005",1897,"North Carolina","mpi-esm1-2-hr","ssp585",NA,4.24774095199686,15.7957690669041
"1006",1898,"North Carolina","mpi-esm1-2-hr","ssp585",NA,8.64097321886403,18.729038578322
"1007",1899,"North Carolina","mpi-esm1-2-hr","ssp585",NA,2.80142880213386,22.9446091937752
"1008",1900,"North Carolina","mpi-esm1-2-hr","ssp585",NA,6.36178274900213,20.56434093657
"1009",1901,"North Carolina","mpi-esm1-2-hr","ssp585",NA,3.88124942262092,23.0948050875624
"1010",1902,"North Carolina","mpi-esm1-2-hr","ssp585",NA,2.7074769531305,25.7459930163472
"1011",1903,"North Carolina","mpi-esm1-2-hr","ssp585",NA,7.38654095931612,24.1867850680311
"1012",1904,"North Carolina","mpi-esm1-2-hr","ssp585",NA,0.919562049789458,24.2431862539938
"1013",1905,"North Carolina","mpi-esm1-2-hr","ssp585",NA,3.36891479501068,26.4602577017135
"1014",1906,"North Carolina","mpi-esm1-2-hr","ssp585",NA,7.05616758159139,26.9923863857066
"1015",1907,"North Carolina","mpi-esm1-2-hr","ssp585",NA,2.31456222442654,27.288332608434
"1016",1908,"North Carolina","mpi-esm1-2-hr","ssp585",NA,8.0257409536967,27.7463794013699
"1017",1909,"North Carolina","mpi-esm1-2-hr","ssp585",NA,4.12108232339349,27.6243289210216
"1018",1910,"North Carolina","mpi-esm1-2-hr","ssp585",NA,4.47470210648219,28.3813332608434
"1019",1911,"North Carolina","mpi-esm1-2-hr","ssp585",NA,7.85187906764781,24.9325568875011
"1020",1912,"North Carolina","mpi-esm1-2-hr","ssp585",NA,5.97170832014005,25.9259340601475
"1021",1913,"North Carolina","mpi-esm1-2-hr","ssp585",NA,12.2936256241892,23.598853752927
"1022",1914,"North Carolina","mpi-esm1-2-hr","ssp585",NA,2.5452108075023,24.7036607758338
"1023",1915,"North Carolina","mpi-esm1-2-hr","ssp585",NA,1.0624581438086,22.5548670664555
"1024",1916,"North Carolina","mpi-esm1-2-hr","ssp585",NA,0.000947989947006043,22.1446796150101
"1025",1917,"North Carolina","mpi-esm1-2-hr","ssp585",NA,5.16949385025992,24.6267057872954
"1026",1918,"North Carolina","mpi-esm1-2-hr","ssp585",NA,3.15474233627791,20.9320817706966
"1027",1919,"North Carolina","mpi-esm1-2-hr","ssp585",NA,10.792028770215,18.0952738785944
"1028",1920,"North Carolina","mpi-esm1-2-hr","ssp585",NA,1.7775813641798,14.0071756998698
"1029",1921,"North Carolina","mpi-esm1-2-hr","ssp585",NA,0.00294912071175141,15.1030304724429
"1030",1922,"North Carolina","mpi-esm1-2-hr","ssp585",NA,2.13881277389902,16.9263313015636
"1031",1923,"North Carolina","mpi-esm1-2-hr","ssp585",NA,0.108917562731619,14.9491582790343
"1032",1924,"North Carolina","mpi-esm1-2-hr","ssp585",NA,0.170635686895787,18.635921241055
"1033",1925,"North Carolina","mpi-esm1-2-hr","ssp585",NA,0.87902839326443,12.4405353962874
"1034",1926,"North Carolina","mpi-esm1-2-hr","ssp585",NA,1.60832967380922,13.4102723877637
"1035",1927,"North Carolina","mpi-esm1-2-hr","ssp585",NA,6.52846817012244,5.61958322391459
"1036",1928,"North Carolina","mpi-esm1-2-hr","ssp585",NA,2.98759200903521,10.1226099350873
"1037",1929,"North Carolina","mpi-esm1-2-hr","ssp585",NA,5.31333751683678,2.62290698994444
"1038",1930,"North Carolina","mpi-esm1-2-hr","ssp585",NA,0.00860565544085034,4.83331688632487
"1039",1931,"North Carolina","mpi-esm1-2-hr","ssp585",NA,8.32305402213589,11.26727428276
"1040",1932,"North Carolina","mpi-esm1-2-hr","ssp585",NA,5.56694928928672,9.66951511073181
"1041",1933,"North Carolina","mpi-esm1-2-hr","ssp585",NA,0.296036034754963,7.42147421957066
"1042",1934,"North Carolina","mpi-esm1-2-hr","ssp585",NA,9.04505460462477,15.8836543919326
"1043",1935,"North Carolina","mpi-esm1-2-hr","ssp585",NA,6.39307595400688,5.22859030330885
"1044",1936,"North Carolina","mpi-esm1-2-hr","ssp585",NA,4.2219778345597,7.76934964903932
"1045",1937,"North Carolina","mpi-esm1-2-hr","ssp585",NA,0.0883990715820579,6.78441319398855
"1046",1938,"North Carolina","mpi-esm1-2-hr","ssp585",NA,5.78352454492745,8.02104495606839
"1047",1939,"North Carolina","mpi-esm1-2-hr","ssp585",NA,5.36922283174456,12.144309129902
"1048",1940,"North Carolina","mpi-esm1-2-hr","ssp585",NA,2.38268891197007,10.6617949328169
"1049",1941,"North Carolina","mpi-esm1-2-hr","ssp585",NA,8.51615791945442,13.4459950508524
"1050",1942,"North Carolina","mpi-esm1-2-hr","ssp585",NA,0.798734862577736,7.42301659677545
"1051",1943,"North Carolina","mpi-esm1-2-hr","ssp585",NA,5.74094181317355,14.9742303073573
"1052",1944,"North Carolina","mpi-esm1-2-hr","ssp585",NA,0.0503757752742503,10.6039099257867
"1053",1945,"North Carolina","mpi-esm1-2-hr","ssp585",NA,2.79430931717064,15.5629972228149
"1054",1946,"North Carolina","mpi-esm1-2-hr","ssp585",NA,9.00403333635804,14.5278272099856
"1055",1947,"North Carolina","mpi-esm1-2-hr","ssp585",NA,1.5051911528629,16.1479746586135
"1056",1948,"North Carolina","mpi-esm1-2-hr","ssp585",NA,7.41185020651909,19.6676643093761
"1057",1949,"North Carolina","mpi-esm1-2-hr","ssp585",NA,3.14928518480486,20.4763502959778
"1058",1950,"North Carolina","mpi-esm1-2-hr","ssp585",NA,1.34235298119318,20.0112719794949
"1059",1951,"North Carolina","mpi-esm1-2-hr","ssp585",NA,3.48744509428186,21.1645264697676
"1060",1952,"North Carolina","mpi-esm1-2-hr","ssp585",NA,2.35085972957325,20.5539099086901
"1061",1953,"North Carolina","mpi-esm1-2-hr","ssp585",NA,9.24217523529746,23.8892441522508
"1062",1954,"North Carolina","mpi-esm1-2-hr","ssp585",NA,2.42201673702025,23.0953097816275
"1063",1955,"North Carolina","mpi-esm1-2-hr","ssp585",NA,5.46358157790419,22.7139520383349
"1064",1956,"North Carolina","mpi-esm1-2-hr","ssp585",NA,7.4195739225325,23.7711955778405
"1065",1957,"North Carolina","mpi-esm1-2-hr","ssp585",NA,5.18514890440003,24.3355458662958
"1066",1958,"North Carolina","mpi-esm1-2-hr","ssp585",NA,3.00609334899032,28.2573531634334
"1067",1959,"North Carolina","mpi-esm1-2-hr","ssp585",NA,8.77311403539138,24.9779713179217
"1068",1960,"North Carolina","mpi-esm1-2-hr","ssp585",NA,8.7768090288255,25.2237745952874
"1069",1961,"North Carolina","mpi-esm1-2-hr","ssp585",NA,0.704918101629508,25.0805744074974
"1070",1962,"North Carolina","mpi-esm1-2-hr","ssp585",NA,6.11898146460345,26.8593580400911
"1071",1963,"North Carolina","mpi-esm1-2-hr","ssp585",NA,3.90503047303294,25.1026941806996
"1072",1964,"North Carolina","mpi-esm1-2-hr","ssp585",NA,3.07935982030152,26.12095625848
"1073",1965,"North Carolina","mpi-esm1-2-hr","ssp585",NA,1.60883580896812,26.5981133810947
"1074",1966,"North Carolina","mpi-esm1-2-hr","ssp585",NA,5.90031046757598,24.1984060250077
"1075",1967,"North Carolina","mpi-esm1-2-hr","ssp585",NA,0.0274376807084548,26.6267677627692
"1076",1968,"North Carolina","mpi-esm1-2-hr","ssp585",NA,7.74375553682293,26.358086303369
"1077",1969,"North Carolina","mpi-esm1-2-hr","ssp585",NA,1.04669133837918,20.4423787605863
"1078",1970,"North Carolina","mpi-esm1-2-hr","ssp585",NA,2.1287090740396,23.0152891014805
"1079",1971,"North Carolina","mpi-esm1-2-hr","ssp585",NA,15.079947691999,21.8283393582042
"1080",1972,"North Carolina","mpi-esm1-2-hr","ssp585",NA,0.0901046311940133,16.0366617496608
"1081",1973,"North Carolina","mpi-esm1-2-hr","ssp585",NA,6.74024218151775,21.6006177886194
"1082",1974,"North Carolina","mpi-esm1-2-hr","ssp585",NA,0.926251107736461,16.8120257893197
"1083",1975,"North Carolina","mpi-esm1-2-hr","ssp585",NA,3.114098376532,14.0181102250471
"1084",1976,"North Carolina","mpi-esm1-2-hr","ssp585",NA,10.3746997844006,16.184126448431
"1085",1977,"North Carolina","mpi-esm1-2-hr","ssp585",NA,1.87479484169778,11.2859546308758
"1086",1978,"North Carolina","mpi-esm1-2-hr","ssp585",NA,4.61959577971524,6.86780072380517
"1087",1979,"North Carolina","mpi-esm1-2-hr","ssp585",NA,6.76078791134884,15.7329955199854
"1088",1980,"North Carolina","mpi-esm1-2-hr","ssp585",NA,3.89290596070191,8.66983336547512
"1089",1981,"North Carolina","mpi-esm1-2-hr","ssp585",NA,1.32928299948418,5.08247000216104
"1090",1982,"North Carolina","mpi-esm1-2-hr","ssp585",NA,6.74778664795652,4.48479665547862
"1091",1983,"North Carolina","mpi-esm1-2-hr","ssp585",NA,3.56236413646621,9.38617085261842
"1092",1984,"North Carolina","mpi-esm1-2-hr","ssp585",NA,0.672074917478496,8.79042225044317
"1093",1985,"North Carolina","mpi-esm1-2-hr","ssp585",NA,3.76815102296378,8.8288922649138
"1094",1986,"North Carolina","mpi-esm1-2-hr","ssp585",NA,0.805864814106872,6.969565221108
"1095",1987,"North Carolina","mpi-esm1-2-hr","ssp585",NA,13.3528834308019,8.5484501686417
"1096",1988,"North Carolina","mpi-esm1-2-hr","ssp585",NA,15.9211488774226,8.45418983267137
"1097",1989,"North Carolina","mpi-esm1-2-hr","ssp585",NA,7.29740694860237,7.53666568189778
"1098",1990,"North Carolina","mpi-esm1-2-hr","ssp585",NA,0.493682664739577,5.13328014555434
"1099",1991,"North Carolina","mpi-esm1-2-hr","ssp585",NA,0.270030381430201,5.95747496019895
"1100",1992,"North Carolina","mpi-esm1-2-hr","ssp585",NA,5.87366873067581,7.69490710346641
"1101",1993,"North Carolina","mpi-esm1-2-hr","ssp585",NA,0.204807050023428,5.13159954167216
"1102",1994,"North Carolina","mpi-esm1-2-hr","ssp585",NA,0.354860669650414,8.89236797257968
"1103",1995,"North Carolina","mpi-esm1-2-hr","ssp585",NA,3.87209505011511,12.559460004705
"1104",1996,"North Carolina","mpi-esm1-2-hr","ssp585",NA,0.748376082888821,10.6536482781589
"1105",1997,"North Carolina","mpi-esm1-2-hr","ssp585",NA,8.11412361612949,16.9669568657541
"1106",1998,"North Carolina","mpi-esm1-2-hr","ssp585",NA,3.47496898227115,12.5668107233128
"1107",1999,"North Carolina","mpi-esm1-2-hr","ssp585",NA,6.21531632425424,13.6704366219144
"1108",2000,"North Carolina","mpi-esm1-2-hr","ssp585",NA,3.72418536421375,16.3681927507331
"1109",2001,"North Carolina","mpi-esm1-2-hr","ssp585",NA,3.23622526414228,16.421458319656
"1110",2002,"North Carolina","mpi-esm1-2-hr","ssp585",NA,1.07202021894669,19.7456322763481
"1111",2003,"North Carolina","mpi-esm1-2-hr","ssp585",NA,5.01619316237338,21.7938748399751
"1112",2004,"North Carolina","mpi-esm1-2-hr","ssp585",NA,2.02521996238409,22.4297160172663
"1113",2005,"North Carolina","mpi-esm1-2-hr","ssp585",NA,1.38105464536215,21.4184836678812
"1114",2006,"North Carolina","mpi-esm1-2-hr","ssp585",NA,5.63724134659088,24.1551662925913
"1115",2007,"North Carolina","mpi-esm1-2-hr","ssp585",NA,1.52745676547178,23.3523459212787
"1116",2008,"North Carolina","mpi-esm1-2-hr","ssp585",NA,6.46066881221364,27.4765570803517
"1117",2009,"North Carolina","mpi-esm1-2-hr","ssp585",NA,8.92640094610238,25.6652498304009
"1118",2010,"North Carolina","mpi-esm1-2-hr","ssp585",NA,2.76429660756732,28.0676028980929
"1119",2011,"North Carolina","mpi-esm1-2-hr","ssp585",NA,6.09777404520364,26.550308150604
"1120",2012,"North Carolina","mpi-esm1-2-hr","ssp585",NA,5.59103720729849,23.8126279344746
"1121",2013,"North Carolina","mpi-esm1-2-hr","ssp585",NA,2.53298926338878,26.91336081796
"1122",2014,"North Carolina","mpi-esm1-2-hr","ssp585",NA,0.31031105682516,27.1964063115481
"1123",2015,"North Carolina","mpi-esm1-2-hr","ssp585",NA,2.83833011920809,29.7160068031119
"1124",2016,"North Carolina","mpi-esm1-2-hr","ssp585",NA,0.917527279594621,27.6874231162192
"1125",2017,"North Carolina","mpi-esm1-2-hr","ssp585",NA,1.97742496106415,25.633159357493
"1126",2018,"North Carolina","mpi-esm1-2-hr","ssp585",NA,0.00278452026279655,25.5437697808616
"1127",2019,"North Carolina","mpi-esm1-2-hr","ssp585",NA,2.03803847040692,28.110806898443
"1128",2020,"North Carolina","mpi-esm1-2-hr","ssp585",NA,14.9768167499286,22.7614609833191
"1129",2021,"North Carolina","mpi-esm1-2-hr","ssp585",NA,6.74922076080086,21.6342475613292
"1130",2022,"North Carolina","mpi-esm1-2-hr","ssp585",NA,1.25812839371768,23.2406190161612
"1131",2023,"North Carolina","mpi-esm1-2-hr","ssp585",NA,8.70825447530807,24.327045994179
"1132",2024,"North Carolina","mpi-esm1-2-hr","ssp585",NA,2.46481762420261,17.1935839912137
"1133",2025,"North Carolina","mpi-esm1-2-hr","ssp585",NA,0.00363263049521953,18.5755818342962
"1134",2026,"North Carolina","mpi-esm1-2-hr","ssp585",NA,6.6694826960364,20.6382097174808
"1135",2027,"North Carolina","mpi-esm1-2-hr","ssp585",NA,20.1617247872277,18.5890959069175
"1136",2028,"North Carolina","mpi-esm1-2-hr","ssp585",NA,4.99458082782485,13.8086351752615
"1137",2029,"North Carolina","mpi-esm1-2-hr","ssp585",NA,2.27872068245852,12.8332139642967
"1138",2030,"North Carolina","mpi-esm1-2-hr","ssp585",NA,0.264932441887369,16.16031538592
"1139",2031,"North Carolina","mpi-esm1-2-hr","ssp585",NA,3.04930586705169,13.2604518516391
"1140",2032,"North Carolina","mpi-esm1-2-hr","ssp585",NA,6.17254485492717,8.98325504762454
"1141",2033,"North Carolina","mpi-esm1-2-hr","ssp585",NA,2.79024222507039,5.70538583109027
"1142",2034,"North Carolina","mpi-esm1-2-hr","ssp585",NA,0.00806432151631355,3.22886008895748
"1143",2035,"North Carolina","mpi-esm1-2-hr","ssp585",NA,4.11541723196398,3.53306588993021
"1144",2036,"North Carolina","mpi-esm1-2-hr","ssp585",NA,0.6851592738873,3.04640549090732
"1145",2037,"North Carolina","mpi-esm1-2-hr","ssp585",NA,0.184855874964846,3.04894357889642
"1146",2038,"North Carolina","mpi-esm1-2-hr","ssp585",NA,0.992777664266344,3.50444612903758
"1147",2039,"North Carolina","mpi-esm1-2-hr","ssp585",NA,0.00791124070890857,5.27987658930762
"1148",2040,"North Carolina","mpi-esm1-2-hr","ssp585",NA,9.93924735980612,10.3835418957622
"1149",2041,"North Carolina","mpi-esm1-2-hr","ssp585",NA,6.10779707023555,6.46701909767816
"1150",2042,"North Carolina","mpi-esm1-2-hr","ssp585",NA,6.46767025277424,1.87916018702405
"1151",2043,"North Carolina","mpi-esm1-2-hr","ssp585",NA,0.851509291490348,2.10296294054734
"1152",2044,"North Carolina","mpi-esm1-2-hr","ssp585",NA,6.5550195432609,7.63649739925269
"1153",2045,"North Carolina","mpi-esm1-2-hr","ssp585",NA,1.16008362771837,4.81654486990111
"1154",2046,"North Carolina","mpi-esm1-2-hr","ssp585",NA,0.188631682833163,13.5496737782027
"1155",2047,"North Carolina","mpi-esm1-2-hr","ssp585",NA,2.05287431413393,11.9116753415233
"1156",2048,"North Carolina","mpi-esm1-2-hr","ssp585",NA,4.28569729012161,9.181379097049
"1157",2049,"North Carolina","mpi-esm1-2-hr","ssp585",NA,4.08353004398528,16.662646860502
"1158",2050,"North Carolina","mpi-esm1-2-hr","ssp585",NA,0.22240846170584,14.3548184434907
"1159",2051,"North Carolina","mpi-esm1-2-hr","ssp585",NA,0.948567698902144,13.6671948344768
"1160",2052,"North Carolina","mpi-esm1-2-hr","ssp585",NA,2.19995418466024,15.5064850793833
"1161",2053,"North Carolina","mpi-esm1-2-hr","ssp585",NA,0.0923028933762343,18.4725827855557
"1162",2054,"North Carolina","mpi-esm1-2-hr","ssp585",NA,1.31774333009972,19.9226908194919
"1163",2055,"North Carolina","mpi-esm1-2-hr","ssp585",NA,1.36692715350975,20.2511655321308
"1164",2056,"North Carolina","mpi-esm1-2-hr","ssp585",NA,0.478879438265385,25.3177417231541
"1165",2057,"North Carolina","mpi-esm1-2-hr","ssp585",NA,0.78485284443368,23.1255781756062
"1166",2058,"North Carolina","mpi-esm1-2-hr","ssp585",NA,2.36387991343912,26.5621556386226
"1167",2059,"North Carolina","mpi-esm1-2-hr","ssp585",NA,2.84669402087787,26.3448778339461
"1168",2060,"North Carolina","mpi-esm1-2-hr","ssp585",NA,5.35042227562035,24.4824408181241
"1169",2061,"North Carolina","mpi-esm1-2-hr","ssp585",NA,7.93839102413945,26.1076718797871
"1170",2062,"North Carolina","mpi-esm1-2-hr","ssp585",NA,3.57682538794942,25.574351129612
"1171",2063,"North Carolina","mpi-esm1-2-hr","ssp585",NA,7.59510351467228,26.2721991530988
"1172",2064,"North Carolina","mpi-esm1-2-hr","ssp585",NA,5.40820317710772,25.5555430692785
"1173",2065,"North Carolina","mpi-esm1-2-hr","ssp585",NA,5.72842516721568,24.3306321088006
"1174",2066,"North Carolina","mpi-esm1-2-hr","ssp585",NA,5.60912335783519,25.1232111399247
"1175",2067,"North Carolina","mpi-esm1-2-hr","ssp585",NA,10.1038687812105,24.1815286075368
"1176",2068,"North Carolina","mpi-esm1-2-hr","ssp585",NA,1.33344776895836,26.0453040371422
"1177",2069,"North Carolina","mpi-esm1-2-hr","ssp585",NA,4.98176066942223,25.3600076285397
"1178",2070,"North Carolina","mpi-esm1-2-hr","ssp585",NA,6.02268355785384,24.6150649126838
"1179",2071,"North Carolina","mpi-esm1-2-hr","ssp585",NA,1.27101819554443,25.7436693207557
"1180",2072,"North Carolina","mpi-esm1-2-hr","ssp585",NA,11.3789932710636,24.0867459679184
"1181",2073,"North Carolina","mpi-esm1-2-hr","ssp585",NA,0.727718857319623,19.4394404392617
"1182",2074,"North Carolina","mpi-esm1-2-hr","ssp585",NA,2.5723031211133,22.2974482175683
"1183",2075,"North Carolina","mpi-esm1-2-hr","ssp585",NA,0.661690709486965,18.3093828986673
"1184",2076,"North Carolina","mpi-esm1-2-hr","ssp585",NA,11.0178325814513,16.7568241065958
"1185",2077,"North Carolina","mpi-esm1-2-hr","ssp585",NA,6.69337377942557,18.2866826076134
"1186",2078,"North Carolina","mpi-esm1-2-hr","ssp585",NA,3.08432523888463,13.9827737760143
"1187",2079,"North Carolina","mpi-esm1-2-hr","ssp585",NA,2.20356504974885,19.6543285551525
"1188",2080,"North Carolina","mpi-esm1-2-hr","ssp585",NA,3.74603307407123,17.6173201360623
"1189",2081,"North Carolina","mpi-esm1-2-hr","ssp585",NA,6.15805808266188,14.3639873087907
"1190",2082,"North Carolina","mpi-esm1-2-hr","ssp585",NA,0.888443039876934,6.00127854120166
"1191",2083,"North Carolina","mpi-esm1-2-hr","ssp585",NA,1.92659827329667,5.92334664822963
"1192",2084,"North Carolina","mpi-esm1-2-hr","ssp585",NA,1.14580171289201,2.96869123870253
"1193",2085,"North Carolina","mpi-esm1-2-hr","ssp585",NA,2.03118884387588,8.83152301692164
"1194",2086,"North Carolina","mpi-esm1-2-hr","ssp585",NA,0.112418813745642,7.13537072788102
"1195",2087,"North Carolina","mpi-esm1-2-hr","ssp585",NA,0.266098116386091,4.77688731986938
"1196",2088,"North Carolina","mpi-esm1-2-hr","ssp585",NA,0.0123056880045074,9.85997531580994
"1197",2089,"North Carolina","mpi-esm1-2-hr","ssp585",NA,6.57357072860356,5.13525763332679
"1198",2090,"North Carolina","mpi-esm1-2-hr","ssp585",NA,3.1552569593244,8.06712803773856
"1199",2091,"North Carolina","mpi-esm1-2-hr","ssp585",NA,0.364873838599819,12.3768052899871
"1200",2092,"North Carolina","mpi-esm1-2-hr","ssp585",NA,7.46519356561133,11.0012978604528
"1201",2093,"North Carolina","mpi-esm1-2-hr","ssp585",NA,6.7620286879366,4.29260942902554
"1202",2094,"North Carolina","mpi-esm1-2-hr","ssp585",NA,0.818698739779951,5.85080944242934
"1203",2095,"North Carolina","mpi-esm1-2-hr","ssp585",NA,3.09111065531596,7.60550718334211
"1204",2096,"North Carolina","mpi-esm1-2-hr","ssp585",NA,4.76716945750395,10.61114729339
"1205",2097,"North Carolina","mpi-esm1-2-hr","ssp585",NA,2.01116877463032,8.82172909691223
"1206",2098,"North Carolina","mpi-esm1-2-hr","ssp585",NA,11.7496817911558,12.1474378227854
"1207",2099,"North Carolina","mpi-esm1-2-hr","ssp585",NA,2.77481089249383,9.4310686212962
"1208",2100,"North Carolina","mpi-esm1-2-hr","ssp585",NA,3.29199657933393,5.15700623755364
"1209",2101,"North Carolina","mpi-esm1-2-hr","ssp585",NA,2.86551820390436,17.1754915980064
"1210",2102,"North Carolina","mpi-esm1-2-hr","ssp585",NA,3.96229028873593,15.4388250441778
"1211",2103,"North Carolina","mpi-esm1-2-hr","ssp585",NA,2.84224702850874,10.5828957950368
"1212",2104,"North Carolina","mpi-esm1-2-hr","ssp585",NA,5.22481835503931,16.2936601056438
"1213",2105,"North Carolina","mpi-esm1-2-hr","ssp585",NA,6.38060162818569,16.2802110004158
"1214",2106,"North Carolina","mpi-esm1-2-hr","ssp585",NA,2.0582310989199,17.5653528892026
"1215",2107,"North Carolina","mpi-esm1-2-hr","ssp585",NA,2.39302916878757,19.7331262241225
"1216",2108,"North Carolina","mpi-esm1-2-hr","ssp585",NA,3.13701783899979,20.6888313699503
"1217",2109,"North Carolina","mpi-esm1-2-hr","ssp585",NA,3.74260968627127,24.796659718575
"1218",2110,"North Carolina","mpi-esm1-2-hr","ssp585",NA,1.23504443898647,21.3474529362526
"1219",2111,"North Carolina","mpi-esm1-2-hr","ssp585",NA,2.50733949903077,22.9840202096464
"1220",2112,"North Carolina","mpi-esm1-2-hr","ssp585",NA,3.24079083699925,25.8754041313791
"1221",2113,"North Carolina","mpi-esm1-2-hr","ssp585",NA,7.26743627829903,25.7759997456014
"1222",2114,"North Carolina","mpi-esm1-2-hr","ssp585",NA,1.04767857948228,27.1707958232121
"1223",2115,"North Carolina","mpi-esm1-2-hr","ssp585",NA,4.89581954722528,27.0056833304611
"1224",2116,"North Carolina","mpi-esm1-2-hr","ssp585",NA,1.31748497152643,26.9170534449132
"1225",2117,"North Carolina","mpi-esm1-2-hr","ssp585",NA,3.04597823038925,28.0894039891347
"1226",2118,"North Carolina","mpi-esm1-2-hr","ssp585",NA,8.62259611778672,27.6431162943693
"1227",2119,"North Carolina","mpi-esm1-2-hr","ssp585",NA,11.5111921423681,25.4906817609857
"1228",2120,"North Carolina","mpi-esm1-2-hr","ssp585",NA,3.49279011411034,25.8304154938343
"1229",2121,"North Carolina","mpi-esm1-2-hr","ssp585",NA,14.3374025991326,25.349329810049
"1230",2122,"North Carolina","mpi-esm1-2-hr","ssp585",NA,2.83563498328667,23.6206091958268
"1231",2123,"North Carolina","mpi-esm1-2-hr","ssp585",NA,4.14921306632202,24.7917532271698
"1232",2124,"North Carolina","mpi-esm1-2-hr","ssp585",NA,3.13299814132879,21.7642938181132
"1233",2125,"North Carolina","mpi-esm1-2-hr","ssp585",NA,0.716667380500042,24.3205092486213
"1234",2126,"North Carolina","mpi-esm1-2-hr","ssp585",NA,3.12590810553192,21.4458180147059
"1235",2127,"North Carolina","mpi-esm1-2-hr","ssp585",NA,0.0789037632662754,24.4383368484113
"1236",2128,"North Carolina","mpi-esm1-2-hr","ssp585",NA,4.76051553963496,23.0687403403745
"1237",2129,"North Carolina","mpi-esm1-2-hr","ssp585",NA,0.998526717718478,21.675772581982
"1238",2130,"North Carolina","mpi-esm1-2-hr","ssp585",NA,2.37311501291171,15.4614892612319
"1239",2131,"North Carolina","mpi-esm1-2-hr","ssp585",NA,1.4376398097295,14.2222807726606
"1240",2132,"North Carolina","mpi-esm1-2-hr","ssp585",NA,0.165295426955984,18.510043411896
"1241",2133,"North Carolina","mpi-esm1-2-hr","ssp585",NA,4.04392274128953,20.2477340570017
"1242",2134,"North Carolina","mpi-esm1-2-hr","ssp585",NA,3.57968325679853,17.4165539653362
"1243",2135,"North Carolina","mpi-esm1-2-hr","ssp585",NA,9.60714443912167,7.09222280464923
"1244",2136,"North Carolina","mpi-esm1-2-hr","ssp585",NA,1.28100866055289,4.97201414989826
"1245",2137,"North Carolina","mpi-esm1-2-hr","ssp585",NA,12.3957506195683,8.1618393841912
"1246",2138,"North Carolina","mpi-esm1-2-hr","ssp585",NA,3.15458844674782,5.31477681648834
"1247",2139,"North Carolina","mpi-esm1-2-hr","ssp585",NA,0.797085782944444,6.49666218049722
"1248",2140,"North Carolina","mpi-esm1-2-hr","ssp585",NA,0.0160046248181191,0.390422113669709
"1249",2141,"North Carolina","mpi-esm1-2-hr","ssp585",NA,0.204474180722203,7.73970528396908
"1250",2142,"North Carolina","mpi-esm1-2-hr","ssp585",NA,0.663552722532792,5.61366486536023
"1251",2143,"North Carolina","mpi-esm1-2-hr","ssp585",NA,1.4856488773836,5.55823665159425
"1252",2144,"North Carolina","mpi-esm1-2-hr","ssp585",NA,0.922442336707741,5.1785729330795
"1253",2145,"North Carolina","mpi-esm1-2-hr","ssp585",NA,3.59546503789127,6.26233060607058
"1254",2146,"North Carolina","mpi-esm1-2-hr","ssp585",NA,1.74614304522023,4.73133372245385
"1255",2147,"North Carolina","mpi-esm1-2-hr","ssp585",NA,2.70057681567273,9.14373622007399
"1256",2148,"North Carolina","mpi-esm1-2-hr","ssp585",NA,0.681004297185617,9.45477180374105
"1257",2149,"North Carolina","mpi-esm1-2-hr","ssp585",NA,5.46899402761788,9.97937469909841
"1258",2150,"North Carolina","mpi-esm1-2-hr","ssp585",NA,0.353262854858396,8.96829168923431
"1259",2151,"North Carolina","mpi-esm1-2-hr","ssp585",NA,5.52799124736889,13.5439051865864
"1260",2152,"North Carolina","mpi-esm1-2-hr","ssp585",NA,2.13620990890843,12.8870959541043
"1261",2153,"North Carolina","mpi-esm1-2-hr","ssp585",NA,3.92496342754981,12.696328094226
"1262",2154,"North Carolina","mpi-esm1-2-hr","ssp585",NA,4.33193952439902,12.9990729836857
"1263",2155,"North Carolina","mpi-esm1-2-hr","ssp585",NA,0.014494319554974,13.3334823822107
"1264",2156,"North Carolina","mpi-esm1-2-hr","ssp585",NA,4.09563255869048,14.2497385575324
"1265",2157,"North Carolina","mpi-esm1-2-hr","ssp585",NA,2.57699322834977,15.932745207458
"1266",2158,"North Carolina","mpi-esm1-2-hr","ssp585",NA,0.522942360109154,19.7498991808638
"1267",2159,"North Carolina","mpi-esm1-2-hr","ssp585",NA,0.677789227221114,17.8132641020275
"1268",2160,"North Carolina","mpi-esm1-2-hr","ssp585",NA,2.50513595135754,20.7143750957414
"1269",2161,"North Carolina","mpi-esm1-2-hr","ssp585",NA,2.45838712912127,22.0232629941625
"1270",2162,"North Carolina","mpi-esm1-2-hr","ssp585",NA,0.0347149436630626,22.1274301737297
"1271",2163,"North Carolina","mpi-esm1-2-hr","ssp585",NA,1.47815170409459,24.0168495156852
"1272",2164,"North Carolina","mpi-esm1-2-hr","ssp585",NA,1.26341048978683,26.2029292942763
"1273",2165,"North Carolina","mpi-esm1-2-hr","ssp585",NA,2.22264375321067,25.4656709387857
"1274",2166,"North Carolina","mpi-esm1-2-hr","ssp585",NA,3.29894409515269,26.7515629445138
"1275",2167,"North Carolina","mpi-esm1-2-hr","ssp585",NA,0.00160245452650447,32.0955054531578
"1276",2168,"North Carolina","mpi-esm1-2-hr","ssp585",NA,1.55091694543765,29.5222069320893
"1277",2169,"North Carolina","mpi-esm1-2-hr","ssp585",NA,0.599521494593066,25.2718385840665
"1278",2170,"North Carolina","mpi-esm1-2-hr","ssp585",NA,14.411246161423,25.5511317832797
"1279",2171,"North Carolina","mpi-esm1-2-hr","ssp585",NA,10.2272810712839,25.7197919231169
"1280",2172,"North Carolina","mpi-esm1-2-hr","ssp585",NA,4.98604836573562,25.5699769434141
"1281",2173,"North Carolina","mpi-esm1-2-hr","ssp585",NA,11.0478262143559,24.7160307384673
"1282",2174,"North Carolina","mpi-esm1-2-hr","ssp585",NA,3.64405872020724,25.5459072080981
"1283",2175,"North Carolina","mpi-esm1-2-hr","ssp585",NA,9.08091897635582,26.9143870463225
"1284",2176,"North Carolina","mpi-esm1-2-hr","ssp585",NA,6.12663361706446,25.1123616707425
"1285",2177,"North Carolina","mpi-esm1-2-hr","ssp585",NA,6.81755514700196,24.9705562303046
"1286",2178,"North Carolina","mpi-esm1-2-hr","ssp585",NA,9.03794069088675,21.5512956549808
"1287",2179,"North Carolina","mpi-esm1-2-hr","ssp585",NA,3.27476780526433,18.090883621515
"1288",2180,"North Carolina","mpi-esm1-2-hr","ssp585",NA,3.60290629474594,23.1587808731891
"1289",2181,"North Carolina","mpi-esm1-2-hr","ssp585",NA,2.63891064709196,21.5370658297499
"1290",2182,"North Carolina","mpi-esm1-2-hr","ssp585",NA,1.75945728344018,17.4674799387529
"1291",2183,"North Carolina","mpi-esm1-2-hr","ssp585",NA,0.170485002513679,16.8543686297762
"1292",2184,"North Carolina","mpi-esm1-2-hr","ssp585",NA,0.408031737160166,17.6135327934885
"1293",2185,"North Carolina","mpi-esm1-2-hr","ssp585",NA,0.000340254422660698,14.28679826667
"1294",2186,"North Carolina","mpi-esm1-2-hr","ssp585",NA,0.854482090390705,11.810054285386
"1295",2187,"North Carolina","mpi-esm1-2-hr","ssp585",NA,5.11107618312198,2.75740513734793
"1296",2188,"North Carolina","mpi-esm1-2-hr","ssp585",NA,1.69339551642782,6.79517222172074
"1297",2189,"North Carolina","mpi-esm1-2-hr","ssp585",NA,8.81457692933608,8.85269589036789
"1298",2190,"North Carolina","mpi-esm1-2-hr","ssp585",NA,1.53219609982588,9.56642929632793
"1299",2191,"North Carolina","mpi-esm1-2-hr","ssp585",NA,1.53888461456151,10.955907450871
"1300",2192,"North Carolina","mpi-esm1-2-hr","ssp585",NA,4.41561924620933,5.14867912741271
"1301",2193,"North Carolina","mpi-esm1-2-hr","ssp585",NA,0.400144094298618,3.32845185437459
"1302",2194,"North Carolina","mpi-esm1-2-hr","ssp585",NA,0.108111555549412,5.49532060382749
"1303",2195,"North Carolina","mpi-esm1-2-hr","ssp585",NA,5.07119145175758,9.97372843424481
"1304",2196,"North Carolina","mpi-esm1-2-hr","ssp585",NA,4.93709002490321,4.29996852500768
"1305",2197,"North Carolina","mpi-esm1-2-hr","ssp585",NA,12.6508473009182,13.9009429846157
"1306",2198,"North Carolina","mpi-esm1-2-hr","ssp585",NA,5.47932393428174,4.97069197796308
"1307",2199,"North Carolina","mpi-esm1-2-hr","ssp585",NA,2.77322555274386,8.00204062582066
"1308",2200,"North Carolina","mpi-esm1-2-hr","ssp585",NA,6.41503594958804,11.0115711714373
"1309",2201,"North Carolina","mpi-esm1-2-hr","ssp585",NA,1.50214290324202,4.84802028965886
"1310",2202,"North Carolina","mpi-esm1-2-hr","ssp585",NA,0.296135600065634,7.22165905180434
"1311",2203,"North Carolina","mpi-esm1-2-hr","ssp585",NA,5.03334634284161,13.8912924202885
"1312",2204,"North Carolina","mpi-esm1-2-hr","ssp585",NA,3.20139440316611,11.6498159713104
"1313",2205,"North Carolina","mpi-esm1-2-hr","ssp585",NA,2.83623779196663,9.84651586708905
"1314",2206,"North Carolina","mpi-esm1-2-hr","ssp585",NA,0.337621546390162,9.35835224226412
"1315",2207,"North Carolina","mpi-esm1-2-hr","ssp585",NA,1.57835384986257,13.0033116786754
"1316",2208,"North Carolina","mpi-esm1-2-hr","ssp585",NA,0.89193300723806,19.1156031162465
"1317",2209,"North Carolina","mpi-esm1-2-hr","ssp585",NA,4.07410361703489,20.7644726494113
"1318",2210,"North Carolina","mpi-esm1-2-hr","ssp585",NA,7.93368062435502,18.340024256773
"1319",2211,"North Carolina","mpi-esm1-2-hr","ssp585",NA,2.0682101128245,17.4909531708191
"1320",2212,"North Carolina","mpi-esm1-2-hr","ssp585",NA,0.427947540141636,19.3612634653471
"1321",2213,"North Carolina","mpi-esm1-2-hr","ssp585",NA,2.42548450903904,24.1052279945181
"1322",2214,"North Carolina","mpi-esm1-2-hr","ssp585",NA,5.45587470488277,25.4239029742757
"1323",2215,"North Carolina","mpi-esm1-2-hr","ssp585",NA,7.00062303102557,20.5114815848214
"1324",2216,"North Carolina","mpi-esm1-2-hr","ssp585",NA,3.88972276120183,21.0118016347164
"1325",2217,"North Carolina","mpi-esm1-2-hr","ssp585",NA,7.72198155128467,25.7601031648011
"1326",2218,"North Carolina","mpi-esm1-2-hr","ssp585",NA,2.97426587186398,26.4664472991345
"1327",2219,"North Carolina","mpi-esm1-2-hr","ssp585",NA,1.22654259538641,27.3991592877385
"1328",2220,"North Carolina","mpi-esm1-2-hr","ssp585",NA,0.675162053500701,26.8452087402344
"1329",2221,"North Carolina","mpi-esm1-2-hr","ssp585",NA,6.3431975107471,27.9059571851202
"1330",2222,"North Carolina","mpi-esm1-2-hr","ssp585",NA,2.15603272471136,25.6493064046908
"1331",2223,"North Carolina","mpi-esm1-2-hr","ssp585",NA,9.88333186732303,25.5332864371335
"1332",2224,"North Carolina","mpi-esm1-2-hr","ssp585",NA,7.60666049421107,27.0343837022114
"1333",2225,"North Carolina","mpi-esm1-2-hr","ssp585",NA,0.75279609603463,26.5059360194273
"1334",2226,"North Carolina","mpi-esm1-2-hr","ssp585",NA,8.23703988911604,25.3716926125919
"1335",2227,"North Carolina","mpi-esm1-2-hr","ssp585",NA,0.746672504816665,23.9296154887737
"1336",2228,"North Carolina","mpi-esm1-2-hr","ssp585",NA,0.87926273478514,25.047278276545
"1337",2229,"North Carolina","mpi-esm1-2-hr","ssp585",NA,6.46047064100985,21.5079514618348
"1338",2230,"North Carolina","mpi-esm1-2-hr","ssp585",NA,2.06753934276896,22.0626530665978
"1339",2231,"North Carolina","mpi-esm1-2-hr","ssp585",NA,0.646881387450883,23.4662216229265
"1340",2232,"North Carolina","mpi-esm1-2-hr","ssp585",NA,6.70771892575675,21.2544580967153
"1341",2233,"North Carolina","mpi-esm1-2-hr","ssp585",NA,2.1558574759657,22.37122031674
"1342",2234,"North Carolina","mpi-esm1-2-hr","ssp585",NA,4.93983228723878,20.8230943524871
"1343",2235,"North Carolina","mpi-esm1-2-hr","ssp585",NA,4.93628736167775,17.1489529307817
"1344",2236,"North Carolina","mpi-esm1-2-hr","ssp585",NA,5.69186066081364,16.6770211526994
"1345",2237,"North Carolina","mpi-esm1-2-hr","ssp585",NA,2.80523744659761,15.5542688535375
"1346",2238,"North Carolina","mpi-esm1-2-hr","ssp585",NA,0.162420639506064,14.2383647331003
"1347",2239,"North Carolina","mpi-esm1-2-hr","ssp585",NA,4.42621385592866,17.6474606468564
"1348",2240,"North Carolina","mpi-esm1-2-hr","ssp585",NA,6.47063185736007,10.882947786048
"1349",2241,"North Carolina","mpi-esm1-2-hr","ssp585",NA,2.21330512053284,9.42522591556156
"1350",2242,"North Carolina","mpi-esm1-2-hr","ssp585",NA,3.23221851211492,8.06271136628482
"1351",2243,"North Carolina","mpi-esm1-2-hr","ssp585",NA,4.35146567299647,5.78630143707876
"1352",2244,"North Carolina","mpi-esm1-2-hr","ssp585",NA,6.23405911323398,8.13410164114476
"1353",2245,"North Carolina","mpi-esm1-2-hr","ssp585",NA,8.4489493528535,10.5489119500339
"1354",2246,"North Carolina","mpi-esm1-2-hr","ssp585",NA,1.44801162901831,1.91566989588807
"1355",2247,"North Carolina","mpi-esm1-2-hr","ssp585",NA,2.35751580432957,1.74739682494094
"1356",2248,"North Carolina","mpi-esm1-2-hr","ssp585",NA,7.63935790467357,2.23299475063465
"1357",2249,"North Carolina","mpi-esm1-2-hr","ssp585",NA,4.39568816141486,3.91468914470087
"1358",2250,"North Carolina","mpi-esm1-2-hr","ssp585",NA,0.00511525770377353,4.20181031641174
"1359",2251,"North Carolina","mpi-esm1-2-hr","ssp585",NA,1.35428629932483,11.7088462850961
"1360",2252,"North Carolina","mpi-esm1-2-hr","ssp585",NA,2.21378651229376,6.81376443643866
"1361",2253,"North Carolina","mpi-esm1-2-hr","ssp585",NA,1.36617784705204,10.1565575351234
"1362",2254,"North Carolina","mpi-esm1-2-hr","ssp585",NA,2.44667177967971,8.76079951267619
"1363",2255,"North Carolina","mpi-esm1-2-hr","ssp585",NA,4.3246041564815,12.7123474292061
"1364",2256,"North Carolina","mpi-esm1-2-hr","ssp585",NA,9.4555689285836,13.0501883028602
"1365",2257,"North Carolina","mpi-esm1-2-hr","ssp585",NA,10.8682676190752,17.9691672958246
"1366",2258,"North Carolina","mpi-esm1-2-hr","ssp585",NA,0.925438048078594,14.9139475761008
"1367",2259,"North Carolina","mpi-esm1-2-hr","ssp585",NA,5.70572535691726,15.2406794529335
"1368",2260,"North Carolina","mpi-esm1-2-hr","ssp585",NA,3.27446220023276,15.0746503215544
"1369",2261,"North Carolina","mpi-esm1-2-hr","ssp585",NA,2.68399220508667,18.0791222152924
"1370",2262,"North Carolina","mpi-esm1-2-hr","ssp585",NA,0.559441264004138,20.5410223439962
"1371",2263,"North Carolina","mpi-esm1-2-hr","ssp585",NA,2.47446356745762,22.0627388064601
"1372",2264,"North Carolina","mpi-esm1-2-hr","ssp585",NA,4.03008519931652,16.5791475183824
"1373",2265,"North Carolina","mpi-esm1-2-hr","ssp585",NA,4.20667510402343,21.2876944747626
"1374",2266,"North Carolina","mpi-esm1-2-hr","ssp585",NA,6.9083517610094,22.0904576576725
"1375",2267,"North Carolina","mpi-esm1-2-hr","ssp585",NA,3.3423234988487,24.2380492993096
"1376",2268,"North Carolina","mpi-esm1-2-hr","ssp585",NA,6.38560608281945,22.9741226837415
"1377",2269,"North Carolina","mpi-esm1-2-hr","ssp585",NA,4.54068558020718,24.5347039230732
"1378",2270,"North Carolina","mpi-esm1-2-hr","ssp585",NA,0.427946793710927,27.4515792547488
"1379",2271,"North Carolina","mpi-esm1-2-hr","ssp585",NA,2.97285217334511,27.6826380967426
"1380",2272,"North Carolina","mpi-esm1-2-hr","ssp585",NA,8.92441922209583,26.0201476366914
"1381",2273,"North Carolina","mpi-esm1-2-hr","ssp585",NA,4.68707436237676,26.8658401617483
"1382",2274,"North Carolina","mpi-esm1-2-hr","ssp585",NA,0.723172949358382,28.918577785118
"1383",2275,"North Carolina","mpi-esm1-2-hr","ssp585",NA,4.69876266138845,29.1854032286743
"1384",2276,"North Carolina","mpi-esm1-2-hr","ssp585",NA,11.2296541529384,27.3482878527388
"1385",2277,"North Carolina","mpi-esm1-2-hr","ssp585",NA,7.61171749534911,25.1455883891643
"1386",2278,"North Carolina","mpi-esm1-2-hr","ssp585",NA,3.49205351056665,26.600836968088
"1387",2279,"North Carolina","mpi-esm1-2-hr","ssp585",NA,11.0028358813425,23.2814250358347
"1388",2280,"North Carolina","mpi-esm1-2-hr","ssp585",NA,0.631574090092566,25.4662205116422
"1389",2281,"North Carolina","mpi-esm1-2-hr","ssp585",NA,2.14215229429743,21.0286746070499
"1390",2282,"North Carolina","mpi-esm1-2-hr","ssp585",NA,1.34430412217625,23.7139247691264
"1391",2283,"North Carolina","mpi-esm1-2-hr","ssp585",NA,0.675965235119797,23.6447152615929
"1392",2284,"North Carolina","mpi-esm1-2-hr","ssp585",NA,2.2532979282899,21.8623862044818
"1393",2285,"North Carolina","mpi-esm1-2-hr","ssp585",NA,0.0148176908975579,22.5683289941954
"1394",2286,"North Carolina","mpi-esm1-2-hr","ssp585",NA,2.2208033062041,21.6403958702622
"1395",2287,"North Carolina","mpi-esm1-2-hr","ssp585",NA,7.97347000240864,22.3744616767606
"1396",2288,"North Carolina","mpi-esm1-2-hr","ssp585",NA,7.30149940911146,18.5483486998315
"1397",2289,"North Carolina","mpi-esm1-2-hr","ssp585",NA,2.58819788728377,15.1418215626094
"1398",2290,"North Carolina","mpi-esm1-2-hr","ssp585",NA,4.03008332092717,12.8338980880438
"1399",2291,"North Carolina","mpi-esm1-2-hr","ssp585",NA,0.259611681896113,9.67554630739017
"1400",2292,"North Carolina","mpi-esm1-2-hr","ssp585",NA,3.94467754027084,10.9996729917553
"1401",2293,"North Carolina","mpi-esm1-2-hr","ssp585",NA,1.83083418983073,19.4634413604309
"1402",2294,"North Carolina","mpi-esm1-2-hr","ssp585",NA,13.5106444313061,18.3137216092492
"1403",2295,"North Carolina","mpi-esm1-2-hr","ssp585",NA,3.01484558255017,7.50889049711684
"1404",2296,"North Carolina","mpi-esm1-2-hr","ssp585",NA,3.46921986262003,9.30948436747748
"1405",2297,"North Carolina","mpi-esm1-2-hr","ssp585",NA,1.25167826777559,3.59745917654173
"1406",2298,"North Carolina","mpi-esm1-2-hr","ssp585",NA,4.60816646258184,5.16156190503547
"1407",2299,"North Carolina","mpi-esm1-2-hr","ssp585",NA,1.96428672412871,3.54829176787905
"1408",2300,"North Carolina","mpi-esm1-2-hr","ssp585",NA,5.36765574604851,7.70383798294711
"1409",2301,"North Carolina","mpi-esm1-2-hr","ssp585",NA,0.284308562039455,5.79195060836837
"1410",2302,"North Carolina","mpi-esm1-2-hr","ssp585",NA,0.0354795338322571,5.86234277890846
"1411",2303,"North Carolina","mpi-esm1-2-hr","ssp585",NA,7.91680637944906,10.2202063466989
"1412",2304,"North Carolina","mpi-esm1-2-hr","ssp585",NA,3.55243097823588,5.43860483890824
"1413",2305,"North Carolina","mpi-esm1-2-hr","ssp585",NA,2.1303818223141,7.64506736776744
"1414",2306,"North Carolina","mpi-esm1-2-hr","ssp585",NA,3.0309054065369,9.84152765354191
"1415",2307,"North Carolina","mpi-esm1-2-hr","ssp585",NA,3.85404740419374,13.3355080826276
"1416",2308,"North Carolina","mpi-esm1-2-hr","ssp585",NA,3.86663721708966,15.2556252017409
"1417",2309,"North Carolina","mpi-esm1-2-hr","ssp585",NA,3.31743304123244,11.6544125853467
"1418",2310,"North Carolina","mpi-esm1-2-hr","ssp585",NA,0.257534697631564,14.2527181673451
"1419",2311,"North Carolina","mpi-esm1-2-hr","ssp585",NA,6.01517120268313,18.6251461424414
"1420",2312,"North Carolina","mpi-esm1-2-hr","ssp585",NA,1.54117335312075,16.5140535242417
"1421",2313,"North Carolina","mpi-esm1-2-hr","ssp585",NA,5.51861403243087,21.8001659062063
"1422",2314,"North Carolina","mpi-esm1-2-hr","ssp585",NA,2.08801285228548,17.4129767409894
"1423",2315,"North Carolina","mpi-esm1-2-hr","ssp585",NA,4.36460100306455,17.5615328919654
"1424",2316,"North Carolina","mpi-esm1-2-hr","ssp585",NA,0.505397869044124,20.8109381838673
"1425",2317,"North Carolina","mpi-esm1-2-hr","ssp585",NA,3.09166085151278,18.4047640076539
"1426",2318,"North Carolina","mpi-esm1-2-hr","ssp585",NA,0.411841834617359,25.8378531490722
"1427",2319,"North Carolina","mpi-esm1-2-hr","ssp585",NA,7.43488260891392,25.3142067276129
"1428",2320,"North Carolina","mpi-esm1-2-hr","ssp585",NA,4.17124599177953,23.7711695053998
"1429",2321,"North Carolina","mpi-esm1-2-hr","ssp585",NA,1.11850998245773,26.4771315288811
"1430",2322,"North Carolina","mpi-esm1-2-hr","ssp585",NA,2.67382224923219,27.7073645156305
"1431",2323,"North Carolina","mpi-esm1-2-hr","ssp585",NA,3.38941259176848,28.8697617987625
"1432",2324,"North Carolina","mpi-esm1-2-hr","ssp585",NA,2.92037181504743,27.4733135832458
"1433",2325,"North Carolina","mpi-esm1-2-hr","ssp585",NA,6.18074013779251,27.2687937504103
"1434",2326,"North Carolina","mpi-esm1-2-hr","ssp585",NA,2.47647623060295,27.0924704500941
"1435",2327,"North Carolina","mpi-esm1-2-hr","ssp585",NA,6.99104086190896,27.5461145908559
"1436",2328,"North Carolina","mpi-esm1-2-hr","ssp585",NA,0.51040008862294,26.4952767508371
"1437",2329,"North Carolina","mpi-esm1-2-hr","ssp585",NA,7.4009015820402,27.2607176195674
"1438",2330,"North Carolina","mpi-esm1-2-hr","ssp585",NA,1.05685812675251,29.4809191279051
"1439",2331,"North Carolina","mpi-esm1-2-hr","ssp585",NA,7.56821444193528,26.2298111774007
"1440",2332,"North Carolina","mpi-esm1-2-hr","ssp585",NA,4.23150088509301,24.4833670308944
"1441",2333,"North Carolina","mpi-esm1-2-hr","ssp585",NA,0.0925505744328061,22.5826806332885
"1442",2334,"North Carolina","mpi-esm1-2-hr","ssp585",NA,1.82804523695978,24.1739995705314
"1443",2335,"North Carolina","mpi-esm1-2-hr","ssp585",NA,2.07781755955334,24.0622620654707
"1444",2336,"North Carolina","mpi-esm1-2-hr","ssp585",NA,5.94623553656942,19.9088213068431
"1445",2337,"North Carolina","mpi-esm1-2-hr","ssp585",NA,1.17205429495461,18.9111316670223
"1446",2338,"North Carolina","mpi-esm1-2-hr","ssp585",NA,1.33737738615309,16.9640806908701
"1447",2339,"North Carolina","mpi-esm1-2-hr","ssp585",NA,2.88444542620251,17.3032885297674
"1448",2340,"North Carolina","mpi-esm1-2-hr","ssp585",NA,0.314629838652488,17.2734821736312
"1449",2341,"North Carolina","mpi-esm1-2-hr","ssp585",NA,3.94079673594106,15.5331825747877
"1450",2342,"North Carolina","mpi-esm1-2-hr","ssp585",NA,2.95497636771954,15.6006856624486
"1451",2343,"North Carolina","mpi-esm1-2-hr","ssp585",NA,5.63739061256479,16.8210536924731
"1452",2344,"North Carolina","mpi-esm1-2-hr","ssp585",NA,4.12601108166062,8.30171760110296
"1453",2345,"North Carolina","mpi-esm1-2-hr","ssp585",NA,0.0611225885956378,2.89318288594737
"1454",2346,"North Carolina","mpi-esm1-2-hr","ssp585",NA,0.113185507644867,8.39273375610012
"1455",2347,"North Carolina","mpi-esm1-2-hr","ssp585",NA,2.2898409833866,5.44963698614213
"1456",2348,"North Carolina","mpi-esm1-2-hr","ssp585",NA,1.01314427444448,0.73921623336837
"1457",2349,"North Carolina","mpi-esm1-2-hr","ssp585",NA,0.682728301001612,3.38426089674153
"1458",2350,"North Carolina","mpi-esm1-2-hr","ssp585",NA,0.0246738309276431,5.34009213060226
"1459",2351,"North Carolina","mpi-esm1-2-hr","ssp585",NA,1.6518076959723,4.8649411327031
"1460",2352,"North Carolina","mpi-esm1-2-hr","ssp585",NA,1.35767859046762,6.24023297307206
"1461",2353,"North Carolina","mpi-esm1-2-hr","ssp585",NA,0.120637890964232,4.08899888324473
"1462",2354,"North Carolina","mpi-esm1-2-hr","ssp585",NA,9.56965924470911,8.03920590697219
"1463",2355,"North Carolina","mpi-esm1-2-hr","ssp585",NA,7.70481902503843,7.10069498014052
"1464",2356,"North Carolina","mpi-esm1-2-hr","ssp585",NA,2.16486476458785,11.257669195608
"1465",2357,"North Carolina","mpi-esm1-2-hr","ssp585",NA,1.30853767390546,10.7178082805388
"1466",2358,"North Carolina","mpi-esm1-2-hr","ssp585",NA,1.35568327979334,7.43673805215448
"1467",2359,"North Carolina","mpi-esm1-2-hr","ssp585",NA,0.906916820115709,5.96428568009237
"1468",2360,"North Carolina","mpi-esm1-2-hr","ssp585",NA,1.77995804770646,6.53529213443192
"1469",2361,"North Carolina","mpi-esm1-2-hr","ssp585",NA,0.240363269520213,7.75204472902444
"1470",2362,"North Carolina","mpi-esm1-2-hr","ssp585",NA,5.64864557491397,11.7220869817654
"1471",2363,"North Carolina","mpi-esm1-2-hr","ssp585",NA,0.823956213403222,14.5500938436898
"1472",2364,"North Carolina","mpi-esm1-2-hr","ssp585",NA,9.83912255563942,13.9520273587951
"1473",2365,"North Carolina","mpi-esm1-2-hr","ssp585",NA,0.124499709997179,11.8773852949383
"1474",2366,"North Carolina","mpi-esm1-2-hr","ssp585",NA,5.60365275555914,17.4717737705434
"1475",2367,"North Carolina","mpi-esm1-2-hr","ssp585",NA,5.72351649241667,17.1858928776589
"1476",2368,"North Carolina","mpi-esm1-2-hr","ssp585",NA,2.60227502960731,18.4394704439393
"1477",2369,"North Carolina","mpi-esm1-2-hr","ssp585",NA,0.649088324699282,22.1192182952283
"1478",2370,"North Carolina","mpi-esm1-2-hr","ssp585",NA,1.3599903302029,22.9640782118512
"1479",2371,"North Carolina","mpi-esm1-2-hr","ssp585",NA,8.8681748260875,25.3866175034467
"1480",2372,"North Carolina","mpi-esm1-2-hr","ssp585",NA,4.57541062603907,21.3483469217765
"1481",2373,"North Carolina","mpi-esm1-2-hr","ssp585",NA,0.0528003323611416,25.4777297417991
"1482",2374,"North Carolina","mpi-esm1-2-hr","ssp585",NA,2.17559034765237,25.898716740114
"1483",2375,"North Carolina","mpi-esm1-2-hr","ssp585",NA,2.81032469503175,27.2280961237034
"1484",2376,"North Carolina","mpi-esm1-2-hr","ssp585",NA,8.3531733720321,26.789839339056
"1485",2377,"North Carolina","mpi-esm1-2-hr","ssp585",NA,6.61686608357993,25.4177530411579
"1486",2378,"North Carolina","mpi-esm1-2-hr","ssp585",NA,3.75496702684611,26.3166367645691
"1487",2379,"North Carolina","mpi-esm1-2-hr","ssp585",NA,4.28504228953944,27.1402312292104
"1488",2380,"North Carolina","mpi-esm1-2-hr","ssp585",NA,3.59329356786383,26.1194735486968
"1489",2381,"North Carolina","mpi-esm1-2-hr","ssp585",NA,2.05982054760186,26.0051014448748
"1490",2382,"North Carolina","mpi-esm1-2-hr","ssp585",NA,4.01499274796014,27.6900177942271
"1491",2383,"North Carolina","mpi-esm1-2-hr","ssp585",NA,10.3685932857553,27.3795037448573
"1492",2384,"North Carolina","mpi-esm1-2-hr","ssp585",NA,1.49577458986405,27.5601266043527
"1493",2385,"North Carolina","mpi-esm1-2-hr","ssp585",NA,1.33546507216835,26.284623825116
"1494",2386,"North Carolina","mpi-esm1-2-hr","ssp585",NA,1.19558631053254,24.1200460311078
"1495",2387,"North Carolina","mpi-esm1-2-hr","ssp585",NA,0.680162650819167,22.7934441745448
"1496",2388,"North Carolina","mpi-esm1-2-hr","ssp585",NA,10.8269221253174,19.9710139084931
"1497",2389,"North Carolina","mpi-esm1-2-hr","ssp585",NA,0.378541996407967,19.8209918879661
"1498",2390,"North Carolina","mpi-esm1-2-hr","ssp585",NA,2.30173131738319,19.8125296285507
"1499",2391,"North Carolina","mpi-esm1-2-hr","ssp585",NA,6.90388826517258,21.988000231831
"1500",2392,"North Carolina","mpi-esm1-2-hr","ssp585",NA,0.0225927577338851,14.6414705677193
"1501",2393,"North Carolina","mpi-esm1-2-hr","ssp585",NA,0.113657657053378,12.6137217973127
"1502",2394,"North Carolina","mpi-esm1-2-hr","ssp585",NA,0.629876560753259,12.4179999172521
"1503",2395,"North Carolina","mpi-esm1-2-hr","ssp585",NA,1.68872009749716,13.7588958825718
"1504",2396,"North Carolina","mpi-esm1-2-hr","ssp585",NA,6.32750797824371,14.9124911097252
"1505",2397,"North Carolina","mpi-esm1-2-hr","ssp585",NA,0.00361750562278605,6.03645231530114
"1506",2398,"North Carolina","mpi-esm1-2-hr","ssp585",NA,6.93984683883081,9.70199855088522
"1507",2399,"North Carolina","mpi-esm1-2-hr","ssp585",NA,3.05036189476152,8.34108211399796
"1508",2400,"North Carolina","mpi-esm1-2-hr","ssp585",NA,0.0566001689480226,3.3475577389159
"1509",2401,"North Carolina","mpi-esm1-2-hr","ssp585",NA,5.37418413492988,0.914852247051187
"1510",2402,"North Carolina","mpi-esm1-2-hr","ssp585",NA,0.800764155865792,0.216000477339396
"1511",2403,"North Carolina","mpi-esm1-2-hr","ssp585",NA,4.62699883089556,2.10339762369794
"1512",2404,"North Carolina","mpi-esm1-2-hr","ssp585",NA,2.24286116410914,2.52558506556922
"1513",2405,"North Carolina","mpi-esm1-2-hr","ssp585",NA,1.14827687395839,5.20916402693892
"1514",2406,"North Carolina","mpi-esm1-2-hr","ssp585",NA,5.64305997476436,4.85827385397521
"1515",2407,"North Carolina","mpi-esm1-2-hr","ssp585",NA,0.227311551632646,9.2440710073092
"1516",2408,"North Carolina","mpi-esm1-2-hr","ssp585",NA,9.17351667585459,9.80782145866161
"1517",2409,"North Carolina","mpi-esm1-2-hr","ssp585",NA,6.29957229687251,3.70153950496216
"1518",2410,"North Carolina","mpi-esm1-2-hr","ssp585",NA,6.03313607582492,7.14992923683147
"1519",2411,"North Carolina","mpi-esm1-2-hr","ssp585",NA,1.35955327748262,11.7412867270932
"1520",2412,"North Carolina","mpi-esm1-2-hr","ssp585",NA,1.38172988742607,13.1160093334209
"1521",2413,"North Carolina","mpi-esm1-2-hr","ssp585",NA,4.0012037520201,10.7955050086441
"1522",2414,"North Carolina","mpi-esm1-2-hr","ssp585",NA,9.53542724639207,12.1804792131697
"1523",2415,"North Carolina","mpi-esm1-2-hr","ssp585",NA,0.286987698056707,15.7607856643634
"1524",2416,"North Carolina","mpi-esm1-2-hr","ssp585",NA,5.31946545564425,19.2640236905309
"1525",2417,"North Carolina","mpi-esm1-2-hr","ssp585",NA,4.14728943239325,15.2627418667663
"1526",2418,"North Carolina","mpi-esm1-2-hr","ssp585",NA,0.34854880194099,17.3816840847667
"1527",2419,"North Carolina","mpi-esm1-2-hr","ssp585",NA,1.76338178099905,18.4997577913001
"1528",2420,"North Carolina","mpi-esm1-2-hr","ssp585",NA,3.39830217603508,21.7687340829887
"1529",2421,"North Carolina","mpi-esm1-2-hr","ssp585",NA,0.0440663422622714,18.1206259505756
"1530",2422,"North Carolina","mpi-esm1-2-hr","ssp585",NA,3.18353153300396,23.8139468580401
"1531",2423,"North Carolina","mpi-esm1-2-hr","ssp585",NA,0.870597943757268,21.1219792384728
"1532",2424,"North Carolina","mpi-esm1-2-hr","ssp585",NA,4.62757126425619,25.1257988937763
"1533",2425,"North Carolina","mpi-esm1-2-hr","ssp585",NA,1.03738590878493,25.1011958274521
"1534",2426,"North Carolina","mpi-esm1-2-hr","ssp585",NA,3.95990426105458,24.0296449292608
"1535",2427,"North Carolina","mpi-esm1-2-hr","ssp585",NA,10.1712192039837,25.1242975486093
"1536",2428,"North Carolina","mpi-esm1-2-hr","ssp585",NA,8.61080938159853,26.5104871562883
"1537",2429,"North Carolina","mpi-esm1-2-hr","ssp585",NA,4.91627227862455,27.0433019301471
"1538",2430,"North Carolina","mpi-esm1-2-hr","ssp585",NA,5.10529241017276,26.4754674232975
"1539",2431,"North Carolina","mpi-esm1-2-hr","ssp585",NA,2.53005862496062,28.3604288053112
"1540",2432,"North Carolina","mpi-esm1-2-hr","ssp585",NA,6.45500194268377,25.6949418097317
"1541",2433,"North Carolina","mpi-esm1-2-hr","ssp585",NA,3.21143975819448,28.0572773567435
"1542",2434,"North Carolina","mpi-esm1-2-hr","ssp585",NA,1.95669377592997,28.3626436805191
"1543",2435,"North Carolina","mpi-esm1-2-hr","ssp585",NA,4.96323628360814,29.2302755232953
"1544",2436,"North Carolina","mpi-esm1-2-hr","ssp585",NA,2.23325368752747,24.5200620677959
"1545",2437,"North Carolina","mpi-esm1-2-hr","ssp585",NA,0.0242566724883553,26.8572093290441
"1546",2438,"North Carolina","mpi-esm1-2-hr","ssp585",NA,1.24684564661413,24.5110863950072
"1547",2439,"North Carolina","mpi-esm1-2-hr","ssp585",NA,5.50243847795196,24.5193828166032
"1548",2440,"North Carolina","mpi-esm1-2-hr","ssp585",NA,2.39865786406422,22.2952856582086
"1549",2441,"North Carolina","mpi-esm1-2-hr","ssp585",NA,0.703881678972178,23.7350693475633
"1550",2442,"North Carolina","mpi-esm1-2-hr","ssp585",NA,2.95428299024261,19.0768016825871
"1551",2443,"North Carolina","mpi-esm1-2-hr","ssp585",NA,1.28142988392907,15.950210494354
"1552",2444,"North Carolina","mpi-esm1-2-hr","ssp585",NA,0.362535092787438,12.3098174108511
"1553",2445,"North Carolina","mpi-esm1-2-hr","ssp585",NA,0.000644667322200551,16.6689283525911
"1554",2446,"North Carolina","mpi-esm1-2-hr","ssp585",NA,0.00422948421047073,20.4640011912969
"1555",2447,"North Carolina","mpi-esm1-2-hr","ssp585",NA,3.95684311713142,16.4647301083519
"1556",2448,"North Carolina","mpi-esm1-2-hr","ssp585",NA,1.73170258706957,7.94789064551604
"1557",2449,"North Carolina","mpi-esm1-2-hr","ssp585",NA,2.72232701965183,8.16988132166932
"1558",2450,"North Carolina","mpi-esm1-2-hr","ssp585",NA,6.64115441723276,8.92257952008931
"1559",2451,"North Carolina","mpi-esm1-2-hr","ssp585",NA,8.34047238517576,5.65386805601149
"1560",2452,"North Carolina","mpi-esm1-2-hr","ssp585",NA,0.0508382693158087,5.22296147707132
"1561",2453,"North Carolina","mpi-esm1-2-hr","ssp585",NA,0.661100316088365,9.09891436066616
"1562",2454,"North Carolina","mpi-esm1-2-hr","ssp585",NA,7.39646345403443,11.1479905585281
"1563",2455,"North Carolina","mpi-esm1-2-hr","ssp585",NA,6.61666389104914,6.65271394446453
"1564",2456,"North Carolina","mpi-esm1-2-hr","ssp585",NA,5.58668550237132,1.17577924968818
"1565",2457,"North Carolina","mpi-esm1-2-hr","ssp585",NA,4.16743395969413,5.56003881288846
"1566",2458,"North Carolina","mpi-esm1-2-hr","ssp585",NA,1.74918898690123,4.24473213601849
"1567",2459,"North Carolina","mpi-esm1-2-hr","ssp585",NA,4.5701651627993,4.96714082605701
"1568",2460,"North Carolina","mpi-esm1-2-hr","ssp585",NA,0.67627964472653,4.25497416007421
"1569",2461,"North Carolina","mpi-esm1-2-hr","ssp585",NA,3.66405981752783,3.92455102402291
"1570",2462,"North Carolina","mpi-esm1-2-hr","ssp585",NA,1.26204699502699,9.30968679219737
"1571",2463,"North Carolina","mpi-esm1-2-hr","ssp585",NA,0.162972836695174,15.7175489238664
"1572",2464,"North Carolina","mpi-esm1-2-hr","ssp585",NA,12.7014104945458,13.6820730513885
"1573",2465,"North Carolina","mpi-esm1-2-hr","ssp585",NA,0.804246140993934,17.0129257415857
"1574",2466,"North Carolina","mpi-esm1-2-hr","ssp585",NA,3.16242492923923,19.1772817916229
"1575",2467,"North Carolina","mpi-esm1-2-hr","ssp585",NA,1.29046089465237,11.3258197346322
"1576",2468,"North Carolina","mpi-esm1-2-hr","ssp585",NA,2.35704108196513,11.419505194656
"1577",2469,"North Carolina","mpi-esm1-2-hr","ssp585",NA,7.30032963145873,15.9162057913986
"1578",2470,"North Carolina","mpi-esm1-2-hr","ssp585",NA,0.998080392462786,16.1293491053648
"1579",2471,"North Carolina","mpi-esm1-2-hr","ssp585",NA,1.57311604036463,18.5434683663505
"1580",2472,"North Carolina","mpi-esm1-2-hr","ssp585",NA,8.4519392141435,19.1340658235951
"1581",2473,"North Carolina","mpi-esm1-2-hr","ssp585",NA,4.54446765626101,21.3052351580281
"1582",2474,"North Carolina","mpi-esm1-2-hr","ssp585",NA,5.06807232407123,21.8503232127812
"1583",2475,"North Carolina","mpi-esm1-2-hr","ssp585",NA,5.06696066241457,22.0727093351989
"1584",2476,"North Carolina","mpi-esm1-2-hr","ssp585",NA,1.55842798722159,22.1324473661535
"1585",2477,"North Carolina","mpi-esm1-2-hr","ssp585",NA,5.94428887997608,23.8477391347164
"1586",2478,"North Carolina","mpi-esm1-2-hr","ssp585",NA,4.54523381539569,24.2739095906918
"1587",2479,"North Carolina","mpi-esm1-2-hr","ssp585",NA,1.24153821729918,26.4360708541229
"1588",2480,"North Carolina","mpi-esm1-2-hr","ssp585",NA,5.00072424354799,26.187679053555
"1589",2481,"North Carolina","mpi-esm1-2-hr","ssp585",NA,3.59509551154825,27.9149844898897
"1590",2482,"North Carolina","mpi-esm1-2-hr","ssp585",NA,4.38310010378257,28.6718670158493
"1591",2483,"North Carolina","mpi-esm1-2-hr","ssp585",NA,6.32227062886449,25.7142857655758
"1592",2484,"North Carolina","mpi-esm1-2-hr","ssp585",NA,1.45289219434125,28.8924107997692
"1593",2485,"North Carolina","mpi-esm1-2-hr","ssp585",NA,7.22023226542569,26.359897953322
"1594",2486,"North Carolina","mpi-esm1-2-hr","ssp585",NA,4.84080351123018,26.0617702794008
"1595",2487,"North Carolina","mpi-esm1-2-hr","ssp585",NA,5.62572579776713,24.9061885032333
"1596",2488,"North Carolina","mpi-esm1-2-hr","ssp585",NA,1.53482051077042,26.3231110217525
"1597",2489,"North Carolina","mpi-esm1-2-hr","ssp585",NA,7.78908660460057,27.3448648404675
"1598",2490,"North Carolina","mpi-esm1-2-hr","ssp585",NA,8.58582698011185,23.1157719459854
"1599",2491,"North Carolina","mpi-esm1-2-hr","ssp585",NA,4.79554051227079,25.1019365412181
"1600",2492,"North Carolina","mpi-esm1-2-hr","ssp585",NA,5.26665960163836,22.0419884775199
"1601",2493,"North Carolina","mpi-esm1-2-hr","ssp585",NA,0.806260837790822,19.6874379903329
"1602",2494,"North Carolina","mpi-esm1-2-hr","ssp585",NA,4.48433846026657,15.4906662030047
"1603",2495,"North Carolina","mpi-esm1-2-hr","ssp585",NA,0.341557619279175,15.7394066049272
"1604",2496,"North Carolina","mpi-esm1-2-hr","ssp585",NA,0.952611103238873,11.4811011220895
"1605",2497,"North Carolina","mpi-esm1-2-hr","ssp585",NA,6.17705363194332,14.6833670992811
"1606",2498,"North Carolina","mpi-esm1-2-hr","ssp585",NA,2.52361712084487,15.9070339341792
"1607",2499,"North Carolina","mpi-esm1-2-hr","ssp585",NA,0.542538507172995,10.3397142084373
"1608",2500,"North Carolina","mpi-esm1-2-hr","ssp585",NA,0.0979873536219683,11.7621235652464
"1609",2501,"North Carolina","mpi-esm1-2-hr","ssp585",NA,0.000472278587330335,3.58781579282106
"1610",2502,"North Carolina","mpi-esm1-2-hr","ssp585",NA,0.283761392258858,11.4288322042684
"1611",2503,"North Carolina","mpi-esm1-2-hr","ssp585",NA,1.8871443554119,9.85723599986872
"1612",2504,"North Carolina","mpi-esm1-2-hr","ssp585",NA,6.02241751263182,4.70320087507662
"1613",2505,"North Carolina","mpi-esm1-2-hr","ssp585",NA,0.571540832111588,7.12378011751578
"1614",2506,"North Carolina","mpi-esm1-2-hr","ssp585",NA,0.828451707892774,5.16896237498908
"1615",2507,"North Carolina","mpi-esm1-2-hr","ssp585",NA,1.7737714932464,4.93797687776285
"1616",2508,"North Carolina","mpi-esm1-2-hr","ssp585",NA,2.77089973859794,11.5570497999005
"1617",2509,"North Carolina","mpi-esm1-2-hr","ssp585",NA,2.75535037501814,9.70759942404699
"1618",2510,"North Carolina","mpi-esm1-2-hr","ssp585",NA,0.00201491657972234,4.89972629921111
"1619",2511,"North Carolina","mpi-esm1-2-hr","ssp585",NA,3.72523982422375,8.77906312915793
"1620",2512,"North Carolina","mpi-esm1-2-hr","ssp585",NA,8.11749791617086,4.9178145037312
"1621",2513,"North Carolina","mpi-esm1-2-hr","ssp585",NA,1.59652620746447,8.47940572957701
"1622",2514,"North Carolina","mpi-esm1-2-hr","ssp585",NA,2.16895227461793,12.3643087264203
"1623",2515,"North Carolina","mpi-esm1-2-hr","ssp585",NA,10.2641451400928,11.4748293751094
"1624",2516,"North Carolina","mpi-esm1-2-hr","ssp585",NA,0.172800449474701,7.45843861470372
"1625",2517,"North Carolina","mpi-esm1-2-hr","ssp585",NA,1.32680764879044,13.2410044608664
"1626",2518,"North Carolina","mpi-esm1-2-hr","ssp585",NA,3.26879286810613,12.0448709781764
"1627",2519,"North Carolina","mpi-esm1-2-hr","ssp585",NA,14.4141019971984,13.8123914018733
"1628",2520,"North Carolina","mpi-esm1-2-hr","ssp585",NA,0.21907602264541,10.5657559434907
"1629",2521,"North Carolina","mpi-esm1-2-hr","ssp585",NA,2.71335788467481,14.2197689280791
"1630",2522,"North Carolina","mpi-esm1-2-hr","ssp585",NA,1.44288548881759,14.8950922434404
"1631",2523,"North Carolina","mpi-esm1-2-hr","ssp585",NA,1.98048499996501,20.2786222057182
"1632",2524,"North Carolina","mpi-esm1-2-hr","ssp585",NA,2.15521259928851,15.460568946817
"1633",2525,"North Carolina","mpi-esm1-2-hr","ssp585",NA,1.38631666035691,18.8000447762113
"1634",2526,"North Carolina","mpi-esm1-2-hr","ssp585",NA,3.74196327293019,22.9686228519728
"1635",2527,"North Carolina","mpi-esm1-2-hr","ssp585",NA,0.926876459179613,25.5409784055224
"1636",2528,"North Carolina","mpi-esm1-2-hr","ssp585",NA,2.46565341691136,25.3587797448081
"1637",2529,"North Carolina","mpi-esm1-2-hr","ssp585",NA,1.6863102918885,27.7678574505975
"1638",2530,"North Carolina","mpi-esm1-2-hr","ssp585",NA,5.25948183465883,26.9411844718356
"1639",2531,"North Carolina","mpi-esm1-2-hr","ssp585",NA,6.55427022067991,25.118616492007
"1640",2532,"North Carolina","mpi-esm1-2-hr","ssp585",NA,5.7188110396995,24.5258847704121
"1641",2533,"North Carolina","mpi-esm1-2-hr","ssp585",NA,4.35967441995412,27.8222115652902
"1642",2534,"North Carolina","mpi-esm1-2-hr","ssp585",NA,4.79164509356566,29.1303477225851
"1643",2535,"North Carolina","mpi-esm1-2-hr","ssp585",NA,8.03483296507953,27.8497628690148
"1644",2536,"North Carolina","mpi-esm1-2-hr","ssp585",NA,10.7424649980012,25.8882107432817
"1645",2537,"North Carolina","mpi-esm1-2-hr","ssp585",NA,5.35425079064791,26.4498701848904
"1646",2538,"North Carolina","mpi-esm1-2-hr","ssp585",NA,5.41087274065808,24.8713144339767
"1647",2539,"North Carolina","mpi-esm1-2-hr","ssp585",NA,2.63389986635544,25.4862491896173
"1648",2540,"North Carolina","mpi-esm1-2-hr","ssp585",NA,5.09244649089981,25.7096083697151
"1649",2541,"North Carolina","mpi-esm1-2-hr","ssp585",NA,0.0059710165053829,25.4707895145363
"1650",2542,"North Carolina","mpi-esm1-2-hr","ssp585",NA,0.342059355947441,26.2999111656382
"1651",2543,"North Carolina","mpi-esm1-2-hr","ssp585",NA,0.00978477499210531,23.1775704691056
"1652",2544,"North Carolina","mpi-esm1-2-hr","ssp585",NA,0.00186983954886311,21.8166833530287
"1653",2545,"North Carolina","mpi-esm1-2-hr","ssp585",NA,0.0493122292746116,21.354782625941
"1654",2546,"North Carolina","mpi-esm1-2-hr","ssp585",NA,0.0171738652850672,20.3912972073595
"1655",2547,"North Carolina","mpi-esm1-2-hr","ssp585",NA,0.0488639492228502,17.4631068638393
"1656",2548,"North Carolina","mpi-esm1-2-hr","ssp585",NA,3.4721304988568,17.2767923477985
"1657",2549,"North Carolina","mpi-esm1-2-hr","ssp585",NA,4.66728484725001,16.7747558764717
"1658",2550,"North Carolina","mpi-esm1-2-hr","ssp585",NA,0.801751595208159,11.1029807210971
"1659",2551,"North Carolina","mpi-esm1-2-hr","ssp585",NA,10.8073326176872,13.3239320044424
"1660",2552,"North Carolina","mpi-esm1-2-hr","ssp585",NA,1.78244656861413,5.85537699210546
"1661",2553,"North Carolina","mpi-esm1-2-hr","ssp585",NA,6.04537741552626,12.248650524663
"1662",2554,"North Carolina","mpi-esm1-2-hr","ssp585",NA,2.21156369347946,9.29070143926713
"1663",2555,"North Carolina","mpi-esm1-2-hr","ssp585",NA,6.53881974512307,6.97325126583839
"1664",2556,"North Carolina","mpi-esm1-2-hr","ssp585",NA,0.0924286448705879,9.12810472333467
"1665",2557,"North Carolina","mpi-esm1-2-hr","ssp585",NA,2.22824032687396,8.49253880263045
"1666",2558,"North Carolina","mpi-esm1-2-hr","ssp585",NA,8.3372290483819,8.18281709900759
"1667",2559,"North Carolina","mpi-esm1-2-hr","ssp585",NA,7.61147398824039,5.47411635796899
"1668",2560,"North Carolina","mpi-esm1-2-hr","ssp585",NA,3.64566982836642,7.15095802969628
"1669",2561,"North Carolina","mpi-esm1-2-hr","ssp585",NA,0.102963426719985,6.871362817588
"1670",2562,"North Carolina","mpi-esm1-2-hr","ssp585",NA,8.59406573246143,11.0987232197567
"1671",2563,"North Carolina","mpi-esm1-2-hr","ssp585",NA,6.34159393980744,4.16255496583401
"1672",2564,"North Carolina","mpi-esm1-2-hr","ssp585",NA,6.74034414157536,10.3673771534981
"1673",2565,"North Carolina","mpi-esm1-2-hr","ssp585",NA,7.14996908667244,8.36533050964528
"1674",2566,"North Carolina","mpi-esm1-2-hr","ssp585",NA,6.72847822163266,9.37761336468184
"1675",2567,"North Carolina","mpi-esm1-2-hr","ssp585",NA,0.510401026111736,6.63193352536329
"1676",2568,"North Carolina","mpi-esm1-2-hr","ssp585",NA,0.708418727660172,8.41296049914109
"1677",2569,"North Carolina","mpi-esm1-2-hr","ssp585",NA,2.75045790202195,15.1338841713443
"1678",2570,"North Carolina","mpi-esm1-2-hr","ssp585",NA,13.2662180270147,15.2501611875219
"1679",2571,"North Carolina","mpi-esm1-2-hr","ssp585",NA,1.94292643024993,10.0718982685848
"1680",2572,"North Carolina","mpi-esm1-2-hr","ssp585",NA,15.4832911425874,16.6287549956506
"1681",2573,"North Carolina","mpi-esm1-2-hr","ssp585",NA,10.584632581613,10.1248905470392
"1682",2574,"North Carolina","mpi-esm1-2-hr","ssp585",NA,4.58441473391827,17.7814140084745
"1683",2575,"North Carolina","mpi-esm1-2-hr","ssp585",NA,1.37130032781905,17.3057180538231
"1684",2576,"North Carolina","mpi-esm1-2-hr","ssp585",NA,5.41329823187704,16.665302317216
"1685",2577,"North Carolina","mpi-esm1-2-hr","ssp585",NA,2.52495835530153,15.0977724732471
"1686",2578,"North Carolina","mpi-esm1-2-hr","ssp585",NA,1.22818964753132,18.8201918487122
"1687",2579,"North Carolina","mpi-esm1-2-hr","ssp585",NA,2.7745062084701,24.3866943530342
"1688",2580,"North Carolina","mpi-esm1-2-hr","ssp585",NA,8.27834622515574,22.039624861175
"1689",2581,"North Carolina","mpi-esm1-2-hr","ssp585",NA,3.36194081624364,24.6295012658384
"1690",2582,"North Carolina","mpi-esm1-2-hr","ssp585",NA,3.03212617953005,25.1588831968334
"1691",2583,"North Carolina","mpi-esm1-2-hr","ssp585",NA,2.81473579822329,23.8539786544501
"1692",2584,"North Carolina","mpi-esm1-2-hr","ssp585",NA,2.50811772426505,26.0860312411097
"1693",2585,"North Carolina","mpi-esm1-2-hr","ssp585",NA,7.22758239169997,26.7859868581222
"1694",2586,"North Carolina","mpi-esm1-2-hr","ssp585",NA,3.40773363441105,27.662128489091
"1695",2587,"North Carolina","mpi-esm1-2-hr","ssp585",NA,8.25003211175193,27.7945260526086
"1696",2588,"North Carolina","mpi-esm1-2-hr","ssp585",NA,4.83786407029041,32.1786041345249
"1697",2589,"North Carolina","mpi-esm1-2-hr","ssp585",NA,0.907667581080151,27.4064358067446
"1698",2590,"North Carolina","mpi-esm1-2-hr","ssp585",NA,0.529459959408782,28.4048728280375
"1699",2591,"North Carolina","mpi-esm1-2-hr","ssp585",NA,0.792440145908456,27.5354894301471
"1700",2592,"North Carolina","mpi-esm1-2-hr","ssp585",NA,2.3149131631619,28.0083667402508
"1701",2593,"North Carolina","mpi-esm1-2-hr","ssp585",NA,3.30122094450065,25.113740945597
"1702",2594,"North Carolina","mpi-esm1-2-hr","ssp585",NA,0.745131693211919,23.196022149094
"1703",2595,"North Carolina","mpi-esm1-2-hr","ssp585",NA,0.0408684984789896,24.2179718103062
"1704",2596,"North Carolina","mpi-esm1-2-hr","ssp585",NA,6.26472420690869,24.053050116531
"1705",2597,"North Carolina","mpi-esm1-2-hr","ssp585",NA,5.18306176106743,20.4018965520779
"1706",2598,"North Carolina","mpi-esm1-2-hr","ssp585",NA,0.0200542417893425,17.6706997398569
"1707",2599,"North Carolina","mpi-esm1-2-hr","ssp585",NA,14.5101964716582,19.147065200592
"1708",2600,"North Carolina","mpi-esm1-2-hr","ssp585",NA,3.01294127525847,14.0028669939656
"1709",2601,"North Carolina","mpi-esm1-2-hr","ssp585",NA,3.39199233031122,14.4468231286656
"1710",2602,"North Carolina","mpi-esm1-2-hr","ssp585",NA,7.60453205135078,11.9297785056406
"1711",2603,"North Carolina","mpi-esm1-2-hr","ssp585",NA,9.11026069903727,11.0957115536645
"1712",2604,"North Carolina","mpi-esm1-2-hr","ssp585",NA,7.1017107750769,8.64422843356095
"1713",2605,"North Carolina","mpi-esm1-2-hr","ssp585",NA,0.00280557343875207,7.45839202624411
"1714",2606,"North Carolina","mpi-esm1-2-hr","ssp585",NA,4.67008598461383,12.4289243553867
"1715",2607,"North Carolina","mpi-esm1-2-hr","ssp585",NA,4.41881764453981,11.9364824567523
"1716",2608,"North Carolina","mpi-esm1-2-hr","ssp585",NA,5.51901309117049,12.4374142259443
"1717",2609,"North Carolina","mpi-esm1-2-hr","ssp585",NA,5.3996599933416,7.29767295345875
"1718",2610,"North Carolina","mpi-esm1-2-hr","ssp585",NA,5.23013613816728,4.38127598695731
"1719",2611,"North Carolina","mpi-esm1-2-hr","ssp585",NA,0.0680655914099795,2.29101747144172
"1720",2612,"North Carolina","mpi-esm1-2-hr","ssp585",NA,0.65594689464177,10.2218528426996
"1721",2613,"North Carolina","mpi-esm1-2-hr","ssp585",NA,3.60121817760374,8.77429247089463
"1722",2614,"North Carolina","mpi-esm1-2-hr","ssp585",NA,10.3502715461249,12.2702161943879
"1723",2615,"North Carolina","mpi-esm1-2-hr","ssp585",NA,3.4076401536291,5.2772508808211
"1724",2616,"North Carolina","mpi-esm1-2-hr","ssp585",NA,7.50344609324133,2.7377029205237
"1725",2617,"North Carolina","mpi-esm1-2-hr","ssp585",NA,0.927821995692055,5.7940408487614
"1726",2618,"North Carolina","mpi-esm1-2-hr","ssp585",NA,3.42891244068871,1.81312647373405
"1727",2619,"North Carolina","mpi-esm1-2-hr","ssp585",NA,6.77647533547231,7.76167204186364
"1728",2620,"North Carolina","mpi-esm1-2-hr","ssp585",NA,5.6837597792153,7.96871876436123
"1729",2621,"North Carolina","mpi-esm1-2-hr","ssp585",NA,0.660194269582133,5.42174725358896
"1730",2622,"North Carolina","mpi-esm1-2-hr","ssp585",NA,10.4437243671431,13.3932079325871
"1731",2623,"North Carolina","mpi-esm1-2-hr","ssp585",NA,4.99022114924911,14.0255214659106
"1732",2624,"North Carolina","mpi-esm1-2-hr","ssp585",NA,3.15869782654558,13.3125735670245
"1733",2625,"North Carolina","mpi-esm1-2-hr","ssp585",NA,2.42780220585762,15.0816008068267
"1734",2626,"North Carolina","mpi-esm1-2-hr","ssp585",NA,3.41453505322281,17.2676022826123
"1735",2627,"North Carolina","mpi-esm1-2-hr","ssp585",NA,3.38514764680287,17.3618939055114
"1736",2628,"North Carolina","mpi-esm1-2-hr","ssp585",NA,5.91617981471161,21.2865196762299
"1737",2629,"North Carolina","mpi-esm1-2-hr","ssp585",NA,5.14698976114247,21.0149307550169
"1738",2630,"North Carolina","mpi-esm1-2-hr","ssp585",NA,3.60206728412265,22.4910712234113
"1739",2631,"North Carolina","mpi-esm1-2-hr","ssp585",NA,1.18427594642824,23.3354867117746
"1740",2632,"North Carolina","mpi-esm1-2-hr","ssp585",NA,7.72765006335279,25.9776087827709
"1741",2633,"North Carolina","mpi-esm1-2-hr","ssp585",NA,0.460898903340513,23.5717722660353
"1742",2634,"North Carolina","mpi-esm1-2-hr","ssp585",NA,0.333769636927172,25.0533202441133
"1743",2635,"North Carolina","mpi-esm1-2-hr","ssp585",NA,1.83085517028685,29.087167572107
"1744",2636,"North Carolina","mpi-esm1-2-hr","ssp585",NA,7.84127142360681,27.556273097618
"1745",2637,"North Carolina","mpi-esm1-2-hr","ssp585",NA,1.603875496649,26.7173500894499
"1746",2638,"North Carolina","mpi-esm1-2-hr","ssp585",NA,6.51595949778564,25.3465591216956
"1747",2639,"North Carolina","mpi-esm1-2-hr","ssp585",NA,1.82003741644293,27.4622221960073
"1748",2640,"North Carolina","mpi-esm1-2-hr","ssp585",NA,10.033765081647,26.6377468248042
"1749",2641,"North Carolina","mpi-esm1-2-hr","ssp585",NA,7.23414512695938,26.4354952088257
"1750",2642,"North Carolina","mpi-esm1-2-hr","ssp585",NA,5.05075594868563,26.83851273908
"1751",2643,"North Carolina","mpi-esm1-2-hr","ssp585",NA,7.70387702750286,25.5615165646337
"1752",2644,"North Carolina","mpi-esm1-2-hr","ssp585",NA,0.702560220375714,25.9785675647212
"1753",2645,"North Carolina","mpi-esm1-2-hr","ssp585",NA,2.63097580085925,26.2661986449854
"1754",2646,"North Carolina","mpi-esm1-2-hr","ssp585",NA,1.27572151269772,25.942795834154
"1755",2647,"North Carolina","mpi-esm1-2-hr","ssp585",NA,1.90524182776358,23.5485491584329
"1756",2648,"North Carolina","mpi-esm1-2-hr","ssp585",NA,0.995241559151302,21.4214758437555
"1757",2649,"North Carolina","mpi-esm1-2-hr","ssp585",NA,5.07070895205785,22.6922589983259
"1758",2650,"North Carolina","mpi-esm1-2-hr","ssp585",NA,2.98102185640782,19.5866654425442
"1759",2651,"North Carolina","mpi-esm1-2-hr","ssp585",NA,3.08907321237146,19.3837593655626
"1760",2652,"North Carolina","mpi-esm1-2-hr","ssp585",NA,12.2276295350726,15.8541939016818
"1761",2653,"North Carolina","mpi-esm1-2-hr","ssp585",NA,10.358115323739,17.9354340881861
"1762",2654,"North Carolina","mpi-esm1-2-hr","ssp585",NA,6.04873077126507,14.7949192763043
"1763",2655,"North Carolina","mpi-esm1-2-hr","ssp585",NA,0.030748917686483,10.7299299138601
"1764",2656,"North Carolina","mpi-esm1-2-hr","ssp585",NA,0.0292751438356398,9.24172175217745
"1765",2657,"North Carolina","mpi-esm1-2-hr","ssp585",NA,6.10901539639752,11.8682204473587
"1766",2658,"North Carolina","mpi-esm1-2-hr","ssp585",NA,0.934940964875483,7.74498397015058
"1767",2659,"North Carolina","mpi-esm1-2-hr","ssp585",NA,7.32716657912533,9.83811763474924
"1768",2660,"North Carolina","mpi-esm1-2-hr","ssp585",NA,7.16676526525505,9.89615138291647
"1769",2661,"North Carolina","mpi-esm1-2-hr","ssp585",NA,0.787604032021369,0.723611321970217
"1770",2662,"North Carolina","mpi-esm1-2-hr","ssp585",NA,5.00455368230728,5.1363619935279
"1771",2663,"North Carolina","mpi-esm1-2-hr","ssp585",NA,1.29853901015536,4.7643918675869
"1772",2664,"North Carolina","mpi-esm1-2-hr","ssp585",NA,1.35631722516352,6.75081898237813
"1773",2665,"North Carolina","mpi-esm1-2-hr","ssp585",NA,2.93899359195097,7.43724753329068
"1774",2666,"North Carolina","mpi-esm1-2-hr","ssp585",NA,1.38028801306706,5.28171627781974
"1775",2667,"North Carolina","mpi-esm1-2-hr","ssp585",NA,3.89408285914788,3.67389989687283
"1776",2668,"North Carolina","mpi-esm1-2-hr","ssp585",NA,2.03249301746592,3.57813274479716
"1777",2669,"North Carolina","mpi-esm1-2-hr","ssp585",NA,4.89529315272797,4.49299229213172
"1778",2670,"North Carolina","mpi-esm1-2-hr","ssp585",NA,3.04081330685512,9.26806474787183
"1779",2671,"North Carolina","mpi-esm1-2-hr","ssp585",NA,0.869816268939513,9.94076244023002
"1780",2672,"North Carolina","mpi-esm1-2-hr","ssp585",NA,9.80578248842192,13.4173375062916
"1781",2673,"North Carolina","mpi-esm1-2-hr","ssp585",NA,0.690917504070661,9.29366805560117
"1782",2674,"North Carolina","mpi-esm1-2-hr","ssp585",NA,1.59201260254473,15.7272338525254
"1783",2675,"North Carolina","mpi-esm1-2-hr","ssp585",NA,0.298548225046722,14.4555792800519
"1784",2676,"North Carolina","mpi-esm1-2-hr","ssp585",NA,4.15082981644522,17.9341501273361
"1785",2677,"North Carolina","mpi-esm1-2-hr","ssp585",NA,3.22856493445567,15.7443825088629
"1786",2678,"North Carolina","mpi-esm1-2-hr","ssp585",NA,4.16631466050145,15.8461311917345
"1787",2679,"North Carolina","mpi-esm1-2-hr","ssp585",NA,8.07325157435391,15.8819912266665
"1788",2680,"North Carolina","mpi-esm1-2-hr","ssp585",NA,0.910613938740884,16.5171864912958
"1789",2681,"North Carolina","mpi-esm1-2-hr","ssp585",NA,0.862721575909179,20.2060023374584
"1790",2682,"North Carolina","mpi-esm1-2-hr","ssp585",NA,7.72752392000226,19.181576991148
"1791",2683,"North Carolina","mpi-esm1-2-hr","ssp585",NA,0.549715545193288,24.5074860901392
"1792",2684,"North Carolina","mpi-esm1-2-hr","ssp585",NA,3.03025448712495,24.1508398916207
"1793",2685,"North Carolina","mpi-esm1-2-hr","ssp585",NA,0.0817300833736257,21.28775679217
"1794",2686,"North Carolina","mpi-esm1-2-hr","ssp585",NA,7.23504364959044,22.0796175916656
"1795",2687,"North Carolina","mpi-esm1-2-hr","ssp585",NA,11.1480565304336,24.6901459338619
"1796",2688,"North Carolina","mpi-esm1-2-hr","ssp585",NA,4.57589707137445,25.632965823048
"1797",2689,"North Carolina","mpi-esm1-2-hr","ssp585",NA,5.56111374619931,26.4339396671755
"1798",2690,"North Carolina","mpi-esm1-2-hr","ssp585",NA,5.24880270691143,24.8112576353784
"1799",2691,"North Carolina","mpi-esm1-2-hr","ssp585",NA,8.37233189600784,25.831501304135
"1800",2692,"North Carolina","mpi-esm1-2-hr","ssp585",NA,6.55512217945063,26.2181871430213
"1801",2693,"North Carolina","mpi-esm1-2-hr","ssp585",NA,8.82593793351841,26.574058861826
"1802",2694,"North Carolina","mpi-esm1-2-hr","ssp585",NA,5.9045147627697,26.6654499470687
"1803",2695,"North Carolina","mpi-esm1-2-hr","ssp585",NA,3.64325873911375,25.2650657333246
"1804",2696,"North Carolina","mpi-esm1-2-hr","ssp585",NA,0.221850221836988,27.2057178486629
"1805",2697,"North Carolina","mpi-esm1-2-hr","ssp585",NA,9.34600063485676,26.5510197145265
"1806",2698,"North Carolina","mpi-esm1-2-hr","ssp585",NA,2.42836120503379,24.4588249142431
"1807",2699,"North Carolina","mpi-esm1-2-hr","ssp585",NA,10.2810859546549,23.5476617551318
"1808",2700,"North Carolina","mpi-esm1-2-hr","ssp585",NA,0.00112028152949936,20.6948337586988
"1809",2701,"North Carolina","mpi-esm1-2-hr","ssp585",NA,0.0474354996384579,23.7707149900976
"1810",2702,"North Carolina","mpi-esm1-2-hr","ssp585",NA,5.14791784387685,23.1269058184798
"1811",2703,"North Carolina","mpi-esm1-2-hr","ssp585",NA,3.33502597248359,18.292875453404
"1812",2704,"North Carolina","mpi-esm1-2-hr","ssp585",NA,1.63938080232973,15.7185153138404
"1813",2705,"North Carolina","mpi-esm1-2-hr","ssp585",NA,0.0296440022457547,13.9298091941855
"1814",2706,"North Carolina","mpi-esm1-2-hr","ssp585",NA,0.00240689769576542,17.23959783132
"1815",2707,"North Carolina","mpi-esm1-2-hr","ssp585",NA,0.116580668648513,21.177713055437
"1816",2708,"North Carolina","mpi-esm1-2-hr","ssp585",NA,6.81573320962802,15.2197103719418
"1817",2709,"North Carolina","mpi-esm1-2-hr","ssp585",NA,2.35926263463442,9.72472217891065
"1818",2710,"North Carolina","mpi-esm1-2-hr","ssp585",NA,5.0245887931125,10.5144179400276
"1819",2711,"North Carolina","mpi-esm1-2-hr","ssp585",NA,2.37722625522317,12.496295200209
"1820",2712,"North Carolina","mpi-esm1-2-hr","ssp585",NA,2.80509539160823,15.4659715839461
"1821",2713,"North Carolina","mpi-esm1-2-hr","ssp585",NA,2.30471253136876,14.1114981173134
"1822",2714,"North Carolina","mpi-esm1-2-hr","ssp585",NA,0.462909926368832,10.7177917822403
"1823",2715,"North Carolina","mpi-esm1-2-hr","ssp585",NA,8.48018349721972,7.38645004144238
"1824",2716,"North Carolina","mpi-esm1-2-hr","ssp585",NA,2.99258479704697,5.5012872605097
"1825",2717,"North Carolina","mpi-esm1-2-hr","ssp585",NA,2.80292460723279,7.50658518045893
"1826",2718,"North Carolina","mpi-esm1-2-hr","ssp585",NA,1.4269855277051,-0.950594297777682
"1827",2719,"North Carolina","mpi-esm1-2-hr","ssp585",NA,0.710815314877658,1.13188172241555
"1828",2720,"North Carolina","mpi-esm1-2-hr","ssp585",NA,6.95740164551926,5.46079111820512
"1829",2721,"North Carolina","mpi-esm1-2-hr","ssp585",NA,0.40720424780176,1.94265794941026
"1830",2722,"North Carolina","mpi-esm1-2-hr","ssp585",NA,2.50928812979013,6.50152122860865
"1831",2723,"North Carolina","mpi-esm1-2-hr","ssp585",NA,2.60793242316232,11.5414598480994
"1832",2724,"North Carolina","mpi-esm1-2-hr","ssp585",NA,5.30928944976376,9.67825895250681
"1833",2725,"North Carolina","mpi-esm1-2-hr","ssp585",NA,5.85952866492312,8.21068811069352
"1834",2726,"North Carolina","mpi-esm1-2-hr","ssp585",NA,6.07771008801152,12.8682339537378
"1835",2727,"North Carolina","mpi-esm1-2-hr","ssp585",NA,1.23117143642453,18.1043246913023
"1836",2728,"North Carolina","mpi-esm1-2-hr","ssp585",NA,1.41143273107782,13.1872443704044
"1837",2729,"North Carolina","mpi-esm1-2-hr","ssp585",NA,1.48702689756562,16.5740927987406
"1838",2730,"North Carolina","mpi-esm1-2-hr","ssp585",NA,7.67202832328377,15.6253662622276
"1839",2731,"North Carolina","mpi-esm1-2-hr","ssp585",NA,0.961092110556828,16.5922716156775
"1840",2732,"North Carolina","mpi-esm1-2-hr","ssp585",NA,1.32303392668543,20.9955563670781
"1841",2733,"North Carolina","mpi-esm1-2-hr","ssp585",NA,3.04955215790204,19.1512750876718
"1842",2734,"North Carolina","mpi-esm1-2-hr","ssp585",NA,0.298085847224829,21.640936809294
"1843",2735,"North Carolina","mpi-esm1-2-hr","ssp585",NA,3.65905476597511,23.0511835862275
"1844",2736,"North Carolina","mpi-esm1-2-hr","ssp585",NA,2.78740441052443,21.3773018631281
"1845",2737,"North Carolina","mpi-esm1-2-hr","ssp585",NA,0.458274285324669,24.5326515518317
"1846",2738,"North Carolina","mpi-esm1-2-hr","ssp585",NA,9.98965530583397,23.6560754941625
"1847",2739,"North Carolina","mpi-esm1-2-hr","ssp585",NA,4.62847921540024,27.3388987821691
"1848",2740,"North Carolina","mpi-esm1-2-hr","ssp585",NA,0.957930667246124,26.6913666369868
"1849",2741,"North Carolina","mpi-esm1-2-hr","ssp585",NA,2.52048478230622,28.0530852502134
"1850",2742,"North Carolina","mpi-esm1-2-hr","ssp585",NA,7.3066737954687,26.395875613429
"1851",2743,"North Carolina","mpi-esm1-2-hr","ssp585",NA,5.45713695508984,27.294470146457
"1852",2744,"North Carolina","mpi-esm1-2-hr","ssp585",NA,3.15534343553278,28.3936821090741
"1853",2745,"North Carolina","mpi-esm1-2-hr","ssp585",NA,2.55058270321103,27.2556015228357
"1854",2746,"North Carolina","mpi-esm1-2-hr","ssp585",NA,8.31734861021381,27.0144509366247
"1855",2747,"North Carolina","mpi-esm1-2-hr","ssp585",NA,1.58516719530482,25.8170725590041
"1856",2748,"North Carolina","mpi-esm1-2-hr","ssp585",NA,3.30861759171325,26.8181521290157
"1857",2749,"North Carolina","mpi-esm1-2-hr","ssp585",NA,3.08294831082079,24.4125223111706
"1858",2750,"North Carolina","mpi-esm1-2-hr","ssp585",NA,0,25.5593334892551
"1859",2751,"North Carolina","mpi-esm1-2-hr","ssp585",NA,0.193671567791446,27.7964030973718
"1860",2752,"North Carolina","mpi-esm1-2-hr","ssp585",NA,15.4400134079046,22.7234542034587
"1861",2753,"North Carolina","mpi-esm1-2-hr","ssp585",NA,0.774517539388353,23.2053960890997
"1862",2754,"North Carolina","mpi-esm1-2-hr","ssp585",NA,7.21616582972993,23.9268660003064
"1863",2755,"North Carolina","mpi-esm1-2-hr","ssp585",NA,0.974254590243213,23.0749395119376
"1864",2756,"North Carolina","mpi-esm1-2-hr","ssp585",NA,8.1222457628726,17.4387478526567
"1865",2757,"North Carolina","mpi-esm1-2-hr","ssp585",NA,0.895063671954891,15.4217693083093
"1866",2758,"North Carolina","mpi-esm1-2-hr","ssp585",NA,2.16969725233331,16.4909051291415
"1867",2759,"North Carolina","mpi-esm1-2-hr","ssp585",NA,0.00619288130568931,13.5114567946319
"1868",2760,"North Carolina","mpi-esm1-2-hr","ssp585",NA,0.493590885953916,11.7133612624738
"1869",2761,"North Carolina","mpi-esm1-2-hr","ssp585",NA,7.13102859095487,17.7242947618501
"1870",2762,"North Carolina","mpi-esm1-2-hr","ssp585",NA,0.172885731322409,10.4481200829942
"1871",2763,"North Carolina","mpi-esm1-2-hr","ssp585",NA,4.28243659777511,7.12283937256546
"1872",2764,"North Carolina","mpi-esm1-2-hr","ssp585",NA,0.0785250411797638,10.6854063915606
"1873",2765,"North Carolina","mpi-esm1-2-hr","ssp585",NA,0.648983246053128,12.4307628471311
"1874",2766,"North Carolina","mpi-esm1-2-hr","ssp585",NA,0.0345588705844604,7.69875770376512
"1875",2767,"North Carolina","mpi-esm1-2-hr","ssp585",NA,0.233270471387698,10.5857770134421
"1876",2768,"North Carolina","mpi-esm1-2-hr","ssp585",NA,7.69771584026853,12.6228951077502
"1877",2769,"North Carolina","mpi-esm1-2-hr","ssp585",NA,3.13412227601895,7.92872116131611
"1878",2770,"North Carolina","mpi-esm1-2-hr","ssp585",NA,4.35725186366692,4.3270104330795
"1879",2771,"North Carolina","mpi-esm1-2-hr","ssp585",NA,0.678547033039802,7.02459328702186
"1880",2772,"North Carolina","mpi-esm1-2-hr","ssp585",NA,4.68601124364398,10.5947064397048
"1881",2773,"North Carolina","mpi-esm1-2-hr","ssp585",NA,0.336657207879994,4.66012518532806
"1882",2774,"North Carolina","mpi-esm1-2-hr","ssp585",NA,2.78956517194419,8.76486570214026
"1883",2775,"North Carolina","mpi-esm1-2-hr","ssp585",NA,0.343049892417337,8.48619063347997
"1884",2776,"North Carolina","mpi-esm1-2-hr","ssp585",NA,0.559700991157535,6.16311710475208
"1885",2777,"North Carolina","mpi-esm1-2-hr","ssp585",NA,4.96983145323397,9.25660860291384
"1886",2778,"North Carolina","mpi-esm1-2-hr","ssp585",NA,4.4971485785172,13.8160190614332
"1887",2779,"North Carolina","mpi-esm1-2-hr","ssp585",NA,11.7563578267222,11.9620017342875
"1888",2780,"North Carolina","mpi-esm1-2-hr","ssp585",NA,1.07600860196611,13.2025175206802
"1889",2781,"North Carolina","mpi-esm1-2-hr","ssp585",NA,1.16482508696086,11.7218997730929
"1890",2782,"North Carolina","mpi-esm1-2-hr","ssp585",NA,7.22912220619282,16.7458185447031
"1891",2783,"North Carolina","mpi-esm1-2-hr","ssp585",NA,1.91661407639118,16.0150562446659
"1892",2784,"North Carolina","mpi-esm1-2-hr","ssp585",NA,0.179621941629384,18.2620887734977
"1893",2785,"North Carolina","mpi-esm1-2-hr","ssp585",NA,5.66592618556837,18.7797242578672
"1894",2786,"North Carolina","mpi-esm1-2-hr","ssp585",NA,4.74452430387813,18.1228472370394
"1895",2787,"North Carolina","mpi-esm1-2-hr","ssp585",NA,4.07592840787126,22.0396682012649
"1896",2788,"North Carolina","mpi-esm1-2-hr","ssp585",NA,6.86168321371034,24.3450880376565
"1897",2789,"North Carolina","mpi-esm1-2-hr","ssp585",NA,0.0314816556606313,26.5143621193595
"1898",2790,"North Carolina","mpi-esm1-2-hr","ssp585",NA,1.83757338861195,26.5727500253031
"1899",2791,"North Carolina","mpi-esm1-2-hr","ssp585",NA,3.76120152582533,23.7655582032618
"1900",2792,"North Carolina","mpi-esm1-2-hr","ssp585",NA,3.29227496863075,26.540373268448
"1901",2793,"North Carolina","mpi-esm1-2-hr","ssp585",NA,4.28162832001722,26.576213813162
"1902",2794,"North Carolina","mpi-esm1-2-hr","ssp585",NA,11.792355427434,26.3923472001105
"1903",2795,"North Carolina","mpi-esm1-2-hr","ssp585",NA,4.78508238780139,26.8983891676788
"1904",2796,"North Carolina","mpi-esm1-2-hr","ssp585",NA,1.37905141105998,27.695757663417
"1905",2797,"North Carolina","mpi-esm1-2-hr","ssp585",NA,6.87060336699573,27.2868081827458
"1906",2798,"North Carolina","mpi-esm1-2-hr","ssp585",NA,6.99629332108287,25.9961022641479
"1907",2799,"North Carolina","mpi-esm1-2-hr","ssp585",NA,11.0475274479051,25.3097370564437
"1908",2800,"North Carolina","mpi-esm1-2-hr","ssp585",NA,1.58703975866956,26.4033542152213
"1909",2801,"North Carolina","mpi-esm1-2-hr","ssp585",NA,4.02219912660357,25.467879060804
"1910",2802,"North Carolina","mpi-esm1-2-hr","ssp585",NA,0.888515658375926,25.9186080462459
"1911",2803,"North Carolina","mpi-esm1-2-hr","ssp585",NA,2.47701199101861,26.3840499236804
"1912",2804,"North Carolina","mpi-esm1-2-hr","ssp585",NA,3.62285160404061,24.6705716857055
"1913",2805,"North Carolina","mpi-esm1-2-hr","ssp585",NA,2.08460275881568,22.7994851163122
"1914",2806,"North Carolina","mpi-esm1-2-hr","ssp585",NA,9.99705559561411,20.4329965286896
"1915",2807,"North Carolina","mpi-esm1-2-hr","ssp585",NA,2.71171341530838,24.4415539311428
"1916",2808,"North Carolina","mpi-esm1-2-hr","ssp585",NA,7.57999019850165,18.1348038018919
"1917",2809,"North Carolina","mpi-esm1-2-hr","ssp585",NA,0.0381205653445991,21.2406117500711
"1918",2810,"North Carolina","mpi-esm1-2-hr","ssp585",NA,0.725367274929593,22.9944794470523
"1919",2811,"North Carolina","mpi-esm1-2-hr","ssp585",NA,9.82503233023919,13.0638662471825
"1920",2812,"North Carolina","mpi-esm1-2-hr","ssp585",NA,3.70007864304866,10.0642887062052
"1921",2813,"North Carolina","mpi-esm1-2-hr","ssp585",NA,9.73946345575238,9.68903764142378
"1922",2814,"North Carolina","mpi-esm1-2-hr","ssp585",NA,0.861509363303336,14.1360374130121
"1923",2815,"North Carolina","mpi-esm1-2-hr","ssp585",NA,0.033068382700327,14.1763477998622
"1924",2816,"North Carolina","mpi-esm1-2-hr","ssp585",NA,23.3506700498475,12.8774698380329
"1925",2817,"North Carolina","mpi-esm1-2-hr","ssp585",NA,4.25899638998273,8.69334874086356
"1926",2818,"North Carolina","mpi-esm1-2-hr","ssp585",NA,1.34041383358987,9.02952166218052
"1927",2819,"North Carolina","mpi-esm1-2-hr","ssp585",NA,4.40978082242051,11.8836585806198
"1928",2820,"North Carolina","mpi-esm1-2-hr","ssp585",NA,0.975828941979571,10.5999502486542
"1929",2821,"North Carolina","mpi-esm1-2-hr","ssp585",NA,4.092711302414,7.68836642567185
"1930",2822,"North Carolina","mpi-esm1-2-hr","ssp585",NA,10.940526189752,10.610077383004
"1931",2823,"North Carolina","mpi-esm1-2-hr","ssp585",NA,9.17915205951248,3.88760227235428
"1932",2824,"North Carolina","mpi-esm1-2-hr","ssp585",NA,5.05393039973936,6.04885219712887
"1933",2825,"North Carolina","mpi-esm1-2-hr","ssp585",NA,1.45912204535926,12.0751839944963
"1934",2826,"North Carolina","mpi-esm1-2-hr","ssp585",NA,2.41827631696712,4.66695590833992
"1935",2827,"North Carolina","mpi-esm1-2-hr","ssp585",NA,4.90387553625379,7.42907523360909
"1936",2828,"North Carolina","mpi-esm1-2-hr","ssp585",NA,5.17511206309501,7.81184011934854
"1937",2829,"North Carolina","mpi-esm1-2-hr","ssp585",NA,0.142093586248489,9.66587873186386
"1938",2830,"North Carolina","mpi-esm1-2-hr","ssp585",NA,6.57447982216161,11.4567633107931
"1939",2831,"North Carolina","mpi-esm1-2-hr","ssp585",NA,0.275310573494355,8.37453467959451
"1940",2832,"North Carolina","mpi-esm1-2-hr","ssp585",NA,1.80434853090668,11.8866436613708
"1941",2833,"North Carolina","mpi-esm1-2-hr","ssp585",NA,0.613748352498842,17.4840072161677
"1942",2834,"North Carolina","mpi-esm1-2-hr","ssp585",NA,6.50849792282239,15.3032510880329
"1943",2835,"North Carolina","mpi-esm1-2-hr","ssp585",NA,0.89076931515959,14.2758633995591
"1944",2836,"North Carolina","mpi-esm1-2-hr","ssp585",NA,0.51878391131744,20.0735207437467
"1945",2837,"North Carolina","mpi-esm1-2-hr","ssp585",NA,2.14499805772925,22.0949521190312
"1946",2838,"North Carolina","mpi-esm1-2-hr","ssp585",NA,2.12423403641236,19.7842959962305
"1947",2839,"North Carolina","mpi-esm1-2-hr","ssp585",NA,14.7576856589717,19.9759548497134
"1948",2840,"North Carolina","mpi-esm1-2-hr","ssp585",NA,1.49263739901678,23.9217789679349
"1949",2841,"North Carolina","mpi-esm1-2-hr","ssp585",NA,0.0526917080521855,21.3095844685531
"1950",2842,"North Carolina","mpi-esm1-2-hr","ssp585",NA,0.106124492481859,25.8879720735951
"1951",2843,"North Carolina","mpi-esm1-2-hr","ssp585",NA,2.5151248138608,26.9876444498698
"1952",2844,"North Carolina","mpi-esm1-2-hr","ssp585",NA,4.00384329028583,26.8700679148613
"1953",2845,"North Carolina","mpi-esm1-2-hr","ssp585",NA,3.6131572960432,27.1885527795103
"1954",2846,"North Carolina","mpi-esm1-2-hr","ssp585",NA,7.1017770284306,23.2292147596343
"1955",2847,"North Carolina","mpi-esm1-2-hr","ssp585",NA,1.79918453203976,26.5504555240065
"1956",2848,"North Carolina","mpi-esm1-2-hr","ssp585",NA,8.22383955599114,28.7658812450762
"1957",2849,"North Carolina","mpi-esm1-2-hr","ssp585",NA,13.1941390479682,24.698494671306
"1958",2850,"North Carolina","mpi-esm1-2-hr","ssp585",NA,0.0229692972348827,26.6811776126466
"1959",2851,"North Carolina","mpi-esm1-2-hr","ssp585",NA,7.11581611783822,28.9303512445017
"1960",2852,"North Carolina","mpi-esm1-2-hr","ssp585",NA,2.30924938349584,26.058891454531
"1961",2853,"North Carolina","mpi-esm1-2-hr","ssp585",NA,10.4050591689303,25.5167537742636
"1962",2854,"North Carolina","mpi-esm1-2-hr","ssp585",NA,2.55387466778233,25.5120638123414
"1963",2855,"North Carolina","mpi-esm1-2-hr","ssp585",NA,1.29621294744684,25.2846258767179
"1964",2856,"North Carolina","mpi-esm1-2-hr","ssp585",NA,4.20733155724138,21.0099571591332
"1965",2857,"North Carolina","mpi-esm1-2-hr","ssp585",NA,0.0941123235991524,22.7727148745241
"1966",2858,"North Carolina","mpi-esm1-2-hr","ssp585",NA,0.0265983913670746,17.2889863000865
"1967",2859,"North Carolina","mpi-esm1-2-hr","ssp585",NA,0.114411854642143,19.9285235236673
"1968",2860,"North Carolina","mpi-esm1-2-hr","ssp585",NA,7.30798901562242,16.6864864744726
"1969",2861,"North Carolina","mpi-esm1-2-hr","ssp585",NA,8.79851811321928,15.4209802964155
"1970",2862,"North Carolina","mpi-esm1-2-hr","ssp585",NA,0.0423132318307787,9.65885002926954
"1971",2863,"North Carolina","mpi-esm1-2-hr","ssp585",NA,14.3802526061,15.0499585234485
"1972",2864,"North Carolina","mpi-esm1-2-hr","ssp585",NA,1.92659515099372,10.1337801380318
"1973",2865,"North Carolina","mpi-esm1-2-hr","ssp585",NA,0.411509195967047,9.37628973952865
"1974",2866,"North Carolina","mpi-esm1-2-hr","ssp585",NA,0.875727127377945,8.63539466323641
"1975",2867,"North Carolina","mpi-esm1-2-hr","ssp585",NA,2.56652502760234,9.98527835450589
"1976",2868,"North Carolina","mpi-esm1-2-hr","ssp585",NA,0.310766972541983,5.65026766566004
"1977",2869,"North Carolina","mpi-esm1-2-hr","ssp585",NA,5.89095313362963,10.8382819338673
"1978",2870,"North Carolina","mpi-esm1-2-hr","ssp585",NA,0.0256458899839498,6.51505282532937
"1979",2871,"North Carolina","mpi-esm1-2-hr","ssp585",NA,2.22252703465873,8.13065024838063
"1980",2872,"North Carolina","mpi-esm1-2-hr","ssp585",NA,1.35160282364214,7.73098640335042
"1981",2873,"North Carolina","mpi-esm1-2-hr","ssp585",NA,2.39165742939254,6.20140888630845
"1982",2874,"North Carolina","mpi-esm1-2-hr","ssp585",NA,4.40675751853648,6.88542082116052
"1983",2875,"North Carolina","mpi-esm1-2-hr","ssp585",NA,3.92149204078024,6.08779117359837
"1984",2876,"North Carolina","mpi-esm1-2-hr","ssp585",NA,1.94272156425411,6.94834430598413
"1985",2877,"North Carolina","mpi-esm1-2-hr","ssp585",NA,5.33510535167486,8.49514741443455
"1986",2878,"North Carolina","mpi-esm1-2-hr","ssp585",NA,5.71538092241221,12.4647077971814
"1987",2879,"North Carolina","mpi-esm1-2-hr","ssp585",NA,3.04620663923169,7.01013992266831
"1988",2880,"North Carolina","mpi-esm1-2-hr","ssp585",NA,3.35348888106599,11.0592029560848
"1989",2881,"North Carolina","mpi-esm1-2-hr","ssp585",NA,2.81249257419068,11.6125333214341
"1990",2882,"North Carolina","mpi-esm1-2-hr","ssp585",NA,2.3737886191233,13.9670550007112
"1991",2883,"North Carolina","mpi-esm1-2-hr","ssp585",NA,3.68578704619416,14.1415411770177
"1992",2884,"North Carolina","mpi-esm1-2-hr","ssp585",NA,0.985560648249312,16.5077167243851
"1993",2885,"North Carolina","mpi-esm1-2-hr","ssp585",NA,7.80557739820958,18.4440213243501
"1994",2886,"North Carolina","mpi-esm1-2-hr","ssp585",NA,11.6533477504079,13.0858187293472
"1995",2887,"North Carolina","mpi-esm1-2-hr","ssp585",NA,1.6718337689376,15.8119933911065
"1996",2888,"North Carolina","mpi-esm1-2-hr","ssp585",NA,1.01752515521268,19.293806367762
"1997",2889,"North Carolina","mpi-esm1-2-hr","ssp585",NA,1.60741595950143,21.0904257723597
"1998",2890,"North Carolina","mpi-esm1-2-hr","ssp585",NA,4.79924755411292,21.278424482586
"1999",2891,"North Carolina","mpi-esm1-2-hr","ssp585",NA,2.02344272946589,24.9241801114977
"2000",2892,"North Carolina","mpi-esm1-2-hr","ssp585",NA,4.51521016782695,21.4970610460982
"2001",2893,"North Carolina","mpi-esm1-2-hr","ssp585",NA,2.6139556956228,25.9752710678998
"2002",2894,"North Carolina","mpi-esm1-2-hr","ssp585",NA,6.53388160132001,26.4567094562435
"2003",2895,"North Carolina","mpi-esm1-2-hr","ssp585",NA,6.19506741138804,28.8355353518361
"2004",2896,"North Carolina","mpi-esm1-2-hr","ssp585",NA,5.51092075760561,27.0424880425803
"2005",2897,"North Carolina","mpi-esm1-2-hr","ssp585",NA,0.445574093956726,27.8270836923637
"2006",2898,"North Carolina","mpi-esm1-2-hr","ssp585",NA,8.07188780736931,27.5088025346858
"2007",2899,"North Carolina","mpi-esm1-2-hr","ssp585",NA,3.15265529472007,26.0563557600775
"2008",2900,"North Carolina","mpi-esm1-2-hr","ssp585",NA,6.32293756441394,27.595725572944
"2009",2901,"North Carolina","mpi-esm1-2-hr","ssp585",NA,5.00925011261995,27.728918901545
"2010",2902,"North Carolina","mpi-esm1-2-hr","ssp585",NA,3.85799324902705,29.3794244162509
"2011",2903,"North Carolina","mpi-esm1-2-hr","ssp585",NA,5.48035180034872,26.8169684402081
"2012",2904,"North Carolina","mpi-esm1-2-hr","ssp585",NA,8.93493176678143,27.1129636449307
"2013",2905,"North Carolina","mpi-esm1-2-hr","ssp585",NA,9.95066412815963,24.3503422755821
"2014",2906,"North Carolina","mpi-esm1-2-hr","ssp585",NA,1.77774780100403,22.8386867833071
"2015",2907,"North Carolina","mpi-esm1-2-hr","ssp585",NA,2.79280942471081,21.7769034762343
"2016",2908,"North Carolina","mpi-esm1-2-hr","ssp585",NA,0.00525952714002308,23.6920057109758
"2017",2909,"North Carolina","mpi-esm1-2-hr","ssp585",NA,6.02888364271525,21.1885208941975
"2018",2910,"North Carolina","mpi-esm1-2-hr","ssp585",NA,4.013276792356,21.8664607713203
"2019",2911,"North Carolina","mpi-esm1-2-hr","ssp585",NA,0.329471649340366,22.8011760636872
"2020",2912,"North Carolina","mpi-esm1-2-hr","ssp585",NA,9.52308166362105,18.4006502894127
"2021",2913,"North Carolina","mpi-esm1-2-hr","ssp585",NA,0.020689980255072,18.5176621210008
"2022",2914,"North Carolina","mpi-esm1-2-hr","ssp585",NA,7.28172815684315,11.6710015817851
"2023",2915,"North Carolina","mpi-esm1-2-hr","ssp585",NA,0.873692120286488,11.6725537040989
"2024",2916,"North Carolina","mpi-esm1-2-hr","ssp585",NA,1.3416516698531,13.3160678724615
"2025",2917,"North Carolina","mpi-esm1-2-hr","ssp585",NA,7.75797484815439,12.4212225564054
"2026",2918,"North Carolina","mpi-esm1-2-hr","ssp585",NA,4.83977446662315,11.7304417885318
"2027",2919,"North Carolina","mpi-esm1-2-hr","ssp585",NA,0.618599576263164,16.6714654147792
"2028",2920,"North Carolina","mpi-esm1-2-hr","ssp585",NA,0.399312863817063,5.19812051041122
"2029",2921,"North Carolina","mpi-esm1-2-hr","ssp585",NA,5.53645040522459,5.97751526391809
"2030",2922,"North Carolina","mpi-esm1-2-hr","ssp585",NA,5.05652707369405,2.78906930447963
"2031",2923,"North Carolina","mpi-esm1-2-hr","ssp585",NA,3.79297423776336,3.0289902118074
"2032",2924,"North Carolina","mpi-esm1-2-hr","ssp585",NA,2.14972254961591,1.56773608124893
"2033",2925,"North Carolina","mpi-esm1-2-hr","ssp585",NA,0.0721781066899626,2.05636371003482
"2034",2926,"North Carolina","mpi-esm1-2-hr","ssp585",NA,9.13781473043381,6.39888702307097
"2035",2927,"North Carolina","mpi-esm1-2-hr","ssp585",NA,5.04823253667528,11.0228336109835
"2036",2928,"North Carolina","mpi-esm1-2-hr","ssp585",NA,12.7151841276162,10.320262543494
"2037",2929,"North Carolina","mpi-esm1-2-hr","ssp585",NA,1.10543701997843,8.24936063536745
"2038",2930,"North Carolina","mpi-esm1-2-hr","ssp585",NA,1.66395622623635,3.52451344551495
"2039",2931,"North Carolina","mpi-esm1-2-hr","ssp585",NA,2.44282715857098,3.00429490888154
"2040",2932,"North Carolina","mpi-esm1-2-hr","ssp585",NA,8.51911101890131,8.18482937852878
"2041",2933,"North Carolina","mpi-esm1-2-hr","ssp585",NA,6.0382888022372,10.0428256165748
"2042",2934,"North Carolina","mpi-esm1-2-hr","ssp585",NA,5.7728962341739,12.9288776814437
"2043",2935,"North Carolina","mpi-esm1-2-hr","ssp585",NA,1.56263385729633,10.6322522075237
"2044",2936,"North Carolina","mpi-esm1-2-hr","ssp585",NA,0.0520053598014814,8.40116968662467
"2045",2937,"North Carolina","mpi-esm1-2-hr","ssp585",NA,2.61100779609799,16.5346783635329
"2046",2938,"North Carolina","mpi-esm1-2-hr","ssp585",NA,2.93095534846031,18.018723568529
"2047",2939,"North Carolina","mpi-esm1-2-hr","ssp585",NA,5.15364664654747,14.0306837236848
"2048",2940,"North Carolina","mpi-esm1-2-hr","ssp585",NA,1.68547502951452,18.8594891716453
"2049",2941,"North Carolina","mpi-esm1-2-hr","ssp585",NA,1.69078012037643,24.2814273438868
"2050",2942,"North Carolina","mpi-esm1-2-hr","ssp585",NA,6.40393220319387,20.0480076210172
"2051",2943,"North Carolina","mpi-esm1-2-hr","ssp585",NA,3.37199672516775,23.432297787279
"2052",2944,"North Carolina","mpi-esm1-2-hr","ssp585",NA,1.41954486567831,19.9162721265264
"2053",2945,"North Carolina","mpi-esm1-2-hr","ssp585",NA,2.95121918817979,22.1454428963969
"2054",2946,"North Carolina","mpi-esm1-2-hr","ssp585",NA,4.7753314704264,24.7943328600972
"2055",2947,"North Carolina","mpi-esm1-2-hr","ssp585",NA,3.45508547757125,26.0437278085062
"2056",2948,"North Carolina","mpi-esm1-2-hr","ssp585",NA,4.01314389940531,27.4317980512518
"2057",2949,"North Carolina","mpi-esm1-2-hr","ssp585",NA,3.33053136870882,27.9125413739715
"2058",2950,"North Carolina","mpi-esm1-2-hr","ssp585",NA,3.39829777495812,27.3882680171678
"2059",2951,"North Carolina","mpi-esm1-2-hr","ssp585",NA,7.27993345231773,26.5494909291842
"2060",2952,"North Carolina","mpi-esm1-2-hr","ssp585",NA,3.66113490781572,26.8400406695882
"2061",2953,"North Carolina","mpi-esm1-2-hr","ssp585",NA,6.466974177895,26.2578584558824
"2062",2954,"North Carolina","mpi-esm1-2-hr","ssp585",NA,4.53662441079757,26.9371380290398
"2063",2955,"North Carolina","mpi-esm1-2-hr","ssp585",NA,3.73238901068538,26.8873421463312
"2064",2956,"North Carolina","mpi-esm1-2-hr","ssp585",NA,6.37886297312541,25.8864784219352
"2065",2957,"North Carolina","mpi-esm1-2-hr","ssp585",NA,4.29537935416811,26.9740928500307
"2066",2958,"North Carolina","mpi-esm1-2-hr","ssp585",NA,0.26792088919894,25.1626305331703
"2067",2959,"North Carolina","mpi-esm1-2-hr","ssp585",NA,2.29834080420319,26.2434930539599
"2068",2960,"North Carolina","mpi-esm1-2-hr","ssp585",NA,4.56835162262638,22.7876591701134
"2069",2961,"North Carolina","mpi-esm1-2-hr","ssp585",NA,2.02177211738809,21.8925868101147
"2070",2962,"North Carolina","mpi-esm1-2-hr","ssp585",NA,12.8647410193289,21.6127138624005
"2071",2963,"North Carolina","mpi-esm1-2-hr","ssp585",NA,0.149009374978937,18.1503497297357
"2072",2964,"North Carolina","mpi-esm1-2-hr","ssp585",NA,2.33993955929492,19.1554660829176
"2073",2965,"North Carolina","mpi-esm1-2-hr","ssp585",NA,2.05294551868202,17.9729384820335
"2074",2966,"North Carolina","mpi-esm1-2-hr","ssp585",NA,0.0145320131089059,15.7996538605677
"2075",2967,"North Carolina","mpi-esm1-2-hr","ssp585",NA,0.599079848417059,15.4391100458738
"2076",2968,"North Carolina","mpi-esm1-2-hr","ssp585",NA,13.7284559033434,12.9097548711868
"2077",2969,"North Carolina","mpi-esm1-2-hr","ssp585",NA,0.382842119063394,16.5717202921208
"2078",2970,"North Carolina","mpi-esm1-2-hr","ssp585",NA,1.07255273211775,14.4818691905473
"2079",2971,"North Carolina","mpi-esm1-2-hr","ssp585",NA,8.56791787064598,17.1560394201626
"2080",2972,"North Carolina","mpi-esm1-2-hr","ssp585",NA,0.932899824335184,8.4772952296153
"2081",2973,"North Carolina","mpi-esm1-2-hr","ssp585",NA,3.97738975765254,7.92086737282806
"2082",2974,"North Carolina","mpi-esm1-2-hr","ssp585",NA,0.0389344367241935,5.13403958018757
"2083",2975,"North Carolina","mpi-esm1-2-hr","ssp585",NA,0.163587672129531,4.31874658066354
"2084",2976,"North Carolina","mpi-esm1-2-hr","ssp585",NA,0.212723984918166,6.99781047917216
"2085",2977,"North Carolina","mpi-esm1-2-hr","ssp585",NA,3.06683891617506,5.44357330578718
"2086",2978,"North Carolina","mpi-esm1-2-hr","ssp585",NA,5.10758291431343,13.1346807912618
"2087",2979,"North Carolina","mpi-esm1-2-hr","ssp585",NA,1.59813373914503,11.7364678561855
"2088",2980,"North Carolina","mpi-esm1-2-hr","ssp585",NA,14.5056553800722,4.64466328767838
"2089",2981,"North Carolina","mpi-esm1-2-hr","ssp585",NA,8.73017930497546,1.45450022294076
"2090",2982,"North Carolina","mpi-esm1-2-hr","ssp585",NA,4.67510266426878,10.0812588731782
"2091",2983,"North Carolina","mpi-esm1-2-hr","ssp585",NA,6.97750049772106,17.2614403818168
"2092",2984,"North Carolina","mpi-esm1-2-hr","ssp585",NA,12.5485156767683,14.3724032361968
"2093",2985,"North Carolina","mpi-esm1-2-hr","ssp585",NA,10.3241285852905,14.0412245122659
"2094",2986,"North Carolina","mpi-esm1-2-hr","ssp585",NA,7.43761807553565,12.2754210229014
"2095",2987,"North Carolina","mpi-esm1-2-hr","ssp585",NA,1.28233482711887,14.3895888213684
"2096",2988,"North Carolina","mpi-esm1-2-hr","ssp585",NA,11.2168144259945,16.354442658411
"2097",2989,"North Carolina","mpi-esm1-2-hr","ssp585",NA,0.728798168582965,12.3124339726125
"2098",2990,"North Carolina","mpi-esm1-2-hr","ssp585",NA,8.61360418887006,13.5786259840851
"2099",2991,"North Carolina","mpi-esm1-2-hr","ssp585",NA,2.60109605200143,15.8821501403296
"2100",2992,"North Carolina","mpi-esm1-2-hr","ssp585",NA,3.74135354931768,16.5243420512737
"2101",2993,"North Carolina","mpi-esm1-2-hr","ssp585",NA,5.88691906037837,17.3520531405922
"2102",2994,"North Carolina","mpi-esm1-2-hr","ssp585",NA,2.18293013282515,21.4740554082961
"2103",2995,"North Carolina","mpi-esm1-2-hr","ssp585",NA,1.09174897969285,22.9835591121214
"2104",2996,"North Carolina","mpi-esm1-2-hr","ssp585",NA,5.99278692341216,25.0491318133699
"2105",2997,"North Carolina","mpi-esm1-2-hr","ssp585",NA,1.35718586451035,21.9633789575401
"2106",2998,"North Carolina","mpi-esm1-2-hr","ssp585",NA,11.0078834827198,25.0421324315859
"2107",2999,"North Carolina","mpi-esm1-2-hr","ssp585",NA,7.64023758885069,24.4428471242013
"2108",3000,"North Carolina","mpi-esm1-2-hr","ssp585",NA,1.29175445059644,25.7110126912093
"2109",3001,"North Carolina","mpi-esm1-2-hr","ssp585",NA,0.915793114619505,27.6497087751116
"2110",3002,"North Carolina","mpi-esm1-2-hr","ssp585",NA,3.75798543588468,27.1704400412509
"2111",3003,"North Carolina","mpi-esm1-2-hr","ssp585",NA,4.58170240375953,28.0665066588159
"2112",3004,"North Carolina","mpi-esm1-2-hr","ssp585",NA,6.24047763386527,28.9109849774871
"2113",3005,"North Carolina","mpi-esm1-2-hr","ssp585",NA,1.61769308240672,28.9291387477843
"2114",3006,"North Carolina","mpi-esm1-2-hr","ssp585",NA,11.6682269886706,26.3470232966234
"2115",3007,"North Carolina","mpi-esm1-2-hr","ssp585",NA,3.34753108314437,26.6271033706452
"2116",3008,"North Carolina","mpi-esm1-2-hr","ssp585",NA,4.67096152670445,26.5735995594527
"2117",3009,"North Carolina","mpi-esm1-2-hr","ssp585",NA,6.17417992447785,25.695735266763
"2118",3010,"North Carolina","mpi-esm1-2-hr","ssp585",NA,2.74696716987819,26.6344732375372
"2119",3011,"North Carolina","mpi-esm1-2-hr","ssp585",NA,3.46667754015127,23.9371817965468
"2120",3012,"North Carolina","mpi-esm1-2-hr","ssp585",NA,4.67763701938971,26.6984579989222
"2121",3013,"North Carolina","mpi-esm1-2-hr","ssp585",NA,13.2119510570589,24.2394686658843
"2122",3014,"North Carolina","mpi-esm1-2-hr","ssp585",NA,6.66387546593223,21.1538613028219
"2123",3015,"North Carolina","mpi-esm1-2-hr","ssp585",NA,0.065965719602732,15.6733089500449
"2124",3016,"North Carolina","mpi-esm1-2-hr","ssp585",NA,4.54227476563398,20.2054718274029
"2125",3017,"North Carolina","mpi-esm1-2-hr","ssp585",NA,3.5431065386371,20.2085892364759
"2126",3018,"North Carolina","mpi-esm1-2-hr","ssp585",NA,1.39771835176759,15.8205803708202
"2127",3019,"North Carolina","mpi-esm1-2-hr","ssp585",NA,6.25311460088207,11.1599989263284
"2128",3020,"North Carolina","mpi-esm1-2-hr","ssp585",NA,4.52222041846554,8.93934427042304
"2129",3021,"North Carolina","mpi-esm1-2-hr","ssp585",NA,0.00186567911044244,8.7403743626357
"2130",3022,"North Carolina","mpi-esm1-2-hr","ssp585",NA,0.0474482727685343,10.8095702783067
"2131",3023,"North Carolina","mpi-esm1-2-hr","ssp585",NA,0.178722427031559,8.8043307435279
"2132",3024,"North Carolina","mpi-esm1-2-hr","ssp585",NA,1.41254840872374,11.0125394420464
"2133",3025,"North Carolina","mpi-esm1-2-hr","ssp585",NA,5.00397113293821,8.00730631852353
"2134",3026,"North Carolina","mpi-esm1-2-hr","ssp585",NA,4.9979847436031,7.80405052890299
"2135",3027,"North Carolina","mpi-esm1-2-hr","ssp585",NA,0.591098915226342,5.54815772988885
"2136",3028,"North Carolina","mpi-esm1-2-hr","ssp585",NA,0.680521421367792,7.13872894372595
"2137",3029,"North Carolina","mpi-esm1-2-hr","ssp585",NA,7.89575057209762,5.48935146812634
"2138",3030,"North Carolina","mpi-esm1-2-hr","ssp585",NA,2.19682965856491,7.60863339720656
"2139",3031,"North Carolina","mpi-esm1-2-hr","ssp585",NA,2.32649266807497,5.95627870532981
"2140",3032,"North Carolina","mpi-esm1-2-hr","ssp585",NA,0.149893111023737,7.35872854024424
"2141",3033,"North Carolina","mpi-esm1-2-hr","ssp585",NA,14.0837917124724,15.6538381368173
"2142",3034,"North Carolina","mpi-esm1-2-hr","ssp585",NA,8.25261809407516,7.8470673205806
"2143",3035,"North Carolina","mpi-esm1-2-hr","ssp585",NA,2.36481469434976,6.48797065457044
"2144",3036,"North Carolina","mpi-esm1-2-hr","ssp585",NA,2.34341978230841,7.1907891110546
"2145",3037,"North Carolina","mpi-esm1-2-hr","ssp585",NA,4.10205418610676,16.0583359833191
"2146",3038,"North Carolina","mpi-esm1-2-hr","ssp585",NA,4.66558038195736,14.7222263197271
"2147",3039,"North Carolina","mpi-esm1-2-hr","ssp585",NA,2.0021579059252,13.78170576336
"2148",3040,"North Carolina","mpi-esm1-2-hr","ssp585",NA,0.0683463241949242,14.7152807924928
"2149",3041,"North Carolina","mpi-esm1-2-hr","ssp585",NA,6.1382519806171,15.9986257344735
"2150",3042,"North Carolina","mpi-esm1-2-hr","ssp585",NA,2.78455721726604,16.6903623778613
"2151",3043,"North Carolina","mpi-esm1-2-hr","ssp585",NA,1.77160229957261,15.3214012680268
"2152",3044,"North Carolina","mpi-esm1-2-hr","ssp585",NA,0.778524879915341,18.4439087426963
"2153",3045,"North Carolina","mpi-esm1-2-hr","ssp585",NA,4.05071010968297,19.4693108224735
"2154",3046,"North Carolina","mpi-esm1-2-hr","ssp585",NA,3.04830988682953,22.0610531590566
"2155",3047,"North Carolina","mpi-esm1-2-hr","ssp585",NA,3.13006199729661,21.4237899652049
"2156",3048,"North Carolina","mpi-esm1-2-hr","ssp585",NA,7.95277691732208,24.9933759416853
"2157",3049,"North Carolina","mpi-esm1-2-hr","ssp585",NA,11.0910345609456,25.5924593372505
"2158",3050,"North Carolina","mpi-esm1-2-hr","ssp585",NA,2.60019581876216,27.3310816660649
"2159",3051,"North Carolina","mpi-esm1-2-hr","ssp585",NA,2.15903464505733,25.566413139963
"2160",3052,"North Carolina","mpi-esm1-2-hr","ssp585",NA,1.64714266197314,28.2207712210861
"2161",3053,"North Carolina","mpi-esm1-2-hr","ssp585",NA,5.4008318066269,29.0647754487537
"2162",3054,"North Carolina","mpi-esm1-2-hr","ssp585",NA,3.41473606091282,27.1337876605721
"2163",3055,"North Carolina","mpi-esm1-2-hr","ssp585",NA,3.1299425769676,28.3642594024915
"2164",3056,"North Carolina","mpi-esm1-2-hr","ssp585",NA,0.597073350471866,26.6596044203815
"2165",3057,"North Carolina","mpi-esm1-2-hr","ssp585",NA,3.53036546540589,28.9408773299359
"2166",3058,"North Carolina","mpi-esm1-2-hr","ssp585",NA,0.0395616133993994,28.9352644890964
"2167",3059,"North Carolina","mpi-esm1-2-hr","ssp585",NA,7.80742877041503,28.3041197704668
"2168",3060,"North Carolina","mpi-esm1-2-hr","ssp585",NA,3.71531386982428,26.6151866410627
"2169",3061,"North Carolina","mpi-esm1-2-hr","ssp585",NA,4.45409032500345,25.2907577728357
"2170",3062,"North Carolina","mpi-esm1-2-hr","ssp585",NA,2.17930972616801,26.9584609258743
"2171",3063,"North Carolina","mpi-esm1-2-hr","ssp585",NA,12.7256238187772,25.6536714441636
"2172",3064,"North Carolina","mpi-esm1-2-hr","ssp585",NA,0.574748000844691,26.1883751449799
"2173",3065,"North Carolina","mpi-esm1-2-hr","ssp585",NA,1.89886398506087,25.9435988653274
"2174",3066,"North Carolina","mpi-esm1-2-hr","ssp585",NA,7.37075407773735,24.5121015960095
"2175",3067,"North Carolina","mpi-esm1-2-hr","ssp585",NA,7.35700869597832,20.1893682057784
"2176",3068,"North Carolina","mpi-esm1-2-hr","ssp585",NA,3.9448675098165,20.061459803648
"2177",3069,"North Carolina","mpi-esm1-2-hr","ssp585",NA,7.16152873697988,19.319698352974
"2178",3070,"North Carolina","mpi-esm1-2-hr","ssp585",NA,1.88426130800141,15.2961705824908
"2179",3071,"North Carolina","mpi-esm1-2-hr","ssp585",NA,9.88730157680818,14.6728475960697
"2180",3072,"North Carolina","mpi-esm1-2-hr","ssp585",NA,0.0809493560322948,12.8154406806668
"2181",3073,"North Carolina","mpi-esm1-2-hr","ssp585",NA,13.3014910331356,17.0924335212601
"2182",3074,"North Carolina","mpi-esm1-2-hr","ssp585",NA,0.606034803092348,7.37944638548781
"2183",3075,"North Carolina","mpi-esm1-2-hr","ssp585",NA,4.21383128765733,19.3280382856268
"2184",3076,"North Carolina","mpi-esm1-2-hr","ssp585",NA,8.13223932434826,9.1312647031469
"2185",3077,"North Carolina","mpi-esm1-2-hr","ssp585",NA,0.734134218091182,9.30762433391327
"2186",3078,"North Carolina","mpi-esm1-2-hr","ssp585",NA,1.25990962724474,13.7092379700904
"2187",3079,"North Carolina","mpi-esm1-2-hr","ssp585",NA,0.14465703477813,9.95262941846663
"2188",3080,"North Carolina","mpi-esm1-2-hr","ssp585",NA,1.00273079546807,6.46078513436627
"2189",3081,"North Carolina","mpi-esm1-2-hr","ssp585",NA,12.4349194518509,8.42003177247463
"2190",3082,"North Carolina","mpi-esm1-2-hr","ssp585",NA,1.83277739175048,8.16275619378613
"2191",3083,"North Carolina","mpi-esm1-2-hr","ssp585",NA,9.07234830647365,10.438766573524
"2192",3084,"North Carolina","mpi-esm1-2-hr","ssp585",NA,6.54708969593207,9.52140697831869
"2193",3085,"North Carolina","mpi-esm1-2-hr","ssp585",NA,1.94529084033054,2.84259277685686
"2194",3086,"North Carolina","mpi-esm1-2-hr","ssp585",NA,1.7108061259046,4.42568966307228
"2195",3087,"North Carolina","mpi-esm1-2-hr","ssp585",NA,2.14167441793377,4.53084853570337
"2196",3088,"North Carolina","mpi-esm1-2-hr","ssp585",NA,3.98817851020504,8.36298612706804
"2197",3089,"North Carolina","mpi-esm1-2-hr","ssp585",NA,4.028035968963,5.72264724004839
"2198",3090,"North Carolina","mpi-esm1-2-hr","ssp585",NA,4.88040659955983,10.2457263081014
"2199",3091,"North Carolina","mpi-esm1-2-hr","ssp585",NA,3.55686040539473,11.3006180279729
"2200",3092,"North Carolina","mpi-esm1-2-hr","ssp585",NA,4.6867549806374,11.9259878292137
"2201",3093,"North Carolina","mpi-esm1-2-hr","ssp585",NA,7.38036545136471,11.4722878677839
"2202",3094,"North Carolina","mpi-esm1-2-hr","ssp585",NA,1.66000605054212,16.4305530708377
"2203",3095,"North Carolina","mpi-esm1-2-hr","ssp585",NA,6.62145518200465,13.8605778883819
"2204",3096,"North Carolina","mpi-esm1-2-hr","ssp585",NA,1.08183507356382,18.8035844733401
"2205",3097,"North Carolina","mpi-esm1-2-hr","ssp585",NA,2.09269536402751,20.0435559013645
"2206",3098,"North Carolina","mpi-esm1-2-hr","ssp585",NA,8.03236008710776,17.3399521942566
"2207",3099,"North Carolina","mpi-esm1-2-hr","ssp585",NA,0.475951133117602,19.551799750662
"2208",3100,"North Carolina","mpi-esm1-2-hr","ssp585",NA,5.80314594060364,22.2125719086463
"2209",3101,"North Carolina","mpi-esm1-2-hr","ssp585",NA,0.130599989377118,21.8901707069547
"2210",3102,"North Carolina","mpi-esm1-2-hr","ssp585",NA,2.61585990290066,27.2337540143011
"2211",3103,"North Carolina","mpi-esm1-2-hr","ssp585",NA,3.57786274295041,25.9634458055683
"2212",3104,"North Carolina","mpi-esm1-2-hr","ssp585",NA,1.31484987486597,23.8320666914227
"2213",3105,"North Carolina","mpi-esm1-2-hr","ssp585",NA,1.49107453954541,24.4234742749639
"2214",3106,"North Carolina","mpi-esm1-2-hr","ssp585",NA,9.68534597898212,25.2453710390406
"2215",3107,"North Carolina","mpi-esm1-2-hr","ssp585",NA,5.79421142546754,28.1912294361104
"2216",3108,"North Carolina","mpi-esm1-2-hr","ssp585",NA,4.10543266125158,27.4225276316582
"2217",3109,"North Carolina","mpi-esm1-2-hr","ssp585",NA,4.08412636480695,28.5713540811833
"2218",3110,"North Carolina","mpi-esm1-2-hr","ssp585",NA,3.17393356855071,28.2713037143569
"2219",3111,"North Carolina","mpi-esm1-2-hr","ssp585",NA,3.24543139162599,28.1842092818573
"2220",3112,"North Carolina","mpi-esm1-2-hr","ssp585",NA,3.55984582238307,28.1243619176186
"2221",3113,"North Carolina","mpi-esm1-2-hr","ssp585",NA,0.711669605140337,28.0881124202611
"2222",3114,"North Carolina","mpi-esm1-2-hr","ssp585",NA,3.39021235112563,25.2153318260898
"2223",3115,"North Carolina","mpi-esm1-2-hr","ssp585",NA,3.32699765641956,26.7576817616695
"2224",3116,"North Carolina","mpi-esm1-2-hr","ssp585",NA,3.480994394175,25.4051134638426
"2225",3117,"North Carolina","mpi-esm1-2-hr","ssp585",NA,0.0199748654084323,26.2501416118205
"2226",3118,"North Carolina","mpi-esm1-2-hr","ssp585",NA,0.659181934716195,22.1338471570269
"2227",3119,"North Carolina","mpi-esm1-2-hr","ssp585",NA,0.00293207986567936,20.4590006681384
"2228",3120,"North Carolina","mpi-esm1-2-hr","ssp585",NA,0.00371508532156777,18.8630154478784
"2229",3121,"North Carolina","mpi-esm1-2-hr","ssp585",NA,8.73265260842567,20.8235259582349
"2230",3122,"North Carolina","mpi-esm1-2-hr","ssp585",NA,9.91406755225597,18.6799147661995
"2231",3123,"North Carolina","mpi-esm1-2-hr","ssp585",NA,0.0892268641186123,11.8018981420693
"2232",3124,"North Carolina","mpi-esm1-2-hr","ssp585",NA,2.6639934781355,11.0226235782399
"2233",3125,"North Carolina","mpi-esm1-2-hr","ssp585",NA,0.865319886734218,13.624988425546
"2234",3126,"North Carolina","mpi-esm1-2-hr","ssp585",NA,2.94493402785413,14.5401814436712
"2235",3127,"North Carolina","mpi-esm1-2-hr","ssp585",NA,4.69594725382347,13.1740106833749
"2236",3128,"North Carolina","mpi-esm1-2-hr","ssp585",NA,2.19112904915088,7.81688526484815
"2237",3129,"North Carolina","mpi-esm1-2-hr","ssp585",NA,3.43117200516782,8.4433815664938
"2238",3130,"North Carolina","mpi-esm1-2-hr","ssp585",NA,7.562545042344,7.22679557907149
"2239",3131,"North Carolina","mpi-esm1-2-hr","ssp585",NA,6.62454716186112,4.23525980460546
"2240",3132,"North Carolina","mpi-esm1-2-hr","ssp585",NA,5.92633243457599,3.317237029089
"2241",3133,"North Carolina","mpi-esm1-2-hr","ssp585",NA,0.866873192008068,6.63206140854782
"2242",3134,"North Carolina","mpi-esm1-2-hr","ssp585",NA,0.948234775398091,9.78725167068783
"2243",3135,"North Carolina","mpi-esm1-2-hr","ssp585",NA,0.642402914905199,10.0734379958038
"2244",3136,"North Carolina","mpi-esm1-2-hr","ssp585",NA,4.51225028303904,10.0446169214756
"2245",3137,"North Carolina","mpi-esm1-2-hr","ssp585",NA,1.33597358424503,5.50423507049306
"2246",3138,"North Carolina","mpi-esm1-2-hr","ssp585",NA,1.25589524392707,7.55903805858283
"2247",3139,"North Carolina","mpi-esm1-2-hr","ssp585",NA,5.33057101769556,8.65404432280727
"2248",3140,"North Carolina","mpi-esm1-2-hr","ssp585",NA,9.25897173692341,6.23061164407171
"2249",3141,"North Carolina","mpi-esm1-2-hr","ssp585",NA,5.14583598581515,9.60473535361413
"2250",3142,"North Carolina","mpi-esm1-2-hr","ssp585",NA,3.49847877939489,10.9517167120755
"2251",3143,"North Carolina","mpi-esm1-2-hr","ssp585",NA,4.60271799814361,10.1066887350644
"2252",3144,"North Carolina","mpi-esm1-2-hr","ssp585",NA,1.72877140179817,18.3446088176482
"2253",3145,"North Carolina","mpi-esm1-2-hr","ssp585",NA,9.40313227242959,13.0918088939678
"2254",3146,"North Carolina","mpi-esm1-2-hr","ssp585",NA,2.20326355323655,14.8794510015921
"2255",3147,"North Carolina","mpi-esm1-2-hr","ssp585",NA,0.046603800261177,17.8983845515746
"2256",3148,"North Carolina","mpi-esm1-2-hr","ssp585",NA,0.803416131809378,20.0678361823245
"2257",3149,"North Carolina","mpi-esm1-2-hr","ssp585",NA,2.78625457882421,23.4157892307314
"2258",3150,"North Carolina","mpi-esm1-2-hr","ssp585",NA,2.95068797012612,18.5809236072359
"2259",3151,"North Carolina","mpi-esm1-2-hr","ssp585",NA,5.04660907522406,22.6385634478401
"2260",3152,"North Carolina","mpi-esm1-2-hr","ssp585",NA,0.685277221412687,22.9978718562621
"2261",3153,"North Carolina","mpi-esm1-2-hr","ssp585",NA,2.44504231120706,22.81914057371
"2262",3154,"North Carolina","mpi-esm1-2-hr","ssp585",NA,4.2531049088899,26.5088655359605
"2263",3155,"North Carolina","mpi-esm1-2-hr","ssp585",NA,4.03241146194268,27.0962636910233
"2264",3156,"North Carolina","mpi-esm1-2-hr","ssp585",NA,3.24787678221606,29.3326221626346
"2265",3157,"North Carolina","mpi-esm1-2-hr","ssp585",NA,1.76487421644304,28.6506396894696
"2266",3158,"North Carolina","mpi-esm1-2-hr","ssp585",NA,1.23184473843995,28.8109645982417
"2267",3159,"North Carolina","mpi-esm1-2-hr","ssp585",NA,3.30759875204032,28.6081191289993
"2268",3160,"North Carolina","mpi-esm1-2-hr","ssp585",NA,5.35813032181656,28.2451245048801
"2269",3161,"North Carolina","mpi-esm1-2-hr","ssp585",NA,4.2028858357497,27.573886698234
"2270",3162,"North Carolina","mpi-esm1-2-hr","ssp585",NA,5.84745316201796,28.6075065548681
"2271",3163,"North Carolina","mpi-esm1-2-hr","ssp585",NA,5.9557920330535,27.4914520520122
"2272",3164,"North Carolina","mpi-esm1-2-hr","ssp585",NA,3.32746701776671,29.5651265291273
"2273",3165,"North Carolina","mpi-esm1-2-hr","ssp585",NA,6.07193844493964,27.1951263684185
"2274",3166,"North Carolina","mpi-esm1-2-hr","ssp585",NA,2.52072680502787,24.9162291283701
"2275",3167,"North Carolina","mpi-esm1-2-hr","ssp585",NA,0.963779405172608,25.93424843326
"2276",3168,"North Carolina","mpi-esm1-2-hr","ssp585",NA,8.3148817905498,23.6811132436373
"2277",3169,"North Carolina","mpi-esm1-2-hr","ssp585",NA,0.046856409372755,25.5581477488456
"2278",3170,"North Carolina","mpi-esm1-2-hr","ssp585",NA,0.0393837824255471,23.0663732192096
"2279",3171,"North Carolina","mpi-esm1-2-hr","ssp585",NA,5.34835628589027,22.7547012970227
"2280",3172,"North Carolina","mpi-esm1-2-hr","ssp585",NA,4.79490862916685,18.9980411989015
"2281",3173,"North Carolina","mpi-esm1-2-hr","ssp585",NA,0.533024915555779,19.5714717918418
"2282",3174,"North Carolina","mpi-esm1-2-hr","ssp585",NA,0.0718770902166084,15.7922422777705
"2283",3175,"North Carolina","mpi-esm1-2-hr","ssp585",NA,7.43846384161961,19.8466918774346
"2284",3176,"North Carolina","mpi-esm1-2-hr","ssp585",NA,0.106575177598352,8.65677491944045
"2285",3177,"North Carolina","mpi-esm1-2-hr","ssp585",NA,16.7909072074745,9.25398631376381
"2286",3178,"North Carolina","mpi-esm1-2-hr","ssp585",NA,7.68971462135336,9.97211613160892
"2287",3179,"North Carolina","mpi-esm1-2-hr","ssp585",NA,5.13551100979262,8.21803985510222
"2288",3180,"North Carolina","mpi-esm1-2-hr","ssp585",NA,5.40513473715386,7.26069778741577
"2289",3181,"North Carolina","mpi-esm1-2-hr","ssp585",NA,0.0651966230600178,8.92906668526788
"2290",3182,"North Carolina","mpi-esm1-2-hr","ssp585",NA,4.79070753623214,7.38126624184832
"2291",3183,"North Carolina","mpi-esm1-2-hr","ssp585",NA,4.63706542209633,4.20403177384237
"2292",3184,"North Carolina","mpi-esm1-2-hr","ssp585",NA,2.94279169014038,4.9770453616017
"2293",3185,"North Carolina","mpi-esm1-2-hr","ssp585",NA,2.48080111066104,0.459199331588127
"2294",3186,"North Carolina","mpi-esm1-2-hr","ssp585",NA,2.26940907462243,-0.0690872149640876
"2295",3187,"North Carolina","mpi-esm1-2-hr","ssp585",NA,4.17497482274545,3.77977606081497
"2296",3188,"North Carolina","mpi-esm1-2-hr","ssp585",NA,3.47101803593379,1.18519182819615
"2297",3189,"North Carolina","mpi-esm1-2-hr","ssp585",NA,15.3069451714306,9.22664632503394
"2298",3190,"North Carolina","mpi-esm1-2-hr","ssp585",NA,0.0520094755844765,1.15049975312393
"2299",3191,"North Carolina","mpi-esm1-2-hr","ssp585",NA,1.43355608952257,9.86934463971138
"2300",3192,"North Carolina","mpi-esm1-2-hr","ssp585",NA,2.48382785067414,4.96595765014993
"2301",3193,"North Carolina","mpi-esm1-2-hr","ssp585",NA,1.23310789765869,13.3775943018809
"2302",3194,"North Carolina","mpi-esm1-2-hr","ssp585",NA,5.30815958060709,12.3476980171952
"2303",3195,"North Carolina","mpi-esm1-2-hr","ssp585",NA,3.45997275590056,16.069266063359
"2304",3196,"North Carolina","mpi-esm1-2-hr","ssp585",NA,0.824328215742393,13.3527328192019
"2305",3197,"North Carolina","mpi-esm1-2-hr","ssp585",NA,5.5887669304973,16.3326425076867
"2306",3198,"North Carolina","mpi-esm1-2-hr","ssp585",NA,4.50593939109056,17.2133649382605
"2307",3199,"North Carolina","mpi-esm1-2-hr","ssp585",NA,2.17825294363566,17.0979870366115
"2308",3200,"North Carolina","mpi-esm1-2-hr","ssp585",NA,1.07061922004015,18.5400040655911
"2309",3201,"North Carolina","mpi-esm1-2-hr","ssp585",NA,9.84526281155784,16.6582634420956
"2310",3202,"North Carolina","mpi-esm1-2-hr","ssp585",NA,0.835564024188187,19.884343559201
"2311",3203,"North Carolina","mpi-esm1-2-hr","ssp585",NA,0.0483077805623326,20.4245950479801
"2312",3204,"North Carolina","mpi-esm1-2-hr","ssp585",NA,0.127346340481641,25.3431700463389
"2313",3205,"North Carolina","mpi-esm1-2-hr","ssp585",NA,14.4512944573571,23.3278587704613
"2314",3206,"North Carolina","mpi-esm1-2-hr","ssp585",NA,15.1095317312254,23.7924514556799
"2315",3207,"North Carolina","mpi-esm1-2-hr","ssp585",NA,7.79229225171999,25.8653735078016
"2316",3208,"North Carolina","mpi-esm1-2-hr","ssp585",NA,5.09378021419283,26.8136030437566
"2317",3209,"North Carolina","mpi-esm1-2-hr","ssp585",NA,8.68216615037317,25.7258377374387
"2318",3210,"North Carolina","mpi-esm1-2-hr","ssp585",NA,6.11227150139643,27.7067565576035
"2319",3211,"North Carolina","mpi-esm1-2-hr","ssp585",NA,6.1737275239932,28.5070864551876
"2320",3212,"North Carolina","mpi-esm1-2-hr","ssp585",NA,9.8086276637118,26.2113736876587
"2321",3213,"North Carolina","mpi-esm1-2-hr","ssp585",NA,4.72650206716904,28.186138898919
"2322",3214,"North Carolina","mpi-esm1-2-hr","ssp585",NA,6.24414985047354,28.4623470872724
"2323",3215,"North Carolina","mpi-esm1-2-hr","ssp585",NA,4.95280239242484,27.8161255737647
"2324",3216,"North Carolina","mpi-esm1-2-hr","ssp585",NA,14.1481175739936,26.1518763779926
"2325",3217,"North Carolina","mpi-esm1-2-hr","ssp585",NA,11.3831049216847,25.6992863331856
"2326",3218,"North Carolina","mpi-esm1-2-hr","ssp585",NA,6.44566655427901,24.9939011517693
"2327",3219,"North Carolina","mpi-esm1-2-hr","ssp585",NA,4.04073709008827,25.2723401152453
"2328",3220,"North Carolina","mpi-esm1-2-hr","ssp585",NA,6.0143481935048,25.1512455958946
"2329",3221,"North Carolina","mpi-esm1-2-hr","ssp585",NA,1.55838976801029,24.3757228135395
"2330",3222,"North Carolina","mpi-esm1-2-hr","ssp585",NA,10.5608031552603,22.8799623633633
"2331",3223,"North Carolina","mpi-esm1-2-hr","ssp585",NA,11.4624810639649,19.2325166419107
"2332",3224,"North Carolina","mpi-esm1-2-hr","ssp585",NA,0.740890222142535,17.2781911983544
"2333",3225,"North Carolina","mpi-esm1-2-hr","ssp585",NA,0.344989366338177,23.4050998719801
"2334",3226,"North Carolina","mpi-esm1-2-hr","ssp585",NA,6.11807043949876,15.0504070549118
"2335",3227,"North Carolina","mpi-esm1-2-hr","ssp585",NA,4.86760969221653,17.2328326740853
"2336",3228,"North Carolina","mpi-esm1-2-hr","ssp585",NA,0.0123875271747849,15.9893467665387
"2337",3229,"North Carolina","mpi-esm1-2-hr","ssp585",NA,2.57535585454612,16.0911328056613
"2338",3230,"North Carolina","mpi-esm1-2-hr","ssp585",NA,0.000307115694623394,10.9803138198639
"2339",3231,"North Carolina","mpi-esm1-2-hr","ssp585",NA,1.23751586440502,9.83763037930018
"2340",3232,"North Carolina","mpi-esm1-2-hr","ssp585",NA,1.05885006749671,12.9987485741367
"2341",3233,"North Carolina","mpi-esm1-2-hr","ssp585",NA,2.86555500943989,17.411743728253
"2342",3234,"North Carolina","mpi-esm1-2-hr","ssp585",NA,5.77725800241996,13.0460539831167
"2343",3235,"North Carolina","mpi-esm1-2-hr","ssp585",NA,1.39027440367377,3.49784509995407
"2344",3236,"North Carolina","mpi-esm1-2-hr","ssp585",NA,13.7084366362171,11.4707152294512
"2345",3237,"North Carolina","mpi-esm1-2-hr","ssp585",NA,0.146868361822699,4.42781905486806
"2346",3238,"North Carolina","mpi-esm1-2-hr","ssp585",NA,1.84645935375304,4.32331754967614
"2347",3239,"North Carolina","mpi-esm1-2-hr","ssp585",NA,6.90103396578599,8.67003869663102
"2348",3240,"North Carolina","mpi-esm1-2-hr","ssp585",NA,0.0156387500947942,4.92959881950829
"2349",3241,"North Carolina","mpi-esm1-2-hr","ssp585",NA,6.18623442092603,2.93143278063181
"2350",3242,"North Carolina","mpi-esm1-2-hr","ssp585",NA,16.702124361222,8.68356054824276
"2351",3243,"North Carolina","mpi-esm1-2-hr","ssp585",NA,4.23082631784053,4.47462267621895
"2352",3244,"North Carolina","mpi-esm1-2-hr","ssp585",NA,7.69854295491207,7.64814126578368
"2353",3245,"North Carolina","mpi-esm1-2-hr","ssp585",NA,0.0256535741013862,7.41787972757465
"2354",3246,"North Carolina","mpi-esm1-2-hr","ssp585",NA,2.50544276037972,6.11471374682688
"2355",3247,"North Carolina","mpi-esm1-2-hr","ssp585",NA,4.88266088495871,11.497358870306
"2356",3248,"North Carolina","mpi-esm1-2-hr","ssp585",NA,6.65712483071217,13.6121839507288
"2357",3249,"North Carolina","mpi-esm1-2-hr","ssp585",NA,3.09779474500981,12.4267468364299
"2358",3250,"North Carolina","mpi-esm1-2-hr","ssp585",NA,0.598396730214624,12.1858347489387
"2359",3251,"North Carolina","mpi-esm1-2-hr","ssp585",NA,10.3153235265633,13.6106729459362
"2360",3252,"North Carolina","mpi-esm1-2-hr","ssp585",NA,1.03199529139219,17.928500015729
"2361",3253,"North Carolina","mpi-esm1-2-hr","ssp585",NA,0.649320542624763,21.4335461015461
"2362",3254,"North Carolina","mpi-esm1-2-hr","ssp585",NA,1.71975369671332,21.1691974543724
"2363",3255,"North Carolina","mpi-esm1-2-hr","ssp585",NA,0.0153211303325047,22.2881593335577
"2364",3256,"North Carolina","mpi-esm1-2-hr","ssp585",NA,0.640253661846191,27.3108460327491
"2365",3257,"North Carolina","mpi-esm1-2-hr","ssp585",NA,14.4332363804456,21.9585902622768
"2366",3258,"North Carolina","mpi-esm1-2-hr","ssp585",NA,4.16114034636879,23.3524685044917
"2367",3259,"North Carolina","mpi-esm1-2-hr","ssp585",NA,6.19802481731832,24.3993476931789
"2368",3260,"North Carolina","mpi-esm1-2-hr","ssp585",NA,0.664999752956371,26.9841065478926
"2369",3261,"North Carolina","mpi-esm1-2-hr","ssp585",NA,5.55503008507599,27.1475616882495
"2370",3262,"North Carolina","mpi-esm1-2-hr","ssp585",NA,0.741438072705138,28.9638251809513
"2371",3263,"North Carolina","mpi-esm1-2-hr","ssp585",NA,9.15645504720801,26.2127201368829
"2372",3264,"North Carolina","mpi-esm1-2-hr","ssp585",NA,12.2588776563669,27.1414409904587
"2373",3265,"North Carolina","mpi-esm1-2-hr","ssp585",NA,8.70807938529139,28.1772646094571
"2374",3266,"North Carolina","mpi-esm1-2-hr","ssp585",NA,4.42796805289297,28.0103648295256
"2375",3267,"North Carolina","mpi-esm1-2-hr","ssp585",NA,2.59310878456378,26.5777620032388
"2376",3268,"North Carolina","mpi-esm1-2-hr","ssp585",NA,7.66540343581614,26.712135430344
"2377",3269,"North Carolina","mpi-esm1-2-hr","ssp585",NA,9.33257116830493,28.0985427642737
"2378",3270,"North Carolina","mpi-esm1-2-hr","ssp585",NA,4.41688015229634,26.7873036446024
"2379",3271,"North Carolina","mpi-esm1-2-hr","ssp585",NA,1.60869551309435,23.7335960409555
"2380",3272,"North Carolina","mpi-esm1-2-hr","ssp585",NA,0.43599552498089,24.7237984451593
"2381",3273,"North Carolina","mpi-esm1-2-hr","ssp585",NA,0.0140369778360581,27.6939269506631
"2382",3274,"North Carolina","mpi-esm1-2-hr","ssp585",NA,8.66919237216142,22.9586074444426
"2383",3275,"North Carolina","mpi-esm1-2-hr","ssp585",NA,9.59557971867629,21.2537018249683
"2384",3276,"North Carolina","mpi-esm1-2-hr","ssp585",NA,0.0261800793155357,20.2161757183342
"2385",3277,"North Carolina","mpi-esm1-2-hr","ssp585",NA,0.601448306073156,18.8456070074514
"2386",3278,"North Carolina","mpi-esm1-2-hr","ssp585",NA,1.49612105103318,22.0269033052674
"2387",3279,"North Carolina","mpi-esm1-2-hr","ssp585",NA,6.82868892509156,17.7220531303342
"2388",3280,"North Carolina","mpi-esm1-2-hr","ssp585",NA,0.629112877944893,17.4563182841496
"2389",3281,"North Carolina","mpi-esm1-2-hr","ssp585",NA,4.23469916503021,17.0241194524685
"2390",3282,"North Carolina","mpi-esm1-2-hr","ssp585",NA,20.2771149219525,16.2791338239398
"2391",3283,"North Carolina","mpi-esm1-2-hr","ssp585",NA,1.47633684090495,15.4013063746006
"2392",3284,"North Carolina","mpi-esm1-2-hr","ssp585",NA,0.771332734906796,11.4080552899871
"2393",3285,"North Carolina","mpi-esm1-2-hr","ssp585",NA,10.7618851935261,11.2614906460631
"2394",3286,"North Carolina","mpi-esm1-2-hr","ssp585",NA,0.604396253912769,15.2314030495011
"2395",3287,"North Carolina","mpi-esm1-2-hr","ssp585",NA,0.788419962503083,9.09825229163933
"2396",3288,"North Carolina","mpi-esm1-2-hr","ssp585",NA,11.2203979744541,10.3915256190367
"2397",3289,"North Carolina","mpi-esm1-2-hr","ssp585",NA,7.32637306957426,2.96355334370078
"2398",3290,"North Carolina","mpi-esm1-2-hr","ssp585",NA,4.00318629049978,3.89205544522499
"2399",3291,"North Carolina","mpi-esm1-2-hr","ssp585",NA,0.029422454545744,4.29454665411089
"2400",3292,"North Carolina","mpi-esm1-2-hr","ssp585",NA,0.123056304201943,8.34723324388351
"2401",3293,"North Carolina","mpi-esm1-2-hr","ssp585",NA,4.3064828650964,4.59353685566026
"2402",3294,"North Carolina","mpi-esm1-2-hr","ssp585",NA,0.367185517308765,6.88671717710524
"2403",3295,"North Carolina","mpi-esm1-2-hr","ssp585",NA,0.00915469199983,4.14977964086027
"2404",3296,"North Carolina","mpi-esm1-2-hr","ssp585",NA,1.1547903595661,6.48241448923322
"2405",3297,"North Carolina","mpi-esm1-2-hr","ssp585",NA,2.40197637935385,11.705715369644
"2406",3298,"North Carolina","mpi-esm1-2-hr","ssp585",NA,0.229015140187684,9.2813779344746
"2407",3299,"North Carolina","mpi-esm1-2-hr","ssp585",NA,0.719720073982348,12.8654312091048
"2408",3300,"North Carolina","mpi-esm1-2-hr","ssp585",NA,7.01230635240179,11.2108965192523
"2409",3301,"North Carolina","mpi-esm1-2-hr","ssp585",NA,2.09212766488488,16.540634420272
"2410",3302,"North Carolina","mpi-esm1-2-hr","ssp585",NA,0.524233657611263,15.0842309604506
"2411",3303,"North Carolina","mpi-esm1-2-hr","ssp585",NA,2.23008384143038,15.8397596856125
"2412",3304,"North Carolina","mpi-esm1-2-hr","ssp585",NA,1.46213474392364,15.9228820458848
"2413",3305,"North Carolina","mpi-esm1-2-hr","ssp585",NA,0.41581684040657,16.1726755179611
"2414",3306,"North Carolina","mpi-esm1-2-hr","ssp585",NA,1.78627258973385,22.4862782539774
"2415",3307,"North Carolina","mpi-esm1-2-hr","ssp585",NA,2.1162969825838,21.5458338633305
"2416",3308,"North Carolina","mpi-esm1-2-hr","ssp585",NA,0.358432368188876,20.0551926727723
"2417",3309,"North Carolina","mpi-esm1-2-hr","ssp585",NA,1.12504874941958,23.3741675283395
"2418",3310,"North Carolina","mpi-esm1-2-hr","ssp585",NA,5.42287544049949,23.9240713765975
"2419",3311,"North Carolina","mpi-esm1-2-hr","ssp585",NA,12.0282927214974,26.8969178271895
"2420",3312,"North Carolina","mpi-esm1-2-hr","ssp585",NA,3.87923454202967,24.67591508283
"2421",3313,"North Carolina","mpi-esm1-2-hr","ssp585",NA,5.73202614947807,26.0616959088323
"2422",3314,"North Carolina","mpi-esm1-2-hr","ssp585",NA,9.05831549658737,28.5701203845796
"2423",3315,"North Carolina","mpi-esm1-2-hr","ssp585",NA,4.32453703205811,27.2638440043986
"2424",3316,"North Carolina","mpi-esm1-2-hr","ssp585",NA,4.60244100791255,29.1307421430486
"2425",3317,"North Carolina","mpi-esm1-2-hr","ssp585",NA,11.2585130223361,27.3814861051843
"2426",3318,"North Carolina","mpi-esm1-2-hr","ssp585",NA,3.39881570693587,26.9027176202513
"2427",3319,"North Carolina","mpi-esm1-2-hr","ssp585",NA,6.56811039847862,28.3464149111793
"2428",3320,"North Carolina","mpi-esm1-2-hr","ssp585",NA,3.72890034141317,26.1464150137594
"2429",3321,"North Carolina","mpi-esm1-2-hr","ssp585",NA,2.88972908075426,27.2618144572282
"2430",3322,"North Carolina","mpi-esm1-2-hr","ssp585",NA,11.4931783400592,26.2160165482209
"2431",3323,"North Carolina","mpi-esm1-2-hr","ssp585",NA,0.461948440303075,23.3390030719319
"2432",3324,"North Carolina","mpi-esm1-2-hr","ssp585",NA,0.00125796669796246,27.7249464019006
"2433",3325,"North Carolina","mpi-esm1-2-hr","ssp585",NA,7.37463191106435,25.7289176192938
"2434",3326,"North Carolina","mpi-esm1-2-hr","ssp585",NA,5.38927238691535,26.8510998295803
"2435",3327,"North Carolina","mpi-esm1-2-hr","ssp585",NA,2.36482482837995,19.6847661208038
"2436",3328,"North Carolina","mpi-esm1-2-hr","ssp585",NA,0.145061078609531,17.9422914820225
"2437",3329,"North Carolina","mpi-esm1-2-hr","ssp585",NA,0.0438532289348693,17.6468300357252
"2438",3330,"North Carolina","mpi-esm1-2-hr","ssp585",NA,1.85184174026764,18.5021518397398
"2439",3331,"North Carolina","mpi-esm1-2-hr","ssp585",NA,4.11613157979935,18.6448732349385
"2440",3332,"North Carolina","mpi-esm1-2-hr","ssp585",NA,6.31061741600313,11.7280961237034
"2441",3333,"North Carolina","mpi-esm1-2-hr","ssp585",NA,0.0484738415160936,15.7089764763327
"2442",3334,"North Carolina","mpi-esm1-2-hr","ssp585",NA,5.76899528834872,16.248168056285
"2443",3335,"North Carolina","mpi-esm1-2-hr","ssp585",NA,0.291515981129536,10.2292371562883
"2444",3336,"North Carolina","mpi-esm1-2-hr","ssp585",NA,2.66325954398475,10.3829269280955
"2445",3337,"North Carolina","mpi-esm1-2-hr","ssp585",NA,0.0059149887763989,4.51490938416384
"2446",3338,"North Carolina","mpi-esm1-2-hr","ssp585",NA,1.37735603076647,12.092088339242
"2447",3339,"North Carolina","mpi-esm1-2-hr","ssp585",NA,1.88030967579192,13.1203422311308
"2448",3340,"North Carolina","mpi-esm1-2-hr","ssp585",NA,5.18065219095217,8.34317637211137
"2449",3341,"North Carolina","mpi-esm1-2-hr","ssp585",NA,2.82519601629751,2.67945460899206
"2450",3342,"North Carolina","mpi-esm1-2-hr","ssp585",NA,3.78406660241454,7.21160927994247
"2451",3343,"North Carolina","mpi-esm1-2-hr","ssp585",NA,8.49923389302121,6.77552035462625
"2452",3344,"North Carolina","mpi-esm1-2-hr","ssp585",NA,3.28431697845121,7.71660125475974
"2453",3345,"North Carolina","mpi-esm1-2-hr","ssp585",NA,2.00562611024593,3.73775497992168
"2454",3346,"North Carolina","mpi-esm1-2-hr","ssp585",NA,3.39901618352072,7.01954685927107
"2455",3347,"North Carolina","mpi-esm1-2-hr","ssp585",NA,8.42678691835256,8.1496591947326
"2456",3348,"North Carolina","mpi-esm1-2-hr","ssp585",NA,8.06489461130634,7.42703218005955
"2457",3349,"North Carolina","mpi-esm1-2-hr","ssp585",NA,3.52748821747779,11.8223373113894
"2458",3350,"North Carolina","mpi-esm1-2-hr","ssp585",NA,0.0125532049943493,11.5815415668221
"2459",3351,"North Carolina","mpi-esm1-2-hr","ssp585",NA,4.35271776994096,13.1555290841923
"2460",3352,"North Carolina","mpi-esm1-2-hr","ssp585",NA,9.38078903694253,13.6460958186986
"2461",3353,"North Carolina","mpi-esm1-2-hr","ssp585",NA,1.17406844873272,12.2007280964144
"2462",3354,"North Carolina","mpi-esm1-2-hr","ssp585",NA,6.54352170753585,13.1519745984331
"2463",3355,"North Carolina","mpi-esm1-2-hr","ssp585",NA,4.77884205918431,13.8287360867199
"2464",3356,"North Carolina","mpi-esm1-2-hr","ssp585",NA,3.6711377134047,16.7843107848608
"2465",3357,"North Carolina","mpi-esm1-2-hr","ssp585",NA,2.54876405432536,16.6869594541919
"2466",3358,"North Carolina","mpi-esm1-2-hr","ssp585",NA,3.33968075238092,19.0630222694547
"2467",3359,"North Carolina","mpi-esm1-2-hr","ssp585",NA,0.543836191639098,19.9441218528427
"2468",3360,"North Carolina","mpi-esm1-2-hr","ssp585",NA,3.504103363676,21.1448074981946
"2469",3361,"North Carolina","mpi-esm1-2-hr","ssp585",NA,1.63136545480109,20.7330162069711
"2470",3362,"North Carolina","mpi-esm1-2-hr","ssp585",NA,7.65199234960807,19.8171865083924
"2471",3363,"North Carolina","mpi-esm1-2-hr","ssp585",NA,5.95992784498371,22.806164619168
"2472",3364,"North Carolina","mpi-esm1-2-hr","ssp585",NA,6.73385266195777,25.1706126322599
"2473",3365,"North Carolina","mpi-esm1-2-hr","ssp585",NA,5.6525465502343,25.7138625372024
"2474",3366,"North Carolina","mpi-esm1-2-hr","ssp585",NA,2.65033549851772,27.3397082245985
"2475",3367,"North Carolina","mpi-esm1-2-hr","ssp585",NA,5.77632308402123,28.2102199180454
"2476",3368,"North Carolina","mpi-esm1-2-hr","ssp585",NA,9.08705228096803,27.2873274944744
"2477",3369,"North Carolina","mpi-esm1-2-hr","ssp585",NA,3.31298322737229,27.5393778995974
"2478",3370,"North Carolina","mpi-esm1-2-hr","ssp585",NA,3.92432105441041,28.323780698803
"2479",3371,"North Carolina","mpi-esm1-2-hr","ssp585",NA,1.96338302056032,29.0203065503545
"2480",3372,"North Carolina","mpi-esm1-2-hr","ssp585",NA,6.58690122497525,26.535150061001
"2481",3373,"North Carolina","mpi-esm1-2-hr","ssp585",NA,1.48358008641289,28.5977666603751
"2482",3374,"North Carolina","mpi-esm1-2-hr","ssp585",NA,2.99100780370694,28.0497173747429
"2483",3375,"North Carolina","mpi-esm1-2-hr","ssp585",NA,8.48659122367441,27.1193327575171
"2484",3376,"North Carolina","mpi-esm1-2-hr","ssp585",NA,6.05649708709623,24.6986717074525
"2485",3377,"North Carolina","mpi-esm1-2-hr","ssp585",NA,0.116639327966024,25.4725417535178
"2486",3378,"North Carolina","mpi-esm1-2-hr","ssp585",NA,4.05337669430648,25.509432120016
"2487",3379,"North Carolina","mpi-esm1-2-hr","ssp585",NA,6.80267679232783,26.1360351904434
"2488",3380,"North Carolina","mpi-esm1-2-hr","ssp585",NA,3.205098914259,18.5853796865426
"2489",3381,"North Carolina","mpi-esm1-2-hr","ssp585",NA,0.0586186488271014,20.3472247810257
"2490",3382,"North Carolina","mpi-esm1-2-hr","ssp585",NA,0.00701546993061603,21.2363072328541
"2491",3383,"North Carolina","mpi-esm1-2-hr","ssp585",NA,1.44376207644498,22.3824903643098
"2492",3384,"North Carolina","mpi-esm1-2-hr","ssp585",NA,3.87944130110738,19.1819709841945
"2493",3385,"North Carolina","mpi-esm1-2-hr","ssp585",NA,0.645697244370606,18.3969673220851
"2494",3386,"North Carolina","mpi-esm1-2-hr","ssp585",NA,2.73630265557066,9.82325950643931
"2495",3387,"North Carolina","mpi-esm1-2-hr","ssp585",NA,0.82771822357046,10.4329069420737
"2496",3388,"North Carolina","mpi-esm1-2-hr","ssp585",NA,0,8.08501279173781
"2497",3389,"North Carolina","mpi-esm1-2-hr","ssp585",NA,0.617382387122425,10.2384746647683
"2498",3390,"North Carolina","mpi-esm1-2-hr","ssp585",NA,0.227548587226462,7.22775581423978
"2499",3391,"North Carolina","mpi-esm1-2-hr","ssp585",NA,2.28860981156732,4.05298002013308
"2500",3392,"North Carolina","mpi-esm1-2-hr","ssp585",NA,4.71573466059782,12.0050734063157
"2501",3393,"North Carolina","mpi-esm1-2-hr","ssp585",NA,0.316472301233835,6.39534202597057
"2502",3394,"North Carolina","mpi-esm1-2-hr","ssp585",NA,4.98859033792205,2.94865546560423
"2503",3395,"North Carolina","mpi-esm1-2-hr","ssp585",NA,1.31328630387933,4.45426035648637
"2504",3396,"North Carolina","mpi-esm1-2-hr","ssp585",NA,5.49270543983346,2.64455942533266
"2505",3397,"North Carolina","mpi-esm1-2-hr","ssp585",NA,0.742005278326903,5.10881624622508
"2506",3398,"North Carolina","mpi-esm1-2-hr","ssp585",NA,2.9223756827798,5.5670133189995
"2507",3399,"North Carolina","mpi-esm1-2-hr","ssp585",NA,4.90672910514035,3.91664697128854
"2508",3400,"North Carolina","mpi-esm1-2-hr","ssp585",NA,1.79814760177433,1.85024055032171
"2509",3401,"North Carolina","mpi-esm1-2-hr","ssp585",NA,8.46202199300482,9.21065682376469
"2510",3402,"North Carolina","mpi-esm1-2-hr","ssp585",NA,0.775933392951094,7.12465914344256
"2511",3403,"North Carolina","mpi-esm1-2-hr","ssp585",NA,0.926720342381066,9.42291051186102
"2512",3404,"North Carolina","mpi-esm1-2-hr","ssp585",NA,0.0900979442710249,11.8792299414883
"2513",3405,"North Carolina","mpi-esm1-2-hr","ssp585",NA,2.17653182954571,14.6787272306384
"2514",3406,"North Carolina","mpi-esm1-2-hr","ssp585",NA,1.72935175449449,14.5099339076451
"2515",3407,"North Carolina","mpi-esm1-2-hr","ssp585",NA,5.29913769970343,15.4012996214111
"2516",3408,"North Carolina","mpi-esm1-2-hr","ssp585",NA,6.29565153575939,14.7047086314995
"2517",3409,"North Carolina","mpi-esm1-2-hr","ssp585",NA,2.49829167847,17.4768412272136
"2518",3410,"North Carolina","mpi-esm1-2-hr","ssp585",NA,0.144537017007403,17.6964576015954
"2519",3411,"North Carolina","mpi-esm1-2-hr","ssp585",NA,9.09844790625693,20.9180154752331
"2520",3412,"North Carolina","mpi-esm1-2-hr","ssp585",NA,12.6115655977414,22.1390476258863
"2521",3413,"North Carolina","mpi-esm1-2-hr","ssp585",NA,0.764356076291458,24.9311165774904
"2522",3414,"North Carolina","mpi-esm1-2-hr","ssp585",NA,2.3382624030099,22.6375149937905
"2523",3415,"North Carolina","mpi-esm1-2-hr","ssp585",NA,1.05343286155372,26.2615663843663
"2524",3416,"North Carolina","mpi-esm1-2-hr","ssp585",NA,3.67347469776277,24.8290612656196
"2525",3417,"North Carolina","mpi-esm1-2-hr","ssp585",NA,0.381439313634412,25.7528302360984
"2526",3418,"North Carolina","mpi-esm1-2-hr","ssp585",NA,3.4696346084282,27.8348109654018
"2527",3419,"North Carolina","mpi-esm1-2-hr","ssp585",NA,4.06133231287847,27.5222076159566
"2528",3420,"North Carolina","mpi-esm1-2-hr","ssp585",NA,2.69254600991052,29.7703544210653
"2529",3421,"North Carolina","mpi-esm1-2-hr","ssp585",NA,6.20437172104733,29.2726693973488
"2530",3422,"North Carolina","mpi-esm1-2-hr","ssp585",NA,3.78428042241474,29.369193761489
"2531",3423,"North Carolina","mpi-esm1-2-hr","ssp585",NA,4.1716191778039,30.1765305633973
"2532",3424,"North Carolina","mpi-esm1-2-hr","ssp585",NA,3.03123708208277,31.2832228374749
"2533",3425,"North Carolina","mpi-esm1-2-hr","ssp585",NA,2.06004978646292,27.2630769617417
"2534",3426,"North Carolina","mpi-esm1-2-hr","ssp585",NA,4.89712131002765,29.07034862529
"2535",3427,"North Carolina","mpi-esm1-2-hr","ssp585",NA,0.476937848068074,27.4917600487461
"2536",3428,"North Carolina","mpi-esm1-2-hr","ssp585",NA,8.52797316278034,26.5041481338629
"2537",3429,"North Carolina","mpi-esm1-2-hr","ssp585",NA,0.250605483246041,26.2633546118643
"2538",3430,"North Carolina","mpi-esm1-2-hr","ssp585",NA,3.12555952549999,22.786247753496
"2539",3431,"North Carolina","mpi-esm1-2-hr","ssp585",NA,0.200218519682853,23.1139968829329
"2540",3432,"North Carolina","mpi-esm1-2-hr","ssp585",NA,2.68803452390861,18.3573490089395
"2541",3433,"North Carolina","mpi-esm1-2-hr","ssp585",NA,4.38775865729722,22.8602483498282
"2542",3434,"North Carolina","mpi-esm1-2-hr","ssp585",NA,3.04783687587121,20.3757575198048
"2543",3435,"North Carolina","mpi-esm1-2-hr","ssp585",NA,3.1532032487633,18.581374788685
"2544",3436,"North Carolina","mpi-esm1-2-hr","ssp585",NA,1.89628620621171,14.9733889796153
"2545",3437,"North Carolina","mpi-esm1-2-hr","ssp585",NA,3.02691729381625,18.2686050030364
"2546",3438,"North Carolina","mpi-esm1-2-hr","ssp585",NA,5.14610875273801,14.468352809874
"2547",3439,"North Carolina","mpi-esm1-2-hr","ssp585",NA,23.6570930400445,20.535838715369
"2548",3440,"North Carolina","mpi-esm1-2-hr","ssp585",NA,0.480113869710623,6.37440380449057
"2549",3441,"North Carolina","mpi-esm1-2-hr","ssp585",NA,1.35693396815219,6.14774171631545
"2550",3442,"North Carolina","mpi-esm1-2-hr","ssp585",NA,0.0634349950807151,4.27577936936496
"2551",3443,"North Carolina","mpi-esm1-2-hr","ssp585",NA,5.79822290772335,5.33062304755889
"2552",3444,"North Carolina","mpi-esm1-2-hr","ssp585",NA,5.86043952188898,1.75919251001184
"2553",3445,"North Carolina","mpi-esm1-2-hr","ssp585",NA,7.32352544728812,2.77719249565063
"2554",3446,"North Carolina","mpi-esm1-2-hr","ssp585",NA,0.157962659646086,9.92886272184657
"2555",3447,"North Carolina","mpi-esm1-2-hr","ssp585",NA,0.210661036929677,9.66403434176407
"2556",3448,"North Carolina","mpi-esm1-2-hr","ssp585",NA,2.99636070399365,7.81185396766131
"2557",3449,"North Carolina","mpi-esm1-2-hr","ssp585",NA,6.46059717341011,8.20324635225186
"2558",3450,"North Carolina","mpi-esm1-2-hr","ssp585",NA,0.632486289940352,8.20128767083007
"2559",3451,"North Carolina","mpi-esm1-2-hr","ssp585",NA,4.17555001640569,8.23537084755779
"2560",3452,"North Carolina","mpi-esm1-2-hr","ssp585",NA,4.33308190114695,11.5598247624245
"2561",3453,"North Carolina","mpi-esm1-2-hr","ssp585",NA,3.33650115205862,8.91489840809373
"2562",3454,"North Carolina","mpi-esm1-2-hr","ssp585",NA,6.89898415609505,10.5626720439152
"2563",3455,"North Carolina","mpi-esm1-2-hr","ssp585",NA,4.88067530415964,9.8744788589264
"2564",3456,"North Carolina","mpi-esm1-2-hr","ssp585",NA,0.525865497801525,15.8676575390899
"2565",3457,"North Carolina","mpi-esm1-2-hr","ssp585",NA,9.11767865294097,12.8145094243752
"2566",3458,"North Carolina","mpi-esm1-2-hr","ssp585",NA,9.68192573263496,16.494399947479
"2567",3459,"North Carolina","mpi-esm1-2-hr","ssp585",NA,0.820757574076517,15.9479462097339
"2568",3460,"North Carolina","mpi-esm1-2-hr","ssp585",NA,0.864742306526261,16.208153869458
"2569",3461,"North Carolina","mpi-esm1-2-hr","ssp585",NA,0.248845770882693,20.339960571631
"2570",3462,"North Carolina","mpi-esm1-2-hr","ssp585",NA,4.80143713586371,17.6313940395494
"2571",3463,"North Carolina","mpi-esm1-2-hr","ssp585",NA,1.97530443503577,16.4226777405298
"2572",3464,"North Carolina","mpi-esm1-2-hr","ssp585",NA,1.31815174999774,21.1413023363643
"2573",3465,"North Carolina","mpi-esm1-2-hr","ssp585",NA,1.38286618060827,19.2076555011653
"2574",3466,"North Carolina","mpi-esm1-2-hr","ssp585",NA,3.50471932099882,23.9873749206714
"2575",3467,"North Carolina","mpi-esm1-2-hr","ssp585",NA,14.6043450919467,21.4177170526414
"2576",3468,"North Carolina","mpi-esm1-2-hr","ssp585",NA,0.616270878444306,25.7436462402344
"2577",3469,"North Carolina","mpi-esm1-2-hr","ssp585",NA,1.14159778311338,28.0046008540135
"2578",3470,"North Carolina","mpi-esm1-2-hr","ssp585",NA,0.679570226162743,29.1636788162531
"2579",3471,"North Carolina","mpi-esm1-2-hr","ssp585",NA,1.39228283192746,30.4462509881883
"2580",3472,"North Carolina","mpi-esm1-2-hr","ssp585",NA,4.49243938940931,29.0375467594264
"2581",3473,"North Carolina","mpi-esm1-2-hr","ssp585",NA,4.56443898150946,30.4620943128228
"2582",3474,"North Carolina","mpi-esm1-2-hr","ssp585",NA,6.08587266775247,30.4608959208684
"2583",3475,"North Carolina","mpi-esm1-2-hr","ssp585",NA,1.7069717972524,30.3004072258787
"2584",3476,"North Carolina","mpi-esm1-2-hr","ssp585",NA,5.49507733648009,29.2077522683878
"2585",3477,"North Carolina","mpi-esm1-2-hr","ssp585",NA,2.53243029296487,26.802509775883
"2586",3478,"North Carolina","mpi-esm1-2-hr","ssp585",NA,5.69397735646305,26.6022336815586
"2587",3479,"North Carolina","mpi-esm1-2-hr","ssp585",NA,2.51985896554418,27.6097966554786
"2588",3480,"North Carolina","mpi-esm1-2-hr","ssp585",NA,5.43042428427053,26.2598921062566
"2589",3481,"North Carolina","mpi-esm1-2-hr","ssp585",NA,7.6197618564955,25.1559263256084
"2590",3482,"North Carolina","mpi-esm1-2-hr","ssp585",NA,3.8360428872968,26.218582845736
"2591",3483,"North Carolina","mpi-esm1-2-hr","ssp585",NA,14.2701589782152,24.8319173519017
"2592",3484,"North Carolina","mpi-esm1-2-hr","ssp585",NA,14.8555253299201,21.3468211283537
"2593",3485,"North Carolina","mpi-esm1-2-hr","ssp585",NA,6.13511107255646,19.2065253249738
"2594",3486,"North Carolina","mpi-esm1-2-hr","ssp585",NA,14.3066404245351,20.2619443920146
"2595",3487,"North Carolina","mpi-esm1-2-hr","ssp585",NA,6.43137928768012,13.8652879389061
"2596",3488,"North Carolina","mpi-esm1-2-hr","ssp585",NA,2.68860173137382,14.3460299793746
"2597",3489,"North Carolina","mpi-esm1-2-hr","ssp585",NA,4.30865550780338,9.29026137066157
"2598",3490,"North Carolina","mpi-esm1-2-hr","ssp585",NA,3.55476882026427,10.6242395908559
"2599",3491,"North Carolina","mpi-esm1-2-hr","ssp585",NA,1.32905214081153,12.7426523246017
"2600",3492,"North Carolina","mpi-esm1-2-hr","ssp585",NA,0.689372981883446,15.5361263670508
"2601",3493,"North Carolina","mpi-esm1-2-hr","ssp585",NA,2.74941485476112,17.621915809781
"2602",3494,"North Carolina","mpi-esm1-2-hr","ssp585",NA,3.03235562826886,14.3677843964735
"2603",3495,"North Carolina","mpi-esm1-2-hr","ssp585",NA,1.53630280822218,10.2193115918243
"2604",3496,"North Carolina","mpi-esm1-2-hr","ssp585",NA,3.68848484039281,12.2258824452633
"2605",3497,"North Carolina","mpi-esm1-2-hr","ssp585",NA,4.39275971234068,5.85071609454331
"2606",3498,"North Carolina","mpi-esm1-2-hr","ssp585",NA,13.8773114673451,10.4072179799654
"2607",3499,"North Carolina","mpi-esm1-2-hr","ssp585",NA,1.36132909427629,8.0366862834001
"2608",3500,"North Carolina","mpi-esm1-2-hr","ssp585",NA,9.30147142394812,11.5653026249563
"2609",3501,"North Carolina","mpi-esm1-2-hr","ssp585",NA,3.04797179130272,10.9095922817369
"2610",3502,"North Carolina","mpi-esm1-2-hr","ssp585",NA,1.59282605612233,12.2876643846015
"2611",3503,"North Carolina","mpi-esm1-2-hr","ssp585",NA,1.29710183633705,12.9496670763032
"2612",3504,"North Carolina","mpi-esm1-2-hr","ssp585",NA,4.64468719013084,9.83006714892991
"2613",3505,"North Carolina","mpi-esm1-2-hr","ssp585",NA,4.08611607209201,9.73247116473545
"2614",3506,"North Carolina","mpi-esm1-2-hr","ssp585",NA,2.24814065401281,6.58269567836903
"2615",3507,"North Carolina","mpi-esm1-2-hr","ssp585",NA,4.66435401165562,11.0107451452261
"2616",3508,"North Carolina","mpi-esm1-2-hr","ssp585",NA,1.09642924372344,12.617523159166
"2617",3509,"North Carolina","mpi-esm1-2-hr","ssp585",NA,2.80576823276204,12.7610055276994
"2618",3510,"North Carolina","mpi-esm1-2-hr","ssp585",NA,13.0888887412407,10.1120705997243
"2619",3511,"North Carolina","mpi-esm1-2-hr","ssp585",NA,1.22436597493481,9.38020445238645
"2620",3512,"North Carolina","mpi-esm1-2-hr","ssp585",NA,0.420325527534069,20.3647740126324
"2621",3513,"North Carolina","mpi-esm1-2-hr","ssp585",NA,4.27993505638537,13.8888787961474
"2622",3514,"North Carolina","mpi-esm1-2-hr","ssp585",NA,2.26827647303796,16.585376438173
"2623",3515,"North Carolina","mpi-esm1-2-hr","ssp585",NA,5.64084702378108,18.6005394858139
"2624",3516,"North Carolina","mpi-esm1-2-hr","ssp585",NA,2.7611563109806,21.974099774187
"2625",3517,"North Carolina","mpi-esm1-2-hr","ssp585",NA,2.54214087576007,25.194904111547
"2626",3518,"North Carolina","mpi-esm1-2-hr","ssp585",NA,2.39241941551484,21.3727483327315
"2627",3519,"North Carolina","mpi-esm1-2-hr","ssp585",NA,1.40697522432323,24.6180953851267
"2628",3520,"North Carolina","mpi-esm1-2-hr","ssp585",NA,2.33376823970877,27.6191691422663
"2629",3521,"North Carolina","mpi-esm1-2-hr","ssp585",NA,6.14401464814104,27.40456448937
"2630",3522,"North Carolina","mpi-esm1-2-hr","ssp585",NA,4.81394929003055,27.7923814447654
"2631",3523,"North Carolina","mpi-esm1-2-hr","ssp585",NA,4.72038408561351,28.0592919443168
"2632",3524,"North Carolina","mpi-esm1-2-hr","ssp585",NA,3.12094116200592,30.5536937211408
"2633",3525,"North Carolina","mpi-esm1-2-hr","ssp585",NA,6.62769039868984,26.8803568693103
"2634",3526,"North Carolina","mpi-esm1-2-hr","ssp585",NA,1.1793742986268,28.9514347022989
"2635",3527,"North Carolina","mpi-esm1-2-hr","ssp585",NA,2.41373612721154,31.2327872823934
"2636",3528,"North Carolina","mpi-esm1-2-hr","ssp585",NA,3.54388435982645,29.6944082222733
"2637",3529,"North Carolina","mpi-esm1-2-hr","ssp585",NA,1.95958211326124,30.1392550086441
"2638",3530,"North Carolina","mpi-esm1-2-hr","ssp585",NA,8.83825844434528,27.4335570434229
"2639",3531,"North Carolina","mpi-esm1-2-hr","ssp585",NA,2.83799469084557,29.4220527713039
"2640",3532,"North Carolina","mpi-esm1-2-hr","ssp585",NA,4.2825612178336,27.0612324177718
"2641",3533,"North Carolina","mpi-esm1-2-hr","ssp585",NA,4.5121202089105,23.6804023635822
"2642",3534,"North Carolina","mpi-esm1-2-hr","ssp585",NA,0.287398675227603,24.6429693483839
"2643",3535,"North Carolina","mpi-esm1-2-hr","ssp585",NA,1.08542778169587,23.6109541863621
"2644",3536,"North Carolina","mpi-esm1-2-hr","ssp585",NA,11.438811992329,19.1351076954219
"2645",3537,"North Carolina","mpi-esm1-2-hr","ssp585",NA,0.430984195942883,20.621455738057
"2646",3538,"North Carolina","mpi-esm1-2-hr","ssp585",NA,0.96130884383517,20.0994746189492
"2647",3539,"North Carolina","mpi-esm1-2-hr","ssp585",NA,2.68287124159206,20.6731034479222
"2648",3540,"North Carolina","mpi-esm1-2-hr","ssp585",NA,0.00415143786238393,13.9525906089975
"2649",3541,"North Carolina","mpi-esm1-2-hr","ssp585",NA,1.450335789978,12.6039289885876
"2650",3542,"North Carolina","mpi-esm1-2-hr","ssp585",NA,1.04016191499421,12.7195726581649
"2651",3543,"North Carolina","mpi-esm1-2-hr","ssp585",NA,3.23570807281727,13.6854599041765
"2652",3544,"North Carolina","mpi-esm1-2-hr","ssp585",NA,4.00236451062506,11.0226333233489
"2653",3545,"North Carolina","mpi-esm1-2-hr","ssp585",NA,0.447304424645865,4.45922420726105
"2654",3546,"North Carolina","mpi-esm1-2-hr","ssp585",NA,0.0127191175369178,6.90206922857036
"2655",3547,"North Carolina","mpi-esm1-2-hr","ssp585",NA,2.03456838167125,10.4198167816932
"2656",3548,"North Carolina","mpi-esm1-2-hr","ssp585",NA,0.441682152926996,5.66007569043245
"2657",3549,"North Carolina","mpi-esm1-2-hr","ssp585",NA,4.02072195874778,4.96720280153079
"2658",3550,"North Carolina","mpi-esm1-2-hr","ssp585",NA,0.0393539580765734,12.0449033763896
"2659",3551,"North Carolina","mpi-esm1-2-hr","ssp585",NA,3.06163822482814,10.0207485850786
"2660",3552,"North Carolina","mpi-esm1-2-hr","ssp585",NA,0.0199588461068093,3.1728835845862
"2661",3553,"North Carolina","mpi-esm1-2-hr","ssp585",NA,6.21794259163185,6.04381252256764
"2662",3554,"North Carolina","mpi-esm1-2-hr","ssp585",NA,4.920941324761,5.69325419620976
"2663",3555,"North Carolina","mpi-esm1-2-hr","ssp585",NA,0.689214853114476,7.89349139558169
"2664",3556,"North Carolina","mpi-esm1-2-hr","ssp585",NA,0.558499885508874,12.2090778596595
"2665",3557,"North Carolina","mpi-esm1-2-hr","ssp585",NA,5.44766682525289,8.7202518238741
"2666",3558,"North Carolina","mpi-esm1-2-hr","ssp585",NA,0.728738181818958,7.00043285380561
"2667",3559,"North Carolina","mpi-esm1-2-hr","ssp585",NA,0.369738279572202,17.1568419384355
"2668",3560,"North Carolina","mpi-esm1-2-hr","ssp585",NA,0.980784977613087,17.0540698481541
"2669",3561,"North Carolina","mpi-esm1-2-hr","ssp585",NA,8.39649162729021,14.6472789091223
"2670",3562,"North Carolina","mpi-esm1-2-hr","ssp585",NA,1.81400786594687,17.3329045998282
"2671",3563,"North Carolina","mpi-esm1-2-hr","ssp585",NA,3.49729085788231,16.4720039773722
"2672",3564,"North Carolina","mpi-esm1-2-hr","ssp585",NA,4.53765479820397,15.7285427745317
"2673",3565,"North Carolina","mpi-esm1-2-hr","ssp585",NA,7.63955133579886,15.6006649754629
"2674",3566,"North Carolina","mpi-esm1-2-hr","ssp585",NA,0.825304498216954,19.4276244091387
"2675",3567,"North Carolina","mpi-esm1-2-hr","ssp585",NA,8.72517936802352,21.2129499162947
"2676",3568,"North Carolina","mpi-esm1-2-hr","ssp585",NA,0.503270329362512,23.0686770826495
"2677",3569,"North Carolina","mpi-esm1-2-hr","ssp585",NA,0.329703818428273,25.129104793773
"2678",3570,"North Carolina","mpi-esm1-2-hr","ssp585",NA,0.421856685752879,24.0246333787421
"2679",3571,"North Carolina","mpi-esm1-2-hr","ssp585",NA,1.20346904534185,26.7790290212765
"2680",3572,"North Carolina","mpi-esm1-2-hr","ssp585",NA,6.320783436017,27.1970548741958
"2681",3573,"North Carolina","mpi-esm1-2-hr","ssp585",NA,13.0585192769387,27.34236111681
"2682",3574,"North Carolina","mpi-esm1-2-hr","ssp585",NA,0.0860914141450865,29.8596559497823
"2683",3575,"North Carolina","mpi-esm1-2-hr","ssp585",NA,10.7230338074466,27.608463199733
"2684",3576,"North Carolina","mpi-esm1-2-hr","ssp585",NA,1.62974134888652,29.0078570881478
"2685",3577,"North Carolina","mpi-esm1-2-hr","ssp585",NA,4.40162519976375,29.6387028712853
"2686",3578,"North Carolina","mpi-esm1-2-hr","ssp585",NA,6.6822483504148,27.1595882640166
"2687",3579,"North Carolina","mpi-esm1-2-hr","ssp585",NA,3.42851968538021,29.1867721600359
"2688",3580,"North Carolina","mpi-esm1-2-hr","ssp585",NA,6.379601736638,26.6093402595413
"2689",3581,"North Carolina","mpi-esm1-2-hr","ssp585",NA,0.612070356867914,26.2744473668374
"2690",3582,"North Carolina","mpi-esm1-2-hr","ssp585",NA,2.91628251577377,29.5735464742538
"2691",3583,"North Carolina","mpi-esm1-2-hr","ssp585",NA,0.132512314670168,26.710287877358
"2692",3584,"North Carolina","mpi-esm1-2-hr","ssp585",NA,6.46493920332524,28.0777199454001
"2693",3585,"North Carolina","mpi-esm1-2-hr","ssp585",NA,1.14630530282922,27.4581990046996
"2694",3586,"North Carolina","mpi-esm1-2-hr","ssp585",NA,13.6565159056008,25.7749425722438
"2695",3587,"North Carolina","mpi-esm1-2-hr","ssp585",NA,0.300032562010544,23.9244095489759
"2696",3588,"North Carolina","mpi-esm1-2-hr","ssp585",NA,1.32386782119467,24.0781095787925
"2697",3589,"North Carolina","mpi-esm1-2-hr","ssp585",NA,0.00380391164897049,20.0186761252353
"2698",3590,"North Carolina","mpi-esm1-2-hr","ssp585",NA,0.0872759108369027,23.4052933209417
"2699",3591,"North Carolina","mpi-esm1-2-hr","ssp585",NA,0.0934649637446372,15.3085687546503
"2700",3592,"North Carolina","mpi-esm1-2-hr","ssp585",NA,0.0166023323517107,20.5062468371138
"2701",3593,"North Carolina","mpi-esm1-2-hr","ssp585",NA,0.0714731348981491,20.3266302028624
"2702",3594,"North Carolina","mpi-esm1-2-hr","ssp585",NA,6.00938801358365,16.8167699477252
"2703",3595,"North Carolina","mpi-esm1-2-hr","ssp585",NA,0.00478787185769027,12.694684248211
"2704",3596,"North Carolina","mpi-esm1-2-hr","ssp585",NA,3.97295340485815,17.0873091326374
"2705",3597,"North Carolina","mpi-esm1-2-hr","ssp585",NA,7.66497771429317,7.99873412744006
"2706",3598,"North Carolina","mpi-esm1-2-hr","ssp585",NA,0.918748706130789,7.12359957654939
"2707",3599,"North Carolina","mpi-esm1-2-hr","ssp585",NA,11.6354454053998,13.8538058069908
"2708",3600,"North Carolina","mpi-esm1-2-hr","ssp585",NA,3.2160347893525,6.5467891404609
"2709",3601,"North Carolina","mpi-esm1-2-hr","ssp585",NA,0.342989133276801,4.37087436537117
"2710",3602,"North Carolina","mpi-esm1-2-hr","ssp585",NA,7.79340264093089,6.12867301705841
"2711",3603,"North Carolina","mpi-esm1-2-hr","ssp585",NA,8.310703611874,6.64314322164415
"2712",3604,"North Carolina","mpi-esm1-2-hr","ssp585",NA,7.45541854561483,7.11514962674525
"2713",3605,"North Carolina","mpi-esm1-2-hr","ssp585",NA,5.52092796061217,1.45332431312371
"2714",3606,"North Carolina","mpi-esm1-2-hr","ssp585",NA,2.34044841837975,1.29564956109399
"2715",3607,"North Carolina","mpi-esm1-2-hr","ssp585",NA,0.747726729663432,7.88765552852002
"2716",3608,"North Carolina","mpi-esm1-2-hr","ssp585",NA,8.99541708209088,10.7088087578782
"2717",3609,"North Carolina","mpi-esm1-2-hr","ssp585",NA,2.86305121090136,8.66159302099748
"2718",3610,"North Carolina","mpi-esm1-2-hr","ssp585",NA,5.84372612956787,7.32287953267247
"2719",3611,"North Carolina","mpi-esm1-2-hr","ssp585",NA,6.29767391485778,7.75042567319899
"2720",3612,"North Carolina","mpi-esm1-2-hr","ssp585",NA,4.65796739219452,9.78990071614586
"2721",3613,"North Carolina","mpi-esm1-2-hr","ssp585",NA,6.5527391937585,8.18995051878175
"2722",3614,"North Carolina","mpi-esm1-2-hr","ssp585",NA,0.62402502871231,14.3397027536601
"2723",3615,"North Carolina","mpi-esm1-2-hr","ssp585",NA,2.44059606548876,14.2483221828771
"2724",3616,"North Carolina","mpi-esm1-2-hr","ssp585",NA,1.90940323289305,15.2228894145549
"2725",3617,"North Carolina","mpi-esm1-2-hr","ssp585",NA,9.24332390337027,20.0566390521052
"2726",3618,"North Carolina","mpi-esm1-2-hr","ssp585",NA,6.2489078228687,19.6338373264345
"2727",3619,"North Carolina","mpi-esm1-2-hr","ssp585",NA,0.195132557011308,18.2068213540299
"2728",3620,"North Carolina","mpi-esm1-2-hr","ssp585",NA,4.97061625343626,24.1536551168319
"2729",3621,"North Carolina","mpi-esm1-2-hr","ssp585",NA,0.999136172930691,19.8577084666875
"2730",3622,"North Carolina","mpi-esm1-2-hr","ssp585",NA,2.82930667850115,23.5265216218323
"2731",3623,"North Carolina","mpi-esm1-2-hr","ssp585",NA,4.64762006078,22.5996410551526
"2732",3624,"North Carolina","mpi-esm1-2-hr","ssp585",NA,3.66667720263038,26.8120521182106
"2733",3625,"North Carolina","mpi-esm1-2-hr","ssp585",NA,4.32834392508268,24.8862475312391
"2734",3626,"North Carolina","mpi-esm1-2-hr","ssp585",NA,0.12223328742971,27.2492664326473
"2735",3627,"North Carolina","mpi-esm1-2-hr","ssp585",NA,9.06034759780198,28.1927480489266
"2736",3628,"North Carolina","mpi-esm1-2-hr","ssp585",NA,5.16328155916948,29.0695766245952
"2737",3629,"North Carolina","mpi-esm1-2-hr","ssp585",NA,10.069456507152,25.9859808571866
"2738",3630,"North Carolina","mpi-esm1-2-hr","ssp585",NA,5.6480946877274,27.4790201993884
"2739",3631,"North Carolina","mpi-esm1-2-hr","ssp585",NA,7.81411698832827,27.6512812424775
"2740",3632,"North Carolina","mpi-esm1-2-hr","ssp585",NA,4.62984147240963,28.7227233202852
"2741",3633,"North Carolina","mpi-esm1-2-hr","ssp585",NA,1.24411463496953,25.0137786095884
"2742",3634,"North Carolina","mpi-esm1-2-hr","ssp585",NA,3.71234657982963,28.1667978495109
"2743",3635,"North Carolina","mpi-esm1-2-hr","ssp585",NA,6.35995673642852,27.1097084365973
"2744",3636,"North Carolina","mpi-esm1-2-hr","ssp585",NA,1.35179881385624,28.7397153710117
"2745",3637,"North Carolina","mpi-esm1-2-hr","ssp585",NA,3.54284418836953,27.5440005005909
"2746",3638,"North Carolina","mpi-esm1-2-hr","ssp585",NA,0.0666565237385358,27.4096681055235
"2747",3639,"North Carolina","mpi-esm1-2-hr","ssp585",NA,2.55673729874876,22.8811049346497
"2748",3640,"North Carolina","mpi-esm1-2-hr","ssp585",NA,0.116832426252937,20.0470261859627
"2749",3641,"North Carolina","mpi-esm1-2-hr","ssp585",NA,0.147880688544457,19.9869199779521
"2750",3642,"North Carolina","mpi-esm1-2-hr","ssp585",NA,0.150291306590206,19.0902549765023
"2751",3643,"North Carolina","mpi-esm1-2-hr","ssp585",NA,0.767751574178056,19.7805372905999
"2752",3644,"North Carolina","mpi-esm1-2-hr","ssp585",NA,3.26518625254667,18.048804924802
"2753",3645,"North Carolina","mpi-esm1-2-hr","ssp585",NA,1.98839474382295,16.2881893382353
"2754",3646,"North Carolina","mpi-esm1-2-hr","ssp585",NA,12.0816527971818,17.1518182492724
"2755",3647,"North Carolina","mpi-esm1-2-hr","ssp585",NA,1.60059849362629,11.7922968161874
"2756",3648,"North Carolina","mpi-esm1-2-hr","ssp585",NA,5.59330670203817,15.3672060157071
"2757",3649,"North Carolina","mpi-esm1-2-hr","ssp585",NA,7.64860281948024,10.7805360083487
"2758",3650,"North Carolina","mpi-esm1-2-hr","ssp585",NA,2.45908696102683,7.60173103909535
"2759",3651,"North Carolina","mpi-esm1-2-hr","ssp585",NA,5.6023409458363,8.93989358682929
"2760",3652,"North Carolina","mpi-esm1-2-hr","ssp585",NA,0.315648230450485,5.35272657891284
"2761",3653,"North Carolina","mpi-esm1-2-hr","ssp585",NA,0.279741540398696,5.98247629374017
"2762",3654,"North Carolina","mpi-esm1-2-hr","ssp585",NA,5.46610642287772,7.32789954604891
"2763",3655,"North Carolina","mpi-esm1-2-hr","ssp585",NA,0.18740009037793,5.47289702257858
"2764",3656,"North Carolina","mpi-esm1-2-hr","ssp585",NA,0.0250893167557318,2.85881128818717
"2765",3657,"North Carolina","mpi-esm1-2-hr","ssp585",NA,7.9472404710475,6.77974699645485
"2766",3658,"North Carolina","mpi-esm1-2-hr","ssp585",NA,3.22606490370147,7.10390616451661
"2767",3659,"North Carolina","mpi-esm1-2-hr","ssp585",NA,1.42376072604946,11.2453515488227
"2768",3660,"North Carolina","mpi-esm1-2-hr","ssp585",NA,4.99316014616592,9.36420956566223
"2769",3661,"North Carolina","mpi-esm1-2-hr","ssp585",NA,2.35439588054951,9.94004720052086
"2770",3662,"North Carolina","mpi-esm1-2-hr","ssp585",NA,3.21506821432913,13.3900020481826
"2771",3663,"North Carolina","mpi-esm1-2-hr","ssp585",NA,7.94245392124353,16.4839548148361
"2772",3664,"North Carolina","mpi-esm1-2-hr","ssp585",NA,0.907228122084517,13.2337853012299
"2773",3665,"North Carolina","mpi-esm1-2-hr","ssp585",NA,7.45283550848613,16.1606586018197
"2774",3666,"North Carolina","mpi-esm1-2-hr","ssp585",NA,4.34376475103275,18.264975377358
"2775",3667,"North Carolina","mpi-esm1-2-hr","ssp585",NA,2.67320531812945,19.8592096408876
"2776",3668,"North Carolina","mpi-esm1-2-hr","ssp585",NA,0.45240255329328,18.0047901997713
"2777",3669,"North Carolina","mpi-esm1-2-hr","ssp585",NA,0.621182364251459,18.1728429799654
"2778",3670,"North Carolina","mpi-esm1-2-hr","ssp585",NA,4.17153682681586,22.340096233806
"2779",3671,"North Carolina","mpi-esm1-2-hr","ssp585",NA,1.89093987324408,16.6360485258557
"2780",3672,"North Carolina","mpi-esm1-2-hr","ssp585",NA,2.24536985840109,19.8275688107274
"2781",3673,"North Carolina","mpi-esm1-2-hr","ssp585",NA,1.47188605909787,25.4280682390144
"2782",3674,"North Carolina","mpi-esm1-2-hr","ssp585",NA,1.86764383261794,21.3497534658395
"2783",3675,"North Carolina","mpi-esm1-2-hr","ssp585",NA,0.325111646923367,22.9837430724243
"2784",3676,"North Carolina","mpi-esm1-2-hr","ssp585",NA,0.144896907408447,27.328172323617
"2785",3677,"North Carolina","mpi-esm1-2-hr","ssp585",NA,7.66221535514513,26.2197298621597
"2786",3678,"North Carolina","mpi-esm1-2-hr","ssp585",NA,4.55348779202623,25.8086049996171
"2787",3679,"North Carolina","mpi-esm1-2-hr","ssp585",NA,4.70654838598635,26.2215300573354
"2788",3680,"North Carolina","mpi-esm1-2-hr","ssp585",NA,4.07957216648203,28.940059681099
"2789",3681,"North Carolina","mpi-esm1-2-hr","ssp585",NA,5.48858646429185,27.3588290687369
"2790",3682,"North Carolina","mpi-esm1-2-hr","ssp585",NA,1.91671259740322,27.6936795616684
"2791",3683,"North Carolina","mpi-esm1-2-hr","ssp585",NA,2.21207933818044,30.0478984586999
"2792",3684,"North Carolina","mpi-esm1-2-hr","ssp585",NA,4.1384419553315,29.746430434967
"2793",3685,"North Carolina","mpi-esm1-2-hr","ssp585",NA,3.15085278212608,28.4213889071254
"2794",3686,"North Carolina","mpi-esm1-2-hr","ssp585",NA,6.54007551033332,26.0456176757813
"2795",3687,"North Carolina","mpi-esm1-2-hr","ssp585",NA,3.2523318431575,24.6599762732242
"2796",3688,"North Carolina","mpi-esm1-2-hr","ssp585",NA,6.07943400887243,26.9499548989518
"2797",3689,"North Carolina","mpi-esm1-2-hr","ssp585",NA,15.0270652737209,25.2817453421799
"2798",3690,"North Carolina","mpi-esm1-2-hr","ssp585",NA,2.50198518638898,25.6231129194842
"2799",3691,"North Carolina","mpi-esm1-2-hr","ssp585",NA,8.96062603534738,25.6930444199164
"2800",3692,"North Carolina","mpi-esm1-2-hr","ssp585",NA,8.13831544632607,23.8792953362986
"2801",3693,"North Carolina","mpi-esm1-2-hr","ssp585",NA,1.32535881817266,19.0534434257101
"2802",3694,"North Carolina","mpi-esm1-2-hr","ssp585",NA,0.858762172500049,19.0211259943431
"2803",3695,"North Carolina","mpi-esm1-2-hr","ssp585",NA,0.00986032924828111,16.2410406203497
"2804",3696,"North Carolina","mpi-esm1-2-hr","ssp585",NA,3.54199969057669,20.2292391224068
"2805",3697,"North Carolina","mpi-esm1-2-hr","ssp585",NA,4.33636699257966,16.3841855858555
"2806",3698,"North Carolina","mpi-esm1-2-hr","ssp585",NA,1.67124470293046,17.5089688854057
"2807",3699,"North Carolina","mpi-esm1-2-hr","ssp585",NA,1.74413115775311,14.7358660529642
"2808",3700,"North Carolina","mpi-esm1-2-hr","ssp585",NA,4.74647954746493,10.833880905878
"2809",3701,"North Carolina","mpi-esm1-2-hr","ssp585",NA,0.289660803362861,10.2247927027256
"2810",3702,"North Carolina","mpi-esm1-2-hr","ssp585",NA,2.31339126724325,11.0563078893667
"2811",3703,"North Carolina","mpi-esm1-2-hr","ssp585",NA,6.90297916173696,13.406374087721
"2812",3704,"North Carolina","mpi-esm1-2-hr","ssp585",NA,6.09678809613636,12.9854675292969
"2813",3705,"North Carolina","mpi-esm1-2-hr","ssp585",NA,4.21039762721102,8.74261026676298
"2814",3706,"North Carolina","mpi-esm1-2-hr","ssp585",NA,4.04576703994349,11.8948859719669
"2815",3707,"North Carolina","mpi-esm1-2-hr","ssp585",NA,1.81842308615955,2.53547267539831
"2816",3708,"North Carolina","mpi-esm1-2-hr","ssp585",NA,2.48444774834989,8.05016924005933
"2817",3709,"North Carolina","mpi-esm1-2-hr","ssp585",NA,10.5043477186187,11.3209300834592
"2818",3710,"North Carolina","mpi-esm1-2-hr","ssp585",NA,1.10693504934678,11.0337164186964
"2819",3711,"North Carolina","mpi-esm1-2-hr","ssp585",NA,2.23487713563433,6.05812458284097
"2820",3712,"North Carolina","mpi-esm1-2-hr","ssp585",NA,4.58402396512962,3.4993278097372
"2821",3713,"North Carolina","mpi-esm1-2-hr","ssp585",NA,14.1643598169346,14.1272048394553
"2822",3714,"North Carolina","mpi-esm1-2-hr","ssp585",NA,8.29632848623429,11.3600578073026
"2823",3715,"North Carolina","mpi-esm1-2-hr","ssp585",NA,0.594107255278113,8.40631852350317
"2824",3716,"North Carolina","mpi-esm1-2-hr","ssp585",NA,8.57857661185717,11.1175330752418
"2825",3717,"North Carolina","mpi-esm1-2-hr","ssp585",NA,0.914089189236544,10.3079880658318
"2826",3718,"North Carolina","mpi-esm1-2-hr","ssp585",NA,4.24699607335983,9.19515491987813
"2827",3719,"North Carolina","mpi-esm1-2-hr","ssp585",NA,0.361035175069637,16.9660659576331
"2828",3720,"North Carolina","mpi-esm1-2-hr","ssp585",NA,0.601806036670381,16.3455673431482
"2829",3721,"North Carolina","mpi-esm1-2-hr","ssp585",NA,8.0068850560733,19.5393142144553
"2830",3722,"North Carolina","mpi-esm1-2-hr","ssp585",NA,5.58437254538362,14.9573134820335
"2831",3723,"North Carolina","mpi-esm1-2-hr","ssp585",NA,2.91719747272953,21.1645268971847
"2832",3724,"North Carolina","mpi-esm1-2-hr","ssp585",NA,1.56372180529868,23.0586040592995
"2833",3725,"North Carolina","mpi-esm1-2-hr","ssp585",NA,5.32266084095789,21.8933120513831
"2834",3726,"North Carolina","mpi-esm1-2-hr","ssp585",NA,0.9862757892894,23.7994137376631
"2835",3727,"North Carolina","mpi-esm1-2-hr","ssp585",NA,6.44059336358195,28.1090071306843
"2836",3728,"North Carolina","mpi-esm1-2-hr","ssp585",NA,1.29410067766461,25.1200385940509
"2837",3729,"North Carolina","mpi-esm1-2-hr","ssp585",NA,0.848337721688323,23.5522861512769
"2838",3730,"North Carolina","mpi-esm1-2-hr","ssp585",NA,0.653200136910817,27.0151339490875
"2839",3731,"North Carolina","mpi-esm1-2-hr","ssp585",NA,5.57941682239312,26.5669810917531
"2840",3732,"North Carolina","mpi-esm1-2-hr","ssp585",NA,6.43152541671356,27.4608165922619
"2841",3733,"North Carolina","mpi-esm1-2-hr","ssp585",NA,4.29896947825604,29.3475715872287
"2842",3734,"North Carolina","mpi-esm1-2-hr","ssp585",NA,6.09472929006929,28.6525842661283
"2843",3735,"North Carolina","mpi-esm1-2-hr","ssp585",NA,2.03753965703194,29.6624094730666
"2844",3736,"North Carolina","mpi-esm1-2-hr","ssp585",NA,2.90683854003904,28.9570914816122
"2845",3737,"North Carolina","mpi-esm1-2-hr","ssp585",NA,8.8732036508351,27.8228443989901
"2846",3738,"North Carolina","mpi-esm1-2-hr","ssp585",NA,3.76418736355967,28.7077538070893
"2847",3739,"North Carolina","mpi-esm1-2-hr","ssp585",NA,11.9349304677904,26.7055938122319
"2848",3740,"North Carolina","mpi-esm1-2-hr","ssp585",NA,0.889695909225476,29.2454352370831
"2849",3741,"North Carolina","mpi-esm1-2-hr","ssp585",NA,12.5511334271484,28.7000481613544
"2850",3742,"North Carolina","mpi-esm1-2-hr","ssp585",NA,5.38913595240146,25.2528593859419
"2851",3743,"North Carolina","mpi-esm1-2-hr","ssp585",NA,0.0312253477701432,24.4066133557916
"2852",3744,"North Carolina","mpi-esm1-2-hr","ssp585",NA,0.100926575741898,26.0124711408001
"2853",3745,"North Carolina","mpi-esm1-2-hr","ssp585",NA,4.00309067676781,23.6539770473619
"2854",3746,"North Carolina","mpi-esm1-2-hr","ssp585",NA,0.00788137442840776,20.7695463463706
"2855",3747,"North Carolina","mpi-esm1-2-hr","ssp585",NA,6.18465331675555,19.1308812245602
"2856",3748,"North Carolina","mpi-esm1-2-hr","ssp585",NA,0.0926234104309598,19.0546733610437
"2857",3749,"North Carolina","mpi-esm1-2-hr","ssp585",NA,2.63658010780771,14.1751629997702
"2858",3750,"North Carolina","mpi-esm1-2-hr","ssp585",NA,0.0800845458262998,13.7401299655605
"2859",3751,"North Carolina","mpi-esm1-2-hr","ssp585",NA,2.85910296777179,17.2653811671153
"2860",3752,"North Carolina","mpi-esm1-2-hr","ssp585",NA,2.88464205356121,16.4204274751893
"2861",3753,"North Carolina","mpi-esm1-2-hr","ssp585",NA,3.59650128068876,11.3313481178604
"2862",3754,"North Carolina","mpi-esm1-2-hr","ssp585",NA,1.761180918787,11.1445216416645
"2863",3755,"North Carolina","mpi-esm1-2-hr","ssp585",NA,9.35406454663272,6.75499587286089
"2864",3756,"North Carolina","mpi-esm1-2-hr","ssp585",NA,1.55199842401616,7.10079525218293
"2865",3757,"North Carolina","mpi-esm1-2-hr","ssp585",NA,2.43901793413699,8.60773069237463
"2866",3758,"North Carolina","mpi-esm1-2-hr","ssp585",NA,1.66083714669972,4.63832759910607
"2867",3759,"North Carolina","mpi-esm1-2-hr","ssp585",NA,5.68496641239673,10.6284328941538
"2868",3760,"North Carolina","mpi-esm1-2-hr","ssp585",NA,12.0059143853051,9.01578285366883
"2869",3761,"North Carolina","mpi-esm1-2-hr","ssp585",NA,2.04793401347107,16.7845449239266
"2870",3762,"North Carolina","mpi-esm1-2-hr","ssp585",NA,0.438398351191402,5.16368180817251
"2871",3763,"North Carolina","mpi-esm1-2-hr","ssp585",NA,9.94376337892528,7.57040846367846
"2872",3764,"North Carolina","mpi-esm1-2-hr","ssp585",NA,9.10932315251679,8.1303014760592
"2873",3765,"North Carolina","mpi-esm1-2-hr","ssp585",NA,2.37211876472949,9.59074907062436
"2874",3766,"North Carolina","mpi-esm1-2-hr","ssp585",NA,2.0352373605022,7.78125244482561
"2875",3767,"North Carolina","mpi-esm1-2-hr","ssp585",NA,1.29179620867455,8.9740444664194
"2876",3768,"North Carolina","mpi-esm1-2-hr","ssp585",NA,0.182814595615785,9.12364095052086
"2877",3769,"North Carolina","mpi-esm1-2-hr","ssp585",NA,6.63732698705965,14.5772649171974
"2878",3770,"North Carolina","mpi-esm1-2-hr","ssp585",NA,5.27084503204712,8.91416701201967
"2879",3771,"North Carolina","mpi-esm1-2-hr","ssp585",NA,7.94304912931143,12.814587983631
"2880",3772,"North Carolina","mpi-esm1-2-hr","ssp585",NA,3.7832168259542,19.0830731731169
"2881",3773,"North Carolina","mpi-esm1-2-hr","ssp585",NA,9.21721365322673,16.3421510840665
"2882",3774,"North Carolina","mpi-esm1-2-hr","ssp585",NA,4.39219573682221,19.2769369002484
"2883",3775,"North Carolina","mpi-esm1-2-hr","ssp585",NA,3.79907562582499,20.1384969417455
"2884",3776,"North Carolina","mpi-esm1-2-hr","ssp585",NA,0.568054054435509,20.2277319643678
"2885",3777,"North Carolina","mpi-esm1-2-hr","ssp585",NA,3.47689794832738,20.6237626788997
"2886",3778,"North Carolina","mpi-esm1-2-hr","ssp585",NA,0.510435328081968,18.1668351202786
"2887",3779,"North Carolina","mpi-esm1-2-hr","ssp585",NA,1.645459983328,21.5072806734999
"2888",3780,"North Carolina","mpi-esm1-2-hr","ssp585",NA,0.229882074181507,26.3420277315028
"2889",3781,"North Carolina","mpi-esm1-2-hr","ssp585",NA,5.31088984227165,24.8105331634607
"2890",3782,"North Carolina","mpi-esm1-2-hr","ssp585",NA,14.4571818534002,26.3683715820313
"2891",3783,"North Carolina","mpi-esm1-2-hr","ssp585",NA,5.32342661236351,27.460232911524
"2892",3784,"North Carolina","mpi-esm1-2-hr","ssp585",NA,1.75232898534489,27.8810237254081
"2893",3785,"North Carolina","mpi-esm1-2-hr","ssp585",NA,2.43442066011,29.4321578509334
"2894",3786,"North Carolina","mpi-esm1-2-hr","ssp585",NA,3.83188745952855,29.1560705361246
"2895",3787,"North Carolina","mpi-esm1-2-hr","ssp585",NA,8.82945109113264,28.7513181200215
"2896",3788,"North Carolina","mpi-esm1-2-hr","ssp585",NA,5.98065361363212,27.6096599675026
"2897",3789,"North Carolina","mpi-esm1-2-hr","ssp585",NA,4.46436816888889,27.7180601146709
"2898",3790,"North Carolina","mpi-esm1-2-hr","ssp585",NA,7.18054789767313,28.1869477429644
"2899",3791,"North Carolina","mpi-esm1-2-hr","ssp585",NA,1.41581768916427,26.4550157733992
"2900",3792,"North Carolina","mpi-esm1-2-hr","ssp585",NA,1.04308042910289,27.5963101939995
"2901",3793,"North Carolina","mpi-esm1-2-hr","ssp585",NA,4.45148012964454,28.0230080826276
"2902",3794,"North Carolina","mpi-esm1-2-hr","ssp585",NA,0.789713693492016,28.0121148459384
"2903",3795,"North Carolina","mpi-esm1-2-hr","ssp585",NA,0.110025330066476,27.7936820748808
"2904",3796,"North Carolina","mpi-esm1-2-hr","ssp585",NA,2.68215966277828,26.0813409372538
"2905",3797,"North Carolina","mpi-esm1-2-hr","ssp585",NA,3.33598389789135,22.1001232670803
"2906",3798,"North Carolina","mpi-esm1-2-hr","ssp585",NA,0.0558487100877893,19.4643024348411
"2907",3799,"North Carolina","mpi-esm1-2-hr","ssp585",NA,0.814268287252185,15.1684793937106
"2908",3800,"North Carolina","mpi-esm1-2-hr","ssp585",NA,0,19.0027983507856
"2909",3801,"North Carolina","mpi-esm1-2-hr","ssp585",NA,5.24322187749105,18.6425211588542
"2910",3802,"North Carolina","mpi-esm1-2-hr","ssp585",NA,0.106170829020498,14.8253004229036
"2911",3803,"North Carolina","mpi-esm1-2-hr","ssp585",NA,2.30911991536591,16.5387592561439
"2912",3804,"North Carolina","mpi-esm1-2-hr","ssp585",NA,9.77190335397608,12.8489613765428
"2913",3805,"North Carolina","mpi-esm1-2-hr","ssp585",NA,6.17519236320961,9.70446970536264
"2914",3806,"North Carolina","mpi-esm1-2-hr","ssp585",NA,2.71196683699462,9.78180954022236
"2915",3807,"North Carolina","mpi-esm1-2-hr","ssp585",NA,0.00198656676775881,7.10017301842614
"2916",3808,"North Carolina","mpi-esm1-2-hr","ssp585",NA,9.66383512013253,10.0707752729998
"2917",3809,"North Carolina","mpi-esm1-2-hr","ssp585",NA,3.8578164400929,10.8728611708355
"2918",3810,"North Carolina","mpi-esm1-2-hr","ssp585",NA,5.27416249241767,5.51055169626447
"2919",3811,"North Carolina","mpi-esm1-2-hr","ssp585",NA,4.3678365262595,7.61911571513373
"2920",3812,"North Carolina","mpi-esm1-2-hr","ssp585",NA,0.736026942128675,10.760985951998
"2921",3813,"North Carolina","mpi-esm1-2-hr","ssp585",NA,9.72673547894221,11.093550276556
"2922",3814,"North Carolina","mpi-esm1-2-hr","ssp585",NA,4.25542190225483,7.10993513860625
"2923",3815,"North Carolina","mpi-esm1-2-hr","ssp585",NA,9.66710623821398,9.15002839758952
"2924",3816,"North Carolina","mpi-esm1-2-hr","ssp585",NA,0.00444613070926186,5.59304481314012
"2925",3817,"North Carolina","mpi-esm1-2-hr","ssp585",NA,6.11042751420236,8.01907977790728
"2926",3818,"North Carolina","mpi-esm1-2-hr","ssp585",NA,1.05946392777543,8.02047084947262
"2927",3819,"North Carolina","mpi-esm1-2-hr","ssp585",NA,14.5963249559147,12.6019833006445
"2928",3820,"North Carolina","mpi-esm1-2-hr","ssp585",NA,3.57466183601954,6.78165712329856
"2929",3821,"North Carolina","mpi-esm1-2-hr","ssp585",NA,1.80214408638302,17.20845630977
"2930",3822,"North Carolina","mpi-esm1-2-hr","ssp585",NA,6.19304639217529,14.4759772463673
"2931",3823,"North Carolina","mpi-esm1-2-hr","ssp585",NA,0.438998824664995,15.1211062818682
"2932",3824,"North Carolina","mpi-esm1-2-hr","ssp585",NA,2.45187768679684,14.7365497492943
"2933",3825,"North Carolina","mpi-esm1-2-hr","ssp585",NA,6.97454726628892,16.8180172361914
"2934",3826,"North Carolina","mpi-esm1-2-hr","ssp585",NA,0.575114650420816,14.2068534957929
"2935",3827,"North Carolina","mpi-esm1-2-hr","ssp585",NA,3.6476307228043,22.2974721529237
"2936",3828,"North Carolina","mpi-esm1-2-hr","ssp585",NA,1.29761957995309,20.3751412698869
"2937",3829,"North Carolina","mpi-esm1-2-hr","ssp585",NA,2.50531644891789,24.7972470750996
"2938",3830,"North Carolina","mpi-esm1-2-hr","ssp585",NA,0.379815537311546,26.2652187486323
"2939",3831,"North Carolina","mpi-esm1-2-hr","ssp585",NA,2.39601655617249,26.7225197842809
"2940",3832,"North Carolina","mpi-esm1-2-hr","ssp585",NA,2.18466320072955,27.8504130558474
"2941",3833,"North Carolina","mpi-esm1-2-hr","ssp585",NA,0.949192317836735,26.6761821330095
"2942",3834,"North Carolina","mpi-esm1-2-hr","ssp585",NA,0.023698246073733,29.3165720536262
"2943",3835,"North Carolina","mpi-esm1-2-hr","ssp585",NA,3.62836659994532,29.589226269121
"2944",3836,"North Carolina","mpi-esm1-2-hr","ssp585",NA,7.28572111094931,28.7020654843969
"2945",3837,"North Carolina","mpi-esm1-2-hr","ssp585",NA,3.68406670013352,30.0640571316417
"2946",3838,"North Carolina","mpi-esm1-2-hr","ssp585",NA,2.26865690842906,30.4796477331167
"2947",3839,"North Carolina","mpi-esm1-2-hr","ssp585",NA,1.23738886874943,29.0928000741312
"2948",3840,"North Carolina","mpi-esm1-2-hr","ssp585",NA,2.95530939137501,30.7996256510417
"2949",3841,"North Carolina","mpi-esm1-2-hr","ssp585",NA,4.64491001542175,29.5303482867757
"2950",3842,"North Carolina","mpi-esm1-2-hr","ssp585",NA,10.174132357818,27.2886196617319
"2951",3843,"North Carolina","mpi-esm1-2-hr","ssp585",NA,5.49773690926631,29.2289619851847
"2952",3844,"North Carolina","mpi-esm1-2-hr","ssp585",NA,1.15890741517203,29.2057583678003
"2953",3845,"North Carolina","mpi-esm1-2-hr","ssp585",NA,3.1114094834831,27.527316190148
"2954",3846,"North Carolina","mpi-esm1-2-hr","ssp585",NA,0.310734758123476,28.8929694338673
"2955",3847,"North Carolina","mpi-esm1-2-hr","ssp585",NA,2.32572952104916,24.1620293283329
"2956",3848,"North Carolina","mpi-esm1-2-hr","ssp585",NA,4.92594905940869,25.2731910171295
"2957",3849,"North Carolina","mpi-esm1-2-hr","ssp585",NA,3.09328061756932,21.4647546420912
"2958",3850,"North Carolina","mpi-esm1-2-hr","ssp585",NA,0.0802844538592573,20.1205448268175
"2959",3851,"North Carolina","mpi-esm1-2-hr","ssp585",NA,0.409490391173661,24.2948209703804
"2960",3852,"North Carolina","mpi-esm1-2-hr","ssp585",NA,0.567014018540684,22.899717152486
"2961",3853,"North Carolina","mpi-esm1-2-hr","ssp585",NA,9.88978333617456,19.8416664786032
"2962",3854,"North Carolina","mpi-esm1-2-hr","ssp585",NA,2.43941710854598,15.630635801684
"2963",3855,"North Carolina","mpi-esm1-2-hr","ssp585",NA,0.0340750380179516,14.4311653885187
"2964",3856,"North Carolina","mpi-esm1-2-hr","ssp585",NA,3.32165349398626,13.8887669838443
"2965",3857,"North Carolina","mpi-esm1-2-hr","ssp585",NA,7.72233401592591,15.1280595026097
"2966",3858,"North Carolina","mpi-esm1-2-hr","ssp585",NA,2.33032590956153,9.45590967343971
"2967",3859,"North Carolina","mpi-esm1-2-hr","ssp585",NA,0.218273343241645,4.58879868109355
"2968",3860,"North Carolina","mpi-esm1-2-hr","ssp585",NA,5.97204821930033,8.60112068753284
"2969",3861,"North Carolina","mpi-esm1-2-hr","ssp585",NA,0.33519978110655,4.84001605036548
"2970",3862,"North Carolina","mpi-esm1-2-hr","ssp585",NA,4.79171640910573,10.585957041508
"2971",3863,"North Carolina","mpi-esm1-2-hr","ssp585",NA,0.654702814075286,4.64013437650453
"2972",3864,"North Carolina","mpi-esm1-2-hr","ssp585",NA,6.61288947269918,7.30057246531427
"2973",3865,"North Carolina","mpi-esm1-2-hr","ssp585",NA,3.37476862172969,6.68276452670914
"2974",3866,"North Carolina","mpi-esm1-2-hr","ssp585",NA,0.891087140837595,2.622901091589
"2975",3867,"North Carolina","mpi-esm1-2-hr","ssp585",NA,10.4705923815865,11.4475696553036
"2976",3868,"North Carolina","mpi-esm1-2-hr","ssp585",NA,1.08599290138924,7.4624682172674
"2977",3869,"North Carolina","mpi-esm1-2-hr","ssp585",NA,1.21007948338131,6.98224813851324
"2978",3870,"North Carolina","mpi-esm1-2-hr","ssp585",NA,0.0684673726447895,5.07437951010485
"2979",3871,"North Carolina","mpi-esm1-2-hr","ssp585",NA,2.06334066794067,7.06029141637126
"2980",3872,"North Carolina","mpi-esm1-2-hr","ssp585",NA,4.40426020169307,15.7372135279893
"2981",3873,"North Carolina","mpi-esm1-2-hr","ssp585",NA,7.35670936559809,16.7457795642671
"2982",3874,"North Carolina","mpi-esm1-2-hr","ssp585",NA,6.56821956866782,13.169767372281
"2983",3875,"North Carolina","mpi-esm1-2-hr","ssp585",NA,3.64056360654906,14.9969327354966
"2984",3876,"North Carolina","mpi-esm1-2-hr","ssp585",NA,5.52360034449796,15.1600368809633
"2985",3877,"North Carolina","mpi-esm1-2-hr","ssp585",NA,0.308499089964962,12.4274179666984
"2986",3878,"North Carolina","mpi-esm1-2-hr","ssp585",NA,3.42191694835186,20.3933817203639
"2987",3879,"North Carolina","mpi-esm1-2-hr","ssp585",NA,2.7724989251342,15.4876630852537
"2988",3880,"North Carolina","mpi-esm1-2-hr","ssp585",NA,0,20.4052171552215
"2989",3881,"North Carolina","mpi-esm1-2-hr","ssp585",NA,0.289550593662484,22.793017526835
"2990",3882,"North Carolina","mpi-esm1-2-hr","ssp585",NA,1.58074720535342,25.7694993304939
"2991",3883,"North Carolina","mpi-esm1-2-hr","ssp585",NA,12.1566935060309,23.7802903290223
"2992",3884,"North Carolina","mpi-esm1-2-hr","ssp585",NA,4.25556431418496,23.8575222838159
"2993",3885,"North Carolina","mpi-esm1-2-hr","ssp585",NA,9.66864868245191,24.8854091954165
"2994",3886,"North Carolina","mpi-esm1-2-hr","ssp585",NA,2.95022707206893,25.5490525702469
"2995",3887,"North Carolina","mpi-esm1-2-hr","ssp585",NA,2.56041996720288,28.7990902684316
"2996",3888,"North Carolina","mpi-esm1-2-hr","ssp585",NA,4.41031512145091,29.4418278199952
"2997",3889,"North Carolina","mpi-esm1-2-hr","ssp585",NA,7.09082310225489,28.1185829825094
"2998",3890,"North Carolina","mpi-esm1-2-hr","ssp585",NA,4.85855547264057,27.4256737631576
"2999",3891,"North Carolina","mpi-esm1-2-hr","ssp585",NA,3.55207007660818,28.8353211304053
"3000",3892,"North Carolina","mpi-esm1-2-hr","ssp585",NA,2.44997542108076,28.492455541787
"3001",3893,"North Carolina","mpi-esm1-2-hr","ssp585",NA,2.78550726799353,28.8978707962677
"3002",3894,"North Carolina","mpi-esm1-2-hr","ssp585",NA,6.30438800248723,27.9902799889487
"3003",3895,"North Carolina","mpi-esm1-2-hr","ssp585",NA,10.7401592086082,26.3519995424928
"3004",3896,"North Carolina","mpi-esm1-2-hr","ssp585",NA,7.91324603037729,27.3098709234671
"3005",3897,"North Carolina","mpi-esm1-2-hr","ssp585",NA,4.54618239293436,24.8034018807719
"3006",3898,"North Carolina","mpi-esm1-2-hr","ssp585",NA,1.66814353134757,27.1642092408253
"3007",3899,"North Carolina","mpi-esm1-2-hr","ssp585",NA,0.22117251569054,27.8515636625744
"3008",3900,"North Carolina","mpi-esm1-2-hr","ssp585",NA,0.102147441732789,27.342121335839
"3009",3901,"North Carolina","mpi-esm1-2-hr","ssp585",NA,0.947045264972282,26.4636970413166
"3010",3902,"North Carolina","mpi-esm1-2-hr","ssp585",NA,1.77543562761862,22.0098959530101
"3011",3903,"North Carolina","mpi-esm1-2-hr","ssp585",NA,2.67275515380032,21.9974799148175
"3012",3904,"North Carolina","mpi-esm1-2-hr","ssp585",NA,0.00973031672386417,19.2166893026742
"3013",3905,"North Carolina","mpi-esm1-2-hr","ssp585",NA,0.446703636988473,18.6067395122112
"3014",3906,"North Carolina","mpi-esm1-2-hr","ssp585",NA,1.52823078643764,17.6482011896556
"3015",3907,"North Carolina","mpi-esm1-2-hr","ssp585",NA,0.353791846193891,15.105063267983
"3016",3908,"North Carolina","mpi-esm1-2-hr","ssp585",NA,0.152458091127171,16.6819149925595
"3017",3909,"North Carolina","mpi-esm1-2-hr","ssp585",NA,9.15109673904746,11.2572476769028
"3018",3910,"North Carolina","mpi-esm1-2-hr","ssp585",NA,10.8872198520711,13.4813352611553
"3019",3911,"North Carolina","mpi-esm1-2-hr","ssp585",NA,0.0386133195863921,11.0157484893372
"3020",3912,"North Carolina","mpi-esm1-2-hr","ssp585",NA,4.40343563681106,12.7213711436723
"3021",3913,"North Carolina","mpi-esm1-2-hr","ssp585",NA,1.39646121712429,8.77490162568936
"3022",3914,"North Carolina","mpi-esm1-2-hr","ssp585",NA,5.85270534904966,6.35475698091739
"3023",3915,"North Carolina","mpi-esm1-2-hr","ssp585",NA,8.39330565541183,8.07430120729935
"3024",3916,"North Carolina","mpi-esm1-2-hr","ssp585",NA,0.869550234062804,8.69292038348545
"3025",3917,"North Carolina","mpi-esm1-2-hr","ssp585",NA,5.45317271246881,6.25168894706322
"3026",3918,"North Carolina","mpi-esm1-2-hr","ssp585",NA,8.20586706512349,9.02329693107714
"3027",3919,"North Carolina","mpi-esm1-2-hr","ssp585",NA,6.59542644862085,10.0133949600348
"3028",3920,"North Carolina","mpi-esm1-2-hr","ssp585",NA,8.32716900667106,14.8994678828563
"3029",3921,"North Carolina","mpi-esm1-2-hr","ssp585",NA,1.97385516622803,13.0341316971125
"3030",3922,"North Carolina","mpi-esm1-2-hr","ssp585",NA,17.9919065626312,14.4623476001729
"3031",3923,"North Carolina","mpi-esm1-2-hr","ssp585",NA,5.11994549646673,11.3888350286404
"3032",3924,"North Carolina","mpi-esm1-2-hr","ssp585",NA,7.33031156634767,12.9949854233686
"3033",3925,"North Carolina","mpi-esm1-2-hr","ssp585",NA,7.76395557931966,16.6559793253239
"3034",3926,"North Carolina","mpi-esm1-2-hr","ssp585",NA,8.22364945374486,16.0110935756139
"3035",3927,"North Carolina","mpi-esm1-2-hr","ssp585",NA,0.0358031974298813,17.9927054098007
"3036",3928,"North Carolina","mpi-esm1-2-hr","ssp585",NA,2.41012897303557,19.7844007134104
"3037",3929,"North Carolina","mpi-esm1-2-hr","ssp585",NA,0.680200461913443,16.8851033357679
"3038",3930,"North Carolina","mpi-esm1-2-hr","ssp585",NA,6.60282283986954,16.9650277615929
"3039",3931,"North Carolina","mpi-esm1-2-hr","ssp585",NA,3.1816165907599,20.3418370180104
"3040",3932,"North Carolina","mpi-esm1-2-hr","ssp585",NA,0.235239703265927,20.3920897240733
"3041",3933,"North Carolina","mpi-esm1-2-hr","ssp585",NA,3.50684540105608,23.8522257316013
"3042",3934,"North Carolina","mpi-esm1-2-hr","ssp585",NA,4.48341374116155,19.7023174040124
"3043",3935,"North Carolina","mpi-esm1-2-hr","ssp585",NA,3.9980443917488,21.112690952846
"3044",3936,"North Carolina","mpi-esm1-2-hr","ssp585",NA,2.93005177894074,25.7783418201265
"3045",3937,"North Carolina","mpi-esm1-2-hr","ssp585",NA,4.49765689461076,26.9167916092218
"3046",3938,"North Carolina","mpi-esm1-2-hr","ssp585",NA,10.2092986304006,27.0903521711419
"3047",3939,"North Carolina","mpi-esm1-2-hr","ssp585",NA,4.47632573549443,25.0435453869048
"3048",3940,"North Carolina","mpi-esm1-2-hr","ssp585",NA,3.11779848861148,28.4343351134399
"3049",3941,"North Carolina","mpi-esm1-2-hr","ssp585",NA,7.00923271442432,29.2829988709351
"3050",3942,"North Carolina","mpi-esm1-2-hr","ssp585",NA,3.05507191259486,28.6113877582283
"3051",3943,"North Carolina","mpi-esm1-2-hr","ssp585",NA,1.76484977647084,30.1152286989015
"3052",3944,"North Carolina","mpi-esm1-2-hr","ssp585",NA,6.71294459379391,29.1141686191078
"3053",3945,"North Carolina","mpi-esm1-2-hr","ssp585",NA,0.77371236431584,30.281345450778
"3054",3946,"North Carolina","mpi-esm1-2-hr","ssp585",NA,4.84990268101805,29.0093990379355
"3055",3947,"North Carolina","mpi-esm1-2-hr","ssp585",NA,1.4179057762864,28.8494823124562
"3056",3948,"North Carolina","mpi-esm1-2-hr","ssp585",NA,1.51252845224451,30.1614279525287
"3057",3949,"North Carolina","mpi-esm1-2-hr","ssp585",NA,4.77229126890732,26.2923366514575
"3058",3950,"North Carolina","mpi-esm1-2-hr","ssp585",NA,0.298523247586084,28.0867926418615
"3059",3951,"North Carolina","mpi-esm1-2-hr","ssp585",NA,1.43289793642693,28.2453139361213
"3060",3952,"North Carolina","mpi-esm1-2-hr","ssp585",NA,7.85295774831491,26.1526810333509
"3061",3953,"North Carolina","mpi-esm1-2-hr","ssp585",NA,4.65119572080224,24.1732912549786
"3062",3954,"North Carolina","mpi-esm1-2-hr","ssp585",NA,2.85131199958689,23.6448068998107
"3063",3955,"North Carolina","mpi-esm1-2-hr","ssp585",NA,0.880387293055268,19.8609422186844
"3064",3956,"North Carolina","mpi-esm1-2-hr","ssp585",NA,0.204528153118503,20.7725416851311
"3065",3957,"North Carolina","mpi-esm1-2-hr","ssp585",NA,2.01384425162658,18.0694113851596
"3066",3958,"North Carolina","mpi-esm1-2-hr","ssp585",NA,1.29208747339897,17.7040616930366
"3067",3959,"North Carolina","mpi-esm1-2-hr","ssp585",NA,0.167653432546111,14.0031839664577
"3068",3960,"North Carolina","mpi-esm1-2-hr","ssp585",NA,8.13535607360355,13.6123299563966
"3069",3961,"North Carolina","mpi-esm1-2-hr","ssp585",NA,3.86593501448451,14.8055866658187
"3070",3962,"North Carolina","mpi-esm1-2-hr","ssp585",NA,3.70288759780835,15.0829098143164
"3071",3963,"North Carolina","mpi-esm1-2-hr","ssp585",NA,10.8712837945446,14.232442869726
"3072",3964,"North Carolina","mpi-esm1-2-hr","ssp585",NA,0.103124713120046,5.73346764487047
"3073",3965,"North Carolina","mpi-esm1-2-hr","ssp585",NA,0.0706949042435882,5.70196016883318
"3074",3966,"North Carolina","mpi-esm1-2-hr","ssp585",NA,7.7444162315084,10.1904584612165
"3075",3967,"North Carolina","mpi-esm1-2-hr","ssp585",NA,1.61947832721813,4.92712681019676
"3076",3968,"North Carolina","mpi-esm1-2-hr","ssp585",NA,4.99684438358554,8.99490523992803
"3077",3969,"North Carolina","mpi-esm1-2-hr","ssp585",NA,10.3425530035374,5.71362318364848
"3078",3970,"North Carolina","mpi-esm1-2-hr","ssp585",NA,0.657245343065079,2.86911665545127
"3079",3971,"North Carolina","mpi-esm1-2-hr","ssp585",NA,2.50819700668522,2.7755341174556
"3080",3972,"North Carolina","mpi-esm1-2-hr","ssp585",NA,1.25028702136087,8.64605512859443
"3081",3973,"North Carolina","mpi-esm1-2-hr","ssp585",NA,0.103252315984872,14.4726227917925
"3082",3974,"North Carolina","mpi-esm1-2-hr","ssp585",NA,8.32278647544053,12.6569187025396
"3083",3975,"North Carolina","mpi-esm1-2-hr","ssp585",NA,4.37149767489811,14.8722631288844
"3084",3976,"North Carolina","mpi-esm1-2-hr","ssp585",NA,5.45067533550705,10.5950836780025
"3085",3977,"North Carolina","mpi-esm1-2-hr","ssp585",NA,3.83230000283098,12.3384717925256
"3086",3978,"North Carolina","mpi-esm1-2-hr","ssp585",NA,1.99923589862316,12.731790289358
"3087",3979,"North Carolina","mpi-esm1-2-hr","ssp585",NA,0.979418114326384,17.8597327993698
"3088",3980,"North Carolina","mpi-esm1-2-hr","ssp585",NA,5.23321370265807,15.9991570138798
"3089",3981,"North Carolina","mpi-esm1-2-hr","ssp585",NA,0.301470688202794,15.083316287941
"3090",3982,"North Carolina","mpi-esm1-2-hr","ssp585",NA,3.71465800992094,18.406782698431
"3091",3983,"North Carolina","mpi-esm1-2-hr","ssp585",NA,2.53779212813365,13.276709685339
"3092",3984,"North Carolina","mpi-esm1-2-hr","ssp585",NA,1.44370645501709,21.5670705074022
"3093",3985,"North Carolina","mpi-esm1-2-hr","ssp585",NA,11.3956885632448,19.5595308704537
"3094",3986,"North Carolina","mpi-esm1-2-hr","ssp585",NA,0.353365863947063,20.1375765418472
"3095",3987,"North Carolina","mpi-esm1-2-hr","ssp585",NA,2.93150598017823,25.7038951713498
"3096",3988,"North Carolina","mpi-esm1-2-hr","ssp585",NA,3.00897617975459,25.7324591970578
"3097",3989,"North Carolina","mpi-esm1-2-hr","ssp585",NA,0.384432353246116,25.3806112679447
"3098",3990,"North Carolina","mpi-esm1-2-hr","ssp585",NA,6.70555292462948,27.3566028242352
"3099",3991,"North Carolina","mpi-esm1-2-hr","ssp585",NA,8.30500917695989,27.0676379462918
"3100",3992,"North Carolina","mpi-esm1-2-hr","ssp585",NA,3.22376069981001,26.4384342995011
"3101",3993,"North Carolina","mpi-esm1-2-hr","ssp585",NA,4.15337827530684,28.6193787475928
"3102",3994,"North Carolina","mpi-esm1-2-hr","ssp585",NA,4.60661381148384,27.9399414575401
"3103",3995,"North Carolina","mpi-esm1-2-hr","ssp585",NA,8.17806624429312,28.1966931083957
"3104",3996,"North Carolina","mpi-esm1-2-hr","ssp585",NA,8.45496804443222,24.9821533374092
"3105",3997,"North Carolina","mpi-esm1-2-hr","ssp585",NA,3.62481272965217,27.1436621059557
"3106",3998,"North Carolina","mpi-esm1-2-hr","ssp585",NA,1.15051289498557,28.5757445092295
"3107",3999,"North Carolina","mpi-esm1-2-hr","ssp585",NA,0.516884506685207,29.0984699324066
"3108",4000,"North Carolina","mpi-esm1-2-hr","ssp585",NA,7.88977747332323,28.1975055427445
"3109",4001,"North Carolina","mpi-esm1-2-hr","ssp585",NA,14.1049922138306,26.2392017866717
"3110",4002,"North Carolina","mpi-esm1-2-hr","ssp585",NA,13.5102193137181,26.1246804288122
"3111",4003,"North Carolina","mpi-esm1-2-hr","ssp585",NA,2.84332869946602,24.0483844318978
"3112",4004,"North Carolina","mpi-esm1-2-hr","ssp585",NA,0.072108753870032,23.9742851022245
"3113",4005,"North Carolina","mpi-esm1-2-hr","ssp585",NA,10.9103347087695,19.9968956356957
"3114",4006,"North Carolina","mpi-esm1-2-hr","ssp585",NA,9.06694598696569,20.9411380543429
"3115",4007,"North Carolina","mpi-esm1-2-hr","ssp585",NA,0.565020211430818,20.1907646627987
"3116",4008,"North Carolina","mpi-esm1-2-hr","ssp585",NA,0.0209186531505753,21.7090383663231
"3117",4009,"North Carolina","mpi-esm1-2-hr","ssp585",NA,0.0457413636987829,22.0614823712688
"3118",4010,"North Carolina","mpi-esm1-2-hr","ssp585",NA,0.176838057300569,18.2889301374847
"3119",4011,"North Carolina","mpi-esm1-2-hr","ssp585",NA,10.3513850372507,15.3942517705325
"3120",4012,"North Carolina","mpi-esm1-2-hr","ssp585",NA,5.14067176609235,16.3241044244847
"3121",4013,"North Carolina","mpi-esm1-2-hr","ssp585",NA,8.78166480774589,13.6381491097416
"3122",4014,"North Carolina","mpi-esm1-2-hr","ssp585",NA,0.0980510581221173,6.76165007262673
"3123",4015,"North Carolina","mpi-esm1-2-hr","ssp585",NA,5.49698646534714,8.03115653243722
"3124",4016,"North Carolina","mpi-esm1-2-hr","ssp585",NA,3.39787020396315,5.92970088670236
"3125",4017,"North Carolina","mpi-esm1-2-hr","ssp585",NA,0.00456506238740129,2.93138644862244
"3126",4018,"North Carolina","mpi-esm1-2-hr","ssp585",NA,5.58689769573643,9.86501157103469
"3127",4019,"North Carolina","mpi-esm1-2-hr","ssp585",NA,12.8332792428165,9.08960188323378
"3128",4020,"North Carolina","mpi-esm1-2-hr","ssp585",NA,2.60617378833466,12.92473960043
"3129",4021,"North Carolina","mpi-esm1-2-hr","ssp585",NA,1.12955256008106,11.755792407295
"3130",4022,"North Carolina","mpi-esm1-2-hr","ssp585",NA,3.18361747876752,11.8235610064339
"3131",4023,"North Carolina","mpi-esm1-2-hr","ssp585",NA,8.17597367641313,7.63834512320556
"3132",4024,"North Carolina","mpi-esm1-2-hr","ssp585",NA,5.19854598137843,7.9216763023569
"3133",4025,"North Carolina","mpi-esm1-2-hr","ssp585",NA,12.7935702942744,14.8333503958224
"3134",4026,"North Carolina","mpi-esm1-2-hr","ssp585",NA,18.8825490694788,4.71168518921243
"3135",4027,"North Carolina","mpi-esm1-2-hr","ssp585",NA,1.68060100476694,12.9571873940006
"3136",4028,"North Carolina","mpi-esm1-2-hr","ssp585",NA,4.38331763794207,10.827262352695
"3137",4029,"North Carolina","mpi-esm1-2-hr","ssp585",NA,1.13292163942719,10.5568104463465
"3138",4030,"North Carolina","mpi-esm1-2-hr","ssp585",NA,2.69937659176925,13.8896701160933
"3139",4031,"North Carolina","mpi-esm1-2-hr","ssp585",NA,1.01712083428652,17.1275444650517
"3140",4032,"North Carolina","mpi-esm1-2-hr","ssp585",NA,0.147549930842302,18.3038860588181
"3141",4033,"North Carolina","mpi-esm1-2-hr","ssp585",NA,2.64351491278838,16.7277329046853
"3142",4034,"North Carolina","mpi-esm1-2-hr","ssp585",NA,0.0665665990197317,20.5831795144816
"3143",4035,"North Carolina","mpi-esm1-2-hr","ssp585",NA,2.40909821790288,16.7185345476081
"3144",4036,"North Carolina","mpi-esm1-2-hr","ssp585",NA,8.36591828293353,20.8604286343444
"3145",4037,"North Carolina","mpi-esm1-2-hr","ssp585",NA,3.2762631698346,19.1122928565958
"3146",4038,"North Carolina","mpi-esm1-2-hr","ssp585",NA,0.19487045415075,23.7536660074186
"3147",4039,"North Carolina","mpi-esm1-2-hr","ssp585",NA,0.754199448114255,28.2080699247473
"3148",4040,"North Carolina","mpi-esm1-2-hr","ssp585",NA,5.8134611819635,24.6439224029456
"3149",4041,"North Carolina","mpi-esm1-2-hr","ssp585",NA,3.70195195628337,28.2340237144663
"3150",4042,"North Carolina","mpi-esm1-2-hr","ssp585",NA,8.38154707781243,26.705354031261
"3151",4043,"North Carolina","mpi-esm1-2-hr","ssp585",NA,4.84385963035867,29.3683767965194
"3152",4044,"North Carolina","mpi-esm1-2-hr","ssp585",NA,3.42004796330919,26.6046024269083
"3153",4045,"North Carolina","mpi-esm1-2-hr","ssp585",NA,2.69998167677535,27.6673193838082
"3154",4046,"North Carolina","mpi-esm1-2-hr","ssp585",NA,3.47714809729095,30.6192127388065
"3155",4047,"North Carolina","mpi-esm1-2-hr","ssp585",NA,0.723627582559276,27.3317055240065
"3156",4048,"North Carolina","mpi-esm1-2-hr","ssp585",NA,1.73011093533159,31.3759028416054
"3157",4049,"North Carolina","mpi-esm1-2-hr","ssp585",NA,4.42193492869722,30.4415629923845
"3158",4050,"North Carolina","mpi-esm1-2-hr","ssp585",NA,1.21316073919468,30.3362547802324
"3159",4051,"North Carolina","mpi-esm1-2-hr","ssp585",NA,1.22732490660589,30.857529977323
"3160",4052,"North Carolina","mpi-esm1-2-hr","ssp585",NA,5.33934834818238,30.0966920484014
"3161",4053,"North Carolina","mpi-esm1-2-hr","ssp585",NA,4.91077613919553,27.0852157293582
"3162",4054,"North Carolina","mpi-esm1-2-hr","ssp585",NA,2.57330257136193,28.5934825736936
"3163",4055,"North Carolina","mpi-esm1-2-hr","ssp585",NA,0.540117603879419,29.2054825983128
"3164",4056,"North Carolina","mpi-esm1-2-hr","ssp585",NA,4.77521231082124,28.2293402492833
"3165",4057,"North Carolina","mpi-esm1-2-hr","ssp585",NA,4.15242882980757,27.0672105292313
"3166",4058,"North Carolina","mpi-esm1-2-hr","ssp585",NA,1.93220702176786,21.6959076013218
"3167",4059,"North Carolina","mpi-esm1-2-hr","ssp585",NA,0.0622522059155231,21.8081983550256
"3168",4060,"North Carolina","mpi-esm1-2-hr","ssp585",NA,0.00717059674341635,20.6755517783285
"3169",4061,"North Carolina","mpi-esm1-2-hr","ssp585",NA,0.349011351588596,20.9688467330292
"3170",4062,"North Carolina","mpi-esm1-2-hr","ssp585",NA,10.7025326268366,17.2653078223477
"3171",4063,"North Carolina","mpi-esm1-2-hr","ssp585",NA,7.14016100160322,15.10277410769
"3172",4064,"North Carolina","mpi-esm1-2-hr","ssp585",NA,4.08761012704494,21.1942255442216
"3173",4065,"North Carolina","mpi-esm1-2-hr","ssp585",NA,1.52008170383347,14.6505152256215
"3174",4066,"North Carolina","mpi-esm1-2-hr","ssp585",NA,0.0102114801450648,5.8133540305771
"3175",4067,"North Carolina","mpi-esm1-2-hr","ssp585",NA,1.52828843417081,5.86953714835546
"3176",4068,"North Carolina","mpi-esm1-2-hr","ssp585",NA,2.48946547376172,13.7580332694601
"3177",4069,"North Carolina","mpi-esm1-2-hr","ssp585",NA,5.09392979176421,7.16139102369466
"3178",4070,"North Carolina","mpi-esm1-2-hr","ssp585",NA,0.0514407089763192,10.4397696358817
"3179",4071,"North Carolina","mpi-esm1-2-hr","ssp585",NA,0.126377994676674,7.06208596964179
"3180",4072,"North Carolina","mpi-esm1-2-hr","ssp585",NA,0.499723356310327,5.28923898905268
"3181",4073,"North Carolina","mpi-esm1-2-hr","ssp585",NA,9.07275796145325,8.35537596630452
"3182",4074,"North Carolina","mpi-esm1-2-hr","ssp585",NA,5.0240778652956,13.9261033173035
"3183",4075,"North Carolina","mpi-esm1-2-hr","ssp585",NA,0.40492616419765,3.71298675964529
"3184",4076,"North Carolina","mpi-esm1-2-hr","ssp585",NA,5.18766938618354,11.8932900821462
"3185",4077,"North Carolina","mpi-esm1-2-hr","ssp585",NA,2.25698455126673,10.3039990678889
"3186",4078,"North Carolina","mpi-esm1-2-hr","ssp585",NA,1.89572155629451,6.78191938640693
"3187",4079,"North Carolina","mpi-esm1-2-hr","ssp585",NA,6.16214323129215,8.28011833639708
"3188",4080,"North Carolina","mpi-esm1-2-hr","ssp585",NA,8.53826090528511,11.21484730611
"3189",4081,"North Carolina","mpi-esm1-2-hr","ssp585",NA,3.37635439793624,12.2665478447238
"3190",4082,"North Carolina","mpi-esm1-2-hr","ssp585",NA,7.97984541665962,15.0041054776403
"3191",4083,"North Carolina","mpi-esm1-2-hr","ssp585",NA,3.75209484203986,13.7178891478467
"3192",4084,"North Carolina","mpi-esm1-2-hr","ssp585",NA,6.78949977571835,11.5995121461671
"3193",4085,"North Carolina","mpi-esm1-2-hr","ssp585",NA,0.752954362566826,13.3492366331298
"3194",4086,"North Carolina","mpi-esm1-2-hr","ssp585",NA,0.366625646815269,18.2768826182817
"3195",4087,"North Carolina","mpi-esm1-2-hr","ssp585",NA,0.973376557161247,18.6383285394236
"3196",4088,"North Carolina","mpi-esm1-2-hr","ssp585",NA,3.73146923520835,20.8691222973565
"3197",4089,"North Carolina","mpi-esm1-2-hr","ssp585",NA,3.01017629129038,22.2474513633579
"3198",4090,"North Carolina","mpi-esm1-2-hr","ssp585",NA,1.59058237967496,20.182325996805
"3199",4091,"North Carolina","mpi-esm1-2-hr","ssp585",NA,2.46698142662109,22.3517111214603
"3200",4092,"North Carolina","mpi-esm1-2-hr","ssp585",NA,9.41483021891167,24.2706722483916
"3201",4093,"North Carolina","mpi-esm1-2-hr","ssp585",NA,13.2947430522857,23.5458066796055
"3202",4094,"North Carolina","mpi-esm1-2-hr","ssp585",NA,1.27522726666756,25.685396731935
"3203",4095,"North Carolina","mpi-esm1-2-hr","ssp585",NA,3.26287584757665,28.7452100737756
"3204",4096,"North Carolina","mpi-esm1-2-hr","ssp585",NA,17.4992651217638,25.6926307656852
"3205",4097,"North Carolina","mpi-esm1-2-hr","ssp585",NA,4.52766363296101,28.198122134596
"3206",4098,"North Carolina","mpi-esm1-2-hr","ssp585",NA,4.54835947708152,28.9387457155714
"3207",4099,"North Carolina","mpi-esm1-2-hr","ssp585",NA,2.36381039008664,30.1044992484299
"3208",4100,"North Carolina","mpi-esm1-2-hr","ssp585",NA,0.226445708518868,28.3546699588039
"3209",4101,"North Carolina","mpi-esm1-2-hr","ssp585",NA,3.60834647492863,28.5331266686362
"3210",4102,"North Carolina","mpi-esm1-2-hr","ssp585",NA,11.1872657797559,27.2425697476256
"3211",4103,"North Carolina","mpi-esm1-2-hr","ssp585",NA,5.11872361377388,28.5063367656633
"3212",4104,"North Carolina","mpi-esm1-2-hr","ssp585",NA,6.14678073311437,27.458313808922
"3213",4105,"North Carolina","mpi-esm1-2-hr","ssp585",NA,1.55486216366427,28.9362425048144
"3214",4106,"North Carolina","mpi-esm1-2-hr","ssp585",NA,11.3000602594566,28.0552101113883
"3215",4107,"North Carolina","mpi-esm1-2-hr","ssp585",NA,0.444042797782091,26.0933167358741
"3216",4108,"North Carolina","mpi-esm1-2-hr","ssp585",NA,4.30984771975863,25.1321955320214
"3217",4109,"North Carolina","mpi-esm1-2-hr","ssp585",NA,0.588266578577669,25.8511777904521
"3218",4110,"North Carolina","mpi-esm1-2-hr","ssp585",NA,5.23507679494547,25.9495892863982
"3219",4111,"North Carolina","mpi-esm1-2-hr","ssp585",NA,4.88833993529456,20.3924901283756
"3220",4112,"North Carolina","mpi-esm1-2-hr","ssp585",NA,0.273320396130458,20.7818321933266
"3221",4113,"North Carolina","mpi-esm1-2-hr","ssp585",NA,9.37012344336591,18.1499391529073
"3222",4114,"North Carolina","mpi-esm1-2-hr","ssp585",NA,0.00155031850547804,13.7531678100928
"3223",4115,"North Carolina","mpi-esm1-2-hr","ssp585",NA,0.00743438663257544,16.1964402484627
"3224",4116,"North Carolina","mpi-esm1-2-hr","ssp585",NA,1.12119355482505,15.8558842506729
"3225",4117,"North Carolina","mpi-esm1-2-hr","ssp585",NA,0.0664549625193517,15.0914766199449
"3226",4118,"North Carolina","mpi-esm1-2-hr","ssp585",NA,7.08160649747475,15.9332687078738
"3227",4119,"North Carolina","mpi-esm1-2-hr","ssp585",NA,0.548495729334022,7.31653948444615
"3228",4120,"North Carolina","mpi-esm1-2-hr","ssp585",NA,1.3392321677989,14.6822012765067
"3229",4121,"North Carolina","mpi-esm1-2-hr","ssp585",NA,11.4408032287941,11.3925992906929
"3230",4122,"North Carolina","mpi-esm1-2-hr","ssp585",NA,2.11626516915616,10.0994321336933
"3231",4123,"North Carolina","mpi-esm1-2-hr","ssp585",NA,2.51868982448577,10.3238405371915
"3232",4124,"North Carolina","mpi-esm1-2-hr","ssp585",NA,0.515808495851268,9.75702003457635
"3233",4125,"North Carolina","mpi-esm1-2-hr","ssp585",NA,3.69760022962005,8.49737579602155
"3234",4126,"North Carolina","mpi-esm1-2-hr","ssp585",NA,3.17236432549959,15.5727366898908
"3235",4127,"North Carolina","mpi-esm1-2-hr","ssp585",NA,5.89764980710136,12.8333975826659
"3236",4128,"North Carolina","mpi-esm1-2-hr","ssp585",NA,6.09390018582432,14.4296249774324
"3237",4129,"North Carolina","mpi-esm1-2-hr","ssp585",NA,1.03482596373893,8.19120379108677
"3238",4130,"North Carolina","mpi-esm1-2-hr","ssp585",NA,3.24369285220758,4.99007414489235
"3239",4131,"North Carolina","mpi-esm1-2-hr","ssp585",NA,15.110935594545,8.2776925736115
"3240",4132,"North Carolina","mpi-esm1-2-hr","ssp585",NA,0.348679363839949,14.1467841311329
"3241",4133,"North Carolina","mpi-esm1-2-hr","ssp585",NA,5.31092690256047,16.9974942760307
"3242",4134,"North Carolina","mpi-esm1-2-hr","ssp585",NA,14.3374515213387,9.5717606402913
"3243",4135,"North Carolina","mpi-esm1-2-hr","ssp585",NA,1.7155140232243,11.2262806269969
"3244",4136,"North Carolina","mpi-esm1-2-hr","ssp585",NA,1.23707515621306,8.84691823750987
"3245",4137,"North Carolina","mpi-esm1-2-hr","ssp585",NA,3.42176100516745,15.15463689382
"3246",4138,"North Carolina","mpi-esm1-2-hr","ssp585",NA,3.51786494803575,17.8777616784019
"3247",4139,"North Carolina","mpi-esm1-2-hr","ssp585",NA,7.26451688819563,18.7163148853292
"3248",4140,"North Carolina","mpi-esm1-2-hr","ssp585",NA,3.51795943778819,18.2224315653996
"3249",4141,"North Carolina","mpi-esm1-2-hr","ssp585",NA,2.15474304685576,19.3506219773066
"3250",4142,"North Carolina","mpi-esm1-2-hr","ssp585",NA,4.64123441372311,23.2135082939426
"3251",4143,"North Carolina","mpi-esm1-2-hr","ssp585",NA,0.189927692596992,22.2849092542291
"3252",4144,"North Carolina","mpi-esm1-2-hr","ssp585",NA,0.373540979113891,26.3026472332097
"3253",4145,"North Carolina","mpi-esm1-2-hr","ssp585",NA,3.01298109105944,25.3602162935487
"3254",4146,"North Carolina","mpi-esm1-2-hr","ssp585",NA,5.97307154806791,25.8156662713914
"3255",4147,"North Carolina","mpi-esm1-2-hr","ssp585",NA,2.12617153759792,26.3682136941691
"3256",4148,"North Carolina","mpi-esm1-2-hr","ssp585",NA,5.38758762148889,28.5285085982635
"3257",4149,"North Carolina","mpi-esm1-2-hr","ssp585",NA,4.30745733414247,26.3241275904893
"3258",4150,"North Carolina","mpi-esm1-2-hr","ssp585",NA,5.47310721581083,28.1968338140921
"3259",4151,"North Carolina","mpi-esm1-2-hr","ssp585",NA,6.75579424087653,26.5731560715107
"3260",4152,"North Carolina","mpi-esm1-2-hr","ssp585",NA,2.48757398230202,26.9750648819098
"3261",4153,"North Carolina","mpi-esm1-2-hr","ssp585",NA,8.90197902509736,26.8177127442774
"3262",4154,"North Carolina","mpi-esm1-2-hr","ssp585",NA,10.2893353514492,26.9241596809623
"3263",4155,"North Carolina","mpi-esm1-2-hr","ssp585",NA,5.14065049679293,27.4433938761051
"3264",4156,"North Carolina","mpi-esm1-2-hr","ssp585",NA,6.55747877868375,28.2655500823377
"3265",4157,"North Carolina","mpi-esm1-2-hr","ssp585",NA,9.26526856601718,26.0466026156557
"3266",4158,"North Carolina","mpi-esm1-2-hr","ssp585",NA,3.65007615447296,28.432654766008
"3267",4159,"North Carolina","mpi-esm1-2-hr","ssp585",NA,0.635158923049085,27.4054232557281
"3268",4160,"North Carolina","mpi-esm1-2-hr","ssp585",NA,2.7778848242121,23.5670318688999
"3269",4161,"North Carolina","mpi-esm1-2-hr","ssp585",NA,0.513597127177827,25.7491856508229
"3270",4162,"North Carolina","mpi-esm1-2-hr","ssp585",NA,0.259388681477794,26.3184331984747
"3271",4163,"North Carolina","mpi-esm1-2-hr","ssp585",NA,2.54048164897235,25.7987227752429
"3272",4164,"North Carolina","mpi-esm1-2-hr","ssp585",NA,0.0798514154773918,25.2260365718553
"3273",4165,"North Carolina","mpi-esm1-2-hr","ssp585",NA,0.686398900824843,19.3594707072282
"3274",4166,"North Carolina","mpi-esm1-2-hr","ssp585",NA,6.33625666457245,18.5592135560279
"3275",4167,"North Carolina","mpi-esm1-2-hr","ssp585",NA,4.35536212155531,18.7701277190564
"3276",4168,"North Carolina","mpi-esm1-2-hr","ssp585",NA,0.0139604988026124,13.6087917124858
"3277",4169,"North Carolina","mpi-esm1-2-hr","ssp585",NA,0.0200877708327632,15.2132250019149
"3278",4170,"North Carolina","mpi-esm1-2-hr","ssp585",NA,5.69996000159343,15.8549030720687
"3279",4171,"North Carolina","mpi-esm1-2-hr","ssp585",NA,6.27890726893017,13.0524915679163
"3280",4172,"North Carolina","mpi-esm1-2-hr","ssp585",NA,6.81238029304217,11.8945582285649
"3281",4173,"North Carolina","mpi-esm1-2-hr","ssp585",NA,5.90222493723742,11.4326510047379
"3282",4174,"North Carolina","mpi-esm1-2-hr","ssp585",NA,3.4640114768654,7.74051105061167
"3283",4175,"North Carolina","mpi-esm1-2-hr","ssp585",NA,0.503073883486986,7.40538059950545
"3284",4176,"North Carolina","mpi-esm1-2-hr","ssp585",NA,6.6492833789496,8.85684807614454
"3285",4177,"North Carolina","mpi-esm1-2-hr","ssp585",NA,4.69663715824737,3.95505432641809
"3286",4178,"North Carolina","mpi-esm1-2-hr","ssp585",NA,6.03313830149756,12.3774742831703
"3287",4179,"North Carolina","mpi-esm1-2-hr","ssp585",NA,6.36106437769366,9.02116728283113
"3288",4180,"North Carolina","mpi-esm1-2-hr","ssp585",NA,1.74248283627155,3.68913902475055
"3289",4181,"North Carolina","mpi-esm1-2-hr","ssp585",NA,4.77888699217238,10.3732120802423
"3290",4182,"North Carolina","mpi-esm1-2-hr","ssp585",NA,4.63371123254195,5.75908394607845
"3291",4183,"North Carolina","mpi-esm1-2-hr","ssp585",NA,6.6954512472784,10.349462138371
"3292",4184,"North Carolina","mpi-esm1-2-hr","ssp585",NA,3.14276499254653,14.2145352916558
"3293",4185,"North Carolina","mpi-esm1-2-hr","ssp585",NA,0.531571942548847,6.99387884059876
"3294",4186,"North Carolina","mpi-esm1-2-hr","ssp585",NA,7.13117863164401,8.29710371941748
"3295",4187,"North Carolina","mpi-esm1-2-hr","ssp585",NA,0.944059101140524,14.3561323235349
"3296",4188,"North Carolina","mpi-esm1-2-hr","ssp585",NA,0.500429586900893,20.2473058705904
"3297",4189,"North Carolina","mpi-esm1-2-hr","ssp585",NA,0.470058407478339,20.5641631310728
"3298",4190,"North Carolina","mpi-esm1-2-hr","ssp585",NA,0.727167342535852,18.1674176897322
"3299",4191,"North Carolina","mpi-esm1-2-hr","ssp585",NA,3.65338456605296,19.2822306315104
"3300",4192,"North Carolina","mpi-esm1-2-hr","ssp585",NA,1.00165136872794,15.8451091520593
"3301",4193,"North Carolina","mpi-esm1-2-hr","ssp585",NA,1.93319849314023,19.0540877141873
"3302",4194,"North Carolina","mpi-esm1-2-hr","ssp585",NA,8.90953593903652,20.0847528366816
"3303",4195,"North Carolina","mpi-esm1-2-hr","ssp585",NA,6.12370531653906,23.1653153106946
"3304",4196,"North Carolina","mpi-esm1-2-hr","ssp585",NA,7.09886515397564,22.3661476455817
"3305",4197,"North Carolina","mpi-esm1-2-hr","ssp585",NA,0.141626472475214,23.2756468700762
"3306",4198,"North Carolina","mpi-esm1-2-hr","ssp585",NA,0.661531654482477,25.6180511902027
"3307",4199,"North Carolina","mpi-esm1-2-hr","ssp585",NA,0.848059209430871,29.9740477147891
"3308",4200,"North Carolina","mpi-esm1-2-hr","ssp585",NA,12.560735250155,27.5714683725053
"3309",4201,"North Carolina","mpi-esm1-2-hr","ssp585",NA,3.31546684908727,29.1363165163527
"3310",4202,"North Carolina","mpi-esm1-2-hr","ssp585",NA,0.296338052274742,31.590650679217
"3311",4203,"North Carolina","mpi-esm1-2-hr","ssp585",NA,6.33016302685477,28.467637826615
"3312",4204,"North Carolina","mpi-esm1-2-hr","ssp585",NA,4.72044801583955,27.9477424172794
"3313",4205,"North Carolina","mpi-esm1-2-hr","ssp585",NA,5.42794847755767,27.0122150324974
"3314",4206,"North Carolina","mpi-esm1-2-hr","ssp585",NA,6.40856149725207,27.9953877937894
"3315",4207,"North Carolina","mpi-esm1-2-hr","ssp585",NA,6.96383060038737,26.9220783308441
"3316",4208,"North Carolina","mpi-esm1-2-hr","ssp585",NA,1.53891543382126,28.8155420639936
"3317",4209,"North Carolina","mpi-esm1-2-hr","ssp585",NA,1.98713074536836,31.922886234572
"3318",4210,"North Carolina","mpi-esm1-2-hr","ssp585",NA,1.91757925045031,27.7634344533712
"3319",4211,"North Carolina","mpi-esm1-2-hr","ssp585",NA,0.624610995610896,29.2206200009301
"3320",4212,"North Carolina","mpi-esm1-2-hr","ssp585",NA,0.432523002400711,29.7779061966584
"3321",4213,"North Carolina","mpi-esm1-2-hr","ssp585",NA,7.76843347007916,27.6550820059469
"3322",4214,"North Carolina","mpi-esm1-2-hr","ssp585",NA,6.0822322588489,22.5121316861706
"3323",4215,"North Carolina","mpi-esm1-2-hr","ssp585",NA,1.27995964547826,23.3244359291568
"3324",4216,"North Carolina","mpi-esm1-2-hr","ssp585",NA,2.77996812505951,21.887410960478
"3325",4217,"North Carolina","mpi-esm1-2-hr","ssp585",NA,0.38039004611768,25.4679910440739
"3326",4218,"North Carolina","mpi-esm1-2-hr","ssp585",NA,2.91609109540828,25.3629607384946
"3327",4219,"North Carolina","mpi-esm1-2-hr","ssp585",NA,2.34551243361124,13.2457512692577
"3328",4220,"North Carolina","mpi-esm1-2-hr","ssp585",NA,4.13158825236266,12.4374092679064
"3329",4221,"North Carolina","mpi-esm1-2-hr","ssp585",NA,3.99675763605841,15.3897856041831
"3330",4222,"North Carolina","mpi-esm1-2-hr","ssp585",NA,5.20263509848106,10.1163348542542
"3331",4223,"North Carolina","mpi-esm1-2-hr","ssp585",NA,2.33695999912841,12.2087448162859
"3332",4224,"North Carolina","mpi-esm1-2-hr","ssp585",NA,7.14879247525383,11.0935718183758
"3333",4225,"North Carolina","mpi-esm1-2-hr","ssp585",NA,0.222866051106913,8.59187984519982
"3334",4226,"North Carolina","mpi-esm1-2-hr","ssp585",NA,3.7480503774463,9.22354002880451
"3335",4227,"North Carolina","mpi-esm1-2-hr","ssp585",NA,0.473413816926499,6.68953541133252
"3336",4228,"North Carolina","mpi-esm1-2-hr","ssp585",NA,2.08986892467394,8.99850622866336
"3337",4229,"North Carolina","mpi-esm1-2-hr","ssp585",NA,4.23405184851044,10.0396596529237
"3338",4230,"North Carolina","mpi-esm1-2-hr","ssp585",NA,4.84145138031613,9.41708567215951
"3339",4231,"North Carolina","mpi-esm1-2-hr","ssp585",NA,0.862534474490989,7.41058175223217
"3340",4232,"North Carolina","mpi-esm1-2-hr","ssp585",NA,6.91824620788327,7.13830716857058
"3341",4233,"North Carolina","mpi-esm1-2-hr","ssp585",NA,1.66988049863636,3.12457434389774
"3342",4234,"North Carolina","mpi-esm1-2-hr","ssp585",NA,2.86964443214191,6.30377843520223
"3343",4235,"North Carolina","mpi-esm1-2-hr","ssp585",NA,13.6963656190774,7.30035730356598
"3344",4236,"North Carolina","mpi-esm1-2-hr","ssp585",NA,2.1362745575833,8.91909949038211
"3345",4237,"North Carolina","mpi-esm1-2-hr","ssp585",NA,0.0734944408631076,10.3043535675989
"3346",4238,"North Carolina","mpi-esm1-2-hr","ssp585",NA,1.89280618405133,13.9101809205128
"3347",4239,"North Carolina","mpi-esm1-2-hr","ssp585",NA,0.170057144601406,15.4853340042072
"3348",4240,"North Carolina","mpi-esm1-2-hr","ssp585",NA,2.30838014524904,17.0151770327272
"3349",4241,"North Carolina","mpi-esm1-2-hr","ssp585",NA,1.2860623347379,17.5955590512572
"3350",4242,"North Carolina","mpi-esm1-2-hr","ssp585",NA,3.38526233874688,19.0816841531535
"3351",4243,"North Carolina","mpi-esm1-2-hr","ssp585",NA,8.066507005971,19.5326567663198
"3352",4244,"North Carolina","mpi-esm1-2-hr","ssp585",NA,2.5708674243633,20.676619295179
"3353",4245,"North Carolina","mpi-esm1-2-hr","ssp585",NA,1.02629415367944,20.3828899992614
"3354",4246,"North Carolina","mpi-esm1-2-hr","ssp585",NA,1.57123736204054,23.4498749719615
"3355",4247,"North Carolina","mpi-esm1-2-hr","ssp585",NA,3.0137673754562,24.4400676310563
"3356",4248,"North Carolina","mpi-esm1-2-hr","ssp585",NA,0.244765397576525,24.4636426738664
"3357",4249,"North Carolina","mpi-esm1-2-hr","ssp585",NA,1.57591585330851,27.8267835601037
"3358",4250,"North Carolina","mpi-esm1-2-hr","ssp585",NA,3.12853782194272,27.2883344035857
"3359",4251,"North Carolina","mpi-esm1-2-hr","ssp585",NA,6.83654224306361,28.2133233078388
"3360",4252,"North Carolina","mpi-esm1-2-hr","ssp585",NA,5.37825623630683,28.3845978723521
"3361",4253,"North Carolina","mpi-esm1-2-hr","ssp585",NA,2.58505077536564,28.6125646083629
"3362",4254,"North Carolina","mpi-esm1-2-hr","ssp585",NA,4.02940733490882,28.8894666655725
"3363",4255,"North Carolina","mpi-esm1-2-hr","ssp585",NA,2.05390093243532,28.0278324244737
"3364",4256,"North Carolina","mpi-esm1-2-hr","ssp585",NA,7.16886068227776,27.9482153115153
"3365",4257,"North Carolina","mpi-esm1-2-hr","ssp585",NA,2.04751257229307,29.1043611072359
"3366",4258,"North Carolina","mpi-esm1-2-hr","ssp585",NA,0.886347701021851,31.1531140068332
"3367",4259,"North Carolina","mpi-esm1-2-hr","ssp585",NA,4.20998815767662,30.2065339587984
"3368",4260,"North Carolina","mpi-esm1-2-hr","ssp585",NA,3.70699085216388,29.1216314064689
"3369",4261,"North Carolina","mpi-esm1-2-hr","ssp585",NA,8.09922323042738,26.9010779629235
"3370",4262,"North Carolina","mpi-esm1-2-hr","ssp585",NA,1.30269625435115,27.2418603207885
"3371",4263,"North Carolina","mpi-esm1-2-hr","ssp585",NA,3.83246276316274,27.405635852974
"3372",4264,"North Carolina","mpi-esm1-2-hr","ssp585",NA,2.0425304689517,28.7249353745405
"3373",4265,"North Carolina","mpi-esm1-2-hr","ssp585",NA,3.23316607226377,28.8101079689689
"3374",4266,"North Carolina","mpi-esm1-2-hr","ssp585",NA,1.24696226058488,21.8414493507364
"3375",4267,"North Carolina","mpi-esm1-2-hr","ssp585",NA,1.45962597385779,24.015979123583
"3376",4268,"North Carolina","mpi-esm1-2-hr","ssp585",NA,0.0983570076580485,24.236742599872
"3377",4269,"North Carolina","mpi-esm1-2-hr","ssp585",NA,6.1946751651734,20.4284489821319
"3378",4270,"North Carolina","mpi-esm1-2-hr","ssp585",NA,0.103498880600776,16.0270246062292
"3379",4271,"North Carolina","mpi-esm1-2-hr","ssp585",NA,9.85250132416848,18.2883409858084
"3380",4272,"North Carolina","mpi-esm1-2-hr","ssp585",NA,0.0986205078234667,14.8639720927434
"3381",4273,"North Carolina","mpi-esm1-2-hr","ssp585",NA,9.83191878101536,17.9287800593871
"3382",4274,"North Carolina","mpi-esm1-2-hr","ssp585",NA,6.58389991431479,19.0999409309622
"3383",4275,"North Carolina","mpi-esm1-2-hr","ssp585",NA,0.512594746702356,9.19862537544317
"3384",4276,"North Carolina","mpi-esm1-2-hr","ssp585",NA,0.00728648552436776,10.1420423662629
"3385",4277,"North Carolina","mpi-esm1-2-hr","ssp585",NA,7.17259036808005,15.341651091589
"3386",4278,"North Carolina","mpi-esm1-2-hr","ssp585",NA,0.763156857644061,8.67039943663015
"3387",4279,"North Carolina","mpi-esm1-2-hr","ssp585",NA,0.347060118708344,12.3277064390209
"3388",4280,"North Carolina","mpi-esm1-2-hr","ssp585",NA,4.55409383644989,15.2560766396403
"3389",4281,"North Carolina","mpi-esm1-2-hr","ssp585",NA,13.8137672369217,10.2441910260198
"3390",4282,"North Carolina","mpi-esm1-2-hr","ssp585",NA,5.25197207376749,10.2705330813966
"3391",4283,"North Carolina","mpi-esm1-2-hr","ssp585",NA,3.98890056708564,7.49575870631458
"3392",4284,"North Carolina","mpi-esm1-2-hr","ssp585",NA,5.42546453665132,7.39923117928815
"3393",4285,"North Carolina","mpi-esm1-2-hr","ssp585",NA,10.514742267244,3.17797258307622
"3394",4286,"North Carolina","mpi-esm1-2-hr","ssp585",NA,6.58529542657454,5.54807823031559
"3395",4287,"North Carolina","mpi-esm1-2-hr","ssp585",NA,1.23897533693623,4.27910245152751
"3396",4288,"North Carolina","mpi-esm1-2-hr","ssp585",NA,0.760450052844479,7.7684470296908
"3397",4289,"North Carolina","mpi-esm1-2-hr","ssp585",NA,7.89613266028975,12.0183026482077
"3398",4290,"North Carolina","mpi-esm1-2-hr","ssp585",NA,4.55695349605585,9.76271451207437
"3399",4291,"North Carolina","mpi-esm1-2-hr","ssp585",NA,1.05878609858581,11.6340135932303
"3400",4292,"North Carolina","mpi-esm1-2-hr","ssp585",NA,17.0072873323048,17.8834164915967
"3401",4293,"North Carolina","mpi-esm1-2-hr","ssp585",NA,1.00100915706895,14.3029094108347
"3402",4294,"North Carolina","mpi-esm1-2-hr","ssp585",NA,7.93486114795209,15.3656832142037
"3403",4295,"North Carolina","mpi-esm1-2-hr","ssp585",NA,4.7332725240328,15.4393078544895
"3404",4296,"North Carolina","mpi-esm1-2-hr","ssp585",NA,0.852691591591961,20.6939790100611
"3405",4297,"North Carolina","mpi-esm1-2-hr","ssp585",NA,3.81046069749328,20.0784749348959
"3406",4298,"North Carolina","mpi-esm1-2-hr","ssp585",NA,1.5025025447778,21.3904828068923
"3407",4299,"North Carolina","mpi-esm1-2-hr","ssp585",NA,5.00459274460641,23.2947309563474
"3408",4300,"North Carolina","mpi-esm1-2-hr","ssp585",NA,8.09893451560205,24.9415242683988
"3409",4301,"North Carolina","mpi-esm1-2-hr","ssp585",NA,1.84436506247077,25.9684459013098
"3410",4302,"North Carolina","mpi-esm1-2-hr","ssp585",NA,1.47448676037764,28.0937220127309
"3411",4303,"North Carolina","mpi-esm1-2-hr","ssp585",NA,5.82743249356978,27.5025958405823
"3412",4304,"North Carolina","mpi-esm1-2-hr","ssp585",NA,1.29163367167495,29.5115394570915
"3413",4305,"North Carolina","mpi-esm1-2-hr","ssp585",NA,4.35652229730103,31.1391031046208
"3414",4306,"North Carolina","mpi-esm1-2-hr","ssp585",NA,1.98748470933684,30.2165528711485
"3415",4307,"North Carolina","mpi-esm1-2-hr","ssp585",NA,3.16168630849744,28.814109874907
"3416",4308,"North Carolina","mpi-esm1-2-hr","ssp585",NA,8.05247755079949,27.5607907249814
"3417",4309,"North Carolina","mpi-esm1-2-hr","ssp585",NA,5.70076522327487,28.3942389480206
"3418",4310,"North Carolina","mpi-esm1-2-hr","ssp585",NA,3.25780739712318,29.4518098035113
"3419",4311,"North Carolina","mpi-esm1-2-hr","ssp585",NA,8.07222430534346,26.5077869917498
"3420",4312,"North Carolina","mpi-esm1-2-hr","ssp585",NA,1.00543417065943,27.5609797288056
"3421",4313,"North Carolina","mpi-esm1-2-hr","ssp585",NA,8.47862313077575,27.9369680025331
"3422",4314,"North Carolina","mpi-esm1-2-hr","ssp585",NA,5.19413615233852,27.3444831570324
"3423",4315,"North Carolina","mpi-esm1-2-hr","ssp585",NA,2.46472239465036,26.5767431264498
"3424",4316,"North Carolina","mpi-esm1-2-hr","ssp585",NA,0.739380659623206,26.0266822451637
"3425",4317,"North Carolina","mpi-esm1-2-hr","ssp585",NA,8.68921360630002,23.4614343808813
"3426",4318,"North Carolina","mpi-esm1-2-hr","ssp585",NA,0.733634889734314,22.8775928486629
"3427",4319,"North Carolina","mpi-esm1-2-hr","ssp585",NA,11.9693610068535,23.1854445171624
"3428",4320,"North Carolina","mpi-esm1-2-hr","ssp585",NA,0.670751703370772,20.4607150379683
"3429",4321,"North Carolina","mpi-esm1-2-hr","ssp585",NA,0.22332472497724,22.8217887643339
"3430",4322,"North Carolina","mpi-esm1-2-hr","ssp585",NA,1.82183849277205,25.3043633981913
"3431",4323,"North Carolina","mpi-esm1-2-hr","ssp585",NA,2.38851553206151,19.3205015551143
"3432",4324,"North Carolina","mpi-esm1-2-hr","ssp585",NA,6.60549414349574,19.186583412662
"3433",4325,"North Carolina","mpi-esm1-2-hr","ssp585",NA,6.13197044249853,17.3729084431624
"3434",4326,"North Carolina","mpi-esm1-2-hr","ssp585",NA,3.4629775993197,13.9957346854758
"3435",4327,"North Carolina","mpi-esm1-2-hr","ssp585",NA,4.45105291033511,12.482868491635
"3436",4328,"North Carolina","mpi-esm1-2-hr","ssp585",NA,9.20265794682395,12.1620012897737
"3437",4329,"North Carolina","mpi-esm1-2-hr","ssp585",NA,5.81112482795404,11.69715343657
"3438",4330,"North Carolina","mpi-esm1-2-hr","ssp585",NA,0.669291070101151,5.42143181979826
"3439",4331,"North Carolina","mpi-esm1-2-hr","ssp585",NA,5.48980201422354,6.07330908681834
"3440",4332,"North Carolina","mpi-esm1-2-hr","ssp585",NA,6.49481192050808,7.43712161622464
"3441",4333,"North Carolina","mpi-esm1-2-hr","ssp585",NA,0.0978282624914334,3.41743179449516
"3442",4334,"North Carolina","mpi-esm1-2-hr","ssp585",NA,0.0812973139698503,5.44777635419404
"3443",4335,"North Carolina","mpi-esm1-2-hr","ssp585",NA,7.42718125222703,3.93983109845503
"3444",4336,"North Carolina","mpi-esm1-2-hr","ssp585",NA,1.53919945946922,3.23604744876468
"3445",4337,"North Carolina","mpi-esm1-2-hr","ssp585",NA,0.656399862357623,4.02511106004904
"3446",4338,"North Carolina","mpi-esm1-2-hr","ssp585",NA,8.15966188301823,2.86919709534207
"3447",4339,"North Carolina","mpi-esm1-2-hr","ssp585",NA,0.23407893406803,4.38044483174131
"3448",4340,"North Carolina","mpi-esm1-2-hr","ssp585",NA,1.66083248223003,11.8638430982745
"3449",4341,"North Carolina","mpi-esm1-2-hr","ssp585",NA,4.1975567503968,13.4481307684207
"3450",4342,"North Carolina","mpi-esm1-2-hr","ssp585",NA,4.16728329817626,13.1138387386205
"3451",4343,"North Carolina","mpi-esm1-2-hr","ssp585",NA,6.86526683288122,15.5963463534828
"3452",4344,"North Carolina","mpi-esm1-2-hr","ssp585",NA,2.01017994975914,12.0856329738927
"3453",4345,"North Carolina","mpi-esm1-2-hr","ssp585",NA,6.88944366155119,16.2096558130088
"3454",4346,"North Carolina","mpi-esm1-2-hr","ssp585",NA,2.78522270609526,13.664136579925
"3455",4347,"North Carolina","mpi-esm1-2-hr","ssp585",NA,0.00113455098777317,17.626883250859
"3456",4348,"North Carolina","mpi-esm1-2-hr","ssp585",NA,1.4801790064055,24.2500421946122
"3457",4349,"North Carolina","mpi-esm1-2-hr","ssp585",NA,11.2227670453725,21.6308851567971
"3458",4350,"North Carolina","mpi-esm1-2-hr","ssp585",NA,5.95372191177482,24.5416984323026
"3459",4351,"North Carolina","mpi-esm1-2-hr","ssp585",NA,2.83889384817248,20.7424034823891
"3460",4352,"North Carolina","mpi-esm1-2-hr","ssp585",NA,0.658025666196393,27.3263832412848
"3461",4353,"North Carolina","mpi-esm1-2-hr","ssp585",NA,0.407103002808759,28.2519184700247
"3462",4354,"North Carolina","mpi-esm1-2-hr","ssp585",NA,1.35649059318114,26.7822632006905
"3463",4355,"North Carolina","mpi-esm1-2-hr","ssp585",NA,1.59669008228339,26.5845863149948
"3464",4356,"North Carolina","mpi-esm1-2-hr","ssp585",NA,2.43447565545397,27.2800896139706
"3465",4357,"North Carolina","mpi-esm1-2-hr","ssp585",NA,1.06728489507902,29.5292339250153
"3466",4358,"North Carolina","mpi-esm1-2-hr","ssp585",NA,2.14850676399822,31.5851730731355
"3467",4359,"North Carolina","mpi-esm1-2-hr","ssp585",NA,9.3797488868916,29.6207280177696
"3468",4360,"North Carolina","mpi-esm1-2-hr","ssp585",NA,3.68465831914883,30.2854537835642
"3469",4361,"North Carolina","mpi-esm1-2-hr","ssp585",NA,0.877278056366838,30.132212457737
"3470",4362,"North Carolina","mpi-esm1-2-hr","ssp585",NA,2.70751565188549,30.1857546509815
"3471",4363,"North Carolina","mpi-esm1-2-hr","ssp585",NA,4.31433879459918,28.6596027961966
"3472",4364,"North Carolina","mpi-esm1-2-hr","ssp585",NA,4.42694071542737,31.0101541983981
"3473",4365,"North Carolina","mpi-esm1-2-hr","ssp585",NA,2.92709497845878,28.7095551990328
"3474",4366,"North Carolina","mpi-esm1-2-hr","ssp585",NA,2.13023734390807,28.0996068617877
"3475",4367,"North Carolina","mpi-esm1-2-hr","ssp585",NA,0.0496475276604007,28.65203264167
"3476",4368,"North Carolina","mpi-esm1-2-hr","ssp585",NA,5.31093089128324,26.3733579149433
"3477",4369,"North Carolina","mpi-esm1-2-hr","ssp585",NA,0.790573631771821,25.7422583315553
"3478",4370,"North Carolina","mpi-esm1-2-hr","ssp585",NA,6.41178782437336,22.7648585215336
"3479",4371,"North Carolina","mpi-esm1-2-hr","ssp585",NA,4.65941255539949,22.7418038162531
"3480",4372,"North Carolina","mpi-esm1-2-hr","ssp585",NA,0,19.5696227001543
"3481",4373,"North Carolina","mpi-esm1-2-hr","ssp585",NA,0.129032870746651,20.6260943244486
"3482",4374,"North Carolina","mpi-esm1-2-hr","ssp585",NA,2.80730953260495,20.7650320528602
"3483",4375,"North Carolina","mpi-esm1-2-hr","ssp585",NA,4.88902673719817,18.3822787073814
"3484",4376,"North Carolina","mpi-esm1-2-hr","ssp585",NA,0.0111654458849734,17.6449126427915
"3485",4377,"North Carolina","mpi-esm1-2-hr","ssp585",NA,0.010035039129801,15.0152399485185
"3486",4378,"North Carolina","mpi-esm1-2-hr","ssp585",NA,1.71816963903905,14.5321057402453
"3487",4379,"North Carolina","mpi-esm1-2-hr","ssp585",NA,0.0605524233344281,12.2570078959318
"3488",4380,"North Carolina","mpi-esm1-2-hr","ssp585",NA,3.00902992227037,13.9177671459209
"3489",4381,"North Carolina","mpi-esm1-2-hr","ssp585",NA,11.874570637446,12.9724923441056
"3490",4382,"North Carolina","mpi-esm1-2-hr","ssp585",NA,0.0399519594335105,5.36696999600624
"3491",4383,"North Carolina","mpi-esm1-2-hr","ssp585",NA,1.24360398983276,8.66962247789744
"3492",4384,"North Carolina","mpi-esm1-2-hr","ssp585",NA,1.27857904689252,10.3756333978904
"3493",4385,"North Carolina","mpi-esm1-2-hr","ssp585",NA,0.620157283301829,6.73561097046243
"3494",4386,"North Carolina","mpi-esm1-2-hr","ssp585",NA,3.03630439383665,6.77350679285388
"3495",4387,"North Carolina","mpi-esm1-2-hr","ssp585",NA,3.51634999211502,7.56625935530464
"3496",4388,"North Carolina","mpi-esm1-2-hr","ssp585",NA,6.95592250583616,6.33956546730022
"3497",4389,"North Carolina","mpi-esm1-2-hr","ssp585",NA,8.07010694330192,8.1970535064612
"3498",4390,"North Carolina","mpi-esm1-2-hr","ssp585",NA,0.0520897429553105,11.5637334059601
"3499",4391,"North Carolina","mpi-esm1-2-hr","ssp585",NA,1.66040468988392,12.6697927608544
"3500",4392,"North Carolina","mpi-esm1-2-hr","ssp585",NA,4.24687083805799,13.7951568347066
"3501",4393,"North Carolina","mpi-esm1-2-hr","ssp585",NA,9.47226018257165,17.3080531187084
"3502",4394,"North Carolina","mpi-esm1-2-hr","ssp585",NA,3.22822077814482,11.7439869771151
"3503",4395,"North Carolina","mpi-esm1-2-hr","ssp585",NA,3.02303641569358,15.0633656563211
"3504",4396,"North Carolina","mpi-esm1-2-hr","ssp585",NA,5.57418596709038,19.9674331793264
"3505",4397,"North Carolina","mpi-esm1-2-hr","ssp585",NA,2.29249199573048,17.6179827179896
"3506",4398,"North Carolina","mpi-esm1-2-hr","ssp585",NA,1.86735075055803,17.2158507958848
"3507",4399,"North Carolina","mpi-esm1-2-hr","ssp585",NA,8.59459315681245,17.4427585633863
"3508",4400,"North Carolina","mpi-esm1-2-hr","ssp585",NA,6.57785583242599,18.6044559083399
"3509",4401,"North Carolina","mpi-esm1-2-hr","ssp585",NA,0.77014137280786,23.1563177541525
"3510",4402,"North Carolina","mpi-esm1-2-hr","ssp585",NA,1.27842107586203,23.1715322628075
"3511",4403,"North Carolina","mpi-esm1-2-hr","ssp585",NA,0.488755062285824,25.6519739145658
"3512",4404,"North Carolina","mpi-esm1-2-hr","ssp585",NA,0.754863410129627,26.5109086749935
"3513",4405,"North Carolina","mpi-esm1-2-hr","ssp585",NA,3.94051211070528,27.4503509436001
"3514",4406,"North Carolina","mpi-esm1-2-hr","ssp585",NA,6.53436247135809,23.211044576522
"3515",4407,"North Carolina","mpi-esm1-2-hr","ssp585",NA,8.97428942429725,25.4686979918921
"3516",4408,"North Carolina","mpi-esm1-2-hr","ssp585",NA,0.98954796531649,28.1703130129005
"3517",4409,"North Carolina","mpi-esm1-2-hr","ssp585",NA,7.53865956237157,28.3405103154543
"3518",4410,"North Carolina","mpi-esm1-2-hr","ssp585",NA,8.49013783431053,27.7260333234857
"3519",4411,"North Carolina","mpi-esm1-2-hr","ssp585",NA,6.75183755085542,28.700443009235
"3520",4412,"North Carolina","mpi-esm1-2-hr","ssp585",NA,9.45980704917539,26.9387886282443
"3521",4413,"North Carolina","mpi-esm1-2-hr","ssp585",NA,2.94599488247704,29.660120825674
"3522",4414,"North Carolina","mpi-esm1-2-hr","ssp585",NA,8.51574902788175,28.4018680006182
"3523",4415,"North Carolina","mpi-esm1-2-hr","ssp585",NA,11.3359561453992,27.4944297811898
"3524",4416,"North Carolina","mpi-esm1-2-hr","ssp585",NA,6.54056137927527,27.4855261709176
"3525",4417,"North Carolina","mpi-esm1-2-hr","ssp585",NA,4.93230162166522,26.8106872045694
"3526",4418,"North Carolina","mpi-esm1-2-hr","ssp585",NA,7.3566756281902,26.70032914533
"3527",4419,"North Carolina","mpi-esm1-2-hr","ssp585",NA,7.91420113894391,27.3451691614146
"3528",4420,"North Carolina","mpi-esm1-2-hr","ssp585",NA,2.14379386931544,28.8614043420103
"3529",4421,"North Carolina","mpi-esm1-2-hr","ssp585",NA,6.93462955288943,24.436412702288
"3530",4422,"North Carolina","mpi-esm1-2-hr","ssp585",NA,2.12193356588507,26.7624354942172
"3531",4423,"North Carolina","mpi-esm1-2-hr","ssp585",NA,3.40279323244118,23.1111844786743
"3532",4424,"North Carolina","mpi-esm1-2-hr","ssp585",NA,1.67451545036913,20.6092273359539
"3533",4425,"North Carolina","mpi-esm1-2-hr","ssp585",NA,0.540316003037738,22.0402229031261
"3534",4426,"North Carolina","mpi-esm1-2-hr","ssp585",NA,2.36190325076601,16.8397839629016
"3535",4427,"North Carolina","mpi-esm1-2-hr","ssp585",NA,0.292441575513921,18.1342963723576
"3536",4428,"North Carolina","mpi-esm1-2-hr","ssp585",NA,1.16044530386869,14.4311443595993
"3537",4429,"North Carolina","mpi-esm1-2-hr","ssp585",NA,2.11497416035977,21.0224590226716
"3538",4430,"North Carolina","mpi-esm1-2-hr","ssp585",NA,16.6776172628129,15.5079171829865
"3539",4431,"North Carolina","mpi-esm1-2-hr","ssp585",NA,4.77353017959715,14.826252195214
"3540",4432,"North Carolina","mpi-esm1-2-hr","ssp585",NA,4.15069931521491,11.3234362006522
"3541",4433,"North Carolina","mpi-esm1-2-hr","ssp585",NA,12.3293285243226,10.4246893361837
"3542",4434,"North Carolina","mpi-esm1-2-hr","ssp585",NA,1.85197160974612,14.433240327381
"3543",4435,"North Carolina","mpi-esm1-2-hr","ssp585",NA,1.81332761711004,7.3416588705795
"3544",4436,"North Carolina","mpi-esm1-2-hr","ssp585",NA,2.40117003603157,5.43290497595525
"3545",4437,"North Carolina","mpi-esm1-2-hr","ssp585",NA,0.0853779569969898,4.75937997513461
"3546",4438,"North Carolina","mpi-esm1-2-hr","ssp585",NA,3.82959289201929,7.69140125776876
"3547",4439,"North Carolina","mpi-esm1-2-hr","ssp585",NA,6.33380755773201,3.2145180240065
"3548",4440,"North Carolina","mpi-esm1-2-hr","ssp585",NA,0.21625072102844,8.56979999275103
"3549",4441,"North Carolina","mpi-esm1-2-hr","ssp585",NA,5.03583957614857,10.3570578524379
"3550",4442,"North Carolina","mpi-esm1-2-hr","ssp585",NA,6.06499110190958,2.59050322033112
"3551",4443,"North Carolina","mpi-esm1-2-hr","ssp585",NA,0.0106085820800768,3.3455178482526
"3552",4444,"North Carolina","mpi-esm1-2-hr","ssp585",NA,0.046614525212242,10.2936349735207
"3553",4445,"North Carolina","mpi-esm1-2-hr","ssp585",NA,5.46817494731909,18.1888525698365
"3554",4446,"North Carolina","mpi-esm1-2-hr","ssp585",NA,0.133587793793633,9.61033332033987
"3555",4447,"North Carolina","mpi-esm1-2-hr","ssp585",NA,0.755667025233768,15.0586487671241
"3556",4448,"North Carolina","mpi-esm1-2-hr","ssp585",NA,8.11338151372275,15.9093571168702
"3557",4449,"North Carolina","mpi-esm1-2-hr","ssp585",NA,13.1760718668252,15.9925287155878
"3558",4450,"North Carolina","mpi-esm1-2-hr","ssp585",NA,0.776269065446446,17.8085147291339
"3559",4451,"North Carolina","mpi-esm1-2-hr","ssp585",NA,2.32146767920916,19.2630003686045
"3560",4452,"North Carolina","mpi-esm1-2-hr","ssp585",NA,3.28547427011128,16.6127536121871
"3561",4453,"North Carolina","mpi-esm1-2-hr","ssp585",NA,1.7482805381092,19.318123150139
"3562",4454,"North Carolina","mpi-esm1-2-hr","ssp585",NA,5.40666559010344,23.5404862775189
"3563",4455,"North Carolina","mpi-esm1-2-hr","ssp585",NA,1.5326469460651,22.8783699783625
"3564",4456,"North Carolina","mpi-esm1-2-hr","ssp585",NA,5.72324600600209,22.2489441601836
"3565",4457,"North Carolina","mpi-esm1-2-hr","ssp585",NA,4.26760064644036,25.3956139487045
"3566",4458,"North Carolina","mpi-esm1-2-hr","ssp585",NA,3.19343820671495,26.1080385181416
"3567",4459,"North Carolina","mpi-esm1-2-hr","ssp585",NA,5.0841198108892,25.3344974122462
"3568",4460,"North Carolina","mpi-esm1-2-hr","ssp585",NA,1.038583898679,28.2703565581506
"3569",4461,"North Carolina","mpi-esm1-2-hr","ssp585",NA,4.33563425969562,29.0277637812938
"3570",4462,"North Carolina","mpi-esm1-2-hr","ssp585",NA,4.39075448554808,28.9632423550475
"3571",4463,"North Carolina","mpi-esm1-2-hr","ssp585",NA,2.32491179802218,29.3385104310279
"3572",4464,"North Carolina","mpi-esm1-2-hr","ssp585",NA,4.96234026564294,29.1407152362898
"3573",4465,"North Carolina","mpi-esm1-2-hr","ssp585",NA,10.1577733491658,28.652062304414
"3574",4466,"North Carolina","mpi-esm1-2-hr","ssp585",NA,3.62773323014314,30.4682480926941
"3575",4467,"North Carolina","mpi-esm1-2-hr","ssp585",NA,2.82242121809591,28.6876809341901
"3576",4468,"North Carolina","mpi-esm1-2-hr","ssp585",NA,3.40571212005411,28.9983744132419
"3577",4469,"North Carolina","mpi-esm1-2-hr","ssp585",NA,1.38370634352313,29.9535956374738
"3578",4470,"North Carolina","mpi-esm1-2-hr","ssp585",NA,4.48217496831748,30.2148467077261
"3579",4471,"North Carolina","mpi-esm1-2-hr","ssp585",NA,4.92031716074496,28.6574074112067
"3580",4472,"North Carolina","mpi-esm1-2-hr","ssp585",NA,2.69271994537946,27.0127687085577
"3581",4473,"North Carolina","mpi-esm1-2-hr","ssp585",NA,2.15299434875451,26.3020232043013
"3582",4474,"North Carolina","mpi-esm1-2-hr","ssp585",NA,5.63683791040893,25.4889402074306
"3583",4475,"North Carolina","mpi-esm1-2-hr","ssp585",NA,0.00593422172787235,21.0739667107077
"3584",4476,"North Carolina","mpi-esm1-2-hr","ssp585",NA,5.6796045829509,22.1421028885187
"3585",4477,"North Carolina","mpi-esm1-2-hr","ssp585",NA,0.695865883183408,18.0605112797072
"3586",4478,"North Carolina","mpi-esm1-2-hr","ssp585",NA,0.977909287149571,22.1398239862351
"3587",4479,"North Carolina","mpi-esm1-2-hr","ssp585",NA,3.35433625026047,25.3694285844221
"3588",4480,"North Carolina","mpi-esm1-2-hr","ssp585",NA,0.713792914910361,18.6132222322523
"3589",4481,"North Carolina","mpi-esm1-2-hr","ssp585",NA,0.588648601588837,14.5963048085445
"3590",4482,"North Carolina","mpi-esm1-2-hr","ssp585",NA,7.06337814727941,13.6116344633557
"3591",4483,"North Carolina","mpi-esm1-2-hr","ssp585",NA,4.12434410026428,8.33193940662205
"3592",4484,"North Carolina","mpi-esm1-2-hr","ssp585",NA,6.22545970916751,7.26024378501403
"3593",4485,"North Carolina","mpi-esm1-2-hr","ssp585",NA,0.019869600904361,9.1979284291842
"3594",4486,"North Carolina","mpi-esm1-2-hr","ssp585",NA,8.54994636558193,6.02035570331651
"3595",4487,"North Carolina","mpi-esm1-2-hr","ssp585",NA,1.15937102089432,7.7811253309918
"3596",4488,"North Carolina","mpi-esm1-2-hr","ssp585",NA,4.61355905034364,8.94401448567711
"3597",4489,"North Carolina","mpi-esm1-2-hr","ssp585",NA,3.79135989267739,11.77416809253
"3598",4490,"North Carolina","mpi-esm1-2-hr","ssp585",NA,8.91914990655807,17.5964995397573
"3599",4491,"North Carolina","mpi-esm1-2-hr","ssp585",NA,7.93823661305159,7.33956521084999
"3600",4492,"North Carolina","mpi-esm1-2-hr","ssp585",NA,1.59783655178499,8.92602928866861
"3601",4493,"North Carolina","mpi-esm1-2-hr","ssp585",NA,0.181053536463511,6.29171826445424
"3602",4494,"North Carolina","mpi-esm1-2-hr","ssp585",NA,3.67163852089343,7.28749897419908
"3603",4495,"North Carolina","mpi-esm1-2-hr","ssp585",NA,2.00579351793359,11.3203668332568
"3604",4496,"North Carolina","mpi-esm1-2-hr","ssp585",NA,5.16099961214193,11.4831565707338
"3605",4497,"North Carolina","mpi-esm1-2-hr","ssp585",NA,8.09803908388033,14.3036719228707
"3606",4498,"North Carolina","mpi-esm1-2-hr","ssp585",NA,5.15517379950752,12.4640106799556
"3607",4499,"North Carolina","mpi-esm1-2-hr","ssp585",NA,11.7373829771978,15.5307262089406
"3608",4500,"North Carolina","mpi-esm1-2-hr","ssp585",NA,0.151131443449192,15.5244283040365
"3609",4501,"North Carolina","mpi-esm1-2-hr","ssp585",NA,1.9674331505049,18.3136155243348
"3610",4502,"North Carolina","mpi-esm1-2-hr","ssp585",NA,4.34243926145183,12.6178159398525
"3611",4503,"North Carolina","mpi-esm1-2-hr","ssp585",NA,1.39710792258285,19.3171946293166
"3612",4504,"North Carolina","mpi-esm1-2-hr","ssp585",NA,0.968349693290339,18.2177189503731
"3613",4505,"North Carolina","mpi-esm1-2-hr","ssp585",NA,2.27910809573449,21.0016149184283
"3614",4506,"North Carolina","mpi-esm1-2-hr","ssp585",NA,0.710937562970906,22.3502131956298
"3615",4507,"North Carolina","mpi-esm1-2-hr","ssp585",NA,0.615590850270755,23.7522935712371
"3616",4508,"North Carolina","mpi-esm1-2-hr","ssp585",NA,0.684517732665002,26.1934316597733
"3617",4509,"North Carolina","mpi-esm1-2-hr","ssp585",NA,0.963894191462553,26.072626159839
"3618",4510,"North Carolina","mpi-esm1-2-hr","ssp585",NA,1.16771631575157,24.8053355155539
"3619",4511,"North Carolina","mpi-esm1-2-hr","ssp585",NA,1.49229698592015,28.419120006401
"3620",4512,"North Carolina","mpi-esm1-2-hr","ssp585",NA,3.51829865424047,26.643180321445
"3621",4513,"North Carolina","mpi-esm1-2-hr","ssp585",NA,9.58118583695993,28.1928489193529
"3622",4514,"North Carolina","mpi-esm1-2-hr","ssp585",NA,9.42958292625993,28.2720528054972
"3623",4515,"North Carolina","mpi-esm1-2-hr","ssp585",NA,8.92423628386748,28.0059124260056
"3624",4516,"North Carolina","mpi-esm1-2-hr","ssp585",NA,8.37422053136375,27.4850911458334
"3625",4517,"North Carolina","mpi-esm1-2-hr","ssp585",NA,5.7071210769912,29.4605609968597
"3626",4518,"North Carolina","mpi-esm1-2-hr","ssp585",NA,9.44762483807249,28.3020079882539
"3627",4519,"North Carolina","mpi-esm1-2-hr","ssp585",NA,3.94041380595427,27.4313175489923
"3628",4520,"North Carolina","mpi-esm1-2-hr","ssp585",NA,1.48133878773624,28.7074152072939
"3629",4521,"North Carolina","mpi-esm1-2-hr","ssp585",NA,10.3739901008148,27.7987541476552
"3630",4522,"North Carolina","mpi-esm1-2-hr","ssp585",NA,11.9942441669257,27.3932404162837
"3631",4523,"North Carolina","mpi-esm1-2-hr","ssp585",NA,3.95490678326015,28.0307014187511
"3632",4524,"North Carolina","mpi-esm1-2-hr","ssp585",NA,6.1763274779343,26.3868464280244
"3633",4525,"North Carolina","mpi-esm1-2-hr","ssp585",NA,0.183346097807825,28.3819419882211
"3634",4526,"North Carolina","mpi-esm1-2-hr","ssp585",NA,3.65499456104565,29.1114621287969
"3635",4527,"North Carolina","mpi-esm1-2-hr","ssp585",NA,11.6948807923583,22.6458997197512
"3636",4528,"North Carolina","mpi-esm1-2-hr","ssp585",NA,0.639894096717139,22.1320235393962
"3637",4529,"North Carolina","mpi-esm1-2-hr","ssp585",NA,0.00506289526900891,22.8280259760154
"3638",4530,"North Carolina","mpi-esm1-2-hr","ssp585",NA,0.00194885626512564,18.7744438620175
"3639",4531,"North Carolina","mpi-esm1-2-hr","ssp585",NA,0.00141561685872025,18.705150751707
"3640",4532,"North Carolina","mpi-esm1-2-hr","ssp585",NA,0.000352520604975945,19.8114309102547
"3641",4533,"North Carolina","mpi-esm1-2-hr","ssp585",NA,1.29937950956798,15.5111839315805
"3642",4534,"North Carolina","mpi-esm1-2-hr","ssp585",NA,1.54143394980305,13.5782999503513
"3643",4535,"North Carolina","mpi-esm1-2-hr","ssp585",NA,0.160007168025394,9.94666549725361
"3644",4536,"North Carolina","mpi-esm1-2-hr","ssp585",NA,0.42011554878092,12.2225813323376
"3645",4537,"North Carolina","mpi-esm1-2-hr","ssp585",NA,2.89189289032642,8.98263563482036
"3646",4538,"North Carolina","mpi-esm1-2-hr","ssp585",NA,3.13516653544209,10.5385610201112
"3647",4539,"North Carolina","mpi-esm1-2-hr","ssp585",NA,1.31706719657814,10.2755255691144
"3648",4540,"North Carolina","mpi-esm1-2-hr","ssp585",NA,0.644235948946042,5.87607423584671
"3649",4541,"North Carolina","mpi-esm1-2-hr","ssp585",NA,1.62948279422006,10.3874723375679
"3650",4542,"North Carolina","mpi-esm1-2-hr","ssp585",NA,3.21339214509969,8.39444000500593
"3651",4543,"North Carolina","mpi-esm1-2-hr","ssp585",NA,10.4526315842497,6.73518432275256
"3652",4544,"North Carolina","mpi-esm1-2-hr","ssp585",NA,3.62105803945292,4.19184919084824
"3653",4545,"North Carolina","mpi-esm1-2-hr","ssp585",NA,1.28591593763433,2.13453931621479
"3654",4546,"North Carolina","mpi-esm1-2-hr","ssp585",NA,6.38927569832484,6.28648479899775
"3655",4547,"North Carolina","mpi-esm1-2-hr","ssp585",NA,0.61006628343994,2.30930126200873
"3656",4548,"North Carolina","mpi-esm1-2-hr","ssp585",NA,1.60806602682843,4.71958625002738
"3657",4549,"North Carolina","mpi-esm1-2-hr","ssp585",NA,7.1212400535712,9.86242732200304
"3658",4550,"North Carolina","mpi-esm1-2-hr","ssp585",NA,0.204800291728799,8.98406329328609
"3659",4551,"North Carolina","mpi-esm1-2-hr","ssp585",NA,0.62646267080189,12.7300262536656
"3660",4552,"North Carolina","mpi-esm1-2-hr","ssp585",NA,1.01195909498964,16.1600627824372
"3661",4553,"North Carolina","mpi-esm1-2-hr","ssp585",NA,0.055087754259423,18.2346590271851
"3662",4554,"North Carolina","mpi-esm1-2-hr","ssp585",NA,7.37034531294976,18.1402026777508
"3663",4555,"North Carolina","mpi-esm1-2-hr","ssp585",NA,1.62455157671288,15.2641328528482
"3664",4556,"North Carolina","mpi-esm1-2-hr","ssp585",NA,11.2635817862305,14.5614975018328
"3665",4557,"North Carolina","mpi-esm1-2-hr","ssp585",NA,0.461930274597013,16.4415784648821
"3666",4558,"North Carolina","mpi-esm1-2-hr","ssp585",NA,1.23217561139878,20.9668948047969
"3667",4559,"North Carolina","mpi-esm1-2-hr","ssp585",NA,3.77525841830283,21.6471949644116
"3668",4560,"North Carolina","mpi-esm1-2-hr","ssp585",NA,3.81374135557496,24.2176022655156
"3669",4561,"North Carolina","mpi-esm1-2-hr","ssp585",NA,1.017725250947,21.9648656850436
"3670",4562,"North Carolina","mpi-esm1-2-hr","ssp585",NA,2.18270407335886,27.1861297521939
"3671",4563,"North Carolina","mpi-esm1-2-hr","ssp585",NA,9.72483573236442,27.0928205046667
"3672",4564,"North Carolina","mpi-esm1-2-hr","ssp585",NA,4.20833167140585,27.9591009401808
"3673",4565,"North Carolina","mpi-esm1-2-hr","ssp585",NA,3.53385519047763,28.1857693541284
"3674",4566,"North Carolina","mpi-esm1-2-hr","ssp585",NA,4.02633136208267,29.1344608424425
"3675",4567,"North Carolina","mpi-esm1-2-hr","ssp585",NA,4.0350330079789,28.9802600507977
"3676",4568,"North Carolina","mpi-esm1-2-hr","ssp585",NA,4.89705111486277,28.338247227602
"3677",4569,"North Carolina","mpi-esm1-2-hr","ssp585",NA,2.87780260318448,30.870629369912
"3678",4570,"North Carolina","mpi-esm1-2-hr","ssp585",NA,4.24152922103898,29.416238446062
"3679",4571,"North Carolina","mpi-esm1-2-hr","ssp585",NA,3.79079840680207,29.4650059633228
"3680",4572,"North Carolina","mpi-esm1-2-hr","ssp585",NA,2.19780336497444,30.9513124610196
"3681",4573,"North Carolina","mpi-esm1-2-hr","ssp585",NA,4.82253063943796,28.1549393341321
"3682",4574,"North Carolina","mpi-esm1-2-hr","ssp585",NA,0.361110683239653,29.3091681643361
"3683",4575,"North Carolina","mpi-esm1-2-hr","ssp585",NA,8.54284210484465,29.2130013773088
"3684",4576,"North Carolina","mpi-esm1-2-hr","ssp585",NA,4.80189034581393,27.1432410146676
"3685",4577,"North Carolina","mpi-esm1-2-hr","ssp585",NA,3.03270792955875,27.4637686764159
"3686",4578,"North Carolina","mpi-esm1-2-hr","ssp585",NA,3.85478405971161,27.1518717618884
"3687",4579,"North Carolina","mpi-esm1-2-hr","ssp585",NA,1.11486914125222,27.5753857353488
"3688",4580,"North Carolina","mpi-esm1-2-hr","ssp585",NA,3.24265807660083,25.0818870907738
"3689",4581,"North Carolina","mpi-esm1-2-hr","ssp585",NA,1.16018374532008,22.9342645041415
"3690",4582,"North Carolina","mpi-esm1-2-hr","ssp585",NA,2.48487367782463,20.4405424914106
"3691",4583,"North Carolina","mpi-esm1-2-hr","ssp585",NA,0.000449091773489959,18.30318287227
"3692",4584,"North Carolina","mpi-esm1-2-hr","ssp585",NA,4.0710692751991,21.1611196138612
"3693",4585,"North Carolina","mpi-esm1-2-hr","ssp585",NA,0.0586737795130539,16.1981686375722
"3694",4586,"North Carolina","mpi-esm1-2-hr","ssp585",NA,2.6153029676966,14.2107890666032
"3695",4587,"North Carolina","mpi-esm1-2-hr","ssp585",NA,3.19247835366757,12.9091887145483
"3696",4588,"North Carolina","mpi-esm1-2-hr","ssp585",NA,9.90700585999785,11.136065195121
"3697",4589,"North Carolina","mpi-esm1-2-hr","ssp585",NA,1.25589162232528,11.9147743716628
"3698",4590,"North Carolina","mpi-esm1-2-hr","ssp585",NA,4.81671833123157,9.59337939521514
"3699",4591,"North Carolina","mpi-esm1-2-hr","ssp585",NA,4.09512474404185,8.62331773773965
"3700",4592,"North Carolina","mpi-esm1-2-hr","ssp585",NA,0.566928069145265,6.63791112392225
"3701",4593,"North Carolina","mpi-esm1-2-hr","ssp585",NA,0.153871065639341,7.38350188952536
"3702",4594,"North Carolina","mpi-esm1-2-hr","ssp585",NA,3.21816194711054,4.77921016062677
"3703",4595,"North Carolina","mpi-esm1-2-hr","ssp585",NA,9.56287484806133,8.07245878331803
"3704",4596,"North Carolina","mpi-esm1-2-hr","ssp585",NA,8.47219575205432,9.44130158411022
"3705",4597,"North Carolina","mpi-esm1-2-hr","ssp585",NA,0.722046878691807,5.73305920512739
"3706",4598,"North Carolina","mpi-esm1-2-hr","ssp585",NA,3.82543386928292,5.16048635274425
"3707",4599,"North Carolina","mpi-esm1-2-hr","ssp585",NA,3.75678709818455,8.13930211000418
"3708",4600,"North Carolina","mpi-esm1-2-hr","ssp585",NA,4.53671654426782,11.3972083853073
"3709",4601,"North Carolina","mpi-esm1-2-hr","ssp585",NA,3.88556656942134,9.69569312344081
"3710",4602,"North Carolina","mpi-esm1-2-hr","ssp585",NA,10.8002185725142,15.2291896275112
"3711",4603,"North Carolina","mpi-esm1-2-hr","ssp585",NA,1.00483311625259,6.87855949508712
"3712",4604,"North Carolina","mpi-esm1-2-hr","ssp585",NA,0.0642865022620922,10.1374919132692
"3713",4605,"North Carolina","mpi-esm1-2-hr","ssp585",NA,0.196868712825998,17.972176311931
"3714",4606,"North Carolina","mpi-esm1-2-hr","ssp585",NA,1.56168542904931,19.472034836884
"3715",4607,"North Carolina","mpi-esm1-2-hr","ssp585",NA,3.29356956829565,16.7666565796241
"3716",4608,"North Carolina","mpi-esm1-2-hr","ssp585",NA,0.411435220196247,18.2865937903482
"3717",4609,"North Carolina","mpi-esm1-2-hr","ssp585",NA,5.32666533176436,21.5912675275188
"3718",4610,"North Carolina","mpi-esm1-2-hr","ssp585",NA,4.67031011511983,21.7845457787607
"3719",4611,"North Carolina","mpi-esm1-2-hr","ssp585",NA,2.31891899126493,21.4648377319678
"3720",4612,"North Carolina","mpi-esm1-2-hr","ssp585",NA,2.31706716609444,23.0335914419479
"3721",4613,"North Carolina","mpi-esm1-2-hr","ssp585",NA,1.55120350255023,21.4997398397836
"3722",4614,"North Carolina","mpi-esm1-2-hr","ssp585",NA,0.35893340635604,28.7067366399685
"3723",4615,"North Carolina","mpi-esm1-2-hr","ssp585",NA,0.967873958185973,27.3900884719122
"3724",4616,"North Carolina","mpi-esm1-2-hr","ssp585",NA,0.00185959191284604,27.6219494047619
"3725",4617,"North Carolina","mpi-esm1-2-hr","ssp585",NA,7.63115536677357,28.5348088967032
"3726",4618,"North Carolina","mpi-esm1-2-hr","ssp585",NA,1.4813274159556,30.2877799581747
"3727",4619,"North Carolina","mpi-esm1-2-hr","ssp585",NA,0.377584681566169,28.1881494687719
"3728",4620,"North Carolina","mpi-esm1-2-hr","ssp585",NA,9.55400138987867,29.8251129577808
"3729",4621,"North Carolina","mpi-esm1-2-hr","ssp585",NA,0.990751010876079,31.777010245016
"3730",4622,"North Carolina","mpi-esm1-2-hr","ssp585",NA,7.70290380635995,29.723417958492
"3731",4623,"North Carolina","mpi-esm1-2-hr","ssp585",NA,9.16213330378885,27.6829376306187
"3732",4624,"North Carolina","mpi-esm1-2-hr","ssp585",NA,4.12508456566309,28.4962298053987
"3733",4625,"North Carolina","mpi-esm1-2-hr","ssp585",NA,6.30091701255389,28.6544558399532
"3734",4626,"North Carolina","mpi-esm1-2-hr","ssp585",NA,9.65204114618857,28.4332456273525
"3735",4627,"North Carolina","mpi-esm1-2-hr","ssp585",NA,10.6224487375523,26.9536117083552
"3736",4628,"North Carolina","mpi-esm1-2-hr","ssp585",NA,3.92645300997159,26.9403375876718
"3737",4629,"North Carolina","mpi-esm1-2-hr","ssp585",NA,3.3396273463904,28.960393876789
"3738",4630,"North Carolina","mpi-esm1-2-hr","ssp585",NA,2.04014588573443,27.9144265396589
"3739",4631,"North Carolina","mpi-esm1-2-hr","ssp585",NA,11.7876716838846,22.6970835966223
"3740",4632,"North Carolina","mpi-esm1-2-hr","ssp585",NA,0.12541830729184,21.1887483655572
"3741",4633,"North Carolina","mpi-esm1-2-hr","ssp585",NA,0.08775432191008,23.8604029038373
"3742",4634,"North Carolina","mpi-esm1-2-hr","ssp585",NA,1.30907210648943,22.4307582310268
"3743",4635,"North Carolina","mpi-esm1-2-hr","ssp585",NA,0.191528450960206,19.2415212080926
"3744",4636,"North Carolina","mpi-esm1-2-hr","ssp585",NA,0.0440230998796354,15.1687754227668
"3745",4637,"North Carolina","mpi-esm1-2-hr","ssp585",NA,8.06688047503317,17.5937860398066
"3746",4638,"North Carolina","mpi-esm1-2-hr","ssp585",NA,0,11.9668794177828
"3747",4639,"North Carolina","mpi-esm1-2-hr","ssp585",NA,3.81027288772393,18.7413566525243
"3748",4640,"North Carolina","mpi-esm1-2-hr","ssp585",NA,6.6729585438087,14.8227456656491
"3749",4641,"North Carolina","mpi-esm1-2-hr","ssp585",NA,8.26174060514117,16.2229486545595
"3750",4642,"North Carolina","mpi-esm1-2-hr","ssp585",NA,5.41384726637246,10.4512183437829
"3751",4643,"North Carolina","mpi-esm1-2-hr","ssp585",NA,2.53293204330766,15.2967918759301
"3752",4644,"North Carolina","mpi-esm1-2-hr","ssp585",NA,1.67598828254903,14.8333647570356
"3753",4645,"North Carolina","mpi-esm1-2-hr","ssp585",NA,4.35921392910598,12.9325042297193
"3754",4646,"North Carolina","mpi-esm1-2-hr","ssp585",NA,1.50635650602415,7.32573895280771
"3755",4647,"North Carolina","mpi-esm1-2-hr","ssp585",NA,7.89933395340888,14.0903567017628
"3756",4648,"North Carolina","mpi-esm1-2-hr","ssp585",NA,2.96546985975373,10.4324812346814
"3757",4649,"North Carolina","mpi-esm1-2-hr","ssp585",NA,5.17276719654531,11.8168238877583
"3758",4650,"North Carolina","mpi-esm1-2-hr","ssp585",NA,0.562754446423433,11.8951438754213
"3759",4651,"North Carolina","mpi-esm1-2-hr","ssp585",NA,1.18560228182089,9.47521661496632
"3760",4652,"North Carolina","mpi-esm1-2-hr","ssp585",NA,7.69752445944084,11.5273475625602
"3761",4653,"North Carolina","mpi-esm1-2-hr","ssp585",NA,7.50779720091937,11.6879235361137
"3762",4654,"North Carolina","mpi-esm1-2-hr","ssp585",NA,1.76358489071321,11.1508248465402
"3763",4655,"North Carolina","mpi-esm1-2-hr","ssp585",NA,1.8427465168858,16.6558465695849
"3764",4656,"North Carolina","mpi-esm1-2-hr","ssp585",NA,1.95666834924621,19.1954735165551
"3765",4657,"North Carolina","mpi-esm1-2-hr","ssp585",NA,0.588301388238544,15.4880102333903
"3766",4658,"North Carolina","mpi-esm1-2-hr","ssp585",NA,1.27325581373907,16.4653951692982
"3767",4659,"North Carolina","mpi-esm1-2-hr","ssp585",NA,2.65921199970762,14.3855267351081
"3768",4660,"North Carolina","mpi-esm1-2-hr","ssp585",NA,2.19116198300874,16.6903328860841
"3769",4661,"North Carolina","mpi-esm1-2-hr","ssp585",NA,10.3606464101268,19.7176187638141
"3770",4662,"North Carolina","mpi-esm1-2-hr","ssp585",NA,2.86731559298299,23.8345062170376
"3771",4663,"North Carolina","mpi-esm1-2-hr","ssp585",NA,1.03787883534769,22.8246298910189
"3772",4664,"North Carolina","mpi-esm1-2-hr","ssp585",NA,1.32292203248775,25.1913992916503
"3773",4665,"North Carolina","mpi-esm1-2-hr","ssp585",NA,5.34556332855848,25.4305409321932
"3774",4666,"North Carolina","mpi-esm1-2-hr","ssp585",NA,3.71539703712891,22.8761674127659
"3775",4667,"North Carolina","mpi-esm1-2-hr","ssp585",NA,6.10893557032574,25.5224816757758
"3776",4668,"North Carolina","mpi-esm1-2-hr","ssp585",NA,0.518753103613623,26.9684370965183
"3777",4669,"North Carolina","mpi-esm1-2-hr","ssp585",NA,17.1182102768436,27.2213944806438
"3778",4670,"North Carolina","mpi-esm1-2-hr","ssp585",NA,3.17102702182095,27.9454132507496
"3779",4671,"North Carolina","mpi-esm1-2-hr","ssp585",NA,5.18587145166488,28.5718222738314
"3780",4672,"North Carolina","mpi-esm1-2-hr","ssp585",NA,2.39198715083018,29.8315000218838
"3781",4673,"North Carolina","mpi-esm1-2-hr","ssp585",NA,1.33428601694512,31.227627247188
"3782",4674,"North Carolina","mpi-esm1-2-hr","ssp585",NA,6.21408210942772,29.6376731381029
"3783",4675,"North Carolina","mpi-esm1-2-hr","ssp585",NA,7.03675130699449,28.5237267416733
"3784",4676,"North Carolina","mpi-esm1-2-hr","ssp585",NA,2.37274016008163,28.7650831719407
"3785",4677,"North Carolina","mpi-esm1-2-hr","ssp585",NA,4.30236198695302,27.909181790392
"3786",4678,"North Carolina","mpi-esm1-2-hr","ssp585",NA,12.474503521289,27.5136449990152
"3787",4679,"North Carolina","mpi-esm1-2-hr","ssp585",NA,2.29605898167706,28.4163058924742
"3788",4680,"North Carolina","mpi-esm1-2-hr","ssp585",NA,0.00629301717678015,30.0328419233905
"3789",4681,"North Carolina","mpi-esm1-2-hr","ssp585",NA,1.84010353035728,28.6464917778635
"3790",4682,"North Carolina","mpi-esm1-2-hr","ssp585",NA,1.04791865211277,26.5514363606771
"3791",4683,"North Carolina","mpi-esm1-2-hr","ssp585",NA,6.0092201656975,26.8943194733948
"3792",4684,"North Carolina","mpi-esm1-2-hr","ssp585",NA,0.273325908117749,25.5028888777191
"3793",4685,"North Carolina","mpi-esm1-2-hr","ssp585",NA,6.13160306074402,24.8834959056865
"3794",4686,"North Carolina","mpi-esm1-2-hr","ssp585",NA,2.2556889398249,21.3686234161634
"3795",4687,"North Carolina","mpi-esm1-2-hr","ssp585",NA,0.61866947980583,21.2419300752528
"3796",4688,"North Carolina","mpi-esm1-2-hr","ssp585",NA,0.00076249593153729,16.019297931575
"3797",4689,"North Carolina","mpi-esm1-2-hr","ssp585",NA,4.67020969015782,17.5382323363916
"3798",4690,"North Carolina","mpi-esm1-2-hr","ssp585",NA,0.00305447284831223,13.3634045683703
"3799",4691,"North Carolina","mpi-esm1-2-hr","ssp585",NA,1.36872789375384,17.5863806972985
"3800",4692,"North Carolina","mpi-esm1-2-hr","ssp585",NA,5.3172252781407,14.1236643729758
"3801",4693,"North Carolina","mpi-esm1-2-hr","ssp585",NA,0.00154789888577344,6.87191315979519
"3802",4694,"North Carolina","mpi-esm1-2-hr","ssp585",NA,0.00101688394138096,7.6881198060279
"3803",4695,"North Carolina","mpi-esm1-2-hr","ssp585",NA,0.129965931061458,11.3770900352329
"3804",4696,"North Carolina","mpi-esm1-2-hr","ssp585",NA,2.70278104767729,5.43519482011557
"3805",4697,"North Carolina","mpi-esm1-2-hr","ssp585",NA,1.95794552383028,5.62618040624455
"3806",4698,"North Carolina","mpi-esm1-2-hr","ssp585",NA,7.56677154845305,9.64027157738098
"3807",4699,"North Carolina","mpi-esm1-2-hr","ssp585",NA,2.17534172674079,6.25008724437043
"3808",4700,"North Carolina","mpi-esm1-2-hr","ssp585",NA,2.15277543767811,4.99651549096203
"3809",4701,"North Carolina","mpi-esm1-2-hr","ssp585",NA,6.91935804477739,4.37467384658944
"3810",4702,"North Carolina","mpi-esm1-2-hr","ssp585",NA,0.635522746099106,10.6576241971398
"3811",4703,"North Carolina","mpi-esm1-2-hr","ssp585",NA,6.78976028826246,15.5932499733292
"3812",4704,"North Carolina","mpi-esm1-2-hr","ssp585",NA,4.88850515379332,7.81628260679274
"3813",4705,"North Carolina","mpi-esm1-2-hr","ssp585",NA,9.98581646123332,11.3200531091343
"3814",4706,"North Carolina","mpi-esm1-2-hr","ssp585",NA,13.7958007450964,11.7643719499519
"3815",4707,"North Carolina","mpi-esm1-2-hr","ssp585",NA,3.25048610887149,8.52327043121939
"3816",4708,"North Carolina","mpi-esm1-2-hr","ssp585",NA,5.6000725856966,9.10363526758362
"3817",4709,"North Carolina","mpi-esm1-2-hr","ssp585",NA,2.73390614663086,10.8900606898033
"3818",4710,"North Carolina","mpi-esm1-2-hr","ssp585",NA,9.27722306617344,12.9118464793144
"3819",4711,"North Carolina","mpi-esm1-2-hr","ssp585",NA,9.41016655976584,14.4936776126466
"3820",4712,"North Carolina","mpi-esm1-2-hr","ssp585",NA,3.57385475639175,17.2200592297466
"3821",4713,"North Carolina","mpi-esm1-2-hr","ssp585",NA,1.78231705263714,21.4852468966102
"3822",4714,"North Carolina","mpi-esm1-2-hr","ssp585",NA,3.02216235799003,21.9170666093586
"3823",4715,"North Carolina","mpi-esm1-2-hr","ssp585",NA,2.84002263863787,24.0454605572698
"3824",4716,"North Carolina","mpi-esm1-2-hr","ssp585",NA,1.82907673227748,23.3705419203815
"3825",4717,"North Carolina","mpi-esm1-2-hr","ssp585",NA,6.49165904537118,23.7545861508666
"3826",4718,"North Carolina","mpi-esm1-2-hr","ssp585",NA,4.16410839894494,25.510736425918
"3827",4719,"North Carolina","mpi-esm1-2-hr","ssp585",NA,1.20818996787604,25.5004771342131
"3828",4720,"North Carolina","mpi-esm1-2-hr","ssp585",NA,21.9802475184064,25.6710184220173
"3829",4721,"North Carolina","mpi-esm1-2-hr","ssp585",NA,4.81971906723201,25.0494183537673
"3830",4722,"North Carolina","mpi-esm1-2-hr","ssp585",NA,5.11562898295893,26.9211012554436
"3831",4723,"North Carolina","mpi-esm1-2-hr","ssp585",NA,4.43888829302966,29.6729591519225
"3832",4724,"North Carolina","mpi-esm1-2-hr","ssp585",NA,6.12758005763604,29.624007503392
"3833",4725,"North Carolina","mpi-esm1-2-hr","ssp585",NA,3.72157847762101,26.925413722618
"3834",4726,"North Carolina","mpi-esm1-2-hr","ssp585",NA,5.35414024087294,28.5160128040474
"3835",4727,"North Carolina","mpi-esm1-2-hr","ssp585",NA,9.63018468042841,28.1875371510909
"3836",4728,"North Carolina","mpi-esm1-2-hr","ssp585",NA,1.27489019207988,29.4901187672335
"3837",4729,"North Carolina","mpi-esm1-2-hr","ssp585",NA,2.16700102985157,31.0728420054545
"3838",4730,"North Carolina","mpi-esm1-2-hr","ssp585",NA,3.60590865652854,28.9064627340194
"3839",4731,"North Carolina","mpi-esm1-2-hr","ssp585",NA,1.44057161068449,31.1947587897464
"3840",4732,"North Carolina","mpi-esm1-2-hr","ssp585",NA,1.7818753140687,31.3794763046821
"3841",4733,"North Carolina","mpi-esm1-2-hr","ssp585",NA,0.0508494768096056,28.2301431949733
"3842",4734,"North Carolina","mpi-esm1-2-hr","ssp585",NA,0.424238536047099,27.7512502461922
"3843",4735,"North Carolina","mpi-esm1-2-hr","ssp585",NA,5.0099306719812,27.5444204805946
"3844",4736,"North Carolina","mpi-esm1-2-hr","ssp585",NA,0.240598299609426,24.3563023500416
"3845",4737,"North Carolina","mpi-esm1-2-hr","ssp585",NA,12.7326830772458,24.9006034445028
"3846",4738,"North Carolina","mpi-esm1-2-hr","ssp585",NA,4.26059441635837,22.2209009849057
"3847",4739,"North Carolina","mpi-esm1-2-hr","ssp585",NA,19.1206104703139,22.0884273411513
"3848",4740,"North Carolina","mpi-esm1-2-hr","ssp585",NA,7.73226007397109,17.7680427786349
"3849",4741,"North Carolina","mpi-esm1-2-hr","ssp585",NA,0.061025795745815,15.0216153868774
"3850",4742,"North Carolina","mpi-esm1-2-hr","ssp585",NA,4.29054955235157,19.6549054827009
"3851",4743,"North Carolina","mpi-esm1-2-hr","ssp585",NA,4.10271805724297,14.3092112479758
"3852",4744,"North Carolina","mpi-esm1-2-hr","ssp585",NA,6.05138575155855,8.23754161332504
"3853",4745,"North Carolina","mpi-esm1-2-hr","ssp585",NA,6.81092448825393,17.5515181683025
"3854",4746,"North Carolina","mpi-esm1-2-hr","ssp585",NA,0.910464902234776,17.8061754755613
"3855",4747,"North Carolina","mpi-esm1-2-hr","ssp585",NA,14.1817183436577,16.8204503505504
"3856",4748,"North Carolina","mpi-esm1-2-hr","ssp585",NA,1.15579497308799,10.2094079111137
"3857",4749,"North Carolina","mpi-esm1-2-hr","ssp585",NA,2.72628807305555,8.11293911119138
"3858",4750,"North Carolina","mpi-esm1-2-hr","ssp585",NA,0.0933669521291144,6.4399988169096
"3859",4751,"North Carolina","mpi-esm1-2-hr","ssp585",NA,3.4541769451913,4.25532789043354
"3860",4752,"North Carolina","mpi-esm1-2-hr","ssp585",NA,0.492924429673018,3.84077138179493
"3861",4753,"North Carolina","mpi-esm1-2-hr","ssp585",NA,0.342652299410215,7.49547840620626
"3862",4754,"North Carolina","mpi-esm1-2-hr","ssp585",NA,6.01588019869093,9.36622902579003
"3863",4755,"North Carolina","mpi-esm1-2-hr","ssp585",NA,11.1778051339005,8.57437506496742
"3864",4756,"North Carolina","mpi-esm1-2-hr","ssp585",NA,3.53013761322923,6.00577308804383
"3865",4757,"North Carolina","mpi-esm1-2-hr","ssp585",NA,0.265240666731417,7.34519685804011
"3866",4758,"North Carolina","mpi-esm1-2-hr","ssp585",NA,5.26023622732274,11.1891792874376
"3867",4759,"North Carolina","mpi-esm1-2-hr","ssp585",NA,5.33252119763775,14.4131983139936
"3868",4760,"North Carolina","mpi-esm1-2-hr","ssp585",NA,0.611598975846383,14.9276925394181
"3869",4761,"North Carolina","mpi-esm1-2-hr","ssp585",NA,1.436649180537,15.6583162708443
"3870",4762,"North Carolina","mpi-esm1-2-hr","ssp585",NA,3.22206483689123,14.6737862039347
"3871",4763,"North Carolina","mpi-esm1-2-hr","ssp585",NA,0.822036272475394,19.357209500011
"3872",4764,"North Carolina","mpi-esm1-2-hr","ssp585",NA,0.0632293929994994,16.4888778900232
"3873",4765,"North Carolina","mpi-esm1-2-hr","ssp585",NA,1.48920950866776,24.1147141742439
"3874",4766,"North Carolina","mpi-esm1-2-hr","ssp585",NA,0.645663278347846,22.6719302735743
"3875",4767,"North Carolina","mpi-esm1-2-hr","ssp585",NA,2.20991298036005,22.7946465842196
"3876",4768,"North Carolina","mpi-esm1-2-hr","ssp585",NA,2.29186796204885,25.2083625344669
"3877",4769,"North Carolina","mpi-esm1-2-hr","ssp585",NA,5.6500626859823,21.7830730705368
"3878",4770,"North Carolina","mpi-esm1-2-hr","ssp585",NA,2.25881950053834,22.8142463064328
"3879",4771,"North Carolina","mpi-esm1-2-hr","ssp585",NA,3.22527185333364,25.417761162082
"3880",4772,"North Carolina","mpi-esm1-2-hr","ssp585",NA,2.66450334476009,26.5346807570685
"3881",4773,"North Carolina","mpi-esm1-2-hr","ssp585",NA,2.7580718731311,28.8609275155375
"3882",4774,"North Carolina","mpi-esm1-2-hr","ssp585",NA,8.476717673201,30.6554664248512
"3883",4775,"North Carolina","mpi-esm1-2-hr","ssp585",NA,10.3477265277395,28.2862133036809
"3884",4776,"North Carolina","mpi-esm1-2-hr","ssp585",NA,4.72140669287818,28.8284120191045
"3885",4777,"North Carolina","mpi-esm1-2-hr","ssp585",NA,0.928692529056253,31.5481987619267
"3886",4778,"North Carolina","mpi-esm1-2-hr","ssp585",NA,16.274258853895,29.8024464326746
"3887",4779,"North Carolina","mpi-esm1-2-hr","ssp585",NA,13.0144666404252,27.56284001882
"3888",4780,"North Carolina","mpi-esm1-2-hr","ssp585",NA,4.55411955395796,29.3288564473641
"3889",4781,"North Carolina","mpi-esm1-2-hr","ssp585",NA,3.21795442121415,29.3774699235163
"3890",4782,"North Carolina","mpi-esm1-2-hr","ssp585",NA,6.5202909599379,28.5190534490163
"3891",4783,"North Carolina","mpi-esm1-2-hr","ssp585",NA,7.02337894224055,26.9058829855185
"3892",4784,"North Carolina","mpi-esm1-2-hr","ssp585",NA,1.13195186363058,29.3148152840238
"3893",4785,"North Carolina","mpi-esm1-2-hr","ssp585",NA,2.3617463619211,29.4022248938638
"3894",4786,"North Carolina","mpi-esm1-2-hr","ssp585",NA,2.00037271052916,28.1946298807609
"3895",4787,"North Carolina","mpi-esm1-2-hr","ssp585",NA,0.642283172413297,27.8376849177171
"3896",4788,"North Carolina","mpi-esm1-2-hr","ssp585",NA,9.26772135025807,24.4913975990787
"3897",4789,"North Carolina","mpi-esm1-2-hr","ssp585",NA,4.10447115556825,22.6751853109408
"3898",4790,"North Carolina","mpi-esm1-2-hr","ssp585",NA,0.0471112277585487,21.0354430126543
"3899",4791,"North Carolina","mpi-esm1-2-hr","ssp585",NA,0.00298531862533898,22.3064956964231
"3900",4792,"North Carolina","mpi-esm1-2-hr","ssp585",NA,2.3177226732667,21.4977055910255
"3901",4793,"North Carolina","mpi-esm1-2-hr","ssp585",NA,2.53564202868511,19.9749817920332
"3902",4794,"North Carolina","mpi-esm1-2-hr","ssp585",NA,1.2662378191123,19.6532292384728
"3903",4795,"North Carolina","mpi-esm1-2-hr","ssp585",NA,0.0054860306292784,15.255313871154
"3904",4796,"North Carolina","mpi-esm1-2-hr","ssp585",NA,4.5150533959721,11.4103233358773
"3905",4797,"North Carolina","mpi-esm1-2-hr","ssp585",NA,7.5290675021745,12.5152835450587
"3906",4798,"North Carolina","mpi-esm1-2-hr","ssp585",NA,0.994777756868108,10.0178471071046
"3907",4799,"North Carolina","mpi-esm1-2-hr","ssp585",NA,5.84311783869842,8.30626882344738
"3908",4800,"North Carolina","mpi-esm1-2-hr","ssp585",NA,1.96965693943975,3.29514802991511
"3909",4801,"North Carolina","mpi-esm1-2-hr","ssp585",NA,10.990435679153,9.32530461159075
"3910",4802,"North Carolina","mpi-esm1-2-hr","ssp585",NA,0.817036065719938,5.82016150210086
"3911",4803,"North Carolina","mpi-esm1-2-hr","ssp585",NA,0.0868619408445264,1.56125148057272
"3912",4804,"North Carolina","mpi-esm1-2-hr","ssp585",NA,0.318681438786844,6.76526790159425
"3913",4805,"North Carolina","mpi-esm1-2-hr","ssp585",NA,2.58091662184933,12.9608689935936
"3914",4806,"North Carolina","mpi-esm1-2-hr","ssp585",NA,2.28673586729614,11.4337401488916
"3915",4807,"North Carolina","mpi-esm1-2-hr","ssp585",NA,11.0175230409918,8.9083225966168
"3916",4808,"North Carolina","mpi-esm1-2-hr","ssp585",NA,5.47412692325177,7.25523625221575
"3917",4809,"North Carolina","mpi-esm1-2-hr","ssp585",NA,13.393972870377,9.26570121701027
"3918",4810,"North Carolina","mpi-esm1-2-hr","ssp585",NA,0.33558713563986,5.39052956631874
"3919",4811,"North Carolina","mpi-esm1-2-hr","ssp585",NA,14.1072505617176,14.7111333083038
"3920",4812,"North Carolina","mpi-esm1-2-hr","ssp585",NA,7.18555209205078,17.4220921791568
"3921",4813,"North Carolina","mpi-esm1-2-hr","ssp585",NA,2.78518276265627,16.5813144373961
"3922",4814,"North Carolina","mpi-esm1-2-hr","ssp585",NA,7.45066843615141,21.7874234923462
"3923",4815,"North Carolina","mpi-esm1-2-hr","ssp585",NA,3.70978393592307,16.9160868839724
"3924",4816,"North Carolina","mpi-esm1-2-hr","ssp585",NA,3.61929145155725,18.7559004583279
"3925",4817,"North Carolina","mpi-esm1-2-hr","ssp585",NA,1.56062208426047,17.7681655328147
"3926",4818,"North Carolina","mpi-esm1-2-hr","ssp585",NA,5.52937050365051,18.2739189938671
"3927",4819,"North Carolina","mpi-esm1-2-hr","ssp585",NA,1.78425639382984,19.9379315715544
"3928",4820,"North Carolina","mpi-esm1-2-hr","ssp585",NA,0.585368119294906,20.0384528835949
"3929",4821,"North Carolina","mpi-esm1-2-hr","ssp585",NA,3.907946640737,26.1492482759706
"3930",4822,"North Carolina","mpi-esm1-2-hr","ssp585",NA,0.92726479142737,21.4114911247702
"3931",4823,"North Carolina","mpi-esm1-2-hr","ssp585",NA,0.331780826107343,25.4909756529565
"3932",4824,"North Carolina","mpi-esm1-2-hr","ssp585",NA,3.17857154496633,28.7446912749475
"3933",4825,"North Carolina","mpi-esm1-2-hr","ssp585",NA,1.91471111401744,28.2385079178156
"3934",4826,"North Carolina","mpi-esm1-2-hr","ssp585",NA,6.33350809539403,28.7582799745875
"3935",4827,"North Carolina","mpi-esm1-2-hr","ssp585",NA,2.25624705700826,28.9684886430158
"3936",4828,"North Carolina","mpi-esm1-2-hr","ssp585",NA,5.20072277775536,28.5607258430716
"3937",4829,"North Carolina","mpi-esm1-2-hr","ssp585",NA,3.20117480357624,29.4509026535419
"3938",4830,"North Carolina","mpi-esm1-2-hr","ssp585",NA,9.36066521941381,28.7179365911404
"3939",4831,"North Carolina","mpi-esm1-2-hr","ssp585",NA,0.940896504024971,30.415990971584
"3940",4832,"North Carolina","mpi-esm1-2-hr","ssp585",NA,8.00195675605393,27.4086500835686
"3941",4833,"North Carolina","mpi-esm1-2-hr","ssp585",NA,6.65597706826679,28.0290022649685
"3942",4834,"North Carolina","mpi-esm1-2-hr","ssp585",NA,8.96309894575831,27.8027522068398
"3943",4835,"North Carolina","mpi-esm1-2-hr","ssp585",NA,4.56750533330629,27.9234388848313
"3944",4836,"North Carolina","mpi-esm1-2-hr","ssp585",NA,1.26450689150421,29.540710329542
"3945",4837,"North Carolina","mpi-esm1-2-hr","ssp585",NA,8.93732111063026,28.9381111722033
"3946",4838,"North Carolina","mpi-esm1-2-hr","ssp585",NA,7.97743345380596,28.6945041346617
"3947",4839,"North Carolina","mpi-esm1-2-hr","ssp585",NA,0.739342191491614,22.142318050267
"3948",4840,"North Carolina","mpi-esm1-2-hr","ssp585",NA,1.42657128799175,26.1511028385964
"3949",4841,"North Carolina","mpi-esm1-2-hr","ssp585",NA,0.00536799354541327,24.5691321963356
"3950",4842,"North Carolina","mpi-esm1-2-hr","ssp585",NA,6.80930946475216,20.3578556691231
"3951",4843,"North Carolina","mpi-esm1-2-hr","ssp585",NA,0.255616136482098,20.3725394112723
"3952",4844,"North Carolina","mpi-esm1-2-hr","ssp585",NA,0.0021981552073012,20.633169102602
"3953",4845,"North Carolina","mpi-esm1-2-hr","ssp585",NA,0.549632094603227,17.8061963335139
"3954",4846,"North Carolina","mpi-esm1-2-hr","ssp585",NA,9.76169095084217,21.7399317295278
"3955",4847,"North Carolina","mpi-esm1-2-hr","ssp585",NA,0.0882898509319472,16.197345945214
"3956",4848,"North Carolina","mpi-esm1-2-hr","ssp585",NA,1.32689945588814,14.4418440618435
"3957",4849,"North Carolina","mpi-esm1-2-hr","ssp585",NA,2.13599222584248,10.4887986469002
"3958",4850,"North Carolina","mpi-esm1-2-hr","ssp585",NA,4.75055544570865,8.15827258882071
"3959",4851,"North Carolina","mpi-esm1-2-hr","ssp585",NA,11.6582204369509,7.8499391358106
"3960",4852,"North Carolina","mpi-esm1-2-hr","ssp585",NA,16.3218049218805,7.62708764169733
"3961",4853,"North Carolina","mpi-esm1-2-hr","ssp585",NA,0.747753059498364,15.046388821642
"3962",4854,"North Carolina","mpi-esm1-2-hr","ssp585",NA,9.72973759964604,13.3451852322961
"3963",4855,"North Carolina","mpi-esm1-2-hr","ssp585",NA,0.159056607818846,3.40253263414743
"3964",4856,"North Carolina","mpi-esm1-2-hr","ssp585",NA,3.29263644021356,10.7770358900396
"3965",4857,"North Carolina","mpi-esm1-2-hr","ssp585",NA,8.53228988866968,13.0898707285649
"3966",4858,"North Carolina","mpi-esm1-2-hr","ssp585",NA,2.17892702446591,8.27240046653429
"3967",4859,"North Carolina","mpi-esm1-2-hr","ssp585",NA,5.97334567583941,4.83290622401307
"3968",4860,"North Carolina","mpi-esm1-2-hr","ssp585",NA,4.49273293249592,10.3836099405583
"3969",4861,"North Carolina","mpi-esm1-2-hr","ssp585",NA,6.5052876030891,14.1850713820685
"3970",4862,"North Carolina","mpi-esm1-2-hr","ssp585",NA,4.01496729799943,9.49607431107211
"3971",4863,"North Carolina","mpi-esm1-2-hr","ssp585",NA,9.8375434183162,9.26536766073619
"3972",4864,"North Carolina","mpi-esm1-2-hr","ssp585",NA,2.07158712608881,6.89850328803399
"3973",4865,"North Carolina","mpi-esm1-2-hr","ssp585",NA,2.23119292545371,13.6987006863292
"3974",4866,"North Carolina","mpi-esm1-2-hr","ssp585",NA,4.33194863592177,16.976973042635
"3975",4867,"North Carolina","mpi-esm1-2-hr","ssp585",NA,2.89017123943588,15.1468467049906
"3976",4868,"North Carolina","mpi-esm1-2-hr","ssp585",NA,4.87442503083706,15.5301264573212
"3977",4869,"North Carolina","mpi-esm1-2-hr","ssp585",NA,0.839985933524978,17.4447374188934
"3978",4870,"North Carolina","mpi-esm1-2-hr","ssp585",NA,0.0273382608924783,21.8443116773077
"3979",4871,"North Carolina","mpi-esm1-2-hr","ssp585",NA,0.784555942780327,23.5858842951243
"3980",4872,"North Carolina","mpi-esm1-2-hr","ssp585",NA,2.42922622352171,22.2948635411196
"3981",4873,"North Carolina","mpi-esm1-2-hr","ssp585",NA,0.000358884539645939,21.9736414976147
"3982",4874,"North Carolina","mpi-esm1-2-hr","ssp585",NA,8.63991173664392,26.20532043628
"3983",4875,"North Carolina","mpi-esm1-2-hr","ssp585",NA,0.901577735139119,25.116566086884
"3984",4876,"North Carolina","mpi-esm1-2-hr","ssp585",NA,1.82088834863411,25.7641467866444
"3985",4877,"North Carolina","mpi-esm1-2-hr","ssp585",NA,0.0344882069090518,31.0346317750733
"3986",4878,"North Carolina","mpi-esm1-2-hr","ssp585",NA,7.72120997241755,29.298852026162
"3987",4879,"North Carolina","mpi-esm1-2-hr","ssp585",NA,9.93168856145201,28.2675662086124
"3988",4880,"North Carolina","mpi-esm1-2-hr","ssp585",NA,4.00789893882108,30.639780817112
"3989",4881,"North Carolina","mpi-esm1-2-hr","ssp585",NA,4.58261996022234,30.2015303582371
"3990",4882,"North Carolina","mpi-esm1-2-hr","ssp585",NA,2.13741538798235,31.0145530038187
"3991",4883,"North Carolina","mpi-esm1-2-hr","ssp585",NA,2.44804764300193,30.8559539196538
"3992",4884,"North Carolina","mpi-esm1-2-hr","ssp585",NA,11.5567022605732,28.3208920433408
"3993",4885,"North Carolina","mpi-esm1-2-hr","ssp585",NA,2.54951455982115,30.9610688538111
"3994",4886,"North Carolina","mpi-esm1-2-hr","ssp585",NA,8.01529048492265,30.4257770271195
"3995",4887,"North Carolina","mpi-esm1-2-hr","ssp585",NA,2.19370129433162,30.5047748127572
"3996",4888,"North Carolina","mpi-esm1-2-hr","ssp585",NA,1.19724330025678,30.2295778076856
"3997",4889,"North Carolina","mpi-esm1-2-hr","ssp585",NA,6.40382824074076,29.3374577882911
"3998",4890,"North Carolina","mpi-esm1-2-hr","ssp585",NA,4.29372621179906,28.3470583448223
"3999",4891,"North Carolina","mpi-esm1-2-hr","ssp585",NA,1.45213842556013,27.1981497457382
"4000",4892,"North Carolina","mpi-esm1-2-hr","ssp585",NA,0.0214520130138218,26.1896499591048
"4001",4893,"North Carolina","mpi-esm1-2-hr","ssp585",NA,0.903433231656937,27.6302598456375
"4002",4894,"North Carolina","mpi-esm1-2-hr","ssp585",NA,4.81105038887093,24.2591802004005
"4003",4895,"North Carolina","mpi-esm1-2-hr","ssp585",NA,3.56401046919927,18.7799610469188
"4004",4896,"North Carolina","mpi-esm1-2-hr","ssp585",NA,17.2878546089169,18.8382469711518
"4005",4897,"North Carolina","mpi-esm1-2-hr","ssp585",NA,0.00121075636572733,16.6419063621543
"4006",4898,"North Carolina","mpi-esm1-2-hr","ssp585",NA,2.91203411097969,19.8686500869879
"4007",4899,"North Carolina","mpi-esm1-2-hr","ssp585",NA,1.21485463922825,18.015909625569
"4008",4900,"North Carolina","mpi-esm1-2-hr","ssp585",NA,2.26676127141608,16.3921997412246
"4009",4901,"North Carolina","mpi-esm1-2-hr","ssp585",NA,2.13913302354396,12.1254219974123
"4010",4902,"North Carolina","mpi-esm1-2-hr","ssp585",NA,2.71381867897624,11.0312850140056
"4011",4903,"North Carolina","mpi-esm1-2-hr","ssp585",NA,4.49519321527146,14.7514855820258
"4012",4904,"North Carolina","mpi-esm1-2-hr","ssp585",NA,0.453514831073748,9.54695403796286
"4013",4905,"North Carolina","mpi-esm1-2-hr","ssp585",NA,0.0529210092602571,10.547425137047
"4014",4906,"North Carolina","mpi-esm1-2-hr","ssp585",NA,2.77647189240186,6.70621262665225
"4015",4907,"North Carolina","mpi-esm1-2-hr","ssp585",NA,0.243121387916099,9.39990675469409
"4016",4908,"North Carolina","mpi-esm1-2-hr","ssp585",NA,4.87832665260177,11.1998312899379
"4017",4909,"North Carolina","mpi-esm1-2-hr","ssp585",NA,0.00284341009365034,7.29244512990745
"4018",4910,"North Carolina","mpi-esm1-2-hr","ssp585",NA,0.161769191437707,11.8562702937621
"4019",4911,"North Carolina","mpi-esm1-2-hr","ssp585",NA,0.0168303238323835,9.46220578319221
"4020",4912,"North Carolina","mpi-esm1-2-hr","ssp585",NA,2.07369511791978,8.75902188512126
"4021",4913,"North Carolina","mpi-esm1-2-hr","ssp585",NA,3.88843734030421,10.3187212775736
"4022",4914,"North Carolina","mpi-esm1-2-hr","ssp585",NA,3.50976319390947,13.1958628080139
"4023",4915,"North Carolina","mpi-esm1-2-hr","ssp585",NA,1.62277965281027,14.0921132149149
"4024",4916,"North Carolina","mpi-esm1-2-hr","ssp585",NA,4.83468817169103,14.9784994344418
"4025",4917,"North Carolina","mpi-esm1-2-hr","ssp585",NA,0.0589101486046947,19.5769814542028
"4026",4918,"North Carolina","mpi-esm1-2-hr","ssp585",NA,3.63136500101453,18.5443914162345
"4027",4919,"North Carolina","mpi-esm1-2-hr","ssp585",NA,0.0477770670351842,16.8875772257145
"4028",4920,"North Carolina","mpi-esm1-2-hr","ssp585",NA,3.42360054024585,17.8099521327086
"4029",4921,"North Carolina","mpi-esm1-2-hr","ssp585",NA,6.81218710464649,18.7750559232482
"4030",4922,"North Carolina","mpi-esm1-2-hr","ssp585",NA,1.71759287247881,20.7118006773022
"4031",4923,"North Carolina","mpi-esm1-2-hr","ssp585",NA,0.76621925370756,22.5586853540244
"4032",4924,"North Carolina","mpi-esm1-2-hr","ssp585",NA,8.14966984065247,23.0236154422707
"4033",4925,"North Carolina","mpi-esm1-2-hr","ssp585",NA,0.457561111517036,23.6800973587677
"4034",4926,"North Carolina","mpi-esm1-2-hr","ssp585",NA,3.46433563522203,29.6186549595424
"4035",4927,"North Carolina","mpi-esm1-2-hr","ssp585",NA,0.553530708468713,27.976784893645
"4036",4928,"North Carolina","mpi-esm1-2-hr","ssp585",NA,6.96247970230952,28.6685906076298
"4037",4929,"North Carolina","mpi-esm1-2-hr","ssp585",NA,4.29306377549697,26.9079639082196
"4038",4930,"North Carolina","mpi-esm1-2-hr","ssp585",NA,2.61713465093146,30.8797862675344
"4039",4931,"North Carolina","mpi-esm1-2-hr","ssp585",NA,0.270590023501427,34.149032430355
"4040",4932,"North Carolina","mpi-esm1-2-hr","ssp585",NA,3.93580833087446,31.7181834672346
"4041",4933,"North Carolina","mpi-esm1-2-hr","ssp585",NA,4.10163984434352,32.6380397764575
"4042",4934,"North Carolina","mpi-esm1-2-hr","ssp585",NA,3.93452767148883,30.3352347066757
"4043",4935,"North Carolina","mpi-esm1-2-hr","ssp585",NA,3.54620452512982,30.64280239928
"4044",4936,"North Carolina","mpi-esm1-2-hr","ssp585",NA,2.96735999003462,29.7670115067512
"4045",4937,"North Carolina","mpi-esm1-2-hr","ssp585",NA,0.287862548387185,30.7603358506489
"4046",4938,"North Carolina","mpi-esm1-2-hr","ssp585",NA,1.65771048889249,33.8887203099013
"4047",4939,"North Carolina","mpi-esm1-2-hr","ssp585",NA,3.43672257735949,30.4811260832458
"4048",4940,"North Carolina","mpi-esm1-2-hr","ssp585",NA,4.20073689885551,30.6952666466978
"4049",4941,"North Carolina","mpi-esm1-2-hr","ssp585",NA,7.83942312638003,29.24490378671
"4050",4942,"North Carolina","mpi-esm1-2-hr","ssp585",NA,8.48056652254296,28.5308187019925
"4051",4943,"North Carolina","mpi-esm1-2-hr","ssp585",NA,11.2073853873758,26.2261863387934
"4052",4944,"North Carolina","mpi-esm1-2-hr","ssp585",NA,0.0271545364479867,26.9527090035233
"4053",4945,"North Carolina","mpi-esm1-2-hr","ssp585",NA,8.04365616953751,25.6809140672871
"4054",4946,"North Carolina","mpi-esm1-2-hr","ssp585",NA,0.0960883782651204,21.5186036353018
"4055",4947,"North Carolina","mpi-esm1-2-hr","ssp585",NA,13.6490566580024,17.8502909855349
"4056",4948,"North Carolina","mpi-esm1-2-hr","ssp585",NA,4.97048532061938,22.19514970539
"4057",4949,"North Carolina","mpi-esm1-2-hr","ssp585",NA,5.08851288908192,15.8893722918855
"4058",4950,"North Carolina","mpi-esm1-2-hr","ssp585",NA,0.363721435732099,17.291808022037
"4059",4951,"North Carolina","mpi-esm1-2-hr","ssp585",NA,6.42082685934372,14.5853234384574
"4060",4952,"North Carolina","mpi-esm1-2-hr","ssp585",NA,3.87978605645576,10.5635840664391
"4061",4953,"North Carolina","mpi-esm1-2-hr","ssp585",NA,0.0330086854399483,6.82452884962581
"4062",4954,"North Carolina","mpi-esm1-2-hr","ssp585",NA,2.09252532472381,8.69832310609793
"4063",4955,"North Carolina","mpi-esm1-2-hr","ssp585",NA,3.50328256806409,11.0404702066374
"4064",4956,"North Carolina","mpi-esm1-2-hr","ssp585",NA,4.06921397923174,9.87265532677918
"4065",4957,"North Carolina","mpi-esm1-2-hr","ssp585",NA,2.93660663189846,7.53209428546812
"4066",4958,"North Carolina","mpi-esm1-2-hr","ssp585",NA,2.29785573526194,7.02183482279633
"4067",4959,"North Carolina","mpi-esm1-2-hr","ssp585",NA,6.81698434481626,18.2559878223751
"4068",4960,"North Carolina","mpi-esm1-2-hr","ssp585",NA,13.7560556767809,11.1086405778132
"4069",4961,"North Carolina","mpi-esm1-2-hr","ssp585",NA,13.6335207370539,7.67079667804624
"4070",4962,"North Carolina","mpi-esm1-2-hr","ssp585",NA,3.53797248509877,8.1093823173801
"4071",4963,"North Carolina","mpi-esm1-2-hr","ssp585",NA,1.13896657950908,6.96741223589047
"4072",4964,"North Carolina","mpi-esm1-2-hr","ssp585",NA,5.68711719980846,13.8946783327589
"4073",4965,"North Carolina","mpi-esm1-2-hr","ssp585",NA,7.68713393401352,9.80982065922074
"4074",4966,"North Carolina","mpi-esm1-2-hr","ssp585",NA,4.9004920002708,9.8322191938299
"4075",4967,"North Carolina","mpi-esm1-2-hr","ssp585",NA,0.5734888692812,8.42232067631742
"4076",4968,"North Carolina","mpi-esm1-2-hr","ssp585",NA,0.972055727785318,18.7701531076298
"4077",4969,"North Carolina","mpi-esm1-2-hr","ssp585",NA,0.155338762307729,18.4718764361214
"4078",4970,"North Carolina","mpi-esm1-2-hr","ssp585",NA,10.9513447164952,14.5234887558539
"4079",4971,"North Carolina","mpi-esm1-2-hr","ssp585",NA,5.6723444421466,10.7245946376598
"4080",4972,"North Carolina","mpi-esm1-2-hr","ssp585",NA,1.57702547008785,12.3392460157892
"4081",4973,"North Carolina","mpi-esm1-2-hr","ssp585",NA,7.69199627675869,16.1658094048166
"4082",4974,"North Carolina","mpi-esm1-2-hr","ssp585",NA,2.9435296196448,14.2290097704121
"4083",4975,"North Carolina","mpi-esm1-2-hr","ssp585",NA,0.841603714134715,18.6573556937424
"4084",4976,"North Carolina","mpi-esm1-2-hr","ssp585",NA,4.91359699989509,23.3545060871028
"4085",4977,"North Carolina","mpi-esm1-2-hr","ssp585",NA,5.80302673983735,24.6207158791251
"4086",4978,"North Carolina","mpi-esm1-2-hr","ssp585",NA,0.770097009252127,28.0852092326188
"4087",4979,"North Carolina","mpi-esm1-2-hr","ssp585",NA,0.96943119451298,26.7488536332502
"4088",4980,"North Carolina","mpi-esm1-2-hr","ssp585",NA,2.21185041383335,27.7186802113424
"4089",4981,"North Carolina","mpi-esm1-2-hr","ssp585",NA,4.49998614510586,28.2756263540573
"4090",4982,"North Carolina","mpi-esm1-2-hr","ssp585",NA,1.6209989823873,31.4416854046306
"4091",4983,"North Carolina","mpi-esm1-2-hr","ssp585",NA,4.72631411705014,30.5426834576604
"4092",4984,"North Carolina","mpi-esm1-2-hr","ssp585",NA,5.81304342382633,29.3369974601169
"4093",4985,"North Carolina","mpi-esm1-2-hr","ssp585",NA,4.80780951992903,30.0505281849068
"4094",4986,"North Carolina","mpi-esm1-2-hr","ssp585",NA,1.30318319251954,31.8693495122659
"4095",4987,"North Carolina","mpi-esm1-2-hr","ssp585",NA,3.73839470717756,29.8310284953826
"4096",4988,"North Carolina","mpi-esm1-2-hr","ssp585",NA,11.8617055793749,28.5921974160758
"4097",4989,"North Carolina","mpi-esm1-2-hr","ssp585",NA,5.70124862010017,29.4477639590993
"4098",4990,"North Carolina","mpi-esm1-2-hr","ssp585",NA,2.59632685620931,29.6631167628184
"4099",4991,"North Carolina","mpi-esm1-2-hr","ssp585",NA,12.1880033320712,27.1962389350272
"4100",4992,"North Carolina","mpi-esm1-2-hr","ssp585",NA,8.66332968121662,29.115410522119
"4101",4993,"North Carolina","mpi-esm1-2-hr","ssp585",NA,6.96213866970485,26.3776818368949
"4102",4994,"North Carolina","mpi-esm1-2-hr","ssp585",NA,0.669716288088117,28.1394611946341
"4103",4995,"North Carolina","mpi-esm1-2-hr","ssp585",NA,1.15136225955945,29.0737429151348
"4104",4996,"North Carolina","mpi-esm1-2-hr","ssp585",NA,1.97008721012071,27.8185833073464
"4105",4997,"North Carolina","mpi-esm1-2-hr","ssp585",NA,2.65799397133103,28.2329156784784
"4106",4998,"North Carolina","mpi-esm1-2-hr","ssp585",NA,3.32334488192514,22.7877691872648
"4107",4999,"North Carolina","mpi-esm1-2-hr","ssp585",NA,0.0723038377688352,21.8978758397891
"4108",5000,"North Carolina","mpi-esm1-2-hr","ssp585",NA,0.81096850344158,23.0778020094757
"4109",5001,"North Carolina","mpi-esm1-2-hr","ssp585",NA,0.159883443249033,17.2094308206681
"4110",5002,"North Carolina","mpi-esm1-2-hr","ssp585",NA,0.035409643056146,16.1442274932434
"4111",5003,"North Carolina","mpi-esm1-2-hr","ssp585",NA,1.5141992477865,14.1823369386817
"4112",5004,"North Carolina","mpi-esm1-2-hr","ssp585",NA,10.5503497099531,12.9301240295923
"4113",5005,"North Carolina","mpi-esm1-2-hr","ssp585",NA,5.0103642949832,12.7076057498195
"4114",5006,"North Carolina","mpi-esm1-2-hr","ssp585",NA,0.0460594638852166,9.37100994206279
"4115",5007,"North Carolina","mpi-esm1-2-hr","ssp585",NA,2.62299137015545,13.5373615168724
"4116",5008,"North Carolina","mpi-esm1-2-hr","ssp585",NA,4.98827076330867,19.5688636929381
"4117",5009,"North Carolina","mpi-esm1-2-hr","ssp585",NA,1.74858640749648,8.71162979596138
"4118",5010,"North Carolina","mpi-esm1-2-hr","ssp585",NA,1.3749323985669,6.8164347672663
"4119",5011,"North Carolina","mpi-esm1-2-hr","ssp585",NA,6.98810576013937,10.6750947840074
"4120",5012,"North Carolina","mpi-esm1-2-hr","ssp585",NA,0.795531208251389,4.82935832047665
"4121",5013,"North Carolina","mpi-esm1-2-hr","ssp585",NA,3.39601508862603,8.33642044708511
"4122",5014,"North Carolina","mpi-esm1-2-hr","ssp585",NA,2.31007080722772,4.72417961569396
"4123",5015,"North Carolina","mpi-esm1-2-hr","ssp585",NA,1.67747454825305,4.79675588741358
"4124",5016,"North Carolina","mpi-esm1-2-hr","ssp585",NA,5.41939654839927,6.83123391202186
"4125",5017,"North Carolina","mpi-esm1-2-hr","ssp585",NA,13.8817528296363,13.1169170817741
"4126",5018,"North Carolina","mpi-esm1-2-hr","ssp585",NA,1.74416985438952,8.79503356762629
"4127",5019,"North Carolina","mpi-esm1-2-hr","ssp585",NA,1.78584955870714,8.86440831459539
"4128",5020,"North Carolina","mpi-esm1-2-hr","ssp585",NA,0.938857007811351,18.9848647002747
"4129",5021,"North Carolina","mpi-esm1-2-hr","ssp585",NA,4.03713553745807,16.5401736646807
"4130",5022,"North Carolina","mpi-esm1-2-hr","ssp585",NA,2.03255052080497,15.8151643127955
"4131",5023,"North Carolina","mpi-esm1-2-hr","ssp585",NA,3.09962364590625,16.1509580296963
"4132",5024,"North Carolina","mpi-esm1-2-hr","ssp585",NA,2.39046130578159,14.6834324940914
"4133",5025,"North Carolina","mpi-esm1-2-hr","ssp585",NA,6.23726144591931,14.5529461687019
"4134",5026,"North Carolina","mpi-esm1-2-hr","ssp585",NA,1.33534000451007,21.4575673677674
"4135",5027,"North Carolina","mpi-esm1-2-hr","ssp585",NA,1.64560854348206,19.1381508194098
"4136",5028,"North Carolina","mpi-esm1-2-hr","ssp585",NA,1.70341490348703,24.7408252876346
"4137",5029,"North Carolina","mpi-esm1-2-hr","ssp585",NA,1.69981552474788,25.4698768936286
"4138",5030,"North Carolina","mpi-esm1-2-hr","ssp585",NA,4.95031924648411,26.1127443799786
"4139",5031,"North Carolina","mpi-esm1-2-hr","ssp585",NA,4.60760716006244,27.2287981134837
"4140",5032,"North Carolina","mpi-esm1-2-hr","ssp585",NA,3.35606280331521,26.3455835849965
"4141",5033,"North Carolina","mpi-esm1-2-hr","ssp585",NA,9.98381529285676,27.5846399985776
"4142",5034,"North Carolina","mpi-esm1-2-hr","ssp585",NA,2.77379969280568,29.0129072771687
"4143",5035,"North Carolina","mpi-esm1-2-hr","ssp585",NA,5.83979227618833,28.6112331187358
"4144",5036,"North Carolina","mpi-esm1-2-hr","ssp585",NA,6.1221574515782,31.1056640454033
"4145",5037,"North Carolina","mpi-esm1-2-hr","ssp585",NA,9.98903378254114,29.13226990259
"4146",5038,"North Carolina","mpi-esm1-2-hr","ssp585",NA,14.0682866344458,27.2058956541601
"4147",5039,"North Carolina","mpi-esm1-2-hr","ssp585",NA,7.81257848433322,28.460949775418
"4148",5040,"North Carolina","mpi-esm1-2-hr","ssp585",NA,2.86892664746211,30.5960999902891
"4149",5041,"North Carolina","mpi-esm1-2-hr","ssp585",NA,3.44132867541412,30.5335294664741
"4150",5042,"North Carolina","mpi-esm1-2-hr","ssp585",NA,4.93381034571909,30.0988301595052
"4151",5043,"North Carolina","mpi-esm1-2-hr","ssp585",NA,3.62520954659587,29.9198615750011
"4152",5044,"North Carolina","mpi-esm1-2-hr","ssp585",NA,10.5839775020653,28.1374292539282
"4153",5045,"North Carolina","mpi-esm1-2-hr","ssp585",NA,4.5087614126661,27.8318234911152
"4154",5046,"North Carolina","mpi-esm1-2-hr","ssp585",NA,0.965015598760009,29.3504974279751
"4155",5047,"North Carolina","mpi-esm1-2-hr","ssp585",NA,2.46635013364012,29.3777614219516
"4156",5048,"North Carolina","mpi-esm1-2-hr","ssp585",NA,5.26003520722387,27.8511044456845
"4157",5049,"North Carolina","mpi-esm1-2-hr","ssp585",NA,0.000599081478959161,22.5158638919435
"4158",5050,"North Carolina","mpi-esm1-2-hr","ssp585",NA,0.0557246619379129,26.0780173421908
"4159",5051,"North Carolina","mpi-esm1-2-hr","ssp585",NA,0.00654363088143946,23.3701235645626
"4160",5052,"North Carolina","mpi-esm1-2-hr","ssp585",NA,0.0545792915155679,22.667124567112
"4161",5053,"North Carolina","mpi-esm1-2-hr","ssp585",NA,1.72064164976558,19.9028444776348
"4162",5054,"North Carolina","mpi-esm1-2-hr","ssp585",NA,9.07794263528696,16.0660002550825
"4163",5055,"North Carolina","mpi-esm1-2-hr","ssp585",NA,5.88793277436233,13.7720708424972
"4164",5056,"North Carolina","mpi-esm1-2-hr","ssp585",NA,0.324278928780563,13.7590727477515
"4165",5057,"North Carolina","mpi-esm1-2-hr","ssp585",NA,6.52088311506595,12.6900699391085
"4166",5058,"North Carolina","mpi-esm1-2-hr","ssp585",NA,3.75145860457795,10.5510892980239
"4167",5059,"North Carolina","mpi-esm1-2-hr","ssp585",NA,2.74717190353106,16.0035486386938
"4168",5060,"North Carolina","mpi-esm1-2-hr","ssp585",NA,5.9615883013777,13.2595139276414
"4169",5061,"North Carolina","mpi-esm1-2-hr","ssp585",NA,9.64568073572036,12.5269804967886
"4170",5062,"North Carolina","mpi-esm1-2-hr","ssp585",NA,9.39789460220816,7.28261590524884
"4171",5063,"North Carolina","mpi-esm1-2-hr","ssp585",NA,10.0233626189412,8.13371756417413
"4172",5064,"North Carolina","mpi-esm1-2-hr","ssp585",NA,0.787446315193885,7.17815141437437
"4173",5065,"North Carolina","mpi-esm1-2-hr","ssp585",NA,5.33704616534101,7.31639082879248
"4174",5066,"North Carolina","mpi-esm1-2-hr","ssp585",NA,2.68839883885616,5.21584199109333
"4175",5067,"North Carolina","mpi-esm1-2-hr","ssp585",NA,0.00499896842721231,1.47262116760769
"4176",5068,"North Carolina","mpi-esm1-2-hr","ssp585",NA,1.20243323437856,6.56090091309964
"4177",5069,"North Carolina","mpi-esm1-2-hr","ssp585",NA,2.85651117388747,6.85176198409053
"4178",5070,"North Carolina","mpi-esm1-2-hr","ssp585",NA,4.52918825687769,12.9314216677882
"4179",5071,"North Carolina","mpi-esm1-2-hr","ssp585",NA,7.90627564710114,12.9655546813452
"4180",5072,"North Carolina","mpi-esm1-2-hr","ssp585",NA,9.20243980883946,10.5728683343455
"4181",5073,"North Carolina","mpi-esm1-2-hr","ssp585",NA,1.90073571227133,9.60971006078215
"4182",5074,"North Carolina","mpi-esm1-2-hr","ssp585",NA,8.8791936810594,16.4182503836496
"4183",5075,"North Carolina","mpi-esm1-2-hr","ssp585",NA,3.38886410287817,16.5702817772617
"4184",5076,"North Carolina","mpi-esm1-2-hr","ssp585",NA,1.31670810001464,14.2440915233281
"4185",5077,"North Carolina","mpi-esm1-2-hr","ssp585",NA,2.66741539205878,17.1978631198573
"4186",5078,"North Carolina","mpi-esm1-2-hr","ssp585",NA,1.44706083926142,16.8764940448836
"4187",5079,"North Carolina","mpi-esm1-2-hr","ssp585",NA,0.000407043613954212,18.9766090542663
"4188",5080,"North Carolina","mpi-esm1-2-hr","ssp585",NA,2.34052413097972,24.2106366496794
"4189",5081,"North Carolina","mpi-esm1-2-hr","ssp585",NA,1.08362174781659,21.8509333078935
"4190",5082,"North Carolina","mpi-esm1-2-hr","ssp585",NA,0.381127379060832,22.4707053133754
"4191",5083,"North Carolina","mpi-esm1-2-hr","ssp585",NA,2.82346102479807,22.3475779130012
"4192",5084,"North Carolina","mpi-esm1-2-hr","ssp585",NA,0.181545519319284,24.2247987720479
"4193",5085,"North Carolina","mpi-esm1-2-hr","ssp585",NA,2.91735628690287,29.757529601196
"4194",5086,"North Carolina","mpi-esm1-2-hr","ssp585",NA,4.60221635502337,28.6476111831452
"4195",5087,"North Carolina","mpi-esm1-2-hr","ssp585",NA,0.750955688978566,29.9153972038034
"4196",5088,"North Carolina","mpi-esm1-2-hr","ssp585",NA,3.22420919730591,31.5039059593564
"4197",5089,"North Carolina","mpi-esm1-2-hr","ssp585",NA,3.88569883573783,31.2329721830139
"4198",5090,"North Carolina","mpi-esm1-2-hr","ssp585",NA,1.78580642497779,29.9165187461704
"4199",5091,"North Carolina","mpi-esm1-2-hr","ssp585",NA,3.34189722440186,30.2267033424698
"4200",5092,"North Carolina","mpi-esm1-2-hr","ssp585",NA,0.85825489168048,30.2942487444197
"4201",5093,"North Carolina","mpi-esm1-2-hr","ssp585",NA,6.82799248083518,30.5502110414479
"4202",5094,"North Carolina","mpi-esm1-2-hr","ssp585",NA,2.56738759331604,30.0098376533231
"4203",5095,"North Carolina","mpi-esm1-2-hr","ssp585",NA,4.55127247565359,31.6380572150736
"4204",5096,"North Carolina","mpi-esm1-2-hr","ssp585",NA,2.76701242189479,29.9768996978675
"4205",5097,"North Carolina","mpi-esm1-2-hr","ssp585",NA,2.54681059651536,32.4965837067249
"4206",5098,"North Carolina","mpi-esm1-2-hr","ssp585",NA,2.79821884192765,29.9587466114376
"4207",5099,"North Carolina","mpi-esm1-2-hr","ssp585",NA,1.2484378067306,28.8996465431876
"4208",5100,"North Carolina","mpi-esm1-2-hr","ssp585",NA,6.48912984488408,29.7057357146961
"4209",5101,"North Carolina","mpi-esm1-2-hr","ssp585",NA,0.161750104338612,23.8940557570685
"4210",5102,"North Carolina","mpi-esm1-2-hr","ssp585",NA,2.20981302715524,27.0849020052357
"4211",5103,"North Carolina","mpi-esm1-2-hr","ssp585",NA,0.080537225661859,26.4352382456889
"4212",5104,"North Carolina","mpi-esm1-2-hr","ssp585",NA,0.378969519005593,24.6763519885493
"4213",5105,"North Carolina","mpi-esm1-2-hr","ssp585",NA,10.7127531618253,24.4464599096475
"4214",5106,"North Carolina","mpi-esm1-2-hr","ssp585",NA,2.71341822634352,24.134398097618
"4215",5107,"North Carolina","mpi-esm1-2-hr","ssp585",NA,6.48397037586023,24.1752229236421
"4216",5108,"North Carolina","mpi-esm1-2-hr","ssp585",NA,3.12423430971213,15.7647929557565
"4217",5109,"North Carolina","mpi-esm1-2-hr","ssp585",NA,0.333892274180211,10.7395305558747
"4218",5110,"North Carolina","mpi-esm1-2-hr","ssp585",NA,0.384050898126497,11.1239348424917
"4219",5111,"North Carolina","mpi-esm1-2-hr","ssp585",NA,0.921643019997844,15.2235524238993
"4220",5112,"North Carolina","mpi-esm1-2-hr","ssp585",NA,0.0231233506941358,12.3868296732756
"4221",5113,"North Carolina","mpi-esm1-2-hr","ssp585",NA,0.972439629433455,17.1938422366017
"4222",5114,"North Carolina","mpi-esm1-2-hr","ssp585",NA,10.7751604997538,12.1734268316702
"4223",5115,"North Carolina","mpi-esm1-2-hr","ssp585",NA,15.3896309218801,8.14010890244772
"4224",5116,"North Carolina","mpi-esm1-2-hr","ssp585",NA,3.46645137442541,9.84616435929843
"4225",5117,"North Carolina","mpi-esm1-2-hr","ssp585",NA,3.02133651857119,10.1273599918483
"4226",5118,"North Carolina","mpi-esm1-2-hr","ssp585",NA,7.44440375021456,6.27219334022674
"4227",5119,"North Carolina","mpi-esm1-2-hr","ssp585",NA,5.71451206355769,7.1446782472755
"4228",5120,"North Carolina","mpi-esm1-2-hr","ssp585",NA,0.201832527968423,9.22946650828302
"4229",5121,"North Carolina","mpi-esm1-2-hr","ssp585",NA,0.321696355099792,8.72159408441113
"4230",5122,"North Carolina","mpi-esm1-2-hr","ssp585",NA,0.415505604801833,10.8941202970446
"4231",5123,"North Carolina","mpi-esm1-2-hr","ssp585",NA,14.118538036023,15.6207450289686
"4232",5124,"North Carolina","mpi-esm1-2-hr","ssp585",NA,0.0560006691167863,11.638973084351
"4233",5125,"North Carolina","mpi-esm1-2-hr","ssp585",NA,2.58285028795101,10.2949769776075
"4234",5126,"North Carolina","mpi-esm1-2-hr","ssp585",NA,3.79664107450717,12.7683776171602
"4235",5127,"North Carolina","mpi-esm1-2-hr","ssp585",NA,3.99988494231855,16.4768268660003
"4236",5128,"North Carolina","mpi-esm1-2-hr","ssp585",NA,2.1926437190898,15.3911441920519
"4237",5129,"North Carolina","mpi-esm1-2-hr","ssp585",NA,3.47757317823005,17.1431498038669
"4238",5130,"North Carolina","mpi-esm1-2-hr","ssp585",NA,19.5058622722455,20.2304232386314
"4239",5131,"North Carolina","mpi-esm1-2-hr","ssp585",NA,4.34373913904135,20.0517999216288
"4240",5132,"North Carolina","mpi-esm1-2-hr","ssp585",NA,3.35012744164961,23.9536117083552
"4241",5133,"North Carolina","mpi-esm1-2-hr","ssp585",NA,0.973954515330745,21.7053683069908
"4242",5134,"North Carolina","mpi-esm1-2-hr","ssp585",NA,1.45788895448476,24.2439069646413
"4243",5135,"North Carolina","mpi-esm1-2-hr","ssp585",NA,8.06002214823301,25.5428410890724
"4244",5136,"North Carolina","mpi-esm1-2-hr","ssp585",NA,2.07894176836656,22.7270074924501
"4245",5137,"North Carolina","mpi-esm1-2-hr","ssp585",NA,4.26676241309111,27.5070078104484
"4246",5138,"North Carolina","mpi-esm1-2-hr","ssp585",NA,11.2894680452271,27.5709636784401
"4247",5139,"North Carolina","mpi-esm1-2-hr","ssp585",NA,10.6994111070171,27.2489972453825
"4248",5140,"North Carolina","mpi-esm1-2-hr","ssp585",NA,4.93751199847953,27.9855169387091
"4249",5141,"North Carolina","mpi-esm1-2-hr","ssp585",NA,4.61447524538001,29.4020287949164
"4250",5142,"North Carolina","mpi-esm1-2-hr","ssp585",NA,0.730173031931808,30.815238683364
"4251",5143,"North Carolina","mpi-esm1-2-hr","ssp585",NA,5.68402233099633,30.9959757486979
"4252",5144,"North Carolina","mpi-esm1-2-hr","ssp585",NA,5.72355504908871,28.5351858785507
"4253",5145,"North Carolina","mpi-esm1-2-hr","ssp585",NA,2.42171296374158,30.4329891771162
"4254",5146,"North Carolina","mpi-esm1-2-hr","ssp585",NA,4.71752022850761,29.8476775011763
"4255",5147,"North Carolina","mpi-esm1-2-hr","ssp585",NA,5.19829875196623,29.4117051752342
"4256",5148,"North Carolina","mpi-esm1-2-hr","ssp585",NA,15.3154593600134,27.074504828787
"4257",5149,"North Carolina","mpi-esm1-2-hr","ssp585",NA,8.07523854725768,26.7219503792728
"4258",5150,"North Carolina","mpi-esm1-2-hr","ssp585",NA,6.83177639747395,26.9191462498085
"4259",5151,"North Carolina","mpi-esm1-2-hr","ssp585",NA,11.2744384430117,26.5393434497823
"4260",5152,"North Carolina","mpi-esm1-2-hr","ssp585",NA,6.56637945637058,22.3778587020746
"4261",5153,"North Carolina","mpi-esm1-2-hr","ssp585",NA,3.48207982636826,25.716356344784
"4262",5154,"North Carolina","mpi-esm1-2-hr","ssp585",NA,0.00118500950008615,21.993502200685
"4263",5155,"North Carolina","mpi-esm1-2-hr","ssp585",NA,3.95720333263937,23.2580695144269
"4264",5156,"North Carolina","mpi-esm1-2-hr","ssp585",NA,1.47823096678713,23.9502218636478
"4265",5157,"North Carolina","mpi-esm1-2-hr","ssp585",NA,7.24509304438027,18.7139476786809
"4266",5158,"North Carolina","mpi-esm1-2-hr","ssp585",NA,0.0157256767919488,16.3771032851617
"4267",5159,"North Carolina","mpi-esm1-2-hr","ssp585",NA,0.00309005579368227,17.0392222343039
"4268",5160,"North Carolina","mpi-esm1-2-hr","ssp585",NA,7.06693027603847,19.9585105917367
"4269",5161,"North Carolina","mpi-esm1-2-hr","ssp585",NA,0.340781255017799,8.41092890036877
"4270",5162,"North Carolina","mpi-esm1-2-hr","ssp585",NA,22.385092042691,13.8968766241848
"4271",5163,"North Carolina","mpi-esm1-2-hr","ssp585",NA,7.96973447464216,12.7549205619748
"4272",5164,"North Carolina","mpi-esm1-2-hr","ssp585",NA,0.154677443794501,6.56840439056484
"4273",5165,"North Carolina","mpi-esm1-2-hr","ssp585",NA,3.45894872805408,7.87985927036832
"4274",5166,"North Carolina","mpi-esm1-2-hr","ssp585",NA,0.00477871257041878,6.29803711279436
"4275",5167,"North Carolina","mpi-esm1-2-hr","ssp585",NA,3.55342872800149,9.40038443600098
"4276",5168,"North Carolina","mpi-esm1-2-hr","ssp585",NA,0.151388002130934,6.74359067601652
"4277",5169,"North Carolina","mpi-esm1-2-hr","ssp585",NA,4.99407109747772,9.41373942399228
"4278",5170,"North Carolina","mpi-esm1-2-hr","ssp585",NA,0.0179720497611879,4.71641054126731
"4279",5171,"North Carolina","mpi-esm1-2-hr","ssp585",NA,10.1505836721468,10.8378664844844
"4280",5172,"North Carolina","mpi-esm1-2-hr","ssp585",NA,1.20152424694249,9.39490383800007
"4281",5173,"North Carolina","mpi-esm1-2-hr","ssp585",NA,4.82614310637144,8.76528217732408
"4282",5174,"North Carolina","mpi-esm1-2-hr","ssp585",NA,3.32542855093907,11.0385115252156
"4283",5175,"North Carolina","mpi-esm1-2-hr","ssp585",NA,4.92167636836383,11.3111806148241
"4284",5176,"North Carolina","mpi-esm1-2-hr","ssp585",NA,0.110480160020882,16.228358643262
"4285",5177,"North Carolina","mpi-esm1-2-hr","ssp585",NA,1.50964505312096,19.1386740633754
"4286",5178,"North Carolina","mpi-esm1-2-hr","ssp585",NA,0.900772764083847,11.2463683740098
"4287",5179,"North Carolina","mpi-esm1-2-hr","ssp585",NA,9.63528503970101,15.4237260236126
"4288",5180,"North Carolina","mpi-esm1-2-hr","ssp585",NA,3.89621392952461,17.9017732849976
"4289",5181,"North Carolina","mpi-esm1-2-hr","ssp585",NA,0.316600486077441,18.647123072862
"4290",5182,"North Carolina","mpi-esm1-2-hr","ssp585",NA,16.1720798443257,20.206822208864
"4291",5183,"North Carolina","mpi-esm1-2-hr","ssp585",NA,1.32865535438099,18.692122737767
"4292",5184,"North Carolina","mpi-esm1-2-hr","ssp585",NA,0.033673884875597,21.4739492378983
"4293",5185,"North Carolina","mpi-esm1-2-hr","ssp585",NA,4.58361683688222,25.4739075219932
"4294",5186,"North Carolina","mpi-esm1-2-hr","ssp585",NA,4.18762860590046,25.9398723869431
"4295",5187,"North Carolina","mpi-esm1-2-hr","ssp585",NA,0,24.2763738210128
"4296",5188,"North Carolina","mpi-esm1-2-hr","ssp585",NA,1.8674017380294,25.7153579840139
"4297",5189,"North Carolina","mpi-esm1-2-hr","ssp585",NA,0.345265257902695,28.5801668225884
"4298",5190,"North Carolina","mpi-esm1-2-hr","ssp585",NA,0.401054253726376,31.0972587179403
"4299",5191,"North Carolina","mpi-esm1-2-hr","ssp585",NA,5.41865925628708,30.378767732679
"4300",5192,"North Carolina","mpi-esm1-2-hr","ssp585",NA,3.76859964983109,29.9106878371466
"4301",5193,"North Carolina","mpi-esm1-2-hr","ssp585",NA,3.99807715325818,28.8761027018229
"4302",5194,"North Carolina","mpi-esm1-2-hr","ssp585",NA,2.50516165849279,31.3368835107285
"4303",5195,"North Carolina","mpi-esm1-2-hr","ssp585",NA,10.7209053911099,29.1477943740973
"4304",5196,"North Carolina","mpi-esm1-2-hr","ssp585",NA,13.3846095796225,27.7897114558714
"4305",5197,"North Carolina","mpi-esm1-2-hr","ssp585",NA,9.58644306284601,27.6918168781185
"4306",5198,"North Carolina","mpi-esm1-2-hr","ssp585",NA,2.77054285774697,29.047303579635
"4307",5199,"North Carolina","mpi-esm1-2-hr","ssp585",NA,9.07146288174939,29.150898020341
"4308",5200,"North Carolina","mpi-esm1-2-hr","ssp585",NA,0.509717381041313,29.2621753681942
"4309",5201,"North Carolina","mpi-esm1-2-hr","ssp585",NA,1.51540597539641,30.489034239184
"4310",5202,"North Carolina","mpi-esm1-2-hr","ssp585",NA,1.74530369086297,30.5021325204887
"4311",5203,"North Carolina","mpi-esm1-2-hr","ssp585",NA,3.52250272513904,27.7500592058112
"4312",5204,"North Carolina","mpi-esm1-2-hr","ssp585",NA,0.164376956006187,27.7843114687281
"4313",5205,"North Carolina","mpi-esm1-2-hr","ssp585",NA,0.248484211254688,26.9236513965938
"4314",5206,"North Carolina","mpi-esm1-2-hr","ssp585",NA,0.367726001404509,26.3283341437161
"4315",5207,"North Carolina","mpi-esm1-2-hr","ssp585",NA,0.000393287294119706,23.0083042518766
"4316",5208,"North Carolina","mpi-esm1-2-hr","ssp585",NA,2.07629790468772,23.2304218708968
"4317",5209,"North Carolina","mpi-esm1-2-hr","ssp585",NA,2.86615259626901,21.7174485663406
"4318",5210,"North Carolina","mpi-esm1-2-hr","ssp585",NA,1.34455173571316,24.8479185643984
"4319",5211,"North Carolina","mpi-esm1-2-hr","ssp585",NA,0.482812684930948,15.694428909259
"4320",5212,"North Carolina","mpi-esm1-2-hr","ssp585",NA,0.104216162459935,24.1478359190356
"4321",5213,"North Carolina","mpi-esm1-2-hr","ssp585",NA,2.3996382294424,14.0906073391271
"4322",5214,"North Carolina","mpi-esm1-2-hr","ssp585",NA,5.37813021712755,15.8655770438058
"4323",5215,"North Carolina","mpi-esm1-2-hr","ssp585",NA,5.43039728562223,9.68585765849311
"4324",5216,"North Carolina","mpi-esm1-2-hr","ssp585",NA,3.8409092140048,8.63316508488163
"4325",5217,"North Carolina","mpi-esm1-2-hr","ssp585",NA,2.43633488387771,9.21979500051977
"4326",5218,"North Carolina","mpi-esm1-2-hr","ssp585",NA,5.51760642044711,8.8572146290157
"4327",5219,"North Carolina","mpi-esm1-2-hr","ssp585",NA,2.36184763445574,7.31629953250834
"4328",5220,"North Carolina","mpi-esm1-2-hr","ssp585",NA,3.39566087873629,10.3266408882889
"4329",5221,"North Carolina","mpi-esm1-2-hr","ssp585",NA,1.55713508088602,13.9525713752298
"4330",5222,"North Carolina","mpi-esm1-2-hr","ssp585",NA,7.22125901692296,8.40300911868656
"4331",5223,"North Carolina","mpi-esm1-2-hr","ssp585",NA,0.17441305464993,3.17324851327252
"4332",5224,"North Carolina","mpi-esm1-2-hr","ssp585",NA,1.82072682660308,8.0884102444689
"4333",5225,"North Carolina","mpi-esm1-2-hr","ssp585",NA,7.1334344889524,10.5542647503338
"4334",5226,"North Carolina","mpi-esm1-2-hr","ssp585",NA,7.64362684719398,11.8999473593148
"4335",5227,"North Carolina","mpi-esm1-2-hr","ssp585",NA,2.16666564265019,11.5069760106191
"4336",5228,"North Carolina","mpi-esm1-2-hr","ssp585",NA,2.2488957739576,12.9576440463881
"4337",5229,"North Carolina","mpi-esm1-2-hr","ssp585",NA,1.1917297693967,16.5139430796733
"4338",5230,"North Carolina","mpi-esm1-2-hr","ssp585",NA,10.4911894523354,15.989543891287
"4339",5231,"North Carolina","mpi-esm1-2-hr","ssp585",NA,4.3320538346946,19.7004958379837
"4340",5232,"North Carolina","mpi-esm1-2-hr","ssp585",NA,5.50292328441762,14.798145448772
