"","Week_index","state","gcm","ssp","albopictus_trapnight","pr","tas"
"1",332,"Georgia","ukesm1-0-ll","ssp126",0.5,7.68201827965352,19.2270255395922
"2",333,"Georgia","ukesm1-0-ll","ssp126",0.5,11.5269098241671,20.903868771754
"3",334,"Georgia","ukesm1-0-ll","ssp126",0.5,2.10118734929591,18.3148541688342
"4",335,"Georgia","ukesm1-0-ll","ssp126",0.5,10.4405077549731,20.3019536570256
"5",336,"Georgia","ukesm1-0-ll","ssp126",0.5,1.17740698510242,21.6537408639386
"6",337,"Georgia","ukesm1-0-ll","ssp126",NA,3.08105764182354,23.8252315030851
"7",338,"Georgia","ukesm1-0-ll","ssp126",NA,5.84513201717097,25.2845310210464
"8",339,"Georgia","ukesm1-0-ll","ssp126",NA,2.76916336997791,26.7888921799777
"9",340,"Georgia","ukesm1-0-ll","ssp126",NA,2.36298242047616,27.4429386965326
"10",341,"Georgia","ukesm1-0-ll","ssp126",NA,3.20258125961193,27.2684385558519
"11",342,"Georgia","ukesm1-0-ll","ssp126",NA,0.791213945246215,29.0460495529304
"12",343,"Georgia","ukesm1-0-ll","ssp126",NA,2.00446298612612,27.5817332880389
"13",344,"Georgia","ukesm1-0-ll","ssp126",NA,3.08296762621857,27.3248872842758
"14",345,"Georgia","ukesm1-0-ll","ssp126",2.5,4.47566462668453,27.7350731653394
"15",346,"Georgia","ukesm1-0-ll","ssp126",2.5,2.0941304510561,29.2675164543688
"16",347,"Georgia","ukesm1-0-ll","ssp126",2.5,3.16500689159577,28.8109264900263
"17",348,"Georgia","ukesm1-0-ll","ssp126",2.5,0.90775253879887,26.7530162451054
"18",349,"Georgia","ukesm1-0-ll","ssp126",3.46428571428571,2.73458088700361,26.732219660946
"19",350,"Georgia","ukesm1-0-ll","ssp126",4.42857142857143,1.44950602832264,27.1556081259222
"20",351,"Georgia","ukesm1-0-ll","ssp126",4.42857142857143,2.18140881712298,26.4530707925053
"21",352,"Georgia","ukesm1-0-ll","ssp126",4.42857142857143,0.566292499718395,26.0628639498288
"22",353,"Georgia","ukesm1-0-ll","ssp126",4.42857142857143,0.00847476966099557,24.7385370212952
"23",354,"Georgia","ukesm1-0-ll","ssp126",NA,0.0011591789824229,19.9209700868917
"24",355,"Georgia","ukesm1-0-ll","ssp126",NA,0.434797615237587,22.4672173541525
"25",356,"Georgia","ukesm1-0-ll","ssp126",NA,7.09788312877708,20.5440924143491
"26",357,"Georgia","ukesm1-0-ll","ssp126",NA,0.512184031827942,15.4650847035973
"27",358,"Georgia","ukesm1-0-ll","ssp126",NA,6.34082275691585,18.0187881237097
"28",359,"Georgia","ukesm1-0-ll","ssp126",NA,0.279169459104579,14.586632496629
"29",360,"Georgia","ukesm1-0-ll","ssp126",NA,0.521399090751811,12.8406429389137
"30",361,"Georgia","ukesm1-0-ll","ssp126",NA,5.4738442450266,13.080786417425
"31",362,"Georgia","ukesm1-0-ll","ssp126",NA,3.24579075127849,12.7040471150739
"32",363,"Georgia","ukesm1-0-ll","ssp126",NA,0.39385448330999,9.24326578575004
"33",364,"Georgia","ukesm1-0-ll","ssp126",NA,7.84361558009847,17.136289108107
"34",365,"Georgia","ukesm1-0-ll","ssp126",NA,0.269241444802931,2.95326791738537
"35",366,"Georgia","ukesm1-0-ll","ssp126",NA,4.87100108597287,6.08002224015177
"36",367,"Georgia","ukesm1-0-ll","ssp126",NA,3.37261112805991,3.41604931696919
"37",368,"Georgia","ukesm1-0-ll","ssp126",NA,2.23600812569178,15.2878215661274
"38",369,"Georgia","ukesm1-0-ll","ssp126",NA,3.34056487375516,11.1581528921934
"39",370,"Georgia","ukesm1-0-ll","ssp126",NA,5.69584115925197,7.61356037354576
"40",371,"Georgia","ukesm1-0-ll","ssp126",NA,0.0227371459443721,9.89144608052287
"41",372,"Georgia","ukesm1-0-ll","ssp126",NA,2.64179973696796,15.8740134094342
"42",373,"Georgia","ukesm1-0-ll","ssp126",NA,1.00333565407358,13.8436261915699
"43",374,"Georgia","ukesm1-0-ll","ssp126",NA,1.78870201557389,13.6082296870106
"44",375,"Georgia","ukesm1-0-ll","ssp126",NA,0.700353046524236,11.103618087783
"45",376,"Georgia","ukesm1-0-ll","ssp126",NA,5.70966254479066,15.277285457003
"46",377,"Georgia","ukesm1-0-ll","ssp126",NA,2.12412273378801,14.579341403208
"47",378,"Georgia","ukesm1-0-ll","ssp126",NA,1.852269813302,16.6112390803591
"48",379,"Georgia","ukesm1-0-ll","ssp126",NA,11.8815206962657,16.2098546035856
"49",380,"Georgia","ukesm1-0-ll","ssp126",NA,0.0200881193762938,12.2458978694239
"50",381,"Georgia","ukesm1-0-ll","ssp126",NA,1.90319733473847,21.8304163752764
"51",382,"Georgia","ukesm1-0-ll","ssp126",NA,4.55088340386113,17.6518064450437
"52",383,"Georgia","ukesm1-0-ll","ssp126",NA,5.46646895539756,17.6609176595535
"53",384,"Georgia","ukesm1-0-ll","ssp126",NA,1.6046954782499,21.9014356777221
"54",385,"Georgia","ukesm1-0-ll","ssp126",NA,0.0800411104721225,25.0171295280895
"55",386,"Georgia","ukesm1-0-ll","ssp126",NA,0.00013821058679372,28.2546035973384
"56",387,"Georgia","ukesm1-0-ll","ssp126",NA,1.51107202078613,26.1243178255788
"57",388,"Georgia","ukesm1-0-ll","ssp126",NA,0.930295829335978,26.9590494748587
"58",389,"Georgia","ukesm1-0-ll","ssp126",NA,2.91438812079982,27.4574084169376
"59",390,"Georgia","ukesm1-0-ll","ssp126",NA,8.21890002781534,25.6474081385861
"60",391,"Georgia","ukesm1-0-ll","ssp126",NA,1.468648142198,27.9913078128608
"61",392,"Georgia","ukesm1-0-ll","ssp126",NA,4.43273673923215,28.8336838785233
"62",393,"Georgia","ukesm1-0-ll","ssp126",NA,4.40203104466782,28.4270583106999
"63",394,"Georgia","ukesm1-0-ll","ssp126",NA,0.888652713136504,28.498377484394
"64",395,"Georgia","ukesm1-0-ll","ssp126",NA,1.91923356589386,29.4191755306647
"65",396,"Georgia","ukesm1-0-ll","ssp126",NA,10.4419376800758,27.1735314123469
"66",397,"Georgia","ukesm1-0-ll","ssp126",NA,2.56334780233652,28.521539687177
"67",398,"Georgia","ukesm1-0-ll","ssp126",NA,1.83517736301921,29.3593993494431
"68",399,"Georgia","ukesm1-0-ll","ssp126",NA,1.18045801594711,28.5132526583665
"69",400,"Georgia","ukesm1-0-ll","ssp126",NA,10.9310319917487,28.4175036220167
"70",401,"Georgia","ukesm1-0-ll","ssp126",2.2,8.15029547601015,25.6371452128339
"71",402,"Georgia","ukesm1-0-ll","ssp126",2.2,1.84160718862416,26.3643773261341
"72",403,"Georgia","ukesm1-0-ll","ssp126",2.2,2.15248800120381,26.7369263138667
"73",404,"Georgia","ukesm1-0-ll","ssp126",2.2,1.1120365846118,26.9836757114956
"74",405,"Georgia","ukesm1-0-ll","ssp126",2.2,3.86310050729592,20.6593693250606
"75",406,"Georgia","ukesm1-0-ll","ssp126",NA,3.62738165834631,24.8204648475066
"76",407,"Georgia","ukesm1-0-ll","ssp126",NA,0.00114026604790549,16.1536544802677
"77",408,"Georgia","ukesm1-0-ll","ssp126",NA,0.0452098871694563,20.858335154451
"78",409,"Georgia","ukesm1-0-ll","ssp126",NA,5.67174358320099,12.3941585291628
"79",410,"Georgia","ukesm1-0-ll","ssp126",0,0.255556154624466,15.2615062648967
"80",411,"Georgia","ukesm1-0-ll","ssp126",0,0.762694322689931,11.5535048810391
"81",412,"Georgia","ukesm1-0-ll","ssp126",0,0.570851192480832,17.1365964875672
"82",413,"Georgia","ukesm1-0-ll","ssp126",0,0.419183685888781,13.5079290579364
"83",414,"Georgia","ukesm1-0-ll","ssp126",0,3.43360123702074,13.7822481686498
"84",415,"Georgia","ukesm1-0-ll","ssp126",NA,3.09448251140595,8.54015435725537
"85",416,"Georgia","ukesm1-0-ll","ssp126",NA,1.34349675912758,5.39588711618504
"86",417,"Georgia","ukesm1-0-ll","ssp126",NA,3.37289441839899,7.90508613119732
"87",418,"Georgia","ukesm1-0-ll","ssp126",NA,1.69737971465613,7.28579766567699
"88",419,"Georgia","ukesm1-0-ll","ssp126",NA,0.451964313610038,4.40855593330418
"89",420,"Georgia","ukesm1-0-ll","ssp126",NA,2.1024852828492,12.5136821417268
"90",421,"Georgia","ukesm1-0-ll","ssp126",NA,3.22315947626834,10.9627505755663
"91",422,"Georgia","ukesm1-0-ll","ssp126",NA,0.540435399904431,7.58150074300224
"92",423,"Georgia","ukesm1-0-ll","ssp126",NA,1.55257327040789,4.47531059950103
"93",424,"Georgia","ukesm1-0-ll","ssp126",NA,3.44989412184988,8.56427025445862
"94",425,"Georgia","ukesm1-0-ll","ssp126",NA,10.7294442108543,11.8792939929758
"95",426,"Georgia","ukesm1-0-ll","ssp126",NA,0.226588867392956,10.2765419435708
"96",427,"Georgia","ukesm1-0-ll","ssp126",NA,2.07093594176474,6.64278630221293
"97",428,"Georgia","ukesm1-0-ll","ssp126",NA,4.67872077652864,12.0448529614493
"98",429,"Georgia","ukesm1-0-ll","ssp126",NA,3.68454556699928,7.24845472034619
"99",430,"Georgia","ukesm1-0-ll","ssp126",NA,11.1960519149909,11.6522477379542
"100",431,"Georgia","ukesm1-0-ll","ssp126",NA,2.13514469136554,13.9276268879887
"101",432,"Georgia","ukesm1-0-ll","ssp126",NA,4.37668515837955,14.2423618439427
"102",433,"Georgia","ukesm1-0-ll","ssp126",NA,4.27245869472038,18.11036835004
"103",434,"Georgia","ukesm1-0-ll","ssp126",NA,1.81003601923754,18.1806599837249
"104",435,"Georgia","ukesm1-0-ll","ssp126",NA,2.06143251486837,16.1411126014542
"105",436,"Georgia","ukesm1-0-ll","ssp126",NA,3.08564426916334,21.4048464406935
"106",437,"Georgia","ukesm1-0-ll","ssp126",NA,15.2261029103056,20.4539064027889
"107",438,"Georgia","ukesm1-0-ll","ssp126",NA,2.70453553867255,21.4399142282013
"108",439,"Georgia","ukesm1-0-ll","ssp126",NA,1.93936816048572,23.1205130897492
"109",440,"Georgia","ukesm1-0-ll","ssp126",NA,1.42475853037183,22.2992084137716
"110",441,"Georgia","ukesm1-0-ll","ssp126",NA,2.32387332199514,24.610246643032
"111",442,"Georgia","ukesm1-0-ll","ssp126",NA,16.0871232978571,22.913597333245
"112",443,"Georgia","ukesm1-0-ll","ssp126",NA,11.4862987766505,24.4533030057075
"113",444,"Georgia","ukesm1-0-ll","ssp126",NA,2.3608859674401,26.0417320853143
"114",445,"Georgia","ukesm1-0-ll","ssp126",NA,0.515844632128946,28.9385497541408
"115",446,"Georgia","ukesm1-0-ll","ssp126",NA,6.42349354045423,27.8422543580802
"116",447,"Georgia","ukesm1-0-ll","ssp126",NA,14.9376684658615,26.6907433493852
"117",448,"Georgia","ukesm1-0-ll","ssp126",NA,0.88391643057949,28.4016528821185
"118",449,"Georgia","ukesm1-0-ll","ssp126",2.5,9.33335928916137,26.2839570052399
"119",450,"Georgia","ukesm1-0-ll","ssp126",2.5,2.17168863660805,27.1824454171317
"120",451,"Georgia","ukesm1-0-ll","ssp126",2.5,7.33884563631156,27.2475847812311
"121",452,"Georgia","ukesm1-0-ll","ssp126",2.5,6.55868190927831,25.8588858615977
"122",453,"Georgia","ukesm1-0-ll","ssp126",2.5,4.42604830547898,25.4255826566756
"123",454,"Georgia","ukesm1-0-ll","ssp126",4.5625,0.00434694689966019,22.8461991206209
"124",455,"Georgia","ukesm1-0-ll","ssp126",4.5625,8.81012118891419,23.679201095618
"125",456,"Georgia","ukesm1-0-ll","ssp126",4.5625,2.50304985536645,25.3842639248827
"126",457,"Georgia","ukesm1-0-ll","ssp126",4.5625,0.228552580281506,25.7788282786963
"127",458,"Georgia","ukesm1-0-ll","ssp126",4.5625,2.93348864698286,24.7430499282357
"128",459,"Georgia","ukesm1-0-ll","ssp126",NA,0.167927995056704,18.4103325712957
"129",460,"Georgia","ukesm1-0-ll","ssp126",NA,15.0226111176058,18.5878093346844
"130",461,"Georgia","ukesm1-0-ll","ssp126",NA,2.0110098366116,14.3985958843924
"131",462,"Georgia","ukesm1-0-ll","ssp126",0,4.30322680693866,15.2912138340837
"132",463,"Georgia","ukesm1-0-ll","ssp126",0,0.0172703610499546,14.4239992155579
"133",464,"Georgia","ukesm1-0-ll","ssp126",0,1.09243887924209,12.0350019182478
"134",465,"Georgia","ukesm1-0-ll","ssp126",0,2.16088285698753,12.0158253519645
"135",466,"Georgia","ukesm1-0-ll","ssp126",0,2.26963726932989,8.70685704118117
"136",467,"Georgia","ukesm1-0-ll","ssp126",NA,2.68780459596748,8.21804127419446
"137",468,"Georgia","ukesm1-0-ll","ssp126",NA,0.80250755089832,3.67904046272441
"138",469,"Georgia","ukesm1-0-ll","ssp126",NA,0.750479085462553,3.56912655721789
"139",470,"Georgia","ukesm1-0-ll","ssp126",NA,4.12693234603958,4.2616420534042
"140",471,"Georgia","ukesm1-0-ll","ssp126",NA,2.64620792695106,1.14476280937579
"141",472,"Georgia","ukesm1-0-ll","ssp126",NA,1.22353590554834,8.17409054228263
"142",473,"Georgia","ukesm1-0-ll","ssp126",NA,5.64063147388856,6.37735527666103
"143",474,"Georgia","ukesm1-0-ll","ssp126",NA,6.60597117443787,7.01732019976937
"144",475,"Georgia","ukesm1-0-ll","ssp126",NA,0.308411047705253,5.33538517319237
"145",476,"Georgia","ukesm1-0-ll","ssp126",NA,2.35131312581804,8.20044083971325
"146",477,"Georgia","ukesm1-0-ll","ssp126",NA,7.21344890575529,10.9261541276469
"147",478,"Georgia","ukesm1-0-ll","ssp126",NA,2.59668036562144,13.4165158530806
"148",479,"Georgia","ukesm1-0-ll","ssp126",NA,0.0103942834887938,8.56625775122362
"149",480,"Georgia","ukesm1-0-ll","ssp126",NA,1.72343979966696,15.6301515093502
"150",481,"Georgia","ukesm1-0-ll","ssp126",NA,9.3999526368536,15.4701707282444
"151",482,"Georgia","ukesm1-0-ll","ssp126",NA,0.776338429125369,11.8544320104891
"152",483,"Georgia","ukesm1-0-ll","ssp126",NA,0.655097991282464,13.6368382033713
"153",484,"Georgia","ukesm1-0-ll","ssp126",NA,3.66309197861615,13.0521781006663
"154",485,"Georgia","ukesm1-0-ll","ssp126",NA,1.85381351330055,18.2458259911361
"155",486,"Georgia","ukesm1-0-ll","ssp126",NA,0.31737260355452,20.691437156156
"156",487,"Georgia","ukesm1-0-ll","ssp126",NA,0.117204656161957,20.2043362207339
"157",488,"Georgia","ukesm1-0-ll","ssp126",NA,1.81891220515037,22.5064634751403
"158",489,"Georgia","ukesm1-0-ll","ssp126",NA,1.33660246323284,23.1895674834924
"159",490,"Georgia","ukesm1-0-ll","ssp126",NA,0.940596812495352,21.8029561639259
"160",491,"Georgia","ukesm1-0-ll","ssp126",NA,2.37174859184015,25.0307845417398
"161",492,"Georgia","ukesm1-0-ll","ssp126",NA,7.44085222486287,25.684167556576
"162",493,"Georgia","ukesm1-0-ll","ssp126",NA,0.597424026945414,27.6195146284601
"163",494,"Georgia","ukesm1-0-ll","ssp126",NA,2.16604640516067,27.8113777891562
"164",495,"Georgia","ukesm1-0-ll","ssp126",NA,6.11684328771924,27.1461502017756
"165",496,"Georgia","ukesm1-0-ll","ssp126",NA,13.3597903755967,26.4575810339634
"166",497,"Georgia","ukesm1-0-ll","ssp126",2,15.8751746625057,24.3636603477792
"167",498,"Georgia","ukesm1-0-ll","ssp126",2,1.90092333266096,26.9844345868644
"168",499,"Georgia","ukesm1-0-ll","ssp126",2,3.25724431282127,27.7821399901162
"169",500,"Georgia","ukesm1-0-ll","ssp126",2,2.04205545035666,28.0151569209434
"170",501,"Georgia","ukesm1-0-ll","ssp126",2.44285714285714,6.13145014567657,28.0790343499357
"171",502,"Georgia","ukesm1-0-ll","ssp126",2.66428571428571,2.83827827735643,26.9483513561923
"172",503,"Georgia","ukesm1-0-ll","ssp126",2.66428571428571,1.02705162973714,28.6033567858089
"173",504,"Georgia","ukesm1-0-ll","ssp126",2.66428571428571,1.43438289933571,28.1232990994581
"174",505,"Georgia","ukesm1-0-ll","ssp126",2.66428571428571,0.0954525282221509,28.6313531538476
"175",506,"Georgia","ukesm1-0-ll","ssp126",4.2047619047619,0.693766115960616,27.8934042720472
"176",507,"Georgia","ukesm1-0-ll","ssp126",7.28571428571429,0.591017323501786,29.4181563924647
"177",508,"Georgia","ukesm1-0-ll","ssp126",7.28571428571429,1.1085013773803,27.9194365790046
"178",509,"Georgia","ukesm1-0-ll","ssp126",7.28571428571429,0.46894586172288,26.7228167000464
"179",510,"Georgia","ukesm1-0-ll","ssp126",3.0952380952381,1.5080419094696,23.1265853918782
"180",511,"Georgia","ukesm1-0-ll","ssp126",1,6.16620884108381,22.4034839399213
"181",512,"Georgia","ukesm1-0-ll","ssp126",1,0.181684855272317,15.8409998267961
"182",513,"Georgia","ukesm1-0-ll","ssp126",1,0.0313303878363636,16.2516516733978
"183",514,"Georgia","ukesm1-0-ll","ssp126",1,0.0179512148837026,15.8488958991469
"184",515,"Georgia","ukesm1-0-ll","ssp126",NA,0.401225507382453,16.9843223317608
"185",516,"Georgia","ukesm1-0-ll","ssp126",NA,4.72171157178163,10.0604413624697
"186",517,"Georgia","ukesm1-0-ll","ssp126",NA,1.60398938808539,8.89294934264692
"187",518,"Georgia","ukesm1-0-ll","ssp126",NA,4.81420060608611,14.9432478787153
"188",519,"Georgia","ukesm1-0-ll","ssp126",NA,1.4640283528094,9.87216983869122
"189",520,"Georgia","ukesm1-0-ll","ssp126",NA,3.11657159013385,7.46864224015131
"190",521,"Georgia","ukesm1-0-ll","ssp126",NA,2.12319223727225,10.7253157116118
"191",522,"Georgia","ukesm1-0-ll","ssp126",NA,9.87654661124062,14.6488841916441
"192",523,"Georgia","ukesm1-0-ll","ssp126",NA,0.374806837237513,8.09532573433576
"193",524,"Georgia","ukesm1-0-ll","ssp126",NA,3.94061313139365,7.45737649065708
"194",525,"Georgia","ukesm1-0-ll","ssp126",NA,0.209255485140936,6.16843714513913
"195",526,"Georgia","ukesm1-0-ll","ssp126",NA,1.6474359468797,9.71151055986324
"196",527,"Georgia","ukesm1-0-ll","ssp126",NA,0.154474640237052,7.03499564011625
"197",528,"Georgia","ukesm1-0-ll","ssp126",NA,4.08219039969257,6.13949104709723
"198",529,"Georgia","ukesm1-0-ll","ssp126",NA,2.2998142510971,9.28540027086378
"199",530,"Georgia","ukesm1-0-ll","ssp126",NA,1.19124438792908,9.00444886408442
"200",531,"Georgia","ukesm1-0-ll","ssp126",NA,3.22470651000938,10.0611130550535
"201",532,"Georgia","ukesm1-0-ll","ssp126",NA,9.31762356497363,11.3134229350221
"202",533,"Georgia","ukesm1-0-ll","ssp126",NA,5.98163002344068,5.80445672208795
"203",534,"Georgia","ukesm1-0-ll","ssp126",NA,7.09591658226592,13.219844276892
"204",535,"Georgia","ukesm1-0-ll","ssp126",NA,0.655923823403843,10.1601672878513
"205",536,"Georgia","ukesm1-0-ll","ssp126",NA,2.63260910525205,15.6869473299917
"206",537,"Georgia","ukesm1-0-ll","ssp126",NA,1.25620439756232,18.0444202241444
"207",538,"Georgia","ukesm1-0-ll","ssp126",NA,1.99246689842823,18.3418679212775
"208",539,"Georgia","ukesm1-0-ll","ssp126",NA,15.9258005384026,16.5595814795901
"209",540,"Georgia","ukesm1-0-ll","ssp126",NA,4.34698072089476,16.68169624735
"210",541,"Georgia","ukesm1-0-ll","ssp126",NA,0.00618697037815331,19.7060657957147
"211",542,"Georgia","ukesm1-0-ll","ssp126",NA,3.24482841866615,23.1203126447474
"212",543,"Georgia","ukesm1-0-ll","ssp126",NA,0.478307385207099,25.5142508425103
"213",544,"Georgia","ukesm1-0-ll","ssp126",NA,1.7690853698044,26.1258015941905
"214",545,"Georgia","ukesm1-0-ll","ssp126",NA,4.03513058812738,26.3953125738097
"215",546,"Georgia","ukesm1-0-ll","ssp126",NA,11.911210488689,24.9448471709786
"216",547,"Georgia","ukesm1-0-ll","ssp126",NA,0.0998979216448679,26.3362889240135
"217",548,"Georgia","ukesm1-0-ll","ssp126",NA,2.10610373890553,26.7427753821125
"218",549,"Georgia","ukesm1-0-ll","ssp126",1.6,3.30862783236161,26.9175428635272
"219",550,"Georgia","ukesm1-0-ll","ssp126",1.6,4.60564162286258,26.1194532934748
"220",551,"Georgia","ukesm1-0-ll","ssp126",1.6,1.12098797451497,26.3854448738745
"221",552,"Georgia","ukesm1-0-ll","ssp126",1.6,4.91533014644558,28.1867630263507
"222",553,"Georgia","ukesm1-0-ll","ssp126",2.47142857142857,2.80806004473817,29.0408468842218
"223",554,"Georgia","ukesm1-0-ll","ssp126",2.82,7.27444741262185,27.0759350053912
"224",555,"Georgia","ukesm1-0-ll","ssp126",2.82,1.83003748839908,27.1518416804205
"225",556,"Georgia","ukesm1-0-ll","ssp126",2.82,0.765621661980455,28.4026002602196
"226",557,"Georgia","ukesm1-0-ll","ssp126",2.82,2.89576959481833,27.1561673439155
"227",558,"Georgia","ukesm1-0-ll","ssp126",2.06666666666667,3.38863901365133,25.4897119111068
"228",559,"Georgia","ukesm1-0-ll","ssp126",0.183333333333333,2.61830412490986,26.4529182785071
"229",560,"Georgia","ukesm1-0-ll","ssp126",0.183333333333333,3.48672746353893,23.470731307577
"230",561,"Georgia","ukesm1-0-ll","ssp126",0.183333333333333,0,18.6498207221597
"231",562,"Georgia","ukesm1-0-ll","ssp126",0.183333333333333,4.4954580534017,22.5653841254209
"232",563,"Georgia","ukesm1-0-ll","ssp126",NA,5.58948478963873,22.969122659377
"233",564,"Georgia","ukesm1-0-ll","ssp126",NA,0.877769479587648,15.578881156716
"234",565,"Georgia","ukesm1-0-ll","ssp126",NA,0.204131717960262,17.4381317916977
"235",566,"Georgia","ukesm1-0-ll","ssp126",NA,1.43336026053755,19.6574297324292
"236",567,"Georgia","ukesm1-0-ll","ssp126",NA,4.21952184075995,14.7968107002728
"237",568,"Georgia","ukesm1-0-ll","ssp126",NA,0.265901712687599,13.9865246764689
"238",569,"Georgia","ukesm1-0-ll","ssp126",NA,3.97582402669306,14.5955973037327
"239",570,"Georgia","ukesm1-0-ll","ssp126",NA,1.84801870321186,9.91134034639115
"240",571,"Georgia","ukesm1-0-ll","ssp126",NA,1.67215890743978,9.82833711181503
"241",572,"Georgia","ukesm1-0-ll","ssp126",NA,7.26636151906256,13.1167623398198
"242",573,"Georgia","ukesm1-0-ll","ssp126",NA,3.00534361926474,17.2509826878427
"243",574,"Georgia","ukesm1-0-ll","ssp126",NA,3.86547093371181,9.92968245480619
"244",575,"Georgia","ukesm1-0-ll","ssp126",NA,3.45294262748995,7.07539167441872
"245",576,"Georgia","ukesm1-0-ll","ssp126",NA,1.10744073604308,4.53761879626404
"246",577,"Georgia","ukesm1-0-ll","ssp126",NA,2.08603967071297,3.76158761229643
"247",578,"Georgia","ukesm1-0-ll","ssp126",NA,10.1464522369714,7.6035765820386
"248",579,"Georgia","ukesm1-0-ll","ssp126",NA,2.27073255274775,2.25616175721377
"249",580,"Georgia","ukesm1-0-ll","ssp126",NA,1.76230629157894,5.40108446566015
"250",581,"Georgia","ukesm1-0-ll","ssp126",NA,14.4413011290163,11.8974155626346
"251",582,"Georgia","ukesm1-0-ll","ssp126",NA,0.2488944782477,10.4960417667262
"252",583,"Georgia","ukesm1-0-ll","ssp126",NA,9.35325926664956,15.3928872491689
"253",584,"Georgia","ukesm1-0-ll","ssp126",NA,0.44848564798457,13.3086123540625
"254",585,"Georgia","ukesm1-0-ll","ssp126",NA,2.3035432622208,10.96760931663
"255",586,"Georgia","ukesm1-0-ll","ssp126",NA,2.57927853480813,17.6699327994084
"256",587,"Georgia","ukesm1-0-ll","ssp126",NA,3.47299567261951,15.5773801131906
"257",588,"Georgia","ukesm1-0-ll","ssp126",NA,1.91480324711353,13.6698993481106
"258",589,"Georgia","ukesm1-0-ll","ssp126",NA,2.29247676393621,10.8915635958872
"259",590,"Georgia","ukesm1-0-ll","ssp126",NA,3.07882304924774,14.9690564934422
"260",591,"Georgia","ukesm1-0-ll","ssp126",NA,0.0461387959445671,13.88747719855
"261",592,"Georgia","ukesm1-0-ll","ssp126",NA,8.7189990200153,16.4162670785282
"262",593,"Georgia","ukesm1-0-ll","ssp126",NA,1.92600710838482,17.5212142137312
"263",594,"Georgia","ukesm1-0-ll","ssp126",NA,0.629485356855718,22.9998123648565
"264",595,"Georgia","ukesm1-0-ll","ssp126",NA,3.88358590697631,22.6603676021784
"265",596,"Georgia","ukesm1-0-ll","ssp126",NA,4.91676820012387,23.1763784128911
"266",597,"Georgia","ukesm1-0-ll","ssp126",2,6.48896840269251,23.9135819331209
"267",598,"Georgia","ukesm1-0-ll","ssp126",2,3.31146927677386,25.5354517754285
"268",599,"Georgia","ukesm1-0-ll","ssp126",2,3.65608474476748,25.7533998207665
"269",600,"Georgia","ukesm1-0-ll","ssp126",2,1.09586871468215,27.9329423437973
"270",601,"Georgia","ukesm1-0-ll","ssp126",3.75,0.929351217118826,28.7745168764424
"271",602,"Georgia","ukesm1-0-ll","ssp126",5.5,8.31714963506733,30.1316574429196
"272",603,"Georgia","ukesm1-0-ll","ssp126",5.5,0.438872027523352,26.4771306146433
"273",604,"Georgia","ukesm1-0-ll","ssp126",5.5,3.31539905952062,29.2649931752942
"274",605,"Georgia","ukesm1-0-ll","ssp126",5.5,7.19360861988562,27.5268246112667
"275",606,"Georgia","ukesm1-0-ll","ssp126",8.44097222222222,9.37526915633947,27.5615227281326
"276",607,"Georgia","ukesm1-0-ll","ssp126",8.44097222222222,5.52969462300424,27.4522485913145
"277",608,"Georgia","ukesm1-0-ll","ssp126",8.44097222222222,6.93795371200844,28.1847964529264
"278",609,"Georgia","ukesm1-0-ll","ssp126",8.44097222222222,2.1283938118037,28.3571340934994
"279",610,"Georgia","ukesm1-0-ll","ssp126",8.44097222222222,2.27170694632912,26.4056494317967
"280",611,"Georgia","ukesm1-0-ll","ssp126",NA,0.144986040060424,25.6546065146879
"281",612,"Georgia","ukesm1-0-ll","ssp126",NA,0.128645750908234,27.0341096467001
"282",613,"Georgia","ukesm1-0-ll","ssp126",NA,4.80675821507793,25.0672072181006
"283",614,"Georgia","ukesm1-0-ll","ssp126",0,0.330336119167249,24.516628562798
"284",615,"Georgia","ukesm1-0-ll","ssp126",0,5.56369356044834,22.1696870004871
"285",616,"Georgia","ukesm1-0-ll","ssp126",0,0.00213120554989744,14.3330938528583
"286",617,"Georgia","ukesm1-0-ll","ssp126",0,0.642620846523967,18.1797507814865
"287",618,"Georgia","ukesm1-0-ll","ssp126",0,3.2937040548533,16.1381997318591
"288",619,"Georgia","ukesm1-0-ll","ssp126",0,0.0423857576743213,20.8222309990022
"289",620,"Georgia","ukesm1-0-ll","ssp126",NA,4.78113845689039,13.357549255015
"290",621,"Georgia","ukesm1-0-ll","ssp126",NA,4.36441447132818,7.93334207848914
"291",622,"Georgia","ukesm1-0-ll","ssp126",NA,2.07411491278813,15.1342067141958
"292",623,"Georgia","ukesm1-0-ll","ssp126",NA,0.74086622572939,12.5982276254515
"293",624,"Georgia","ukesm1-0-ll","ssp126",NA,0.175034789670993,10.178900623519
"294",625,"Georgia","ukesm1-0-ll","ssp126",NA,0.793058022791859,6.45175938662806
"295",626,"Georgia","ukesm1-0-ll","ssp126",NA,3.16384669044783,10.9404505575486
"296",627,"Georgia","ukesm1-0-ll","ssp126",NA,6.96043042396031,9.02086909312259
"297",628,"Georgia","ukesm1-0-ll","ssp126",NA,1.0182360121109,1.51634688259809
"298",629,"Georgia","ukesm1-0-ll","ssp126",NA,3.29664390871772,5.64272478169337
"299",630,"Georgia","ukesm1-0-ll","ssp126",NA,2.02296048566337,4.72753838701212
"300",631,"Georgia","ukesm1-0-ll","ssp126",NA,6.22511958683902,2.87567073995056
"301",632,"Georgia","ukesm1-0-ll","ssp126",NA,5.31630579423156,2.68772702453145
"302",633,"Georgia","ukesm1-0-ll","ssp126",NA,2.5283102791088,2.2554218150792
"303",634,"Georgia","ukesm1-0-ll","ssp126",NA,3.85466386920913,7.90824896684815
"304",635,"Georgia","ukesm1-0-ll","ssp126",NA,2.4222591276769,6.10388986252581
"305",636,"Georgia","ukesm1-0-ll","ssp126",NA,0.941791684214246,13.9719839307518
"306",637,"Georgia","ukesm1-0-ll","ssp126",NA,2.49863231356536,10.2091099270046
"307",638,"Georgia","ukesm1-0-ll","ssp126",NA,7.85320349194152,16.4458472046726
"308",639,"Georgia","ukesm1-0-ll","ssp126",NA,1.58586696333743,12.9552440483198
"309",640,"Georgia","ukesm1-0-ll","ssp126",0.125,1.72698281948463,15.5818922878755
"310",641,"Georgia","ukesm1-0-ll","ssp126",0.125,1.2712046795517,16.0516500329856
"311",642,"Georgia","ukesm1-0-ll","ssp126",0.125,0.095298467822343,17.9574985753538
"312",643,"Georgia","ukesm1-0-ll","ssp126",0.125,2.04264923681447,21.430965868786
"313",644,"Georgia","ukesm1-0-ll","ssp126",0.125,3.28489118982126,23.1882181162984
"314",645,"Georgia","ukesm1-0-ll","ssp126",0.492424242424242,5.52542440740665,22.0238284205698
"315",646,"Georgia","ukesm1-0-ll","ssp126",1.22727272727273,2.80163964168135,22.6719060643822
"316",647,"Georgia","ukesm1-0-ll","ssp126",1.22727272727273,1.05131963419273,22.4688869522501
"317",648,"Georgia","ukesm1-0-ll","ssp126",1.22727272727273,1.54652525537639,25.7747638249802
"318",649,"Georgia","ukesm1-0-ll","ssp126",1.86363636363636,3.65121712799256,25.239965805534
"319",650,"Georgia","ukesm1-0-ll","ssp126",2.5,2.87166778809575,26.573110688512
"320",651,"Georgia","ukesm1-0-ll","ssp126",2.5,3.91799012259577,24.4262280332552
"321",652,"Georgia","ukesm1-0-ll","ssp126",2.5,4.30529745617935,28.0457316918177
"322",653,"Georgia","ukesm1-0-ll","ssp126",2.41111111111111,6.28274097896784,28.4024860225059
"323",654,"Georgia","ukesm1-0-ll","ssp126",2.36666666666667,9.73233292011515,27.0985876937756
"324",655,"Georgia","ukesm1-0-ll","ssp126",2.36666666666667,6.2769363750915,26.1641020620129
"325",656,"Georgia","ukesm1-0-ll","ssp126",2.36666666666667,3.20329018500832,27.8562085906761
"326",657,"Georgia","ukesm1-0-ll","ssp126",2.36666666666667,4.90947189666862,27.6508077773863
"327",658,"Georgia","ukesm1-0-ll","ssp126",2.60555555555556,4.47424880484511,28.1149592291068
"328",659,"Georgia","ukesm1-0-ll","ssp126",3.08333333333333,7.20152695327205,27.7520467762797
"329",660,"Georgia","ukesm1-0-ll","ssp126",3.08333333333333,9.99686857319271,26.0890764804499
"330",661,"Georgia","ukesm1-0-ll","ssp126",3.08333333333333,1.79189003395111,28.1551847222354
"331",662,"Georgia","ukesm1-0-ll","ssp126",1.95833333333333,5.64371122047798,26.1025884522076
"332",663,"Georgia","ukesm1-0-ll","ssp126",0.833333333333333,2.49986608798928,26.4609823822687
"333",664,"Georgia","ukesm1-0-ll","ssp126",0.833333333333333,5.93595844046662,26.0347868912445
"334",665,"Georgia","ukesm1-0-ll","ssp126",0.833333333333333,2.12425289690092,22.5138350590667
"335",666,"Georgia","ukesm1-0-ll","ssp126",0.833333333333333,4.22509935130596,21.8074422397568
"336",667,"Georgia","ukesm1-0-ll","ssp126",NA,8.39331087898155,24.0588618638398
"337",668,"Georgia","ukesm1-0-ll","ssp126",NA,9.53374854025026,21.6463564898051
"338",669,"Georgia","ukesm1-0-ll","ssp126",NA,4.1322181769292,21.6527818716786
"339",670,"Georgia","ukesm1-0-ll","ssp126",NA,6.1390413439574,15.0408998609644
"340",671,"Georgia","ukesm1-0-ll","ssp126",0,3.50037452710513,16.1901207727613
"341",672,"Georgia","ukesm1-0-ll","ssp126",0,3.54374035371997,16.5402854494552
"342",673,"Georgia","ukesm1-0-ll","ssp126",0,0.00220654371572821,12.0527847992017
"343",674,"Georgia","ukesm1-0-ll","ssp126",0,0.222809940834154,18.8604271840241
"344",675,"Georgia","ukesm1-0-ll","ssp126",0,2.13010725692716,15.0845564059426
"345",676,"Georgia","ukesm1-0-ll","ssp126",NA,3.3289987569412,8.9907166776652
"346",677,"Georgia","ukesm1-0-ll","ssp126",NA,7.02644844470962,11.9581187246256
"347",678,"Georgia","ukesm1-0-ll","ssp126",NA,0.0209306290900789,11.0339047889128
"348",679,"Georgia","ukesm1-0-ll","ssp126",NA,5.30197752193436,11.2494702827946
"349",680,"Georgia","ukesm1-0-ll","ssp126",NA,4.17787528158451,12.3363146683736
"350",681,"Georgia","ukesm1-0-ll","ssp126",NA,1.81134978848152,8.98560599713549
"351",682,"Georgia","ukesm1-0-ll","ssp126",NA,3.7428431557763,9.20988645950284
"352",683,"Georgia","ukesm1-0-ll","ssp126",NA,4.68835784325153,13.7680967107278
"353",684,"Georgia","ukesm1-0-ll","ssp126",NA,14.4013701323876,8.68444553477918
"354",685,"Georgia","ukesm1-0-ll","ssp126",NA,0.10111352082771,9.95447284476628
"355",686,"Georgia","ukesm1-0-ll","ssp126",NA,4.33304197579709,14.0164114416644
"356",687,"Georgia","ukesm1-0-ll","ssp126",NA,3.20429388771741,9.26848339595614
"357",688,"Georgia","ukesm1-0-ll","ssp126",NA,9.55044697545475,8.65593761786577
"358",689,"Georgia","ukesm1-0-ll","ssp126",NA,7.33228743058688,11.3862966527783
"359",690,"Georgia","ukesm1-0-ll","ssp126",NA,4.56594103751481,12.8709985062068
"360",691,"Georgia","ukesm1-0-ll","ssp126",NA,4.10090154384009,13.3995810541935
"361",692,"Georgia","ukesm1-0-ll","ssp126",NA,12.2011302999367,14.5951263878634
"362",693,"Georgia","ukesm1-0-ll","ssp126",NA,0.90419159846238,15.4262711102604
"363",694,"Georgia","ukesm1-0-ll","ssp126",NA,1.11670378413021,18.5285608625852
"364",695,"Georgia","ukesm1-0-ll","ssp126",NA,0.603206816018442,21.4552019581291
"365",696,"Georgia","ukesm1-0-ll","ssp126",NA,0.489261785298778,23.1053982697883
"366",697,"Georgia","ukesm1-0-ll","ssp126",0.125,0.449642814037934,20.8079257179981
"367",698,"Georgia","ukesm1-0-ll","ssp126",0.125,1.1616231762149,18.8223716163174
"368",699,"Georgia","ukesm1-0-ll","ssp126",0.125,5.56398362104038,24.5714404237761
"369",700,"Georgia","ukesm1-0-ll","ssp126",0.125,1.43494302275024,18.906881071003
"370",701,"Georgia","ukesm1-0-ll","ssp126",0.125,5.74372595743343,21.7310529731954
"371",702,"Georgia","ukesm1-0-ll","ssp126",NA,2.23122682980122,25.6481613765166
"372",703,"Georgia","ukesm1-0-ll","ssp126",NA,0.706450279783575,27.6179893756438
"373",704,"Georgia","ukesm1-0-ll","ssp126",NA,2.16781857270258,29.6623751237705
"374",705,"Georgia","ukesm1-0-ll","ssp126",NA,9.65369329910183,27.5420101037251
"375",706,"Georgia","ukesm1-0-ll","ssp126",3.22222222222222,5.31737243582469,26.7898692872276
"376",707,"Georgia","ukesm1-0-ll","ssp126",3.22222222222222,0.868553546945873,30.0839355616535
"377",708,"Georgia","ukesm1-0-ll","ssp126",3.22222222222222,2.08024976713354,29.6677331365627
"378",709,"Georgia","ukesm1-0-ll","ssp126",3.22222222222222,0.684246374087158,32.3243187560296
"379",710,"Georgia","ukesm1-0-ll","ssp126",3.5,14.2327342105049,29.2273774153961
"380",711,"Georgia","ukesm1-0-ll","ssp126",4.33333333333333,8.57764000461484,27.2330608524942
"381",712,"Georgia","ukesm1-0-ll","ssp126",4.33333333333333,6.55793524837977,26.6136732789564
"382",713,"Georgia","ukesm1-0-ll","ssp126",4.33333333333333,3.68309855381948,27.6130095770515
"383",714,"Georgia","ukesm1-0-ll","ssp126",4.33333333333333,1.74153818737599,24.052256172679
"384",715,"Georgia","ukesm1-0-ll","ssp126",NA,4.68870472242298,26.9055064874294
"385",716,"Georgia","ukesm1-0-ll","ssp126",NA,0.407784122422912,26.5984391605744
"386",717,"Georgia","ukesm1-0-ll","ssp126",NA,1.33365847407179,26.4923207632503
"387",718,"Georgia","ukesm1-0-ll","ssp126",NA,1.87881808963182,21.2201595246804
"388",719,"Georgia","ukesm1-0-ll","ssp126",NA,5.95514493691048,17.6064504843478
"389",720,"Georgia","ukesm1-0-ll","ssp126",NA,0.00171616116069975,16.7147175678847
"390",721,"Georgia","ukesm1-0-ll","ssp126",NA,0.038041849215862,14.2133813310563
"391",722,"Georgia","ukesm1-0-ll","ssp126",NA,0.0593353450967114,11.4399566615927
"392",723,"Georgia","ukesm1-0-ll","ssp126",NA,0.00739902750178291,13.1196579054164
"393",724,"Georgia","ukesm1-0-ll","ssp126",NA,0.00632902832304323,15.6562742934397
"394",725,"Georgia","ukesm1-0-ll","ssp126",NA,0.0437505582778294,11.2948796822799
"395",726,"Georgia","ukesm1-0-ll","ssp126",NA,4.89537911758182,14.6076859967982
"396",727,"Georgia","ukesm1-0-ll","ssp126",NA,0.465804280242866,10.9903395101532
"397",728,"Georgia","ukesm1-0-ll","ssp126",NA,4.48162122629607,17.4365577871508
"398",729,"Georgia","ukesm1-0-ll","ssp126",NA,2.11861243044789,14.4394027758785
"399",730,"Georgia","ukesm1-0-ll","ssp126",NA,2.91722005410497,11.8602413916305
"400",731,"Georgia","ukesm1-0-ll","ssp126",NA,7.18398064956499,6.04175639943219
"401",732,"Georgia","ukesm1-0-ll","ssp126",NA,3.40072342279369,9.09887668545722
"402",733,"Georgia","ukesm1-0-ll","ssp126",NA,0.716958774554363,9.08129676978243
"403",734,"Georgia","ukesm1-0-ll","ssp126",NA,10.1343283043405,10.5084336567841
"404",735,"Georgia","ukesm1-0-ll","ssp126",NA,1.15260187156675,6.66924670101134
"405",736,"Georgia","ukesm1-0-ll","ssp126",0,4.90610128982965,-0.46019529476579
"406",737,"Georgia","ukesm1-0-ll","ssp126",0,4.20260600463343,1.57875001182281
"407",738,"Georgia","ukesm1-0-ll","ssp126",0,10.4618634117882,8.84826005469225
"408",739,"Georgia","ukesm1-0-ll","ssp126",0,5.61752342115587,10.0867578834368
"409",740,"Georgia","ukesm1-0-ll","ssp126",0,3.20789805184582,9.47989219684003
"410",741,"Georgia","ukesm1-0-ll","ssp126",0,1.04443494536751,7.4350795348678
"411",742,"Georgia","ukesm1-0-ll","ssp126",0,3.51007836274238,14.0426098100787
"412",743,"Georgia","ukesm1-0-ll","ssp126",0,1.89576142382343,12.9842774915349
"413",744,"Georgia","ukesm1-0-ll","ssp126",0,3.87500565434923,15.6608075675318
"414",745,"Georgia","ukesm1-0-ll","ssp126",0,1.26992786445881,14.2033436033974
"415",746,"Georgia","ukesm1-0-ll","ssp126",NA,3.24923064688945,17.4031665680661
"416",747,"Georgia","ukesm1-0-ll","ssp126",NA,6.57261017372317,18.2808957832806
"417",748,"Georgia","ukesm1-0-ll","ssp126",NA,4.73446554216312,17.5691622055746
"418",749,"Georgia","ukesm1-0-ll","ssp126",1.91666666666667,0.0534360497095467,18.6218183688333
"419",750,"Georgia","ukesm1-0-ll","ssp126",1.91666666666667,0.461723633915388,22.5988741747692
"420",751,"Georgia","ukesm1-0-ll","ssp126",1.91666666666667,6.87495688952374,22.5333015792884
"421",752,"Georgia","ukesm1-0-ll","ssp126",1.91666666666667,0.82490757974613,23.3940180965544
"422",753,"Georgia","ukesm1-0-ll","ssp126",2.77777777777778,5.14565570778068,22.551984396281
"423",754,"Georgia","ukesm1-0-ll","ssp126",4.5,1.79972804329181,25.4036721439685
"424",755,"Georgia","ukesm1-0-ll","ssp126",4.5,4.09531674034793,23.9187848476752
"425",756,"Georgia","ukesm1-0-ll","ssp126",4.5,4.70847072952082,26.2182672902401
"426",757,"Georgia","ukesm1-0-ll","ssp126",4.5,1.21923174941313,29.7267607829761
"427",758,"Georgia","ukesm1-0-ll","ssp126",3.75,11.387552032595,28.1348676261255
"428",759,"Georgia","ukesm1-0-ll","ssp126",3.375,8.86731839047711,25.6480303822072
"429",760,"Georgia","ukesm1-0-ll","ssp126",3.375,6.72910348354205,26.0414759305719
"430",761,"Georgia","ukesm1-0-ll","ssp126",3.375,1.00141960296633,27.9158037310363
"431",762,"Georgia","ukesm1-0-ll","ssp126",3.56666666666667,4.94741768658372,28.9152110397672
"432",763,"Georgia","ukesm1-0-ll","ssp126",3.69444444444444,2.31876561590949,25.4636844810505
"433",764,"Georgia","ukesm1-0-ll","ssp126",3.69444444444444,1.04517251991453,25.0637706839721
"434",765,"Georgia","ukesm1-0-ll","ssp126",3.69444444444444,4.28933959361754,26.8710658482143
"435",766,"Georgia","ukesm1-0-ll","ssp126",3.69444444444444,5.11076439667746,26.5319002830376
"436",767,"Georgia","ukesm1-0-ll","ssp126",1.625,1.90123367128609,26.7200281471086
"437",768,"Georgia","ukesm1-0-ll","ssp126",1.625,0.727422551112983,25.1213043730138
"438",769,"Georgia","ukesm1-0-ll","ssp126",1.625,6.27437843958769,24.6314846823926
"439",770,"Georgia","ukesm1-0-ll","ssp126",1.625,9.10421930952455,19.8321500986021
"440",771,"Georgia","ukesm1-0-ll","ssp126",1.08333333333333,0.000274293983872973,18.2217069833677
"441",772,"Georgia","ukesm1-0-ll","ssp126",0,10.3622117084031,18.9913268304045
"442",773,"Georgia","ukesm1-0-ll","ssp126",0,0.462785334821973,19.4788885158142
"443",774,"Georgia","ukesm1-0-ll","ssp126",0,2.68479326248331,15.816918354173
"444",775,"Georgia","ukesm1-0-ll","ssp126",0,0.00264403610846837,18.6673698074304
"445",776,"Georgia","ukesm1-0-ll","ssp126",NA,1.53185965745262,17.4496218953635
"446",777,"Georgia","ukesm1-0-ll","ssp126",NA,0.497218909738531,18.3972433907645
"447",778,"Georgia","ukesm1-0-ll","ssp126",NA,15.4417792976942,16.4836464977929
"448",779,"Georgia","ukesm1-0-ll","ssp126",NA,2.54486673205544,12.8828830365024
"449",780,"Georgia","ukesm1-0-ll","ssp126",NA,3.82315166143281,12.2514527191444
"450",781,"Georgia","ukesm1-0-ll","ssp126",NA,8.04398211037873,12.5477732791395
"451",782,"Georgia","ukesm1-0-ll","ssp126",NA,0.0687451995817367,7.09173843122441
"452",783,"Georgia","ukesm1-0-ll","ssp126",NA,6.94656851986646,16.0899897044961
"453",784,"Georgia","ukesm1-0-ll","ssp126",NA,2.82293007073613,10.8042523941796
"454",785,"Georgia","ukesm1-0-ll","ssp126",NA,5.37898349620665,9.5509699380086
"455",786,"Georgia","ukesm1-0-ll","ssp126",NA,8.31051697841443,14.1151570666741
"456",787,"Georgia","ukesm1-0-ll","ssp126",NA,7.91937234780148,11.8520860944476
"457",788,"Georgia","ukesm1-0-ll","ssp126",NA,0.255545830102104,12.375386578391
"458",789,"Georgia","ukesm1-0-ll","ssp126",NA,0.060490352692214,16.4965054868687
"459",790,"Georgia","ukesm1-0-ll","ssp126",NA,14.8526681260979,12.8505690296244
"460",791,"Georgia","ukesm1-0-ll","ssp126",NA,4.36686053150474,10.8795884361964
"461",792,"Georgia","ukesm1-0-ll","ssp126",NA,1.02863072133103,10.98866066282
"462",793,"Georgia","ukesm1-0-ll","ssp126",NA,1.019601574577,17.2311434116288
"463",794,"Georgia","ukesm1-0-ll","ssp126",NA,0.648840616053202,11.5633059538445
"464",795,"Georgia","ukesm1-0-ll","ssp126",NA,8.9234388427301,16.130181952257
"465",796,"Georgia","ukesm1-0-ll","ssp126",NA,0.0963639374630022,14.3112555321655
"466",797,"Georgia","ukesm1-0-ll","ssp126",NA,0.941940815447438,14.0225676235183
"467",798,"Georgia","ukesm1-0-ll","ssp126",NA,9.14288942776811,16.9048168679942
"468",799,"Georgia","ukesm1-0-ll","ssp126",NA,0.49712629127348,21.9985894603647
"469",800,"Georgia","ukesm1-0-ll","ssp126",NA,0.157276250717576,20.0093504779514
"470",801,"Georgia","ukesm1-0-ll","ssp126",2.125,3.7698884679752,21.6104668642649
"471",802,"Georgia","ukesm1-0-ll","ssp126",2.125,1.66540027434558,20.9628875510745
"472",803,"Georgia","ukesm1-0-ll","ssp126",2.125,4.82959801680831,23.5759621978095
"473",804,"Georgia","ukesm1-0-ll","ssp126",2.125,8.11603276588115,23.5344589565915
"474",805,"Georgia","ukesm1-0-ll","ssp126",2.125,18.6328689024074,24.4339770596484
"475",806,"Georgia","ukesm1-0-ll","ssp126",5.25,4.79717336243557,24.2129794732711
"476",807,"Georgia","ukesm1-0-ll","ssp126",5.25,1.89910623892449,27.4975745101818
"477",808,"Georgia","ukesm1-0-ll","ssp126",5.25,3.36723706875749,27.6149185143718
"478",809,"Georgia","ukesm1-0-ll","ssp126",5.25,4.04903791514097,27.7260092968514
"479",810,"Georgia","ukesm1-0-ll","ssp126",7.13333333333333,5.6034783366451,27.3976689003859
"480",811,"Georgia","ukesm1-0-ll","ssp126",8.075,0.223504274502487,30.1130755630013
"481",812,"Georgia","ukesm1-0-ll","ssp126",8.075,8.58246753233436,28.1115521225456
"482",813,"Georgia","ukesm1-0-ll","ssp126",8.075,4.06934206413752,27.6043279541607
"483",814,"Georgia","ukesm1-0-ll","ssp126",8.075,2.99020382856881,27.4039372700467
"484",815,"Georgia","ukesm1-0-ll","ssp126",NA,4.91724018790139,27.337635746932
"485",816,"Georgia","ukesm1-0-ll","ssp126",NA,0.0636120239941033,30.2388199007626
"486",817,"Georgia","ukesm1-0-ll","ssp126",NA,0.565196749595278,28.7513949867563
"487",818,"Georgia","ukesm1-0-ll","ssp126",NA,6.89443648532932,26.416734404432
"488",819,"Georgia","ukesm1-0-ll","ssp126",2.33333333333333,0.667551722306083,24.6255831887012
"489",820,"Georgia","ukesm1-0-ll","ssp126",2.33333333333333,0.146621990415181,24.6630925434842
"490",821,"Georgia","ukesm1-0-ll","ssp126",2.33333333333333,0.688517254240417,23.8793195599794
"491",822,"Georgia","ukesm1-0-ll","ssp126",2.33333333333333,0.503784513436979,23.1410311424126
"492",823,"Georgia","ukesm1-0-ll","ssp126",2.33333333333333,0.749577017895343,21.0015573866431
"493",824,"Georgia","ukesm1-0-ll","ssp126",NA,0.0250646264733432,20.8843772605295
"494",825,"Georgia","ukesm1-0-ll","ssp126",NA,0.234590620197167,20.9710824487889
"495",826,"Georgia","ukesm1-0-ll","ssp126",NA,0.447581639705283,18.3661426830669
"496",827,"Georgia","ukesm1-0-ll","ssp126",NA,2.06104324771295,14.926134187543
"497",828,"Georgia","ukesm1-0-ll","ssp126",NA,0.572064184617636,14.6885863129128
"498",829,"Georgia","ukesm1-0-ll","ssp126",NA,2.17270992441078,11.9724968578325
"499",830,"Georgia","ukesm1-0-ll","ssp126",NA,0.0579447800061267,15.1187979607894
"500",831,"Georgia","ukesm1-0-ll","ssp126",NA,0.0015949421239364,10.9755727732404
"501",832,"Georgia","ukesm1-0-ll","ssp126",NA,1.10593318268254,13.9836533014954
"502",833,"Georgia","ukesm1-0-ll","ssp126",NA,2.07299034375426,13.946915937381
"503",834,"Georgia","ukesm1-0-ll","ssp126",NA,4.68309825569901,13.8145588158799
"504",835,"Georgia","ukesm1-0-ll","ssp126",NA,4.47964613759521,10.486503792922
"505",836,"Georgia","ukesm1-0-ll","ssp126",0,4.8460307822608,15.9914757975655
"506",837,"Georgia","ukesm1-0-ll","ssp126",0,5.25276727575065,11.2479970271593
"507",838,"Georgia","ukesm1-0-ll","ssp126",0,7.81500380098299,13.7062980448652
"508",839,"Georgia","ukesm1-0-ll","ssp126",0,17.0709281544582,12.6866450940149
"509",840,"Georgia","ukesm1-0-ll","ssp126",0,6.39057870048375,9.05170508285414
"510",841,"Georgia","ukesm1-0-ll","ssp126",0,9.11535855726606,13.0357869515408
"511",842,"Georgia","ukesm1-0-ll","ssp126",0,2.23713190034048,9.48696658524707
"512",843,"Georgia","ukesm1-0-ll","ssp126",0,1.76289647824976,11.1373774567759
"513",844,"Georgia","ukesm1-0-ll","ssp126",0,10.2677628238188,13.2107737100153
"514",845,"Georgia","ukesm1-0-ll","ssp126",0.0125,2.11917190866807,4.19234153618249
"515",846,"Georgia","ukesm1-0-ll","ssp126",0.025,1.8916934997366,5.72315889594055
"516",847,"Georgia","ukesm1-0-ll","ssp126",0.025,3.81700564547218,13.3708267322753
"517",848,"Georgia","ukesm1-0-ll","ssp126",0.025,14.0291986736556,14.5462362294047
"518",849,"Georgia","ukesm1-0-ll","ssp126",0.175961538461538,2.37334686432293,13.9364296975494
"519",850,"Georgia","ukesm1-0-ll","ssp126",0.326923076923077,5.56326534759965,17.5595059078485
"520",851,"Georgia","ukesm1-0-ll","ssp126",0.326923076923077,2.68350673377559,15.0574049979665
"521",852,"Georgia","ukesm1-0-ll","ssp126",0.326923076923077,2.75118542630156,17.6995159010622
"522",853,"Georgia","ukesm1-0-ll","ssp126",0.453461538461538,8.15967115050597,15.6830057435117
"523",854,"Georgia","ukesm1-0-ll","ssp126",0.58,0.408364702059454,16.9759682126542
"524",855,"Georgia","ukesm1-0-ll","ssp126",0.58,0.263582019715283,22.6366188030844
"525",856,"Georgia","ukesm1-0-ll","ssp126",0.58,0.574863832538029,23.3606017179697
"526",857,"Georgia","ukesm1-0-ll","ssp126",0.58,9.62455506878123,23.3604436620385
"527",858,"Georgia","ukesm1-0-ll","ssp126",1.42741071428571,0.0289824886210026,23.7113692091972
"528",859,"Georgia","ukesm1-0-ll","ssp126",1.5484693877551,12.8641232599913,25.4807629453645
"529",860,"Georgia","ukesm1-0-ll","ssp126",1.5484693877551,5.57414477605135,26.0714785522757
"530",861,"Georgia","ukesm1-0-ll","ssp126",1.5484693877551,3.74891070207573,27.2252023175034
"531",862,"Georgia","ukesm1-0-ll","ssp126",1.94543712221731,2.96719362352437,26.3558945478019
"532",863,"Georgia","ukesm1-0-ll","ssp126",2.22331453634085,3.50283345489766,26.5138787294993
"533",864,"Georgia","ukesm1-0-ll","ssp126",2.22331453634085,6.4433155195236,27.7126292969932
"534",865,"Georgia","ukesm1-0-ll","ssp126",2.22331453634085,13.5418311281207,26.5372607362761
"535",866,"Georgia","ukesm1-0-ll","ssp126",2.22331453634085,3.5555041542162,27.4488874458516
"536",867,"Georgia","ukesm1-0-ll","ssp126",3.84615384615385,0.100919517461225,29.9683762076981
"537",868,"Georgia","ukesm1-0-ll","ssp126",3.84615384615385,1.55196603528868,30.6790137782801
"538",869,"Georgia","ukesm1-0-ll","ssp126",3.84615384615385,2.02175927750269,28.6129905866942
"539",870,"Georgia","ukesm1-0-ll","ssp126",3.84615384615385,0.295319283459079,28.5399310613083
"540",871,"Georgia","ukesm1-0-ll","ssp126",3.64956293706294,0.657554288748435,28.3157491540793
"541",872,"Georgia","ukesm1-0-ll","ssp126",3.54370629370629,5.20600540226779,27.3473015219479
"542",873,"Georgia","ukesm1-0-ll","ssp126",3.54370629370629,1.1278294929317,24.5807263390493
"543",874,"Georgia","ukesm1-0-ll","ssp126",3.54370629370629,1.4133223271174,22.9158912935788
"544",875,"Georgia","ukesm1-0-ll","ssp126",3.31882120437108,11.8461733121731,22.7366856461865
"545",876,"Georgia","ukesm1-0-ll","ssp126",3.02647058823529,2.18355538591464,21.481312631233
"546",877,"Georgia","ukesm1-0-ll","ssp126",3.02647058823529,6.08215618741065,18.8511578945502
"547",878,"Georgia","ukesm1-0-ll","ssp126",3.02647058823529,1.35612721725664,15.8499848520496
"548",879,"Georgia","ukesm1-0-ll","ssp126",3.02647058823529,3.46914252789822,13.6840477008219
"549",880,"Georgia","ukesm1-0-ll","ssp126",2.53073937908497,9.78564773103537,13.7068235679054
"550",881,"Georgia","ukesm1-0-ll","ssp126",0.0520833333333333,0.00247913288195239,7.43897255812086
"551",882,"Georgia","ukesm1-0-ll","ssp126",0.0520833333333333,5.86299655020218,12.6127362489123
"552",883,"Georgia","ukesm1-0-ll","ssp126",0.0520833333333333,3.03566064667261,14.1207305982096
"553",884,"Georgia","ukesm1-0-ll","ssp126",0.0347222222222222,2.75652662430003,10.6688567450203
"554",885,"Georgia","ukesm1-0-ll","ssp126",0,10.5709180245121,7.81299259656857
"555",886,"Georgia","ukesm1-0-ll","ssp126",0,5.59918909014438,5.91095306174809
"556",887,"Georgia","ukesm1-0-ll","ssp126",0,3.71588174287158,10.7544525663732
"557",888,"Georgia","ukesm1-0-ll","ssp126",0,0.301573965639991,8.86987462817326
"558",889,"Georgia","ukesm1-0-ll","ssp126",0,0.607322119249675,13.4961427702454
"559",890,"Georgia","ukesm1-0-ll","ssp126",0,4.72580954251575,16.7403193808641
"560",891,"Georgia","ukesm1-0-ll","ssp126",0,1.70889286294415,12.3975672982796
"561",892,"Georgia","ukesm1-0-ll","ssp126",0,4.62477182468925,10.827913401606
"562",893,"Georgia","ukesm1-0-ll","ssp126",0,2.39618185225688,14.9321937394777
"563",894,"Georgia","ukesm1-0-ll","ssp126",0,5.91437986230373,8.36184318487063
"564",895,"Georgia","ukesm1-0-ll","ssp126",0,11.3525486172867,12.1504986853057
"565",896,"Georgia","ukesm1-0-ll","ssp126",0,7.35824721758577,9.78651900395356
"566",897,"Georgia","ukesm1-0-ll","ssp126",0,4.1583683970231,14.7907186808367
"567",898,"Georgia","ukesm1-0-ll","ssp126",0,0.475085431003924,16.0264337202539
"568",899,"Georgia","ukesm1-0-ll","ssp126",0,0.868372339202112,14.9123301212782
"569",900,"Georgia","ukesm1-0-ll","ssp126",0,2.12918021199902,11.8504529606632
"570",901,"Georgia","ukesm1-0-ll","ssp126",0.103174603174603,4.34399138417976,16.8554033847467
"571",902,"Georgia","ukesm1-0-ll","ssp126",0.144444444444444,4.76367482273193,19.832627813233
"572",903,"Georgia","ukesm1-0-ll","ssp126",0.144444444444444,0.561406532174139,17.7051832296081
"573",904,"Georgia","ukesm1-0-ll","ssp126",0.144444444444444,2.36580739801778,17.6473722222354
"574",905,"Georgia","ukesm1-0-ll","ssp126",0.144444444444444,0.922603502439708,20.4517485611664
"575",906,"Georgia","ukesm1-0-ll","ssp126",0.5555,1.46367161345746,21.013676264211
"576",907,"Georgia","ukesm1-0-ll","ssp126",0.5555,1.50458854035865,24.6153299474832
"577",908,"Georgia","ukesm1-0-ll","ssp126",0.5555,1.42824623003556,21.3307923249991
"578",909,"Georgia","ukesm1-0-ll","ssp126",0.5555,0.0220363182648884,23.3417024700174
"579",910,"Georgia","ukesm1-0-ll","ssp126",1.23845695970696,4.67445091220478,25.5020967275698
"580",911,"Georgia","ukesm1-0-ll","ssp126",1.61787749287749,9.76108097379845,25.8648927998023
"581",912,"Georgia","ukesm1-0-ll","ssp126",1.61787749287749,4.16925766583134,25.4272131672783
"582",913,"Georgia","ukesm1-0-ll","ssp126",1.61787749287749,2.42500053178274,25.8974169271622
"583",914,"Georgia","ukesm1-0-ll","ssp126",3.20456259426848,11.977849594077,25.8695899205982
"584",915,"Georgia","ukesm1-0-ll","ssp126",4.98958333333333,3.99458080946957,25.9317908778895
"585",916,"Georgia","ukesm1-0-ll","ssp126",4.98958333333333,1.28234654360953,28.2274148049713
"586",917,"Georgia","ukesm1-0-ll","ssp126",4.98958333333333,5.49135832553358,28.8397143200004
"587",918,"Georgia","ukesm1-0-ll","ssp126",4.98958333333333,14.439121045085,26.5494225453523
"588",919,"Georgia","ukesm1-0-ll","ssp126",5.49332682291667,0.517173261061861,29.0026350340024
"589",920,"Georgia","ukesm1-0-ll","ssp126",5.9970703125,3.13506806539274,27.4168931272936
"590",921,"Georgia","ukesm1-0-ll","ssp126",5.9970703125,4.52409252426617,28.6542321008863
"591",922,"Georgia","ukesm1-0-ll","ssp126",5.9970703125,8.32537911492952,26.9097226048209
"592",923,"Georgia","ukesm1-0-ll","ssp126",4.58046875,3.10535490913713,26.8333316387334
"593",924,"Georgia","ukesm1-0-ll","ssp126",2.69166666666667,0.0357552210311786,28.8209582755987
"594",925,"Georgia","ukesm1-0-ll","ssp126",2.69166666666667,2.7131571097128,26.7770397121624
"595",926,"Georgia","ukesm1-0-ll","ssp126",2.69166666666667,1.04341472220507,23.6722856498515
"596",927,"Georgia","ukesm1-0-ll","ssp126",2.80612244897959,1.10570185926706,21.7452771202993
"597",928,"Georgia","ukesm1-0-ll","ssp126",2.95873015873016,7.38828865986944,21.4615523885584
"598",929,"Georgia","ukesm1-0-ll","ssp126",2.95873015873016,0.040899719328385,14.9938640751504
"599",930,"Georgia","ukesm1-0-ll","ssp126",2.95873015873016,0.00232624255390511,13.5274465639424
"600",931,"Georgia","ukesm1-0-ll","ssp126",2.95873015873016,0,14.0502738601648
"601",932,"Georgia","ukesm1-0-ll","ssp126",1.62330827067669,3.60048419106423,19.8108010206615
"602",933,"Georgia","ukesm1-0-ll","ssp126",0.421428571428571,4.38035581532033,14.8547763334926
"603",934,"Georgia","ukesm1-0-ll","ssp126",0.421428571428571,1.88867666782962,14.7950269057156
"604",935,"Georgia","ukesm1-0-ll","ssp126",0.421428571428571,0.31319390503198,13.6686832455688
"605",936,"Georgia","ukesm1-0-ll","ssp126",0.292063492063492,0.107744114466979,13.6336356913495
"606",937,"Georgia","ukesm1-0-ll","ssp126",0.0333333333333333,2.58406885887025,14.3066772313153
"607",938,"Georgia","ukesm1-0-ll","ssp126",0.0333333333333333,0.258876741650794,8.84182535314678
"608",939,"Georgia","ukesm1-0-ll","ssp126",0.0333333333333333,2.00425924887309,14.7793433090099
"609",940,"Georgia","ukesm1-0-ll","ssp126",0.0333333333333333,1.16659123300858,9.67428865224919
"610",941,"Georgia","ukesm1-0-ll","ssp126",1.234375,0.674851422125745,8.67670870358375
"611",942,"Georgia","ukesm1-0-ll","ssp126",1.234375,3.54386315995404,9.36575379452465
"612",943,"Georgia","ukesm1-0-ll","ssp126",1.234375,3.67556760558538,9.56915699956495
"613",944,"Georgia","ukesm1-0-ll","ssp126",1.234375,0.460463927884473,2.50980356137922
"614",945,"Georgia","ukesm1-0-ll","ssp126",1.01145833333333,3.90956965901493,8.48946695766498
"615",946,"Georgia","ukesm1-0-ll","ssp126",0.9,2.36563237305336,10.0477205068667
"616",947,"Georgia","ukesm1-0-ll","ssp126",0.9,4.21450220972421,12.0802565309095
"617",948,"Georgia","ukesm1-0-ll","ssp126",0.9,0.00912715850305488,5.92039681127518
"618",949,"Georgia","ukesm1-0-ll","ssp126",0.82463768115942,6.99882212287397,13.3275570922556
"619",950,"Georgia","ukesm1-0-ll","ssp126",0.673913043478261,5.40347253251747,14.3779803333791
"620",951,"Georgia","ukesm1-0-ll","ssp126",0.673913043478261,6.94380180689344,16.9831584644087
"621",952,"Georgia","ukesm1-0-ll","ssp126",0.673913043478261,3.76909344080467,14.9219704985908
"622",953,"Georgia","ukesm1-0-ll","ssp126",0.256441223832528,5.32686157838446,16.1093208663978
"623",954,"Georgia","ukesm1-0-ll","ssp126",0.117283950617284,6.45847961025012,20.0729255879474
"624",955,"Georgia","ukesm1-0-ll","ssp126",0.117283950617284,1.53436435256928,20.2193232871141
"625",956,"Georgia","ukesm1-0-ll","ssp126",0.117283950617284,1.13617110656173,16.8938086114842
"626",957,"Georgia","ukesm1-0-ll","ssp126",0.117283950617284,4.30131987793833,20.3234633032404
"627",958,"Georgia","ukesm1-0-ll","ssp126",0.182148747938222,1.42710024517149,19.1257442742226
"628",959,"Georgia","ukesm1-0-ll","ssp126",0.209947946790052,0.75509223006388,23.1630598091329
"629",960,"Georgia","ukesm1-0-ll","ssp126",0.209947946790052,0.237419719952054,24.4328290666853
"630",961,"Georgia","ukesm1-0-ll","ssp126",0.209947946790052,4.49858208854058,26.1099740016836
"631",962,"Georgia","ukesm1-0-ll","ssp126",2.4165104267078,0.424762232956956,26.6584852758967
"632",963,"Georgia","ukesm1-0-ll","ssp126",3.51979166666667,5.46610045875314,27.7325316348319
"633",964,"Georgia","ukesm1-0-ll","ssp126",3.51979166666667,0.04696440770318,25.6133607878235
"634",965,"Georgia","ukesm1-0-ll","ssp126",3.51979166666667,1.33116913814446,29.3220132379786
"635",966,"Georgia","ukesm1-0-ll","ssp126",3.30278897849462,1.16330507649195,30.315277572521
"636",967,"Georgia","ukesm1-0-ll","ssp126",3.12408088235294,2.55819009500961,28.8959033882936
"637",968,"Georgia","ukesm1-0-ll","ssp126",3.12408088235294,1.64758181019999,31.3210462814959
"638",969,"Georgia","ukesm1-0-ll","ssp126",3.12408088235294,2.62467415661165,30.3526398074541
"639",970,"Georgia","ukesm1-0-ll","ssp126",3.12408088235294,3.66448913669432,29.0140215635877
"640",971,"Georgia","ukesm1-0-ll","ssp126",8.45649113787701,3.31901110586431,27.7664493736286
"641",972,"Georgia","ukesm1-0-ll","ssp126",12.9890398550725,2.69567281741511,29.9879310293868
"642",973,"Georgia","ukesm1-0-ll","ssp126",12.9890398550725,2.77672011588309,30.7772763896508
"643",974,"Georgia","ukesm1-0-ll","ssp126",12.9890398550725,0.964151507641278,29.9667155489795
"644",975,"Georgia","ukesm1-0-ll","ssp126",6.64001944149876,2.49898395748231,28.4749906895525
"645",976,"Georgia","ukesm1-0-ll","ssp126",0.593333333333333,5.12332630531677,27.7901425414744
"646",977,"Georgia","ukesm1-0-ll","ssp126",0.593333333333333,0.817000851206429,23.9202227206842
"647",978,"Georgia","ukesm1-0-ll","ssp126",0.593333333333333,0.276197308737384,26.1553264479372
"648",979,"Georgia","ukesm1-0-ll","ssp126",0.593333333333333,0.94540280823894,22.5671714357834
"649",980,"Georgia","ukesm1-0-ll","ssp126",0.554480286738351,0.0725831982527311,19.2192018079412
"650",981,"Georgia","ukesm1-0-ll","ssp126",0.554480286738351,2.76821612194547,15.9315923289006
"651",982,"Georgia","ukesm1-0-ll","ssp126",0.554480286738351,0.114220030682675,18.0616532221834
"652",983,"Georgia","ukesm1-0-ll","ssp126",0.554480286738351,0.0264408371331493,16.1324408505789
"653",984,"Georgia","ukesm1-0-ll","ssp126",0.446917562724014,1.15065436162501,20.2056950825467
"654",985,"Georgia","ukesm1-0-ll","ssp126",0.0166666666666667,1.06769674823345,13.2898439421204
"655",986,"Georgia","ukesm1-0-ll","ssp126",0.0166666666666667,9.66527340503465,11.4414883740589
"656",987,"Georgia","ukesm1-0-ll","ssp126",0.0166666666666667,1.22270532760911,10.4279079040084
"657",988,"Georgia","ukesm1-0-ll","ssp126",0.0125,4.82525682520522,10.0887295554395
"658",989,"Georgia","ukesm1-0-ll","ssp126",0,8.68780750886702,12.3148840213804
"659",990,"Georgia","ukesm1-0-ll","ssp126",0,0.973155461110268,9.32859845842636
"660",991,"Georgia","ukesm1-0-ll","ssp126",0,6.40873425286868,7.29058885181789
"661",992,"Georgia","ukesm1-0-ll","ssp126",0,0.0277389504717179,4.58398492180409
"662",993,"Georgia","ukesm1-0-ll","ssp126",0,7.93674507432373,10.6139916075922
"663",994,"Georgia","ukesm1-0-ll","ssp126",0,3.16071778934135,8.38981627679046
"664",995,"Georgia","ukesm1-0-ll","ssp126",0,2.78357292794082,12.9440954471616
"665",996,"Georgia","ukesm1-0-ll","ssp126",0,9.50046809542824,12.375977257089
"666",997,"Georgia","ukesm1-0-ll","ssp126",0.2,8.54901124671249,9.99569158300074
"667",998,"Georgia","ukesm1-0-ll","ssp126",0.5,0.368457214809775,11.1067140888648
"668",999,"Georgia","ukesm1-0-ll","ssp126",0.5,15.7670212438465,15.7583901467681
"669",1000,"Georgia","ukesm1-0-ll","ssp126",0.5,7.55092526255167,12.2020128744278
"670",1001,"Georgia","ukesm1-0-ll","ssp126",0.135416666666667,0.010849843143114,11.3049384682866
"671",1002,"Georgia","ukesm1-0-ll","ssp126",0.0138888888888889,0.300292985384636,11.7950828422935
"672",1003,"Georgia","ukesm1-0-ll","ssp126",0.0138888888888889,4.91858609759669,15.9314012430482
"673",1004,"Georgia","ukesm1-0-ll","ssp126",0.0138888888888889,8.65847583703171,18.679422772941
"674",1005,"Georgia","ukesm1-0-ll","ssp126",0.0138888888888889,14.5465893202657,19.9849349125823
"675",1006,"Georgia","ukesm1-0-ll","ssp126",0.456478605935128,0.331245006851558,13.4612804643756
"676",1007,"Georgia","ukesm1-0-ll","ssp126",0.456478605935128,7.05274279384569,17.1686927776937
"677",1008,"Georgia","ukesm1-0-ll","ssp126",0.456478605935128,0.300410597943267,14.812650326782
"678",1009,"Georgia","ukesm1-0-ll","ssp126",0.456478605935128,4.01978056525452,18.2586799529217
"679",1010,"Georgia","ukesm1-0-ll","ssp126",1.06830264714581,2.22852227327946,19.8970656424978
"680",1011,"Georgia","ukesm1-0-ll","ssp126",1.35811403508772,0.00239417492679814,20.2567521730289
"681",1012,"Georgia","ukesm1-0-ll","ssp126",1.35811403508772,0.459679693381462,24.0542409975362
"682",1013,"Georgia","ukesm1-0-ll","ssp126",1.35811403508772,1.99955085549284,24.9758643937746
"683",1014,"Georgia","ukesm1-0-ll","ssp126",1.45744047619048,0.879629015585245,27.0696743944367
"684",1015,"Georgia","ukesm1-0-ll","ssp126",1.53292857142857,1.99093236543017,26.7625759318724
"685",1016,"Georgia","ukesm1-0-ll","ssp126",1.53292857142857,9.54404265735596,26.1302957530172
"686",1017,"Georgia","ukesm1-0-ll","ssp126",1.53292857142857,7.64580589193802,27.4151030829109
"687",1018,"Georgia","ukesm1-0-ll","ssp126",1.53292857142857,4.99705944824643,26.89835558284
"688",1019,"Georgia","ukesm1-0-ll","ssp126",2.54930555555556,5.73856913367637,28.1702177698907
"689",1020,"Georgia","ukesm1-0-ll","ssp126",2.54930555555556,7.50783723105072,26.7287152380401
"690",1021,"Georgia","ukesm1-0-ll","ssp126",2.54930555555556,9.67116234588165,27.6747161200203
"691",1022,"Georgia","ukesm1-0-ll","ssp126",2.54930555555556,5.84965332980146,28.2706600604854
"692",1023,"Georgia","ukesm1-0-ll","ssp126",2.01898688046647,8.20121896049342,27.2722039691473
"693",1024,"Georgia","ukesm1-0-ll","ssp126",1.65324986316366,12.1532709842217,25.7760976574323
"694",1025,"Georgia","ukesm1-0-ll","ssp126",1.65324986316366,3.10034300258602,27.6085012514424
"695",1026,"Georgia","ukesm1-0-ll","ssp126",1.65324986316366,3.10887042552381,26.7385155185949
"696",1027,"Georgia","ukesm1-0-ll","ssp126",2.21627445551864,2.18857509729651,24.7503849352821
"697",1028,"Georgia","ukesm1-0-ll","ssp126",3.38253968253968,9.79877467236279,25.3407740853889
"698",1029,"Georgia","ukesm1-0-ll","ssp126",3.38253968253968,1.53707046519787,25.2994787036074
"699",1030,"Georgia","ukesm1-0-ll","ssp126",3.38253968253968,0.525368325683298,24.1982312070833
"700",1031,"Georgia","ukesm1-0-ll","ssp126",3.38253968253968,7.15526049854693,23.6343861429801
"701",1032,"Georgia","ukesm1-0-ll","ssp126",2.92121212121212,1.45239541485379,22.2320964083545
"702",1033,"Georgia","ukesm1-0-ll","ssp126",2.11388888888889,3.99873269208567,16.457392539701
"703",1034,"Georgia","ukesm1-0-ll","ssp126",2.11388888888889,4.72630990577028,18.3023216413817
"704",1035,"Georgia","ukesm1-0-ll","ssp126",2.11388888888889,1.25295913647842,16.5603567054139
"705",1036,"Georgia","ukesm1-0-ll","ssp126",2.17925925925926,1.13725219426619,14.3082721257614
"706",1037,"Georgia","ukesm1-0-ll","ssp126",2.25396825396825,1.91774856299497,14.0580619756593
"707",1038,"Georgia","ukesm1-0-ll","ssp126",2.25396825396825,9.4578911514483,12.1453704021168
"708",1039,"Georgia","ukesm1-0-ll","ssp126",2.25396825396825,7.15098896446918,10.1409658953872
"709",1040,"Georgia","ukesm1-0-ll","ssp126",2.25396825396825,0.194921344612914,11.9687580099406
"710",1041,"Georgia","ukesm1-0-ll","ssp126",NA,5.93378997556227,8.46991014088039
"711",1042,"Georgia","ukesm1-0-ll","ssp126",NA,0.263162118355057,9.04180948105045
"712",1043,"Georgia","ukesm1-0-ll","ssp126",NA,0.884423010546931,7.92262644178933
"713",1044,"Georgia","ukesm1-0-ll","ssp126",NA,0.203864355696827,8.13932829111023
"714",1045,"Georgia","ukesm1-0-ll","ssp126",NA,1.66119048536633,11.8652139363508
"715",1046,"Georgia","ukesm1-0-ll","ssp126",NA,2.03841637458709,11.0328025836344
"716",1047,"Georgia","ukesm1-0-ll","ssp126",NA,3.44053535181097,10.9804865876353
"717",1048,"Georgia","ukesm1-0-ll","ssp126",NA,2.39542159691157,10.7420891048256
"718",1049,"Georgia","ukesm1-0-ll","ssp126",NA,0.592043487328581,7.71331760508099
"719",1050,"Georgia","ukesm1-0-ll","ssp126",NA,4.06670043778657,11.14821149258
"720",1051,"Georgia","ukesm1-0-ll","ssp126",NA,1.93433967589962,9.44745814436575
"721",1052,"Georgia","ukesm1-0-ll","ssp126",NA,3.15156596552961,7.83882524615052
"722",1053,"Georgia","ukesm1-0-ll","ssp126",NA,0.423484331890387,8.35089106894581
"723",1054,"Georgia","ukesm1-0-ll","ssp126",NA,1.5748071180034,16.6419463002942
"724",1055,"Georgia","ukesm1-0-ll","ssp126",NA,8.63285168941478,19.1537850516183
"725",1056,"Georgia","ukesm1-0-ll","ssp126",NA,1.12833919259639,10.2381030509894
"726",1057,"Georgia","ukesm1-0-ll","ssp126",NA,5.92504088463784,13.8530866350447
"727",1058,"Georgia","ukesm1-0-ll","ssp126",NA,3.1777806321224,17.7019559772482
"728",1059,"Georgia","ukesm1-0-ll","ssp126",NA,6.53805575552008,17.7032192424192
"729",1060,"Georgia","ukesm1-0-ll","ssp126",NA,1.33773732240386,18.4699602399554
"730",1061,"Georgia","ukesm1-0-ll","ssp126",NA,0.0351771686934205,19.9767154869098
"731",1062,"Georgia","ukesm1-0-ll","ssp126",NA,0.503543603112821,23.8924835722325
"732",1063,"Georgia","ukesm1-0-ll","ssp126",NA,0.859208037098398,24.5996892822857
"733",1064,"Georgia","ukesm1-0-ll","ssp126",NA,1.0821712066032,24.7484637318166
"734",1065,"Georgia","ukesm1-0-ll","ssp126",NA,4.55812684267585,25.0631356523343
"735",1066,"Georgia","ukesm1-0-ll","ssp126",NA,7.6402277021916,24.518184737605
"736",1067,"Georgia","ukesm1-0-ll","ssp126",NA,0.642393265271443,24.8509831389273
"737",1068,"Georgia","ukesm1-0-ll","ssp126",NA,0.000552178309290595,27.8620368569584
"738",1069,"Georgia","ukesm1-0-ll","ssp126",NA,0.285423937847957,25.9168415503698
"739",1070,"Georgia","ukesm1-0-ll","ssp126",NA,4.03286371262037,30.1026256201054
"740",1071,"Georgia","ukesm1-0-ll","ssp126",NA,1.49224912586983,30.2937120636208
"741",1072,"Georgia","ukesm1-0-ll","ssp126",NA,2.19419425070896,31.0346509291531
"742",1073,"Georgia","ukesm1-0-ll","ssp126",NA,4.13794830351644,29.5446349802087
"743",1074,"Georgia","ukesm1-0-ll","ssp126",NA,1.29136022367908,29.3960997205093
"744",1075,"Georgia","ukesm1-0-ll","ssp126",NA,2.30042850335842,29.8402946712319
"745",1076,"Georgia","ukesm1-0-ll","ssp126",NA,9.94627923061405,26.8634401483051
"746",1077,"Georgia","ukesm1-0-ll","ssp126",NA,2.53120943806217,28.9377310173275
"747",1078,"Georgia","ukesm1-0-ll","ssp126",NA,2.04672299480199,29.6868035194083
"748",1079,"Georgia","ukesm1-0-ll","ssp126",NA,8.69167938432307,27.4796441399157
"749",1080,"Georgia","ukesm1-0-ll","ssp126",NA,0.35590680703619,29.9837305396868
"750",1081,"Georgia","ukesm1-0-ll","ssp126",NA,0.339969023844759,26.5038148007151
"751",1082,"Georgia","ukesm1-0-ll","ssp126",NA,0.0591390900394611,23.4176761654907
"752",1083,"Georgia","ukesm1-0-ll","ssp126",NA,1.62706113509201,24.2158029773334
"753",1084,"Georgia","ukesm1-0-ll","ssp126",NA,3.88329560004858,25.4600021251466
"754",1085,"Georgia","ukesm1-0-ll","ssp126",NA,2.52738804740795,24.8654707864757
"755",1086,"Georgia","ukesm1-0-ll","ssp126",NA,15.1988620991595,19.7729534601761
"756",1087,"Georgia","ukesm1-0-ll","ssp126",NA,0.0860825081813005,19.7688078725598
"757",1088,"Georgia","ukesm1-0-ll","ssp126",NA,2.4363580236769,20.9168102199749
"758",1089,"Georgia","ukesm1-0-ll","ssp126",NA,13.1823522471149,21.1154880034144
"759",1090,"Georgia","ukesm1-0-ll","ssp126",NA,0.681959354016823,15.5471870773353
"760",1091,"Georgia","ukesm1-0-ll","ssp126",NA,5.0160127929785,13.610857976955
"761",1092,"Georgia","ukesm1-0-ll","ssp126",NA,2.76058705250242,13.7760359572441
"762",1093,"Georgia","ukesm1-0-ll","ssp126",NA,5.6631464773531,16.0039987190007
"763",1094,"Georgia","ukesm1-0-ll","ssp126",NA,1.11828085875027,14.0793332448595
"764",1095,"Georgia","ukesm1-0-ll","ssp126",NA,0.375247696911504,12.9439344355327
"765",1096,"Georgia","ukesm1-0-ll","ssp126",NA,3.11660913164453,16.8358618636974
"766",1097,"Georgia","ukesm1-0-ll","ssp126",NA,12.3981718132539,15.3295650454468
"767",1098,"Georgia","ukesm1-0-ll","ssp126",NA,0.98597258293276,10.1622668693487
"768",1099,"Georgia","ukesm1-0-ll","ssp126",NA,1.17654463136967,15.4993504411083
"769",1100,"Georgia","ukesm1-0-ll","ssp126",NA,5.74345206213064,12.9451468627043
"770",1101,"Georgia","ukesm1-0-ll","ssp126",NA,0.793261884861747,8.7227116249953
"771",1102,"Georgia","ukesm1-0-ll","ssp126",NA,0.042358361389557,8.029429615381
"772",1103,"Georgia","ukesm1-0-ll","ssp126",NA,0.305926262186606,6.24339722270829
"773",1104,"Georgia","ukesm1-0-ll","ssp126",NA,17.9205228770488,8.27508311421764
"774",1105,"Georgia","ukesm1-0-ll","ssp126",NA,8.85736718194848,11.3268346458602
"775",1106,"Georgia","ukesm1-0-ll","ssp126",NA,7.02613514432143,18.629900945705
"776",1107,"Georgia","ukesm1-0-ll","ssp126",NA,4.09958133994831,11.4627847666891
"777",1108,"Georgia","ukesm1-0-ll","ssp126",NA,3.28153985174316,14.4459859113717
"778",1109,"Georgia","ukesm1-0-ll","ssp126",NA,2.55357291687723,13.0006105289044
"779",1110,"Georgia","ukesm1-0-ll","ssp126",NA,0.424334794471877,14.6262337377516
"780",1111,"Georgia","ukesm1-0-ll","ssp126",NA,1.20948714962876,19.8480038695994
"781",1112,"Georgia","ukesm1-0-ll","ssp126",NA,4.02296349236429,22.3118881262532
"782",1113,"Georgia","ukesm1-0-ll","ssp126",NA,0.726645317038698,17.63311866594
"783",1114,"Georgia","ukesm1-0-ll","ssp126",NA,10.5344928113103,18.13531275419
"784",1115,"Georgia","ukesm1-0-ll","ssp126",NA,2.05692769129,21.4959822758636
"785",1116,"Georgia","ukesm1-0-ll","ssp126",NA,1.85980043048627,24.1513959612165
"786",1117,"Georgia","ukesm1-0-ll","ssp126",NA,3.42698853071865,26.6220731499698
"787",1118,"Georgia","ukesm1-0-ll","ssp126",NA,1.18190206800537,26.6234471799098
"788",1119,"Georgia","ukesm1-0-ll","ssp126",NA,6.4927715097655,25.9635009322271
"789",1120,"Georgia","ukesm1-0-ll","ssp126",NA,4.97059834934803,26.8728943905588
"790",1121,"Georgia","ukesm1-0-ll","ssp126",NA,5.27306110510765,28.8716958551661
"791",1122,"Georgia","ukesm1-0-ll","ssp126",NA,1.64360404597281,29.1177089146206
"792",1123,"Georgia","ukesm1-0-ll","ssp126",NA,4.15653144317538,28.246066808816
"793",1124,"Georgia","ukesm1-0-ll","ssp126",NA,5.66527339530361,29.088082848796
"794",1125,"Georgia","ukesm1-0-ll","ssp126",NA,1.57362785227146,28.15254033345
"795",1126,"Georgia","ukesm1-0-ll","ssp126",NA,2.48060730222802,28.7607329805019
"796",1127,"Georgia","ukesm1-0-ll","ssp126",NA,0.865077868937598,29.3222935120072
"797",1128,"Georgia","ukesm1-0-ll","ssp126",NA,3.03952679180466,30.8878083974917
"798",1129,"Georgia","ukesm1-0-ll","ssp126",NA,3.43381363661774,28.7516742105923
"799",1130,"Georgia","ukesm1-0-ll","ssp126",NA,2.43532944759533,28.6562102754238
"800",1131,"Georgia","ukesm1-0-ll","ssp126",NA,1.37328511335497,29.7334116199115
"801",1132,"Georgia","ukesm1-0-ll","ssp126",NA,3.59484144219162,28.5169618177068
"802",1133,"Georgia","ukesm1-0-ll","ssp126",NA,2.65964725072929,26.915811563635
"803",1134,"Georgia","ukesm1-0-ll","ssp126",NA,3.67547776266327,26.9179453556532
"804",1135,"Georgia","ukesm1-0-ll","ssp126",NA,12.8022842996086,24.8078619488215
"805",1136,"Georgia","ukesm1-0-ll","ssp126",NA,1.60908302056843,22.8916452624896
"806",1137,"Georgia","ukesm1-0-ll","ssp126",NA,3.15692620853476,21.8650902404046
"807",1138,"Georgia","ukesm1-0-ll","ssp126",NA,4.26078278988422,17.4700691574134
"808",1139,"Georgia","ukesm1-0-ll","ssp126",NA,0.0216487725746277,14.2467155105554
"809",1140,"Georgia","ukesm1-0-ll","ssp126",NA,0.152442683759284,12.632967186436
"810",1141,"Georgia","ukesm1-0-ll","ssp126",NA,11.0369382168243,13.9309191687633
"811",1142,"Georgia","ukesm1-0-ll","ssp126",NA,0.183193595536204,10.7800898443412
"812",1143,"Georgia","ukesm1-0-ll","ssp126",NA,0.00689395398031762,10.3725532291588
"813",1144,"Georgia","ukesm1-0-ll","ssp126",NA,2.05945001600927,15.1399898501343
"814",1145,"Georgia","ukesm1-0-ll","ssp126",NA,1.54764548077661,12.043453883432
"815",1146,"Georgia","ukesm1-0-ll","ssp126",NA,0.514598033435264,7.36632490920099
"816",1147,"Georgia","ukesm1-0-ll","ssp126",NA,3.7252612151715,4.95251157451198
"817",1148,"Georgia","ukesm1-0-ll","ssp126",NA,2.7044958482557,2.5826526410932
"818",1149,"Georgia","ukesm1-0-ll","ssp126",NA,3.59395695505922,2.99957064058246
"819",1150,"Georgia","ukesm1-0-ll","ssp126",NA,1.7560265404341,8.62928534777923
"820",1151,"Georgia","ukesm1-0-ll","ssp126",NA,11.9299189327089,14.5710603210597
"821",1152,"Georgia","ukesm1-0-ll","ssp126",NA,3.26172130357554,9.60459426251799
"822",1153,"Georgia","ukesm1-0-ll","ssp126",NA,0.33571790992968,8.14968948918454
"823",1154,"Georgia","ukesm1-0-ll","ssp126",NA,2.15184646275158,7.0341317608628
"824",1155,"Georgia","ukesm1-0-ll","ssp126",NA,1.00969055272416,8.35958813535679
"825",1156,"Georgia","ukesm1-0-ll","ssp126",NA,0.610680361956975,13.26799690302
"826",1157,"Georgia","ukesm1-0-ll","ssp126",NA,7.53789671346878,11.7199579492897
"827",1158,"Georgia","ukesm1-0-ll","ssp126",NA,18.9521403794466,13.8532387795806
"828",1159,"Georgia","ukesm1-0-ll","ssp126",NA,9.27203477889145,17.5375099754796
"829",1160,"Georgia","ukesm1-0-ll","ssp126",NA,1.67580545397379,18.828874372801
"830",1161,"Georgia","ukesm1-0-ll","ssp126",NA,12.632258498259,20.198351799547
"831",1162,"Georgia","ukesm1-0-ll","ssp126",NA,1.58722654128904,17.062500029557
"832",1163,"Georgia","ukesm1-0-ll","ssp126",NA,7.63471662402928,18.7207997319774
"833",1164,"Georgia","ukesm1-0-ll","ssp126",NA,7.00848756984975,18.5408334357975
"834",1165,"Georgia","ukesm1-0-ll","ssp126",NA,6.45849769840319,20.1754375319216
"835",1166,"Georgia","ukesm1-0-ll","ssp126",NA,0.924356815742174,20.8614962598602
"836",1167,"Georgia","ukesm1-0-ll","ssp126",NA,2.47158451713698,23.1437959758768
"837",1168,"Georgia","ukesm1-0-ll","ssp126",NA,0.0200571234378998,20.6935012041512
"838",1169,"Georgia","ukesm1-0-ll","ssp126",NA,2.54086189097925,23.2983090601591
"839",1170,"Georgia","ukesm1-0-ll","ssp126",NA,2.6414454601869,24.3772314334897
"840",1171,"Georgia","ukesm1-0-ll","ssp126",NA,0.679333105249024,25.8193287994902
"841",1172,"Georgia","ukesm1-0-ll","ssp126",NA,1.81708376190555,27.1174595276322
"842",1173,"Georgia","ukesm1-0-ll","ssp126",NA,1.16416452313258,25.8119122890814
"843",1174,"Georgia","ukesm1-0-ll","ssp126",NA,5.23432201231826,27.2306148649128
"844",1175,"Georgia","ukesm1-0-ll","ssp126",NA,2.97566909032428,27.61206929574
"845",1176,"Georgia","ukesm1-0-ll","ssp126",NA,8.989069578664,28.3553515861456
"846",1177,"Georgia","ukesm1-0-ll","ssp126",NA,5.26203101811427,27.955840059516
"847",1178,"Georgia","ukesm1-0-ll","ssp126",NA,9.62975462523715,27.6890892342852
"848",1179,"Georgia","ukesm1-0-ll","ssp126",NA,8.46965632208726,27.6039354375142
"849",1180,"Georgia","ukesm1-0-ll","ssp126",NA,4.71561864382256,27.9984164406543
"850",1181,"Georgia","ukesm1-0-ll","ssp126",NA,3.48552944552636,27.3869447426415
"851",1182,"Georgia","ukesm1-0-ll","ssp126",NA,3.69551000785974,28.2733894994704
"852",1183,"Georgia","ukesm1-0-ll","ssp126",NA,5.35957289845964,27.098985235108
"853",1184,"Georgia","ukesm1-0-ll","ssp126",NA,0.905680959246834,28.4807196443941
"854",1185,"Georgia","ukesm1-0-ll","ssp126",NA,2.44782420838087,28.9056682743692
"855",1186,"Georgia","ukesm1-0-ll","ssp126",NA,2.32565417260471,28.32871905089
"856",1187,"Georgia","ukesm1-0-ll","ssp126",NA,2.62413667235069,25.5548104865788
"857",1188,"Georgia","ukesm1-0-ll","ssp126",NA,0.0899247145160796,24.6130849473413
"858",1189,"Georgia","ukesm1-0-ll","ssp126",NA,0.000979352632184292,22.2059514154245
"859",1190,"Georgia","ukesm1-0-ll","ssp126",NA,0.0158616774640433,20.8474623118994
"860",1191,"Georgia","ukesm1-0-ll","ssp126",NA,0.00863090568538795,18.1845295534296
"861",1192,"Georgia","ukesm1-0-ll","ssp126",NA,0.177766932282734,17.4185597713
"862",1193,"Georgia","ukesm1-0-ll","ssp126",NA,0.0155164733784613,17.6598492564647
"863",1194,"Georgia","ukesm1-0-ll","ssp126",NA,0.00104876861335472,13.454437728771
"864",1195,"Georgia","ukesm1-0-ll","ssp126",NA,0.371141092269576,15.114292867074
"865",1196,"Georgia","ukesm1-0-ll","ssp126",NA,4.6622248067879,16.0479727756602
"866",1197,"Georgia","ukesm1-0-ll","ssp126",NA,1.11117820644026,15.2384727348716
"867",1198,"Georgia","ukesm1-0-ll","ssp126",NA,0.0739537814795053,7.63346145297369
"868",1199,"Georgia","ukesm1-0-ll","ssp126",NA,1.58988311193722,12.0663353428137
"869",1200,"Georgia","ukesm1-0-ll","ssp126",NA,6.82625367325059,8.26376959036398
"870",1201,"Georgia","ukesm1-0-ll","ssp126",NA,1.70033856897791,5.8062506502535
"871",1202,"Georgia","ukesm1-0-ll","ssp126",NA,5.41376813316652,4.07839614092296
"872",1203,"Georgia","ukesm1-0-ll","ssp126",NA,7.83768038716728,9.15154596287173
"873",1204,"Georgia","ukesm1-0-ll","ssp126",NA,0.414008304660874,10.8164884479514
"874",1205,"Georgia","ukesm1-0-ll","ssp126",NA,0.447142190431283,14.5441126345434
"875",1206,"Georgia","ukesm1-0-ll","ssp126",NA,7.01632391977531,10.0521783639386
"876",1207,"Georgia","ukesm1-0-ll","ssp126",NA,3.36279211868588,8.73820228853759
"877",1208,"Georgia","ukesm1-0-ll","ssp126",NA,0,5.67037176173769
"878",1209,"Georgia","ukesm1-0-ll","ssp126",NA,1.9489767163553,8.97917455345322
"879",1210,"Georgia","ukesm1-0-ll","ssp126",NA,10.8577387522736,9.76054854496919
"880",1211,"Georgia","ukesm1-0-ll","ssp126",NA,1.85800642674144,13.2992791940167
"881",1212,"Georgia","ukesm1-0-ll","ssp126",NA,1.12660470090315,10.4730869985955
"882",1213,"Georgia","ukesm1-0-ll","ssp126",NA,0.797849194044759,13.1996296215289
"883",1214,"Georgia","ukesm1-0-ll","ssp126",NA,2.63945032929505,18.544439830272
"884",1215,"Georgia","ukesm1-0-ll","ssp126",NA,11.7301318096587,15.8187207385934
"885",1216,"Georgia","ukesm1-0-ll","ssp126",NA,1.08498043799829,17.8094744296686
"886",1217,"Georgia","ukesm1-0-ll","ssp126",NA,6.20630725190393,22.2220423811573
"887",1218,"Georgia","ukesm1-0-ll","ssp126",NA,6.27724061337055,21.4935764857701
"888",1219,"Georgia","ukesm1-0-ll","ssp126",NA,3.62174450252567,21.8476078061157
"889",1220,"Georgia","ukesm1-0-ll","ssp126",NA,1.81246474367556,17.7414399597316
"890",1221,"Georgia","ukesm1-0-ll","ssp126",NA,0.86813141218201,22.9672890282139
"891",1222,"Georgia","ukesm1-0-ll","ssp126",NA,8.0814349523086,25.3604509773901
"892",1223,"Georgia","ukesm1-0-ll","ssp126",NA,0.0105690958199853,24.0331896322403
"893",1224,"Georgia","ukesm1-0-ll","ssp126",NA,0.0871395886160848,26.3580556800233
"894",1225,"Georgia","ukesm1-0-ll","ssp126",NA,2.80034599503114,27.6376648983713
"895",1226,"Georgia","ukesm1-0-ll","ssp126",NA,2.24237605765727,29.2886682394919
"896",1227,"Georgia","ukesm1-0-ll","ssp126",NA,0.409197887573047,32.5317594440451
"897",1228,"Georgia","ukesm1-0-ll","ssp126",NA,12.2380424889867,30.6361529851364
"898",1229,"Georgia","ukesm1-0-ll","ssp126",NA,3.41597407167623,29.600474537256
"899",1230,"Georgia","ukesm1-0-ll","ssp126",NA,2.10710304399056,31.1649544113196
"900",1231,"Georgia","ukesm1-0-ll","ssp126",NA,5.50658696825127,27.6898127890673
"901",1232,"Georgia","ukesm1-0-ll","ssp126",NA,3.46608322089035,28.4691710686857
"902",1233,"Georgia","ukesm1-0-ll","ssp126",NA,5.23018805572382,28.6622169180586
"903",1234,"Georgia","ukesm1-0-ll","ssp126",NA,9.63078108148081,28.4940364662152
"904",1235,"Georgia","ukesm1-0-ll","ssp126",NA,3.24903744376284,26.7473314779434
"905",1236,"Georgia","ukesm1-0-ll","ssp126",NA,2.20823506624275,28.6857543945313
"906",1237,"Georgia","ukesm1-0-ll","ssp126",NA,1.19561044162417,29.0557854973375
"907",1238,"Georgia","ukesm1-0-ll","ssp126",NA,7.54084788857447,27.4809686619202
"908",1239,"Georgia","ukesm1-0-ll","ssp126",NA,5.53022509028323,24.3602660246103
"909",1240,"Georgia","ukesm1-0-ll","ssp126",NA,1.74447257592255,25.250708658066
"910",1241,"Georgia","ukesm1-0-ll","ssp126",NA,0.05138051836109,21.6251971745895
"911",1242,"Georgia","ukesm1-0-ll","ssp126",NA,9.19703807206995,19.1217390083516
"912",1243,"Georgia","ukesm1-0-ll","ssp126",NA,6.66187056904472,16.0852205512022
"913",1244,"Georgia","ukesm1-0-ll","ssp126",NA,0.00878949639413926,15.1435774759288
"914",1245,"Georgia","ukesm1-0-ll","ssp126",NA,0.366810422678954,21.3019948151152
"915",1246,"Georgia","ukesm1-0-ll","ssp126",NA,0.769577871505604,22.073173349302
"916",1247,"Georgia","ukesm1-0-ll","ssp126",NA,1.56508671366293,14.8773847603048
"917",1248,"Georgia","ukesm1-0-ll","ssp126",NA,0.114811063379907,15.224514896125
"918",1249,"Georgia","ukesm1-0-ll","ssp126",NA,0.000819772914670448,8.72617688490752
"919",1250,"Georgia","ukesm1-0-ll","ssp126",NA,3.95843391801745,10.583591961803
"920",1251,"Georgia","ukesm1-0-ll","ssp126",NA,5.89598661910546,11.7513787147208
"921",1252,"Georgia","ukesm1-0-ll","ssp126",NA,2.39766301709946,10.1790327686375
"922",1253,"Georgia","ukesm1-0-ll","ssp126",NA,6.83426090849769,6.41598580201084
"923",1254,"Georgia","ukesm1-0-ll","ssp126",NA,1.79643202705896,2.95161718040635
"924",1255,"Georgia","ukesm1-0-ll","ssp126",NA,3.08850678471532,4.1401396301122
"925",1256,"Georgia","ukesm1-0-ll","ssp126",NA,5.1618357397307,7.00110161806714
"926",1257,"Georgia","ukesm1-0-ll","ssp126",NA,1.62818362243594,3.14643977352265
"927",1258,"Georgia","ukesm1-0-ll","ssp126",NA,0.387004318793804,6.90218335906763
"928",1259,"Georgia","ukesm1-0-ll","ssp126",NA,13.0424363182321,11.2980915947053
"929",1260,"Georgia","ukesm1-0-ll","ssp126",NA,3.6122276279785,9.64618151944142
"930",1261,"Georgia","ukesm1-0-ll","ssp126",NA,10.1349230404127,11.3559947459519
"931",1262,"Georgia","ukesm1-0-ll","ssp126",NA,5.84397616302435,10.4284918759695
"932",1263,"Georgia","ukesm1-0-ll","ssp126",NA,5.77122856587202,7.73598078619195
"933",1264,"Georgia","ukesm1-0-ll","ssp126",NA,4.26269902000014,12.9844665083989
"934",1265,"Georgia","ukesm1-0-ll","ssp126",NA,1.5720611424995,15.1935469435722
"935",1266,"Georgia","ukesm1-0-ll","ssp126",NA,10.1050981840557,18.3443308241431
"936",1267,"Georgia","ukesm1-0-ll","ssp126",NA,1.07701018990466,15.592098681286
"937",1268,"Georgia","ukesm1-0-ll","ssp126",NA,2.62459589377776,19.1859812443251
"938",1269,"Georgia","ukesm1-0-ll","ssp126",NA,0.191332535384939,19.6449227617093
"939",1270,"Georgia","ukesm1-0-ll","ssp126",NA,2.07853636113377,21.2774400614076
"940",1271,"Georgia","ukesm1-0-ll","ssp126",NA,0.481621026896607,22.9602159698708
"941",1272,"Georgia","ukesm1-0-ll","ssp126",NA,1.14552485447832,22.3294417928553
"942",1273,"Georgia","ukesm1-0-ll","ssp126",NA,1.30794038166588,23.4383077478294
"943",1274,"Georgia","ukesm1-0-ll","ssp126",NA,25.6296263172996,24.4188104144598
"944",1275,"Georgia","ukesm1-0-ll","ssp126",NA,2.88659685184448,24.9422570771224
"945",1276,"Georgia","ukesm1-0-ll","ssp126",NA,7.47362712843925,26.4694760966821
"946",1277,"Georgia","ukesm1-0-ll","ssp126",NA,0.901800866579704,27.930529533922
"947",1278,"Georgia","ukesm1-0-ll","ssp126",NA,3.81241470411263,27.6946557735416
"948",1279,"Georgia","ukesm1-0-ll","ssp126",NA,11.8045407334749,27.1448483520212
"949",1280,"Georgia","ukesm1-0-ll","ssp126",NA,1.57163290900683,29.5826462124508
"950",1281,"Georgia","ukesm1-0-ll","ssp126",NA,5.7604807471262,29.273177797627
"951",1282,"Georgia","ukesm1-0-ll","ssp126",NA,1.4469038951341,28.8750359412833
"952",1283,"Georgia","ukesm1-0-ll","ssp126",NA,7.39609553063171,28.9215133999508
"953",1284,"Georgia","ukesm1-0-ll","ssp126",NA,2.63326625685533,29.1277676709339
"954",1285,"Georgia","ukesm1-0-ll","ssp126",NA,1.06076814886045,27.3321580789857
"955",1286,"Georgia","ukesm1-0-ll","ssp126",NA,17.2110142977804,24.9742377994713
"956",1287,"Georgia","ukesm1-0-ll","ssp126",NA,1.04154776341452,27.6275820531222
"957",1288,"Georgia","ukesm1-0-ll","ssp126",NA,3.54089194136711,26.3974518782868
"958",1289,"Georgia","ukesm1-0-ll","ssp126",NA,1.71659486331654,26.2929118823774
"959",1290,"Georgia","ukesm1-0-ll","ssp126",NA,0.101701893838813,25.3225106818913
"960",1291,"Georgia","ukesm1-0-ll","ssp126",NA,0.00177242162054772,25.8649046964853
"961",1292,"Georgia","ukesm1-0-ll","ssp126",NA,3.61653209159579,25.4273494988319
"962",1293,"Georgia","ukesm1-0-ll","ssp126",NA,0.399879174383342,23.4631520121207
"963",1294,"Georgia","ukesm1-0-ll","ssp126",NA,12.4730327132422,23.9073465933812
"964",1295,"Georgia","ukesm1-0-ll","ssp126",NA,0.313105302033469,21.6691465511738
"965",1296,"Georgia","ukesm1-0-ll","ssp126",NA,1.38071625934587,21.7250961340657
"966",1297,"Georgia","ukesm1-0-ll","ssp126",NA,0.385525370587566,17.3735337818506
"967",1298,"Georgia","ukesm1-0-ll","ssp126",NA,4.76120595671417,18.337122542633
"968",1299,"Georgia","ukesm1-0-ll","ssp126",NA,0.341801795382192,14.0139744941028
"969",1300,"Georgia","ukesm1-0-ll","ssp126",NA,1.34216550375389,10.3615502752346
"970",1301,"Georgia","ukesm1-0-ll","ssp126",NA,0.00414245573390269,7.36070509349465
"971",1302,"Georgia","ukesm1-0-ll","ssp126",NA,0.0154623162775054,14.2158895053818
"972",1303,"Georgia","ukesm1-0-ll","ssp126",NA,2.15556234381337,16.2475930571845
"973",1304,"Georgia","ukesm1-0-ll","ssp126",NA,1.17031286032925,15.0940550575534
"974",1305,"Georgia","ukesm1-0-ll","ssp126",NA,0.715743867373642,10.7206910361967
"975",1306,"Georgia","ukesm1-0-ll","ssp126",NA,5.87805775685675,11.0252148644399
"976",1307,"Georgia","ukesm1-0-ll","ssp126",NA,9.72366450049782,11.8397575470784
"977",1308,"Georgia","ukesm1-0-ll","ssp126",NA,3.36008780163238,14.935589466603
"978",1309,"Georgia","ukesm1-0-ll","ssp126",NA,3.81997958528398,11.3672450178761
"979",1310,"Georgia","ukesm1-0-ll","ssp126",NA,2.76036642717989,11.734296777462
"980",1311,"Georgia","ukesm1-0-ll","ssp126",NA,3.1874769697585,8.8437700544085
"981",1312,"Georgia","ukesm1-0-ll","ssp126",NA,6.99537652874562,8.19177958416884
"982",1313,"Georgia","ukesm1-0-ll","ssp126",NA,9.39403977035799,13.3827895490079
"983",1314,"Georgia","ukesm1-0-ll","ssp126",NA,2.47061050975183,13.2686887579449
"984",1315,"Georgia","ukesm1-0-ll","ssp126",NA,11.9446893730705,14.2232701040642
"985",1316,"Georgia","ukesm1-0-ll","ssp126",NA,0.776860028834664,12.1969228675233
"986",1317,"Georgia","ukesm1-0-ll","ssp126",NA,5.92802514118763,13.9618718994732
"987",1318,"Georgia","ukesm1-0-ll","ssp126",NA,2.49809555629256,16.5021662603568
"988",1319,"Georgia","ukesm1-0-ll","ssp126",NA,0.0413962384011765,18.9459706156364
"989",1320,"Georgia","ukesm1-0-ll","ssp126",NA,0.347216627941795,22.2838789748222
"990",1321,"Georgia","ukesm1-0-ll","ssp126",NA,1.20891631089031,19.2493630028233
"991",1322,"Georgia","ukesm1-0-ll","ssp126",NA,4.14825614914235,17.0643665526162
"992",1323,"Georgia","ukesm1-0-ll","ssp126",NA,0.655872342402942,22.8346682052058
"993",1324,"Georgia","ukesm1-0-ll","ssp126",NA,3.37904651313545,24.4102848524043
"994",1325,"Georgia","ukesm1-0-ll","ssp126",NA,5.6719617602528,24.457196503055
"995",1326,"Georgia","ukesm1-0-ll","ssp126",NA,3.50510664092729,24.685251482578
"996",1327,"Georgia","ukesm1-0-ll","ssp126",NA,0.985852968620775,23.992482434289
"997",1328,"Georgia","ukesm1-0-ll","ssp126",NA,0.223577438889656,27.2330825029794
"998",1329,"Georgia","ukesm1-0-ll","ssp126",NA,1.40048129679768,26.5317069065196
"999",1330,"Georgia","ukesm1-0-ll","ssp126",NA,1.31622510127303,27.9447550849822
"1000",1331,"Georgia","ukesm1-0-ll","ssp126",NA,3.05873416723322,29.2915978530995
"1001",1332,"Georgia","ukesm1-0-ll","ssp126",NA,1.90719188976624,29.5156611629606
"1002",1333,"Georgia","ukesm1-0-ll","ssp126",NA,2.35718930946641,29.1796714210049
"1003",1334,"Georgia","ukesm1-0-ll","ssp126",NA,3.96811218600396,28.4051575298171
"1004",1335,"Georgia","ukesm1-0-ll","ssp126",NA,0.640632012571754,28.1017154130174
"1005",1336,"Georgia","ukesm1-0-ll","ssp126",NA,6.11330759234486,30.1082650173086
"1006",1337,"Georgia","ukesm1-0-ll","ssp126",NA,2.49870623088838,29.6628686493881
"1007",1338,"Georgia","ukesm1-0-ll","ssp126",NA,2.50137899964688,28.9522020390767
"1008",1339,"Georgia","ukesm1-0-ll","ssp126",NA,7.34577154511648,28.0105789886549
"1009",1340,"Georgia","ukesm1-0-ll","ssp126",NA,1.11822882329477,28.199581887012
"1010",1341,"Georgia","ukesm1-0-ll","ssp126",NA,1.10942568158117,27.2816388515814
"1011",1342,"Georgia","ukesm1-0-ll","ssp126",NA,2.28979236430783,27.019703375052
"1012",1343,"Georgia","ukesm1-0-ll","ssp126",NA,2.21867578551936,26.1156968973451
"1013",1344,"Georgia","ukesm1-0-ll","ssp126",NA,1.75168850752769,26.5672531608231
"1014",1345,"Georgia","ukesm1-0-ll","ssp126",NA,0.00275308971239573,22.1901883843447
"1015",1346,"Georgia","ukesm1-0-ll","ssp126",NA,0.133877750884992,24.503255804399
"1016",1347,"Georgia","ukesm1-0-ll","ssp126",NA,0.240521585397827,25.1748711463614
"1017",1348,"Georgia","ukesm1-0-ll","ssp126",NA,0.0162241782863908,23.1574665947053
"1018",1349,"Georgia","ukesm1-0-ll","ssp126",NA,0.800986258180155,16.0262993099037
"1019",1350,"Georgia","ukesm1-0-ll","ssp126",NA,0.0267606194553329,12.7104080163249
"1020",1351,"Georgia","ukesm1-0-ll","ssp126",NA,0.0729268745167015,13.8042384113007
"1021",1352,"Georgia","ukesm1-0-ll","ssp126",NA,4.32051661588603,13.2458324219932
"1022",1353,"Georgia","ukesm1-0-ll","ssp126",NA,4.66619266427908,8.45885464943064
"1023",1354,"Georgia","ukesm1-0-ll","ssp126",NA,2.1691113735746,7.66303409456343
"1024",1355,"Georgia","ukesm1-0-ll","ssp126",NA,3.56111282397881,9.06572639520754
"1025",1356,"Georgia","ukesm1-0-ll","ssp126",NA,12.3100582234363,11.8028066713643
"1026",1357,"Georgia","ukesm1-0-ll","ssp126",NA,8.71571701509377,10.6402831292326
"1027",1358,"Georgia","ukesm1-0-ll","ssp126",NA,2.20657172807429,8.72384343551379
"1028",1359,"Georgia","ukesm1-0-ll","ssp126",NA,0.591512974884921,10.0542610223877
"1029",1360,"Georgia","ukesm1-0-ll","ssp126",NA,6.51454889355428,8.89018551731805
"1030",1361,"Georgia","ukesm1-0-ll","ssp126",NA,7.95496342374679,8.57268395966539
"1031",1362,"Georgia","ukesm1-0-ll","ssp126",NA,0.385212327124314,5.91006967761617
"1032",1363,"Georgia","ukesm1-0-ll","ssp126",NA,1.46816931419887,5.46770496876421
"1033",1364,"Georgia","ukesm1-0-ll","ssp126",NA,13.3758592743547,7.79934481050433
"1034",1365,"Georgia","ukesm1-0-ll","ssp126",NA,0.909769176778398,9.92929752525351
"1035",1366,"Georgia","ukesm1-0-ll","ssp126",NA,1.36611272696086,12.3515127260518
"1036",1367,"Georgia","ukesm1-0-ll","ssp126",NA,2.96777585263088,10.448023052077
"1037",1368,"Georgia","ukesm1-0-ll","ssp126",NA,3.98329601264482,9.81146021512752
"1038",1369,"Georgia","ukesm1-0-ll","ssp126",NA,3.36443329981401,11.7931344464097
"1039",1370,"Georgia","ukesm1-0-ll","ssp126",NA,1.00616197449608,11.9311734326527
"1040",1371,"Georgia","ukesm1-0-ll","ssp126",NA,2.42070344251674,17.4459653692731
"1041",1372,"Georgia","ukesm1-0-ll","ssp126",NA,0.708966546575468,16.7434454744723
"1042",1373,"Georgia","ukesm1-0-ll","ssp126",NA,7.26294828750934,15.249750864246
"1043",1374,"Georgia","ukesm1-0-ll","ssp126",NA,0.059925733277309,18.877410770444
"1044",1375,"Georgia","ukesm1-0-ll","ssp126",NA,0.371743846827853,23.2620654089976
"1045",1376,"Georgia","ukesm1-0-ll","ssp126",NA,2.69159047968619,21.159075824285
"1046",1377,"Georgia","ukesm1-0-ll","ssp126",NA,0.736148821797057,19.8529343427238
"1047",1378,"Georgia","ukesm1-0-ll","ssp126",NA,0.00359057964023218,23.2511026525613
"1048",1379,"Georgia","ukesm1-0-ll","ssp126",NA,7.84397443707696,26.0931043574077
"1049",1380,"Georgia","ukesm1-0-ll","ssp126",NA,2.76775100996566,25.0860046238934
"1050",1381,"Georgia","ukesm1-0-ll","ssp126",NA,0.446684188830837,24.9317548922708
"1051",1382,"Georgia","ukesm1-0-ll","ssp126",NA,5.93170682334243,28.5583202297405
"1052",1383,"Georgia","ukesm1-0-ll","ssp126",NA,7.95185759579688,27.5607243203078
"1053",1384,"Georgia","ukesm1-0-ll","ssp126",NA,6.38151210024013,28.0355258895468
"1054",1385,"Georgia","ukesm1-0-ll","ssp126",NA,1.82664892145685,28.8057478860851
"1055",1386,"Georgia","ukesm1-0-ll","ssp126",NA,9.07953454100036,28.4206792281846
"1056",1387,"Georgia","ukesm1-0-ll","ssp126",NA,1.5885192901636,31.2381269182478
"1057",1388,"Georgia","ukesm1-0-ll","ssp126",NA,5.49228412649495,27.469705976066
"1058",1389,"Georgia","ukesm1-0-ll","ssp126",NA,3.53411902568209,27.5567596952794
"1059",1390,"Georgia","ukesm1-0-ll","ssp126",NA,1.73347125627918,28.0087118005637
"1060",1391,"Georgia","ukesm1-0-ll","ssp126",NA,8.32415357657799,27.1249491176652
"1061",1392,"Georgia","ukesm1-0-ll","ssp126",NA,1.00568200186525,27.8835595082429
"1062",1393,"Georgia","ukesm1-0-ll","ssp126",NA,3.10793097902893,24.8264051829932
"1063",1394,"Georgia","ukesm1-0-ll","ssp126",NA,3.12969070942513,25.3895509290349
"1064",1395,"Georgia","ukesm1-0-ll","ssp126",NA,2.75911546639902,26.6125815920333
"1065",1396,"Georgia","ukesm1-0-ll","ssp126",NA,1.09526777260895,26.0969693754256
"1066",1397,"Georgia","ukesm1-0-ll","ssp126",NA,0.334206711295007,23.6227425415926
"1067",1398,"Georgia","ukesm1-0-ll","ssp126",NA,0.549161132690845,23.9566562015266
"1068",1399,"Georgia","ukesm1-0-ll","ssp126",NA,1.50799105038846,24.1737885482086
"1069",1400,"Georgia","ukesm1-0-ll","ssp126",NA,0.351007004262055,24.1187173986551
"1070",1401,"Georgia","ukesm1-0-ll","ssp126",NA,11.3655714752644,23.2699591906827
"1071",1402,"Georgia","ukesm1-0-ll","ssp126",NA,6.36371265291789,19.886437101572
"1072",1403,"Georgia","ukesm1-0-ll","ssp126",NA,0.0344982820081854,15.0223677147965
"1073",1404,"Georgia","ukesm1-0-ll","ssp126",NA,3.60301912923652,15.9936306489293
"1074",1405,"Georgia","ukesm1-0-ll","ssp126",NA,2.75134147332849,12.2140124157035
"1075",1406,"Georgia","ukesm1-0-ll","ssp126",NA,11.2660477445331,12.3926436232597
"1076",1407,"Georgia","ukesm1-0-ll","ssp126",NA,9.50043428799597,14.1055363172481
"1077",1408,"Georgia","ukesm1-0-ll","ssp126",NA,0.105994682828882,9.09240592605556
"1078",1409,"Georgia","ukesm1-0-ll","ssp126",NA,5.02411339337361,12.4148868736286
"1079",1410,"Georgia","ukesm1-0-ll","ssp126",NA,12.8422414652365,16.3453761066132
"1080",1411,"Georgia","ukesm1-0-ll","ssp126",NA,8.87090735025399,13.3067519365731
"1081",1412,"Georgia","ukesm1-0-ll","ssp126",NA,5.23132442384283,6.65015988846382
"1082",1413,"Georgia","ukesm1-0-ll","ssp126",NA,8.5906180623079,9.0377484263866
"1083",1414,"Georgia","ukesm1-0-ll","ssp126",NA,7.57342426458293,6.25354398491887
"1084",1415,"Georgia","ukesm1-0-ll","ssp126",NA,6.83435852461865,10.9972238905494
"1085",1416,"Georgia","ukesm1-0-ll","ssp126",NA,5.85674737342568,9.93881620171575
"1086",1417,"Georgia","ukesm1-0-ll","ssp126",NA,7.11490191423088,5.08651817635823
"1087",1418,"Georgia","ukesm1-0-ll","ssp126",NA,4.18901042648412,9.05181400031215
"1088",1419,"Georgia","ukesm1-0-ll","ssp126",NA,6.60009691132858,14.267015980866
"1089",1420,"Georgia","ukesm1-0-ll","ssp126",NA,4.30528410553618,11.2580763994637
"1090",1421,"Georgia","ukesm1-0-ll","ssp126",NA,0.00573488401470184,12.3310630669028
"1091",1422,"Georgia","ukesm1-0-ll","ssp126",NA,1.8246852149485,12.2358002669586
"1092",1423,"Georgia","ukesm1-0-ll","ssp126",NA,5.65956518153793,17.0116346160667
"1093",1424,"Georgia","ukesm1-0-ll","ssp126",NA,15.7129698075984,12.6834672018056
"1094",1425,"Georgia","ukesm1-0-ll","ssp126",NA,3.22826742414369,18.2058504783501
"1095",1426,"Georgia","ukesm1-0-ll","ssp126",NA,0.313463190327672,19.2067652667695
"1096",1427,"Georgia","ukesm1-0-ll","ssp126",NA,5.59790322085511,22.6428339701877
"1097",1428,"Georgia","ukesm1-0-ll","ssp126",NA,2.33338839505573,23.358995665765
"1098",1429,"Georgia","ukesm1-0-ll","ssp126",NA,1.63099866447156,23.3418747132973
"1099",1430,"Georgia","ukesm1-0-ll","ssp126",NA,4.00025339413751,20.6600256377214
"1100",1431,"Georgia","ukesm1-0-ll","ssp126",NA,3.64328291200634,22.5856641275254
"1101",1432,"Georgia","ukesm1-0-ll","ssp126",NA,0.499401923859249,24.7820590778933
"1102",1433,"Georgia","ukesm1-0-ll","ssp126",NA,4.55871156004887,26.4224542724018
"1103",1434,"Georgia","ukesm1-0-ll","ssp126",NA,12.8566690352107,26.6868418695852
"1104",1435,"Georgia","ukesm1-0-ll","ssp126",NA,6.90351484741773,27.1088737432374
"1105",1436,"Georgia","ukesm1-0-ll","ssp126",NA,4.03439693325325,27.8339485667231
"1106",1437,"Georgia","ukesm1-0-ll","ssp126",NA,5.49687758175952,28.4407496713264
"1107",1438,"Georgia","ukesm1-0-ll","ssp126",NA,5.58638493671831,28.0049242957164
"1108",1439,"Georgia","ukesm1-0-ll","ssp126",NA,1.82109818695423,26.5033132188257
"1109",1440,"Georgia","ukesm1-0-ll","ssp126",NA,4.36956774541147,28.2147407734943
"1110",1441,"Georgia","ukesm1-0-ll","ssp126",NA,4.04732762631206,27.9751628589399
"1111",1442,"Georgia","ukesm1-0-ll","ssp126",NA,1.42271157658139,26.36588170234
"1112",1443,"Georgia","ukesm1-0-ll","ssp126",NA,1.29510751104899,27.9211822879228
"1113",1444,"Georgia","ukesm1-0-ll","ssp126",NA,3.02026063599691,27.6256895938162
"1114",1445,"Georgia","ukesm1-0-ll","ssp126",NA,3.93494500369242,25.6740258907291
"1115",1446,"Georgia","ukesm1-0-ll","ssp126",NA,2.40235748910638,24.8801283866384
"1116",1447,"Georgia","ukesm1-0-ll","ssp126",NA,13.7031640873966,24.7365880342719
"1117",1448,"Georgia","ukesm1-0-ll","ssp126",NA,2.0144198023544,26.6768776955963
"1118",1449,"Georgia","ukesm1-0-ll","ssp126",NA,1.47481240752406,22.3532941989114
"1119",1450,"Georgia","ukesm1-0-ll","ssp126",NA,0.705604126504831,23.7223820647085
"1120",1451,"Georgia","ukesm1-0-ll","ssp126",NA,7.74918233172823,24.5881939830272
"1121",1452,"Georgia","ukesm1-0-ll","ssp126",NA,5.40741510435763,17.5387665903309
"1122",1453,"Georgia","ukesm1-0-ll","ssp126",NA,0.00611712917072144,15.5050697160402
"1123",1454,"Georgia","ukesm1-0-ll","ssp126",NA,0.917157745708995,17.8734999391127
"1124",1455,"Georgia","ukesm1-0-ll","ssp126",NA,7.90392585318801,16.1297232343845
"1125",1456,"Georgia","ukesm1-0-ll","ssp126",NA,7.35554400234568,15.1357135467899
"1126",1457,"Georgia","ukesm1-0-ll","ssp126",NA,0.00139676850855257,9.09797652939621
"1127",1458,"Georgia","ukesm1-0-ll","ssp126",NA,1.98707094881789,6.81627733724749
"1128",1459,"Georgia","ukesm1-0-ll","ssp126",NA,4.42786716827205,9.80568271295213
"1129",1460,"Georgia","ukesm1-0-ll","ssp126",NA,0.459971743216788,7.43396538464269
"1130",1461,"Georgia","ukesm1-0-ll","ssp126",NA,3.16460836658589,7.60105666190604
"1131",1462,"Georgia","ukesm1-0-ll","ssp126",NA,0.649642741526107,5.99171676081551
"1132",1463,"Georgia","ukesm1-0-ll","ssp126",NA,0.0115274442881983,6.43927433484983
"1133",1464,"Georgia","ukesm1-0-ll","ssp126",NA,5.3593654507085,12.9300360063087
"1134",1465,"Georgia","ukesm1-0-ll","ssp126",NA,1.3123076764029,8.94407985585656
"1135",1466,"Georgia","ukesm1-0-ll","ssp126",NA,7.81131001117666,12.2254461625587
"1136",1467,"Georgia","ukesm1-0-ll","ssp126",NA,0.876679836738945,8.30803781283106
"1137",1468,"Georgia","ukesm1-0-ll","ssp126",NA,0.664553102320964,5.26567158179482
"1138",1469,"Georgia","ukesm1-0-ll","ssp126",NA,14.4989756568975,12.1881355784419
"1139",1470,"Georgia","ukesm1-0-ll","ssp126",NA,4.07806302123027,12.9151726895903
"1140",1471,"Georgia","ukesm1-0-ll","ssp126",NA,0.225320671266523,10.6925349127005
"1141",1472,"Georgia","ukesm1-0-ll","ssp126",NA,6.619967210312,12.3591222435164
"1142",1473,"Georgia","ukesm1-0-ll","ssp126",NA,10.7204408905038,14.8429086163316
"1143",1474,"Georgia","ukesm1-0-ll","ssp126",NA,10.103892098834,19.1171400906099
"1144",1475,"Georgia","ukesm1-0-ll","ssp126",NA,10.4173332522512,17.0179612868635
"1145",1476,"Georgia","ukesm1-0-ll","ssp126",NA,5.81320670383697,13.3228830259014
"1146",1477,"Georgia","ukesm1-0-ll","ssp126",NA,2.93569414891447,17.8303474925044
"1147",1478,"Georgia","ukesm1-0-ll","ssp126",NA,1.46837297936726,17.6657226710285
"1148",1479,"Georgia","ukesm1-0-ll","ssp126",NA,2.47502417019666,20.9902711291002
"1149",1480,"Georgia","ukesm1-0-ll","ssp126",NA,5.44796711480445,19.902505973465
"1150",1481,"Georgia","ukesm1-0-ll","ssp126",NA,0.0138548735384581,21.0193282231292
"1151",1482,"Georgia","ukesm1-0-ll","ssp126",NA,1.03562945956235,24.9573345341348
"1152",1483,"Georgia","ukesm1-0-ll","ssp126",NA,2.73243337550947,26.3683806708015
"1153",1484,"Georgia","ukesm1-0-ll","ssp126",NA,0.905604786688102,21.8217665111182
"1154",1485,"Georgia","ukesm1-0-ll","ssp126",NA,10.0541219060688,23.3071674337687
"1155",1486,"Georgia","ukesm1-0-ll","ssp126",NA,3.13019832528374,24.8972967041607
"1156",1487,"Georgia","ukesm1-0-ll","ssp126",NA,5.38457834008935,25.4835929519617
"1157",1488,"Georgia","ukesm1-0-ll","ssp126",NA,9.31475359259184,27.4616615276937
"1158",1489,"Georgia","ukesm1-0-ll","ssp126",NA,4.53218111528276,27.304995513251
"1159",1490,"Georgia","ukesm1-0-ll","ssp126",NA,1.05477474503316,30.6801362044586
"1160",1491,"Georgia","ukesm1-0-ll","ssp126",NA,4.83279596584431,30.0384274240268
"1161",1492,"Georgia","ukesm1-0-ll","ssp126",NA,7.48424758807161,29.8103532324692
"1162",1493,"Georgia","ukesm1-0-ll","ssp126",NA,5.55918479949997,28.9605288304659
"1163",1494,"Georgia","ukesm1-0-ll","ssp126",NA,6.67224295752898,29.477306848115
"1164",1495,"Georgia","ukesm1-0-ll","ssp126",NA,0.500031688341014,30.3305230609441
"1165",1496,"Georgia","ukesm1-0-ll","ssp126",NA,2.64593442699916,29.5343573544851
"1166",1497,"Georgia","ukesm1-0-ll","ssp126",NA,0.188706756719756,27.0280884675772
"1167",1498,"Georgia","ukesm1-0-ll","ssp126",NA,1.27918850277999,26.4320489841859
"1168",1499,"Georgia","ukesm1-0-ll","ssp126",NA,7.77805363128169,26.0942166603218
"1169",1500,"Georgia","ukesm1-0-ll","ssp126",NA,0.072060220936119,23.4770746780654
"1170",1501,"Georgia","ukesm1-0-ll","ssp126",NA,0.888352224228363,25.30349431442
"1171",1502,"Georgia","ukesm1-0-ll","ssp126",NA,0.130091383898374,20.696397344483
"1172",1503,"Georgia","ukesm1-0-ll","ssp126",NA,0.00724715109468188,19.8203570866989
"1173",1504,"Georgia","ukesm1-0-ll","ssp126",NA,2.27645117731616,16.5337654760329
"1174",1505,"Georgia","ukesm1-0-ll","ssp126",NA,0.0652710346489684,12.2028466767318
"1175",1506,"Georgia","ukesm1-0-ll","ssp126",NA,0.18846089816481,15.4321038862695
"1176",1507,"Georgia","ukesm1-0-ll","ssp126",NA,1.45567510055037,19.0576817990504
"1177",1508,"Georgia","ukesm1-0-ll","ssp126",NA,0.199925487454746,13.0968303837442
"1178",1509,"Georgia","ukesm1-0-ll","ssp126",NA,2.04989810514173,14.8643974987705
"1179",1510,"Georgia","ukesm1-0-ll","ssp126",NA,0.0437447712537886,13.987552035057
"1180",1511,"Georgia","ukesm1-0-ll","ssp126",NA,6.34215475674908,14.9022780152845
"1181",1512,"Georgia","ukesm1-0-ll","ssp126",NA,0.318820666182196,9.31617307501327
"1182",1513,"Georgia","ukesm1-0-ll","ssp126",NA,0.209740191083688,8.67667626480216
"1183",1514,"Georgia","ukesm1-0-ll","ssp126",NA,4.59902427970193,11.8493062977641
"1184",1515,"Georgia","ukesm1-0-ll","ssp126",NA,3.12535016313693,5.23681894814999
"1185",1516,"Georgia","ukesm1-0-ll","ssp126",NA,0.740767600195278,7.15118536775975
"1186",1517,"Georgia","ukesm1-0-ll","ssp126",NA,5.88958630452806,11.7186233779132
"1187",1518,"Georgia","ukesm1-0-ll","ssp126",NA,2.3684454537674,10.724429772033
"1188",1519,"Georgia","ukesm1-0-ll","ssp126",NA,3.37612032907585,11.4296171839532
"1189",1520,"Georgia","ukesm1-0-ll","ssp126",NA,4.87601732901661,9.29552109836091
"1190",1521,"Georgia","ukesm1-0-ll","ssp126",NA,2.0921961905332,16.0430918843637
"1191",1522,"Georgia","ukesm1-0-ll","ssp126",NA,12.2483740031591,16.5766281164876
"1192",1523,"Georgia","ukesm1-0-ll","ssp126",NA,2.9172134432029,17.3713405064174
"1193",1524,"Georgia","ukesm1-0-ll","ssp126",NA,2.5197403283334,10.8275890876826
"1194",1525,"Georgia","ukesm1-0-ll","ssp126",NA,0.780746826683436,12.1284419394579
"1195",1526,"Georgia","ukesm1-0-ll","ssp126",NA,1.79941891098434,16.5178550295334
"1196",1527,"Georgia","ukesm1-0-ll","ssp126",NA,5.9667108378734,20.4114290768529
"1197",1528,"Georgia","ukesm1-0-ll","ssp126",NA,1.93195314878561,17.7482863899582
"1198",1529,"Georgia","ukesm1-0-ll","ssp126",NA,0.69017477277822,19.7495786209661
"1199",1530,"Georgia","ukesm1-0-ll","ssp126",NA,2.60966452244498,19.1061046240116
"1200",1531,"Georgia","ukesm1-0-ll","ssp126",NA,2.53517917620165,22.8972352256498
"1201",1532,"Georgia","ukesm1-0-ll","ssp126",NA,0.174213222995719,24.5211374795466
"1202",1533,"Georgia","ukesm1-0-ll","ssp126",NA,0.68690181183702,23.8001448439628
"1203",1534,"Georgia","ukesm1-0-ll","ssp126",NA,6.69733878384278,24.1558346801462
"1204",1535,"Georgia","ukesm1-0-ll","ssp126",NA,0.90279557260732,26.0012646986844
"1205",1536,"Georgia","ukesm1-0-ll","ssp126",NA,3.33820486976962,25.6617109765152
"1206",1537,"Georgia","ukesm1-0-ll","ssp126",NA,2.89547327098773,25.7479760417061
"1207",1538,"Georgia","ukesm1-0-ll","ssp126",NA,0.362728654276984,28.6686898958885
"1208",1539,"Georgia","ukesm1-0-ll","ssp126",NA,0.791951899469984,31.071183869221
"1209",1540,"Georgia","ukesm1-0-ll","ssp126",NA,3.20966360310903,30.6775878019541
"1210",1541,"Georgia","ukesm1-0-ll","ssp126",NA,8.41367330908229,29.2907848145714
"1211",1542,"Georgia","ukesm1-0-ll","ssp126",NA,6.55230642708796,29.4867676667959
"1212",1543,"Georgia","ukesm1-0-ll","ssp126",NA,6.52734712826806,27.7483356023239
"1213",1544,"Georgia","ukesm1-0-ll","ssp126",NA,5.99050878309351,27.4197601540037
"1214",1545,"Georgia","ukesm1-0-ll","ssp126",NA,4.93648153301882,26.9498767178515
"1215",1546,"Georgia","ukesm1-0-ll","ssp126",NA,1.96851333847087,27.8073741848186
"1216",1547,"Georgia","ukesm1-0-ll","ssp126",NA,1.80896809568006,28.4618061352007
"1217",1548,"Georgia","ukesm1-0-ll","ssp126",NA,0.344597009628206,30.5576175865192
"1218",1549,"Georgia","ukesm1-0-ll","ssp126",NA,0.753983491735018,29.1128173828125
"1219",1550,"Georgia","ukesm1-0-ll","ssp126",NA,1.60376469727429,28.9437303446107
"1220",1551,"Georgia","ukesm1-0-ll","ssp126",NA,3.64924336227285,27.932473274582
"1221",1552,"Georgia","ukesm1-0-ll","ssp126",NA,0.0284671884896665,28.1202341887911
"1222",1553,"Georgia","ukesm1-0-ll","ssp126",NA,9.06961922047554,27.0140436574276
"1223",1554,"Georgia","ukesm1-0-ll","ssp126",NA,0.903295763788973,26.9672104805492
"1224",1555,"Georgia","ukesm1-0-ll","ssp126",NA,0.170152034533276,17.9864697324739
"1225",1556,"Georgia","ukesm1-0-ll","ssp126",NA,0.00146505118709353,20.626093711576
"1226",1557,"Georgia","ukesm1-0-ll","ssp126",NA,0.360270189380693,24.0188292274752
"1227",1558,"Georgia","ukesm1-0-ll","ssp126",NA,0.261185211490818,21.7447418434568
"1228",1559,"Georgia","ukesm1-0-ll","ssp126",NA,0.519295306246306,19.2186595113168
"1229",1560,"Georgia","ukesm1-0-ll","ssp126",NA,0.298915462947598,17.4427857036452
"1230",1561,"Georgia","ukesm1-0-ll","ssp126",NA,0.628301597196951,18.427013879365
"1231",1562,"Georgia","ukesm1-0-ll","ssp126",NA,1.00237398843096,11.6262734179924
"1232",1563,"Georgia","ukesm1-0-ll","ssp126",NA,7.29005785886166,13.2328263917789
"1233",1564,"Georgia","ukesm1-0-ll","ssp126",NA,3.80560450212656,14.8362577793962
"1234",1565,"Georgia","ukesm1-0-ll","ssp126",NA,0.524894149946188,10.5334840936176
"1235",1566,"Georgia","ukesm1-0-ll","ssp126",NA,5.20733657343354,11.6128826298379
"1236",1567,"Georgia","ukesm1-0-ll","ssp126",NA,1.48382071038169,12.0435164703295
"1237",1568,"Georgia","ukesm1-0-ll","ssp126",NA,4.40566173310006,6.792568134742
"1238",1569,"Georgia","ukesm1-0-ll","ssp126",NA,10.2231051234394,12.1422840626419
"1239",1570,"Georgia","ukesm1-0-ll","ssp126",NA,6.0042275169739,10.6161674444093
"1240",1571,"Georgia","ukesm1-0-ll","ssp126",NA,10.9861719755538,11.280915075122
"1241",1572,"Georgia","ukesm1-0-ll","ssp126",NA,16.1755002426548,8.61739915750797
"1242",1573,"Georgia","ukesm1-0-ll","ssp126",NA,1.40236778273193,15.581275729348
"1243",1574,"Georgia","ukesm1-0-ll","ssp126",NA,0.180417958997386,9.24618599732334
"1244",1575,"Georgia","ukesm1-0-ll","ssp126",NA,0.327419933623776,13.0883150188455
"1245",1576,"Georgia","ukesm1-0-ll","ssp126",NA,0.457486567068903,18.6607638970992
"1246",1577,"Georgia","ukesm1-0-ll","ssp126",NA,2.86364291448717,19.8037377161206
"1247",1578,"Georgia","ukesm1-0-ll","ssp126",NA,4.41114823428524,15.9864779345349
"1248",1579,"Georgia","ukesm1-0-ll","ssp126",NA,4.16606476991091,15.1730166677702
"1249",1580,"Georgia","ukesm1-0-ll","ssp126",NA,2.31548016918455,16.5009370596011
"1250",1581,"Georgia","ukesm1-0-ll","ssp126",NA,0.51561757724876,20.3651871133948
"1251",1582,"Georgia","ukesm1-0-ll","ssp126",NA,4.94769719869236,19.1472139446268
"1252",1583,"Georgia","ukesm1-0-ll","ssp126",NA,2.00198842006347,22.1561046831256
"1253",1584,"Georgia","ukesm1-0-ll","ssp126",NA,0.840278528443109,24.5461900466291
"1254",1585,"Georgia","ukesm1-0-ll","ssp126",NA,4.20551435140723,24.9405397429016
"1255",1586,"Georgia","ukesm1-0-ll","ssp126",NA,8.62336283187524,24.0672205003642
"1256",1587,"Georgia","ukesm1-0-ll","ssp126",NA,0.979442157051037,25.6639086116024
"1257",1588,"Georgia","ukesm1-0-ll","ssp126",NA,1.88641754511264,25.2543517770837
"1258",1589,"Georgia","ukesm1-0-ll","ssp126",NA,13.689464447255,24.9368266477423
"1259",1590,"Georgia","ukesm1-0-ll","ssp126",NA,7.92913825424816,26.0454292500568
"1260",1591,"Georgia","ukesm1-0-ll","ssp126",NA,7.9382413683081,26.3942832226326
"1261",1592,"Georgia","ukesm1-0-ll","ssp126",NA,0.997368909902743,27.8865331617453
"1262",1593,"Georgia","ukesm1-0-ll","ssp126",NA,2.24423564495054,28.6612510699626
"1263",1594,"Georgia","ukesm1-0-ll","ssp126",NA,1.45976643244636,29.8399157507945
"1264",1595,"Georgia","ukesm1-0-ll","ssp126",NA,1.55502673952353,30.6220444797026
"1265",1596,"Georgia","ukesm1-0-ll","ssp126",NA,4.92110541904378,27.7106907288041
"1266",1597,"Georgia","ukesm1-0-ll","ssp126",NA,3.46655608019268,28.5796114498998
"1267",1598,"Georgia","ukesm1-0-ll","ssp126",NA,2.58857273575543,29.8049238375832
"1268",1599,"Georgia","ukesm1-0-ll","ssp126",NA,2.0545481230789,29.3692342023873
"1269",1600,"Georgia","ukesm1-0-ll","ssp126",NA,0.90040676212075,29.8524895841215
"1270",1601,"Georgia","ukesm1-0-ll","ssp126",NA,2.88320713699661,30.5944627960427
"1271",1602,"Georgia","ukesm1-0-ll","ssp126",NA,4.29863217206519,29.2333749692608
"1272",1603,"Georgia","ukesm1-0-ll","ssp126",NA,4.44039850335508,27.566569655744
"1273",1604,"Georgia","ukesm1-0-ll","ssp126",NA,18.5871324022388,26.3065199882009
"1274",1605,"Georgia","ukesm1-0-ll","ssp126",NA,11.4536625359503,23.2667277264537
"1275",1606,"Georgia","ukesm1-0-ll","ssp126",NA,5.93941061964667,24.0545908043518
"1276",1607,"Georgia","ukesm1-0-ll","ssp126",NA,8.58981783028373,24.1664412011246
"1277",1608,"Georgia","ukesm1-0-ll","ssp126",NA,3.89554159444976,25.4138592514519
"1278",1609,"Georgia","ukesm1-0-ll","ssp126",NA,0.336648710232358,23.4899839830745
"1279",1610,"Georgia","ukesm1-0-ll","ssp126",NA,2.09636145433035,21.1714065514812
"1280",1611,"Georgia","ukesm1-0-ll","ssp126",NA,0.00119252856681293,12.0616574340525
"1281",1612,"Georgia","ukesm1-0-ll","ssp126",NA,8.05113331724067,17.0240126344252
"1282",1613,"Georgia","ukesm1-0-ll","ssp126",NA,4.64089488089664,17.4315595206568
"1283",1614,"Georgia","ukesm1-0-ll","ssp126",NA,6.22069148465293,12.8050652677153
"1284",1615,"Georgia","ukesm1-0-ll","ssp126",NA,1.9576487372783,11.8123133772511
"1285",1616,"Georgia","ukesm1-0-ll","ssp126",NA,0.950454048032893,10.0311195355062
"1286",1617,"Georgia","ukesm1-0-ll","ssp126",NA,7.91998551910423,12.8420152567201
"1287",1618,"Georgia","ukesm1-0-ll","ssp126",NA,0.0858375092534394,8.54868384261977
"1288",1619,"Georgia","ukesm1-0-ll","ssp126",NA,2.35129277151283,14.1343284329837
"1289",1620,"Georgia","ukesm1-0-ll","ssp126",NA,0.567248200143235,9.51194577713569
"1290",1621,"Georgia","ukesm1-0-ll","ssp126",NA,1.37399847716536,7.83644036761787
"1291",1622,"Georgia","ukesm1-0-ll","ssp126",NA,2.75496869214732,12.8826750896168
"1292",1623,"Georgia","ukesm1-0-ll","ssp126",NA,2.94973893634683,9.18496367152034
"1293",1624,"Georgia","ukesm1-0-ll","ssp126",NA,8.47315612701948,14.8331995190489
"1294",1625,"Georgia","ukesm1-0-ll","ssp126",NA,3.85187702530423,11.5612072074096
"1295",1626,"Georgia","ukesm1-0-ll","ssp126",NA,0.556389586468321,10.3326785034476
"1296",1627,"Georgia","ukesm1-0-ll","ssp126",NA,0.0275249064431149,8.47108879920648
"1297",1628,"Georgia","ukesm1-0-ll","ssp126",NA,11.1614715125603,10.4958935310419
"1298",1629,"Georgia","ukesm1-0-ll","ssp126",NA,6.35272337533143,14.1538705451725
"1299",1630,"Georgia","ukesm1-0-ll","ssp126",NA,9.09101487575502,14.1053495910497
"1300",1631,"Georgia","ukesm1-0-ll","ssp126",NA,3.38197577750166,12.7589958431069
"1301",1632,"Georgia","ukesm1-0-ll","ssp126",NA,3.91331487016567,19.554015256129
"1302",1633,"Georgia","ukesm1-0-ll","ssp126",NA,0.920024539820949,17.5830411675479
"1303",1634,"Georgia","ukesm1-0-ll","ssp126",NA,0.835110747984426,18.5472762655115
"1304",1635,"Georgia","ukesm1-0-ll","ssp126",NA,0.781551890946771,19.8049211774554
"1305",1636,"Georgia","ukesm1-0-ll","ssp126",NA,0.472230171744168,23.1711399475541
"1306",1637,"Georgia","ukesm1-0-ll","ssp126",NA,0.463203033173742,20.5884567445474
"1307",1638,"Georgia","ukesm1-0-ll","ssp126",NA,2.06081866942747,23.4029536877648
"1308",1639,"Georgia","ukesm1-0-ll","ssp126",NA,11.4566991462488,25.7167800570805
"1309",1640,"Georgia","ukesm1-0-ll","ssp126",NA,1.51135815512229,22.2379511281307
"1310",1641,"Georgia","ukesm1-0-ll","ssp126",NA,0.328463267921284,28.3506615590241
"1311",1642,"Georgia","ukesm1-0-ll","ssp126",NA,1.27863020838001,28.3045426264802
"1312",1643,"Georgia","ukesm1-0-ll","ssp126",NA,2.7077922133672,29.6602039401814
"1313",1644,"Georgia","ukesm1-0-ll","ssp126",NA,0.905119041303685,28.0696544434776
"1314",1645,"Georgia","ukesm1-0-ll","ssp126",NA,6.3222466898984,28.7705271279841
"1315",1646,"Georgia","ukesm1-0-ll","ssp126",NA,5.1843836204948,29.3429664002204
"1316",1647,"Georgia","ukesm1-0-ll","ssp126",NA,18.5222998880675,27.6642907094147
"1317",1648,"Georgia","ukesm1-0-ll","ssp126",NA,2.128715452394,29.5440068205679
"1318",1649,"Georgia","ukesm1-0-ll","ssp126",NA,0.24074293061999,31.2704390481944
"1319",1650,"Georgia","ukesm1-0-ll","ssp126",NA,1.88166420242098,29.49496322521
"1320",1651,"Georgia","ukesm1-0-ll","ssp126",NA,4.92657600699615,28.2869506835938
"1321",1652,"Georgia","ukesm1-0-ll","ssp126",NA,0.398685395095271,28.9654311505703
"1322",1653,"Georgia","ukesm1-0-ll","ssp126",NA,8.99975278760121,28.4048893741488
"1323",1654,"Georgia","ukesm1-0-ll","ssp126",NA,8.98102727976939,27.7609959636993
"1324",1655,"Georgia","ukesm1-0-ll","ssp126",NA,1.98760360110131,27.7130976272842
"1325",1656,"Georgia","ukesm1-0-ll","ssp126",NA,0.0296153051784805,28.0891670725825
"1326",1657,"Georgia","ukesm1-0-ll","ssp126",NA,5.05072108423341,26.4414512061611
"1327",1658,"Georgia","ukesm1-0-ll","ssp126",NA,15.2244812246744,25.5877291995735
"1328",1659,"Georgia","ukesm1-0-ll","ssp126",NA,1.86204612771372,24.0037589380297
"1329",1660,"Georgia","ukesm1-0-ll","ssp126",NA,0.0039255062542257,15.8320546295683
"1330",1661,"Georgia","ukesm1-0-ll","ssp126",NA,6.90426281526147,21.1997331448387
"1331",1662,"Georgia","ukesm1-0-ll","ssp126",NA,8.02099435461178,19.1603607399412
"1332",1663,"Georgia","ukesm1-0-ll","ssp126",NA,0.046817389781144,14.3924312563843
"1333",1664,"Georgia","ukesm1-0-ll","ssp126",NA,3.95787813152907,11.0703505841641
"1334",1665,"Georgia","ukesm1-0-ll","ssp126",NA,2.21590417365447,12.6191453836732
"1335",1666,"Georgia","ukesm1-0-ll","ssp126",NA,0.853702306252249,10.5785611427437
"1336",1667,"Georgia","ukesm1-0-ll","ssp126",NA,0.0152753901252265,8.09128763785376
"1337",1668,"Georgia","ukesm1-0-ll","ssp126",NA,6.63680629426046,6.68750638430693
"1338",1669,"Georgia","ukesm1-0-ll","ssp126",NA,1.21020653998535,6.22708007221363
"1339",1670,"Georgia","ukesm1-0-ll","ssp126",NA,7.78186034508299,6.08782525974673
"1340",1671,"Georgia","ukesm1-0-ll","ssp126",NA,2.95924288269151,10.8016688755581
"1341",1672,"Georgia","ukesm1-0-ll","ssp126",NA,4.41500160095507,10.3986412510168
"1342",1673,"Georgia","ukesm1-0-ll","ssp126",NA,3.53785643176423,6.39820934969925
"1343",1674,"Georgia","ukesm1-0-ll","ssp126",NA,5.20093134853609,6.45936672404663
"1344",1675,"Georgia","ukesm1-0-ll","ssp126",NA,0.634587117143894,4.78574335500059
"1345",1676,"Georgia","ukesm1-0-ll","ssp126",NA,1.66021054801934,1.31433573946828
"1346",1677,"Georgia","ukesm1-0-ll","ssp126",NA,1.33189527466149,9.50685717418756
"1347",1678,"Georgia","ukesm1-0-ll","ssp126",NA,2.46384939393738,13.5448325685958
"1348",1679,"Georgia","ukesm1-0-ll","ssp126",NA,1.3841462532547,11.1469266508163
"1349",1680,"Georgia","ukesm1-0-ll","ssp126",NA,5.71051661075109,14.8636984023863
"1350",1681,"Georgia","ukesm1-0-ll","ssp126",NA,10.9019553724873,15.4879022113348
"1351",1682,"Georgia","ukesm1-0-ll","ssp126",NA,0.949151713307918,16.1454507970926
"1352",1683,"Georgia","ukesm1-0-ll","ssp126",NA,0.969049456023983,21.0613361497191
"1353",1684,"Georgia","ukesm1-0-ll","ssp126",NA,0.00107539981003505,12.7421480709935
"1354",1685,"Georgia","ukesm1-0-ll","ssp126",NA,2.79761042602375,17.1195169887589
"1355",1686,"Georgia","ukesm1-0-ll","ssp126",NA,7.33131048414807,16.7089934933272
"1356",1687,"Georgia","ukesm1-0-ll","ssp126",NA,0.952449408529657,19.8364213033681
"1357",1688,"Georgia","ukesm1-0-ll","ssp126",NA,0,20.5485227570984
"1358",1689,"Georgia","ukesm1-0-ll","ssp126",NA,0.422335745907592,19.9664315064364
"1359",1690,"Georgia","ukesm1-0-ll","ssp126",NA,0.460200287102287,22.7885919086004
"1360",1691,"Georgia","ukesm1-0-ll","ssp126",NA,1.9008777763497,24.5155527627497
"1361",1692,"Georgia","ukesm1-0-ll","ssp126",NA,3.91645402850048,24.2303041471985
"1362",1693,"Georgia","ukesm1-0-ll","ssp126",NA,10.7832338004965,26.0781194137315
"1363",1694,"Georgia","ukesm1-0-ll","ssp126",NA,7.30987652808677,25.6004861383692
"1364",1695,"Georgia","ukesm1-0-ll","ssp126",NA,5.45364524652154,25.8311371071287
"1365",1696,"Georgia","ukesm1-0-ll","ssp126",NA,2.72376275045779,28.5071296895099
"1366",1697,"Georgia","ukesm1-0-ll","ssp126",NA,4.18967811342521,28.9871348383352
"1367",1698,"Georgia","ukesm1-0-ll","ssp126",NA,2.3878072735787,29.2051544115561
"1368",1699,"Georgia","ukesm1-0-ll","ssp126",NA,0.862808631974488,31.3044589063446
"1369",1700,"Georgia","ukesm1-0-ll","ssp126",NA,2.305953359504,30.1610532598981
"1370",1701,"Georgia","ukesm1-0-ll","ssp126",NA,1.65489592432767,29.2551531406061
"1371",1702,"Georgia","ukesm1-0-ll","ssp126",NA,6.86279479034043,27.7967268752128
"1372",1703,"Georgia","ukesm1-0-ll","ssp126",NA,1.71476343708694,28.3292424310495
"1373",1704,"Georgia","ukesm1-0-ll","ssp126",NA,3.28243586889972,29.5610944475447
"1374",1705,"Georgia","ukesm1-0-ll","ssp126",NA,1.1076508937505,28.6119529151455
"1375",1706,"Georgia","ukesm1-0-ll","ssp126",NA,0.552205544918516,28.4163545252913
"1376",1707,"Georgia","ukesm1-0-ll","ssp126",NA,0.358085077858724,29.039048120531
"1377",1708,"Georgia","ukesm1-0-ll","ssp126",NA,0.590219273746949,29.5034537622484
"1378",1709,"Georgia","ukesm1-0-ll","ssp126",NA,0.196504769593812,28.1064264255921
"1379",1710,"Georgia","ukesm1-0-ll","ssp126",NA,0.0753827719239842,24.0847340433707
"1380",1711,"Georgia","ukesm1-0-ll","ssp126",NA,0.718141522715127,24.3633471177219
"1381",1712,"Georgia","ukesm1-0-ll","ssp126",NA,0.987609298561694,22.6272995623203
"1382",1713,"Georgia","ukesm1-0-ll","ssp126",NA,0.820488714495231,17.7472351222004
"1383",1714,"Georgia","ukesm1-0-ll","ssp126",NA,0.000651434652189348,17.6428774928354
"1384",1715,"Georgia","ukesm1-0-ll","ssp126",NA,0.00612983483196513,18.8243081894106
"1385",1716,"Georgia","ukesm1-0-ll","ssp126",NA,0.831230813167698,20.578185695251
"1386",1717,"Georgia","ukesm1-0-ll","ssp126",NA,3.55323603721324,14.8845119818071
"1387",1718,"Georgia","ukesm1-0-ll","ssp126",NA,0.0858653384198045,9.38659153677363
"1388",1719,"Georgia","ukesm1-0-ll","ssp126",NA,6.74081628898746,8.80287590858148
"1389",1720,"Georgia","ukesm1-0-ll","ssp126",NA,0.981837675073806,10.0426779389093
"1390",1721,"Georgia","ukesm1-0-ll","ssp126",NA,3.24250940428334,10.5843496548928
"1391",1722,"Georgia","ukesm1-0-ll","ssp126",NA,0.000288694735356273,9.03708590676077
"1392",1723,"Georgia","ukesm1-0-ll","ssp126",NA,2.92294810156074,15.6426785743843
"1393",1724,"Georgia","ukesm1-0-ll","ssp126",NA,6.81891832999179,9.86511189088985
"1394",1725,"Georgia","ukesm1-0-ll","ssp126",NA,8.47996275469401,10.8828954368758
"1395",1726,"Georgia","ukesm1-0-ll","ssp126",NA,0.11844767928034,5.43672874025804
"1396",1727,"Georgia","ukesm1-0-ll","ssp126",NA,0.0110918310216203,7.81778629478475
"1397",1728,"Georgia","ukesm1-0-ll","ssp126",NA,1.85928862779854,6.5945459250388
"1398",1729,"Georgia","ukesm1-0-ll","ssp126",NA,5.8363678296826,12.3577100111844
"1399",1730,"Georgia","ukesm1-0-ll","ssp126",NA,2.9418835414146,7.61962243327219
"1400",1731,"Georgia","ukesm1-0-ll","ssp126",NA,3.49100138684913,12.9123430524554
"1401",1732,"Georgia","ukesm1-0-ll","ssp126",NA,4.89168635935125,18.1921121001532
"1402",1733,"Georgia","ukesm1-0-ll","ssp126",NA,2.18597928685259,19.8314261004654
"1403",1734,"Georgia","ukesm1-0-ll","ssp126",NA,0.328332912646878,17.4358081882283
"1404",1735,"Georgia","ukesm1-0-ll","ssp126",NA,0.861597228476064,15.1344748139093
"1405",1736,"Georgia","ukesm1-0-ll","ssp126",NA,0.946448408190372,18.6239937622957
"1406",1737,"Georgia","ukesm1-0-ll","ssp126",NA,2.54379199287777,18.4506718744089
"1407",1738,"Georgia","ukesm1-0-ll","ssp126",NA,15.2923874792597,17.8198121299467
"1408",1739,"Georgia","ukesm1-0-ll","ssp126",NA,3.47615481236278,21.9108984552342
"1409",1740,"Georgia","ukesm1-0-ll","ssp126",NA,0.177643586332045,25.3406119653734
"1410",1741,"Georgia","ukesm1-0-ll","ssp126",NA,3.46122855098788,22.8944745301623
"1411",1742,"Georgia","ukesm1-0-ll","ssp126",NA,0.00281974001751382,25.87820134567
"1412",1743,"Georgia","ukesm1-0-ll","ssp126",NA,2.91108932849186,25.1828121453163
"1413",1744,"Georgia","ukesm1-0-ll","ssp126",NA,1.5057025505152,23.0786264636615
"1414",1745,"Georgia","ukesm1-0-ll","ssp126",NA,4.43083352491435,26.5167730225201
"1415",1746,"Georgia","ukesm1-0-ll","ssp126",NA,4.99132572995112,28.2985349493512
"1416",1747,"Georgia","ukesm1-0-ll","ssp126",NA,2.23072007426618,26.5623549048029
"1417",1748,"Georgia","ukesm1-0-ll","ssp126",NA,4.86047075953356,27.9096577272577
"1418",1749,"Georgia","ukesm1-0-ll","ssp126",NA,4.73243083583695,28.4975194603133
"1419",1750,"Georgia","ukesm1-0-ll","ssp126",NA,1.66001580588189,31.2130229220264
"1420",1751,"Georgia","ukesm1-0-ll","ssp126",NA,2.17137053869737,30.4747456622182
"1421",1752,"Georgia","ukesm1-0-ll","ssp126",NA,2.0029936695324,30.9385820365703
"1422",1753,"Georgia","ukesm1-0-ll","ssp126",NA,7.96765953124765,28.8998592201215
"1423",1754,"Georgia","ukesm1-0-ll","ssp126",NA,5.00780164759401,28.6620915225863
"1424",1755,"Georgia","ukesm1-0-ll","ssp126",NA,1.9393070605983,30.6515319233079
"1425",1756,"Georgia","ukesm1-0-ll","ssp126",NA,2.98662321935652,29.3319632985113
"1426",1757,"Georgia","ukesm1-0-ll","ssp126",NA,5.20449806246543,26.6064776330537
"1427",1758,"Georgia","ukesm1-0-ll","ssp126",NA,0.13794727466686,30.4686961619675
"1428",1759,"Georgia","ukesm1-0-ll","ssp126",NA,0.468371487534967,30.218649831407
"1429",1760,"Georgia","ukesm1-0-ll","ssp126",NA,14.3908566524564,27.3838898813465
"1430",1761,"Georgia","ukesm1-0-ll","ssp126",NA,2.69635737163618,25.6583523433953
"1431",1762,"Georgia","ukesm1-0-ll","ssp126",NA,2.51318315438339,26.8564843572658
"1432",1763,"Georgia","ukesm1-0-ll","ssp126",NA,0.492681205380599,19.9127562589853
"1433",1764,"Georgia","ukesm1-0-ll","ssp126",NA,0.774867438913332,17.1264829030626
"1434",1765,"Georgia","ukesm1-0-ll","ssp126",NA,0,17.0917669781184
"1435",1766,"Georgia","ukesm1-0-ll","ssp126",NA,0.0317402234685804,17.4867575435315
"1436",1767,"Georgia","ukesm1-0-ll","ssp126",NA,2.67591055420137,20.357105718802
"1437",1768,"Georgia","ukesm1-0-ll","ssp126",NA,4.79896871267741,21.9401708718362
"1438",1769,"Georgia","ukesm1-0-ll","ssp126",NA,0.523397352443533,16.3621359467218
"1439",1770,"Georgia","ukesm1-0-ll","ssp126",NA,6.14581254067734,17.0193890366081
"1440",1771,"Georgia","ukesm1-0-ll","ssp126",NA,5.47456723467185,10.587801170811
"1441",1772,"Georgia","ukesm1-0-ll","ssp126",NA,1.53161460363925,9.2885226713832
"1442",1773,"Georgia","ukesm1-0-ll","ssp126",NA,2.27162932050973,9.66259945922558
"1443",1774,"Georgia","ukesm1-0-ll","ssp126",NA,5.23925909915779,9.33076564982788
"1444",1775,"Georgia","ukesm1-0-ll","ssp126",NA,2.33880372554453,8.4849361687538
"1445",1776,"Georgia","ukesm1-0-ll","ssp126",NA,4.59727844263882,13.2459302555851
"1446",1777,"Georgia","ukesm1-0-ll","ssp126",NA,14.4445123626912,9.81495732268181
"1447",1778,"Georgia","ukesm1-0-ll","ssp126",NA,3.01914143245032,7.66960010297653
"1448",1779,"Georgia","ukesm1-0-ll","ssp126",NA,0.331898230134086,8.87587513773554
"1449",1780,"Georgia","ukesm1-0-ll","ssp126",NA,2.7114546341102,11.2605577076319
"1450",1781,"Georgia","ukesm1-0-ll","ssp126",NA,11.9611798890335,11.4998627374017
"1451",1782,"Georgia","ukesm1-0-ll","ssp126",NA,10.9290800230363,6.51579786397645
"1452",1783,"Georgia","ukesm1-0-ll","ssp126",NA,0.482273601986445,9.57566692361534
"1453",1784,"Georgia","ukesm1-0-ll","ssp126",NA,10.0358312910807,9.31482306011655
"1454",1785,"Georgia","ukesm1-0-ll","ssp126",NA,3.38103656879318,11.9307907437008
"1455",1786,"Georgia","ukesm1-0-ll","ssp126",NA,4.93334876930206,12.7870300440754
"1456",1787,"Georgia","ukesm1-0-ll","ssp126",NA,2.00117584350515,17.303168227078
"1457",1788,"Georgia","ukesm1-0-ll","ssp126",NA,0.37661658554749,16.5370357337933
"1458",1789,"Georgia","ukesm1-0-ll","ssp126",NA,1.672627017312,17.2673459845074
"1459",1790,"Georgia","ukesm1-0-ll","ssp126",NA,1.8874873045237,17.2989374414772
"1460",1791,"Georgia","ukesm1-0-ll","ssp126",NA,0.000243647531485049,20.3762420875974
"1461",1792,"Georgia","ukesm1-0-ll","ssp126",NA,0.0747627944050379,23.6433517345216
"1462",1793,"Georgia","ukesm1-0-ll","ssp126",NA,0.824281286688928,23.7428678572611
"1463",1794,"Georgia","ukesm1-0-ll","ssp126",NA,0.0252665400857201,23.5900756540368
"1464",1795,"Georgia","ukesm1-0-ll","ssp126",NA,0.279020660549066,25.1486426549732
"1465",1796,"Georgia","ukesm1-0-ll","ssp126",NA,0.21703914006152,27.9752124407678
"1466",1797,"Georgia","ukesm1-0-ll","ssp126",NA,4.69183787658872,27.384075129696
"1467",1798,"Georgia","ukesm1-0-ll","ssp126",NA,4.24868272457741,24.196776708275
"1468",1799,"Georgia","ukesm1-0-ll","ssp126",NA,11.8211509718455,27.4002566136691
"1469",1800,"Georgia","ukesm1-0-ll","ssp126",NA,2.47919224164756,28.7313964991535
"1470",1801,"Georgia","ukesm1-0-ll","ssp126",NA,3.65881225679253,29.7630592623288
"1471",1802,"Georgia","ukesm1-0-ll","ssp126",NA,0.861408883097162,30.4012639154245
"1472",1803,"Georgia","ukesm1-0-ll","ssp126",NA,5.73686208074504,30.3484113125189
"1473",1804,"Georgia","ukesm1-0-ll","ssp126",NA,11.4788039152457,28.34825968523
"1474",1805,"Georgia","ukesm1-0-ll","ssp126",NA,13.3937912404318,28.3263272264679
"1475",1806,"Georgia","ukesm1-0-ll","ssp126",NA,1.72016306913078,30.7170575970888
"1476",1807,"Georgia","ukesm1-0-ll","ssp126",NA,9.79281821019134,28.5020003718268
"1477",1808,"Georgia","ukesm1-0-ll","ssp126",NA,3.93952058414098,29.3116595030408
"1478",1809,"Georgia","ukesm1-0-ll","ssp126",NA,0.605813980824638,30.2822918390824
"1479",1810,"Georgia","ukesm1-0-ll","ssp126",NA,0.00573135184734517,32.84661653902
"1480",1811,"Georgia","ukesm1-0-ll","ssp126",NA,5.48902244856356,29.3607107093202
"1481",1812,"Georgia","ukesm1-0-ll","ssp126",NA,3.58676782684256,27.4067110444963
"1482",1813,"Georgia","ukesm1-0-ll","ssp126",NA,3.8421706543569,27.1436224764254
"1483",1814,"Georgia","ukesm1-0-ll","ssp126",NA,8.67366185635903,22.1296629381526
"1484",1815,"Georgia","ukesm1-0-ll","ssp126",NA,1.97724186581874,20.2033179627204
"1485",1816,"Georgia","ukesm1-0-ll","ssp126",NA,0.103846043454721,20.9569858357058
"1486",1817,"Georgia","ukesm1-0-ll","ssp126",NA,6.04145185172927,22.5947930213614
"1487",1818,"Georgia","ukesm1-0-ll","ssp126",NA,0.0236879446326778,18.0137982606311
"1488",1819,"Georgia","ukesm1-0-ll","ssp126",NA,0.2149125902542,18.2159557130089
"1489",1820,"Georgia","ukesm1-0-ll","ssp126",NA,7.1481833433699,15.9776415069802
"1490",1821,"Georgia","ukesm1-0-ll","ssp126",NA,0.794977824601892,13.7879443891401
"1491",1822,"Georgia","ukesm1-0-ll","ssp126",NA,2.45660859864625,16.9395990182355
"1492",1823,"Georgia","ukesm1-0-ll","ssp126",NA,3.97491630326963,18.060988264107
"1493",1824,"Georgia","ukesm1-0-ll","ssp126",NA,3.86586944243465,11.7718396794132
"1494",1825,"Georgia","ukesm1-0-ll","ssp126",NA,0.50841486795159,6.51440646931279
"1495",1826,"Georgia","ukesm1-0-ll","ssp126",NA,0.00414445655970506,7.57345103709521
"1496",1827,"Georgia","ukesm1-0-ll","ssp126",NA,5.80432191907425,10.8152138033445
"1497",1828,"Georgia","ukesm1-0-ll","ssp126",NA,3.24892166304898,8.27988863522437
"1498",1829,"Georgia","ukesm1-0-ll","ssp126",NA,3.41414214587638,17.5560626678836
"1499",1830,"Georgia","ukesm1-0-ll","ssp126",NA,2.65116678910691,16.6403198537757
"1500",1831,"Georgia","ukesm1-0-ll","ssp126",NA,2.1729524022745,14.7020742051538
"1501",1832,"Georgia","ukesm1-0-ll","ssp126",NA,16.1004323545533,11.9505543115353
"1502",1833,"Georgia","ukesm1-0-ll","ssp126",NA,2.68680785749286,13.0238038882794
"1503",1834,"Georgia","ukesm1-0-ll","ssp126",NA,10.7205561637751,11.4166174345963
"1504",1835,"Georgia","ukesm1-0-ll","ssp126",NA,6.97850209377489,14.4648318089816
"1505",1836,"Georgia","ukesm1-0-ll","ssp126",NA,5.03601383062468,11.0343000878434
"1506",1837,"Georgia","ukesm1-0-ll","ssp126",NA,4.47853783239588,16.9917082631848
"1507",1838,"Georgia","ukesm1-0-ll","ssp126",NA,3.94959682988141,11.9062044379209
"1508",1839,"Georgia","ukesm1-0-ll","ssp126",NA,4.37224267688935,16.7873388405862
"1509",1840,"Georgia","ukesm1-0-ll","ssp126",NA,6.69145352076509,17.9462324165548
"1510",1841,"Georgia","ukesm1-0-ll","ssp126",NA,0.035907240958262,13.4356210186753
"1511",1842,"Georgia","ukesm1-0-ll","ssp126",NA,0.973201869223875,17.2792260417061
"1512",1843,"Georgia","ukesm1-0-ll","ssp126",NA,2.1965013643008,20.4253348214286
"1513",1844,"Georgia","ukesm1-0-ll","ssp126",NA,2.6893136337248,21.0243649535837
"1514",1845,"Georgia","ukesm1-0-ll","ssp126",NA,0.319184295193743,21.3482297587914
"1515",1846,"Georgia","ukesm1-0-ll","ssp126",NA,1.96184289768823,24.1936917727565
"1516",1847,"Georgia","ukesm1-0-ll","ssp126",NA,0.511833869245878,24.8212191898078
"1517",1848,"Georgia","ukesm1-0-ll","ssp126",NA,1.05270597601266,28.5717509198131
"1518",1849,"Georgia","ukesm1-0-ll","ssp126",NA,15.2816960974675,21.4481123880382
"1519",1850,"Georgia","ukesm1-0-ll","ssp126",NA,0.384586434603293,25.223165176798
"1520",1851,"Georgia","ukesm1-0-ll","ssp126",NA,1.10647971922521,28.6279730180274
"1521",1852,"Georgia","ukesm1-0-ll","ssp126",NA,9.18515161945605,28.7303724977064
"1522",1853,"Georgia","ukesm1-0-ll","ssp126",NA,6.89449062274148,28.4149468003982
"1523",1854,"Georgia","ukesm1-0-ll","ssp126",NA,5.13064186488038,27.0138271525755
"1524",1855,"Georgia","ukesm1-0-ll","ssp126",NA,3.12159656924267,29.3180348689562
"1525",1856,"Georgia","ukesm1-0-ll","ssp126",NA,5.0620738175218,29.8803889313853
"1526",1857,"Georgia","ukesm1-0-ll","ssp126",NA,0.279003563878232,27.4100894807904
"1527",1858,"Georgia","ukesm1-0-ll","ssp126",NA,0.85462570385383,32.3422146185259
"1528",1859,"Georgia","ukesm1-0-ll","ssp126",NA,1.97047713533234,30.7440013673057
"1529",1860,"Georgia","ukesm1-0-ll","ssp126",NA,1.60120183765605,31.540212517616
"1530",1861,"Georgia","ukesm1-0-ll","ssp126",NA,2.65276482812879,30.2030196589362
"1531",1862,"Georgia","ukesm1-0-ll","ssp126",NA,2.54934060340416,28.2670453161651
"1532",1863,"Georgia","ukesm1-0-ll","ssp126",NA,4.96621218484039,25.9415248769248
"1533",1864,"Georgia","ukesm1-0-ll","ssp126",NA,8.97678401765728,24.8714514928638
"1534",1865,"Georgia","ukesm1-0-ll","ssp126",NA,3.4021330205484,25.5959879360245
"1535",1866,"Georgia","ukesm1-0-ll","ssp126",NA,1.99300555958944,21.0022512366639
"1536",1867,"Georgia","ukesm1-0-ll","ssp126",NA,1.39326724122687,21.7162949532054
"1537",1868,"Georgia","ukesm1-0-ll","ssp126",NA,8.86161759139936,17.7108722086392
"1538",1869,"Georgia","ukesm1-0-ll","ssp126",NA,2.4181580530638,20.1969534589939
"1539",1870,"Georgia","ukesm1-0-ll","ssp126",NA,1.778975763946,13.9300235184861
"1540",1871,"Georgia","ukesm1-0-ll","ssp126",NA,1.40271247911335,16.6390867367207
"1541",1872,"Georgia","ukesm1-0-ll","ssp126",NA,1.78429648636648,21.8659257422348
"1542",1873,"Georgia","ukesm1-0-ll","ssp126",NA,5.79720436494415,18.8610747773769
"1543",1874,"Georgia","ukesm1-0-ll","ssp126",NA,0.370696894837894,13.3124742410951
"1544",1875,"Georgia","ukesm1-0-ll","ssp126",NA,0.00333425180060416,7.242573765346
"1545",1876,"Georgia","ukesm1-0-ll","ssp126",NA,0.449388664947697,10.9474531196798
"1546",1877,"Georgia","ukesm1-0-ll","ssp126",NA,0.695114337039042,8.53404338550339
"1547",1878,"Georgia","ukesm1-0-ll","ssp126",NA,3.8051865334527,11.4406886361702
"1548",1879,"Georgia","ukesm1-0-ll","ssp126",NA,5.73278492625066,7.98609243767027
"1549",1880,"Georgia","ukesm1-0-ll","ssp126",NA,0.418869327203699,10.8144272922027
"1550",1881,"Georgia","ukesm1-0-ll","ssp126",NA,3.81017546802539,12.7456546367802
"1551",1882,"Georgia","ukesm1-0-ll","ssp126",NA,1.23895729441604,9.75920015570617
"1552",1883,"Georgia","ukesm1-0-ll","ssp126",NA,2.73572940477563,10.1029329387674
"1553",1884,"Georgia","ukesm1-0-ll","ssp126",NA,3.83971699748827,12.2879391427768
"1554",1885,"Georgia","ukesm1-0-ll","ssp126",NA,0.869795423777341,10.0722191762116
"1555",1886,"Georgia","ukesm1-0-ll","ssp126",NA,6.68848080743926,13.3810526332902
"1556",1887,"Georgia","ukesm1-0-ll","ssp126",NA,7.74557705725482,12.9688356708961
"1557",1888,"Georgia","ukesm1-0-ll","ssp126",NA,22.8817925246324,17.1809762876201
"1558",1889,"Georgia","ukesm1-0-ll","ssp126",NA,1.45501319782645,13.6640858056759
"1559",1890,"Georgia","ukesm1-0-ll","ssp126",NA,2.67684002113549,13.3762224322081
"1560",1891,"Georgia","ukesm1-0-ll","ssp126",NA,3.22353049844095,15.5490492407404
"1561",1892,"Georgia","ukesm1-0-ll","ssp126",NA,0.452346785352202,20.0571541331294
"1562",1893,"Georgia","ukesm1-0-ll","ssp126",NA,2.59383845590818,18.4582703818998
"1563",1894,"Georgia","ukesm1-0-ll","ssp126",NA,4.13548739475724,15.4507252247513
"1564",1895,"Georgia","ukesm1-0-ll","ssp126",NA,2.79065920333692,20.7410698324947
"1565",1896,"Georgia","ukesm1-0-ll","ssp126",NA,4.54003586516171,17.4831760508096
"1566",1897,"Georgia","ukesm1-0-ll","ssp126",NA,4.76341563080055,20.5762090724548
"1567",1898,"Georgia","ukesm1-0-ll","ssp126",NA,1.50757986756953,19.9869348114974
"1568",1899,"Georgia","ukesm1-0-ll","ssp126",NA,0.742905406993374,22.8953196380098
"1569",1900,"Georgia","ukesm1-0-ll","ssp126",NA,0.982501315151059,25.0147006351203
"1570",1901,"Georgia","ukesm1-0-ll","ssp126",NA,2.17528661019709,26.0031524288741
"1571",1902,"Georgia","ukesm1-0-ll","ssp126",NA,3.85505861887895,25.9975188691737
"1572",1903,"Georgia","ukesm1-0-ll","ssp126",NA,7.71270976899467,27.0730232737544
"1573",1904,"Georgia","ukesm1-0-ll","ssp126",NA,6.44904532195402,28.0066734775793
"1574",1905,"Georgia","ukesm1-0-ll","ssp126",NA,9.83865585681693,27.3042455788675
"1575",1906,"Georgia","ukesm1-0-ll","ssp126",NA,0.413767624964312,27.795442698481
"1576",1907,"Georgia","ukesm1-0-ll","ssp126",NA,6.30042889100763,27.8449378505458
"1577",1908,"Georgia","ukesm1-0-ll","ssp126",NA,4.66525909692091,29.104745742022
"1578",1909,"Georgia","ukesm1-0-ll","ssp126",NA,2.09621501727021,30.0147245023788
"1579",1910,"Georgia","ukesm1-0-ll","ssp126",NA,7.70096771108931,31.3163592839645
"1580",1911,"Georgia","ukesm1-0-ll","ssp126",NA,9.65351147788522,27.5290099802087
"1581",1912,"Georgia","ukesm1-0-ll","ssp126",NA,19.3535068703907,27.7243436873392
"1582",1913,"Georgia","ukesm1-0-ll","ssp126",NA,5.57386619951017,26.9933353747352
"1583",1914,"Georgia","ukesm1-0-ll","ssp126",NA,4.99369221922057,27.1979981503244
"1584",1915,"Georgia","ukesm1-0-ll","ssp126",NA,4.58442945712971,26.3583936640483
"1585",1916,"Georgia","ukesm1-0-ll","ssp126",NA,3.54344463567626,26.7263481675857
"1586",1917,"Georgia","ukesm1-0-ll","ssp126",NA,0.0842386721321197,26.7487457792638
"1587",1918,"Georgia","ukesm1-0-ll","ssp126",NA,1.37589051502435,20.4872932637286
"1588",1919,"Georgia","ukesm1-0-ll","ssp126",NA,0.0500804644876293,19.8322893119609
"1589",1920,"Georgia","ukesm1-0-ll","ssp126",NA,2.89170590957492,22.3217032591887
"1590",1921,"Georgia","ukesm1-0-ll","ssp126",NA,0.816995744958754,19.3381100412143
"1591",1922,"Georgia","ukesm1-0-ll","ssp126",NA,0.0247826687853851,20.312805500908
"1592",1923,"Georgia","ukesm1-0-ll","ssp126",NA,1.06942107090739,20.3928814830272
"1593",1924,"Georgia","ukesm1-0-ll","ssp126",NA,0.00977528464694883,14.2007114807572
"1594",1925,"Georgia","ukesm1-0-ll","ssp126",NA,2.59068170537546,15.7034656737099
"1595",1926,"Georgia","ukesm1-0-ll","ssp126",NA,0.00314387619962181,10.7779816191075
"1596",1927,"Georgia","ukesm1-0-ll","ssp126",NA,7.85009347367609,12.8872891553089
"1597",1928,"Georgia","ukesm1-0-ll","ssp126",NA,0.971492739169616,10.1395411752327
"1598",1929,"Georgia","ukesm1-0-ll","ssp126",NA,1.80629134655609,16.5479466177361
"1599",1930,"Georgia","ukesm1-0-ll","ssp126",NA,0.535823215678376,9.71111886160717
"1600",1931,"Georgia","ukesm1-0-ll","ssp126",NA,4.57056193807822,11.1768943952879
"1601",1932,"Georgia","ukesm1-0-ll","ssp126",NA,10.8236883521496,7.76973514880167
"1602",1933,"Georgia","ukesm1-0-ll","ssp126",NA,0.133345207410615,9.93764641048258
"1603",1934,"Georgia","ukesm1-0-ll","ssp126",NA,4.05973132463427,9.51185821459313
"1604",1935,"Georgia","ukesm1-0-ll","ssp126",NA,4.50528052309447,8.37721362541146
"1605",1936,"Georgia","ukesm1-0-ll","ssp126",NA,0.0209638928777773,7.63278156862423
"1606",1937,"Georgia","ukesm1-0-ll","ssp126",NA,2.04983186034352,14.3188884744344
"1607",1938,"Georgia","ukesm1-0-ll","ssp126",NA,8.83664644021892,14.0719915874934
"1608",1939,"Georgia","ukesm1-0-ll","ssp126",NA,9.72028694688547,10.3113420611144
"1609",1940,"Georgia","ukesm1-0-ll","ssp126",NA,0.670427311399167,9.75934143805333
"1610",1941,"Georgia","ukesm1-0-ll","ssp126",NA,8.37492654108164,10.7388877887126
"1611",1942,"Georgia","ukesm1-0-ll","ssp126",NA,4.09110663179118,11.0667315540822
"1612",1943,"Georgia","ukesm1-0-ll","ssp126",NA,2.64690389551335,14.2103815628311
"1613",1944,"Georgia","ukesm1-0-ll","ssp126",NA,0,13.0482639857701
"1614",1945,"Georgia","ukesm1-0-ll","ssp126",NA,6.36020740277703,17.1308179508976
"1615",1946,"Georgia","ukesm1-0-ll","ssp126",NA,3.27831521371682,16.1785585269513
"1616",1947,"Georgia","ukesm1-0-ll","ssp126",NA,3.94614640318093,17.9081687945719
"1617",1948,"Georgia","ukesm1-0-ll","ssp126",NA,3.73274359038454,17.425974656075
"1618",1949,"Georgia","ukesm1-0-ll","ssp126",NA,0.083086755260853,19.081898568733
"1619",1950,"Georgia","ukesm1-0-ll","ssp126",NA,5.43368065850029,20.7461495683499
"1620",1951,"Georgia","ukesm1-0-ll","ssp126",NA,9.72456781004809,22.5936902505722
"1621",1952,"Georgia","ukesm1-0-ll","ssp126",NA,10.265566851252,23.6839831188285
"1622",1953,"Georgia","ukesm1-0-ll","ssp126",NA,3.8162439116558,23.5011007313578
"1623",1954,"Georgia","ukesm1-0-ll","ssp126",NA,0.175868279999545,25.3655853197592
"1624",1955,"Georgia","ukesm1-0-ll","ssp126",NA,2.82550665141159,27.8302268261483
"1625",1956,"Georgia","ukesm1-0-ll","ssp126",NA,3.64588092020258,27.5471096380571
"1626",1957,"Georgia","ukesm1-0-ll","ssp126",NA,3.14012114773399,26.7710560500766
"1627",1958,"Georgia","ukesm1-0-ll","ssp126",NA,2.21022285030071,27.280009227688
"1628",1959,"Georgia","ukesm1-0-ll","ssp126",NA,3.67299357949598,28.1197481243143
"1629",1960,"Georgia","ukesm1-0-ll","ssp126",NA,5.2260882053049,28.8521978567645
"1630",1961,"Georgia","ukesm1-0-ll","ssp126",NA,2.3204673357471,31.1296958202889
"1631",1962,"Georgia","ukesm1-0-ll","ssp126",NA,2.5675951883778,31.5103851687822
"1632",1963,"Georgia","ukesm1-0-ll","ssp126",NA,2.26804464443175,30.6715879574238
"1633",1964,"Georgia","ukesm1-0-ll","ssp126",NA,0.141488936165164,30.8408018689468
"1634",1965,"Georgia","ukesm1-0-ll","ssp126",NA,2.236583774389,31.513204239298
"1635",1966,"Georgia","ukesm1-0-ll","ssp126",NA,2.44192581867581,29.0682949703485
"1636",1967,"Georgia","ukesm1-0-ll","ssp126",NA,12.0046567301934,25.4089697886322
"1637",1968,"Georgia","ukesm1-0-ll","ssp126",NA,2.5648387861615,27.331327675734
"1638",1969,"Georgia","ukesm1-0-ll","ssp126",NA,1.41646631395738,26.2820853836023
"1639",1970,"Georgia","ukesm1-0-ll","ssp126",NA,3.0916123010076,26.6302938318137
"1640",1971,"Georgia","ukesm1-0-ll","ssp126",NA,1.86201623257883,26.79878677479
"1641",1972,"Georgia","ukesm1-0-ll","ssp126",NA,1.69837051386577,26.7951752078447
"1642",1973,"Georgia","ukesm1-0-ll","ssp126",NA,7.78714578990054,24.3681080076943
"1643",1974,"Georgia","ukesm1-0-ll","ssp126",NA,3.37123434764209,16.3384570401171
"1644",1975,"Georgia","ukesm1-0-ll","ssp126",NA,0.00682889373795994,15.7335275571514
"1645",1976,"Georgia","ukesm1-0-ll","ssp126",NA,3.54691335606592,17.9426046671648
"1646",1977,"Georgia","ukesm1-0-ll","ssp126",NA,0.00336459572818784,14.7741208868512
"1647",1978,"Georgia","ukesm1-0-ll","ssp126",NA,0.240367028281782,13.4825373984423
"1648",1979,"Georgia","ukesm1-0-ll","ssp126",NA,1.63390487625742,9.34306253428611
"1649",1980,"Georgia","ukesm1-0-ll","ssp126",NA,0.110999334587833,11.9193173904973
"1650",1981,"Georgia","ukesm1-0-ll","ssp126",NA,10.8285481472313,14.801128647922
"1651",1982,"Georgia","ukesm1-0-ll","ssp126",NA,0.256773912142682,6.17138009798731
"1652",1983,"Georgia","ukesm1-0-ll","ssp126",NA,3.22359542670924,8.4162630464494
"1653",1984,"Georgia","ukesm1-0-ll","ssp126",NA,1.32212970955143,13.5191782953664
"1654",1985,"Georgia","ukesm1-0-ll","ssp126",NA,4.56644988870331,10.5586315385943
"1655",1986,"Georgia","ukesm1-0-ll","ssp126",NA,17.2068741025395,9.4632871613953
"1656",1987,"Georgia","ukesm1-0-ll","ssp126",NA,0.524243923966212,4.77186753686348
"1657",1988,"Georgia","ukesm1-0-ll","ssp126",NA,3.60921865436735,10.8099098039309
"1658",1989,"Georgia","ukesm1-0-ll","ssp126",NA,12.3978200177426,15.4304247544407
"1659",1990,"Georgia","ukesm1-0-ll","ssp126",NA,6.560569785471,15.9927114269635
"1660",1991,"Georgia","ukesm1-0-ll","ssp126",NA,1.10274388073052,14.1214336847855
"1661",1992,"Georgia","ukesm1-0-ll","ssp126",NA,5.74073842652831,18.5805269772435
"1662",1993,"Georgia","ukesm1-0-ll","ssp126",NA,8.95625113969284,10.2751880414838
"1663",1994,"Georgia","ukesm1-0-ll","ssp126",NA,5.48023933101908,14.2151379453645
"1664",1995,"Georgia","ukesm1-0-ll","ssp126",NA,4.38624084964931,18.7438481882756
"1665",1996,"Georgia","ukesm1-0-ll","ssp126",NA,3.89538843256289,16.6204360629398
"1666",1997,"Georgia","ukesm1-0-ll","ssp126",NA,0.77770912470327,19.9368382488556
"1667",1998,"Georgia","ukesm1-0-ll","ssp126",NA,7.42356416425048,20.5782702282035
"1668",1999,"Georgia","ukesm1-0-ll","ssp126",NA,3.26069887792789,17.9811688365428
"1669",2000,"Georgia","ukesm1-0-ll","ssp126",NA,0.0251093331901142,18.5064343616403
"1670",2001,"Georgia","ukesm1-0-ll","ssp126",NA,0.934682579779047,23.8333731662852
"1671",2002,"Georgia","ukesm1-0-ll","ssp126",NA,2.57937849297162,23.7047537667411
"1672",2003,"Georgia","ukesm1-0-ll","ssp126",NA,1.36105795409578,20.6095364106481
"1673",2004,"Georgia","ukesm1-0-ll","ssp126",NA,4.35823103777999,23.6691614035544
"1674",2005,"Georgia","ukesm1-0-ll","ssp126",NA,4.63336730419683,24.8453622887268
"1675",2006,"Georgia","ukesm1-0-ll","ssp126",NA,5.56829847833493,26.701554962971
"1676",2007,"Georgia","ukesm1-0-ll","ssp126",NA,2.5616559534956,27.529642425611
"1677",2008,"Georgia","ukesm1-0-ll","ssp126",NA,13.3798962154779,26.3271376048682
"1678",2009,"Georgia","ukesm1-0-ll","ssp126",NA,1.95966508864412,26.8895881708252
"1679",2010,"Georgia","ukesm1-0-ll","ssp126",NA,0.0531774375222459,27.7239592988612
"1680",2011,"Georgia","ukesm1-0-ll","ssp126",NA,12.226061271239,27.9828504807147
"1681",2012,"Georgia","ukesm1-0-ll","ssp126",NA,3.5029486682586,27.6325939557166
"1682",2013,"Georgia","ukesm1-0-ll","ssp126",NA,2.05877623837815,30.2680280117377
"1683",2014,"Georgia","ukesm1-0-ll","ssp126",NA,4.73207257844822,29.2208894374007
"1684",2015,"Georgia","ukesm1-0-ll","ssp126",NA,4.44543762315393,28.0565331410554
"1685",2016,"Georgia","ukesm1-0-ll","ssp126",NA,3.74047614248006,28.1167896926548
"1686",2017,"Georgia","ukesm1-0-ll","ssp126",NA,5.85668413782173,28.0800903468098
"1687",2018,"Georgia","ukesm1-0-ll","ssp126",NA,1.29641751791716,29.3559702875539
"1688",2019,"Georgia","ukesm1-0-ll","ssp126",NA,10.3571618256184,27.9745999463246
"1689",2020,"Georgia","ukesm1-0-ll","ssp126",NA,1.20877141934663,28.2519810858997
"1690",2021,"Georgia","ukesm1-0-ll","ssp126",NA,1.30414674785271,26.7602843794927
"1691",2022,"Georgia","ukesm1-0-ll","ssp126",NA,1.57505964944214,24.477125885527
"1692",2023,"Georgia","ukesm1-0-ll","ssp126",NA,0.769912429239116,26.0267388221427
"1693",2024,"Georgia","ukesm1-0-ll","ssp126",NA,1.38368166945655,25.5119945461467
"1694",2025,"Georgia","ukesm1-0-ll","ssp126",NA,27.3980007169694,20.3144815292543
"1695",2026,"Georgia","ukesm1-0-ll","ssp126",NA,8.10099280120074,20.0457016175942
"1696",2027,"Georgia","ukesm1-0-ll","ssp126",NA,4.82247239142585,21.7086180458346
"1697",2028,"Georgia","ukesm1-0-ll","ssp126",NA,0.481412355941605,18.7146660682364
"1698",2029,"Georgia","ukesm1-0-ll","ssp126",NA,0.0309422655176534,13.7196305318837
"1699",2030,"Georgia","ukesm1-0-ll","ssp126",NA,0.162154336570889,13.1029706239123
"1700",2031,"Georgia","ukesm1-0-ll","ssp126",NA,0.18225531466559,8.98681650969944
"1701",2032,"Georgia","ukesm1-0-ll","ssp126",NA,7.47748694038577,14.0067381334651
"1702",2033,"Georgia","ukesm1-0-ll","ssp126",NA,5.38176745408335,12.05526913696
"1703",2034,"Georgia","ukesm1-0-ll","ssp126",NA,5.69953526706789,6.81065013229705
"1704",2035,"Georgia","ukesm1-0-ll","ssp126",NA,6.96180259460462,10.4691871033454
"1705",2036,"Georgia","ukesm1-0-ll","ssp126",NA,0.363359539955629,9.30906004085959
"1706",2037,"Georgia","ukesm1-0-ll","ssp126",NA,1.69515535445051,7.98383347185705
"1707",2038,"Georgia","ukesm1-0-ll","ssp126",NA,3.59761639238918,4.82746480059684
"1708",2039,"Georgia","ukesm1-0-ll","ssp126",NA,4.35980786163161,5.33536730158995
"1709",2040,"Georgia","ukesm1-0-ll","ssp126",NA,5.37037447151081,9.60666391589742
"1710",2041,"Georgia","ukesm1-0-ll","ssp126",NA,5.98286661713288,14.5820824870186
"1711",2042,"Georgia","ukesm1-0-ll","ssp126",NA,9.13262031662255,13.1942500301481
"1712",2043,"Georgia","ukesm1-0-ll","ssp126",NA,1.83985300016405,9.58974927112498
"1713",2044,"Georgia","ukesm1-0-ll","ssp126",NA,1.38817619547128,10.5236169404037
"1714",2045,"Georgia","ukesm1-0-ll","ssp126",NA,7.24708746931563,12.6998727276597
"1715",2046,"Georgia","ukesm1-0-ll","ssp126",NA,12.258099676949,14.2040644241592
"1716",2047,"Georgia","ukesm1-0-ll","ssp126",NA,1.0912213243822,12.086773179172
"1717",2048,"Georgia","ukesm1-0-ll","ssp126",NA,3.56022382499339,12.5511111354135
"1718",2049,"Georgia","ukesm1-0-ll","ssp126",NA,7.19753794696628,12.6115236739558
"1719",2050,"Georgia","ukesm1-0-ll","ssp126",NA,4.42690484417127,16.2660918819991
"1720",2051,"Georgia","ukesm1-0-ll","ssp126",NA,1.19135136360092,15.7735066928818
"1721",2052,"Georgia","ukesm1-0-ll","ssp126",NA,4.73455803849851,21.157375559218
"1722",2053,"Georgia","ukesm1-0-ll","ssp126",NA,3.25391158670178,18.6939307409107
"1723",2054,"Georgia","ukesm1-0-ll","ssp126",NA,0,20.4611980004115
"1724",2055,"Georgia","ukesm1-0-ll","ssp126",NA,6.80658591959433,19.7411290942324
"1725",2056,"Georgia","ukesm1-0-ll","ssp126",NA,5.75150586224772,22.337741687396
"1726",2057,"Georgia","ukesm1-0-ll","ssp126",NA,1.53896052104372,25.4967248948954
"1727",2058,"Georgia","ukesm1-0-ll","ssp126",NA,9.56951418974738,26.1013507538211
"1728",2059,"Georgia","ukesm1-0-ll","ssp126",NA,0.507590179151551,28.2101994918565
"1729",2060,"Georgia","ukesm1-0-ll","ssp126",NA,1.13681338358356,30.6991528674996
"1730",2061,"Georgia","ukesm1-0-ll","ssp126",NA,0.347081348838366,26.254447172225
"1731",2062,"Georgia","ukesm1-0-ll","ssp126",NA,0.0430811598117448,28.1780649993379
"1732",2063,"Georgia","ukesm1-0-ll","ssp126",NA,3.5780902881002,29.0526364231803
"1733",2064,"Georgia","ukesm1-0-ll","ssp126",NA,3.84131016184141,30.1476430380316
"1734",2065,"Georgia","ukesm1-0-ll","ssp126",NA,1.53537155700962,30.8887143188181
"1735",2066,"Georgia","ukesm1-0-ll","ssp126",NA,6.37485769267753,28.9278897264679
"1736",2067,"Georgia","ukesm1-0-ll","ssp126",NA,0.245169700235169,30.4323733720018
"1737",2068,"Georgia","ukesm1-0-ll","ssp126",NA,1.25024468819743,32.6889215723366
"1738",2069,"Georgia","ukesm1-0-ll","ssp126",NA,4.65711319124829,29.4118486381328
"1739",2070,"Georgia","ukesm1-0-ll","ssp126",NA,1.61919957438556,29.4067635081294
"1740",2071,"Georgia","ukesm1-0-ll","ssp126",NA,0.37706529875646,29.9504350491355
"1741",2072,"Georgia","ukesm1-0-ll","ssp126",NA,4.0389565219838,28.5364839789365
"1742",2073,"Georgia","ukesm1-0-ll","ssp126",NA,0.0196276128243954,28.0791192523504
"1743",2074,"Georgia","ukesm1-0-ll","ssp126",NA,0.138273184757384,26.3874500930454
"1744",2075,"Georgia","ukesm1-0-ll","ssp126",NA,1.21155386580916,25.6045758633002
"1745",2076,"Georgia","ukesm1-0-ll","ssp126",NA,1.39973011752946,23.3885562628869
"1746",2077,"Georgia","ukesm1-0-ll","ssp126",NA,0.123095242366665,24.4847419055265
"1747",2078,"Georgia","ukesm1-0-ll","ssp126",NA,0.12223254508275,21.4882629542316
"1748",2079,"Georgia","ukesm1-0-ll","ssp126",NA,0.205619671632634,18.2215381391401
"1749",2080,"Georgia","ukesm1-0-ll","ssp126",NA,1.32358644028372,15.2889397203201
"1750",2081,"Georgia","ukesm1-0-ll","ssp126",NA,2.15461531743109,13.9399200808916
"1751",2082,"Georgia","ukesm1-0-ll","ssp126",NA,1.3479310704431,16.1464503401417
"1752",2083,"Georgia","ukesm1-0-ll","ssp126",NA,0.712507834722013,12.5158220268047
"1753",2084,"Georgia","ukesm1-0-ll","ssp126",NA,7.66653293862224,10.3746004192362
"1754",2085,"Georgia","ukesm1-0-ll","ssp126",NA,3.19412291452267,12.5469147836902
"1755",2086,"Georgia","ukesm1-0-ll","ssp126",NA,0.503199897190955,12.3450195755855
"1756",2087,"Georgia","ukesm1-0-ll","ssp126",NA,5.76506463749352,12.811571718821
"1757",2088,"Georgia","ukesm1-0-ll","ssp126",NA,6.32928878818242,15.3628991078522
"1758",2089,"Georgia","ukesm1-0-ll","ssp126",NA,5.56012639746469,12.5817413256186
"1759",2090,"Georgia","ukesm1-0-ll","ssp126",NA,1.5315404186114,8.40792081154001
"1760",2091,"Georgia","ukesm1-0-ll","ssp126",NA,1.55031786029604,10.9942432911575
"1761",2092,"Georgia","ukesm1-0-ll","ssp126",NA,13.3509162934183,15.738224308485
"1762",2093,"Georgia","ukesm1-0-ll","ssp126",NA,6.45088062035841,10.563706988688
"1763",2094,"Georgia","ukesm1-0-ll","ssp126",NA,2.21639240523625,9.07938607795478
"1764",2095,"Georgia","ukesm1-0-ll","ssp126",NA,7.789414618693,14.6557644084349
"1765",2096,"Georgia","ukesm1-0-ll","ssp126",NA,0.000910581442677995,15.3103280351468
"1766",2097,"Georgia","ukesm1-0-ll","ssp126",NA,0.33862176618416,13.6168309246368
"1767",2098,"Georgia","ukesm1-0-ll","ssp126",NA,1.60606195752384,16.4798769749972
"1768",2099,"Georgia","ukesm1-0-ll","ssp126",NA,1.62676412047265,14.8151427927087
"1769",2100,"Georgia","ukesm1-0-ll","ssp126",NA,5.63160818678923,17.475904000123
"1770",2101,"Georgia","ukesm1-0-ll","ssp126",NA,0.274069603841843,18.1188895680425
"1771",2102,"Georgia","ukesm1-0-ll","ssp126",NA,4.32743563578256,16.3077457160119
"1772",2103,"Georgia","ukesm1-0-ll","ssp126",NA,2.3401456189076,16.9125108621888
"1773",2104,"Georgia","ukesm1-0-ll","ssp126",NA,6.84980747044141,19.6743208693535
"1774",2105,"Georgia","ukesm1-0-ll","ssp126",NA,1.38991153126103,19.6650248308159
"1775",2106,"Georgia","ukesm1-0-ll","ssp126",NA,5.05985474278631,23.202636748307
"1776",2107,"Georgia","ukesm1-0-ll","ssp126",NA,9.78846615989801,24.0146772112165
"1777",2108,"Georgia","ukesm1-0-ll","ssp126",NA,0.865756283974296,25.0094793213482
"1778",2109,"Georgia","ukesm1-0-ll","ssp126",NA,0.660399168672314,24.8237030842114
"1779",2110,"Georgia","ukesm1-0-ll","ssp126",NA,1.35590217666546,27.8645829687973
"1780",2111,"Georgia","ukesm1-0-ll","ssp126",NA,2.77305862335849,26.4994758365807
"1781",2112,"Georgia","ukesm1-0-ll","ssp126",NA,0.824972507134435,28.4747645786831
"1782",2113,"Georgia","ukesm1-0-ll","ssp126",NA,10.6925308576651,28.5603533802541
"1783",2114,"Georgia","ukesm1-0-ll","ssp126",NA,7.0694266742216,27.1062454630041
"1784",2115,"Georgia","ukesm1-0-ll","ssp126",NA,7.7356589918882,27.3501326369316
"1785",2116,"Georgia","ukesm1-0-ll","ssp126",NA,2.05193892907559,29.9401351817872
"1786",2117,"Georgia","ukesm1-0-ll","ssp126",NA,7.49696955690062,29.6768960209216
"1787",2118,"Georgia","ukesm1-0-ll","ssp126",NA,4.56838423822368,28.2534346979987
"1788",2119,"Georgia","ukesm1-0-ll","ssp126",NA,27.7274813443419,27.6295885284646
"1789",2120,"Georgia","ukesm1-0-ll","ssp126",NA,2.46592710380258,27.9440889446268
"1790",2121,"Georgia","ukesm1-0-ll","ssp126",NA,10.6233390748206,27.0162062674977
"1791",2122,"Georgia","ukesm1-0-ll","ssp126",NA,3.08470126415082,27.7351899153961
"1792",2123,"Georgia","ukesm1-0-ll","ssp126",NA,3.33067365675497,27.8324594862525
"1793",2124,"Georgia","ukesm1-0-ll","ssp126",NA,0.379726446971187,28.8339596505893
"1794",2125,"Georgia","ukesm1-0-ll","ssp126",NA,4.59624862361316,27.5391233430359
"1795",2126,"Georgia","ukesm1-0-ll","ssp126",NA,1.17806431128247,25.9793356389746
"1796",2127,"Georgia","ukesm1-0-ll","ssp126",NA,0.694189724153462,27.2890366672027
"1797",2128,"Georgia","ukesm1-0-ll","ssp126",NA,1.80646770633986,24.863746432473
"1798",2129,"Georgia","ukesm1-0-ll","ssp126",NA,0.083230449286736,23.5601942898286
"1799",2130,"Georgia","ukesm1-0-ll","ssp126",NA,8.35402037559696,22.3412296322876
"1800",2131,"Georgia","ukesm1-0-ll","ssp126",NA,2.1564110157905,16.2608978345377
"1801",2132,"Georgia","ukesm1-0-ll","ssp126",NA,0.0285015740011777,14.6257454565016
"1802",2133,"Georgia","ukesm1-0-ll","ssp126",NA,0.147164617740514,16.8981010972732
"1803",2134,"Georgia","ukesm1-0-ll","ssp126",NA,0.0904750589827951,14.9819136723479
"1804",2135,"Georgia","ukesm1-0-ll","ssp126",NA,4.17597207835645,12.0121087838605
"1805",2136,"Georgia","ukesm1-0-ll","ssp126",NA,2.55571193037351,11.9770075098366
"1806",2137,"Georgia","ukesm1-0-ll","ssp126",NA,1.58822992992124,12.8330142706994
"1807",2138,"Georgia","ukesm1-0-ll","ssp126",NA,7.3175002923816,12.9754535518028
"1808",2139,"Georgia","ukesm1-0-ll","ssp126",NA,2.27467513721831,13.3663451557298
"1809",2140,"Georgia","ukesm1-0-ll","ssp126",NA,3.51194575443832,13.2481619550876
"1810",2141,"Georgia","ukesm1-0-ll","ssp126",NA,2.58194580617356,10.477805178737
"1811",2142,"Georgia","ukesm1-0-ll","ssp126",NA,1.51991169006521,9.74267366792621
"1812",2143,"Georgia","ukesm1-0-ll","ssp126",NA,1.50015197593213,12.387764209812
"1813",2144,"Georgia","ukesm1-0-ll","ssp126",NA,8.13318240224369,14.0277012711865
"1814",2145,"Georgia","ukesm1-0-ll","ssp126",NA,3.26715263091956,8.56140043614277
"1815",2146,"Georgia","ukesm1-0-ll","ssp126",NA,0.00602632152269956,8.38902060298599
"1816",2147,"Georgia","ukesm1-0-ll","ssp126",NA,6.64912446915347,12.154182962413
"1817",2148,"Georgia","ukesm1-0-ll","ssp126",NA,5.88503237298757,13.8312793500776
"1818",2149,"Georgia","ukesm1-0-ll","ssp126",NA,5.27783132628127,16.1517488715147
"1819",2150,"Georgia","ukesm1-0-ll","ssp126",NA,1.32916239353467,15.3619512156193
"1820",2151,"Georgia","ukesm1-0-ll","ssp126",NA,7.21859944286036,13.8479666278091
"1821",2152,"Georgia","ukesm1-0-ll","ssp126",NA,5.55491831430435,18.3186636197365
"1822",2153,"Georgia","ukesm1-0-ll","ssp126",NA,12.9758311889147,16.4059834995224
"1823",2154,"Georgia","ukesm1-0-ll","ssp126",NA,0.338100110154144,20.130102007037
"1824",2155,"Georgia","ukesm1-0-ll","ssp126",NA,1.77503437069205,22.2751439276966
"1825",2156,"Georgia","ukesm1-0-ll","ssp126",NA,3.59141662735522,19.9055969681636
"1826",2157,"Georgia","ukesm1-0-ll","ssp126",NA,2.75200279595158,18.364812478719
"1827",2158,"Georgia","ukesm1-0-ll","ssp126",NA,4.7020968741148,20.3572263112657
"1828",2159,"Georgia","ukesm1-0-ll","ssp126",NA,1.2282318464995,25.4950077084595
"1829",2160,"Georgia","ukesm1-0-ll","ssp126",NA,0.4680828890748,26.8953642690442
"1830",2161,"Georgia","ukesm1-0-ll","ssp126",NA,5.27563957032045,27.1059779723678
"1831",2162,"Georgia","ukesm1-0-ll","ssp126",NA,6.36449320912835,26.7438884596559
"1832",2163,"Georgia","ukesm1-0-ll","ssp126",NA,7.39620167019876,27.0160099352821
"1833",2164,"Georgia","ukesm1-0-ll","ssp126",NA,9.07273296667923,27.1784470971503
"1834",2165,"Georgia","ukesm1-0-ll","ssp126",NA,6.02963942619769,27.6292341403176
"1835",2166,"Georgia","ukesm1-0-ll","ssp126",NA,1.18091747755576,28.9545829274175
"1836",2167,"Georgia","ukesm1-0-ll","ssp126",NA,5.91208785611565,29.5623686487969
"1837",2168,"Georgia","ukesm1-0-ll","ssp126",NA,3.45817915254734,28.5788331408189
"1838",2169,"Georgia","ukesm1-0-ll","ssp126",NA,1.85076057804933,30.5091876678837
"1839",2170,"Georgia","ukesm1-0-ll","ssp126",NA,1.23406583338285,29.7819929441586
"1840",2171,"Georgia","ukesm1-0-ll","ssp126",NA,3.7077454572499,28.1046427359593
"1841",2172,"Georgia","ukesm1-0-ll","ssp126",NA,3.46676909038082,28.5695161907206
"1842",2173,"Georgia","ukesm1-0-ll","ssp126",NA,7.66726311983882,27.0304817698481
"1843",2174,"Georgia","ukesm1-0-ll","ssp126",NA,1.40915932017431,30.5038938656269
"1844",2175,"Georgia","ukesm1-0-ll","ssp126",NA,2.6311404450468,28.9325211568837
"1845",2176,"Georgia","ukesm1-0-ll","ssp126",NA,2.41921589589915,27.829677509742
"1846",2177,"Georgia","ukesm1-0-ll","ssp126",NA,0.76375969159085,27.6611558226061
"1847",2178,"Georgia","ukesm1-0-ll","ssp126",NA,4.42881005425039,26.5245690445057
"1848",2179,"Georgia","ukesm1-0-ll","ssp126",NA,0.046530006462274,25.9412562779018
"1849",2180,"Georgia","ukesm1-0-ll","ssp126",NA,0.00164839896087627,22.6464297980431
"1850",2181,"Georgia","ukesm1-0-ll","ssp126",NA,2.57802427065252,24.3152394440215
"1851",2182,"Georgia","ukesm1-0-ll","ssp126",NA,5.91105598384558,22.7186287720614
"1852",2183,"Georgia","ukesm1-0-ll","ssp126",NA,0.000270717460481725,14.9208418654472
"1853",2184,"Georgia","ukesm1-0-ll","ssp126",NA,0.329381726710303,15.980549543995
"1854",2185,"Georgia","ukesm1-0-ll","ssp126",NA,1.13632436508054,18.8383377038249
"1855",2186,"Georgia","ukesm1-0-ll","ssp126",NA,1.88343746497486,18.2005304442768
"1856",2187,"Georgia","ukesm1-0-ll","ssp126",NA,0.594668495625766,17.5938381832391
"1857",2188,"Georgia","ukesm1-0-ll","ssp126",NA,4.71408682039287,13.7377022583895
"1858",2189,"Georgia","ukesm1-0-ll","ssp126",NA,2.47289948921729,13.7726084563692
"1859",2190,"Georgia","ukesm1-0-ll","ssp126",NA,2.7515473507333,6.8224704844034
"1860",2191,"Georgia","ukesm1-0-ll","ssp126",NA,4.22520119737534,12.5088324669199
"1861",2192,"Georgia","ukesm1-0-ll","ssp126",NA,0.111423425060396,7.56497165781536
"1862",2193,"Georgia","ukesm1-0-ll","ssp126",NA,6.91180668596626,9.79774688646813
"1863",2194,"Georgia","ukesm1-0-ll","ssp126",NA,3.06501372451616,8.15026799310497
"1864",2195,"Georgia","ukesm1-0-ll","ssp126",NA,2.55612921318178,6.45246265771605
"1865",2196,"Georgia","ukesm1-0-ll","ssp126",NA,1.16623065933108,7.14037157848444
"1866",2197,"Georgia","ukesm1-0-ll","ssp126",NA,6.77820994140559,8.21362551488255
"1867",2198,"Georgia","ukesm1-0-ll","ssp126",NA,13.6072539554226,14.574526763251
"1868",2199,"Georgia","ukesm1-0-ll","ssp126",NA,5.80836969053784,11.880487577794
"1869",2200,"Georgia","ukesm1-0-ll","ssp126",NA,0.036813775513315,12.2476550529425
"1870",2201,"Georgia","ukesm1-0-ll","ssp126",NA,12.3322296751551,11.6779895551557
"1871",2202,"Georgia","ukesm1-0-ll","ssp126",NA,0.623810584227736,10.0478400648362
"1872",2203,"Georgia","ukesm1-0-ll","ssp126",NA,3.60096563569705,16.7363436719696
"1873",2204,"Georgia","ukesm1-0-ll","ssp126",NA,10.5545222819595,19.6659768610255
"1874",2205,"Georgia","ukesm1-0-ll","ssp126",NA,1.32298821489278,18.5659762255505
"1875",2206,"Georgia","ukesm1-0-ll","ssp126",NA,0,16.1664530239152
"1876",2207,"Georgia","ukesm1-0-ll","ssp126",NA,0.295577587627611,15.6004479359772
"1877",2208,"Georgia","ukesm1-0-ll","ssp126",NA,11.5490369380931,18.8814031790302
"1878",2209,"Georgia","ukesm1-0-ll","ssp126",NA,3.80133291981608,19.7261697173407
"1879",2210,"Georgia","ukesm1-0-ll","ssp126",NA,6.4724340391839,16.3501763073642
"1880",2211,"Georgia","ukesm1-0-ll","ssp126",NA,0.58798084018286,21.5983591444556
"1881",2212,"Georgia","ukesm1-0-ll","ssp126",NA,8.32622312940411,21.6947830163249
"1882",2213,"Georgia","ukesm1-0-ll","ssp126",NA,6.15655751371598,22.571896340137
"1883",2214,"Georgia","ukesm1-0-ll","ssp126",NA,1.07669160431543,22.79178191917
"1884",2215,"Georgia","ukesm1-0-ll","ssp126",NA,7.38837714309477,27.2922486238272
"1885",2216,"Georgia","ukesm1-0-ll","ssp126",NA,8.46358574323107,25.8872179968883
"1886",2217,"Georgia","ukesm1-0-ll","ssp126",NA,9.63129585775905,26.4543814966234
"1887",2218,"Georgia","ukesm1-0-ll","ssp126",NA,2.30488418368993,28.9691213390729
"1888",2219,"Georgia","ukesm1-0-ll","ssp126",NA,1.55258134046423,28.3926750275471
"1889",2220,"Georgia","ukesm1-0-ll","ssp126",NA,6.12278080699746,28.4387858319225
"1890",2221,"Georgia","ukesm1-0-ll","ssp126",NA,2.43261780349572,27.852200443
"1891",2222,"Georgia","ukesm1-0-ll","ssp126",NA,9.41968691052597,28.1116308918877
"1892",2223,"Georgia","ukesm1-0-ll","ssp126",NA,4.01415569298166,29.1124147429016
"1893",2224,"Georgia","ukesm1-0-ll","ssp126",NA,9.1931007549572,27.6478065620035
"1894",2225,"Georgia","ukesm1-0-ll","ssp126",NA,2.22951422007633,26.3622494455111
"1895",2226,"Georgia","ukesm1-0-ll","ssp126",NA,7.05298049155621,26.771384871439
"1896",2227,"Georgia","ukesm1-0-ll","ssp126",NA,3.1507618258696,27.8115562014084
"1897",2228,"Georgia","ukesm1-0-ll","ssp126",NA,5.74733703781448,25.8750431827425
"1898",2229,"Georgia","ukesm1-0-ll","ssp126",NA,0.0960177694430849,25.4540685621359
"1899",2230,"Georgia","ukesm1-0-ll","ssp126",NA,5.79560318508692,25.970874732805
"1900",2231,"Georgia","ukesm1-0-ll","ssp126",NA,6.04927036213339,25.8887482354485
"1901",2232,"Georgia","ukesm1-0-ll","ssp126",NA,1.12333218456877,22.9797096825108
"1902",2233,"Georgia","ukesm1-0-ll","ssp126",NA,0.221967192254638,23.5869715064836
"1903",2234,"Georgia","ukesm1-0-ll","ssp126",NA,9.67912132162044,18.2388269013412
"1904",2235,"Georgia","ukesm1-0-ll","ssp126",NA,0.754638634599265,21.7979220115533
"1905",2236,"Georgia","ukesm1-0-ll","ssp126",NA,5.77940461476414,21.6761536974595
"1906",2237,"Georgia","ukesm1-0-ll","ssp126",NA,2.28640858039691,18.9587838604722
"1907",2238,"Georgia","ukesm1-0-ll","ssp126",NA,0.00911569419241123,16.0897327931106
"1908",2239,"Georgia","ukesm1-0-ll","ssp126",NA,6.46436742388304,16.7506493224359
"1909",2240,"Georgia","ukesm1-0-ll","ssp126",NA,2.36166571110595,11.6184790955329
"1910",2241,"Georgia","ukesm1-0-ll","ssp126",NA,0.097225613304329,4.42069474559722
"1911",2242,"Georgia","ukesm1-0-ll","ssp126",NA,2.25429829469828,6.64555409872505
"1912",2243,"Georgia","ukesm1-0-ll","ssp126",NA,0.65995353814829,9.65957038639246
"1913",2244,"Georgia","ukesm1-0-ll","ssp126",NA,7.15091663682947,9.56122427656347
"1914",2245,"Georgia","ukesm1-0-ll","ssp126",NA,4.34540568937576,9.86241030935516
"1915",2246,"Georgia","ukesm1-0-ll","ssp126",NA,7.43618522298188,8.22375631632588
"1916",2247,"Georgia","ukesm1-0-ll","ssp126",NA,1.32952784946782,6.03087960675036
"1917",2248,"Georgia","ukesm1-0-ll","ssp126",NA,11.6712607702237,8.33566863496427
"1918",2249,"Georgia","ukesm1-0-ll","ssp126",NA,1.06647042281798,2.84823736971287
"1919",2250,"Georgia","ukesm1-0-ll","ssp126",NA,0.119534684032242,8.32854089621484
"1920",2251,"Georgia","ukesm1-0-ll","ssp126",NA,4.22729309734248,12.3532149123222
"1921",2252,"Georgia","ukesm1-0-ll","ssp126",NA,2.35084110844919,12.2666427501466
"1922",2253,"Georgia","ukesm1-0-ll","ssp126",NA,0.408527347884885,12.9974551738896
"1923",2254,"Georgia","ukesm1-0-ll","ssp126",NA,3.58893712116908,14.2381515244306
"1924",2255,"Georgia","ukesm1-0-ll","ssp126",NA,0.346575076289779,16.3942588381271
"1925",2256,"Georgia","ukesm1-0-ll","ssp126",NA,1.16058686446468,15.3291332180217
"1926",2257,"Georgia","ukesm1-0-ll","ssp126",NA,4.31815798243895,17.9376767802758
"1927",2258,"Georgia","ukesm1-0-ll","ssp126",NA,0.0134561923430112,13.8361275809152
"1928",2259,"Georgia","ukesm1-0-ll","ssp126",NA,3.63134358709435,14.7873107614587
"1929",2260,"Georgia","ukesm1-0-ll","ssp126",NA,5.28457790661129,16.9259758383541
"1930",2261,"Georgia","ukesm1-0-ll","ssp126",NA,1.84092849258663,17.4003583635603
"1931",2262,"Georgia","ukesm1-0-ll","ssp126",NA,0.161976196457183,21.3247565687425
"1932",2263,"Georgia","ukesm1-0-ll","ssp126",NA,1.17261211778953,22.7368500568676
"1933",2264,"Georgia","ukesm1-0-ll","ssp126",NA,2.62139165703008,20.8731247132973
"1934",2265,"Georgia","ukesm1-0-ll","ssp126",NA,0.721247106243067,22.8244140772785
"1935",2266,"Georgia","ukesm1-0-ll","ssp126",NA,2.97890277985947,26.6019003657972
"1936",2267,"Georgia","ukesm1-0-ll","ssp126",NA,0.150141980339839,24.9180030656496
"1937",2268,"Georgia","ukesm1-0-ll","ssp126",NA,11.077582371213,24.9000341235293
"1938",2269,"Georgia","ukesm1-0-ll","ssp126",NA,3.91728113074447,27.563307008905
"1939",2270,"Georgia","ukesm1-0-ll","ssp126",NA,0.000854850927339337,28.728064910667
"1940",2271,"Georgia","ukesm1-0-ll","ssp126",NA,0.0144597361618726,31.4692585573358
"1941",2272,"Georgia","ukesm1-0-ll","ssp126",NA,9.15840014179133,29.4715888293546
"1942",2273,"Georgia","ukesm1-0-ll","ssp126",NA,11.1676349531651,27.9087190715799
"1943",2274,"Georgia","ukesm1-0-ll","ssp126",NA,3.84787478463231,28.9376141194859
"1944",2275,"Georgia","ukesm1-0-ll","ssp126",NA,2.34683554728214,29.1143006257803
"1945",2276,"Georgia","ukesm1-0-ll","ssp126",NA,0.371570485250401,29.3193007942551
"1946",2277,"Georgia","ukesm1-0-ll","ssp126",NA,4.59109882570927,28.2974397894834
"1947",2278,"Georgia","ukesm1-0-ll","ssp126",NA,1.58741191008073,29.4623505008134
"1948",2279,"Georgia","ukesm1-0-ll","ssp126",NA,4.33772708808402,29.5083244563881
"1949",2280,"Georgia","ukesm1-0-ll","ssp126",NA,2.43929252716862,29.1844665970699
"1950",2281,"Georgia","ukesm1-0-ll","ssp126",NA,1.58432317340283,27.6647571185022
"1951",2282,"Georgia","ukesm1-0-ll","ssp126",NA,1.75298491690481,27.3650771614426
"1952",2283,"Georgia","ukesm1-0-ll","ssp126",NA,0.197156313411792,28.5247285043934
"1953",2284,"Georgia","ukesm1-0-ll","ssp126",NA,0.554317437755822,25.2642688815877
"1954",2285,"Georgia","ukesm1-0-ll","ssp126",NA,0.149926262031468,24.9354560168546
"1955",2286,"Georgia","ukesm1-0-ll","ssp126",NA,0.0746441655818722,21.4969371139859
"1956",2287,"Georgia","ukesm1-0-ll","ssp126",NA,0.000645260173258301,19.6365255508238
"1957",2288,"Georgia","ukesm1-0-ll","ssp126",NA,2.34682145083922,22.1698110658955
"1958",2289,"Georgia","ukesm1-0-ll","ssp126",NA,0.00370065488374215,20.9085371483902
"1959",2290,"Georgia","ukesm1-0-ll","ssp126",NA,1.61373168870271,18.0273216118247
"1960",2291,"Georgia","ukesm1-0-ll","ssp126",NA,3.79976378335282,15.6036705331133
"1961",2292,"Georgia","ukesm1-0-ll","ssp126",NA,0.185573062715436,17.8896226785951
"1962",2293,"Georgia","ukesm1-0-ll","ssp126",NA,8.44067843900209,12.5384287540907
"1963",2294,"Georgia","ukesm1-0-ll","ssp126",NA,0.00971516547657659,12.1453497122333
"1964",2295,"Georgia","ukesm1-0-ll","ssp126",NA,3.22334343365525,15.3020176478795
"1965",2296,"Georgia","ukesm1-0-ll","ssp126",NA,1.88146487712787,12.9561065895506
"1966",2297,"Georgia","ukesm1-0-ll","ssp126",NA,5.93156478181073,7.65170364934078
"1967",2298,"Georgia","ukesm1-0-ll","ssp126",NA,6.68392767140581,11.5084715023457
"1968",2299,"Georgia","ukesm1-0-ll","ssp126",NA,7.41236032273037,9.47229309820958
"1969",2300,"Georgia","ukesm1-0-ll","ssp126",NA,0.847991888669472,12.4814947022076
"1970",2301,"Georgia","ukesm1-0-ll","ssp126",NA,1.12445443343658,8.68108853023799
"1971",2302,"Georgia","ukesm1-0-ll","ssp126",NA,0.629763471326583,5.55598190344566
"1972",2303,"Georgia","ukesm1-0-ll","ssp126",NA,1.28723186743238,9.56968459159354
"1973",2304,"Georgia","ukesm1-0-ll","ssp126",NA,6.082674277049,4.87840410652809
"1974",2305,"Georgia","ukesm1-0-ll","ssp126",NA,3.46015739665683,10.310116776658
"1975",2306,"Georgia","ukesm1-0-ll","ssp126",NA,1.26309970657913,11.6921022724586
"1976",2307,"Georgia","ukesm1-0-ll","ssp126",NA,0.0159134750380099,11.4154171996775
"1977",2308,"Georgia","ukesm1-0-ll","ssp126",NA,0.21620600953514,10.8776973253301
"1978",2309,"Georgia","ukesm1-0-ll","ssp126",NA,0.598322173639757,14.2080265368446
"1979",2310,"Georgia","ukesm1-0-ll","ssp126",NA,10.3771010122349,18.2494892111125
"1980",2311,"Georgia","ukesm1-0-ll","ssp126",NA,6.42034214321144,16.6580995573547
"1981",2312,"Georgia","ukesm1-0-ll","ssp126",NA,0.415427779558657,23.1611530146934
"1982",2313,"Georgia","ukesm1-0-ll","ssp126",NA,0.0577771469401227,17.4264248827179
"1983",2314,"Georgia","ukesm1-0-ll","ssp126",NA,3.75616884359688,22.3104789235113
"1984",2315,"Georgia","ukesm1-0-ll","ssp126",NA,1.76462060706522,20.8051693821646
"1985",2316,"Georgia","ukesm1-0-ll","ssp126",NA,1.16158801491278,21.7794523003604
"1986",2317,"Georgia","ukesm1-0-ll","ssp126",NA,4.11251062895431,22.2649399727367
"1987",2318,"Georgia","ukesm1-0-ll","ssp126",NA,0.472492659150538,23.85490158118
"1988",2319,"Georgia","ukesm1-0-ll","ssp126",NA,9.84363182901039,27.2305097159693
"1989",2320,"Georgia","ukesm1-0-ll","ssp126",NA,3.46017010155701,27.8915401135461
"1990",2321,"Georgia","ukesm1-0-ll","ssp126",NA,0.168724284725895,31.1113007404614
"1991",2322,"Georgia","ukesm1-0-ll","ssp126",NA,2.41220199768357,29.8692555573027
"1992",2323,"Georgia","ukesm1-0-ll","ssp126",NA,3.14057122389806,30.9541437846408
"1993",2324,"Georgia","ukesm1-0-ll","ssp126",NA,10.2980903756064,29.0064204698614
"1994",2325,"Georgia","ukesm1-0-ll","ssp126",NA,2.78378620317113,27.0308415521433
"1995",2326,"Georgia","ukesm1-0-ll","ssp126",NA,5.21772419370872,28.5258052650433
"1996",2327,"Georgia","ukesm1-0-ll","ssp126",NA,4.01343395774865,30.8128383091518
"1997",2328,"Georgia","ukesm1-0-ll","ssp126",NA,0.771439174319052,31.0198517510735
"1998",2329,"Georgia","ukesm1-0-ll","ssp126",NA,4.34594000133594,29.8102918278507
"1999",2330,"Georgia","ukesm1-0-ll","ssp126",NA,2.15451801831902,30.178308474931
"2000",2331,"Georgia","ukesm1-0-ll","ssp126",NA,5.52775401949704,30.2392944927077
"2001",2332,"Georgia","ukesm1-0-ll","ssp126",NA,2.47705355082061,29.8266926245886
"2002",2333,"Georgia","ukesm1-0-ll","ssp126",NA,1.60203602085935,28.3421807018954
"2003",2334,"Georgia","ukesm1-0-ll","ssp126",NA,2.0473167215159,30.4556511165444
"2004",2335,"Georgia","ukesm1-0-ll","ssp126",NA,1.02324468207371,28.304632405796
"2005",2336,"Georgia","ukesm1-0-ll","ssp126",NA,1.78777659531667,27.1387228903413
"2006",2337,"Georgia","ukesm1-0-ll","ssp126",NA,1.68301157847158,25.4750462566681
"2007",2338,"Georgia","ukesm1-0-ll","ssp126",NA,1.68841535534307,22.3760332675592
"2008",2339,"Georgia","ukesm1-0-ll","ssp126",NA,2.19109498067391,21.9549765524507
"2009",2340,"Georgia","ukesm1-0-ll","ssp126",NA,0.158993635877624,21.3937146941917
"2010",2341,"Georgia","ukesm1-0-ll","ssp126",NA,3.03295822253964,20.0843053194282
"2011",2342,"Georgia","ukesm1-0-ll","ssp126",NA,1.24013862083659,16.5929542079676
"2012",2343,"Georgia","ukesm1-0-ll","ssp126",NA,0.00215159362876426,13.5105486188616
"2013",2344,"Georgia","ukesm1-0-ll","ssp126",NA,1.27505000645838,15.4362691292751
"2014",2345,"Georgia","ukesm1-0-ll","ssp126",NA,4.12399950358939,12.2165800302427
"2015",2346,"Georgia","ukesm1-0-ll","ssp126",NA,2.60741392959562,13.541364352986
"2016",2347,"Georgia","ukesm1-0-ll","ssp126",NA,0.947890392360593,14.8918883686204
"2017",2348,"Georgia","ukesm1-0-ll","ssp126",NA,5.79796871824005,20.4212102192655
"2018",2349,"Georgia","ukesm1-0-ll","ssp126",NA,11.1107405308412,13.2833874423048
"2019",2350,"Georgia","ukesm1-0-ll","ssp126",NA,18.2013691430552,14.1939049524488
"2020",2351,"Georgia","ukesm1-0-ll","ssp126",NA,5.28211336305937,11.1824386190272
"2021",2352,"Georgia","ukesm1-0-ll","ssp126",NA,3.33292860477234,7.50910269157652
"2022",2353,"Georgia","ukesm1-0-ll","ssp126",NA,2.14044729433164,10.8683808924788
"2023",2354,"Georgia","ukesm1-0-ll","ssp126",NA,1.34181426555899,9.07609150958121
"2024",2355,"Georgia","ukesm1-0-ll","ssp126",NA,2.77932203216705,10.3293103382028
"2025",2356,"Georgia","ukesm1-0-ll","ssp126",NA,8.02856893705438,11.0452219078674
"2026",2357,"Georgia","ukesm1-0-ll","ssp126",NA,15.3052643498975,12.1802416489719
"2027",2358,"Georgia","ukesm1-0-ll","ssp126",NA,9.54642142042773,10.7009340447895
"2028",2359,"Georgia","ukesm1-0-ll","ssp126",NA,0.48764464503197,9.03263351772948
"2029",2360,"Georgia","ukesm1-0-ll","ssp126",NA,3.01968506878626,8.91282852579262
"2030",2361,"Georgia","ukesm1-0-ll","ssp126",NA,2.70352981813093,9.45337160863255
"2031",2362,"Georgia","ukesm1-0-ll","ssp126",NA,9.35323484898454,15.8850327757311
"2032",2363,"Georgia","ukesm1-0-ll","ssp126",NA,5.64700903582966,17.1990687040094
"2033",2364,"Georgia","ukesm1-0-ll","ssp126",NA,5.44179872982176,19.5922163919444
"2034",2365,"Georgia","ukesm1-0-ll","ssp126",NA,6.15951957091477,20.7899717021508
"2035",2366,"Georgia","ukesm1-0-ll","ssp126",NA,0.0547928399457534,22.1445980783237
"2036",2367,"Georgia","ukesm1-0-ll","ssp126",NA,2.21162316983685,19.3851016434861
"2037",2368,"Georgia","ukesm1-0-ll","ssp126",NA,1.4120586012168,21.1911510550659
"2038",2369,"Georgia","ukesm1-0-ll","ssp126",NA,4.22767204859321,23.207466284357
"2039",2370,"Georgia","ukesm1-0-ll","ssp126",NA,1.00170268546225,26.6599873614369
"2040",2371,"Georgia","ukesm1-0-ll","ssp126",NA,0.443842281403427,28.3626724058433
"2041",2372,"Georgia","ukesm1-0-ll","ssp126",NA,10.1129864210046,26.3161183207145
"2042",2373,"Georgia","ukesm1-0-ll","ssp126",NA,6.49017118361565,27.161449027812
"2043",2374,"Georgia","ukesm1-0-ll","ssp126",NA,3.25660780087099,28.9970908102631
"2044",2375,"Georgia","ukesm1-0-ll","ssp126",NA,15.1091723831049,26.1792774265096
"2045",2376,"Georgia","ukesm1-0-ll","ssp126",NA,4.2770728653507,29.9125121183603
"2046",2377,"Georgia","ukesm1-0-ll","ssp126",NA,9.16641682810835,29.2048719946467
"2047",2378,"Georgia","ukesm1-0-ll","ssp126",NA,1.23633332795054,28.6756894312529
"2048",2379,"Georgia","ukesm1-0-ll","ssp126",NA,2.78164459383602,29.7172028696278
"2049",2380,"Georgia","ukesm1-0-ll","ssp126",NA,2.47982226275217,30.8567774885792
"2050",2381,"Georgia","ukesm1-0-ll","ssp126",NA,6.09882733758084,29.1573472584131
"2051",2382,"Georgia","ukesm1-0-ll","ssp126",NA,1.28750033771864,29.7567328871018
"2052",2383,"Georgia","ukesm1-0-ll","ssp126",NA,3.12530930090709,27.9692146652259
"2053",2384,"Georgia","ukesm1-0-ll","ssp126",NA,0.012981813400561,27.9361475023173
"2054",2385,"Georgia","ukesm1-0-ll","ssp126",NA,2.67213586200846,28.3212689194206
"2055",2386,"Georgia","ukesm1-0-ll","ssp126",NA,0.357694210389032,27.0918024464901
"2056",2387,"Georgia","ukesm1-0-ll","ssp126",NA,0.157031023262818,28.1923347380779
"2057",2388,"Georgia","ukesm1-0-ll","ssp126",NA,2.08055738550891,26.3463414374622
"2058",2389,"Georgia","ukesm1-0-ll","ssp126",NA,5.79468684059429,26.2360159589939
"2059",2390,"Georgia","ukesm1-0-ll","ssp126",NA,3.3372731678146,23.7652286705036
"2060",2391,"Georgia","ukesm1-0-ll","ssp126",NA,1.2749436675389,17.7414419548275
"2061",2392,"Georgia","ukesm1-0-ll","ssp126",NA,1.62861548905649,17.7374292997125
"2062",2393,"Georgia","ukesm1-0-ll","ssp126",NA,0.22042420604021,16.099135532333
"2063",2394,"Georgia","ukesm1-0-ll","ssp126",NA,1.53245684344434,10.9669761676188
"2064",2395,"Georgia","ukesm1-0-ll","ssp126",NA,4.72896785295388,14.6401170929177
"2065",2396,"Georgia","ukesm1-0-ll","ssp126",NA,1.28795903312833,15.6659460478776
"2066",2397,"Georgia","ukesm1-0-ll","ssp126",NA,14.4796052180071,11.2410898573462
"2067",2398,"Georgia","ukesm1-0-ll","ssp126",NA,0.993091961701252,11.7459936552995
"2068",2399,"Georgia","ukesm1-0-ll","ssp126",NA,2.12012601072975,10.9613375832325
"2069",2400,"Georgia","ukesm1-0-ll","ssp126",NA,4.5818051983187,10.6907080698822
"2070",2401,"Georgia","ukesm1-0-ll","ssp126",NA,0.930963422268984,10.3660234280418
"2071",2402,"Georgia","ukesm1-0-ll","ssp126",NA,4.07988980382305,7.03226871074836
"2072",2403,"Georgia","ukesm1-0-ll","ssp126",NA,0.470531760914306,4.73779972251913
"2073",2404,"Georgia","ukesm1-0-ll","ssp126",NA,0.00368189116329356,3.87919881973084
"2074",2405,"Georgia","ukesm1-0-ll","ssp126",NA,8.54252277338665,9.36822904351262
"2075",2406,"Georgia","ukesm1-0-ll","ssp126",NA,10.0884240045467,9.09263743107316
"2076",2407,"Georgia","ukesm1-0-ll","ssp126",NA,6.64021857251177,12.776182559847
"2077",2408,"Georgia","ukesm1-0-ll","ssp126",NA,2.18698449979022,10.4138152854495
"2078",2409,"Georgia","ukesm1-0-ll","ssp126",NA,0.677558880870801,11.4227876012031
"2079",2410,"Georgia","ukesm1-0-ll","ssp126",NA,3.7462470652853,10.513469143699
"2080",2411,"Georgia","ukesm1-0-ll","ssp126",NA,5.61556576081503,10.6926136081502
"2081",2412,"Georgia","ukesm1-0-ll","ssp126",NA,3.07046519185444,13.4955803748771
"2082",2413,"Georgia","ukesm1-0-ll","ssp126",NA,8.91302379154772,13.7470411545428
"2083",2414,"Georgia","ukesm1-0-ll","ssp126",NA,13.2910395188336,16.3942246259269
"2084",2415,"Georgia","ukesm1-0-ll","ssp126",NA,9.35388619808786,17.6486218173048
"2085",2416,"Georgia","ukesm1-0-ll","ssp126",NA,8.02640426134455,16.2836887017867
"2086",2417,"Georgia","ukesm1-0-ll","ssp126",NA,2.60905704210203,17.7483172769986
"2087",2418,"Georgia","ukesm1-0-ll","ssp126",NA,4.41296877502073,20.855990238513
"2088",2419,"Georgia","ukesm1-0-ll","ssp126",NA,2.65391576405387,21.4898283655938
"2089",2420,"Georgia","ukesm1-0-ll","ssp126",NA,13.9834200093302,23.3986385169965
"2090",2421,"Georgia","ukesm1-0-ll","ssp126",NA,10.1407132355226,22.9708274416427
"2091",2422,"Georgia","ukesm1-0-ll","ssp126",NA,3.52738289672785,21.9169738178392
"2092",2423,"Georgia","ukesm1-0-ll","ssp126",NA,2.10622859404611,23.0455112706663
"2093",2424,"Georgia","ukesm1-0-ll","ssp126",NA,8.60035302558323,24.8453142586401
"2094",2425,"Georgia","ukesm1-0-ll","ssp126",NA,6.70278707619275,26.8237364097023
"2095",2426,"Georgia","ukesm1-0-ll","ssp126",NA,5.60487318321737,26.871776102357
"2096",2427,"Georgia","ukesm1-0-ll","ssp126",NA,0.921584556160267,27.8011313819424
"2097",2428,"Georgia","ukesm1-0-ll","ssp126",NA,0.0203257348548328,29.3434563071041
"2098",2429,"Georgia","ukesm1-0-ll","ssp126",NA,3.73384374783041,30.4886825155115
"2099",2430,"Georgia","ukesm1-0-ll","ssp126",NA,2.10230340237487,30.4952853962527
"2100",2431,"Georgia","ukesm1-0-ll","ssp126",NA,5.18184862157972,29.4713430630959
"2101",2432,"Georgia","ukesm1-0-ll","ssp126",NA,3.95590652177426,29.3089973061772
"2102",2433,"Georgia","ukesm1-0-ll","ssp126",NA,28.5957866729204,27.369002919047
"2103",2434,"Georgia","ukesm1-0-ll","ssp126",NA,3.9256418264595,27.5906239359489
"2104",2435,"Georgia","ukesm1-0-ll","ssp126",NA,7.18529276529134,27.7227400735851
"2105",2436,"Georgia","ukesm1-0-ll","ssp126",NA,1.02730568369379,26.8057426397218
"2106",2437,"Georgia","ukesm1-0-ll","ssp126",NA,2.14674307374615,25.062762938862
"2107",2438,"Georgia","ukesm1-0-ll","ssp126",NA,0.0343617232391043,27.6642907833072
"2108",2439,"Georgia","ukesm1-0-ll","ssp126",NA,7.38116985732508,25.8472559303118
"2109",2440,"Georgia","ukesm1-0-ll","ssp126",NA,4.326786968281,25.418196663845
"2110",2441,"Georgia","ukesm1-0-ll","ssp126",NA,13.0229732752386,21.6156264039564
"2111",2442,"Georgia","ukesm1-0-ll","ssp126",NA,0.00509621705085442,20.1801017705811
"2112",2443,"Georgia","ukesm1-0-ll","ssp126",NA,1.33894735640674,21.7489591806333
"2113",2444,"Georgia","ukesm1-0-ll","ssp126",NA,21.910417915667,22.6209810196921
"2114",2445,"Georgia","ukesm1-0-ll","ssp126",NA,1.99210836888874,19.4891602301425
"2115",2446,"Georgia","ukesm1-0-ll","ssp126",NA,0.49950206109159,16.5158498103625
"2116",2447,"Georgia","ukesm1-0-ll","ssp126",NA,0.000799129497258165,15.2594934348044
"2117",2448,"Georgia","ukesm1-0-ll","ssp126",NA,3.42527886501473,17.7923414327331
"2118",2449,"Georgia","ukesm1-0-ll","ssp126",NA,3.78113707819561,12.6659265402732
"2119",2450,"Georgia","ukesm1-0-ll","ssp126",NA,7.69404173854488,13.1762134764443
"2120",2451,"Georgia","ukesm1-0-ll","ssp126",NA,0.0999743320089714,11.0412306076678
"2121",2452,"Georgia","ukesm1-0-ll","ssp126",NA,0.395250859889571,17.9197386513034
"2122",2453,"Georgia","ukesm1-0-ll","ssp126",NA,1.16467547577794,15.0220623173379
"2123",2454,"Georgia","ukesm1-0-ll","ssp126",NA,6.06751760365037,17.9390040363007
"2124",2455,"Georgia","ukesm1-0-ll","ssp126",NA,5.13089863166637,10.5118341995498
"2125",2456,"Georgia","ukesm1-0-ll","ssp126",NA,3.91578266524087,16.3818217058159
"2126",2457,"Georgia","ukesm1-0-ll","ssp126",NA,3.35901253234563,12.0787769086713
"2127",2458,"Georgia","ukesm1-0-ll","ssp126",NA,0.554044513148573,6.09972704132304
"2128",2459,"Georgia","ukesm1-0-ll","ssp126",NA,0.000650015948801166,4.10643817449022
"2129",2460,"Georgia","ukesm1-0-ll","ssp126",NA,11.0157202072017,9.00640613472782
"2130",2461,"Georgia","ukesm1-0-ll","ssp126",NA,2.96559629419904,12.9892652313011
"2131",2462,"Georgia","ukesm1-0-ll","ssp126",NA,2.5439212209381,9.83282761839345
"2132",2463,"Georgia","ukesm1-0-ll","ssp126",NA,11.9507009153527,11.313381418593
"2133",2464,"Georgia","ukesm1-0-ll","ssp126",NA,0.0395135094111683,11.1737810111797
"2134",2465,"Georgia","ukesm1-0-ll","ssp126",NA,4.13607196350782,13.1234422291162
"2135",2466,"Georgia","ukesm1-0-ll","ssp126",NA,11.1808411226707,15.3755435823528
"2136",2467,"Georgia","ukesm1-0-ll","ssp126",NA,4.87758141443347,18.1200718470982
"2137",2468,"Georgia","ukesm1-0-ll","ssp126",NA,1.09735939711679,16.8385037401398
"2138",2469,"Georgia","ukesm1-0-ll","ssp126",NA,0.0650190705631577,17.5216591601799
"2139",2470,"Georgia","ukesm1-0-ll","ssp126",NA,0.444683226916083,19.4028062723451
"2140",2471,"Georgia","ukesm1-0-ll","ssp126",NA,1.71283675117152,19.9574501019125
"2141",2472,"Georgia","ukesm1-0-ll","ssp126",NA,1.35516684191981,19.4749216001201
"2142",2473,"Georgia","ukesm1-0-ll","ssp126",NA,0.0223564904445084,23.0472062893699
"2143",2474,"Georgia","ukesm1-0-ll","ssp126",NA,0.0484533011031728,24.9263202510215
"2144",2475,"Georgia","ukesm1-0-ll","ssp126",NA,8.05344069830058,24.9554634297443
"2145",2476,"Georgia","ukesm1-0-ll","ssp126",NA,4.90225751400475,24.0720149375047
"2146",2477,"Georgia","ukesm1-0-ll","ssp126",NA,9.15622977269312,26.6866795278924
"2147",2478,"Georgia","ukesm1-0-ll","ssp126",NA,0.524176711873484,27.9108245627932
"2148",2479,"Georgia","ukesm1-0-ll","ssp126",NA,0.00222098451845131,29.0842600233619
"2149",2480,"Georgia","ukesm1-0-ll","ssp126",NA,0.233348774517656,30.8530754033936
"2150",2481,"Georgia","ukesm1-0-ll","ssp126",NA,3.55035397182992,29.0058989370129
"2151",2482,"Georgia","ukesm1-0-ll","ssp126",NA,18.0630699095089,28.8237531093939
"2152",2483,"Georgia","ukesm1-0-ll","ssp126",NA,5.36091154741067,30.1023289419549
"2153",2484,"Georgia","ukesm1-0-ll","ssp126",NA,5.58640900130597,28.0616419166399
"2154",2485,"Georgia","ukesm1-0-ll","ssp126",NA,3.16084116556831,29.2637987039857
"2155",2486,"Georgia","ukesm1-0-ll","ssp126",NA,3.08606875660629,29.4780359448302
"2156",2487,"Georgia","ukesm1-0-ll","ssp126",NA,7.35495708629278,27.4958995902221
"2157",2488,"Georgia","ukesm1-0-ll","ssp126",NA,1.1350874155029,28.4736083097666
"2158",2489,"Georgia","ukesm1-0-ll","ssp126",NA,7.88409158552715,27.3466588054962
"2159",2490,"Georgia","ukesm1-0-ll","ssp126",NA,1.09117226905764,25.5834611721824
"2160",2491,"Georgia","ukesm1-0-ll","ssp126",NA,11.2252934984903,25.8309733614795
"2161",2492,"Georgia","ukesm1-0-ll","ssp126",NA,8.31776932230992,23.6450726894721
"2162",2493,"Georgia","ukesm1-0-ll","ssp126",NA,11.2323826316755,23.6559417502932
"2163",2494,"Georgia","ukesm1-0-ll","ssp126",NA,0.274263201950358,21.2651971923237
"2164",2495,"Georgia","ukesm1-0-ll","ssp126",NA,1.43399561036343,19.442540011279
"2165",2496,"Georgia","ukesm1-0-ll","ssp126",NA,2.1974158240306,17.2656953012684
"2166",2497,"Georgia","ukesm1-0-ll","ssp126",NA,0.592188612591703,17.9671496670702
"2167",2498,"Georgia","ukesm1-0-ll","ssp126",NA,0.356371344052393,16.5848467293432
"2168",2499,"Georgia","ukesm1-0-ll","ssp126",NA,2.47372217792881,13.4426467119637
"2169",2500,"Georgia","ukesm1-0-ll","ssp126",NA,1.04955624945424,11.9672306531856
"2170",2501,"Georgia","ukesm1-0-ll","ssp126",NA,2.90895125436839,16.6735920682081
"2171",2502,"Georgia","ukesm1-0-ll","ssp126",NA,0.775009560595085,11.7470185434559
"2172",2503,"Georgia","ukesm1-0-ll","ssp126",NA,2.33639298702794,13.8590878096389
"2173",2504,"Georgia","ukesm1-0-ll","ssp126",NA,2.67257557914768,17.7807935220566
"2174",2505,"Georgia","ukesm1-0-ll","ssp126",NA,5.02427205319691,15.5043743881706
"2175",2506,"Georgia","ukesm1-0-ll","ssp126",NA,0.0375663005888121,15.3052774868058
"2176",2507,"Georgia","ukesm1-0-ll","ssp126",NA,2.78568687195338,15.4379200341915
"2177",2508,"Georgia","ukesm1-0-ll","ssp126",NA,2.4889979442598,16.2835679615381
"2178",2509,"Georgia","ukesm1-0-ll","ssp126",NA,4.65801743158556,19.0010947460701
"2179",2510,"Georgia","ukesm1-0-ll","ssp126",NA,6.76539840147492,16.3681422937869
"2180",2511,"Georgia","ukesm1-0-ll","ssp126",NA,3.89834204132841,12.6594647202019
"2181",2512,"Georgia","ukesm1-0-ll","ssp126",NA,10.0467280108465,14.6146306294217
"2182",2513,"Georgia","ukesm1-0-ll","ssp126",NA,11.5955979058762,14.555164579156
"2183",2514,"Georgia","ukesm1-0-ll","ssp126",NA,1.89220743272695,12.8514577500757
"2184",2515,"Georgia","ukesm1-0-ll","ssp126",NA,4.91272877760783,14.3521852211571
"2185",2516,"Georgia","ukesm1-0-ll","ssp126",NA,10.1008326332146,14.9149176867765
"2186",2517,"Georgia","ukesm1-0-ll","ssp126",NA,3.12747510518665,16.945550463217
"2187",2518,"Georgia","ukesm1-0-ll","ssp126",NA,1.71389800454593,15.5277789321419
"2188",2519,"Georgia","ukesm1-0-ll","ssp126",NA,4.46657067015983,17.6165249360387
"2189",2520,"Georgia","ukesm1-0-ll","ssp126",NA,7.83253337879418,17.8172029139632
"2190",2521,"Georgia","ukesm1-0-ll","ssp126",NA,5.36795638057124,18.1912279770969
"2191",2522,"Georgia","ukesm1-0-ll","ssp126",NA,0.785835464631742,15.5783628154321
"2192",2523,"Georgia","ukesm1-0-ll","ssp126",NA,2.41748008249122,19.9256409578116
"2193",2524,"Georgia","ukesm1-0-ll","ssp126",NA,8.43024799427171,22.1008076443799
"2194",2525,"Georgia","ukesm1-0-ll","ssp126",NA,5.90557289469783,22.3825326249906
"2195",2526,"Georgia","ukesm1-0-ll","ssp126",NA,1.75073560410163,22.0104094055028
"2196",2527,"Georgia","ukesm1-0-ll","ssp126",NA,7.4757200969944,26.5252348892914
"2197",2528,"Georgia","ukesm1-0-ll","ssp126",NA,3.97074533749829,25.0802206930756
"2198",2529,"Georgia","ukesm1-0-ll","ssp126",NA,11.7370004500663,26.4637916989823
"2199",2530,"Georgia","ukesm1-0-ll","ssp126",NA,14.3944395853541,26.0779638701432
"2200",2531,"Georgia","ukesm1-0-ll","ssp126",NA,8.57706055783277,28.4707304208677
"2201",2532,"Georgia","ukesm1-0-ll","ssp126",NA,1.14192462957675,29.8418136042487
"2202",2533,"Georgia","ukesm1-0-ll","ssp126",NA,2.1106571814025,29.8049047733335
"2203",2534,"Georgia","ukesm1-0-ll","ssp126",NA,13.2970923722335,28.0623747818695
"2204",2535,"Georgia","ukesm1-0-ll","ssp126",NA,4.29138841476606,29.6613566622607
"2205",2536,"Georgia","ukesm1-0-ll","ssp126",NA,2.40496120893287,29.1702275236929
"2206",2537,"Georgia","ukesm1-0-ll","ssp126",NA,0.558593118516327,30.297323261104
"2207",2538,"Georgia","ukesm1-0-ll","ssp126",NA,4.75226625606501,28.24276278221
"2208",2539,"Georgia","ukesm1-0-ll","ssp126",NA,3.01015965095764,28.2299046846626
"2209",2540,"Georgia","ukesm1-0-ll","ssp126",NA,0.524317973333567,30.3859535494382
"2210",2541,"Georgia","ukesm1-0-ll","ssp126",NA,2.70235949585987,28.5190057565168
"2211",2542,"Georgia","ukesm1-0-ll","ssp126",NA,1.01270114422463,26.8515201152959
"2212",2543,"Georgia","ukesm1-0-ll","ssp126",NA,1.17037481338976,27.6657166857408
"2213",2544,"Georgia","ukesm1-0-ll","ssp126",NA,1.91073510420142,24.7327224251145
"2214",2545,"Georgia","ukesm1-0-ll","ssp126",NA,0.0361861878544877,22.5768141037616
"2215",2546,"Georgia","ukesm1-0-ll","ssp126",NA,3.3339654373076,22.2399462979296
"2216",2547,"Georgia","ukesm1-0-ll","ssp126",NA,3.27476864073308,22.2297949543877
"2217",2548,"Georgia","ukesm1-0-ll","ssp126",NA,3.49918474542548,17.9610279000123
"2218",2549,"Georgia","ukesm1-0-ll","ssp126",NA,0.0378514344026853,14.8520403180804
"2219",2550,"Georgia","ukesm1-0-ll","ssp126",NA,0,13.8344854691993
"2220",2551,"Georgia","ukesm1-0-ll","ssp126",NA,0.0226381702194826,10.7202584698472
"2221",2552,"Georgia","ukesm1-0-ll","ssp126",NA,4.51456487184475,14.6002209383986
"2222",2553,"Georgia","ukesm1-0-ll","ssp126",NA,1.28541168423269,15.8196820053581
"2223",2554,"Georgia","ukesm1-0-ll","ssp126",NA,7.52792297530912,17.3988570908369
"2224",2555,"Georgia","ukesm1-0-ll","ssp126",NA,3.01021350719863,7.92388431281214
"2225",2556,"Georgia","ukesm1-0-ll","ssp126",NA,3.39785639556327,3.91475948306033
"2226",2557,"Georgia","ukesm1-0-ll","ssp126",NA,0.11718821745734,8.62341104650615
"2227",2558,"Georgia","ukesm1-0-ll","ssp126",NA,9.17388914984183,17.2282032373165
"2228",2559,"Georgia","ukesm1-0-ll","ssp126",NA,3.68541512958807,10.4916791495631
"2229",2560,"Georgia","ukesm1-0-ll","ssp126",NA,3.22482644663423,17.7272684240457
"2230",2561,"Georgia","ukesm1-0-ll","ssp126",NA,3.05757967690331,16.5686469939373
"2231",2562,"Georgia","ukesm1-0-ll","ssp126",NA,11.0382747380651,14.4235690876589
"2232",2563,"Georgia","ukesm1-0-ll","ssp126",NA,1.04264501733577,11.1099927703636
"2233",2564,"Georgia","ukesm1-0-ll","ssp126",NA,0.867445814179017,13.3723274877516
"2234",2565,"Georgia","ukesm1-0-ll","ssp126",NA,5.76925223209251,17.3208151459405
"2235",2566,"Georgia","ukesm1-0-ll","ssp126",NA,4.673507071989,19.3131808006158
"2236",2567,"Georgia","ukesm1-0-ll","ssp126",NA,6.6631463906338,18.6192189805444
"2237",2568,"Georgia","ukesm1-0-ll","ssp126",NA,6.22651406011991,17.8640328395742
"2238",2569,"Georgia","ukesm1-0-ll","ssp126",NA,3.72287641632556,21.1952407061044
"2239",2570,"Georgia","ukesm1-0-ll","ssp126",NA,2.60296078650064,21.4126739428061
"2240",2571,"Georgia","ukesm1-0-ll","ssp126",NA,9.40807876401225,22.0422414562604
"2241",2572,"Georgia","ukesm1-0-ll","ssp126",NA,6.81893856183752,17.4208655849208
"2242",2573,"Georgia","ukesm1-0-ll","ssp126",NA,3.57797069604947,22.4216285982663
"2243",2574,"Georgia","ukesm1-0-ll","ssp126",NA,6.88668497366094,17.5044957195587
"2244",2575,"Georgia","ukesm1-0-ll","ssp126",NA,4.07711019079546,17.9246322520998
"2245",2576,"Georgia","ukesm1-0-ll","ssp126",NA,5.073127900678,23.6383642903252
"2246",2577,"Georgia","ukesm1-0-ll","ssp126",NA,0.365817233508803,24.045139739473
"2247",2578,"Georgia","ukesm1-0-ll","ssp126",NA,1.71256966638703,24.2206088678023
"2248",2579,"Georgia","ukesm1-0-ll","ssp126",NA,1.81562824051141,27.1678715371047
"2249",2580,"Georgia","ukesm1-0-ll","ssp126",NA,4.27084675062035,27.0425149321845
"2250",2581,"Georgia","ukesm1-0-ll","ssp126",NA,1.15688341878962,28.3428831973318
"2251",2582,"Georgia","ukesm1-0-ll","ssp126",NA,2.21038437661788,30.0680540070984
"2252",2583,"Georgia","ukesm1-0-ll","ssp126",NA,14.5825168876087,26.3909798610586
"2253",2584,"Georgia","ukesm1-0-ll","ssp126",NA,4.56448680172866,28.4399115832608
"2254",2585,"Georgia","ukesm1-0-ll","ssp126",NA,3.35473951125857,27.3065381657414
"2255",2586,"Georgia","ukesm1-0-ll","ssp126",NA,4.26148160346448,30.388326383503
"2256",2587,"Georgia","ukesm1-0-ll","ssp126",NA,8.40143090794801,28.8007557866649
"2257",2588,"Georgia","ukesm1-0-ll","ssp126",NA,4.18936530976995,29.0306341360614
"2258",2589,"Georgia","ukesm1-0-ll","ssp126",NA,1.53700677951692,30.095081497451
"2259",2590,"Georgia","ukesm1-0-ll","ssp126",NA,3.35050502065339,29.7579756101742
"2260",2591,"Georgia","ukesm1-0-ll","ssp126",NA,3.40853871816465,29.1774465934994
"2261",2592,"Georgia","ukesm1-0-ll","ssp126",NA,2.47057076976533,29.2561149246179
"2262",2593,"Georgia","ukesm1-0-ll","ssp126",NA,0.501801151330812,24.9118608303855
"2263",2594,"Georgia","ukesm1-0-ll","ssp126",NA,0.275593404965385,26.4691961921156
"2264",2595,"Georgia","ukesm1-0-ll","ssp126",NA,5.55137206827096,26.8488177209443
"2265",2596,"Georgia","ukesm1-0-ll","ssp126",NA,0.355638965820771,26.6214380444395
"2266",2597,"Georgia","ukesm1-0-ll","ssp126",NA,0.561049397980091,27.6813000842965
"2267",2598,"Georgia","ukesm1-0-ll","ssp126",NA,4.0194747617188,23.6443364990826
"2268",2599,"Georgia","ukesm1-0-ll","ssp126",NA,0.0211417085146033,21.0741429659126
"2269",2600,"Georgia","ukesm1-0-ll","ssp126",NA,3.34955678336325,22.9039544130931
"2270",2601,"Georgia","ukesm1-0-ll","ssp126",NA,5.19321758794003,21.4664969751391
"2271",2602,"Georgia","ukesm1-0-ll","ssp126",NA,1.17565983743146,15.3590247054943
"2272",2603,"Georgia","ukesm1-0-ll","ssp126",NA,0.659462667727315,19.0813892281373
"2273",2604,"Georgia","ukesm1-0-ll","ssp126",NA,0.442950910357168,16.4181414661916
"2274",2605,"Georgia","ukesm1-0-ll","ssp126",NA,6.19083847662672,13.5219984742689
"2275",2606,"Georgia","ukesm1-0-ll","ssp126",NA,4.11678758112762,11.0585529170371
"2276",2607,"Georgia","ukesm1-0-ll","ssp126",NA,2.71766938147103,10.0742212919
"2277",2608,"Georgia","ukesm1-0-ll","ssp126",NA,2.19033555479833,13.6207656232266
"2278",2609,"Georgia","ukesm1-0-ll","ssp126",NA,0.292928777549301,13.6593582411944
"2279",2610,"Georgia","ukesm1-0-ll","ssp126",NA,3.70293572671738,7.77061106979705
"2280",2611,"Georgia","ukesm1-0-ll","ssp126",NA,0.00561581988402894,2.13612764002915
"2281",2612,"Georgia","ukesm1-0-ll","ssp126",NA,11.3375933330092,10.2285334626353
"2282",2613,"Georgia","ukesm1-0-ll","ssp126",NA,4.50366955696414,8.34947935386087
"2283",2614,"Georgia","ukesm1-0-ll","ssp126",NA,1.62085545077497,11.9436871175327
"2284",2615,"Georgia","ukesm1-0-ll","ssp126",NA,5.76126084874082,8.8617890217114
"2285",2616,"Georgia","ukesm1-0-ll","ssp126",NA,2.41220851799687,6.82637651272607
"2286",2617,"Georgia","ukesm1-0-ll","ssp126",NA,22.8800088153643,14.974131172679
"2287",2618,"Georgia","ukesm1-0-ll","ssp126",NA,4.33750248967374,11.2475921704752
"2288",2619,"Georgia","ukesm1-0-ll","ssp126",NA,10.0545156187937,15.1677516835654
"2289",2620,"Georgia","ukesm1-0-ll","ssp126",NA,8.58955641301129,16.5803758672017
"2290",2621,"Georgia","ukesm1-0-ll","ssp126",NA,9.66438287741899,21.384684225087
"2291",2622,"Georgia","ukesm1-0-ll","ssp126",NA,10.1977005244707,16.4822792921459
"2292",2623,"Georgia","ukesm1-0-ll","ssp126",NA,1.78475947803271,17.8621938045031
"2293",2624,"Georgia","ukesm1-0-ll","ssp126",NA,2.74475001061782,19.5193260802484
"2294",2625,"Georgia","ukesm1-0-ll","ssp126",NA,7.16134408692103,20.681974278928
"2295",2626,"Georgia","ukesm1-0-ll","ssp126",NA,0.826197202626178,23.7320103975532
"2296",2627,"Georgia","ukesm1-0-ll","ssp126",NA,0.982126576986329,24.9539001612629
"2297",2628,"Georgia","ukesm1-0-ll","ssp126",NA,2.35165874868291,23.2804015965497
"2298",2629,"Georgia","ukesm1-0-ll","ssp126",NA,2.31532426909145,24.6540617788098
"2299",2630,"Georgia","ukesm1-0-ll","ssp126",NA,0.732653173060959,25.9658300958592
"2300",2631,"Georgia","ukesm1-0-ll","ssp126",NA,5.36784604801516,23.9665774440073
"2301",2632,"Georgia","ukesm1-0-ll","ssp126",NA,4.25422939323703,25.277268704837
"2302",2633,"Georgia","ukesm1-0-ll","ssp126",NA,7.08475601695814,26.4785586599576
"2303",2634,"Georgia","ukesm1-0-ll","ssp126",NA,0.00785708543227915,24.0235626294596
"2304",2635,"Georgia","ukesm1-0-ll","ssp126",NA,2.64568817960946,26.7692227786159
"2305",2636,"Georgia","ukesm1-0-ll","ssp126",NA,2.3187822953482,29.415092885754
"2306",2637,"Georgia","ukesm1-0-ll","ssp126",NA,1.26033976451344,30.4536100595396
"2307",2638,"Georgia","ukesm1-0-ll","ssp126",NA,2.13309519804831,30.8270898703513
"2308",2639,"Georgia","ukesm1-0-ll","ssp126",NA,7.16933496083236,31.3061445407083
"2309",2640,"Georgia","ukesm1-0-ll","ssp126",NA,7.73775760735897,26.0593547239142
"2310",2641,"Georgia","ukesm1-0-ll","ssp126",NA,2.87506428251972,29.5194392095755
"2311",2642,"Georgia","ukesm1-0-ll","ssp126",NA,3.85944623017817,28.7030068016514
"2312",2643,"Georgia","ukesm1-0-ll","ssp126",NA,0.450372594932384,30.2489675304792
"2313",2644,"Georgia","ukesm1-0-ll","ssp126",NA,1.53958921612885,29.8615601029292
"2314",2645,"Georgia","ukesm1-0-ll","ssp126",NA,2.0713489744801,29.3623537077454
"2315",2646,"Georgia","ukesm1-0-ll","ssp126",NA,1.79097518474441,29.0710591387807
"2316",2647,"Georgia","ukesm1-0-ll","ssp126",NA,1.88442343564632,28.5449497620073
"2317",2648,"Georgia","ukesm1-0-ll","ssp126",NA,2.17618169435479,26.5231661965137
"2318",2649,"Georgia","ukesm1-0-ll","ssp126",NA,2.23043191527561,26.1981242108288
"2319",2650,"Georgia","ukesm1-0-ll","ssp126",NA,10.6765426549572,23.0468175412379
"2320",2651,"Georgia","ukesm1-0-ll","ssp126",NA,1.99475670886443,23.9919793745508
"2321",2652,"Georgia","ukesm1-0-ll","ssp126",NA,0.940583174609279,23.3580874537729
"2322",2653,"Georgia","ukesm1-0-ll","ssp126",NA,0.749367586204618,20.4309589967889
"2323",2654,"Georgia","ukesm1-0-ll","ssp126",NA,1.1672890324886,17.9183409018898
"2324",2655,"Georgia","ukesm1-0-ll","ssp126",NA,0.0842355235195992,15.9068136810968
"2325",2656,"Georgia","ukesm1-0-ll","ssp126",NA,6.46534414875909,15.6639979475636
"2326",2657,"Georgia","ukesm1-0-ll","ssp126",NA,0.388422137392066,15.7563225623771
"2327",2658,"Georgia","ukesm1-0-ll","ssp126",NA,4.14555682370055,17.5768206062964
"2328",2659,"Georgia","ukesm1-0-ll","ssp126",NA,0.759224914175257,7.55346586583027
"2329",2660,"Georgia","ukesm1-0-ll","ssp126",NA,2.59872802499595,11.3225452635537
"2330",2661,"Georgia","ukesm1-0-ll","ssp126",NA,7.41749845399827,14.4159040769711
"2331",2662,"Georgia","ukesm1-0-ll","ssp126",NA,6.28615728907567,15.6733355875454
"2332",2663,"Georgia","ukesm1-0-ll","ssp126",NA,4.11368256119483,8.92218825961431
"2333",2664,"Georgia","ukesm1-0-ll","ssp126",NA,9.4766875560869,11.6433335569811
"2334",2665,"Georgia","ukesm1-0-ll","ssp126",NA,3.48148200229742,7.30205947100108
"2335",2666,"Georgia","ukesm1-0-ll","ssp126",NA,2.71458660562581,9.5529089385026
"2336",2667,"Georgia","ukesm1-0-ll","ssp126",NA,2.01027944838304,8.32930546130167
"2337",2668,"Georgia","ukesm1-0-ll","ssp126",NA,0.169688552049093,10.110268980308
"2338",2669,"Georgia","ukesm1-0-ll","ssp126",NA,2.3861013867711,14.5469605231112
"2339",2670,"Georgia","ukesm1-0-ll","ssp126",NA,1.09102757158647,7.36100302781668
"2340",2671,"Georgia","ukesm1-0-ll","ssp126",NA,7.18327059672077,13.362927556442
"2341",2672,"Georgia","ukesm1-0-ll","ssp126",NA,6.67138589058366,15.229017014769
"2342",2673,"Georgia","ukesm1-0-ll","ssp126",NA,8.3263726857994,15.2893524834954
"2343",2674,"Georgia","ukesm1-0-ll","ssp126",NA,8.02673395244812,16.2501900070228
"2344",2675,"Georgia","ukesm1-0-ll","ssp126",NA,2.02250422005083,15.0160912169671
"2345",2676,"Georgia","ukesm1-0-ll","ssp126",NA,0.0844825403735247,16.9636961560561
"2346",2677,"Georgia","ukesm1-0-ll","ssp126",NA,0.99158313569822,21.7687744731765
"2347",2678,"Georgia","ukesm1-0-ll","ssp126",NA,0.0864268815128407,21.1243607860501
"2348",2679,"Georgia","ukesm1-0-ll","ssp126",NA,2.94452540754974,22.3161211286273
"2349",2680,"Georgia","ukesm1-0-ll","ssp126",NA,0.149979043905085,24.1849654449389
"2350",2681,"Georgia","ukesm1-0-ll","ssp126",NA,0.880361602920489,25.1190510969185
"2351",2682,"Georgia","ukesm1-0-ll","ssp126",NA,0.394824315660202,23.6020703923039
"2352",2683,"Georgia","ukesm1-0-ll","ssp126",NA,6.25986738247112,23.7554373309341
"2353",2684,"Georgia","ukesm1-0-ll","ssp126",NA,7.80879494802781,25.6709375561583
"2354",2685,"Georgia","ukesm1-0-ll","ssp126",NA,3.27935139042492,29.5190520131848
"2355",2686,"Georgia","ukesm1-0-ll","ssp126",NA,5.67208485067468,28.3699759347098
"2356",2687,"Georgia","ukesm1-0-ll","ssp126",NA,1.25330945946444,29.8383994779056
"2357",2688,"Georgia","ukesm1-0-ll","ssp126",NA,0.276638040238468,28.2744778612336
"2358",2689,"Georgia","ukesm1-0-ll","ssp126",NA,3.53235907393419,28.8518506361844
"2359",2690,"Georgia","ukesm1-0-ll","ssp126",NA,7.5816094138112,28.634831344937
"2360",2691,"Georgia","ukesm1-0-ll","ssp126",NA,0.522016644315659,31.0369295503556
"2361",2692,"Georgia","ukesm1-0-ll","ssp126",NA,6.25798766250888,28.4741625769664
"2362",2693,"Georgia","ukesm1-0-ll","ssp126",NA,3.1987362380324,28.7079083828314
"2363",2694,"Georgia","ukesm1-0-ll","ssp126",NA,4.05651400599579,28.3618147362809
"2364",2695,"Georgia","ukesm1-0-ll","ssp126",NA,3.38448240030361,28.6284794029255
"2365",2696,"Georgia","ukesm1-0-ll","ssp126",NA,1.72724709392785,28.450220982734
"2366",2697,"Georgia","ukesm1-0-ll","ssp126",NA,4.94389412979173,27.3309929429763
"2367",2698,"Georgia","ukesm1-0-ll","ssp126",NA,0.708438123003745,27.202897145269
"2368",2699,"Georgia","ukesm1-0-ll","ssp126",NA,7.75043204759099,26.7841316869704
"2369",2700,"Georgia","ukesm1-0-ll","ssp126",NA,1.99635044463746,26.0670450797093
"2370",2701,"Georgia","ukesm1-0-ll","ssp126",NA,0.0444474851683833,26.4992265234848
"2371",2702,"Georgia","ukesm1-0-ll","ssp126",NA,0.699594715476537,26.4530082056078
"2372",2703,"Georgia","ukesm1-0-ll","ssp126",NA,7.15722594440641,24.6016115202454
"2373",2704,"Georgia","ukesm1-0-ll","ssp126",NA,0.0852426631739698,17.3452023854845
"2374",2705,"Georgia","ukesm1-0-ll","ssp126",NA,0.0329322244958742,16.5772504386256
"2375",2706,"Georgia","ukesm1-0-ll","ssp126",NA,3.83560899388317,17.4046526227679
"2376",2707,"Georgia","ukesm1-0-ll","ssp126",NA,0.0215228472194481,13.8848772321429
"2377",2708,"Georgia","ukesm1-0-ll","ssp126",NA,0.300703649963357,13.5025355747768
"2378",2709,"Georgia","ukesm1-0-ll","ssp126",NA,0.184908548194042,10.7950155262797
"2379",2710,"Georgia","ukesm1-0-ll","ssp126",NA,0.213035134756711,12.6131036421289
"2380",2711,"Georgia","ukesm1-0-ll","ssp126",NA,0.0554078004047623,11.0404239977821
"2381",2712,"Georgia","ukesm1-0-ll","ssp126",NA,3.7771436202088,15.6315571708772
"2382",2713,"Georgia","ukesm1-0-ll","ssp126",NA,2.20990014012349,9.58866785525124
"2383",2714,"Georgia","ukesm1-0-ll","ssp126",NA,5.04224146818213,15.6741512862014
"2384",2715,"Georgia","ukesm1-0-ll","ssp126",NA,11.6887961827918,14.3462034063824
"2385",2716,"Georgia","ukesm1-0-ll","ssp126",NA,0.300739819705278,9.59387431664273
"2386",2717,"Georgia","ukesm1-0-ll","ssp126",NA,5.73507004664597,8.39889285477832
"2387",2718,"Georgia","ukesm1-0-ll","ssp126",NA,7.8816595758304,6.63507245597195
"2388",2719,"Georgia","ukesm1-0-ll","ssp126",NA,1.43068882912314,3.97861710887846
"2389",2720,"Georgia","ukesm1-0-ll","ssp126",NA,3.62769489985964,7.94206200107826
"2390",2721,"Georgia","ukesm1-0-ll","ssp126",NA,12.9442126908675,6.15292117509082
"2391",2722,"Georgia","ukesm1-0-ll","ssp126",NA,1.5196776873194,8.2543269492235
"2392",2723,"Georgia","ukesm1-0-ll","ssp126",NA,14.3876399302342,11.2768438233013
"2393",2724,"Georgia","ukesm1-0-ll","ssp126",NA,4.29852081496795,11.414991505325
"2394",2725,"Georgia","ukesm1-0-ll","ssp126",NA,8.43771612246914,13.6834234574805
"2395",2726,"Georgia","ukesm1-0-ll","ssp126",NA,2.14729490591188,13.9621017049647
"2396",2727,"Georgia","ukesm1-0-ll","ssp126",NA,7.24755235311753,15.8540054875483
"2397",2728,"Georgia","ukesm1-0-ll","ssp126",NA,1.47892780693307,18.4266748608458
"2398",2729,"Georgia","ukesm1-0-ll","ssp126",NA,1.61961847092107,16.2080131623127
"2399",2730,"Georgia","ukesm1-0-ll","ssp126",NA,2.53153043673861,18.9745639607058
"2400",2731,"Georgia","ukesm1-0-ll","ssp126",NA,0.16490155007193,18.2670137640928
"2401",2732,"Georgia","ukesm1-0-ll","ssp126",NA,1.75261287601508,20.7235537032527
"2402",2733,"Georgia","ukesm1-0-ll","ssp126",NA,3.18110127651429,20.4077977067333
"2403",2734,"Georgia","ukesm1-0-ll","ssp126",NA,0.199301362777375,24.3595380362818
"2404",2735,"Georgia","ukesm1-0-ll","ssp126",NA,3.42564367384923,24.2107278228095
"2405",2736,"Georgia","ukesm1-0-ll","ssp126",NA,9.50231944272594,21.1034391019881
"2406",2737,"Georgia","ukesm1-0-ll","ssp126",NA,1.56021433488122,24.9470271297575
"2407",2738,"Georgia","ukesm1-0-ll","ssp126",NA,0.899598859023635,28.1850066030286
"2408",2739,"Georgia","ukesm1-0-ll","ssp126",NA,9.50021576943048,28.3887557724775
"2409",2740,"Georgia","ukesm1-0-ll","ssp126",NA,9.54380745942311,27.7123114117121
"2410",2741,"Georgia","ukesm1-0-ll","ssp126",NA,2.09536813028456,28.9494948417165
"2411",2742,"Georgia","ukesm1-0-ll","ssp126",NA,3.46840089381081,29.4088653786131
"2412",2743,"Georgia","ukesm1-0-ll","ssp126",NA,2.66411530855873,30.3935232388771
"2413",2744,"Georgia","ukesm1-0-ll","ssp126",NA,6.90234602102717,29.0915268276852
"2414",2745,"Georgia","ukesm1-0-ll","ssp126",NA,1.20706575146519,31.7271314274601
"2415",2746,"Georgia","ukesm1-0-ll","ssp126",NA,4.33628262727737,28.3936889796223
"2416",2747,"Georgia","ukesm1-0-ll","ssp126",NA,4.45775614790071,29.9634176554461
"2417",2748,"Georgia","ukesm1-0-ll","ssp126",NA,1.61965049314781,29.8529418797528
"2418",2749,"Georgia","ukesm1-0-ll","ssp126",NA,7.02991178663395,30.2051004700742
"2419",2750,"Georgia","ukesm1-0-ll","ssp126",NA,6.56595498684384,28.770089093594
"2420",2751,"Georgia","ukesm1-0-ll","ssp126",NA,0.264268858759692,27.24325106346
"2421",2752,"Georgia","ukesm1-0-ll","ssp126",NA,0.0320201520007157,27.4155468809114
"2422",2753,"Georgia","ukesm1-0-ll","ssp126",NA,0.667003652340714,28.443077726572
"2423",2754,"Georgia","ukesm1-0-ll","ssp126",NA,2.46611307022346,25.9624965122768
"2424",2755,"Georgia","ukesm1-0-ll","ssp126",NA,1.08251824671943,21.6434505287152
"2425",2756,"Georgia","ukesm1-0-ll","ssp126",NA,0.180236739647328,19.6874559896622
"2426",2757,"Georgia","ukesm1-0-ll","ssp126",NA,0.0241309708985627,20.4646624475068
"2427",2758,"Georgia","ukesm1-0-ll","ssp126",NA,2.89407356313676,21.9850744954033
"2428",2759,"Georgia","ukesm1-0-ll","ssp126",NA,2.24259351843241,20.3821989267271
"2429",2760,"Georgia","ukesm1-0-ll","ssp126",NA,3.47801204017663,16.8154169336647
"2430",2761,"Georgia","ukesm1-0-ll","ssp126",NA,2.24090395043587,16.8047402887599
"2431",2762,"Georgia","ukesm1-0-ll","ssp126",NA,0.654936593370025,12.2507540280248
"2432",2763,"Georgia","ukesm1-0-ll","ssp126",NA,5.87786460040591,14.846681564368
"2433",2764,"Georgia","ukesm1-0-ll","ssp126",NA,5.13743314068162,11.8076633998326
"2434",2765,"Georgia","ukesm1-0-ll","ssp126",NA,1.09441723579948,9.29630613165389
"2435",2766,"Georgia","ukesm1-0-ll","ssp126",NA,0.0187443968431997,8.53882666488539
"2436",2767,"Georgia","ukesm1-0-ll","ssp126",NA,5.32733773468391,10.6843388370394
"2437",2768,"Georgia","ukesm1-0-ll","ssp126",NA,6.73537721443985,12.0329708367226
"2438",2769,"Georgia","ukesm1-0-ll","ssp126",NA,0.382267705367062,8.6079810486579
"2439",2770,"Georgia","ukesm1-0-ll","ssp126",NA,6.63171726205479,5.71649956137449
"2440",2771,"Georgia","ukesm1-0-ll","ssp126",NA,5.41988119887259,10.1189227457485
"2441",2772,"Georgia","ukesm1-0-ll","ssp126",NA,3.40047911159291,14.2930356522161
"2442",2773,"Georgia","ukesm1-0-ll","ssp126",NA,8.26094194362095,13.8583451167146
"2443",2774,"Georgia","ukesm1-0-ll","ssp126",NA,12.4168715238776,16.1940944126674
"2444",2775,"Georgia","ukesm1-0-ll","ssp126",NA,0.627829668515148,12.1491229558395
"2445",2776,"Georgia","ukesm1-0-ll","ssp126",NA,0.981320380704668,12.8725988946873
"2446",2777,"Georgia","ukesm1-0-ll","ssp126",NA,1.59951001242491,20.0898815385943
"2447",2778,"Georgia","ukesm1-0-ll","ssp126",NA,0.894244305411262,20.4671303811431
"2448",2779,"Georgia","ukesm1-0-ll","ssp126",NA,1.53526535631924,14.6439147210295
"2449",2780,"Georgia","ukesm1-0-ll","ssp126",NA,6.17078102281366,16.2099087251012
"2450",2781,"Georgia","ukesm1-0-ll","ssp126",NA,7.37794646095853,20.620800204889
"2451",2782,"Georgia","ukesm1-0-ll","ssp126",NA,1.06395400392039,17.9775099045428
"2452",2783,"Georgia","ukesm1-0-ll","ssp126",NA,0.0742694330300243,19.2962886191454
"2453",2784,"Georgia","ukesm1-0-ll","ssp126",NA,1.87913107040739,17.2385980564515
"2454",2785,"Georgia","ukesm1-0-ll","ssp126",NA,2.77604407928118,23.7827563269664
"2455",2786,"Georgia","ukesm1-0-ll","ssp126",NA,9.25568921638027,22.4964109998061
"2456",2787,"Georgia","ukesm1-0-ll","ssp126",NA,5.93555445024626,25.0419655418858
"2457",2788,"Georgia","ukesm1-0-ll","ssp126",NA,3.698070658048,25.2370382609148
"2458",2789,"Georgia","ukesm1-0-ll","ssp126",NA,1.53945197494277,27.5284186190035
"2459",2790,"Georgia","ukesm1-0-ll","ssp126",NA,9.91211800276359,29.2541199026039
"2460",2791,"Georgia","ukesm1-0-ll","ssp126",NA,14.2400827628957,28.1690619443289
"2461",2792,"Georgia","ukesm1-0-ll","ssp126",NA,5.21365123838705,28.4390338888469
"2462",2793,"Georgia","ukesm1-0-ll","ssp126",NA,20.2212581947372,28.6698801553278
"2463",2794,"Georgia","ukesm1-0-ll","ssp126",NA,4.95708018834259,28.5550539621718
"2464",2795,"Georgia","ukesm1-0-ll","ssp126",NA,0.733536787770797,30.1094617792827
"2465",2796,"Georgia","ukesm1-0-ll","ssp126",NA,3.86333628199991,29.8428848229656
"2466",2797,"Georgia","ukesm1-0-ll","ssp126",NA,2.83948393445328,28.3868974514793
"2467",2798,"Georgia","ukesm1-0-ll","ssp126",NA,1.36633388179693,31.9140527757548
"2468",2799,"Georgia","ukesm1-0-ll","ssp126",NA,0.298483280221923,30.306824646735
"2469",2800,"Georgia","ukesm1-0-ll","ssp126",NA,2.18455850879116,29.7049456654103
"2470",2801,"Georgia","ukesm1-0-ll","ssp126",NA,1.49045985307066,29.6231361666257
"2471",2802,"Georgia","ukesm1-0-ll","ssp126",NA,0.394359289038998,29.8204463487676
"2472",2803,"Georgia","ukesm1-0-ll","ssp126",NA,7.5779325256043,27.4302870928231
"2473",2804,"Georgia","ukesm1-0-ll","ssp126",NA,13.2302085046479,27.4436370923502
"2474",2805,"Georgia","ukesm1-0-ll","ssp126",NA,8.66334789975586,25.6486827046762
"2475",2806,"Georgia","ukesm1-0-ll","ssp126",NA,12.0751506761894,25.1908850422783
"2476",2807,"Georgia","ukesm1-0-ll","ssp126",NA,0.976523578041667,21.793156614142
"2477",2808,"Georgia","ukesm1-0-ll","ssp126",NA,0.221684629307016,24.5461948496378
"2478",2809,"Georgia","ukesm1-0-ll","ssp126",NA,2.04964413407022,18.3377839538722
"2479",2810,"Georgia","ukesm1-0-ll","ssp126",NA,0.00963858346288915,17.1456916864502
"2480",2811,"Georgia","ukesm1-0-ll","ssp126",NA,0.785229123204297,19.4905394325534
"2481",2812,"Georgia","ukesm1-0-ll","ssp126",NA,5.63966133350505,20.781770823481
"2482",2813,"Georgia","ukesm1-0-ll","ssp126",NA,1.14751833054523,12.6336243858061
"2483",2814,"Georgia","ukesm1-0-ll","ssp126",NA,2.25643199515026,14.5522020095197
"2484",2815,"Georgia","ukesm1-0-ll","ssp126",NA,0.821910919822072,9.58155223486212
"2485",2816,"Georgia","ukesm1-0-ll","ssp126",NA,0.7234231765544,6.81812523941153
"2486",2817,"Georgia","ukesm1-0-ll","ssp126",NA,3.52155548664337,12.5592448458545
"2487",2818,"Georgia","ukesm1-0-ll","ssp126",NA,0.0629050641667496,8.7480710673852
"2488",2819,"Georgia","ukesm1-0-ll","ssp126",NA,1.74644563358676,18.202748178108
"2489",2820,"Georgia","ukesm1-0-ll","ssp126",NA,3.51046362865138,10.8842074710578
"2490",2821,"Georgia","ukesm1-0-ll","ssp126",NA,0.98238880405964,8.70277219315132
"2491",2822,"Georgia","ukesm1-0-ll","ssp126",NA,0.932501401531418,10.1443997510121
"2492",2823,"Georgia","ukesm1-0-ll","ssp126",NA,5.00525194380915,11.0176365295854
"2493",2824,"Georgia","ukesm1-0-ll","ssp126",NA,7.22848220129912,13.6398718439061
"2494",2825,"Georgia","ukesm1-0-ll","ssp126",NA,2.24923410743729,12.0086904456483
"2495",2826,"Georgia","ukesm1-0-ll","ssp126",NA,0.148291201179917,15.1635206762873
"2496",2827,"Georgia","ukesm1-0-ll","ssp126",NA,8.43973851783818,13.4916351096682
"2497",2828,"Georgia","ukesm1-0-ll","ssp126",NA,8.51648944896137,14.3801574263677
"2498",2829,"Georgia","ukesm1-0-ll","ssp126",NA,1.0271109845805,18.732792549041
"2499",2830,"Georgia","ukesm1-0-ll","ssp126",NA,1.92101303219334,19.4486347337035
"2500",2831,"Georgia","ukesm1-0-ll","ssp126",NA,6.1936159613495,14.9907382032196
"2501",2832,"Georgia","ukesm1-0-ll","ssp126",NA,6.44383103508495,17.7131854853965
"2502",2833,"Georgia","ukesm1-0-ll","ssp126",NA,6.3008141251658,18.1747071051425
"2503",2834,"Georgia","ukesm1-0-ll","ssp126",NA,6.69763001797896,18.3652505870016
"2504",2835,"Georgia","ukesm1-0-ll","ssp126",NA,0.150736189024281,18.2212416826669
"2505",2836,"Georgia","ukesm1-0-ll","ssp126",NA,4.85159105985129,19.0060348252119
"2506",2837,"Georgia","ukesm1-0-ll","ssp126",NA,1.50322029551543,22.8175853812377
"2507",2838,"Georgia","ukesm1-0-ll","ssp126",NA,1.45619309562594,25.1539330581776
"2508",2839,"Georgia","ukesm1-0-ll","ssp126",NA,0.581066823956209,28.8006015731405
"2509",2840,"Georgia","ukesm1-0-ll","ssp126",NA,1.84904813104367,26.4466591454014
"2510",2841,"Georgia","ukesm1-0-ll","ssp126",NA,16.5680220940205,26.4286508925025
"2511",2842,"Georgia","ukesm1-0-ll","ssp126",NA,4.42863817076347,26.3906859908208
"2512",2843,"Georgia","ukesm1-0-ll","ssp126",NA,0.57453390952257,26.845648030796
"2513",2844,"Georgia","ukesm1-0-ll","ssp126",NA,3.86788573909866,28.6615953348451
"2514",2845,"Georgia","ukesm1-0-ll","ssp126",NA,0.772442369877638,30.8843780148116
"2515",2846,"Georgia","ukesm1-0-ll","ssp126",NA,1.49949323483025,32.8213159889055
"2516",2847,"Georgia","ukesm1-0-ll","ssp126",NA,1.31964644551728,32.7382260080111
"2517",2848,"Georgia","ukesm1-0-ll","ssp126",NA,2.76278650755302,30.5299136847619
"2518",2849,"Georgia","ukesm1-0-ll","ssp126",NA,3.37717892926967,30.5905187870054
"2519",2850,"Georgia","ukesm1-0-ll","ssp126",NA,1.54597111098884,31.3124034521366
"2520",2851,"Georgia","ukesm1-0-ll","ssp126",NA,0.528765332615682,33.0973643305227
"2521",2852,"Georgia","ukesm1-0-ll","ssp126",NA,0.31070231300369,34.5627023470604
"2522",2853,"Georgia","ukesm1-0-ll","ssp126",NA,2.09116844140032,32.7349915141921
"2523",2854,"Georgia","ukesm1-0-ll","ssp126",NA,1.27700804202987,30.3226438360699
"2524",2855,"Georgia","ukesm1-0-ll","ssp126",NA,0.00883500570940562,30.9680028291938
"2525",2856,"Georgia","ukesm1-0-ll","ssp126",NA,0.925558614030497,31.598958929399
"2526",2857,"Georgia","ukesm1-0-ll","ssp126",NA,1.45133777527135,29.6152729764112
"2527",2858,"Georgia","ukesm1-0-ll","ssp126",NA,2.30980522151725,27.0922468356301
"2528",2859,"Georgia","ukesm1-0-ll","ssp126",NA,0.0531879214099332,24.8214351774128
"2529",2860,"Georgia","ukesm1-0-ll","ssp126",NA,2.29025249740005,22.9560448893623
"2530",2861,"Georgia","ukesm1-0-ll","ssp126",NA,4.00859793809604,20.7471473379805
"2531",2862,"Georgia","ukesm1-0-ll","ssp126",NA,1.56495826434236,15.8980367369571
"2532",2863,"Georgia","ukesm1-0-ll","ssp126",NA,5.66419145004123,18.1988714850844
"2533",2864,"Georgia","ukesm1-0-ll","ssp126",NA,2.90194866292223,17.4743132436536
"2534",2865,"Georgia","ukesm1-0-ll","ssp126",NA,7.92197570150368,17.4129773451688
"2535",2866,"Georgia","ukesm1-0-ll","ssp126",NA,0.000682565667498778,9.52432327824703
"2536",2867,"Georgia","ukesm1-0-ll","ssp126",NA,1.72293400692664,14.8169655714428
"2537",2868,"Georgia","ukesm1-0-ll","ssp126",NA,0.839126519958199,12.4049866904936
"2538",2869,"Georgia","ukesm1-0-ll","ssp126",NA,7.47729236099809,12.2234204751816
"2539",2870,"Georgia","ukesm1-0-ll","ssp126",NA,1.33432070237459,6.82583997971211
"2540",2871,"Georgia","ukesm1-0-ll","ssp126",NA,0.963384882983448,9.94360036780703
"2541",2872,"Georgia","ukesm1-0-ll","ssp126",NA,9.10862048159325,14.4018127145837
"2542",2873,"Georgia","ukesm1-0-ll","ssp126",NA,4.38736964009278,14.8092705604239
"2543",2874,"Georgia","ukesm1-0-ll","ssp126",NA,6.11295565261111,10.13635197748
"2544",2875,"Georgia","ukesm1-0-ll","ssp126",NA,7.63149776413156,8.22003036388187
"2545",2876,"Georgia","ukesm1-0-ll","ssp126",NA,4.26732890633859,9.44871623706589
"2546",2877,"Georgia","ukesm1-0-ll","ssp126",NA,6.60506374187412,9.17742568193859
"2547",2878,"Georgia","ukesm1-0-ll","ssp126",NA,5.56183443940477,3.63407210010596
"2548",2879,"Georgia","ukesm1-0-ll","ssp126",NA,1.96614177113707,9.55084741329168
"2549",2880,"Georgia","ukesm1-0-ll","ssp126",NA,4.12166300706189,13.0798990392801
"2550",2881,"Georgia","ukesm1-0-ll","ssp126",NA,7.71445680642958,16.3448362484394
"2551",2882,"Georgia","ukesm1-0-ll","ssp126",NA,0.340048041135554,16.2612989965998
"2552",2883,"Georgia","ukesm1-0-ll","ssp126",NA,1.8824416998726,16.1595474797358
"2553",2884,"Georgia","ukesm1-0-ll","ssp126",NA,1.77383218254629,15.3791637208214
"2554",2885,"Georgia","ukesm1-0-ll","ssp126",NA,1.97272808811962,19.5881033170021
"2555",2886,"Georgia","ukesm1-0-ll","ssp126",NA,0.637432342592958,22.9510111146054
"2556",2887,"Georgia","ukesm1-0-ll","ssp126",NA,4.70847826262628,19.4905921917562
"2557",2888,"Georgia","ukesm1-0-ll","ssp126",NA,0.765636101594009,21.2390920274194
"2558",2889,"Georgia","ukesm1-0-ll","ssp126",NA,1.72493776743367,21.4786573802588
"2559",2890,"Georgia","ukesm1-0-ll","ssp126",NA,0.665708376813239,24.8422737324786
"2560",2891,"Georgia","ukesm1-0-ll","ssp126",NA,0.591791886058485,23.9058716263667
"2561",2892,"Georgia","ukesm1-0-ll","ssp126",NA,13.7764360114068,25.9732534043726
"2562",2893,"Georgia","ukesm1-0-ll","ssp126",NA,7.20295926480624,27.9972692605081
"2563",2894,"Georgia","ukesm1-0-ll","ssp126",NA,2.37716583173444,25.6963933542912
"2564",2895,"Georgia","ukesm1-0-ll","ssp126",NA,6.05939518020516,27.5773014244098
"2565",2896,"Georgia","ukesm1-0-ll","ssp126",NA,4.82122749690946,28.5623960628925
"2566",2897,"Georgia","ukesm1-0-ll","ssp126",NA,12.4464204512136,28.2033299332958
"2567",2898,"Georgia","ukesm1-0-ll","ssp126",NA,4.2687429131481,29.8616736017186
"2568",2899,"Georgia","ukesm1-0-ll","ssp126",NA,5.19719390818208,27.6587896388611
"2569",2900,"Georgia","ukesm1-0-ll","ssp126",NA,14.4890110974641,27.1792109972051
"2570",2901,"Georgia","ukesm1-0-ll","ssp126",NA,4.90089784412245,29.2091790372465
"2571",2902,"Georgia","ukesm1-0-ll","ssp126",NA,2.01547609182477,28.4066992955982
"2572",2903,"Georgia","ukesm1-0-ll","ssp126",NA,5.1644035339994,28.9317648677503
"2573",2904,"Georgia","ukesm1-0-ll","ssp126",NA,1.91266656796337,28.1070440186138
"2574",2905,"Georgia","ukesm1-0-ll","ssp126",NA,1.35462774469268,28.344281537885
"2575",2906,"Georgia","ukesm1-0-ll","ssp126",NA,2.34236813115253,28.0346717668215
"2576",2907,"Georgia","ukesm1-0-ll","ssp126",NA,1.76098276665283,27.3322138677787
"2577",2908,"Georgia","ukesm1-0-ll","ssp126",NA,2.35147742880043,27.1710833459443
"2578",2909,"Georgia","ukesm1-0-ll","ssp126",NA,0.990529028830157,26.6729054596465
"2579",2910,"Georgia","ukesm1-0-ll","ssp126",NA,0.0184938101014506,23.6332320169444
"2580",2911,"Georgia","ukesm1-0-ll","ssp126",NA,5.34376765490489,24.0820884723063
"2581",2912,"Georgia","ukesm1-0-ll","ssp126",NA,6.38276803072819,21.070322578929
"2582",2913,"Georgia","ukesm1-0-ll","ssp126",NA,0.0221493700956114,18.5991145468798
"2583",2914,"Georgia","ukesm1-0-ll","ssp126",NA,0.878245040807853,18.1991032856717
"2584",2915,"Georgia","ukesm1-0-ll","ssp126",NA,7.28250022216046,16.617541252672
"2585",2916,"Georgia","ukesm1-0-ll","ssp126",NA,2.48311218910364,11.1448685246576
"2586",2917,"Georgia","ukesm1-0-ll","ssp126",NA,5.81955551311456,15.589970800663
"2587",2918,"Georgia","ukesm1-0-ll","ssp126",NA,0.361164851026349,9.27383713987782
"2588",2919,"Georgia","ukesm1-0-ll","ssp126",NA,4.23621805364143,12.6296674455915
"2589",2920,"Georgia","ukesm1-0-ll","ssp126",NA,3.91926845352345,12.865409677427
"2590",2921,"Georgia","ukesm1-0-ll","ssp126",NA,3.92374650056972,12.2603262026143
"2591",2922,"Georgia","ukesm1-0-ll","ssp126",NA,1.10750762989491,11.8849112965582
"2592",2923,"Georgia","ukesm1-0-ll","ssp126",NA,1.99580717585014,12.2666665435126
"2593",2924,"Georgia","ukesm1-0-ll","ssp126",NA,1.78670282719034,10.9421523715336
"2594",2925,"Georgia","ukesm1-0-ll","ssp126",NA,3.03347834385086,10.8870096202047
"2595",2926,"Georgia","ukesm1-0-ll","ssp126",NA,2.59325486161092,7.78114827966577
"2596",2927,"Georgia","ukesm1-0-ll","ssp126",NA,4.77720905748431,8.19333856688864
"2597",2928,"Georgia","ukesm1-0-ll","ssp126",NA,0.0461236589743469,3.64335705477738
"2598",2929,"Georgia","ukesm1-0-ll","ssp126",NA,1.96180999728335,6.92338295260009
"2599",2930,"Georgia","ukesm1-0-ll","ssp126",NA,0.353085204303058,11.7127363671402
"2600",2931,"Georgia","ukesm1-0-ll","ssp126",NA,13.0899721446081,14.5278990073585
"2601",2932,"Georgia","ukesm1-0-ll","ssp126",NA,0.000538815322532779,10.3442404536878
"2602",2933,"Georgia","ukesm1-0-ll","ssp126",NA,2.43522136642314,12.149836017895
"2603",2934,"Georgia","ukesm1-0-ll","ssp126",NA,2.6559908136986,14.4243974958148
"2604",2935,"Georgia","ukesm1-0-ll","ssp126",NA,3.87928440067063,16.8678844091679
"2605",2936,"Georgia","ukesm1-0-ll","ssp126",NA,1.81430230231127,18.0059405384572
"2606",2937,"Georgia","ukesm1-0-ll","ssp126",NA,14.7816555965218,20.8209539898371
"2607",2938,"Georgia","ukesm1-0-ll","ssp126",NA,0.0929770148401873,20.2951499366299
"2608",2939,"Georgia","ukesm1-0-ll","ssp126",NA,16.4219032024974,23.1776108563957
"2609",2940,"Georgia","ukesm1-0-ll","ssp126",NA,5.96321442661783,21.2863471301358
"2610",2941,"Georgia","ukesm1-0-ll","ssp126",NA,5.10691978905205,21.8514199171459
"2611",2942,"Georgia","ukesm1-0-ll","ssp126",NA,11.0856931112312,22.8514008528961
"2612",2943,"Georgia","ukesm1-0-ll","ssp126",NA,9.38312889076646,23.0908053418915
"2613",2944,"Georgia","ukesm1-0-ll","ssp126",NA,2.83116092424361,26.1854841698746
"2614",2945,"Georgia","ukesm1-0-ll","ssp126",NA,11.8091781123682,26.4913902301188
"2615",2946,"Georgia","ukesm1-0-ll","ssp126",NA,15.4685979728206,26.8146938961297
"2616",2947,"Georgia","ukesm1-0-ll","ssp126",NA,10.6677938599934,26.1222204914971
"2617",2948,"Georgia","ukesm1-0-ll","ssp126",NA,2.80815799044943,27.4420600059824
"2618",2949,"Georgia","ukesm1-0-ll","ssp126",NA,0.569368527334029,26.7310807567532
"2619",2950,"Georgia","ukesm1-0-ll","ssp126",NA,5.05552675075426,28.5073243960919
"2620",2951,"Georgia","ukesm1-0-ll","ssp126",NA,1.52253643741097,32.0666875880798
"2621",2952,"Georgia","ukesm1-0-ll","ssp126",NA,1.31648061795613,31.3719781242907
"2622",2953,"Georgia","ukesm1-0-ll","ssp126",NA,1.81921796209426,31.706793345897
"2623",2954,"Georgia","ukesm1-0-ll","ssp126",NA,13.6697781587935,29.1231454770733
"2624",2955,"Georgia","ukesm1-0-ll","ssp126",NA,3.43140802870303,28.4301809832779
"2625",2956,"Georgia","ukesm1-0-ll","ssp126",NA,6.08588276995441,29.4579855265398
"2626",2957,"Georgia","ukesm1-0-ll","ssp126",NA,0.222345952049025,29.110834183589
"2627",2958,"Georgia","ukesm1-0-ll","ssp126",NA,4.8034323871793,27.7313742575288
"2628",2959,"Georgia","ukesm1-0-ll","ssp126",NA,2.529051764327,27.2719834741034
"2629",2960,"Georgia","ukesm1-0-ll","ssp126",NA,1.20588283626618,28.0048678418915
"2630",2961,"Georgia","ukesm1-0-ll","ssp126",NA,0.056484428532096,25.8294842810088
"2631",2962,"Georgia","ukesm1-0-ll","ssp126",NA,0.465385934504669,24.5010187107484
"2632",2963,"Georgia","ukesm1-0-ll","ssp126",NA,19.2659859274019,22.0307030777089
"2633",2964,"Georgia","ukesm1-0-ll","ssp126",NA,0.00597951125564137,18.076682649109
"2634",2965,"Georgia","ukesm1-0-ll","ssp126",NA,0.243304691540436,20.933756490712
"2635",2966,"Georgia","ukesm1-0-ll","ssp126",NA,1.86075332437519,23.3282802036831
"2636",2967,"Georgia","ukesm1-0-ll","ssp126",NA,1.26432925452593,23.2464488327359
"2637",2968,"Georgia","ukesm1-0-ll","ssp126",NA,4.40896706899956,22.2207667020562
"2638",2969,"Georgia","ukesm1-0-ll","ssp126",NA,0.814488317160182,11.7026174623799
"2639",2970,"Georgia","ukesm1-0-ll","ssp126",NA,2.08298160875945,10.908503601222
"2640",2971,"Georgia","ukesm1-0-ll","ssp126",NA,2.92761754311248,7.38757622744214
"2641",2972,"Georgia","ukesm1-0-ll","ssp126",NA,2.413158558449,5.87455704437332
"2642",2973,"Georgia","ukesm1-0-ll","ssp126",NA,7.1190264292212,10.1947167348054
"2643",2974,"Georgia","ukesm1-0-ll","ssp126",NA,5.08613003109264,6.12369745360739
"2644",2975,"Georgia","ukesm1-0-ll","ssp126",NA,1.03746305976088,12.3253422402297
"2645",2976,"Georgia","ukesm1-0-ll","ssp126",NA,2.29946313386506,13.8040309952189
"2646",2977,"Georgia","ukesm1-0-ll","ssp126",NA,1.63651801585487,10.6779359092436
"2647",2978,"Georgia","ukesm1-0-ll","ssp126",NA,2.22070060686619,11.8751624451423
"2648",2979,"Georgia","ukesm1-0-ll","ssp126",NA,4.06138525311593,11.3298579550829
"2649",2980,"Georgia","ukesm1-0-ll","ssp126",NA,7.4722519784198,12.6695008654283
"2650",2981,"Georgia","ukesm1-0-ll","ssp126",NA,1.73109813757821,9.19233976276391
"2651",2982,"Georgia","ukesm1-0-ll","ssp126",NA,2.80538005089297,11.4855264215724
"2652",2983,"Georgia","ukesm1-0-ll","ssp126",NA,1.72986863127614,11.4028942782423
"2653",2984,"Georgia","ukesm1-0-ll","ssp126",NA,3.87170654972341,19.2651793842454
"2654",2985,"Georgia","ukesm1-0-ll","ssp126",NA,1.43469694657721,8.11954388560743
"2655",2986,"Georgia","ukesm1-0-ll","ssp126",NA,1.12311248993811,13.6880449863092
"2656",2987,"Georgia","ukesm1-0-ll","ssp126",NA,2.35530347039299,17.146564503963
"2657",2988,"Georgia","ukesm1-0-ll","ssp126",NA,5.04024825820387,17.2531183644588
"2658",2989,"Georgia","ukesm1-0-ll","ssp126",NA,1.83035699897217,17.1115287725343
"2659",2990,"Georgia","ukesm1-0-ll","ssp126",NA,9.28554197346787,17.4822946617736
"2660",2991,"Georgia","ukesm1-0-ll","ssp126",NA,1.41018475044981,16.1890814016864
"2661",2992,"Georgia","ukesm1-0-ll","ssp126",NA,0.480227231383975,21.8086867362478
"2662",2993,"Georgia","ukesm1-0-ll","ssp126",NA,1.04328939062617,22.8889201831587
"2663",2994,"Georgia","ukesm1-0-ll","ssp126",NA,1.80831279230167,22.914370513251
"2664",2995,"Georgia","ukesm1-0-ll","ssp126",NA,7.26061645664209,20.7448412287899
"2665",2996,"Georgia","ukesm1-0-ll","ssp126",NA,1.13235488023424,24.9591188887996
"2666",2997,"Georgia","ukesm1-0-ll","ssp126",NA,1.98568017484309,25.6743655742802
"2667",2998,"Georgia","ukesm1-0-ll","ssp126",NA,2.11343575062438,28.6743970524601
"2668",2999,"Georgia","ukesm1-0-ll","ssp126",NA,0.50571061722998,26.744103117197
"2669",3000,"Georgia","ukesm1-0-ll","ssp126",NA,10.456882831633,26.8310718601033
"2670",3001,"Georgia","ukesm1-0-ll","ssp126",NA,0.833622761754528,26.6859181401805
"2671",3002,"Georgia","ukesm1-0-ll","ssp126",NA,6.00773580620474,28.7221420620602
"2672",3003,"Georgia","ukesm1-0-ll","ssp126",NA,8.66644348039153,27.9705856655758
"2673",3004,"Georgia","ukesm1-0-ll","ssp126",NA,4.4214262196665,28.4406107535374
"2674",3005,"Georgia","ukesm1-0-ll","ssp126",NA,6.27228406562408,29.0197862084784
"2675",3006,"Georgia","ukesm1-0-ll","ssp126",NA,6.08714881647237,28.5214096254067
"2676",3007,"Georgia","ukesm1-0-ll","ssp126",NA,3.30052033780199,30.556666295234
"2677",3008,"Georgia","ukesm1-0-ll","ssp126",NA,3.96378822425872,30.8471631952983
"2678",3009,"Georgia","ukesm1-0-ll","ssp126",NA,1.17777570207221,29.4713418069244
"2679",3010,"Georgia","ukesm1-0-ll","ssp126",NA,2.88505629022841,29.6792315393037
"2680",3011,"Georgia","ukesm1-0-ll","ssp126",NA,0.0175154152979959,28.4316408023419
"2681",3012,"Georgia","ukesm1-0-ll","ssp126",NA,0.611739982268244,24.9580884587101
"2682",3013,"Georgia","ukesm1-0-ll","ssp126",NA,14.9271728044529,25.8469036850456
"2683",3014,"Georgia","ukesm1-0-ll","ssp126",NA,2.30244773222982,26.4849789524771
"2684",3015,"Georgia","ukesm1-0-ll","ssp126",NA,1.72179630165751,24.1624371914252
"2685",3016,"Georgia","ukesm1-0-ll","ssp126",NA,7.98137644610253,21.9787008290141
"2686",3017,"Georgia","ukesm1-0-ll","ssp126",NA,0.023857786576623,19.5170313504937
"2687",3018,"Georgia","ukesm1-0-ll","ssp126",NA,0.00189921699615689,16.3577030652949
"2688",3019,"Georgia","ukesm1-0-ll","ssp126",NA,2.0227458767931,17.9714034332202
"2689",3020,"Georgia","ukesm1-0-ll","ssp126",NA,2.38427798068335,17.6842330969564
"2690",3021,"Georgia","ukesm1-0-ll","ssp126",NA,7.60230711313972,16.2302881125388
"2691",3022,"Georgia","ukesm1-0-ll","ssp126",NA,1.44620723518797,16.6086892338123
"2692",3023,"Georgia","ukesm1-0-ll","ssp126",NA,0.304704719921363,15.4171556671365
"2693",3024,"Georgia","ukesm1-0-ll","ssp126",NA,0.520021233421878,9.39919758720493
"2694",3025,"Georgia","ukesm1-0-ll","ssp126",NA,2.30018835588671,10.8876889134146
"2695",3026,"Georgia","ukesm1-0-ll","ssp126",NA,9.00960566993179,15.3148828391013
"2696",3027,"Georgia","ukesm1-0-ll","ssp126",NA,3.14022086178835,9.96126346911416
"2697",3028,"Georgia","ukesm1-0-ll","ssp126",NA,3.6188161300844,7.46821785619706
"2698",3029,"Georgia","ukesm1-0-ll","ssp126",NA,5.56516085174598,9.71603950703695
"2699",3030,"Georgia","ukesm1-0-ll","ssp126",NA,3.87372426918155,10.3145947324739
"2700",3031,"Georgia","ukesm1-0-ll","ssp126",NA,9.29168163921437,8.41075303491036
"2701",3032,"Georgia","ukesm1-0-ll","ssp126",NA,1.57599246814655,9.08909318014151
"2702",3033,"Georgia","ukesm1-0-ll","ssp126",NA,0.00182212977555973,10.2793696886114
"2703",3034,"Georgia","ukesm1-0-ll","ssp126",NA,6.26927729566354,12.2494759843656
"2704",3035,"Georgia","ukesm1-0-ll","ssp126",NA,0.518789510507253,13.64175122425
"2705",3036,"Georgia","ukesm1-0-ll","ssp126",NA,6.37222423704112,16.1722782606074
"2706",3037,"Georgia","ukesm1-0-ll","ssp126",NA,2.9051982264714,15.8709345413467
"2707",3038,"Georgia","ukesm1-0-ll","ssp126",NA,2.3636814830131,20.3114070864625
"2708",3039,"Georgia","ukesm1-0-ll","ssp126",NA,5.9879291421485,17.2143718285365
"2709",3040,"Georgia","ukesm1-0-ll","ssp126",NA,7.55233824132386,12.3287095926576
"2710",3041,"Georgia","ukesm1-0-ll","ssp126",NA,13.15292299041,17.2107155566643
"2711",3042,"Georgia","ukesm1-0-ll","ssp126",NA,7.38489654087693,16.3171045631243
"2712",3043,"Georgia","ukesm1-0-ll","ssp126",NA,0.172170979335786,19.5056207319726
"2713",3044,"Georgia","ukesm1-0-ll","ssp126",NA,2.86606694178631,24.5051681407716
"2714",3045,"Georgia","ukesm1-0-ll","ssp126",NA,0.246826582590898,24.2433439462583
"2715",3046,"Georgia","ukesm1-0-ll","ssp126",NA,1.8717717570048,22.0753760829676
"2716",3047,"Georgia","ukesm1-0-ll","ssp126",NA,15.3471337081481,24.4997434750019
"2717",3048,"Georgia","ukesm1-0-ll","ssp126",NA,5.55751568624716,24.3513555568298
"2718",3049,"Georgia","ukesm1-0-ll","ssp126",NA,2.76770033037781,25.7362967502696
"2719",3050,"Georgia","ukesm1-0-ll","ssp126",NA,10.3363248011789,25.8999988768349
"2720",3051,"Georgia","ukesm1-0-ll","ssp126",NA,3.7489528354092,27.2830915769711
"2721",3052,"Georgia","ukesm1-0-ll","ssp126",NA,4.04479951827938,28.8089262955414
"2722",3053,"Georgia","ukesm1-0-ll","ssp126",NA,0.606212960097394,30.266257918314
"2723",3054,"Georgia","ukesm1-0-ll","ssp126",NA,1.42393219048553,28.9164661767697
"2724",3055,"Georgia","ukesm1-0-ll","ssp126",NA,3.88348599170336,29.072688245427
"2725",3056,"Georgia","ukesm1-0-ll","ssp126",NA,6.65686013204591,30.374099206809
"2726",3057,"Georgia","ukesm1-0-ll","ssp126",NA,11.4491879915562,29.0664605166087
"2727",3058,"Georgia","ukesm1-0-ll","ssp126",NA,4.33597132354579,29.0075010729183
"2728",3059,"Georgia","ukesm1-0-ll","ssp126",NA,3.9991446495774,29.6765346129928
"2729",3060,"Georgia","ukesm1-0-ll","ssp126",NA,5.73716426508996,28.521478197592
"2730",3061,"Georgia","ukesm1-0-ll","ssp126",NA,2.54107387362952,27.5965173753642
"2731",3062,"Georgia","ukesm1-0-ll","ssp126",NA,2.3368206000118,28.7398189073614
"2732",3063,"Georgia","ukesm1-0-ll","ssp126",NA,4.39698277372786,26.7613298836401
"2733",3064,"Georgia","ukesm1-0-ll","ssp126",NA,2.38636772608881,27.9673225014897
"2734",3065,"Georgia","ukesm1-0-ll","ssp126",NA,5.02578744971999,26.4142685416825
"2735",3066,"Georgia","ukesm1-0-ll","ssp126",NA,0.773936344267338,25.1315130570899
"2736",3067,"Georgia","ukesm1-0-ll","ssp126",NA,17.2475554959479,24.6446775865901
"2737",3068,"Georgia","ukesm1-0-ll","ssp126",NA,8.7136562709718,24.726213166096
"2738",3069,"Georgia","ukesm1-0-ll","ssp126",NA,0.960288626827971,25.4668904523873
"2739",3070,"Georgia","ukesm1-0-ll","ssp126",NA,1.00745950359552,22.2087520867225
"2740",3071,"Georgia","ukesm1-0-ll","ssp126",NA,0.0265111179499688,18.0324133921478
"2741",3072,"Georgia","ukesm1-0-ll","ssp126",NA,0.0523595222573305,17.9821610642403
"2742",3073,"Georgia","ukesm1-0-ll","ssp126",NA,3.67150964393526,19.6824944078201
"2743",3074,"Georgia","ukesm1-0-ll","ssp126",NA,1.10017972551176,13.1372066913448
"2744",3075,"Georgia","ukesm1-0-ll","ssp126",NA,2.41299108747185,16.43132077418
"2745",3076,"Georgia","ukesm1-0-ll","ssp126",NA,0.0525018263815186,15.5258496744004
"2746",3077,"Georgia","ukesm1-0-ll","ssp126",NA,4.84220447124993,15.2934679229958
"2747",3078,"Georgia","ukesm1-0-ll","ssp126",NA,5.49214541775439,10.1150524813673
"2748",3079,"Georgia","ukesm1-0-ll","ssp126",NA,4.50464315729646,8.07036543654474
"2749",3080,"Georgia","ukesm1-0-ll","ssp126",NA,2.44550703950193,9.52352560934665
"2750",3081,"Georgia","ukesm1-0-ll","ssp126",NA,1.11975426749427,6.70556015494952
"2751",3082,"Georgia","ukesm1-0-ll","ssp126",NA,7.5276764355977,11.3580335861834
"2752",3083,"Georgia","ukesm1-0-ll","ssp126",NA,5.28434672343471,13.8447977504777
"2753",3084,"Georgia","ukesm1-0-ll","ssp126",NA,7.0267756158505,9.4904010320114
"2754",3085,"Georgia","ukesm1-0-ll","ssp126",NA,3.18404524734376,9.8467399393964
"2755",3086,"Georgia","ukesm1-0-ll","ssp126",NA,13.5289004868621,12.607964644536
"2756",3087,"Georgia","ukesm1-0-ll","ssp126",NA,4.59111413277464,5.92052833982013
"2757",3088,"Georgia","ukesm1-0-ll","ssp126",NA,0.0114389668898045,9.54374657139076
"2758",3089,"Georgia","ukesm1-0-ll","ssp126",NA,6.4429969639728,14.6486668916938
"2759",3090,"Georgia","ukesm1-0-ll","ssp126",NA,20.210528562465,12.8780816399157
"2760",3091,"Georgia","ukesm1-0-ll","ssp126",NA,6.19435752313539,14.1419262015502
"2761",3092,"Georgia","ukesm1-0-ll","ssp126",NA,0.705651596404392,12.8396642948179
"2762",3093,"Georgia","ukesm1-0-ll","ssp126",NA,3.4416722565072,18.0688951247541
"2763",3094,"Georgia","ukesm1-0-ll","ssp126",NA,14.7499576189535,16.5206773513166
"2764",3095,"Georgia","ukesm1-0-ll","ssp126",NA,2.27926147092531,17.3644385090752
"2765",3096,"Georgia","ukesm1-0-ll","ssp126",NA,7.98564477834051,21.2709590293016
"2766",3097,"Georgia","ukesm1-0-ll","ssp126",NA,3.72535327320782,20.9142157824796
"2767",3098,"Georgia","ukesm1-0-ll","ssp126",NA,3.96138656191436,23.7496802969649
"2768",3099,"Georgia","ukesm1-0-ll","ssp126",NA,2.71010215941886,20.3750272219753
"2769",3100,"Georgia","ukesm1-0-ll","ssp126",NA,9.17093883400647,24.9298189103171
"2770",3101,"Georgia","ukesm1-0-ll","ssp126",NA,1.07606232220851,25.4432235902505
"2771",3102,"Georgia","ukesm1-0-ll","ssp126",NA,9.40125533379614,26.5853633852906
"2772",3103,"Georgia","ukesm1-0-ll","ssp126",NA,3.16477329243042,26.5955920203258
"2773",3104,"Georgia","ukesm1-0-ll","ssp126",NA,2.55410302583556,26.8048278513024
"2774",3105,"Georgia","ukesm1-0-ll","ssp126",NA,1.99618241979258,26.7117635731547
"2775",3106,"Georgia","ukesm1-0-ll","ssp126",NA,18.2590426628825,27.8406571875473
"2776",3107,"Georgia","ukesm1-0-ll","ssp126",NA,5.32996068478974,30.0913234756876
"2777",3108,"Georgia","ukesm1-0-ll","ssp126",NA,0.720407898559413,30.9733050551888
"2778",3109,"Georgia","ukesm1-0-ll","ssp126",NA,3.23103970715224,29.2616553798426
"2779",3110,"Georgia","ukesm1-0-ll","ssp126",NA,3.33838642130238,30.7421958055104
"2780",3111,"Georgia","ukesm1-0-ll","ssp126",NA,0.694864587211235,32.650651051519
"2781",3112,"Georgia","ukesm1-0-ll","ssp126",NA,4.23070298110521,29.4430374551916
"2782",3113,"Georgia","ukesm1-0-ll","ssp126",NA,4.45170319774994,29.1620896752753
"2783",3114,"Georgia","ukesm1-0-ll","ssp126",NA,0.345884950926983,26.6176790620744
"2784",3115,"Georgia","ukesm1-0-ll","ssp126",NA,4.52922969780047,27.232699222888
"2785",3116,"Georgia","ukesm1-0-ll","ssp126",NA,1.80219581572522,27.3886707222779
"2786",3117,"Georgia","ukesm1-0-ll","ssp126",NA,0.139210431954018,26.2304500847694
"2787",3118,"Georgia","ukesm1-0-ll","ssp126",NA,8.43547128308503,25.9132527422963
"2788",3119,"Georgia","ukesm1-0-ll","ssp126",NA,1.9611989610372,26.1070496344393
"2789",3120,"Georgia","ukesm1-0-ll","ssp126",NA,6.9108867254698,24.3093278270657
"2790",3121,"Georgia","ukesm1-0-ll","ssp126",NA,0.0267990975423739,17.5367983173805
"2791",3122,"Georgia","ukesm1-0-ll","ssp126",NA,0.106128539399796,21.688696939316
"2792",3123,"Georgia","ukesm1-0-ll","ssp126",NA,0.0176045879802047,17.7806167713378
"2793",3124,"Georgia","ukesm1-0-ll","ssp126",NA,0.141886737588989,17.1093464331823
"2794",3125,"Georgia","ukesm1-0-ll","ssp126",NA,0.79064852890674,18.9411843805567
"2795",3126,"Georgia","ukesm1-0-ll","ssp126",NA,0.891043046321042,13.6379174627346
"2796",3127,"Georgia","ukesm1-0-ll","ssp126",NA,4.34346877992951,15.3664508958129
"2797",3128,"Georgia","ukesm1-0-ll","ssp126",NA,4.13596792422874,9.82236917786681
"2798",3129,"Georgia","ukesm1-0-ll","ssp126",NA,4.92084838721561,13.0049800106169
"2799",3130,"Georgia","ukesm1-0-ll","ssp126",NA,2.93774153202369,9.43372161347989
"2800",3131,"Georgia","ukesm1-0-ll","ssp126",NA,22.8240900110134,16.3819905500435
"2801",3132,"Georgia","ukesm1-0-ll","ssp126",NA,1.60711947003159,10.2419546944755
"2802",3133,"Georgia","ukesm1-0-ll","ssp126",NA,4.03896154327719,13.3320470186469
"2803",3134,"Georgia","ukesm1-0-ll","ssp126",NA,0.495325005510206,10.4524897023494
"2804",3135,"Georgia","ukesm1-0-ll","ssp126",NA,10.4392948199904,10.7031259901587
"2805",3136,"Georgia","ukesm1-0-ll","ssp126",NA,13.2591291042095,14.837647178964
"2806",3137,"Georgia","ukesm1-0-ll","ssp126",NA,2.80952811035186,10.8508496891789
"2807",3138,"Georgia","ukesm1-0-ll","ssp126",NA,7.39022447064169,11.6675305234895
"2808",3139,"Georgia","ukesm1-0-ll","ssp126",NA,10.3074805889876,10.6397910055757
"2809",3140,"Georgia","ukesm1-0-ll","ssp126",NA,4.94260985981696,8.60425553956854
"2810",3141,"Georgia","ukesm1-0-ll","ssp126",NA,4.65031968358933,13.1613280658861
"2811",3142,"Georgia","ukesm1-0-ll","ssp126",NA,2.59103637858255,12.9102759853114
"2812",3143,"Georgia","ukesm1-0-ll","ssp126",NA,4.21347029148084,13.7153077501939
"2813",3144,"Georgia","ukesm1-0-ll","ssp126",NA,7.36308361641707,14.9204925758787
"2814",3145,"Georgia","ukesm1-0-ll","ssp126",NA,1.11502587991197,20.001966898551
"2815",3146,"Georgia","ukesm1-0-ll","ssp126",NA,6.33117181743781,19.9580515124896
"2816",3147,"Georgia","ukesm1-0-ll","ssp126",NA,0.477043676368753,17.6377067214929
"2817",3148,"Georgia","ukesm1-0-ll","ssp126",NA,0.0807167738752883,22.7925286761785
"2818",3149,"Georgia","ukesm1-0-ll","ssp126",NA,0.218705506593645,23.9908718746453
"2819",3150,"Georgia","ukesm1-0-ll","ssp126",NA,0.0380992621515165,21.5125458576489
"2820",3151,"Georgia","ukesm1-0-ll","ssp126",NA,1.09570237267906,25.5301891557818
"2821",3152,"Georgia","ukesm1-0-ll","ssp126",NA,0.936270029314961,25.6289404178647
"2822",3153,"Georgia","ukesm1-0-ll","ssp126",NA,8.36856873877858,25.7050873172197
"2823",3154,"Georgia","ukesm1-0-ll","ssp126",NA,7.95963380904748,24.6593480440375
"2824",3155,"Georgia","ukesm1-0-ll","ssp126",NA,4.47512330894437,26.2321890694755
"2825",3156,"Georgia","ukesm1-0-ll","ssp126",NA,5.20212849633797,25.6574418407376
"2826",3157,"Georgia","ukesm1-0-ll","ssp126",NA,7.92551955514143,27.0322531194433
"2827",3158,"Georgia","ukesm1-0-ll","ssp126",NA,7.13793651440462,26.7150739545107
"2828",3159,"Georgia","ukesm1-0-ll","ssp126",NA,11.6529764798353,28.3910001075874
"2829",3160,"Georgia","ukesm1-0-ll","ssp126",NA,10.9346055726581,27.8622297162294
"2830",3161,"Georgia","ukesm1-0-ll","ssp126",NA,5.86858178623172,28.536193507751
"2831",3162,"Georgia","ukesm1-0-ll","ssp126",NA,1.49141156654204,29.481708916394
"2832",3163,"Georgia","ukesm1-0-ll","ssp126",NA,4.36173940861166,30.1682890293962
"2833",3164,"Georgia","ukesm1-0-ll","ssp126",NA,4.15802426114499,29.2544981580093
"2834",3165,"Georgia","ukesm1-0-ll","ssp126",NA,11.8568997745942,28.1090974895487
"2835",3166,"Georgia","ukesm1-0-ll","ssp126",NA,2.25550532599978,27.8668230181456
"2836",3167,"Georgia","ukesm1-0-ll","ssp126",NA,3.20485286984473,26.3381700418763
"2837",3168,"Georgia","ukesm1-0-ll","ssp126",NA,2.17811359340046,27.3335083155598
"2838",3169,"Georgia","ukesm1-0-ll","ssp126",NA,21.1079787833751,25.9140230709935
"2839",3170,"Georgia","ukesm1-0-ll","ssp126",NA,1.04637209136343,23.3929241189657
"2840",3171,"Georgia","ukesm1-0-ll","ssp126",NA,10.3898813456142,24.5886765745593
"2841",3172,"Georgia","ukesm1-0-ll","ssp126",NA,0.701236156390699,22.9646951818582
"2842",3173,"Georgia","ukesm1-0-ll","ssp126",NA,0.632401081684535,20.2940315006432
"2843",3174,"Georgia","ukesm1-0-ll","ssp126",NA,0.104290567765405,15.3798648861938
"2844",3175,"Georgia","ukesm1-0-ll","ssp126",NA,3.45006623653869,15.7095413318847
"2845",3176,"Georgia","ukesm1-0-ll","ssp126",NA,2.5600836757451,14.9651988327359
"2846",3177,"Georgia","ukesm1-0-ll","ssp126",NA,3.03410153105809,12.9926255639471
"2847",3178,"Georgia","ukesm1-0-ll","ssp126",NA,0.0436614207946245,11.3165412810467
"2848",3179,"Georgia","ukesm1-0-ll","ssp126",NA,0.610988624006182,9.29548976796594
"2849",3180,"Georgia","ukesm1-0-ll","ssp126",NA,1.94541039287798,13.0568025528952
"2850",3181,"Georgia","ukesm1-0-ll","ssp126",NA,8.02800798007937,9.69366938334691
"2851",3182,"Georgia","ukesm1-0-ll","ssp126",NA,3.41797149267134,10.9290275222742
"2852",3183,"Georgia","ukesm1-0-ll","ssp126",NA,9.03760223856375,12.1503548167231
"2853",3184,"Georgia","ukesm1-0-ll","ssp126",NA,6.31889119450638,11.7458184563219
"2854",3185,"Georgia","ukesm1-0-ll","ssp126",NA,1.54646047577812,5.93803028171348
"2855",3186,"Georgia","ukesm1-0-ll","ssp126",NA,4.61831824824172,5.02246163208897
"2856",3187,"Georgia","ukesm1-0-ll","ssp126",NA,11.4754046887754,10.107148280848
"2857",3188,"Georgia","ukesm1-0-ll","ssp126",NA,0.495713834005527,12.6623202196911
"2858",3189,"Georgia","ukesm1-0-ll","ssp126",NA,0.227245276586623,9.74634146701917
"2859",3190,"Georgia","ukesm1-0-ll","ssp126",NA,2.16045840094038,12.5607699858363
"2860",3191,"Georgia","ukesm1-0-ll","ssp126",NA,4.0193523230809,6.58704030034619
"2861",3192,"Georgia","ukesm1-0-ll","ssp126",NA,2.34050542749702,11.9782018333602
"2862",3193,"Georgia","ukesm1-0-ll","ssp126",NA,5.45619892786542,16.3047546238934
"2863",3194,"Georgia","ukesm1-0-ll","ssp126",NA,5.6967072230299,13.778576379365
"2864",3195,"Georgia","ukesm1-0-ll","ssp126",NA,3.30282794879978,14.9199646143879
"2865",3196,"Georgia","ukesm1-0-ll","ssp126",NA,5.31775615131786,14.7373175743417
"2866",3197,"Georgia","ukesm1-0-ll","ssp126",NA,4.51756164067298,15.1723779415103
"2867",3198,"Georgia","ukesm1-0-ll","ssp126",NA,5.12754381593247,20.2113693569821
"2868",3199,"Georgia","ukesm1-0-ll","ssp126",NA,0.999787447660991,21.7237288283378
"2869",3200,"Georgia","ukesm1-0-ll","ssp126",NA,6.63727364837242,22.6364354020458
"2870",3201,"Georgia","ukesm1-0-ll","ssp126",NA,0.805322031093093,22.7895205887986
"2871",3202,"Georgia","ukesm1-0-ll","ssp126",NA,2.71213247744161,21.2870746012173
"2872",3203,"Georgia","ukesm1-0-ll","ssp126",NA,2.15584384045619,20.7536250449266
"2873",3204,"Georgia","ukesm1-0-ll","ssp126",NA,4.92766806248528,23.5891392890247
"2874",3205,"Georgia","ukesm1-0-ll","ssp126",NA,1.34366497322602,23.9565900677919
"2875",3206,"Georgia","ukesm1-0-ll","ssp126",NA,0.12139715886769,22.4203835845282
"2876",3207,"Georgia","ukesm1-0-ll","ssp126",NA,2.91398626725032,26.4001267846503
"2877",3208,"Georgia","ukesm1-0-ll","ssp126",NA,3.34919559229256,25.6328428993502
"2878",3209,"Georgia","ukesm1-0-ll","ssp126",NA,0.655144200565049,28.4827959480932
"2879",3210,"Georgia","ukesm1-0-ll","ssp126",NA,14.2896630961834,26.8733339766902
"2880",3211,"Georgia","ukesm1-0-ll","ssp126",NA,5.75255883935688,28.8035691674628
"2881",3212,"Georgia","ukesm1-0-ll","ssp126",NA,6.11654211789022,29.7191741721682
"2882",3213,"Georgia","ukesm1-0-ll","ssp126",NA,6.96253095139686,28.9859870670494
"2883",3214,"Georgia","ukesm1-0-ll","ssp126",NA,1.03823727056115,31.3439686772899
"2884",3215,"Georgia","ukesm1-0-ll","ssp126",NA,3.1150813582181,31.7092396290481
"2885",3216,"Georgia","ukesm1-0-ll","ssp126",NA,5.48606349314779,30.0594315720528
"2886",3217,"Georgia","ukesm1-0-ll","ssp126",NA,0.711059130648227,29.8854262529794
"2887",3218,"Georgia","ukesm1-0-ll","ssp126",NA,4.18906044701026,28.3453730031307
"2888",3219,"Georgia","ukesm1-0-ll","ssp126",NA,1.85438423737369,30.0762442452567
"2889",3220,"Georgia","ukesm1-0-ll","ssp126",NA,4.50125683524525,27.5515627660128
"2890",3221,"Georgia","ukesm1-0-ll","ssp126",NA,5.55154087337773,25.4718877981708
"2891",3222,"Georgia","ukesm1-0-ll","ssp126",NA,4.80251370280476,22.2403136911462
"2892",3223,"Georgia","ukesm1-0-ll","ssp126",NA,0.297697388872374,22.9721815206237
"2893",3224,"Georgia","ukesm1-0-ll","ssp126",NA,6.13627159533505,23.8476451956909
"2894",3225,"Georgia","ukesm1-0-ll","ssp126",NA,0.0131494867268411,20.2240091762589
"2895",3226,"Georgia","ukesm1-0-ll","ssp126",NA,0.0431434211764286,21.908506113565
"2896",3227,"Georgia","ukesm1-0-ll","ssp126",NA,7.58459121508205,23.9444185049136
"2897",3228,"Georgia","ukesm1-0-ll","ssp126",NA,5.09071843233788,20.7190557964778
"2898",3229,"Georgia","ukesm1-0-ll","ssp126",NA,5.4247766549456,21.4409732698528
"2899",3230,"Georgia","ukesm1-0-ll","ssp126",NA,8.79882150808312,19.2523897849908
"2900",3231,"Georgia","ukesm1-0-ll","ssp126",NA,0.917241335429129,15.6261127758257
"2901",3232,"Georgia","ukesm1-0-ll","ssp126",NA,0.000849505751662929,14.4470020063276
"2902",3233,"Georgia","ukesm1-0-ll","ssp126",NA,1.85365614234152,17.6126972337035
"2903",3234,"Georgia","ukesm1-0-ll","ssp126",NA,4.88650260924555,12.6970641498704
"2904",3235,"Georgia","ukesm1-0-ll","ssp126",NA,5.40459991367577,12.7208523433953
"2905",3236,"Georgia","ukesm1-0-ll","ssp126",NA,3.34077868701702,12.5109640421648
"2906",3237,"Georgia","ukesm1-0-ll","ssp126",NA,3.73724392128422,13.8390696084528
"2907",3238,"Georgia","ukesm1-0-ll","ssp126",NA,12.3658456830046,11.2283270071552
"2908",3239,"Georgia","ukesm1-0-ll","ssp126",NA,11.5418856855539,12.3372655983987
"2909",3240,"Georgia","ukesm1-0-ll","ssp126",NA,9.88285005097624,13.4213975366034
"2910",3241,"Georgia","ukesm1-0-ll","ssp126",NA,0.530203030375692,13.003265853771
"2911",3242,"Georgia","ukesm1-0-ll","ssp126",NA,3.1165372717291,11.6397075071173
"2912",3243,"Georgia","ukesm1-0-ll","ssp126",NA,7.69200999680045,16.1061526540983
"2913",3244,"Georgia","ukesm1-0-ll","ssp126",NA,0.456873557561914,8.30132660577144
"2914",3245,"Georgia","ukesm1-0-ll","ssp126",NA,9.2255471406237,12.8340565974718
"2915",3246,"Georgia","ukesm1-0-ll","ssp126",NA,1.46433082639814,13.7652946564534
"2916",3247,"Georgia","ukesm1-0-ll","ssp126",NA,0.00279156737133565,13.8720122625984
"2917",3248,"Georgia","ukesm1-0-ll","ssp126",NA,7.64467446615152,15.0357508920296
"2918",3249,"Georgia","ukesm1-0-ll","ssp126",NA,0.882576576756262,21.0713182795712
"2919",3250,"Georgia","ukesm1-0-ll","ssp126",NA,0.367154745613477,17.8129178174183
"2920",3251,"Georgia","ukesm1-0-ll","ssp126",NA,3.6343702752214,21.055441232455
"2921",3252,"Georgia","ukesm1-0-ll","ssp126",NA,7.98523323066049,20.5058240839702
"2922",3253,"Georgia","ukesm1-0-ll","ssp126",NA,0.289368203708104,21.3525760382775
"2923",3254,"Georgia","ukesm1-0-ll","ssp126",NA,0.0937949430908371,21.7913693037795
"2924",3255,"Georgia","ukesm1-0-ll","ssp126",NA,2.13441265080822,21.0794584925469
"2925",3256,"Georgia","ukesm1-0-ll","ssp126",NA,1.13048463258047,24.1145357515275
"2926",3257,"Georgia","ukesm1-0-ll","ssp126",NA,0.0376445148094387,25.1662084399355
"2927",3258,"Georgia","ukesm1-0-ll","ssp126",NA,0.9584530075142,28.2966738943326
"2928",3259,"Georgia","ukesm1-0-ll","ssp126",NA,2.23177293585938,27.2827210063796
"2929",3260,"Georgia","ukesm1-0-ll","ssp126",NA,5.74622270848476,27.5144702384894
"2930",3261,"Georgia","ukesm1-0-ll","ssp126",NA,5.1044309412234,30.922472893297
"2931",3262,"Georgia","ukesm1-0-ll","ssp126",NA,0.923998221699463,30.9559478685873
"2932",3263,"Georgia","ukesm1-0-ll","ssp126",NA,1.03661529633328,33.8236611871974
"2933",3264,"Georgia","ukesm1-0-ll","ssp126",NA,0.17064097773806,32.2791610902505
"2934",3265,"Georgia","ukesm1-0-ll","ssp126",NA,3.72787810348414,31.3655139396612
"2935",3266,"Georgia","ukesm1-0-ll","ssp126",NA,4.74286059774601,31.2438972528564
"2936",3267,"Georgia","ukesm1-0-ll","ssp126",NA,0.990626688712562,31.3151045903167
"2937",3268,"Georgia","ukesm1-0-ll","ssp126",NA,1.50580648914294,34.1496757451905
"2938",3269,"Georgia","ukesm1-0-ll","ssp126",NA,1.48611107104413,33.9954770732446
"2939",3270,"Georgia","ukesm1-0-ll","ssp126",NA,14.620719113673,30.1601157864993
"2940",3271,"Georgia","ukesm1-0-ll","ssp126",NA,2.38946543552873,29.726492479523
"2941",3272,"Georgia","ukesm1-0-ll","ssp126",NA,1.76609127812622,29.4842410625615
"2942",3273,"Georgia","ukesm1-0-ll","ssp126",NA,4.36204407456375,28.5867100750275
"2943",3274,"Georgia","ukesm1-0-ll","ssp126",NA,0.298756325553693,26.5003905511076
"2944",3275,"Georgia","ukesm1-0-ll","ssp126",NA,1.34478716558448,25.7113032971398
"2945",3276,"Georgia","ukesm1-0-ll","ssp126",NA,0.077521653612688,26.069768459514
"2946",3277,"Georgia","ukesm1-0-ll","ssp126",NA,2.83319349307944,23.9029725303373
"2947",3278,"Georgia","ukesm1-0-ll","ssp126",NA,0.0557155287545513,21.462022344483
"2948",3279,"Georgia","ukesm1-0-ll","ssp126",NA,13.0469711059221,24.8907739228256
"2949",3280,"Georgia","ukesm1-0-ll","ssp126",NA,2.81036176665778,20.2766158651209
"2950",3281,"Georgia","ukesm1-0-ll","ssp126",NA,4.42644949515683,17.0381784065007
"2951",3282,"Georgia","ukesm1-0-ll","ssp126",NA,6.6455926997406,9.61815891958613
"2952",3283,"Georgia","ukesm1-0-ll","ssp126",NA,2.8878139454254,13.9140677020279
"2953",3284,"Georgia","ukesm1-0-ll","ssp126",NA,0.919177591545485,13.71236734829
"2954",3285,"Georgia","ukesm1-0-ll","ssp126",NA,9.09652845740524,16.0609423769011
"2955",3286,"Georgia","ukesm1-0-ll","ssp126",NA,1.86699874663335,11.5477629211278
"2956",3287,"Georgia","ukesm1-0-ll","ssp126",NA,8.2745999487863,8.99273174738482
"2957",3288,"Georgia","ukesm1-0-ll","ssp126",NA,3.32203828909034,3.54996942330794
"2958",3289,"Georgia","ukesm1-0-ll","ssp126",NA,2.56127939138218,8.55585288724371
"2959",3290,"Georgia","ukesm1-0-ll","ssp126",NA,5.9451105229228,9.17286762671669
"2960",3291,"Georgia","ukesm1-0-ll","ssp126",NA,0.0324556812643371,7.06779745254334
"2961",3292,"Georgia","ukesm1-0-ll","ssp126",NA,1.31102058398112,9.38262912851848
"2962",3293,"Georgia","ukesm1-0-ll","ssp126",NA,2.81516108715006,7.65333726342598
"2963",3294,"Georgia","ukesm1-0-ll","ssp126",NA,5.94073172924651,14.0518737054045
"2964",3295,"Georgia","ukesm1-0-ll","ssp126",NA,2.90824561171877,18.0418436932506
"2965",3296,"Georgia","ukesm1-0-ll","ssp126",NA,5.18568262031191,14.3770690917969
"2966",3297,"Georgia","ukesm1-0-ll","ssp126",NA,10.7775809623979,15.6074524221351
"2967",3298,"Georgia","ukesm1-0-ll","ssp126",NA,2.14967450420898,11.8877952446372
"2968",3299,"Georgia","ukesm1-0-ll","ssp126",NA,3.69114058400927,11.8579916891694
"2969",3300,"Georgia","ukesm1-0-ll","ssp126",NA,4.03038431367356,14.3023140304603
"2970",3301,"Georgia","ukesm1-0-ll","ssp126",NA,9.99400715560294,18.4658038640427
"2971",3302,"Georgia","ukesm1-0-ll","ssp126",NA,0.075664638612672,17.4689366079705
"2972",3303,"Georgia","ukesm1-0-ll","ssp126",NA,1.86534503855243,21.8151014129417
"2973",3304,"Georgia","ukesm1-0-ll","ssp126",NA,1.17155007204748,22.7540828085985
"2974",3305,"Georgia","ukesm1-0-ll","ssp126",NA,2.64564615246885,22.2766197075278
"2975",3306,"Georgia","ukesm1-0-ll","ssp126",NA,5.4192680073037,20.6111824386634
"2976",3307,"Georgia","ukesm1-0-ll","ssp126",NA,1.72149444176568,20.6728766415945
"2977",3308,"Georgia","ukesm1-0-ll","ssp126",NA,6.63512172522469,25.9715848391628
"2978",3309,"Georgia","ukesm1-0-ll","ssp126",NA,0.034325815399946,26.0269022722221
"2979",3310,"Georgia","ukesm1-0-ll","ssp126",NA,4.8041685366252,25.4978169512807
"2980",3311,"Georgia","ukesm1-0-ll","ssp126",NA,3.13191412092028,26.887138858084
"2981",3312,"Georgia","ukesm1-0-ll","ssp126",NA,5.09257961818458,26.2388444877421
"2982",3313,"Georgia","ukesm1-0-ll","ssp126",NA,3.75765072615102,26.9014275871813
"2983",3314,"Georgia","ukesm1-0-ll","ssp126",NA,0.681389413957798,27.7626327551595
"2984",3315,"Georgia","ukesm1-0-ll","ssp126",NA,2.40846591286424,30.6714018962574
"2985",3316,"Georgia","ukesm1-0-ll","ssp126",NA,0.840014814503195,34.1329089591925
"2986",3317,"Georgia","ukesm1-0-ll","ssp126",NA,2.44149292266229,31.0202506224699
"2987",3318,"Georgia","ukesm1-0-ll","ssp126",NA,5.34936733304524,30.052646768122
"2988",3319,"Georgia","ukesm1-0-ll","ssp126",NA,5.76489722271655,28.7398651640294
"2989",3320,"Georgia","ukesm1-0-ll","ssp126",NA,13.3333734781967,28.5355985997087
"2990",3321,"Georgia","ukesm1-0-ll","ssp126",NA,3.43505899219906,30.1805172677768
"2991",3322,"Georgia","ukesm1-0-ll","ssp126",NA,6.10843164993036,28.2663280422405
"2992",3323,"Georgia","ukesm1-0-ll","ssp126",NA,2.55908573274964,28.3848934884799
"2993",3324,"Georgia","ukesm1-0-ll","ssp126",NA,2.25144251945774,28.4313909719989
"2994",3325,"Georgia","ukesm1-0-ll","ssp126",NA,0.102247384708875,26.5235743783577
"2995",3326,"Georgia","ukesm1-0-ll","ssp126",NA,6.14344559450506,26.2477967047518
"2996",3327,"Georgia","ukesm1-0-ll","ssp126",NA,3.12178143896357,25.1151169155758
"2997",3328,"Georgia","ukesm1-0-ll","ssp126",NA,1.7401723007041,24.0751274349037
"2998",3329,"Georgia","ukesm1-0-ll","ssp126",NA,1.0890227683202,24.8525642154869
"2999",3330,"Georgia","ukesm1-0-ll","ssp126",NA,2.08733271273521,20.2112350944168
"3000",3331,"Georgia","ukesm1-0-ll","ssp126",NA,0.625451456076569,19.394764188531
"3001",3332,"Georgia","ukesm1-0-ll","ssp126",NA,0.168726168014151,19.329688224146
"3002",3333,"Georgia","ukesm1-0-ll","ssp126",NA,0.000245467460773193,15.6302899155144
"3003",3334,"Georgia","ukesm1-0-ll","ssp126",NA,3.267742202246,17.0164623786982
"3004",3335,"Georgia","ukesm1-0-ll","ssp126",NA,7.80905656626995,16.6767731377923
"3005",3336,"Georgia","ukesm1-0-ll","ssp126",NA,6.89780594362436,12.4310595644011
"3006",3337,"Georgia","ukesm1-0-ll","ssp126",NA,0.240089138961851,7.63948819435251
"3007",3338,"Georgia","ukesm1-0-ll","ssp126",NA,0.4968892445678,6.27017842955511
"3008",3339,"Georgia","ukesm1-0-ll","ssp126",NA,9.50873245911166,9.94349965240998
"3009",3340,"Georgia","ukesm1-0-ll","ssp126",NA,1.83197963326064,10.6888730250029
"3010",3341,"Georgia","ukesm1-0-ll","ssp126",NA,1.07678379594308,9.50730259782179
"3011",3342,"Georgia","ukesm1-0-ll","ssp126",NA,7.17291634329044,7.73287907708934
"3012",3343,"Georgia","ukesm1-0-ll","ssp126",NA,0.376336215405248,5.07368690176682
"3013",3344,"Georgia","ukesm1-0-ll","ssp126",NA,6.71311871273077,12.2077396863887
"3014",3345,"Georgia","ukesm1-0-ll","ssp126",NA,9.74793111267338,5.99714275664916
"3015",3346,"Georgia","ukesm1-0-ll","ssp126",NA,2.32589680919914,1.77736816406252
"3016",3347,"Georgia","ukesm1-0-ll","ssp126",NA,0.71024925704914,9.04257219882626
"3017",3348,"Georgia","ukesm1-0-ll","ssp126",NA,3.29140014709684,15.6298207724066
"3018",3349,"Georgia","ukesm1-0-ll","ssp126",NA,10.4406953719855,19.8478061334273
"3019",3350,"Georgia","ukesm1-0-ll","ssp126",NA,1.27894396601109,12.1915072166314
"3020",3351,"Georgia","ukesm1-0-ll","ssp126",NA,2.91904623143628,18.166520192144
"3021",3352,"Georgia","ukesm1-0-ll","ssp126",NA,1.41264954410792,15.5015666970907
"3022",3353,"Georgia","ukesm1-0-ll","ssp126",NA,2.51441674329574,13.0648271242008
"3023",3354,"Georgia","ukesm1-0-ll","ssp126",NA,7.79376826872893,20.7778245976705
"3024",3355,"Georgia","ukesm1-0-ll","ssp126",NA,2.63710215666576,22.4382065890777
"3025",3356,"Georgia","ukesm1-0-ll","ssp126",NA,7.90377467871311,23.2807295312027
"3026",3357,"Georgia","ukesm1-0-ll","ssp126",NA,0.251513735043469,17.1245416747456
"3027",3358,"Georgia","ukesm1-0-ll","ssp126",NA,0.312348665831393,20.5149220168735
"3028",3359,"Georgia","ukesm1-0-ll","ssp126",NA,0.301206847461469,22.6557870195218
"3029",3360,"Georgia","ukesm1-0-ll","ssp126",NA,2.88261372044198,26.2687989315744
"3030",3361,"Georgia","ukesm1-0-ll","ssp126",NA,11.5799645040447,22.8733606518614
"3031",3362,"Georgia","ukesm1-0-ll","ssp126",NA,8.5221831141142,23.9957705001277
"3032",3363,"Georgia","ukesm1-0-ll","ssp126",NA,0.222961878351768,22.7281042953381
"3033",3364,"Georgia","ukesm1-0-ll","ssp126",NA,4.77989124722672,26.4119181709197
"3034",3365,"Georgia","ukesm1-0-ll","ssp126",NA,3.91854669132007,28.9678866702766
"3035",3366,"Georgia","ukesm1-0-ll","ssp126",NA,0.409505648149338,30.0184232624045
"3036",3367,"Georgia","ukesm1-0-ll","ssp126",NA,0.698474239185269,31.1114422444859
"3037",3368,"Georgia","ukesm1-0-ll","ssp126",NA,1.85138185692439,30.172687550838
"3038",3369,"Georgia","ukesm1-0-ll","ssp126",NA,5.97076943663314,30.0101573583866
"3039",3370,"Georgia","ukesm1-0-ll","ssp126",NA,0.560279310126755,32.127890849633
"3040",3371,"Georgia","ukesm1-0-ll","ssp126",NA,4.36056784123222,30.3098668724227
"3041",3372,"Georgia","ukesm1-0-ll","ssp126",NA,2.06473975784443,30.8484139726468
"3042",3373,"Georgia","ukesm1-0-ll","ssp126",NA,1.85461546866408,34.035894908397
"3043",3374,"Georgia","ukesm1-0-ll","ssp126",NA,4.61408546409524,32.3100649041645
"3044",3375,"Georgia","ukesm1-0-ll","ssp126",NA,3.57162834039654,27.7038050616913
"3045",3376,"Georgia","ukesm1-0-ll","ssp126",NA,4.88328933728064,27.5903758790245
"3046",3377,"Georgia","ukesm1-0-ll","ssp126",NA,1.67904882822697,29.0633206790065
"3047",3378,"Georgia","ukesm1-0-ll","ssp126",NA,0.711674744889024,26.8146944872692
"3048",3379,"Georgia","ukesm1-0-ll","ssp126",NA,0.0489814626532167,25.2700828866289
"3049",3380,"Georgia","ukesm1-0-ll","ssp126",NA,0.779911431454468,24.9226076731093
"3050",3381,"Georgia","ukesm1-0-ll","ssp126",NA,0.0860191563478845,23.2605205397341
"3051",3382,"Georgia","ukesm1-0-ll","ssp126",NA,0.00677997305120801,19.6998221113376
"3052",3383,"Georgia","ukesm1-0-ll","ssp126",NA,1.60504597222971,18.1865009298625
"3053",3384,"Georgia","ukesm1-0-ll","ssp126",NA,0.00783783234466295,16.2787588198018
"3054",3385,"Georgia","ukesm1-0-ll","ssp126",NA,0.454568445771,14.2908951359858
"3055",3386,"Georgia","ukesm1-0-ll","ssp126",NA,1.62011574221512,16.6336477358174
"3056",3387,"Georgia","ukesm1-0-ll","ssp126",NA,0.816599911111544,17.2044968427238
"3057",3388,"Georgia","ukesm1-0-ll","ssp126",NA,4.63066154955592,12.072441592459
"3058",3389,"Georgia","ukesm1-0-ll","ssp126",NA,0.705119541464765,8.16455842172842
"3059",3390,"Georgia","ukesm1-0-ll","ssp126",NA,5.23153599737112,12.0528181985851
"3060",3391,"Georgia","ukesm1-0-ll","ssp126",NA,0.145718240776948,10.3573290217587
"3061",3392,"Georgia","ukesm1-0-ll","ssp126",NA,2.40893232006405,9.71783125094585
"3062",3393,"Georgia","ukesm1-0-ll","ssp126",NA,5.86982397774131,6.80195380481048
"3063",3394,"Georgia","ukesm1-0-ll","ssp126",NA,5.42931301126954,6.92089920598141
"3064",3395,"Georgia","ukesm1-0-ll","ssp126",NA,5.72197173988586,9.80011920328581
"3065",3396,"Georgia","ukesm1-0-ll","ssp126",NA,1.22846314141048,5.66584607140495
"3066",3397,"Georgia","ukesm1-0-ll","ssp126",NA,1.89270699024757,10.2388317043499
"3067",3398,"Georgia","ukesm1-0-ll","ssp126",NA,0.87214528352943,11.0566837338501
"3068",3399,"Georgia","ukesm1-0-ll","ssp126",NA,6.04949770714543,18.6796492532726
"3069",3400,"Georgia","ukesm1-0-ll","ssp126",NA,0.387173872173798,13.8055655195407
"3070",3401,"Georgia","ukesm1-0-ll","ssp126",NA,0.436507803004058,16.6664251664649
"3071",3402,"Georgia","ukesm1-0-ll","ssp126",NA,1.7019491425395,15.7555729974558
"3072",3403,"Georgia","ukesm1-0-ll","ssp126",NA,11.8280747781506,17.2214814636379
"3073",3404,"Georgia","ukesm1-0-ll","ssp126",NA,0.990942726576791,13.391270480029
"3074",3405,"Georgia","ukesm1-0-ll","ssp126",NA,0.0515115288918549,17.4669954535459
"3075",3406,"Georgia","ukesm1-0-ll","ssp126",NA,1.07719842214595,22.4634657594251
"3076",3407,"Georgia","ukesm1-0-ll","ssp126",NA,0.953796823826607,20.9721739835947
"3077",3408,"Georgia","ukesm1-0-ll","ssp126",NA,0.415958305035618,20.2013469557497
"3078",3409,"Georgia","ukesm1-0-ll","ssp126",NA,0.931170126027907,22.9674225518548
"3079",3410,"Georgia","ukesm1-0-ll","ssp126",NA,2.5393019486063,25.2294562314382
"3080",3411,"Georgia","ukesm1-0-ll","ssp126",NA,2.6689644168804,21.6442998484318
"3081",3412,"Georgia","ukesm1-0-ll","ssp126",NA,1.42347925662744,24.8201772324976
"3082",3413,"Georgia","ukesm1-0-ll","ssp126",NA,2.21007681330108,27.6154970182922
"3083",3414,"Georgia","ukesm1-0-ll","ssp126",NA,2.90934250831827,29.358223194187
"3084",3415,"Georgia","ukesm1-0-ll","ssp126",NA,3.24258703019787,26.7257165350002
"3085",3416,"Georgia","ukesm1-0-ll","ssp126",NA,2.32600658184649,27.0204253042004
"3086",3417,"Georgia","ukesm1-0-ll","ssp126",NA,0.334418534239772,30.6989164855809
"3087",3418,"Georgia","ukesm1-0-ll","ssp126",NA,10.9701410083963,28.1809572233704
"3088",3419,"Georgia","ukesm1-0-ll","ssp126",NA,3.14516651457491,29.981840297154
"3089",3420,"Georgia","ukesm1-0-ll","ssp126",NA,9.85741174168282,27.8630005621737
"3090",3421,"Georgia","ukesm1-0-ll","ssp126",NA,2.61281017298112,29.0974851446637
"3091",3422,"Georgia","ukesm1-0-ll","ssp126",NA,5.79187959915599,29.0533809634156
"3092",3423,"Georgia","ukesm1-0-ll","ssp126",NA,9.13428804484927,27.1428398815829
"3093",3424,"Georgia","ukesm1-0-ll","ssp126",NA,15.2944696793826,27.4437887196391
"3094",3425,"Georgia","ukesm1-0-ll","ssp126",NA,30.8913653567385,26.1101758019399
"3095",3426,"Georgia","ukesm1-0-ll","ssp126",NA,20.895539364195,26.9875733899724
"3096",3427,"Georgia","ukesm1-0-ll","ssp126",NA,0.955285687663839,28.3109641012788
"3097",3428,"Georgia","ukesm1-0-ll","ssp126",NA,0.66736036730483,27.8892145706436
"3098",3429,"Georgia","ukesm1-0-ll","ssp126",NA,4.11102932664369,26.197084691969
"3099",3430,"Georgia","ukesm1-0-ll","ssp126",NA,2.7989834259528,26.1327542284211
"3100",3431,"Georgia","ukesm1-0-ll","ssp126",NA,0.682398302048566,24.4771793836543
"3101",3432,"Georgia","ukesm1-0-ll","ssp126",NA,7.46057343928351,22.6103533654756
"3102",3433,"Georgia","ukesm1-0-ll","ssp126",NA,6.38310294119326,23.0414562012901
"3103",3434,"Georgia","ukesm1-0-ll","ssp126",NA,1.37288836544048,21.9921073562585
"3104",3435,"Georgia","ukesm1-0-ll","ssp126",NA,0.179102437996291,21.0625489463529
"3105",3436,"Georgia","ukesm1-0-ll","ssp126",NA,0.0438010206039232,13.8165848036944
"3106",3437,"Georgia","ukesm1-0-ll","ssp126",NA,0.227228719228089,18.6215105329241
"3107",3438,"Georgia","ukesm1-0-ll","ssp126",NA,1.23547314314464,13.1012133138809
"3108",3439,"Georgia","ukesm1-0-ll","ssp126",NA,4.04928317525809,15.3466338298512
"3109",3440,"Georgia","ukesm1-0-ll","ssp126",NA,1.87162307084398,20.0112107690253
"3110",3441,"Georgia","ukesm1-0-ll","ssp126",NA,0.208593074510482,17.6910689605639
"3111",3442,"Georgia","ukesm1-0-ll","ssp126",NA,1.29458537977915,16.1863197455972
"3112",3443,"Georgia","ukesm1-0-ll","ssp126",NA,7.07523789404427,11.4932246099662
"3113",3444,"Georgia","ukesm1-0-ll","ssp126",NA,1.29244355223138,5.57977571279607
"3114",3445,"Georgia","ukesm1-0-ll","ssp126",NA,4.12569229973012,15.9987150400083
"3115",3446,"Georgia","ukesm1-0-ll","ssp126",NA,0.82795299950983,9.81811962358601
"3116",3447,"Georgia","ukesm1-0-ll","ssp126",NA,2.02224719987652,12.426809123411
"3117",3448,"Georgia","ukesm1-0-ll","ssp126",NA,0.278850770990761,10.5992020355299
"3118",3449,"Georgia","ukesm1-0-ll","ssp126",NA,6.00685778292386,10.4198462386974
"3119",3450,"Georgia","ukesm1-0-ll","ssp126",NA,13.5102128731398,10.9492516616932
"3120",3451,"Georgia","ukesm1-0-ll","ssp126",NA,10.9942260327457,9.77919471131112
"3121",3452,"Georgia","ukesm1-0-ll","ssp126",NA,0.036683300608424,7.60777599713418
"3122",3453,"Georgia","ukesm1-0-ll","ssp126",NA,7.64229169626714,10.8149639730015
"3123",3454,"Georgia","ukesm1-0-ll","ssp126",NA,1.44621207211246,12.3388681037663
"3124",3455,"Georgia","ukesm1-0-ll","ssp126",NA,3.12130768514392,14.0539435065688
"3125",3456,"Georgia","ukesm1-0-ll","ssp126",NA,0.789922577020219,14.5856149151597
"3126",3457,"Georgia","ukesm1-0-ll","ssp126",NA,3.8194144339405,16.373553954487
"3127",3458,"Georgia","ukesm1-0-ll","ssp126",NA,0.0182193554131671,12.9649642981282
"3128",3459,"Georgia","ukesm1-0-ll","ssp126",NA,4.47074378017086,18.9575557681031
"3129",3460,"Georgia","ukesm1-0-ll","ssp126",NA,4.36057219506836,18.3908493670078
"3130",3461,"Georgia","ukesm1-0-ll","ssp126",NA,0.0276840742559837,20.4148882775849
"3131",3462,"Georgia","ukesm1-0-ll","ssp126",NA,0.114963995709433,22.8463772014036
"3132",3463,"Georgia","ukesm1-0-ll","ssp126",NA,1.22748245407787,21.141628562798
"3133",3464,"Georgia","ukesm1-0-ll","ssp126",NA,6.77168141898044,23.2842723042855
"3134",3465,"Georgia","ukesm1-0-ll","ssp126",NA,2.71690537469923,24.879389536121
"3135",3466,"Georgia","ukesm1-0-ll","ssp126",NA,0.0591001782621839,27.5593927785213
"3136",3467,"Georgia","ukesm1-0-ll","ssp126",NA,3.28005778137154,24.7954540040245
"3137",3468,"Georgia","ukesm1-0-ll","ssp126",NA,0.182925505950775,27.2062341279037
"3138",3469,"Georgia","ukesm1-0-ll","ssp126",NA,2.54853408592773,27.5821167731112
"3139",3470,"Georgia","ukesm1-0-ll","ssp126",NA,3.63337462682427,29.6646663785847
"3140",3471,"Georgia","ukesm1-0-ll","ssp126",NA,2.69202535752258,29.9602706502771
"3141",3472,"Georgia","ukesm1-0-ll","ssp126",NA,3.53310169469959,29.9543181708015
"3142",3473,"Georgia","ukesm1-0-ll","ssp126",NA,8.69326482230687,30.4867091439827
"3143",3474,"Georgia","ukesm1-0-ll","ssp126",NA,2.72746136004078,29.7760269423663
"3144",3475,"Georgia","ukesm1-0-ll","ssp126",NA,1.64380786765973,30.5376056661906
"3145",3476,"Georgia","ukesm1-0-ll","ssp126",NA,3.7615669631594,31.8345844850702
"3146",3477,"Georgia","ukesm1-0-ll","ssp126",NA,6.02962921636608,28.3492055084746
"3147",3478,"Georgia","ukesm1-0-ll","ssp126",NA,1.68634025087761,29.4518248181655
"3148",3479,"Georgia","ukesm1-0-ll","ssp126",NA,0.735073859720436,30.8174624242159
"3149",3480,"Georgia","ukesm1-0-ll","ssp126",NA,6.94599209527598,27.8006988155929
"3150",3481,"Georgia","ukesm1-0-ll","ssp126",NA,1.21055075304058,27.5116524980374
"3151",3482,"Georgia","ukesm1-0-ll","ssp126",NA,0.235811284636735,27.637871279959
"3152",3483,"Georgia","ukesm1-0-ll","ssp126",NA,1.30081328670735,27.6426159874868
"3153",3484,"Georgia","ukesm1-0-ll","ssp126",NA,6.43828769334196,26.0431136826338
"3154",3485,"Georgia","ukesm1-0-ll","ssp126",NA,3.34804265582708,22.1956487401635
"3155",3486,"Georgia","ukesm1-0-ll","ssp126",NA,5.8325525323108,22.6900567080149
"3156",3487,"Georgia","ukesm1-0-ll","ssp126",NA,4.02137884869837,17.7487990557137
"3157",3488,"Georgia","ukesm1-0-ll","ssp126",NA,0.00808785955822456,18.3613773669227
"3158",3489,"Georgia","ukesm1-0-ll","ssp126",NA,2.77435910766386,19.8599325480242
"3159",3490,"Georgia","ukesm1-0-ll","ssp126",NA,1.85914971035867,19.5148742823566
"3160",3491,"Georgia","ukesm1-0-ll","ssp126",NA,0.0607103353764971,16.4316331914205
"3161",3492,"Georgia","ukesm1-0-ll","ssp126",NA,5.97221473273647,17.6859689781799
"3162",3493,"Georgia","ukesm1-0-ll","ssp126",NA,2.61133768474971,16.7948812637145
"3163",3494,"Georgia","ukesm1-0-ll","ssp126",NA,7.1870917388385,15.4418270970084
"3164",3495,"Georgia","ukesm1-0-ll","ssp126",NA,7.08304719970311,13.4277222861967
"3165",3496,"Georgia","ukesm1-0-ll","ssp126",NA,1.41211172371622,13.130917040661
"3166",3497,"Georgia","ukesm1-0-ll","ssp126",NA,4.41791435274688,11.3975655987534
"3167",3498,"Georgia","ukesm1-0-ll","ssp126",NA,4.42500682214809,10.8620490492112
"3168",3499,"Georgia","ukesm1-0-ll","ssp126",NA,2.32101632085,7.46839142954092
"3169",3500,"Georgia","ukesm1-0-ll","ssp126",NA,2.21278991703531,7.1601624126296
"3170",3501,"Georgia","ukesm1-0-ll","ssp126",NA,0.178520593253251,10.1886452884998
"3171",3502,"Georgia","ukesm1-0-ll","ssp126",NA,4.45477165663258,8.60920869767235
"3172",3503,"Georgia","ukesm1-0-ll","ssp126",NA,4.49735164017817,7.31618874021075
"3173",3504,"Georgia","ukesm1-0-ll","ssp126",NA,0.341654662633918,7.52256323419532
"3174",3505,"Georgia","ukesm1-0-ll","ssp126",NA,3.65821695909014,6.38913513626951
"3175",3506,"Georgia","ukesm1-0-ll","ssp126",NA,1.07716066933358,6.90370369604081
"3176",3507,"Georgia","ukesm1-0-ll","ssp126",NA,9.41881849036226,16.4829217869202
"3177",3508,"Georgia","ukesm1-0-ll","ssp126",NA,5.18925644540547,15.809018217738
"3178",3509,"Georgia","ukesm1-0-ll","ssp126",NA,1.86452963964222,14.340812805028
"3179",3510,"Georgia","ukesm1-0-ll","ssp126",NA,2.31416553475712,14.6009883852906
"3180",3511,"Georgia","ukesm1-0-ll","ssp126",NA,7.32713780502084,18.2149500368871
"3181",3512,"Georgia","ukesm1-0-ll","ssp126",NA,0.365287614060334,16.4113998893387
"3182",3513,"Georgia","ukesm1-0-ll","ssp126",NA,0.842315159816038,19.631447218925
"3183",3514,"Georgia","ukesm1-0-ll","ssp126",NA,0.261504514411077,20.03503982507
"3184",3515,"Georgia","ukesm1-0-ll","ssp126",NA,6.96363062903649,17.7931359981509
"3185",3516,"Georgia","ukesm1-0-ll","ssp126",NA,0.37695152831041,23.3184550952681
"3186",3517,"Georgia","ukesm1-0-ll","ssp126",NA,7.38836304824533,25.5944904318156
"3187",3518,"Georgia","ukesm1-0-ll","ssp126",NA,0.184533421242129,25.0127697517451
"3188",3519,"Georgia","ukesm1-0-ll","ssp126",NA,5.69058846051064,27.016356269153
"3189",3520,"Georgia","ukesm1-0-ll","ssp126",NA,0.909328541956821,30.410503130675
"3190",3521,"Georgia","ukesm1-0-ll","ssp126",NA,1.77256289544542,29.8425740313588
"3191",3522,"Georgia","ukesm1-0-ll","ssp126",NA,1.057982631129,31.8986280242698
"3192",3523,"Georgia","ukesm1-0-ll","ssp126",NA,4.94680483188286,29.3528719036112
"3193",3524,"Georgia","ukesm1-0-ll","ssp126",NA,1.23379866057601,31.177749478615
"3194",3525,"Georgia","ukesm1-0-ll","ssp126",NA,3.56816931290636,30.1342362891098
"3195",3526,"Georgia","ukesm1-0-ll","ssp126",NA,3.37383430988219,31.3836524649336
"3196",3527,"Georgia","ukesm1-0-ll","ssp126",NA,16.9705904311051,28.5577979579676
"3197",3528,"Georgia","ukesm1-0-ll","ssp126",NA,7.82839215537319,28.8258001516864
"3198",3529,"Georgia","ukesm1-0-ll","ssp126",NA,6.30696355490036,28.7454805461893
"3199",3530,"Georgia","ukesm1-0-ll","ssp126",NA,5.47745204018785,29.0654206282868
"3200",3531,"Georgia","ukesm1-0-ll","ssp126",NA,1.31358435571639,28.9200761919738
"3201",3532,"Georgia","ukesm1-0-ll","ssp126",NA,3.77465937275499,28.1205432069792
"3202",3533,"Georgia","ukesm1-0-ll","ssp126",NA,4.28537329567502,27.4465637502601
"3203",3534,"Georgia","ukesm1-0-ll","ssp126",NA,20.726687474911,26.7699518753311
"3204",3535,"Georgia","ukesm1-0-ll","ssp126",NA,0.931583789431316,25.8899748499688
"3205",3536,"Georgia","ukesm1-0-ll","ssp126",NA,0.0509685244569857,26.2168719053846
"3206",3537,"Georgia","ukesm1-0-ll","ssp126",NA,2.29887199809059,21.3066735366932
"3207",3538,"Georgia","ukesm1-0-ll","ssp126",NA,4.69415973954906,24.046175120356
"3208",3539,"Georgia","ukesm1-0-ll","ssp126",NA,11.7772062086738,24.1216545492916
"3209",3540,"Georgia","ukesm1-0-ll","ssp126",NA,0.866759791214293,21.2486237828437
"3210",3541,"Georgia","ukesm1-0-ll","ssp126",NA,4.63442940592499,18.1272095613272
"3211",3542,"Georgia","ukesm1-0-ll","ssp126",NA,1.06552867489895,22.6408988010508
"3212",3543,"Georgia","ukesm1-0-ll","ssp126",NA,1.92531408541426,17.7441879457192
"3213",3544,"Georgia","ukesm1-0-ll","ssp126",NA,1.34755080368514,18.9326280792458
"3214",3545,"Georgia","ukesm1-0-ll","ssp126",NA,4.81468708257198,19.4127749537729
"3215",3546,"Georgia","ukesm1-0-ll","ssp126",NA,8.8544068006943,19.7505537795097
"3216",3547,"Georgia","ukesm1-0-ll","ssp126",NA,0.43867645593994,10.016794451328
"3217",3548,"Georgia","ukesm1-0-ll","ssp126",NA,1.66662194689627,9.25985321709956
"3218",3549,"Georgia","ukesm1-0-ll","ssp126",NA,5.50168018676264,12.5627906485274
"3219",3550,"Georgia","ukesm1-0-ll","ssp126",NA,2.69469149202153,15.8409970188834
"3220",3551,"Georgia","ukesm1-0-ll","ssp126",NA,6.05339366409914,12.4643257196533
"3221",3552,"Georgia","ukesm1-0-ll","ssp126",NA,6.96644889203372,12.3281730596436
"3222",3553,"Georgia","ukesm1-0-ll","ssp126",NA,0.115166888250407,7.18782234838456
"3223",3554,"Georgia","ukesm1-0-ll","ssp126",NA,1.7724412161876,7.23579568562729
"3224",3555,"Georgia","ukesm1-0-ll","ssp126",NA,5.74471689931045,9.04617933222517
"3225",3556,"Georgia","ukesm1-0-ll","ssp126",NA,6.16729776073211,10.652137176292
"3226",3557,"Georgia","ukesm1-0-ll","ssp126",NA,0.142678750951296,9.95103062220984
"3227",3558,"Georgia","ukesm1-0-ll","ssp126",NA,4.46041671182873,14.5100502882396
"3228",3559,"Georgia","ukesm1-0-ll","ssp126",NA,1.82001619795418,10.4552406440347
"3229",3560,"Georgia","ukesm1-0-ll","ssp126",NA,11.6816161743661,10.4401373985605
"3230",3561,"Georgia","ukesm1-0-ll","ssp126",NA,0.760996245969223,11.5928087137513
"3231",3562,"Georgia","ukesm1-0-ll","ssp126",NA,6.29781824476634,19.1850156917988
"3232",3563,"Georgia","ukesm1-0-ll","ssp126",NA,14.5867434162462,17.6179721933878
"3233",3564,"Georgia","ukesm1-0-ll","ssp126",NA,1.00209067271506,15.9609265934757
"3234",3565,"Georgia","ukesm1-0-ll","ssp126",NA,6.67559983613957,19.9670257494467
"3235",3566,"Georgia","ukesm1-0-ll","ssp126",NA,6.23886075601451,24.4308701780749
"3236",3567,"Georgia","ukesm1-0-ll","ssp126",NA,0.864512806758073,22.503391692598
"3237",3568,"Georgia","ukesm1-0-ll","ssp126",NA,6.90065301085965,23.3357144482777
"3238",3569,"Georgia","ukesm1-0-ll","ssp126",NA,4.21223673541335,24.6407903269475
"3239",3570,"Georgia","ukesm1-0-ll","ssp126",NA,6.61786880166165,27.1293680334207
"3240",3571,"Georgia","ukesm1-0-ll","ssp126",NA,7.79020966232165,27.6344249365116
"3241",3572,"Georgia","ukesm1-0-ll","ssp126",NA,1.50962157898083,27.0651476696098
"3242",3573,"Georgia","ukesm1-0-ll","ssp126",NA,7.46037523223815,28.2966806924372
"3243",3574,"Georgia","ukesm1-0-ll","ssp126",NA,1.40977574837807,27.9315243478549
"3244",3575,"Georgia","ukesm1-0-ll","ssp126",NA,1.818533362875,29.742937537833
"3245",3576,"Georgia","ukesm1-0-ll","ssp126",NA,17.3284119292812,28.1412019078437
"3246",3577,"Georgia","ukesm1-0-ll","ssp126",NA,3.40645264489183,29.5362880900755
"3247",3578,"Georgia","ukesm1-0-ll","ssp126",NA,6.28898435483121,29.4186200675318
"3248",3579,"Georgia","ukesm1-0-ll","ssp126",NA,2.76049861974546,30.9703845303515
"3249",3580,"Georgia","ukesm1-0-ll","ssp126",NA,30.3364374598168,28.0174978334737
"3250",3581,"Georgia","ukesm1-0-ll","ssp126",NA,1.26658356557638,29.6942252761804
"3251",3582,"Georgia","ukesm1-0-ll","ssp126",NA,3.71363341353563,30.5823501993323
"3252",3583,"Georgia","ukesm1-0-ll","ssp126",NA,4.89174569899702,26.2080405025159
"3253",3584,"Georgia","ukesm1-0-ll","ssp126",NA,0.369590766189785,27.7408852491772
"3254",3585,"Georgia","ukesm1-0-ll","ssp126",NA,10.6168296359313,27.0842781270099
"3255",3586,"Georgia","ukesm1-0-ll","ssp126",NA,0.632484934330118,28.0947964943062
"3256",3587,"Georgia","ukesm1-0-ll","ssp126",NA,1.39850090050485,27.7816246642328
"3257",3588,"Georgia","ukesm1-0-ll","ssp126",NA,15.1442741953431,26.5521528710465
"3258",3589,"Georgia","ukesm1-0-ll","ssp126",NA,1.89409043857948,24.8172681609886
"3259",3590,"Georgia","ukesm1-0-ll","ssp126",NA,0.42728182134889,21.117310856041
"3260",3591,"Georgia","ukesm1-0-ll","ssp126",NA,3.7089669656238,18.0335095865098
"3261",3592,"Georgia","ukesm1-0-ll","ssp126",NA,0.408815085861765,17.5778398786273
"3262",3593,"Georgia","ukesm1-0-ll","ssp126",NA,1.61964834398497,16.1280774280465
"3263",3594,"Georgia","ukesm1-0-ll","ssp126",NA,0.00117937256695537,12.0678482905427
"3264",3595,"Georgia","ukesm1-0-ll","ssp126",NA,1.80215929284742,14.4322414001022
"3265",3596,"Georgia","ukesm1-0-ll","ssp126",NA,1.12478919268681,11.8576899124404
"3266",3597,"Georgia","ukesm1-0-ll","ssp126",NA,6.12062753359497,11.3701462567863
"3267",3598,"Georgia","ukesm1-0-ll","ssp126",NA,1.47970330772098,8.66117355679198
"3268",3599,"Georgia","ukesm1-0-ll","ssp126",NA,4.49560170433207,10.3238875197441
"3269",3600,"Georgia","ukesm1-0-ll","ssp126",NA,5.72235425267644,12.2262694721361
"3270",3601,"Georgia","ukesm1-0-ll","ssp126",NA,0.833509706332512,5.63551315048996
"3271",3602,"Georgia","ukesm1-0-ll","ssp126",NA,1.43878054392238,8.43915352070882
"3272",3603,"Georgia","ukesm1-0-ll","ssp126",NA,2.3077569708135,10.9502095294057
"3273",3604,"Georgia","ukesm1-0-ll","ssp126",NA,4.03875565081749,5.76145616582175
"3274",3605,"Georgia","ukesm1-0-ll","ssp126",NA,1.26520977399319,11.0761859441208
"3275",3606,"Georgia","ukesm1-0-ll","ssp126",NA,2.57066529000343,15.4957714607294
"3276",3607,"Georgia","ukesm1-0-ll","ssp126",NA,0.145516378318662,11.1933171380808
"3277",3608,"Georgia","ukesm1-0-ll","ssp126",NA,2.40345593231637,9.94280624574382
"3278",3609,"Georgia","ukesm1-0-ll","ssp126",NA,0.743592436209822,12.3441552557033
"3279",3610,"Georgia","ukesm1-0-ll","ssp126",NA,9.15540351392729,13.4605088056144
"3280",3611,"Georgia","ukesm1-0-ll","ssp126",NA,1.75921624773835,17.0716974955783
"3281",3612,"Georgia","ukesm1-0-ll","ssp126",NA,7.74241600187976,19.1895118251551
"3282",3613,"Georgia","ukesm1-0-ll","ssp126",NA,1.6343579814511,17.9529351998761
"3283",3614,"Georgia","ukesm1-0-ll","ssp126",NA,1.41301199883805,22.6227897588624
"3284",3615,"Georgia","ukesm1-0-ll","ssp126",NA,0.877661574940938,23.644119403091
"3285",3616,"Georgia","ukesm1-0-ll","ssp126",NA,1.23818640810651,24.6992608243559
"3286",3617,"Georgia","ukesm1-0-ll","ssp126",NA,4.14494628024638,20.9144529772151
"3287",3618,"Georgia","ukesm1-0-ll","ssp126",NA,6.06858340650314,24.0148334198368
"3288",3619,"Georgia","ukesm1-0-ll","ssp126",NA,3.01129717081142,20.219796642091
"3289",3620,"Georgia","ukesm1-0-ll","ssp126",NA,0.0870527007810002,23.0906810548057
"3290",3621,"Georgia","ukesm1-0-ll","ssp126",NA,0.564496266708229,25.3262847383144
"3291",3622,"Georgia","ukesm1-0-ll","ssp126",NA,0.247573347422882,25.1991813899819
"3292",3623,"Georgia","ukesm1-0-ll","ssp126",NA,1.74691342276839,29.4332084304773
"3293",3624,"Georgia","ukesm1-0-ll","ssp126",NA,5.66503907562026,29.5741570793688
"3294",3625,"Georgia","ukesm1-0-ll","ssp126",NA,3.78751620776009,25.671011744169
"3295",3626,"Georgia","ukesm1-0-ll","ssp126",NA,2.68802814599257,29.8224850412143
"3296",3627,"Georgia","ukesm1-0-ll","ssp126",NA,12.5164703222624,28.7292665495422
"3297",3628,"Georgia","ukesm1-0-ll","ssp126",NA,8.29750183411108,29.4583705800498
"3298",3629,"Georgia","ukesm1-0-ll","ssp126",NA,2.76614936352575,28.4996904202293
"3299",3630,"Georgia","ukesm1-0-ll","ssp126",NA,4.35479284806514,30.3717969400254
"3300",3631,"Georgia","ukesm1-0-ll","ssp126",NA,0.890080306129737,31.565040968925
"3301",3632,"Georgia","ukesm1-0-ll","ssp126",NA,1.47620470432595,29.3661664838075
"3302",3633,"Georgia","ukesm1-0-ll","ssp126",NA,3.34095440167616,29.5999266248061
"3303",3634,"Georgia","ukesm1-0-ll","ssp126",NA,1.90070964447953,31.1234729683717
"3304",3635,"Georgia","ukesm1-0-ll","ssp126",NA,2.89033320731886,30.6488210313257
"3305",3636,"Georgia","ukesm1-0-ll","ssp126",NA,0.734116123175233,32.8061739498998
"3306",3637,"Georgia","ukesm1-0-ll","ssp126",NA,2.44073302373496,29.5639038381508
"3307",3638,"Georgia","ukesm1-0-ll","ssp126",NA,5.95215860453859,27.6610200821921
"3308",3639,"Georgia","ukesm1-0-ll","ssp126",NA,3.93712382441086,27.7741904196382
"3309",3640,"Georgia","ukesm1-0-ll","ssp126",NA,7.34559948113737,25.696484980918
"3310",3641,"Georgia","ukesm1-0-ll","ssp126",NA,4.50215169217638,25.8323730320965
"3311",3642,"Georgia","ukesm1-0-ll","ssp126",NA,1.65625611209343,23.4937830890351
"3312",3643,"Georgia","ukesm1-0-ll","ssp126",NA,0.0289137670436615,19.5390834411178
"3313",3644,"Georgia","ukesm1-0-ll","ssp126",NA,10.884343934104,23.154581759917
"3314",3645,"Georgia","ukesm1-0-ll","ssp126",NA,4.05750491833382,15.7456024687169
"3315",3646,"Georgia","ukesm1-0-ll","ssp126",NA,9.55473653940156,15.9544201423701
"3316",3647,"Georgia","ukesm1-0-ll","ssp126",NA,0.0866582278673073,15.0719990506299
"3317",3648,"Georgia","ukesm1-0-ll","ssp126",NA,3.61667949257321,16.1744046633815
"3318",3649,"Georgia","ukesm1-0-ll","ssp126",NA,3.65467255020522,12.7612936024516
"3319",3650,"Georgia","ukesm1-0-ll","ssp126",NA,1.13675073102957,18.8421042971115
"3320",3651,"Georgia","ukesm1-0-ll","ssp126",NA,3.7594718448706,14.3738529971957
"3321",3652,"Georgia","ukesm1-0-ll","ssp126",NA,1.816256103249,10.4515692242122
"3322",3653,"Georgia","ukesm1-0-ll","ssp126",NA,0.13978055138742,12.9420425673663
"3323",3654,"Georgia","ukesm1-0-ll","ssp126",NA,1.19337384009512,10.0613454601667
"3324",3655,"Georgia","ukesm1-0-ll","ssp126",NA,5.42689935262753,12.3684264841149
"3325",3656,"Georgia","ukesm1-0-ll","ssp126",NA,1.26983915747928,13.0595169917146
"3326",3657,"Georgia","ukesm1-0-ll","ssp126",NA,3.19843758017061,7.7826505129909
"3327",3658,"Georgia","ukesm1-0-ll","ssp126",NA,0.109098084919906,7.17980693974162
"3328",3659,"Georgia","ukesm1-0-ll","ssp126",NA,0.00146112549965739,7.42368302980291
"3329",3660,"Georgia","ukesm1-0-ll","ssp126",NA,5.5774889186293,11.4778634798729
"3330",3661,"Georgia","ukesm1-0-ll","ssp126",NA,1.2513069389048,9.58519934407161
"3331",3662,"Georgia","ukesm1-0-ll","ssp126",NA,0.562073629524833,5.17644128683984
"3332",3663,"Georgia","ukesm1-0-ll","ssp126",NA,8.49808972576266,10.1807645118843
"3333",3664,"Georgia","ukesm1-0-ll","ssp126",NA,7.46154904372375,8.27592231066986
"3334",3665,"Georgia","ukesm1-0-ll","ssp126",NA,4.72404245206246,16.155562017039
"3335",3666,"Georgia","ukesm1-0-ll","ssp126",NA,6.3231955602312,16.364890730814
"3336",3667,"Georgia","ukesm1-0-ll","ssp126",NA,3.06152888621379,16.2219302863244
"3337",3668,"Georgia","ukesm1-0-ll","ssp126",NA,3.96641438514687,18.2492220160459
"3338",3669,"Georgia","ukesm1-0-ll","ssp126",NA,4.87102447860282,18.3681281064382
"3339",3670,"Georgia","ukesm1-0-ll","ssp126",NA,8.30497510568208,17.8875791831398
"3340",3671,"Georgia","ukesm1-0-ll","ssp126",NA,2.01875035124429,21.4095083906345
"3341",3672,"Georgia","ukesm1-0-ll","ssp126",NA,0.398893787308865,23.0862728534542
"3342",3673,"Georgia","ukesm1-0-ll","ssp126",NA,8.27776178487513,24.3376287058537
"3343",3674,"Georgia","ukesm1-0-ll","ssp126",NA,1.16640053440529,26.3340668685211
"3344",3675,"Georgia","ukesm1-0-ll","ssp126",NA,0.332332411045606,26.8558739318109
"3345",3676,"Georgia","ukesm1-0-ll","ssp126",NA,1.486747540327,27.42929257446
"3346",3677,"Georgia","ukesm1-0-ll","ssp126",NA,6.21638495007261,27.5789540288524
"3347",3678,"Georgia","ukesm1-0-ll","ssp126",NA,0.616664720411535,27.0174814293518
"3348",3679,"Georgia","ukesm1-0-ll","ssp126",NA,4.320402947114,29.8131417115145
"3349",3680,"Georgia","ukesm1-0-ll","ssp126",NA,4.2123561446649,29.5739642200978
"3350",3681,"Georgia","ukesm1-0-ll","ssp126",NA,6.27746778902103,30.4456798488811
"3351",3682,"Georgia","ukesm1-0-ll","ssp126",NA,8.7833688845624,28.852526530342
"3352",3683,"Georgia","ukesm1-0-ll","ssp126",NA,7.40698171456693,29.0739181851071
"3353",3684,"Georgia","ukesm1-0-ll","ssp126",NA,3.11923591220908,29.7797658998799
"3354",3685,"Georgia","ukesm1-0-ll","ssp126",NA,4.75516718263313,29.2944959146347
"3355",3686,"Georgia","ukesm1-0-ll","ssp126",NA,9.17581020972344,27.3375442467937
"3356",3687,"Georgia","ukesm1-0-ll","ssp126",NA,7.24143972055468,27.2014395429782
"3357",3688,"Georgia","ukesm1-0-ll","ssp126",NA,1.33271648288036,26.8702873913486
"3358",3689,"Georgia","ukesm1-0-ll","ssp126",NA,3.85530580966086,26.393353138478
"3359",3690,"Georgia","ukesm1-0-ll","ssp126",NA,1.55917366582248,27.687016772993
"3360",3691,"Georgia","ukesm1-0-ll","ssp126",NA,4.25883190436281,26.3463787531449
"3361",3692,"Georgia","ukesm1-0-ll","ssp126",NA,2.82517942207984,21.9801403276568
"3362",3693,"Georgia","ukesm1-0-ll","ssp126",NA,10.4030111057022,25.532495708327
"3363",3694,"Georgia","ukesm1-0-ll","ssp126",NA,5.46783912053198,24.190666985685
"3364",3695,"Georgia","ukesm1-0-ll","ssp126",NA,4.61173725985782,24.6858549621434
"3365",3696,"Georgia","ukesm1-0-ll","ssp126",NA,0.15372019877376,16.8110894228587
"3366",3697,"Georgia","ukesm1-0-ll","ssp126",NA,0.150655842836203,19.1926561701962
"3367",3698,"Georgia","ukesm1-0-ll","ssp126",NA,0.0414659831878043,20.0147066943005
"3368",3699,"Georgia","ukesm1-0-ll","ssp126",NA,0.463932288930796,20.4575209647634
"3369",3700,"Georgia","ukesm1-0-ll","ssp126",NA,1.57688637776121,14.9771302451811
"3370",3701,"Georgia","ukesm1-0-ll","ssp126",NA,2.12878785333414,15.3924621434247
"3371",3702,"Georgia","ukesm1-0-ll","ssp126",NA,9.52851280315319,7.2243492292723
"3372",3703,"Georgia","ukesm1-0-ll","ssp126",NA,2.24267979084832,13.8105110667231
"3373",3704,"Georgia","ukesm1-0-ll","ssp126",NA,0.0834014715530857,8.50486688128974
"3374",3705,"Georgia","ukesm1-0-ll","ssp126",NA,10.9458549412359,6.6089379557686
"3375",3706,"Georgia","ukesm1-0-ll","ssp126",NA,0.19549239438144,6.76750086306373
"3376",3707,"Georgia","ukesm1-0-ll","ssp126",NA,4.60766218924086,11.5254832417856
"3377",3708,"Georgia","ukesm1-0-ll","ssp126",NA,9.28844593108718,8.0698848401086
"3378",3709,"Georgia","ukesm1-0-ll","ssp126",NA,7.41814211243112,4.53609072336564
"3379",3710,"Georgia","ukesm1-0-ll","ssp126",NA,2.07241241970855,8.95991160690642
"3380",3711,"Georgia","ukesm1-0-ll","ssp126",NA,1.06088443949033,13.4917565149488
"3381",3712,"Georgia","ukesm1-0-ll","ssp126",NA,9.36981273149488,10.8775536784248
"3382",3713,"Georgia","ukesm1-0-ll","ssp126",NA,11.9850179755612,9.53473339311727
"3383",3714,"Georgia","ukesm1-0-ll","ssp126",NA,1.02671197505526,9.6571340787209
"3384",3715,"Georgia","ukesm1-0-ll","ssp126",NA,4.24287264200541,14.1498363873572
"3385",3716,"Georgia","ukesm1-0-ll","ssp126",NA,11.1676885934766,15.5891783042335
"3386",3717,"Georgia","ukesm1-0-ll","ssp126",NA,2.49751023855525,13.3029695303042
"3387",3718,"Georgia","ukesm1-0-ll","ssp126",NA,4.62977585876961,17.916259795182
"3388",3719,"Georgia","ukesm1-0-ll","ssp126",NA,1.03286049003282,18.9735068554451
"3389",3720,"Georgia","ukesm1-0-ll","ssp126",NA,2.53865043128302,18.5525704372305
"3390",3721,"Georgia","ukesm1-0-ll","ssp126",NA,3.54501818374553,22.6763982814392
"3391",3722,"Georgia","ukesm1-0-ll","ssp126",NA,2.3330257639955,22.2686243237364
"3392",3723,"Georgia","ukesm1-0-ll","ssp126",NA,0.243364851642034,21.3985694275641
"3393",3724,"Georgia","ukesm1-0-ll","ssp126",NA,3.69300524427725,22.9031599954601
"3394",3725,"Georgia","ukesm1-0-ll","ssp126",NA,4.24055973427872,20.3165477835815
"3395",3726,"Georgia","ukesm1-0-ll","ssp126",NA,8.7423394376748,21.3247601155796
"3396",3727,"Georgia","ukesm1-0-ll","ssp126",NA,4.85347709202211,22.2004074872551
"3397",3728,"Georgia","ukesm1-0-ll","ssp126",NA,7.29350270500219,25.8692602125265
"3398",3729,"Georgia","ukesm1-0-ll","ssp126",NA,8.00538394330978,27.1279682889112
"3399",3730,"Georgia","ukesm1-0-ll","ssp126",NA,2.94245271652824,28.4733063852527
"3400",3731,"Georgia","ukesm1-0-ll","ssp126",NA,1.68528195213834,28.279241780796
"3401",3732,"Georgia","ukesm1-0-ll","ssp126",NA,0.909075722239536,29.4033173863594
"3402",3733,"Georgia","ukesm1-0-ll","ssp126",NA,4.55861717007431,30.4801805990372
"3403",3734,"Georgia","ukesm1-0-ll","ssp126",NA,9.54011271124105,28.9594119462205
"3404",3735,"Georgia","ukesm1-0-ll","ssp126",NA,10.8866062553311,28.381989293872
"3405",3736,"Georgia","ukesm1-0-ll","ssp126",NA,2.48139500675237,28.4691180878055
"3406",3737,"Georgia","ukesm1-0-ll","ssp126",NA,3.87143430427483,28.444458628509
"3407",3738,"Georgia","ukesm1-0-ll","ssp126",NA,2.27795673702643,29.1131005386464
"3408",3739,"Georgia","ukesm1-0-ll","ssp126",NA,4.92605842522845,28.7916166217795
"3409",3740,"Georgia","ukesm1-0-ll","ssp126",NA,1.68258605806986,28.0556807917487
"3410",3741,"Georgia","ukesm1-0-ll","ssp126",NA,0.287206473571942,29.4064694901067
"3411",3742,"Georgia","ukesm1-0-ll","ssp126",NA,2.31513095983228,27.6814158737515
"3412",3743,"Georgia","ukesm1-0-ll","ssp126",NA,0.199734144559243,25.7016064660024
"3413",3744,"Georgia","ukesm1-0-ll","ssp126",NA,0.0511440295844027,24.6648046313418
"3414",3745,"Georgia","ukesm1-0-ll","ssp126",NA,0.182298455249692,25.791678543645
"3415",3746,"Georgia","ukesm1-0-ll","ssp126",NA,13.7557445283922,26.0695130133456
"3416",3747,"Georgia","ukesm1-0-ll","ssp126",NA,11.6224517071333,20.2773227941038
"3417",3748,"Georgia","ukesm1-0-ll","ssp126",NA,3.93691890031594,16.7872152924249
"3418",3749,"Georgia","ukesm1-0-ll","ssp126",NA,7.57454284483804,21.512767387187
"3419",3750,"Georgia","ukesm1-0-ll","ssp126",NA,8.03562437171153,20.3228930752734
"3420",3751,"Georgia","ukesm1-0-ll","ssp126",NA,1.26249120364526,15.0919602068516
"3421",3752,"Georgia","ukesm1-0-ll","ssp126",NA,1.7811030991762,15.5170306115693
"3422",3753,"Georgia","ukesm1-0-ll","ssp126",NA,2.84213182656383,12.175809432577
"3423",3754,"Georgia","ukesm1-0-ll","ssp126",NA,0,9.2843652609763
"3424",3755,"Georgia","ukesm1-0-ll","ssp126",NA,0.868345503706055,10.3770084261029
"3425",3756,"Georgia","ukesm1-0-ll","ssp126",NA,0.960259567180018,8.6718431080225
"3426",3757,"Georgia","ukesm1-0-ll","ssp126",NA,0.0652982962007911,7.52657670212718
"3427",3758,"Georgia","ukesm1-0-ll","ssp126",NA,3.67337445958017,6.36508706302968
"3428",3759,"Georgia","ukesm1-0-ll","ssp126",NA,3.23783484147661,14.0644945343239
"3429",3760,"Georgia","ukesm1-0-ll","ssp126",NA,2.16005701961592,13.9818120702416
"3430",3761,"Georgia","ukesm1-0-ll","ssp126",NA,5.02169321320534,15.5947987849718
"3431",3762,"Georgia","ukesm1-0-ll","ssp126",NA,2.84420196700633,13.6944960919766
"3432",3763,"Georgia","ukesm1-0-ll","ssp126",NA,4.25260669221236,14.6462994517772
"3433",3764,"Georgia","ukesm1-0-ll","ssp126",NA,12.1040813398855,17.3086802337129
"3434",3765,"Georgia","ukesm1-0-ll","ssp126",NA,0.404739401300202,15.6573310020761
"3435",3766,"Georgia","ukesm1-0-ll","ssp126",NA,16.8942555724769,11.8088881670419
"3436",3767,"Georgia","ukesm1-0-ll","ssp126",NA,1.30378659250137,17.6018169412313
"3437",3768,"Georgia","ukesm1-0-ll","ssp126",NA,1.71774698363099,13.0988633864729
"3438",3769,"Georgia","ukesm1-0-ll","ssp126",NA,0.0460021803770386,17.3599629178174
"3439",3770,"Georgia","ukesm1-0-ll","ssp126",NA,0.334747571918293,21.1123178699115
"3440",3771,"Georgia","ukesm1-0-ll","ssp126",NA,0.154793109365944,17.6165612172272
"3441",3772,"Georgia","ukesm1-0-ll","ssp126",NA,0.00918122039907432,23.3641476684275
"3442",3773,"Georgia","ukesm1-0-ll","ssp126",NA,0.850901020604544,23.6546917118692
"3443",3774,"Georgia","ukesm1-0-ll","ssp126",NA,0.190828410548411,24.7642362950212
"3444",3775,"Georgia","ukesm1-0-ll","ssp126",NA,1.38028993739613,23.0399868501012
"3445",3776,"Georgia","ukesm1-0-ll","ssp126",NA,0.113493663633184,21.8866248622645
"3446",3777,"Georgia","ukesm1-0-ll","ssp126",NA,4.64516302486525,21.7210794887589
"3447",3778,"Georgia","ukesm1-0-ll","ssp126",NA,3.21527322113944,22.9903950467237
"3448",3779,"Georgia","ukesm1-0-ll","ssp126",NA,5.08677581923352,24.756003347032
"3449",3780,"Georgia","ukesm1-0-ll","ssp126",NA,6.97242775126754,27.1858938295674
"3450",3781,"Georgia","ukesm1-0-ll","ssp126",NA,4.64942671403721,28.7894820908369
"3451",3782,"Georgia","ukesm1-0-ll","ssp126",NA,6.39648582183474,27.9320964970254
"3452",3783,"Georgia","ukesm1-0-ll","ssp126",NA,1.07966159085106,27.1619283680766
"3453",3784,"Georgia","ukesm1-0-ll","ssp126",NA,4.60524511261557,28.6655196884931
"3454",3785,"Georgia","ukesm1-0-ll","ssp126",NA,4.57446250658495,29.6595881944707
"3455",3786,"Georgia","ukesm1-0-ll","ssp126",NA,2.02514297584094,31.1430411645922
"3456",3787,"Georgia","ukesm1-0-ll","ssp126",NA,7.37710485471933,30.9222549105961
"3457",3788,"Georgia","ukesm1-0-ll","ssp126",NA,1.29214696918553,27.9120898230601
"3458",3789,"Georgia","ukesm1-0-ll","ssp126",NA,2.71083270837432,29.614309788443
"3459",3790,"Georgia","ukesm1-0-ll","ssp126",NA,0.183699653891522,31.1750931931466
"3460",3791,"Georgia","ukesm1-0-ll","ssp126",NA,0.56852189818418,32.0262995315811
"3461",3792,"Georgia","ukesm1-0-ll","ssp126",NA,15.2012203511209,28.3022399902344
"3462",3793,"Georgia","ukesm1-0-ll","ssp126",NA,29.2221212338146,27.6343282113064
"3463",3794,"Georgia","ukesm1-0-ll","ssp126",NA,0.558380682197765,27.1403250262466
"3464",3795,"Georgia","ukesm1-0-ll","ssp126",NA,4.42905765282242,24.3674736410885
"3465",3796,"Georgia","ukesm1-0-ll","ssp126",NA,6.7305596568153,24.5112457201498
"3466",3797,"Georgia","ukesm1-0-ll","ssp126",NA,0.322907865927088,24.3643024730913
"3467",3798,"Georgia","ukesm1-0-ll","ssp126",NA,12.7431890957152,23.4264381094649
"3468",3799,"Georgia","ukesm1-0-ll","ssp126",NA,0.477608756243125,25.7402868681901
"3469",3800,"Georgia","ukesm1-0-ll","ssp126",NA,0.859176982356441,23.591997818104
"3470",3801,"Georgia","ukesm1-0-ll","ssp126",NA,2.89062365798239,23.2491351185353
"3471",3802,"Georgia","ukesm1-0-ll","ssp126",NA,0.0399512879419525,17.7726299590695
"3472",3803,"Georgia","ukesm1-0-ll","ssp126",NA,0.395938158238935,20.0179066803496
"3473",3804,"Georgia","ukesm1-0-ll","ssp126",NA,9.26653098375217,20.3872635146319
"3474",3805,"Georgia","ukesm1-0-ll","ssp126",NA,0.260919626606231,20.6567629169898
"3475",3806,"Georgia","ukesm1-0-ll","ssp126",NA,0.101179687722618,16.5255750900897
"3476",3807,"Georgia","ukesm1-0-ll","ssp126",NA,1.43668519453032,14.291878939945
"3477",3808,"Georgia","ukesm1-0-ll","ssp126",NA,8.95559933713529,13.8644150851714
"3478",3809,"Georgia","ukesm1-0-ll","ssp126",NA,3.41481108546519,15.0116015122532
"3479",3810,"Georgia","ukesm1-0-ll","ssp126",NA,7.67199976377966,15.7226012296885
"3480",3811,"Georgia","ukesm1-0-ll","ssp126",NA,8.57104229548047,5.48534028651353
"3481",3812,"Georgia","ukesm1-0-ll","ssp126",NA,1.84622553273756,10.677895933433
"3482",3813,"Georgia","ukesm1-0-ll","ssp126",NA,6.33539272848463,10.9510087500473
"3483",3814,"Georgia","ukesm1-0-ll","ssp126",NA,2.20409471098708,6.78058854442534
"3484",3815,"Georgia","ukesm1-0-ll","ssp126",NA,3.69021548824939,8.73154021995122
"3485",3816,"Georgia","ukesm1-0-ll","ssp126",NA,4.42471383534207,17.0349531492367
"3486",3817,"Georgia","ukesm1-0-ll","ssp126",NA,6.11238329268662,12.9600634558726
"3487",3818,"Georgia","ukesm1-0-ll","ssp126",NA,9.48777500052265,11.0571656603502
"3488",3819,"Georgia","ukesm1-0-ll","ssp126",NA,3.89502384591288,12.3164635461988
"3489",3820,"Georgia","ukesm1-0-ll","ssp126",NA,8.26941995795561,13.1430549085862
"3490",3821,"Georgia","ukesm1-0-ll","ssp126",NA,6.14280184862066,18.7624528270657
"3491",3822,"Georgia","ukesm1-0-ll","ssp126",NA,8.47781592889897,20.5528159818118
"3492",3823,"Georgia","ukesm1-0-ll","ssp126",NA,0.0457838213267977,20.0123278010556
"3493",3824,"Georgia","ukesm1-0-ll","ssp126",NA,0.71253334400831,22.8096251702482
"3494",3825,"Georgia","ukesm1-0-ll","ssp126",NA,7.3451104247474,22.3297552445899
"3495",3826,"Georgia","ukesm1-0-ll","ssp126",NA,0.699522810586699,19.6165760696079
"3496",3827,"Georgia","ukesm1-0-ll","ssp126",NA,3.83483600407492,23.2318496076016
"3497",3828,"Georgia","ukesm1-0-ll","ssp126",NA,4.85616172962305,24.444052959008
"3498",3829,"Georgia","ukesm1-0-ll","ssp126",NA,3.28756549634283,24.609600401502
"3499",3830,"Georgia","ukesm1-0-ll","ssp126",NA,3.92688017119496,22.0911411830357
"3500",3831,"Georgia","ukesm1-0-ll","ssp126",NA,4.72090306909347,25.09878247425
"3501",3832,"Georgia","ukesm1-0-ll","ssp126",NA,1.04206109133148,26.490566181617
"3502",3833,"Georgia","ukesm1-0-ll","ssp126",NA,3.07543781565485,28.3005230254758
"3503",3834,"Georgia","ukesm1-0-ll","ssp126",NA,6.25646181035278,28.3085119067324
"3504",3835,"Georgia","ukesm1-0-ll","ssp126",NA,2.42126471067372,28.6803880298975
"3505",3836,"Georgia","ukesm1-0-ll","ssp126",NA,3.19089662010168,30.4652498924126
"3506",3837,"Georgia","ukesm1-0-ll","ssp126",NA,2.21512225027924,30.0842507868067
"3507",3838,"Georgia","ukesm1-0-ll","ssp126",NA,0.0407658110999335,31.7294875618332
"3508",3839,"Georgia","ukesm1-0-ll","ssp126",NA,0.151720880529541,33.7240141270525
"3509",3840,"Georgia","ukesm1-0-ll","ssp126",NA,4.9304611332289,32.0286261089778
"3510",3841,"Georgia","ukesm1-0-ll","ssp126",NA,5.62434579194057,29.5680985642403
"3511",3842,"Georgia","ukesm1-0-ll","ssp126",NA,0.697135510678779,30.3609040119458
"3512",3843,"Georgia","ukesm1-0-ll","ssp126",NA,5.74587357183834,29.8320341613622
"3513",3844,"Georgia","ukesm1-0-ll","ssp126",NA,1.80767020783187,31.2537522138176
"3514",3845,"Georgia","ukesm1-0-ll","ssp126",NA,1.70652333444202,31.2944356184029
"3515",3846,"Georgia","ukesm1-0-ll","ssp126",NA,0.530619888293577,30.6624320189543
"3516",3847,"Georgia","ukesm1-0-ll","ssp126",NA,4.22085467983734,31.1500086306371
"3517",3848,"Georgia","ukesm1-0-ll","ssp126",NA,0.553566468471211,29.0445761618257
"3518",3849,"Georgia","ukesm1-0-ll","ssp126",NA,2.30393717571599,27.7651370438768
"3519",3850,"Georgia","ukesm1-0-ll","ssp126",NA,5.27399158766415,26.5422542396527
"3520",3851,"Georgia","ukesm1-0-ll","ssp126",NA,1.91518765589846,26.7895255395922
"3521",3852,"Georgia","ukesm1-0-ll","ssp126",NA,5.63830249292601,22.1806216777959
"3522",3853,"Georgia","ukesm1-0-ll","ssp126",NA,2.10763665850264,21.3442991981784
"3523",3854,"Georgia","ukesm1-0-ll","ssp126",NA,7.84696683075913,22.8311167867074
"3524",3855,"Georgia","ukesm1-0-ll","ssp126",NA,0.00198331703663044,12.5714131574654
"3525",3856,"Georgia","ukesm1-0-ll","ssp126",NA,6.68239837779224,11.8947253949995
"3526",3857,"Georgia","ukesm1-0-ll","ssp126",NA,0.71185929272543,10.4551858897359
"3527",3858,"Georgia","ukesm1-0-ll","ssp126",NA,0.891617162554236,9.88008567680749
"3528",3859,"Georgia","ukesm1-0-ll","ssp126",NA,1.55464252051207,7.27315429983072
"3529",3860,"Georgia","ukesm1-0-ll","ssp126",NA,7.85160883450029,11.2185625644342
"3530",3861,"Georgia","ukesm1-0-ll","ssp126",NA,0.560030654216272,16.365476697871
"3531",3862,"Georgia","ukesm1-0-ll","ssp126",NA,6.39318907461919,18.1633095655834
"3532",3863,"Georgia","ukesm1-0-ll","ssp126",NA,0.991643122799391,13.8554752081994
"3533",3864,"Georgia","ukesm1-0-ll","ssp126",NA,1.77945572475649,12.8485222250729
"3534",3865,"Georgia","ukesm1-0-ll","ssp126",NA,0.0250010775904916,10.8725905448415
"3535",3866,"Georgia","ukesm1-0-ll","ssp126",NA,3.05073590760214,9.52169307681033
"3536",3867,"Georgia","ukesm1-0-ll","ssp126",NA,8.73869282156962,10.7587410619704
"3537",3868,"Georgia","ukesm1-0-ll","ssp126",NA,0.698820610464821,12.6652692670107
"3538",3869,"Georgia","ukesm1-0-ll","ssp126",NA,7.75829522956401,9.50596521853248
"3539",3870,"Georgia","ukesm1-0-ll","ssp126",NA,1.74381160312944,8.0840372376523
"3540",3871,"Georgia","ukesm1-0-ll","ssp126",NA,1.95572306912578,9.3383105852991
"3541",3872,"Georgia","ukesm1-0-ll","ssp126",NA,6.82668620811323,13.654957946334
"3542",3873,"Georgia","ukesm1-0-ll","ssp126",NA,7.28453885088682,10.8241553798426
"3543",3874,"Georgia","ukesm1-0-ll","ssp126",NA,5.8791056203216,17.5534728856122
"3544",3875,"Georgia","ukesm1-0-ll","ssp126",NA,15.7400704432908,18.2923905712063
"3545",3876,"Georgia","ukesm1-0-ll","ssp126",NA,9.22548486494141,18.8590116265323
"3546",3877,"Georgia","ukesm1-0-ll","ssp126",NA,4.38120236222719,18.2690172837375
"3547",3878,"Georgia","ukesm1-0-ll","ssp126",NA,0.211971613706788,20.2608480310325
"3548",3879,"Georgia","ukesm1-0-ll","ssp126",NA,1.01479143840819,19.6118169530541
"3549",3880,"Georgia","ukesm1-0-ll","ssp126",NA,0.149545240626335,21.0604278638346
"3550",3881,"Georgia","ukesm1-0-ll","ssp126",NA,0.7971203688861,24.1116794392214
"3551",3882,"Georgia","ukesm1-0-ll","ssp126",NA,0.692811097144138,23.843110268803
"3552",3883,"Georgia","ukesm1-0-ll","ssp126",NA,1.10247288635995,27.1068895834122
"3553",3884,"Georgia","ukesm1-0-ll","ssp126",NA,0.0512374066478885,28.1447413557667
"3554",3885,"Georgia","ukesm1-0-ll","ssp126",NA,1.24907365589685,30.1481953840279
"3555",3886,"Georgia","ukesm1-0-ll","ssp126",NA,2.60319586458895,27.7568355237023
"3556",3887,"Georgia","ukesm1-0-ll","ssp126",NA,1.26075321436573,27.8411112565971
"3557",3888,"Georgia","ukesm1-0-ll","ssp126",NA,0.430320359101394,30.8037731105999
"3558",3889,"Georgia","ukesm1-0-ll","ssp126",NA,10.9347629528395,30.0347545263554
"3559",3890,"Georgia","ukesm1-0-ll","ssp126",NA,8.30325873391653,29.0858027497447
"3560",3891,"Georgia","ukesm1-0-ll","ssp126",NA,3.99145885421251,32.0981608910365
"3561",3892,"Georgia","ukesm1-0-ll","ssp126",NA,5.46205990564553,30.355146386837
"3562",3893,"Georgia","ukesm1-0-ll","ssp126",NA,4.06449996680441,29.1982027584935
"3563",3894,"Georgia","ukesm1-0-ll","ssp126",NA,3.52259134531989,30.305859980918
"3564",3895,"Georgia","ukesm1-0-ll","ssp126",NA,0.896652914838184,31.1224211094743
"3565",3896,"Georgia","ukesm1-0-ll","ssp126",NA,1.04591070167544,31.6262841323963
"3566",3897,"Georgia","ukesm1-0-ll","ssp126",NA,2.05820991425161,29.7742541149223
"3567",3898,"Georgia","ukesm1-0-ll","ssp126",NA,0.797022684578147,27.8428718917884
"3568",3899,"Georgia","ukesm1-0-ll","ssp126",NA,6.98287705097526,27.793044519309
"3569",3900,"Georgia","ukesm1-0-ll","ssp126",NA,8.99590612052392,27.7492183214239
"3570",3901,"Georgia","ukesm1-0-ll","ssp126",NA,11.6524429029248,25.9119537131838
"3571",3902,"Georgia","ukesm1-0-ll","ssp126",NA,0.94999234074143,25.3643499859309
"3572",3903,"Georgia","ukesm1-0-ll","ssp126",NA,1.38667348463138,22.5064692388724
"3573",3904,"Georgia","ukesm1-0-ll","ssp126",NA,2.21303349202743,18.0219348528772
"3574",3905,"Georgia","ukesm1-0-ll","ssp126",NA,4.8355468693869,20.7777434637703
"3575",3906,"Georgia","ukesm1-0-ll","ssp126",NA,10.9162694503525,18.5724588832902
"3576",3907,"Georgia","ukesm1-0-ll","ssp126",NA,3.426514002797,18.2939349971153
"3577",3908,"Georgia","ukesm1-0-ll","ssp126",NA,0.0599927267292726,14.2465698685542
"3578",3909,"Georgia","ukesm1-0-ll","ssp126",NA,4.25697060749521,10.9720035137334
"3579",3910,"Georgia","ukesm1-0-ll","ssp126",NA,1.65380655814611,7.98898067151088
"3580",3911,"Georgia","ukesm1-0-ll","ssp126",NA,0.170416909626176,9.23386495003691
"3581",3912,"Georgia","ukesm1-0-ll","ssp126",NA,1.86696508967862,16.5127401947687
"3582",3913,"Georgia","ukesm1-0-ll","ssp126",NA,6.99301217712785,16.6249401766798
"3583",3914,"Georgia","ukesm1-0-ll","ssp126",NA,12.6867005811004,10.7383333737279
"3584",3915,"Georgia","ukesm1-0-ll","ssp126",NA,0.0372667776297532,9.09142951134045
"3585",3916,"Georgia","ukesm1-0-ll","ssp126",NA,4.19894076455903,13.9209230732398
"3586",3917,"Georgia","ukesm1-0-ll","ssp126",NA,3.83067897335237,11.797656220443
"3587",3918,"Georgia","ukesm1-0-ll","ssp126",NA,6.40316329246617,8.75789033829735
"3588",3919,"Georgia","ukesm1-0-ll","ssp126",NA,1.20871754220003,7.34409702845984
"3589",3920,"Georgia","ukesm1-0-ll","ssp126",NA,1.95194748408037,10.9689395636681
"3590",3921,"Georgia","ukesm1-0-ll","ssp126",NA,3.90673846774386,9.39513801038989
"3591",3922,"Georgia","ukesm1-0-ll","ssp126",NA,9.0664237205348,7.86489760281101
"3592",3923,"Georgia","ukesm1-0-ll","ssp126",NA,6.99009947333093,12.9938764890805
"3593",3924,"Georgia","ukesm1-0-ll","ssp126",NA,1.96786739785463,14.1415905820833
"3594",3925,"Georgia","ukesm1-0-ll","ssp126",NA,5.40226446269017,16.941181572644
"3595",3926,"Georgia","ukesm1-0-ll","ssp126",NA,7.50079602183763,20.3841748105989
"3596",3927,"Georgia","ukesm1-0-ll","ssp126",NA,2.01389977168171,15.1668685211108
"3597",3928,"Georgia","ukesm1-0-ll","ssp126",NA,4.81040422188946,16.1806909150131
"3598",3929,"Georgia","ukesm1-0-ll","ssp126",NA,5.47044837960667,21.1675514350503
"3599",3930,"Georgia","ukesm1-0-ll","ssp126",NA,1.32372772169807,24.3242052572403
"3600",3931,"Georgia","ukesm1-0-ll","ssp126",NA,3.46085090653966,19.2373941269106
"3601",3932,"Georgia","ukesm1-0-ll","ssp126",NA,0.247386760683456,19.8333394713321
"3602",3933,"Georgia","ukesm1-0-ll","ssp126",NA,0.0437554676699076,22.7611800297698
"3603",3934,"Georgia","ukesm1-0-ll","ssp126",NA,3.17553994743605,24.5417808846758
"3604",3935,"Georgia","ukesm1-0-ll","ssp126",NA,4.6488639027659,26.4686170970557
"3605",3936,"Georgia","ukesm1-0-ll","ssp126",NA,1.86782294183278,25.4810151402656
"3606",3937,"Georgia","ukesm1-0-ll","ssp126",NA,0.884414237113558,28.961738819187
"3607",3938,"Georgia","ukesm1-0-ll","ssp126",NA,0.512402407939612,29.6815156285469
"3608",3939,"Georgia","ukesm1-0-ll","ssp126",NA,2.21179953934803,28.5896379152164
"3609",3940,"Georgia","ukesm1-0-ll","ssp126",NA,4.58857115093872,30.460955115958
"3610",3941,"Georgia","ukesm1-0-ll","ssp126",NA,3.60229576312844,29.5638810053865
"3611",3942,"Georgia","ukesm1-0-ll","ssp126",NA,6.38156689930253,29.4640999782461
"3612",3943,"Georgia","ukesm1-0-ll","ssp126",NA,3.11047269877513,31.1898697601392
"3613",3944,"Georgia","ukesm1-0-ll","ssp126",NA,5.5903312497581,29.9459839162757
"3614",3945,"Georgia","ukesm1-0-ll","ssp126",NA,7.86861920768372,28.9650452103511
"3615",3946,"Georgia","ukesm1-0-ll","ssp126",NA,2.45217348393667,30.2235265108344
"3616",3947,"Georgia","ukesm1-0-ll","ssp126",NA,17.1087180435191,27.8984993775301
"3617",3948,"Georgia","ukesm1-0-ll","ssp126",NA,10.3210710836738,29.4462262095897
"3618",3949,"Georgia","ukesm1-0-ll","ssp126",NA,2.79655801160597,29.7373481658123
"3619",3950,"Georgia","ukesm1-0-ll","ssp126",NA,2.34994589376821,28.2446416453068
"3620",3951,"Georgia","ukesm1-0-ll","ssp126",NA,4.4235358856406,26.8077509623752
"3621",3952,"Georgia","ukesm1-0-ll","ssp126",NA,4.12968576499465,25.95892425611
"3622",3953,"Georgia","ukesm1-0-ll","ssp126",NA,0.711373648039914,24.3892982168868
"3623",3954,"Georgia","ukesm1-0-ll","ssp126",NA,0.107824817501138,24.1654868802493
"3624",3955,"Georgia","ukesm1-0-ll","ssp126",NA,0.159410389529098,25.3788976341414
"3625",3956,"Georgia","ukesm1-0-ll","ssp126",NA,1.26819448675609,22.0637899698992
"3626",3957,"Georgia","ukesm1-0-ll","ssp126",NA,0.0579786499837197,21.6689725344753
"3627",3958,"Georgia","ukesm1-0-ll","ssp126",NA,0.108264687591383,21.0775531020638
"3628",3959,"Georgia","ukesm1-0-ll","ssp126",NA,0.361160332728021,19.4942268131432
"3629",3960,"Georgia","ukesm1-0-ll","ssp126",NA,3.98760911346419,17.8720462531212
"3630",3961,"Georgia","ukesm1-0-ll","ssp126",NA,2.71556538992995,12.0663991858827
"3631",3962,"Georgia","ukesm1-0-ll","ssp126",NA,0.0203736698387143,11.0487353456511
"3632",3963,"Georgia","ukesm1-0-ll","ssp126",NA,5.36015991989677,18.3057707188493
"3633",3964,"Georgia","ukesm1-0-ll","ssp126",NA,1.28396548661972,13.7341833525651
"3634",3965,"Georgia","ukesm1-0-ll","ssp126",NA,0.00130453124056349,11.9325351225551
"3635",3966,"Georgia","ukesm1-0-ll","ssp126",NA,5.9391730456336,17.7353146458365
"3636",3967,"Georgia","ukesm1-0-ll","ssp126",NA,5.77919645324949,15.4094860751173
"3637",3968,"Georgia","ukesm1-0-ll","ssp126",NA,13.7715809518133,16.7226797034608
"3638",3969,"Georgia","ukesm1-0-ll","ssp126",NA,3.58719621152629,15.1856105998411
"3639",3970,"Georgia","ukesm1-0-ll","ssp126",NA,10.0082579633545,12.7975837319584
"3640",3971,"Georgia","ukesm1-0-ll","ssp126",NA,2.04178867361472,10.6594248182837
"3641",3972,"Georgia","ukesm1-0-ll","ssp126",NA,6.45550125369508,13.1537447063456
"3642",3973,"Georgia","ukesm1-0-ll","ssp126",NA,5.92538073822027,8.69499287085732
"3643",3974,"Georgia","ukesm1-0-ll","ssp126",NA,19.9372800646686,12.1676355985406
"3644",3975,"Georgia","ukesm1-0-ll","ssp126",NA,4.78723629406375,10.6568325975617
"3645",3976,"Georgia","ukesm1-0-ll","ssp126",NA,0.521750400987738,17.0322231191123
"3646",3977,"Georgia","ukesm1-0-ll","ssp126",NA,0.122362286269857,13.4124950492065
"3647",3978,"Georgia","ukesm1-0-ll","ssp126",NA,9.07488989071419,18.4342630972874
"3648",3979,"Georgia","ukesm1-0-ll","ssp126",NA,2.38097482077437,15.9855755600456
"3649",3980,"Georgia","ukesm1-0-ll","ssp126",NA,14.3046885268777,17.8014896863887
"3650",3981,"Georgia","ukesm1-0-ll","ssp126",NA,4.78184895344573,17.4374222208166
"3651",3982,"Georgia","ukesm1-0-ll","ssp126",NA,1.53429939680738,21.2430864311015
"3652",3983,"Georgia","ukesm1-0-ll","ssp126",NA,0.665469416584898,22.347234353719
"3653",3984,"Georgia","ukesm1-0-ll","ssp126",NA,0.00160164988849743,23.2500481335361
"3654",3985,"Georgia","ukesm1-0-ll","ssp126",NA,1.31893712726264,25.6078115393983
"3655",3986,"Georgia","ukesm1-0-ll","ssp126",NA,2.5408043813945,25.7094437199701
"3656",3987,"Georgia","ukesm1-0-ll","ssp126",NA,4.19913110191631,26.1685761754219
"3657",3988,"Georgia","ukesm1-0-ll","ssp126",NA,4.58046406899724,26.3804702869628
"3658",3989,"Georgia","ukesm1-0-ll","ssp126",NA,4.77794348189667,24.5595736672168
"3659",3990,"Georgia","ukesm1-0-ll","ssp126",NA,3.88342645130194,26.2716526576451
"3660",3991,"Georgia","ukesm1-0-ll","ssp126",NA,3.55996093469628,27.3403431446731
"3661",3992,"Georgia","ukesm1-0-ll","ssp126",NA,0.749356549638362,27.3540193054347
"3662",3993,"Georgia","ukesm1-0-ll","ssp126",NA,13.0853355769427,27.4578735794917
"3663",3994,"Georgia","ukesm1-0-ll","ssp126",NA,15.3798466775543,28.5491843161225
"3664",3995,"Georgia","ukesm1-0-ll","ssp126",NA,0.0366719068869014,30.6312683253254
"3665",3996,"Georgia","ukesm1-0-ll","ssp126",NA,0.319677014797583,31.8090512476591
"3666",3997,"Georgia","ukesm1-0-ll","ssp126",NA,7.7989089632286,28.8061936791815
"3667",3998,"Georgia","ukesm1-0-ll","ssp126",NA,1.16310874210366,30.5154374905418
"3668",3999,"Georgia","ukesm1-0-ll","ssp126",NA,0.271423491609338,31.3800202081048
"3669",4000,"Georgia","ukesm1-0-ll","ssp126",NA,4.24691668820425,29.5488458887428
"3670",4001,"Georgia","ukesm1-0-ll","ssp126",NA,4.57789197975631,29.3659366783161
"3671",4002,"Georgia","ukesm1-0-ll","ssp126",NA,1.05034684775202,28.2714405863395
"3672",4003,"Georgia","ukesm1-0-ll","ssp126",NA,0.864195859131359,28.0349152424145
"3673",4004,"Georgia","ukesm1-0-ll","ssp126",NA,7.41276202113507,25.8492386861806
"3674",4005,"Georgia","ukesm1-0-ll","ssp126",NA,5.58050205193271,24.2293763537095
"3675",4006,"Georgia","ukesm1-0-ll","ssp126",NA,0.035519149843368,19.0636776533889
"3676",4007,"Georgia","ukesm1-0-ll","ssp126",NA,13.0611159904405,19.0439165978975
"3677",4008,"Georgia","ukesm1-0-ll","ssp126",NA,0.135791826439232,19.9308742421591
"3678",4009,"Georgia","ukesm1-0-ll","ssp126",NA,0.198480737370638,18.5876698639434
"3679",4010,"Georgia","ukesm1-0-ll","ssp126",NA,0.0442613427741546,18.6904488551992
"3680",4011,"Georgia","ukesm1-0-ll","ssp126",NA,4.63013422829706,18.8321661332618
"3681",4012,"Georgia","ukesm1-0-ll","ssp126",NA,0.0561817835979209,13.1217174317589
"3682",4013,"Georgia","ukesm1-0-ll","ssp126",NA,0.674158688485415,19.8913706781789
"3683",4014,"Georgia","ukesm1-0-ll","ssp126",NA,0.201391316358907,16.7795736317485
"3684",4015,"Georgia","ukesm1-0-ll","ssp126",NA,2.75944865406619,14.1930636870082
"3685",4016,"Georgia","ukesm1-0-ll","ssp126",NA,1.70736526363596,12.5623750035469
"3686",4017,"Georgia","ukesm1-0-ll","ssp126",NA,9.36268693054338,14.5026552066388
"3687",4018,"Georgia","ukesm1-0-ll","ssp126",NA,4.16708743653194,9.29562018812427
"3688",4019,"Georgia","ukesm1-0-ll","ssp126",NA,4.00381786555417,11.552647950401
"3689",4020,"Georgia","ukesm1-0-ll","ssp126",NA,3.28371185794769,7.09135000307395
"3690",4021,"Georgia","ukesm1-0-ll","ssp126",NA,1.98373734592348,9.1410465859328
"3691",4022,"Georgia","ukesm1-0-ll","ssp126",NA,0.000670222774402805,10.6319104506375
"3692",4023,"Georgia","ukesm1-0-ll","ssp126",NA,0.0292765424691057,13.6889297743975
"3693",4024,"Georgia","ukesm1-0-ll","ssp126",NA,3.93404498283888,14.8287463910932
"3694",4025,"Georgia","ukesm1-0-ll","ssp126",NA,6.12447948196573,12.5478524787663
"3695",4026,"Georgia","ukesm1-0-ll","ssp126",NA,10.5241920879079,14.7886709735122
"3696",4027,"Georgia","ukesm1-0-ll","ssp126",NA,10.6193254973171,13.6439904607815
"3697",4028,"Georgia","ukesm1-0-ll","ssp126",NA,7.72854797212739,10.8301151007775
"3698",4029,"Georgia","ukesm1-0-ll","ssp126",NA,3.54971485229182,16.375292421946
"3699",4030,"Georgia","ukesm1-0-ll","ssp126",NA,3.97111967227283,14.9583931172443
"3700",4031,"Georgia","ukesm1-0-ll","ssp126",NA,1.94087216120944,19.8141558852669
"3701",4032,"Georgia","ukesm1-0-ll","ssp126",NA,1.27898388637087,15.8583035152703
"3702",4033,"Georgia","ukesm1-0-ll","ssp126",NA,2.05085039650207,16.1492729574947
"3703",4034,"Georgia","ukesm1-0-ll","ssp126",NA,0.301005133601844,16.7120527142763
"3704",4035,"Georgia","ukesm1-0-ll","ssp126",NA,0.199451211090085,17.5604523222325
"3705",4036,"Georgia","ukesm1-0-ll","ssp126",NA,2.51630800966891,18.9261828110813
"3706",4037,"Georgia","ukesm1-0-ll","ssp126",NA,5.87770341799665,20.6212617370753
"3707",4038,"Georgia","ukesm1-0-ll","ssp126",NA,2.69119894854082,22.2196358521395
"3708",4039,"Georgia","ukesm1-0-ll","ssp126",NA,10.9688798560019,22.3064243713823
"3709",4040,"Georgia","ukesm1-0-ll","ssp126",NA,1.3007011684225,24.0304870162114
"3710",4041,"Georgia","ukesm1-0-ll","ssp126",NA,0.313390836692708,29.0985755015228
"3711",4042,"Georgia","ukesm1-0-ll","ssp126",NA,5.06455387493573,27.9255717944868
"3712",4043,"Georgia","ukesm1-0-ll","ssp126",NA,6.63259533711212,27.5408669090733
"3713",4044,"Georgia","ukesm1-0-ll","ssp126",NA,3.95662624904645,27.0145829244618
"3714",4045,"Georgia","ukesm1-0-ll","ssp126",NA,1.32743941516966,31.0050333609593
"3715",4046,"Georgia","ukesm1-0-ll","ssp126",NA,0.663016881317471,33.6979361545665
"3716",4047,"Georgia","ukesm1-0-ll","ssp126",NA,1.33689068856868,33.3042942739861
"3717",4048,"Georgia","ukesm1-0-ll","ssp126",NA,2.35070014440048,32.3008767485907
"3718",4049,"Georgia","ukesm1-0-ll","ssp126",NA,4.16262551553231,31.4706948786036
"3719",4050,"Georgia","ukesm1-0-ll","ssp126",NA,5.17147196799518,28.9529215297745
"3720",4051,"Georgia","ukesm1-0-ll","ssp126",NA,5.86040022939036,28.967586962536
"3721",4052,"Georgia","ukesm1-0-ll","ssp126",NA,1.12303700517142,30.0069935057412
"3722",4053,"Georgia","ukesm1-0-ll","ssp126",NA,4.85362783078519,30.2774313420996
"3723",4054,"Georgia","ukesm1-0-ll","ssp126",NA,3.36172987594596,27.331283266377
"3724",4055,"Georgia","ukesm1-0-ll","ssp126",NA,11.2619505613983,26.4023799129606
"3725",4056,"Georgia","ukesm1-0-ll","ssp126",NA,0.312349949706706,26.7190950333639
"3726",4057,"Georgia","ukesm1-0-ll","ssp126",NA,4.64719423488428,25.4757026432213
"3727",4058,"Georgia","ukesm1-0-ll","ssp126",NA,2.13179511592017,23.6868417956927
"3728",4059,"Georgia","ukesm1-0-ll","ssp126",NA,0.0738888825123597,21.2274920964645
"3729",4060,"Georgia","ukesm1-0-ll","ssp126",NA,0.0331859421077298,23.2642512212943
"3730",4061,"Georgia","ukesm1-0-ll","ssp126",NA,4.36187147893058,21.6419719409712
"3731",4062,"Georgia","ukesm1-0-ll","ssp126",NA,0.0773562896304305,18.8716324554517
"3732",4063,"Georgia","ukesm1-0-ll","ssp126",NA,0.537473678324572,21.6774731208857
"3733",4064,"Georgia","ukesm1-0-ll","ssp126",NA,0.411934020865299,20.0805616327983
"3734",4065,"Georgia","ukesm1-0-ll","ssp126",NA,4.47513660455276,20.194347198708
"3735",4066,"Georgia","ukesm1-0-ll","ssp126",NA,2.59701421924485,15.814892666796
"3736",4067,"Georgia","ukesm1-0-ll","ssp126",NA,0.824955227640632,15.0813099415482
"3737",4068,"Georgia","ukesm1-0-ll","ssp126",NA,4.91680930318463,12.4455716703475
"3738",4069,"Georgia","ukesm1-0-ll","ssp126",NA,5.71374722074073,10.5441002206133
"3739",4070,"Georgia","ukesm1-0-ll","ssp126",NA,1.36006037334524,12.7167863379379
"3740",4071,"Georgia","ukesm1-0-ll","ssp126",NA,10.9366587819384,16.3205719659173
"3741",4072,"Georgia","ukesm1-0-ll","ssp126",NA,5.40914234159167,14.8959593987638
"3742",4073,"Georgia","ukesm1-0-ll","ssp126",NA,6.03318175099114,16.9544035165708
"3743",4074,"Georgia","ukesm1-0-ll","ssp126",NA,8.31483405734519,12.0155758910837
"3744",4075,"Georgia","ukesm1-0-ll","ssp126",NA,4.21381253738756,11.7621835630108
"3745",4076,"Georgia","ukesm1-0-ll","ssp126",NA,4.83871645275068,7.74453235838664
"3746",4077,"Georgia","ukesm1-0-ll","ssp126",NA,0.651846225365167,9.62329813885634
"3747",4078,"Georgia","ukesm1-0-ll","ssp126",NA,0.935852761418886,11.3467553829166
"3748",4079,"Georgia","ukesm1-0-ll","ssp126",NA,7.14769683430062,12.138373305203
"3749",4080,"Georgia","ukesm1-0-ll","ssp126",NA,2.40296931643586,15.4519863470415
"3750",4081,"Georgia","ukesm1-0-ll","ssp126",NA,0.50407725253892,15.3852245266155
"3751",4082,"Georgia","ukesm1-0-ll","ssp126",NA,0.400029724853269,10.7515693572185
"3752",4083,"Georgia","ukesm1-0-ll","ssp126",NA,4.29383230717096,14.8601115894087
"3753",4084,"Georgia","ukesm1-0-ll","ssp126",NA,7.39286640089688,17.5078986881432
"3754",4085,"Georgia","ukesm1-0-ll","ssp126",NA,4.23832438244824,16.1709318664403
"3755",4086,"Georgia","ukesm1-0-ll","ssp126",NA,17.1155912016067,21.9341898698784
"3756",4087,"Georgia","ukesm1-0-ll","ssp126",NA,10.9940520219528,22.844488658397
"3757",4088,"Georgia","ukesm1-0-ll","ssp126",NA,10.0031998331063,17.8821610937973
"3758",4089,"Georgia","ukesm1-0-ll","ssp126",NA,1.51141730956675,23.1080807295608
"3759",4090,"Georgia","ukesm1-0-ll","ssp126",NA,4.34398666721872,23.8114412986626
"3760",4091,"Georgia","ukesm1-0-ll","ssp126",NA,1.42673661670697,22.9575554725333
"3761",4092,"Georgia","ukesm1-0-ll","ssp126",NA,4.23128663253019,25.5037808840847
"3762",4093,"Georgia","ukesm1-0-ll","ssp126",NA,0.479185706218093,26.1032356022057
"3763",4094,"Georgia","ukesm1-0-ll","ssp126",NA,10.1629826108341,27.0437711775736
"3764",4095,"Georgia","ukesm1-0-ll","ssp126",NA,5.11915232323994,27.5613809285383
"3765",4096,"Georgia","ukesm1-0-ll","ssp126",NA,6.04738679199599,29.8379186597921
"3766",4097,"Georgia","ukesm1-0-ll","ssp126",NA,1.05581235128987,29.3003631222335
"3767",4098,"Georgia","ukesm1-0-ll","ssp126",NA,2.84844265829975,30.4663115790046
"3768",4099,"Georgia","ukesm1-0-ll","ssp126",NA,1.30135676719068,29.6507154857275
"3769",4100,"Georgia","ukesm1-0-ll","ssp126",NA,3.98580539924393,29.7755347448169
"3770",4101,"Georgia","ukesm1-0-ll","ssp126",NA,1.41837628573411,28.0882288602594
"3771",4102,"Georgia","ukesm1-0-ll","ssp126",NA,2.45168739990046,29.584306797277
"3772",4103,"Georgia","ukesm1-0-ll","ssp126",NA,0.893134048393612,30.3935174013743
"3773",4104,"Georgia","ukesm1-0-ll","ssp126",NA,0.821320419325905,31.5014426316823
"3774",4105,"Georgia","ukesm1-0-ll","ssp126",NA,14.0283658549057,28.5162488295438
"3775",4106,"Georgia","ukesm1-0-ll","ssp126",NA,9.11365845096543,29.2080898626665
"3776",4107,"Georgia","ukesm1-0-ll","ssp126",NA,3.50541497680016,29.0513461133759
"3777",4108,"Georgia","ukesm1-0-ll","ssp126",NA,6.5666357292286,27.3518218181324
"3778",4109,"Georgia","ukesm1-0-ll","ssp126",NA,5.94493344628367,25.6733041093656
"3779",4110,"Georgia","ukesm1-0-ll","ssp126",NA,4.54258577521997,24.5667454458611
"3780",4111,"Georgia","ukesm1-0-ll","ssp126",NA,1.29870364668093,25.4318016661859
"3781",4112,"Georgia","ukesm1-0-ll","ssp126",NA,12.8873487218511,21.2484293718315
"3782",4113,"Georgia","ukesm1-0-ll","ssp126",NA,0.907928541332243,20.2383675120356
"3783",4114,"Georgia","ukesm1-0-ll","ssp126",NA,6.08923742683902,20.1901469306854
"3784",4115,"Georgia","ukesm1-0-ll","ssp126",NA,0.981256950837928,17.7695030526445
"3785",4116,"Georgia","ukesm1-0-ll","ssp126",NA,0.00949342197765507,18.417961242528
"3786",4117,"Georgia","ukesm1-0-ll","ssp126",NA,1.70752584132858,15.1217736639065
"3787",4118,"Georgia","ukesm1-0-ll","ssp126",NA,1.74007130864892,13.4313880901937
"3788",4119,"Georgia","ukesm1-0-ll","ssp126",NA,1.15212935222649,11.6761532541049
"3789",4120,"Georgia","ukesm1-0-ll","ssp126",NA,0.766577492310208,8.78685713576349
"3790",4121,"Georgia","ukesm1-0-ll","ssp126",NA,10.7288127985443,15.3528769282972
"3791",4122,"Georgia","ukesm1-0-ll","ssp126",NA,2.03192235644774,16.7059223018028
"3792",4123,"Georgia","ukesm1-0-ll","ssp126",NA,5.37932276959621,15.0597126588983
"3793",4124,"Georgia","ukesm1-0-ll","ssp126",NA,1.1242449286357,6.83524996039367
"3794",4125,"Georgia","ukesm1-0-ll","ssp126",NA,4.10929894909753,8.04894904259045
"3795",4126,"Georgia","ukesm1-0-ll","ssp126",NA,3.01553153764781,10.1921664849898
"3796",4127,"Georgia","ukesm1-0-ll","ssp126",NA,1.75834745643473,10.3568522677295
"3797",4128,"Georgia","ukesm1-0-ll","ssp126",NA,2.61879158809766,9.91970458688808
"3798",4129,"Georgia","ukesm1-0-ll","ssp126",NA,0.22015041490869,8.49901038809494
"3799",4130,"Georgia","ukesm1-0-ll","ssp126",NA,12.4843552118877,7.04266227371181
"3800",4131,"Georgia","ukesm1-0-ll","ssp126",NA,2.62596651798333,6.43222211417508
"3801",4132,"Georgia","ukesm1-0-ll","ssp126",NA,1.0658642616449,14.9920489073377
"3802",4133,"Georgia","ukesm1-0-ll","ssp126",NA,3.08551874648657,14.3528710169019
"3803",4134,"Georgia","ukesm1-0-ll","ssp126",NA,1.67674785981292,18.3979851600333
"3804",4135,"Georgia","ukesm1-0-ll","ssp126",NA,1.59538854717953,15.6856640979684
"3805",4136,"Georgia","ukesm1-0-ll","ssp126",NA,1.4999306246452,19.4577890465393
"3806",4137,"Georgia","ukesm1-0-ll","ssp126",NA,1.06437065570757,16.204537261889
"3807",4138,"Georgia","ukesm1-0-ll","ssp126",NA,3.7513327597291,21.3331402573112
"3808",4139,"Georgia","ukesm1-0-ll","ssp126",NA,17.2066903448113,20.9885394597458
"3809",4140,"Georgia","ukesm1-0-ll","ssp126",NA,0.336032665987751,21.5043257669444
"3810",4141,"Georgia","ukesm1-0-ll","ssp126",NA,0.785074409379452,22.7269452924013
"3811",4142,"Georgia","ukesm1-0-ll","ssp126",NA,0.741481715537216,23.4075642805123
"3812",4143,"Georgia","ukesm1-0-ll","ssp126",NA,3.88595145771809,26.8001647949219
"3813",4144,"Georgia","ukesm1-0-ll","ssp126",NA,0.670195874525093,24.005756694064
"3814",4145,"Georgia","ukesm1-0-ll","ssp126",NA,4.12595620945496,26.2235738758891
"3815",4146,"Georgia","ukesm1-0-ll","ssp126",NA,7.33387348982014,24.3105817078967
"3816",4147,"Georgia","ukesm1-0-ll","ssp126",NA,2.82094828298333,30.0362792229826
"3817",4148,"Georgia","ukesm1-0-ll","ssp126",NA,1.61320234464218,29.1534271905267
"3818",4149,"Georgia","ukesm1-0-ll","ssp126",NA,12.8038784957568,29.0359155982805
"3819",4150,"Georgia","ukesm1-0-ll","ssp126",NA,18.9924522010861,28.5514820754673
"3820",4151,"Georgia","ukesm1-0-ll","ssp126",NA,4.11892940905593,30.4797416779378
"3821",4152,"Georgia","ukesm1-0-ll","ssp126",NA,0.686195727601083,28.9533255736418
"3822",4153,"Georgia","ukesm1-0-ll","ssp126",NA,3.54930893761414,30.2402381730715
"3823",4154,"Georgia","ukesm1-0-ll","ssp126",NA,1.22009467604034,30.6752387612553
"3824",4155,"Georgia","ukesm1-0-ll","ssp126",NA,3.26239127446,30.835869326834
"3825",4156,"Georgia","ukesm1-0-ll","ssp126",NA,5.55187731428058,29.8333916393955
"3826",4157,"Georgia","ukesm1-0-ll","ssp126",NA,4.66343362198684,27.1990907978492
"3827",4158,"Georgia","ukesm1-0-ll","ssp126",NA,0.52820830365888,28.9990598960304
"3828",4159,"Georgia","ukesm1-0-ll","ssp126",NA,1.17661146675718,31.365350194012
"3829",4160,"Georgia","ukesm1-0-ll","ssp126",NA,1.41283759067223,28.4908777860406
"3830",4161,"Georgia","ukesm1-0-ll","ssp126",NA,0.320755863699571,30.2751049124877
"3831",4162,"Georgia","ukesm1-0-ll","ssp126",NA,0.277832834815955,25.0766496191879
"3832",4163,"Georgia","ukesm1-0-ll","ssp126",NA,18.3941194258784,25.6209899606774
"3833",4164,"Georgia","ukesm1-0-ll","ssp126",NA,5.21984312669303,18.6052963884922
"3834",4165,"Georgia","ukesm1-0-ll","ssp126",NA,0.0495656231142294,18.9676537613026
"3835",4166,"Georgia","ukesm1-0-ll","ssp126",NA,3.91148142277546,16.5235989106481
"3836",4167,"Georgia","ukesm1-0-ll","ssp126",NA,0.376216529148487,19.2659144662483
"3837",4168,"Georgia","ukesm1-0-ll","ssp126",NA,3.71295858417893,22.7239292246378
"3838",4169,"Georgia","ukesm1-0-ll","ssp126",NA,12.7213485827531,14.0969831933121
"3839",4170,"Georgia","ukesm1-0-ll","ssp126",NA,0.235801518246555,11.8412432284967
"3840",4171,"Georgia","ukesm1-0-ll","ssp126",NA,9.45963710414628,15.6581169959708
"3841",4172,"Georgia","ukesm1-0-ll","ssp126",NA,1.65276246023509,10.6316421471843
"3842",4173,"Georgia","ukesm1-0-ll","ssp126",NA,10.4042167976179,13.4682732016353
"3843",4174,"Georgia","ukesm1-0-ll","ssp126",NA,0.477849289790715,6.79605910922369
"3844",4175,"Georgia","ukesm1-0-ll","ssp126",NA,1.53187176948685,9.06097089938335
"3845",4176,"Georgia","ukesm1-0-ll","ssp126",NA,1.3286591260658,7.11697279812351
"3846",4177,"Georgia","ukesm1-0-ll","ssp126",NA,0.0208617635243575,5.61503097866698
"3847",4178,"Georgia","ukesm1-0-ll","ssp126",NA,3.53803063284801,15.0320027718533
"3848",4179,"Georgia","ukesm1-0-ll","ssp126",NA,2.64832240825382,8.9297931957476
"3849",4180,"Georgia","ukesm1-0-ll","ssp126",NA,4.77584609070001,9.14075655810194
"3850",4181,"Georgia","ukesm1-0-ll","ssp126",NA,0.179776176646423,10.303350371945
"3851",4182,"Georgia","ukesm1-0-ll","ssp126",NA,10.7560505843324,3.87164154422199
"3852",4183,"Georgia","ukesm1-0-ll","ssp126",NA,4.76866076892084,9.08570269937956
"3853",4184,"Georgia","ukesm1-0-ll","ssp126",NA,0.150540307543211,12.0752370912862
"3854",4185,"Georgia","ukesm1-0-ll","ssp126",NA,5.53047173402323,14.9061259641486
"3855",4186,"Georgia","ukesm1-0-ll","ssp126",NA,12.9052578481854,13.8893262960143
"3856",4187,"Georgia","ukesm1-0-ll","ssp126",NA,1.43606725018259,14.673478791096
"3857",4188,"Georgia","ukesm1-0-ll","ssp126",NA,0.928286720759377,12.4912133316151
"3858",4189,"Georgia","ukesm1-0-ll","ssp126",NA,1.62463641700411,16.7916263016893
"3859",4190,"Georgia","ukesm1-0-ll","ssp126",NA,5.16173003271228,21.6214090047102
"3860",4191,"Georgia","ukesm1-0-ll","ssp126",NA,0.490534062433966,22.4265059427257
"3861",4192,"Georgia","ukesm1-0-ll","ssp126",NA,2.50655782551924,22.6639795483458
"3862",4193,"Georgia","ukesm1-0-ll","ssp126",NA,1.89624916494401,18.2059930168688
"3863",4194,"Georgia","ukesm1-0-ll","ssp126",NA,1.69301712635333,21.104417659584
"3864",4195,"Georgia","ukesm1-0-ll","ssp126",NA,1.92822912288562,22.9039710388923
"3865",4196,"Georgia","ukesm1-0-ll","ssp126",NA,17.828640569261,23.8351914375804
"3866",4197,"Georgia","ukesm1-0-ll","ssp126",NA,0.224005740807164,25.0773660064032
"3867",4198,"Georgia","ukesm1-0-ll","ssp126",NA,0.389227424862578,27.1082152876958
"3868",4199,"Georgia","ukesm1-0-ll","ssp126",NA,0.229103302690177,30.1635806030569
"3869",4200,"Georgia","ukesm1-0-ll","ssp126",NA,8.38646247516243,27.3956532623809
"3870",4201,"Georgia","ukesm1-0-ll","ssp126",NA,0.219476132498762,30.40320388757
"3871",4202,"Georgia","ukesm1-0-ll","ssp126",NA,8.7845645513246,29.7967749052995
"3872",4203,"Georgia","ukesm1-0-ll","ssp126",NA,5.7413370168279,28.2096062833403
"3873",4204,"Georgia","ukesm1-0-ll","ssp126",NA,2.5674687413576,29.0779156922717
"3874",4205,"Georgia","ukesm1-0-ll","ssp126",NA,0.845356444336794,31.427484056967
"3875",4206,"Georgia","ukesm1-0-ll","ssp126",NA,11.0758033898463,28.9887833786935
"3876",4207,"Georgia","ukesm1-0-ll","ssp126",NA,2.09673975439168,29.1952427750927
"3877",4208,"Georgia","ukesm1-0-ll","ssp126",NA,2.74670056345708,29.2352037332826
"3878",4209,"Georgia","ukesm1-0-ll","ssp126",NA,10.4837652330428,27.7356607580301
"3879",4210,"Georgia","ukesm1-0-ll","ssp126",NA,9.08232562604442,28.678883062552
"3880",4211,"Georgia","ukesm1-0-ll","ssp126",NA,1.51625447517475,28.7873465992925
"3881",4212,"Georgia","ukesm1-0-ll","ssp126",NA,9.86764702854197,25.7342335255325
"3882",4213,"Georgia","ukesm1-0-ll","ssp126",NA,5.70494459298634,26.2681637521518
"3883",4214,"Georgia","ukesm1-0-ll","ssp126",NA,3.17848402046278,26.6215623315253
"3884",4215,"Georgia","ukesm1-0-ll","ssp126",NA,6.52906303742276,25.5636736631971
"3885",4216,"Georgia","ukesm1-0-ll","ssp126",NA,0.0464025777585979,20.0848938727206
"3886",4217,"Georgia","ukesm1-0-ll","ssp126",NA,0.161905705537839,18.0284707870668
"3887",4218,"Georgia","ukesm1-0-ll","ssp126",NA,1.42864334711593,16.83635627802
"3888",4219,"Georgia","ukesm1-0-ll","ssp126",NA,1.30641056724349,18.9763831926027
"3889",4220,"Georgia","ukesm1-0-ll","ssp126",NA,0.35873192450345,17.6719277887599
"3890",4221,"Georgia","ukesm1-0-ll","ssp126",NA,3.21025549950031,20.0119268606708
"3891",4222,"Georgia","ukesm1-0-ll","ssp126",NA,12.3624819307784,14.8370210144191
"3892",4223,"Georgia","ukesm1-0-ll","ssp126",NA,0.367157674800381,13.7729590760016
"3893",4224,"Georgia","ukesm1-0-ll","ssp126",NA,4.07383669663051,15.2324332839929
"3894",4225,"Georgia","ukesm1-0-ll","ssp126",NA,6.97077788653594,14.1326411729864
"3895",4226,"Georgia","ukesm1-0-ll","ssp126",NA,2.81660963720257,13.8680751255581
"3896",4227,"Georgia","ukesm1-0-ll","ssp126",NA,0.0596921937844953,10.1420892821675
"3897",4228,"Georgia","ukesm1-0-ll","ssp126",NA,3.09512098347312,8.31335858582875
"3898",4229,"Georgia","ukesm1-0-ll","ssp126",NA,1.56390125865879,6.23177179886125
"3899",4230,"Georgia","ukesm1-0-ll","ssp126",NA,5.49533836000488,4.73220975935894
"3900",4231,"Georgia","ukesm1-0-ll","ssp126",NA,16.2998333494275,6.9609543031411
"3901",4232,"Georgia","ukesm1-0-ll","ssp126",NA,2.34485594892227,6.76029258155363
"3902",4233,"Georgia","ukesm1-0-ll","ssp126",NA,6.77469245123483,6.80948979929633
"3903",4234,"Georgia","ukesm1-0-ll","ssp126",NA,5.44035480892199,9.66185986978381
"3904",4235,"Georgia","ukesm1-0-ll","ssp126",NA,1.69400796196612,5.21780080726016
"3905",4236,"Georgia","ukesm1-0-ll","ssp126",NA,6.65954567030029,14.4700544528176
"3906",4237,"Georgia","ukesm1-0-ll","ssp126",NA,1.15436575250044,8.96819206773516
"3907",4238,"Georgia","ukesm1-0-ll","ssp126",NA,9.68286228924243,17.1260489327567
"3908",4239,"Georgia","ukesm1-0-ll","ssp126",NA,9.50027667775774,18.0730139633068
"3909",4240,"Georgia","ukesm1-0-ll","ssp126",NA,7.69120777327357,17.762856205901
"3910",4241,"Georgia","ukesm1-0-ll","ssp126",NA,10.5619995482849,19.4351269738149
"3911",4242,"Georgia","ukesm1-0-ll","ssp126",NA,5.23687615280061,20.2948477165463
"3912",4243,"Georgia","ukesm1-0-ll","ssp126",NA,8.63511789508887,18.839848139211
"3913",4244,"Georgia","ukesm1-0-ll","ssp126",NA,15.2787309977777,19.3014456464939
"3914",4245,"Georgia","ukesm1-0-ll","ssp126",NA,3.22693136170839,21.4453689833819
"3915",4246,"Georgia","ukesm1-0-ll","ssp126",NA,17.1643623851905,19.7448209822611
"3916",4247,"Georgia","ukesm1-0-ll","ssp126",NA,1.03807302661038,20.8760448686725
"3917",4248,"Georgia","ukesm1-0-ll","ssp126",NA,3.05371566730622,24.4144267453986
"3918",4249,"Georgia","ukesm1-0-ll","ssp126",NA,4.03240124497372,24.6385314350267
"3919",4250,"Georgia","ukesm1-0-ll","ssp126",NA,2.64328537649449,26.0051201845774
"3920",4251,"Georgia","ukesm1-0-ll","ssp126",NA,5.31876938962969,25.8361982220888
"3921",4252,"Georgia","ukesm1-0-ll","ssp126",NA,2.19808476357184,28.0114416829033
"3922",4253,"Georgia","ukesm1-0-ll","ssp126",NA,4.09462333998765,28.4992656864785
"3923",4254,"Georgia","ukesm1-0-ll","ssp126",NA,16.4716702204408,27.9933998089437
"3924",4255,"Georgia","ukesm1-0-ll","ssp126",NA,7.01668523268835,26.9195896102499
"3925",4256,"Georgia","ukesm1-0-ll","ssp126",NA,3.46059097023554,27.8208676834661
"3926",4257,"Georgia","ukesm1-0-ll","ssp126",NA,3.67037039417236,27.6285520391949
"3927",4258,"Georgia","ukesm1-0-ll","ssp126",NA,0.808344728889438,29.891390629138
"3928",4259,"Georgia","ukesm1-0-ll","ssp126",NA,7.24805439188856,28.3657298533738
"3929",4260,"Georgia","ukesm1-0-ll","ssp126",NA,6.01182797539521,27.1699483580509
"3930",4261,"Georgia","ukesm1-0-ll","ssp126",NA,14.9716874971952,27.6153175335531
"3931",4262,"Georgia","ukesm1-0-ll","ssp126",NA,6.82301001371557,26.4723041820757
"3932",4263,"Georgia","ukesm1-0-ll","ssp126",NA,7.05433135161653,26.5420763805473
"3933",4264,"Georgia","ukesm1-0-ll","ssp126",NA,3.62200015601087,28.6200728077
"3934",4265,"Georgia","ukesm1-0-ll","ssp126",NA,9.52648075731425,26.50393694492
"3935",4266,"Georgia","ukesm1-0-ll","ssp126",NA,0.412190885781588,25.6094300055331
"3936",4267,"Georgia","ukesm1-0-ll","ssp126",NA,1.76433012153524,23.420907851397
"3937",4268,"Georgia","ukesm1-0-ll","ssp126",NA,9.94013283457064,19.8682390189921
"3938",4269,"Georgia","ukesm1-0-ll","ssp126",NA,11.3362335969852,21.7163869492944
"3939",4270,"Georgia","ukesm1-0-ll","ssp126",NA,1.96128531205724,20.2025859842
"3940",4271,"Georgia","ukesm1-0-ll","ssp126",NA,0.134959598397618,16.4966454605214
"3941",4272,"Georgia","ukesm1-0-ll","ssp126",NA,0.513554938446293,17.590059767162
"3942",4273,"Georgia","ukesm1-0-ll","ssp126",NA,0.618059999270828,16.9028830465913
"3943",4274,"Georgia","ukesm1-0-ll","ssp126",NA,4.84631098513441,16.6561178359801
"3944",4275,"Georgia","ukesm1-0-ll","ssp126",NA,13.8852314103423,19.6386319287464
"3945",4276,"Georgia","ukesm1-0-ll","ssp126",NA,1.86972156823963,15.5768689319528
"3946",4277,"Georgia","ukesm1-0-ll","ssp126",NA,0.895690898898871,12.5364439292335
"3947",4278,"Georgia","ukesm1-0-ll","ssp126",NA,1.92234615036307,10.2132206581984
"3948",4279,"Georgia","ukesm1-0-ll","ssp126",NA,6.83454878425179,14.1971132883437
"3949",4280,"Georgia","ukesm1-0-ll","ssp126",NA,2.61540396062337,11.5533013812566
"3950",4281,"Georgia","ukesm1-0-ll","ssp126",NA,6.42733969852337,9.78578399584313
"3951",4282,"Georgia","ukesm1-0-ll","ssp126",NA,0.301081721918132,8.10836314647021
"3952",4283,"Georgia","ukesm1-0-ll","ssp126",NA,8.07342430485759,9.5271430876873
"3953",4284,"Georgia","ukesm1-0-ll","ssp126",NA,11.390426326587,12.2503108950562
"3954",4285,"Georgia","ukesm1-0-ll","ssp126",NA,11.1785386881292,16.3064699630183
"3955",4286,"Georgia","ukesm1-0-ll","ssp126",NA,2.08914518814039,11.0346649687169
"3956",4287,"Georgia","ukesm1-0-ll","ssp126",NA,7.20233405807946,12.9174638725078
"3957",4288,"Georgia","ukesm1-0-ll","ssp126",NA,1.20492225907966,13.0788672791266
"3958",4289,"Georgia","ukesm1-0-ll","ssp126",NA,6.57038495201997,12.223104511104
"3959",4290,"Georgia","ukesm1-0-ll","ssp126",NA,4.40387130157382,18.9076160791134
"3960",4291,"Georgia","ukesm1-0-ll","ssp126",NA,12.8451735760472,13.0044773942333
"3961",4292,"Georgia","ukesm1-0-ll","ssp126",NA,1.17504100893597,16.0826861882614
"3962",4293,"Georgia","ukesm1-0-ll","ssp126",NA,4.14790115459779,15.0506376326517
"3963",4294,"Georgia","ukesm1-0-ll","ssp126",NA,7.37888033747707,20.7995417338595
"3964",4295,"Georgia","ukesm1-0-ll","ssp126",NA,11.5019625763229,18.5823083023182
"3965",4296,"Georgia","ukesm1-0-ll","ssp126",NA,6.54836445739583,22.3155308758087
"3966",4297,"Georgia","ukesm1-0-ll","ssp126",NA,1.62689824234735,19.7483446172017
"3967",4298,"Georgia","ukesm1-0-ll","ssp126",NA,0.13672321064808,19.089984692442
"3968",4299,"Georgia","ukesm1-0-ll","ssp126",NA,2.49632617319119,20.0957790420939
"3969",4300,"Georgia","ukesm1-0-ll","ssp126",NA,1.88418877022373,24.0159550331984
"3970",4301,"Georgia","ukesm1-0-ll","ssp126",NA,1.03968739790473,27.5987481881574
"3971",4302,"Georgia","ukesm1-0-ll","ssp126",NA,2.59396857142216,26.1654370028517
"3972",4303,"Georgia","ukesm1-0-ll","ssp126",NA,2.88722499258619,26.3184735683783
"3973",4304,"Georgia","ukesm1-0-ll","ssp126",NA,6.32795972983848,27.5074717376192
"3974",4305,"Georgia","ukesm1-0-ll","ssp126",NA,2.80275681098646,29.1645960329809
"3975",4306,"Georgia","ukesm1-0-ll","ssp126",NA,5.45620724898615,29.5282330750842
"3976",4307,"Georgia","ukesm1-0-ll","ssp126",NA,1.07110201942048,29.7857305716083
"3977",4308,"Georgia","ukesm1-0-ll","ssp126",NA,1.05054558880599,30.9505294097827
"3978",4309,"Georgia","ukesm1-0-ll","ssp126",NA,2.77816851131974,31.595842737378
"3979",4310,"Georgia","ukesm1-0-ll","ssp126",NA,1.5841326241117,32.0309566765663
"3980",4311,"Georgia","ukesm1-0-ll","ssp126",NA,3.24011446738409,30.8705722467086
"3981",4312,"Georgia","ukesm1-0-ll","ssp126",NA,4.07424450489465,30.8828417170712
"3982",4313,"Georgia","ukesm1-0-ll","ssp126",NA,2.92707287008207,30.3078269238045
"3983",4314,"Georgia","ukesm1-0-ll","ssp126",NA,4.8947939454174,30.0617987163997
"3984",4315,"Georgia","ukesm1-0-ll","ssp126",NA,2.45928447216069,30.0729831501589
"3985",4316,"Georgia","ukesm1-0-ll","ssp126",NA,0.528932579362962,26.2602181718656
"3986",4317,"Georgia","ukesm1-0-ll","ssp126",NA,5.58706069269993,26.3412591153715
"3987",4318,"Georgia","ukesm1-0-ll","ssp126",NA,1.55531157880382,25.4918590037644
"3988",4319,"Georgia","ukesm1-0-ll","ssp126",NA,2.13272739878466,26.1891561808367
"3989",4320,"Georgia","ukesm1-0-ll","ssp126",NA,1.88246732945531,21.3700050483316
"3990",4321,"Georgia","ukesm1-0-ll","ssp126",NA,0.245632420176092,21.627414465066
"3991",4322,"Georgia","ukesm1-0-ll","ssp126",NA,0.148539491373111,21.6773335380647
"3992",4323,"Georgia","ukesm1-0-ll","ssp126",NA,0.76912585309423,18.6523568585191
"3993",4324,"Georgia","ukesm1-0-ll","ssp126",NA,1.38888819359147,18.4178688769768
"3994",4325,"Georgia","ukesm1-0-ll","ssp126",NA,2.30429749419766,22.0677862208923
"3995",4326,"Georgia","ukesm1-0-ll","ssp126",NA,1.73137751179072,16.7110966199824
"3996",4327,"Georgia","ukesm1-0-ll","ssp126",NA,6.82576229419789,17.451627008101
"3997",4328,"Georgia","ukesm1-0-ll","ssp126",NA,0.210659643638149,17.7056373725503
"3998",4329,"Georgia","ukesm1-0-ll","ssp126",NA,0.162136766562897,15.2504891975163
"3999",4330,"Georgia","ukesm1-0-ll","ssp126",NA,7.35979406336979,15.3661084782414
"4000",4331,"Georgia","ukesm1-0-ll","ssp126",NA,4.09204836710501,11.9345158094356
"4001",4332,"Georgia","ukesm1-0-ll","ssp126",NA,4.19493419188413,9.16233233805144
"4002",4333,"Georgia","ukesm1-0-ll","ssp126",NA,0.116528225348801,10.9535425218485
"4003",4334,"Georgia","ukesm1-0-ll","ssp126",NA,2.34343703750072,9.13265927663441
"4004",4335,"Georgia","ukesm1-0-ll","ssp126",NA,1.33177061558191,8.0725281943998
"4005",4336,"Georgia","ukesm1-0-ll","ssp126",NA,3.07427096692507,13.5736142654973
"4006",4337,"Georgia","ukesm1-0-ll","ssp126",NA,3.2929780900524,9.56023256611307
"4007",4338,"Georgia","ukesm1-0-ll","ssp126",NA,18.4368291459972,11.1321814142186
"4008",4339,"Georgia","ukesm1-0-ll","ssp126",NA,3.32670825713512,12.0295403062576
"4009",4340,"Georgia","ukesm1-0-ll","ssp126",NA,6.58193874762184,13.0947625776758
"4010",4341,"Georgia","ukesm1-0-ll","ssp126",NA,6.62456137810335,17.6602156890795
"4011",4342,"Georgia","ukesm1-0-ll","ssp126",NA,0.932760433257834,12.5723699167912
"4012",4343,"Georgia","ukesm1-0-ll","ssp126",NA,9.14463899069885,15.0838120134922
"4013",4344,"Georgia","ukesm1-0-ll","ssp126",NA,4.90473951340435,18.0924444240173
"4014",4345,"Georgia","ukesm1-0-ll","ssp126",NA,3.09383159469304,16.9945724819821
"4015",4346,"Georgia","ukesm1-0-ll","ssp126",NA,0.323840089761184,18.5519170063749
"4016",4347,"Georgia","ukesm1-0-ll","ssp126",NA,4.29569198063148,22.4479981503244
"4017",4348,"Georgia","ukesm1-0-ll","ssp126",NA,1.58529234324512,19.6959075114918
"4018",4349,"Georgia","ukesm1-0-ll","ssp126",NA,1.26596170410324,20.8466949388998
"4019",4350,"Georgia","ukesm1-0-ll","ssp126",NA,1.60729908307483,24.4467681367519
"4020",4351,"Georgia","ukesm1-0-ll","ssp126",NA,0.562716531479189,22.0695727923303
"4021",4352,"Georgia","ukesm1-0-ll","ssp126",NA,12.596294659405,23.8526495612563
"4022",4353,"Georgia","ukesm1-0-ll","ssp126",NA,2.91600217845681,23.8804973315962
"4023",4354,"Georgia","ukesm1-0-ll","ssp126",NA,15.7574017667277,25.7661238035336
"4024",4355,"Georgia","ukesm1-0-ll","ssp126",NA,0.131233107824243,26.2590302030919
"4025",4356,"Georgia","ukesm1-0-ll","ssp126",NA,3.54525673556539,29.6042610076092
"4026",4357,"Georgia","ukesm1-0-ll","ssp126",NA,2.96319632753951,30.222201176013
"4027",4358,"Georgia","ukesm1-0-ll","ssp126",NA,2.15564266707425,30.6433659218703
"4028",4359,"Georgia","ukesm1-0-ll","ssp126",NA,8.41579986823649,29.1558283992888
"4029",4360,"Georgia","ukesm1-0-ll","ssp126",NA,22.5724541885414,28.4523854401152
"4030",4361,"Georgia","ukesm1-0-ll","ssp126",NA,5.29400975361309,28.4479637164469
"4031",4362,"Georgia","ukesm1-0-ll","ssp126",NA,1.88693022964116,30.8617273215232
"4032",4363,"Georgia","ukesm1-0-ll","ssp126",NA,3.81371382018298,29.5218682757879
"4033",4364,"Georgia","ukesm1-0-ll","ssp126",NA,2.38516976515639,30.1854350314014
"4034",4365,"Georgia","ukesm1-0-ll","ssp126",NA,4.27773747191383,29.8632485452056
"4035",4366,"Georgia","ukesm1-0-ll","ssp126",NA,2.41098794231264,29.4118238102726
"4036",4367,"Georgia","ukesm1-0-ll","ssp126",NA,0.0486928225483223,27.9739497667364
"4037",4368,"Georgia","ukesm1-0-ll","ssp126",NA,0.982331809980009,28.6223008864729
"4038",4369,"Georgia","ukesm1-0-ll","ssp126",NA,3.14774428115044,27.1689345537606
"4039",4370,"Georgia","ukesm1-0-ll","ssp126",NA,4.91697078873706,26.5762859205934
"4040",4371,"Georgia","ukesm1-0-ll","ssp126",NA,0.0787344241331793,21.94905540337
"4041",4372,"Georgia","ukesm1-0-ll","ssp126",NA,1.91670952999608,20.9084747092776
"4042",4373,"Georgia","ukesm1-0-ll","ssp126",NA,0.0056920698815004,20.8809867212328
"4043",4374,"Georgia","ukesm1-0-ll","ssp126",NA,0.422176988857765,23.9258924876807
"4044",4375,"Georgia","ukesm1-0-ll","ssp126",NA,13.5982219344301,22.6212857521187
"4045",4376,"Georgia","ukesm1-0-ll","ssp126",NA,0.0040163186113601,15.6919597339399
"4046",4377,"Georgia","ukesm1-0-ll","ssp126",NA,0.0102625212027634,18.264997165486
"4047",4378,"Georgia","ukesm1-0-ll","ssp126",NA,0.355798325732134,16.3701713063238
"4048",4379,"Georgia","ukesm1-0-ll","ssp126",NA,0.00188623739775162,14.6709400685013
"4049",4380,"Georgia","ukesm1-0-ll","ssp126",NA,0.824834605721268,15.7295244341613
"4050",4381,"Georgia","ukesm1-0-ll","ssp126",NA,1.20601350015394,16.9836210310892
"4051",4382,"Georgia","ukesm1-0-ll","ssp126",NA,0.0616400353403336,9.43715428682565
"4052",4383,"Georgia","ukesm1-0-ll","ssp126",NA,1.50688628015283,12.066281105762
"4053",4384,"Georgia","ukesm1-0-ll","ssp126",NA,4.34502553273493,17.7346302540481
"4054",4385,"Georgia","ukesm1-0-ll","ssp126",NA,4.11203338190072,13.1627770966537
"4055",4386,"Georgia","ukesm1-0-ll","ssp126",NA,1.05048438518408,10.3326842670579
"4056",4387,"Georgia","ukesm1-0-ll","ssp126",NA,1.92121372460365,13.3049044038713
"4057",4388,"Georgia","ukesm1-0-ll","ssp126",NA,1.41515012863845,14.4423760439524
"4058",4389,"Georgia","ukesm1-0-ll","ssp126",NA,6.54962031436941,14.3574380870016
"4059",4390,"Georgia","ukesm1-0-ll","ssp126",NA,2.46279931286107,14.1010569574758
"4060",4391,"Georgia","ukesm1-0-ll","ssp126",NA,6.22668893677107,16.5825255460947
"4061",4392,"Georgia","ukesm1-0-ll","ssp126",NA,0.0547469533544674,10.7408589434682
"4062",4393,"Georgia","ukesm1-0-ll","ssp126",NA,3.15678396229936,14.4204131415046
"4063",4394,"Georgia","ukesm1-0-ll","ssp126",NA,0.057540729275791,20.8319808110198
"4064",4395,"Georgia","ukesm1-0-ll","ssp126",NA,0.181936966125467,18.6206439223763
"4065",4396,"Georgia","ukesm1-0-ll","ssp126",NA,1.16215011213517,21.1384385522284
"4066",4397,"Georgia","ukesm1-0-ll","ssp126",NA,1.47268131877442,19.1774409776739
"4067",4398,"Georgia","ukesm1-0-ll","ssp126",NA,0.279836211197345,14.7816922758163
"4068",4399,"Georgia","ukesm1-0-ll","ssp126",NA,1.44882794475514,23.3371592671762
"4069",4400,"Georgia","ukesm1-0-ll","ssp126",NA,0.785320629346892,26.0532484742689
"4070",4401,"Georgia","ukesm1-0-ll","ssp126",NA,3.12376237138173,24.4861109107805
"4071",4402,"Georgia","ukesm1-0-ll","ssp126",NA,2.36491582476508,23.9253844771489
"4072",4403,"Georgia","ukesm1-0-ll","ssp126",NA,0.408921996320045,26.2633798077378
"4073",4404,"Georgia","ukesm1-0-ll","ssp126",NA,5.36048198268994,22.567131164403
"4074",4405,"Georgia","ukesm1-0-ll","ssp126",NA,12.8849260021155,21.9528930811848
"4075",4406,"Georgia","ukesm1-0-ll","ssp126",NA,0.0223385966969225,24.6299221528356
"4076",4407,"Georgia","ukesm1-0-ll","ssp126",NA,4.46808054322689,27.5163384610747
"4077",4408,"Georgia","ukesm1-0-ll","ssp126",NA,4.61245946999769,27.7221998459491
"4078",4409,"Georgia","ukesm1-0-ll","ssp126",NA,0.464406819516183,28.8268575525169
"4079",4410,"Georgia","ukesm1-0-ll","ssp126",NA,2.4980444066021,30.8896452157896
"4080",4411,"Georgia","ukesm1-0-ll","ssp126",NA,5.13801932411077,30.8324107172414
"4081",4412,"Georgia","ukesm1-0-ll","ssp126",NA,2.19132747493401,30.9657918934672
"4082",4413,"Georgia","ukesm1-0-ll","ssp126",NA,6.31791487608857,29.9615495067532
"4083",4414,"Georgia","ukesm1-0-ll","ssp126",NA,6.76041555599877,28.7178241572715
"4084",4415,"Georgia","ukesm1-0-ll","ssp126",NA,6.58936296981412,29.6483022324976
"4085",4416,"Georgia","ukesm1-0-ll","ssp126",NA,2.32448239167415,31.5462724367008
"4086",4417,"Georgia","ukesm1-0-ll","ssp126",NA,1.87344272759818,29.8076017735368
"4087",4418,"Georgia","ukesm1-0-ll","ssp126",NA,6.04278373147376,28.8563397497588
"4088",4419,"Georgia","ukesm1-0-ll","ssp126",NA,0.452613697493017,30.0755921444651
"4089",4420,"Georgia","ukesm1-0-ll","ssp126",NA,2.90043131922869,29.5650154760329
"4090",4421,"Georgia","ukesm1-0-ll","ssp126",NA,1.75712438446899,29.1916912827019
"4091",4422,"Georgia","ukesm1-0-ll","ssp126",NA,0.886915217946825,28.3702544353199
"4092",4423,"Georgia","ukesm1-0-ll","ssp126",NA,0.31039594237666,24.8558333648608
"4093",4424,"Georgia","ukesm1-0-ll","ssp126",NA,0.0641767316764307,25.228359815399
"4094",4425,"Georgia","ukesm1-0-ll","ssp126",NA,0.112559516697425,25.7273454199692
"4095",4426,"Georgia","ukesm1-0-ll","ssp126",NA,0.120561169077591,21.5047954272993
"4096",4427,"Georgia","ukesm1-0-ll","ssp126",NA,5.09360366343398,23.8905005946864
"4097",4428,"Georgia","ukesm1-0-ll","ssp126",NA,1.46924094177194,19.8533156277193
"4098",4429,"Georgia","ukesm1-0-ll","ssp126",NA,9.0013576460126,18.1330070144617
"4099",4430,"Georgia","ukesm1-0-ll","ssp126",NA,2.12947700617007,16.2400159785015
"4100",4431,"Georgia","ukesm1-0-ll","ssp126",NA,9.7988981366121,17.3802231906402
"4101",4432,"Georgia","ukesm1-0-ll","ssp126",NA,4.38031992486683,14.4346151208762
"4102",4433,"Georgia","ukesm1-0-ll","ssp126",NA,5.83952323371832,14.3645037561006
"4103",4434,"Georgia","ukesm1-0-ll","ssp126",NA,0.00109696274112513,10.1376392576943
"4104",4435,"Georgia","ukesm1-0-ll","ssp126",NA,7.9518047919474,12.2433650794965
"4105",4436,"Georgia","ukesm1-0-ll","ssp126",NA,6.72631370744101,8.26832129083594
"4106",4437,"Georgia","ukesm1-0-ll","ssp126",NA,0.211151631664711,11.5000277392224
"4107",4438,"Georgia","ukesm1-0-ll","ssp126",NA,2.52857585687322,14.096552030919
"4108",4439,"Georgia","ukesm1-0-ll","ssp126",NA,2.62786808221046,10.1308666460162
"4109",4440,"Georgia","ukesm1-0-ll","ssp126",NA,12.650242240291,15.6747374010433
"4110",4441,"Georgia","ukesm1-0-ll","ssp126",NA,0.051485494824912,14.3794025411906
"4111",4442,"Georgia","ukesm1-0-ll","ssp126",NA,4.42923170036059,12.6430778891354
"4112",4443,"Georgia","ukesm1-0-ll","ssp126",NA,3.12738623098606,16.2691289352159
"4113",4444,"Georgia","ukesm1-0-ll","ssp126",NA,15.7486707153431,16.347283787762
"4114",4445,"Georgia","ukesm1-0-ll","ssp126",NA,2.98115097075226,14.6654507468457
"4115",4446,"Georgia","ukesm1-0-ll","ssp126",NA,0.360218244111834,13.4561343731084
"4116",4447,"Georgia","ukesm1-0-ll","ssp126",NA,1.21834858073711,21.9353405229693
"4117",4448,"Georgia","ukesm1-0-ll","ssp126",NA,7.08688414350952,20.2301143175176
"4118",4449,"Georgia","ukesm1-0-ll","ssp126",NA,4.37370231507052,19.2428990398712
"4119",4450,"Georgia","ukesm1-0-ll","ssp126",NA,2.25014024514259,16.6854769284154
"4120",4451,"Georgia","ukesm1-0-ll","ssp126",NA,0.0124073598712368,12.4497473321873
"4121",4452,"Georgia","ukesm1-0-ll","ssp126",NA,6.06714722457791,21.5200087725106
"4122",4453,"Georgia","ukesm1-0-ll","ssp126",NA,3.16055151438366,20.5026266841565
"4123",4454,"Georgia","ukesm1-0-ll","ssp126",NA,2.80927782542141,22.8138029749688
"4124",4455,"Georgia","ukesm1-0-ll","ssp126",NA,0.651204691859882,21.9128417525396
"4125",4456,"Georgia","ukesm1-0-ll","ssp126",NA,1.38344494001568,23.0998909347571
"4126",4457,"Georgia","ukesm1-0-ll","ssp126",NA,13.140113568914,22.9949777820209
"4127",4458,"Georgia","ukesm1-0-ll","ssp126",NA,2.37548728044503,26.837924497295
"4128",4459,"Georgia","ukesm1-0-ll","ssp126",NA,4.465102526822,27.6603715282376
"4129",4460,"Georgia","ukesm1-0-ll","ssp126",NA,5.84279029756635,28.6471590425431
"4130",4461,"Georgia","ukesm1-0-ll","ssp126",NA,2.55036140726201,25.9326238673767
"4131",4462,"Georgia","ukesm1-0-ll","ssp126",NA,4.29516359145055,28.04259259314
"4132",4463,"Georgia","ukesm1-0-ll","ssp126",NA,9.68670729091116,28.5654280914233
"4133",4464,"Georgia","ukesm1-0-ll","ssp126",NA,10.5762733429033,30.4143404390275
"4134",4465,"Georgia","ukesm1-0-ll","ssp126",NA,4.5871939361637,32.5292496872872
"4135",4466,"Georgia","ukesm1-0-ll","ssp126",NA,5.26582923401284,28.4780284078012
"4136",4467,"Georgia","ukesm1-0-ll","ssp126",NA,11.1589546234412,27.7914788123771
"4137",4468,"Georgia","ukesm1-0-ll","ssp126",NA,3.9805395796528,28.9442378378954
"4138",4469,"Georgia","ukesm1-0-ll","ssp126",NA,1.38517576614048,29.1510217698954
"4139",4470,"Georgia","ukesm1-0-ll","ssp126",NA,0.455578558040756,29.1265386179631
"4140",4471,"Georgia","ukesm1-0-ll","ssp126",NA,3.82118648775083,29.7038237564789
"4141",4472,"Georgia","ukesm1-0-ll","ssp126",NA,5.83927935118309,27.4555191446448
"4142",4473,"Georgia","ukesm1-0-ll","ssp126",NA,2.24603143214094,27.9835147737591
"4143",4474,"Georgia","ukesm1-0-ll","ssp126",NA,0.145133962255155,25.3521809353956
"4144",4475,"Georgia","ukesm1-0-ll","ssp126",NA,2.4715612132137,26.0986525713387
"4145",4476,"Georgia","ukesm1-0-ll","ssp126",NA,4.88827299498357,26.9118790818185
"4146",4477,"Georgia","ukesm1-0-ll","ssp126",NA,1.70398629174832,24.1526871577302
"4147",4478,"Georgia","ukesm1-0-ll","ssp126",NA,6.43533412034666,20.2011730868361
"4148",4479,"Georgia","ukesm1-0-ll","ssp126",NA,0.0134494610709833,20.0593601919549
"4149",4480,"Georgia","ukesm1-0-ll","ssp126",NA,0.0719961231602534,21.0912368737468
"4150",4481,"Georgia","ukesm1-0-ll","ssp126",NA,0.423757504154144,21.5521532405087
"4151",4482,"Georgia","ukesm1-0-ll","ssp126",NA,0.720345526625719,18.8117566716007
"4152",4483,"Georgia","ukesm1-0-ll","ssp126",NA,6.54303370247274,13.1620782958393
"4153",4484,"Georgia","ukesm1-0-ll","ssp126",NA,9.04848410034232,8.5031677246094
"4154",4485,"Georgia","ukesm1-0-ll","ssp126",NA,2.85507858506919,10.2306533628746
"4155",4486,"Georgia","ukesm1-0-ll","ssp126",NA,0.0663636712140427,7.85779934714553
"4156",4487,"Georgia","ukesm1-0-ll","ssp126",NA,2.3404453174119,6.55587490719112
"4157",4488,"Georgia","ukesm1-0-ll","ssp126",NA,0.417827984575386,6.20284224318537
"4158",4489,"Georgia","ukesm1-0-ll","ssp126",NA,8.30852180321946,7.42468678472119
"4159",4490,"Georgia","ukesm1-0-ll","ssp126",NA,0.399987694811086,4.43124215262279
"4160",4491,"Georgia","ukesm1-0-ll","ssp126",NA,3.73985896448094,6.4741903605242
"4161",4492,"Georgia","ukesm1-0-ll","ssp126",NA,5.74508424880628,9.5812860742897
"4162",4493,"Georgia","ukesm1-0-ll","ssp126",NA,3.00924596326067,10.5419359849094
"4163",4494,"Georgia","ukesm1-0-ll","ssp126",NA,4.55409455584447,9.6595549428723
"4164",4495,"Georgia","ukesm1-0-ll","ssp126",NA,3.06563105487172,6.22885873716047
"4165",4496,"Georgia","ukesm1-0-ll","ssp126",NA,4.72520394239299,8.30606614082837
"4166",4497,"Georgia","ukesm1-0-ll","ssp126",NA,5.0688521395534,8.82957095684211
"4167",4498,"Georgia","ukesm1-0-ll","ssp126",NA,1.27754277486103,9.23505092371465
"4168",4499,"Georgia","ukesm1-0-ll","ssp126",NA,11.3187148576008,10.4639338680388
"4169",4500,"Georgia","ukesm1-0-ll","ssp126",NA,0.444085296177646,14.5199656932175
"4170",4501,"Georgia","ukesm1-0-ll","ssp126",NA,0.176616382195701,13.9637679795088
"4171",4502,"Georgia","ukesm1-0-ll","ssp126",NA,5.90898035757241,17.6431308700155
"4172",4503,"Georgia","ukesm1-0-ll","ssp126",NA,6.69032141753232,19.3407059565584
"4173",4504,"Georgia","ukesm1-0-ll","ssp126",NA,2.89639884022747,20.8940578506876
"4174",4505,"Georgia","ukesm1-0-ll","ssp126",NA,2.79141392597448,19.2964843602215
"4175",4506,"Georgia","ukesm1-0-ll","ssp126",NA,8.65839518296757,23.645396412256
"4176",4507,"Georgia","ukesm1-0-ll","ssp126",NA,2.58471349139967,18.9144150703929
"4177",4508,"Georgia","ukesm1-0-ll","ssp126",NA,2.10823877875773,24.127569786977
"4178",4509,"Georgia","ukesm1-0-ll","ssp126",NA,0.65969698888524,24.8950701032366
"4179",4510,"Georgia","ukesm1-0-ll","ssp126",NA,3.47680699274337,26.2370143936564
"4180",4511,"Georgia","ukesm1-0-ll","ssp126",NA,1.44944260421149,26.5843691624972
"4181",4512,"Georgia","ukesm1-0-ll","ssp126",NA,5.60348602745826,26.4571956902382
"4182",4513,"Georgia","ukesm1-0-ll","ssp126",NA,5.11951767262348,26.8175868590865
"4183",4514,"Georgia","ukesm1-0-ll","ssp126",NA,7.23384774702658,27.9626029173918
"4184",4515,"Georgia","ukesm1-0-ll","ssp126",NA,19.4943944473457,28.3776221028252
"4185",4516,"Georgia","ukesm1-0-ll","ssp126",NA,0.886235883229965,27.2527233354693
"4186",4517,"Georgia","ukesm1-0-ll","ssp126",NA,2.79782134862426,29.9382614172689
"4187",4518,"Georgia","ukesm1-0-ll","ssp126",NA,5.09790921452329,28.7135436420579
"4188",4519,"Georgia","ukesm1-0-ll","ssp126",NA,10.1630261292888,28.5513103494344
"4189",4520,"Georgia","ukesm1-0-ll","ssp126",NA,3.36430603738005,29.6392905320729
"4190",4521,"Georgia","ukesm1-0-ll","ssp126",NA,3.68626658270046,28.7336805145042
"4191",4522,"Georgia","ukesm1-0-ll","ssp126",NA,5.27533883733352,27.6812986803401
"4192",4523,"Georgia","ukesm1-0-ll","ssp126",NA,8.64399165829266,26.9015943624206
"4193",4524,"Georgia","ukesm1-0-ll","ssp126",NA,3.33567837241991,28.0271102794435
"4194",4525,"Georgia","ukesm1-0-ll","ssp126",NA,3.89907449899658,26.9614934223905
"4195",4526,"Georgia","ukesm1-0-ll","ssp126",NA,4.77463373163229,24.4162768643359
"4196",4527,"Georgia","ukesm1-0-ll","ssp126",NA,18.4745822073247,24.4391991862374
"4197",4528,"Georgia","ukesm1-0-ll","ssp126",NA,0.149300804389854,21.8561971373477
"4198",4529,"Georgia","ukesm1-0-ll","ssp126",NA,0.0424670677083278,22.5298346937425
"4199",4530,"Georgia","ukesm1-0-ll","ssp126",NA,1.05039331829704,18.5090172719147
"4200",4531,"Georgia","ukesm1-0-ll","ssp126",NA,2.05842010394296,18.2683805525736
"4201",4532,"Georgia","ukesm1-0-ll","ssp126",NA,0.00557757216296694,15.7098807198661
"4202",4533,"Georgia","ukesm1-0-ll","ssp126",NA,1.71964584287729,18.8784201411878
"4203",4534,"Georgia","ukesm1-0-ll","ssp126",NA,0.670145157858933,15.8604012477773
"4204",4535,"Georgia","ukesm1-0-ll","ssp126",NA,5.52824289710722,18.5434729476818
"4205",4536,"Georgia","ukesm1-0-ll","ssp126",NA,0.0779786870861933,14.5715472722458
"4206",4537,"Georgia","ukesm1-0-ll","ssp126",NA,1.75977562678013,18.5752365001466
"4207",4538,"Georgia","ukesm1-0-ll","ssp126",NA,5.44782521528341,15.7820648415037
"4208",4539,"Georgia","ukesm1-0-ll","ssp126",NA,0.383266074513416,10.9481171910469
"4209",4540,"Georgia","ukesm1-0-ll","ssp126",NA,0.0425967353096059,13.6365449845358
"4210",4541,"Georgia","ukesm1-0-ll","ssp126",NA,1.5247571208554,17.611318770217
"4211",4542,"Georgia","ukesm1-0-ll","ssp126",NA,0.00441262615248014,11.8418878661518
"4212",4543,"Georgia","ukesm1-0-ll","ssp126",NA,0.967348408638129,14.0565474022965
"4213",4544,"Georgia","ukesm1-0-ll","ssp126",NA,2.85661830931943,9.06474909378312
"4214",4545,"Georgia","ukesm1-0-ll","ssp126",NA,5.80052569082548,13.7351142495366
"4215",4546,"Georgia","ukesm1-0-ll","ssp126",NA,2.78464318333083,13.4957342189392
"4216",4547,"Georgia","ukesm1-0-ll","ssp126",NA,6.68807027024442,15.0704138360936
"4217",4548,"Georgia","ukesm1-0-ll","ssp126",NA,13.1238615046189,17.8424408032877
"4218",4549,"Georgia","ukesm1-0-ll","ssp126",NA,4.18091636595226,11.3985130476317
"4219",4550,"Georgia","ukesm1-0-ll","ssp126",NA,5.3656599482455,12.5494691714825
"4220",4551,"Georgia","ukesm1-0-ll","ssp126",NA,2.60930409981583,17.7605132982748
"4221",4552,"Georgia","ukesm1-0-ll","ssp126",NA,1.64945788461942,20.3669470096616
"4222",4553,"Georgia","ukesm1-0-ll","ssp126",NA,1.13251073559076,19.9281091870176
"4223",4554,"Georgia","ukesm1-0-ll","ssp126",NA,0.0717423389548874,20.6427583043281
"4224",4555,"Georgia","ukesm1-0-ll","ssp126",NA,2.95490176671962,24.5482805376769
"4225",4556,"Georgia","ukesm1-0-ll","ssp126",NA,0.737923375004522,19.1261011747125
"4226",4557,"Georgia","ukesm1-0-ll","ssp126",NA,0.279294386965963,19.6527747202728
"4227",4558,"Georgia","ukesm1-0-ll","ssp126",NA,1.16966229748124,23.1521138262807
"4228",4559,"Georgia","ukesm1-0-ll","ssp126",NA,0.0866134708922243,24.7022266452596
"4229",4560,"Georgia","ukesm1-0-ll","ssp126",NA,0.210677596011807,28.6415187586307
"4230",4561,"Georgia","ukesm1-0-ll","ssp126",NA,0.739917163371206,29.4798318267157
"4231",4562,"Georgia","ukesm1-0-ll","ssp126",NA,3.19373992361446,26.997155466149
"4232",4563,"Georgia","ukesm1-0-ll","ssp126",NA,4.15480180329505,24.415165595916
"4233",4564,"Georgia","ukesm1-0-ll","ssp126",NA,0.360448246276293,29.3831997998402
"4234",4565,"Georgia","ukesm1-0-ll","ssp126",NA,3.3556484105254,29.5924376998052
"4235",4566,"Georgia","ukesm1-0-ll","ssp126",NA,1.09366594765087,29.9622581352622
"4236",4567,"Georgia","ukesm1-0-ll","ssp126",NA,1.08800533012215,31.0725247953475
"4237",4568,"Georgia","ukesm1-0-ll","ssp126",NA,3.04968291993316,33.3634748038599
"4238",4569,"Georgia","ukesm1-0-ll","ssp126",NA,0.392693021612286,32.8760307552162
"4239",4570,"Georgia","ukesm1-0-ll","ssp126",NA,1.73389768366072,32.170981078806
"4240",4571,"Georgia","ukesm1-0-ll","ssp126",NA,4.69859518158953,29.7592282348337
"4241",4572,"Georgia","ukesm1-0-ll","ssp126",NA,10.517703428358,28.9113897660743
"4242",4573,"Georgia","ukesm1-0-ll","ssp126",NA,3.39221115692579,31.3945739154954
"4243",4574,"Georgia","ukesm1-0-ll","ssp126",NA,1.50460796352134,33.9087612641637
"4244",4575,"Georgia","ukesm1-0-ll","ssp126",NA,3.09954505764461,32.0208145695795
"4245",4576,"Georgia","ukesm1-0-ll","ssp126",NA,0.942348647815388,30.8001675289422
"4246",4577,"Georgia","ukesm1-0-ll","ssp126",NA,5.31001829145794,28.0679488581549
"4247",4578,"Georgia","ukesm1-0-ll","ssp126",NA,18.4467294356056,26.9262273682232
"4248",4579,"Georgia","ukesm1-0-ll","ssp126",NA,2.77614455031349,27.4086527161679
"4249",4580,"Georgia","ukesm1-0-ll","ssp126",NA,5.73254802116939,27.7423891820284
"4250",4581,"Georgia","ukesm1-0-ll","ssp126",NA,0.448320731768529,27.251511795007
"4251",4582,"Georgia","ukesm1-0-ll","ssp126",NA,0.832854651276564,25.4748098008569
"4252",4583,"Georgia","ukesm1-0-ll","ssp126",NA,3.74557858533442,22.648821253003
"4253",4584,"Georgia","ukesm1-0-ll","ssp126",NA,9.12838095662854,19.9545824101705
"4254",4585,"Georgia","ukesm1-0-ll","ssp126",NA,0.0185348733009973,14.969163236087
"4255",4586,"Georgia","ukesm1-0-ll","ssp126",NA,3.39721301354106,18.3445768120791
"4256",4587,"Georgia","ukesm1-0-ll","ssp126",NA,4.6244373261764,13.7084843005164
"4257",4588,"Georgia","ukesm1-0-ll","ssp126",NA,6.78332280276707,10.5097664673738
"4258",4589,"Georgia","ukesm1-0-ll","ssp126",NA,0.156513732627673,8.4704216982493
"4259",4590,"Georgia","ukesm1-0-ll","ssp126",NA,2.17702387831647,10.6478567349709
"4260",4591,"Georgia","ukesm1-0-ll","ssp126",NA,0.893502507313548,9.29433785870349
"4261",4592,"Georgia","ukesm1-0-ll","ssp126",NA,2.12349586549015,5.00724422279342
"4262",4593,"Georgia","ukesm1-0-ll","ssp126",NA,2.77587986360887,6.32613887463588
"4263",4594,"Georgia","ukesm1-0-ll","ssp126",NA,3.91997220715301,0.931241561483262
"4264",4595,"Georgia","ukesm1-0-ll","ssp126",NA,1.52725404845088,7.75812154774518
"4265",4596,"Georgia","ukesm1-0-ll","ssp126",NA,3.64919858917263,6.79055818645489
"4266",4597,"Georgia","ukesm1-0-ll","ssp126",NA,2.80763313788335,9.81091828796536
"4267",4598,"Georgia","ukesm1-0-ll","ssp126",NA,7.8294671210411,17.7856248315253
"4268",4599,"Georgia","ukesm1-0-ll","ssp126",NA,5.15092126047454,16.4419134033795
"4269",4600,"Georgia","ukesm1-0-ll","ssp126",NA,5.77281172305188,18.3029415989615
"4270",4601,"Georgia","ukesm1-0-ll","ssp126",NA,4.98509746125368,16.9069710719961
"4271",4602,"Georgia","ukesm1-0-ll","ssp126",NA,0.257801627431785,14.7870915964787
"4272",4603,"Georgia","ukesm1-0-ll","ssp126",NA,4.99441248578128,10.6681275744127
"4273",4604,"Georgia","ukesm1-0-ll","ssp126",NA,6.45566945722462,18.096839398622
"4274",4605,"Georgia","ukesm1-0-ll","ssp126",NA,10.8919156240337,19.5841701701536
"4275",4606,"Georgia","ukesm1-0-ll","ssp126",NA,12.7336555903188,20.7871877305444
"4276",4607,"Georgia","ukesm1-0-ll","ssp126",NA,2.10586782579663,22.3277798779652
"4277",4608,"Georgia","ukesm1-0-ll","ssp126",NA,5.00597812501518,22.2434335777893
"4278",4609,"Georgia","ukesm1-0-ll","ssp126",NA,0.0196900408869056,14.6420232223252
"4279",4610,"Georgia","ukesm1-0-ll","ssp126",NA,0.218444656602779,19.8371867551642
"4280",4611,"Georgia","ukesm1-0-ll","ssp126",NA,3.44410986893002,22.7453492393217
"4281",4612,"Georgia","ukesm1-0-ll","ssp126",NA,0.414467587330193,26.2556670625331
"4282",4613,"Georgia","ukesm1-0-ll","ssp126",NA,5.03817477293583,26.1879153789677
"4283",4614,"Georgia","ukesm1-0-ll","ssp126",NA,8.99498063638118,26.8052849499423
"4284",4615,"Georgia","ukesm1-0-ll","ssp126",NA,4.48520090955355,24.6044042111598
"4285",4616,"Georgia","ukesm1-0-ll","ssp126",NA,4.53742380014568,26.6844597250728
"4286",4617,"Georgia","ukesm1-0-ll","ssp126",NA,0.709412416574513,29.9985368114407
"4287",4618,"Georgia","ukesm1-0-ll","ssp126",NA,3.71872320041226,29.3882288454809
"4288",4619,"Georgia","ukesm1-0-ll","ssp126",NA,3.42795399139755,30.9415729070114
"4289",4620,"Georgia","ukesm1-0-ll","ssp126",NA,1.72282237099287,31.6010344202813
"4290",4621,"Georgia","ukesm1-0-ll","ssp126",NA,4.26317478125738,30.6806537471153
"4291",4622,"Georgia","ukesm1-0-ll","ssp126",NA,5.30493049391974,29.6564639481736
"4292",4623,"Georgia","ukesm1-0-ll","ssp126",NA,2.06431859403773,30.5324242543366
"4293",4624,"Georgia","ukesm1-0-ll","ssp126",NA,0.734888318403989,33.2330863453863
"4294",4625,"Georgia","ukesm1-0-ll","ssp126",NA,2.35093308457548,32.0581272965771
"4295",4626,"Georgia","ukesm1-0-ll","ssp126",NA,4.47282602074932,30.1394962486286
"4296",4627,"Georgia","ukesm1-0-ll","ssp126",NA,5.6632688691377,30.2493859833724
"4297",4628,"Georgia","ukesm1-0-ll","ssp126",NA,1.75025477426962,30.3036740208365
"4298",4629,"Georgia","ukesm1-0-ll","ssp126",NA,2.1425535709339,27.9998645108202
"4299",4630,"Georgia","ukesm1-0-ll","ssp126",NA,3.87203181212069,27.4541361737194
"4300",4631,"Georgia","ukesm1-0-ll","ssp126",NA,12.2693889261207,26.5733135232625
"4301",4632,"Georgia","ukesm1-0-ll","ssp126",NA,0.519687548158485,24.8889248383825
"4302",4633,"Georgia","ukesm1-0-ll","ssp126",NA,0.00767248724642228,20.3378175010404
"4303",4634,"Georgia","ukesm1-0-ll","ssp126",NA,1.51169722164077,23.6068091145439
"4304",4635,"Georgia","ukesm1-0-ll","ssp126",NA,3.25293178606175,21.6645355150717
"4305",4636,"Georgia","ukesm1-0-ll","ssp126",NA,0.19236172862187,16.55173220138
"4306",4637,"Georgia","ukesm1-0-ll","ssp126",NA,2.70942120643214,19.177522776606
"4307",4638,"Georgia","ukesm1-0-ll","ssp126",NA,1.69174303348422,13.6049415569906
"4308",4639,"Georgia","ukesm1-0-ll","ssp126",NA,4.06831860881149,14.4573522683206
"4309",4640,"Georgia","ukesm1-0-ll","ssp126",NA,0.0757285115403066,14.9486884535081
"4310",4641,"Georgia","ukesm1-0-ll","ssp126",NA,5.84678618571683,11.1932783445492
"4311",4642,"Georgia","ukesm1-0-ll","ssp126",NA,1.46441874051057,9.95103941541032
"4312",4643,"Georgia","ukesm1-0-ll","ssp126",NA,3.07383043993741,11.1138396108411
"4313",4644,"Georgia","ukesm1-0-ll","ssp126",NA,2.98465929563441,6.03648250108772
"4314",4645,"Georgia","ukesm1-0-ll","ssp126",NA,3.27540885554416,9.8440769297159
"4315",4646,"Georgia","ukesm1-0-ll","ssp126",NA,1.54289360761345,6.24728352174923
"4316",4647,"Georgia","ukesm1-0-ll","ssp126",NA,7.04993476298889,10.7214521283388
"4317",4648,"Georgia","ukesm1-0-ll","ssp126",NA,4.07928083839724,9.34084221421953
"4318",4649,"Georgia","ukesm1-0-ll","ssp126",NA,4.56107679443497,6.98184776029058
"4319",4650,"Georgia","ukesm1-0-ll","ssp126",NA,0.504955891500582,6.61247437410149
"4320",4651,"Georgia","ukesm1-0-ll","ssp126",NA,0.677037106232986,11.1479139277202
"4321",4652,"Georgia","ukesm1-0-ll","ssp126",NA,4.97841193687445,9.989411833904
"4322",4653,"Georgia","ukesm1-0-ll","ssp126",NA,7.92432753741819,13.0062566503197
"4323",4654,"Georgia","ukesm1-0-ll","ssp126",NA,1.33718350667907,10.8346464069357
"4324",4655,"Georgia","ukesm1-0-ll","ssp126",NA,0.42089161107617,11.2151264920362
"4325",4656,"Georgia","ukesm1-0-ll","ssp126",NA,6.7266080561081,14.6262372845888
"4326",4657,"Georgia","ukesm1-0-ll","ssp126",NA,0.0212008103264042,12.8827152871047
"4327",4658,"Georgia","ukesm1-0-ll","ssp126",NA,4.85642551415209,15.5786139019465
"4328",4659,"Georgia","ukesm1-0-ll","ssp126",NA,2.66355821640944,16.3632672399932
"4329",4660,"Georgia","ukesm1-0-ll","ssp126",NA,9.56101043552261,20.3670871097297
"4330",4661,"Georgia","ukesm1-0-ll","ssp126",NA,2.05851093142634,20.2822494987137
"4331",4662,"Georgia","ukesm1-0-ll","ssp126",NA,11.1834691301969,22.3630834694925
"4332",4663,"Georgia","ukesm1-0-ll","ssp126",NA,11.6496496398924,20.8548357430151
"4333",4664,"Georgia","ukesm1-0-ll","ssp126",NA,3.43240906268384,23.2716849486418
"4334",4665,"Georgia","ukesm1-0-ll","ssp126",NA,0.481371859310131,24.2404788407518
"4335",4666,"Georgia","ukesm1-0-ll","ssp126",NA,9.7860070422664,24.0657906816312
"4336",4667,"Georgia","ukesm1-0-ll","ssp126",NA,2.72909313621499,26.448524560074
"4337",4668,"Georgia","ukesm1-0-ll","ssp126",NA,8.92475647824783,27.0070699105251
"4338",4669,"Georgia","ukesm1-0-ll","ssp126",NA,2.96654911809342,26.0220896575411
"4339",4670,"Georgia","ukesm1-0-ll","ssp126",NA,3.25017152498936,27.8650363728152
"4340",4671,"Georgia","ukesm1-0-ll","ssp126",NA,1.94510191739657,28.7581164491668
"4341",4672,"Georgia","ukesm1-0-ll","ssp126",NA,7.5778653939708,30.5076800404103
"4342",4673,"Georgia","ukesm1-0-ll","ssp126",NA,9.759661661151,28.5079726544766
"4343",4674,"Georgia","ukesm1-0-ll","ssp126",NA,6.66924385681006,26.9210576313749
"4344",4675,"Georgia","ukesm1-0-ll","ssp126",NA,0.255723603078732,29.7899459136889
"4345",4676,"Georgia","ukesm1-0-ll","ssp126",NA,0.896082524488111,29.8832835199758
"4346",4677,"Georgia","ukesm1-0-ll","ssp126",NA,6.87376498612729,28.1928476255108
"4347",4678,"Georgia","ukesm1-0-ll","ssp126",NA,4.34751290775296,28.3520180764556
"4348",4679,"Georgia","ukesm1-0-ll","ssp126",NA,1.16324831924739,30.5228194192882
"4349",4680,"Georgia","ukesm1-0-ll","ssp126",NA,0.30805235042955,29.9044752070171
"4350",4681,"Georgia","ukesm1-0-ll","ssp126",NA,0.47327752484111,29.7752597171516
"4351",4682,"Georgia","ukesm1-0-ll","ssp126",NA,1.44149610108045,28.6242620657489
"4352",4683,"Georgia","ukesm1-0-ll","ssp126",NA,0.239248457444897,24.0967055055189
"4353",4684,"Georgia","ukesm1-0-ll","ssp126",NA,0.0055421301929805,23.5096674515029
"4354",4685,"Georgia","ukesm1-0-ll","ssp126",NA,0.198418089573327,25.4481137181021
"4355",4686,"Georgia","ukesm1-0-ll","ssp126",NA,2.79354046983595,19.7970995147927
"4356",4687,"Georgia","ukesm1-0-ll","ssp126",NA,5.71151222865791,21.2082026964239
"4357",4688,"Georgia","ukesm1-0-ll","ssp126",NA,4.57429531415895,21.0138986065659
"4358",4689,"Georgia","ukesm1-0-ll","ssp126",NA,6.63895688282667,22.4032154886832
"4359",4690,"Georgia","ukesm1-0-ll","ssp126",NA,0.220717233515834,17.3316472605412
"4360",4691,"Georgia","ukesm1-0-ll","ssp126",NA,0.609711885186637,15.3897226550677
"4361",4692,"Georgia","ukesm1-0-ll","ssp126",NA,0.793654486759416,16.1709646746841
"4362",4693,"Georgia","ukesm1-0-ll","ssp126",NA,4.53806722688069,13.2347813640899
"4363",4694,"Georgia","ukesm1-0-ll","ssp126",NA,2.29503352784201,5.95578597024915
"4364",4695,"Georgia","ukesm1-0-ll","ssp126",NA,1.44976845051494,8.81790422712056
"4365",4696,"Georgia","ukesm1-0-ll","ssp126",NA,10.4504901901263,14.4505553460295
"4366",4697,"Georgia","ukesm1-0-ll","ssp126",NA,0.604121716884967,9.56510333414518
"4367",4698,"Georgia","ukesm1-0-ll","ssp126",NA,5.04534904823108,9.87111454333292
"4368",4699,"Georgia","ukesm1-0-ll","ssp126",NA,2.56409949457216,9.33351888217882
"4369",4700,"Georgia","ukesm1-0-ll","ssp126",NA,0.0021083827885082,9.18863280067723
"4370",4701,"Georgia","ukesm1-0-ll","ssp126",NA,0.244824773559125,10.7276916060552
"4371",4702,"Georgia","ukesm1-0-ll","ssp126",NA,7.02624369640488,15.0244662601203
"4372",4703,"Georgia","ukesm1-0-ll","ssp126",NA,7.1963959298387,11.5148071880202
"4373",4704,"Georgia","ukesm1-0-ll","ssp126",NA,4.98189628697505,13.8493400666096
"4374",4705,"Georgia","ukesm1-0-ll","ssp126",NA,6.38733466890505,14.9877348449559
"4375",4706,"Georgia","ukesm1-0-ll","ssp126",NA,9.2973141846531,15.979950497976
"4376",4707,"Georgia","ukesm1-0-ll","ssp126",NA,5.08724185365237,13.4960671782782
"4377",4708,"Georgia","ukesm1-0-ll","ssp126",NA,1.3839221618113,16.6235112446561
"4378",4709,"Georgia","ukesm1-0-ll","ssp126",NA,10.1290647814316,19.1789780882311
"4379",4710,"Georgia","ukesm1-0-ll","ssp126",NA,5.14490834715083,15.6788960676217
"4380",4711,"Georgia","ukesm1-0-ll","ssp126",NA,2.95127222450078,18.6810388006252
"4381",4712,"Georgia","ukesm1-0-ll","ssp126",NA,4.95611589985217,21.3110201856415
"4382",4713,"Georgia","ukesm1-0-ll","ssp126",NA,27.0070986955681,18.8258298564477
"4383",4714,"Georgia","ukesm1-0-ll","ssp126",NA,0.020479563414091,18.7815485550186
"4384",4715,"Georgia","ukesm1-0-ll","ssp126",NA,0.0878651292163292,19.6850839684143
"4385",4716,"Georgia","ukesm1-0-ll","ssp126",NA,6.98786109634755,20.9419799065763
"4386",4717,"Georgia","ukesm1-0-ll","ssp126",NA,0.461838413990406,23.7184680560022
"4387",4718,"Georgia","ukesm1-0-ll","ssp126",NA,0.511717924046047,24.8265334602707
"4388",4719,"Georgia","ukesm1-0-ll","ssp126",NA,0.415116684383684,24.7862815136483
"4389",4720,"Georgia","ukesm1-0-ll","ssp126",NA,2.84755508610407,25.6260895735993
"4390",4721,"Georgia","ukesm1-0-ll","ssp126",NA,4.87950948092748,26.462990187675
"4391",4722,"Georgia","ukesm1-0-ll","ssp126",NA,11.3275588395208,27.893166633957
"4392",4723,"Georgia","ukesm1-0-ll","ssp126",NA,5.07870877523693,28.6496354738102
"4393",4724,"Georgia","ukesm1-0-ll","ssp126",NA,3.06355960936291,30.2248177812406
"4394",4725,"Georgia","ukesm1-0-ll","ssp126",NA,5.26436876129607,30.1514244098063
"4395",4726,"Georgia","ukesm1-0-ll","ssp126",NA,3.25596501436124,30.357130842232
"4396",4727,"Georgia","ukesm1-0-ll","ssp126",NA,3.6307410124099,29.7720847067475
"4397",4728,"Georgia","ukesm1-0-ll","ssp126",NA,8.42233734853524,30.3741329756545
"4398",4729,"Georgia","ukesm1-0-ll","ssp126",NA,1.28987890945299,29.6119685064505
"4399",4730,"Georgia","ukesm1-0-ll","ssp126",NA,3.9538402846866,29.6821415714144
"4400",4731,"Georgia","ukesm1-0-ll","ssp126",NA,5.74589587348172,28.1050359915302
"4401",4732,"Georgia","ukesm1-0-ll","ssp126",NA,4.92195557803021,28.2666471836931
"4402",4733,"Georgia","ukesm1-0-ll","ssp126",NA,6.4349507708562,26.7780620879758
"4403",4734,"Georgia","ukesm1-0-ll","ssp126",NA,2.01751890062577,27.6984425394645
"4404",4735,"Georgia","ukesm1-0-ll","ssp126",NA,1.22522018717209,25.3556459736305
"4405",4736,"Georgia","ukesm1-0-ll","ssp126",NA,3.56333666880744,25.5940497372976
"4406",4737,"Georgia","ukesm1-0-ll","ssp126",NA,5.90454823659787,25.2663337319584
"4407",4738,"Georgia","ukesm1-0-ll","ssp126",NA,13.8677056587326,23.0168506095831
"4408",4739,"Georgia","ukesm1-0-ll","ssp126",NA,11.3453404955068,22.1091902984545
"4409",4740,"Georgia","ukesm1-0-ll","ssp126",NA,0.00837047399690016,19.401336551694
"4410",4741,"Georgia","ukesm1-0-ll","ssp126",NA,0.152369710352789,20.9164298216887
"4411",4742,"Georgia","ukesm1-0-ll","ssp126",NA,3.69991298953573,21.8802743981018
"4412",4743,"Georgia","ukesm1-0-ll","ssp126",NA,0.338899220363068,14.7357543797528
"4413",4744,"Georgia","ukesm1-0-ll","ssp126",NA,1.83524861317044,16.9010127550176
"4414",4745,"Georgia","ukesm1-0-ll","ssp126",NA,0.000645320987403304,10.037915053841
"4415",4746,"Georgia","ukesm1-0-ll","ssp126",NA,0.000359601864140802,7.68694347169153
"4416",4747,"Georgia","ukesm1-0-ll","ssp126",NA,2.96199149225415,9.97965337647078
"4417",4748,"Georgia","ukesm1-0-ll","ssp126",NA,4.34239534615016,9.57933657001932
"4418",4749,"Georgia","ukesm1-0-ll","ssp126",NA,1.09270432444679,8.16906342217769
"4419",4750,"Georgia","ukesm1-0-ll","ssp126",NA,0.0148350190139501,5.75874298317383
"4420",4751,"Georgia","ukesm1-0-ll","ssp126",NA,10.4591436466813,10.858092995706
"4421",4752,"Georgia","ukesm1-0-ll","ssp126",NA,4.18964487767444,6.9015826874149
"4422",4753,"Georgia","ukesm1-0-ll","ssp126",NA,1.08492853261419,11.1542691948916
"4423",4754,"Georgia","ukesm1-0-ll","ssp126",NA,0.774488784526958,12.5744420086212
"4424",4755,"Georgia","ukesm1-0-ll","ssp126",NA,7.10698481584487,14.1087998507964
"4425",4756,"Georgia","ukesm1-0-ll","ssp126",NA,0.83479639698138,9.82377512934135
"4426",4757,"Georgia","ukesm1-0-ll","ssp126",NA,1.43082908437906,7.99493241206211
"4427",4758,"Georgia","ukesm1-0-ll","ssp126",NA,7.68261374124729,15.2200772855819
"4428",4759,"Georgia","ukesm1-0-ll","ssp126",NA,0.00553462565138026,16.7441483393709
"4429",4760,"Georgia","ukesm1-0-ll","ssp126",NA,1.21226761607597,19.5403363613471
"4430",4761,"Georgia","ukesm1-0-ll","ssp126",NA,0.95918065161317,22.5162068586373
"4431",4762,"Georgia","ukesm1-0-ll","ssp126",NA,0.00179741797033194,14.1252766089636
"4432",4763,"Georgia","ukesm1-0-ll","ssp126",NA,7.94535699724359,22.8930166323018
"4433",4764,"Georgia","ukesm1-0-ll","ssp126",NA,6.80122201171047,22.8889987308235
"4434",4765,"Georgia","ukesm1-0-ll","ssp126",NA,0.32423882318497,23.2377194753282
"4435",4766,"Georgia","ukesm1-0-ll","ssp126",NA,0.00210569918895739,23.3471168647378
"4436",4767,"Georgia","ukesm1-0-ll","ssp126",NA,10.2189576580898,20.5511111354135
"4437",4768,"Georgia","ukesm1-0-ll","ssp126",NA,2.73695700281687,20.2350370319357
"4438",4769,"Georgia","ukesm1-0-ll","ssp126",NA,0.297181535919768,24.4693972534475
"4439",4770,"Georgia","ukesm1-0-ll","ssp126",NA,5.5225874271855,26.7827506372484
"4440",4771,"Georgia","ukesm1-0-ll","ssp126",NA,3.87540237876572,27.9613836182232
"4441",4772,"Georgia","ukesm1-0-ll","ssp126",NA,9.51924387534319,27.0189078490324
"4442",4773,"Georgia","ukesm1-0-ll","ssp126",NA,0.708167688993783,27.0142306053033
"4443",4774,"Georgia","ukesm1-0-ll","ssp126",NA,6.54707582820987,28.346519518245
"4444",4775,"Georgia","ukesm1-0-ll","ssp126",NA,0.378268668271093,31.640129211278
"4445",4776,"Georgia","ukesm1-0-ll","ssp126",NA,0.674563993285454,31.5530513292364
"4446",4777,"Georgia","ukesm1-0-ll","ssp126",NA,2.96844365366093,30.9126380310798
"4447",4778,"Georgia","ukesm1-0-ll","ssp126",NA,6.74321733417646,29.5271994676198
"4448",4779,"Georgia","ukesm1-0-ll","ssp126",NA,4.44319367322128,31.6787007699001
"4449",4780,"Georgia","ukesm1-0-ll","ssp126",NA,3.56299140697577,31.2661822524544
"4450",4781,"Georgia","ukesm1-0-ll","ssp126",NA,0.580908327667542,32.8755166116119
"4451",4782,"Georgia","ukesm1-0-ll","ssp126",NA,3.36644815282584,30.9743085884298
"4452",4783,"Georgia","ukesm1-0-ll","ssp126",NA,4.02464119182758,30.5981757434171
"4453",4784,"Georgia","ukesm1-0-ll","ssp126",NA,0.249272326057554,31.5246487005571
"4454",4785,"Georgia","ukesm1-0-ll","ssp126",NA,6.52157805683376,29.6827685487761
"4455",4786,"Georgia","ukesm1-0-ll","ssp126",NA,1.70080505078623,27.1832823229183
"4456",4787,"Georgia","ukesm1-0-ll","ssp126",NA,6.17218661581854,27.3632659099293
"4457",4788,"Georgia","ukesm1-0-ll","ssp126",NA,1.47898844750684,26.9786685380174
"4458",4789,"Georgia","ukesm1-0-ll","ssp126",NA,0.986029243925922,25.3793295354589
"4459",4790,"Georgia","ukesm1-0-ll","ssp126",NA,2.44055539731884,24.4017455463548
"4460",4791,"Georgia","ukesm1-0-ll","ssp126",NA,7.3425924307468,23.4224360948614
"4461",4792,"Georgia","ukesm1-0-ll","ssp126",NA,0.451381282624253,18.0747584899459
"4462",4793,"Georgia","ukesm1-0-ll","ssp126",NA,0.388589400859073,21.4108595139178
"4463",4794,"Georgia","ukesm1-0-ll","ssp126",NA,3.63525993809655,18.2885368587319
"4464",4795,"Georgia","ukesm1-0-ll","ssp126",NA,11.2803154690341,11.7054261140616
"4465",4796,"Georgia","ukesm1-0-ll","ssp126",NA,3.68338000972135,8.56466611257191
"4466",4797,"Georgia","ukesm1-0-ll","ssp126",NA,6.30691134715793,11.8497886676188
"4467",4798,"Georgia","ukesm1-0-ll","ssp126",NA,0.27767038313439,11.3735007519295
"4468",4799,"Georgia","ukesm1-0-ll","ssp126",NA,8.02238971721241,19.4316396200628
"4469",4800,"Georgia","ukesm1-0-ll","ssp126",NA,5.85634623921072,12.5302595013857
"4470",4801,"Georgia","ukesm1-0-ll","ssp126",NA,10.5997932283003,8.42138637884479
"4471",4802,"Georgia","ukesm1-0-ll","ssp126",NA,3.7634067392163,7.64395381013073
"4472",4803,"Georgia","ukesm1-0-ll","ssp126",NA,1.74728632283332,10.3734196919217
"4473",4804,"Georgia","ukesm1-0-ll","ssp126",NA,6.57445714789022,11.8892785614975
"4474",4805,"Georgia","ukesm1-0-ll","ssp126",NA,0.486407206443917,8.62490034865412
"4475",4806,"Georgia","ukesm1-0-ll","ssp126",NA,2.71458683865553,9.75886815696885
"4476",4807,"Georgia","ukesm1-0-ll","ssp126",NA,1.85541977621109,11.441647907839
"4477",4808,"Georgia","ukesm1-0-ll","ssp126",NA,3.0615899315334,7.80988482828582
"4478",4809,"Georgia","ukesm1-0-ll","ssp126",NA,1.37056891211874,7.59420904940037
"4479",4810,"Georgia","ukesm1-0-ll","ssp126",NA,18.1502906236712,13.3599160700099
"4480",4811,"Georgia","ukesm1-0-ll","ssp126",NA,2.41525380892591,14.7846940084462
"4481",4812,"Georgia","ukesm1-0-ll","ssp126",NA,9.79754002810978,12.4104504453645
"4482",4813,"Georgia","ukesm1-0-ll","ssp126",NA,4.06203112499814,16.1639587106774
"4483",4814,"Georgia","ukesm1-0-ll","ssp126",NA,8.16991914704576,18.8661204488168
"4484",4815,"Georgia","ukesm1-0-ll","ssp126",NA,12.4363495780235,14.8527048328021
"4485",4816,"Georgia","ukesm1-0-ll","ssp126",NA,2.41015036077116,15.4682795563853
"4486",4817,"Georgia","ukesm1-0-ll","ssp126",NA,3.70179320749851,19.7220016664224
"4487",4818,"Georgia","ukesm1-0-ll","ssp126",NA,3.83616804975617,15.8902215768292
"4488",4819,"Georgia","ukesm1-0-ll","ssp126",NA,4.08157533974902,17.7960829025897
"4489",4820,"Georgia","ukesm1-0-ll","ssp126",NA,2.81815709236478,22.8938511735302
"4490",4821,"Georgia","ukesm1-0-ll","ssp126",NA,1.6197838057211,22.7999210976515
"4491",4822,"Georgia","ukesm1-0-ll","ssp126",NA,0.405293696093952,24.2472372650812
"4492",4823,"Georgia","ukesm1-0-ll","ssp126",NA,0.71899311184476,25.8953873973782
"4493",4824,"Georgia","ukesm1-0-ll","ssp126",NA,11.0098212522604,26.5867170948093
"4494",4825,"Georgia","ukesm1-0-ll","ssp126",NA,1.22122086374781,25.8518577298587
"4495",4826,"Georgia","ukesm1-0-ll","ssp126",NA,3.17881222636457,27.2749986551576
"4496",4827,"Georgia","ukesm1-0-ll","ssp126",NA,7.40229879674812,28.2576008277136
"4497",4828,"Georgia","ukesm1-0-ll","ssp126",NA,4.75023411157254,28.1844230005297
"4498",4829,"Georgia","ukesm1-0-ll","ssp126",NA,1.59150020745316,28.9345618444263
"4499",4830,"Georgia","ukesm1-0-ll","ssp126",NA,2.66898258197275,29.5752415987251
"4500",4831,"Georgia","ukesm1-0-ll","ssp126",NA,2.33557460215986,30.7056233329866
"4501",4832,"Georgia","ukesm1-0-ll","ssp126",NA,6.86836087093698,29.2036951097392
"4502",4833,"Georgia","ukesm1-0-ll","ssp126",NA,2.95469672553903,29.4510906228719
"4503",4834,"Georgia","ukesm1-0-ll","ssp126",NA,3.11482549156231,29.4922159781468
"4504",4835,"Georgia","ukesm1-0-ll","ssp126",NA,5.54686573475118,27.537486256006
"4505",4836,"Georgia","ukesm1-0-ll","ssp126",NA,2.14839967740803,28.3666995438768
"4506",4837,"Georgia","ukesm1-0-ll","ssp126",NA,2.84377607249179,28.7595727213936
"4507",4838,"Georgia","ukesm1-0-ll","ssp126",NA,0.335946050686608,29.8195017078021
"4508",4839,"Georgia","ukesm1-0-ll","ssp126",NA,5.10449657990175,28.4179661933216
"4509",4840,"Georgia","ukesm1-0-ll","ssp126",NA,5.50224723958868,27.2949179882576
"4510",4841,"Georgia","ukesm1-0-ll","ssp126",NA,0.0149395937762042,20.3052307867831
"4511",4842,"Georgia","ukesm1-0-ll","ssp126",NA,4.60938866999641,23.3260412627213
"4512",4843,"Georgia","ukesm1-0-ll","ssp126",NA,0.358142632298961,23.3160978525083
"4513",4844,"Georgia","ukesm1-0-ll","ssp126",NA,4.15798791452595,23.2222702654453
"4514",4845,"Georgia","ukesm1-0-ll","ssp126",NA,0.783343208761287,18.2074504713747
"4515",4846,"Georgia","ukesm1-0-ll","ssp126",NA,1.00026412507845,20.6464545520109
"4516",4847,"Georgia","ukesm1-0-ll","ssp126",NA,4.2493663935091,17.7409315797377
"4517",4848,"Georgia","ukesm1-0-ll","ssp126",NA,0.224713245363761,17.5173634970159
"4518",4849,"Georgia","ukesm1-0-ll","ssp126",NA,12.3119600654059,16.7822984155096
"4519",4850,"Georgia","ukesm1-0-ll","ssp126",NA,7.30424466516016,13.0376436469053
"4520",4851,"Georgia","ukesm1-0-ll","ssp126",NA,3.08525269223665,9.85092306437275
"4521",4852,"Georgia","ukesm1-0-ll","ssp126",NA,2.71941346453243,14.9137532896915
"4522",4853,"Georgia","ukesm1-0-ll","ssp126",NA,1.56567415968126,12.3592625652618
"4523",4854,"Georgia","ukesm1-0-ll","ssp126",NA,3.10124759589268,15.0693168289148
"4524",4855,"Georgia","ukesm1-0-ll","ssp126",NA,4.94158607706491,11.3236313346512
"4525",4856,"Georgia","ukesm1-0-ll","ssp126",NA,0.11449514057975,10.4059914060136
"4526",4857,"Georgia","ukesm1-0-ll","ssp126",NA,1.11647671935424,11.8075974138828
"4527",4858,"Georgia","ukesm1-0-ll","ssp126",NA,4.43474373173767,12.9433342072346
"4528",4859,"Georgia","ukesm1-0-ll","ssp126",NA,0.131100374947466,8.97496467941323
"4529",4860,"Georgia","ukesm1-0-ll","ssp126",NA,20.588860692211,16.6343212654169
"4530",4861,"Georgia","ukesm1-0-ll","ssp126",NA,2.81812039208663,9.613148568733
"4531",4862,"Georgia","ukesm1-0-ll","ssp126",NA,8.32294271633991,10.1386576433159
"4532",4863,"Georgia","ukesm1-0-ll","ssp126",NA,0.359781240396542,7.81549392958821
"4533",4864,"Georgia","ukesm1-0-ll","ssp126",NA,5.07325892578799,9.27361841825252
"4534",4865,"Georgia","ukesm1-0-ll","ssp126",NA,2.90383595454282,13.847159278999
"4535",4866,"Georgia","ukesm1-0-ll","ssp126",NA,5.53517666328042,10.4245070044123
"4536",4867,"Georgia","ukesm1-0-ll","ssp126",NA,6.06575467771738,16.0355057169104
"4537",4868,"Georgia","ukesm1-0-ll","ssp126",NA,5.28710007438393,15.6676010907707
"4538",4869,"Georgia","ukesm1-0-ll","ssp126",NA,12.6438667515364,18.9060819981462
"4539",4870,"Georgia","ukesm1-0-ll","ssp126",NA,0.0688468921051128,19.5002571752516
"4540",4871,"Georgia","ukesm1-0-ll","ssp126",NA,0.42920330845165,20.3393582323273
"4541",4872,"Georgia","ukesm1-0-ll","ssp126",NA,0.000671080522599729,22.6716050265776
"4542",4873,"Georgia","ukesm1-0-ll","ssp126",NA,3.37184579636368,25.9229057552162
"4543",4874,"Georgia","ukesm1-0-ll","ssp126",NA,4.26644740050252,26.0070287524355
"4544",4875,"Georgia","ukesm1-0-ll","ssp126",NA,4.93782032631129,22.8033244356982
"4545",4876,"Georgia","ukesm1-0-ll","ssp126",NA,1.04115937602986,24.9862626858543
"4546",4877,"Georgia","ukesm1-0-ll","ssp126",NA,1.70923304252559,27.7998587324314
"4547",4878,"Georgia","ukesm1-0-ll","ssp126",NA,0.0198857434454826,26.5317543454667
"4548",4879,"Georgia","ukesm1-0-ll","ssp126",NA,2.07539317408184,28.8414293635556
"4549",4880,"Georgia","ukesm1-0-ll","ssp126",NA,2.3601992844299,31.9019383317333
"4550",4881,"Georgia","ukesm1-0-ll","ssp126",NA,0.130748342363331,33.4978085275424
"4551",4882,"Georgia","ukesm1-0-ll","ssp126",NA,2.44288102733136,34.0943710955234
"4552",4883,"Georgia","ukesm1-0-ll","ssp126",NA,1.28101460041095,34.873642255954
"4553",4884,"Georgia","ukesm1-0-ll","ssp126",NA,2.21421101954983,32.3525116779614
"4554",4885,"Georgia","ukesm1-0-ll","ssp126",NA,3.36481921110925,31.7903410904633
"4555",4886,"Georgia","ukesm1-0-ll","ssp126",NA,3.74851618763623,30.7551454557922
"4556",4887,"Georgia","ukesm1-0-ll","ssp126",NA,2.34999628985797,30.6104582188493
"4557",4888,"Georgia","ukesm1-0-ll","ssp126",NA,4.14048481186857,31.1397971386483
"4558",4889,"Georgia","ukesm1-0-ll","ssp126",NA,8.53942899700701,26.7485244714031
"4559",4890,"Georgia","ukesm1-0-ll","ssp126",NA,3.89458625013371,27.714113870025
"4560",4891,"Georgia","ukesm1-0-ll","ssp126",NA,2.06659081667331,27.2850178051226
"4561",4892,"Georgia","ukesm1-0-ll","ssp126",NA,25.6638944707346,23.1914587431901
"4562",4893,"Georgia","ukesm1-0-ll","ssp126",NA,0.123234809402444,24.7887082891949
"4563",4894,"Georgia","ukesm1-0-ll","ssp126",NA,2.85550664111394,24.3011892397236
"4564",4895,"Georgia","ukesm1-0-ll","ssp126",NA,6.96338501323866,23.317297052933
"4565",4896,"Georgia","ukesm1-0-ll","ssp126",NA,0.293312353743109,17.2770237513951
"4566",4897,"Georgia","ukesm1-0-ll","ssp126",NA,5.9751150646959,19.673476943785
"4567",4898,"Georgia","ukesm1-0-ll","ssp126",NA,0.054142683341945,16.4823967811271
"4568",4899,"Georgia","ukesm1-0-ll","ssp126",NA,0.357901561175259,12.8145922940234
"4569",4900,"Georgia","ukesm1-0-ll","ssp126",NA,0.0551304169338928,16.4357234335985
"4570",4901,"Georgia","ukesm1-0-ll","ssp126",NA,0.00126164770741089,10.6881509480696
"4571",4902,"Georgia","ukesm1-0-ll","ssp126",NA,0.79366844756563,14.2022949957675
"4572",4903,"Georgia","ukesm1-0-ll","ssp126",NA,3.16454656795097,14.0430955050933
"4573",4904,"Georgia","ukesm1-0-ll","ssp126",NA,0.00208608896985845,9.2720635735094
"4574",4905,"Georgia","ukesm1-0-ll","ssp126",NA,0.285395991738631,11.5937442659466
"4575",4906,"Georgia","ukesm1-0-ll","ssp126",NA,8.31435429555417,13.9944700670589
"4576",4907,"Georgia","ukesm1-0-ll","ssp126",NA,4.24064053444427,9.73284442153453
"4577",4908,"Georgia","ukesm1-0-ll","ssp126",NA,1.06663643247189,8.71124662163762
"4578",4909,"Georgia","ukesm1-0-ll","ssp126",NA,0.756576595890021,8.62041374742265
"4579",4910,"Georgia","ukesm1-0-ll","ssp126",NA,10.1897164119887,9.67625995478967
"4580",4911,"Georgia","ukesm1-0-ll","ssp126",NA,0.237278898294541,13.5898757010915
"4581",4912,"Georgia","ukesm1-0-ll","ssp126",NA,3.83064313153593,15.3359616923852
"4582",4913,"Georgia","ukesm1-0-ll","ssp126",NA,2.46074696846397,19.4028305090657
"4583",4914,"Georgia","ukesm1-0-ll","ssp126",NA,1.89439670672385,17.3727588718221
"4584",4915,"Georgia","ukesm1-0-ll","ssp126",NA,5.33549431712757,14.19942471779
"4585",4916,"Georgia","ukesm1-0-ll","ssp126",NA,2.84631792283262,9.6689440858855
"4586",4917,"Georgia","ukesm1-0-ll","ssp126",NA,0.0100061975727966,16.840865416446
"4587",4918,"Georgia","ukesm1-0-ll","ssp126",NA,0.319843069211843,16.8260069027363
"4588",4919,"Georgia","ukesm1-0-ll","ssp126",NA,0.1186475758982,21.3884138721531
"4589",4920,"Georgia","ukesm1-0-ll","ssp126",NA,3.20953554949661,21.1386215099123
"4590",4921,"Georgia","ukesm1-0-ll","ssp126",NA,1.1462787396787,20.9935673231074
"4591",4922,"Georgia","ukesm1-0-ll","ssp126",NA,13.7265196630817,19.1487422619836
"4592",4923,"Georgia","ukesm1-0-ll","ssp126",NA,1.26918912485832,21.568082086226
"4593",4924,"Georgia","ukesm1-0-ll","ssp126",NA,0.64104938487694,22.7928821776162
"4594",4925,"Georgia","ukesm1-0-ll","ssp126",NA,4.0970830712071,23.1360035746207
"4595",4926,"Georgia","ukesm1-0-ll","ssp126",NA,1.9150045614892,22.9944640078787
"4596",4927,"Georgia","ukesm1-0-ll","ssp126",NA,1.45796467793042,22.0381381351203
"4597",4928,"Georgia","ukesm1-0-ll","ssp126",NA,0.0463791764185205,26.3995127384657
"4598",4929,"Georgia","ukesm1-0-ll","ssp126",NA,1.39273428468246,29.1643011282489
"4599",4930,"Georgia","ukesm1-0-ll","ssp126",NA,1.09835388110262,30.1888521134421
"4600",4931,"Georgia","ukesm1-0-ll","ssp126",NA,11.9612095380341,28.8114565205055
"4601",4932,"Georgia","ukesm1-0-ll","ssp126",NA,7.7501596866978,29.2445000673899
"4602",4933,"Georgia","ukesm1-0-ll","ssp126",NA,0.646626335008953,30.7106342010868
"4603",4934,"Georgia","ukesm1-0-ll","ssp126",NA,2.90246066027707,31.6331383213293
"4604",4935,"Georgia","ukesm1-0-ll","ssp126",NA,2.52919600401535,31.2701603997995
"4605",4936,"Georgia","ukesm1-0-ll","ssp126",NA,3.87439772656923,31.5373995062803
"4606",4937,"Georgia","ukesm1-0-ll","ssp126",NA,1.55621652205937,32.4901163983287
"4607",4938,"Georgia","ukesm1-0-ll","ssp126",NA,1.49809600558974,30.5143008770146
"4608",4939,"Georgia","ukesm1-0-ll","ssp126",NA,0.49679862956529,30.6713427823046
"4609",4940,"Georgia","ukesm1-0-ll","ssp126",NA,1.77166523878042,30.2900461118389
"4610",4941,"Georgia","ukesm1-0-ll","ssp126",NA,1.60232619054583,30.4272006055633
"4611",4942,"Georgia","ukesm1-0-ll","ssp126",NA,1.37707916991801,28.978131266079
"4612",4943,"Georgia","ukesm1-0-ll","ssp126",NA,1.93222796838255,29.5677235601024
"4613",4944,"Georgia","ukesm1-0-ll","ssp126",NA,0.100525519977629,25.2451294093098
"4614",4945,"Georgia","ukesm1-0-ll","ssp126",NA,16.4925138451059,25.8264062913798
"4615",4946,"Georgia","ukesm1-0-ll","ssp126",NA,13.5484093879544,25.2940201212073
"4616",4947,"Georgia","ukesm1-0-ll","ssp126",NA,7.2684857580117,20.9851417375246
"4617",4948,"Georgia","ukesm1-0-ll","ssp126",NA,0.0870461231972808,18.7240096196136
"4618",4949,"Georgia","ukesm1-0-ll","ssp126",NA,1.02782864983221,21.9562727736503
"4619",4950,"Georgia","ukesm1-0-ll","ssp126",NA,1.18702012858383,16.7104142971824
"4620",4951,"Georgia","ukesm1-0-ll","ssp126",NA,2.55558879830691,15.7236615862165
"4621",4952,"Georgia","ukesm1-0-ll","ssp126",NA,3.44025594356442,17.6484350911064
"4622",4953,"Georgia","ukesm1-0-ll","ssp126",NA,4.34000702393673,11.7850927320578
"4623",4954,"Georgia","ukesm1-0-ll","ssp126",NA,1.18264494394283,11.4054694298105
"4624",4955,"Georgia","ukesm1-0-ll","ssp126",NA,0.8621318381568,11.0154159878415
"4625",4956,"Georgia","ukesm1-0-ll","ssp126",NA,2.82990648982633,12.8826602372361
"4626",4957,"Georgia","ukesm1-0-ll","ssp126",NA,10.6857998686596,12.2360709349699
"4627",4958,"Georgia","ukesm1-0-ll","ssp126",NA,12.5844727819948,11.804406516604
"4628",4959,"Georgia","ukesm1-0-ll","ssp126",NA,4.73441427771263,6.20507549442912
"4629",4960,"Georgia","ukesm1-0-ll","ssp126",NA,0.0816217758758337,7.31725774215442
"4630",4961,"Georgia","ukesm1-0-ll","ssp126",NA,0.342922549796499,8.56220645488898
"4631",4962,"Georgia","ukesm1-0-ll","ssp126",NA,1.46388852566855,7.22862228134933
"4632",4963,"Georgia","ukesm1-0-ll","ssp126",NA,9.94512051276161,16.7159580036745
"4633",4964,"Georgia","ukesm1-0-ll","ssp126",NA,1.26782719063019,13.482307962413
"4634",4965,"Georgia","ukesm1-0-ll","ssp126",NA,10.3412778534082,10.7687672317173
"4635",4966,"Georgia","ukesm1-0-ll","ssp126",NA,1.30541518657605,11.7050793368361
"4636",4967,"Georgia","ukesm1-0-ll","ssp126",NA,10.8947255785154,13.8631280266344
"4637",4968,"Georgia","ukesm1-0-ll","ssp126",NA,2.69847366409266,11.4801727664384
"4638",4969,"Georgia","ukesm1-0-ll","ssp126",NA,5.24223802280414,11.6072642919804
"4639",4970,"Georgia","ukesm1-0-ll","ssp126",NA,1.21336875565719,16.74804003256
"4640",4971,"Georgia","ukesm1-0-ll","ssp126",NA,2.05543962600409,18.6604368491554
"4641",4972,"Georgia","ukesm1-0-ll","ssp126",NA,5.63699937967533,17.6126229718003
"4642",4973,"Georgia","ukesm1-0-ll","ssp126",NA,1.95016446755124,21.7832753474718
"4643",4974,"Georgia","ukesm1-0-ll","ssp126",NA,0.988030742822204,22.7318617998544
"4644",4975,"Georgia","ukesm1-0-ll","ssp126",NA,0.0966594700980806,19.003896895217
"4645",4976,"Georgia","ukesm1-0-ll","ssp126",NA,1.21359676082498,24.5276448173616
"4646",4977,"Georgia","ukesm1-0-ll","ssp126",NA,1.91004476985392,23.2109353866762
"4647",4978,"Georgia","ukesm1-0-ll","ssp126",NA,1.99885547521236,26.6685493524658
"4648",4979,"Georgia","ukesm1-0-ll","ssp126",NA,2.2516549731144,27.4967644273513
"4649",4980,"Georgia","ukesm1-0-ll","ssp126",NA,17.2010045896594,25.5345320362156
"4650",4981,"Georgia","ukesm1-0-ll","ssp126",NA,3.96339145719859,26.6858658982247
"4651",4982,"Georgia","ukesm1-0-ll","ssp126",NA,1.9891930790042,27.8429624100286
"4652",4983,"Georgia","ukesm1-0-ll","ssp126",NA,5.72862056296425,28.723659147766
"4653",4984,"Georgia","ukesm1-0-ll","ssp126",NA,1.5871918494236,30.0940796637362
"4654",4985,"Georgia","ukesm1-0-ll","ssp126",NA,4.40042841435275,32.0407086314647
"4655",4986,"Georgia","ukesm1-0-ll","ssp126",NA,12.2591951035681,29.0169267926898
"4656",4987,"Georgia","ukesm1-0-ll","ssp126",NA,3.48647799773244,29.5746303604533
"4657",4988,"Georgia","ukesm1-0-ll","ssp126",NA,3.77371369191837,30.053241454487
"4658",4989,"Georgia","ukesm1-0-ll","ssp126",NA,8.17447971565225,29.2779728997995
"4659",4990,"Georgia","ukesm1-0-ll","ssp126",NA,4.03628585855535,30.0855830675176
"4660",4991,"Georgia","ukesm1-0-ll","ssp126",NA,0.547960470464026,30.9477142555662
"4661",4992,"Georgia","ukesm1-0-ll","ssp126",NA,1.65989227677526,30.2208488704506
"4662",4993,"Georgia","ukesm1-0-ll","ssp126",NA,6.05724120010282,28.6362437989464
"4663",4994,"Georgia","ukesm1-0-ll","ssp126",NA,3.7041398766366,29.300309919676
"4664",4995,"Georgia","ukesm1-0-ll","ssp126",NA,5.22101766787702,26.7950720539971
"4665",4996,"Georgia","ukesm1-0-ll","ssp126",NA,12.9528964172886,26.2043536391732
"4666",4997,"Georgia","ukesm1-0-ll","ssp126",NA,0.832498932931898,26.1708281953456
"4667",4998,"Georgia","ukesm1-0-ll","ssp126",NA,1.11159113151191,24.7856778862979
"4668",4999,"Georgia","ukesm1-0-ll","ssp126",NA,2.63192309093784,24.5071894684947
"4669",5000,"Georgia","ukesm1-0-ll","ssp126",NA,23.4427738131009,23.0732189409381
"4670",5001,"Georgia","ukesm1-0-ll","ssp126",NA,0.0916058673523296,20.3268527495082
"4671",5002,"Georgia","ukesm1-0-ll","ssp126",NA,2.11143563497044,18.8330405025159
"4672",5003,"Georgia","ukesm1-0-ll","ssp126",NA,2.47628869039135,18.4382417618796
"4673",5004,"Georgia","ukesm1-0-ll","ssp126",NA,2.22572372172346,11.4861844337593
"4674",5005,"Georgia","ukesm1-0-ll","ssp126",NA,1.93770636299701,13.3307903299032
"4675",5006,"Georgia","ukesm1-0-ll","ssp126",NA,2.78446279390239,12.2859388743994
"4676",5007,"Georgia","ukesm1-0-ll","ssp126",NA,6.65544885485682,18.8793779350078
"4677",5008,"Georgia","ukesm1-0-ll","ssp126",NA,0.296486295461875,12.2102280143387
"4678",5009,"Georgia","ukesm1-0-ll","ssp126",NA,4.36730976082515,11.5492548834037
"4679",5010,"Georgia","ukesm1-0-ll","ssp126",NA,3.0131785931654,11.0035984436479
"4680",5011,"Georgia","ukesm1-0-ll","ssp126",NA,2.99792641896489,11.1745946408473
"4681",5012,"Georgia","ukesm1-0-ll","ssp126",NA,10.1852651385303,13.0640670665529
"4682",5013,"Georgia","ukesm1-0-ll","ssp126",NA,7.20234501280705,12.5389352128812
"4683",5014,"Georgia","ukesm1-0-ll","ssp126",NA,1.18803840188828,8.14954303436651
"4684",5015,"Georgia","ukesm1-0-ll","ssp126",NA,7.85799338446733,8.6934383955764
"4685",5016,"Georgia","ukesm1-0-ll","ssp126",NA,6.32210724846274,11.1590853564099
"4686",5017,"Georgia","ukesm1-0-ll","ssp126",NA,4.37047843411726,12.7984860325553
"4687",5018,"Georgia","ukesm1-0-ll","ssp126",NA,1.50968466779367,12.0410735862307
"4688",5019,"Georgia","ukesm1-0-ll","ssp126",NA,0.226124385560486,15.0799653946921
"4689",5020,"Georgia","ukesm1-0-ll","ssp126",NA,1.16878343195894,18.9063689224945
"4690",5021,"Georgia","ukesm1-0-ll","ssp126",NA,0.872639070912643,19.7915065959349
"4691",5022,"Georgia","ukesm1-0-ll","ssp126",NA,8.21704899771585,19.4880525824522
"4692",5023,"Georgia","ukesm1-0-ll","ssp126",NA,6.51782131834637,15.7873833238357
"4693",5024,"Georgia","ukesm1-0-ll","ssp126",NA,1.59776405958423,16.7596628701716
"4694",5025,"Georgia","ukesm1-0-ll","ssp126",NA,1.03583081422133,18.5921986577586
"4695",5026,"Georgia","ukesm1-0-ll","ssp126",NA,0.0594594338400707,18.6135298537285
"4696",5027,"Georgia","ukesm1-0-ll","ssp126",NA,3.25851078544256,21.9659515011397
"4697",5028,"Georgia","ukesm1-0-ll","ssp126",NA,1.36124609867147,20.2387815313824
"4698",5029,"Georgia","ukesm1-0-ll","ssp126",NA,2.51686811298647,22.8009938681097
"4699",5030,"Georgia","ukesm1-0-ll","ssp126",NA,0.706128932312754,26.7966148542723
"4700",5031,"Georgia","ukesm1-0-ll","ssp126",NA,9.84838293083043,26.1655138509903
"4701",5032,"Georgia","ukesm1-0-ll","ssp126",NA,2.73124039191871,26.83480697521
"4702",5033,"Georgia","ukesm1-0-ll","ssp126",NA,12.9259880796805,28.2232939713227
"4703",5034,"Georgia","ukesm1-0-ll","ssp126",NA,1.84569661894247,27.4932291912975
"4704",5035,"Georgia","ukesm1-0-ll","ssp126",NA,0.163091478193025,30.2327740020383
"4705",5036,"Georgia","ukesm1-0-ll","ssp126",NA,2.47829185017735,30.456246246264
"4706",5037,"Georgia","ukesm1-0-ll","ssp126",NA,4.40810479180178,31.2150030916598
"4707",5038,"Georgia","ukesm1-0-ll","ssp126",NA,1.31729615152793,31.7854359624461
"4708",5039,"Georgia","ukesm1-0-ll","ssp126",NA,6.6080925779035,30.091900132297
"4709",5040,"Georgia","ukesm1-0-ll","ssp126",NA,12.4317098345612,28.3402737596711
"4710",5041,"Georgia","ukesm1-0-ll","ssp126",NA,4.78126942805953,29.2438574248307
"4711",5042,"Georgia","ukesm1-0-ll","ssp126",NA,8.69220484814623,28.4256851454913
"4712",5043,"Georgia","ukesm1-0-ll","ssp126",NA,9.06073274754355,27.2667249924334
"4713",5044,"Georgia","ukesm1-0-ll","ssp126",NA,5.93220421417184,27.1346126972042
"4714",5045,"Georgia","ukesm1-0-ll","ssp126",NA,1.18389569493036,28.6774012974331
"4715",5046,"Georgia","ukesm1-0-ll","ssp126",NA,7.98022224281443,27.3354094202813
"4716",5047,"Georgia","ukesm1-0-ll","ssp126",NA,3.79761539596374,26.6624871427153
"4717",5048,"Georgia","ukesm1-0-ll","ssp126",NA,4.57212410251013,26.3040932865466
"4718",5049,"Georgia","ukesm1-0-ll","ssp126",NA,1.93578095803155,26.5856944973186
"4719",5050,"Georgia","ukesm1-0-ll","ssp126",NA,12.0147919716954,25.3652211778101
"4720",5051,"Georgia","ukesm1-0-ll","ssp126",NA,2.11776883139953,20.3104577902732
"4721",5052,"Georgia","ukesm1-0-ll","ssp126",NA,0.134414130383399,20.549586217109
"4722",5053,"Georgia","ukesm1-0-ll","ssp126",NA,0.0285035561807972,19.6059425778886
"4723",5054,"Georgia","ukesm1-0-ll","ssp126",NA,0.331614460083955,16.4841920718731
"4724",5055,"Georgia","ukesm1-0-ll","ssp126",NA,0.00432978827307862,16.0921356275065
"4725",5056,"Georgia","ukesm1-0-ll","ssp126",NA,0.351511122058697,17.0072561933689
"4726",5057,"Georgia","ukesm1-0-ll","ssp126",NA,2.69941869105236,15.3334092257964
"4727",5058,"Georgia","ukesm1-0-ll","ssp126",NA,0.177546045461756,13.6947168825903
"4728",5059,"Georgia","ukesm1-0-ll","ssp126",NA,0.122640554435512,15.9631639088037
"4729",5060,"Georgia","ukesm1-0-ll","ssp126",NA,10.1100602852491,14.5431044460786
"4730",5061,"Georgia","ukesm1-0-ll","ssp126",NA,0.541972566713674,9.85365878421518
"4731",5062,"Georgia","ukesm1-0-ll","ssp126",NA,1.38202521398901,13.1966363126372
"4732",5063,"Georgia","ukesm1-0-ll","ssp126",NA,3.35716635263298,10.7546290954147
"4733",5064,"Georgia","ukesm1-0-ll","ssp126",NA,0.000571303608717078,7.5600750274289
"4734",5065,"Georgia","ukesm1-0-ll","ssp126",NA,1.25966789485774,11.9911085521338
"4735",5066,"Georgia","ukesm1-0-ll","ssp126",NA,0.395856622262661,10.295025797329
"4736",5067,"Georgia","ukesm1-0-ll","ssp126",NA,4.8286446655409,11.8769752483969
"4737",5068,"Georgia","ukesm1-0-ll","ssp126",NA,11.658125990412,13.0962842447129
"4738",5069,"Georgia","ukesm1-0-ll","ssp126",NA,2.91518720702938,11.2326005764793
"4739",5070,"Georgia","ukesm1-0-ll","ssp126",NA,6.4297073515382,10.7057155507529
"4740",5071,"Georgia","ukesm1-0-ll","ssp126",NA,4.71998192832217,11.5475707268888
"4741",5072,"Georgia","ukesm1-0-ll","ssp126",NA,20.13885454624,17.8151937046005
"4742",5073,"Georgia","ukesm1-0-ll","ssp126",NA,0.634993694355648,15.56958882699
"4743",5074,"Georgia","ukesm1-0-ll","ssp126",NA,3.99625739698772,21.055573943279
"4744",5075,"Georgia","ukesm1-0-ll","ssp126",NA,3.71400760603789,22.6826763310098
"4745",5076,"Georgia","ukesm1-0-ll","ssp126",NA,0.705524156046852,20.8342539641817
"4746",5077,"Georgia","ukesm1-0-ll","ssp126",NA,4.17334264327944,22.7277786513507
"4747",5078,"Georgia","ukesm1-0-ll","ssp126",NA,0.0223066200867318,23.2998501609082
"4748",5079,"Georgia","ukesm1-0-ll","ssp126",NA,0.225648908990501,24.5935354459084
"4749",5080,"Georgia","ukesm1-0-ll","ssp126",NA,8.14311702794176,20.5863488148835
"4750",5081,"Georgia","ukesm1-0-ll","ssp126",NA,2.94731488015086,22.9667536035866
"4751",5082,"Georgia","ukesm1-0-ll","ssp126",NA,0.454807153276969,19.79672103771
"4752",5083,"Georgia","ukesm1-0-ll","ssp126",NA,1.53466984280632,27.0315852795617
"4753",5084,"Georgia","ukesm1-0-ll","ssp126",NA,5.36697645896886,25.8934903567409
"4754",5085,"Georgia","ukesm1-0-ll","ssp126",NA,1.61749232602607,26.1409409197422
"4755",5086,"Georgia","ukesm1-0-ll","ssp126",NA,7.57595536796792,26.2882220030408
"4756",5087,"Georgia","ukesm1-0-ll","ssp126",NA,22.6580649819012,28.2018512716594
"4757",5088,"Georgia","ukesm1-0-ll","ssp126",NA,4.65966647681267,29.7885675240949
"4758",5089,"Georgia","ukesm1-0-ll","ssp126",NA,6.96081184932117,28.2790746360945
"4759",5090,"Georgia","ukesm1-0-ll","ssp126",NA,4.4977575824208,29.5956716024847
"4760",5091,"Georgia","ukesm1-0-ll","ssp126",NA,8.04592852437054,29.5657517403148
"4761",5092,"Georgia","ukesm1-0-ll","ssp126",NA,3.95119820404899,28.6659862453655
"4762",5093,"Georgia","ukesm1-0-ll","ssp126",NA,2.45666763560073,29.2716241351629
"4763",5094,"Georgia","ukesm1-0-ll","ssp126",NA,1.76577433520862,28.9630993268103
"4764",5095,"Georgia","ukesm1-0-ll","ssp126",NA,4.18564120072321,27.0431281655522
"4765",5096,"Georgia","ukesm1-0-ll","ssp126",NA,1.94260443593336,30.2729721549637
"4766",5097,"Georgia","ukesm1-0-ll","ssp126",NA,0.983180566079012,29.2353264686271
"4767",5098,"Georgia","ukesm1-0-ll","ssp126",NA,0.333418292983357,29.2002511308499
"4768",5099,"Georgia","ukesm1-0-ll","ssp126",NA,7.06267377052859,28.4979187011719
"4769",5100,"Georgia","ukesm1-0-ll","ssp126",NA,3.28273086659192,26.9757855505401
"4770",5101,"Georgia","ukesm1-0-ll","ssp126",NA,11.6148914037188,25.7421343269995
"4771",5102,"Georgia","ukesm1-0-ll","ssp126",NA,6.30381855795574,23.8319315986541
"4772",5103,"Georgia","ukesm1-0-ll","ssp126",NA,14.5195677669592,24.1415522319064
"4773",5104,"Georgia","ukesm1-0-ll","ssp126",NA,5.07250618214308,22.7178967196486
"4774",5105,"Georgia","ukesm1-0-ll","ssp126",NA,0.1151279654852,15.6814913918262
"4775",5106,"Georgia","ukesm1-0-ll","ssp126",NA,15.6241551009689,17.1209631377213
"4776",5107,"Georgia","ukesm1-0-ll","ssp126",NA,0.769275402735047,11.978660927096
"4777",5108,"Georgia","ukesm1-0-ll","ssp126",NA,0.000274751552639385,14.4646613391202
"4778",5109,"Georgia","ukesm1-0-ll","ssp126",NA,0.0860708046572542,14.6016001408095
"4779",5110,"Georgia","ukesm1-0-ll","ssp126",NA,5.94311921625841,16.5069555250265
"4780",5111,"Georgia","ukesm1-0-ll","ssp126",NA,5.6555914857937,13.6923151565811
"4781",5112,"Georgia","ukesm1-0-ll","ssp126",NA,7.17484889664114,13.5949091802787
"4782",5113,"Georgia","ukesm1-0-ll","ssp126",NA,0.170258743213219,19.5128166734451
"4783",5114,"Georgia","ukesm1-0-ll","ssp126",NA,2.79764362433946,11.3294043293877
"4784",5115,"Georgia","ukesm1-0-ll","ssp126",NA,7.44251948702386,4.34704954872411
"4785",5116,"Georgia","ukesm1-0-ll","ssp126",NA,6.13792056964007,14.4214511825155
"4786",5117,"Georgia","ukesm1-0-ll","ssp126",NA,2.82111152203802,10.0755820950931
"4787",5118,"Georgia","ukesm1-0-ll","ssp126",NA,6.05255662103754,10.6822740605611
"4788",5119,"Georgia","ukesm1-0-ll","ssp126",NA,4.06960251585163,11.1662236617784
"4789",5120,"Georgia","ukesm1-0-ll","ssp126",NA,5.39514636315923,3.59530716496578
"4790",5121,"Georgia","ukesm1-0-ll","ssp126",NA,0.414183703952177,10.4326122662635
"4791",5122,"Georgia","ukesm1-0-ll","ssp126",NA,3.20489225750399,6.57712053571431
"4792",5123,"Georgia","ukesm1-0-ll","ssp126",NA,8.93149536524364,10.1638720348441
"4793",5124,"Georgia","ukesm1-0-ll","ssp126",NA,3.42546310502264,11.8991441629701
"4794",5125,"Georgia","ukesm1-0-ll","ssp126",NA,3.1431590560589,13.5070928171818
"4795",5126,"Georgia","ukesm1-0-ll","ssp126",NA,15.7428251677074,18.7494598758134
"4796",5127,"Georgia","ukesm1-0-ll","ssp126",NA,2.38438571989786,16.0087225888601
"4797",5128,"Georgia","ukesm1-0-ll","ssp126",NA,9.49123733002825,16.7905004764585
"4798",5129,"Georgia","ukesm1-0-ll","ssp126",NA,0.0141264645393121,13.9202365385707
"4799",5130,"Georgia","ukesm1-0-ll","ssp126",NA,0.87724843874408,16.8130944203522
"4800",5131,"Georgia","ukesm1-0-ll","ssp126",NA,0.123930842323111,20.5103797007415
"4801",5132,"Georgia","ukesm1-0-ll","ssp126",NA,0.244867362273294,21.1446402709075
"4802",5133,"Georgia","ukesm1-0-ll","ssp126",NA,0.85870981924894,24.4900523335824
"4803",5134,"Georgia","ukesm1-0-ll","ssp126",NA,3.74765610593135,26.3126559426075
"4804",5135,"Georgia","ukesm1-0-ll","ssp126",NA,1.06868366272522,26.502624245706
"4805",5136,"Georgia","ukesm1-0-ll","ssp126",NA,2.06704658379987,24.8463568070899
"4806",5137,"Georgia","ukesm1-0-ll","ssp126",NA,2.72217287135278,28.5328923629502
"4807",5138,"Georgia","ukesm1-0-ll","ssp126",NA,5.93260043162146,28.2151042504115
"4808",5139,"Georgia","ukesm1-0-ll","ssp126",NA,2.18893818366608,30.1673216295589
"4809",5140,"Georgia","ukesm1-0-ll","ssp126",NA,2.51947354654938,30.4339183890502
"4810",5141,"Georgia","ukesm1-0-ll","ssp126",NA,3.99014900624121,30.4706778094497
"4811",5142,"Georgia","ukesm1-0-ll","ssp126",NA,0.381033357669225,31.753702853667
"4812",5143,"Georgia","ukesm1-0-ll","ssp126",NA,7.33543744231159,30.8720594059757
"4813",5144,"Georgia","ukesm1-0-ll","ssp126",NA,1.16409201937682,31.0078443771991
"4814",5145,"Georgia","ukesm1-0-ll","ssp126",NA,1.29189518637677,32.5966711455338
"4815",5146,"Georgia","ukesm1-0-ll","ssp126",NA,11.4299781202267,29.5743301354656
"4816",5147,"Georgia","ukesm1-0-ll","ssp126",NA,4.52373471569392,29.9068059962829
"4817",5148,"Georgia","ukesm1-0-ll","ssp126",NA,3.52464000773802,28.4601757723829
"4818",5149,"Georgia","ukesm1-0-ll","ssp126",NA,1.32899596833726,29.7649559335039
"4819",5150,"Georgia","ukesm1-0-ll","ssp126",NA,6.04033328909765,28.6941082305539
"4820",5151,"Georgia","ukesm1-0-ll","ssp126",NA,7.75939700856185,27.6411542472193
"4821",5152,"Georgia","ukesm1-0-ll","ssp126",NA,0.150416313376049,28.9659431512939
"4822",5153,"Georgia","ukesm1-0-ll","ssp126",NA,1.89533757491883,28.3070463979504
"4823",5154,"Georgia","ukesm1-0-ll","ssp126",NA,13.2783780235476,25.3825304082173
"4824",5155,"Georgia","ukesm1-0-ll","ssp126",NA,0.350834319369802,21.1455362906468
"4825",5156,"Georgia","ukesm1-0-ll","ssp126",NA,0.0104508964773947,17.5971002389386
"4826",5157,"Georgia","ukesm1-0-ll","ssp126",NA,6.28803673643262,21.1134063794596
"4827",5158,"Georgia","ukesm1-0-ll","ssp126",NA,1.38842365628987,21.6543894917856
"4828",5159,"Georgia","ukesm1-0-ll","ssp126",NA,4.36853023540616,16.055384926415
"4829",5160,"Georgia","ukesm1-0-ll","ssp126",NA,0.207340483449131,15.5333986000634
"4830",5161,"Georgia","ukesm1-0-ll","ssp126",NA,0.231780968878131,16.4622468297187
"4831",5162,"Georgia","ukesm1-0-ll","ssp126",NA,2.98252025302724,17.0048131614851
"4832",5163,"Georgia","ukesm1-0-ll","ssp126",NA,13.556224926528,15.456778936871
"4833",5164,"Georgia","ukesm1-0-ll","ssp126",NA,0.290362646263253,9.36808923901429
"4834",5165,"Georgia","ukesm1-0-ll","ssp126",NA,0.282809824915004,12.7412407457107
"4835",5166,"Georgia","ukesm1-0-ll","ssp126",NA,5.36405912554353,11.7957192039952
"4836",5167,"Georgia","ukesm1-0-ll","ssp126",NA,3.81261296785761,10.2230272196107
"4837",5168,"Georgia","ukesm1-0-ll","ssp126",NA,9.66060119340693,14.1015821110539
"4838",5169,"Georgia","ukesm1-0-ll","ssp126",NA,4.14924561250072,11.4596687963454
"4839",5170,"Georgia","ukesm1-0-ll","ssp126",NA,12.9189107322623,12.4318796966036
"4840",5171,"Georgia","ukesm1-0-ll","ssp126",NA,13.2280576753461,12.6968674481926
"4841",5172,"Georgia","ukesm1-0-ll","ssp126",NA,14.1394672373413,10.1034259491336
"4842",5173,"Georgia","ukesm1-0-ll","ssp126",NA,5.25616759104863,17.0253044959708
"4843",5174,"Georgia","ukesm1-0-ll","ssp126",NA,0.413426657129759,6.90980440375305
"4844",5175,"Georgia","ukesm1-0-ll","ssp126",NA,1.37779929677505,12.9812334185363
"4845",5176,"Georgia","ukesm1-0-ll","ssp126",NA,15.508519098445,17.4586265434653
"4846",5177,"Georgia","ukesm1-0-ll","ssp126",NA,3.18152983222442,13.2577051638403
"4847",5178,"Georgia","ukesm1-0-ll","ssp126",NA,0.698993681242683,12.3205064972146
"4848",5179,"Georgia","ukesm1-0-ll","ssp126",NA,5.96077948119374,16.758057852461
"4849",5180,"Georgia","ukesm1-0-ll","ssp126",NA,6.6256227232341,17.8136815696883
"4850",5181,"Georgia","ukesm1-0-ll","ssp126",NA,1.9777542646611,18.4926648008333
"4851",5182,"Georgia","ukesm1-0-ll","ssp126",NA,0.0157069975543219,17.9020861166153
"4852",5183,"Georgia","ukesm1-0-ll","ssp126",NA,0.259652263106475,21.7496786713312
"4853",5184,"Georgia","ukesm1-0-ll","ssp126",NA,0.829269487163295,22.8778851599151
"4854",5185,"Georgia","ukesm1-0-ll","ssp126",NA,0.285793550262627,25.1710132220178
"4855",5186,"Georgia","ukesm1-0-ll","ssp126",NA,0.0607558107290732,26.4058812323841
"4856",5187,"Georgia","ukesm1-0-ll","ssp126",NA,2.13777718272556,23.8669506303912
"4857",5188,"Georgia","ukesm1-0-ll","ssp126",NA,1.84482791987086,25.9757126187008
"4858",5189,"Georgia","ukesm1-0-ll","ssp126",NA,6.33969474968979,27.9397944637419
"4859",5190,"Georgia","ukesm1-0-ll","ssp126",NA,11.6216202023924,27.6040043052692
"4860",5191,"Georgia","ukesm1-0-ll","ssp126",NA,15.3771759650369,29.0790095220755
"4861",5192,"Georgia","ukesm1-0-ll","ssp126",NA,5.52307789583356,26.662548916796
"4862",5193,"Georgia","ukesm1-0-ll","ssp126",NA,0.588324772070777,27.5622809384695
"4863",5194,"Georgia","ukesm1-0-ll","ssp126",NA,0.414544995246109,28.2776159254171
"4864",5195,"Georgia","ukesm1-0-ll","ssp126",NA,14.095329612395,28.8974739721266
"4865",5196,"Georgia","ukesm1-0-ll","ssp126",NA,4.29881574183319,29.2050237697204
"4866",5197,"Georgia","ukesm1-0-ll","ssp126",NA,10.0503248647608,29.5987412422679
"4867",5198,"Georgia","ukesm1-0-ll","ssp126",NA,5.73134736446032,29.4788736634335
"4868",5199,"Georgia","ukesm1-0-ll","ssp126",NA,7.69738014856319,28.9390326326754
"4869",5200,"Georgia","ukesm1-0-ll","ssp126",NA,1.43794653671622,28.4720420116951
"4870",5201,"Georgia","ukesm1-0-ll","ssp126",NA,2.05611167776926,30.6890388396404
"4871",5202,"Georgia","ukesm1-0-ll","ssp126",NA,2.06328257089903,29.0346332688597
"4872",5203,"Georgia","ukesm1-0-ll","ssp126",NA,3.41589638913344,27.7899261105147
"4873",5204,"Georgia","ukesm1-0-ll","ssp126",NA,4.22036314450395,25.0766291509818
"4874",5205,"Georgia","ukesm1-0-ll","ssp126",NA,5.84050168172524,25.4095586374943
"4875",5206,"Georgia","ukesm1-0-ll","ssp126",NA,5.37777728498355,24.5673644428392
"4876",5207,"Georgia","ukesm1-0-ll","ssp126",NA,0.65480986489711,20.5805505489322
"4877",5208,"Georgia","ukesm1-0-ll","ssp126",NA,0.513287050900817,16.3673232699711
"4878",5209,"Georgia","ukesm1-0-ll","ssp126",NA,0.00732242637721215,16.844115649355
"4879",5210,"Georgia","ukesm1-0-ll","ssp126",NA,9.05044964138296,20.2489410769853
"4880",5211,"Georgia","ukesm1-0-ll","ssp126",NA,1.54598999065335,18.7233394151739
"4881",5212,"Georgia","ukesm1-0-ll","ssp126",NA,0.427690900359912,16.8685645151947
"4882",5213,"Georgia","ukesm1-0-ll","ssp126",NA,0.00483083125707986,17.0455249407678
"4883",5214,"Georgia","ukesm1-0-ll","ssp126",NA,2.9512985356205,13.8423683148031
"4884",5215,"Georgia","ukesm1-0-ll","ssp126",NA,8.94083255375633,11.9425465877062
"4885",5216,"Georgia","ukesm1-0-ll","ssp126",NA,4.08938867621791,7.57635072426417
"4886",5217,"Georgia","ukesm1-0-ll","ssp126",NA,1.27339827803604,7.93673132649348
"4887",5218,"Georgia","ukesm1-0-ll","ssp126",NA,3.10669977016864,8.02820684326765
"4888",5219,"Georgia","ukesm1-0-ll","ssp126",NA,0.662449574936646,11.1710861538571
"4889",5220,"Georgia","ukesm1-0-ll","ssp126",NA,6.30342276018794,11.3314234403375
"4890",5221,"Georgia","ukesm1-0-ll","ssp126",NA,0.0907829335529062,6.35858497157803
"4891",5222,"Georgia","ukesm1-0-ll","ssp126",NA,11.7156689693831,12.5319394460314
"4892",5223,"Georgia","ukesm1-0-ll","ssp126",NA,6.84498515114304,9.58073786627007
"4893",5224,"Georgia","ukesm1-0-ll","ssp126",NA,2.27120503948459,9.89861575812465
"4894",5225,"Georgia","ukesm1-0-ll","ssp126",NA,5.5816493189359,7.83798464574193
"4895",5226,"Georgia","ukesm1-0-ll","ssp126",NA,0.922294978535304,8.35343319059287
"4896",5227,"Georgia","ukesm1-0-ll","ssp126",NA,1.95962620733337,10.5281255615826
"4897",5228,"Georgia","ukesm1-0-ll","ssp126",NA,2.67003081886071,17.657657237203
"4898",5229,"Georgia","ukesm1-0-ll","ssp126",NA,0.0804573995014779,11.2036722769749
"4899",5230,"Georgia","ukesm1-0-ll","ssp126",NA,1.83901251671522,15.3256305685344
"4900",5231,"Georgia","ukesm1-0-ll","ssp126",NA,3.11267700920614,15.4758856747976
"4901",5232,"Georgia","ukesm1-0-ll","ssp126",NA,0,10.4493190269686
