"","Week_index","Region","gcm","ssp","value","pr","tas"
"1",523,"Sicily","ipsl-cm6a-lr","ssp126",0,2.20658917512212,10.3854745047433
"2",524,"Sicily","ipsl-cm6a-lr","ssp126",0,10.7801328064982,8.21246599469868
"3",525,"Sicily","ipsl-cm6a-lr","ssp126",0,0.0874492480111907,11.9364039829799
"4",526,"Sicily","ipsl-cm6a-lr","ssp126",0,3.49738642632604,11.0883030482701
"5",527,"Sicily","ipsl-cm6a-lr","ssp126",0,6.10435287245699,7.49161028180806
"6",528,"Sicily","ipsl-cm6a-lr","ssp126",0,0.0542821834512454,10.3044372558594
"7",529,"Sicily","ipsl-cm6a-lr","ssp126",0,0.0664436364396741,8.72478637695315
"8",530,"Sicily","ipsl-cm6a-lr","ssp126",0,0.331723008171788,9.8208208356585
"9",531,"Sicily","ipsl-cm6a-lr","ssp126",0,0.0180832339018317,11.6226135253906
"10",532,"Sicily","ipsl-cm6a-lr","ssp126",0,1.25236106458552,9.74204624720984
"11",533,"Sicily","ipsl-cm6a-lr","ssp126",0,3.11205725717757,9.81927751813618
"12",534,"Sicily","ipsl-cm6a-lr","ssp126",0,0,13.2827828543527
"13",535,"Sicily","ipsl-cm6a-lr","ssp126",0,0,14.1572378976005
"14",536,"Sicily","ipsl-cm6a-lr","ssp126",0,2.34587468398136,13.4545837402344
"15",537,"Sicily","ipsl-cm6a-lr","ssp126",0,2.69854973017313,13.596089390346
"16",538,"Sicily","ipsl-cm6a-lr","ssp126",0,3.44303033946614,12.473779296875
"17",539,"Sicily","ipsl-cm6a-lr","ssp126",0,0.0951221722061746,15.4892081124442
"18",540,"Sicily","ipsl-cm6a-lr","ssp126",0,3.61304986061961,15.5677254813058
"19",541,"Sicily","ipsl-cm6a-lr","ssp126",0,0.467177469961046,14.4076782226563
"20",542,"Sicily","ipsl-cm6a-lr","ssp126",11,0.837563137507199,17.069713483538
"21",543,"Sicily","ipsl-cm6a-lr","ssp126",13,1.41800678705165,18.8724870954241
"22",544,"Sicily","ipsl-cm6a-lr","ssp126",18,3.65655373981489,18.3911594935826
"23",545,"Sicily","ipsl-cm6a-lr","ssp126",8,0.0416103609625549,21.851447405134
"24",546,"Sicily","ipsl-cm6a-lr","ssp126",NA,0,23.6547703334264
"25",547,"Sicily","ipsl-cm6a-lr","ssp126",33,0,23.3900172642299
"26",548,"Sicily","ipsl-cm6a-lr","ssp126",6.5,0,25.4018232073103
"27",549,"Sicily","ipsl-cm6a-lr","ssp126",9,0,24.5480808803014
"28",550,"Sicily","ipsl-cm6a-lr","ssp126",9,0,26.1394984654018
"29",551,"Sicily","ipsl-cm6a-lr","ssp126",41,0,26.5175981794085
"30",552,"Sicily","ipsl-cm6a-lr","ssp126",58,0.110276712543314,25.9011823381697
"31",553,"Sicily","ipsl-cm6a-lr","ssp126",NA,0.675166386645287,28.0222063337054
"32",554,"Sicily","ipsl-cm6a-lr","ssp126",101,6.87342868685456,24.9377380371094
"33",555,"Sicily","ipsl-cm6a-lr","ssp126",NA,0.998645693886959,24.6984235491072
"34",556,"Sicily","ipsl-cm6a-lr","ssp126",76,0,24.9442557198661
"35",557,"Sicily","ipsl-cm6a-lr","ssp126",NA,0,25.7766183035714
"36",558,"Sicily","ipsl-cm6a-lr","ssp126",NA,0,24.634663609096
"37",559,"Sicily","ipsl-cm6a-lr","ssp126",117,0.142366958399569,27.4627275739398
"38",560,"Sicily","ipsl-cm6a-lr","ssp126",82.5,0.0229685344882975,25.023322405134
"39",561,"Sicily","ipsl-cm6a-lr","ssp126",NA,6.15760195172957,22.3796369280134
"40",562,"Sicily","ipsl-cm6a-lr","ssp126",172,0.434476341927491,19.1466962541853
"41",563,"Sicily","ipsl-cm6a-lr","ssp126",44,1.39151510712899,19.7034763881139
"42",564,"Sicily","ipsl-cm6a-lr","ssp126",NA,0.0888398310053162,18.9489249093192
"43",565,"Sicily","ipsl-cm6a-lr","ssp126",15,0.824696790784531,17.6062822614398
"44",566,"Sicily","ipsl-cm6a-lr","ssp126",0,0.286664307454235,19.0646214076451
"45",567,"Sicily","ipsl-cm6a-lr","ssp126",16.5,2.25741801633766,16.7119166782924
"46",568,"Sicily","ipsl-cm6a-lr","ssp126",NA,0,16.9582763671875
"47",569,"Sicily","ipsl-cm6a-lr","ssp126",7,5.37630981000673,11.7086992536273
"48",570,"Sicily","ipsl-cm6a-lr","ssp126",0,1.24568409851885,12.9903939383371
"49",571,"Sicily","ipsl-cm6a-lr","ssp126",0,5.43836063131624,13.2323678152902
"50",572,"Sicily","ipsl-cm6a-lr","ssp126",0,0.684640728702236,12.0141104561942
"51",573,"Sicily","ipsl-cm6a-lr","ssp126",0,1.62360478175937,11.8603149414063
"52",574,"Sicily","ipsl-cm6a-lr","ssp126",0,0,12.6329284667969
"53",575,"Sicily","ipsl-cm6a-lr","ssp126",NA,1.78490146395883,11.020885358538
"54",576,"Sicily","ipsl-cm6a-lr","ssp126",0,4.92692855784428,11.1294581821987
"55",577,"Sicily","ipsl-cm6a-lr","ssp126",0,3.45105158786672,9.68622959681922
"56",578,"Sicily","ipsl-cm6a-lr","ssp126",0,5.98210701687744,7.96574009486609
"57",579,"Sicily","ipsl-cm6a-lr","ssp126",NA,1.62395192445339,11.0442138671875
"58",580,"Sicily","ipsl-cm6a-lr","ssp126",0,6.92576741566882,9.04859967912949
"59",581,"Sicily","ipsl-cm6a-lr","ssp126",0,5.62489361213271,10.0278608049665
"60",582,"Sicily","ipsl-cm6a-lr","ssp126",0,0.430777436122298,10.6074070521764
"61",583,"Sicily","ipsl-cm6a-lr","ssp126",0,1.87732105051899,11.8735770089286
"62",584,"Sicily","ipsl-cm6a-lr","ssp126",NA,0,13.2237487792969
"63",585,"Sicily","ipsl-cm6a-lr","ssp126",NA,7.8977260634669,9.46336844308038
"64",586,"Sicily","ipsl-cm6a-lr","ssp126",NA,10.8886930226747,8.17189069475449
"65",587,"Sicily","ipsl-cm6a-lr","ssp126",NA,1.99302729285721,9.79222586495538
"66",588,"Sicily","ipsl-cm6a-lr","ssp126",NA,4.48901293254624,10.5831019810268
"67",589,"Sicily","ipsl-cm6a-lr","ssp126",NA,1.54044423834421,11.7841343470982
"68",590,"Sicily","ipsl-cm6a-lr","ssp126",NA,0.0693086280080024,14.2165204729353
"69",591,"Sicily","ipsl-cm6a-lr","ssp126",NA,0.885413104593421,14.0920000348773
"70",592,"Sicily","ipsl-cm6a-lr","ssp126",NA,0.0802495374435759,19.5029628208706
"71",593,"Sicily","ipsl-cm6a-lr","ssp126",NA,0.0687570473279006,19.0518476213728
"72",594,"Sicily","ipsl-cm6a-lr","ssp126",NA,1.77903894384924,16.183012172154
"73",595,"Sicily","ipsl-cm6a-lr","ssp126",NA,0.585952858403159,16.1122637067523
"74",596,"Sicily","ipsl-cm6a-lr","ssp126",NA,1.31843064737041,19.1611179896764
"75",597,"Sicily","ipsl-cm6a-lr","ssp126",NA,0,24.0427185058594
"76",598,"Sicily","ipsl-cm6a-lr","ssp126",NA,0,26.0137486049107
"77",599,"Sicily","ipsl-cm6a-lr","ssp126",NA,0,24.3955540248326
"78",600,"Sicily","ipsl-cm6a-lr","ssp126",NA,0.0382546113022337,22.907373046875
"79",601,"Sicily","ipsl-cm6a-lr","ssp126",NA,0,24.3254115513393
"80",602,"Sicily","ipsl-cm6a-lr","ssp126",NA,0,23.2825169154576
"81",603,"Sicily","ipsl-cm6a-lr","ssp126",NA,0.0628415135517051,25.0180341448103
"82",604,"Sicily","ipsl-cm6a-lr","ssp126",NA,0,26.016752406529
"83",605,"Sicily","ipsl-cm6a-lr","ssp126",NA,0,28.8498735700335
"84",606,"Sicily","ipsl-cm6a-lr","ssp126",NA,0.0355374882929027,28.1560651506697
"85",607,"Sicily","ipsl-cm6a-lr","ssp126",NA,0,28.3525939941406
"86",608,"Sicily","ipsl-cm6a-lr","ssp126",NA,1.27146187182266,26.1122462681362
"87",609,"Sicily","ipsl-cm6a-lr","ssp126",NA,2.86787352483121,26.0241725376674
"88",610,"Sicily","ipsl-cm6a-lr","ssp126",NA,0.22726884219862,25.0218401227679
"89",611,"Sicily","ipsl-cm6a-lr","ssp126",NA,0.142674881083492,24.3055228097098
"90",612,"Sicily","ipsl-cm6a-lr","ssp126",NA,0,22.2056605747768
"91",613,"Sicily","ipsl-cm6a-lr","ssp126",NA,0.0527195516042411,24.5401986258371
"92",614,"Sicily","ipsl-cm6a-lr","ssp126",NA,0.0266802825665634,23.9235953194755
"93",615,"Sicily","ipsl-cm6a-lr","ssp126",NA,0.0641438648537068,21.8523367745536
"94",616,"Sicily","ipsl-cm6a-lr","ssp126",NA,5.34123713847034,18.4895874023438
"95",617,"Sicily","ipsl-cm6a-lr","ssp126",NA,0,17.6326668875558
"96",618,"Sicily","ipsl-cm6a-lr","ssp126",NA,0.017330180240346,18.3725830078125
"97",619,"Sicily","ipsl-cm6a-lr","ssp126",NA,1.68216954895927,16.0893537248884
"98",620,"Sicily","ipsl-cm6a-lr","ssp126",NA,0.454498147259333,15.6548226492746
"99",621,"Sicily","ipsl-cm6a-lr","ssp126",NA,0.0388003573919247,16.0898725237165
"100",622,"Sicily","ipsl-cm6a-lr","ssp126",NA,1.28140084260459,15.0667227608817
"101",623,"Sicily","ipsl-cm6a-lr","ssp126",NA,0,14.4844168526786
"102",624,"Sicily","ipsl-cm6a-lr","ssp126",NA,0.489883195301185,13.8692958286831
"103",625,"Sicily","ipsl-cm6a-lr","ssp126",NA,5.22636804900165,8.65559866768976
"104",626,"Sicily","ipsl-cm6a-lr","ssp126",NA,3.91872160502576,11.8251848493304
"105",627,"Sicily","ipsl-cm6a-lr","ssp126",NA,1.64996123473559,12.9066842215402
"106",628,"Sicily","ipsl-cm6a-lr","ssp126",NA,0.570228393085667,11.9057817731585
"107",629,"Sicily","ipsl-cm6a-lr","ssp126",NA,1.51707357035775,11.6831168038505
"108",630,"Sicily","ipsl-cm6a-lr","ssp126",NA,0.0500603984359519,12.8032121930804
"109",631,"Sicily","ipsl-cm6a-lr","ssp126",NA,0.0624385058472399,10.5098641531808
"110",632,"Sicily","ipsl-cm6a-lr","ssp126",NA,4.0347767440835,9.03011474609377
"111",633,"Sicily","ipsl-cm6a-lr","ssp126",NA,10.7352706857325,7.64813494001118
"112",634,"Sicily","ipsl-cm6a-lr","ssp126",NA,1.67834833565783,8.590962437221
"113",635,"Sicily","ipsl-cm6a-lr","ssp126",NA,0.296216915532048,10.5780011858259
"114",636,"Sicily","ipsl-cm6a-lr","ssp126",NA,0.0257707207180959,11.6117449079241
"115",637,"Sicily","ipsl-cm6a-lr","ssp126",NA,0.271301235937114,9.63300694056922
"116",638,"Sicily","ipsl-cm6a-lr","ssp126",NA,2.01934438830774,11.6670863560268
"117",639,"Sicily","ipsl-cm6a-lr","ssp126",NA,0,13.0573102678572
"118",640,"Sicily","ipsl-cm6a-lr","ssp126",NA,0.651314109563828,13.2939915248326
"119",641,"Sicily","ipsl-cm6a-lr","ssp126",NA,0,13.8033081054688
"120",642,"Sicily","ipsl-cm6a-lr","ssp126",NA,0,15.5488699776786
"121",643,"Sicily","ipsl-cm6a-lr","ssp126",NA,0.212735306870724,16.3798025948661
"122",644,"Sicily","ipsl-cm6a-lr","ssp126",NA,2.18604712302165,17.3070966448103
"123",645,"Sicily","ipsl-cm6a-lr","ssp126",NA,5.61639267003297,16.9514011928014
"124",646,"Sicily","ipsl-cm6a-lr","ssp126",NA,1.62545565191457,18.688862827846
"125",647,"Sicily","ipsl-cm6a-lr","ssp126",NA,0.582895931542485,21.2012965611049
"126",648,"Sicily","ipsl-cm6a-lr","ssp126",NA,0,21.4347821916853
"127",649,"Sicily","ipsl-cm6a-lr","ssp126",NA,0.376609020167962,21.3381461007255
"128",650,"Sicily","ipsl-cm6a-lr","ssp126",NA,0.132399603275449,23.3974984305246
"129",651,"Sicily","ipsl-cm6a-lr","ssp126",NA,0.200667454295659,23.8375575474331
"130",652,"Sicily","ipsl-cm6a-lr","ssp126",NA,0,24.9754970005581
"131",653,"Sicily","ipsl-cm6a-lr","ssp126",NA,0,26.2366664341518
"132",654,"Sicily","ipsl-cm6a-lr","ssp126",NA,0,24.068994140625
"133",655,"Sicily","ipsl-cm6a-lr","ssp126",NA,0,25.0207632882255
"134",656,"Sicily","ipsl-cm6a-lr","ssp126",NA,0,25.7397399902344
"135",657,"Sicily","ipsl-cm6a-lr","ssp126",NA,0,26.2374206542969
"136",658,"Sicily","ipsl-cm6a-lr","ssp126",NA,0,27.0032156808036
"137",659,"Sicily","ipsl-cm6a-lr","ssp126",NA,2.20423944327714,25.8572631835938
"138",660,"Sicily","ipsl-cm6a-lr","ssp126",NA,0,28.4986903599331
"139",661,"Sicily","ipsl-cm6a-lr","ssp126",NA,0.0155960117159079,25.1208914620536
"140",662,"Sicily","ipsl-cm6a-lr","ssp126",NA,0,22.8747802734375
"141",663,"Sicily","ipsl-cm6a-lr","ssp126",16,0.0471302834089979,22.0980032784598
"142",664,"Sicily","ipsl-cm6a-lr","ssp126",7,0.0928929826061774,23.3298671177456
"143",665,"Sicily","ipsl-cm6a-lr","ssp126",57,0.058680319593155,21.1489763532366
"144",666,"Sicily","ipsl-cm6a-lr","ssp126",25,1.09384500111836,21.9836713518415
"145",667,"Sicily","ipsl-cm6a-lr","ssp126",24,0.324284382492936,20.895170375279
"146",668,"Sicily","ipsl-cm6a-lr","ssp126",27.5,0.0600029446234528,22.0540579659598
"147",669,"Sicily","ipsl-cm6a-lr","ssp126",2.5,0.137944361319699,20.9404497419085
"148",670,"Sicily","ipsl-cm6a-lr","ssp126",4,1.81654186121055,20.5291774204799
"149",671,"Sicily","ipsl-cm6a-lr","ssp126",NA,0.728020720375103,21.1239911760603
"150",672,"Sicily","ipsl-cm6a-lr","ssp126",0,1.57695345114917,18.2297694614956
"151",673,"Sicily","ipsl-cm6a-lr","ssp126",0,1.35383512159543,17.9214852469308
"152",674,"Sicily","ipsl-cm6a-lr","ssp126",25,5.43302357795515,16.697394670759
"153",675,"Sicily","ipsl-cm6a-lr","ssp126",NA,15.6216410537516,12.074108014788
"154",676,"Sicily","ipsl-cm6a-lr","ssp126",0,1.53867763999317,12.6456107003348
"155",677,"Sicily","ipsl-cm6a-lr","ssp126",0,0,13.4607875279018
"156",678,"Sicily","ipsl-cm6a-lr","ssp126",0,4.01117934795496,11.3100699288505
"157",679,"Sicily","ipsl-cm6a-lr","ssp126",0,0,12.2139657156808
"158",680,"Sicily","ipsl-cm6a-lr","ssp126",0,5.79123270789361,10.3754342215402
"159",681,"Sicily","ipsl-cm6a-lr","ssp126",0,0.0914247720564682,9.97280273437502
"160",682,"Sicily","ipsl-cm6a-lr","ssp126",0,0,12.6441240583148
"161",683,"Sicily","ipsl-cm6a-lr","ssp126",0,3.5324095291019,11.6168064662389
"162",684,"Sicily","ipsl-cm6a-lr","ssp126",0,1.79487173778138,10.4474775041853
"163",685,"Sicily","ipsl-cm6a-lr","ssp126",0,13.5259452546182,11.2207929338728
"164",686,"Sicily","ipsl-cm6a-lr","ssp126",0,0.220928580269434,12.2141793387277
"165",687,"Sicily","ipsl-cm6a-lr","ssp126",0,0.313098437098753,13.2469334193639
"166",688,"Sicily","ipsl-cm6a-lr","ssp126",0,4.02671901475904,10.7994149344308
"167",689,"Sicily","ipsl-cm6a-lr","ssp126",0,4.80682061378112,10.218150983538
"168",690,"Sicily","ipsl-cm6a-lr","ssp126",0,0.322013441473246,11.284086390904
"169",691,"Sicily","ipsl-cm6a-lr","ssp126",0,0,14.7954738071987
"170",692,"Sicily","ipsl-cm6a-lr","ssp126",NA,2.47978218789545,12.7094491141183
"171",693,"Sicily","ipsl-cm6a-lr","ssp126",0,0,13.0118347167969
"172",694,"Sicily","ipsl-cm6a-lr","ssp126",0,1.40873191558057,14.1417218889509
"173",695,"Sicily","ipsl-cm6a-lr","ssp126",0,4.45839514057817,14.1281372070313
"174",696,"Sicily","ipsl-cm6a-lr","ssp126",0,1.49190516094677,16.8099696568081
"175",697,"Sicily","ipsl-cm6a-lr","ssp126",0,0.443812528517031,19.147855922154
"176",698,"Sicily","ipsl-cm6a-lr","ssp126",0,2.00189333325917,17.4515625
"177",699,"Sicily","ipsl-cm6a-lr","ssp126",0,0.725028240620824,16.9512791224889
"178",700,"Sicily","ipsl-cm6a-lr","ssp126",0,1.27745812725542,20.7776166643415
"179",701,"Sicily","ipsl-cm6a-lr","ssp126",0,0.0198467549905347,24.0930071149554
"180",702,"Sicily","ipsl-cm6a-lr","ssp126",0,0,21.9694675990514
"181",703,"Sicily","ipsl-cm6a-lr","ssp126",0,0,22.6462733677456
"182",704,"Sicily","ipsl-cm6a-lr","ssp126",2,0.0550317725615709,24.2702270507813
"183",705,"Sicily","ipsl-cm6a-lr","ssp126",0,0,25.6916355678014
"184",706,"Sicily","ipsl-cm6a-lr","ssp126",4,0.0154851657238656,26.6221688406808
"185",707,"Sicily","ipsl-cm6a-lr","ssp126",6,0.0349423656838813,27.8054704938616
"186",708,"Sicily","ipsl-cm6a-lr","ssp126",0,0.0688853269301554,29.1087105887277
"187",709,"Sicily","ipsl-cm6a-lr","ssp126",0,0.0166647899667233,29.2983468191964
"188",710,"Sicily","ipsl-cm6a-lr","ssp126",17,0.79252657680107,27.5628295898438
"189",711,"Sicily","ipsl-cm6a-lr","ssp126",31,0.0571342794241251,27.9885803222656
"190",712,"Sicily","ipsl-cm6a-lr","ssp126",0,0,28.0677124023438
"191",713,"Sicily","ipsl-cm6a-lr","ssp126",16,0,27.775284249442
"192",714,"Sicily","ipsl-cm6a-lr","ssp126",27,0.246865578394915,28.2313563755581
"193",715,"Sicily","ipsl-cm6a-lr","ssp126",11,2.39303096064499,27.1538766043527
"194",716,"Sicily","ipsl-cm6a-lr","ssp126",83,0,27.4532060895648
"195",717,"Sicily","ipsl-cm6a-lr","ssp126",147,2.63461386327565,25.6839407784598
"196",718,"Sicily","ipsl-cm6a-lr","ssp126",198,7.07936944340223,24.7661289760045
"197",719,"Sicily","ipsl-cm6a-lr","ssp126",134,0.12287496699303,22.8173243931362
"198",720,"Sicily","ipsl-cm6a-lr","ssp126",147,0.689396175273162,21.7280735560826
"199",721,"Sicily","ipsl-cm6a-lr","ssp126",335,0,19.9008989606585
"200",722,"Sicily","ipsl-cm6a-lr","ssp126",72,0.109403024024297,19.990607561384
"201",723,"Sicily","ipsl-cm6a-lr","ssp126",0,12.3384957679913,15.3429678780692
"202",724,"Sicily","ipsl-cm6a-lr","ssp126",0,0.144259296523939,17.7681213378906
"203",725,"Sicily","ipsl-cm6a-lr","ssp126",0,0.2582792159436,16.6132141113281
"204",726,"Sicily","ipsl-cm6a-lr","ssp126",0,1.99604316148907,14.2942313058036
"205",727,"Sicily","ipsl-cm6a-lr","ssp126",0,14.5848157815635,10.9604561941965
"206",728,"Sicily","ipsl-cm6a-lr","ssp126",0,2.3329733072647,10.8413242885045
"207",729,"Sicily","ipsl-cm6a-lr","ssp126",0,5.20589399134873,12.5991149902344
"208",730,"Sicily","ipsl-cm6a-lr","ssp126",0,5.60211765280526,10.8280883789063
"209",731,"Sicily","ipsl-cm6a-lr","ssp126",NA,0.260240918058636,11.5012974330357
"210",732,"Sicily","ipsl-cm6a-lr","ssp126",0,1.00105795884571,12.0095110212054
"211",733,"Sicily","ipsl-cm6a-lr","ssp126",NA,0.47800277368099,11.0070390973773
"212",734,"Sicily","ipsl-cm6a-lr","ssp126",0,0.106067111690728,12.4186689104353
"213",735,"Sicily","ipsl-cm6a-lr","ssp126",0,2.01967476251801,10.0467468261719
"214",736,"Sicily","ipsl-cm6a-lr","ssp126",0,10.663495861393,8.59469866071431
"215",737,"Sicily","ipsl-cm6a-lr","ssp126",0,7.14943907431526,7.55969499860493
"216",738,"Sicily","ipsl-cm6a-lr","ssp126",0,10.1620981369966,6.45076032366074
"217",739,"Sicily","ipsl-cm6a-lr","ssp126",0,4.06131285417359,9.27778669084824
"218",740,"Sicily","ipsl-cm6a-lr","ssp126",0,0.101902909227647,11.5693559919085
"219",741,"Sicily","ipsl-cm6a-lr","ssp126",0,3.93499132811225,9.78284388950895
"220",742,"Sicily","ipsl-cm6a-lr","ssp126",0,1.54992066839311,10.409801374163
"221",743,"Sicily","ipsl-cm6a-lr","ssp126",0,0.408401616316821,11.862677873884
"222",744,"Sicily","ipsl-cm6a-lr","ssp126",0,0,14.4374808175223
"223",745,"Sicily","ipsl-cm6a-lr","ssp126",0,0.198606853207041,14.7501159667969
"224",746,"Sicily","ipsl-cm6a-lr","ssp126",0,0.230892260359334,14.6294974190848
"225",747,"Sicily","ipsl-cm6a-lr","ssp126",0,0.402301740073848,13.9236912318639
"226",748,"Sicily","ipsl-cm6a-lr","ssp126",0,0,14.0725821358817
"227",749,"Sicily","ipsl-cm6a-lr","ssp126",0,0.0370344831026159,15.0821254185268
"228",750,"Sicily","ipsl-cm6a-lr","ssp126",0,0.261878588519591,18.9960963657924
"229",751,"Sicily","ipsl-cm6a-lr","ssp126",0,0,23.2690717424665
"230",752,"Sicily","ipsl-cm6a-lr","ssp126",0,0,20.3478245326451
"231",753,"Sicily","ipsl-cm6a-lr","ssp126",0,0.0165633343255779,19.8911812918527
"232",754,"Sicily","ipsl-cm6a-lr","ssp126",0,0.0370781457084896,20.2346130371094
"233",755,"Sicily","ipsl-cm6a-lr","ssp126",0,1.72329021266445,19.0822169712612
"234",756,"Sicily","ipsl-cm6a-lr","ssp126",0,0.0429962207168241,20.8719247000558
"235",757,"Sicily","ipsl-cm6a-lr","ssp126",0,0,20.9888157435826
"236",758,"Sicily","ipsl-cm6a-lr","ssp126",0,0,22.6110299246652
"237",759,"Sicily","ipsl-cm6a-lr","ssp126",29,0,23.1022495814732
"238",760,"Sicily","ipsl-cm6a-lr","ssp126",78,0,26.713276890346
"239",761,"Sicily","ipsl-cm6a-lr","ssp126",0,0,29.1224217006139
"240",762,"Sicily","ipsl-cm6a-lr","ssp126",0,0.0320521891158673,29.1896868024554
"241",763,"Sicily","ipsl-cm6a-lr","ssp126",0,0.0505431301072739,27.990376499721
"242",764,"Sicily","ipsl-cm6a-lr","ssp126",NA,2.67330881075135,25.6669424874442
"243",765,"Sicily","ipsl-cm6a-lr","ssp126",NA,0.0445440135081299,25.3251586914063
"244",766,"Sicily","ipsl-cm6a-lr","ssp126",0,0.171003779230107,27.8996433803014
"245",767,"Sicily","ipsl-cm6a-lr","ssp126",0,0.147579080242264,23.2737932477679
"246",768,"Sicily","ipsl-cm6a-lr","ssp126",0,0,24.6570547921317
"247",769,"Sicily","ipsl-cm6a-lr","ssp126",0,0,25.2213640485491
"248",770,"Sicily","ipsl-cm6a-lr","ssp126",89,0,23.7465933663505
"249",771,"Sicily","ipsl-cm6a-lr","ssp126",94,14.9483320650428,20.8672598702567
"250",772,"Sicily","ipsl-cm6a-lr","ssp126",0,8.43588886948835,18.7155395507813
"251",773,"Sicily","ipsl-cm6a-lr","ssp126",0,1.73643255880701,20.6491986955915
"252",774,"Sicily","ipsl-cm6a-lr","ssp126",0,4.6080354168745,17.668106515067
"253",775,"Sicily","ipsl-cm6a-lr","ssp126",57,0.111499339878459,18.6406058175223
"254",776,"Sicily","ipsl-cm6a-lr","ssp126",31,7.75276647015874,19.0193943568639
"255",777,"Sicily","ipsl-cm6a-lr","ssp126",2,2.72530408172835,14.7107526506697
"256",778,"Sicily","ipsl-cm6a-lr","ssp126",0,0.160577189360213,14.9160705566406
"257",779,"Sicily","ipsl-cm6a-lr","ssp126",0,1.45414642528132,13.7857386997768
"258",780,"Sicily","ipsl-cm6a-lr","ssp126",0,7.72482978895174,11.2241237095424
"259",781,"Sicily","ipsl-cm6a-lr","ssp126",0,3.32114275411836,10.7698041643415
"260",782,"Sicily","ipsl-cm6a-lr","ssp126",0,0,12.5491925920759
"261",783,"Sicily","ipsl-cm6a-lr","ssp126",0,0,11.8996826171875
"262",784,"Sicily","ipsl-cm6a-lr","ssp126",0,0.26455859213976,11.5599783761161
"263",785,"Sicily","ipsl-cm6a-lr","ssp126",0,2.394164942338,11.6334603445871
"264",786,"Sicily","ipsl-cm6a-lr","ssp126",0,0.302031894534593,12.0320417131697
"265",787,"Sicily","ipsl-cm6a-lr","ssp126",0,0,10.7987653459822
"266",788,"Sicily","ipsl-cm6a-lr","ssp126",0,0,10.3234191894531
"267",789,"Sicily","ipsl-cm6a-lr","ssp126",NA,0.180126384449457,12.1338309151786
"268",790,"Sicily","ipsl-cm6a-lr","ssp126",0,3.32741737199415,10.1288739885603
"269",791,"Sicily","ipsl-cm6a-lr","ssp126",0,12.2336475272147,9.73718523297993
"270",792,"Sicily","ipsl-cm6a-lr","ssp126",NA,5.1023205594642,10.9265119280134
"271",793,"Sicily","ipsl-cm6a-lr","ssp126",0,0.0171252932237361,12.4009425571987
"272",794,"Sicily","ipsl-cm6a-lr","ssp126",0,0.0416275083158065,13.0717755998884
"273",795,"Sicily","ipsl-cm6a-lr","ssp126",0,1.06329822613459,12.4046657017299
"274",796,"Sicily","ipsl-cm6a-lr","ssp126",0,0.34664962482306,12.5972011021206
"275",797,"Sicily","ipsl-cm6a-lr","ssp126",0,0.409677716171635,13.0943062918527
"276",798,"Sicily","ipsl-cm6a-lr","ssp126",0,0.70063508381801,13.1445425851005
"277",799,"Sicily","ipsl-cm6a-lr","ssp126",0,0.937247162385444,15.1226527622768
"278",800,"Sicily","ipsl-cm6a-lr","ssp126",0,3.1208961761357,14.6443856375558
"279",801,"Sicily","ipsl-cm6a-lr","ssp126",0,0.47274670297546,15.6188860212054
"280",802,"Sicily","ipsl-cm6a-lr","ssp126",0,0.209919346629509,15.0194597516741
"281",803,"Sicily","ipsl-cm6a-lr","ssp126",0,1.58719516392531,16.154425920759
"282",804,"Sicily","ipsl-cm6a-lr","ssp126",0,0.0687474577197073,20.3090454101563
"283",805,"Sicily","ipsl-cm6a-lr","ssp126",0,1.58437525221546,22.0950517926898
"284",806,"Sicily","ipsl-cm6a-lr","ssp126",0,0,21.9344508579799
"285",807,"Sicily","ipsl-cm6a-lr","ssp126",3,0.342518580457961,23.1272783551898
"286",808,"Sicily","ipsl-cm6a-lr","ssp126",5,0,23.8767203194755
"287",809,"Sicily","ipsl-cm6a-lr","ssp126",0,0,25.5752022879464
"288",810,"Sicily","ipsl-cm6a-lr","ssp126",4,0,27.508198765346
"289",811,"Sicily","ipsl-cm6a-lr","ssp126",NA,0,26.6257393973214
"290",812,"Sicily","ipsl-cm6a-lr","ssp126",0,0,25.1518101283482
"291",813,"Sicily","ipsl-cm6a-lr","ssp126",64,0,25.2272495814732
"292",814,"Sicily","ipsl-cm6a-lr","ssp126",0,0,28.9361162458148
"293",815,"Sicily","ipsl-cm6a-lr","ssp126",NA,0.234919211028942,26.8618233816964
"294",816,"Sicily","ipsl-cm6a-lr","ssp126",0,0,27.0259338378906
"295",817,"Sicily","ipsl-cm6a-lr","ssp126",0,0,29.9556126185826
"296",818,"Sicily","ipsl-cm6a-lr","ssp126",3,0.277218672480168,26.8633274623326
"297",819,"Sicily","ipsl-cm6a-lr","ssp126",32,0.0490902174663331,25.8288077218192
"298",820,"Sicily","ipsl-cm6a-lr","ssp126",4,4.66200958222284,22.8440708705357
"299",821,"Sicily","ipsl-cm6a-lr","ssp126",6,4.90753738642005,19.4391985212054
"300",822,"Sicily","ipsl-cm6a-lr","ssp126",4,0,20.3634626116072
"301",823,"Sicily","ipsl-cm6a-lr","ssp126",0,1.72445355814749,21.8576991489956
"302",824,"Sicily","ipsl-cm6a-lr","ssp126",150,0.151616515774679,22.4534371512277
"303",825,"Sicily","ipsl-cm6a-lr","ssp126",83,0.0308308541467081,20.2197378976005
"304",826,"Sicily","ipsl-cm6a-lr","ssp126",17,0.698375809172701,19.1159606933594
"305",827,"Sicily","ipsl-cm6a-lr","ssp126",56,5.9551415241523,18.5388253348214
"306",828,"Sicily","ipsl-cm6a-lr","ssp126",NA,0.0816570432756894,18.0141932896206
"307",829,"Sicily","ipsl-cm6a-lr","ssp126",0,2.70507731641244,16.8887660435268
"308",830,"Sicily","ipsl-cm6a-lr","ssp126",2,0.258662485949961,16.8021745954241
"309",831,"Sicily","ipsl-cm6a-lr","ssp126",0,10.1831385175631,14.0998822893415
"310",832,"Sicily","ipsl-cm6a-lr","ssp126",0,2.32284441340848,12.4816353934152
"311",833,"Sicily","ipsl-cm6a-lr","ssp126",0,4.30386043153703,12.3785208565848
"312",834,"Sicily","ipsl-cm6a-lr","ssp126",0,0,10.7922476632255
"313",835,"Sicily","ipsl-cm6a-lr","ssp126",0,0,11.1603637695313
"314",836,"Sicily","ipsl-cm6a-lr","ssp126",NA,1.10603722111721,12.8639988490514
"315",837,"Sicily","ipsl-cm6a-lr","ssp126",0,2.49009128892794,12.5239937918527
"316",838,"Sicily","ipsl-cm6a-lr","ssp126",0,0.109418507158158,12.3823660714286
"317",839,"Sicily","ipsl-cm6a-lr","ssp126",0,0.443626197686951,10.3890014648438
"318",840,"Sicily","ipsl-cm6a-lr","ssp126",0,2.5216104030343,9.5795837402344
"319",841,"Sicily","ipsl-cm6a-lr","ssp126",0,1.02107099124364,12.9815612792969
"320",842,"Sicily","ipsl-cm6a-lr","ssp126",0,11.0953410921086,7.72229701450895
"321",843,"Sicily","ipsl-cm6a-lr","ssp126",0,5.13076532432543,10.2484069824219
"322",844,"Sicily","ipsl-cm6a-lr","ssp126",0,0,12.827299281529
"323",845,"Sicily","ipsl-cm6a-lr","ssp126",0,2.89071774241165,11.0391523088728
"324",846,"Sicily","ipsl-cm6a-lr","ssp126",0,7.47386175540409,8.54173758370538
"325",847,"Sicily","ipsl-cm6a-lr","ssp126",0,1.40413028441669,10.1313328334264
"326",848,"Sicily","ipsl-cm6a-lr","ssp126",0,1.50940199044791,11.8621852329799
"327",849,"Sicily","ipsl-cm6a-lr","ssp126",0,0,15.1456281389509
"328",850,"Sicily","ipsl-cm6a-lr","ssp126",9,0.742208502197172,13.6220903669085
"329",851,"Sicily","ipsl-cm6a-lr","ssp126",3,3.74489717318543,15.9852757045201
"330",852,"Sicily","ipsl-cm6a-lr","ssp126",0,1.66200158980376,15.1587550571987
"331",853,"Sicily","ipsl-cm6a-lr","ssp126",36,3.11510786954646,18.0080854143415
"332",854,"Sicily","ipsl-cm6a-lr","ssp126",0,0.025030075734581,19.3150312151228
"333",855,"Sicily","ipsl-cm6a-lr","ssp126",0,0,20.6496869768415
"334",856,"Sicily","ipsl-cm6a-lr","ssp126",0,0.0257806723571515,20.8874799455915
"335",857,"Sicily","ipsl-cm6a-lr","ssp126",0,0.123677499608935,21.2537388392857
"336",858,"Sicily","ipsl-cm6a-lr","ssp126",31,0,21.9169817243304
"337",859,"Sicily","ipsl-cm6a-lr","ssp126",12,0,26.284565952846
"338",860,"Sicily","ipsl-cm6a-lr","ssp126",12,0.0201146283611057,27.6940159388951
"339",861,"Sicily","ipsl-cm6a-lr","ssp126",11,0,25.4993922642299
"340",862,"Sicily","ipsl-cm6a-lr","ssp126",32,0,26.1219900948661
"341",863,"Sicily","ipsl-cm6a-lr","ssp126",42,0.571185260300159,25.3141418457031
"342",864,"Sicily","ipsl-cm6a-lr","ssp126",9,0,27.2347874232701
"343",865,"Sicily","ipsl-cm6a-lr","ssp126",51,0,28.2475001743862
"344",866,"Sicily","ipsl-cm6a-lr","ssp126",62,0.63382957928947,27.4787057059152
"345",867,"Sicily","ipsl-cm6a-lr","ssp126",99,0,29.6448390415737
"346",868,"Sicily","ipsl-cm6a-lr","ssp126",NA,0.0566175126420733,25.7662161690848
"347",869,"Sicily","ipsl-cm6a-lr","ssp126",55,0,25.7690848214286
"348",870,"Sicily","ipsl-cm6a-lr","ssp126",45,1.12999541888712,27.1243530273438
"349",871,"Sicily","ipsl-cm6a-lr","ssp126",148,0,27.1808236258371
"350",872,"Sicily","ipsl-cm6a-lr","ssp126",101,0,27.1704214913505
"351",873,"Sicily","ipsl-cm6a-lr","ssp126",46,7.24098073884046,24.1033830915179
"352",874,"Sicily","ipsl-cm6a-lr","ssp126",23,3.94359389985246,23.8948521205357
"353",875,"Sicily","ipsl-cm6a-lr","ssp126",85,3.4258922362434,23.899543108259
"354",876,"Sicily","ipsl-cm6a-lr","ssp126",6,5.44598854020088,22.1412336077009
"355",877,"Sicily","ipsl-cm6a-lr","ssp126",6,0.827425139557038,23.3574506487165
"356",878,"Sicily","ipsl-cm6a-lr","ssp126",18,2.12454393373004,20.6798427036831
"357",879,"Sicily","ipsl-cm6a-lr","ssp126",0,2.83006972333949,20.5207153320313
"358",880,"Sicily","ipsl-cm6a-lr","ssp126",21,2.38411988248117,20.2665213448661
"359",881,"Sicily","ipsl-cm6a-lr","ssp126",0,0.0856492221438592,18.7586085728237
"360",882,"Sicily","ipsl-cm6a-lr","ssp126",0,0,17.0629690987723
"361",883,"Sicily","ipsl-cm6a-lr","ssp126",68,2.9428497684421,17.1436314174107
"362",884,"Sicily","ipsl-cm6a-lr","ssp126",7,0.140547295866002,16.7633911132813
"363",885,"Sicily","ipsl-cm6a-lr","ssp126",0,9.53292392659932,10.6272042410715
"364",886,"Sicily","ipsl-cm6a-lr","ssp126",0,0.382800943459318,11.1432564871652
"365",887,"Sicily","ipsl-cm6a-lr","ssp126",0,2.84693097679078,10.8875235421317
"366",888,"Sicily","ipsl-cm6a-lr","ssp126",NA,3.96718111421381,10.804345703125
"367",889,"Sicily","ipsl-cm6a-lr","ssp126",0,0,12.1269731794085
"368",890,"Sicily","ipsl-cm6a-lr","ssp126",0,0.0204329657468147,12.120983014788
"369",891,"Sicily","ipsl-cm6a-lr","ssp126",0,0.674449374699699,13.4830653599331
"370",892,"Sicily","ipsl-cm6a-lr","ssp126",0,2.76298293486304,10.9909301757813
"371",893,"Sicily","ipsl-cm6a-lr","ssp126",0,2.850401690895,10.3079162597656
"372",894,"Sicily","ipsl-cm6a-lr","ssp126",0,0.523807221491422,10.1651942661831
"373",895,"Sicily","ipsl-cm6a-lr","ssp126",0,9.24846982317311,10.4121555873326
"374",896,"Sicily","ipsl-cm6a-lr","ssp126",0,4.29630340913718,9.41385585239958
"375",897,"Sicily","ipsl-cm6a-lr","ssp126",0,22.3569281931434,9.72373570033484
"376",898,"Sicily","ipsl-cm6a-lr","ssp126",0,4.15193480876042,10.6776759556362
"377",899,"Sicily","ipsl-cm6a-lr","ssp126",0,8.25941162984236,10.1230364118304
"378",900,"Sicily","ipsl-cm6a-lr","ssp126",0,6.55786064079231,9.59497331891743
"379",901,"Sicily","ipsl-cm6a-lr","ssp126",0,0,16.0611598423549
"380",902,"Sicily","ipsl-cm6a-lr","ssp126",0,0.474319837927136,13.6832781110491
"381",903,"Sicily","ipsl-cm6a-lr","ssp126",0,1.8395883305597,12.7311819893973
"382",904,"Sicily","ipsl-cm6a-lr","ssp126",0,0.040602361800016,15.1860944475447
"383",905,"Sicily","ipsl-cm6a-lr","ssp126",0,0,14.511137172154
"384",906,"Sicily","ipsl-cm6a-lr","ssp126",0,0.24227904026962,15.8301417759487
"385",907,"Sicily","ipsl-cm6a-lr","ssp126",0,2.46449542630996,17.3330671037947
"386",908,"Sicily","ipsl-cm6a-lr","ssp126",8,1.14152869500685,18.5365844726563
"387",909,"Sicily","ipsl-cm6a-lr","ssp126",39,0.562289468819342,20.617573765346
"388",910,"Sicily","ipsl-cm6a-lr","ssp126",37,0,21.1586111886161
"389",911,"Sicily","ipsl-cm6a-lr","ssp126",17,0.0817697302928926,21.735968889509
"390",912,"Sicily","ipsl-cm6a-lr","ssp126",47,0.122825093733679,24.6938851492746
"391",913,"Sicily","ipsl-cm6a-lr","ssp126",0,0.0333946584890197,24.4436628069197
"392",914,"Sicily","ipsl-cm6a-lr","ssp126",15,0.591638985289527,24.7263427734375
"393",915,"Sicily","ipsl-cm6a-lr","ssp126",0,0,24.4780953543527
"394",916,"Sicily","ipsl-cm6a-lr","ssp126",18,0.0431883370246006,24.2053728376116
"395",917,"Sicily","ipsl-cm6a-lr","ssp126",32,0,25.3535661969866
"396",918,"Sicily","ipsl-cm6a-lr","ssp126",0,0.0248122875096409,25.7974138532366
"397",919,"Sicily","ipsl-cm6a-lr","ssp126",16,0,23.8039925711496
"398",920,"Sicily","ipsl-cm6a-lr","ssp126",4,0.109492939580897,25.8026803152902
"399",921,"Sicily","ipsl-cm6a-lr","ssp126",NA,0.646416353993118,25.98330078125
"400",922,"Sicily","ipsl-cm6a-lr","ssp126",13,0.610168005472847,25.904443359375
"401",923,"Sicily","ipsl-cm6a-lr","ssp126",0,0.170059524160544,26.3052045549665
"402",924,"Sicily","ipsl-cm6a-lr","ssp126",0,0,26.6741184779576
"403",925,"Sicily","ipsl-cm6a-lr","ssp126",49,0.0199554582650308,28.0546116420201
"404",926,"Sicily","ipsl-cm6a-lr","ssp126",81,0.0957887075076412,24.0563860212054
"405",927,"Sicily","ipsl-cm6a-lr","ssp126",98,4.76148242804421,22.3032339913505
"406",928,"Sicily","ipsl-cm6a-lr","ssp126",63,18.7837164050766,21.760640171596
"407",929,"Sicily","ipsl-cm6a-lr","ssp126",NA,11.6899215528974,18.9406938825335
"408",930,"Sicily","ipsl-cm6a-lr","ssp126",NA,1.89644747214126,19.0781145368304
"409",931,"Sicily","ipsl-cm6a-lr","ssp126",88,0,17.8253505161831
"410",932,"Sicily","ipsl-cm6a-lr","ssp126",NA,0.2150370878683,19.5248439243862
"411",933,"Sicily","ipsl-cm6a-lr","ssp126",42,0.0461127465574204,17.6895429338728
"412",934,"Sicily","ipsl-cm6a-lr","ssp126",NA,6.58742473211273,14.5623282296317
"413",935,"Sicily","ipsl-cm6a-lr","ssp126",24,2.60022954150502,12.1098528180804
"414",936,"Sicily","ipsl-cm6a-lr","ssp126",26,0.0571328256877938,13.6998971121652
"415",937,"Sicily","ipsl-cm6a-lr","ssp126",12,3.61765305777746,13.5227120535715
"416",938,"Sicily","ipsl-cm6a-lr","ssp126",0,0.0320666563181606,12.1169154575893
"417",939,"Sicily","ipsl-cm6a-lr","ssp126",0,1.15599563910759,12.3585231236049
"418",940,"Sicily","ipsl-cm6a-lr","ssp126",0,0.11263553585325,13.6845816476005
"419",941,"Sicily","ipsl-cm6a-lr","ssp126",NA,0,12.8497166224889
"420",942,"Sicily","ipsl-cm6a-lr","ssp126",NA,0.14416694497673,10.7492440359933
"421",943,"Sicily","ipsl-cm6a-lr","ssp126",NA,1.15287768338541,11.5344787597656
"422",944,"Sicily","ipsl-cm6a-lr","ssp126",NA,0.0963570791230138,10.6572771344866
"423",945,"Sicily","ipsl-cm6a-lr","ssp126",NA,1.48458488568264,8.16062970842636
"424",946,"Sicily","ipsl-cm6a-lr","ssp126",NA,3.55462590939299,9.79871738978797
"425",947,"Sicily","ipsl-cm6a-lr","ssp126",NA,0,10.9349958147322
"426",948,"Sicily","ipsl-cm6a-lr","ssp126",NA,0.120005666134862,12.0134172712054
"427",949,"Sicily","ipsl-cm6a-lr","ssp126",NA,1.41369583860589,12.9187212262835
"428",950,"Sicily","ipsl-cm6a-lr","ssp126",NA,0.455644432388778,14.156867327009
"429",951,"Sicily","ipsl-cm6a-lr","ssp126",NA,3.77434216477143,10.4655875069755
"430",952,"Sicily","ipsl-cm6a-lr","ssp126",NA,0.169280307454756,14.7830749511719
"431",953,"Sicily","ipsl-cm6a-lr","ssp126",NA,0,15.2601693289621
"432",954,"Sicily","ipsl-cm6a-lr","ssp126",NA,2.55697378815967,15.2983380998884
"433",955,"Sicily","ipsl-cm6a-lr","ssp126",NA,14.0619244925412,13.9832441057478
"434",956,"Sicily","ipsl-cm6a-lr","ssp126",NA,3.5164637759278,14.8224818638393
"435",957,"Sicily","ipsl-cm6a-lr","ssp126",NA,7.28640361173478,16.5405255998884
"436",958,"Sicily","ipsl-cm6a-lr","ssp126",NA,1.77157271121229,18.7980067661831
"437",959,"Sicily","ipsl-cm6a-lr","ssp126",NA,0.629036492734615,19.7446533203125
"438",960,"Sicily","ipsl-cm6a-lr","ssp126",NA,1.42847063522952,20.3292698451451
"439",961,"Sicily","ipsl-cm6a-lr","ssp126",NA,1.57273759333683,20.4340759277344
"440",962,"Sicily","ipsl-cm6a-lr","ssp126",NA,0.175047877252967,21.4624049595424
"441",963,"Sicily","ipsl-cm6a-lr","ssp126",NA,0.220394863988206,21.0474661690848
"442",964,"Sicily","ipsl-cm6a-lr","ssp126",NA,0,23.4726457868304
"443",965,"Sicily","ipsl-cm6a-lr","ssp126",NA,0,24.5905090332031
"444",966,"Sicily","ipsl-cm6a-lr","ssp126",NA,0,25.3911507742746
"445",967,"Sicily","ipsl-cm6a-lr","ssp126",NA,0,25.7868547712054
"446",968,"Sicily","ipsl-cm6a-lr","ssp126",NA,0,28.7268310546875
"447",969,"Sicily","ipsl-cm6a-lr","ssp126",NA,0,27.7383579799107
"448",970,"Sicily","ipsl-cm6a-lr","ssp126",NA,0.341046049392649,27.1924377441406
"449",971,"Sicily","ipsl-cm6a-lr","ssp126",NA,0.104722303149174,27.0535784040179
"450",972,"Sicily","ipsl-cm6a-lr","ssp126",NA,0.143069004999623,28.4577837262835
"451",973,"Sicily","ipsl-cm6a-lr","ssp126",NA,0.0856968277990486,25.488667515346
"452",974,"Sicily","ipsl-cm6a-lr","ssp126",NA,0,24.3013375418527
"453",975,"Sicily","ipsl-cm6a-lr","ssp126",NA,0.0550077662670187,24.7965680803572
"454",976,"Sicily","ipsl-cm6a-lr","ssp126",NA,0.102197888606627,23.2394130161831
"455",977,"Sicily","ipsl-cm6a-lr","ssp126",NA,0.88893241783288,23.5774387904576
"456",978,"Sicily","ipsl-cm6a-lr","ssp126",NA,0.0218282074326583,22.9190002441406
"457",979,"Sicily","ipsl-cm6a-lr","ssp126",NA,1.86077190696129,22.8425580705915
"458",980,"Sicily","ipsl-cm6a-lr","ssp126",NA,4.68493535216632,20.5827270507813
"459",981,"Sicily","ipsl-cm6a-lr","ssp126",NA,0.178937560693677,20.2047537667411
"460",982,"Sicily","ipsl-cm6a-lr","ssp126",NA,0,20.3546779087612
"461",983,"Sicily","ipsl-cm6a-lr","ssp126",NA,6.58261788277222,16.6592128208706
"462",984,"Sicily","ipsl-cm6a-lr","ssp126",NA,0.526389158247704,14.5062151227679
"463",985,"Sicily","ipsl-cm6a-lr","ssp126",NA,0.597892408924443,16.501598249163
"464",986,"Sicily","ipsl-cm6a-lr","ssp126",NA,1.08579609103409,15.1589904785156
"465",987,"Sicily","ipsl-cm6a-lr","ssp126",NA,5.77625835929731,13.0810224260603
"466",988,"Sicily","ipsl-cm6a-lr","ssp126",NA,0.149215235225191,14.8201232910156
"467",989,"Sicily","ipsl-cm6a-lr","ssp126",NA,0.423284298137462,14.0465550013951
"468",990,"Sicily","ipsl-cm6a-lr","ssp126",NA,1.13873324423496,12.8889360700335
"469",991,"Sicily","ipsl-cm6a-lr","ssp126",NA,0.03319125607959,13.1483965192523
"470",992,"Sicily","ipsl-cm6a-lr","ssp126",NA,1.29185040880527,13.3158813476563
"471",993,"Sicily","ipsl-cm6a-lr","ssp126",NA,5.26061333408247,9.76081891741074
"472",994,"Sicily","ipsl-cm6a-lr","ssp126",NA,5.00334732184586,12.0390084402902
"473",995,"Sicily","ipsl-cm6a-lr","ssp126",NA,1.85655299574137,12.2506609235491
"474",996,"Sicily","ipsl-cm6a-lr","ssp126",NA,14.9064074935658,11.8944815499442
"475",997,"Sicily","ipsl-cm6a-lr","ssp126",NA,12.4946367378081,10.4010689871652
"476",998,"Sicily","ipsl-cm6a-lr","ssp126",NA,0.531730741204228,11.6061863490514
"477",999,"Sicily","ipsl-cm6a-lr","ssp126",NA,11.7931788953553,11.8715846470424
"478",1000,"Sicily","ipsl-cm6a-lr","ssp126",NA,0.722783197436781,11.6911516462054
"479",1001,"Sicily","ipsl-cm6a-lr","ssp126",NA,0,9.22043980189734
"480",1002,"Sicily","ipsl-cm6a-lr","ssp126",NA,4.68127752142859,10.1314505440848
"481",1003,"Sicily","ipsl-cm6a-lr","ssp126",NA,3.73178258554877,11.1369393484933
"482",1004,"Sicily","ipsl-cm6a-lr","ssp126",NA,0.0344804058840964,13.9433489118304
"483",1005,"Sicily","ipsl-cm6a-lr","ssp126",NA,0,16.5337942940848
"484",1006,"Sicily","ipsl-cm6a-lr","ssp126",NA,3.56212050953348,12.0956534249442
"485",1007,"Sicily","ipsl-cm6a-lr","ssp126",NA,2.56314559909307,13.967183140346
"486",1008,"Sicily","ipsl-cm6a-lr","ssp126",NA,18.8271013304724,12.7948416573661
"487",1009,"Sicily","ipsl-cm6a-lr","ssp126",NA,11.0216648816796,13.9786185128348
"488",1010,"Sicily","ipsl-cm6a-lr","ssp126",NA,0.0558057777068046,17.975244140625
"489",1011,"Sicily","ipsl-cm6a-lr","ssp126",NA,0.0304676670306695,16.2305934361049
"490",1012,"Sicily","ipsl-cm6a-lr","ssp126",NA,0.0243784706981387,18.4907993861607
"491",1013,"Sicily","ipsl-cm6a-lr","ssp126",NA,0,20.1345982142857
"492",1014,"Sicily","ipsl-cm6a-lr","ssp126",NA,0.373033446209904,18.4634425571987
"493",1015,"Sicily","ipsl-cm6a-lr","ssp126",NA,0,19.365611921038
"494",1016,"Sicily","ipsl-cm6a-lr","ssp126",NA,0,20.0853951590402
"495",1017,"Sicily","ipsl-cm6a-lr","ssp126",NA,0,22.0217180524554
"496",1018,"Sicily","ipsl-cm6a-lr","ssp126",NA,0,24.1329851422991
"497",1019,"Sicily","ipsl-cm6a-lr","ssp126",NA,0,24.3694702148438
"498",1020,"Sicily","ipsl-cm6a-lr","ssp126",NA,0,25.8183314732143
"499",1021,"Sicily","ipsl-cm6a-lr","ssp126",NA,0,27.1135585239956
"500",1022,"Sicily","ipsl-cm6a-lr","ssp126",NA,0.55514398430075,25.6891810825893
"501",1023,"Sicily","ipsl-cm6a-lr","ssp126",NA,0,27.1881042480469
"502",1024,"Sicily","ipsl-cm6a-lr","ssp126",NA,0.066263171070854,28.2068289620536
"503",1025,"Sicily","ipsl-cm6a-lr","ssp126",NA,1.0912857544359,28.5575892857143
"504",1026,"Sicily","ipsl-cm6a-lr","ssp126",NA,2.35236691327633,26.5793003627232
"505",1027,"Sicily","ipsl-cm6a-lr","ssp126",NA,0.0195374220701134,27.1389796665737
"506",1028,"Sicily","ipsl-cm6a-lr","ssp126",NA,0.0586855283472687,26.2618783133371
"507",1029,"Sicily","ipsl-cm6a-lr","ssp126",NA,0,25.2260986328125
"508",1030,"Sicily","ipsl-cm6a-lr","ssp126",NA,0,25.6140119280134
"509",1031,"Sicily","ipsl-cm6a-lr","ssp126",NA,0,24.3151794433594
"510",1032,"Sicily","ipsl-cm6a-lr","ssp126",NA,19.780578746161,22.3298191615514
"511",1033,"Sicily","ipsl-cm6a-lr","ssp126",NA,11.274031645319,20.3185363769531
"512",1034,"Sicily","ipsl-cm6a-lr","ssp126",NA,9.81120835058391,19.694722202846
"513",1035,"Sicily","ipsl-cm6a-lr","ssp126",NA,0.351716137291597,17.2480276925223
"514",1036,"Sicily","ipsl-cm6a-lr","ssp126",NA,6.7447387829556,16.0645211356027
"515",1037,"Sicily","ipsl-cm6a-lr","ssp126",NA,0.405376823203239,15.7780439104353
"516",1038,"Sicily","ipsl-cm6a-lr","ssp126",NA,0.0822314010292757,14.351207624163
"517",1039,"Sicily","ipsl-cm6a-lr","ssp126",NA,0.688378885388374,14.1875026157924
"518",1040,"Sicily","ipsl-cm6a-lr","ssp126",NA,0.160512764705345,14.1448521205357
"519",1041,"Sicily","ipsl-cm6a-lr","ssp126",NA,0,13.8433210100447
"520",1042,"Sicily","ipsl-cm6a-lr","ssp126",NA,2.23689293197822,13.0830496651786
"521",1043,"Sicily","ipsl-cm6a-lr","ssp126",NA,0.641406896465924,11.4847176688058
"522",1044,"Sicily","ipsl-cm6a-lr","ssp126",NA,6.37394371322963,10.0038914271764
"523",1045,"Sicily","ipsl-cm6a-lr","ssp126",NA,9.67945040070585,9.94743826729913
"524",1046,"Sicily","ipsl-cm6a-lr","ssp126",NA,2.46142514079111,11.0490225655692
"525",1047,"Sicily","ipsl-cm6a-lr","ssp126",NA,0.738505740342329,10.5765973772322
"526",1048,"Sicily","ipsl-cm6a-lr","ssp126",NA,0.590328123455817,10.3685546875
"527",1049,"Sicily","ipsl-cm6a-lr","ssp126",NA,20.4817310008886,8.31668788364958
"528",1050,"Sicily","ipsl-cm6a-lr","ssp126",NA,4.63116946962795,8.12445329938618
"529",1051,"Sicily","ipsl-cm6a-lr","ssp126",NA,3.00101896781208,7.7415710449219
"530",1052,"Sicily","ipsl-cm6a-lr","ssp126",NA,12.9720261919179,4.85327845982145
"531",1053,"Sicily","ipsl-cm6a-lr","ssp126",NA,11.3621676041346,7.09441092354913
"532",1054,"Sicily","ipsl-cm6a-lr","ssp126",NA,2.00603222443273,10.7505650111607
"533",1055,"Sicily","ipsl-cm6a-lr","ssp126",NA,14.8694614638641,8.7438903808594
"534",1056,"Sicily","ipsl-cm6a-lr","ssp126",NA,3.71483381604776,12.1422101702009
"535",1057,"Sicily","ipsl-cm6a-lr","ssp126",NA,0.640160595399461,12.6478079659598
"536",1058,"Sicily","ipsl-cm6a-lr","ssp126",NA,0.0242607826034405,14.1779331752232
"537",1059,"Sicily","ipsl-cm6a-lr","ssp126",NA,3.91201879163938,13.8842189243862
"538",1060,"Sicily","ipsl-cm6a-lr","ssp126",NA,2.2984751450297,12.9708975655692
"539",1061,"Sicily","ipsl-cm6a-lr","ssp126",NA,0.204674035817983,14.2827000209264
"540",1062,"Sicily","ipsl-cm6a-lr","ssp126",NA,0.0461947900475934,15.5053693498884
"541",1063,"Sicily","ipsl-cm6a-lr","ssp126",NA,0.239535839812431,19.9812648228237
"542",1064,"Sicily","ipsl-cm6a-lr","ssp126",NA,1.64882973393625,17.4821454729353
"543",1065,"Sicily","ipsl-cm6a-lr","ssp126",NA,0.0191159227272562,19.003063092913
"544",1066,"Sicily","ipsl-cm6a-lr","ssp126",NA,0.0665525993099436,20.7412135532924
"545",1067,"Sicily","ipsl-cm6a-lr","ssp126",NA,0.371418005566479,20.2435677664621
"546",1068,"Sicily","ipsl-cm6a-lr","ssp126",NA,0,20.7381007603237
"547",1069,"Sicily","ipsl-cm6a-lr","ssp126",NA,0.165148802833366,21.5505266462054
"548",1070,"Sicily","ipsl-cm6a-lr","ssp126",NA,0,21.3124372209822
"549",1071,"Sicily","ipsl-cm6a-lr","ssp126",NA,0,24.8829023088728
"550",1072,"Sicily","ipsl-cm6a-lr","ssp126",NA,0,24.7069728306362
"551",1073,"Sicily","ipsl-cm6a-lr","ssp126",NA,0,26.1608215332031
"552",1074,"Sicily","ipsl-cm6a-lr","ssp126",NA,0,25.3847856794085
"553",1075,"Sicily","ipsl-cm6a-lr","ssp126",NA,0,26.9908037458148
"554",1076,"Sicily","ipsl-cm6a-lr","ssp126",NA,1.17485972587019,24.0024788992746
"555",1077,"Sicily","ipsl-cm6a-lr","ssp126",NA,0.0301267911189435,26.4406415666853
"556",1078,"Sicily","ipsl-cm6a-lr","ssp126",NA,0,27.8473972865514
"557",1079,"Sicily","ipsl-cm6a-lr","ssp126",NA,3.51412435494629,26.4942565917969
"558",1080,"Sicily","ipsl-cm6a-lr","ssp126",NA,3.32775805145502,22.9156040736607
"559",1081,"Sicily","ipsl-cm6a-lr","ssp126",NA,8.66183068054462,21.6215541294643
"560",1082,"Sicily","ipsl-cm6a-lr","ssp126",NA,1.38667733642381,21.9375462123326
"561",1083,"Sicily","ipsl-cm6a-lr","ssp126",NA,0.115956666663156,19.4738054547991
"562",1084,"Sicily","ipsl-cm6a-lr","ssp126",NA,8.79019083887605,20.9872506277902
"563",1085,"Sicily","ipsl-cm6a-lr","ssp126",NA,4.20533154891538,19.7584080287389
"564",1086,"Sicily","ipsl-cm6a-lr","ssp126",NA,1.28375769018021,19.5715488978795
"565",1087,"Sicily","ipsl-cm6a-lr","ssp126",NA,11.6190841246862,15.1185721261161
"566",1088,"Sicily","ipsl-cm6a-lr","ssp126",NA,3.51528669291708,16.9776593889509
"567",1089,"Sicily","ipsl-cm6a-lr","ssp126",NA,4.6391612644324,14.307746233259
"568",1090,"Sicily","ipsl-cm6a-lr","ssp126",NA,8.63404366121228,10.9916277204241
"569",1091,"Sicily","ipsl-cm6a-lr","ssp126",NA,2.61207048351935,10.8955191476005
"570",1092,"Sicily","ipsl-cm6a-lr","ssp126",NA,0.083565397757671,10.1226614815848
"571",1093,"Sicily","ipsl-cm6a-lr","ssp126",NA,0,12.7346653529576
"572",1094,"Sicily","ipsl-cm6a-lr","ssp126",NA,0,11.6744323730469
"573",1095,"Sicily","ipsl-cm6a-lr","ssp126",NA,3.62882260233164,11.2966203962054
"574",1096,"Sicily","ipsl-cm6a-lr","ssp126",NA,4.97445398110098,8.60238037109377
"575",1097,"Sicily","ipsl-cm6a-lr","ssp126",NA,7.55976282193192,9.02843191964288
"576",1098,"Sicily","ipsl-cm6a-lr","ssp126",NA,0,10.0962550571987
"577",1099,"Sicily","ipsl-cm6a-lr","ssp126",NA,0,10.5275294712612
"578",1100,"Sicily","ipsl-cm6a-lr","ssp126",NA,0.186812628609394,11.7171351841518
"579",1101,"Sicily","ipsl-cm6a-lr","ssp126",NA,0.865924388303288,10.9128226143973
"580",1102,"Sicily","ipsl-cm6a-lr","ssp126",NA,3.88145377759689,8.78800571986609
"581",1103,"Sicily","ipsl-cm6a-lr","ssp126",NA,5.41558210970834,9.58352486746654
"582",1104,"Sicily","ipsl-cm6a-lr","ssp126",NA,0.363646213268761,10.7737365722656
"583",1105,"Sicily","ipsl-cm6a-lr","ssp126",NA,3.28061712040965,11.0908621651786
"584",1106,"Sicily","ipsl-cm6a-lr","ssp126",NA,9.0971596023467,7.60465611049109
"585",1107,"Sicily","ipsl-cm6a-lr","ssp126",NA,11.0678627896829,9.01542707170761
"586",1108,"Sicily","ipsl-cm6a-lr","ssp126",NA,0.17149923670721,10.6210614885603
"587",1109,"Sicily","ipsl-cm6a-lr","ssp126",NA,1.89269217932763,10.3213701520648
"588",1110,"Sicily","ipsl-cm6a-lr","ssp126",NA,4.62719554806037,12.037016078404
"589",1111,"Sicily","ipsl-cm6a-lr","ssp126",NA,1.57105275221901,12.7853463309152
"590",1112,"Sicily","ipsl-cm6a-lr","ssp126",NA,4.3569742992986,12.6531877790179
"591",1113,"Sicily","ipsl-cm6a-lr","ssp126",NA,1.43207301069716,13.9770969935826
"592",1114,"Sicily","ipsl-cm6a-lr","ssp126",NA,0.772810940127653,14.3728620256697
"593",1115,"Sicily","ipsl-cm6a-lr","ssp126",1,10.91634196512,14.0748622349331
"594",1116,"Sicily","ipsl-cm6a-lr","ssp126",0,0.0541368154309956,19.2022687639509
"595",1117,"Sicily","ipsl-cm6a-lr","ssp126",11.5,0.475552380417607,20.6310581752232
"596",1118,"Sicily","ipsl-cm6a-lr","ssp126",0,2.52784336210295,19.9713640485491
"597",1119,"Sicily","ipsl-cm6a-lr","ssp126",0,1.48397308158954,18.7730303083148
"598",1120,"Sicily","ipsl-cm6a-lr","ssp126",16.5,0.132739488513575,21.1047171456473
"599",1121,"Sicily","ipsl-cm6a-lr","ssp126",4,0.206278096343989,21.1264805385045
"600",1122,"Sicily","ipsl-cm6a-lr","ssp126",80.5,0,23.3901567731585
"601",1123,"Sicily","ipsl-cm6a-lr","ssp126",32,0,22.3178519112723
"602",1124,"Sicily","ipsl-cm6a-lr","ssp126",NA,0,22.8356087820871
"603",1125,"Sicily","ipsl-cm6a-lr","ssp126",37,0,23.867072405134
"604",1126,"Sicily","ipsl-cm6a-lr","ssp126",2.5,0,25.722798374721
"605",1127,"Sicily","ipsl-cm6a-lr","ssp126",NA,0,26.9373543875558
"606",1128,"Sicily","ipsl-cm6a-lr","ssp126",61,0,26.6770612444197
"607",1129,"Sicily","ipsl-cm6a-lr","ssp126",89,0,27.9687613351005
"608",1130,"Sicily","ipsl-cm6a-lr","ssp126",NA,0,27.6611441476005
"609",1131,"Sicily","ipsl-cm6a-lr","ssp126",35,0,27.3139413016183
"610",1132,"Sicily","ipsl-cm6a-lr","ssp126",53,0.770752340031322,27.2058000837054
"611",1133,"Sicily","ipsl-cm6a-lr","ssp126",60,6.59953030325206,23.4899536132813
"612",1134,"Sicily","ipsl-cm6a-lr","ssp126",181.5,0,22.864639718192
"613",1135,"Sicily","ipsl-cm6a-lr","ssp126",48,5.35471484306202,22.4368443080357
"614",1136,"Sicily","ipsl-cm6a-lr","ssp126",72,0.0775922617841778,22.986714390346
"615",1137,"Sicily","ipsl-cm6a-lr","ssp126",10.5,0,23.7477791922433
"616",1138,"Sicily","ipsl-cm6a-lr","ssp126",0,0,23.8237548828125
"617",1139,"Sicily","ipsl-cm6a-lr","ssp126",49.5,0.38216508255573,22.1128653390067
"618",1140,"Sicily","ipsl-cm6a-lr","ssp126",46,0.408066998768066,22.9971121651786
"619",1141,"Sicily","ipsl-cm6a-lr","ssp126",17.5,0.189194656975035,21.304097202846
"620",1142,"Sicily","ipsl-cm6a-lr","ssp126",35.5,0.653579244057515,17.4521336146764
"621",1143,"Sicily","ipsl-cm6a-lr","ssp126",0,7.445645979273,17.3307390485491
"622",1144,"Sicily","ipsl-cm6a-lr","ssp126",0,5.79653483229257,15.5187665666853
"623",1145,"Sicily","ipsl-cm6a-lr","ssp126",0,2.17766015890187,16.1464695521764
"624",1146,"Sicily","ipsl-cm6a-lr","ssp126",0,5.90952682541683,12.5249965122768
"625",1147,"Sicily","ipsl-cm6a-lr","ssp126",0,1.91401719473236,12.4581150599889
"626",1148,"Sicily","ipsl-cm6a-lr","ssp126",0,0,13.4441423688616
"627",1149,"Sicily","ipsl-cm6a-lr","ssp126",0,0,11.8834952218192
"628",1150,"Sicily","ipsl-cm6a-lr","ssp126",0,0,13.2132376534598
"629",1151,"Sicily","ipsl-cm6a-lr","ssp126",0,5.43057528390948,11.3137233189174
"630",1152,"Sicily","ipsl-cm6a-lr","ssp126",0,4.4198855641298,9.93502197265627
"631",1153,"Sicily","ipsl-cm6a-lr","ssp126",0,0,11.8124110630581
"632",1154,"Sicily","ipsl-cm6a-lr","ssp126",0,0.0577883597413477,10.6557250976563
"633",1155,"Sicily","ipsl-cm6a-lr","ssp126",0,0.319832410397274,12.2269836425781
"634",1156,"Sicily","ipsl-cm6a-lr","ssp126",0,0.0670937288045284,7.63795514787949
"635",1157,"Sicily","ipsl-cm6a-lr","ssp126",0,0.0720046606147662,11.9737487792969
"636",1158,"Sicily","ipsl-cm6a-lr","ssp126",0,0.521014302129126,13.1279889787947
"637",1159,"Sicily","ipsl-cm6a-lr","ssp126",0,0.273355839661755,11.7776776994978
"638",1160,"Sicily","ipsl-cm6a-lr","ssp126",0,1.37805353536221,9.32769601004467
"639",1161,"Sicily","ipsl-cm6a-lr","ssp126",0,2.32049558383421,10.4542044503348
"640",1162,"Sicily","ipsl-cm6a-lr","ssp126",0,5.2399961311104,9.70187203543529
"641",1163,"Sicily","ipsl-cm6a-lr","ssp126",0,0.274100582048829,12.10146484375
"642",1164,"Sicily","ipsl-cm6a-lr","ssp126",0,0.259329711635863,14.1344412667411
"643",1165,"Sicily","ipsl-cm6a-lr","ssp126",0,0.138500774690848,14.0612644740514
"644",1166,"Sicily","ipsl-cm6a-lr","ssp126",0,0,17.9218776157924
"645",1167,"Sicily","ipsl-cm6a-lr","ssp126",0,0.697376424380179,17.2864580426898
"646",1168,"Sicily","ipsl-cm6a-lr","ssp126",0,1.2520766149724,18.1960867745536
"647",1169,"Sicily","ipsl-cm6a-lr","ssp126",0,1.37977801745624,21.5252580915179
"648",1170,"Sicily","ipsl-cm6a-lr","ssp126",NA,0.202678774283933,27.3317025320871
"649",1171,"Sicily","ipsl-cm6a-lr","ssp126",NA,0.0801256920177756,25.6490068708148
"650",1172,"Sicily","ipsl-cm6a-lr","ssp126",0,0,26.8594124930246
"651",1173,"Sicily","ipsl-cm6a-lr","ssp126",15.5,0,23.2210632324219
"652",1174,"Sicily","ipsl-cm6a-lr","ssp126",3.5,0.147558323806152,22.0068123953683
"653",1175,"Sicily","ipsl-cm6a-lr","ssp126",55,0,22.8454572405134
"654",1176,"Sicily","ipsl-cm6a-lr","ssp126",15.5,0,24.9499363490514
"655",1177,"Sicily","ipsl-cm6a-lr","ssp126",0,0,27.0324079241072
"656",1178,"Sicily","ipsl-cm6a-lr","ssp126",8.5,0,28.622465297154
"657",1179,"Sicily","ipsl-cm6a-lr","ssp126",62,0,30.0624764578683
"658",1180,"Sicily","ipsl-cm6a-lr","ssp126",20,0,26.4792506626674
"659",1181,"Sicily","ipsl-cm6a-lr","ssp126",95.5,0,26.0708033970424
"660",1182,"Sicily","ipsl-cm6a-lr","ssp126",2.5,0,26.817760358538
"661",1202,"Sicily","ipsl-cm6a-lr","ssp126",NA,0.11315692764973,11.0704153878348
"662",1203,"Sicily","ipsl-cm6a-lr","ssp126",NA,0.886209914876547,11.3137276785715
"663",1204,"Sicily","ipsl-cm6a-lr","ssp126",NA,2.32666848927952,10.3206682477679
"664",1205,"Sicily","ipsl-cm6a-lr","ssp126",NA,6.46194784369852,8.60357927594868
"665",1206,"Sicily","ipsl-cm6a-lr","ssp126",NA,0,10.2356288364956
"666",1207,"Sicily","ipsl-cm6a-lr","ssp126",NA,0.100697542906606,10.0508884974889
"667",1208,"Sicily","ipsl-cm6a-lr","ssp126",NA,0.222395772081135,12.466206577846
"668",1209,"Sicily","ipsl-cm6a-lr","ssp126",NA,4.21393021409001,9.86771763392859
"669",1210,"Sicily","ipsl-cm6a-lr","ssp126",NA,0.779560461108174,10.0109279087612
"670",1211,"Sicily","ipsl-cm6a-lr","ssp126",NA,0,11.4744724818639
"671",1212,"Sicily","ipsl-cm6a-lr","ssp126",NA,0.12210549986256,13.8831682477679
"672",1213,"Sicily","ipsl-cm6a-lr","ssp126",NA,0.0938758430753036,14.0662214006697
"673",1214,"Sicily","ipsl-cm6a-lr","ssp126",NA,8.75573270209965,11.2348005022322
"674",1215,"Sicily","ipsl-cm6a-lr","ssp126",NA,6.09508390854379,11.2175842285156
"675",1216,"Sicily","ipsl-cm6a-lr","ssp126",NA,7.43422771670989,13.4122950962612
"676",1217,"Sicily","ipsl-cm6a-lr","ssp126",NA,0.726601576233017,15.0500601632255
"677",1218,"Sicily","ipsl-cm6a-lr","ssp126",NA,0.398603770216661,15.723291015625
"678",1219,"Sicily","ipsl-cm6a-lr","ssp126",NA,1.23097609237967,16.6519234793527
"679",1220,"Sicily","ipsl-cm6a-lr","ssp126",NA,3.02530653508646,17.3423575265067
"680",1221,"Sicily","ipsl-cm6a-lr","ssp126",NA,0.303663865114296,17.8971540178572
"681",1222,"Sicily","ipsl-cm6a-lr","ssp126",NA,4.4855030461414,17.8094159807478
"682",1223,"Sicily","ipsl-cm6a-lr","ssp126",NA,0.720548060988741,18.6775974818639
"683",1224,"Sicily","ipsl-cm6a-lr","ssp126",NA,0.215311462358971,21.1610743931362
"684",1225,"Sicily","ipsl-cm6a-lr","ssp126",NA,0,22.3147042410714
"685",1226,"Sicily","ipsl-cm6a-lr","ssp126",NA,0.0313639768657075,28.0435032435826
"686",1227,"Sicily","ipsl-cm6a-lr","ssp126",NA,0,30.5406433105469
"687",1228,"Sicily","ipsl-cm6a-lr","ssp126",NA,0,26.1530482700893
"688",1229,"Sicily","ipsl-cm6a-lr","ssp126",NA,0,24.3421962193081
"689",1230,"Sicily","ipsl-cm6a-lr","ssp126",NA,0,25.5548688616072
"690",1231,"Sicily","ipsl-cm6a-lr","ssp126",NA,0,27.236967250279
"691",1232,"Sicily","ipsl-cm6a-lr","ssp126",NA,0.349863482240055,26.2202261788505
"692",1233,"Sicily","ipsl-cm6a-lr","ssp126",NA,0,25.9126002720424
"693",1234,"Sicily","ipsl-cm6a-lr","ssp126",NA,0,26.6707484654018
"694",1235,"Sicily","ipsl-cm6a-lr","ssp126",NA,0,27.2868111746652
"695",1236,"Sicily","ipsl-cm6a-lr","ssp126",NA,0.106379013907697,27.3418605259487
"696",1237,"Sicily","ipsl-cm6a-lr","ssp126",NA,0.210253661082658,25.8151663643973
"697",1238,"Sicily","ipsl-cm6a-lr","ssp126",NA,0.0728013951239908,23.1127912248884
"698",1239,"Sicily","ipsl-cm6a-lr","ssp126",NA,0.0543172864126973,22.6171377999442
"699",1240,"Sicily","ipsl-cm6a-lr","ssp126",NA,0,20.8622462681362
"700",1241,"Sicily","ipsl-cm6a-lr","ssp126",NA,0,21.0568219866072
"701",1242,"Sicily","ipsl-cm6a-lr","ssp126",NA,0,20.8905360630581
"702",1243,"Sicily","ipsl-cm6a-lr","ssp126",NA,2.72287698753644,18.6259748186384
"703",1244,"Sicily","ipsl-cm6a-lr","ssp126",NA,7.45598308858462,15.8839529854911
"704",1245,"Sicily","ipsl-cm6a-lr","ssp126",NA,5.54655763511879,13.4361162458148
"705",1246,"Sicily","ipsl-cm6a-lr","ssp126",NA,12.5830850647097,12.3986493791853
"706",1247,"Sicily","ipsl-cm6a-lr","ssp126",NA,0,14.3442844935826
"707",1248,"Sicily","ipsl-cm6a-lr","ssp126",NA,17.0468136271146,12.6310232979911
"708",1249,"Sicily","ipsl-cm6a-lr","ssp126",NA,11.8322128496532,12.2715741838728
"709",1250,"Sicily","ipsl-cm6a-lr","ssp126",NA,11.575533596832,8.75512956891743
"710",1251,"Sicily","ipsl-cm6a-lr","ssp126",NA,0.046549392261243,13.150763811384
"711",1252,"Sicily","ipsl-cm6a-lr","ssp126",NA,0.332998120159443,12.1216020856585
"712",1253,"Sicily","ipsl-cm6a-lr","ssp126",NA,6.74237706199554,10.9028956821987
"713",1254,"Sicily","ipsl-cm6a-lr","ssp126",NA,0,10.6467660086496
"714",1255,"Sicily","ipsl-cm6a-lr","ssp126",NA,0.108523381641135,11.4193969726563
"715",1256,"Sicily","ipsl-cm6a-lr","ssp126",NA,8.5140685866853,9.12991158621654
"716",1257,"Sicily","ipsl-cm6a-lr","ssp126",NA,0.836022412737033,9.83846435546877
"717",1258,"Sicily","ipsl-cm6a-lr","ssp126",NA,0,10.7918291364398
"718",1259,"Sicily","ipsl-cm6a-lr","ssp126",NA,0.0896161991736985,11.3440054757255
"719",1260,"Sicily","ipsl-cm6a-lr","ssp126",NA,0,12.2596810477121
"720",1261,"Sicily","ipsl-cm6a-lr","ssp126",NA,15.3934014861339,9.08538208007815
"721",1262,"Sicily","ipsl-cm6a-lr","ssp126",NA,6.54462316472616,8.69822736467636
"722",1263,"Sicily","ipsl-cm6a-lr","ssp126",NA,3.35638926782329,10.9643624441965
"723",1264,"Sicily","ipsl-cm6a-lr","ssp126",NA,4.61164258995268,11.5254891531808
"724",1265,"Sicily","ipsl-cm6a-lr","ssp126",NA,2.03945737490098,12.557759312221
"725",1266,"Sicily","ipsl-cm6a-lr","ssp126",NA,2.35452040474879,12.0494018554688
"726",1267,"Sicily","ipsl-cm6a-lr","ssp126",NA,2.83550671967013,10.9801836286273
"727",1268,"Sicily","ipsl-cm6a-lr","ssp126",NA,0.590156056361073,13.8958025251116
"728",1269,"Sicily","ipsl-cm6a-lr","ssp126",NA,8.20544482298179,12.5939488002232
"729",1270,"Sicily","ipsl-cm6a-lr","ssp126",NA,7.66210978306065,12.1209394182478
"730",1271,"Sicily","ipsl-cm6a-lr","ssp126",NA,0.650464364194444,15.1545697893415
"731",1272,"Sicily","ipsl-cm6a-lr","ssp126",NA,0,16.2527186802456
"732",1273,"Sicily","ipsl-cm6a-lr","ssp126",NA,0.437658138564854,16.1533229282924
"733",1274,"Sicily","ipsl-cm6a-lr","ssp126",NA,0.127379935916646,19.2302272251674
"734",1275,"Sicily","ipsl-cm6a-lr","ssp126",NA,0.0460262576650296,22.4776027134487
"735",1276,"Sicily","ipsl-cm6a-lr","ssp126",NA,0,27.8449951171875
"736",1277,"Sicily","ipsl-cm6a-lr","ssp126",NA,0,27.2895272391183
"737",1278,"Sicily","ipsl-cm6a-lr","ssp126",NA,0.402686400671623,29.1606776646206
"738",1279,"Sicily","ipsl-cm6a-lr","ssp126",NA,0.262860158025952,26.4088945661273
"739",1280,"Sicily","ipsl-cm6a-lr","ssp126",NA,0,27.0325212751116
"740",1281,"Sicily","ipsl-cm6a-lr","ssp126",NA,0,26.1789010184152
"741",1282,"Sicily","ipsl-cm6a-lr","ssp126",NA,0.697919257384326,27.145152936663
"742",1283,"Sicily","ipsl-cm6a-lr","ssp126",NA,0,26.4027038574219
"743",1284,"Sicily","ipsl-cm6a-lr","ssp126",NA,0,25.3159990583148
"744",1285,"Sicily","ipsl-cm6a-lr","ssp126",NA,0,27.0146030970982
"745",1286,"Sicily","ipsl-cm6a-lr","ssp126",NA,0,28.2951686314174
"746",1287,"Sicily","ipsl-cm6a-lr","ssp126",NA,0.329806551495234,27.9472769601005
"747",1288,"Sicily","ipsl-cm6a-lr","ssp126",NA,0,30.169575718471
"748",1289,"Sicily","ipsl-cm6a-lr","ssp126",NA,0.0144722047740028,24.7779479980469
"749",1290,"Sicily","ipsl-cm6a-lr","ssp126",NA,0.217506592993491,25.8591988699777
"750",1291,"Sicily","ipsl-cm6a-lr","ssp126",NA,1.51577679124395,25.8308262416295
"751",1292,"Sicily","ipsl-cm6a-lr","ssp126",NA,0,25.5171578543527
"752",1293,"Sicily","ipsl-cm6a-lr","ssp126",NA,0.0857031366779536,25.9556256975447
"753",1294,"Sicily","ipsl-cm6a-lr","ssp126",NA,0.596193166555687,23.7150425502232
"754",1295,"Sicily","ipsl-cm6a-lr","ssp126",NA,1.7045205093122,18.7354326520648
"755",1296,"Sicily","ipsl-cm6a-lr","ssp126",NA,0.0391613947743151,19.1129786900112
"756",1297,"Sicily","ipsl-cm6a-lr","ssp126",NA,6.63112997343498,17.6670122419085
"757",1298,"Sicily","ipsl-cm6a-lr","ssp126",NA,4.71421922317989,16.4933759416853
"758",1299,"Sicily","ipsl-cm6a-lr","ssp126",NA,24.6910209784151,16.3279009137835
"759",1300,"Sicily","ipsl-cm6a-lr","ssp126",NA,4.62543236374456,13.1866960797991
"760",1301,"Sicily","ipsl-cm6a-lr","ssp126",NA,1.19065354395259,13.7190185546875
"761",1302,"Sicily","ipsl-cm6a-lr","ssp126",NA,4.92021913108017,11.9608703613281
"762",1303,"Sicily","ipsl-cm6a-lr","ssp126",NA,7.05012780090328,8.9046569824219
"763",1304,"Sicily","ipsl-cm6a-lr","ssp126",NA,1.94914910742747,10.6349339076451
"764",1305,"Sicily","ipsl-cm6a-lr","ssp126",NA,0,12.5866245814732
"765",1306,"Sicily","ipsl-cm6a-lr","ssp126",NA,0.789937534136698,11.7773550851005
"766",1307,"Sicily","ipsl-cm6a-lr","ssp126",NA,0,13.0612295968192
"767",1308,"Sicily","ipsl-cm6a-lr","ssp126",NA,0,13.764794921875
"768",1309,"Sicily","ipsl-cm6a-lr","ssp126",NA,3.73592672196017,10.6124729701451
"769",1310,"Sicily","ipsl-cm6a-lr","ssp126",NA,1.07762113246801,9.90718122209824
"770",1311,"Sicily","ipsl-cm6a-lr","ssp126",NA,2.87011994597768,10.799214390346
"771",1312,"Sicily","ipsl-cm6a-lr","ssp126",NA,3.49525183763555,10.9921770368304
"772",1313,"Sicily","ipsl-cm6a-lr","ssp126",NA,10.3818792267703,9.43733258928574
"773",1314,"Sicily","ipsl-cm6a-lr","ssp126",NA,12.2788867297848,10.4982195172991
"774",1315,"Sicily","ipsl-cm6a-lr","ssp126",NA,1.02610452382318,13.652485874721
"775",1316,"Sicily","ipsl-cm6a-lr","ssp126",NA,6.23267657231606,9.23509695870538
"776",1317,"Sicily","ipsl-cm6a-lr","ssp126",NA,0.0271137934760191,11.2772635323661
"777",1318,"Sicily","ipsl-cm6a-lr","ssp126",NA,12.7900208280023,11.4168640136719
"778",1319,"Sicily","ipsl-cm6a-lr","ssp126",NA,9.05826507202749,11.1910775320871
"779",1320,"Sicily","ipsl-cm6a-lr","ssp126",NA,1.07304693145644,12.4939426967076
"780",1321,"Sicily","ipsl-cm6a-lr","ssp126",NA,1.5106083095556,13.0958583286831
"781",1322,"Sicily","ipsl-cm6a-lr","ssp126",NA,0.473237066762522,14.2001935686384
"782",1323,"Sicily","ipsl-cm6a-lr","ssp126",NA,2.08735388961421,15.1456019810268
"783",1324,"Sicily","ipsl-cm6a-lr","ssp126",NA,0.466054638257317,16.3446768624442
"784",1325,"Sicily","ipsl-cm6a-lr","ssp126",NA,1.27682893445516,17.6535801478795
"785",1326,"Sicily","ipsl-cm6a-lr","ssp126",NA,0.0253886967714477,20.4519810267857
"786",1327,"Sicily","ipsl-cm6a-lr","ssp126",NA,0,21.7764351981027
"787",1328,"Sicily","ipsl-cm6a-lr","ssp126",NA,0.183462922619323,19.454963030134
"788",1329,"Sicily","ipsl-cm6a-lr","ssp126",NA,0,19.7236267089844
"789",1330,"Sicily","ipsl-cm6a-lr","ssp126",NA,0,21.9794163295201
"790",1331,"Sicily","ipsl-cm6a-lr","ssp126",NA,0,24.761616734096
"791",1332,"Sicily","ipsl-cm6a-lr","ssp126",NA,0.231298363567995,25.1827811104911
"792",1333,"Sicily","ipsl-cm6a-lr","ssp126",NA,0,27.9268650599889
"793",1334,"Sicily","ipsl-cm6a-lr","ssp126",NA,0,25.3619803292411
"794",1335,"Sicily","ipsl-cm6a-lr","ssp126",NA,0,25.9607918875558
"795",1336,"Sicily","ipsl-cm6a-lr","ssp126",NA,0,27.7246163504464
"796",1337,"Sicily","ipsl-cm6a-lr","ssp126",NA,0.0805000431552928,26.4118547712054
"797",1338,"Sicily","ipsl-cm6a-lr","ssp126",NA,0,25.8217930385045
"798",1339,"Sicily","ipsl-cm6a-lr","ssp126",NA,0.344592057496941,25.950080217634
"799",1340,"Sicily","ipsl-cm6a-lr","ssp126",NA,0,26.4121207101005
"800",1341,"Sicily","ipsl-cm6a-lr","ssp126",NA,0,23.301154436384
"801",1342,"Sicily","ipsl-cm6a-lr","ssp126",NA,1.90748084818811,23.3040448869978
"802",1343,"Sicily","ipsl-cm6a-lr","ssp126",NA,0,22.3983180454799
"803",1344,"Sicily","ipsl-cm6a-lr","ssp126",NA,0.257321905311463,21.7490914481027
"804",1345,"Sicily","ipsl-cm6a-lr","ssp126",NA,0.618119207917646,21.0377964564732
"805",1346,"Sicily","ipsl-cm6a-lr","ssp126",NA,2.01057941906454,21.805793108259
"806",1347,"Sicily","ipsl-cm6a-lr","ssp126",NA,0,22.7444876534598
"807",1348,"Sicily","ipsl-cm6a-lr","ssp126",NA,3.59393185270684,20.635404750279
"808",1349,"Sicily","ipsl-cm6a-lr","ssp126",NA,1.62767349226799,19.3839660644531
"809",1350,"Sicily","ipsl-cm6a-lr","ssp126",NA,5.57838342584936,19.4844560895648
"810",1351,"Sicily","ipsl-cm6a-lr","ssp126",NA,5.39235022442881,17.4299909319197
"811",1352,"Sicily","ipsl-cm6a-lr","ssp126",NA,14.5100529621621,16.5226815359933
"812",1353,"Sicily","ipsl-cm6a-lr","ssp126",NA,13.3448712810475,12.4363778250558
"813",1354,"Sicily","ipsl-cm6a-lr","ssp126",NA,0,13.6719517299107
"814",1355,"Sicily","ipsl-cm6a-lr","ssp126",NA,0.418035296856293,14.8068132672991
"815",1356,"Sicily","ipsl-cm6a-lr","ssp126",NA,0.186532467237807,14.5991149902344
"816",1357,"Sicily","ipsl-cm6a-lr","ssp126",NA,0.0151733575226639,14.4797825404576
"817",1358,"Sicily","ipsl-cm6a-lr","ssp126",NA,1.43450368029465,11.3947169712612
"818",1359,"Sicily","ipsl-cm6a-lr","ssp126",NA,5.2018748538103,10.7266784667969
"819",1360,"Sicily","ipsl-cm6a-lr","ssp126",NA,13.1753435998689,10.4051539829799
"820",1361,"Sicily","ipsl-cm6a-lr","ssp126",NA,4.16233603401841,8.79986833844868
"821",1362,"Sicily","ipsl-cm6a-lr","ssp126",NA,0.147463196688997,11.487442452567
"822",1363,"Sicily","ipsl-cm6a-lr","ssp126",NA,0,9.90524117606029
"823",1364,"Sicily","ipsl-cm6a-lr","ssp126",NA,0.666673905964542,10.6255475725447
"824",1365,"Sicily","ipsl-cm6a-lr","ssp126",NA,0.0463207206589037,9.51294642857145
"825",1366,"Sicily","ipsl-cm6a-lr","ssp126",NA,3.19403422347802,10.4744376046317
"826",1367,"Sicily","ipsl-cm6a-lr","ssp126",NA,8.19151599425822,8.03276541573663
"827",1368,"Sicily","ipsl-cm6a-lr","ssp126",NA,3.92413494306051,8.93884538922993
"828",1369,"Sicily","ipsl-cm6a-lr","ssp126",NA,0.298243045108393,12.3596043178014
"829",1370,"Sicily","ipsl-cm6a-lr","ssp126",NA,1.75569069792151,12.5385768345424
"830",1371,"Sicily","ipsl-cm6a-lr","ssp126",NA,0,16.133429827009
"831",1372,"Sicily","ipsl-cm6a-lr","ssp126",NA,0.058131424676893,16.7695295061384
"832",1373,"Sicily","ipsl-cm6a-lr","ssp126",NA,0.39652849144269,16.5791259765625
"833",1374,"Sicily","ipsl-cm6a-lr","ssp126",NA,3.45152968610429,17.7827741350447
"834",1375,"Sicily","ipsl-cm6a-lr","ssp126",NA,0.0159516368772269,17.4424203055246
"835",1376,"Sicily","ipsl-cm6a-lr","ssp126",NA,9.534925794495,17.3440752301898
"836",1377,"Sicily","ipsl-cm6a-lr","ssp126",NA,8.18226565107969,19.0781494140625
"837",1378,"Sicily","ipsl-cm6a-lr","ssp126",NA,0.0390219679892263,21.6949925013951
"838",1379,"Sicily","ipsl-cm6a-lr","ssp126",NA,1.09726327687635,21.3645568847656
"839",1380,"Sicily","ipsl-cm6a-lr","ssp126",NA,0.0248935872930036,20.0093235560826
"840",1381,"Sicily","ipsl-cm6a-lr","ssp126",NA,0.308234333559605,21.6513785226005
"841",1382,"Sicily","ipsl-cm6a-lr","ssp126",NA,0.20331965310366,24.0457266671317
"842",1383,"Sicily","ipsl-cm6a-lr","ssp126",NA,0,24.0899335588728
"843",1384,"Sicily","ipsl-cm6a-lr","ssp126",NA,0,25.7430228097098
"844",1385,"Sicily","ipsl-cm6a-lr","ssp126",NA,0,26.4624354771206
"845",1386,"Sicily","ipsl-cm6a-lr","ssp126",NA,0,26.4975001743862
"846",1387,"Sicily","ipsl-cm6a-lr","ssp126",NA,0,26.7118948800223
"847",1388,"Sicily","ipsl-cm6a-lr","ssp126",NA,0,27.8886875697545
"848",1389,"Sicily","ipsl-cm6a-lr","ssp126",NA,0,28.1171770368304
"849",1390,"Sicily","ipsl-cm6a-lr","ssp126",NA,0,29.743048967634
"850",1391,"Sicily","ipsl-cm6a-lr","ssp126",NA,0,27.3559640066964
"851",1392,"Sicily","ipsl-cm6a-lr","ssp126",NA,0,26.2839686802456
"852",1393,"Sicily","ipsl-cm6a-lr","ssp126",NA,0,23.6257481166295
"853",1394,"Sicily","ipsl-cm6a-lr","ssp126",NA,0.133890311657784,22.829984828404
"854",1395,"Sicily","ipsl-cm6a-lr","ssp126",NA,0.060340675918269,22.9495309012277
"855",1396,"Sicily","ipsl-cm6a-lr","ssp126",NA,0,20.0085998535156
"856",1397,"Sicily","ipsl-cm6a-lr","ssp126",NA,0.212908408138901,19.7576668875558
"857",1398,"Sicily","ipsl-cm6a-lr","ssp126",NA,0,19.7818150111607
"858",1399,"Sicily","ipsl-cm6a-lr","ssp126",NA,0.0205425151632101,20.24013671875
"859",1400,"Sicily","ipsl-cm6a-lr","ssp126",NA,2.17268914961356,19.71962890625
"860",1401,"Sicily","ipsl-cm6a-lr","ssp126",NA,12.5978813390248,15.1390319824219
"861",1402,"Sicily","ipsl-cm6a-lr","ssp126",NA,0,15.587287248884
"862",1403,"Sicily","ipsl-cm6a-lr","ssp126",NA,1.14068841295583,14.8066083635603
"863",1404,"Sicily","ipsl-cm6a-lr","ssp126",NA,0.0474158499855548,13.8099173409598
"864",1405,"Sicily","ipsl-cm6a-lr","ssp126",NA,2.03010008387667,13.999169921875
"865",1406,"Sicily","ipsl-cm6a-lr","ssp126",NA,0.640979941402163,14.0054827008929
"866",1407,"Sicily","ipsl-cm6a-lr","ssp126",NA,0.054635750088242,11.6443812779018
"867",1408,"Sicily","ipsl-cm6a-lr","ssp126",NA,1.81977681183655,9.8394234793527
"868",1409,"Sicily","ipsl-cm6a-lr","ssp126",NA,5.87906769277262,8.60749860491074
"869",1410,"Sicily","ipsl-cm6a-lr","ssp126",NA,0.729613987329815,11.2299133300781
"870",1411,"Sicily","ipsl-cm6a-lr","ssp126",NA,1.62032997967409,11.5857221330915
"871",1412,"Sicily","ipsl-cm6a-lr","ssp126",NA,5.24946025772286,8.97640380859377
"872",1413,"Sicily","ipsl-cm6a-lr","ssp126",NA,1.63032185186499,11.1187290736607
"873",1414,"Sicily","ipsl-cm6a-lr","ssp126",NA,6.73894866901849,11.0005432128906
"874",1415,"Sicily","ipsl-cm6a-lr","ssp126",NA,2.12482080595302,10.9070765904018
"875",1416,"Sicily","ipsl-cm6a-lr","ssp126",NA,0.77037337510514,12.1283290318081
"876",1417,"Sicily","ipsl-cm6a-lr","ssp126",NA,9.68017774035356,10.104887172154
"877",1418,"Sicily","ipsl-cm6a-lr","ssp126",NA,0.104515896444874,14.5083775111607
"878",1419,"Sicily","ipsl-cm6a-lr","ssp126",NA,0.396233338064381,11.7252833775112
"879",1420,"Sicily","ipsl-cm6a-lr","ssp126",NA,0,12.8961687360491
"880",1421,"Sicily","ipsl-cm6a-lr","ssp126",NA,0.142497915346342,13.924454171317
"881",1422,"Sicily","ipsl-cm6a-lr","ssp126",NA,0.741289084128636,15.1169285365514
"882",1423,"Sicily","ipsl-cm6a-lr","ssp126",NA,1.21999221633554,12.9373718261719
"883",1424,"Sicily","ipsl-cm6a-lr","ssp126",NA,0.0403323429054581,15.5209115164621
"884",1425,"Sicily","ipsl-cm6a-lr","ssp126",NA,0.144550341272926,16.4655569893973
"885",1426,"Sicily","ipsl-cm6a-lr","ssp126",NA,0.0800171445007436,17.6272957938058
"886",1427,"Sicily","ipsl-cm6a-lr","ssp126",NA,0.0308801829565449,18.5010620117188
"887",1428,"Sicily","ipsl-cm6a-lr","ssp126",NA,0.684136759290206,18.0950648716518
"888",1429,"Sicily","ipsl-cm6a-lr","ssp126",NA,5.67939736689108,17.8277919224331
"889",1430,"Sicily","ipsl-cm6a-lr","ssp126",NA,2.44840664568723,17.9158264160156
"890",1431,"Sicily","ipsl-cm6a-lr","ssp126",NA,0.0772027278019648,19.701806640625
"891",1432,"Sicily","ipsl-cm6a-lr","ssp126",NA,0.423788590290185,19.253795514788
"892",1433,"Sicily","ipsl-cm6a-lr","ssp126",NA,0,21.4905378069197
"893",1434,"Sicily","ipsl-cm6a-lr","ssp126",NA,0.0745145784873914,22.1574079241072
"894",1435,"Sicily","ipsl-cm6a-lr","ssp126",NA,0,24.1808715820313
"895",1436,"Sicily","ipsl-cm6a-lr","ssp126",NA,0,26.4185555594308
"896",1437,"Sicily","ipsl-cm6a-lr","ssp126",NA,0,27.9941650390625
"897",1438,"Sicily","ipsl-cm6a-lr","ssp126",NA,0,27.5249877929688
"898",1439,"Sicily","ipsl-cm6a-lr","ssp126",NA,0,26.0784545898438
"899",1440,"Sicily","ipsl-cm6a-lr","ssp126",NA,0,27.9255310058594
"900",1441,"Sicily","ipsl-cm6a-lr","ssp126",NA,0,28.9226405552456
"901",1442,"Sicily","ipsl-cm6a-lr","ssp126",NA,0.0560604565959823,28.2780700683594
"902",1443,"Sicily","ipsl-cm6a-lr","ssp126",NA,0.220239347878045,28.2714477539063
"903",1444,"Sicily","ipsl-cm6a-lr","ssp126",NA,0,27.8537885393415
"904",1445,"Sicily","ipsl-cm6a-lr","ssp126",NA,0,26.3956804547991
"905",1446,"Sicily","ipsl-cm6a-lr","ssp126",NA,0.0154304850314345,25.0251360212054
"906",1447,"Sicily","ipsl-cm6a-lr","ssp126",NA,0,23.4985682896206
"907",1448,"Sicily","ipsl-cm6a-lr","ssp126",NA,0.0589322762347625,23.0608067103795
"908",1449,"Sicily","ipsl-cm6a-lr","ssp126",NA,0.528220136350553,22.7740373883929
"909",1450,"Sicily","ipsl-cm6a-lr","ssp126",NA,0,23.7135384695871
"910",1451,"Sicily","ipsl-cm6a-lr","ssp126",NA,0.388666275622589,22.5066685267857
"911",1452,"Sicily","ipsl-cm6a-lr","ssp126",NA,2.61591151169601,21.2580113002232
"912",1453,"Sicily","ipsl-cm6a-lr","ssp126",NA,1.56974435584354,20.3391139439174
"913",1454,"Sicily","ipsl-cm6a-lr","ssp126",NA,0,21.2236485072545
"914",1455,"Sicily","ipsl-cm6a-lr","ssp126",NA,8.32651397442013,17.7943838936942
"915",1456,"Sicily","ipsl-cm6a-lr","ssp126",NA,0.876251908006712,17.1229840959822
"916",1457,"Sicily","ipsl-cm6a-lr","ssp126",NA,1.7531694504474,16.0642203194755
"917",1458,"Sicily","ipsl-cm6a-lr","ssp126",NA,5.44318123221664,16.718639264788
"918",1459,"Sicily","ipsl-cm6a-lr","ssp126",NA,7.36283435502888,14.6794852120536
"919",1460,"Sicily","ipsl-cm6a-lr","ssp126",NA,3.95834414853847,11.8289167131697
"920",1461,"Sicily","ipsl-cm6a-lr","ssp126",NA,0.804662659564721,11.4071943010603
"921",1462,"Sicily","ipsl-cm6a-lr","ssp126",NA,6.94618276819321,11.7790248325893
"922",1463,"Sicily","ipsl-cm6a-lr","ssp126",NA,0,13.4257707868304
"923",1464,"Sicily","ipsl-cm6a-lr","ssp126",NA,0.613646195935351,14.2859348842076
"924",1465,"Sicily","ipsl-cm6a-lr","ssp126",NA,25.4351632586414,11.907124546596
"925",1466,"Sicily","ipsl-cm6a-lr","ssp126",NA,8.39811828502986,11.8010236467634
"926",1467,"Sicily","ipsl-cm6a-lr","ssp126",NA,2.01539404224604,10.7529279436384
"927",1468,"Sicily","ipsl-cm6a-lr","ssp126",NA,0.031843370275705,13.7067156110491
"928",1469,"Sicily","ipsl-cm6a-lr","ssp126",NA,5.69658563804946,10.7994323730469
"929",1470,"Sicily","ipsl-cm6a-lr","ssp126",NA,1.74764551619384,11.967436000279
"930",1471,"Sicily","ipsl-cm6a-lr","ssp126",NA,0.167274805218247,14.184211077009
"931",1472,"Sicily","ipsl-cm6a-lr","ssp126",NA,0,12.8471357073103
"932",1473,"Sicily","ipsl-cm6a-lr","ssp126",NA,1.48183028546295,13.4199462890625
"933",1474,"Sicily","ipsl-cm6a-lr","ssp126",NA,1.93264467047162,12.4650251116072
"934",1475,"Sicily","ipsl-cm6a-lr","ssp126",NA,4.01288820238343,13.0962288992746
"935",1476,"Sicily","ipsl-cm6a-lr","ssp126",NA,0.605551994106333,15.1334123883929
"936",1477,"Sicily","ipsl-cm6a-lr","ssp126",NA,0.444272599582161,15.4482796805246
"937",1478,"Sicily","ipsl-cm6a-lr","ssp126",NA,4.64446661062539,15.2038208007813
"938",1479,"Sicily","ipsl-cm6a-lr","ssp126",NA,0.903060797125883,16.6883265904018
"939",1480,"Sicily","ipsl-cm6a-lr","ssp126",NA,4.12939178682531,15.5264875139509
"940",1481,"Sicily","ipsl-cm6a-lr","ssp126",NA,0.15765135415547,17.1261492047991
"941",1482,"Sicily","ipsl-cm6a-lr","ssp126",NA,0.0172591295787632,18.4197283063616
"942",1483,"Sicily","ipsl-cm6a-lr","ssp126",NA,0.0862442773983016,22.3698713030134
"943",1484,"Sicily","ipsl-cm6a-lr","ssp126",NA,0,23.9421456473214
"944",1485,"Sicily","ipsl-cm6a-lr","ssp126",NA,0,23.3788957868304
"945",1486,"Sicily","ipsl-cm6a-lr","ssp126",NA,0,22.9221435546875
"946",1487,"Sicily","ipsl-cm6a-lr","ssp126",NA,0,24.2672755650112
"947",1488,"Sicily","ipsl-cm6a-lr","ssp126",NA,0,25.4092694963728
"948",1489,"Sicily","ipsl-cm6a-lr","ssp126",NA,0,26.3764282226563
"949",1490,"Sicily","ipsl-cm6a-lr","ssp126",NA,0,29.3959115164621
"950",1491,"Sicily","ipsl-cm6a-lr","ssp126",NA,0,27.4389848981585
"951",1492,"Sicily","ipsl-cm6a-lr","ssp126",NA,0,27.5819815499442
"952",1493,"Sicily","ipsl-cm6a-lr","ssp126",NA,0.0309153364339311,24.7150381905692
"953",1494,"Sicily","ipsl-cm6a-lr","ssp126",NA,0,24.6763157435826
"954",1495,"Sicily","ipsl-cm6a-lr","ssp126",NA,0.233453440679503,25.8871965680804
"955",1496,"Sicily","ipsl-cm6a-lr","ssp126",NA,0,28.3235369001116
"956",1497,"Sicily","ipsl-cm6a-lr","ssp126",NA,0.206494770411934,26.3768685477121
"957",1498,"Sicily","ipsl-cm6a-lr","ssp126",NA,1.85503985267133,24.8793666294643
"958",1499,"Sicily","ipsl-cm6a-lr","ssp126",NA,0.170748920728719,26.2161586216518
"959",1500,"Sicily","ipsl-cm6a-lr","ssp126",NA,0,24.9247288295201
"960",1501,"Sicily","ipsl-cm6a-lr","ssp126",NA,3.72068814135024,24.7283482142857
"961",1502,"Sicily","ipsl-cm6a-lr","ssp126",NA,1.67416803264392,23.3751072474889
"962",1503,"Sicily","ipsl-cm6a-lr","ssp126",NA,0.221872741323231,23.3483607700893
"963",1504,"Sicily","ipsl-cm6a-lr","ssp126",NA,1.45204493154389,19.4917628696987
"964",1505,"Sicily","ipsl-cm6a-lr","ssp126",NA,0,18.2845310756139
"965",1506,"Sicily","ipsl-cm6a-lr","ssp126",NA,3.10363748576492,17.6040849958148
"966",1507,"Sicily","ipsl-cm6a-lr","ssp126",NA,1.25767626419214,15.861701311384
"967",1508,"Sicily","ipsl-cm6a-lr","ssp126",NA,0.10610136710706,14.896622140067
"968",1509,"Sicily","ipsl-cm6a-lr","ssp126",NA,0.0591738265939057,15.9374328613281
"969",1510,"Sicily","ipsl-cm6a-lr","ssp126",NA,0.0509036104111666,13.7848275320871
"970",1511,"Sicily","ipsl-cm6a-lr","ssp126",NA,7.14857027882577,13.8227260044643
"971",1512,"Sicily","ipsl-cm6a-lr","ssp126",NA,7.7095985556038,11.7169825962612
"972",1513,"Sicily","ipsl-cm6a-lr","ssp126",NA,4.41781979919012,11.7527491978237
"973",1514,"Sicily","ipsl-cm6a-lr","ssp126",NA,0.598014141100326,12.8683454241072
"974",1515,"Sicily","ipsl-cm6a-lr","ssp126",NA,0,13.7417061941965
"975",1516,"Sicily","ipsl-cm6a-lr","ssp126",NA,0.0206295288600294,13.1644749232701
"976",1517,"Sicily","ipsl-cm6a-lr","ssp126",NA,1.30947930239407,12.5039786202567
"977",1518,"Sicily","ipsl-cm6a-lr","ssp126",NA,0.450684575896178,12.3694920131139
"978",1519,"Sicily","ipsl-cm6a-lr","ssp126",NA,0,12.3852913992746
"979",1520,"Sicily","ipsl-cm6a-lr","ssp126",NA,0.407746525680912,12.2924787248884
"980",1521,"Sicily","ipsl-cm6a-lr","ssp126",NA,0.924975090726678,11.1643790108817
"981",1522,"Sicily","ipsl-cm6a-lr","ssp126",NA,20.1438745388129,10.8130955287389
"982",1523,"Sicily","ipsl-cm6a-lr","ssp126",NA,4.46153424984784,10.223033796038
"983",1524,"Sicily","ipsl-cm6a-lr","ssp126",NA,11.1714169216741,10.3954929896764
"984",1525,"Sicily","ipsl-cm6a-lr","ssp126",NA,5.62130926243429,12.7134861537389
"985",1526,"Sicily","ipsl-cm6a-lr","ssp126",NA,2.8688697776358,13.9454197474889
"986",1527,"Sicily","ipsl-cm6a-lr","ssp126",NA,0,16.2268048967634
"987",1528,"Sicily","ipsl-cm6a-lr","ssp126",NA,4.95509184090354,14.7390119280134
"988",1529,"Sicily","ipsl-cm6a-lr","ssp126",NA,3.62174076227737,15.2343383789063
"989",1530,"Sicily","ipsl-cm6a-lr","ssp126",NA,0.119073123745953,16.8941981724331
"990",1531,"Sicily","ipsl-cm6a-lr","ssp126",NA,0.429575695722763,17.9590305873326
"991",1532,"Sicily","ipsl-cm6a-lr","ssp126",NA,0.0795998267546695,19.0974321637835
"992",1533,"Sicily","ipsl-cm6a-lr","ssp126",NA,0.543168379434584,17.513805280413
"993",1534,"Sicily","ipsl-cm6a-lr","ssp126",NA,2.04862732898619,18.3730930873326
"994",1535,"Sicily","ipsl-cm6a-lr","ssp126",NA,0.107894456855969,19.4856375558036
"995",1536,"Sicily","ipsl-cm6a-lr","ssp126",NA,0,19.6337655203683
"996",1537,"Sicily","ipsl-cm6a-lr","ssp126",NA,0.0241731009737123,19.9843558175223
"997",1538,"Sicily","ipsl-cm6a-lr","ssp126",NA,0.724211970477232,20.3667061941964
"998",1539,"Sicily","ipsl-cm6a-lr","ssp126",NA,1.7210613907082,20.5460885184152
"999",1540,"Sicily","ipsl-cm6a-lr","ssp126",NA,0,23.9958478655134
"1000",1541,"Sicily","ipsl-cm6a-lr","ssp126",NA,0,25.0213038853237
"1001",1542,"Sicily","ipsl-cm6a-lr","ssp126",NA,0.0153889946107353,24.6537719726563
"1002",1543,"Sicily","ipsl-cm6a-lr","ssp126",NA,0.0457577374098556,25.2681169782366
"1003",1544,"Sicily","ipsl-cm6a-lr","ssp126",NA,0,26.068004499163
"1004",1545,"Sicily","ipsl-cm6a-lr","ssp126",NA,0.0441626911716802,24.7918596540179
"1005",1546,"Sicily","ipsl-cm6a-lr","ssp126",NA,0,25.8932652064732
"1006",1547,"Sicily","ipsl-cm6a-lr","ssp126",NA,0,25.5162336077009
"1007",1548,"Sicily","ipsl-cm6a-lr","ssp126",NA,0,26.0205758231027
"1008",1549,"Sicily","ipsl-cm6a-lr","ssp126",NA,0,25.1704781668527
"1009",1550,"Sicily","ipsl-cm6a-lr","ssp126",NA,0.0231354265062172,24.9357936314174
"1010",1551,"Sicily","ipsl-cm6a-lr","ssp126",NA,0,24.3968401227679
"1011",1552,"Sicily","ipsl-cm6a-lr","ssp126",NA,1.73422223971491,22.7622314453125
"1012",1553,"Sicily","ipsl-cm6a-lr","ssp126",NA,0.198551403549832,22.9257053920201
"1013",1554,"Sicily","ipsl-cm6a-lr","ssp126",NA,0,22.8081255231585
"1014",1555,"Sicily","ipsl-cm6a-lr","ssp126",NA,2.15498191703643,21.3523149762835
"1015",1556,"Sicily","ipsl-cm6a-lr","ssp126",NA,5.49024081576915,20.6311410086496
"1016",1557,"Sicily","ipsl-cm6a-lr","ssp126",NA,0.256029864872939,21.1684160505023
"1017",1558,"Sicily","ipsl-cm6a-lr","ssp126",NA,3.2138819789647,19.0918605259487
"1018",1559,"Sicily","ipsl-cm6a-lr","ssp126",NA,3.68403453716642,17.6365949358259
"1019",1560,"Sicily","ipsl-cm6a-lr","ssp126",NA,0.698196713346988,18.0753941127232
"1020",1561,"Sicily","ipsl-cm6a-lr","ssp126",NA,4.18893591766911,16.6144566127232
"1021",1562,"Sicily","ipsl-cm6a-lr","ssp126",NA,16.8013608615313,14.3033299037389
"1022",1563,"Sicily","ipsl-cm6a-lr","ssp126",NA,8.43933686264791,11.8340044294085
"1023",1564,"Sicily","ipsl-cm6a-lr","ssp126",NA,1.76823512343357,12.7910008021764
"1024",1565,"Sicily","ipsl-cm6a-lr","ssp126",NA,0,11.3393711635045
"1025",1566,"Sicily","ipsl-cm6a-lr","ssp126",NA,0,12.5925624302456
"1026",1567,"Sicily","ipsl-cm6a-lr","ssp126",NA,0.0306039983115625,14.4637302943639
"1027",1568,"Sicily","ipsl-cm6a-lr","ssp126",NA,15.9669234367487,10.7739414760045
"1028",1569,"Sicily","ipsl-cm6a-lr","ssp126",NA,0.0547004160970183,11.270405796596
"1029",1570,"Sicily","ipsl-cm6a-lr","ssp126",NA,0,13.0718584333148
"1030",1571,"Sicily","ipsl-cm6a-lr","ssp126",NA,6.75648789121104,11.8376142229353
"1031",1572,"Sicily","ipsl-cm6a-lr","ssp126",NA,0.17139207557193,13.0989057268415
"1032",1573,"Sicily","ipsl-cm6a-lr","ssp126",NA,1.08835190684269,12.340949358259
"1033",1574,"Sicily","ipsl-cm6a-lr","ssp126",NA,0.474913863217807,13.6596923828125
"1034",1575,"Sicily","ipsl-cm6a-lr","ssp126",NA,0.161628448404372,10.5530465262277
"1035",1576,"Sicily","ipsl-cm6a-lr","ssp126",NA,4.80568502680399,9.54515555245538
"1036",1577,"Sicily","ipsl-cm6a-lr","ssp126",NA,7.47404888887624,12.8720903669085
"1037",1578,"Sicily","ipsl-cm6a-lr","ssp126",NA,1.67151823614924,14.065580531529
"1038",1579,"Sicily","ipsl-cm6a-lr","ssp126",NA,0,11.9157174246652
"1039",1580,"Sicily","ipsl-cm6a-lr","ssp126",NA,0,15.414697265625
"1040",1581,"Sicily","ipsl-cm6a-lr","ssp126",NA,0.610056129517034,15.2649300711496
"1041",1582,"Sicily","ipsl-cm6a-lr","ssp126",NA,2.28097775003075,14.6328630719866
"1042",1583,"Sicily","ipsl-cm6a-lr","ssp126",NA,0.275371181279687,17.0886518205915
"1043",1584,"Sicily","ipsl-cm6a-lr","ssp126",NA,14.2943646733849,15.8362496512277
"1044",1585,"Sicily","ipsl-cm6a-lr","ssp126",NA,0.0307747786532023,17.6789794921875
"1045",1586,"Sicily","ipsl-cm6a-lr","ssp126",NA,3.45277946575412,18.49794921875
"1046",1587,"Sicily","ipsl-cm6a-lr","ssp126",NA,0,20.3237897600447
"1047",1588,"Sicily","ipsl-cm6a-lr","ssp126",NA,0.11697991742819,21.7184605189732
"1048",1589,"Sicily","ipsl-cm6a-lr","ssp126",NA,0,21.1881609235491
"1049",1590,"Sicily","ipsl-cm6a-lr","ssp126",NA,0,21.9958871023996
"1050",1591,"Sicily","ipsl-cm6a-lr","ssp126",NA,3.20876660916838,20.5502519880023
"1051",1592,"Sicily","ipsl-cm6a-lr","ssp126",NA,0,23.5386727469308
"1052",1593,"Sicily","ipsl-cm6a-lr","ssp126",NA,0,25.5818158830915
"1053",1594,"Sicily","ipsl-cm6a-lr","ssp126",NA,0,26.2551993233817
"1054",1595,"Sicily","ipsl-cm6a-lr","ssp126",NA,0,25.1091509137835
"1055",1596,"Sicily","ipsl-cm6a-lr","ssp126",NA,0,24.7068158830915
"1056",1597,"Sicily","ipsl-cm6a-lr","ssp126",NA,0.13836442376487,24.3509155273438
"1057",1598,"Sicily","ipsl-cm6a-lr","ssp126",NA,0.0239606337605177,25.1947047642299
"1058",1599,"Sicily","ipsl-cm6a-lr","ssp126",NA,0,27.1253077915737
"1059",1600,"Sicily","ipsl-cm6a-lr","ssp126",NA,0.523653563245067,28.0294825962612
"1060",1601,"Sicily","ipsl-cm6a-lr","ssp126",NA,6.7024414768509,26.4942391531808
"1061",1602,"Sicily","ipsl-cm6a-lr","ssp126",NA,7.1980876253552,25.478653390067
"1062",1603,"Sicily","ipsl-cm6a-lr","ssp126",NA,8.10255388662751,24.9620910644531
"1063",1604,"Sicily","ipsl-cm6a-lr","ssp126",NA,1.81060402464936,23.6142822265625
"1064",1605,"Sicily","ipsl-cm6a-lr","ssp126",NA,0.290308013375449,24.8222638811384
"1065",1606,"Sicily","ipsl-cm6a-lr","ssp126",NA,12.4659441361603,22.5900163922991
"1066",1607,"Sicily","ipsl-cm6a-lr","ssp126",NA,18.9057351971444,19.7235656738281
"1067",1608,"Sicily","ipsl-cm6a-lr","ssp126",NA,5.39101791717777,19.3466081891741
"1068",1609,"Sicily","ipsl-cm6a-lr","ssp126",NA,2.13253928148853,18.3434212820871
"1069",1610,"Sicily","ipsl-cm6a-lr","ssp126",NA,3.85607802974326,14.4545488630023
"1070",1611,"Sicily","ipsl-cm6a-lr","ssp126",NA,1.32820948825351,14.2949942452567
"1071",1612,"Sicily","ipsl-cm6a-lr","ssp126",NA,3.71976691032095,14.8466997419085
"1072",1613,"Sicily","ipsl-cm6a-lr","ssp126",NA,0,14.4170209612165
"1073",1614,"Sicily","ipsl-cm6a-lr","ssp126",NA,0.589152546100585,13.3179652622768
"1074",1615,"Sicily","ipsl-cm6a-lr","ssp126",NA,6.35525904363021,11.5112243652344
"1075",1616,"Sicily","ipsl-cm6a-lr","ssp126",NA,0.0913094034850864,14.1090898786273
"1076",1617,"Sicily","ipsl-cm6a-lr","ssp126",NA,1.94177036838872,9.99998081752234
"1077",1618,"Sicily","ipsl-cm6a-lr","ssp126",NA,0.574994231906853,12.589994594029
"1078",1619,"Sicily","ipsl-cm6a-lr","ssp126",NA,2.31902300646262,15.0895804268973
"1079",1620,"Sicily","ipsl-cm6a-lr","ssp126",NA,3.67344211471001,9.84551827566967
"1080",1621,"Sicily","ipsl-cm6a-lr","ssp126",NA,0,11.4248421805246
"1081",1622,"Sicily","ipsl-cm6a-lr","ssp126",NA,0.555460780950463,13.0034118652344
"1082",1623,"Sicily","ipsl-cm6a-lr","ssp126",NA,0,14.2421857561384
"1083",1624,"Sicily","ipsl-cm6a-lr","ssp126",NA,1.0873585923816,10.9310721261161
"1084",1625,"Sicily","ipsl-cm6a-lr","ssp126",NA,0.495349058681833,12.2775643484933
"1085",1626,"Sicily","ipsl-cm6a-lr","ssp126",NA,7.93858666272302,11.0834943498884
"1086",1627,"Sicily","ipsl-cm6a-lr","ssp126",NA,14.3929911976946,9.27560686383931
"1087",1628,"Sicily","ipsl-cm6a-lr","ssp126",NA,3.05399141340916,9.92279314313618
"1088",1629,"Sicily","ipsl-cm6a-lr","ssp126",NA,4.93722710525617,11.980619594029
"1089",1630,"Sicily","ipsl-cm6a-lr","ssp126",NA,0,14.910302734375
"1090",1631,"Sicily","ipsl-cm6a-lr","ssp126",NA,12.061562886603,13.1063563755581
"1091",1632,"Sicily","ipsl-cm6a-lr","ssp126",NA,0.610507730743848,13.4992440359933
"1092",1633,"Sicily","ipsl-cm6a-lr","ssp126",NA,1.49080896797906,13.3146606445313
"1093",1634,"Sicily","ipsl-cm6a-lr","ssp126",NA,0.780797787176977,14.9129141671317
"1094",1635,"Sicily","ipsl-cm6a-lr","ssp126",NA,0.132799400411646,15.8350725446429
"1095",1636,"Sicily","ipsl-cm6a-lr","ssp126",NA,17.543124583556,13.043346296038
"1096",1637,"Sicily","ipsl-cm6a-lr","ssp126",NA,3.09805163581456,14.8610430036273
"1097",1638,"Sicily","ipsl-cm6a-lr","ssp126",NA,2.69384724254321,17.2855904715402
"1098",1639,"Sicily","ipsl-cm6a-lr","ssp126",NA,0.505440447263287,16.5747140066964
"1099",1640,"Sicily","ipsl-cm6a-lr","ssp126",NA,0.0285753401320627,19.4930882045201
"1100",1641,"Sicily","ipsl-cm6a-lr","ssp126",NA,0.0876558076665138,21.7258937290737
"1101",1642,"Sicily","ipsl-cm6a-lr","ssp126",NA,0,22.2460745675223
"1102",1643,"Sicily","ipsl-cm6a-lr","ssp126",NA,0,23.836066545759
"1103",1644,"Sicily","ipsl-cm6a-lr","ssp126",NA,3.00084510319201,24.6995832170759
"1104",1645,"Sicily","ipsl-cm6a-lr","ssp126",NA,0,22.2041957310268
"1105",1646,"Sicily","ipsl-cm6a-lr","ssp126",NA,0,25.8943725585938
"1106",1647,"Sicily","ipsl-cm6a-lr","ssp126",NA,0,26.3505144391741
"1107",1648,"Sicily","ipsl-cm6a-lr","ssp126",NA,0,24.3433035714286
"1108",1649,"Sicily","ipsl-cm6a-lr","ssp126",NA,0,26.6430515834264
"1109",1650,"Sicily","ipsl-cm6a-lr","ssp126",NA,0.0691349570323447,28.5290161132813
"1110",1651,"Sicily","ipsl-cm6a-lr","ssp126",NA,2.52813097738129,25.7166163853237
"1111",1652,"Sicily","ipsl-cm6a-lr","ssp126",NA,0,24.0920436314174
"1112",1653,"Sicily","ipsl-cm6a-lr","ssp126",NA,0,24.4565281459264
"1113",1654,"Sicily","ipsl-cm6a-lr","ssp126",NA,1.60220252749111,25.1955461774554
"1114",1655,"Sicily","ipsl-cm6a-lr","ssp126",NA,1.17586744017899,24.4835100446429
"1115",1656,"Sicily","ipsl-cm6a-lr","ssp126",NA,1.99402078412407,23.1063563755581
"1116",1657,"Sicily","ipsl-cm6a-lr","ssp126",NA,0,22.3129690987723
"1117",1658,"Sicily","ipsl-cm6a-lr","ssp126",NA,1.47127250009882,21.8828935895648
"1118",1659,"Sicily","ipsl-cm6a-lr","ssp126",NA,1.62240176162283,20.9643493652344
"1119",1660,"Sicily","ipsl-cm6a-lr","ssp126",NA,0.10489759484439,21.208394077846
"1120",1661,"Sicily","ipsl-cm6a-lr","ssp126",NA,6.31088807526144,17.9917977469308
"1121",1662,"Sicily","ipsl-cm6a-lr","ssp126",NA,0.348404918830576,17.142467389788
"1122",1663,"Sicily","ipsl-cm6a-lr","ssp126",NA,2.45291605159374,14.7178937639509
"1123",1664,"Sicily","ipsl-cm6a-lr","ssp126",NA,0.128740532090887,16.7367318289621
"1124",1665,"Sicily","ipsl-cm6a-lr","ssp126",NA,1.00938992795169,15.5386683872768
"1125",1666,"Sicily","ipsl-cm6a-lr","ssp126",NA,0.128142288719703,14.3110813685826
"1126",1667,"Sicily","ipsl-cm6a-lr","ssp126",NA,0.0402284204028547,15.2597246442523
"1127",1668,"Sicily","ipsl-cm6a-lr","ssp126",NA,5.00469753418916,11.0703499930246
"1128",1669,"Sicily","ipsl-cm6a-lr","ssp126",NA,4.85196628890532,11.3439139229911
"1129",1670,"Sicily","ipsl-cm6a-lr","ssp126",NA,0,13.1323181152344
"1130",1671,"Sicily","ipsl-cm6a-lr","ssp126",NA,0,11.6676531110491
"1131",1672,"Sicily","ipsl-cm6a-lr","ssp126",NA,0.137147250747408,10.0320896693639
"1132",1673,"Sicily","ipsl-cm6a-lr","ssp126",NA,2.604416975685,11.919331577846
"1133",1674,"Sicily","ipsl-cm6a-lr","ssp126",NA,0,12.9786882672991
"1134",1675,"Sicily","ipsl-cm6a-lr","ssp126",NA,0,12.4979622977121
"1135",1676,"Sicily","ipsl-cm6a-lr","ssp126",NA,0.379323028028011,13.3734113420759
"1136",1677,"Sicily","ipsl-cm6a-lr","ssp126",NA,2.43264101549617,10.9434273856027
"1137",1678,"Sicily","ipsl-cm6a-lr","ssp126",NA,1.59000670121584,10.9072466169085
"1138",1679,"Sicily","ipsl-cm6a-lr","ssp126",NA,0.230413425431055,13.2552472795759
"1139",1680,"Sicily","ipsl-cm6a-lr","ssp126",NA,1.10417766502776,10.7842041015625
"1140",1681,"Sicily","ipsl-cm6a-lr","ssp126",NA,5.84729444422659,12.0903651646206
"1141",1682,"Sicily","ipsl-cm6a-lr","ssp126",NA,3.01643216516823,9.17837350027904
"1142",1683,"Sicily","ipsl-cm6a-lr","ssp126",NA,1.26461753804636,11.4911961146764
"1143",1684,"Sicily","ipsl-cm6a-lr","ssp126",NA,0,14.7165684291295
"1144",1685,"Sicily","ipsl-cm6a-lr","ssp126",NA,4.09834625399006,12.8270812988281
"1145",1686,"Sicily","ipsl-cm6a-lr","ssp126",NA,4.54125826020442,12.8964782714844
"1146",1687,"Sicily","ipsl-cm6a-lr","ssp126",NA,2.18978683447598,13.9462437220982
"1147",1688,"Sicily","ipsl-cm6a-lr","ssp126",NA,6.18695749643458,14.9561575753348
"1148",1689,"Sicily","ipsl-cm6a-lr","ssp126",NA,4.89824716933072,13.7723371233259
"1149",1690,"Sicily","ipsl-cm6a-lr","ssp126",NA,0.075337626185501,16.571431187221
"1150",1691,"Sicily","ipsl-cm6a-lr","ssp126",NA,0,17.786266217913
"1151",1692,"Sicily","ipsl-cm6a-lr","ssp126",NA,0.107741891718303,21.9612845284598
"1152",1693,"Sicily","ipsl-cm6a-lr","ssp126",NA,0,23.2831141880581
"1153",1694,"Sicily","ipsl-cm6a-lr","ssp126",NA,0,26.0941057477679
"1154",1695,"Sicily","ipsl-cm6a-lr","ssp126",NA,0.0318842909889229,25.4594491141183
"1155",1696,"Sicily","ipsl-cm6a-lr","ssp126",NA,0.436695142083668,26.9180498395648
"1156",1697,"Sicily","ipsl-cm6a-lr","ssp126",NA,0.846858633511667,26.5400460379464
"1157",1698,"Sicily","ipsl-cm6a-lr","ssp126",NA,0,26.4535766601563
"1158",1699,"Sicily","ipsl-cm6a-lr","ssp126",NA,0.279591631832383,27.692533656529
"1159",1700,"Sicily","ipsl-cm6a-lr","ssp126",NA,0,27.6816040039063
"1160",1701,"Sicily","ipsl-cm6a-lr","ssp126",NA,0.0452411783044226,25.542387172154
"1161",1702,"Sicily","ipsl-cm6a-lr","ssp126",NA,0,27.2882672991072
"1162",1703,"Sicily","ipsl-cm6a-lr","ssp126",NA,0,28.1250636509487
"1163",1704,"Sicily","ipsl-cm6a-lr","ssp126",NA,0,29.6602460588728
"1164",1705,"Sicily","ipsl-cm6a-lr","ssp126",NA,0.264501252344676,28.9921508789063
"1165",1706,"Sicily","ipsl-cm6a-lr","ssp126",NA,0,24.4874773297991
"1166",1707,"Sicily","ipsl-cm6a-lr","ssp126",NA,7.8751631326408,23.0938441685268
"1167",1708,"Sicily","ipsl-cm6a-lr","ssp126",NA,5.19389237919573,21.0516122000558
"1168",1709,"Sicily","ipsl-cm6a-lr","ssp126",NA,0.0210587613504945,23.0281659807478
"1169",1710,"Sicily","ipsl-cm6a-lr","ssp126",NA,0,23.3987758091518
"1170",1711,"Sicily","ipsl-cm6a-lr","ssp126",NA,0,23.3753295898438
"1171",1712,"Sicily","ipsl-cm6a-lr","ssp126",NA,1.59714006752308,20.576305280413
"1172",1713,"Sicily","ipsl-cm6a-lr","ssp126",NA,0.663073131571374,19.8863028390067
"1173",1714,"Sicily","ipsl-cm6a-lr","ssp126",NA,0.0149352071665427,19.7653398786273
"1174",1715,"Sicily","ipsl-cm6a-lr","ssp126",NA,4.18444116699642,18.2997244698661
"1175",1716,"Sicily","ipsl-cm6a-lr","ssp126",NA,2.67879937081099,14.9607046944755
"1176",1717,"Sicily","ipsl-cm6a-lr","ssp126",NA,2.61918369256559,14.3620675223215
"1177",1718,"Sicily","ipsl-cm6a-lr","ssp126",NA,4.78107527451357,14.3004568917411
"1178",1719,"Sicily","ipsl-cm6a-lr","ssp126",NA,0.431395526642778,10.6978306361607
"1179",1720,"Sicily","ipsl-cm6a-lr","ssp126",NA,7.00428785722969,13.6501752580915
"1180",1721,"Sicily","ipsl-cm6a-lr","ssp126",NA,0.354839907959104,10.8995169503348
"1181",1722,"Sicily","ipsl-cm6a-lr","ssp126",NA,1.74072315213769,11.2281171526228
"1182",1723,"Sicily","ipsl-cm6a-lr","ssp126",NA,4.86803412786685,9.64524012974333
"1183",1724,"Sicily","ipsl-cm6a-lr","ssp126",NA,7.30223969481553,8.63186035156252
"1184",1725,"Sicily","ipsl-cm6a-lr","ssp126",NA,0.0226049067610542,12.0798889160156
"1185",1726,"Sicily","ipsl-cm6a-lr","ssp126",NA,13.3567183958283,11.2088562011719
"1186",1727,"Sicily","ipsl-cm6a-lr","ssp126",NA,10.9643473921876,8.2694030761719
"1187",1728,"Sicily","ipsl-cm6a-lr","ssp126",NA,7.04524478475962,9.41238228934154
"1188",1729,"Sicily","ipsl-cm6a-lr","ssp126",NA,8.0002437179376,11.0288068498884
"1189",1730,"Sicily","ipsl-cm6a-lr","ssp126",NA,9.86684610668038,7.56970040457592
"1190",1731,"Sicily","ipsl-cm6a-lr","ssp126",NA,1.70127298583144,10.3772391183036
"1191",1732,"Sicily","ipsl-cm6a-lr","ssp126",NA,5.15499319299124,12.7637224469866
"1192",1733,"Sicily","ipsl-cm6a-lr","ssp126",NA,0.163328579011639,13.509650530134
"1193",1734,"Sicily","ipsl-cm6a-lr","ssp126",NA,0.100455866257627,12.2312212262835
"1194",1735,"Sicily","ipsl-cm6a-lr","ssp126",NA,0.126037963283514,13.0580644880023
"1195",1736,"Sicily","ipsl-cm6a-lr","ssp126",NA,6.9900684075297,13.3800772530692
"1196",1737,"Sicily","ipsl-cm6a-lr","ssp126",NA,2.65533869886505,13.4253173828125
"1197",1738,"Sicily","ipsl-cm6a-lr","ssp126",NA,5.02473394985178,14.7870422363281
"1198",1739,"Sicily","ipsl-cm6a-lr","ssp126",NA,10.7782796266422,15.7692635672433
"1199",1740,"Sicily","ipsl-cm6a-lr","ssp126",NA,10.5065255658701,13.949125453404
"1200",1741,"Sicily","ipsl-cm6a-lr","ssp126",NA,9.82151351137353,15.2126491001674
"1201",1742,"Sicily","ipsl-cm6a-lr","ssp126",NA,0.930837767996958,17.361474609375
"1202",1743,"Sicily","ipsl-cm6a-lr","ssp126",NA,0.0419399704177132,18.5739772251674
"1203",1744,"Sicily","ipsl-cm6a-lr","ssp126",NA,0.166966018150561,19.9806457519531
"1204",1745,"Sicily","ipsl-cm6a-lr","ssp126",NA,0.113798639982373,20.9266863141741
"1205",1746,"Sicily","ipsl-cm6a-lr","ssp126",NA,0.0280721649427765,21.3324523925781
"1206",1747,"Sicily","ipsl-cm6a-lr","ssp126",NA,0.615448652180411,21.6319475446429
"1207",1748,"Sicily","ipsl-cm6a-lr","ssp126",NA,0.887287161562459,23.0724469866072
"1208",1749,"Sicily","ipsl-cm6a-lr","ssp126",NA,0,24.9351396833148
"1209",1750,"Sicily","ipsl-cm6a-lr","ssp126",NA,0,25.0616263253348
"1210",1751,"Sicily","ipsl-cm6a-lr","ssp126",NA,0,26.516015625
"1211",1752,"Sicily","ipsl-cm6a-lr","ssp126",NA,0,26.1283333914621
"1212",1753,"Sicily","ipsl-cm6a-lr","ssp126",NA,0.14815226771004,26.7043919154576
"1213",1754,"Sicily","ipsl-cm6a-lr","ssp126",NA,2.67918738370229,24.9914882114956
"1214",1755,"Sicily","ipsl-cm6a-lr","ssp126",NA,0.0383729897813672,26.4663940429688
"1215",1756,"Sicily","ipsl-cm6a-lr","ssp126",NA,0,26.7770193917411
"1216",1757,"Sicily","ipsl-cm6a-lr","ssp126",NA,0,27.823876953125
"1217",1758,"Sicily","ipsl-cm6a-lr","ssp126",NA,1.09555558852402,27.0358128138951
"1218",1759,"Sicily","ipsl-cm6a-lr","ssp126",NA,7.47544386956309,24.4846086774554
"1219",1760,"Sicily","ipsl-cm6a-lr","ssp126",NA,1.1066322932103,24.0043361118862
"1220",1761,"Sicily","ipsl-cm6a-lr","ssp126",NA,4.45406042719177,24.4164542061942
"1221",1762,"Sicily","ipsl-cm6a-lr","ssp126",NA,2.27817279665032,23.2984558105469
"1222",1763,"Sicily","ipsl-cm6a-lr","ssp126",NA,0.0272716248998352,24.058487374442
"1223",1764,"Sicily","ipsl-cm6a-lr","ssp126",NA,0.592818363968815,21.3533176967076
"1224",1765,"Sicily","ipsl-cm6a-lr","ssp126",NA,1.8221936512938,21.7570260184152
"1225",1766,"Sicily","ipsl-cm6a-lr","ssp126",NA,0.0262670285467591,22.8075849260603
"1226",1767,"Sicily","ipsl-cm6a-lr","ssp126",NA,13.3895177801605,19.918359375
"1227",1768,"Sicily","ipsl-cm6a-lr","ssp126",NA,0.0367419284884818,17.7992318289621
"1228",1769,"Sicily","ipsl-cm6a-lr","ssp126",NA,4.15749870673088,15.3666015625
"1229",1770,"Sicily","ipsl-cm6a-lr","ssp126",NA,1.66790247395901,15.5907400948661
"1230",1771,"Sicily","ipsl-cm6a-lr","ssp126",NA,0.312101631425321,13.4891296386719
"1231",1772,"Sicily","ipsl-cm6a-lr","ssp126",NA,0,11.160285295759
"1232",1773,"Sicily","ipsl-cm6a-lr","ssp126",NA,2.5151895527545,12.1326276506697
"1233",1774,"Sicily","ipsl-cm6a-lr","ssp126",NA,2.79768992997041,11.6972595214844
"1234",1775,"Sicily","ipsl-cm6a-lr","ssp126",NA,9.87360801248412,9.73290841238842
"1235",1776,"Sicily","ipsl-cm6a-lr","ssp126",NA,5.03811371246619,11.0749363490514
"1236",1777,"Sicily","ipsl-cm6a-lr","ssp126",NA,7.79447282963832,10.6096130371094
"1237",1778,"Sicily","ipsl-cm6a-lr","ssp126",NA,8.232207126587,11.2958879743304
"1238",1779,"Sicily","ipsl-cm6a-lr","ssp126",NA,0.350800361983212,11.1533229282924
"1239",1780,"Sicily","ipsl-cm6a-lr","ssp126",NA,0,10.706196812221
"1240",1781,"Sicily","ipsl-cm6a-lr","ssp126",NA,0.0289194013540899,11.4950369698661
"1241",1782,"Sicily","ipsl-cm6a-lr","ssp126",NA,0,11.3718375069755
"1242",1783,"Sicily","ipsl-cm6a-lr","ssp126",NA,0,13.1250592912947
"1243",1784,"Sicily","ipsl-cm6a-lr","ssp126",NA,3.03687898631324,10.4349347795759
"1244",1785,"Sicily","ipsl-cm6a-lr","ssp126",NA,0.0407993065891787,13.2727294921875
"1245",1786,"Sicily","ipsl-cm6a-lr","ssp126",NA,0,14.6876246861049
"1246",1787,"Sicily","ipsl-cm6a-lr","ssp126",NA,0.0318527016913452,13.5314880371094
"1247",1788,"Sicily","ipsl-cm6a-lr","ssp126",NA,0,17.7303841727121
"1248",1789,"Sicily","ipsl-cm6a-lr","ssp126",NA,0.0943287970065804,14.5075666155134
"1249",1790,"Sicily","ipsl-cm6a-lr","ssp126",NA,2.21082599143431,15.4100847516741
"1250",1791,"Sicily","ipsl-cm6a-lr","ssp126",NA,2.11788824609747,15.9761640276228
"1251",1792,"Sicily","ipsl-cm6a-lr","ssp126",NA,0.0227745364619685,18.836328125
"1252",1793,"Sicily","ipsl-cm6a-lr","ssp126",NA,0.111993298716178,21.4906729561942
"1253",1794,"Sicily","ipsl-cm6a-lr","ssp126",NA,0.59148016319211,20.2665998186384
"1254",1795,"Sicily","ipsl-cm6a-lr","ssp126",NA,0,20.1516095842634
"1255",1796,"Sicily","ipsl-cm6a-lr","ssp126",NA,0.0194814532213578,22.9938075474331
"1256",1797,"Sicily","ipsl-cm6a-lr","ssp126",NA,0.804259564860591,20.765025983538
"1257",1798,"Sicily","ipsl-cm6a-lr","ssp126",NA,0.788076302602089,21.8962515694755
"1258",1799,"Sicily","ipsl-cm6a-lr","ssp126",NA,1.07242914964445,22.8109985351563
"1259",1800,"Sicily","ipsl-cm6a-lr","ssp126",NA,0.101528036092142,27.4560965401786
"1260",1801,"Sicily","ipsl-cm6a-lr","ssp126",NA,2.0968229443367,24.919819859096
"1261",1802,"Sicily","ipsl-cm6a-lr","ssp126",NA,0,26.5134739467076
"1262",1803,"Sicily","ipsl-cm6a-lr","ssp126",NA,0,29.2031581333706
"1263",1804,"Sicily","ipsl-cm6a-lr","ssp126",NA,0,30.3838091169085
"1264",1805,"Sicily","ipsl-cm6a-lr","ssp126",NA,0,31.7703665597098
"1265",1806,"Sicily","ipsl-cm6a-lr","ssp126",NA,0,33.9189217703683
"1266",1807,"Sicily","ipsl-cm6a-lr","ssp126",NA,0,30.1692051478795
"1267",1808,"Sicily","ipsl-cm6a-lr","ssp126",NA,0,28.7627546037947
"1268",1809,"Sicily","ipsl-cm6a-lr","ssp126",NA,0,29.0971793038505
"1269",1810,"Sicily","ipsl-cm6a-lr","ssp126",NA,1.9768451307235,28.908101109096
"1270",1811,"Sicily","ipsl-cm6a-lr","ssp126",NA,7.31015133205801,27.3180611746652
"1271",1812,"Sicily","ipsl-cm6a-lr","ssp126",NA,6.18742270328637,24.0479544503348
"1272",1813,"Sicily","ipsl-cm6a-lr","ssp126",NA,0.0954498831041357,24.9430524553572
"1273",1814,"Sicily","ipsl-cm6a-lr","ssp126",NA,0,24.2858258928572
"1274",1815,"Sicily","ipsl-cm6a-lr","ssp126",NA,0,23.8769513811384
"1275",1816,"Sicily","ipsl-cm6a-lr","ssp126",NA,0.418356465940763,21.8133353097098
"1276",1817,"Sicily","ipsl-cm6a-lr","ssp126",NA,0.055386613322688,21.369775390625
"1277",1818,"Sicily","ipsl-cm6a-lr","ssp126",NA,7.98153108917177,19.9601553780692
"1278",1819,"Sicily","ipsl-cm6a-lr","ssp126",NA,0.806892859483404,16.6044512067523
"1279",1820,"Sicily","ipsl-cm6a-lr","ssp126",NA,7.19284470001834,15.5783586774554
"1280",1821,"Sicily","ipsl-cm6a-lr","ssp126",NA,6.8080715022266,13.4726370675223
"1281",1822,"Sicily","ipsl-cm6a-lr","ssp126",NA,11.4852122962475,13.457426234654
"1282",1823,"Sicily","ipsl-cm6a-lr","ssp126",NA,15.3334275769469,12.8105146135603
"1283",1824,"Sicily","ipsl-cm6a-lr","ssp126",NA,7.77362169298743,13.2050894601005
"1284",1825,"Sicily","ipsl-cm6a-lr","ssp126",NA,4.27922958042473,10.1830557686942
"1285",1826,"Sicily","ipsl-cm6a-lr","ssp126",NA,7.87836300275688,13.1644705636161
"1286",1827,"Sicily","ipsl-cm6a-lr","ssp126",NA,2.11662320923226,11.4557390485491
"1287",1828,"Sicily","ipsl-cm6a-lr","ssp126",NA,2.14483515176523,11.2186131068639
"1288",1829,"Sicily","ipsl-cm6a-lr","ssp126",NA,0,11.679088483538
"1289",1830,"Sicily","ipsl-cm6a-lr","ssp126",NA,0,12.4891732352121
"1290",1831,"Sicily","ipsl-cm6a-lr","ssp126",NA,0.148191066754017,10.6909467424665
"1291",1832,"Sicily","ipsl-cm6a-lr","ssp126",NA,0.434253083949443,11.5883030482701
"1292",1833,"Sicily","ipsl-cm6a-lr","ssp126",NA,0,10.13955078125
"1293",1834,"Sicily","ipsl-cm6a-lr","ssp126",NA,4.17700431218171,10.7941353934152
"1294",1835,"Sicily","ipsl-cm6a-lr","ssp126",NA,1.30434504244477,13.8489885602679
"1295",1836,"Sicily","ipsl-cm6a-lr","ssp126",NA,0,15.5888828822545
"1296",1837,"Sicily","ipsl-cm6a-lr","ssp126",NA,5.44414495275955,13.7528887067523
"1297",1838,"Sicily","ipsl-cm6a-lr","ssp126",NA,0.636216655038879,15.0527151925223
"1298",1839,"Sicily","ipsl-cm6a-lr","ssp126",NA,0.439537482868348,12.0206194196429
"1299",1840,"Sicily","ipsl-cm6a-lr","ssp126",NA,1.16991156381638,13.8042105538505
"1300",1841,"Sicily","ipsl-cm6a-lr","ssp126",NA,0,15.5830365862165
"1301",1842,"Sicily","ipsl-cm6a-lr","ssp126",NA,0.612949659781797,16.3109026227679
"1302",1843,"Sicily","ipsl-cm6a-lr","ssp126",NA,0,16.8124677385603
"1303",1844,"Sicily","ipsl-cm6a-lr","ssp126",NA,0,19.612943812779
"1304",1845,"Sicily","ipsl-cm6a-lr","ssp126",NA,0.0876291071887993,19.8255597795759
"1305",1846,"Sicily","ipsl-cm6a-lr","ssp126",NA,5.22560906392755,19.2990182059152
"1306",1847,"Sicily","ipsl-cm6a-lr","ssp126",NA,3.44942079739537,19.4944396972656
"1307",1848,"Sicily","ipsl-cm6a-lr","ssp126",NA,1.93159924882431,20.691552734375
"1308",1849,"Sicily","ipsl-cm6a-lr","ssp126",NA,0.032593484190459,22.295050920759
"1309",1850,"Sicily","ipsl-cm6a-lr","ssp126",NA,0.0191759384636368,21.9377511160714
"1310",1851,"Sicily","ipsl-cm6a-lr","ssp126",NA,0.0843345084701598,24.5529113769531
"1311",1852,"Sicily","ipsl-cm6a-lr","ssp126",NA,0.0322378660452419,25.0877537318639
"1312",1853,"Sicily","ipsl-cm6a-lr","ssp126",NA,0,26.1381382533482
"1313",1854,"Sicily","ipsl-cm6a-lr","ssp126",NA,0,27.304332624163
"1314",1855,"Sicily","ipsl-cm6a-lr","ssp126",NA,0,27.951078578404
"1315",1856,"Sicily","ipsl-cm6a-lr","ssp126",NA,0,29.0157278878348
"1316",1857,"Sicily","ipsl-cm6a-lr","ssp126",NA,0,29.265754045759
"1317",1858,"Sicily","ipsl-cm6a-lr","ssp126",NA,0.349072582321241,29.3579084123884
"1318",1859,"Sicily","ipsl-cm6a-lr","ssp126",NA,0,27.9508867536273
"1319",1860,"Sicily","ipsl-cm6a-lr","ssp126",NA,0,29.4916190011161
"1320",1861,"Sicily","ipsl-cm6a-lr","ssp126",NA,0,29.1320652553014
"1321",1862,"Sicily","ipsl-cm6a-lr","ssp126",NA,0,28.8488446916853
"1322",1863,"Sicily","ipsl-cm6a-lr","ssp126",NA,0,27.435453578404
"1323",1864,"Sicily","ipsl-cm6a-lr","ssp126",NA,13.4239564991731,24.1713675362723
"1324",1865,"Sicily","ipsl-cm6a-lr","ssp126",NA,2.44909946050029,23.8962341308594
"1325",1866,"Sicily","ipsl-cm6a-lr","ssp126",NA,2.89601908942651,23.6553196498326
"1326",1867,"Sicily","ipsl-cm6a-lr","ssp126",NA,2.48434738023207,23.5475315638951
"1327",1868,"Sicily","ipsl-cm6a-lr","ssp126",NA,3.78205770476987,23.0876578194755
"1328",1869,"Sicily","ipsl-cm6a-lr","ssp126",NA,0,22.4507603236607
"1329",1870,"Sicily","ipsl-cm6a-lr","ssp126",NA,0.183738139042232,24.0860055106027
"1330",1871,"Sicily","ipsl-cm6a-lr","ssp126",NA,0.145981665368059,20.8086879185268
"1331",1872,"Sicily","ipsl-cm6a-lr","ssp126",NA,2.49301874344902,16.0477931431362
"1332",1873,"Sicily","ipsl-cm6a-lr","ssp126",NA,0.576387871115003,17.3850254603795
"1333",1874,"Sicily","ipsl-cm6a-lr","ssp126",NA,1.56385648796069,14.4570077078683
"1334",1875,"Sicily","ipsl-cm6a-lr","ssp126",NA,7.18096322878929,14.7971915108817
"1335",1876,"Sicily","ipsl-cm6a-lr","ssp126",NA,4.45573573062055,12.6500967843192
"1336",1877,"Sicily","ipsl-cm6a-lr","ssp126",NA,3.90916142517069,13.602432686942
"1337",1878,"Sicily","ipsl-cm6a-lr","ssp126",NA,0.562045628404511,12.1404706682478
"1338",1879,"Sicily","ipsl-cm6a-lr","ssp126",NA,3.2651634092742,8.90821881975449
"1339",1880,"Sicily","ipsl-cm6a-lr","ssp126",NA,6.44754178533081,9.44710693359377
"1340",1881,"Sicily","ipsl-cm6a-lr","ssp126",NA,0.66584774031071,11.1628444126674
"1341",1882,"Sicily","ipsl-cm6a-lr","ssp126",NA,0.70029058759766,11.0658987862723
"1342",1883,"Sicily","ipsl-cm6a-lr","ssp126",NA,0,12.1623517717634
"1343",1884,"Sicily","ipsl-cm6a-lr","ssp126",NA,6.55016171211693,11.8492370605469
"1344",1885,"Sicily","ipsl-cm6a-lr","ssp126",NA,2.05712936419461,12.0605233328683
"1345",1886,"Sicily","ipsl-cm6a-lr","ssp126",NA,4.23448683161821,13.9310634068081
"1346",1887,"Sicily","ipsl-cm6a-lr","ssp126",NA,0.987766116408498,11.4582938058036
"1347",1888,"Sicily","ipsl-cm6a-lr","ssp126",NA,0.250948980621095,12.525532749721
"1348",1889,"Sicily","ipsl-cm6a-lr","ssp126",NA,0.268935375476888,13.2181815011161
"1349",1890,"Sicily","ipsl-cm6a-lr","ssp126",NA,1.73541252983601,11.7106131417411
"1350",1891,"Sicily","ipsl-cm6a-lr","ssp126",NA,5.37386643845821,10.022345842634
"1351",1892,"Sicily","ipsl-cm6a-lr","ssp126",NA,1.08550740509859,11.9645891462054
"1352",1893,"Sicily","ipsl-cm6a-lr","ssp126",NA,5.37354501679407,13.209357561384
"1353",1894,"Sicily","ipsl-cm6a-lr","ssp126",NA,7.43121592022362,14.7866760253906
"1354",1895,"Sicily","ipsl-cm6a-lr","ssp126",NA,4.33441127024707,14.6539681570871
"1355",1896,"Sicily","ipsl-cm6a-lr","ssp126",NA,4.70229908200313,14.8207946777344
"1356",1897,"Sicily","ipsl-cm6a-lr","ssp126",NA,0,16.2170218331473
"1357",1898,"Sicily","ipsl-cm6a-lr","ssp126",NA,3.14914027346406,16.719131905692
"1358",1899,"Sicily","ipsl-cm6a-lr","ssp126",NA,0.100597254744831,18.398832484654
"1359",1900,"Sicily","ipsl-cm6a-lr","ssp126",NA,0.0236054253556566,19.9533325195313
"1360",1901,"Sicily","ipsl-cm6a-lr","ssp126",NA,0.215835503435561,21.831196812221
"1361",1902,"Sicily","ipsl-cm6a-lr","ssp126",NA,0,22.1184108189174
"1362",1903,"Sicily","ipsl-cm6a-lr","ssp126",NA,0.0710607984469139,22.3961643763951
"1363",1904,"Sicily","ipsl-cm6a-lr","ssp126",NA,1.43571496118966,22.094384765625
"1364",1905,"Sicily","ipsl-cm6a-lr","ssp126",NA,0.0985185436937692,24.3781197684152
"1365",1906,"Sicily","ipsl-cm6a-lr","ssp126",NA,0.0171984136354045,25.1327976771764
"1366",1907,"Sicily","ipsl-cm6a-lr","ssp126",NA,0,24.3197788783482
"1367",1908,"Sicily","ipsl-cm6a-lr","ssp126",NA,0,25.656147984096
"1368",1909,"Sicily","ipsl-cm6a-lr","ssp126",NA,0,26.496240234375
"1369",1910,"Sicily","ipsl-cm6a-lr","ssp126",NA,0,26.7460396902902
"1370",1911,"Sicily","ipsl-cm6a-lr","ssp126",NA,0,32.2327078683036
"1371",1912,"Sicily","ipsl-cm6a-lr","ssp126",NA,0.657252740347758,29.4350176130023
"1372",1913,"Sicily","ipsl-cm6a-lr","ssp126",NA,0.0395256764022633,29.1533447265625
"1373",1914,"Sicily","ipsl-cm6a-lr","ssp126",NA,0,29.515283203125
"1374",1915,"Sicily","ipsl-cm6a-lr","ssp126",NA,0.0539066367699499,29.9565630231585
"1375",1916,"Sicily","ipsl-cm6a-lr","ssp126",NA,11.7909492342733,24.133939906529
"1376",1917,"Sicily","ipsl-cm6a-lr","ssp126",NA,0.358150795260112,24.0645124162947
"1377",1918,"Sicily","ipsl-cm6a-lr","ssp126",NA,1.23033374438819,22.2032889229911
"1378",1919,"Sicily","ipsl-cm6a-lr","ssp126",NA,1.01539338190508,21.0404078892299
"1379",1920,"Sicily","ipsl-cm6a-lr","ssp126",NA,1.04888107390642,21.9597891671317
"1380",1921,"Sicily","ipsl-cm6a-lr","ssp126",NA,0.0870700557633037,20.4254917689732
"1381",1922,"Sicily","ipsl-cm6a-lr","ssp126",NA,0.500252606746341,22.1056457519531
"1382",1923,"Sicily","ipsl-cm6a-lr","ssp126",NA,7.50101593356313,20.0941101074219
"1383",1924,"Sicily","ipsl-cm6a-lr","ssp126",NA,14.9779944996616,16.2987653459822
"1384",1925,"Sicily","ipsl-cm6a-lr","ssp126",NA,12.1782636754298,14.2386282784598
"1385",1926,"Sicily","ipsl-cm6a-lr","ssp126",NA,2.55409356323071,13.79140625
"1386",1927,"Sicily","ipsl-cm6a-lr","ssp126",NA,4.16746228999857,12.3854614257813
"1387",1928,"Sicily","ipsl-cm6a-lr","ssp126",NA,0.59783457379256,13.2652090890067
"1388",1929,"Sicily","ipsl-cm6a-lr","ssp126",NA,0,11.8282148088728
"1389",1930,"Sicily","ipsl-cm6a-lr","ssp126",NA,0.566175407064813,11.0170575823103
"1390",1931,"Sicily","ipsl-cm6a-lr","ssp126",NA,1.60420682015164,12.2518990652902
"1391",1932,"Sicily","ipsl-cm6a-lr","ssp126",NA,1.26807621251958,9.67838221958708
"1392",1933,"Sicily","ipsl-cm6a-lr","ssp126",NA,3.84318559995985,12.6587942940848
"1393",1934,"Sicily","ipsl-cm6a-lr","ssp126",NA,3.43750104491067,8.84254499162949
"1394",1935,"Sicily","ipsl-cm6a-lr","ssp126",NA,1.06603380991146,9.28043736049109
"1395",1936,"Sicily","ipsl-cm6a-lr","ssp126",NA,0,11.339000592913
"1396",1937,"Sicily","ipsl-cm6a-lr","ssp126",NA,2.71055358046267,10.6521850585938
"1397",1938,"Sicily","ipsl-cm6a-lr","ssp126",NA,9.0365182541843,11.4906337193081
"1398",1939,"Sicily","ipsl-cm6a-lr","ssp126",NA,0.562749349046499,10.7823338099889
"1399",1940,"Sicily","ipsl-cm6a-lr","ssp126",NA,1.82928251867582,11.2843000139509
"1400",1941,"Sicily","ipsl-cm6a-lr","ssp126",NA,0.0921869256022286,12.6923069545201
"1401",1942,"Sicily","ipsl-cm6a-lr","ssp126",NA,0.443750806464647,11.9579232352121
"1402",1943,"Sicily","ipsl-cm6a-lr","ssp126",NA,2.87646503919469,13.833633858817
"1403",1944,"Sicily","ipsl-cm6a-lr","ssp126",NA,1.75008870251726,13.7647687639509
"1404",1945,"Sicily","ipsl-cm6a-lr","ssp126",NA,4.3756010902663,12.5546552385603
"1405",1946,"Sicily","ipsl-cm6a-lr","ssp126",NA,1.85993005330342,14.0794224330357
"1406",1947,"Sicily","ipsl-cm6a-lr","ssp126",NA,0.0800882302428363,16.142728969029
"1407",1948,"Sicily","ipsl-cm6a-lr","ssp126",NA,0.939987326273695,14.6289699009487
"1408",1949,"Sicily","ipsl-cm6a-lr","ssp126",NA,1.98392811580561,16.0288373674665
"1409",1950,"Sicily","ipsl-cm6a-lr","ssp126",NA,0.142768060530735,16.6473894391741
"1410",1951,"Sicily","ipsl-cm6a-lr","ssp126",NA,0.112608902730114,20.2177716936384
"1411",1952,"Sicily","ipsl-cm6a-lr","ssp126",NA,0.316305634831744,22.7265781947545
"1412",1953,"Sicily","ipsl-cm6a-lr","ssp126",NA,0.31500398513994,23.5028974260603
"1413",1954,"Sicily","ipsl-cm6a-lr","ssp126",NA,0.0259079332213982,22.7217171805246
"1414",1955,"Sicily","ipsl-cm6a-lr","ssp126",NA,0,24.4096182686942
"1415",1956,"Sicily","ipsl-cm6a-lr","ssp126",NA,0.0414967829003997,24.1344456263951
"1416",1957,"Sicily","ipsl-cm6a-lr","ssp126",NA,0,25.9111485072545
"1417",1958,"Sicily","ipsl-cm6a-lr","ssp126",NA,0,27.641251046317
"1418",1959,"Sicily","ipsl-cm6a-lr","ssp126",NA,0,27.2351710728237
"1419",1960,"Sicily","ipsl-cm6a-lr","ssp126",NA,0.263744501197445,24.4326198032924
"1420",1961,"Sicily","ipsl-cm6a-lr","ssp126",NA,0,26.5799891880581
"1421",1962,"Sicily","ipsl-cm6a-lr","ssp126",NA,0,27.2643763950893
"1422",1963,"Sicily","ipsl-cm6a-lr","ssp126",NA,0,27.9057992117746
"1423",1964,"Sicily","ipsl-cm6a-lr","ssp126",NA,0,29.0374128069197
"1424",1965,"Sicily","ipsl-cm6a-lr","ssp126",NA,0.0925793796860879,29.4990652901786
"1425",1966,"Sicily","ipsl-cm6a-lr","ssp126",NA,1.95431257400612,27.5273681640625
"1426",1967,"Sicily","ipsl-cm6a-lr","ssp126",NA,6.88219974326785,24.3666320800781
"1427",1968,"Sicily","ipsl-cm6a-lr","ssp126",NA,2.1955882864339,24.3939758300781
"1428",1969,"Sicily","ipsl-cm6a-lr","ssp126",NA,1.59073152629259,21.7278337751116
"1429",1970,"Sicily","ipsl-cm6a-lr","ssp126",NA,0.209674939313637,23.7438642229353
"1430",1971,"Sicily","ipsl-cm6a-lr","ssp126",NA,0.178443406808323,23.1221165248326
"1431",1972,"Sicily","ipsl-cm6a-lr","ssp126",NA,0,22.1553937639509
"1432",1973,"Sicily","ipsl-cm6a-lr","ssp126",NA,0.955254409096337,22.1071934291295
"1433",1974,"Sicily","ipsl-cm6a-lr","ssp126",NA,0.6498323312761,20.2118905203683
"1434",1975,"Sicily","ipsl-cm6a-lr","ssp126",NA,0.031338746962969,18.4676060267857
"1435",1976,"Sicily","ipsl-cm6a-lr","ssp126",NA,2.58655853769077,17.2479971749442
"1436",1977,"Sicily","ipsl-cm6a-lr","ssp126",NA,6.96992124971335,14.9924080984933
"1437",1978,"Sicily","ipsl-cm6a-lr","ssp126",NA,0,13.0696568080357
"1438",1979,"Sicily","ipsl-cm6a-lr","ssp126",NA,0.497428833373955,14.3073451450893
"1439",1980,"Sicily","ipsl-cm6a-lr","ssp126",NA,0.475280267918216,14.6774492536273
"1440",1981,"Sicily","ipsl-cm6a-lr","ssp126",NA,2.10471591313503,11.4771362304688
"1441",1982,"Sicily","ipsl-cm6a-lr","ssp126",NA,0,12.5941711425781
"1442",1983,"Sicily","ipsl-cm6a-lr","ssp126",NA,1.29180123996256,11.0726824079241
"1443",1984,"Sicily","ipsl-cm6a-lr","ssp126",NA,4.07394611476255,10.9512486049107
"1444",1985,"Sicily","ipsl-cm6a-lr","ssp126",NA,6.98656715934963,10.389049421038
"1445",1986,"Sicily","ipsl-cm6a-lr","ssp126",NA,0,12.9497401646206
"1446",1987,"Sicily","ipsl-cm6a-lr","ssp126",NA,12.2006010750608,9.90803135463172
"1447",1988,"Sicily","ipsl-cm6a-lr","ssp126",NA,4.79847177796598,9.67112775530136
"1448",1989,"Sicily","ipsl-cm6a-lr","ssp126",NA,1.6445318438595,11.5688807896206
"1449",1990,"Sicily","ipsl-cm6a-lr","ssp126",NA,11.6733257326164,9.99685494559154
"1450",1991,"Sicily","ipsl-cm6a-lr","ssp126",NA,9.57772626175678,10.3403215680804
"1451",1992,"Sicily","ipsl-cm6a-lr","ssp126",NA,6.89598021230527,10.0245692661831
"1452",1993,"Sicily","ipsl-cm6a-lr","ssp126",NA,4.41716614404868,10.7093314034598
"1453",1994,"Sicily","ipsl-cm6a-lr","ssp126",NA,5.22401392227039,9.13953334263395
"1454",1995,"Sicily","ipsl-cm6a-lr","ssp126",NA,0.0182864903763402,15.1545610700335
"1455",1996,"Sicily","ipsl-cm6a-lr","ssp126",NA,0,16.0617091587612
"1456",1997,"Sicily","ipsl-cm6a-lr","ssp126",NA,0,15.643195452009
"1457",1998,"Sicily","ipsl-cm6a-lr","ssp126",NA,0,15.3273385184152
"1458",1999,"Sicily","ipsl-cm6a-lr","ssp126",NA,1.29888000415771,15.9189217703683
"1459",2000,"Sicily","ipsl-cm6a-lr","ssp126",NA,0.897101310277191,16.6968017578125
"1460",2001,"Sicily","ipsl-cm6a-lr","ssp126",NA,0.344314576276312,18.5895978655134
"1461",2002,"Sicily","ipsl-cm6a-lr","ssp126",NA,0.821343767581441,17.4113577706473
"1462",2003,"Sicily","ipsl-cm6a-lr","ssp126",NA,0.159975421099391,16.8970624651228
"1463",2004,"Sicily","ipsl-cm6a-lr","ssp126",NA,6.45251892107938,16.5488656180246
"1464",2005,"Sicily","ipsl-cm6a-lr","ssp126",NA,0.197281134075768,19.613654436384
"1465",2006,"Sicily","ipsl-cm6a-lr","ssp126",NA,0,19.7101205008371
"1466",2007,"Sicily","ipsl-cm6a-lr","ssp126",NA,0,20.3780151367188
"1467",2008,"Sicily","ipsl-cm6a-lr","ssp126",NA,1.28161781134882,23.7189618791853
"1468",2009,"Sicily","ipsl-cm6a-lr","ssp126",NA,0,24.9129664829799
"1469",2010,"Sicily","ipsl-cm6a-lr","ssp126",NA,0,26.2318359375
"1470",2011,"Sicily","ipsl-cm6a-lr","ssp126",NA,0,26.8383117675781
"1471",2012,"Sicily","ipsl-cm6a-lr","ssp126",NA,0,25.1535016741072
"1472",2013,"Sicily","ipsl-cm6a-lr","ssp126",NA,0,25.3262704031808
"1473",2014,"Sicily","ipsl-cm6a-lr","ssp126",NA,0.0500515413088059,25.8091979980469
"1474",2015,"Sicily","ipsl-cm6a-lr","ssp126",NA,0.234023619642747,28.00625
"1475",2016,"Sicily","ipsl-cm6a-lr","ssp126",NA,0.0300212885901731,29.4157741001674
"1476",2017,"Sicily","ipsl-cm6a-lr","ssp126",NA,0,27.4427254813058
"1477",2018,"Sicily","ipsl-cm6a-lr","ssp126",NA,0,26.9165370396206
"1478",2019,"Sicily","ipsl-cm6a-lr","ssp126",NA,8.33203512468442,25.1542558942523
"1479",2020,"Sicily","ipsl-cm6a-lr","ssp126",NA,0,25.1972638811384
"1480",2021,"Sicily","ipsl-cm6a-lr","ssp126",NA,0,25.0617440359933
"1481",2022,"Sicily","ipsl-cm6a-lr","ssp126",NA,0,23.0249877929688
"1482",2023,"Sicily","ipsl-cm6a-lr","ssp126",NA,0,21.5375435965402
"1483",2024,"Sicily","ipsl-cm6a-lr","ssp126",NA,1.18810289339828,20.8079816545759
"1484",2025,"Sicily","ipsl-cm6a-lr","ssp126",NA,3.28300866822246,20.2853724888393
"1485",2026,"Sicily","ipsl-cm6a-lr","ssp126",NA,3.77689459460921,19.7560581752232
"1486",2027,"Sicily","ipsl-cm6a-lr","ssp126",NA,4.36272657680092,17.9043343680246
"1487",2028,"Sicily","ipsl-cm6a-lr","ssp126",NA,0.764681370128528,16.3027282714844
"1488",2029,"Sicily","ipsl-cm6a-lr","ssp126",NA,7.60391509559538,15.1853707449777
"1489",2030,"Sicily","ipsl-cm6a-lr","ssp126",NA,4.9764342983378,13.8089276994978
"1490",2031,"Sicily","ipsl-cm6a-lr","ssp126",NA,4.24921605725623,14.2179853166853
"1491",2032,"Sicily","ipsl-cm6a-lr","ssp126",NA,6.72732477292552,13.2122305733817
"1492",2033,"Sicily","ipsl-cm6a-lr","ssp126",NA,4.04435183736496,11.7827784946987
"1493",2034,"Sicily","ipsl-cm6a-lr","ssp126",NA,6.84028096147813,9.86266915457592
"1494",2035,"Sicily","ipsl-cm6a-lr","ssp126",NA,1.50211547526331,11.4345990862165
"1495",2036,"Sicily","ipsl-cm6a-lr","ssp126",NA,2.83747494395357,10.08291015625
"1496",2037,"Sicily","ipsl-cm6a-lr","ssp126",NA,10.731165042463,9.50021623883931
"1497",2038,"Sicily","ipsl-cm6a-lr","ssp126",NA,4.73047777943845,8.48796125139511
"1498",2039,"Sicily","ipsl-cm6a-lr","ssp126",NA,6.67292793514207,9.63910173688618
"1499",2040,"Sicily","ipsl-cm6a-lr","ssp126",NA,0.532871306807335,11.0174935477121
"1500",2041,"Sicily","ipsl-cm6a-lr","ssp126",NA,0,11.4048531668527
"1501",2042,"Sicily","ipsl-cm6a-lr","ssp126",NA,0.0187674750382679,11.1836268833706
"1502",2043,"Sicily","ipsl-cm6a-lr","ssp126",NA,1.04625398713064,10.4615286690848
"1503",2044,"Sicily","ipsl-cm6a-lr","ssp126",NA,0.814738506077057,10.6083879743304
"1504",2045,"Sicily","ipsl-cm6a-lr","ssp126",NA,0.377351082404078,13.6672389439174
"1505",2046,"Sicily","ipsl-cm6a-lr","ssp126",NA,1.03799698367116,15.0448503766741
"1506",2047,"Sicily","ipsl-cm6a-lr","ssp126",NA,4.20403652242385,9.323140171596
"1507",2048,"Sicily","ipsl-cm6a-lr","ssp126",NA,3.05269461324705,12.8581263950893
"1508",2049,"Sicily","ipsl-cm6a-lr","ssp126",NA,0,15.5009312220982
"1509",2050,"Sicily","ipsl-cm6a-lr","ssp126",NA,0.514816962407037,14.1865391322545
"1510",2051,"Sicily","ipsl-cm6a-lr","ssp126",NA,2.476598404298,14.1057896205357
"1511",2052,"Sicily","ipsl-cm6a-lr","ssp126",NA,1.19655246921216,14.3549220493862
"1512",2053,"Sicily","ipsl-cm6a-lr","ssp126",NA,0.117309660189286,16.4655308314732
"1513",2054,"Sicily","ipsl-cm6a-lr","ssp126",NA,0.544411138772765,16.3532087053572
"1514",2055,"Sicily","ipsl-cm6a-lr","ssp126",NA,0.376370450248942,17.139306640625
"1515",2056,"Sicily","ipsl-cm6a-lr","ssp126",NA,0.216702042546655,19.4713858468192
"1516",2057,"Sicily","ipsl-cm6a-lr","ssp126",NA,4.55084143322892,19.9256574358259
"1517",2058,"Sicily","ipsl-cm6a-lr","ssp126",NA,0.363921090112334,21.2689060756139
"1518",2059,"Sicily","ipsl-cm6a-lr","ssp126",NA,0,23.2860743931362
"1519",2060,"Sicily","ipsl-cm6a-lr","ssp126",NA,0,25.1398167201451
"1520",2061,"Sicily","ipsl-cm6a-lr","ssp126",NA,1.17326396118317,25.4448704310826
"1521",2062,"Sicily","ipsl-cm6a-lr","ssp126",NA,0,25.1199977329799
"1522",2063,"Sicily","ipsl-cm6a-lr","ssp126",NA,0.136348424036571,25.0406999860491
"1523",2064,"Sicily","ipsl-cm6a-lr","ssp126",NA,1.36051768370505,24.661261858259
"1524",2065,"Sicily","ipsl-cm6a-lr","ssp126",NA,0,25.4886021205357
"1525",2066,"Sicily","ipsl-cm6a-lr","ssp126",NA,0,27.1850219726563
"1526",2067,"Sicily","ipsl-cm6a-lr","ssp126",NA,0,24.0353942871094
"1527",2068,"Sicily","ipsl-cm6a-lr","ssp126",NA,0,27.2893572126116
"1528",2069,"Sicily","ipsl-cm6a-lr","ssp126",NA,0,27.0861624581473
"1529",2070,"Sicily","ipsl-cm6a-lr","ssp126",NA,0,26.3633972167969
"1530",2071,"Sicily","ipsl-cm6a-lr","ssp126",NA,1.67518040564443,27.4750217982701
"1531",2072,"Sicily","ipsl-cm6a-lr","ssp126",NA,0.0737422852710422,27.6997576032366
"1532",2073,"Sicily","ipsl-cm6a-lr","ssp126",NA,0,27.9143572126116
"1533",2074,"Sicily","ipsl-cm6a-lr","ssp126",NA,1.70947529456628,23.2355329241072
"1534",2075,"Sicily","ipsl-cm6a-lr","ssp126",NA,1.9595016690021,23.5615827287947
"1535",2076,"Sicily","ipsl-cm6a-lr","ssp126",NA,0,22.5000592912947
"1536",2077,"Sicily","ipsl-cm6a-lr","ssp126",NA,0,23.5578203473773
"1537",2078,"Sicily","ipsl-cm6a-lr","ssp126",NA,2.71453933258142,20.8328186035156
"1538",2079,"Sicily","ipsl-cm6a-lr","ssp126",NA,5.33944916345977,17.9931971958706
"1539",2080,"Sicily","ipsl-cm6a-lr","ssp126",NA,0,17.6198102678572
"1540",2081,"Sicily","ipsl-cm6a-lr","ssp126",NA,6.60648935310227,17.2757027762277
"1541",2082,"Sicily","ipsl-cm6a-lr","ssp126",NA,3.34034906949715,17.135387311663
"1542",2083,"Sicily","ipsl-cm6a-lr","ssp126",NA,0.141407829193798,14.9762686593192
"1543",2084,"Sicily","ipsl-cm6a-lr","ssp126",NA,9.0630707314371,12.9448137555804
"1544",2085,"Sicily","ipsl-cm6a-lr","ssp126",NA,7.72918861808388,12.0771859305246
"1545",2086,"Sicily","ipsl-cm6a-lr","ssp126",NA,1.20850017244395,11.9590916224889
"1546",2087,"Sicily","ipsl-cm6a-lr","ssp126",NA,0.0666875975314594,11.435444859096
"1547",2088,"Sicily","ipsl-cm6a-lr","ssp126",NA,11.1159946104246,10.7720842633929
"1548",2089,"Sicily","ipsl-cm6a-lr","ssp126",NA,2.44381723376656,10.4702348981585
"1549",2090,"Sicily","ipsl-cm6a-lr","ssp126",NA,2.23968429095943,9.37226475306922
"1550",2091,"Sicily","ipsl-cm6a-lr","ssp126",NA,1.55914742624321,11.0352111816406
"1551",2092,"Sicily","ipsl-cm6a-lr","ssp126",NA,0.82139225726548,10.4996930803572
"1552",2093,"Sicily","ipsl-cm6a-lr","ssp126",NA,12.5411878672561,8.75059988839288
"1553",2094,"Sicily","ipsl-cm6a-lr","ssp126",NA,6.75213640372801,8.68057948521208
"1554",2095,"Sicily","ipsl-cm6a-lr","ssp126",NA,10.4395029101787,9.70505022321431
"1555",2096,"Sicily","ipsl-cm6a-lr","ssp126",NA,9.38225559491132,6.13661237444199
"1556",2097,"Sicily","ipsl-cm6a-lr","ssp126",NA,2.00525773938612,9.33293195452011
"1557",2098,"Sicily","ipsl-cm6a-lr","ssp126",NA,11.9868987921758,7.97379673549109
"1558",2099,"Sicily","ipsl-cm6a-lr","ssp126",NA,8.35884974595891,9.74273943219868
"1559",2100,"Sicily","ipsl-cm6a-lr","ssp126",NA,1.28212336359346,10.6622122628348
"1560",2101,"Sicily","ipsl-cm6a-lr","ssp126",NA,1.75317265820922,12.9101719447545
"1561",2102,"Sicily","ipsl-cm6a-lr","ssp126",NA,1.76730379903997,11.9262459891183
"1562",2103,"Sicily","ipsl-cm6a-lr","ssp126",NA,2.36681310094095,12.3950788225447
"1563",2104,"Sicily","ipsl-cm6a-lr","ssp126",NA,5.04474272768545,12.0456874302456
"1564",2105,"Sicily","ipsl-cm6a-lr","ssp126",NA,6.85088037197212,12.8623552594866
"1565",2106,"Sicily","ipsl-cm6a-lr","ssp126",NA,2.91504473175987,13.5690856933594
"1566",2107,"Sicily","ipsl-cm6a-lr","ssp126",NA,0.547882240165823,15.4829258510045
"1567",2108,"Sicily","ipsl-cm6a-lr","ssp126",NA,2.72797634658803,16.9052586146764
"1568",2109,"Sicily","ipsl-cm6a-lr","ssp126",NA,0.0639151960578082,18.7891697474889
"1569",2110,"Sicily","ipsl-cm6a-lr","ssp126",NA,0.0348081364271431,22.496475655692
"1570",2111,"Sicily","ipsl-cm6a-lr","ssp126",NA,0.0340596572641516,22.3706342424665
"1571",2112,"Sicily","ipsl-cm6a-lr","ssp126",NA,0,24.3768641880581
"1572",2113,"Sicily","ipsl-cm6a-lr","ssp126",NA,0,27.4371712820871
"1573",2114,"Sicily","ipsl-cm6a-lr","ssp126",NA,0,25.3505144391741
"1574",2115,"Sicily","ipsl-cm6a-lr","ssp126",NA,0.219996512169018,25.5835161481585
"1575",2116,"Sicily","ipsl-cm6a-lr","ssp126",NA,0,27.96083984375
"1576",2117,"Sicily","ipsl-cm6a-lr","ssp126",NA,0,29.1516531808036
"1577",2118,"Sicily","ipsl-cm6a-lr","ssp126",NA,0.0419910097532141,27.9938991001674
"1578",2119,"Sicily","ipsl-cm6a-lr","ssp126",NA,0,28.3590898786273
"1579",2120,"Sicily","ipsl-cm6a-lr","ssp126",NA,0.337415491646555,26.8146998814174
"1580",2121,"Sicily","ipsl-cm6a-lr","ssp126",NA,6.21536466060206,26.804825265067
"1581",2122,"Sicily","ipsl-cm6a-lr","ssp126",NA,1.86024384425504,28.2712428501674
"1582",2123,"Sicily","ipsl-cm6a-lr","ssp126",NA,0,28.68203125
"1583",2124,"Sicily","ipsl-cm6a-lr","ssp126",NA,0.313372898589088,27.8500915527344
"1584",2125,"Sicily","ipsl-cm6a-lr","ssp126",NA,6.44063484266683,24.7173270089286
"1585",2126,"Sicily","ipsl-cm6a-lr","ssp126",NA,0,24.0819902692523
"1586",2127,"Sicily","ipsl-cm6a-lr","ssp126",NA,0.735172491321074,23.2677725655692
"1587",2128,"Sicily","ipsl-cm6a-lr","ssp126",NA,0,21.8094334193639
"1588",2129,"Sicily","ipsl-cm6a-lr","ssp126",NA,0,21.054332624163
"1589",2130,"Sicily","ipsl-cm6a-lr","ssp126",NA,0.766023717421506,22.3396240234375
"1590",2131,"Sicily","ipsl-cm6a-lr","ssp126",NA,0.706860083820564,17.8283717564174
"1591",2132,"Sicily","ipsl-cm6a-lr","ssp126",NA,0.0680187793997383,16.3960728236607
"1592",2133,"Sicily","ipsl-cm6a-lr","ssp126",NA,3.76158548252923,15.9235909598215
"1593",2134,"Sicily","ipsl-cm6a-lr","ssp126",NA,0.0926425414425986,15.4531319754465
"1594",2135,"Sicily","ipsl-cm6a-lr","ssp126",NA,0,14.9648507254465
"1595",2136,"Sicily","ipsl-cm6a-lr","ssp126",NA,3.19111923516695,14.5362095424107
"1596",2137,"Sicily","ipsl-cm6a-lr","ssp126",NA,0,14.6500139508929
"1597",2138,"Sicily","ipsl-cm6a-lr","ssp126",NA,0.500945168979732,12.9873465401786
"1598",2139,"Sicily","ipsl-cm6a-lr","ssp126",NA,0,14.1177394321987
"1599",2140,"Sicily","ipsl-cm6a-lr","ssp126",NA,6.35077206118565,11.1189732142857
"1600",2141,"Sicily","ipsl-cm6a-lr","ssp126",NA,1.22709090064745,10.3921186174665
"1601",2142,"Sicily","ipsl-cm6a-lr","ssp126",NA,0,9.90130440848217
"1602",2143,"Sicily","ipsl-cm6a-lr","ssp126",NA,1.36242736563353,10.9106209891183
"1603",2144,"Sicily","ipsl-cm6a-lr","ssp126",NA,0,11.594877406529
"1604",2145,"Sicily","ipsl-cm6a-lr","ssp126",NA,1.71359460800886,9.56409824916297
"1605",2146,"Sicily","ipsl-cm6a-lr","ssp126",NA,5.34837175925661,6.75333775111609
"1606",2147,"Sicily","ipsl-cm6a-lr","ssp126",NA,0.545456240485822,9.69019252232145
"1607",2148,"Sicily","ipsl-cm6a-lr","ssp126",NA,0.334905040550179,12.3667541503906
"1608",2149,"Sicily","ipsl-cm6a-lr","ssp126",NA,1.07197529203924,12.1033700125558
"1609",2150,"Sicily","ipsl-cm6a-lr","ssp126",NA,10.6592452486179,10.2610804966518
"1610",2151,"Sicily","ipsl-cm6a-lr","ssp126",NA,5.07814244899367,10.4677106584822
"1611",2152,"Sicily","ipsl-cm6a-lr","ssp126",NA,0,12.6015781947545
"1612",2153,"Sicily","ipsl-cm6a-lr","ssp126",NA,0,16.823127092634
"1613",2154,"Sicily","ipsl-cm6a-lr","ssp126",NA,1.07947428145313,16.1565577915737
"1614",2155,"Sicily","ipsl-cm6a-lr","ssp126",NA,0.0498209192301147,17.8110464913505
"1615",2156,"Sicily","ipsl-cm6a-lr","ssp126",NA,0.0419067982875276,18.8380109514509
"1616",2157,"Sicily","ipsl-cm6a-lr","ssp126",NA,0,22.5889046805246
"1617",2158,"Sicily","ipsl-cm6a-lr","ssp126",NA,0.0883499022165779,20.780899483817
"1618",2159,"Sicily","ipsl-cm6a-lr","ssp126",NA,0.107727982997728,21.2866367885045
"1619",2160,"Sicily","ipsl-cm6a-lr","ssp126",NA,0,22.2944187709264
"1620",2161,"Sicily","ipsl-cm6a-lr","ssp126",NA,0.11310027122298,22.2348571777344
"1621",2162,"Sicily","ipsl-cm6a-lr","ssp126",NA,1.52269506070297,19.6914001464844
"1622",2163,"Sicily","ipsl-cm6a-lr","ssp126",NA,0,19.7874128069197
"1623",2164,"Sicily","ipsl-cm6a-lr","ssp126",NA,0,23.110724748884
"1624",2165,"Sicily","ipsl-cm6a-lr","ssp126",NA,0.133311965951829,27.4085152762277
"1625",2166,"Sicily","ipsl-cm6a-lr","ssp126",NA,1.48995138422054,22.3511596679688
"1626",2167,"Sicily","ipsl-cm6a-lr","ssp126",NA,1.03573415045893,23.3736075265067
"1627",2168,"Sicily","ipsl-cm6a-lr","ssp126",NA,0,25.4802315848214
"1628",2169,"Sicily","ipsl-cm6a-lr","ssp126",NA,0,25.3266104561942
"1629",2170,"Sicily","ipsl-cm6a-lr","ssp126",NA,0,24.8240556989398
"1630",2171,"Sicily","ipsl-cm6a-lr","ssp126",NA,0,26.6695408412389
"1631",2172,"Sicily","ipsl-cm6a-lr","ssp126",NA,0,26.0856131417411
"1632",2173,"Sicily","ipsl-cm6a-lr","ssp126",NA,0,27.3081996372768
"1633",2174,"Sicily","ipsl-cm6a-lr","ssp126",NA,0,27.2153433663505
"1634",2175,"Sicily","ipsl-cm6a-lr","ssp126",NA,0.123914093793636,26.8566135951451
"1635",2176,"Sicily","ipsl-cm6a-lr","ssp126",NA,2.23098419540163,25.0803161621094
"1636",2177,"Sicily","ipsl-cm6a-lr","ssp126",NA,2.11848157258438,23.0255894252232
"1637",2178,"Sicily","ipsl-cm6a-lr","ssp126",NA,0.0223201287943604,21.9719526018415
"1638",2179,"Sicily","ipsl-cm6a-lr","ssp126",NA,0.0506246950992915,21.4180018833706
"1639",2180,"Sicily","ipsl-cm6a-lr","ssp126",NA,0,20.1653163364956
"1640",2181,"Sicily","ipsl-cm6a-lr","ssp126",NA,0,19.9327287946429
"1641",2182,"Sicily","ipsl-cm6a-lr","ssp126",NA,0.517776685384368,19.263072858538
"1642",2183,"Sicily","ipsl-cm6a-lr","ssp126",NA,1.29881562721234,18.0263828822545
"1643",2184,"Sicily","ipsl-cm6a-lr","ssp126",NA,0,18.2015232631139
"1644",2185,"Sicily","ipsl-cm6a-lr","ssp126",NA,2.78421324411673,15.6555201939174
"1645",2186,"Sicily","ipsl-cm6a-lr","ssp126",NA,0.245845313682886,14.0172842843192
"1646",2187,"Sicily","ipsl-cm6a-lr","ssp126",NA,16.0693243545081,11.3988848005023
"1647",2188,"Sicily","ipsl-cm6a-lr","ssp126",NA,9.69988580244327,10.1131487165179
"1648",2189,"Sicily","ipsl-cm6a-lr","ssp126",NA,0.706501830427442,9.63999546595984
"1649",2190,"Sicily","ipsl-cm6a-lr","ssp126",NA,11.60456278615,10.0471915108817
"1650",2191,"Sicily","ipsl-cm6a-lr","ssp126",NA,0.38484516054658,10.9565107073103
"1651",2192,"Sicily","ipsl-cm6a-lr","ssp126",NA,0,11.6790797642299
"1652",2193,"Sicily","ipsl-cm6a-lr","ssp126",NA,0,10.4557870047433
"1653",2194,"Sicily","ipsl-cm6a-lr","ssp126",NA,0.0930357687008966,11.2686314174107
"1654",2195,"Sicily","ipsl-cm6a-lr","ssp126",NA,0.0580354836919079,12.0632524762835
"1655",2196,"Sicily","ipsl-cm6a-lr","ssp126",NA,0.879084215765553,11.7106175013951
"1656",2197,"Sicily","ipsl-cm6a-lr","ssp126",NA,0,11.1717032296317
"1657",2198,"Sicily","ipsl-cm6a-lr","ssp126",NA,0.413125327655247,11.0634704589844
"1658",2199,"Sicily","ipsl-cm6a-lr","ssp126",NA,0,12.020894077846
"1659",2200,"Sicily","ipsl-cm6a-lr","ssp126",NA,0,11.9699297223773
"1660",2201,"Sicily","ipsl-cm6a-lr","ssp126",NA,0.49985272261048,13.1926382882255
"1661",2202,"Sicily","ipsl-cm6a-lr","ssp126",NA,5.37339380576408,10.7783796037947
"1662",2203,"Sicily","ipsl-cm6a-lr","ssp126",NA,6.32456777062284,10.8263401576451
"1663",2204,"Sicily","ipsl-cm6a-lr","ssp126",NA,0,14.9875558035715
"1664",2205,"Sicily","ipsl-cm6a-lr","ssp126",NA,0,15.7240713936942
"1665",2206,"Sicily","ipsl-cm6a-lr","ssp126",NA,0.83858637704647,15.4046482631139
"1666",2207,"Sicily","ipsl-cm6a-lr","ssp126",NA,0,14.4474426269531
"1667",2208,"Sicily","ipsl-cm6a-lr","ssp126",NA,0.0209750985439833,18.1842895507813
"1668",2209,"Sicily","ipsl-cm6a-lr","ssp126",NA,0.202501878707803,18.5632393973214
"1669",2210,"Sicily","ipsl-cm6a-lr","ssp126",NA,3.31716825582719,12.7475655691965
"1670",2211,"Sicily","ipsl-cm6a-lr","ssp126",NA,1.17256975998836,15.8545514787947
"1671",2212,"Sicily","ipsl-cm6a-lr","ssp126",NA,0.0463288060148313,17.2925223214286
"1672",2213,"Sicily","ipsl-cm6a-lr","ssp126",NA,0,17.7249651227679
"1673",2214,"Sicily","ipsl-cm6a-lr","ssp126",NA,0,19.818505859375
"1674",2215,"Sicily","ipsl-cm6a-lr","ssp126",NA,0,20.7632690429688
"1675",2216,"Sicily","ipsl-cm6a-lr","ssp126",NA,0.0180591476237169,21.0919738769531
"1676",2217,"Sicily","ipsl-cm6a-lr","ssp126",NA,0,22.1413949148996
"1677",2218,"Sicily","ipsl-cm6a-lr","ssp126",NA,0,27.1980224609375
"1678",2219,"Sicily","ipsl-cm6a-lr","ssp126",NA,0,23.8688947405134
"1679",2220,"Sicily","ipsl-cm6a-lr","ssp126",NA,0,24.7627458844866
"1680",2221,"Sicily","ipsl-cm6a-lr","ssp126",NA,0,28.786283656529
"1681",2222,"Sicily","ipsl-cm6a-lr","ssp126",NA,0,26.0995465959822
"1682",2223,"Sicily","ipsl-cm6a-lr","ssp126",NA,0,26.6142953055246
"1683",2224,"Sicily","ipsl-cm6a-lr","ssp126",NA,0.0614608008098523,27.6179879324777
"1684",2225,"Sicily","ipsl-cm6a-lr","ssp126",NA,0,28.3656991141183
"1685",2226,"Sicily","ipsl-cm6a-lr","ssp126",NA,0,29.9973737444197
"1686",2227,"Sicily","ipsl-cm6a-lr","ssp126",NA,0,29.7596156529018
"1687",2228,"Sicily","ipsl-cm6a-lr","ssp126",NA,0,28.095121547154
"1688",2229,"Sicily","ipsl-cm6a-lr","ssp126",NA,0,28.0825831821987
"1689",2230,"Sicily","ipsl-cm6a-lr","ssp126",NA,3.93015601023632,25.2471296037947
"1690",2231,"Sicily","ipsl-cm6a-lr","ssp126",NA,0.304223435731339,23.2246686662947
"1691",2232,"Sicily","ipsl-cm6a-lr","ssp126",NA,0,25.8321515764509
"1692",2233,"Sicily","ipsl-cm6a-lr","ssp126",NA,3.28723360767721,21.5347185407366
"1693",2234,"Sicily","ipsl-cm6a-lr","ssp126",NA,1.73542790913156,21.7824994768415
"1694",2235,"Sicily","ipsl-cm6a-lr","ssp126",NA,1.9914140201893,19.5626639229911
"1695",2236,"Sicily","ipsl-cm6a-lr","ssp126",NA,1.41861804669523,20.739888218471
"1696",2237,"Sicily","ipsl-cm6a-lr","ssp126",NA,4.43457526104924,16.8159641810826
"1697",2238,"Sicily","ipsl-cm6a-lr","ssp126",NA,0.202577214804478,17.0518824986049
"1698",2239,"Sicily","ipsl-cm6a-lr","ssp126",NA,1.62293131454914,14.6246015276228
"1699",2240,"Sicily","ipsl-cm6a-lr","ssp126",NA,0,12.8012416294643
"1700",2241,"Sicily","ipsl-cm6a-lr","ssp126",NA,9.6862233077575,10.4858904157366
"1701",2242,"Sicily","ipsl-cm6a-lr","ssp126",NA,3.86951854618798,12.0127066476005
"1702",2243,"Sicily","ipsl-cm6a-lr","ssp126",NA,4.23576923052938,9.35559779575895
"1703",2244,"Sicily","ipsl-cm6a-lr","ssp126",NA,3.84987175431369,5.8151794433594
"1704",2245,"Sicily","ipsl-cm6a-lr","ssp126",NA,4.09071578843785,8.16885637555806
"1705",2246,"Sicily","ipsl-cm6a-lr","ssp126",NA,8.31688298245094,9.22728009905136
"1706",2247,"Sicily","ipsl-cm6a-lr","ssp126",NA,5.70481644057768,9.82295270647324
"1707",2248,"Sicily","ipsl-cm6a-lr","ssp126",NA,1.19531625449391,9.65330548967636
"1708",2249,"Sicily","ipsl-cm6a-lr","ssp126",NA,0,10.5414542061942
"1709",2250,"Sicily","ipsl-cm6a-lr","ssp126",NA,0.0769115820211092,10.8882690429688
"1710",2251,"Sicily","ipsl-cm6a-lr","ssp126",NA,0,12.5857744489398
"1711",2252,"Sicily","ipsl-cm6a-lr","ssp126",NA,0.277933227386841,11.7976972307478
"1712",2253,"Sicily","ipsl-cm6a-lr","ssp126",NA,0,11.4750523158482
"1713",2254,"Sicily","ipsl-cm6a-lr","ssp126",NA,7.4219985723695,9.99863368443083
"1714",2255,"Sicily","ipsl-cm6a-lr","ssp126",NA,2.91673628027118,12.4315734863281
"1715",2256,"Sicily","ipsl-cm6a-lr","ssp126",NA,0.035198380438877,13.6052926199777
"1716",2257,"Sicily","ipsl-cm6a-lr","ssp126",NA,2.14663575716258,13.8365155901228
"1717",2258,"Sicily","ipsl-cm6a-lr","ssp126",NA,0.642460873547991,15.1328020368304
"1718",2259,"Sicily","ipsl-cm6a-lr","ssp126",NA,0.0169688523913335,15.1805315290179
"1719",2260,"Sicily","ipsl-cm6a-lr","ssp126",NA,0.0239062561636924,18.2019505092076
"1720",2261,"Sicily","ipsl-cm6a-lr","ssp126",NA,0,21.9492867606027
"1721",2262,"Sicily","ipsl-cm6a-lr","ssp126",NA,0,20.6716683523996
"1722",2263,"Sicily","ipsl-cm6a-lr","ssp126",NA,0.292077329764392,21.9205827985491
"1723",2264,"Sicily","ipsl-cm6a-lr","ssp126",NA,0.100470176299236,21.626602608817
"1724",2265,"Sicily","ipsl-cm6a-lr","ssp126",NA,0.0149821757596718,22.3236938476563
"1725",2266,"Sicily","ipsl-cm6a-lr","ssp126",NA,0.920168454675669,22.6112871442523
"1726",2267,"Sicily","ipsl-cm6a-lr","ssp126",NA,0,22.7371372767857
"1727",2268,"Sicily","ipsl-cm6a-lr","ssp126",NA,0,26.7386064801898
"1728",2269,"Sicily","ipsl-cm6a-lr","ssp126",NA,0,25.9691885811942
"1729",2270,"Sicily","ipsl-cm6a-lr","ssp126",NA,0,27.3301199776786
"1730",2271,"Sicily","ipsl-cm6a-lr","ssp126",NA,0,27.5007350376674
"1731",2272,"Sicily","ipsl-cm6a-lr","ssp126",NA,0,31.2216256277902
"1732",2273,"Sicily","ipsl-cm6a-lr","ssp126",NA,0.0147582330100704,28.5461669921875
"1733",2274,"Sicily","ipsl-cm6a-lr","ssp126",NA,0.27573997005155,25.5161289760045
"1734",2275,"Sicily","ipsl-cm6a-lr","ssp126",NA,0,26.246000453404
"1735",2276,"Sicily","ipsl-cm6a-lr","ssp126",NA,0.0749895798175463,25.6997270856585
"1736",2277,"Sicily","ipsl-cm6a-lr","ssp126",NA,0,25.6819658551898
"1737",2278,"Sicily","ipsl-cm6a-lr","ssp126",NA,0,26.1905936104911
"1738",2279,"Sicily","ipsl-cm6a-lr","ssp126",NA,0.762883377527552,26.5593985421317
"1739",2280,"Sicily","ipsl-cm6a-lr","ssp126",NA,1.37681785106127,27.2950945172991
"1740",2281,"Sicily","ipsl-cm6a-lr","ssp126",NA,2.30400291147816,26.3434256417411
"1741",2282,"Sicily","ipsl-cm6a-lr","ssp126",NA,0.028182340195469,24.2635960170201
"1742",2283,"Sicily","ipsl-cm6a-lr","ssp126",NA,0.212366069068334,24.9688485281808
"1743",2284,"Sicily","ipsl-cm6a-lr","ssp126",NA,3.67549501492509,20.3903311593192
"1744",2285,"Sicily","ipsl-cm6a-lr","ssp126",NA,0.575319150396223,20.6536760602679
"1745",2286,"Sicily","ipsl-cm6a-lr","ssp126",NA,0,20.8955017089844
"1746",2287,"Sicily","ipsl-cm6a-lr","ssp126",NA,11.4777939527162,17.5050467354911
"1747",2288,"Sicily","ipsl-cm6a-lr","ssp126",NA,3.07827018529809,13.8404044015067
"1748",2289,"Sicily","ipsl-cm6a-lr","ssp126",NA,1.79474573981549,15.9587079729353
"1749",2290,"Sicily","ipsl-cm6a-lr","ssp126",NA,0.475588914663863,16.3265363420759
"1750",2291,"Sicily","ipsl-cm6a-lr","ssp126",NA,3.92189261370472,14.6684378487723
"1751",2292,"Sicily","ipsl-cm6a-lr","ssp126",NA,4.07732263348797,14.1445164271764
"1752",2293,"Sicily","ipsl-cm6a-lr","ssp126",NA,3.2556224142484,12.9262590680804
"1753",2294,"Sicily","ipsl-cm6a-lr","ssp126",NA,4.53873972375212,13.2712472098215
"1754",2295,"Sicily","ipsl-cm6a-lr","ssp126",NA,1.45206453453284,11.5565560477121
"1755",2296,"Sicily","ipsl-cm6a-lr","ssp126",NA,1.73286738832498,11.9458208356585
"1756",2297,"Sicily","ipsl-cm6a-lr","ssp126",NA,8.00765097041481,9.77700195312502
"1757",2298,"Sicily","ipsl-cm6a-lr","ssp126",NA,3.83513236515033,9.76515241350449
"1758",2299,"Sicily","ipsl-cm6a-lr","ssp126",NA,0,10.5747881208148
"1759",2300,"Sicily","ipsl-cm6a-lr","ssp126",NA,0,11.3431422642299
"1760",2301,"Sicily","ipsl-cm6a-lr","ssp126",NA,1.31205532317316,11.393208530971
"1761",2302,"Sicily","ipsl-cm6a-lr","ssp126",NA,0,12.3680838448661
"1762",2303,"Sicily","ipsl-cm6a-lr","ssp126",NA,0,11.837548828125
"1763",2304,"Sicily","ipsl-cm6a-lr","ssp126",NA,0.164347956888378,10.7849714006697
"1764",2305,"Sicily","ipsl-cm6a-lr","ssp126",NA,0,11.9192574637277
"1765",2306,"Sicily","ipsl-cm6a-lr","ssp126",NA,0.791672809802029,11.7832972935268
"1766",2307,"Sicily","ipsl-cm6a-lr","ssp126",NA,2.97284084990679,12.9697596958706
"1767",2308,"Sicily","ipsl-cm6a-lr","ssp126",NA,3.90636960593318,10.2107918875558
"1768",2309,"Sicily","ipsl-cm6a-lr","ssp126",NA,1.35521723755768,11.7935119628906
"1769",2310,"Sicily","ipsl-cm6a-lr","ssp126",NA,0.0149593369444899,14.8489318847656
"1770",2311,"Sicily","ipsl-cm6a-lr","ssp126",NA,4.9209170143253,12.8824881417411
"1771",2312,"Sicily","ipsl-cm6a-lr","ssp126",NA,14.6352378684761,13.1950317382813
"1772",2313,"Sicily","ipsl-cm6a-lr","ssp126",NA,3.9927852951223,14.3586844308036
"1773",2314,"Sicily","ipsl-cm6a-lr","ssp126",NA,0.0535408172124465,15.3212611607143
"1774",2315,"Sicily","ipsl-cm6a-lr","ssp126",NA,2.08043288106897,14.2723196847098
"1775",2316,"Sicily","ipsl-cm6a-lr","ssp126",NA,0,17.9790893554688
"1776",2317,"Sicily","ipsl-cm6a-lr","ssp126",NA,0,19.5676906040737
"1777",2318,"Sicily","ipsl-cm6a-lr","ssp126",NA,0,18.9577575683594
"1778",2319,"Sicily","ipsl-cm6a-lr","ssp126",NA,0.0170880812220275,20.2814400809152
"1779",2320,"Sicily","ipsl-cm6a-lr","ssp126",NA,0.0575941035224657,22.307523890904
"1780",2321,"Sicily","ipsl-cm6a-lr","ssp126",NA,0,24.1362723214286
"1781",2322,"Sicily","ipsl-cm6a-lr","ssp126",NA,0,27.1260271344866
"1782",2323,"Sicily","ipsl-cm6a-lr","ssp126",NA,0,24.6961042131697
"1783",2324,"Sicily","ipsl-cm6a-lr","ssp126",NA,0,26.8408229282924
"1784",2325,"Sicily","ipsl-cm6a-lr","ssp126",NA,0.0395650086699918,22.5623282296317
"1785",2326,"Sicily","ipsl-cm6a-lr","ssp126",NA,0,24.019908796038
"1786",2327,"Sicily","ipsl-cm6a-lr","ssp126",NA,0,26.1352652413505
"1787",2328,"Sicily","ipsl-cm6a-lr","ssp126",NA,0,25.434708077567
"1788",2329,"Sicily","ipsl-cm6a-lr","ssp126",NA,0.397609641887746,27.3378278459822
"1789",2330,"Sicily","ipsl-cm6a-lr","ssp126",NA,1.62649409113718,29.0798889160156
"1790",2331,"Sicily","ipsl-cm6a-lr","ssp126",NA,1.7626008679924,26.3434910365514
"1791",2332,"Sicily","ipsl-cm6a-lr","ssp126",NA,0.163523118681042,27.1605250767299
"1792",2333,"Sicily","ipsl-cm6a-lr","ssp126",NA,0.0969958811765537,26.3813023158482
"1793",2334,"Sicily","ipsl-cm6a-lr","ssp126",NA,2.88199549561666,22.711315046038
"1794",2335,"Sicily","ipsl-cm6a-lr","ssp126",NA,1.26846660527268,22.0564644949777
"1795",2336,"Sicily","ipsl-cm6a-lr","ssp126",NA,2.02936324723331,21.6758361816406
"1796",2337,"Sicily","ipsl-cm6a-lr","ssp126",NA,0,23.0653930664063
"1797",2338,"Sicily","ipsl-cm6a-lr","ssp126",NA,1.03916045544403,20.4593096051898
"1798",2339,"Sicily","ipsl-cm6a-lr","ssp126",NA,0,22.069482421875
"1799",2340,"Sicily","ipsl-cm6a-lr","ssp126",NA,13.1192632119304,17.6496085030692
"1800",2341,"Sicily","ipsl-cm6a-lr","ssp126",NA,1.00676432157343,16.6218418666295
"1801",2342,"Sicily","ipsl-cm6a-lr","ssp126",NA,0.975104679153966,17.0936872209822
"1802",2343,"Sicily","ipsl-cm6a-lr","ssp126",NA,3.99259889132476,16.0456089564732
"1803",2344,"Sicily","ipsl-cm6a-lr","ssp126",NA,0.0268316732087572,15.2334882463728
"1804",2345,"Sicily","ipsl-cm6a-lr","ssp126",NA,1.34105768853,15.557257952009
"1805",2346,"Sicily","ipsl-cm6a-lr","ssp126",NA,7.5562618656217,11.0383108956473
"1806",2347,"Sicily","ipsl-cm6a-lr","ssp126",NA,1.25615324525695,10.6169895717076
"1807",2348,"Sicily","ipsl-cm6a-lr","ssp126",NA,2.72532211170723,8.93851405552458
"1808",2349,"Sicily","ipsl-cm6a-lr","ssp126",NA,8.13179336255416,7.63966413225449
"1809",2350,"Sicily","ipsl-cm6a-lr","ssp126",NA,9.76798754584576,7.88840855189734
"1810",2351,"Sicily","ipsl-cm6a-lr","ssp126",NA,2.94383856733995,10.8501089913505
"1811",2352,"Sicily","ipsl-cm6a-lr","ssp126",NA,2.99857927971711,11.5634137834822
"1812",2353,"Sicily","ipsl-cm6a-lr","ssp126",NA,1.56561181424227,11.3048078264509
"1813",2354,"Sicily","ipsl-cm6a-lr","ssp126",NA,8.39543469337514,10.755033656529
"1814",2355,"Sicily","ipsl-cm6a-lr","ssp126",NA,0.109325541000414,10.4379080636161
"1815",2356,"Sicily","ipsl-cm6a-lr","ssp126",NA,1.0333011459027,10.3096252441406
"1816",2357,"Sicily","ipsl-cm6a-lr","ssp126",NA,0.65812945000029,9.481099155971
"1817",2358,"Sicily","ipsl-cm6a-lr","ssp126",NA,0,8.91988525390627
"1818",2359,"Sicily","ipsl-cm6a-lr","ssp126",NA,0.742753723482435,12.0892796107701
"1819",2360,"Sicily","ipsl-cm6a-lr","ssp126",NA,5.05058749425059,10.5652709960938
"1820",2361,"Sicily","ipsl-cm6a-lr","ssp126",NA,0.0668923231777236,13.4868800571987
"1821",2362,"Sicily","ipsl-cm6a-lr","ssp126",NA,0.211955093878454,14.1318167550223
"1822",2363,"Sicily","ipsl-cm6a-lr","ssp126",NA,0.420475469062304,16.1772181919643
"1823",2364,"Sicily","ipsl-cm6a-lr","ssp126",NA,1.1218197629205,14.4224661690848
"1824",2365,"Sicily","ipsl-cm6a-lr","ssp126",NA,0.313176663829446,15.2338370186942
"1825",2366,"Sicily","ipsl-cm6a-lr","ssp126",NA,3.64775914016978,16.9748561314174
"1826",2367,"Sicily","ipsl-cm6a-lr","ssp126",NA,0.315890842882384,18.1104021344866
"1827",2368,"Sicily","ipsl-cm6a-lr","ssp126",NA,0,16.308966936384
"1828",2369,"Sicily","ipsl-cm6a-lr","ssp126",NA,0.107513287470543,19.9065490722656
"1829",2370,"Sicily","ipsl-cm6a-lr","ssp126",NA,0.0451006303462366,19.3212393624442
"1830",2371,"Sicily","ipsl-cm6a-lr","ssp126",NA,0.0445120509539265,21.7954563685826
"1831",2372,"Sicily","ipsl-cm6a-lr","ssp126",NA,0.0621446574638997,25.376611328125
"1832",2373,"Sicily","ipsl-cm6a-lr","ssp126",NA,0,27.7144060407366
"1833",2374,"Sicily","ipsl-cm6a-lr","ssp126",NA,0.0434856794267294,26.4517804827009
"1834",2375,"Sicily","ipsl-cm6a-lr","ssp126",NA,0.0251128629315645,26.2401672363281
"1835",2376,"Sicily","ipsl-cm6a-lr","ssp126",NA,0,27.743545968192
"1836",2377,"Sicily","ipsl-cm6a-lr","ssp126",NA,0,27.1540684291295
"1837",2378,"Sicily","ipsl-cm6a-lr","ssp126",NA,0,28.6613010951451
"1838",2379,"Sicily","ipsl-cm6a-lr","ssp126",NA,0,28.4353053501674
"1839",2380,"Sicily","ipsl-cm6a-lr","ssp126",NA,0,28.2882455008371
"1840",2381,"Sicily","ipsl-cm6a-lr","ssp126",NA,0,29.567524937221
"1841",2382,"Sicily","ipsl-cm6a-lr","ssp126",NA,0,27.7241891043527
"1842",2383,"Sicily","ipsl-cm6a-lr","ssp126",NA,0,26.9812822614398
"1843",2384,"Sicily","ipsl-cm6a-lr","ssp126",NA,0.075172570983081,28.6191781180246
"1844",2385,"Sicily","ipsl-cm6a-lr","ssp126",NA,0,26.3651759556362
"1845",2386,"Sicily","ipsl-cm6a-lr","ssp126",NA,14.2030911586647,23.3725960867746
"1846",2387,"Sicily","ipsl-cm6a-lr","ssp126",NA,3.73573235909654,23.0280090332031
"1847",2388,"Sicily","ipsl-cm6a-lr","ssp126",NA,1.48445608127596,22.7395874023438
"1848",2389,"Sicily","ipsl-cm6a-lr","ssp126",NA,0,22.9817705426898
"1849",2390,"Sicily","ipsl-cm6a-lr","ssp126",NA,0,23.4092869349889
"1850",2391,"Sicily","ipsl-cm6a-lr","ssp126",NA,2.99384566023946,18.9764910016741
"1851",2392,"Sicily","ipsl-cm6a-lr","ssp126",NA,0.14162096153346,18.401513671875
"1852",2393,"Sicily","ipsl-cm6a-lr","ssp126",NA,0,19.3825709751674
"1853",2394,"Sicily","ipsl-cm6a-lr","ssp126",NA,0.28944417967328,19.8935442243304
"1854",2395,"Sicily","ipsl-cm6a-lr","ssp126",NA,0.350554910671365,18.9102024623326
"1855",2396,"Sicily","ipsl-cm6a-lr","ssp126",NA,12.7257105861125,16.4337838309152
"1856",2397,"Sicily","ipsl-cm6a-lr","ssp126",NA,0,17.3339608328683
"1857",2398,"Sicily","ipsl-cm6a-lr","ssp126",NA,6.05127925186285,14.2880362374442
"1858",2399,"Sicily","ipsl-cm6a-lr","ssp126",NA,7.12961456738412,13.1055716378348
"1859",2400,"Sicily","ipsl-cm6a-lr","ssp126",NA,6.87013666444857,11.8610648018973
"1860",2401,"Sicily","ipsl-cm6a-lr","ssp126",NA,2.84900146497031,12.9308585030692
"1861",2402,"Sicily","ipsl-cm6a-lr","ssp126",NA,3.75191269143085,10.0525190080915
"1862",2403,"Sicily","ipsl-cm6a-lr","ssp126",NA,0,11.5103437151228
"1863",2404,"Sicily","ipsl-cm6a-lr","ssp126",NA,0.220807618461549,12.0746398925781
"1864",2405,"Sicily","ipsl-cm6a-lr","ssp126",NA,0.0201597839934818,11.7149379185268
"1865",2406,"Sicily","ipsl-cm6a-lr","ssp126",NA,0,10.31484375
"1866",2407,"Sicily","ipsl-cm6a-lr","ssp126",NA,0.0713560584699735,11.4520246233259
"1867",2408,"Sicily","ipsl-cm6a-lr","ssp126",NA,1.04129083587655,11.866357421875
"1868",2409,"Sicily","ipsl-cm6a-lr","ssp126",NA,0.583841692267535,12.0229431152344
"1869",2410,"Sicily","ipsl-cm6a-lr","ssp126",NA,0.716931560704584,11.9064575195313
"1870",2411,"Sicily","ipsl-cm6a-lr","ssp126",NA,5.89456396919559,10.3692086356027
"1871",2412,"Sicily","ipsl-cm6a-lr","ssp126",NA,6.07561025161496,8.39578944614958
"1872",2413,"Sicily","ipsl-cm6a-lr","ssp126",NA,1.41277675169736,11.0563947405134
"1873",2414,"Sicily","ipsl-cm6a-lr","ssp126",NA,1.3171108905226,10.4917628696987
"1874",2415,"Sicily","ipsl-cm6a-lr","ssp126",NA,1.03404687896338,11.7848624093192
"1875",2416,"Sicily","ipsl-cm6a-lr","ssp126",NA,0,15.5087393624442
"1876",2417,"Sicily","ipsl-cm6a-lr","ssp126",NA,1.11939264627706,14.576797921317
"1877",2418,"Sicily","ipsl-cm6a-lr","ssp126",NA,0,16.8605154854911
"1878",2419,"Sicily","ipsl-cm6a-lr","ssp126",NA,0.247673403958158,16.9678327287947
"1879",2420,"Sicily","ipsl-cm6a-lr","ssp126",NA,0.369560192276757,16.504288155692
"1880",2421,"Sicily","ipsl-cm6a-lr","ssp126",NA,0.438812983338721,18.4866882324219
"1881",2422,"Sicily","ipsl-cm6a-lr","ssp126",NA,0.0264497923905895,21.3687421526228
"1882",2423,"Sicily","ipsl-cm6a-lr","ssp126",NA,0,26.4590785435268
"1883",2424,"Sicily","ipsl-cm6a-lr","ssp126",NA,0,24.4136683872768
"1884",2425,"Sicily","ipsl-cm6a-lr","ssp126",NA,0,26.5627859933036
"1885",2426,"Sicily","ipsl-cm6a-lr","ssp126",NA,0,27.8269374302456
"1886",2427,"Sicily","ipsl-cm6a-lr","ssp126",NA,0,27.1085144042969
"1887",2428,"Sicily","ipsl-cm6a-lr","ssp126",NA,0,27.2173662458148
"1888",2429,"Sicily","ipsl-cm6a-lr","ssp126",NA,0.815068902738858,26.1142647879464
"1889",2430,"Sicily","ipsl-cm6a-lr","ssp126",NA,0,26.4565455845424
"1890",2431,"Sicily","ipsl-cm6a-lr","ssp126",NA,0,27.5018205915179
"1891",2432,"Sicily","ipsl-cm6a-lr","ssp126",NA,0,28.3349025181362
"1892",2433,"Sicily","ipsl-cm6a-lr","ssp126",NA,0,28.1890677315848
"1893",2434,"Sicily","ipsl-cm6a-lr","ssp126",NA,0,28.6940508161273
"1894",2435,"Sicily","ipsl-cm6a-lr","ssp126",NA,0,28.400048828125
"1895",2436,"Sicily","ipsl-cm6a-lr","ssp126",NA,0.0584839473179142,28.074116734096
"1896",2437,"Sicily","ipsl-cm6a-lr","ssp126",NA,0.0259060472931846,28.3683323451451
"1897",2438,"Sicily","ipsl-cm6a-lr","ssp126",NA,1.82765482791833,26.3530081612723
"1898",2439,"Sicily","ipsl-cm6a-lr","ssp126",NA,0.296808908959585,24.3445068359375
"1899",2440,"Sicily","ipsl-cm6a-lr","ssp126",NA,9.68369794884763,22.2767708914621
"1900",2441,"Sicily","ipsl-cm6a-lr","ssp126",NA,16.6569299679915,20.1448695591518
"1901",2442,"Sicily","ipsl-cm6a-lr","ssp126",NA,0,21.0535827636719
"1902",2443,"Sicily","ipsl-cm6a-lr","ssp126",NA,0,19.1110037667411
"1903",2444,"Sicily","ipsl-cm6a-lr","ssp126",NA,0,18.9331691196987
"1904",2445,"Sicily","ipsl-cm6a-lr","ssp126",NA,0.200252999119194,18.0406999860491
"1905",2446,"Sicily","ipsl-cm6a-lr","ssp126",NA,0.4465726237478,16.9876517159598
"1906",2447,"Sicily","ipsl-cm6a-lr","ssp126",NA,3.70809779124102,16.3649710518973
"1907",2448,"Sicily","ipsl-cm6a-lr","ssp126",NA,2.75489958834701,14.2086120605469
"1908",2449,"Sicily","ipsl-cm6a-lr","ssp126",NA,4.4520203439918,13.7952558244978
"1909",2450,"Sicily","ipsl-cm6a-lr","ssp126",NA,4.3245452472807,13.2960885184152
"1910",2451,"Sicily","ipsl-cm6a-lr","ssp126",NA,6.6536385715673,11.3215270996094
"1911",2452,"Sicily","ipsl-cm6a-lr","ssp126",NA,6.97881718432265,8.79759695870538
"1912",2453,"Sicily","ipsl-cm6a-lr","ssp126",NA,1.34876693648818,11.2531982421875
"1913",2454,"Sicily","ipsl-cm6a-lr","ssp126",NA,11.4754270566794,9.20218593052458
"1914",2455,"Sicily","ipsl-cm6a-lr","ssp126",NA,18.1089585464049,11.5082510811942
"1915",2456,"Sicily","ipsl-cm6a-lr","ssp126",NA,4.15712399075606,10.6075770786831
"1916",2457,"Sicily","ipsl-cm6a-lr","ssp126",NA,2.54654017376847,10.3332153320313
"1917",2458,"Sicily","ipsl-cm6a-lr","ssp126",NA,6.65902945246281,10.7418892996652
"1918",2459,"Sicily","ipsl-cm6a-lr","ssp126",NA,0,13.3212262834822
"1919",2460,"Sicily","ipsl-cm6a-lr","ssp126",NA,0,11.6474984305246
"1920",2461,"Sicily","ipsl-cm6a-lr","ssp126",NA,3.42435480062185,10.4895307268415
"1921",2462,"Sicily","ipsl-cm6a-lr","ssp126",NA,0.540075883743287,11.5920610700335
"1922",2463,"Sicily","ipsl-cm6a-lr","ssp126",NA,0.582590795654271,13.8141505650112
"1923",2464,"Sicily","ipsl-cm6a-lr","ssp126",NA,0.693463704270211,10.6919930594308
"1924",2465,"Sicily","ipsl-cm6a-lr","ssp126",NA,0.9247756201408,11.7791599818639
"1925",2466,"Sicily","ipsl-cm6a-lr","ssp126",NA,0.692006861208938,13.2176278250558
"1926",2467,"Sicily","ipsl-cm6a-lr","ssp126",NA,0.12099980709276,14.2966160365514
"1927",2468,"Sicily","ipsl-cm6a-lr","ssp126",NA,1.88145866195555,14.6433916364398
"1928",2469,"Sicily","ipsl-cm6a-lr","ssp126",NA,0.803559739558425,15.620503452846
"1929",2470,"Sicily","ipsl-cm6a-lr","ssp126",NA,0.0149993624030945,18.95400390625
"1930",2471,"Sicily","ipsl-cm6a-lr","ssp126",NA,0.797957842379609,20.2045009068081
"1931",2472,"Sicily","ipsl-cm6a-lr","ssp126",NA,0,23.3105320521764
"1932",2473,"Sicily","ipsl-cm6a-lr","ssp126",NA,4.6914721758055,22.3093331473214
"1933",2474,"Sicily","ipsl-cm6a-lr","ssp126",NA,0.151763281402444,20.8467607770648
"1934",2475,"Sicily","ipsl-cm6a-lr","ssp126",NA,2.19034702251,21.832164655413
"1935",2476,"Sicily","ipsl-cm6a-lr","ssp126",NA,0,22.429572405134
"1936",2477,"Sicily","ipsl-cm6a-lr","ssp126",NA,0,23.7656755719866
"1937",2478,"Sicily","ipsl-cm6a-lr","ssp126",NA,0.381735624146781,25.5236624581473
"1938",2479,"Sicily","ipsl-cm6a-lr","ssp126",NA,0,25.6832693917411
"1939",2480,"Sicily","ipsl-cm6a-lr","ssp126",NA,0,27.5340209960938
"1940",2481,"Sicily","ipsl-cm6a-lr","ssp126",NA,0,25.3683497837612
"1941",2482,"Sicily","ipsl-cm6a-lr","ssp126",NA,0,26.6526907784598
"1942",2483,"Sicily","ipsl-cm6a-lr","ssp126",NA,0,27.2784362792969
"1943",2484,"Sicily","ipsl-cm6a-lr","ssp126",NA,0,29.9362513950893
"1944",2485,"Sicily","ipsl-cm6a-lr","ssp126",NA,0,29.9771536690848
"1945",2486,"Sicily","ipsl-cm6a-lr","ssp126",NA,0,27.6770874023438
"1946",2487,"Sicily","ipsl-cm6a-lr","ssp126",NA,0,26.0263131277902
"1947",2488,"Sicily","ipsl-cm6a-lr","ssp126",NA,0,26.3274039132255
"1948",2489,"Sicily","ipsl-cm6a-lr","ssp126",NA,0.0188796133962959,26.3800641741072
"1949",2490,"Sicily","ipsl-cm6a-lr","ssp126",NA,0,25.5721810477121
"1950",2491,"Sicily","ipsl-cm6a-lr","ssp126",NA,17.4712893716267,23.4956037248884
"1951",2492,"Sicily","ipsl-cm6a-lr","ssp126",NA,6.49445096330185,20.5807782854353
"1952",2493,"Sicily","ipsl-cm6a-lr","ssp126",NA,2.89575811849707,20.0480111258371
"1953",2494,"Sicily","ipsl-cm6a-lr","ssp126",NA,0.302099498886881,20.3810712541853
"1954",2495,"Sicily","ipsl-cm6a-lr","ssp126",NA,0.01767444212289,18.8159075055804
"1955",2496,"Sicily","ipsl-cm6a-lr","ssp126",NA,3.32225545176438,18.3973153250558
"1956",2497,"Sicily","ipsl-cm6a-lr","ssp126",NA,6.91530073859862,16.3764413016183
"1957",2498,"Sicily","ipsl-cm6a-lr","ssp126",NA,5.32744354370932,15.8381853376116
"1958",2499,"Sicily","ipsl-cm6a-lr","ssp126",NA,10.7208357126053,15.034814453125
"1959",2500,"Sicily","ipsl-cm6a-lr","ssp126",NA,3.95690900768386,13.8106410435268
"1960",2501,"Sicily","ipsl-cm6a-lr","ssp126",NA,12.492230315859,10.488902936663
"1961",2502,"Sicily","ipsl-cm6a-lr","ssp126",NA,0,14.7865888323103
"1962",2503,"Sicily","ipsl-cm6a-lr","ssp126",NA,5.63518390159256,13.4822544642857
"1963",2504,"Sicily","ipsl-cm6a-lr","ssp126",NA,9.45482710043767,10.5271981375558
"1964",2505,"Sicily","ipsl-cm6a-lr","ssp126",NA,1.14881040977447,10.7317095075335
"1965",2506,"Sicily","ipsl-cm6a-lr","ssp126",NA,4.29220609398076,9.35437273297993
"1966",2507,"Sicily","ipsl-cm6a-lr","ssp126",NA,3.67752260806031,10.2239318847656
"1967",2508,"Sicily","ipsl-cm6a-lr","ssp126",NA,5.30522594261648,9.75325491768976
"1968",2509,"Sicily","ipsl-cm6a-lr","ssp126",NA,0.0168798531376524,10.5914289202009
"1969",2510,"Sicily","ipsl-cm6a-lr","ssp126",NA,0.20546194126447,10.3446768624442
"1970",2511,"Sicily","ipsl-cm6a-lr","ssp126",NA,0.127255004398259,11.3519138881139
"1971",2512,"Sicily","ipsl-cm6a-lr","ssp126",NA,4.74541799048893,8.77119925362726
"1972",2513,"Sicily","ipsl-cm6a-lr","ssp126",NA,0.508768369659914,9.67576206752234
"1973",2514,"Sicily","ipsl-cm6a-lr","ssp126",NA,0.101815584015899,11.8559988839286
"1974",2515,"Sicily","ipsl-cm6a-lr","ssp126",NA,0.0753821223042905,11.472789655413
"1975",2516,"Sicily","ipsl-cm6a-lr","ssp126",NA,1.91414364734166,13.7244899204799
"1976",2517,"Sicily","ipsl-cm6a-lr","ssp126",NA,1.72538057044481,12.2583513532366
"1977",2518,"Sicily","ipsl-cm6a-lr","ssp126",NA,0.32342169101217,11.6219072614398
"1978",2519,"Sicily","ipsl-cm6a-lr","ssp126",NA,7.18955642982369,11.3665012904576
"1979",2520,"Sicily","ipsl-cm6a-lr","ssp126",NA,4.51799282953808,10.9283429827009
"1980",2521,"Sicily","ipsl-cm6a-lr","ssp126",NA,0.0891343136442759,13.8422964913505
"1981",2522,"Sicily","ipsl-cm6a-lr","ssp126",NA,0.232164756744169,14.3810625348773
"1982",2523,"Sicily","ipsl-cm6a-lr","ssp126",NA,0.0680803148238088,16.3315717424665
"1983",2524,"Sicily","ipsl-cm6a-lr","ssp126",NA,0.421937192524118,18.1764726911273
"1984",2525,"Sicily","ipsl-cm6a-lr","ssp126",NA,0,19.6005841936384
"1985",2526,"Sicily","ipsl-cm6a-lr","ssp126",NA,0.0214123897291886,19.8566964285714
"1986",2527,"Sicily","ipsl-cm6a-lr","ssp126",NA,0,20.467924281529
"1987",2528,"Sicily","ipsl-cm6a-lr","ssp126",NA,0.118700574343425,22.0403948102679
"1988",2529,"Sicily","ipsl-cm6a-lr","ssp126",NA,0.0273867675527332,21.1114179338728
"1989",2530,"Sicily","ipsl-cm6a-lr","ssp126",NA,0,23.438871547154
"1990",2531,"Sicily","ipsl-cm6a-lr","ssp126",NA,0,26.9021806989398
"1991",2532,"Sicily","ipsl-cm6a-lr","ssp126",NA,0,26.4815394810268
"1992",2533,"Sicily","ipsl-cm6a-lr","ssp126",NA,0,25.8913687569755
"1993",2534,"Sicily","ipsl-cm6a-lr","ssp126",NA,0,25.9354622977121
"1994",2535,"Sicily","ipsl-cm6a-lr","ssp126",NA,0,26.0851946149554
"1995",2536,"Sicily","ipsl-cm6a-lr","ssp126",NA,0,27.5961199079241
"1996",2537,"Sicily","ipsl-cm6a-lr","ssp126",NA,0.0937060253428561,27.7939086914063
"1997",2538,"Sicily","ipsl-cm6a-lr","ssp126",NA,0,28.5519653320313
"1998",2539,"Sicily","ipsl-cm6a-lr","ssp126",NA,0,29.279186139788
"1999",2540,"Sicily","ipsl-cm6a-lr","ssp126",NA,0,29.4883797781808
"2000",2541,"Sicily","ipsl-cm6a-lr","ssp126",NA,0,28.7333966936384
"2001",2542,"Sicily","ipsl-cm6a-lr","ssp126",NA,0.333886751572468,27.5047284807478
"2002",2543,"Sicily","ipsl-cm6a-lr","ssp126",NA,6.25757072370366,25.7805114746094
"2003",2544,"Sicily","ipsl-cm6a-lr","ssp126",NA,11.2251178645758,21.8085614885603
"2004",2545,"Sicily","ipsl-cm6a-lr","ssp126",NA,8.46217388732059,21.8943420410156
"2005",2546,"Sicily","ipsl-cm6a-lr","ssp126",NA,16.563993580972,20.7914280482701
"2006",2547,"Sicily","ipsl-cm6a-lr","ssp126",NA,7.32612002507917,21.4181849888393
"2007",2548,"Sicily","ipsl-cm6a-lr","ssp126",NA,2.76784489147498,21.7289847237723
"2008",2549,"Sicily","ipsl-cm6a-lr","ssp126",NA,0.0480753523463916,20.070947265625
"2009",2550,"Sicily","ipsl-cm6a-lr","ssp126",NA,0.331349212709548,17.0777221679688
"2010",2551,"Sicily","ipsl-cm6a-lr","ssp126",NA,0.615507034568249,17.834850202288
"2011",2552,"Sicily","ipsl-cm6a-lr","ssp126",NA,3.93707821432534,17.3231837681362
"2012",2553,"Sicily","ipsl-cm6a-lr","ssp126",NA,3.7031109311751,15.4744288853237
"2013",2554,"Sicily","ipsl-cm6a-lr","ssp126",NA,5.79304866592533,12.6860726492746
"2014",2555,"Sicily","ipsl-cm6a-lr","ssp126",NA,0.169540545903146,13.0195600237165
"2015",2556,"Sicily","ipsl-cm6a-lr","ssp126",NA,9.13377238404272,10.9836451939174
"2016",2557,"Sicily","ipsl-cm6a-lr","ssp126",NA,1.26558939726757,10.9887459891183
"2017",2558,"Sicily","ipsl-cm6a-lr","ssp126",NA,0,10.055313546317
"2018",2559,"Sicily","ipsl-cm6a-lr","ssp126",NA,0.11318619321433,12.0622148786273
"2019",2560,"Sicily","ipsl-cm6a-lr","ssp126",NA,2.36530893848145,11.782861328125
"2020",2561,"Sicily","ipsl-cm6a-lr","ssp126",NA,0.0922309488357444,10.1423627580915
"2021",2562,"Sicily","ipsl-cm6a-lr","ssp126",NA,0.0534175022039562,9.91262207031252
"2022",2563,"Sicily","ipsl-cm6a-lr","ssp126",NA,0.667581076725453,11.1147007533482
"2023",2564,"Sicily","ipsl-cm6a-lr","ssp126",NA,0,11.454008265904
"2024",2565,"Sicily","ipsl-cm6a-lr","ssp126",NA,0,12.7183428083148
"2025",2566,"Sicily","ipsl-cm6a-lr","ssp126",NA,0,11.1867571149554
"2026",2567,"Sicily","ipsl-cm6a-lr","ssp126",NA,0.0947843833793221,12.9319004603795
"2027",2568,"Sicily","ipsl-cm6a-lr","ssp126",NA,3.07097175256266,12.6381338936942
"2028",2569,"Sicily","ipsl-cm6a-lr","ssp126",NA,10.4207319355087,9.70666765485493
"2029",2570,"Sicily","ipsl-cm6a-lr","ssp126",NA,2.79226819085514,12.6060119628906
"2030",2571,"Sicily","ipsl-cm6a-lr","ssp126",NA,0,13.512109375
"2031",2572,"Sicily","ipsl-cm6a-lr","ssp126",NA,2.25044282384001,13.5733625139509
"2032",2573,"Sicily","ipsl-cm6a-lr","ssp126",NA,0.483202701538435,14.2643851143973
"2033",2574,"Sicily","ipsl-cm6a-lr","ssp126",NA,2.72800604995739,15.5505266462054
"2034",2575,"Sicily","ipsl-cm6a-lr","ssp126",NA,1.57958098695547,16.479150390625
"2035",2576,"Sicily","ipsl-cm6a-lr","ssp126",NA,0.399243896910255,17.5913809640067
"2036",2577,"Sicily","ipsl-cm6a-lr","ssp126",NA,1.73076467659225,18.6298461914063
"2037",2578,"Sicily","ipsl-cm6a-lr","ssp126",NA,0,24.6104326520648
"2038",2579,"Sicily","ipsl-cm6a-lr","ssp126",NA,0.0527832395684007,26.6618504115514
"2039",2580,"Sicily","ipsl-cm6a-lr","ssp126",NA,0,24.0442269461496
"2040",2581,"Sicily","ipsl-cm6a-lr","ssp126",NA,0,22.9398655482701
"2041",2582,"Sicily","ipsl-cm6a-lr","ssp126",NA,0,25.4956778390067
"2042",2583,"Sicily","ipsl-cm6a-lr","ssp126",NA,0,26.5262172154018
"2043",2584,"Sicily","ipsl-cm6a-lr","ssp126",NA,0.0346587215192682,27.3211216517857
"2044",2585,"Sicily","ipsl-cm6a-lr","ssp126",NA,0,28.9068455287389
"2045",2586,"Sicily","ipsl-cm6a-lr","ssp126",NA,0.0486421748064458,25.4604125976563
"2046",2587,"Sicily","ipsl-cm6a-lr","ssp126",NA,0,25.4729553222656
"2047",2588,"Sicily","ipsl-cm6a-lr","ssp126",NA,0.603000602651654,26.9281380789621
"2048",2589,"Sicily","ipsl-cm6a-lr","ssp126",NA,0,29.8415466308594
"2049",2590,"Sicily","ipsl-cm6a-lr","ssp126",NA,0,28.2996329171317
"2050",2591,"Sicily","ipsl-cm6a-lr","ssp126",NA,0,27.8955191476005
"2051",2592,"Sicily","ipsl-cm6a-lr","ssp126",NA,0.0727068152627908,28.8732020786831
"2052",2593,"Sicily","ipsl-cm6a-lr","ssp126",NA,0.879898212692102,26.9201860700335
"2053",2594,"Sicily","ipsl-cm6a-lr","ssp126",NA,0.0203650204119705,24.2836722237723
"2054",2595,"Sicily","ipsl-cm6a-lr","ssp126",NA,0.534964552415269,24.8068001883371
"2055",2596,"Sicily","ipsl-cm6a-lr","ssp126",NA,0.322211127162778,24.0984566824777
"2056",2597,"Sicily","ipsl-cm6a-lr","ssp126",NA,2.70251153352937,22.8055228097098
"2057",2598,"Sicily","ipsl-cm6a-lr","ssp126",NA,0,24.7680864606585
"2058",2599,"Sicily","ipsl-cm6a-lr","ssp126",NA,2.65229256557567,22.6127563476563
"2059",2600,"Sicily","ipsl-cm6a-lr","ssp126",NA,0,22.9213718959264
"2060",2601,"Sicily","ipsl-cm6a-lr","ssp126",NA,0,20.1780901227679
"2061",2602,"Sicily","ipsl-cm6a-lr","ssp126",NA,0.886371532188994,19.9860037667411
"2062",2603,"Sicily","ipsl-cm6a-lr","ssp126",NA,2.72982721954967,18.1859505789621
"2063",2604,"Sicily","ipsl-cm6a-lr","ssp126",NA,13.9467345118257,12.9857901436942
"2064",2605,"Sicily","ipsl-cm6a-lr","ssp126",NA,0.507316261064261,15.2571786063058
"2065",2606,"Sicily","ipsl-cm6a-lr","ssp126",NA,1.21953552703157,12.800670514788
"2066",2607,"Sicily","ipsl-cm6a-lr","ssp126",NA,3.0492847820694,13.6008850097656
"2067",2608,"Sicily","ipsl-cm6a-lr","ssp126",NA,0.0301375341743031,13.8086966378348
"2068",2609,"Sicily","ipsl-cm6a-lr","ssp126",NA,0.433443959004113,12.8887006487165
"2069",2610,"Sicily","ipsl-cm6a-lr","ssp126",NA,3.26831010295012,10.5429190499442
"2070",2611,"Sicily","ipsl-cm6a-lr","ssp126",NA,1.47583975516942,10.2319274902344
"2071",2612,"Sicily","ipsl-cm6a-lr","ssp126",NA,0.182404626424873,12.2631164550781
"2072",2613,"Sicily","ipsl-cm6a-lr","ssp126",NA,0,12.2655883789063
"2073",2614,"Sicily","ipsl-cm6a-lr","ssp126",NA,0,12.0961853027344
"2074",2615,"Sicily","ipsl-cm6a-lr","ssp126",NA,0,13.5853166852679
"2075",2616,"Sicily","ipsl-cm6a-lr","ssp126",NA,2.41784384873297,13.6261579241072
"2076",2617,"Sicily","ipsl-cm6a-lr","ssp126",NA,0.247157566108009,11.2402239118304
"2077",2618,"Sicily","ipsl-cm6a-lr","ssp126",NA,0,11.1243486676898
"2078",2619,"Sicily","ipsl-cm6a-lr","ssp126",NA,0.0347698495586103,13.0224155970982
"2079",2620,"Sicily","ipsl-cm6a-lr","ssp126",NA,2.6030175888861,12.2812395368304
"2080",2621,"Sicily","ipsl-cm6a-lr","ssp126",NA,3.1297639256601,7.97818690708708
"2081",2622,"Sicily","ipsl-cm6a-lr","ssp126",NA,0.864530841707684,12.5560808454241
"2082",2623,"Sicily","ipsl-cm6a-lr","ssp126",NA,0.19182141820368,14.3115522112165
"2083",2624,"Sicily","ipsl-cm6a-lr","ssp126",NA,2.03460140162081,15.4946576799665
"2084",2625,"Sicily","ipsl-cm6a-lr","ssp126",NA,3.57695677142017,14.8874625069755
"2085",2626,"Sicily","ipsl-cm6a-lr","ssp126",NA,1.2274126871489,18.1105372837612
"2086",2627,"Sicily","ipsl-cm6a-lr","ssp126",NA,0.184388761824396,20.5510280064174
"2087",2628,"Sicily","ipsl-cm6a-lr","ssp126",NA,0.958680714081441,19.2106044224331
"2088",2629,"Sicily","ipsl-cm6a-lr","ssp126",NA,1.00645837041416,18.9721749441964
"2089",2630,"Sicily","ipsl-cm6a-lr","ssp126",NA,0.232989749305749,20.2016932896206
"2090",2631,"Sicily","ipsl-cm6a-lr","ssp126",NA,0,24.2551252092634
"2091",2632,"Sicily","ipsl-cm6a-lr","ssp126",NA,0.236835437577351,25.3431073869978
"2092",2633,"Sicily","ipsl-cm6a-lr","ssp126",NA,0.211508516180662,27.5048505510603
"2093",2634,"Sicily","ipsl-cm6a-lr","ssp126",NA,0,29.1645446777344
"2094",2635,"Sicily","ipsl-cm6a-lr","ssp126",NA,0,28.6201808384487
"2095",2636,"Sicily","ipsl-cm6a-lr","ssp126",NA,0.119367929125604,25.3778581891741
"2096",2637,"Sicily","ipsl-cm6a-lr","ssp126",NA,0,26.5326433454241
"2097",2638,"Sicily","ipsl-cm6a-lr","ssp126",NA,0.0149451588055984,29.8298104422433
"2098",2639,"Sicily","ipsl-cm6a-lr","ssp126",NA,0,31.8423706054688
"2099",2640,"Sicily","ipsl-cm6a-lr","ssp126",NA,0.0490497373643198,31.6890241350447
"2100",2641,"Sicily","ipsl-cm6a-lr","ssp126",NA,0,30.2555916922433
"2101",2642,"Sicily","ipsl-cm6a-lr","ssp126",NA,0,29.5224155970982
"2102",2643,"Sicily","ipsl-cm6a-lr","ssp126",NA,0,29.775785609654
"2103",2644,"Sicily","ipsl-cm6a-lr","ssp126",NA,0,29.0538966587612
"2104",2645,"Sicily","ipsl-cm6a-lr","ssp126",NA,0.0800038475842614,27.3004481724331
"2105",2646,"Sicily","ipsl-cm6a-lr","ssp126",NA,1.0490534735644,27.2087384905134
"2106",2647,"Sicily","ipsl-cm6a-lr","ssp126",NA,0,27.8052655901228
"2107",2648,"Sicily","ipsl-cm6a-lr","ssp126",NA,1.03024154169751,26.3600359235491
"2108",2649,"Sicily","ipsl-cm6a-lr","ssp126",NA,4.16491610729801,25.8588806152344
"2109",2650,"Sicily","ipsl-cm6a-lr","ssp126",NA,3.68283428418051,21.9913356236049
"2110",2651,"Sicily","ipsl-cm6a-lr","ssp126",NA,11.6518832003099,21.414937046596
"2111",2652,"Sicily","ipsl-cm6a-lr","ssp126",NA,0.115026174379247,22.762828717913
"2112",2653,"Sicily","ipsl-cm6a-lr","ssp126",NA,0,21.5493233816964
"2113",2654,"Sicily","ipsl-cm6a-lr","ssp126",NA,0,22.492325265067
"2114",2655,"Sicily","ipsl-cm6a-lr","ssp126",NA,2.13846518225702,19.3403433663505
"2115",2656,"Sicily","ipsl-cm6a-lr","ssp126",NA,16.159704276028,17.2766139439174
"2116",2657,"Sicily","ipsl-cm6a-lr","ssp126",NA,3.71969113641951,15.7757202148438
"2117",2658,"Sicily","ipsl-cm6a-lr","ssp126",NA,1.09342164110525,16.7327819824219
"2118",2659,"Sicily","ipsl-cm6a-lr","ssp126",NA,9.86911182491375,13.5276428222656
"2119",2660,"Sicily","ipsl-cm6a-lr","ssp126",NA,19.4789388300186,10.0717363630023
"2120",2661,"Sicily","ipsl-cm6a-lr","ssp126",NA,0.560435449837574,13.3658342633929
"2121",2662,"Sicily","ipsl-cm6a-lr","ssp126",NA,4.26715461071581,12.0469473702567
"2122",2663,"Sicily","ipsl-cm6a-lr","ssp126",NA,0.145580465011465,12.6230974469866
"2123",2664,"Sicily","ipsl-cm6a-lr","ssp126",NA,0,12.3970929827009
"2124",2665,"Sicily","ipsl-cm6a-lr","ssp126",NA,0.343354515332196,12.7649039132255
"2125",2666,"Sicily","ipsl-cm6a-lr","ssp126",NA,0,10.1470537458148
"2126",2667,"Sicily","ipsl-cm6a-lr","ssp126",NA,0,12.8245439801898
"2127",2668,"Sicily","ipsl-cm6a-lr","ssp126",NA,0,13.2689540318081
"2128",2669,"Sicily","ipsl-cm6a-lr","ssp126",NA,4.54492458042556,10.2549944196429
"2129",2670,"Sicily","ipsl-cm6a-lr","ssp126",NA,2.40721209120238,9.67974243164065
"2130",2671,"Sicily","ipsl-cm6a-lr","ssp126",NA,8.14009342242831,10.0794311523438
"2131",2672,"Sicily","ipsl-cm6a-lr","ssp126",NA,3.77291565372226,13.6746023995536
"2132",2673,"Sicily","ipsl-cm6a-lr","ssp126",NA,0,15.8274213518415
"2133",2674,"Sicily","ipsl-cm6a-lr","ssp126",NA,2.84126533972864,14.3533612932478
"2134",2675,"Sicily","ipsl-cm6a-lr","ssp126",NA,1.32106067529613,15.8171543666295
"2135",2676,"Sicily","ipsl-cm6a-lr","ssp126",NA,8.03750687544899,13.4975655691965
"2136",2677,"Sicily","ipsl-cm6a-lr","ssp126",NA,4.12782427738421,13.0600699288505
"2137",2678,"Sicily","ipsl-cm6a-lr","ssp126",NA,1.50683094408513,15.2479971749442
"2138",2679,"Sicily","ipsl-cm6a-lr","ssp126",NA,2.97824595805391,16.0686540876116
"2139",2680,"Sicily","ipsl-cm6a-lr","ssp126",NA,0.0202963454025199,18.5318934849331
"2140",2681,"Sicily","ipsl-cm6a-lr","ssp126",NA,0.177368259340126,21.326802280971
"2141",2682,"Sicily","ipsl-cm6a-lr","ssp126",NA,0.208639654530478,21.131973702567
"2142",2683,"Sicily","ipsl-cm6a-lr","ssp126",NA,0.0540164808626287,19.4057730538505
"2143",2684,"Sicily","ipsl-cm6a-lr","ssp126",NA,0.103195752308238,22.4384312220982
"2144",2685,"Sicily","ipsl-cm6a-lr","ssp126",NA,0.0280908782899912,26.8387041364398
"2145",2686,"Sicily","ipsl-cm6a-lr","ssp126",NA,0.252656298523237,27.8487269810268
"2146",2687,"Sicily","ipsl-cm6a-lr","ssp126",NA,0.0389318756268559,24.3662179129464
"2147",2688,"Sicily","ipsl-cm6a-lr","ssp126",NA,0,27.0491751534598
"2148",2689,"Sicily","ipsl-cm6a-lr","ssp126",NA,0,27.0247436523438
"2149",2690,"Sicily","ipsl-cm6a-lr","ssp126",NA,0,27.6108032226563
"2150",2691,"Sicily","ipsl-cm6a-lr","ssp126",NA,0,28.0293518066406
"2151",2692,"Sicily","ipsl-cm6a-lr","ssp126",NA,0,28.7400451660156
"2152",2693,"Sicily","ipsl-cm6a-lr","ssp126",NA,0,25.8714494977679
"2153",2694,"Sicily","ipsl-cm6a-lr","ssp126",NA,0,28.072163609096
"2154",2695,"Sicily","ipsl-cm6a-lr","ssp126",NA,0,30.7619001116072
"2155",2696,"Sicily","ipsl-cm6a-lr","ssp126",NA,0.0195329317648429,29.2097106933594
"2156",2697,"Sicily","ipsl-cm6a-lr","ssp126",NA,0.809236554674239,26.3415902273996
"2157",2698,"Sicily","ipsl-cm6a-lr","ssp126",NA,0,25.8631051199777
"2158",2699,"Sicily","ipsl-cm6a-lr","ssp126",NA,21.5947126587188,21.3497820172991
"2159",2700,"Sicily","ipsl-cm6a-lr","ssp126",NA,2.20714273714943,21.7301967075893
"2160",2701,"Sicily","ipsl-cm6a-lr","ssp126",NA,0.103794012518067,22.4989345005581
"2161",2702,"Sicily","ipsl-cm6a-lr","ssp126",NA,0,21.1424935477121
"2162",2703,"Sicily","ipsl-cm6a-lr","ssp126",NA,3.07494579621042,20.2259896414621
"2163",2704,"Sicily","ipsl-cm6a-lr","ssp126",NA,0.306948893869828,19.5066903250558
"2164",2705,"Sicily","ipsl-cm6a-lr","ssp126",NA,0,19.1178527832031
"2165",2706,"Sicily","ipsl-cm6a-lr","ssp126",NA,1.56693651744198,17.982311139788
"2166",2707,"Sicily","ipsl-cm6a-lr","ssp126",NA,0.821634562557197,17.5528023856027
"2167",2708,"Sicily","ipsl-cm6a-lr","ssp126",NA,4.25046930987654,14.1560825892857
"2168",2709,"Sicily","ipsl-cm6a-lr","ssp126",NA,5.30263319545026,14.3619062151228
"2169",2710,"Sicily","ipsl-cm6a-lr","ssp126",NA,1.60318108849294,14.0615958077567
"2170",2711,"Sicily","ipsl-cm6a-lr","ssp126",NA,0,14.8319074358259
"2171",2712,"Sicily","ipsl-cm6a-lr","ssp126",NA,1.82355931028724,13.625874546596
"2172",2713,"Sicily","ipsl-cm6a-lr","ssp126",NA,3.11896756757051,13.2725594656808
"2173",2714,"Sicily","ipsl-cm6a-lr","ssp126",NA,0.810812935274693,13.0344046456473
"2174",2715,"Sicily","ipsl-cm6a-lr","ssp126",NA,0,14.3479073660715
"2175",2716,"Sicily","ipsl-cm6a-lr","ssp126",NA,4.80619092704728,9.94817068917413
"2176",2717,"Sicily","ipsl-cm6a-lr","ssp126",NA,13.7542853713967,11.2418718610491
"2177",2718,"Sicily","ipsl-cm6a-lr","ssp126",NA,5.91549731491666,9.62866036551342
"2178",2719,"Sicily","ipsl-cm6a-lr","ssp126",NA,1.36677409900585,9.52516217912949
"2179",2720,"Sicily","ipsl-cm6a-lr","ssp126",NA,1.84899114766657,12.3427150181362
"2180",2721,"Sicily","ipsl-cm6a-lr","ssp126",NA,0.207616718086813,13.3598615373884
"2181",2722,"Sicily","ipsl-cm6a-lr","ssp126",NA,0,12.5270237513951
"2182",2723,"Sicily","ipsl-cm6a-lr","ssp126",NA,0,14.5010009765625
"2183",2724,"Sicily","ipsl-cm6a-lr","ssp126",NA,0.250755557915129,12.3609383719308
"2184",2725,"Sicily","ipsl-cm6a-lr","ssp126",NA,8.34137608502975,12.2802586146764
"2185",2726,"Sicily","ipsl-cm6a-lr","ssp126",NA,2.06741560957328,13.9135027204241
"2186",2727,"Sicily","ipsl-cm6a-lr","ssp126",NA,11.8182406501936,12.8707650320871
"2187",2728,"Sicily","ipsl-cm6a-lr","ssp126",NA,1.42449528378035,12.5419860839844
"2188",2729,"Sicily","ipsl-cm6a-lr","ssp126",NA,7.49593501844044,10.8235456194197
"2189",2730,"Sicily","ipsl-cm6a-lr","ssp126",NA,14.8180055515175,12.427885219029
"2190",2731,"Sicily","ipsl-cm6a-lr","ssp126",NA,5.28100954668064,13.6606602260045
"2191",2732,"Sicily","ipsl-cm6a-lr","ssp126",NA,0.0321297030105987,16.2192888532366
"2192",2733,"Sicily","ipsl-cm6a-lr","ssp126",NA,0.0196847068894255,18.788716343471
"2193",2734,"Sicily","ipsl-cm6a-lr","ssp126",NA,0.0306677494206399,20.0530726841518
"2194",2735,"Sicily","ipsl-cm6a-lr","ssp126",NA,0,21.1916791643415
"2195",2736,"Sicily","ipsl-cm6a-lr","ssp126",NA,0,20.5668840680804
"2196",2737,"Sicily","ipsl-cm6a-lr","ssp126",NA,0.0258640713582281,21.0856305803572
"2197",2738,"Sicily","ipsl-cm6a-lr","ssp126",NA,0.114744441400814,22.1527692522322
"2198",2739,"Sicily","ipsl-cm6a-lr","ssp126",NA,0,25.4708888462612
"2199",2740,"Sicily","ipsl-cm6a-lr","ssp126",NA,0,28.1978044782366
"2200",2741,"Sicily","ipsl-cm6a-lr","ssp126",NA,0,29.3457972935268
"2201",2742,"Sicily","ipsl-cm6a-lr","ssp126",NA,0.0167207588154789,28.5129943847656
"2202",2743,"Sicily","ipsl-cm6a-lr","ssp126",NA,0,24.87001953125
"2203",2744,"Sicily","ipsl-cm6a-lr","ssp126",NA,0,25.6499398367746
"2204",2745,"Sicily","ipsl-cm6a-lr","ssp126",NA,0,28.9783830915179
"2205",2746,"Sicily","ipsl-cm6a-lr","ssp126",NA,0.18745533722852,29.806037248884
"2206",2747,"Sicily","ipsl-cm6a-lr","ssp126",NA,0.0246052647915868,28.4609924316406
"2207",2748,"Sicily","ipsl-cm6a-lr","ssp126",NA,0,27.6679582868304
"2208",2749,"Sicily","ipsl-cm6a-lr","ssp126",NA,0.733726579346694,27.5710126604353
"2209",2750,"Sicily","ipsl-cm6a-lr","ssp126",NA,0.739148095349914,29.3645089285714
"2210",2751,"Sicily","ipsl-cm6a-lr","ssp126",NA,0.837306976817282,27.4665858677456
"2211",2752,"Sicily","ipsl-cm6a-lr","ssp126",NA,4.27174168206485,23.7640363420759
"2212",2753,"Sicily","ipsl-cm6a-lr","ssp126",NA,2.30631547622449,22.7153084891183
"2213",2754,"Sicily","ipsl-cm6a-lr","ssp126",NA,0.840177831040429,23.0540666852679
"2214",2755,"Sicily","ipsl-cm6a-lr","ssp126",NA,8.00474995256601,20.7416451590402
"2215",2756,"Sicily","ipsl-cm6a-lr","ssp126",NA,2.32393199340939,19.3410757882255
"2216",2757,"Sicily","ipsl-cm6a-lr","ssp126",NA,0.607992320666589,19.522110421317
"2217",2758,"Sicily","ipsl-cm6a-lr","ssp126",NA,1.17967968690209,18.4712071010045
"2218",2759,"Sicily","ipsl-cm6a-lr","ssp126",NA,1.11428907756428,16.6938895089286
"2219",2760,"Sicily","ipsl-cm6a-lr","ssp126",NA,4.31962190258283,16.3592206682478
"2220",2761,"Sicily","ipsl-cm6a-lr","ssp126",NA,8.8677157348554,13.4692539760045
"2221",2762,"Sicily","ipsl-cm6a-lr","ssp126",NA,5.33422395237722,11.9467755998884
"2222",2763,"Sicily","ipsl-cm6a-lr","ssp126",NA,1.8827585744605,11.9714730398996
"2223",2764,"Sicily","ipsl-cm6a-lr","ssp126",NA,0.0487121225367965,12.1640520368304
"2224",2765,"Sicily","ipsl-cm6a-lr","ssp126",NA,1.18032230852155,12.9126874651228
"2225",2766,"Sicily","ipsl-cm6a-lr","ssp126",NA,1.2846050486717,11.7567905970982
"2226",2767,"Sicily","ipsl-cm6a-lr","ssp126",NA,0.473965259568234,12.4865879603795
"2227",2768,"Sicily","ipsl-cm6a-lr","ssp126",NA,0.936054840401214,10.8402474539621
"2228",2769,"Sicily","ipsl-cm6a-lr","ssp126",NA,0.666545898587044,12.4569684709822
"2229",2770,"Sicily","ipsl-cm6a-lr","ssp126",NA,0,12.2853724888393
"2230",2771,"Sicily","ipsl-cm6a-lr","ssp126",NA,0.0494660896947607,12.7068071637835
"2231",2772,"Sicily","ipsl-cm6a-lr","ssp126",NA,0.578281169042124,10.0134870256697
"2232",2773,"Sicily","ipsl-cm6a-lr","ssp126",NA,0,11.7018545968192
"2233",2774,"Sicily","ipsl-cm6a-lr","ssp126",NA,5.44353393446987,11.6527605329241
"2234",2775,"Sicily","ipsl-cm6a-lr","ssp126",NA,5.10619922341513,10.1500095912389
"2235",2776,"Sicily","ipsl-cm6a-lr","ssp126",NA,7.52415820357523,12.4529270717076
"2236",2777,"Sicily","ipsl-cm6a-lr","ssp126",NA,4.96255745612351,12.1598580496652
"2237",2778,"Sicily","ipsl-cm6a-lr","ssp126",NA,4.33091896619382,12.3029113769531
"2238",2779,"Sicily","ipsl-cm6a-lr","ssp126",NA,0.692789501772495,12.9498099190848
"2239",2780,"Sicily","ipsl-cm6a-lr","ssp126",NA,2.00552152517568,14.1997794015067
"2240",2781,"Sicily","ipsl-cm6a-lr","ssp126",NA,0.588982812561361,15.2184300013951
"2241",2782,"Sicily","ipsl-cm6a-lr","ssp126",NA,0.036582334619847,16.2706935337612
"2242",2783,"Sicily","ipsl-cm6a-lr","ssp126",NA,0.247539820182802,15.929105922154
"2243",2784,"Sicily","ipsl-cm6a-lr","ssp126",NA,0.0909933533486245,17.755264718192
"2244",2785,"Sicily","ipsl-cm6a-lr","ssp126",NA,0.0851991251693107,21.6727190290179
"2245",2786,"Sicily","ipsl-cm6a-lr","ssp126",NA,1.75939134933287,22.2231689453125
"2246",2787,"Sicily","ipsl-cm6a-lr","ssp126",NA,0,27.1787004743304
"2247",2788,"Sicily","ipsl-cm6a-lr","ssp126",NA,0,30.0033290318081
"2248",2789,"Sicily","ipsl-cm6a-lr","ssp126",NA,0,27.0824000767299
"2249",2790,"Sicily","ipsl-cm6a-lr","ssp126",NA,0,25.640514264788
"2250",2791,"Sicily","ipsl-cm6a-lr","ssp126",NA,0,27.1889151436942
"2251",2792,"Sicily","ipsl-cm6a-lr","ssp126",NA,0,29.4969072614398
"2252",2793,"Sicily","ipsl-cm6a-lr","ssp126",NA,0,28.7196376255581
"2253",2794,"Sicily","ipsl-cm6a-lr","ssp126",NA,0,26.7034938267299
"2254",2795,"Sicily","ipsl-cm6a-lr","ssp126",NA,0,27.3160731724331
"2255",2796,"Sicily","ipsl-cm6a-lr","ssp126",NA,0,27.1845206124442
"2256",2797,"Sicily","ipsl-cm6a-lr","ssp126",NA,0,27.1144827706473
"2257",2798,"Sicily","ipsl-cm6a-lr","ssp126",NA,0,28.5943934849331
"2258",2799,"Sicily","ipsl-cm6a-lr","ssp126",NA,0,30.3481471470424
"2259",2800,"Sicily","ipsl-cm6a-lr","ssp126",NA,0,28.2280430385045
"2260",2801,"Sicily","ipsl-cm6a-lr","ssp126",NA,0,27.6369742257255
"2261",2802,"Sicily","ipsl-cm6a-lr","ssp126",NA,0.691292622026854,27.6148707798549
"2262",2803,"Sicily","ipsl-cm6a-lr","ssp126",NA,11.6041657252936,24.1981096540179
"2263",2804,"Sicily","ipsl-cm6a-lr","ssp126",NA,0.138410095782352,25.3133919852121
"2264",2805,"Sicily","ipsl-cm6a-lr","ssp126",NA,0,23.4924168178014
"2265",2806,"Sicily","ipsl-cm6a-lr","ssp126",NA,0.821943352431325,21.5879237583706
"2266",2807,"Sicily","ipsl-cm6a-lr","ssp126",NA,0,19.880260358538
"2267",2808,"Sicily","ipsl-cm6a-lr","ssp126",NA,0.0183514861419098,21.1793718610491
"2268",2809,"Sicily","ipsl-cm6a-lr","ssp126",NA,0,20.80556640625
"2269",2810,"Sicily","ipsl-cm6a-lr","ssp126",NA,0,19.9431963239398
"2270",2811,"Sicily","ipsl-cm6a-lr","ssp126",NA,0,15.049454171317
"2271",2812,"Sicily","ipsl-cm6a-lr","ssp126",NA,5.34188943669765,16.6401742117746
"2272",2813,"Sicily","ipsl-cm6a-lr","ssp126",NA,14.0142834958429,15.6615495954241
"2273",2814,"Sicily","ipsl-cm6a-lr","ssp126",NA,12.0881446125817,13.4792332240514
"2274",2815,"Sicily","ipsl-cm6a-lr","ssp126",NA,0,14.2660548618862
"2275",2816,"Sicily","ipsl-cm6a-lr","ssp126",NA,2.29112465001111,10.483061000279
"2276",2817,"Sicily","ipsl-cm6a-lr","ssp126",NA,0,13.1868617466518
"2277",2818,"Sicily","ipsl-cm6a-lr","ssp126",NA,2.40587084263097,12.4547842843192
"2278",2819,"Sicily","ipsl-cm6a-lr","ssp126",NA,13.4819735473554,11.0263959612165
"2279",2820,"Sicily","ipsl-cm6a-lr","ssp126",NA,0,12.1452662876674
"2280",2821,"Sicily","ipsl-cm6a-lr","ssp126",NA,0.0918666391433882,13.2785583496094
"2281",2822,"Sicily","ipsl-cm6a-lr","ssp126",NA,0.0468511716462672,11.9529793875558
"2282",2823,"Sicily","ipsl-cm6a-lr","ssp126",NA,0,13.5923008510045
"2283",2824,"Sicily","ipsl-cm6a-lr","ssp126",NA,2.39557290561996,12.6078560965402
"2284",2825,"Sicily","ipsl-cm6a-lr","ssp126",NA,13.7718663983313,8.86678030831476
"2285",2826,"Sicily","ipsl-cm6a-lr","ssp126",NA,5.55331436023282,8.95450526646208
"2286",2827,"Sicily","ipsl-cm6a-lr","ssp126",NA,1.50281990312838,14.6198669433594
"2287",2828,"Sicily","ipsl-cm6a-lr","ssp126",NA,0,13.9595581054688
"2288",2829,"Sicily","ipsl-cm6a-lr","ssp126",NA,0.0185259443242103,14.7011396135603
"2289",2830,"Sicily","ipsl-cm6a-lr","ssp126",NA,0,16.0665309361049
"2290",2831,"Sicily","ipsl-cm6a-lr","ssp126",NA,2.45318062038028,15.2289803641183
"2291",2832,"Sicily","ipsl-cm6a-lr","ssp126",NA,4.71853333167798,13.9366481236049
"2292",2833,"Sicily","ipsl-cm6a-lr","ssp126",NA,0.682137215127503,14.3952096121652
"2293",2834,"Sicily","ipsl-cm6a-lr","ssp126",NA,0.0370264538755042,15.9711111886161
"2294",2835,"Sicily","ipsl-cm6a-lr","ssp126",NA,0.0147626629768638,18.6300598144531
"2295",2836,"Sicily","ipsl-cm6a-lr","ssp126",NA,3.06964246223548,18.4001316615514
"2296",2837,"Sicily","ipsl-cm6a-lr","ssp126",NA,0.145237175560656,16.3306082589286
"2297",2838,"Sicily","ipsl-cm6a-lr","ssp126",NA,0.892299318885697,17.341446358817
"2298",2839,"Sicily","ipsl-cm6a-lr","ssp126",NA,0.0611374216532568,18.6088718959264
"2299",2840,"Sicily","ipsl-cm6a-lr","ssp126",NA,0,21.3785949707031
"2300",2841,"Sicily","ipsl-cm6a-lr","ssp126",NA,0,21.1769173758371
"2301",2842,"Sicily","ipsl-cm6a-lr","ssp126",NA,0,21.9712419782366
"2302",2843,"Sicily","ipsl-cm6a-lr","ssp126",NA,0.030482117394318,24.9282121930804
"2303",2844,"Sicily","ipsl-cm6a-lr","ssp126",NA,0,27.4736049107143
"2304",2845,"Sicily","ipsl-cm6a-lr","ssp126",NA,0,27.1676618303572
"2305",2846,"Sicily","ipsl-cm6a-lr","ssp126",NA,1.73585035705141,26.0583783830915
"2306",2847,"Sicily","ipsl-cm6a-lr","ssp126",NA,0.0592635597318544,27.8436087472098
"2307",2848,"Sicily","ipsl-cm6a-lr","ssp126",NA,0.297460744124172,27.7733572823661
"2308",2849,"Sicily","ipsl-cm6a-lr","ssp126",NA,0,27.9859296526228
"2309",2850,"Sicily","ipsl-cm6a-lr","ssp126",NA,0,29.0332885742188
"2310",2851,"Sicily","ipsl-cm6a-lr","ssp126",NA,0,29.3201407296317
"2311",2852,"Sicily","ipsl-cm6a-lr","ssp126",NA,0,29.6571419852121
"2312",2853,"Sicily","ipsl-cm6a-lr","ssp126",NA,0,30.0877144949777
"2313",2854,"Sicily","ipsl-cm6a-lr","ssp126",NA,0,29.9317304338728
"2314",2855,"Sicily","ipsl-cm6a-lr","ssp126",NA,7.8495334215404,27.4040684291295
"2315",2856,"Sicily","ipsl-cm6a-lr","ssp126",NA,0,26.5853951590402
"2316",2857,"Sicily","ipsl-cm6a-lr","ssp126",NA,0,26.3012111118862
"2317",2858,"Sicily","ipsl-cm6a-lr","ssp126",NA,0,25.7270359584264
"2318",2859,"Sicily","ipsl-cm6a-lr","ssp126",NA,7.07870114004306,23.4596888950893
"2319",2860,"Sicily","ipsl-cm6a-lr","ssp126",NA,0.73476072190845,23.1901184082031
"2320",2861,"Sicily","ipsl-cm6a-lr","ssp126",NA,3.45682475230465,20.2049237932478
"2321",2862,"Sicily","ipsl-cm6a-lr","ssp126",NA,4.36926149206036,20.0571228027344
"2322",2863,"Sicily","ipsl-cm6a-lr","ssp126",NA,0.418604920144259,19.8835562569755
"2323",2864,"Sicily","ipsl-cm6a-lr","ssp126",NA,0.166184547872815,13.9428693498884
"2324",2865,"Sicily","ipsl-cm6a-lr","ssp126",NA,0,13.5201747349331
"2325",2866,"Sicily","ipsl-cm6a-lr","ssp126",NA,0.850948406358449,15.2661638532366
"2326",2867,"Sicily","ipsl-cm6a-lr","ssp126",NA,4.04309085861314,12.645658656529
"2327",2868,"Sicily","ipsl-cm6a-lr","ssp126",NA,0.277853826160676,14.8183401925223
"2328",2869,"Sicily","ipsl-cm6a-lr","ssp126",NA,0,14.2143755231585
"2329",2870,"Sicily","ipsl-cm6a-lr","ssp126",NA,4.05743613789257,10.9776201520648
"2330",2871,"Sicily","ipsl-cm6a-lr","ssp126",NA,7.82390664597707,9.34515206473217
"2331",2872,"Sicily","ipsl-cm6a-lr","ssp126",NA,0.705040906801254,10.8614528111049
"2332",2873,"Sicily","ipsl-cm6a-lr","ssp126",NA,1.37031302646002,14.067764718192
"2333",2874,"Sicily","ipsl-cm6a-lr","ssp126",NA,1.02618650557166,13.7888340541295
"2334",2875,"Sicily","ipsl-cm6a-lr","ssp126",NA,7.41080320856002,11.0905787876674
"2335",2876,"Sicily","ipsl-cm6a-lr","ssp126",NA,8.25147919406715,9.38662545340404
"2336",2877,"Sicily","ipsl-cm6a-lr","ssp126",NA,0.51549246288362,11.5504481724331
"2337",2878,"Sicily","ipsl-cm6a-lr","ssp126",NA,0.76557472618463,11.8053876604353
"2338",2879,"Sicily","ipsl-cm6a-lr","ssp126",NA,0.478327074753387,9.4569030761719
"2339",2880,"Sicily","ipsl-cm6a-lr","ssp126",NA,0.804349327466168,14.8164263044085
"2340",2881,"Sicily","ipsl-cm6a-lr","ssp126",NA,1.9170498416705,13.4246111188616
"2341",2882,"Sicily","ipsl-cm6a-lr","ssp126",NA,7.14945157981544,10.7938825334822
"2342",2883,"Sicily","ipsl-cm6a-lr","ssp126",NA,3.98367391566613,12.245503452846
"2343",2884,"Sicily","ipsl-cm6a-lr","ssp126",NA,4.32055447443937,11.3405221121652
"2344",2885,"Sicily","ipsl-cm6a-lr","ssp126",NA,2.91586019645495,14.0985438755581
"2345",2886,"Sicily","ipsl-cm6a-lr","ssp126",NA,7.88326496798878,14.3892238071987
"2346",2887,"Sicily","ipsl-cm6a-lr","ssp126",NA,0.563228248522916,16.0749450683594
"2347",2888,"Sicily","ipsl-cm6a-lr","ssp126",NA,0.81102753257645,17.4138994489398
"2348",2889,"Sicily","ipsl-cm6a-lr","ssp126",NA,0.365266622715613,18.9842468261719
"2349",2890,"Sicily","ipsl-cm6a-lr","ssp126",NA,0,21.059943498884
"2350",2891,"Sicily","ipsl-cm6a-lr","ssp126",NA,0.0340097573436131,20.9034798758371
"2351",2892,"Sicily","ipsl-cm6a-lr","ssp126",NA,0,19.8247706821987
"2352",2893,"Sicily","ipsl-cm6a-lr","ssp126",NA,0,22.5273856026786
"2353",2894,"Sicily","ipsl-cm6a-lr","ssp126",NA,0,25.783598109654
"2354",2895,"Sicily","ipsl-cm6a-lr","ssp126",NA,0,28.6111868722098
"2355",2896,"Sicily","ipsl-cm6a-lr","ssp126",NA,0,25.6361894880023
"2356",2897,"Sicily","ipsl-cm6a-lr","ssp126",NA,0,28.2632516043527
"2357",2898,"Sicily","ipsl-cm6a-lr","ssp126",NA,0,28.6329851422991
"2358",2899,"Sicily","ipsl-cm6a-lr","ssp126",NA,0,29.4867841448103
"2359",2900,"Sicily","ipsl-cm6a-lr","ssp126",NA,0.0475839754342035,29.1295061383929
"2360",2901,"Sicily","ipsl-cm6a-lr","ssp126",NA,0,33.733043561663
"2361",2902,"Sicily","ipsl-cm6a-lr","ssp126",NA,0,30.0757516043527
"2362",2903,"Sicily","ipsl-cm6a-lr","ssp126",NA,0.180775850978015,29.1382385253906
"2363",2904,"Sicily","ipsl-cm6a-lr","ssp126",NA,0,28.5359697614398
"2364",2905,"Sicily","ipsl-cm6a-lr","ssp126",NA,0,25.7466064453125
"2365",2906,"Sicily","ipsl-cm6a-lr","ssp126",NA,0,25.8602146693639
"2366",2907,"Sicily","ipsl-cm6a-lr","ssp126",NA,0.0289497445919551,24.8887224469866
"2367",2908,"Sicily","ipsl-cm6a-lr","ssp126",NA,0.0155472610328746,25.0652666364398
"2368",2909,"Sicily","ipsl-cm6a-lr","ssp126",NA,0.960561792765345,23.2952645438058
"2369",2910,"Sicily","ipsl-cm6a-lr","ssp126",NA,7.59232593201367,19.3754996163505
"2370",2911,"Sicily","ipsl-cm6a-lr","ssp126",NA,2.64318681022684,20.9752702985491
"2371",2912,"Sicily","ipsl-cm6a-lr","ssp126",NA,4.39507276584793,19.8704554966518
"2372",2913,"Sicily","ipsl-cm6a-lr","ssp126",NA,11.218353386669,17.3418343680246
"2373",2914,"Sicily","ipsl-cm6a-lr","ssp126",NA,7.00550290015859,14.7877572195871
"2374",2915,"Sicily","ipsl-cm6a-lr","ssp126",NA,0,16.8719159807478
"2375",2916,"Sicily","ipsl-cm6a-lr","ssp126",NA,0,15.9825334821429
"2376",2917,"Sicily","ipsl-cm6a-lr","ssp126",NA,0.0227431983408418,15.6134626116072
"2377",2918,"Sicily","ipsl-cm6a-lr","ssp126",NA,0.858859841537196,13.7636003766741
"2378",2919,"Sicily","ipsl-cm6a-lr","ssp126",NA,2.36169356919293,14.3885960170201
"2379",2920,"Sicily","ipsl-cm6a-lr","ssp126",NA,9.2613080886492,11.2059657505581
"2380",2921,"Sicily","ipsl-cm6a-lr","ssp126",NA,0.163108823471703,12.7795915876116
"2381",2922,"Sicily","ipsl-cm6a-lr","ssp126",NA,0,12.5402378627232
"2382",2923,"Sicily","ipsl-cm6a-lr","ssp126",NA,0.668131470281099,11.66689453125
"2383",2924,"Sicily","ipsl-cm6a-lr","ssp126",NA,0,13.5933253696987
"2384",2925,"Sicily","ipsl-cm6a-lr","ssp126",NA,0,14.9271048409598
"2385",2926,"Sicily","ipsl-cm6a-lr","ssp126",NA,0.0806580906750501,11.2873822893415
"2386",2927,"Sicily","ipsl-cm6a-lr","ssp126",NA,0.646151246369949,10.1192347935268
"2387",2928,"Sicily","ipsl-cm6a-lr","ssp126",NA,1.87346983917191,10.3607988630023
"2388",2929,"Sicily","ipsl-cm6a-lr","ssp126",NA,10.7576741321412,9.29930594308038
"2389",2930,"Sicily","ipsl-cm6a-lr","ssp126",NA,7.7337337499817,11.1726274762835
"2390",2931,"Sicily","ipsl-cm6a-lr","ssp126",NA,19.058602072099,10.0685189383371
"2391",2932,"Sicily","ipsl-cm6a-lr","ssp126",NA,8.77306934978281,10.0146336146764
"2392",2933,"Sicily","ipsl-cm6a-lr","ssp126",NA,3.93472878417275,11.3167358398438
"2393",2934,"Sicily","ipsl-cm6a-lr","ssp126",NA,1.48284536387239,12.4229631696429
"2394",2935,"Sicily","ipsl-cm6a-lr","ssp126",NA,4.6593754119905,11.2273978097098
"2395",2936,"Sicily","ipsl-cm6a-lr","ssp126",NA,3.4355330114652,12.4713858468192
"2396",2937,"Sicily","ipsl-cm6a-lr","ssp126",NA,1.45447402392165,14.7959838867188
"2397",2938,"Sicily","ipsl-cm6a-lr","ssp126",NA,4.32553883817621,15.1972943987165
"2398",2939,"Sicily","ipsl-cm6a-lr","ssp126",NA,7.48911038307207,14.0423130580357
"2399",2940,"Sicily","ipsl-cm6a-lr","ssp126",NA,1.88711516966578,14.246000453404
"2400",2941,"Sicily","ipsl-cm6a-lr","ssp126",NA,0.045482174391509,17.3134530203683
"2401",2942,"Sicily","ipsl-cm6a-lr","ssp126",NA,0.141761261121636,18.1019182477679
"2402",2943,"Sicily","ipsl-cm6a-lr","ssp126",NA,0,18.5342389787947
"2403",2944,"Sicily","ipsl-cm6a-lr","ssp126",NA,0.0267074348812457,19.1383736746652
"2404",2945,"Sicily","ipsl-cm6a-lr","ssp126",NA,2.87969787937722,18.4140563964844
"2405",2946,"Sicily","ipsl-cm6a-lr","ssp126",NA,0.362124142910553,18.8276436941964
"2406",2947,"Sicily","ipsl-cm6a-lr","ssp126",NA,0,22.51748046875
"2407",2948,"Sicily","ipsl-cm6a-lr","ssp126",NA,0.252007191219101,23.3794015066964
"2408",2949,"Sicily","ipsl-cm6a-lr","ssp126",NA,0,25.1253383091518
"2409",2950,"Sicily","ipsl-cm6a-lr","ssp126",NA,0,26.7237095424107
"2410",2951,"Sicily","ipsl-cm6a-lr","ssp126",NA,0,28.7577715192523
"2411",2952,"Sicily","ipsl-cm6a-lr","ssp126",NA,0,28.9986990792411
"2412",2953,"Sicily","ipsl-cm6a-lr","ssp126",NA,0,28.3970581054688
"2413",2954,"Sicily","ipsl-cm6a-lr","ssp126",NA,2.80614187442032,27.4350699288505
"2414",2955,"Sicily","ipsl-cm6a-lr","ssp126",NA,0.244173011742532,27.0866638183594
"2415",2956,"Sicily","ipsl-cm6a-lr","ssp126",NA,0,26.6824541364398
"2416",2957,"Sicily","ipsl-cm6a-lr","ssp126",NA,0.164854732741203,25.8161385672433
"2417",2958,"Sicily","ipsl-cm6a-lr","ssp126",NA,0.210898059179142,26.1855364118304
"2418",2959,"Sicily","ipsl-cm6a-lr","ssp126",NA,0,25.6340532575335
"2419",2960,"Sicily","ipsl-cm6a-lr","ssp126",NA,0.0812782102522241,23.7376299176898
"2420",2961,"Sicily","ipsl-cm6a-lr","ssp126",NA,15.5837192273923,22.3578648158482
"2421",2962,"Sicily","ipsl-cm6a-lr","ssp126",NA,0.963675853147704,22.8932521275112
"2422",2963,"Sicily","ipsl-cm6a-lr","ssp126",NA,2.7646631902566,22.2632298060826
"2423",2964,"Sicily","ipsl-cm6a-lr","ssp126",NA,13.4832513086232,20.797496686663
"2424",2965,"Sicily","ipsl-cm6a-lr","ssp126",NA,4.94745229370892,17.9350742885045
"2425",2966,"Sicily","ipsl-cm6a-lr","ssp126",NA,0,17.9918805803572
"2426",2967,"Sicily","ipsl-cm6a-lr","ssp126",NA,0.069737875933892,19.1684465680804
"2427",2968,"Sicily","ipsl-cm6a-lr","ssp126",NA,0.227267537203651,18.1394069126674
"2428",2969,"Sicily","ipsl-cm6a-lr","ssp126",NA,10.5707883789104,14.9946184430804
"2429",2970,"Sicily","ipsl-cm6a-lr","ssp126",NA,13.6999154080903,11.7728995186942
"2430",2971,"Sicily","ipsl-cm6a-lr","ssp126",NA,6.2855798279218,12.2130937848773
"2431",2972,"Sicily","ipsl-cm6a-lr","ssp126",NA,5.89985124471631,8.82264317103797
"2432",2973,"Sicily","ipsl-cm6a-lr","ssp126",NA,5.10370409548549,11.0718758719308
"2433",2974,"Sicily","ipsl-cm6a-lr","ssp126",NA,0.665872330344947,13.1360412597656
"2434",2975,"Sicily","ipsl-cm6a-lr","ssp126",NA,0,12.6802001953125
"2435",2976,"Sicily","ipsl-cm6a-lr","ssp126",NA,0.0241654478096669,13.6058680943081
"2436",2977,"Sicily","ipsl-cm6a-lr","ssp126",NA,0.0483109474381698,12.5729657854353
"2437",2978,"Sicily","ipsl-cm6a-lr","ssp126",NA,2.99306335925524,11.665665108817
"2438",2979,"Sicily","ipsl-cm6a-lr","ssp126",NA,0,11.3808401925223
"2439",2980,"Sicily","ipsl-cm6a-lr","ssp126",NA,0,11.364399937221
"2440",2981,"Sicily","ipsl-cm6a-lr","ssp126",NA,0.510346566027562,11.4358372279576
"2441",2982,"Sicily","ipsl-cm6a-lr","ssp126",NA,0.283777403196187,11.5082249232701
"2442",2983,"Sicily","ipsl-cm6a-lr","ssp126",NA,0.561279717034527,13.0771772112165
"2443",2984,"Sicily","ipsl-cm6a-lr","ssp126",NA,0,13.0817286900112
"2444",2985,"Sicily","ipsl-cm6a-lr","ssp126",NA,0.76488445961981,14.1960213797433
"2445",2986,"Sicily","ipsl-cm6a-lr","ssp126",NA,0.39884216052347,15.9855808803014
"2446",2987,"Sicily","ipsl-cm6a-lr","ssp126",NA,17.1979526382139,11.0388427734375
"2447",2988,"Sicily","ipsl-cm6a-lr","ssp126",NA,2.06808951739471,12.6725533621652
"2448",2989,"Sicily","ipsl-cm6a-lr","ssp126",NA,6.45486433100554,12.7863403320313
"2449",2990,"Sicily","ipsl-cm6a-lr","ssp126",NA,1.64649028489034,13.8432512555804
"2450",2991,"Sicily","ipsl-cm6a-lr","ssp126",NA,0.336542778365713,15.5757734026228
"2451",2992,"Sicily","ipsl-cm6a-lr","ssp126",NA,0.0245717755335915,19.6041024344308
"2452",2993,"Sicily","ipsl-cm6a-lr","ssp126",NA,0.201319565894664,19.6329982212612
"2453",2994,"Sicily","ipsl-cm6a-lr","ssp126",NA,0.489497427562518,20.9408508300781
"2454",2995,"Sicily","ipsl-cm6a-lr","ssp126",NA,0,22.7740461077009
"2455",2996,"Sicily","ipsl-cm6a-lr","ssp126",NA,0.092571993133918,22.7649562290737
"2456",2997,"Sicily","ipsl-cm6a-lr","ssp126",NA,0.094468322017097,23.5435555594308
"2457",2998,"Sicily","ipsl-cm6a-lr","ssp126",NA,1.91622520131724,21.5942539760045
"2458",2999,"Sicily","ipsl-cm6a-lr","ssp126",NA,0.0167647946779782,21.6049133300781
"2459",3000,"Sicily","ipsl-cm6a-lr","ssp126",NA,0.224972298019566,22.1012555803572
"2460",3001,"Sicily","ipsl-cm6a-lr","ssp126",NA,0.60170764591021,23.7534903390067
"2461",3002,"Sicily","ipsl-cm6a-lr","ssp126",NA,0,24.9244149344308
"2462",3003,"Sicily","ipsl-cm6a-lr","ssp126",NA,0,24.8750374930246
"2463",3004,"Sicily","ipsl-cm6a-lr","ssp126",NA,0,25.9428213936942
"2464",3005,"Sicily","ipsl-cm6a-lr","ssp126",NA,1.95760147845639,26.843634905134
"2465",3006,"Sicily","ipsl-cm6a-lr","ssp126",NA,0.0643108536938339,27.6438145228795
"2466",3007,"Sicily","ipsl-cm6a-lr","ssp126",NA,0,28.8557155064174
"2467",3008,"Sicily","ipsl-cm6a-lr","ssp126",NA,0.580956100020558,29.359761265346
"2468",3009,"Sicily","ipsl-cm6a-lr","ssp126",NA,0.789775754050684,29.4609793526786
"2469",3010,"Sicily","ipsl-cm6a-lr","ssp126",NA,5.62836779499776,25.4345903669085
"2470",3011,"Sicily","ipsl-cm6a-lr","ssp126",NA,0.698531364573033,26.7663905552456
"2471",3012,"Sicily","ipsl-cm6a-lr","ssp126",NA,0.429103570994422,23.9885541643415
"2472",3013,"Sicily","ipsl-cm6a-lr","ssp126",NA,0.233089052406805,22.650031389509
"2473",3014,"Sicily","ipsl-cm6a-lr","ssp126",NA,1.82049074792303,22.625630405971
"2474",3015,"Sicily","ipsl-cm6a-lr","ssp126",NA,0,23.8166573660714
"2475",3016,"Sicily","ipsl-cm6a-lr","ssp126",NA,0,19.1832257952009
"2476",3017,"Sicily","ipsl-cm6a-lr","ssp126",NA,0,19.1574079241072
"2477",3018,"Sicily","ipsl-cm6a-lr","ssp126",NA,0,20.2693638392857
"2478",3019,"Sicily","ipsl-cm6a-lr","ssp126",NA,2.45647980482318,18.4149501255581
"2479",3020,"Sicily","ipsl-cm6a-lr","ssp126",NA,0.585573795251548,16.7439078194755
"2480",3021,"Sicily","ipsl-cm6a-lr","ssp126",NA,3.57075257696644,15.2901593889509
"2481",3022,"Sicily","ipsl-cm6a-lr","ssp126",NA,9.45263646010842,14.9117196219308
"2482",3023,"Sicily","ipsl-cm6a-lr","ssp126",NA,4.44107091420197,14.3272033691406
"2483",3024,"Sicily","ipsl-cm6a-lr","ssp126",NA,25.0703569834254,14.173477608817
"2484",3025,"Sicily","ipsl-cm6a-lr","ssp126",NA,4.87349467584863,10.0401986258371
"2485",3026,"Sicily","ipsl-cm6a-lr","ssp126",NA,1.23304314828212,14.3503836495536
"2486",3027,"Sicily","ipsl-cm6a-lr","ssp126",NA,0.0959417483370219,14.0770028250558
"2487",3028,"Sicily","ipsl-cm6a-lr","ssp126",NA,1.27662608491456,12.3155107770648
"2488",3029,"Sicily","ipsl-cm6a-lr","ssp126",NA,0,12.7977015904018
"2489",3030,"Sicily","ipsl-cm6a-lr","ssp126",NA,12.6903215473119,9.99855085100449
"2490",3031,"Sicily","ipsl-cm6a-lr","ssp126",NA,4.28801549132913,9.14840959821431
"2491",3032,"Sicily","ipsl-cm6a-lr","ssp126",NA,2.35797987344475,12.6489196777344
"2492",3033,"Sicily","ipsl-cm6a-lr","ssp126",NA,0.576169704020555,13.6361415318081
"2493",3034,"Sicily","ipsl-cm6a-lr","ssp126",NA,0.307413618013795,14.9645935058594
"2494",3035,"Sicily","ipsl-cm6a-lr","ssp126",NA,1.68403324875856,11.6806143624442
"2495",3036,"Sicily","ipsl-cm6a-lr","ssp126",NA,2.69182469679176,12.5635576520648
"2496",3037,"Sicily","ipsl-cm6a-lr","ssp126",NA,3.74856894070815,12.541898890904
"2497",3038,"Sicily","ipsl-cm6a-lr","ssp126",NA,12.3853393397959,10.0753505161831
"2498",3039,"Sicily","ipsl-cm6a-lr","ssp126",NA,3.64079810897238,11.0431370326451
"2499",3040,"Sicily","ipsl-cm6a-lr","ssp126",NA,6.08564248042447,12.660538155692
"2500",3041,"Sicily","ipsl-cm6a-lr","ssp126",NA,0.135625708000069,14.3176077706473
"2501",3042,"Sicily","ipsl-cm6a-lr","ssp126",NA,0.561885565860263,13.9014395577567
"2502",3043,"Sicily","ipsl-cm6a-lr","ssp126",NA,0.495480377659468,15.550439453125
"2503",3044,"Sicily","ipsl-cm6a-lr","ssp126",NA,0,17.6889805385045
"2504",3045,"Sicily","ipsl-cm6a-lr","ssp126",NA,3.18746178610516,16.5151742117746
"2505",3046,"Sicily","ipsl-cm6a-lr","ssp126",NA,9.19730336713006,16.4936462402344
"2506",3047,"Sicily","ipsl-cm6a-lr","ssp126",NA,0,20.7532069614956
"2507",3048,"Sicily","ipsl-cm6a-lr","ssp126",NA,0,21.9360682896206
"2508",3049,"Sicily","ipsl-cm6a-lr","ssp126",NA,0.357133488536679,21.1568498883929
"2509",3050,"Sicily","ipsl-cm6a-lr","ssp126",NA,0,21.6935625348773
"2510",3051,"Sicily","ipsl-cm6a-lr","ssp126",NA,1.29186029589619,22.7571655273438
"2511",3052,"Sicily","ipsl-cm6a-lr","ssp126",NA,0,25.1848039899554
"2512",3053,"Sicily","ipsl-cm6a-lr","ssp126",NA,0,27.8218715122768
"2513",3054,"Sicily","ipsl-cm6a-lr","ssp126",NA,0.241682778245636,27.3550136021206
"2514",3055,"Sicily","ipsl-cm6a-lr","ssp126",NA,0,27.4795209612165
"2515",3056,"Sicily","ipsl-cm6a-lr","ssp126",NA,0,28.2110621861049
"2516",3057,"Sicily","ipsl-cm6a-lr","ssp126",NA,0,27.4051191057478
"2517",3058,"Sicily","ipsl-cm6a-lr","ssp126",NA,0,24.548726109096
"2518",3059,"Sicily","ipsl-cm6a-lr","ssp126",NA,0.0239617787883617,26.8668718610491
"2519",3060,"Sicily","ipsl-cm6a-lr","ssp126",NA,0.139916071202606,26.8948782784598
"2520",3061,"Sicily","ipsl-cm6a-lr","ssp126",NA,3.92886973984007,24.3943115234375
"2521",3062,"Sicily","ipsl-cm6a-lr","ssp126",NA,0.139271757299347,25.6917053222656
"2522",3063,"Sicily","ipsl-cm6a-lr","ssp126",NA,0,24.0153311593192
"2523",3064,"Sicily","ipsl-cm6a-lr","ssp126",NA,6.52281218042065,23.697896030971
"2524",3065,"Sicily","ipsl-cm6a-lr","ssp126",NA,0.0279637577477843,22.6751386369978
"2525",3066,"Sicily","ipsl-cm6a-lr","ssp126",NA,6.74215914186789,21.7291024344308
"2526",3067,"Sicily","ipsl-cm6a-lr","ssp126",NA,19.3964738797929,21.1045383998326
"2527",3068,"Sicily","ipsl-cm6a-lr","ssp126",NA,0,21.9066711425781
"2528",3069,"Sicily","ipsl-cm6a-lr","ssp126",NA,0,22.1056588309152
"2529",3070,"Sicily","ipsl-cm6a-lr","ssp126",NA,5.27541952074638,19.2568952287947
"2530",3071,"Sicily","ipsl-cm6a-lr","ssp126",NA,0.394369103638123,18.9418840680804
"2531",3072,"Sicily","ipsl-cm6a-lr","ssp126",NA,11.3180761628818,15.0421822684152
"2532",3073,"Sicily","ipsl-cm6a-lr","ssp126",NA,1.09701637744105,14.8554539271764
"2533",3074,"Sicily","ipsl-cm6a-lr","ssp126",NA,0.33250107143041,14.5573495047433
"2534",3075,"Sicily","ipsl-cm6a-lr","ssp126",NA,5.74506459025932,12.1585588727679
"2535",3076,"Sicily","ipsl-cm6a-lr","ssp126",NA,2.07902570920331,13.8054835728237
"2536",3077,"Sicily","ipsl-cm6a-lr","ssp126",NA,0,13.3835518973215
"2537",3078,"Sicily","ipsl-cm6a-lr","ssp126",NA,1.74391943562244,13.9896658761161
"2538",3079,"Sicily","ipsl-cm6a-lr","ssp126",NA,0.442095438588045,12.486221749442
"2539",3080,"Sicily","ipsl-cm6a-lr","ssp126",NA,0.314623566477426,14.1029863630023
"2540",3081,"Sicily","ipsl-cm6a-lr","ssp126",NA,0,14.4470851353237
"2541",3082,"Sicily","ipsl-cm6a-lr","ssp126",NA,0,13.4440813337054
"2542",3083,"Sicily","ipsl-cm6a-lr","ssp126",NA,0.832457806349599,10.8859627859933
"2543",3084,"Sicily","ipsl-cm6a-lr","ssp126",NA,4.48722382092715,11.334122140067
"2544",3085,"Sicily","ipsl-cm6a-lr","ssp126",NA,7.46509124624676,10.6398080008371
"2545",3086,"Sicily","ipsl-cm6a-lr","ssp126",NA,9.01024300837889,10.0324166434152
"2546",3087,"Sicily","ipsl-cm6a-lr","ssp126",NA,20.9427430992946,7.5946725027902
"2547",3088,"Sicily","ipsl-cm6a-lr","ssp126",NA,16.8147590793004,9.43509608677458
"2548",3089,"Sicily","ipsl-cm6a-lr","ssp126",NA,14.1581445499989,8.35718906947547
"2549",3090,"Sicily","ipsl-cm6a-lr","ssp126",NA,2.66877453556974,10.9631199428014
"2550",3091,"Sicily","ipsl-cm6a-lr","ssp126",NA,1.66022174505218,11.472057233538
"2551",3092,"Sicily","ipsl-cm6a-lr","ssp126",NA,2.74536489658723,11.8068219866072
"2552",3093,"Sicily","ipsl-cm6a-lr","ssp126",NA,4.26464274517327,12.4710109165737
"2553",3094,"Sicily","ipsl-cm6a-lr","ssp126",NA,2.8599228443844,13.3091108049665
"2554",3095,"Sicily","ipsl-cm6a-lr","ssp126",NA,0.179967146998804,14.5231044224331
"2555",3096,"Sicily","ipsl-cm6a-lr","ssp126",NA,0.768338970738114,14.7643371582031
"2556",3097,"Sicily","ipsl-cm6a-lr","ssp126",NA,0.517894061964138,14.6587942940848
"2557",3098,"Sicily","ipsl-cm6a-lr","ssp126",NA,0.587324273406661,17.3919137137277
"2558",3099,"Sicily","ipsl-cm6a-lr","ssp126",NA,1.0109126522106,16.0688328334264
"2559",3100,"Sicily","ipsl-cm6a-lr","ssp126",NA,0,17.4942653111049
"2560",3101,"Sicily","ipsl-cm6a-lr","ssp126",NA,0,18.0020472935268
"2561",3102,"Sicily","ipsl-cm6a-lr","ssp126",NA,0.128176959489273,20.0929547991072
"2562",3103,"Sicily","ipsl-cm6a-lr","ssp126",NA,0.0204664199243,20.0575674874442
"2563",3104,"Sicily","ipsl-cm6a-lr","ssp126",NA,0,21.2658717564174
"2564",3105,"Sicily","ipsl-cm6a-lr","ssp126",NA,0.0820302606111259,22.7665780203683
"2565",3106,"Sicily","ipsl-cm6a-lr","ssp126",NA,0,22.524556187221
"2566",3107,"Sicily","ipsl-cm6a-lr","ssp126",NA,0,25.5098815917969
"2567",3108,"Sicily","ipsl-cm6a-lr","ssp126",NA,0.18441800493747,24.5746398925781
"2568",3109,"Sicily","ipsl-cm6a-lr","ssp126",NA,0,25.6374799455915
"2569",3110,"Sicily","ipsl-cm6a-lr","ssp126",NA,0.054640083232828,25.8340829031808
"2570",3111,"Sicily","ipsl-cm6a-lr","ssp126",NA,0,25.9021153041295
"2571",3112,"Sicily","ipsl-cm6a-lr","ssp126",NA,0,26.870254952567
"2572",3113,"Sicily","ipsl-cm6a-lr","ssp126",NA,0,26.8022705078125
"2573",3114,"Sicily","ipsl-cm6a-lr","ssp126",NA,1.34991379974443,25.859037562779
"2574",3115,"Sicily","ipsl-cm6a-lr","ssp126",NA,0,25.845840890067
"2575",3116,"Sicily","ipsl-cm6a-lr","ssp126",NA,0.515086869043963,23.2812133789063
"2576",3117,"Sicily","ipsl-cm6a-lr","ssp126",NA,0,24.2324201311384
"2577",3118,"Sicily","ipsl-cm6a-lr","ssp126",NA,0,23.6616019112723
"2578",3119,"Sicily","ipsl-cm6a-lr","ssp126",NA,0.11378452639162,23.9587166922433
"2579",3120,"Sicily","ipsl-cm6a-lr","ssp126",NA,7.61265996510961,23.8402823311942
"2580",3121,"Sicily","ipsl-cm6a-lr","ssp126",NA,1.22905497139852,19.7274632045201
"2581",3122,"Sicily","ipsl-cm6a-lr","ssp126",NA,2.6573363683253,19.0475402832031
"2582",3123,"Sicily","ipsl-cm6a-lr","ssp126",NA,0,18.5442923409598
"2583",3124,"Sicily","ipsl-cm6a-lr","ssp126",NA,3.68622062544871,18.4865007672991
"2584",3125,"Sicily","ipsl-cm6a-lr","ssp126",NA,0.289660791999527,18.0167785644531
"2585",3126,"Sicily","ipsl-cm6a-lr","ssp126",NA,0,17.2069859095982
"2586",3127,"Sicily","ipsl-cm6a-lr","ssp126",NA,4.30439776391722,14.5718061174665
"2587",3128,"Sicily","ipsl-cm6a-lr","ssp126",NA,2.30346769094467,15.6966971261161
"2588",3129,"Sicily","ipsl-cm6a-lr","ssp126",NA,2.9387910488627,13.0539315359933
"2589",3130,"Sicily","ipsl-cm6a-lr","ssp126",NA,5.34653679600784,13.2692068917411
"2590",3131,"Sicily","ipsl-cm6a-lr","ssp126",NA,2.78262409140422,11.1449741908482
"2591",3132,"Sicily","ipsl-cm6a-lr","ssp126",NA,9.5322236298151,12.358296421596
"2592",3133,"Sicily","ipsl-cm6a-lr","ssp126",NA,12.3216864785978,12.399307686942
"2593",3134,"Sicily","ipsl-cm6a-lr","ssp126",NA,15.6829098771725,8.94288242885047
"2594",3135,"Sicily","ipsl-cm6a-lr","ssp126",NA,6.28428816915922,8.26294642857145
"2595",3136,"Sicily","ipsl-cm6a-lr","ssp126",NA,1.02810738940856,9.479146030971
"2596",3137,"Sicily","ipsl-cm6a-lr","ssp126",NA,0,11.2819632393973
"2597",3138,"Sicily","ipsl-cm6a-lr","ssp126",NA,0,10.8942940848215
"2598",3139,"Sicily","ipsl-cm6a-lr","ssp126",NA,4.75356674952699,8.36753452845984
"2599",3140,"Sicily","ipsl-cm6a-lr","ssp126",NA,2.17245962765966,10.5906703404018
"2600",3141,"Sicily","ipsl-cm6a-lr","ssp126",NA,0.523725542838552,12.1797511509487
"2601",3142,"Sicily","ipsl-cm6a-lr","ssp126",NA,1.14900626566461,12.2132114955357
"2602",3143,"Sicily","ipsl-cm6a-lr","ssp126",NA,3.3077175355824,12.3625034877232
"2603",3144,"Sicily","ipsl-cm6a-lr","ssp126",NA,0.166227623932562,14.3560250418527
"2604",3145,"Sicily","ipsl-cm6a-lr","ssp126",NA,2.35440178491574,14.2614685058594
"2605",3146,"Sicily","ipsl-cm6a-lr","ssp126",NA,2.38685085808226,14.265998186384
"2606",3147,"Sicily","ipsl-cm6a-lr","ssp126",NA,3.58618568040713,15.2673714773996
"2607",3148,"Sicily","ipsl-cm6a-lr","ssp126",NA,3.69855942304379,13.414448765346
"2608",3149,"Sicily","ipsl-cm6a-lr","ssp126",NA,6.65094394498738,14.467911202567
"2609",3150,"Sicily","ipsl-cm6a-lr","ssp126",NA,0.0889959533066888,17.4846479143415
"2610",3151,"Sicily","ipsl-cm6a-lr","ssp126",NA,0.247356568018274,17.3100350516183
"2611",3152,"Sicily","ipsl-cm6a-lr","ssp126",NA,0.378129521725766,18.796781703404
"2612",3153,"Sicily","ipsl-cm6a-lr","ssp126",NA,2.17723185113365,21.8266758510045
"2613",3154,"Sicily","ipsl-cm6a-lr","ssp126",NA,0.0471720095707237,23.2246948242188
"2614",3155,"Sicily","ipsl-cm6a-lr","ssp126",NA,0.801451417750546,24.5476318359375
"2615",3156,"Sicily","ipsl-cm6a-lr","ssp126",NA,0.50918307741605,24.8767682756697
"2616",3157,"Sicily","ipsl-cm6a-lr","ssp126",NA,0,26.4712550571987
"2617",3158,"Sicily","ipsl-cm6a-lr","ssp126",NA,0,27.0345223563058
"2618",3159,"Sicily","ipsl-cm6a-lr","ssp126",NA,1.13854043052665,25.7704363141741
"2619",3160,"Sicily","ipsl-cm6a-lr","ssp126",NA,0,27.6857500348773
"2620",3161,"Sicily","ipsl-cm6a-lr","ssp126",NA,0,28.9053588867188
"2621",3162,"Sicily","ipsl-cm6a-lr","ssp126",NA,0,29.7876656668527
"2622",3163,"Sicily","ipsl-cm6a-lr","ssp126",NA,0,27.1800345284598
"2623",3164,"Sicily","ipsl-cm6a-lr","ssp126",NA,0,28.2166512625558
"2624",3165,"Sicily","ipsl-cm6a-lr","ssp126",NA,0,28.1397120884487
"2625",3166,"Sicily","ipsl-cm6a-lr","ssp126",NA,0.0585742305182586,28.7396004813058
"2626",3167,"Sicily","ipsl-cm6a-lr","ssp126",NA,0,27.5308079310826
"2627",3168,"Sicily","ipsl-cm6a-lr","ssp126",NA,1.43243623149049,22.8689862932478
"2628",3169,"Sicily","ipsl-cm6a-lr","ssp126",NA,7.93708065923836,21.3146126883371
"2629",3170,"Sicily","ipsl-cm6a-lr","ssp126",NA,0.59672025963664,21.8423706054688
"2630",3171,"Sicily","ipsl-cm6a-lr","ssp126",NA,0,22.0518127441406
"2631",3172,"Sicily","ipsl-cm6a-lr","ssp126",NA,2.77928645872245,21.444486781529
"2632",3173,"Sicily","ipsl-cm6a-lr","ssp126",NA,13.1391025480947,19.9965759277344
"2633",3174,"Sicily","ipsl-cm6a-lr","ssp126",NA,0.845086823600078,20.2066458565848
"2634",3175,"Sicily","ipsl-cm6a-lr","ssp126",NA,0.461384389616017,20.4922598702567
"2635",3176,"Sicily","ipsl-cm6a-lr","ssp126",NA,0,18.1911516462054
"2636",3177,"Sicily","ipsl-cm6a-lr","ssp126",NA,6.19790821718717,17.0851422991072
"2637",3178,"Sicily","ipsl-cm6a-lr","ssp126",NA,4.46704298582128,17.6437229701451
"2638",3179,"Sicily","ipsl-cm6a-lr","ssp126",NA,7.51614160825349,15.0578247070313
"2639",3180,"Sicily","ipsl-cm6a-lr","ssp126",NA,1.71341147652129,15.0692513602121
"2640",3181,"Sicily","ipsl-cm6a-lr","ssp126",NA,0.357460169470869,13.767973109654
"2641",3182,"Sicily","ipsl-cm6a-lr","ssp126",NA,7.96952612332201,10.1449305943081
"2642",3183,"Sicily","ipsl-cm6a-lr","ssp126",NA,4.5289451892521,7.90428205217636
"2643",3184,"Sicily","ipsl-cm6a-lr","ssp126",NA,1.2353493466175,12.3617928641183
"2644",3185,"Sicily","ipsl-cm6a-lr","ssp126",NA,1.91896345401931,10.8526070731027
"2645",3186,"Sicily","ipsl-cm6a-lr","ssp126",NA,0.438264346615012,11.2957789829799
"2646",3187,"Sicily","ipsl-cm6a-lr","ssp126",NA,7.76406668259629,11.2969517299107
"2647",3188,"Sicily","ipsl-cm6a-lr","ssp126",NA,7.62016757590962,9.25353829520092
"2648",3189,"Sicily","ipsl-cm6a-lr","ssp126",NA,5.33150029036083,8.94791346958708
"2649",3190,"Sicily","ipsl-cm6a-lr","ssp126",NA,0.483932945852368,10.6344630650112
"2650",3191,"Sicily","ipsl-cm6a-lr","ssp126",NA,1.40202417969704,10.4274448939732
"2651",3192,"Sicily","ipsl-cm6a-lr","ssp126",NA,2.65370952630682,9.71830357142859
"2652",3193,"Sicily","ipsl-cm6a-lr","ssp126",NA,7.83035743256083,9.56863228934154
"2653",3194,"Sicily","ipsl-cm6a-lr","ssp126",NA,0.705029521070953,12.7910879952567
"2654",3195,"Sicily","ipsl-cm6a-lr","ssp126",NA,7.55121139476874,11.293350655692
"2655",3196,"Sicily","ipsl-cm6a-lr","ssp126",NA,2.9563421479127,12.4989868164063
"2656",3197,"Sicily","ipsl-cm6a-lr","ssp126",NA,1.04275702859533,13.5159502301898
"2657",3198,"Sicily","ipsl-cm6a-lr","ssp126",NA,2.2867926055499,14.7146981375558
"2658",3199,"Sicily","ipsl-cm6a-lr","ssp126",NA,1.51600968653968,14.1841282435826
"2659",3200,"Sicily","ipsl-cm6a-lr","ssp126",NA,0.399261134069613,14.1337524414063
"2660",3201,"Sicily","ipsl-cm6a-lr","ssp126",NA,2.07535591741492,14.4827689034598
"2661",3202,"Sicily","ipsl-cm6a-lr","ssp126",NA,1.30533021542111,16.286026436942
"2662",3203,"Sicily","ipsl-cm6a-lr","ssp126",NA,0.0525935255739439,18.6623125348773
"2663",3204,"Sicily","ipsl-cm6a-lr","ssp126",NA,0.261060359480325,19.5491795131139
"2664",3205,"Sicily","ipsl-cm6a-lr","ssp126",NA,0.0234645083505062,21.3239772251674
"2665",3206,"Sicily","ipsl-cm6a-lr","ssp126",NA,0.0942803017096594,20.4883928571429
"2666",3207,"Sicily","ipsl-cm6a-lr","ssp126",NA,0.194842338428966,26.3288949148996
"2667",3208,"Sicily","ipsl-cm6a-lr","ssp126",NA,0,25.1713893345424
"2668",3209,"Sicily","ipsl-cm6a-lr","ssp126",NA,0.337820505956188,26.8554888044085
"2669",3210,"Sicily","ipsl-cm6a-lr","ssp126",NA,0,28.7461748395648
"2670",3211,"Sicily","ipsl-cm6a-lr","ssp126",NA,0,28.0463588169643
"2671",3212,"Sicily","ipsl-cm6a-lr","ssp126",NA,0,30.7866673060826
"2672",3213,"Sicily","ipsl-cm6a-lr","ssp126",NA,0,30.2709638323103
"2673",3214,"Sicily","ipsl-cm6a-lr","ssp126",NA,0,26.4161010742188
"2674",3215,"Sicily","ipsl-cm6a-lr","ssp126",NA,0,25.3249843052456
"2675",3216,"Sicily","ipsl-cm6a-lr","ssp126",NA,0,26.6890284946987
"2676",3217,"Sicily","ipsl-cm6a-lr","ssp126",NA,0,28.2105477469308
"2677",3218,"Sicily","ipsl-cm6a-lr","ssp126",NA,0,26.9476911272322
"2678",3219,"Sicily","ipsl-cm6a-lr","ssp126",NA,0.952096242690459,27.5628077915737
"2679",3220,"Sicily","ipsl-cm6a-lr","ssp126",NA,0.043249581982049,26.4075474330357
"2680",3221,"Sicily","ipsl-cm6a-lr","ssp126",NA,0.440321860618756,26.0080461774554
"2681",3222,"Sicily","ipsl-cm6a-lr","ssp126",NA,0,23.7160016741072
"2682",3223,"Sicily","ipsl-cm6a-lr","ssp126",NA,2.63693691148157,22.5068254743304
"2683",3224,"Sicily","ipsl-cm6a-lr","ssp126",NA,1.76484140683897,22.4785836356027
"2684",3225,"Sicily","ipsl-cm6a-lr","ssp126",NA,0.126160133264161,20.5524187360491
"2685",3226,"Sicily","ipsl-cm6a-lr","ssp126",NA,0,22.0372994559152
"2686",3227,"Sicily","ipsl-cm6a-lr","ssp126",NA,0,21.8259041922433
"2687",3228,"Sicily","ipsl-cm6a-lr","ssp126",NA,0.0264922145496322,20.4454328264509
"2688",3229,"Sicily","ipsl-cm6a-lr","ssp126",NA,0,16.6101972307478
"2689",3230,"Sicily","ipsl-cm6a-lr","ssp126",NA,3.0221354225692,18.1931352887835
"2690",3231,"Sicily","ipsl-cm6a-lr","ssp126",NA,6.06460524307165,17.1448782784598
"2691",3232,"Sicily","ipsl-cm6a-lr","ssp126",NA,5.98896506292346,15.1445295061384
"2692",3233,"Sicily","ipsl-cm6a-lr","ssp126",NA,3.14459805044212,12.1278538295201
"2693",3234,"Sicily","ipsl-cm6a-lr","ssp126",NA,3.16220532321105,11.9558218819755
"2694",3235,"Sicily","ipsl-cm6a-lr","ssp126",NA,0.106409870724227,12.9083016531808
"2695",3236,"Sicily","ipsl-cm6a-lr","ssp126",NA,0.567763274427437,11.6425109863281
"2696",3237,"Sicily","ipsl-cm6a-lr","ssp126",NA,0,15.8169625418527
"2697",3238,"Sicily","ipsl-cm6a-lr","ssp126",NA,0.0195750480218391,14.288232421875
"2698",3239,"Sicily","ipsl-cm6a-lr","ssp126",NA,1.07232531133507,12.4173435756139
"2699",3240,"Sicily","ipsl-cm6a-lr","ssp126",NA,10.1338167238282,10.6712498256139
"2700",3241,"Sicily","ipsl-cm6a-lr","ssp126",NA,2.13782838961509,12.6596444266183
"2701",3242,"Sicily","ipsl-cm6a-lr","ssp126",NA,6.77600596848476,10.5397931780134
"2702",3243,"Sicily","ipsl-cm6a-lr","ssp126",NA,11.2573089177853,8.42400076729913
"2703",3244,"Sicily","ipsl-cm6a-lr","ssp126",NA,0.686044600193522,11.7587960379465
"2704",3245,"Sicily","ipsl-cm6a-lr","ssp126",NA,2.38153529644478,12.4147539411273
"2705",3246,"Sicily","ipsl-cm6a-lr","ssp126",NA,1.34804320031045,11.8899954659598
"2706",3247,"Sicily","ipsl-cm6a-lr","ssp126",NA,4.55017291096738,11.726451764788
"2707",3248,"Sicily","ipsl-cm6a-lr","ssp126",NA,0,14.1689740862165
"2708",3249,"Sicily","ipsl-cm6a-lr","ssp126",NA,1.93105314070376,12.1409807477679
"2709",3250,"Sicily","ipsl-cm6a-lr","ssp126",NA,0,15.6553065708706
"2710",3251,"Sicily","ipsl-cm6a-lr","ssp126",NA,1.38924185219886,14.4753400530134
"2711",3252,"Sicily","ipsl-cm6a-lr","ssp126",NA,0.0437799642116131,16.3838745117188
"2712",3253,"Sicily","ipsl-cm6a-lr","ssp126",NA,2.56438676858254,16.3915126255581
"2713",3254,"Sicily","ipsl-cm6a-lr","ssp126",NA,0.430175145863489,14.9492780412947
"2714",3255,"Sicily","ipsl-cm6a-lr","ssp126",NA,0.0549031084769272,16.8677350725447
"2715",3256,"Sicily","ipsl-cm6a-lr","ssp126",NA,0.0793867140600923,19.2538216727121
"2716",3257,"Sicily","ipsl-cm6a-lr","ssp126",NA,0,21.8267717633929
"2717",3258,"Sicily","ipsl-cm6a-lr","ssp126",NA,0.0207349977115103,19.4873334612165
"2718",3259,"Sicily","ipsl-cm6a-lr","ssp126",NA,0,19.7391688755581
"2719",3260,"Sicily","ipsl-cm6a-lr","ssp126",NA,0.204456991299854,21.5732666015625
"2720",3261,"Sicily","ipsl-cm6a-lr","ssp126",NA,0.951528196622218,24.0977068219866
"2721",3262,"Sicily","ipsl-cm6a-lr","ssp126",NA,0,25.4561619349889
"2722",3263,"Sicily","ipsl-cm6a-lr","ssp126",NA,0,25.9897094726563
"2723",3264,"Sicily","ipsl-cm6a-lr","ssp126",NA,0,26.2117248535156
"2724",3265,"Sicily","ipsl-cm6a-lr","ssp126",NA,0,26.8495945521764
"2725",3266,"Sicily","ipsl-cm6a-lr","ssp126",NA,0.815766656887718,26.5594857352121
"2726",3267,"Sicily","ipsl-cm6a-lr","ssp126",NA,0.328507073988606,25.3251150948661
"2727",3268,"Sicily","ipsl-cm6a-lr","ssp126",NA,0.116537134038351,26.0972272600447
"2728",3269,"Sicily","ipsl-cm6a-lr","ssp126",NA,0,29.2525137765067
"2729",3270,"Sicily","ipsl-cm6a-lr","ssp126",NA,0.461871733672784,28.8446550641741
"2730",3271,"Sicily","ipsl-cm6a-lr","ssp126",NA,0.3917509020539,28.610240827288
"2731",3272,"Sicily","ipsl-cm6a-lr","ssp126",NA,2.52554633521608,27.5913330078125
"2732",3273,"Sicily","ipsl-cm6a-lr","ssp126",NA,0,26.663720703125
"2733",3274,"Sicily","ipsl-cm6a-lr","ssp126",NA,22.2300317620725,23.7257498604911
"2734",3275,"Sicily","ipsl-cm6a-lr","ssp126",NA,0,21.6999276297433
"2735",3276,"Sicily","ipsl-cm6a-lr","ssp126",NA,0.527254877878087,20.7116376604353
"2736",3277,"Sicily","ipsl-cm6a-lr","ssp126",NA,0.0593951312891607,21.358549281529
"2737",3278,"Sicily","ipsl-cm6a-lr","ssp126",NA,5.98344212214995,20.2168430873326
"2738",3279,"Sicily","ipsl-cm6a-lr","ssp126",NA,0.607564605057373,19.9485020228795
"2739",3280,"Sicily","ipsl-cm6a-lr","ssp126",NA,0,18.0147251674107
"2740",3281,"Sicily","ipsl-cm6a-lr","ssp126",NA,0.666591003703486,16.9892081124442
"2741",3282,"Sicily","ipsl-cm6a-lr","ssp126",NA,0.0255419452774471,16.6086364746094
"2742",3283,"Sicily","ipsl-cm6a-lr","ssp126",NA,2.16067225639043,15.3692958286831
"2743",3284,"Sicily","ipsl-cm6a-lr","ssp126",NA,0,16.0705548967634
"2744",3285,"Sicily","ipsl-cm6a-lr","ssp126",NA,4.25671464675231,14.5710562569755
"2745",3286,"Sicily","ipsl-cm6a-lr","ssp126",NA,2.66615332969065,13.1122157505581
"2746",3287,"Sicily","ipsl-cm6a-lr","ssp126",NA,0,13.9583504813058
"2747",3288,"Sicily","ipsl-cm6a-lr","ssp126",NA,2.22945504439329,12.2643197195871
"2748",3289,"Sicily","ipsl-cm6a-lr","ssp126",NA,0.0909773454103353,13.4199680873326
"2749",3290,"Sicily","ipsl-cm6a-lr","ssp126",NA,0.722363356700433,12.6077383858817
"2750",3291,"Sicily","ipsl-cm6a-lr","ssp126",NA,1.81380637846555,11.5404471261161
"2751",3292,"Sicily","ipsl-cm6a-lr","ssp126",NA,1.31049601976494,12.5020298549107
"2752",3293,"Sicily","ipsl-cm6a-lr","ssp126",NA,0,14.1231541224889
"2753",3294,"Sicily","ipsl-cm6a-lr","ssp126",NA,2.58731843766457,13.3047337123326
"2754",3295,"Sicily","ipsl-cm6a-lr","ssp126",NA,0,14.7358555385045
"2755",3296,"Sicily","ipsl-cm6a-lr","ssp126",NA,2.81461633775117,13.9002362932478
"2756",3297,"Sicily","ipsl-cm6a-lr","ssp126",NA,4.98866206190931,9.40519757952011
"2757",3298,"Sicily","ipsl-cm6a-lr","ssp126",NA,0,13.4003147670201
"2758",3299,"Sicily","ipsl-cm6a-lr","ssp126",NA,0,15.0808175223215
"2759",3300,"Sicily","ipsl-cm6a-lr","ssp126",NA,0,14.4779558454241
"2760",3301,"Sicily","ipsl-cm6a-lr","ssp126",NA,0.942211239764999,14.5688241141183
"2761",3302,"Sicily","ipsl-cm6a-lr","ssp126",NA,4.83301376277398,13.0519391741072
"2762",3303,"Sicily","ipsl-cm6a-lr","ssp126",NA,1.50746076833457,15.4304922921317
"2763",3304,"Sicily","ipsl-cm6a-lr","ssp126",NA,1.06911192540013,14.7787545340402
"2764",3305,"Sicily","ipsl-cm6a-lr","ssp126",NA,0.0570870414126797,18.3845371791295
"2765",3306,"Sicily","ipsl-cm6a-lr","ssp126",NA,0.0182975435434076,18.4589215959822
"2766",3307,"Sicily","ipsl-cm6a-lr","ssp126",NA,0.921985580186759,18.036771937779
"2767",3308,"Sicily","ipsl-cm6a-lr","ssp126",NA,1.74582825316715,19.1769348144531
"2768",3309,"Sicily","ipsl-cm6a-lr","ssp126",NA,0.478600040410778,21.5419599260603
"2769",3310,"Sicily","ipsl-cm6a-lr","ssp126",NA,0,21.7969212123326
"2770",3311,"Sicily","ipsl-cm6a-lr","ssp126",NA,0.0191782397450879,22.8888401576451
"2771",3312,"Sicily","ipsl-cm6a-lr","ssp126",NA,0.0848092375755576,27.7599600655692
"2772",3313,"Sicily","ipsl-cm6a-lr","ssp126",NA,0,25.7300266810826
"2773",3314,"Sicily","ipsl-cm6a-lr","ssp126",NA,0.0467479703989479,28.4716299874442
"2774",3315,"Sicily","ipsl-cm6a-lr","ssp126",NA,0.0206825284944249,29.0410836356027
"2775",3316,"Sicily","ipsl-cm6a-lr","ssp126",NA,0,29.1346854073661
"2776",3317,"Sicily","ipsl-cm6a-lr","ssp126",NA,0.148460033233277,27.9795907156808
"2777",3318,"Sicily","ipsl-cm6a-lr","ssp126",NA,0.036715707912143,30.4870849609375
"2778",3319,"Sicily","ipsl-cm6a-lr","ssp126",NA,0.126987707751271,28.8895028250558
"2779",3320,"Sicily","ipsl-cm6a-lr","ssp126",NA,0.0357711778113818,28.7890651157924
"2780",3321,"Sicily","ipsl-cm6a-lr","ssp126",NA,0,29.4487548828125
"2781",3322,"Sicily","ipsl-cm6a-lr","ssp126",NA,0,31.0825526646206
"2782",3323,"Sicily","ipsl-cm6a-lr","ssp126",NA,1.73663575634626,29.7477573939732
"2783",3324,"Sicily","ipsl-cm6a-lr","ssp126",NA,0,29.2874258858817
"2784",3325,"Sicily","ipsl-cm6a-lr","ssp126",NA,0.399056595051661,26.3664097377232
"2785",3326,"Sicily","ipsl-cm6a-lr","ssp126",NA,0,24.5823782784598
"2786",3327,"Sicily","ipsl-cm6a-lr","ssp126",NA,12.6453730976209,23.8857622419085
"2787",3328,"Sicily","ipsl-cm6a-lr","ssp126",NA,4.16188631871981,20.4360682896206
"2788",3329,"Sicily","ipsl-cm6a-lr","ssp126",NA,3.27829733890082,19.9657706124442
"2789",3330,"Sicily","ipsl-cm6a-lr","ssp126",NA,7.17535241274163,19.1152021135603
"2790",3331,"Sicily","ipsl-cm6a-lr","ssp126",NA,0.440025399439037,19.2427045549665
"2791",3332,"Sicily","ipsl-cm6a-lr","ssp126",NA,0,18.110986328125
"2792",3333,"Sicily","ipsl-cm6a-lr","ssp126",NA,0,18.2477355957031
"2793",3334,"Sicily","ipsl-cm6a-lr","ssp126",NA,5.02000554614434,16.7651349748884
"2794",3335,"Sicily","ipsl-cm6a-lr","ssp126",NA,1.05240604773696,16.1089329310826
"2795",3336,"Sicily","ipsl-cm6a-lr","ssp126",NA,0,17.2154261997768
"2796",3337,"Sicily","ipsl-cm6a-lr","ssp126",NA,0.548645569610276,15.4936854771206
"2797",3338,"Sicily","ipsl-cm6a-lr","ssp126",NA,0.645046810885625,15.8845546177456
"2798",3339,"Sicily","ipsl-cm6a-lr","ssp126",NA,1.09719639377935,15.2582467215402
"2799",3340,"Sicily","ipsl-cm6a-lr","ssp126",NA,0,14.2666216169085
"2800",3341,"Sicily","ipsl-cm6a-lr","ssp126",NA,4.51010069705912,11.6225481305804
"2801",3342,"Sicily","ipsl-cm6a-lr","ssp126",NA,16.9498928855839,10.4610055106027
"2802",3343,"Sicily","ipsl-cm6a-lr","ssp126",NA,9.81912175027121,9.77414637974333
"2803",3344,"Sicily","ipsl-cm6a-lr","ssp126",NA,6.37498719983601,10.5160243443081
"2804",3345,"Sicily","ipsl-cm6a-lr","ssp126",NA,0.0322046658506484,12.1351082938058
"2805",3346,"Sicily","ipsl-cm6a-lr","ssp126",NA,2.23474209820519,13.0214608328683
"2806",3347,"Sicily","ipsl-cm6a-lr","ssp126",NA,0,12.577783203125
"2807",3348,"Sicily","ipsl-cm6a-lr","ssp126",NA,11.4673837889443,10.2182861328125
"2808",3349,"Sicily","ipsl-cm6a-lr","ssp126",NA,1.59436934710746,11.5154139927456
"2809",3350,"Sicily","ipsl-cm6a-lr","ssp126",NA,1.62962649020691,12.3559552873884
"2810",3351,"Sicily","ipsl-cm6a-lr","ssp126",NA,4.9040376873953,13.1574689592634
"2811",3352,"Sicily","ipsl-cm6a-lr","ssp126",NA,5.77319487097806,9.49008004324779
"2812",3353,"Sicily","ipsl-cm6a-lr","ssp126",NA,2.09779424226976,10.7789681570871
"2813",3354,"Sicily","ipsl-cm6a-lr","ssp126",NA,2.56757537925815,14.2193542480469
"2814",3355,"Sicily","ipsl-cm6a-lr","ssp126",NA,1.30625535301598,16.4075823102679
"2815",3356,"Sicily","ipsl-cm6a-lr","ssp126",NA,2.97986195156617,17.7430010114398
"2816",3357,"Sicily","ipsl-cm6a-lr","ssp126",NA,8.01358046342752,14.039945765904
"2817",3358,"Sicily","ipsl-cm6a-lr","ssp126",NA,0.201196187741256,16.2797485351563
"2818",3359,"Sicily","ipsl-cm6a-lr","ssp126",NA,2.37178636099478,16.2007472446987
"2819",3360,"Sicily","ipsl-cm6a-lr","ssp126",NA,0,18.2895621163505
"2820",3361,"Sicily","ipsl-cm6a-lr","ssp126",NA,0,20.3039358956473
"2821",3362,"Sicily","ipsl-cm6a-lr","ssp126",NA,1.18287687406077,22.1739048549107
"2822",3363,"Sicily","ipsl-cm6a-lr","ssp126",NA,0.663485065160785,22.0270542689732
"2823",3364,"Sicily","ipsl-cm6a-lr","ssp126",NA,2.79592816431042,21.8234104701451
"2824",3365,"Sicily","ipsl-cm6a-lr","ssp126",NA,0,24.9668779645648
"2825",3366,"Sicily","ipsl-cm6a-lr","ssp126",NA,0,27.0285321916853
"2826",3367,"Sicily","ipsl-cm6a-lr","ssp126",NA,0,27.1904671805246
"2827",3368,"Sicily","ipsl-cm6a-lr","ssp126",NA,0,25.8137145996094
"2828",3369,"Sicily","ipsl-cm6a-lr","ssp126",NA,0,26.6562744140625
"2829",3370,"Sicily","ipsl-cm6a-lr","ssp126",NA,0,26.9348083496094
"2830",3371,"Sicily","ipsl-cm6a-lr","ssp126",NA,0,28.2089041573661
"2831",3372,"Sicily","ipsl-cm6a-lr","ssp126",NA,0,29.4171561104911
"2832",3373,"Sicily","ipsl-cm6a-lr","ssp126",NA,0,29.4757978166853
"2833",3374,"Sicily","ipsl-cm6a-lr","ssp126",NA,0.863661364253078,28.8032645089286
"2834",3375,"Sicily","ipsl-cm6a-lr","ssp126",NA,0,28.5041704450335
"2835",3376,"Sicily","ipsl-cm6a-lr","ssp126",NA,0.410728885409688,28.3616707938058
"2836",3377,"Sicily","ipsl-cm6a-lr","ssp126",NA,0.276521462780823,25.6225132533482
"2837",3378,"Sicily","ipsl-cm6a-lr","ssp126",NA,8.10337035883484,23.0158630371094
"2838",3379,"Sicily","ipsl-cm6a-lr","ssp126",NA,8.56128720001185,22.9026123046875
"2839",3380,"Sicily","ipsl-cm6a-lr","ssp126",NA,0,24.2456691196987
"2840",3381,"Sicily","ipsl-cm6a-lr","ssp126",NA,8.41028501412698,23.1191258021764
"2841",3382,"Sicily","ipsl-cm6a-lr","ssp126",NA,3.4520343557233,21.5306989397322
"2842",3383,"Sicily","ipsl-cm6a-lr","ssp126",NA,1.2615102131219,20.4153817313058
"2843",3384,"Sicily","ipsl-cm6a-lr","ssp126",NA,12.9505471534295,17.9460867745536
"2844",3385,"Sicily","ipsl-cm6a-lr","ssp126",NA,0.0309999618496347,17.6673217773438
"2845",3386,"Sicily","ipsl-cm6a-lr","ssp126",NA,8.54090242646635,15.446435546875
"2846",3387,"Sicily","ipsl-cm6a-lr","ssp126",NA,0.794899068880893,15.2293334960938
"2847",3388,"Sicily","ipsl-cm6a-lr","ssp126",NA,0.0424329526140355,12.5148951939174
"2848",3389,"Sicily","ipsl-cm6a-lr","ssp126",NA,1.35192422167165,14.932999093192
"2849",3390,"Sicily","ipsl-cm6a-lr","ssp126",NA,0,14.7380179268973
"2850",3391,"Sicily","ipsl-cm6a-lr","ssp126",NA,0,14.0971487862723
"2851",3392,"Sicily","ipsl-cm6a-lr","ssp126",NA,0.240983705069604,13.0260559082031
"2852",3393,"Sicily","ipsl-cm6a-lr","ssp126",NA,0.0875672560401394,14.1011945452009
"2853",3394,"Sicily","ipsl-cm6a-lr","ssp126",NA,0.455935134751988,13.2718183244978
"2854",3395,"Sicily","ipsl-cm6a-lr","ssp126",NA,0.345480966747605,12.803839983259
"2855",3396,"Sicily","ipsl-cm6a-lr","ssp126",NA,1.14872224122727,9.71643763950895
"2856",3397,"Sicily","ipsl-cm6a-lr","ssp126",NA,0.179235070079033,13.109024483817
"2857",3398,"Sicily","ipsl-cm6a-lr","ssp126",NA,4.66295678966812,12.7402239118304
"2858",3399,"Sicily","ipsl-cm6a-lr","ssp126",NA,0.824642298123633,12.8903180803572
"2859",3400,"Sicily","ipsl-cm6a-lr","ssp126",NA,4.4253318104893,12.3078552246094
"2860",3401,"Sicily","ipsl-cm6a-lr","ssp126",NA,4.61934063600243,11.6088326590402
"2861",3402,"Sicily","ipsl-cm6a-lr","ssp126",NA,7.76394182965825,12.1288827078683
"2862",3403,"Sicily","ipsl-cm6a-lr","ssp126",NA,4.00444175715425,12.8493896484375
"2863",3404,"Sicily","ipsl-cm6a-lr","ssp126",NA,0.307774324236172,14.396382359096
"2864",3405,"Sicily","ipsl-cm6a-lr","ssp126",NA,0.0396505630175982,16.2641148158482
"2865",3406,"Sicily","ipsl-cm6a-lr","ssp126",NA,7.87541809778694,13.1549752371652
"2866",3407,"Sicily","ipsl-cm6a-lr","ssp126",NA,0,13.4517412458148
"2867",3408,"Sicily","ipsl-cm6a-lr","ssp126",NA,0.0816651538895842,17.6980311802456
"2868",3409,"Sicily","ipsl-cm6a-lr","ssp126",NA,0.439556002571148,19.2319056919643
"2869",3410,"Sicily","ipsl-cm6a-lr","ssp126",NA,0.366828711516324,18.8694876534598
"2870",3411,"Sicily","ipsl-cm6a-lr","ssp126",NA,0.148948746833152,22.2453726632255
"2871",3412,"Sicily","ipsl-cm6a-lr","ssp126",NA,0.0385702039888461,21.2978193010603
"2872",3413,"Sicily","ipsl-cm6a-lr","ssp126",NA,0.196339630721403,20.519904436384
"2873",3414,"Sicily","ipsl-cm6a-lr","ssp126",NA,0.251527026037885,19.6668683733259
"2874",3415,"Sicily","ipsl-cm6a-lr","ssp126",NA,0.354177026643551,19.0795968191964
"2875",3416,"Sicily","ipsl-cm6a-lr","ssp126",NA,0,22.6018266950335
"2876",3417,"Sicily","ipsl-cm6a-lr","ssp126",NA,0,22.4572431291853
"2877",3418,"Sicily","ipsl-cm6a-lr","ssp126",NA,0,22.8192818777902
"2878",3419,"Sicily","ipsl-cm6a-lr","ssp126",NA,1.85538246296346,23.9152596609933
"2879",3420,"Sicily","ipsl-cm6a-lr","ssp126",NA,0,24.3368687220982
"2880",3421,"Sicily","ipsl-cm6a-lr","ssp126",NA,0,25.2053205217634
"2881",3422,"Sicily","ipsl-cm6a-lr","ssp126",NA,0,26.1983581542969
"2882",3423,"Sicily","ipsl-cm6a-lr","ssp126",NA,0,27.6916486467634
"2883",3424,"Sicily","ipsl-cm6a-lr","ssp126",NA,0.0961168365652806,26.0898332868304
"2884",3425,"Sicily","ipsl-cm6a-lr","ssp126",NA,0,27.0077671595982
"2885",3426,"Sicily","ipsl-cm6a-lr","ssp126",NA,0.189758437253269,28.245268031529
"2886",3427,"Sicily","ipsl-cm6a-lr","ssp126",NA,0.181706668809056,27.9609444754464
"2887",3428,"Sicily","ipsl-cm6a-lr","ssp126",NA,2.5901647579823,28.2737365722656
"2888",3429,"Sicily","ipsl-cm6a-lr","ssp126",NA,0.34286752488697,26.3020132882255
"2889",3430,"Sicily","ipsl-cm6a-lr","ssp126",NA,2.08420400782156,25.9625139508929
"2890",3431,"Sicily","ipsl-cm6a-lr","ssp126",NA,3.00213168510319,23.5110238211496
"2891",3432,"Sicily","ipsl-cm6a-lr","ssp126",NA,11.6585215553641,20.3852172851563
"2892",3433,"Sicily","ipsl-cm6a-lr","ssp126",NA,0,21.1563528878348
"2893",3434,"Sicily","ipsl-cm6a-lr","ssp126",NA,0.0190348432494959,19.9737400599889
"2894",3435,"Sicily","ipsl-cm6a-lr","ssp126",NA,8.59281129835706,17.2260637555804
"2895",3436,"Sicily","ipsl-cm6a-lr","ssp126",NA,3.50661555421539,17.564839390346
"2896",3437,"Sicily","ipsl-cm6a-lr","ssp126",NA,4.48590403040206,15.203764125279
"2897",3438,"Sicily","ipsl-cm6a-lr","ssp126",NA,2.54693523082616,16.133185686384
"2898",3439,"Sicily","ipsl-cm6a-lr","ssp126",NA,0.40333540694389,15.3363455636161
"2899",3440,"Sicily","ipsl-cm6a-lr","ssp126",NA,0.0486138802703603,16.1652988978795
"2900",3441,"Sicily","ipsl-cm6a-lr","ssp126",NA,0,15.7811043875558
"2901",3442,"Sicily","ipsl-cm6a-lr","ssp126",NA,5.54344395641237,12.5432067871094
"2902",3443,"Sicily","ipsl-cm6a-lr","ssp126",NA,0.710759408788623,11.6665457589286
"2903",3444,"Sicily","ipsl-cm6a-lr","ssp126",NA,0.345281664548176,12.2202130998884
"2904",3445,"Sicily","ipsl-cm6a-lr","ssp126",NA,3.4130987896268,13.8724696568081
"2905",3446,"Sicily","ipsl-cm6a-lr","ssp126",NA,11.4344220267542,7.71139351981029
"2906",3447,"Sicily","ipsl-cm6a-lr","ssp126",NA,3.6714803452404,11.6863865443639
"2907",3448,"Sicily","ipsl-cm6a-lr","ssp126",NA,0.749122837026204,11.9191659109933
"2908",3449,"Sicily","ipsl-cm6a-lr","ssp126",NA,0,13.5600830078125
"2909",3450,"Sicily","ipsl-cm6a-lr","ssp126",NA,2.62116292651626,12.0967476981027
"2910",3451,"Sicily","ipsl-cm6a-lr","ssp126",NA,0.100678134965295,12.1417175292969
"2911",3452,"Sicily","ipsl-cm6a-lr","ssp126",NA,3.06739556399407,11.3576686314174
"2912",3453,"Sicily","ipsl-cm6a-lr","ssp126",NA,10.257036616427,10.1797424316406
"2913",3454,"Sicily","ipsl-cm6a-lr","ssp126",NA,10.4908793665735,10.0111328125
"2914",3455,"Sicily","ipsl-cm6a-lr","ssp126",NA,0,13.9214939662389
"2915",3456,"Sicily","ipsl-cm6a-lr","ssp126",NA,6.78680070725802,13.8503051757813
"2916",3457,"Sicily","ipsl-cm6a-lr","ssp126",NA,0.210771584118317,15.580708530971
"2917",3458,"Sicily","ipsl-cm6a-lr","ssp126",NA,4.92460846341731,14.5202357700893
"2918",3459,"Sicily","ipsl-cm6a-lr","ssp126",NA,0.137230293330504,15.1015912737165
"2919",3460,"Sicily","ipsl-cm6a-lr","ssp126",NA,0,14.9557782854353
"2920",3461,"Sicily","ipsl-cm6a-lr","ssp126",NA,7.0586840663704,16.5476449148996
"2921",3462,"Sicily","ipsl-cm6a-lr","ssp126",NA,0,16.2769278390067
"2922",3463,"Sicily","ipsl-cm6a-lr","ssp126",NA,3.35141854759838,16.4302176339286
"2923",3464,"Sicily","ipsl-cm6a-lr","ssp126",NA,0.287844508420676,17.0796360560826
"2924",3465,"Sicily","ipsl-cm6a-lr","ssp126",NA,0.0714606825827754,19.3626081194197
"2925",3466,"Sicily","ipsl-cm6a-lr","ssp126",NA,0,18.8674996512277
"2926",3467,"Sicily","ipsl-cm6a-lr","ssp126",NA,0.165276944920022,19.8604675292969
"2927",3468,"Sicily","ipsl-cm6a-lr","ssp126",NA,0,21.3664576939174
"2928",3469,"Sicily","ipsl-cm6a-lr","ssp126",NA,0.131470895887885,24.4005937848773
"2929",3470,"Sicily","ipsl-cm6a-lr","ssp126",NA,0,23.4510219029018
"2930",3471,"Sicily","ipsl-cm6a-lr","ssp126",NA,0,25.5071698869978
"2931",3472,"Sicily","ipsl-cm6a-lr","ssp126",NA,0,27.6199802943639
"2932",3473,"Sicily","ipsl-cm6a-lr","ssp126",NA,0,28.9566632952009
"2933",3474,"Sicily","ipsl-cm6a-lr","ssp126",NA,0,25.9911394391741
"2934",3475,"Sicily","ipsl-cm6a-lr","ssp126",NA,0,24.8786124093192
"2935",3476,"Sicily","ipsl-cm6a-lr","ssp126",NA,0.214396001371954,25.0197256905692
"2936",3477,"Sicily","ipsl-cm6a-lr","ssp126",NA,0,26.7475263323103
"2937",3478,"Sicily","ipsl-cm6a-lr","ssp126",NA,1.27764782020157,26.9883536202567
"2938",3479,"Sicily","ipsl-cm6a-lr","ssp126",NA,0,29.2960885184152
"2939",3480,"Sicily","ipsl-cm6a-lr","ssp126",NA,0,28.1342581612723
"2940",3481,"Sicily","ipsl-cm6a-lr","ssp126",NA,0.281384882951638,25.9972734723773
"2941",3482,"Sicily","ipsl-cm6a-lr","ssp126",NA,0.0708471328835003,25.3213178362165
"2942",3483,"Sicily","ipsl-cm6a-lr","ssp126",NA,4.68226962631369,24.1864039829799
"2943",3484,"Sicily","ipsl-cm6a-lr","ssp126",NA,2.51759109710942,21.9126656668527
"2944",3485,"Sicily","ipsl-cm6a-lr","ssp126",NA,0.230411236407235,22.9322187151228
"2945",3486,"Sicily","ipsl-cm6a-lr","ssp126",NA,2.38125768332143,22.6966055733817
"2946",3487,"Sicily","ipsl-cm6a-lr","ssp126",NA,2.3686655707674,20.8992204938616
"2947",3488,"Sicily","ipsl-cm6a-lr","ssp126",NA,0.178818818780461,20.2656537737165
"2948",3489,"Sicily","ipsl-cm6a-lr","ssp126",NA,0,15.7607360839844
"2949",3490,"Sicily","ipsl-cm6a-lr","ssp126",NA,0,14.7800101143973
"2950",3491,"Sicily","ipsl-cm6a-lr","ssp126",NA,0.241856732671814,16.3229396275112
"2951",3492,"Sicily","ipsl-cm6a-lr","ssp126",NA,0.0602810909705503,16.229643031529
"2952",3493,"Sicily","ipsl-cm6a-lr","ssp126",NA,0,11.8775181361607
"2953",3494,"Sicily","ipsl-cm6a-lr","ssp126",NA,0,14.8248099190848
"2954",3495,"Sicily","ipsl-cm6a-lr","ssp126",NA,6.34474937749993,12.3237156459264
"2955",3496,"Sicily","ipsl-cm6a-lr","ssp126",NA,0.0738531901983411,14.071662248884
"2956",3497,"Sicily","ipsl-cm6a-lr","ssp126",NA,3.21170750373442,12.5438956124442
"2957",3498,"Sicily","ipsl-cm6a-lr","ssp126",NA,1.64454621844925,12.1954066685268
"2958",3499,"Sicily","ipsl-cm6a-lr","ssp126",NA,1.73290819678056,11.942777797154
"2959",3500,"Sicily","ipsl-cm6a-lr","ssp126",NA,3.85323912404211,12.6674918038505
"2960",3501,"Sicily","ipsl-cm6a-lr","ssp126",NA,0.0606663142597037,12.7368146623884
"2961",3502,"Sicily","ipsl-cm6a-lr","ssp126",NA,2.94340534268745,11.4146580287389
"2962",3503,"Sicily","ipsl-cm6a-lr","ssp126",NA,2.18153830085482,12.3233101981027
"2963",3504,"Sicily","ipsl-cm6a-lr","ssp126",NA,0.238349186838605,13.3678353445871
"2964",3505,"Sicily","ipsl-cm6a-lr","ssp126",NA,5.70181863981166,10.51748046875
"2965",3506,"Sicily","ipsl-cm6a-lr","ssp126",NA,0,13.8494899204799
"2966",3507,"Sicily","ipsl-cm6a-lr","ssp126",NA,0.48583091369697,14.8714407784598
"2967",3508,"Sicily","ipsl-cm6a-lr","ssp126",NA,0.0351037304166571,17.0903215680804
"2968",3509,"Sicily","ipsl-cm6a-lr","ssp126",NA,0,17.5420994349889
"2969",3510,"Sicily","ipsl-cm6a-lr","ssp126",NA,3.667646545052,16.2142665318081
"2970",3511,"Sicily","ipsl-cm6a-lr","ssp126",NA,0.0758273178299922,15.6751691545759
"2971",3512,"Sicily","ipsl-cm6a-lr","ssp126",NA,9.12926382568133,14.5651663643973
"2972",3513,"Sicily","ipsl-cm6a-lr","ssp126",NA,3.48267210148541,17.6991516113281
"2973",3514,"Sicily","ipsl-cm6a-lr","ssp126",NA,0.853506965462917,17.9784746442523
"2974",3515,"Sicily","ipsl-cm6a-lr","ssp126",NA,8.383980738498,18.6026157924107
"2975",3516,"Sicily","ipsl-cm6a-lr","ssp126",NA,2.63011252307998,19.7823076520648
"2976",3517,"Sicily","ipsl-cm6a-lr","ssp126",NA,2.25315507767456,18.2114153180804
"2977",3518,"Sicily","ipsl-cm6a-lr","ssp126",NA,0,21.7140223911831
"2978",3519,"Sicily","ipsl-cm6a-lr","ssp126",NA,0,21.8778799874442
"2979",3520,"Sicily","ipsl-cm6a-lr","ssp126",NA,0,22.213752092634
"2980",3521,"Sicily","ipsl-cm6a-lr","ssp126",NA,0.543303795815778,22.2753278459822
"2981",3522,"Sicily","ipsl-cm6a-lr","ssp126",NA,0,23.8266453334264
"2982",3523,"Sicily","ipsl-cm6a-lr","ssp126",NA,0,22.0632350376674
"2983",3524,"Sicily","ipsl-cm6a-lr","ssp126",NA,0,24.1069013323103
"2984",3525,"Sicily","ipsl-cm6a-lr","ssp126",NA,0,25.9131844656808
"2985",3526,"Sicily","ipsl-cm6a-lr","ssp126",NA,0,23.790434047154
"2986",3527,"Sicily","ipsl-cm6a-lr","ssp126",NA,0.0163972519658273,25.7664603097098
"2987",3528,"Sicily","ipsl-cm6a-lr","ssp126",NA,0.0267542435072495,24.6993129185268
"2988",3529,"Sicily","ipsl-cm6a-lr","ssp126",NA,0.0983063206409237,26.6909554617746
"2989",3530,"Sicily","ipsl-cm6a-lr","ssp126",NA,0.284803656852871,28.787251499721
"2990",3531,"Sicily","ipsl-cm6a-lr","ssp126",NA,0,28.1414167131697
"2991",3532,"Sicily","ipsl-cm6a-lr","ssp126",NA,0.113201830702435,27.1978785923549
"2992",3533,"Sicily","ipsl-cm6a-lr","ssp126",NA,0,26.6014168875558
"2993",3534,"Sicily","ipsl-cm6a-lr","ssp126",NA,2.88839955215475,26.1116359165737
"2994",3535,"Sicily","ipsl-cm6a-lr","ssp126",NA,8.37500333852534,23.6300423758371
"2995",3536,"Sicily","ipsl-cm6a-lr","ssp126",NA,4.74532214492293,23.9879525320871
"2996",3537,"Sicily","ipsl-cm6a-lr","ssp126",NA,0,26.5487653459822
"2997",3538,"Sicily","ipsl-cm6a-lr","ssp126",NA,0,22.8705601283482
"2998",3539,"Sicily","ipsl-cm6a-lr","ssp126",NA,2.96513446872788,19.8041974748884
"2999",3540,"Sicily","ipsl-cm6a-lr","ssp126",NA,2.17671023341869,18.4359636579241
"3000",3541,"Sicily","ipsl-cm6a-lr","ssp126",NA,4.32124563625881,18.6825849260603
"3001",3542,"Sicily","ipsl-cm6a-lr","ssp126",NA,6.49760877048331,17.445690046038
"3002",3543,"Sicily","ipsl-cm6a-lr","ssp126",NA,0,17.0562377929688
"3003",3544,"Sicily","ipsl-cm6a-lr","ssp126",NA,5.45840717261724,16.342911202567
"3004",3545,"Sicily","ipsl-cm6a-lr","ssp126",NA,4.63511057127367,15.8860586983817
"3005",3546,"Sicily","ipsl-cm6a-lr","ssp126",NA,0,15.5663870675223
"3006",3547,"Sicily","ipsl-cm6a-lr","ssp126",NA,11.0457926389894,13.6782645089286
"3007",3548,"Sicily","ipsl-cm6a-lr","ssp126",NA,4.91989220317919,11.4765127999442
"3008",3549,"Sicily","ipsl-cm6a-lr","ssp126",NA,0.547580559006227,13.2941092354911
"3009",3550,"Sicily","ipsl-cm6a-lr","ssp126",NA,2.65668318606913,12.8554016113281
"3010",3551,"Sicily","ipsl-cm6a-lr","ssp126",NA,0,13.5740077427456
"3011",3552,"Sicily","ipsl-cm6a-lr","ssp126",NA,11.3269272393414,10.4479134695871
"3012",3553,"Sicily","ipsl-cm6a-lr","ssp126",NA,3.41287544745553,10.5864850725447
"3013",3554,"Sicily","ipsl-cm6a-lr","ssp126",NA,0.0968055694102077,12.6487758091518
"3014",3555,"Sicily","ipsl-cm6a-lr","ssp126",NA,3.61420082127941,11.8371346609933
"3015",3556,"Sicily","ipsl-cm6a-lr","ssp126",NA,2.02811680584481,11.3456316266741
"3016",3557,"Sicily","ipsl-cm6a-lr","ssp126",NA,7.00118221616971,10.2359340122768
"3017",3558,"Sicily","ipsl-cm6a-lr","ssp126",NA,12.2326224410374,11.5174063546317
"3018",3559,"Sicily","ipsl-cm6a-lr","ssp126",NA,0.622151546953579,11.9360552106585
"3019",3560,"Sicily","ipsl-cm6a-lr","ssp126",NA,0.242172190649269,13.7482718331473
"3020",3561,"Sicily","ipsl-cm6a-lr","ssp126",NA,3.14530886155678,12.8096819196429
"3021",3562,"Sicily","ipsl-cm6a-lr","ssp126",NA,0,14.1756269182478
"3022",3563,"Sicily","ipsl-cm6a-lr","ssp126",NA,0.700860773577006,15.3480555943081
"3023",3564,"Sicily","ipsl-cm6a-lr","ssp126",NA,5.18324292986238,14.7851763044085
"3024",3565,"Sicily","ipsl-cm6a-lr","ssp126",NA,4.11815409066289,13.891002546038
"3025",3566,"Sicily","ipsl-cm6a-lr","ssp126",NA,0.0572370288344765,16.8409842354911
"3026",3567,"Sicily","ipsl-cm6a-lr","ssp126",NA,0.0981356567665768,16.429328264509
"3027",3568,"Sicily","ipsl-cm6a-lr","ssp126",NA,0.139350910155502,17.3529078892299
"3028",3569,"Sicily","ipsl-cm6a-lr","ssp126",NA,0,19.8334071568081
"3029",3570,"Sicily","ipsl-cm6a-lr","ssp126",NA,0.658221536338845,20.7674368722098
"3030",3571,"Sicily","ipsl-cm6a-lr","ssp126",NA,0,22.7511971609933
"3031",3572,"Sicily","ipsl-cm6a-lr","ssp126",NA,0,26.3200099400112
"3032",3573,"Sicily","ipsl-cm6a-lr","ssp126",NA,0,25.0704807826451
"3033",3574,"Sicily","ipsl-cm6a-lr","ssp126",NA,0,27.5580906459264
"3034",3575,"Sicily","ipsl-cm6a-lr","ssp126",NA,0,26.841934640067
"3035",3576,"Sicily","ipsl-cm6a-lr","ssp126",NA,0,24.7046360560826
"3036",3577,"Sicily","ipsl-cm6a-lr","ssp126",NA,0,25.0286324637277
"3037",3578,"Sicily","ipsl-cm6a-lr","ssp126",NA,0,26.5805646623884
"3038",3579,"Sicily","ipsl-cm6a-lr","ssp126",NA,0,26.5172624860491
"3039",3580,"Sicily","ipsl-cm6a-lr","ssp126",NA,0,25.6420096261161
"3040",3581,"Sicily","ipsl-cm6a-lr","ssp126",NA,0,26.7847795758929
"3041",3582,"Sicily","ipsl-cm6a-lr","ssp126",NA,0.0237377490390957,29.5542846679688
"3042",3583,"Sicily","ipsl-cm6a-lr","ssp126",NA,1.50165776722133,28.0946899414063
"3043",3584,"Sicily","ipsl-cm6a-lr","ssp126",NA,0,25.7441955566406
"3044",3585,"Sicily","ipsl-cm6a-lr","ssp126",NA,3.6099023418501,22.5070870535714
"3045",3586,"Sicily","ipsl-cm6a-lr","ssp126",NA,1.41215000891991,22.7879664829799
"3046",3587,"Sicily","ipsl-cm6a-lr","ssp126",NA,0,23.7985604422433
"3047",3588,"Sicily","ipsl-cm6a-lr","ssp126",NA,0,23.830695452009
"3048",3589,"Sicily","ipsl-cm6a-lr","ssp126",NA,0,22.5133518763951
"3049",3590,"Sicily","ipsl-cm6a-lr","ssp126",NA,0,22.1228925432478
"3050",3591,"Sicily","ipsl-cm6a-lr","ssp126",NA,0.841073781651046,22.6067661830357
"3051",3592,"Sicily","ipsl-cm6a-lr","ssp126",NA,2.73976861509644,21.1418003627232
"3052",3593,"Sicily","ipsl-cm6a-lr","ssp126",NA,5.75345592120097,22.1138767787389
"3053",3594,"Sicily","ipsl-cm6a-lr","ssp126",NA,0.7664136078217,20.7686532156808
"3054",3595,"Sicily","ipsl-cm6a-lr","ssp126",NA,1.8492100219841,20.3290257045201
"3055",3596,"Sicily","ipsl-cm6a-lr","ssp126",NA,7.23685122959848,17.2339503696987
"3056",3597,"Sicily","ipsl-cm6a-lr","ssp126",NA,14.7143928350748,14.1431649344308
"3057",3598,"Sicily","ipsl-cm6a-lr","ssp126",NA,9.01366363312783,10.9590000697545
"3058",3599,"Sicily","ipsl-cm6a-lr","ssp126",NA,11.856198309189,11.5430803571429
"3059",3600,"Sicily","ipsl-cm6a-lr","ssp126",NA,0.844042357545862,12.5532121930804
"3060",3601,"Sicily","ipsl-cm6a-lr","ssp126",NA,1.45257669313911,11.1800170898438
"3061",3602,"Sicily","ipsl-cm6a-lr","ssp126",NA,0.632613857201899,12.7175624302456
"3062",3603,"Sicily","ipsl-cm6a-lr","ssp126",NA,10.1516986348932,11.629048374721
"3063",3604,"Sicily","ipsl-cm6a-lr","ssp126",NA,4.264108118202,8.6113220214844
"3064",3605,"Sicily","ipsl-cm6a-lr","ssp126",NA,0.383283962790821,11.1716683523996
"3065",3606,"Sicily","ipsl-cm6a-lr","ssp126",NA,2.73262210622696,10.5528241838728
"3066",3607,"Sicily","ipsl-cm6a-lr","ssp126",NA,0,12.167618233817
"3067",3608,"Sicily","ipsl-cm6a-lr","ssp126",NA,0.704427090490104,11.4355887276786
"3068",3609,"Sicily","ipsl-cm6a-lr","ssp126",NA,1.06858494317359,13.5339556012835
"3069",3610,"Sicily","ipsl-cm6a-lr","ssp126",NA,0.403627972783787,11.5834638323103
"3070",3611,"Sicily","ipsl-cm6a-lr","ssp126",NA,0.92890553351026,13.4089163643973
"3071",3612,"Sicily","ipsl-cm6a-lr","ssp126",NA,0.0267689380312471,15.4392813546317
"3072",3613,"Sicily","ipsl-cm6a-lr","ssp126",NA,0,14.4983982631139
"3073",3614,"Sicily","ipsl-cm6a-lr","ssp126",NA,0,15.6733206612723
"3074",3615,"Sicily","ipsl-cm6a-lr","ssp126",NA,0.46370955949117,17.4504900251116
"3075",3616,"Sicily","ipsl-cm6a-lr","ssp126",NA,0.335570871435006,17.5153703962054
"3076",3617,"Sicily","ipsl-cm6a-lr","ssp126",NA,0.735829947786572,17.495987374442
"3077",3618,"Sicily","ipsl-cm6a-lr","ssp126",NA,2.74483273647742,18.110977608817
"3078",3619,"Sicily","ipsl-cm6a-lr","ssp126",NA,0,18.2571132114956
"3079",3620,"Sicily","ipsl-cm6a-lr","ssp126",NA,0,21.4662719726563
"3080",3621,"Sicily","ipsl-cm6a-lr","ssp126",NA,2.70691060982894,18.7443350655692
"3081",3622,"Sicily","ipsl-cm6a-lr","ssp126",NA,0.114715509802668,22.1164533342634
"3082",3623,"Sicily","ipsl-cm6a-lr","ssp126",NA,0.0577932429483293,24.6805402483259
"3083",3624,"Sicily","ipsl-cm6a-lr","ssp126",NA,0.139872478757752,24.6921151297433
"3084",3625,"Sicily","ipsl-cm6a-lr","ssp126",NA,0.676402503138109,25.7105346679688
"3085",3626,"Sicily","ipsl-cm6a-lr","ssp126",NA,0,24.9605041503906
"3086",3627,"Sicily","ipsl-cm6a-lr","ssp126",NA,0.253327144517763,24.890278843471
"3087",3628,"Sicily","ipsl-cm6a-lr","ssp126",NA,0,25.8030421665737
"3088",3629,"Sicily","ipsl-cm6a-lr","ssp126",NA,0,25.6707310267857
"3089",3630,"Sicily","ipsl-cm6a-lr","ssp126",NA,0,26.603178187779
"3090",3631,"Sicily","ipsl-cm6a-lr","ssp126",NA,0,29.2312037876674
"3091",3632,"Sicily","ipsl-cm6a-lr","ssp126",NA,0,25.0748142787389
"3092",3633,"Sicily","ipsl-cm6a-lr","ssp126",NA,0,25.3476414271764
"3093",3634,"Sicily","ipsl-cm6a-lr","ssp126",NA,0,24.4459559849331
"3094",3635,"Sicily","ipsl-cm6a-lr","ssp126",NA,0.0160963313516861,25.3384033203125
"3095",3636,"Sicily","ipsl-cm6a-lr","ssp126",NA,0.0365855101076055,24.8363412039621
"3096",3637,"Sicily","ipsl-cm6a-lr","ssp126",NA,0.33326509687218,23.2787894112723
"3097",3638,"Sicily","ipsl-cm6a-lr","ssp126",NA,0,21.9526000976563
"3098",3639,"Sicily","ipsl-cm6a-lr","ssp126",NA,0.0511184953731052,21.2298174176898
"3099",3640,"Sicily","ipsl-cm6a-lr","ssp126",NA,0.0161701056640595,22.5276951381139
"3100",3641,"Sicily","ipsl-cm6a-lr","ssp126",NA,0,22.4484453473773
"3101",3642,"Sicily","ipsl-cm6a-lr","ssp126",NA,1.28939467207861,22.0970877511161
"3102",3643,"Sicily","ipsl-cm6a-lr","ssp126",NA,2.23947006410786,21.5007917131697
"3103",3644,"Sicily","ipsl-cm6a-lr","ssp126",NA,0,22.7575971330915
"3104",3645,"Sicily","ipsl-cm6a-lr","ssp126",NA,0,21.6744192940848
"3105",3646,"Sicily","ipsl-cm6a-lr","ssp126",NA,13.6249740990544,18.6872889927456
"3106",3647,"Sicily","ipsl-cm6a-lr","ssp126",NA,8.06219945983944,17.2090087890625
"3107",3648,"Sicily","ipsl-cm6a-lr","ssp126",NA,2.85411414058347,17.2889866420201
"3108",3649,"Sicily","ipsl-cm6a-lr","ssp126",NA,0.808990258623713,13.9023027692523
"3109",3650,"Sicily","ipsl-cm6a-lr","ssp126",NA,0.0247730927575114,15.5121878487723
"3110",3651,"Sicily","ipsl-cm6a-lr","ssp126",NA,0.371309584339282,14.0113377162389
"3111",3652,"Sicily","ipsl-cm6a-lr","ssp126",NA,0.341230982615213,14.8252938406808
"3112",3653,"Sicily","ipsl-cm6a-lr","ssp126",NA,3.86170066090667,13.1213448660715
"3113",3654,"Sicily","ipsl-cm6a-lr","ssp126",NA,10.8643711270166,9.6916704450335
"3114",3655,"Sicily","ipsl-cm6a-lr","ssp126",NA,16.9456544864391,9.97667410714288
"3115",3656,"Sicily","ipsl-cm6a-lr","ssp126",NA,17.9935214192873,7.04009399414065
"3116",3657,"Sicily","ipsl-cm6a-lr","ssp126",NA,8.88816876104102,9.47390572684154
"3117",3658,"Sicily","ipsl-cm6a-lr","ssp126",NA,2.74219481684018,10.634406389509
"3118",3659,"Sicily","ipsl-cm6a-lr","ssp126",NA,7.32716280867213,8.48626098632815
"3119",3660,"Sicily","ipsl-cm6a-lr","ssp126",NA,1.26574930826402,10.8338038853237
"3120",3661,"Sicily","ipsl-cm6a-lr","ssp126",NA,0.117461154669789,11.0960545131139
"3121",3662,"Sicily","ipsl-cm6a-lr","ssp126",NA,0,11.4665509905134
"3122",3663,"Sicily","ipsl-cm6a-lr","ssp126",NA,7.26669711002614,12.9589259556362
"3123",3664,"Sicily","ipsl-cm6a-lr","ssp126",NA,1.80526307594846,11.7981985909598
"3124",3665,"Sicily","ipsl-cm6a-lr","ssp126",NA,6.6206252747049,12.4020106724331
"3125",3666,"Sicily","ipsl-cm6a-lr","ssp126",NA,2.56366220169834,14.4500714983259
"3126",3667,"Sicily","ipsl-cm6a-lr","ssp126",NA,0,14.2479666573661
"3127",3668,"Sicily","ipsl-cm6a-lr","ssp126",NA,0.0425882666604593,15.9401271275112
"3128",3669,"Sicily","ipsl-cm6a-lr","ssp126",NA,0.0685697174048983,16.8251586914063
"3129",3670,"Sicily","ipsl-cm6a-lr","ssp126",NA,5.93309771751852,14.3427368164063
"3130",3671,"Sicily","ipsl-cm6a-lr","ssp126",NA,3.93445691162404,17.1552368164063
"3131",3672,"Sicily","ipsl-cm6a-lr","ssp126",NA,0.177764295845658,16.7099984305246
"3132",3673,"Sicily","ipsl-cm6a-lr","ssp126",NA,2.13793373778961,18.1962873186384
"3133",3674,"Sicily","ipsl-cm6a-lr","ssp126",NA,1.29526560028483,20.1908813476563
"3134",3675,"Sicily","ipsl-cm6a-lr","ssp126",NA,0.0622955036565794,20.8492370605469
"3135",3676,"Sicily","ipsl-cm6a-lr","ssp126",NA,1.55147417369465,20.7978193010603
"3136",3677,"Sicily","ipsl-cm6a-lr","ssp126",NA,0.170126889965364,21.9446524483817
"3137",3678,"Sicily","ipsl-cm6a-lr","ssp126",NA,0.155727777538622,24.7724417550223
"3138",3679,"Sicily","ipsl-cm6a-lr","ssp126",NA,3.15107307064214,25.381964983259
"3139",3680,"Sicily","ipsl-cm6a-lr","ssp126",NA,0.666818930195794,24.8837088448661
"3140",3681,"Sicily","ipsl-cm6a-lr","ssp126",NA,0.0341457574644924,26.016251046317
"3141",3682,"Sicily","ipsl-cm6a-lr","ssp126",NA,0,26.6061296735491
"3142",3683,"Sicily","ipsl-cm6a-lr","ssp126",NA,0.0185601969341016,25.643927873884
"3143",3684,"Sicily","ipsl-cm6a-lr","ssp126",NA,0,26.9978358677456
"3144",3685,"Sicily","ipsl-cm6a-lr","ssp126",NA,0,29.20986328125
"3145",3686,"Sicily","ipsl-cm6a-lr","ssp126",NA,0,30.521875
"3146",3687,"Sicily","ipsl-cm6a-lr","ssp126",NA,0.156544381648668,29.6688912527902
"3147",3688,"Sicily","ipsl-cm6a-lr","ssp126",NA,0.551852916084629,29.3448381696429
"3148",3689,"Sicily","ipsl-cm6a-lr","ssp126",NA,0,28.6586635044643
"3149",3690,"Sicily","ipsl-cm6a-lr","ssp126",NA,0,25.5913984026228
"3150",3691,"Sicily","ipsl-cm6a-lr","ssp126",NA,0,24.7571524483817
"3151",3692,"Sicily","ipsl-cm6a-lr","ssp126",NA,0.0450341331348422,25.3489362444197
"3152",3693,"Sicily","ipsl-cm6a-lr","ssp126",NA,0.0297314758686947,24.2356070382255
"3153",3694,"Sicily","ipsl-cm6a-lr","ssp126",NA,4.11595076522125,20.8980085100447
"3154",3695,"Sicily","ipsl-cm6a-lr","ssp126",NA,6.77045929644789,20.6940028599331
"3155",3696,"Sicily","ipsl-cm6a-lr","ssp126",NA,4.1282119591155,17.8315455845424
"3156",3697,"Sicily","ipsl-cm6a-lr","ssp126",NA,0.122936203531156,20.0094674246652
"3157",3698,"Sicily","ipsl-cm6a-lr","ssp126",NA,8.34771386746849,17.4652125767299
"3158",3699,"Sicily","ipsl-cm6a-lr","ssp126",NA,1.07104732555204,15.2571437290737
"3159",3700,"Sicily","ipsl-cm6a-lr","ssp126",NA,7.5357659598272,14.5536481584822
"3160",3701,"Sicily","ipsl-cm6a-lr","ssp126",NA,2.50690135289915,14.3406877790179
"3161",3702,"Sicily","ipsl-cm6a-lr","ssp126",NA,0,15.2783447265625
"3162",3703,"Sicily","ipsl-cm6a-lr","ssp126",NA,0,14.8422834123884
"3163",3704,"Sicily","ipsl-cm6a-lr","ssp126",NA,0,14.2031450544085
"3164",3705,"Sicily","ipsl-cm6a-lr","ssp126",NA,1.6743382039879,12.7706150599889
"3165",3706,"Sicily","ipsl-cm6a-lr","ssp126",NA,4.87565572506615,10.6911516462054
"3166",3707,"Sicily","ipsl-cm6a-lr","ssp126",NA,24.7167449943455,10.578519984654
"3167",3708,"Sicily","ipsl-cm6a-lr","ssp126",NA,2.25459960888007,11.5394836425781
"3168",3709,"Sicily","ipsl-cm6a-lr","ssp126",NA,0,12.2801016671317
"3169",3710,"Sicily","ipsl-cm6a-lr","ssp126",NA,2.92244581006733,12.2564156668527
"3170",3711,"Sicily","ipsl-cm6a-lr","ssp126",NA,1.62296926745122,12.1400608607701
"3171",3712,"Sicily","ipsl-cm6a-lr","ssp126",NA,0,13.929345703125
"3172",3713,"Sicily","ipsl-cm6a-lr","ssp126",NA,0,12.8130737304688
"3173",3714,"Sicily","ipsl-cm6a-lr","ssp126",NA,6.70604667559798,10.6414036342076
"3174",3715,"Sicily","ipsl-cm6a-lr","ssp126",NA,0,14.8839660644531
"3175",3716,"Sicily","ipsl-cm6a-lr","ssp126",NA,0,15.1172991071429
"3176",3717,"Sicily","ipsl-cm6a-lr","ssp126",NA,0.105900309478914,15.4336312430246
"3177",3718,"Sicily","ipsl-cm6a-lr","ssp126",NA,0.93222490748823,13.5065638950893
"3178",3719,"Sicily","ipsl-cm6a-lr","ssp126",NA,4.95518170313777,11.0775172642299
"3179",3720,"Sicily","ipsl-cm6a-lr","ssp126",NA,0,14.9104858398438
"3180",3721,"Sicily","ipsl-cm6a-lr","ssp126",NA,3.56559964857297,14.4709847586496
"3181",3722,"Sicily","ipsl-cm6a-lr","ssp126",NA,0,17.4851754324777
"3182",3723,"Sicily","ipsl-cm6a-lr","ssp126",NA,3.04180595693262,14.2954956054688
"3183",3724,"Sicily","ipsl-cm6a-lr","ssp126",NA,4.55613435811496,14.4850751604353
"3184",3725,"Sicily","ipsl-cm6a-lr","ssp126",NA,2.63835630539688,17.3690952845982
"3185",3726,"Sicily","ipsl-cm6a-lr","ssp126",NA,0,16.863427734375
"3186",3727,"Sicily","ipsl-cm6a-lr","ssp126",NA,0.0709238272975199,18.8847333635603
"3187",3728,"Sicily","ipsl-cm6a-lr","ssp126",NA,0,17.1417742047991
"3188",3729,"Sicily","ipsl-cm6a-lr","ssp126",NA,0,22.6912649972098
"3189",3730,"Sicily","ipsl-cm6a-lr","ssp126",NA,0,29.1503452845982
"3190",3731,"Sicily","ipsl-cm6a-lr","ssp126",NA,0,32.173734828404
"3191",3732,"Sicily","ipsl-cm6a-lr","ssp126",NA,0.0299110908859542,25.5368504115514
"3192",3733,"Sicily","ipsl-cm6a-lr","ssp126",NA,0,24.5376656668527
"3193",3734,"Sicily","ipsl-cm6a-lr","ssp126",NA,0,24.7744777134487
"3194",3735,"Sicily","ipsl-cm6a-lr","ssp126",NA,0,25.8050083705357
"3195",3736,"Sicily","ipsl-cm6a-lr","ssp126",NA,0.0150380169153712,28.9494524274554
"3196",3737,"Sicily","ipsl-cm6a-lr","ssp126",NA,2.07873846437516,28.9164847237723
"3197",3738,"Sicily","ipsl-cm6a-lr","ssp126",NA,0,30.6120936802456
"3198",3739,"Sicily","ipsl-cm6a-lr","ssp126",NA,0,29.7789725167411
"3199",3740,"Sicily","ipsl-cm6a-lr","ssp126",NA,0,32.4316563197545
"3200",3741,"Sicily","ipsl-cm6a-lr","ssp126",NA,0,31.4541434151786
"3201",3742,"Sicily","ipsl-cm6a-lr","ssp126",NA,0.297474551812879,28.7067243303572
"3202",3743,"Sicily","ipsl-cm6a-lr","ssp126",NA,0,24.2753234863281
"3203",3744,"Sicily","ipsl-cm6a-lr","ssp126",NA,0.9461225931383,25.4604649135045
"3204",3745,"Sicily","ipsl-cm6a-lr","ssp126",NA,1.10843543282369,23.4534284319197
"3205",3746,"Sicily","ipsl-cm6a-lr","ssp126",NA,9.12261199971129,23.6330505371094
"3206",3747,"Sicily","ipsl-cm6a-lr","ssp126",NA,0,22.457892717634
"3207",3748,"Sicily","ipsl-cm6a-lr","ssp126",NA,0.431163438198772,20.1206865583148
"3208",3749,"Sicily","ipsl-cm6a-lr","ssp126",NA,0,21.2720319475447
"3209",3750,"Sicily","ipsl-cm6a-lr","ssp126",NA,3.09320457579036,20.1620422363281
"3210",3751,"Sicily","ipsl-cm6a-lr","ssp126",NA,8.86282466983955,15.7233389718192
"3211",3752,"Sicily","ipsl-cm6a-lr","ssp126",NA,2.95457257473442,13.9381652832031
"3212",3753,"Sicily","ipsl-cm6a-lr","ssp126",NA,9.02352020119516,12.8957850864956
"3213",3754,"Sicily","ipsl-cm6a-lr","ssp126",NA,1.91196967165784,13.3624686104911
"3214",3755,"Sicily","ipsl-cm6a-lr","ssp126",NA,3.89745376804577,10.9540605817523
"3215",3756,"Sicily","ipsl-cm6a-lr","ssp126",NA,1.30683417581687,12.0369594029018
"3216",3757,"Sicily","ipsl-cm6a-lr","ssp126",NA,0,11.0909101213728
"3217",3758,"Sicily","ipsl-cm6a-lr","ssp126",NA,0,11.9798217773438
"3218",3759,"Sicily","ipsl-cm6a-lr","ssp126",NA,4.25089669713218,10.6908726283482
"3219",3760,"Sicily","ipsl-cm6a-lr","ssp126",NA,0,11.342436000279
"3220",3761,"Sicily","ipsl-cm6a-lr","ssp126",NA,0.08452847562564,11.2058306012835
"3221",3762,"Sicily","ipsl-cm6a-lr","ssp126",NA,0.449052967347338,12.1887712751116
"3222",3763,"Sicily","ipsl-cm6a-lr","ssp126",NA,0.191915147713319,12.6080174037389
"3223",3764,"Sicily","ipsl-cm6a-lr","ssp126",NA,0.334217395201059,9.8144731794085
"3224",3765,"Sicily","ipsl-cm6a-lr","ssp126",NA,2.6985944381782,11.4989780970982
"3225",3766,"Sicily","ipsl-cm6a-lr","ssp126",NA,7.36573656842146,11.1830078125
"3226",3767,"Sicily","ipsl-cm6a-lr","ssp126",NA,1.71856264808282,12.3556544712612
"3227",3768,"Sicily","ipsl-cm6a-lr","ssp126",NA,0.092024883114001,13.2364833286831
"3228",3769,"Sicily","ipsl-cm6a-lr","ssp126",NA,1.80416699523838,12.892728969029
"3229",3770,"Sicily","ipsl-cm6a-lr","ssp126",NA,14.9086709217434,11.3548566545759
"3230",3771,"Sicily","ipsl-cm6a-lr","ssp126",NA,0.88215108584596,11.9741367885045
"3231",3772,"Sicily","ipsl-cm6a-lr","ssp126",NA,3.04781270845394,10.9568899972098
"3232",3773,"Sicily","ipsl-cm6a-lr","ssp126",NA,20.1163426558196,13.3659170968192
"3233",3774,"Sicily","ipsl-cm6a-lr","ssp126",NA,0.255656293925962,13.8964826311384
"3234",3775,"Sicily","ipsl-cm6a-lr","ssp126",NA,15.2097322396003,11.8950483049665
"3235",3776,"Sicily","ipsl-cm6a-lr","ssp126",NA,0,16.4641619001116
"3236",3777,"Sicily","ipsl-cm6a-lr","ssp126",NA,2.19554122803467,18.2099766322545
"3237",3778,"Sicily","ipsl-cm6a-lr","ssp126",NA,0.484781066292531,17.8976248604911
"3238",3779,"Sicily","ipsl-cm6a-lr","ssp126",NA,0,19.7482369559152
"3239",3780,"Sicily","ipsl-cm6a-lr","ssp126",NA,0,20.8124982561384
"3240",3781,"Sicily","ipsl-cm6a-lr","ssp126",NA,0,23.903706577846
"3241",3782,"Sicily","ipsl-cm6a-lr","ssp126",NA,0,24.8565612792969
"3242",3783,"Sicily","ipsl-cm6a-lr","ssp126",NA,0,25.8850298200335
"3243",3784,"Sicily","ipsl-cm6a-lr","ssp126",NA,0.156620714031825,27.8755301339286
"3244",3785,"Sicily","ipsl-cm6a-lr","ssp126",NA,0,27.5138968331473
"3245",3786,"Sicily","ipsl-cm6a-lr","ssp126",NA,0,28.1387791224889
"3246",3787,"Sicily","ipsl-cm6a-lr","ssp126",NA,0,29.3236546107701
"3247",3788,"Sicily","ipsl-cm6a-lr","ssp126",NA,0,28.6007629394531
"3248",3789,"Sicily","ipsl-cm6a-lr","ssp126",NA,0,29.6712323869978
"3249",3790,"Sicily","ipsl-cm6a-lr","ssp126",NA,0.134765522670932,28.8837568010603
"3250",3791,"Sicily","ipsl-cm6a-lr","ssp126",NA,0,28.0139796665737
"3251",3792,"Sicily","ipsl-cm6a-lr","ssp126",NA,0.709403283274566,28.2028311593192
"3252",3793,"Sicily","ipsl-cm6a-lr","ssp126",NA,4.88634546927642,26.7713126046317
"3253",3794,"Sicily","ipsl-cm6a-lr","ssp126",NA,0,27.1009198869978
"3254",3795,"Sicily","ipsl-cm6a-lr","ssp126",NA,0,27.0715183803014
"3255",3796,"Sicily","ipsl-cm6a-lr","ssp126",NA,0.215689910900047,26.7740068708148
"3256",3797,"Sicily","ipsl-cm6a-lr","ssp126",NA,0,25.0896545410156
"3257",3798,"Sicily","ipsl-cm6a-lr","ssp126",NA,15.2481192307148,22.360480608259
"3258",3799,"Sicily","ipsl-cm6a-lr","ssp126",NA,2.58606787361454,20.082182094029
"3259",3800,"Sicily","ipsl-cm6a-lr","ssp126",NA,0.99644031974354,18.7504647391183
"3260",3801,"Sicily","ipsl-cm6a-lr","ssp126",NA,1.3946398277767,15.9801356724331
"3261",3802,"Sicily","ipsl-cm6a-lr","ssp126",NA,0.0277912149613257,17.4443341936384
"3262",3803,"Sicily","ipsl-cm6a-lr","ssp126",NA,0.811482661499343,17.8631966727121
"3263",3804,"Sicily","ipsl-cm6a-lr","ssp126",NA,1.8404413314004,16.5021301269531
"3264",3805,"Sicily","ipsl-cm6a-lr","ssp126",NA,10.677810303501,15.5537135532924
"3265",3806,"Sicily","ipsl-cm6a-lr","ssp126",NA,3.00127732875158,15.2892787388393
"3266",3807,"Sicily","ipsl-cm6a-lr","ssp126",NA,6.66382761306262,13.0551827566965
"3267",3808,"Sicily","ipsl-cm6a-lr","ssp126",NA,4.17444085303162,10.8698407854353
"3268",3809,"Sicily","ipsl-cm6a-lr","ssp126",NA,7.97192461988223,8.56292114257815
"3269",3810,"Sicily","ipsl-cm6a-lr","ssp126",NA,0.0935982804678913,8.46660330636163
"3270",3811,"Sicily","ipsl-cm6a-lr","ssp126",NA,1.92054141745237,10.529447719029
"3271",3812,"Sicily","ipsl-cm6a-lr","ssp126",NA,0.0975608626114471,11.4732561383929
"3272",3813,"Sicily","ipsl-cm6a-lr","ssp126",NA,0,10.5639674595424
"3273",3814,"Sicily","ipsl-cm6a-lr","ssp126",NA,3.66288165761424,11.4598763602121
"3274",3815,"Sicily","ipsl-cm6a-lr","ssp126",NA,5.94765093160926,9.58650251116074
"3275",3816,"Sicily","ipsl-cm6a-lr","ssp126",NA,0,11.2310773577009
"3276",3817,"Sicily","ipsl-cm6a-lr","ssp126",NA,8.79265464692643,10.7868852887835
"3277",3818,"Sicily","ipsl-cm6a-lr","ssp126",NA,11.3237389935031,10.1734514508929
"3278",3819,"Sicily","ipsl-cm6a-lr","ssp126",NA,2.3384486058993,9.61393345424109
"3279",3820,"Sicily","ipsl-cm6a-lr","ssp126",NA,1.57883053346138,9.65957903180806
"3280",3821,"Sicily","ipsl-cm6a-lr","ssp126",NA,0.802434345574251,12.7705889020648
"3281",3822,"Sicily","ipsl-cm6a-lr","ssp126",NA,0.57224465802262,13.275772530692
"3282",3823,"Sicily","ipsl-cm6a-lr","ssp126",NA,0,15.8455487932478
"3283",3824,"Sicily","ipsl-cm6a-lr","ssp126",NA,0,17.5827880859375
"3284",3825,"Sicily","ipsl-cm6a-lr","ssp126",NA,0,15.3250409807478
"3285",3826,"Sicily","ipsl-cm6a-lr","ssp126",NA,2.27773958883647,13.4449445452009
"3286",3827,"Sicily","ipsl-cm6a-lr","ssp126",NA,0.470976035285275,16.0811706542969
"3287",3828,"Sicily","ipsl-cm6a-lr","ssp126",NA,4.84306666101994,17.5180254255023
"3288",3829,"Sicily","ipsl-cm6a-lr","ssp126",NA,1.71164843954362,18.2642325265067
"3289",3830,"Sicily","ipsl-cm6a-lr","ssp126",NA,0.116957078613008,18.7013706752232
"3290",3831,"Sicily","ipsl-cm6a-lr","ssp126",NA,0,22.9655439104353
"3291",3832,"Sicily","ipsl-cm6a-lr","ssp126",NA,0,22.5935564313616
"3292",3833,"Sicily","ipsl-cm6a-lr","ssp126",NA,0,24.6469011579241
"3293",3834,"Sicily","ipsl-cm6a-lr","ssp126",NA,0.258362101366012,24.0520307268415
"3294",3835,"Sicily","ipsl-cm6a-lr","ssp126",NA,0.0408076964439325,24.2362740652902
"3295",3836,"Sicily","ipsl-cm6a-lr","ssp126",NA,0.122432576504902,25.1201764787947
"3296",3837,"Sicily","ipsl-cm6a-lr","ssp126",NA,0,26.3298976353237
"3297",3838,"Sicily","ipsl-cm6a-lr","ssp126",NA,0,28.8555541992188
"3298",3839,"Sicily","ipsl-cm6a-lr","ssp126",NA,0.276024270923309,28.6248151506697
"3299",3840,"Sicily","ipsl-cm6a-lr","ssp126",NA,1.15837321084525,28.4979579380581
"3300",3841,"Sicily","ipsl-cm6a-lr","ssp126",NA,0,28.9088989257813
"3301",3842,"Sicily","ipsl-cm6a-lr","ssp126",NA,0,31.9082711356027
"3302",3843,"Sicily","ipsl-cm6a-lr","ssp126",NA,0.35194927394124,31.1552455357143
"3303",3844,"Sicily","ipsl-cm6a-lr","ssp126",NA,0,27.6979788643973
"3304",3845,"Sicily","ipsl-cm6a-lr","ssp126",NA,0,27.7084245954241
"3305",3846,"Sicily","ipsl-cm6a-lr","ssp126",NA,0.0510349069372751,28.7212332589286
"3306",3847,"Sicily","ipsl-cm6a-lr","ssp126",NA,0,28.7566554478237
"3307",3848,"Sicily","ipsl-cm6a-lr","ssp126",NA,0.258830827494551,26.546280343192
"3308",3849,"Sicily","ipsl-cm6a-lr","ssp126",NA,0.104748325871437,24.5027404785156
"3309",3850,"Sicily","ipsl-cm6a-lr","ssp126",NA,5.17123070936317,22.1558820452009
"3310",3851,"Sicily","ipsl-cm6a-lr","ssp126",NA,0.248088706679742,21.9575439453125
"3311",3852,"Sicily","ipsl-cm6a-lr","ssp126",NA,3.47378971637227,20.3008841378348
"3312",3853,"Sicily","ipsl-cm6a-lr","ssp126",NA,7.70135013985314,19.1365469796317
"3313",3854,"Sicily","ipsl-cm6a-lr","ssp126",NA,6.38705449112292,18.8306736537389
"3314",3855,"Sicily","ipsl-cm6a-lr","ssp126",NA,0.230956356660629,18.5224809919085
"3315",3856,"Sicily","ipsl-cm6a-lr","ssp126",NA,15.9801583308893,18.109508405413
"3316",3857,"Sicily","ipsl-cm6a-lr","ssp126",NA,11.3738079179062,16.5205409458706
"3317",3858,"Sicily","ipsl-cm6a-lr","ssp126",NA,10.8177721309143,14.931294468471
"3318",3859,"Sicily","ipsl-cm6a-lr","ssp126",NA,13.257898692973,12.444473702567
"3319",3860,"Sicily","ipsl-cm6a-lr","ssp126",NA,2.66419423195267,12.5812360491072
"3320",3861,"Sicily","ipsl-cm6a-lr","ssp126",NA,0.748740442629371,11.5217703683036
"3321",3862,"Sicily","ipsl-cm6a-lr","ssp126",NA,0.470005931492778,12.2252005440848
"3322",3863,"Sicily","ipsl-cm6a-lr","ssp126",NA,0,10.8827802385603
"3323",3864,"Sicily","ipsl-cm6a-lr","ssp126",NA,1.36047893237056,9.42782418387279
"3324",3865,"Sicily","ipsl-cm6a-lr","ssp126",NA,0.593731287933354,10.7862051827567
"3325",3866,"Sicily","ipsl-cm6a-lr","ssp126",NA,0,11.0539402553014
"3326",3867,"Sicily","ipsl-cm6a-lr","ssp126",NA,0.986717371935291,11.9080357142857
"3327",3868,"Sicily","ipsl-cm6a-lr","ssp126",NA,0.487285887668674,9.73058035714288
"3328",3869,"Sicily","ipsl-cm6a-lr","ssp126",NA,2.37062998951712,9.05028250558038
"3329",3870,"Sicily","ipsl-cm6a-lr","ssp126",NA,0.408250461415654,11.0769941057478
"3330",3871,"Sicily","ipsl-cm6a-lr","ssp126",NA,2.22384499731041,11.545552280971
"3331",3872,"Sicily","ipsl-cm6a-lr","ssp126",NA,11.2776991695033,11.0468732561384
"3332",3873,"Sicily","ipsl-cm6a-lr","ssp126",NA,1.59507807443983,11.8338997977121
"3333",3874,"Sicily","ipsl-cm6a-lr","ssp126",NA,2.36942506661372,13.4728855678014
"3334",3875,"Sicily","ipsl-cm6a-lr","ssp126",NA,4.79889817735446,14.0258989606585
"3335",3876,"Sicily","ipsl-cm6a-lr","ssp126",NA,3.22269413009053,12.9807678222656
"3336",3877,"Sicily","ipsl-cm6a-lr","ssp126",NA,7.14652128517628,13.5704807826451
"3337",3878,"Sicily","ipsl-cm6a-lr","ssp126",NA,3.32883967618857,14.6528564453125
"3338",3879,"Sicily","ipsl-cm6a-lr","ssp126",NA,0.0420581650749747,15.621963936942
"3339",3880,"Sicily","ipsl-cm6a-lr","ssp126",NA,0.809332184144296,16.9245500837054
"3340",3881,"Sicily","ipsl-cm6a-lr","ssp126",NA,0.473470001348427,20.2219264439174
"3341",3882,"Sicily","ipsl-cm6a-lr","ssp126",NA,0,22.7557268415179
"3342",3883,"Sicily","ipsl-cm6a-lr","ssp126",NA,0,22.2323024204799
"3343",3884,"Sicily","ipsl-cm6a-lr","ssp126",NA,0.129100003479315,22.7442086356027
"3344",3885,"Sicily","ipsl-cm6a-lr","ssp126",NA,0.10100151412189,22.3089494977679
"3345",3886,"Sicily","ipsl-cm6a-lr","ssp126",NA,0.11112794953598,26.1191606794085
"3346",3887,"Sicily","ipsl-cm6a-lr","ssp126",NA,0,27.385387311663
"3347",3888,"Sicily","ipsl-cm6a-lr","ssp126",NA,0,28.9307277134487
"3348",3889,"Sicily","ipsl-cm6a-lr","ssp126",NA,0.304784951211851,26.8931431361607
"3349",3890,"Sicily","ipsl-cm6a-lr","ssp126",NA,3.00885740746578,27.1873325892857
"3350",3891,"Sicily","ipsl-cm6a-lr","ssp126",NA,0,29.4050493512835
"3351",3892,"Sicily","ipsl-cm6a-lr","ssp126",NA,0,29.6707223074777
"3352",3893,"Sicily","ipsl-cm6a-lr","ssp126",NA,0,31.0944806780134
"3353",3894,"Sicily","ipsl-cm6a-lr","ssp126",NA,0,27.6732421875
"3354",3895,"Sicily","ipsl-cm6a-lr","ssp126",NA,3.618827542024,27.7047450474331
"3355",3896,"Sicily","ipsl-cm6a-lr","ssp126",NA,9.78005297365598,26.4318132672991
"3356",3897,"Sicily","ipsl-cm6a-lr","ssp126",NA,0,27.8490016392299
"3357",3898,"Sicily","ipsl-cm6a-lr","ssp126",NA,0.821538079929139,26.8306736537389
"3358",3899,"Sicily","ipsl-cm6a-lr","ssp126",NA,0,24.5307294573103
"3359",3900,"Sicily","ipsl-cm6a-lr","ssp126",NA,0,24.9001316615514
"3360",3901,"Sicily","ipsl-cm6a-lr","ssp126",NA,0.0194776939939142,25.2029183523996
"3361",3902,"Sicily","ipsl-cm6a-lr","ssp126",NA,3.59222111375337,23.6864998953683
"3362",3903,"Sicily","ipsl-cm6a-lr","ssp126",NA,19.5548768521153,21.3803039550781
"3363",3904,"Sicily","ipsl-cm6a-lr","ssp126",NA,3.97421230362462,18.7265651157924
"3364",3905,"Sicily","ipsl-cm6a-lr","ssp126",NA,5.33117610715895,19.5364013671875
"3365",3906,"Sicily","ipsl-cm6a-lr","ssp126",NA,0.308968243085214,17.7357552664621
"3366",3907,"Sicily","ipsl-cm6a-lr","ssp126",NA,1.80166461265929,16.2040823800223
"3367",3908,"Sicily","ipsl-cm6a-lr","ssp126",NA,0.457334059891374,15.3945861816406
"3368",3909,"Sicily","ipsl-cm6a-lr","ssp126",NA,0.205910337535897,15.7849452427456
"3369",3910,"Sicily","ipsl-cm6a-lr","ssp126",NA,0.158567432559461,14.4162885393415
"3370",3911,"Sicily","ipsl-cm6a-lr","ssp126",NA,4.75170632624733,13.1463038853237
"3371",3912,"Sicily","ipsl-cm6a-lr","ssp126",NA,5.399044135785,9.61695469447547
"3372",3913,"Sicily","ipsl-cm6a-lr","ssp126",NA,0,14.1480346679688
"3373",3914,"Sicily","ipsl-cm6a-lr","ssp126",NA,0,12.961323765346
"3374",3915,"Sicily","ipsl-cm6a-lr","ssp126",NA,0.176745611159796,13.7551513671875
"3375",3916,"Sicily","ipsl-cm6a-lr","ssp126",NA,0,12.4750087193081
"3376",3917,"Sicily","ipsl-cm6a-lr","ssp126",NA,2.77287227093309,11.2209847586496
"3377",3918,"Sicily","ipsl-cm6a-lr","ssp126",NA,8.74334631288158,9.79035557338172
"3378",3919,"Sicily","ipsl-cm6a-lr","ssp126",NA,1.43302166065301,10.2613507952009
"3379",3920,"Sicily","ipsl-cm6a-lr","ssp126",NA,3.15897956087221,7.97452479771208
"3380",3921,"Sicily","ipsl-cm6a-lr","ssp126",NA,0,12.7174098423549
"3381",3922,"Sicily","ipsl-cm6a-lr","ssp126",NA,0.498055312345969,10.4879002162389
"3382",3923,"Sicily","ipsl-cm6a-lr","ssp126",NA,3.38926263835414,11.5785330636161
"3383",3924,"Sicily","ipsl-cm6a-lr","ssp126",NA,0,12.7441040039063
"3384",3925,"Sicily","ipsl-cm6a-lr","ssp126",NA,0,13.1393633161273
"3385",3926,"Sicily","ipsl-cm6a-lr","ssp126",NA,0.417656404897571,15.1504760742188
"3386",3927,"Sicily","ipsl-cm6a-lr","ssp126",NA,0.619085179226074,14.5107186453683
"3387",3928,"Sicily","ipsl-cm6a-lr","ssp126",NA,0.594071091784697,15.9448486328125
"3388",3929,"Sicily","ipsl-cm6a-lr","ssp126",NA,4.88966612860427,15.4784528459822
"3389",3930,"Sicily","ipsl-cm6a-lr","ssp126",NA,0.549322292291825,16.1755135672433
"3390",3931,"Sicily","ipsl-cm6a-lr","ssp126",NA,1.68629182600333,15.6617239815848
"3391",3932,"Sicily","ipsl-cm6a-lr","ssp126",NA,2.89554623221712,16.8819344656808
"3392",3933,"Sicily","ipsl-cm6a-lr","ssp126",NA,1.68442509103833,17.8557547433036
"3393",3934,"Sicily","ipsl-cm6a-lr","ssp126",NA,0.637248109030354,18.4474208286831
"3394",3935,"Sicily","ipsl-cm6a-lr","ssp126",NA,2.8868969613021,21.1920540945871
"3395",3936,"Sicily","ipsl-cm6a-lr","ssp126",NA,1.44531365242853,19.9154514857701
"3396",3937,"Sicily","ipsl-cm6a-lr","ssp126",NA,0.468185585590878,21.1273219517299
"3397",3938,"Sicily","ipsl-cm6a-lr","ssp126",NA,0,24.8486790248326
"3398",3939,"Sicily","ipsl-cm6a-lr","ssp126",NA,0,28.2605486188616
"3399",3940,"Sicily","ipsl-cm6a-lr","ssp126",NA,0.564122680849063,27.481574358259
"3400",3941,"Sicily","ipsl-cm6a-lr","ssp126",NA,0,28.2160016741072
"3401",3942,"Sicily","ipsl-cm6a-lr","ssp126",NA,0,27.6887843540737
"3402",3943,"Sicily","ipsl-cm6a-lr","ssp126",NA,0,28.8522670200893
"3403",3944,"Sicily","ipsl-cm6a-lr","ssp126",NA,0,26.3224339076451
"3404",3945,"Sicily","ipsl-cm6a-lr","ssp126",NA,0,25.5676600864956
"3405",3946,"Sicily","ipsl-cm6a-lr","ssp126",NA,0,27.8466648646764
"3406",3947,"Sicily","ipsl-cm6a-lr","ssp126",NA,0,27.9569728306362
"3407",3948,"Sicily","ipsl-cm6a-lr","ssp126",NA,0,27.5742344447545
"3408",3949,"Sicily","ipsl-cm6a-lr","ssp126",NA,0,27.0172450474331
"3409",3950,"Sicily","ipsl-cm6a-lr","ssp126",NA,0,27.1987112862723
"3410",3951,"Sicily","ipsl-cm6a-lr","ssp126",NA,1.43314057516233,24.0732360839844
"3411",3952,"Sicily","ipsl-cm6a-lr","ssp126",NA,4.25486296132606,24.5074183872768
"3412",3953,"Sicily","ipsl-cm6a-lr","ssp126",NA,0.090205024129578,24.2864624023438
"3413",3954,"Sicily","ipsl-cm6a-lr","ssp126",NA,13.7343437404655,21.0612862723214
"3414",3955,"Sicily","ipsl-cm6a-lr","ssp126",NA,5.78237505313674,18.8857012067523
"3415",3956,"Sicily","ipsl-cm6a-lr","ssp126",NA,5.78907114369421,21.0005344935826
"3416",3957,"Sicily","ipsl-cm6a-lr","ssp126",NA,1.42193895298988,18.3692435128348
"3417",3958,"Sicily","ipsl-cm6a-lr","ssp126",NA,2.06750609203092,18.0922572544643
"3418",3959,"Sicily","ipsl-cm6a-lr","ssp126",NA,1.96141799938882,16.6870361328125
"3419",3960,"Sicily","ipsl-cm6a-lr","ssp126",NA,0.712311213387043,16.3624816894531
"3420",3961,"Sicily","ipsl-cm6a-lr","ssp126",NA,0.553332611993288,17.2961103166853
"3421",3962,"Sicily","ipsl-cm6a-lr","ssp126",NA,0.947622564178476,16.8619803292411
"3422",3963,"Sicily","ipsl-cm6a-lr","ssp126",NA,0.820636089857934,16.3309177943639
"3423",3964,"Sicily","ipsl-cm6a-lr","ssp126",NA,2.80460152571322,13.496466936384
"3424",3965,"Sicily","ipsl-cm6a-lr","ssp126",NA,0,12.9129010881697
"3425",3966,"Sicily","ipsl-cm6a-lr","ssp126",NA,0.0761251892462107,12.5355773925781
"3426",3967,"Sicily","ipsl-cm6a-lr","ssp126",NA,2.28192678727542,12.8634495326451
"3427",3968,"Sicily","ipsl-cm6a-lr","ssp126",NA,0.0566752523549699,13.9280726841518
"3428",3969,"Sicily","ipsl-cm6a-lr","ssp126",NA,2.51377066680496,12.5054565429688
"3429",3970,"Sicily","ipsl-cm6a-lr","ssp126",NA,1.10412449981335,12.2502336774554
"3430",3971,"Sicily","ipsl-cm6a-lr","ssp126",NA,1.79546816257893,11.7172267368862
"3431",3972,"Sicily","ipsl-cm6a-lr","ssp126",NA,0.87423405743071,12.3275870186942
"3432",3973,"Sicily","ipsl-cm6a-lr","ssp126",NA,2.50623588404518,11.8389177594866
"3433",3974,"Sicily","ipsl-cm6a-lr","ssp126",NA,0.185648573096842,13.0476231166295
"3434",3975,"Sicily","ipsl-cm6a-lr","ssp126",NA,8.50205441570974,13.4197762625558
"3435",3976,"Sicily","ipsl-cm6a-lr","ssp126",NA,12.4947127586763,12.4303876604353
"3436",3977,"Sicily","ipsl-cm6a-lr","ssp126",NA,1.81936685819112,10.1472717285156
"3437",3978,"Sicily","ipsl-cm6a-lr","ssp126",NA,5.43254221723016,12.5321419852121
"3438",3979,"Sicily","ipsl-cm6a-lr","ssp126",NA,4.64154829387553,12.6279671805246
"3439",3980,"Sicily","ipsl-cm6a-lr","ssp126",NA,0,16.9112923758371
"3440",3981,"Sicily","ipsl-cm6a-lr","ssp126",NA,7.87711954742138,16.5478716169085
"3441",3982,"Sicily","ipsl-cm6a-lr","ssp126",NA,0.499283708320166,18.3201407296317
"3442",3983,"Sicily","ipsl-cm6a-lr","ssp126",NA,3.11296823768186,18.6584629603795
"3443",3984,"Sicily","ipsl-cm6a-lr","ssp126",NA,6.00593714272171,15.6934491838728
"3444",3985,"Sicily","ipsl-cm6a-lr","ssp126",NA,0.416491389582266,17.7209455217634
"3445",3986,"Sicily","ipsl-cm6a-lr","ssp126",NA,0.0666831268712745,20.339741734096
"3446",3987,"Sicily","ipsl-cm6a-lr","ssp126",NA,0,21.1005929129464
"3447",3988,"Sicily","ipsl-cm6a-lr","ssp126",NA,0,23.025040108817
"3448",3989,"Sicily","ipsl-cm6a-lr","ssp126",NA,0.0579286088135892,21.5355555943081
"3449",3990,"Sicily","ipsl-cm6a-lr","ssp126",NA,0,24.664692905971
"3450",3991,"Sicily","ipsl-cm6a-lr","ssp126",NA,0,24.8796412876674
"3451",3992,"Sicily","ipsl-cm6a-lr","ssp126",NA,0,26.1199366978237
"3452",3993,"Sicily","ipsl-cm6a-lr","ssp126",NA,0,25.6458156040737
"3453",3994,"Sicily","ipsl-cm6a-lr","ssp126",NA,0,27.8130126953125
"3454",3995,"Sicily","ipsl-cm6a-lr","ssp126",NA,0,27.8657034737723
"3455",3996,"Sicily","ipsl-cm6a-lr","ssp126",NA,0.0283553628833033,28.7900634765625
"3456",3997,"Sicily","ipsl-cm6a-lr","ssp126",NA,0,32.4802664620536
"3457",3998,"Sicily","ipsl-cm6a-lr","ssp126",NA,0,32.3874189104353
"3458",3999,"Sicily","ipsl-cm6a-lr","ssp126",NA,0.100401351145203,29.6449436732701
"3459",4000,"Sicily","ipsl-cm6a-lr","ssp126",NA,0,29.0940752301898
"3460",4001,"Sicily","ipsl-cm6a-lr","ssp126",NA,0.195154279936105,27.3484218052456
"3461",4002,"Sicily","ipsl-cm6a-lr","ssp126",NA,0.367979092646107,27.0787379673549
"3462",4003,"Sicily","ipsl-cm6a-lr","ssp126",NA,0.849561861832626,26.7174883161273
"3463",4004,"Sicily","ipsl-cm6a-lr","ssp126",NA,0,26.6944431849889
"3464",4005,"Sicily","ipsl-cm6a-lr","ssp126",NA,1.85677761764964,24.9263201032366
"3465",4006,"Sicily","ipsl-cm6a-lr","ssp126",NA,13.9475117303456,22.1591474260603
"3466",4007,"Sicily","ipsl-cm6a-lr","ssp126",NA,1.99646951316806,22.0326869419643
"3467",4008,"Sicily","ipsl-cm6a-lr","ssp126",NA,0.88782279885241,20.9748168945313
"3468",4009,"Sicily","ipsl-cm6a-lr","ssp126",NA,2.90531354424145,21.4341413225447
"3469",4010,"Sicily","ipsl-cm6a-lr","ssp126",NA,0.582519469961491,21.094131905692
"3470",4011,"Sicily","ipsl-cm6a-lr","ssp126",NA,5.10055623994309,18.5494759695871
"3471",4012,"Sicily","ipsl-cm6a-lr","ssp126",NA,0.921688442654808,17.9381652832031
"3472",4013,"Sicily","ipsl-cm6a-lr","ssp126",NA,5.28703392265015,15.0467250279018
"3473",4014,"Sicily","ipsl-cm6a-lr","ssp126",NA,0.156345800704522,17.1799211774554
"3474",4015,"Sicily","ipsl-cm6a-lr","ssp126",NA,3.6482622971172,15.178360421317
"3475",4016,"Sicily","ipsl-cm6a-lr","ssp126",NA,17.1126025545943,11.5765712193081
"3476",4017,"Sicily","ipsl-cm6a-lr","ssp126",NA,1.38444207508915,10.0358956473215
"3477",4018,"Sicily","ipsl-cm6a-lr","ssp126",NA,0.0612195591591964,13.4522731236049
"3478",4019,"Sicily","ipsl-cm6a-lr","ssp126",NA,0.216663246309119,10.3801077706473
"3479",4020,"Sicily","ipsl-cm6a-lr","ssp126",NA,0,11.3711835588728
"3480",4021,"Sicily","ipsl-cm6a-lr","ssp126",NA,1.87920704047428,11.77724609375
"3481",4022,"Sicily","ipsl-cm6a-lr","ssp126",NA,2.71881486795402,12.5901428222656
"3482",4023,"Sicily","ipsl-cm6a-lr","ssp126",NA,0,10.7549813406808
"3483",4024,"Sicily","ipsl-cm6a-lr","ssp126",NA,0,13.3717633928572
"3484",4025,"Sicily","ipsl-cm6a-lr","ssp126",NA,0,12.8397591727121
"3485",4026,"Sicily","ipsl-cm6a-lr","ssp126",NA,0,12.3730494907924
"3486",4027,"Sicily","ipsl-cm6a-lr","ssp126",NA,1.29830315709114,11.7611458914621
"3487",4028,"Sicily","ipsl-cm6a-lr","ssp126",NA,0.0164799942597581,13.2356506347656
"3488",4029,"Sicily","ipsl-cm6a-lr","ssp126",NA,0,15.5032287597656
"3489",4030,"Sicily","ipsl-cm6a-lr","ssp126",NA,0,14.7214948381697
"3490",4031,"Sicily","ipsl-cm6a-lr","ssp126",NA,0,14.155406842913
"3491",4032,"Sicily","ipsl-cm6a-lr","ssp126",NA,0.690853896750403,15.7440604073661
"3492",4033,"Sicily","ipsl-cm6a-lr","ssp126",NA,1.03567997492584,16.1215497698103
"3493",4034,"Sicily","ipsl-cm6a-lr","ssp126",NA,0.0267981446605908,16.1862339564732
"3494",4035,"Sicily","ipsl-cm6a-lr","ssp126",NA,1.46160321424499,17.5253845214844
"3495",4036,"Sicily","ipsl-cm6a-lr","ssp126",NA,3.80273573173326,16.248175920759
"3496",4037,"Sicily","ipsl-cm6a-lr","ssp126",NA,0.138371608253302,17.2347176688058
"3497",4038,"Sicily","ipsl-cm6a-lr","ssp126",NA,0.971823388577572,18.4031354631697
"3498",4039,"Sicily","ipsl-cm6a-lr","ssp126",NA,0,21.2969866071429
"3499",4040,"Sicily","ipsl-cm6a-lr","ssp126",NA,0.0158073830139723,21.7613377162389
"3500",4041,"Sicily","ipsl-cm6a-lr","ssp126",NA,0,21.2184169224331
"3501",4042,"Sicily","ipsl-cm6a-lr","ssp126",NA,0,21.4714294433594
"3502",4043,"Sicily","ipsl-cm6a-lr","ssp126",NA,0,25.8204066685268
"3503",4044,"Sicily","ipsl-cm6a-lr","ssp126",NA,0.844719976885244,26.5903695242746
"3504",4045,"Sicily","ipsl-cm6a-lr","ssp126",NA,0,27.5332929338728
"3505",4046,"Sicily","ipsl-cm6a-lr","ssp126",NA,0,27.1916704450335
"3506",4047,"Sicily","ipsl-cm6a-lr","ssp126",NA,0,26.1704214913505
"3507",4048,"Sicily","ipsl-cm6a-lr","ssp126",NA,0,27.6059029715402
"3508",4049,"Sicily","ipsl-cm6a-lr","ssp126",NA,0,29.4718828473773
"3509",4050,"Sicily","ipsl-cm6a-lr","ssp126",NA,3.57640212750994,27.8549787248884
"3510",4051,"Sicily","ipsl-cm6a-lr","ssp126",NA,0.082721806912949,27.3600708007813
"3511",4052,"Sicily","ipsl-cm6a-lr","ssp126",NA,0,29.1025634765625
"3512",4053,"Sicily","ipsl-cm6a-lr","ssp126",NA,0,29.2465061732701
"3513",4054,"Sicily","ipsl-cm6a-lr","ssp126",NA,0,28.9620997837612
"3514",4055,"Sicily","ipsl-cm6a-lr","ssp126",NA,1.52975356520203,26.061896623884
"3515",4056,"Sicily","ipsl-cm6a-lr","ssp126",NA,0.827710975551911,25.8457842145648
"3516",4057,"Sicily","ipsl-cm6a-lr","ssp126",NA,4.37139673324834,25.7255972726005
"3517",4058,"Sicily","ipsl-cm6a-lr","ssp126",NA,0.903062740586133,26.0030020577567
"3518",4059,"Sicily","ipsl-cm6a-lr","ssp126",NA,0.574378406184093,25.9748866489956
"3519",4060,"Sicily","ipsl-cm6a-lr","ssp126",NA,0.139612266970549,23.5585135323661
"3520",4061,"Sicily","ipsl-cm6a-lr","ssp126",NA,1.99726945964877,23.6634024483817
"3521",4062,"Sicily","ipsl-cm6a-lr","ssp126",NA,16.9444858395894,17.8940063476563
"3522",4063,"Sicily","ipsl-cm6a-lr","ssp126",NA,1.43681362522849,18.6370875767299
"3523",4064,"Sicily","ipsl-cm6a-lr","ssp126",NA,4.07954332799168,14.9050885881697
"3524",4065,"Sicily","ipsl-cm6a-lr","ssp126",NA,0.167571011011855,16.6327933175223
"3525",4066,"Sicily","ipsl-cm6a-lr","ssp126",NA,0.858605314195821,16.8711225237165
"3526",4067,"Sicily","ipsl-cm6a-lr","ssp126",NA,1.53684712635628,12.7231384277344
"3527",4068,"Sicily","ipsl-cm6a-lr","ssp126",NA,0.0201473486543234,13.2715436662947
"3528",4069,"Sicily","ipsl-cm6a-lr","ssp126",NA,1.64058770003196,13.4522731236049
"3529",4070,"Sicily","ipsl-cm6a-lr","ssp126",NA,0.506292202044278,13.0942801339286
"3530",4071,"Sicily","ipsl-cm6a-lr","ssp126",NA,0,12.6872497558594
"3531",4072,"Sicily","ipsl-cm6a-lr","ssp126",NA,1.0252358391881,13.4837018694197
"3532",4073,"Sicily","ipsl-cm6a-lr","ssp126",NA,5.60418974907537,11.7519295828683
"3533",4074,"Sicily","ipsl-cm6a-lr","ssp126",NA,0,13.4311418805804
"3534",4075,"Sicily","ipsl-cm6a-lr","ssp126",NA,1.69861872148301,10.2617780412947
"3535",4076,"Sicily","ipsl-cm6a-lr","ssp126",NA,4.41837069790511,11.599755859375
"3536",4077,"Sicily","ipsl-cm6a-lr","ssp126",NA,1.2220993875027,12.4891252790179
"3537",4078,"Sicily","ipsl-cm6a-lr","ssp126",NA,0,12.7131722586496
"3538",4079,"Sicily","ipsl-cm6a-lr","ssp126",NA,3.05220921124731,13.6598406110491
"3539",4080,"Sicily","ipsl-cm6a-lr","ssp126",NA,1.33186239930053,14.7526227678572
"3540",4081,"Sicily","ipsl-cm6a-lr","ssp126",NA,0,15.1557730538505
"3541",4082,"Sicily","ipsl-cm6a-lr","ssp126",NA,0.402932918430971,16.500621686663
"3542",4083,"Sicily","ipsl-cm6a-lr","ssp126",NA,0,15.4197893415179
"3543",4084,"Sicily","ipsl-cm6a-lr","ssp126",NA,5.65453904813954,14.7885375976563
"3544",4085,"Sicily","ipsl-cm6a-lr","ssp126",NA,3.86141961831267,15.5010227748326
"3545",4086,"Sicily","ipsl-cm6a-lr","ssp126",NA,2.60644349535661,15.3083827427456
"3546",4087,"Sicily","ipsl-cm6a-lr","ssp126",NA,0.0669425542582758,15.816060093471
"3547",4088,"Sicily","ipsl-cm6a-lr","ssp126",NA,0.201206986925432,16.7880841936384
"3548",4089,"Sicily","ipsl-cm6a-lr","ssp126",NA,0.0178519873900638,16.601216343471
"3549",4090,"Sicily","ipsl-cm6a-lr","ssp126",NA,0.0164953875875134,18.7158054896764
"3550",4091,"Sicily","ipsl-cm6a-lr","ssp126",NA,0,20.3084394182478
"3551",4092,"Sicily","ipsl-cm6a-lr","ssp126",NA,0.0188541954620242,23.1878295898438
"3552",4093,"Sicily","ipsl-cm6a-lr","ssp126",NA,0,21.4396562848773
"3553",4094,"Sicily","ipsl-cm6a-lr","ssp126",NA,0,22.1428423200335
"3554",4095,"Sicily","ipsl-cm6a-lr","ssp126",NA,0.0845612548541144,24.8959202357701
"3555",4096,"Sicily","ipsl-cm6a-lr","ssp126",NA,0,28.974258858817
"3556",4097,"Sicily","ipsl-cm6a-lr","ssp126",NA,0.159801511576266,29.7734139578683
"3557",4098,"Sicily","ipsl-cm6a-lr","ssp126",NA,0,28.1540073939732
"3558",4099,"Sicily","ipsl-cm6a-lr","ssp126",NA,0,29.1456107003348
"3559",4100,"Sicily","ipsl-cm6a-lr","ssp126",NA,0,28.6211356026786
"3560",4101,"Sicily","ipsl-cm6a-lr","ssp126",NA,0,31.3262878417969
"3561",4102,"Sicily","ipsl-cm6a-lr","ssp126",NA,0,30.5701363699777
"3562",4103,"Sicily","ipsl-cm6a-lr","ssp126",NA,0,28.617094203404
"3563",4104,"Sicily","ipsl-cm6a-lr","ssp126",NA,0,30.092436000279
"3564",4105,"Sicily","ipsl-cm6a-lr","ssp126",NA,0,27.3406223842076
"3565",4106,"Sicily","ipsl-cm6a-lr","ssp126",NA,0.0734808204080244,27.2641104561942
"3566",4107,"Sicily","ipsl-cm6a-lr","ssp126",NA,6.21190066371387,25.9084455217634
"3567",4108,"Sicily","ipsl-cm6a-lr","ssp126",NA,0.331603291020396,26.3579956054688
"3568",4109,"Sicily","ipsl-cm6a-lr","ssp126",NA,10.9414961388601,22.8445155552456
"3569",4110,"Sicily","ipsl-cm6a-lr","ssp126",NA,1.37007424886438,22.130513218471
"3570",4111,"Sicily","ipsl-cm6a-lr","ssp126",NA,0.626425963959524,22.3882864815848
"3571",4112,"Sicily","ipsl-cm6a-lr","ssp126",NA,0.0163273856222596,22.7321672712054
"3572",4113,"Sicily","ipsl-cm6a-lr","ssp126",NA,0,21.8285984584264
"3573",4114,"Sicily","ipsl-cm6a-lr","ssp126",NA,6.24225867047374,19.9771144321987
"3574",4115,"Sicily","ipsl-cm6a-lr","ssp126",NA,13.4916796116158,14.211328125
"3575",4116,"Sicily","ipsl-cm6a-lr","ssp126",NA,11.3342979407337,14.5749189104353
"3576",4117,"Sicily","ipsl-cm6a-lr","ssp126",NA,4.45819898159243,15.7200299944197
"3577",4118,"Sicily","ipsl-cm6a-lr","ssp126",NA,6.46991355544222,13.3152884347098
"3578",4119,"Sicily","ipsl-cm6a-lr","ssp126",NA,2.35245578904661,12.7381269182478
"3579",4120,"Sicily","ipsl-cm6a-lr","ssp126",NA,2.99295882494854,11.6663670131139
"3580",4121,"Sicily","ipsl-cm6a-lr","ssp126",NA,0.620192640053574,12.0249354771206
"3581",4122,"Sicily","ipsl-cm6a-lr","ssp126",NA,5.69928014675887,11.5306640625
"3582",4123,"Sicily","ipsl-cm6a-lr","ssp126",NA,0,11.9062002999442
"3583",4124,"Sicily","ipsl-cm6a-lr","ssp126",NA,5.23854980378279,12.3568490164621
"3584",4125,"Sicily","ipsl-cm6a-lr","ssp126",NA,5.41700847762903,11.0566955566406
"3585",4126,"Sicily","ipsl-cm6a-lr","ssp126",NA,3.99857891991685,11.4017578125
"3586",4127,"Sicily","ipsl-cm6a-lr","ssp126",NA,0,13.6512913295201
"3587",4128,"Sicily","ipsl-cm6a-lr","ssp126",NA,0,12.0007873535156
"3588",4129,"Sicily","ipsl-cm6a-lr","ssp126",NA,0,12.8857055664063
"3589",4130,"Sicily","ipsl-cm6a-lr","ssp126",NA,3.95601577932082,12.5531685965402
"3590",4131,"Sicily","ipsl-cm6a-lr","ssp126",NA,0.977216245207403,11.6440761021206
"3591",4132,"Sicily","ipsl-cm6a-lr","ssp126",NA,7.15479182129327,11.3665318080357
"3592",4133,"Sicily","ipsl-cm6a-lr","ssp126",NA,4.20420205752764,11.345112827846
"3593",4134,"Sicily","ipsl-cm6a-lr","ssp126",NA,5.57993082433573,10.9836277553014
"3594",4135,"Sicily","ipsl-cm6a-lr","ssp126",NA,0.45167809522744,11.4368791852679
"3595",4136,"Sicily","ipsl-cm6a-lr","ssp126",NA,0.019680537921626,13.9031485421317
"3596",4137,"Sicily","ipsl-cm6a-lr","ssp126",NA,0,15.6924639020648
"3597",4138,"Sicily","ipsl-cm6a-lr","ssp126",NA,0,17.1203465053014
"3598",4139,"Sicily","ipsl-cm6a-lr","ssp126",NA,2.0398576070355,18.0111458914621
"3599",4140,"Sicily","ipsl-cm6a-lr","ssp126",NA,0.773312919773161,21.4009643554688
"3600",4141,"Sicily","ipsl-cm6a-lr","ssp126",NA,1.52506929277609,18.1171203613281
"3601",4142,"Sicily","ipsl-cm6a-lr","ssp126",NA,0,19.9592616489956
"3602",4143,"Sicily","ipsl-cm6a-lr","ssp126",NA,0,21.5893057686942
"3603",4144,"Sicily","ipsl-cm6a-lr","ssp126",NA,0,22.2697213309152
"3604",4145,"Sicily","ipsl-cm6a-lr","ssp126",NA,0,24.9903416224889
"3605",4146,"Sicily","ipsl-cm6a-lr","ssp126",NA,0.165038505500499,27.7943010602679
"3606",4147,"Sicily","ipsl-cm6a-lr","ssp126",NA,0.0496405548931632,28.9021981375558
"3607",4148,"Sicily","ipsl-cm6a-lr","ssp126",NA,0,27.0315403529576
"3608",4149,"Sicily","ipsl-cm6a-lr","ssp126",NA,0,25.8152927943639
"3609",4150,"Sicily","ipsl-cm6a-lr","ssp126",NA,0.0417169257291659,26.2596156529018
"3610",4151,"Sicily","ipsl-cm6a-lr","ssp126",NA,0,27.0893493652344
"3611",4152,"Sicily","ipsl-cm6a-lr","ssp126",NA,0,27.8949698311942
"3612",4153,"Sicily","ipsl-cm6a-lr","ssp126",NA,0.0959101702652073,27.8759704589844
"3613",4154,"Sicily","ipsl-cm6a-lr","ssp126",NA,0.08164474545213,26.1221339634487
"3614",4155,"Sicily","ipsl-cm6a-lr","ssp126",NA,0,27.6418483189174
"3615",4156,"Sicily","ipsl-cm6a-lr","ssp126",NA,0,27.8083304268973
"3616",4157,"Sicily","ipsl-cm6a-lr","ssp126",NA,0.154650794658145,28.4402404785156
"3617",4158,"Sicily","ipsl-cm6a-lr","ssp126",NA,1.47092529846954,26.4799482073103
"3618",4159,"Sicily","ipsl-cm6a-lr","ssp126",NA,0.179598703419158,23.7530369349889
"3619",4160,"Sicily","ipsl-cm6a-lr","ssp126",NA,5.21915188427166,21.6553937639509
"3620",4161,"Sicily","ipsl-cm6a-lr","ssp126",NA,3.51425092542611,19.8199053083148
"3621",4162,"Sicily","ipsl-cm6a-lr","ssp126",NA,0.054491427467188,21.086328125
"3622",4163,"Sicily","ipsl-cm6a-lr","ssp126",NA,4.2999004172868,20.1066223144531
"3623",4164,"Sicily","ipsl-cm6a-lr","ssp126",NA,0.0192625592587449,19.9753749302456
"3624",4165,"Sicily","ipsl-cm6a-lr","ssp126",NA,0.0758005766588862,19.7368844168527
"3625",4166,"Sicily","ipsl-cm6a-lr","ssp126",NA,2.09617993262197,20.2197989327567
"3626",4167,"Sicily","ipsl-cm6a-lr","ssp126",NA,4.14849989922784,18.7180027553014
"3627",4168,"Sicily","ipsl-cm6a-lr","ssp126",NA,16.348352822076,15.3795061383929
"3628",4169,"Sicily","ipsl-cm6a-lr","ssp126",NA,1.51983321796121,13.983047921317
"3629",4170,"Sicily","ipsl-cm6a-lr","ssp126",NA,2.66094514247795,13.8493068150112
"3630",4171,"Sicily","ipsl-cm6a-lr","ssp126",NA,0.69089219905436,14.9451363699777
"3631",4172,"Sicily","ipsl-cm6a-lr","ssp126",NA,1.7636683033613,13.0449288504465
"3632",4173,"Sicily","ipsl-cm6a-lr","ssp126",NA,1.46001620284681,11.8006923130581
"3633",4174,"Sicily","ipsl-cm6a-lr","ssp126",NA,3.3288824687978,12.474507359096
"3634",4175,"Sicily","ipsl-cm6a-lr","ssp126",NA,0,12.9387058803014
"3635",4176,"Sicily","ipsl-cm6a-lr","ssp126",NA,0,13.8120361328125
"3636",4177,"Sicily","ipsl-cm6a-lr","ssp126",NA,5.50152370124124,13.7264125279018
"3637",4178,"Sicily","ipsl-cm6a-lr","ssp126",NA,5.51064425214593,12.174711390904
"3638",4179,"Sicily","ipsl-cm6a-lr","ssp126",NA,0,12.3578125
"3639",4180,"Sicily","ipsl-cm6a-lr","ssp126",NA,2.24726384206276,11.3015686035156
"3640",4181,"Sicily","ipsl-cm6a-lr","ssp126",NA,3.9575820763795,11.7957746233259
"3641",4182,"Sicily","ipsl-cm6a-lr","ssp126",NA,6.10371534172113,10.0208199637277
"3642",4183,"Sicily","ipsl-cm6a-lr","ssp126",NA,0.386399131717293,12.2432059151786
"3643",4184,"Sicily","ipsl-cm6a-lr","ssp126",NA,0,12.7838160923549
"3644",4185,"Sicily","ipsl-cm6a-lr","ssp126",NA,0,15.4374110630581
"3645",4186,"Sicily","ipsl-cm6a-lr","ssp126",NA,2.24718656390905,12.1577828543527
"3646",4187,"Sicily","ipsl-cm6a-lr","ssp126",NA,0,12.3636893136161
"3647",4188,"Sicily","ipsl-cm6a-lr","ssp126",NA,0.532196234312973,15.0022739955357
"3648",4189,"Sicily","ipsl-cm6a-lr","ssp126",NA,0.698077069163056,16.3544904436384
"3649",4190,"Sicily","ipsl-cm6a-lr","ssp126",NA,0.0236991071558025,16.3544991629464
"3650",4191,"Sicily","ipsl-cm6a-lr","ssp126",NA,0.374573879110228,16.6094735281808
"3651",4192,"Sicily","ipsl-cm6a-lr","ssp126",NA,0.2134604013658,17.6264718191964
"3652",4193,"Sicily","ipsl-cm6a-lr","ssp126",NA,0.0711927348415234,18.2278294154576
"3653",4194,"Sicily","ipsl-cm6a-lr","ssp126",NA,0.0270645404400836,19.4751918247768
"3654",4195,"Sicily","ipsl-cm6a-lr","ssp126",NA,0,18.7191798618862
"3655",4196,"Sicily","ipsl-cm6a-lr","ssp126",NA,0.606960849836469,19.2382315499442
"3656",4197,"Sicily","ipsl-cm6a-lr","ssp126",NA,0,21.446426827567
"3657",4198,"Sicily","ipsl-cm6a-lr","ssp126",NA,0,21.442529296875
"3658",4199,"Sicily","ipsl-cm6a-lr","ssp126",NA,0,23.6517142159598
"3659",4200,"Sicily","ipsl-cm6a-lr","ssp126",NA,0.320358811690572,22.6112697056362
"3660",4201,"Sicily","ipsl-cm6a-lr","ssp126",NA,2.04548365363735,25.8593383789063
"3661",4202,"Sicily","ipsl-cm6a-lr","ssp126",NA,0,24.3562604631697
"3662",4203,"Sicily","ipsl-cm6a-lr","ssp126",NA,0,26.6518711635045
"3663",4204,"Sicily","ipsl-cm6a-lr","ssp126",NA,0,28.8094464983259
"3664",4205,"Sicily","ipsl-cm6a-lr","ssp126",NA,0,28.6376150948661
"3665",4206,"Sicily","ipsl-cm6a-lr","ssp126",NA,0,28.9357325962612
"3666",4207,"Sicily","ipsl-cm6a-lr","ssp126",NA,0,27.2187744140625
"3667",4208,"Sicily","ipsl-cm6a-lr","ssp126",NA,0,28.6695016043527
"3668",4209,"Sicily","ipsl-cm6a-lr","ssp126",NA,0,29.2410827636719
"3669",4210,"Sicily","ipsl-cm6a-lr","ssp126",NA,2.68013196431899,29.1225219726563
"3670",4211,"Sicily","ipsl-cm6a-lr","ssp126",NA,0,27.7457170758929
"3671",4212,"Sicily","ipsl-cm6a-lr","ssp126",NA,1.36977304199328,25.2329389299665
"3672",4213,"Sicily","ipsl-cm6a-lr","ssp126",NA,0.0317257046325332,25.099250139509
"3673",4214,"Sicily","ipsl-cm6a-lr","ssp126",NA,0,24.5226379394531
"3674",4215,"Sicily","ipsl-cm6a-lr","ssp126",NA,0.403573355236274,23.4648202078683
"3675",4216,"Sicily","ipsl-cm6a-lr","ssp126",NA,1.47451777842694,23.4936288016183
"3676",4217,"Sicily","ipsl-cm6a-lr","ssp126",NA,0,22.9007071358817
"3677",4218,"Sicily","ipsl-cm6a-lr","ssp126",NA,0,18.9873770577567
"3678",4219,"Sicily","ipsl-cm6a-lr","ssp126",NA,0.0202965909660894,20.459867640904
"3679",4220,"Sicily","ipsl-cm6a-lr","ssp126",NA,0.115223816568947,20.6592694963728
"3680",4221,"Sicily","ipsl-cm6a-lr","ssp126",NA,0.02770651096528,18.4661847795759
"3681",4222,"Sicily","ipsl-cm6a-lr","ssp126",NA,0.0230377581569233,18.4430655343192
"3682",4223,"Sicily","ipsl-cm6a-lr","ssp126",NA,3.90133800278168,14.2737583705357
"3683",4224,"Sicily","ipsl-cm6a-lr","ssp126",NA,1.39238035106765,14.1998273577009
"3684",4225,"Sicily","ipsl-cm6a-lr","ssp126",NA,1.06668607165505,14.2157008579799
"3685",4226,"Sicily","ipsl-cm6a-lr","ssp126",NA,2.35407262308789,12.5377920968192
"3686",4227,"Sicily","ipsl-cm6a-lr","ssp126",NA,1.23134469031356,14.4804321289063
"3687",4228,"Sicily","ipsl-cm6a-lr","ssp126",NA,3.06645971140824,10.1375235421317
"3688",4229,"Sicily","ipsl-cm6a-lr","ssp126",NA,0,13.8035914829799
"3689",4230,"Sicily","ipsl-cm6a-lr","ssp126",NA,0,14.8906276157924
"3690",4231,"Sicily","ipsl-cm6a-lr","ssp126",NA,2.05996962821311,12.8810625348773
"3691",4232,"Sicily","ipsl-cm6a-lr","ssp126",NA,3.70631224941462,11.7659415108817
"3692",4233,"Sicily","ipsl-cm6a-lr","ssp126",NA,11.6754520717742,11.3430245535715
"3693",4234,"Sicily","ipsl-cm6a-lr","ssp126",NA,0.35528398792459,14.5535871233259
"3694",4235,"Sicily","ipsl-cm6a-lr","ssp126",NA,5.90154744630646,10.5734671456473
"3695",4236,"Sicily","ipsl-cm6a-lr","ssp126",NA,16.9285070209298,9.83569161551342
"3696",4237,"Sicily","ipsl-cm6a-lr","ssp126",NA,8.6913411912974,10.6384259905134
"3697",4238,"Sicily","ipsl-cm6a-lr","ssp126",NA,4.13242300107543,11.1741751534598
"3698",4239,"Sicily","ipsl-cm6a-lr","ssp126",NA,1.53564853618653,12.5392177036831
"3699",4240,"Sicily","ipsl-cm6a-lr","ssp126",NA,0.671976327846226,13.8015250069755
"3700",4241,"Sicily","ipsl-cm6a-lr","ssp126",NA,1.94534878246486,13.7340506417411
"3701",4242,"Sicily","ipsl-cm6a-lr","ssp126",NA,0.24985942207942,14.559952218192
"3702",4243,"Sicily","ipsl-cm6a-lr","ssp126",NA,1.0882997743985,15.8191990443639
"3703",4244,"Sicily","ipsl-cm6a-lr","ssp126",NA,0.377081882990231,16.4247288295201
"3704",4245,"Sicily","ipsl-cm6a-lr","ssp126",NA,3.25210462490629,17.5406127929688
"3705",4246,"Sicily","ipsl-cm6a-lr","ssp126",NA,7.07049624096336,16.0623587472098
"3706",4247,"Sicily","ipsl-cm6a-lr","ssp126",NA,0.109280868075855,18.4956909179688
"3707",4248,"Sicily","ipsl-cm6a-lr","ssp126",NA,0,21.5751848493304
"3708",4249,"Sicily","ipsl-cm6a-lr","ssp126",NA,0,23.0358215332031
"3709",4250,"Sicily","ipsl-cm6a-lr","ssp126",NA,0,21.0146118164063
"3710",4251,"Sicily","ipsl-cm6a-lr","ssp126",NA,0,24.2668352399554
"3711",4252,"Sicily","ipsl-cm6a-lr","ssp126",NA,0,22.6496172223773
"3712",4253,"Sicily","ipsl-cm6a-lr","ssp126",NA,0,23.4358764648438
"3713",4254,"Sicily","ipsl-cm6a-lr","ssp126",NA,0,26.681791469029
"3714",4255,"Sicily","ipsl-cm6a-lr","ssp126",NA,0,27.8032470703125
"3715",4256,"Sicily","ipsl-cm6a-lr","ssp126",NA,0,29.5463239397322
"3716",4257,"Sicily","ipsl-cm6a-lr","ssp126",NA,0.0392702874835647,30.5611424037389
"3717",4258,"Sicily","ipsl-cm6a-lr","ssp126",NA,0.269819749519229,28.5478236607143
"3718",4259,"Sicily","ipsl-cm6a-lr","ssp126",NA,0,29.4528834751674
"3719",4260,"Sicily","ipsl-cm6a-lr","ssp126",NA,0,29.9929356166295
"3720",4261,"Sicily","ipsl-cm6a-lr","ssp126",NA,0,29.7023559570313
"3721",4262,"Sicily","ipsl-cm6a-lr","ssp126",NA,0.372992935237042,26.3828063964844
"3722",4263,"Sicily","ipsl-cm6a-lr","ssp126",NA,0.273540876722629,27.0282880510603
"3723",4264,"Sicily","ipsl-cm6a-lr","ssp126",NA,1.67049131455964,25.9091866629464
"3724",4265,"Sicily","ipsl-cm6a-lr","ssp126",NA,0.115565631235118,25.2924961635045
"3725",4266,"Sicily","ipsl-cm6a-lr","ssp126",NA,5.55234412313439,23.4486066545759
"3726",4267,"Sicily","ipsl-cm6a-lr","ssp126",NA,0,21.9284301757813
"3727",4268,"Sicily","ipsl-cm6a-lr","ssp126",NA,0.503551152723958,22.4432747977121
"3728",4269,"Sicily","ipsl-cm6a-lr","ssp126",NA,0.0600762825342827,19.9735918317523
"3729",4270,"Sicily","ipsl-cm6a-lr","ssp126",NA,3.03086090799687,20.52431640625
"3730",4271,"Sicily","ipsl-cm6a-lr","ssp126",NA,4.53987542859977,18.5172145298549
"3731",4272,"Sicily","ipsl-cm6a-lr","ssp126",NA,1.35307989715199,15.0837864467076
"3732",4273,"Sicily","ipsl-cm6a-lr","ssp126",NA,4.57475282377605,14.7887599400112
"3733",4274,"Sicily","ipsl-cm6a-lr","ssp126",NA,0.0647566512010859,15.0770289829799
"3734",4275,"Sicily","ipsl-cm6a-lr","ssp126",NA,1.43379438044836,15.0707598005023
"3735",4276,"Sicily","ipsl-cm6a-lr","ssp126",NA,0.572624651509354,14.4221871512277
"3736",4277,"Sicily","ipsl-cm6a-lr","ssp126",NA,3.68804541815605,12.572643171038
"3737",4278,"Sicily","ipsl-cm6a-lr","ssp126",NA,19.0911341766228,11.649303327288
"3738",4279,"Sicily","ipsl-cm6a-lr","ssp126",NA,3.62405811902136,11.6648324148996
"3739",4280,"Sicily","ipsl-cm6a-lr","ssp126",NA,0,13.3579084123884
"3740",4281,"Sicily","ipsl-cm6a-lr","ssp126",NA,6.99514705504823,11.2625191824777
"3741",4282,"Sicily","ipsl-cm6a-lr","ssp126",NA,0,11.5262390136719
"3742",4283,"Sicily","ipsl-cm6a-lr","ssp126",NA,0,13.7918291364398
"3743",4284,"Sicily","ipsl-cm6a-lr","ssp126",NA,0,11.6941380092076
"3744",4285,"Sicily","ipsl-cm6a-lr","ssp126",NA,0,13.0174499511719
"3745",4286,"Sicily","ipsl-cm6a-lr","ssp126",NA,7.72486254572868,12.0101257324219
"3746",4287,"Sicily","ipsl-cm6a-lr","ssp126",NA,0.606393814086914,13.1442417689732
"3747",4288,"Sicily","ipsl-cm6a-lr","ssp126",NA,2.96293614997662,13.392951311384
"3748",4289,"Sicily","ipsl-cm6a-lr","ssp126",NA,1.57285779880892,14.7002676827567
"3749",4290,"Sicily","ipsl-cm6a-lr","ssp126",NA,1.66250059181558,11.4254743303572
"3750",4291,"Sicily","ipsl-cm6a-lr","ssp126",NA,2.01367405326372,14.3233014787947
"3751",4292,"Sicily","ipsl-cm6a-lr","ssp126",NA,0.580748155386703,14.9912266322545
"3752",4293,"Sicily","ipsl-cm6a-lr","ssp126",NA,6.26648675804193,13.9077523367746
"3753",4294,"Sicily","ipsl-cm6a-lr","ssp126",NA,2.68775542499498,14.2659458705357
"3754",4295,"Sicily","ipsl-cm6a-lr","ssp126",NA,4.64105803533,13.9343898228237
"3755",4296,"Sicily","ipsl-cm6a-lr","ssp126",NA,0.823406372468786,18.0056788853237
"3756",4297,"Sicily","ipsl-cm6a-lr","ssp126",NA,0.104664637806958,17.2005379813058
"3757",4298,"Sicily","ipsl-cm6a-lr","ssp126",NA,2.99622307481643,18.4176443917411
"3758",4299,"Sicily","ipsl-cm6a-lr","ssp126",NA,2.5838773511558,19.1840148925781
"3759",4300,"Sicily","ipsl-cm6a-lr","ssp126",NA,3.16745026918527,22.0286281040737
"3760",4301,"Sicily","ipsl-cm6a-lr","ssp126",NA,0.330595043487847,23.6166320800781
"3761",4302,"Sicily","ipsl-cm6a-lr","ssp126",NA,0.0218932775689089,20.6748596191406
"3762",4303,"Sicily","ipsl-cm6a-lr","ssp126",NA,0.843344506574795,21.2246643066406
"3763",4304,"Sicily","ipsl-cm6a-lr","ssp126",NA,0,23.6274440220424
"3764",4305,"Sicily","ipsl-cm6a-lr","ssp126",NA,0,23.6182059151786
"3765",4306,"Sicily","ipsl-cm6a-lr","ssp126",NA,0,26.480850655692
"3766",4307,"Sicily","ipsl-cm6a-lr","ssp126",NA,0,28.1543779645648
"3767",4308,"Sicily","ipsl-cm6a-lr","ssp126",NA,0,26.0586138044085
"3768",4309,"Sicily","ipsl-cm6a-lr","ssp126",NA,0,24.6279323032924
"3769",4310,"Sicily","ipsl-cm6a-lr","ssp126",NA,0,26.0421168736049
"3770",4311,"Sicily","ipsl-cm6a-lr","ssp126",NA,0,27.3005004882813
"3771",4312,"Sicily","ipsl-cm6a-lr","ssp126",NA,0,28.0641898018973
"3772",4313,"Sicily","ipsl-cm6a-lr","ssp126",NA,0.527961023284921,28.0730834960938
"3773",4314,"Sicily","ipsl-cm6a-lr","ssp126",NA,0.0932586450029963,28.3623465401786
"3774",4315,"Sicily","ipsl-cm6a-lr","ssp126",NA,0,25.9319353376116
"3775",4316,"Sicily","ipsl-cm6a-lr","ssp126",NA,0.270466552735473,23.8647007533482
"3776",4317,"Sicily","ipsl-cm6a-lr","ssp126",NA,0,24.9364039829799
"3777",4318,"Sicily","ipsl-cm6a-lr","ssp126",NA,0,24.8935398646764
"3778",4319,"Sicily","ipsl-cm6a-lr","ssp126",NA,0,25.4485848563058
"3779",4320,"Sicily","ipsl-cm6a-lr","ssp126",NA,5.03123227473615,20.9586207798549
"3780",4321,"Sicily","ipsl-cm6a-lr","ssp126",NA,0.0927873594004528,21.831672014509
"3781",4322,"Sicily","ipsl-cm6a-lr","ssp126",NA,0,21.427632359096
"3782",4323,"Sicily","ipsl-cm6a-lr","ssp126",NA,0.307368221027511,19.1230887276786
"3783",4324,"Sicily","ipsl-cm6a-lr","ssp126",NA,0.304606865704825,18.9196847098214
"3784",4325,"Sicily","ipsl-cm6a-lr","ssp126",NA,8.25485504485966,17.012584577288
"3785",4326,"Sicily","ipsl-cm6a-lr","ssp126",NA,0.5947713324401,16.8469046456473
"3786",4327,"Sicily","ipsl-cm6a-lr","ssp126",NA,11.0168945721983,12.4785313197545
"3787",4328,"Sicily","ipsl-cm6a-lr","ssp126",NA,4.8291103291766,16.4279418945313
"3788",4329,"Sicily","ipsl-cm6a-lr","ssp126",NA,2.90711876483069,14.4178972516741
"3789",4330,"Sicily","ipsl-cm6a-lr","ssp126",NA,0,15.0780447823661
"3790",4331,"Sicily","ipsl-cm6a-lr","ssp126",NA,4.94721004173958,11.9008597237723
"3791",4332,"Sicily","ipsl-cm6a-lr","ssp126",NA,0.246178668333284,11.6814862932478
"3792",4333,"Sicily","ipsl-cm6a-lr","ssp126",NA,1.40865101711825,12.1001961844308
"3793",4334,"Sicily","ipsl-cm6a-lr","ssp126",NA,0,12.2943795340402
"3794",4335,"Sicily","ipsl-cm6a-lr","ssp126",NA,1.28285372297146,13.2085423060826
"3795",4336,"Sicily","ipsl-cm6a-lr","ssp126",NA,2.663507442568,12.4502066476005
"3796",4337,"Sicily","ipsl-cm6a-lr","ssp126",NA,3.24814323269363,12.7935294015067
"3797",4338,"Sicily","ipsl-cm6a-lr","ssp126",NA,7.97144810868693,9.97056623186386
"3798",4339,"Sicily","ipsl-cm6a-lr","ssp126",NA,0.803856470156461,12.6950840541295
"3799",4340,"Sicily","ipsl-cm6a-lr","ssp126",NA,1.64953604211665,11.4590959821429
"3800",4341,"Sicily","ipsl-cm6a-lr","ssp126",NA,1.17375469822686,14.1230015345982
"3801",4342,"Sicily","ipsl-cm6a-lr","ssp126",NA,2.67922934560504,12.9169686453683
"3802",4343,"Sicily","ipsl-cm6a-lr","ssp126",NA,0,15.0985133579799
"3803",4344,"Sicily","ipsl-cm6a-lr","ssp126",NA,1.77546650187911,14.1597229003906
"3804",4345,"Sicily","ipsl-cm6a-lr","ssp126",NA,4.00162754813209,13.9294067382813
"3805",4346,"Sicily","ipsl-cm6a-lr","ssp126",NA,4.40262535828099,13.2973048618862
"3806",4347,"Sicily","ipsl-cm6a-lr","ssp126",NA,14.6553435695491,13.0114467075893
"3807",4348,"Sicily","ipsl-cm6a-lr","ssp126",NA,2.50346232631793,16.6950273786273
"3808",4349,"Sicily","ipsl-cm6a-lr","ssp126",NA,0.516181038567863,16.817769077846
"3809",4350,"Sicily","ipsl-cm6a-lr","ssp126",NA,2.00414605205879,18.2007821219308
"3810",4351,"Sicily","ipsl-cm6a-lr","ssp126",NA,0.0899928291411405,18.1225830078125
"3811",4352,"Sicily","ipsl-cm6a-lr","ssp126",NA,0.865483170907412,18.5663609095982
"3812",4353,"Sicily","ipsl-cm6a-lr","ssp126",NA,0.513297033363155,20.6447823660714
"3813",4354,"Sicily","ipsl-cm6a-lr","ssp126",NA,0,24.8768249511719
"3814",4355,"Sicily","ipsl-cm6a-lr","ssp126",NA,0.0158852491170234,23.187629045759
"3815",4356,"Sicily","ipsl-cm6a-lr","ssp126",NA,0,22.8152579171317
"3816",4357,"Sicily","ipsl-cm6a-lr","ssp126",NA,0,25.5428274972098
"3817",4358,"Sicily","ipsl-cm6a-lr","ssp126",NA,0,26.049458530971
"3818",4359,"Sicily","ipsl-cm6a-lr","ssp126",NA,0,27.5805210658482
"3819",4360,"Sicily","ipsl-cm6a-lr","ssp126",NA,0,26.8806701660156
"3820",4361,"Sicily","ipsl-cm6a-lr","ssp126",NA,0,28.0182346888951
"3821",4362,"Sicily","ipsl-cm6a-lr","ssp126",NA,0,28.7500549316406
"3822",4363,"Sicily","ipsl-cm6a-lr","ssp126",NA,0.0196815468370914,30.0769417898996
"3823",4364,"Sicily","ipsl-cm6a-lr","ssp126",NA,0,27.1237165178572
"3824",4365,"Sicily","ipsl-cm6a-lr","ssp126",NA,0.0576096512044647,28.215482875279
"3825",4366,"Sicily","ipsl-cm6a-lr","ssp126",NA,0,28.8663705008371
"3826",4367,"Sicily","ipsl-cm6a-lr","ssp126",NA,0.345603476307588,27.3845066615514
"3827",4368,"Sicily","ipsl-cm6a-lr","ssp126",NA,1.25614772218146,24.1040152413505
"3828",4369,"Sicily","ipsl-cm6a-lr","ssp126",NA,0.139741016651637,23.9178362165179
"3829",4370,"Sicily","ipsl-cm6a-lr","ssp126",NA,0,24.1720825195313
"3830",4371,"Sicily","ipsl-cm6a-lr","ssp126",NA,0,24.105118233817
"3831",4372,"Sicily","ipsl-cm6a-lr","ssp126",NA,11.7835076365736,20.4091779436384
"3832",4373,"Sicily","ipsl-cm6a-lr","ssp126",NA,9.00502473481798,19.4648594447545
"3833",4374,"Sicily","ipsl-cm6a-lr","ssp126",NA,15.4399140438597,17.814835030692
"3834",4375,"Sicily","ipsl-cm6a-lr","ssp126",NA,4.9495427356825,17.581672014509
"3835",4376,"Sicily","ipsl-cm6a-lr","ssp126",NA,0.16951129577397,17.6522155761719
"3836",4377,"Sicily","ipsl-cm6a-lr","ssp126",NA,2.71245589548406,17.6018746512277
"3837",4378,"Sicily","ipsl-cm6a-lr","ssp126",NA,5.49918247852474,13.8761710030692
"3838",4379,"Sicily","ipsl-cm6a-lr","ssp126",NA,11.9474118334308,9.55434570312502
"3839",4380,"Sicily","ipsl-cm6a-lr","ssp126",NA,1.56603442072602,11.9014351981027
"3840",4381,"Sicily","ipsl-cm6a-lr","ssp126",NA,11.2597925056304,12.4153206961496
"3841",4382,"Sicily","ipsl-cm6a-lr","ssp126",NA,8.72565666546247,10.1103934151786
"3842",4383,"Sicily","ipsl-cm6a-lr","ssp126",NA,1.95693920333205,12.5024309430804
"3843",4384,"Sicily","ipsl-cm6a-lr","ssp126",NA,0.582462844405589,12.3193254743304
"3844",4385,"Sicily","ipsl-cm6a-lr","ssp126",NA,0,12.1734427315848
"3845",4386,"Sicily","ipsl-cm6a-lr","ssp126",NA,14.9667301479245,10.6992911202567
"3846",4387,"Sicily","ipsl-cm6a-lr","ssp126",NA,6.52733153796622,9.27656598772324
"3847",4388,"Sicily","ipsl-cm6a-lr","ssp126",NA,0,10.1797337123326
"3848",4389,"Sicily","ipsl-cm6a-lr","ssp126",NA,0.177931276266463,10.7934814453125
"3849",4390,"Sicily","ipsl-cm6a-lr","ssp126",NA,0,12.7547284807478
"3850",4391,"Sicily","ipsl-cm6a-lr","ssp126",NA,1.23637304641306,11.7171221051898
"3851",4392,"Sicily","ipsl-cm6a-lr","ssp126",NA,5.00415595847049,9.62473667689734
"3852",4393,"Sicily","ipsl-cm6a-lr","ssp126",NA,3.74057244792181,11.3664882114956
"3853",4394,"Sicily","ipsl-cm6a-lr","ssp126",NA,0,14.5715314592634
"3854",4395,"Sicily","ipsl-cm6a-lr","ssp126",NA,0,13.6669555664063
"3855",4396,"Sicily","ipsl-cm6a-lr","ssp126",NA,6.57459680556453,11.7420985630581
"3856",4397,"Sicily","ipsl-cm6a-lr","ssp126",NA,0,15.7349312918527
"3857",4398,"Sicily","ipsl-cm6a-lr","ssp126",NA,3.86066350703394,14.5879324776786
"3858",4399,"Sicily","ipsl-cm6a-lr","ssp126",NA,1.24994025120811,15.4583635602679
"3859",4400,"Sicily","ipsl-cm6a-lr","ssp126",NA,0.0535772897170058,18.3833164760045
"3860",4401,"Sicily","ipsl-cm6a-lr","ssp126",NA,0,18.2887642996652
"3861",4402,"Sicily","ipsl-cm6a-lr","ssp126",NA,0.0227961348303195,18.6551932198661
"3862",4403,"Sicily","ipsl-cm6a-lr","ssp126",NA,0.896713782900146,20.7147591727121
"3863",4404,"Sicily","ipsl-cm6a-lr","ssp126",NA,0,25.2010437011719
"3864",4405,"Sicily","ipsl-cm6a-lr","ssp126",NA,0,27.9258710588728
"3865",4406,"Sicily","ipsl-cm6a-lr","ssp126",NA,0.0375397631224977,29.135143171038
"3866",4407,"Sicily","ipsl-cm6a-lr","ssp126",NA,1.75740491686156,22.696684047154
"3867",4408,"Sicily","ipsl-cm6a-lr","ssp126",NA,0.0353475259284356,24.1524117606027
"3868",4409,"Sicily","ipsl-cm6a-lr","ssp126",NA,0,23.001114327567
"3869",4410,"Sicily","ipsl-cm6a-lr","ssp126",NA,4.94214825531734,23.5385724748884
"3870",4411,"Sicily","ipsl-cm6a-lr","ssp126",NA,0,25.2540658133371
"3871",4412,"Sicily","ipsl-cm6a-lr","ssp126",NA,0,25.2569344656808
"3872",4413,"Sicily","ipsl-cm6a-lr","ssp126",NA,0,25.274320765904
"3873",4414,"Sicily","ipsl-cm6a-lr","ssp126",NA,0,25.2019069126674
"3874",4415,"Sicily","ipsl-cm6a-lr","ssp126",NA,0,27.1259355817523
"3875",4416,"Sicily","ipsl-cm6a-lr","ssp126",NA,0.0599073011211918,27.8013331821987
"3876",4417,"Sicily","ipsl-cm6a-lr","ssp126",NA,0,28.4683471679688
"3877",4418,"Sicily","ipsl-cm6a-lr","ssp126",NA,0.768316197874291,26.8141636439732
"3878",4419,"Sicily","ipsl-cm6a-lr","ssp126",NA,0.0640429676942793,29.9391723632813
"3879",4420,"Sicily","ipsl-cm6a-lr","ssp126",NA,0.742480732567076,30.9363167898996
"3880",4421,"Sicily","ipsl-cm6a-lr","ssp126",NA,0,26.5022914341518
"3881",4422,"Sicily","ipsl-cm6a-lr","ssp126",NA,2.13687531109567,25.282373046875
"3882",4423,"Sicily","ipsl-cm6a-lr","ssp126",NA,0.776441579260531,25.0727652413505
"3883",4424,"Sicily","ipsl-cm6a-lr","ssp126",NA,5.09668232869964,20.6228053501674
"3884",4425,"Sicily","ipsl-cm6a-lr","ssp126",NA,3.44483623079473,22.2785714285714
"3885",4426,"Sicily","ipsl-cm6a-lr","ssp126",NA,0,23.9779776436942
"3886",4427,"Sicily","ipsl-cm6a-lr","ssp126",NA,0,22.2487513950893
"3887",4428,"Sicily","ipsl-cm6a-lr","ssp126",NA,0.0224532916035969,21.2956220354353
"3888",4429,"Sicily","ipsl-cm6a-lr","ssp126",NA,0.722396337992645,21.6366341727121
"3889",4430,"Sicily","ipsl-cm6a-lr","ssp126",NA,17.0814901302427,19.9636213030134
"3890",4431,"Sicily","ipsl-cm6a-lr","ssp126",NA,12.4329657289698,16.9629106794085
"3891",4432,"Sicily","ipsl-cm6a-lr","ssp126",NA,10.9142787540415,13.8455444335938
"3892",4433,"Sicily","ipsl-cm6a-lr","ssp126",NA,7.76663648430258,11.9139038085938
"3893",4434,"Sicily","ipsl-cm6a-lr","ssp126",NA,2.73254604045568,10.4437805175781
"3894",4435,"Sicily","ipsl-cm6a-lr","ssp126",NA,0.307321723916435,11.4054504394531
"3895",4436,"Sicily","ipsl-cm6a-lr","ssp126",NA,0,13.6861424037389
"3896",4437,"Sicily","ipsl-cm6a-lr","ssp126",NA,1.30006122386216,11.8182050432478
"3897",4438,"Sicily","ipsl-cm6a-lr","ssp126",NA,15.0279594285946,9.18856201171877
"3898",4439,"Sicily","ipsl-cm6a-lr","ssp126",NA,7.32109810134196,10.2275896344866
"3899",4440,"Sicily","ipsl-cm6a-lr","ssp126",NA,1.70653011456514,9.56951729910717
"3900",4441,"Sicily","ipsl-cm6a-lr","ssp126",NA,0.837287825665304,9.36479666573663
"3901",4442,"Sicily","ipsl-cm6a-lr","ssp126",NA,0,11.6466526576451
"3902",4443,"Sicily","ipsl-cm6a-lr","ssp126",NA,5.2253016969189,9.47015206473217
"3903",4444,"Sicily","ipsl-cm6a-lr","ssp126",NA,0.249242557973568,10.9881312779018
"3904",4445,"Sicily","ipsl-cm6a-lr","ssp126",NA,5.152358864195,11.6253426688058
"3905",4446,"Sicily","ipsl-cm6a-lr","ssp126",NA,3.37426600661794,12.182279750279
"3906",4447,"Sicily","ipsl-cm6a-lr","ssp126",NA,7.76269942954449,11.9513924734933
"3907",4448,"Sicily","ipsl-cm6a-lr","ssp126",NA,4.11945309107458,12.5943455287389
"3908",4449,"Sicily","ipsl-cm6a-lr","ssp126",NA,0,14.1209176199777
"3909",4450,"Sicily","ipsl-cm6a-lr","ssp126",NA,4.72810338459177,12.9062874930246
"3910",4451,"Sicily","ipsl-cm6a-lr","ssp126",NA,1.83081434141578,13.7268833705357
"3911",4452,"Sicily","ipsl-cm6a-lr","ssp126",NA,11.2330707214174,13.9541564941406
"3912",4453,"Sicily","ipsl-cm6a-lr","ssp126",NA,0.753889688972517,15.7512538364956
"3913",4454,"Sicily","ipsl-cm6a-lr","ssp126",NA,0.14925432333257,19.0613211495536
"3914",4455,"Sicily","ipsl-cm6a-lr","ssp126",NA,0,18.6497044154576
"3915",4456,"Sicily","ipsl-cm6a-lr","ssp126",NA,0,19.2541878836496
"3916",4457,"Sicily","ipsl-cm6a-lr","ssp126",NA,0.162479989895863,18.9421325683594
"3917",4458,"Sicily","ipsl-cm6a-lr","ssp126",NA,0.0727885949475292,23.1546221051898
"3918",4459,"Sicily","ipsl-cm6a-lr","ssp126",NA,0,23.3101658412389
"3919",4460,"Sicily","ipsl-cm6a-lr","ssp126",NA,0.0710716425341421,23.2015232631139
"3920",4461,"Sicily","ipsl-cm6a-lr","ssp126",NA,0,26.8524021693639
"3921",4462,"Sicily","ipsl-cm6a-lr","ssp126",NA,0,25.0856262207031
"3922",4463,"Sicily","ipsl-cm6a-lr","ssp126",NA,0,26.9318437848773
"3923",4464,"Sicily","ipsl-cm6a-lr","ssp126",NA,0,30.8281886509487
"3924",4465,"Sicily","ipsl-cm6a-lr","ssp126",NA,0,28.8507629394531
"3925",4466,"Sicily","ipsl-cm6a-lr","ssp126",NA,0,25.9981061662947
"3926",4467,"Sicily","ipsl-cm6a-lr","ssp126",NA,0,28.270902797154
"3927",4468,"Sicily","ipsl-cm6a-lr","ssp126",NA,0,29.2287885393415
"3928",4469,"Sicily","ipsl-cm6a-lr","ssp126",NA,0.0220930891373428,30.7348876953125
"3929",4470,"Sicily","ipsl-cm6a-lr","ssp126",NA,0,31.6490897042411
"3930",4471,"Sicily","ipsl-cm6a-lr","ssp126",NA,4.25776639271395,28.7314174107143
"3931",4472,"Sicily","ipsl-cm6a-lr","ssp126",NA,0.432822051724153,25.8549220493862
"3932",4473,"Sicily","ipsl-cm6a-lr","ssp126",NA,0,26.9400094168527
"3933",4474,"Sicily","ipsl-cm6a-lr","ssp126",NA,2.79527071065136,21.9200988769531
"3934",4475,"Sicily","ipsl-cm6a-lr","ssp126",NA,0.351977922088866,22.9216465541295
"3935",4476,"Sicily","ipsl-cm6a-lr","ssp126",NA,0,22.7782444545201
"3936",4477,"Sicily","ipsl-cm6a-lr","ssp126",NA,2.77961356623564,21.5894147600447
"3937",4478,"Sicily","ipsl-cm6a-lr","ssp126",NA,6.06071645207911,17.4134155273438
"3938",4479,"Sicily","ipsl-cm6a-lr","ssp126",NA,0,17.7162458147322
"3939",4480,"Sicily","ipsl-cm6a-lr","ssp126",NA,0.0223187817027792,18.3430245535714
"3940",4481,"Sicily","ipsl-cm6a-lr","ssp126",NA,0.387544559479076,16.915909249442
"3941",4482,"Sicily","ipsl-cm6a-lr","ssp126",NA,1.13771168014085,16.8749285016741
"3942",4483,"Sicily","ipsl-cm6a-lr","ssp126",NA,2.27007936659252,15.7292463030134
"3943",4484,"Sicily","ipsl-cm6a-lr","ssp126",NA,0.0677260255283077,15.1035792759487
"3944",4485,"Sicily","ipsl-cm6a-lr","ssp126",NA,6.27937429900547,14.0745003836496
"3945",4486,"Sicily","ipsl-cm6a-lr","ssp126",NA,3.43975984807392,12.9501717703683
"3946",4487,"Sicily","ipsl-cm6a-lr","ssp126",NA,2.81954224192305,13.5714747837612
"3947",4488,"Sicily","ipsl-cm6a-lr","ssp126",NA,2.83357277886742,12.9819928850447
"3948",4489,"Sicily","ipsl-cm6a-lr","ssp126",NA,13.1471435622578,10.4785095214844
"3949",4490,"Sicily","ipsl-cm6a-lr","ssp126",NA,0,14.2646292550223
"3950",4491,"Sicily","ipsl-cm6a-lr","ssp126",NA,0.692635560075619,13.8208164760045
"3951",4492,"Sicily","ipsl-cm6a-lr","ssp126",NA,1.27494724958004,11.8413591657366
"3952",4493,"Sicily","ipsl-cm6a-lr","ssp126",NA,3.12517595344356,10.3850777762277
"3953",4494,"Sicily","ipsl-cm6a-lr","ssp126",NA,0.50649942963251,11.5341910226005
"3954",4495,"Sicily","ipsl-cm6a-lr","ssp126",NA,0,12.8901698521206
"3955",4496,"Sicily","ipsl-cm6a-lr","ssp126",NA,0,12.1938153948103
"3956",4497,"Sicily","ipsl-cm6a-lr","ssp126",NA,0.0997832044959068,11.7528930664063
"3957",4498,"Sicily","ipsl-cm6a-lr","ssp126",NA,0.5701928831903,12.9381609235491
"3958",4499,"Sicily","ipsl-cm6a-lr","ssp126",NA,0,14.5479413713728
"3959",4500,"Sicily","ipsl-cm6a-lr","ssp126",NA,0.135881785899983,14.4889290945871
"3960",4501,"Sicily","ipsl-cm6a-lr","ssp126",NA,3.17220161835264,13.4291233607701
"3961",4502,"Sicily","ipsl-cm6a-lr","ssp126",NA,1.85388871801219,15.6361764090402
"3962",4503,"Sicily","ipsl-cm6a-lr","ssp126",NA,0.0449556538244776,16.858540562221
"3963",4504,"Sicily","ipsl-cm6a-lr","ssp126",NA,0.0257435992742623,17.8427804129464
"3964",4505,"Sicily","ipsl-cm6a-lr","ssp126",NA,0.0689975144008973,19.6490984235491
"3965",4506,"Sicily","ipsl-cm6a-lr","ssp126",NA,4.06092036220278,18.993803187779
"3966",4507,"Sicily","ipsl-cm6a-lr","ssp126",NA,2.25495432054491,19.0746791294643
"3967",4508,"Sicily","ipsl-cm6a-lr","ssp126",NA,1.14435949009411,19.1154680524554
"3968",4509,"Sicily","ipsl-cm6a-lr","ssp126",NA,0.631032113493088,20.1878295898438
"3969",4510,"Sicily","ipsl-cm6a-lr","ssp126",NA,0.213418663978311,20.5808785574777
"3970",4511,"Sicily","ipsl-cm6a-lr","ssp126",NA,0.550194682831976,20.3025713239398
"3971",4512,"Sicily","ipsl-cm6a-lr","ssp126",NA,0,21.9834141322545
"3972",4513,"Sicily","ipsl-cm6a-lr","ssp126",NA,0.0196159925898038,25.4818446568081
"3973",4514,"Sicily","ipsl-cm6a-lr","ssp126",NA,0,26.204967389788
"3974",4515,"Sicily","ipsl-cm6a-lr","ssp126",NA,0,27.7964329310826
"3975",4516,"Sicily","ipsl-cm6a-lr","ssp126",NA,0,29.832177734375
"3976",4517,"Sicily","ipsl-cm6a-lr","ssp126",NA,0.594934616778379,26.8686811174665
"3977",4518,"Sicily","ipsl-cm6a-lr","ssp126",NA,0,28.7194022042411
"3978",4519,"Sicily","ipsl-cm6a-lr","ssp126",NA,0.104406344222038,30.2339329310826
"3979",4520,"Sicily","ipsl-cm6a-lr","ssp126",NA,0.631437414059681,27.7892482212612
"3980",4521,"Sicily","ipsl-cm6a-lr","ssp126",NA,0,29.7858476911273
"3981",4522,"Sicily","ipsl-cm6a-lr","ssp126",NA,0.307967884457737,29.9638610839844
"3982",4523,"Sicily","ipsl-cm6a-lr","ssp126",NA,0,29.6004403250558
"3983",4524,"Sicily","ipsl-cm6a-lr","ssp126",NA,0.193398155222115,29.1567626953125
"3984",4525,"Sicily","ipsl-cm6a-lr","ssp126",NA,0.690155906860517,26.6754743303572
"3985",4526,"Sicily","ipsl-cm6a-lr","ssp126",NA,1.99344507085958,26.1769827706473
"3986",4527,"Sicily","ipsl-cm6a-lr","ssp126",NA,7.70440554001003,24.0744219098773
"3987",4528,"Sicily","ipsl-cm6a-lr","ssp126",NA,6.71572042088623,23.1493600027902
"3988",4529,"Sicily","ipsl-cm6a-lr","ssp126",NA,6.38109729292669,21.4693629673549
"3989",4530,"Sicily","ipsl-cm6a-lr","ssp126",NA,0,19.9565979003906
"3990",4531,"Sicily","ipsl-cm6a-lr","ssp126",NA,3.82024931849238,21.1160217285156
"3991",4532,"Sicily","ipsl-cm6a-lr","ssp126",NA,9.44239230853522,18.1995178222656
"3992",4533,"Sicily","ipsl-cm6a-lr","ssp126",NA,4.9422023943667,17.2946977887835
"3993",4534,"Sicily","ipsl-cm6a-lr","ssp126",NA,0.054240165419677,15.3395193917411
"3994",4535,"Sicily","ipsl-cm6a-lr","ssp126",NA,9.12126167511035,15.6151062011719
"3995",4536,"Sicily","ipsl-cm6a-lr","ssp126",NA,3.74895895739818,16.0298618861607
"3996",4537,"Sicily","ipsl-cm6a-lr","ssp126",NA,1.94231760189203,15.0067687988281
"3997",4538,"Sicily","ipsl-cm6a-lr","ssp126",NA,1.29892888113058,12.4700343540737
"3998",4539,"Sicily","ipsl-cm6a-lr","ssp126",NA,0.29650875450378,15.1427594866072
"3999",4540,"Sicily","ipsl-cm6a-lr","ssp126",NA,2.19672971642077,11.8013854980469
"4000",4541,"Sicily","ipsl-cm6a-lr","ssp126",NA,3.55179985719068,12.1337916782924
"4001",4542,"Sicily","ipsl-cm6a-lr","ssp126",NA,3.70131693073615,11.5214957101005
"4002",4543,"Sicily","ipsl-cm6a-lr","ssp126",NA,3.45203706113222,11.9166111537389
"4003",4544,"Sicily","ipsl-cm6a-lr","ssp126",NA,0.0243625076629022,12.9560878208706
"4004",4545,"Sicily","ipsl-cm6a-lr","ssp126",NA,0,13.9982500348773
"4005",4546,"Sicily","ipsl-cm6a-lr","ssp126",NA,1.54276824775609,13.2639971051898
"4006",4547,"Sicily","ipsl-cm6a-lr","ssp126",NA,6.78641367381455,11.1582624162947
"4007",4548,"Sicily","ipsl-cm6a-lr","ssp126",NA,4.4937753783805,11.0019557407924
"4008",4549,"Sicily","ipsl-cm6a-lr","ssp126",NA,0.194197440786021,13.8504970005581
"4009",4550,"Sicily","ipsl-cm6a-lr","ssp126",NA,2.88282062569384,14.6190604073661
"4010",4551,"Sicily","ipsl-cm6a-lr","ssp126",NA,2.39397005747638,13.5223720005581
"4011",4552,"Sicily","ipsl-cm6a-lr","ssp126",NA,2.55050744828103,14.0989449637277
"4012",4553,"Sicily","ipsl-cm6a-lr","ssp126",NA,0.390884037395673,14.9108912876674
"4013",4554,"Sicily","ipsl-cm6a-lr","ssp126",NA,1.34394244024796,14.6090855189732
"4014",4555,"Sicily","ipsl-cm6a-lr","ssp126",NA,3.43400195207713,13.5762180873326
"4015",4556,"Sicily","ipsl-cm6a-lr","ssp126",NA,0.177490653836035,16.0584568568639
"4016",4557,"Sicily","ipsl-cm6a-lr","ssp126",NA,4.22730153493051,16.052632359096
"4017",4558,"Sicily","ipsl-cm6a-lr","ssp126",NA,4.39564119359212,17.0031023297991
"4018",4559,"Sicily","ipsl-cm6a-lr","ssp126",NA,3.52734450965987,17.7607404436384
"4019",4560,"Sicily","ipsl-cm6a-lr","ssp126",NA,0,20.1927734375
"4020",4561,"Sicily","ipsl-cm6a-lr","ssp126",NA,0,22.1245579310826
"4021",4562,"Sicily","ipsl-cm6a-lr","ssp126",NA,0,22.7315133231027
"4022",4563,"Sicily","ipsl-cm6a-lr","ssp126",NA,0.854198348991174,21.0058968680246
"4023",4564,"Sicily","ipsl-cm6a-lr","ssp126",NA,0.0414115821643333,23.1087977818081
"4024",4565,"Sicily","ipsl-cm6a-lr","ssp126",NA,0.0466610689597603,25.0887956891741
"4025",4566,"Sicily","ipsl-cm6a-lr","ssp126",NA,0.541103405911209,27.3659170968192
"4026",4567,"Sicily","ipsl-cm6a-lr","ssp126",NA,0,29.9874686104911
"4027",4568,"Sicily","ipsl-cm6a-lr","ssp126",NA,0,32.318976702009
"4028",4569,"Sicily","ipsl-cm6a-lr","ssp126",NA,0,29.7784929547991
"4029",4570,"Sicily","ipsl-cm6a-lr","ssp126",NA,1.5730382754035,27.7991620744978
"4030",4571,"Sicily","ipsl-cm6a-lr","ssp126",NA,0,25.8340741838728
"4031",4572,"Sicily","ipsl-cm6a-lr","ssp126",NA,0,28.584370640346
"4032",4573,"Sicily","ipsl-cm6a-lr","ssp126",NA,0,29.254279436384
"4033",4574,"Sicily","ipsl-cm6a-lr","ssp126",NA,0.0666032106632234,29.261115373884
"4034",4575,"Sicily","ipsl-cm6a-lr","ssp126",NA,3.01438025282031,27.5442007882255
"4035",4576,"Sicily","ipsl-cm6a-lr","ssp126",NA,1.48821116641297,27.7831795828683
"4036",4577,"Sicily","ipsl-cm6a-lr","ssp126",NA,2.96445284038782,26.2341596330915
"4037",4578,"Sicily","ipsl-cm6a-lr","ssp126",NA,2.18151769035363,24.6266592843192
"4038",4579,"Sicily","ipsl-cm6a-lr","ssp126",NA,0,25.3247227260045
"4039",4580,"Sicily","ipsl-cm6a-lr","ssp126",NA,1.27584586069653,22.3897382463728
"4040",4581,"Sicily","ipsl-cm6a-lr","ssp126",NA,6.79989032879738,22.8488054547991
"4041",4582,"Sicily","ipsl-cm6a-lr","ssp126",NA,2.1528812624248,21.4973127092634
"4042",4583,"Sicily","ipsl-cm6a-lr","ssp126",NA,0.0222457974034894,18.660062953404
"4043",4584,"Sicily","ipsl-cm6a-lr","ssp126",NA,9.61908942159166,17.0993242536273
"4044",4585,"Sicily","ipsl-cm6a-lr","ssp126",NA,0.788580347788021,15.8113603864398
"4045",4586,"Sicily","ipsl-cm6a-lr","ssp126",NA,4.09690818882414,15.0943237304688
"4046",4587,"Sicily","ipsl-cm6a-lr","ssp126",NA,1.14540413576054,16.2218697684152
"4047",4588,"Sicily","ipsl-cm6a-lr","ssp126",NA,0.381708360977687,15.7876002720424
"4048",4589,"Sicily","ipsl-cm6a-lr","ssp126",NA,0.71534881790285,14.5604884556362
"4049",4590,"Sicily","ipsl-cm6a-lr","ssp126",NA,0,11.7511622837612
"4050",4591,"Sicily","ipsl-cm6a-lr","ssp126",NA,0,12.4266339983259
"4051",4592,"Sicily","ipsl-cm6a-lr","ssp126",NA,0.99281727203301,13.984756905692
"4052",4593,"Sicily","ipsl-cm6a-lr","ssp126",NA,2.7783257831678,12.0804861886161
"4053",4594,"Sicily","ipsl-cm6a-lr","ssp126",NA,12.1761132850744,11.8589634486607
"4054",4595,"Sicily","ipsl-cm6a-lr","ssp126",NA,7.23385525301897,11.546759905134
"4055",4596,"Sicily","ipsl-cm6a-lr","ssp126",NA,3.9245823739163,11.8328316824777
"4056",4597,"Sicily","ipsl-cm6a-lr","ssp126",NA,0.302142892074439,12.7437595912389
"4057",4598,"Sicily","ipsl-cm6a-lr","ssp126",NA,6.97478453096535,9.72185232979913
"4058",4599,"Sicily","ipsl-cm6a-lr","ssp126",NA,4.32957314312392,11.1755702427456
"4059",4600,"Sicily","ipsl-cm6a-lr","ssp126",NA,0.477747055005498,13.3044110979353
"4060",4601,"Sicily","ipsl-cm6a-lr","ssp126",NA,2.14905568230149,12.8457929338728
"4061",4602,"Sicily","ipsl-cm6a-lr","ssp126",NA,0.598775786680302,13.8650320870536
"4062",4603,"Sicily","ipsl-cm6a-lr","ssp126",NA,0,15.6951363699777
"4063",4604,"Sicily","ipsl-cm6a-lr","ssp126",NA,3.91674923843571,14.5268319266183
"4064",4605,"Sicily","ipsl-cm6a-lr","ssp126",NA,3.22742972389928,11.1601021902902
"4065",4606,"Sicily","ipsl-cm6a-lr","ssp126",NA,0,15.4042079380581
"4066",4607,"Sicily","ipsl-cm6a-lr","ssp126",NA,2.77112079508827,15.1845336914063
"4067",4608,"Sicily","ipsl-cm6a-lr","ssp126",NA,1.44658015565905,14.719380405971
"4068",4609,"Sicily","ipsl-cm6a-lr","ssp126",NA,12.9886749641238,13.7677987234933
"4069",4610,"Sicily","ipsl-cm6a-lr","ssp126",NA,0.786403315890181,16.895645577567
"4070",4611,"Sicily","ipsl-cm6a-lr","ssp126",NA,0.107648016273743,17.5678737095424
"4071",4612,"Sicily","ipsl-cm6a-lr","ssp126",NA,5.304741879289,16.7294424874442
"4072",4613,"Sicily","ipsl-cm6a-lr","ssp126",NA,0,17.5911411830357
"4073",4614,"Sicily","ipsl-cm6a-lr","ssp126",NA,0,20.900040108817
"4074",4615,"Sicily","ipsl-cm6a-lr","ssp126",NA,0,21.5533037458148
"4075",4616,"Sicily","ipsl-cm6a-lr","ssp126",NA,0.475563979437408,22.0911106654576
"4076",4617,"Sicily","ipsl-cm6a-lr","ssp126",NA,0.75160236114503,24.106818498884
"4077",4618,"Sicily","ipsl-cm6a-lr","ssp126",NA,0,27.2187046595982
"4078",4619,"Sicily","ipsl-cm6a-lr","ssp126",NA,0,28.2419808523996
"4079",4620,"Sicily","ipsl-cm6a-lr","ssp126",NA,0,26.4575177873884
"4080",4621,"Sicily","ipsl-cm6a-lr","ssp126",NA,0,26.1816911969866
"4081",4622,"Sicily","ipsl-cm6a-lr","ssp126",NA,0,27.572647530692
"4082",4623,"Sicily","ipsl-cm6a-lr","ssp126",NA,0,27.5894365583148
"4083",4624,"Sicily","ipsl-cm6a-lr","ssp126",NA,0,28.3392229352679
"4084",4625,"Sicily","ipsl-cm6a-lr","ssp126",NA,0,27.7684352329799
"4085",4626,"Sicily","ipsl-cm6a-lr","ssp126",NA,1.47139041551522,26.3923322405134
"4086",4627,"Sicily","ipsl-cm6a-lr","ssp126",NA,1.04483900774669,29.7915544782366
"4087",4628,"Sicily","ipsl-cm6a-lr","ssp126",NA,0.0590235360765031,27.272123500279
"4088",4629,"Sicily","ipsl-cm6a-lr","ssp126",NA,0,27.9479963030134
"4089",4630,"Sicily","ipsl-cm6a-lr","ssp126",NA,2.5350875715958,24.6507986886161
"4090",4631,"Sicily","ipsl-cm6a-lr","ssp126",NA,6.9906166513517,22.7644548688616
"4091",4632,"Sicily","ipsl-cm6a-lr","ssp126",NA,5.48661285678723,19.5294695172991
"4092",4633,"Sicily","ipsl-cm6a-lr","ssp126",NA,0.0181086069330507,20.3600272042411
"4093",4634,"Sicily","ipsl-cm6a-lr","ssp126",NA,0.59666225892475,21.0889133998326
"4094",4635,"Sicily","ipsl-cm6a-lr","ssp126",NA,0.723948995749067,19.8322823660714
"4095",4636,"Sicily","ipsl-cm6a-lr","ssp126",NA,0.0143850142714135,17.8713928222656
"4096",4637,"Sicily","ipsl-cm6a-lr","ssp126",NA,13.8486194557377,15.5091796875
"4097",4638,"Sicily","ipsl-cm6a-lr","ssp126",NA,1.05079271052091,15.832421875
"4098",4639,"Sicily","ipsl-cm6a-lr","ssp126",NA,0.184827196634225,16.8099696568081
"4099",4640,"Sicily","ipsl-cm6a-lr","ssp126",NA,1.8927013199053,15.0022827148438
"4100",4641,"Sicily","ipsl-cm6a-lr","ssp126",NA,4.80515469930002,12.8460152762277
"4101",4642,"Sicily","ipsl-cm6a-lr","ssp126",NA,4.6912835394843,9.59786376953127
"4102",4643,"Sicily","ipsl-cm6a-lr","ssp126",NA,0.649749277467241,13.9465227399554
"4103",4644,"Sicily","ipsl-cm6a-lr","ssp126",NA,0,9.85448172433038
"4104",4645,"Sicily","ipsl-cm6a-lr","ssp126",NA,1.76522707915865,11.3608293805804
"4105",4646,"Sicily","ipsl-cm6a-lr","ssp126",NA,8.54529944564482,11.0004952566965
"4106",4647,"Sicily","ipsl-cm6a-lr","ssp126",NA,0,12.6294581821987
"4107",4648,"Sicily","ipsl-cm6a-lr","ssp126",NA,5.21230446341048,12.3645132882255
"4108",4649,"Sicily","ipsl-cm6a-lr","ssp126",NA,5.41222385529961,10.230863734654
"4109",4650,"Sicily","ipsl-cm6a-lr","ssp126",NA,0,12.6951668875558
"4110",4651,"Sicily","ipsl-cm6a-lr","ssp126",NA,5.9488970586764,12.1737435477121
"4111",4652,"Sicily","ipsl-cm6a-lr","ssp126",NA,1.88931357822314,10.216197858538
"4112",4653,"Sicily","ipsl-cm6a-lr","ssp126",NA,8.66984082385898,9.52702375139511
"4113",4654,"Sicily","ipsl-cm6a-lr","ssp126",NA,6.82774602734883,10.0971531459264
"4114",4655,"Sicily","ipsl-cm6a-lr","ssp126",NA,3.16274992988578,12.6691702706473
"4115",4656,"Sicily","ipsl-cm6a-lr","ssp126",NA,0.108098699794417,12.2399928501674
"4116",4657,"Sicily","ipsl-cm6a-lr","ssp126",NA,0.0345803292085683,14.5259251185826
"4117",4658,"Sicily","ipsl-cm6a-lr","ssp126",NA,0,15.0748186383929
"4118",4659,"Sicily","ipsl-cm6a-lr","ssp126",NA,0.165686438309162,13.6515572684152
"4119",4660,"Sicily","ipsl-cm6a-lr","ssp126",NA,0,13.9817879813058
"4120",4661,"Sicily","ipsl-cm6a-lr","ssp126",NA,0,15.3652631487165
"4121",4662,"Sicily","ipsl-cm6a-lr","ssp126",NA,2.08207773321192,16.6972028459822
"4122",4663,"Sicily","ipsl-cm6a-lr","ssp126",NA,1.62848197874804,17.0387642996652
"4123",4664,"Sicily","ipsl-cm6a-lr","ssp126",NA,0.574968030975599,17.2778302873884
"4124",4665,"Sicily","ipsl-cm6a-lr","ssp126",NA,0.0266706789261661,20.2690325055804
"4125",4666,"Sicily","ipsl-cm6a-lr","ssp126",NA,0.0302414763219921,21.9086635044643
"4126",4667,"Sicily","ipsl-cm6a-lr","ssp126",NA,0.119089238328992,24.1708879743304
"4127",4668,"Sicily","ipsl-cm6a-lr","ssp126",NA,0.0206368298157551,26.5774213518415
"4128",4669,"Sicily","ipsl-cm6a-lr","ssp126",NA,0,28.5844098772322
"4129",4670,"Sicily","ipsl-cm6a-lr","ssp126",NA,1.34065780720058,26.689826311384
"4130",4671,"Sicily","ipsl-cm6a-lr","ssp126",NA,0,29.7787414550781
"4131",4672,"Sicily","ipsl-cm6a-lr","ssp126",NA,0.0180621575314685,27.2259286063058
"4132",4673,"Sicily","ipsl-cm6a-lr","ssp126",NA,0,26.4333783830915
"4133",4674,"Sicily","ipsl-cm6a-lr","ssp126",NA,0.102072154446172,26.440327671596
"4134",4675,"Sicily","ipsl-cm6a-lr","ssp126",NA,0,27.0258989606585
"4135",4676,"Sicily","ipsl-cm6a-lr","ssp126",NA,0.125056494809022,28.9660670689174
"4136",4677,"Sicily","ipsl-cm6a-lr","ssp126",NA,0,29.0245256696429
"4137",4678,"Sicily","ipsl-cm6a-lr","ssp126",NA,0.501973695853459,28.2082153320313
"4138",4679,"Sicily","ipsl-cm6a-lr","ssp126",NA,0.199985107506758,26.7260157993862
"4139",4680,"Sicily","ipsl-cm6a-lr","ssp126",NA,0,28.238911655971
"4140",4681,"Sicily","ipsl-cm6a-lr","ssp126",NA,0.0590268869668112,28.2953255789621
"4141",4682,"Sicily","ipsl-cm6a-lr","ssp126",NA,0.524722626349623,26.6909685407366
"4142",4683,"Sicily","ipsl-cm6a-lr","ssp126",NA,0.253327150130644,23.0127938406808
"4143",4684,"Sicily","ipsl-cm6a-lr","ssp126",NA,0.262457188208438,22.8405439104353
"4144",4685,"Sicily","ipsl-cm6a-lr","ssp126",NA,5.61475420254283,19.8586539132255
"4145",4686,"Sicily","ipsl-cm6a-lr","ssp126",NA,1.0202008991785,19.9579711914063
"4146",4687,"Sicily","ipsl-cm6a-lr","ssp126",NA,2.2053704908363,19.9367309570313
"4147",4688,"Sicily","ipsl-cm6a-lr","ssp126",NA,0.666685648112824,17.931778390067
"4148",4689,"Sicily","ipsl-cm6a-lr","ssp126",NA,0,18.2997288295201
"4149",4690,"Sicily","ipsl-cm6a-lr","ssp126",NA,0.509684787643242,18.3679792131697
"4150",4691,"Sicily","ipsl-cm6a-lr","ssp126",NA,1.07590420531259,16.7024911063058
"4151",4692,"Sicily","ipsl-cm6a-lr","ssp126",NA,14.3472078655447,12.1171465192523
"4152",4693,"Sicily","ipsl-cm6a-lr","ssp126",NA,8.54228950140948,11.2744253976005
"4153",4694,"Sicily","ipsl-cm6a-lr","ssp126",NA,4.83053754183597,11.2800973074777
"4154",4695,"Sicily","ipsl-cm6a-lr","ssp126",NA,9.98828645762322,9.6994829450335
"4155",4696,"Sicily","ipsl-cm6a-lr","ssp126",NA,2.98674184014089,10.4816659109933
"4156",4697,"Sicily","ipsl-cm6a-lr","ssp126",NA,0,11.5426661900112
"4157",4698,"Sicily","ipsl-cm6a-lr","ssp126",NA,0.24563743500039,10.6630972726005
"4158",4699,"Sicily","ipsl-cm6a-lr","ssp126",NA,0,10.7049586704799
"4159",4700,"Sicily","ipsl-cm6a-lr","ssp126",NA,0.0902150824133839,11.1347900390625
"4160",4701,"Sicily","ipsl-cm6a-lr","ssp126",NA,0,12.1724879673549
"4161",4702,"Sicily","ipsl-cm6a-lr","ssp126",NA,0.0161061931846364,12.1784301757813
"4162",4703,"Sicily","ipsl-cm6a-lr","ssp126",NA,0,11.8945338657924
"4163",4704,"Sicily","ipsl-cm6a-lr","ssp126",NA,0.0928522330858479,11.8684849330357
"4164",4705,"Sicily","ipsl-cm6a-lr","ssp126",NA,2.04546188968899,12.3975638253348
"4165",4706,"Sicily","ipsl-cm6a-lr","ssp126",NA,0.135704613889435,13.6031258719308
"4166",4707,"Sicily","ipsl-cm6a-lr","ssp126",NA,3.41260995815641,14.1445949009487
"4167",4708,"Sicily","ipsl-cm6a-lr","ssp126",NA,0.0165336941011317,14.472057233538
"4168",4709,"Sicily","ipsl-cm6a-lr","ssp126",NA,0.0698577137622383,15.3434300013951
"4169",4710,"Sicily","ipsl-cm6a-lr","ssp126",NA,2.20718867577878,14.9585161481585
"4170",4711,"Sicily","ipsl-cm6a-lr","ssp126",NA,3.58742704494424,12.8961948939732
"4171",4712,"Sicily","ipsl-cm6a-lr","ssp126",NA,5.81845608165687,14.7684875488281
"4172",4713,"Sicily","ipsl-cm6a-lr","ssp126",NA,0,17.723291015625
"4173",4714,"Sicily","ipsl-cm6a-lr","ssp126",NA,0.482960710568087,16.652969796317
"4174",4715,"Sicily","ipsl-cm6a-lr","ssp126",NA,0.1447880411953,15.8937360491072
"4175",4716,"Sicily","ipsl-cm6a-lr","ssp126",NA,0,18.8701808384487
"4176",4717,"Sicily","ipsl-cm6a-lr","ssp126",NA,0,19.8787606375558
"4177",4718,"Sicily","ipsl-cm6a-lr","ssp126",NA,0,21.7007516043527
"4178",4719,"Sicily","ipsl-cm6a-lr","ssp126",NA,0,23.2643545968192
"4179",4720,"Sicily","ipsl-cm6a-lr","ssp126",NA,0.284582088352181,21.3979954310826
"4180",4721,"Sicily","ipsl-cm6a-lr","ssp126",NA,0,22.5832981654576
"4181",4722,"Sicily","ipsl-cm6a-lr","ssp126",NA,0,26.0989275251116
"4182",4723,"Sicily","ipsl-cm6a-lr","ssp126",NA,0,27.3071053641183
"4183",4724,"Sicily","ipsl-cm6a-lr","ssp126",NA,0,27.5648917061942
"4184",4725,"Sicily","ipsl-cm6a-lr","ssp126",NA,0.0206779034799963,25.6057024274554
"4185",4726,"Sicily","ipsl-cm6a-lr","ssp126",NA,0,25.4814958844866
"4186",4727,"Sicily","ipsl-cm6a-lr","ssp126",NA,0,26.7186305454799
"4187",4728,"Sicily","ipsl-cm6a-lr","ssp126",NA,0,27.4087463378906
"4188",4729,"Sicily","ipsl-cm6a-lr","ssp126",NA,0,28.5721941266741
"4189",4730,"Sicily","ipsl-cm6a-lr","ssp126",NA,0.357244836881624,27.0593898228237
"4190",4731,"Sicily","ipsl-cm6a-lr","ssp126",NA,4.19130006339401,27.1615757533482
"4191",4732,"Sicily","ipsl-cm6a-lr","ssp126",NA,5.77007702751351,26.4619428362165
"4192",4733,"Sicily","ipsl-cm6a-lr","ssp126",NA,0.140703378877203,25.3211085728237
"4193",4734,"Sicily","ipsl-cm6a-lr","ssp126",NA,0,25.8339608328683
"4194",4735,"Sicily","ipsl-cm6a-lr","ssp126",NA,0.391038144672556,24.1738917759487
"4195",4736,"Sicily","ipsl-cm6a-lr","ssp126",NA,3.29612034838647,23.5548427036831
"4196",4737,"Sicily","ipsl-cm6a-lr","ssp126",NA,2.42325938982373,21.648322405134
"4197",4738,"Sicily","ipsl-cm6a-lr","ssp126",NA,0,18.9701171875
"4198",4739,"Sicily","ipsl-cm6a-lr","ssp126",NA,4.19038335634728,19.6914219447545
"4199",4740,"Sicily","ipsl-cm6a-lr","ssp126",NA,15.0580727179269,18.2354457310268
"4200",4741,"Sicily","ipsl-cm6a-lr","ssp126",NA,0.0241508627368603,17.1360630580357
"4201",4742,"Sicily","ipsl-cm6a-lr","ssp126",NA,1.60090204527868,16.7394696916853
"4202",4743,"Sicily","ipsl-cm6a-lr","ssp126",NA,12.1840023585329,14.6504629952567
"4203",4744,"Sicily","ipsl-cm6a-lr","ssp126",NA,6.11800432941111,16.128555733817
"4204",4745,"Sicily","ipsl-cm6a-lr","ssp126",NA,9.0105561173654,13.738911655971
"4205",4746,"Sicily","ipsl-cm6a-lr","ssp126",NA,12.8915514796972,11.1735255650112
"4206",4747,"Sicily","ipsl-cm6a-lr","ssp126",NA,1.22404203949762,12.7900155203683
"4207",4748,"Sicily","ipsl-cm6a-lr","ssp126",NA,0,12.8223903111049
"4208",4749,"Sicily","ipsl-cm6a-lr","ssp126",NA,0.793390500309345,12.3214747837612
"4209",4750,"Sicily","ipsl-cm6a-lr","ssp126",NA,0.276460248694223,12.2641235351563
"4210",4751,"Sicily","ipsl-cm6a-lr","ssp126",NA,6.13658485900877,11.9131408691406
"4211",4752,"Sicily","ipsl-cm6a-lr","ssp126",NA,4.91045816161204,10.7261073521206
"4212",4753,"Sicily","ipsl-cm6a-lr","ssp126",NA,1.31092235179884,12.3699410574777
"4213",4754,"Sicily","ipsl-cm6a-lr","ssp126",NA,4.37840724480338,11.3197875976563
"4214",4755,"Sicily","ipsl-cm6a-lr","ssp126",NA,0.0463082263844886,11.9766174316406
"4215",4756,"Sicily","ipsl-cm6a-lr","ssp126",NA,5.33221548653923,10.4021196637835
"4216",4757,"Sicily","ipsl-cm6a-lr","ssp126",NA,0.145310698696578,11.712291608538
"4217",4758,"Sicily","ipsl-cm6a-lr","ssp126",NA,0,13.8064950125558
"4218",4759,"Sicily","ipsl-cm6a-lr","ssp126",NA,1.41184897885458,13.0615478515625
"4219",4760,"Sicily","ipsl-cm6a-lr","ssp126",NA,0,14.4617335728237
"4220",4761,"Sicily","ipsl-cm6a-lr","ssp126",NA,0,14.0451075962612
"4221",4762,"Sicily","ipsl-cm6a-lr","ssp126",NA,1.11425447976217,12.2515372140067
"4222",4763,"Sicily","ipsl-cm6a-lr","ssp126",NA,0.161674126034736,14.7213727678572
"4223",4764,"Sicily","ipsl-cm6a-lr","ssp126",NA,0,16.0377223423549
"4224",4765,"Sicily","ipsl-cm6a-lr","ssp126",NA,0.0167085928946368,18.4562927246094
"4225",4766,"Sicily","ipsl-cm6a-lr","ssp126",NA,0,19.0112418038505
"4226",4767,"Sicily","ipsl-cm6a-lr","ssp126",NA,0.0396418546318143,19.2254010881697
"4227",4768,"Sicily","ipsl-cm6a-lr","ssp126",NA,0.019300391483869,21.3616097586496
"4228",4769,"Sicily","ipsl-cm6a-lr","ssp126",NA,0.028089545230614,23.2924438476563
"4229",4770,"Sicily","ipsl-cm6a-lr","ssp126",NA,0.165284393213889,23.8745710100447
"4230",4771,"Sicily","ipsl-cm6a-lr","ssp126",NA,0.233479529353125,22.4225490025112
"4231",4772,"Sicily","ipsl-cm6a-lr","ssp126",NA,0.0413235553423874,22.3218671526228
"4232",4773,"Sicily","ipsl-cm6a-lr","ssp126",NA,0.712023867527023,22.8731018066406
"4233",4774,"Sicily","ipsl-cm6a-lr","ssp126",NA,0.231741713858875,23.999400983538
"4234",4775,"Sicily","ipsl-cm6a-lr","ssp126",NA,0,26.9615897042411
"4235",4776,"Sicily","ipsl-cm6a-lr","ssp126",NA,0,27.3180437360491
"4236",4777,"Sicily","ipsl-cm6a-lr","ssp126",NA,0.219437065035371,28.2187220982143
"4237",4778,"Sicily","ipsl-cm6a-lr","ssp126",NA,0.0387312431744899,26.873912702288
"4238",4779,"Sicily","ipsl-cm6a-lr","ssp126",NA,0,30.1977172851563
"4239",4780,"Sicily","ipsl-cm6a-lr","ssp126",NA,0,27.1752825055804
"4240",4781,"Sicily","ipsl-cm6a-lr","ssp126",NA,0,26.2498543875558
"4241",4782,"Sicily","ipsl-cm6a-lr","ssp126",NA,0.0259664503183948,27.8734767368862
"4242",4783,"Sicily","ipsl-cm6a-lr","ssp126",NA,1.17276301992076,24.7662946428572
"4243",4784,"Sicily","ipsl-cm6a-lr","ssp126",NA,0,24.4745422363281
"4244",4785,"Sicily","ipsl-cm6a-lr","ssp126",NA,0.0149797439787238,25.8496948242188
"4245",4786,"Sicily","ipsl-cm6a-lr","ssp126",NA,0.064320089690487,25.8566223144531
"4246",4787,"Sicily","ipsl-cm6a-lr","ssp126",NA,1.37465322643818,24.8504272460938
"4247",4788,"Sicily","ipsl-cm6a-lr","ssp126",NA,0.0595670791101708,23.8012808663505
"4248",4789,"Sicily","ipsl-cm6a-lr","ssp126",NA,14.2218324299652,21.2935468401228
"4249",4790,"Sicily","ipsl-cm6a-lr","ssp126",NA,2.86423459827867,19.8673645019531
"4250",4791,"Sicily","ipsl-cm6a-lr","ssp126",NA,3.64601587737395,20.8842407226563
"4251",4792,"Sicily","ipsl-cm6a-lr","ssp126",NA,2.16506426466887,19.4892255510603
"4252",4793,"Sicily","ipsl-cm6a-lr","ssp126",NA,1.21325010716516,16.6600673130581
"4253",4794,"Sicily","ipsl-cm6a-lr","ssp126",NA,6.60914498980024,15.7448364257813
"4254",4795,"Sicily","ipsl-cm6a-lr","ssp126",NA,6.30628220777518,13.6136413574219
"4255",4796,"Sicily","ipsl-cm6a-lr","ssp126",NA,7.83595856919419,13.4681291852679
"4256",4797,"Sicily","ipsl-cm6a-lr","ssp126",NA,3.97426434626271,11.5239632742746
"4257",4798,"Sicily","ipsl-cm6a-lr","ssp126",NA,3.65627426321485,12.3503662109375
"4258",4799,"Sicily","ipsl-cm6a-lr","ssp126",NA,1.72432338419769,13.0273594447545
"4259",4800,"Sicily","ipsl-cm6a-lr","ssp126",NA,0,12.6586722237723
"4260",4801,"Sicily","ipsl-cm6a-lr","ssp126",NA,0,13.1751299176898
"4261",4802,"Sicily","ipsl-cm6a-lr","ssp126",NA,1.88023290964858,12.7027614048549
"4262",4803,"Sicily","ipsl-cm6a-lr","ssp126",NA,0,13.0872262137277
"4263",4804,"Sicily","ipsl-cm6a-lr","ssp126",NA,0.760372690690149,9.91264386858261
"4264",4805,"Sicily","ipsl-cm6a-lr","ssp126",NA,2.72879213963669,9.6372270856585
"4265",4806,"Sicily","ipsl-cm6a-lr","ssp126",NA,8.41441060557762,7.15420357840404
"4266",4807,"Sicily","ipsl-cm6a-lr","ssp126",NA,1.19735858705618,7.71545235770092
"4267",4808,"Sicily","ipsl-cm6a-lr","ssp126",NA,1.2242398037675,8.30931134905136
"4268",4809,"Sicily","ipsl-cm6a-lr","ssp126",NA,8.14669666329532,7.52422921316967
"4269",4810,"Sicily","ipsl-cm6a-lr","ssp126",NA,6.33105266107512,9.18421979631699
"4270",4811,"Sicily","ipsl-cm6a-lr","ssp126",NA,3.01021291275642,9.72328229631699
"4271",4812,"Sicily","ipsl-cm6a-lr","ssp126",NA,0,12.4813868931362
"4272",4813,"Sicily","ipsl-cm6a-lr","ssp126",NA,0.389980408363044,13.3798767089844
"4273",4814,"Sicily","ipsl-cm6a-lr","ssp126",NA,1.2887259870435,12.8373395647322
"4274",4815,"Sicily","ipsl-cm6a-lr","ssp126",NA,0,15.4132542201451
"4275",4816,"Sicily","ipsl-cm6a-lr","ssp126",NA,0.7463745653305,13.7527622767857
"4276",4817,"Sicily","ipsl-cm6a-lr","ssp126",NA,0.337965279010989,14.7698390415737
"4277",4818,"Sicily","ipsl-cm6a-lr","ssp126",NA,0,17.1971418108259
"4278",4819,"Sicily","ipsl-cm6a-lr","ssp126",NA,2.11100768397695,15.7373639787947
"4279",4820,"Sicily","ipsl-cm6a-lr","ssp126",NA,0.375747729101152,16.5259294782366
"4280",4821,"Sicily","ipsl-cm6a-lr","ssp126",NA,0.584826832969806,17.1456150599889
"4281",4822,"Sicily","ipsl-cm6a-lr","ssp126",NA,0,19.8050214494978
"4282",4823,"Sicily","ipsl-cm6a-lr","ssp126",NA,0.0185718366472949,21.0451032366072
"4283",4824,"Sicily","ipsl-cm6a-lr","ssp126",NA,0,22.1355529785156
"4284",4825,"Sicily","ipsl-cm6a-lr","ssp126",NA,0,21.0569396972656
"4285",4826,"Sicily","ipsl-cm6a-lr","ssp126",NA,0.141796453889193,21.7834062848773
"4286",4827,"Sicily","ipsl-cm6a-lr","ssp126",NA,0,24.4593401227679
"4287",4828,"Sicily","ipsl-cm6a-lr","ssp126",NA,0,25.7721365792411
"4288",4829,"Sicily","ipsl-cm6a-lr","ssp126",NA,0,27.5207545689174
"4289",4830,"Sicily","ipsl-cm6a-lr","ssp126",NA,1.06571082225336,25.5910757882255
"4290",4831,"Sicily","ipsl-cm6a-lr","ssp126",NA,0.74909553597016,25.0217180524554
"4291",4832,"Sicily","ipsl-cm6a-lr","ssp126",NA,0,27.674946812221
"4292",4833,"Sicily","ipsl-cm6a-lr","ssp126",NA,0,27.4651123046875
"4293",4834,"Sicily","ipsl-cm6a-lr","ssp126",NA,2.22537244200274,27.946422467913
"4294",4835,"Sicily","ipsl-cm6a-lr","ssp126",NA,0,29.092427280971
"4295",4836,"Sicily","ipsl-cm6a-lr","ssp126",NA,0.724888749287597,29.6855276925223
"4296",4837,"Sicily","ipsl-cm6a-lr","ssp126",NA,4.8467194373578,26.5179077148438
"4297",4838,"Sicily","ipsl-cm6a-lr","ssp126",NA,2.23980925054223,24.1277361188616
"4298",4839,"Sicily","ipsl-cm6a-lr","ssp126",NA,4.87625042109617,23.5845581054688
"4299",4840,"Sicily","ipsl-cm6a-lr","ssp126",NA,9.49972397476293,22.946919468471
"4300",4841,"Sicily","ipsl-cm6a-lr","ssp126",NA,10.6217136213672,20.2202130998884
"4301",4842,"Sicily","ipsl-cm6a-lr","ssp126",NA,6.9031183383361,19.3820957728795
"4302",4843,"Sicily","ipsl-cm6a-lr","ssp126",NA,4.64326980956165,17.8120710100447
"4303",4844,"Sicily","ipsl-cm6a-lr","ssp126",NA,2.19347893185581,15.9299734933036
"4304",4845,"Sicily","ipsl-cm6a-lr","ssp126",NA,0,17.2219046456473
"4305",4846,"Sicily","ipsl-cm6a-lr","ssp126",NA,6.81062098530154,15.8193516322545
"4306",4847,"Sicily","ipsl-cm6a-lr","ssp126",NA,0.147168262213069,15.486958530971
"4307",4848,"Sicily","ipsl-cm6a-lr","ssp126",NA,0.115780671954521,15.9798915318081
"4308",4849,"Sicily","ipsl-cm6a-lr","ssp126",NA,4.05416497295456,12.7827828543527
"4309",4850,"Sicily","ipsl-cm6a-lr","ssp126",NA,0.246298744709098,12.7853463309152
"4310",4851,"Sicily","ipsl-cm6a-lr","ssp126",NA,0,12.6263671875
"4311",4852,"Sicily","ipsl-cm6a-lr","ssp126",NA,0,11.8996390206473
"4312",4853,"Sicily","ipsl-cm6a-lr","ssp126",NA,1.5271887000251,11.9598284040179
"4313",4854,"Sicily","ipsl-cm6a-lr","ssp126",NA,1.15193777268619,11.563849748884
"4314",4855,"Sicily","ipsl-cm6a-lr","ssp126",NA,0.876011958722042,9.60726754324779
"4315",4856,"Sicily","ipsl-cm6a-lr","ssp126",NA,0.874317448012464,9.65478777204243
"4316",4857,"Sicily","ipsl-cm6a-lr","ssp126",NA,1.18857774318063,12.0795227050781
"4317",4858,"Sicily","ipsl-cm6a-lr","ssp126",NA,0.165066551666574,11.5186314174107
"4318",4859,"Sicily","ipsl-cm6a-lr","ssp126",NA,9.02691537713898,9.97135096958708
"4319",4860,"Sicily","ipsl-cm6a-lr","ssp126",NA,3.02603944271271,11.4448050362723
"4320",4861,"Sicily","ipsl-cm6a-lr","ssp126",NA,0,10.8678920200893
"4321",4862,"Sicily","ipsl-cm6a-lr","ssp126",NA,1.55491835570761,9.76423688616074
"4322",4863,"Sicily","ipsl-cm6a-lr","ssp126",NA,9.13726595380077,11.370743233817
"4323",4864,"Sicily","ipsl-cm6a-lr","ssp126",NA,1.84743347760689,12.0766322544643
"4324",4865,"Sicily","ipsl-cm6a-lr","ssp126",NA,1.196920595664,14.668838936942
"4325",4866,"Sicily","ipsl-cm6a-lr","ssp126",NA,0.0975352341941159,14.1812465122768
"4326",4867,"Sicily","ipsl-cm6a-lr","ssp126",NA,4.68536760017741,14.2783796037947
"4327",4868,"Sicily","ipsl-cm6a-lr","ssp126",NA,0,15.665669468471
"4328",4869,"Sicily","ipsl-cm6a-lr","ssp126",NA,1.0613669009347,16.4188694545201
"4329",4870,"Sicily","ipsl-cm6a-lr","ssp126",NA,1.68872087628448,15.5194510323661
"4330",4871,"Sicily","ipsl-cm6a-lr","ssp126",NA,1.81427017648405,17.1945870535714
"4331",4872,"Sicily","ipsl-cm6a-lr","ssp126",NA,4.58805584847661,14.978409249442
"4332",4873,"Sicily","ipsl-cm6a-lr","ssp126",NA,0.220283568965637,17.3886570521764
"4333",4874,"Sicily","ipsl-cm6a-lr","ssp126",NA,0,18.9489946637835
"4334",4875,"Sicily","ipsl-cm6a-lr","ssp126",NA,0.521137165300648,22.3169451032366
"4335",4876,"Sicily","ipsl-cm6a-lr","ssp126",NA,0.0517444144601801,20.9950674874442
"4336",4877,"Sicily","ipsl-cm6a-lr","ssp126",NA,0,24.2566859654018
"4337",4878,"Sicily","ipsl-cm6a-lr","ssp126",NA,0.0168922014771462,25.8194475446429
"4338",4879,"Sicily","ipsl-cm6a-lr","ssp126",NA,0.052651966897039,24.2229117257255
"4339",4880,"Sicily","ipsl-cm6a-lr","ssp126",NA,0,26.1850786481585
"4340",4881,"Sicily","ipsl-cm6a-lr","ssp126",NA,0,26.010888671875
"4341",4882,"Sicily","ipsl-cm6a-lr","ssp126",NA,0,27.5092014857701
"4342",4883,"Sicily","ipsl-cm6a-lr","ssp126",NA,0,28.5265267508371
"4343",4884,"Sicily","ipsl-cm6a-lr","ssp126",NA,0,27.5488961356027
"4344",4885,"Sicily","ipsl-cm6a-lr","ssp126",NA,0.98527287160063,25.2700221470424
"4345",4886,"Sicily","ipsl-cm6a-lr","ssp126",NA,0,27.9659362792969
"4346",4887,"Sicily","ipsl-cm6a-lr","ssp126",NA,0,29.2074916294643
"4347",4888,"Sicily","ipsl-cm6a-lr","ssp126",NA,0.0544854707966026,29.120978655134
"4348",4889,"Sicily","ipsl-cm6a-lr","ssp126",NA,0.0445986829747978,25.8572152273996
"4349",4890,"Sicily","ipsl-cm6a-lr","ssp126",NA,8.40557594118374,22.7861964634487
"4350",4891,"Sicily","ipsl-cm6a-lr","ssp126",NA,0.796883340392794,20.6635027204241
"4351",4892,"Sicily","ipsl-cm6a-lr","ssp126",NA,0.164397900308748,21.9451320103237
"4352",4893,"Sicily","ipsl-cm6a-lr","ssp126",NA,0,21.840971156529
"4353",4894,"Sicily","ipsl-cm6a-lr","ssp126",NA,6.70761165924237,20.9775373186384
"4354",4895,"Sicily","ipsl-cm6a-lr","ssp126",NA,1.15695458870115,19.4329249790737
"4355",4896,"Sicily","ipsl-cm6a-lr","ssp126",NA,0.487267243079259,19.0013453892299
"4356",4897,"Sicily","ipsl-cm6a-lr","ssp126",NA,0,19.6435442243304
"4357",4898,"Sicily","ipsl-cm6a-lr","ssp126",NA,8.06796214923711,17.023832484654
"4358",4899,"Sicily","ipsl-cm6a-lr","ssp126",NA,0.218829582861092,16.5666660853795
"4359",4900,"Sicily","ipsl-cm6a-lr","ssp126",NA,0,13.9046875
"4360",4901,"Sicily","ipsl-cm6a-lr","ssp126",NA,0.998945693988519,15.4571908133371
"4361",4902,"Sicily","ipsl-cm6a-lr","ssp126",NA,0.0237268460166108,16.8133309500558
"4362",4903,"Sicily","ipsl-cm6a-lr","ssp126",NA,4.0289600138619,13.7072823660715
"4363",4904,"Sicily","ipsl-cm6a-lr","ssp126",NA,0,14.8678527832031
"4364",4905,"Sicily","ipsl-cm6a-lr","ssp126",NA,1.19862134368824,14.3460545131139
"4365",4906,"Sicily","ipsl-cm6a-lr","ssp126",NA,1.31898723193444,12.5823390415737
"4366",4907,"Sicily","ipsl-cm6a-lr","ssp126",NA,3.15014660840721,11.6444902692523
"4367",4908,"Sicily","ipsl-cm6a-lr","ssp126",NA,0.0387887527592414,11.577290562221
"4368",4909,"Sicily","ipsl-cm6a-lr","ssp126",NA,9.96562619943039,10.3401341029576
"4369",4910,"Sicily","ipsl-cm6a-lr","ssp126",NA,1.57682810427754,12.9698338099889
"4370",4911,"Sicily","ipsl-cm6a-lr","ssp126",NA,3.19963608136667,11.4780473981585
"4371",4912,"Sicily","ipsl-cm6a-lr","ssp126",NA,0.491897001796003,13.6067792619978
"4372",4913,"Sicily","ipsl-cm6a-lr","ssp126",NA,2.47563802903252,12.3083391462054
"4373",4914,"Sicily","ipsl-cm6a-lr","ssp126",NA,0,14.4555864606585
"4374",4915,"Sicily","ipsl-cm6a-lr","ssp126",NA,0.0241404929381263,14.1982012067523
"4375",4916,"Sicily","ipsl-cm6a-lr","ssp126",NA,0.155179887328164,14.3258998325893
"4376",4917,"Sicily","ipsl-cm6a-lr","ssp126",NA,0.433889127868627,15.451322719029
"4377",4918,"Sicily","ipsl-cm6a-lr","ssp126",NA,6.47112084136877,11.8084132603237
"4378",4919,"Sicily","ipsl-cm6a-lr","ssp126",NA,1.50261920893432,15.0457179478237
"4379",4920,"Sicily","ipsl-cm6a-lr","ssp126",NA,2.60629972700761,15.5770595005581
"4380",4921,"Sicily","ipsl-cm6a-lr","ssp126",NA,0.363351910242013,16.5463239397322
"4381",4922,"Sicily","ipsl-cm6a-lr","ssp126",NA,0.140405593057429,17.538716343471
"4382",4923,"Sicily","ipsl-cm6a-lr","ssp126",NA,0.873022780745357,17.3613307407924
"4383",4924,"Sicily","ipsl-cm6a-lr","ssp126",NA,0,19.576806640625
"4384",4925,"Sicily","ipsl-cm6a-lr","ssp126",NA,0.571545814974732,19.7192321777344
"4385",4926,"Sicily","ipsl-cm6a-lr","ssp126",NA,0,19.8151620047433
"4386",4927,"Sicily","ipsl-cm6a-lr","ssp126",NA,0.498814126227184,21.5035208565848
"4387",4928,"Sicily","ipsl-cm6a-lr","ssp126",NA,0,21.8825578962054
"4388",4929,"Sicily","ipsl-cm6a-lr","ssp126",NA,0.0186812892414829,23.1264979771206
"4389",4930,"Sicily","ipsl-cm6a-lr","ssp126",NA,0,22.5899553571429
"4390",4931,"Sicily","ipsl-cm6a-lr","ssp126",NA,0,25.9409162248884
"4391",4932,"Sicily","ipsl-cm6a-lr","ssp126",NA,0,26.8157810756139
"4392",4933,"Sicily","ipsl-cm6a-lr","ssp126",NA,0,26.3883039202009
"4393",4934,"Sicily","ipsl-cm6a-lr","ssp126",NA,0,26.5518301827567
"4394",4935,"Sicily","ipsl-cm6a-lr","ssp126",NA,0,26.8235194614956
"4395",4936,"Sicily","ipsl-cm6a-lr","ssp126",NA,0,28.3331063406808
"4396",4937,"Sicily","ipsl-cm6a-lr","ssp126",NA,0,27.5869907924107
"4397",4938,"Sicily","ipsl-cm6a-lr","ssp126",NA,0,28.6005580357143
"4398",4939,"Sicily","ipsl-cm6a-lr","ssp126",NA,0,27.7291024344308
"4399",4940,"Sicily","ipsl-cm6a-lr","ssp126",NA,7.46071194132258,25.0540100097656
"4400",4941,"Sicily","ipsl-cm6a-lr","ssp126",NA,9.09792239295452,24.7728079659598
"4401",4942,"Sicily","ipsl-cm6a-lr","ssp126",NA,0.588164987649569,25.5035208565848
"4402",4943,"Sicily","ipsl-cm6a-lr","ssp126",NA,0.779298047668167,26.0204886300223
"4403",4944,"Sicily","ipsl-cm6a-lr","ssp126",NA,4.45066861617046,24.3083522251674
"4404",4945,"Sicily","ipsl-cm6a-lr","ssp126",NA,0,24.9936680385045
"4405",4946,"Sicily","ipsl-cm6a-lr","ssp126",NA,0.0148098462627136,22.3221112932478
"4406",4947,"Sicily","ipsl-cm6a-lr","ssp126",NA,0,23.0124930245536
"4407",4948,"Sicily","ipsl-cm6a-lr","ssp126",NA,0.0392640698139855,22.2282305036273
"4408",4949,"Sicily","ipsl-cm6a-lr","ssp126",NA,0.0447963981319585,22.5308253696987
"4409",4950,"Sicily","ipsl-cm6a-lr","ssp126",NA,2.07586787676389,19.8809448242188
"4410",4951,"Sicily","ipsl-cm6a-lr","ssp126",NA,8.38142074810873,15.7084071568081
"4411",4952,"Sicily","ipsl-cm6a-lr","ssp126",NA,5.44725494941564,14.9272835867746
"4412",4953,"Sicily","ipsl-cm6a-lr","ssp126",NA,7.0293569284591,14.1418919154576
"4413",4954,"Sicily","ipsl-cm6a-lr","ssp126",NA,3.37413971678221,13.7064889090402
"4414",4955,"Sicily","ipsl-cm6a-lr","ssp126",NA,6.54918001632073,10.2624145507813
"4415",4956,"Sicily","ipsl-cm6a-lr","ssp126",NA,7.25150763090434,9.64370553152904
"4416",4957,"Sicily","ipsl-cm6a-lr","ssp126",NA,0.556094208669882,11.5056222098215
"4417",4958,"Sicily","ipsl-cm6a-lr","ssp126",NA,0.42213000061955,12.6659354073661
"4418",4959,"Sicily","ipsl-cm6a-lr","ssp126",NA,2.09661800680416,9.93018711635047
"4419",4960,"Sicily","ipsl-cm6a-lr","ssp126",NA,2.9840061721708,8.46969866071431
"4420",4961,"Sicily","ipsl-cm6a-lr","ssp126",NA,5.59654651000788,10.4374677385603
"4421",4962,"Sicily","ipsl-cm6a-lr","ssp126",NA,0.0599257450500902,10.3009626116072
"4422",4963,"Sicily","ipsl-cm6a-lr","ssp126",NA,0,11.9010559082031
"4423",4964,"Sicily","ipsl-cm6a-lr","ssp126",NA,3.5040953198664,11.7040823800223
"4424",4965,"Sicily","ipsl-cm6a-lr","ssp126",NA,1.5819987609575,11.144416155134
"4425",4966,"Sicily","ipsl-cm6a-lr","ssp126",NA,0.691782379622704,10.7063973563058
"4426",4967,"Sicily","ipsl-cm6a-lr","ssp126",NA,0,12.3301199776786
"4427",4968,"Sicily","ipsl-cm6a-lr","ssp126",NA,0.414189440198243,12.5703020368304
"4428",4969,"Sicily","ipsl-cm6a-lr","ssp126",NA,0.765751964146537,13.1410548618862
"4429",4970,"Sicily","ipsl-cm6a-lr","ssp126",NA,4.93508213133152,11.5054957798549
"4430",4971,"Sicily","ipsl-cm6a-lr","ssp126",NA,1.9595723632457,12.0935259137835
"4431",4972,"Sicily","ipsl-cm6a-lr","ssp126",NA,0.831441448203155,14.1604727608817
"4432",4973,"Sicily","ipsl-cm6a-lr","ssp126",NA,1.42013394007725,15.3946428571429
"4433",4974,"Sicily","ipsl-cm6a-lr","ssp126",NA,2.00776141854086,14.9843819754465
"4434",4975,"Sicily","ipsl-cm6a-lr","ssp126",NA,0.0648404571360775,16.9708060128348
"4435",4976,"Sicily","ipsl-cm6a-lr","ssp126",NA,0,18.3431335449219
"4436",4977,"Sicily","ipsl-cm6a-lr","ssp126",NA,0.703270354175142,20.9912091936384
"4437",4978,"Sicily","ipsl-cm6a-lr","ssp126",NA,0.678583621213745,20.6612139020648
"4438",4979,"Sicily","ipsl-cm6a-lr","ssp126",NA,0,23.3353951590402
"4439",4980,"Sicily","ipsl-cm6a-lr","ssp126",NA,0,22.6945434570313
"4440",4981,"Sicily","ipsl-cm6a-lr","ssp126",NA,0.262362250526037,23.6680541992188
"4441",4982,"Sicily","ipsl-cm6a-lr","ssp126",NA,0.0392065560195728,23.9212454659598
"4442",4983,"Sicily","ipsl-cm6a-lr","ssp126",NA,0,25.6597185407366
"4443",4984,"Sicily","ipsl-cm6a-lr","ssp126",NA,0,27.0116603306362
"4444",4985,"Sicily","ipsl-cm6a-lr","ssp126",NA,0,25.7003156389509
"4445",4986,"Sicily","ipsl-cm6a-lr","ssp126",NA,0,25.2444266183036
"4446",4987,"Sicily","ipsl-cm6a-lr","ssp126",NA,0,26.5442661830357
"4447",4988,"Sicily","ipsl-cm6a-lr","ssp126",NA,0,30.0231741768973
"4448",4989,"Sicily","ipsl-cm6a-lr","ssp126",NA,0,28.8396109444755
"4449",4990,"Sicily","ipsl-cm6a-lr","ssp126",NA,0.124215022827099,29.4997541155134
"4450",4991,"Sicily","ipsl-cm6a-lr","ssp126",NA,0,29.3083609444755
"4451",4992,"Sicily","ipsl-cm6a-lr","ssp126",NA,0.0842235838977753,29.3664358956473
"4452",4993,"Sicily","ipsl-cm6a-lr","ssp126",NA,0,27.551904296875
"4453",4994,"Sicily","ipsl-cm6a-lr","ssp126",NA,0,25.6235464913505
"4454",4995,"Sicily","ipsl-cm6a-lr","ssp126",NA,0,25.2164681570871
"4455",4996,"Sicily","ipsl-cm6a-lr","ssp126",NA,0.0214163257624023,23.2182774135045
"4456",4997,"Sicily","ipsl-cm6a-lr","ssp126",NA,0.540017290872389,21.9817095075335
"4457",4998,"Sicily","ipsl-cm6a-lr","ssp126",NA,11.481938664448,21.1462036132813
"4458",4999,"Sicily","ipsl-cm6a-lr","ssp126",NA,4.81509390441975,19.6867047991072
"4459",5000,"Sicily","ipsl-cm6a-lr","ssp126",NA,0.0293393655738328,18.5808436802456
"4460",5001,"Sicily","ipsl-cm6a-lr","ssp126",NA,0,18.9148760114398
"4461",5002,"Sicily","ipsl-cm6a-lr","ssp126",NA,10.719586509679,17.4733389718192
"4462",5003,"Sicily","ipsl-cm6a-lr","ssp126",NA,3.33606567749354,14.3343139648438
"4463",5004,"Sicily","ipsl-cm6a-lr","ssp126",NA,2.38970992806052,14.3406398228237
"4464",5005,"Sicily","ipsl-cm6a-lr","ssp126",NA,5.84412603150538,12.6964050292969
"4465",5006,"Sicily","ipsl-cm6a-lr","ssp126",NA,0.12215331880725,14.370015171596
"4466",5007,"Sicily","ipsl-cm6a-lr","ssp126",NA,3.38280910426485,13.4055463518415
"4467",5008,"Sicily","ipsl-cm6a-lr","ssp126",NA,11.5755931382799,13.0836207798549
"4468",5009,"Sicily","ipsl-cm6a-lr","ssp126",NA,1.48755528997364,14.1251246861049
"4469",5010,"Sicily","ipsl-cm6a-lr","ssp126",NA,0,12.6435137067523
"4470",5011,"Sicily","ipsl-cm6a-lr","ssp126",NA,0.617400784332338,10.9584202357701
"4471",5012,"Sicily","ipsl-cm6a-lr","ssp126",NA,21.9708564608092,11.2086033412389
"4472",5013,"Sicily","ipsl-cm6a-lr","ssp126",NA,2.61296045500785,11.7079232352121
"4473",5014,"Sicily","ipsl-cm6a-lr","ssp126",NA,0.374347612627649,11.6663190569197
"4474",5015,"Sicily","ipsl-cm6a-lr","ssp126",NA,0,12.1989379882813
"4475",5016,"Sicily","ipsl-cm6a-lr","ssp126",NA,0.0685911979027359,12.6378853934152
"4476",5017,"Sicily","ipsl-cm6a-lr","ssp126",NA,2.48880923380576,12.3869175502232
"4477",5018,"Sicily","ipsl-cm6a-lr","ssp126",NA,1.07244898556798,12.5792044503348
"4478",5019,"Sicily","ipsl-cm6a-lr","ssp126",NA,0.658648299161411,13.9066929408482
"4479",5020,"Sicily","ipsl-cm6a-lr","ssp126",NA,0.0875426547801388,13.8311706542969
"4480",5021,"Sicily","ipsl-cm6a-lr","ssp126",NA,0,13.013081577846
"4481",5022,"Sicily","ipsl-cm6a-lr","ssp126",NA,1.93752934241534,13.8446637834822
"4482",5023,"Sicily","ipsl-cm6a-lr","ssp126",NA,0,16.035529436384
"4483",5024,"Sicily","ipsl-cm6a-lr","ssp126",NA,0,17.0807477678572
"4484",5025,"Sicily","ipsl-cm6a-lr","ssp126",NA,1.85382257581555,14.8187674386161
"4485",5026,"Sicily","ipsl-cm6a-lr","ssp126",NA,4.13196467561647,16.1408804757255
"4486",5027,"Sicily","ipsl-cm6a-lr","ssp126",NA,3.45421954594453,17.1083618164063
"4487",5028,"Sicily","ipsl-cm6a-lr","ssp126",NA,0.572713344860988,18.5228951590402
"4488",5029,"Sicily","ipsl-cm6a-lr","ssp126",NA,0.028903525318518,21.5594203404018
"4489",5030,"Sicily","ipsl-cm6a-lr","ssp126",NA,0,23.3228306361607
"4490",5031,"Sicily","ipsl-cm6a-lr","ssp126",NA,0.461797407894794,20.3303859165737
"4491",5032,"Sicily","ipsl-cm6a-lr","ssp126",NA,0,21.091455078125
"4492",5033,"Sicily","ipsl-cm6a-lr","ssp126",NA,0.0608911662961223,21.5598737444197
"4493",5034,"Sicily","ipsl-cm6a-lr","ssp126",NA,0,26.2818586077009
"4494",5035,"Sicily","ipsl-cm6a-lr","ssp126",NA,0,23.214972795759
"4495",5036,"Sicily","ipsl-cm6a-lr","ssp126",NA,0,25.9565063476563
"4496",5037,"Sicily","ipsl-cm6a-lr","ssp126",NA,0,27.344620186942
"4497",5038,"Sicily","ipsl-cm6a-lr","ssp126",NA,0,28.0819902692523
"4498",5039,"Sicily","ipsl-cm6a-lr","ssp126",NA,0,26.7624755859375
"4499",5040,"Sicily","ipsl-cm6a-lr","ssp126",NA,0,27.6961565290179
"4500",5041,"Sicily","ipsl-cm6a-lr","ssp126",NA,0,27.1388663155692
"4501",5042,"Sicily","ipsl-cm6a-lr","ssp126",NA,0.147116881895012,28.2809474400112
"4502",5043,"Sicily","ipsl-cm6a-lr","ssp126",NA,0,29.8685241699219
"4503",5044,"Sicily","ipsl-cm6a-lr","ssp126",NA,0,25.7733703613281
"4504",5045,"Sicily","ipsl-cm6a-lr","ssp126",NA,0,27.3415335518973
"4505",5046,"Sicily","ipsl-cm6a-lr","ssp126",NA,0.944975067562024,27.5119611467634
"4506",5047,"Sicily","ipsl-cm6a-lr","ssp126",NA,11.8571282065074,23.8693786621094
"4507",5048,"Sicily","ipsl-cm6a-lr","ssp126",NA,1.14104388937579,23.447896030971
"4508",5049,"Sicily","ipsl-cm6a-lr","ssp126",NA,0.882353461098059,22.7519165039063
"4509",5050,"Sicily","ipsl-cm6a-lr","ssp126",NA,1.76403033422373,22.5045540945871
"4510",5051,"Sicily","ipsl-cm6a-lr","ssp126",NA,10.5572440339789,21.4057163783482
"4511",5052,"Sicily","ipsl-cm6a-lr","ssp126",NA,0.960341995128796,21.1944344656808
"4512",5053,"Sicily","ipsl-cm6a-lr","ssp126",NA,14.136665107383,18.7179547991072
"4513",5054,"Sicily","ipsl-cm6a-lr","ssp126",NA,2.13635268446524,19.4382481166295
"4514",5055,"Sicily","ipsl-cm6a-lr","ssp126",NA,0.0240917001584811,18.7134861537389
"4515",5056,"Sicily","ipsl-cm6a-lr","ssp126",NA,0.0246300007607455,16.6577130998884
"4516",5057,"Sicily","ipsl-cm6a-lr","ssp126",NA,2.19573737018176,17.5935128348214
"4517",5058,"Sicily","ipsl-cm6a-lr","ssp126",NA,3.68344812574963,16.1449741908482
"4518",5059,"Sicily","ipsl-cm6a-lr","ssp126",NA,3.08018266805448,14.1949314662389
"4519",5060,"Sicily","ipsl-cm6a-lr","ssp126",NA,0.0319128858141734,15.2547546386719
"4520",5061,"Sicily","ipsl-cm6a-lr","ssp126",NA,0,14.0592372349331
"4521",5062,"Sicily","ipsl-cm6a-lr","ssp126",NA,11.1675764533824,12.0777308872768
"4522",5063,"Sicily","ipsl-cm6a-lr","ssp126",NA,9.07997264460261,10.3137799944197
"4523",5064,"Sicily","ipsl-cm6a-lr","ssp126",NA,0.111172145365604,12.8883998325893
"4524",5065,"Sicily","ipsl-cm6a-lr","ssp126",NA,0.339539170298459,13.4459603445871
"4525",5066,"Sicily","ipsl-cm6a-lr","ssp126",NA,0,13.5661952427456
"4526",5067,"Sicily","ipsl-cm6a-lr","ssp126",NA,0.0207537601714388,14.4983503069197
"4527",5068,"Sicily","ipsl-cm6a-lr","ssp126",NA,0,13.4096357073103
"4528",5069,"Sicily","ipsl-cm6a-lr","ssp126",NA,0,15.4872898646764
"4529",5070,"Sicily","ipsl-cm6a-lr","ssp126",NA,0.393082311243883,15.0375
"4530",5071,"Sicily","ipsl-cm6a-lr","ssp126",NA,7.23435228490936,15.0403642926898
"4531",5072,"Sicily","ipsl-cm6a-lr","ssp126",NA,3.04643063739474,12.982550920759
"4532",5073,"Sicily","ipsl-cm6a-lr","ssp126",NA,1.50148075938757,13.1164271763393
"4533",5074,"Sicily","ipsl-cm6a-lr","ssp126",NA,4.70689083449543,11.808500453404
"4534",5075,"Sicily","ipsl-cm6a-lr","ssp126",NA,3.91485899952905,13.6610700334822
"4535",5076,"Sicily","ipsl-cm6a-lr","ssp126",NA,0,15.0586312430246
"4536",5077,"Sicily","ipsl-cm6a-lr","ssp126",NA,0.0538508503398459,16.2246468680246
"4537",5078,"Sicily","ipsl-cm6a-lr","ssp126",NA,0.591027742484584,15.9720136369978
"4538",5079,"Sicily","ipsl-cm6a-lr","ssp126",NA,0.911548224809979,19.0376961844308
"4539",5080,"Sicily","ipsl-cm6a-lr","ssp126",NA,1.32496505185762,17.2190490722656
"4540",5081,"Sicily","ipsl-cm6a-lr","ssp126",NA,0.58272608855207,16.3385864257813
"4541",5082,"Sicily","ipsl-cm6a-lr","ssp126",NA,0.535038204647468,18.4636518205915
"4542",5083,"Sicily","ipsl-cm6a-lr","ssp126",NA,0.086922683944327,19.5508841378348
"4543",5084,"Sicily","ipsl-cm6a-lr","ssp126",NA,0,20.1419529506139
"4544",5085,"Sicily","ipsl-cm6a-lr","ssp126",NA,0,20.7602565220424
"4545",5086,"Sicily","ipsl-cm6a-lr","ssp126",NA,0,22.0780840192523
"4546",5087,"Sicily","ipsl-cm6a-lr","ssp126",NA,0,25.8186715262277
"4547",5088,"Sicily","ipsl-cm6a-lr","ssp126",NA,0.0295844071453238,29.0209202357701
"4548",5089,"Sicily","ipsl-cm6a-lr","ssp126",NA,0,27.6619681222098
"4549",5090,"Sicily","ipsl-cm6a-lr","ssp126",NA,0.0828382405286123,31.4247244698661
"4550",5091,"Sicily","ipsl-cm6a-lr","ssp126",NA,0,29.5315490722656
"4551",5092,"Sicily","ipsl-cm6a-lr","ssp126",NA,0,29.0684622628348
"4552",5093,"Sicily","ipsl-cm6a-lr","ssp126",NA,0.290564914965736,26.5365757533482
"4553",5094,"Sicily","ipsl-cm6a-lr","ssp126",NA,0,28.8615269252232
"4554",5095,"Sicily","ipsl-cm6a-lr","ssp126",NA,0,28.4588213239398
"4555",5096,"Sicily","ipsl-cm6a-lr","ssp126",NA,0.0859762791411153,30.8446463448661
"4556",5097,"Sicily","ipsl-cm6a-lr","ssp126",NA,0.0233828900361134,30.3104187011719
"4557",5098,"Sicily","ipsl-cm6a-lr","ssp126",NA,3.64695405088631,28.80703125
"4558",5099,"Sicily","ipsl-cm6a-lr","ssp126",NA,3.2809600001201,23.3767987932478
"4559",5100,"Sicily","ipsl-cm6a-lr","ssp126",NA,1.97889092503049,23.3376229422433
"4560",5101,"Sicily","ipsl-cm6a-lr","ssp126",NA,1.91335082781734,23.3787606375558
"4561",5102,"Sicily","ipsl-cm6a-lr","ssp126",NA,31.6555529216462,22.2134512765067
"4562",5103,"Sicily","ipsl-cm6a-lr","ssp126",NA,2.12628689202705,22.3378278459822
"4563",5104,"Sicily","ipsl-cm6a-lr","ssp126",NA,0.501974591108072,23.2802804129464
"4564",5105,"Sicily","ipsl-cm6a-lr","ssp126",NA,0.0211483078601304,21.1528782435826
"4565",5106,"Sicily","ipsl-cm6a-lr","ssp126",NA,4.95730428727776,20.370015171596
"4566",5107,"Sicily","ipsl-cm6a-lr","ssp126",NA,9.82902185465459,17.5486912318639
"4567",5108,"Sicily","ipsl-cm6a-lr","ssp126",NA,6.73138366089136,16.2340724400112
"4568",5109,"Sicily","ipsl-cm6a-lr","ssp126",NA,0.0615735636009569,15.1574602399554
"4569",5110,"Sicily","ipsl-cm6a-lr","ssp126",NA,9.5759908934789,14.6015781947545
"4570",5111,"Sicily","ipsl-cm6a-lr","ssp126",NA,5.85374879218372,14.0420994349889
"4571",5112,"Sicily","ipsl-cm6a-lr","ssp126",NA,2.75277145306713,14.5785766601563
"4572",5113,"Sicily","ipsl-cm6a-lr","ssp126",NA,3.70425586921296,14.0381539481027
"4573",5114,"Sicily","ipsl-cm6a-lr","ssp126",NA,0,14.6534973144531
"4574",5115,"Sicily","ipsl-cm6a-lr","ssp126",NA,0,14.899809047154
"4575",5116,"Sicily","ipsl-cm6a-lr","ssp126",NA,7.48587404045143,14.3232404436384
"4576",5117,"Sicily","ipsl-cm6a-lr","ssp126",NA,1.95863416026571,11.3758353097098
"4577",5118,"Sicily","ipsl-cm6a-lr","ssp126",NA,3.0213924257883,12.3963474818639
"4578",5119,"Sicily","ipsl-cm6a-lr","ssp126",NA,3.79743291694987,11.050927734375
"4579",5120,"Sicily","ipsl-cm6a-lr","ssp126",NA,9.3427670645594,9.85815255301342
"4580",5121,"Sicily","ipsl-cm6a-lr","ssp126",NA,8.01255685343806,10.6409676688058
"4581",5122,"Sicily","ipsl-cm6a-lr","ssp126",NA,1.19972847335573,12.5488917759487
"4582",5123,"Sicily","ipsl-cm6a-lr","ssp126",NA,0.892157969688664,15.2583905901228
"4583",5124,"Sicily","ipsl-cm6a-lr","ssp126",NA,2.8160749460637,13.4507167271206
"4584",5125,"Sicily","ipsl-cm6a-lr","ssp126",NA,0.336933241279829,13.4274405343192
"4585",5126,"Sicily","ipsl-cm6a-lr","ssp126",NA,0,15.047984967913
"4586",5127,"Sicily","ipsl-cm6a-lr","ssp126",NA,0,16.7752450125558
"4587",5128,"Sicily","ipsl-cm6a-lr","ssp126",NA,0.438582170422056,15.6574340820313
"4588",5129,"Sicily","ipsl-cm6a-lr","ssp126",NA,2.51899222390161,16.9878566196987
"4589",5130,"Sicily","ipsl-cm6a-lr","ssp126",NA,6.40690765742745,15.7610412597656
"4590",5131,"Sicily","ipsl-cm6a-lr","ssp126",NA,1.32200835422347,16.2621529715402
"4591",5132,"Sicily","ipsl-cm6a-lr","ssp126",NA,5.73585666923983,15.0098205566406
"4592",5133,"Sicily","ipsl-cm6a-lr","ssp126",NA,0,18.1892421177456
"4593",5134,"Sicily","ipsl-cm6a-lr","ssp126",NA,2.05672569697656,19.0865155901228
"4594",5135,"Sicily","ipsl-cm6a-lr","ssp126",NA,0.697101120957606,19.0858703613281
"4595",5136,"Sicily","ipsl-cm6a-lr","ssp126",NA,0.206043651892937,20.7683916364398
"4596",5137,"Sicily","ipsl-cm6a-lr","ssp126",NA,0,21.6217459542411
"4597",5138,"Sicily","ipsl-cm6a-lr","ssp126",NA,0,22.4140999930246
"4598",5139,"Sicily","ipsl-cm6a-lr","ssp126",NA,0,22.350483921596
"4599",5140,"Sicily","ipsl-cm6a-lr","ssp126",NA,0,23.8576991489956
"4600",5141,"Sicily","ipsl-cm6a-lr","ssp126",NA,0,24.7258414132255
"4601",5142,"Sicily","ipsl-cm6a-lr","ssp126",NA,0,25.1295061383929
"4602",5143,"Sicily","ipsl-cm6a-lr","ssp126",NA,0.261764703152169,27.1352957589286
"4603",5144,"Sicily","ipsl-cm6a-lr","ssp126",NA,0,28.1533839634487
"4604",5145,"Sicily","ipsl-cm6a-lr","ssp126",NA,0,28.374662562779
"4605",5146,"Sicily","ipsl-cm6a-lr","ssp126",NA,0,28.1653337751116
"4606",5147,"Sicily","ipsl-cm6a-lr","ssp126",NA,0,27.4198983328683
"4607",5148,"Sicily","ipsl-cm6a-lr","ssp126",NA,0,26.9444126674107
"4608",5149,"Sicily","ipsl-cm6a-lr","ssp126",NA,0,27.7335754394531
"4609",5150,"Sicily","ipsl-cm6a-lr","ssp126",NA,0.0568210918572731,28.2075875418527
"4610",5151,"Sicily","ipsl-cm6a-lr","ssp126",NA,0,26.5265354701451
"4611",5152,"Sicily","ipsl-cm6a-lr","ssp126",NA,3.43709571627967,21.5238412039621
"4612",5153,"Sicily","ipsl-cm6a-lr","ssp126",NA,1.30375685735739,21.2745125906808
"4613",5154,"Sicily","ipsl-cm6a-lr","ssp126",NA,0.12085129024594,20.2507045200893
"4614",5155,"Sicily","ipsl-cm6a-lr","ssp126",NA,0.214694932219572,20.8355564662389
"4615",5156,"Sicily","ipsl-cm6a-lr","ssp126",NA,0.153118236630689,20.6380510602679
"4616",5157,"Sicily","ipsl-cm6a-lr","ssp126",NA,0.0260713522688353,20.6242658342634
"4617",5158,"Sicily","ipsl-cm6a-lr","ssp126",NA,0,19.6375235421317
"4618",5159,"Sicily","ipsl-cm6a-lr","ssp126",NA,1.28351508319611,17.6599147251674
"4619",5160,"Sicily","ipsl-cm6a-lr","ssp126",NA,4.87266664952456,14.8528424944197
"4620",5161,"Sicily","ipsl-cm6a-lr","ssp126",NA,13.3984950594562,15.9784441266741
"4621",5162,"Sicily","ipsl-cm6a-lr","ssp126",NA,3.03952617141476,15.6702383858817
"4622",5163,"Sicily","ipsl-cm6a-lr","ssp126",NA,0.646953012827518,12.952543422154
"4623",5164,"Sicily","ipsl-cm6a-lr","ssp126",NA,0,15.056294468471
"4624",5165,"Sicily","ipsl-cm6a-lr","ssp126",NA,1.29721133936463,12.0037126813616
"4625",5166,"Sicily","ipsl-cm6a-lr","ssp126",NA,0.520227011293173,13.6459551130023
"4626",5167,"Sicily","ipsl-cm6a-lr","ssp126",NA,4.21795460528561,12.1589948381697
"4627",5168,"Sicily","ipsl-cm6a-lr","ssp126",NA,0.202935715164391,10.2811697823661
"4628",5169,"Sicily","ipsl-cm6a-lr","ssp126",NA,0,12.0823128836496
"4629",5170,"Sicily","ipsl-cm6a-lr","ssp126",NA,0.201584321309513,10.8221287318639
"4630",5171,"Sicily","ipsl-cm6a-lr","ssp126",NA,1.11225445289165,12.7916896275112
"4631",5172,"Sicily","ipsl-cm6a-lr","ssp126",NA,10.1138176113766,10.4785138811384
"4632",5173,"Sicily","ipsl-cm6a-lr","ssp126",NA,0.665360581479035,12.6401872907366
"4633",5174,"Sicily","ipsl-cm6a-lr","ssp126",NA,3.04590616693271,12.6881042480469
"4634",5175,"Sicily","ipsl-cm6a-lr","ssp126",NA,0.928435275065047,13.5070216587612
"4635",5176,"Sicily","ipsl-cm6a-lr","ssp126",NA,0,15.9952985491072
"4636",5177,"Sicily","ipsl-cm6a-lr","ssp126",NA,0,14.6760367257255
"4637",5178,"Sicily","ipsl-cm6a-lr","ssp126",NA,0.268189387030101,15.0258728027344
"4638",5179,"Sicily","ipsl-cm6a-lr","ssp126",NA,0.257379224058241,14.8828892299107
"4639",5180,"Sicily","ipsl-cm6a-lr","ssp126",NA,0.263549172918179,15.4761422293527
"4640",5181,"Sicily","ipsl-cm6a-lr","ssp126",NA,1.1870000295208,15.4683210100447
"4641",5182,"Sicily","ipsl-cm6a-lr","ssp126",NA,0.0699321602171819,17.8652064732143
"4642",5183,"Sicily","ipsl-cm6a-lr","ssp126",NA,0,19.5357169015067
"4643",5184,"Sicily","ipsl-cm6a-lr","ssp126",NA,1.47541882553404,17.7979718889509
"4644",5185,"Sicily","ipsl-cm6a-lr","ssp126",NA,6.17533437772571,17.0496503557478
"4645",5186,"Sicily","ipsl-cm6a-lr","ssp126",NA,0.870840789866634,18.1956072126116
"4646",5187,"Sicily","ipsl-cm6a-lr","ssp126",NA,7.9909025190448,18.3690037318639
"4647",5188,"Sicily","ipsl-cm6a-lr","ssp126",NA,0.423216618011273,18.8190202985491
"4648",5189,"Sicily","ipsl-cm6a-lr","ssp126",NA,0.721275063863556,21.4799612862723
"4649",5190,"Sicily","ipsl-cm6a-lr","ssp126",NA,0.168535132875799,23.5715183803014
"4650",5191,"Sicily","ipsl-cm6a-lr","ssp126",NA,0.0415012647863477,26.3021833147322
"4651",5192,"Sicily","ipsl-cm6a-lr","ssp126",NA,0,27.5330226353237
"4652",5193,"Sicily","ipsl-cm6a-lr","ssp126",NA,0,27.8459934779576
"4653",5194,"Sicily","ipsl-cm6a-lr","ssp126",NA,0,29.703515625
"4654",5195,"Sicily","ipsl-cm6a-lr","ssp126",NA,0,29.7003548758371
"4655",5196,"Sicily","ipsl-cm6a-lr","ssp126",NA,1.13681579407837,29.1513305664063
"4656",5197,"Sicily","ipsl-cm6a-lr","ssp126",NA,0.0144152564774101,28.4590480259487
"4657",5198,"Sicily","ipsl-cm6a-lr","ssp126",NA,0.030860001840795,27.5755554199219
"4658",5199,"Sicily","ipsl-cm6a-lr","ssp126",NA,0,28.6823887416295
"4659",5200,"Sicily","ipsl-cm6a-lr","ssp126",NA,1.10179875461784,28.116605922154
"4660",5201,"Sicily","ipsl-cm6a-lr","ssp126",NA,0.866644476107987,27.9424159458706
"4661",5202,"Sicily","ipsl-cm6a-lr","ssp126",NA,0,27.3526288713728
"4662",5203,"Sicily","ipsl-cm6a-lr","ssp126",NA,0.0446767946414184,24.5711390904018
"4663",5204,"Sicily","ipsl-cm6a-lr","ssp126",NA,0.0159249013190025,24.0686758858817
"4664",5205,"Sicily","ipsl-cm6a-lr","ssp126",NA,3.39266271995647,23.3099870954241
"4665",5206,"Sicily","ipsl-cm6a-lr","ssp126",NA,9.84719766461889,21.1291530064174
"4666",5207,"Sicily","ipsl-cm6a-lr","ssp126",NA,6.91056874264697,20.6555725097656
"4667",5208,"Sicily","ipsl-cm6a-lr","ssp126",NA,9.96145533167042,21.3334638323103
"4668",5209,"Sicily","ipsl-cm6a-lr","ssp126",NA,8.25689877081978,19.984525844029
"4669",5210,"Sicily","ipsl-cm6a-lr","ssp126",NA,10.5669393004583,17.2003723144531
"4670",5211,"Sicily","ipsl-cm6a-lr","ssp126",NA,0.356264437661074,18.2852416992188
"4671",5212,"Sicily","ipsl-cm6a-lr","ssp126",NA,1.60438143128496,17.764293561663
"4672",5213,"Sicily","ipsl-cm6a-lr","ssp126",NA,20.0391704648999,15.293607875279
"4673",5214,"Sicily","ipsl-cm6a-lr","ssp126",NA,1.8045309653514,16.0496808733259
"4674",5215,"Sicily","ipsl-cm6a-lr","ssp126",NA,1.96995993236279,15.4373805454799
"4675",5216,"Sicily","ipsl-cm6a-lr","ssp126",NA,9.17819429773122,14.0714529854911
"4676",5217,"Sicily","ipsl-cm6a-lr","ssp126",NA,2.27788960993556,14.776252092634
"4677",5218,"Sicily","ipsl-cm6a-lr","ssp126",NA,0.136817726888694,15.4043038504465
"4678",5219,"Sicily","ipsl-cm6a-lr","ssp126",NA,1.64239075966179,15.4667166573661
"4679",5220,"Sicily","ipsl-cm6a-lr","ssp126",NA,5.44647170125765,10.6876203264509
"4680",5221,"Sicily","ipsl-cm6a-lr","ssp126",NA,0,12.8965611049107
"4681",5222,"Sicily","ipsl-cm6a-lr","ssp126",NA,14.4755415984296,10.9580627441406
"4682",5223,"Sicily","ipsl-cm6a-lr","ssp126",NA,0.995495514611581,13.0202008928572
"4683",5224,"Sicily","ipsl-cm6a-lr","ssp126",NA,7.27662361459807,9.5104439871652
"4684",5225,"Sicily","ipsl-cm6a-lr","ssp126",NA,0.275705731473863,13.1516401018415
"4685",5226,"Sicily","ipsl-cm6a-lr","ssp126",NA,4.40302648847657,10.2130589076451
"4686",5227,"Sicily","ipsl-cm6a-lr","ssp126",NA,2.71611138845661,8.97060982840404
"4687",5228,"Sicily","ipsl-cm6a-lr","ssp126",NA,3.66951767770973,12.3097385951451
"4688",5229,"Sicily","ipsl-cm6a-lr","ssp126",NA,2.66373574933303,15.0167262486049
"4689",5230,"Sicily","ipsl-cm6a-lr","ssp126",NA,1.40152535168454,15.0843532017299
"4690",5231,"Sicily","ipsl-cm6a-lr","ssp126",NA,6.39798084074365,11.1828552246094
"4691",5232,"Sicily","ipsl-cm6a-lr","ssp126",NA,14.4093638984486,8.45455322265627
