"","Week_index","Region","gcm","ssp","value","pr","tas"
"1",523,"Autonomous Province of Trento","ipsl-cm6a-lr","ssp126",0,0.205657494526739,-2.30101042247952
"2",524,"Autonomous Province of Trento","ipsl-cm6a-lr","ssp126",0,0.494017062010244,-7.06204398018971
"3",525,"Autonomous Province of Trento","ipsl-cm6a-lr","ssp126",0,2.94922053217306,-1.41659647623696
"4",526,"Autonomous Province of Trento","ipsl-cm6a-lr","ssp126",0,0.611573550538326,-1.73247302827379
"5",527,"Autonomous Province of Trento","ipsl-cm6a-lr","ssp126",0,0.0166171230375767,-3.59232032412572
"6",528,"Autonomous Province of Trento","ipsl-cm6a-lr","ssp126",0,0.00914153746894695,1.90845714750746
"7",529,"Autonomous Province of Trento","ipsl-cm6a-lr","ssp126",0,0.0411210467843505,-0.0870749337332359
"8",530,"Autonomous Province of Trento","ipsl-cm6a-lr","ssp126",0,0.0757265792344694,1.53768455868678
"9",531,"Autonomous Province of Trento","ipsl-cm6a-lr","ssp126",0,4.27150948837931,-0.0220942905970752
"10",532,"Autonomous Province of Trento","ipsl-cm6a-lr","ssp126",NA,0.126430267690531,1.1519707089379
"11",533,"Autonomous Province of Trento","ipsl-cm6a-lr","ssp126",NA,0.0406254314449533,1.34778674897696
"12",534,"Autonomous Province of Trento","ipsl-cm6a-lr","ssp126",NA,0.34055788398421,6.52374601818269
"13",535,"Autonomous Province of Trento","ipsl-cm6a-lr","ssp126",NA,0.138663918005477,5.23811311267673
"14",536,"Autonomous Province of Trento","ipsl-cm6a-lr","ssp126",NA,2.46390507277933,4.41621660505024
"15",537,"Autonomous Province of Trento","ipsl-cm6a-lr","ssp126",NA,3.07228999954532,3.3607625325521
"16",538,"Autonomous Province of Trento","ipsl-cm6a-lr","ssp126",NA,4.61513854752411,3.22888445172994
"17",539,"Autonomous Province of Trento","ipsl-cm6a-lr","ssp126",NA,2.39451805479933,8.8111067998977
"18",540,"Autonomous Province of Trento","ipsl-cm6a-lr","ssp126",NA,3.71489337480203,8.20170128231959
"19",541,"Autonomous Province of Trento","ipsl-cm6a-lr","ssp126",NA,4.92646007681157,7.89015967959452
"20",542,"Autonomous Province of Trento","ipsl-cm6a-lr","ssp126",NA,3.01979410934499,9.62461605980286
"21",543,"Autonomous Province of Trento","ipsl-cm6a-lr","ssp126",0,1.86058561355042,9.09576096307665
"22",544,"Autonomous Province of Trento","ipsl-cm6a-lr","ssp126",0,0.86491974330524,11.5698515392485
"23",545,"Autonomous Province of Trento","ipsl-cm6a-lr","ssp126",0,6.13093228733175,14.1625603085473
"24",546,"Autonomous Province of Trento","ipsl-cm6a-lr","ssp126",0,6.52716825736986,14.0599166143509
"25",547,"Autonomous Province of Trento","ipsl-cm6a-lr","ssp126",0,0.385454308811209,14.7859014601935
"26",548,"Autonomous Province of Trento","ipsl-cm6a-lr","ssp126",1.8,2.04817712864107,13.6441393171038
"27",549,"Autonomous Province of Trento","ipsl-cm6a-lr","ssp126",8.7,1.11073305584536,15.0329783121745
"28",550,"Autonomous Province of Trento","ipsl-cm6a-lr","ssp126",29.5,4.98591085233784,16.8351531982422
"29",551,"Autonomous Province of Trento","ipsl-cm6a-lr","ssp126",9.3,9.07135119580614,16.1536855061849
"30",552,"Autonomous Province of Trento","ipsl-cm6a-lr","ssp126",8,2.80460477416844,17.0236217680432
"31",553,"Autonomous Province of Trento","ipsl-cm6a-lr","ssp126",19.5,2.00553586515265,19.3597874232701
"32",554,"Autonomous Province of Trento","ipsl-cm6a-lr","ssp126",38.5833333333333,0.836033027631598,15.5230775379
"33",555,"Autonomous Province of Trento","ipsl-cm6a-lr","ssp126",19.4166666666667,2.14136990460767,15.5354960123698
"34",556,"Autonomous Province of Trento","ipsl-cm6a-lr","ssp126",57.5,1.97920566736554,17.2972242082869
"35",557,"Autonomous Province of Trento","ipsl-cm6a-lr","ssp126",67.1666666666667,4.4306479446407,14.1282018752326
"36",558,"Autonomous Province of Trento","ipsl-cm6a-lr","ssp126",73.5,0.448964052754621,15.5801032656715
"37",559,"Autonomous Province of Trento","ipsl-cm6a-lr","ssp126",13.5833333333333,0.0554879174160305,16.9719300769625
"38",560,"Autonomous Province of Trento","ipsl-cm6a-lr","ssp126",51.3333333333333,3.00302357292302,13.0315069289435
"39",561,"Autonomous Province of Trento","ipsl-cm6a-lr","ssp126",24.5,8.91196083739486,9.88145490373887
"40",562,"Autonomous Province of Trento","ipsl-cm6a-lr","ssp126",9.83333333333333,0.766946374122719,8.80879763648626
"41",563,"Autonomous Province of Trento","ipsl-cm6a-lr","ssp126",0.0833333333333333,6.6316942897434,7.69809221540181
"42",564,"Autonomous Province of Trento","ipsl-cm6a-lr","ssp126",0,4.23316923128628,11.6096203031994
"43",565,"Autonomous Province of Trento","ipsl-cm6a-lr","ssp126",0,4.15075535664593,6.50188307989214
"44",566,"Autonomous Province of Trento","ipsl-cm6a-lr","ssp126",NA,4.55237868923827,7.38409540085568
"45",567,"Autonomous Province of Trento","ipsl-cm6a-lr","ssp126",0,7.90697389581641,2.48009934198291
"46",568,"Autonomous Province of Trento","ipsl-cm6a-lr","ssp126",0,0.308230377413565,4.22940615699407
"47",569,"Autonomous Province of Trento","ipsl-cm6a-lr","ssp126",0,0.09397168209294,-1.8735158284505
"48",570,"Autonomous Province of Trento","ipsl-cm6a-lr","ssp126",0,0.152642846608485,2.51383361816409
"49",571,"Autonomous Province of Trento","ipsl-cm6a-lr","ssp126",0,0.249403864706567,1.25748596191408
"50",572,"Autonomous Province of Trento","ipsl-cm6a-lr","ssp126",0,0.0264515658273012,-0.603787667410694
"51",573,"Autonomous Province of Trento","ipsl-cm6a-lr","ssp126",0,0.132904050951765,0.490344528924875
"52",574,"Autonomous Province of Trento","ipsl-cm6a-lr","ssp126",0,0.0161207277415088,-1.15051661900109
"53",575,"Autonomous Province of Trento","ipsl-cm6a-lr","ssp126",0,6.6931615040723,-0.148747533681418
"54",576,"Autonomous Province of Trento","ipsl-cm6a-lr","ssp126",0,10.3929191642757,-0.379398766342451
"55",577,"Autonomous Province of Trento","ipsl-cm6a-lr","ssp126",0,0.0272286979823697,-2.05325242645884
"56",578,"Autonomous Province of Trento","ipsl-cm6a-lr","ssp126",0,0.469001862951032,-3.64004566426178
"57",579,"Autonomous Province of Trento","ipsl-cm6a-lr","ssp126",0,0.179538739000552,-0.732593022560563
"58",580,"Autonomous Province of Trento","ipsl-cm6a-lr","ssp126",0,2.71199409605232,-2.88088976801656
"59",581,"Autonomous Province of Trento","ipsl-cm6a-lr","ssp126",0,2.72870517886132,-2.2855360381457
"60",582,"Autonomous Province of Trento","ipsl-cm6a-lr","ssp126",0,0.128581408501546,0.56001263054052
"61",583,"Autonomous Province of Trento","ipsl-cm6a-lr","ssp126",NA,1.84010135836077,2.44738657425863
"62",584,"Autonomous Province of Trento","ipsl-cm6a-lr","ssp126",NA,0.0435288330645191,4.46395388233421
"63",585,"Autonomous Province of Trento","ipsl-cm6a-lr","ssp126",NA,0.394146576938362,-2.43254979970502
"64",586,"Autonomous Province of Trento","ipsl-cm6a-lr","ssp126",NA,0.11247044577078,0.179931765186567
"65",587,"Autonomous Province of Trento","ipsl-cm6a-lr","ssp126",NA,0.463111974430812,2.71731455277426
"66",588,"Autonomous Province of Trento","ipsl-cm6a-lr","ssp126",NA,0.990367755982834,1.10855862364479
"67",589,"Autonomous Province of Trento","ipsl-cm6a-lr","ssp126",NA,1.77624648714875,6.16423763353
"68",590,"Autonomous Province of Trento","ipsl-cm6a-lr","ssp126",NA,3.92816601839624,7.93466136698822
"69",591,"Autonomous Province of Trento","ipsl-cm6a-lr","ssp126",NA,4.16391686884133,6.72863844268178
"70",592,"Autonomous Province of Trento","ipsl-cm6a-lr","ssp126",NA,0.22871609805722,11.605201690051
"71",593,"Autonomous Province of Trento","ipsl-cm6a-lr","ssp126",NA,4.98331100120131,9.2252802634726
"72",594,"Autonomous Province of Trento","ipsl-cm6a-lr","ssp126",0,2.82127343060874,6.88243707150831
"73",595,"Autonomous Province of Trento","ipsl-cm6a-lr","ssp126",0,2.03916037368187,8.03489728655136
"74",596,"Autonomous Province of Trento","ipsl-cm6a-lr","ssp126",0,0.604184149296441,12.136691471022
"75",597,"Autonomous Province of Trento","ipsl-cm6a-lr","ssp126",0,1.549681870551,16.0951726173868
"76",598,"Autonomous Province of Trento","ipsl-cm6a-lr","ssp126",0,2.02655496020214,20.6519265933913
"77",599,"Autonomous Province of Trento","ipsl-cm6a-lr","ssp126",0,4.50174764155978,13.1643372827647
"78",600,"Autonomous Province of Trento","ipsl-cm6a-lr","ssp126",1.57142857142857,9.77979072900335,13.3736866230868
"79",601,"Autonomous Province of Trento","ipsl-cm6a-lr","ssp126",6.35714285714286,2.26179315690462,17.4868183992347
"80",602,"Autonomous Province of Trento","ipsl-cm6a-lr","ssp126",4.57142857142857,12.1749084511753,16.9598140794404
"81",603,"Autonomous Province of Trento","ipsl-cm6a-lr","ssp126",8.2,2.9185506805278,16.9411609883211
"82",604,"Autonomous Province of Trento","ipsl-cm6a-lr","ssp126",0,2.80704508890155,17.815107820472
"83",605,"Autonomous Province of Trento","ipsl-cm6a-lr","ssp126",7.57142857142857,3.46892193819982,18.0282706124442
"84",606,"Autonomous Province of Trento","ipsl-cm6a-lr","ssp126",26.0714285714286,1.62942195780414,17.888565499442
"85",607,"Autonomous Province of Trento","ipsl-cm6a-lr","ssp126",14.6428571428571,1.34361562941565,17.9225645727041
"86",608,"Autonomous Province of Trento","ipsl-cm6a-lr","ssp126",24.7142857142857,1.175877929051,17.7319038235412
"87",609,"Autonomous Province of Trento","ipsl-cm6a-lr","ssp126",32.5,6.9353117808291,14.1813835299745
"88",610,"Autonomous Province of Trento","ipsl-cm6a-lr","ssp126",39.7857142857143,2.24280013463446,12.7831677495217
"89",611,"Autonomous Province of Trento","ipsl-cm6a-lr","ssp126",22.6428571428571,1.22060015836519,14.6871613171636
"90",612,"Autonomous Province of Trento","ipsl-cm6a-lr","ssp126",13.2142857142857,1.04697470838912,14.1640526596381
"91",613,"Autonomous Province of Trento","ipsl-cm6a-lr","ssp126",16.2857142857143,15.1718883236457,12.9637358996333
"92",614,"Autonomous Province of Trento","ipsl-cm6a-lr","ssp126",16.2142857142857,2.55040365467424,12.3207492127711
"93",615,"Autonomous Province of Trento","ipsl-cm6a-lr","ssp126",10.7857142857143,1.43469241664541,12.3792470503827
"94",616,"Autonomous Province of Trento","ipsl-cm6a-lr","ssp126",0,0.317623527601482,5.16589617047993
"95",617,"Autonomous Province of Trento","ipsl-cm6a-lr","ssp126",0,0.0219898724545991,7.36536653479753
"96",618,"Autonomous Province of Trento","ipsl-cm6a-lr","ssp126",0,0.126019069522249,8.94915161132815
"97",619,"Autonomous Province of Trento","ipsl-cm6a-lr","ssp126",0,11.0613541182532,1.51036738181603
"98",620,"Autonomous Province of Trento","ipsl-cm6a-lr","ssp126",0,1.73313828403182,3.74391467036035
"99",621,"Autonomous Province of Trento","ipsl-cm6a-lr","ssp126",0,0.924730922760113,4.9885529187261
"100",622,"Autonomous Province of Trento","ipsl-cm6a-lr","ssp126",0,3.07758717378364,3.92249544104754
"101",623,"Autonomous Province of Trento","ipsl-cm6a-lr","ssp126",0,0.127764281190751,1.62340386838331
"102",624,"Autonomous Province of Trento","ipsl-cm6a-lr","ssp126",0,0.0123173760325049,2.0816664092395
"103",625,"Autonomous Province of Trento","ipsl-cm6a-lr","ssp126",0,0.163505764653471,-3.50572223274073
"104",626,"Autonomous Province of Trento","ipsl-cm6a-lr","ssp126",0,2.21963532389129,-1.61360996791292
"105",627,"Autonomous Province of Trento","ipsl-cm6a-lr","ssp126",NA,2.42716752821865,-1.46861970862562
"106",628,"Autonomous Province of Trento","ipsl-cm6a-lr","ssp126",0,1.55278118275289,0.191185070219517
"107",629,"Autonomous Province of Trento","ipsl-cm6a-lr","ssp126",0,5.18173824634037,-1.13957752046129
"108",630,"Autonomous Province of Trento","ipsl-cm6a-lr","ssp126",0,4.25948534331318,-0.0313956124441734
"109",631,"Autonomous Province of Trento","ipsl-cm6a-lr","ssp126",0,0.0145757451329181,-0.333160691034205
"110",632,"Autonomous Province of Trento","ipsl-cm6a-lr","ssp126",0,0.0233796018229831,-2.32877633231025
"111",633,"Autonomous Province of Trento","ipsl-cm6a-lr","ssp126",0,0.0585117549365222,-3.28920811244417
"112",634,"Autonomous Province of Trento","ipsl-cm6a-lr","ssp126",0,0.101419052173567,1.52809041341148
"113",635,"Autonomous Province of Trento","ipsl-cm6a-lr","ssp126",0,9.8574613153427,1.71337716238841
"114",636,"Autonomous Province of Trento","ipsl-cm6a-lr","ssp126",NA,2.91932885764774,2.46463274274556
"115",637,"Autonomous Province of Trento","ipsl-cm6a-lr","ssp126",NA,0.0388300981804993,1.50358479817711
"116",638,"Autonomous Province of Trento","ipsl-cm6a-lr","ssp126",NA,0.384432329831595,2.42298496791297
"117",639,"Autonomous Province of Trento","ipsl-cm6a-lr","ssp126",NA,5.49863676049946,6.83193795340404
"118",640,"Autonomous Province of Trento","ipsl-cm6a-lr","ssp126",NA,0.129472938299711,4.76457839239214
"119",641,"Autonomous Province of Trento","ipsl-cm6a-lr","ssp126",NA,1.3845710993337,7.25996151878723
"120",642,"Autonomous Province of Trento","ipsl-cm6a-lr","ssp126",NA,2.12913856375963,10.2871512276786
"121",643,"Autonomous Province of Trento","ipsl-cm6a-lr","ssp126",NA,6.75019787813653,8.73147699265255
"122",644,"Autonomous Province of Trento","ipsl-cm6a-lr","ssp126",NA,2.11595908326022,9.01256277901788
"123",645,"Autonomous Province of Trento","ipsl-cm6a-lr","ssp126",NA,0.883767634098021,10.8191743396578
"124",646,"Autonomous Province of Trento","ipsl-cm6a-lr","ssp126",NA,2.78704147598806,12.9858613513765
"125",647,"Autonomous Province of Trento","ipsl-cm6a-lr","ssp126",NA,1.64016784152149,14.0829799107143
"126",648,"Autonomous Province of Trento","ipsl-cm6a-lr","ssp126",0,1.77804928337407,14.7084144228981
"127",649,"Autonomous Province of Trento","ipsl-cm6a-lr","ssp126",0,1.75174081164836,12.4561503092448
"128",650,"Autonomous Province of Trento","ipsl-cm6a-lr","ssp126",0.166666666666667,0.633652137392866,17.3039417085193
"129",651,"Autonomous Province of Trento","ipsl-cm6a-lr","ssp126",13.9444444444444,7.31849690351477,16.8242431640625
"130",652,"Autonomous Province of Trento","ipsl-cm6a-lr","ssp126",0.944444444444444,7.86934244346672,15.1872701009115
"131",653,"Autonomous Province of Trento","ipsl-cm6a-lr","ssp126",11.3888888888889,3.65730461240413,16.4592340378535
"132",654,"Autonomous Province of Trento","ipsl-cm6a-lr","ssp126",21.1666666666667,4.91698711692671,15.4873000372024
"133",655,"Autonomous Province of Trento","ipsl-cm6a-lr","ssp126",11.3888888888889,6.08308319258088,15.0740339006697
"134",656,"Autonomous Province of Trento","ipsl-cm6a-lr","ssp126",18.2777777777778,1.14987402464197,17.3283194405692
"135",657,"Autonomous Province of Trento","ipsl-cm6a-lr","ssp126",12.8888888888889,0.28535932932365,21.6605090913319
"136",658,"Autonomous Province of Trento","ipsl-cm6a-lr","ssp126",34.7222222222222,3.07254130368944,18.5888102213542
"137",659,"Autonomous Province of Trento","ipsl-cm6a-lr","ssp126",55.6111111111111,4.45174888258667,18.2041099911645
"138",660,"Autonomous Province of Trento","ipsl-cm6a-lr","ssp126",52.6111111111111,1.32166738850564,20.436890811012
"139",661,"Autonomous Province of Trento","ipsl-cm6a-lr","ssp126",73.7222222222222,2.29012113133129,13.1863589332217
"140",662,"Autonomous Province of Trento","ipsl-cm6a-lr","ssp126",81.8888888888889,8.86232575389189,12.1948311941965
"141",663,"Autonomous Province of Trento","ipsl-cm6a-lr","ssp126",25.8333333333333,3.11013423062312,13.113904389881
"142",664,"Autonomous Province of Trento","ipsl-cm6a-lr","ssp126",51.4444444444444,0.585381571831281,9.88212047758557
"143",665,"Autonomous Province of Trento","ipsl-cm6a-lr","ssp126",26.8333333333333,0,12.8384832473029
"144",666,"Autonomous Province of Trento","ipsl-cm6a-lr","ssp126",21.7777777777778,0.920772758088009,14.4897850399926
"145",667,"Autonomous Province of Trento","ipsl-cm6a-lr","ssp126",13.9444444444444,3.35096437754276,9.97882051013765
"146",668,"Autonomous Province of Trento","ipsl-cm6a-lr","ssp126",1.22222222222222,2.24200789484062,9.82576032366072
"147",669,"Autonomous Province of Trento","ipsl-cm6a-lr","ssp126",0.0555555555555556,1.4874350489533,11.2044369652158
"148",670,"Autonomous Province of Trento","ipsl-cm6a-lr","ssp126",4.22222222222222,3.31304777958264,6.16420898437502
"149",671,"Autonomous Province of Trento","ipsl-cm6a-lr","ssp126",2,13.1786007550545,7.351704624721
"150",672,"Autonomous Province of Trento","ipsl-cm6a-lr","ssp126",2,0.417014353921071,4.40295962379094
"151",673,"Autonomous Province of Trento","ipsl-cm6a-lr","ssp126",4,9.46953497560961,4.02067609514511
"152",674,"Autonomous Province of Trento","ipsl-cm6a-lr","ssp126",4,2.47994550029814,3.31304466610865
"153",675,"Autonomous Province of Trento","ipsl-cm6a-lr","ssp126",4,0.584008634801389,-1.71525675455727
"154",676,"Autonomous Province of Trento","ipsl-cm6a-lr","ssp126",0,2.33915044061307,-1.13857334681917
"155",677,"Autonomous Province of Trento","ipsl-cm6a-lr","ssp126",0,4.97846192515031,0.405761428106422
"156",678,"Autonomous Province of Trento","ipsl-cm6a-lr","ssp126",0,4.24561748919327,-1.38180135091144
"157",679,"Autonomous Province of Trento","ipsl-cm6a-lr","ssp126",0,3.26811279238817,-0.920683651878699
"158",680,"Autonomous Province of Trento","ipsl-cm6a-lr","ssp126",0,1.41692053169079,-4.53354201543896
"159",681,"Autonomous Province of Trento","ipsl-cm6a-lr","ssp126",0,0.236001827371573,-0.542333984374979
"160",682,"Autonomous Province of Trento","ipsl-cm6a-lr","ssp126",0,0.0536330789535507,1.62306402297249
"161",683,"Autonomous Province of Trento","ipsl-cm6a-lr","ssp126",0,1.95505059122557,-2.09159807477676
"162",684,"Autonomous Province of Trento","ipsl-cm6a-lr","ssp126",0,1.35985831745659,-1.63493303571427
"163",685,"Autonomous Province of Trento","ipsl-cm6a-lr","ssp126",0,0.131862230669607,-5.14078805106025
"164",686,"Autonomous Province of Trento","ipsl-cm6a-lr","ssp126",0,1.94782471808139,2.62766055152532
"165",687,"Autonomous Province of Trento","ipsl-cm6a-lr","ssp126",0,6.20074600218296,-0.281183442615306
"166",688,"Autonomous Province of Trento","ipsl-cm6a-lr","ssp126",NA,0.760100783060937,1.16381661551342
"167",689,"Autonomous Province of Trento","ipsl-cm6a-lr","ssp126",NA,0.956364184302009,-1.26174374534968
"168",690,"Autonomous Province of Trento","ipsl-cm6a-lr","ssp126",NA,7.8812300968171,-0.826361083984354
"169",691,"Autonomous Province of Trento","ipsl-cm6a-lr","ssp126",NA,0.422030462245207,5.77459106445315
"170",692,"Autonomous Province of Trento","ipsl-cm6a-lr","ssp126",NA,5.7537613218301,4.85195893787205
"171",693,"Autonomous Province of Trento","ipsl-cm6a-lr","ssp126",NA,0.143403667919171,4.21023239862354
"172",694,"Autonomous Province of Trento","ipsl-cm6a-lr","ssp126",NA,8.32111018015504,5.14028320312502
"173",695,"Autonomous Province of Trento","ipsl-cm6a-lr","ssp126",NA,1.96254892860972,7.66973702566967
"174",696,"Autonomous Province of Trento","ipsl-cm6a-lr","ssp126",NA,0.455894359038211,11.1360180082775
"175",697,"Autonomous Province of Trento","ipsl-cm6a-lr","ssp126",NA,3.87477990703441,9.8617870512463
"176",698,"Autonomous Province of Trento","ipsl-cm6a-lr","ssp126",NA,7.78921260259397,7.48901919410345
"177",699,"Autonomous Province of Trento","ipsl-cm6a-lr","ssp126",NA,8.75003550567531,9.4023085821243
"178",700,"Autonomous Province of Trento","ipsl-cm6a-lr","ssp126",0,1.74453532215141,13.9955237978981
"179",701,"Autonomous Province of Trento","ipsl-cm6a-lr","ssp126",0,3.10570779339677,16.5418480282738
"180",702,"Autonomous Province of Trento","ipsl-cm6a-lr","ssp126",0,0.926534732311015,12.8338067917597
"181",703,"Autonomous Province of Trento","ipsl-cm6a-lr","ssp126",0,8.69594149407929,16.8394321986607
"182",704,"Autonomous Province of Trento","ipsl-cm6a-lr","ssp126",10.6666666666667,9.47318886423351,16.9940545944941
"183",705,"Autonomous Province of Trento","ipsl-cm6a-lr","ssp126",0.777777777777778,11.0739791757494,15.3080252511161
"184",706,"Autonomous Province of Trento","ipsl-cm6a-lr","ssp126",0,1.65553157816508,18.3930007207961
"185",707,"Autonomous Province of Trento","ipsl-cm6a-lr","ssp126",1.83333333333333,3.60261194255145,20.3759050641741
"186",708,"Autonomous Province of Trento","ipsl-cm6a-lr","ssp126",5.11111111111111,2.26520787603346,18.1088675362723
"187",709,"Autonomous Province of Trento","ipsl-cm6a-lr","ssp126",48.0555555555556,0.38078703078749,19.2538536435082
"188",710,"Autonomous Province of Trento","ipsl-cm6a-lr","ssp126",34.4444444444444,2.15324349815741,17.911043875558
"189",711,"Autonomous Province of Trento","ipsl-cm6a-lr","ssp126",36.3333333333333,1.48006638410152,19.7117771693639
"190",712,"Autonomous Province of Trento","ipsl-cm6a-lr","ssp126",49.4444444444444,1.02757418998018,16.8910693940662
"191",713,"Autonomous Province of Trento","ipsl-cm6a-lr","ssp126",42.5555555555556,6.72877875201396,17.2116245814733
"192",714,"Autonomous Province of Trento","ipsl-cm6a-lr","ssp126",21.6111111111111,2.76137688831243,17.3454703194755
"193",715,"Autonomous Province of Trento","ipsl-cm6a-lr","ssp126",11.5555555555556,0.663523576544581,14.4659101213728
"194",716,"Autonomous Province of Trento","ipsl-cm6a-lr","ssp126",43.5555555555556,1.30634313848402,15.0395054408483
"195",717,"Autonomous Province of Trento","ipsl-cm6a-lr","ssp126",13.3888888888889,0,15.2753234863281
"196",718,"Autonomous Province of Trento","ipsl-cm6a-lr","ssp126",8.22222222222222,0.589477407525659,14.1628865559896
"197",719,"Autonomous Province of Trento","ipsl-cm6a-lr","ssp126",22.9444444444444,12.1058489077508,10.6649777367002
"198",720,"Autonomous Province of Trento","ipsl-cm6a-lr","ssp126",0,16.6821828461252,7.53950544084824
"199",721,"Autonomous Province of Trento","ipsl-cm6a-lr","ssp126",0,0.778433989450734,8.73044084821431
"200",722,"Autonomous Province of Trento","ipsl-cm6a-lr","ssp126",0,8.62277181300409,6.589007859003
"201",723,"Autonomous Province of Trento","ipsl-cm6a-lr","ssp126",0,1.76751716478196,3.61634143647696
"202",724,"Autonomous Province of Trento","ipsl-cm6a-lr","ssp126",0,15.8238824928828,5.90710420154392
"203",725,"Autonomous Province of Trento","ipsl-cm6a-lr","ssp126",0,9.63968540225843,3.9048764183408
"204",726,"Autonomous Province of Trento","ipsl-cm6a-lr","ssp126",0,2.93507477165674,2.73935779389883
"205",727,"Autonomous Province of Trento","ipsl-cm6a-lr","ssp126",0,0.719234530697577,-0.831111653645811
"206",728,"Autonomous Province of Trento","ipsl-cm6a-lr","ssp126",0,5.02289500332803,-2.8191226050967
"207",729,"Autonomous Province of Trento","ipsl-cm6a-lr","ssp126",0,0.111583775391669,-3.19774257114953
"208",730,"Autonomous Province of Trento","ipsl-cm6a-lr","ssp126",0,3.90631759135951,-0.660654994419619
"209",731,"Autonomous Province of Trento","ipsl-cm6a-lr","ssp126",0,0.29745317375013,0.620557221912225
"210",732,"Autonomous Province of Trento","ipsl-cm6a-lr","ssp126",0,2.84348323187366,-0.831296212332566
"211",733,"Autonomous Province of Trento","ipsl-cm6a-lr","ssp126",0,0.0130495810280282,-1.52117579076195
"212",734,"Autonomous Province of Trento","ipsl-cm6a-lr","ssp126",0,0.235799992189239,0.0927919065797716
"213",735,"Autonomous Province of Trento","ipsl-cm6a-lr","ssp126",0,2.69858821400278,-0.701437972427939
"214",736,"Autonomous Province of Trento","ipsl-cm6a-lr","ssp126",0,1.20383278050425,-3.13146552544133
"215",737,"Autonomous Province of Trento","ipsl-cm6a-lr","ssp126",0,0.103212047524013,-2.87873083337559
"216",738,"Autonomous Province of Trento","ipsl-cm6a-lr","ssp126",0,0.199307566620153,-3.50205038491779
"217",739,"Autonomous Province of Trento","ipsl-cm6a-lr","ssp126",0,2.67728155335867,-3.22490004502332
"218",740,"Autonomous Province of Trento","ipsl-cm6a-lr","ssp126",0,9.60935190682488,0.616980852399577
"219",741,"Autonomous Province of Trento","ipsl-cm6a-lr","ssp126",NA,0.410546246069777,-0.37508061396609
"220",742,"Autonomous Province of Trento","ipsl-cm6a-lr","ssp126",NA,0.229464195690053,2.15032150466723
"221",743,"Autonomous Province of Trento","ipsl-cm6a-lr","ssp126",NA,1.98352900765063,3.5360117726512
"222",744,"Autonomous Province of Trento","ipsl-cm6a-lr","ssp126",NA,0.793693429569703,6.48472519911731
"223",745,"Autonomous Province of Trento","ipsl-cm6a-lr","ssp126",NA,7.96217927004304,5.67689201057734
"224",746,"Autonomous Province of Trento","ipsl-cm6a-lr","ssp126",NA,1.7393148200639,3.55340996283992
"225",747,"Autonomous Province of Trento","ipsl-cm6a-lr","ssp126",NA,4.75934937358388,2.66175013950895
"226",748,"Autonomous Province of Trento","ipsl-cm6a-lr","ssp126",NA,8.91868811824632,4.86218008066155
"227",749,"Autonomous Province of Trento","ipsl-cm6a-lr","ssp126",NA,1.32860221290377,8.2254962078937
"228",750,"Autonomous Province of Trento","ipsl-cm6a-lr","ssp126",0,1.75106828876294,10.0877850421063
"229",751,"Autonomous Province of Trento","ipsl-cm6a-lr","ssp126",0,0.152648683112378,11.7674681824523
"230",752,"Autonomous Province of Trento","ipsl-cm6a-lr","ssp126",0,3.65728860391306,8.82660728553673
"231",753,"Autonomous Province of Trento","ipsl-cm6a-lr","ssp126",0,4.20892399506793,10.370015171596
"232",754,"Autonomous Province of Trento","ipsl-cm6a-lr","ssp126",1.63636363636364,5.3808705304075,11.4569760012937
"233",755,"Autonomous Province of Trento","ipsl-cm6a-lr","ssp126",0.0555555555555556,2.17428831991648,10.9901533647017
"234",756,"Autonomous Province of Trento","ipsl-cm6a-lr","ssp126",16.3181818181818,3.79282883117081,13.491713724508
"235",757,"Autonomous Province of Trento","ipsl-cm6a-lr","ssp126",3.22222222222222,2.96060789199607,14.8913766836192
"236",758,"Autonomous Province of Trento","ipsl-cm6a-lr","ssp126",3.81818181818182,2.02370963628024,15.8119517140574
"237",759,"Autonomous Province of Trento","ipsl-cm6a-lr","ssp126",9.77272727272727,0.152544339005828,15.7245921741833
"238",760,"Autonomous Province of Trento","ipsl-cm6a-lr","ssp126",18.7222222222222,2.40301158640711,20.7252750545353
"239",761,"Autonomous Province of Trento","ipsl-cm6a-lr","ssp126",33.3636363636364,6.37029750153949,17.5654786741579
"240",762,"Autonomous Province of Trento","ipsl-cm6a-lr","ssp126",50.9545454545455,0.920217593030226,20.0070648589691
"241",763,"Autonomous Province of Trento","ipsl-cm6a-lr","ssp126",81.2272727272727,2.79105888556689,17.464918894582
"242",764,"Autonomous Province of Trento","ipsl-cm6a-lr","ssp126",31.4545454545455,1.60377246169706,12.860612586876
"243",765,"Autonomous Province of Trento","ipsl-cm6a-lr","ssp126",11.0454545454545,1.14587222903668,13.1507194221794
"244",766,"Autonomous Province of Trento","ipsl-cm6a-lr","ssp126",36.0909090909091,2.19061568959306,15.9626998306869
"245",767,"Autonomous Province of Trento","ipsl-cm6a-lr","ssp126",37.9,0.0212401481248535,14.2430485713018
"246",768,"Autonomous Province of Trento","ipsl-cm6a-lr","ssp126",14.3636363636364,2.01017021856576,16.8159439681412
"247",769,"Autonomous Province of Trento","ipsl-cm6a-lr","ssp126",19.7272727272727,0.873765280275974,16.7709828562551
"248",770,"Autonomous Province of Trento","ipsl-cm6a-lr","ssp126",13.1363636363636,4.72853542543651,14.8689613243202
"249",771,"Autonomous Province of Trento","ipsl-cm6a-lr","ssp126",7.95,2.36632688009832,9.81753524185776
"250",772,"Autonomous Province of Trento","ipsl-cm6a-lr","ssp126",3.3,6.54741171369474,7.96296933657165
"251",773,"Autonomous Province of Trento","ipsl-cm6a-lr","ssp126",17.9090909090909,7.70766830029569,7.97710412756192
"252",774,"Autonomous Province of Trento","ipsl-cm6a-lr","ssp126",0.166666666666667,0.372614733280059,4.88938035841115
"253",775,"Autonomous Province of Trento","ipsl-cm6a-lr","ssp126",0,2.44404628781024,6.27705783596289
"254",776,"Autonomous Province of Trento","ipsl-cm6a-lr","ssp126",0,10.614281159908,3.41756591796877
"255",777,"Autonomous Province of Trento","ipsl-cm6a-lr","ssp126",0,2.07413033425979,0.886053942395517
"256",778,"Autonomous Province of Trento","ipsl-cm6a-lr","ssp126",0,0.026447060448042,3.84202262581171
"257",779,"Autonomous Province of Trento","ipsl-cm6a-lr","ssp126",0,5.23143044493181,-0.845872913707364
"258",780,"Autonomous Province of Trento","ipsl-cm6a-lr","ssp126",0,0.356303237725576,-1.8267332399046
"259",781,"Autonomous Province of Trento","ipsl-cm6a-lr","ssp126",0,0.140047750807883,-0.676041006113004
"260",782,"Autonomous Province of Trento","ipsl-cm6a-lr","ssp126",0,1.89613047763747,0.806910368684071
"261",783,"Autonomous Province of Trento","ipsl-cm6a-lr","ssp126",0,0.811541837599664,0.383723509156883
"262",784,"Autonomous Province of Trento","ipsl-cm6a-lr","ssp126",0,3.61332848278598,-0.762492945287111
"263",785,"Autonomous Province of Trento","ipsl-cm6a-lr","ssp126",0,0.114657086593873,-2.57433780818788
"264",786,"Autonomous Province of Trento","ipsl-cm6a-lr","ssp126",0,4.69855451693701,0.0628981553115082
"265",787,"Autonomous Province of Trento","ipsl-cm6a-lr","ssp126",0,0.458745824242261,0.817688226080584
"266",788,"Autonomous Province of Trento","ipsl-cm6a-lr","ssp126",0,0.0058320666551469,1.64965645926341
"267",789,"Autonomous Province of Trento","ipsl-cm6a-lr","ssp126",0,1.74434469227925,-0.158301177582162
"268",790,"Autonomous Province of Trento","ipsl-cm6a-lr","ssp126",0,1.70068187579492,-2.67633429192875
"269",791,"Autonomous Province of Trento","ipsl-cm6a-lr","ssp126",0,4.40400598402318,-2.00678060952717
"270",792,"Autonomous Province of Trento","ipsl-cm6a-lr","ssp126",0,0.34099359471803,2.01904558454243
"271",793,"Autonomous Province of Trento","ipsl-cm6a-lr","ssp126",NA,0.308029102626432,2.77572655615871
"272",794,"Autonomous Province of Trento","ipsl-cm6a-lr","ssp126",NA,0.237982351349534,5.13775460379467
"273",795,"Autonomous Province of Trento","ipsl-cm6a-lr","ssp126",NA,0.528901282493055,2.53954586673095
"274",796,"Autonomous Province of Trento","ipsl-cm6a-lr","ssp126",NA,0.0355376503010759,6.49970378132612
"275",797,"Autonomous Province of Trento","ipsl-cm6a-lr","ssp126",NA,0.0203959712442676,4.44107277610087
"276",798,"Autonomous Province of Trento","ipsl-cm6a-lr","ssp126",NA,1.43161947889421,6.90312119521106
"277",799,"Autonomous Province of Trento","ipsl-cm6a-lr","ssp126",NA,4.70509540034793,6.72693647904832
"278",800,"Autonomous Province of Trento","ipsl-cm6a-lr","ssp126",NA,3.1743563862454,7.59774685153716
"279",801,"Autonomous Province of Trento","ipsl-cm6a-lr","ssp126",NA,4.29620255471219,4.57943947531962
"280",802,"Autonomous Province of Trento","ipsl-cm6a-lr","ssp126",0,8.50730049905787,6.5570677125609
"281",803,"Autonomous Province of Trento","ipsl-cm6a-lr","ssp126",0,6.85268312952687,8.46960750431212
"282",804,"Autonomous Province of Trento","ipsl-cm6a-lr","ssp126",0,0.0433016297227534,12.6245250355114
"283",805,"Autonomous Province of Trento","ipsl-cm6a-lr","ssp126",0.375,0.256895631447422,14.0605411678166
"284",806,"Autonomous Province of Trento","ipsl-cm6a-lr","ssp126",3.14285714285714,1.91998855703527,13.2822244223063
"285",807,"Autonomous Province of Trento","ipsl-cm6a-lr","ssp126",4.5,0.294602074956691,13.6490187607802
"286",808,"Autonomous Province of Trento","ipsl-cm6a-lr","ssp126",13.1363636363636,10.0267977771264,14.8572901341822
"287",809,"Autonomous Province of Trento","ipsl-cm6a-lr","ssp126",4.25,5.20060750698919,17.2476036170861
"288",810,"Autonomous Province of Trento","ipsl-cm6a-lr","ssp126",58,3.04230928060813,17.8463628595526
"289",811,"Autonomous Province of Trento","ipsl-cm6a-lr","ssp126",31,2.90644485624386,16.5247737735897
"290",812,"Autonomous Province of Trento","ipsl-cm6a-lr","ssp126",78.9090909090909,4.64643186620473,16.385160609654
"291",813,"Autonomous Province of Trento","ipsl-cm6a-lr","ssp126",56.7272727272727,2.61118068526478,18.2407018884436
"292",814,"Autonomous Province of Trento","ipsl-cm6a-lr","ssp126",91.65,2.62668667312098,18.528955078125
"293",815,"Autonomous Province of Trento","ipsl-cm6a-lr","ssp126",74.45,3.6014310196919,16.7696749600497
"294",816,"Autonomous Province of Trento","ipsl-cm6a-lr","ssp126",74.95,1.36198386787694,18.0779393580053
"295",817,"Autonomous Province of Trento","ipsl-cm6a-lr","ssp126",61.95,1.08046701064374,20.0640819995435
"296",818,"Autonomous Province of Trento","ipsl-cm6a-lr","ssp126",78.6818181818182,1.24004219629191,13.854362032011
"297",819,"Autonomous Province of Trento","ipsl-cm6a-lr","ssp126",66.9090909090909,7.04580462071289,14.1095920315037
"298",820,"Autonomous Province of Trento","ipsl-cm6a-lr","ssp126",22.6363636363636,5.63898375813468,9.4573243772829
"299",821,"Autonomous Province of Trento","ipsl-cm6a-lr","ssp126",7.90909090909091,0.674947222754096,8.9851924747616
"300",822,"Autonomous Province of Trento","ipsl-cm6a-lr","ssp126",7.5,6.20829838608897,11.8353943663758
"301",823,"Autonomous Province of Trento","ipsl-cm6a-lr","ssp126",0.0909090909090909,3.6171340279836,9.24168915191257
"302",824,"Autonomous Province of Trento","ipsl-cm6a-lr","ssp126",0,0.698225931457226,13.4858464228643
"303",825,"Autonomous Province of Trento","ipsl-cm6a-lr","ssp126",3.45454545454546,0.196135568288125,10.7900686288809
"304",826,"Autonomous Province of Trento","ipsl-cm6a-lr","ssp126",0,0.12404164014945,9.34542632660311
"305",827,"Autonomous Province of Trento","ipsl-cm6a-lr","ssp126",0,1.48544469903081,7.07641664975651
"306",828,"Autonomous Province of Trento","ipsl-cm6a-lr","ssp126",0,2.05419317245795,5.8741608062348
"307",829,"Autonomous Province of Trento","ipsl-cm6a-lr","ssp126",0,0.00927572297072189,3.89428298752031
"308",830,"Autonomous Province of Trento","ipsl-cm6a-lr","ssp126",0,2.44422024886983,3.93095877511163
"309",831,"Autonomous Province of Trento","ipsl-cm6a-lr","ssp126",0,2.76397169817011,-1.11419653954442
"310",832,"Autonomous Province of Trento","ipsl-cm6a-lr","ssp126",0,0.393996161078753,-0.502316720145067
"311",833,"Autonomous Province of Trento","ipsl-cm6a-lr","ssp126",0,2.82298920983876,-4.17966586026276
"312",834,"Autonomous Province of Trento","ipsl-cm6a-lr","ssp126",0,0,-1.31209907036321
"313",835,"Autonomous Province of Trento","ipsl-cm6a-lr","ssp126",0,0,-2.61732280780741
"314",836,"Autonomous Province of Trento","ipsl-cm6a-lr","ssp126",0,5.95158083228203,0.748365565708727
"315",837,"Autonomous Province of Trento","ipsl-cm6a-lr","ssp126",0,4.76489940816204,-1.58286932082401
"316",838,"Autonomous Province of Trento","ipsl-cm6a-lr","ssp126",0,0,-6.527447219122
"317",839,"Autonomous Province of Trento","ipsl-cm6a-lr","ssp126",0,0,-0.301541573660691
"318",840,"Autonomous Province of Trento","ipsl-cm6a-lr","ssp126",0,0,-1.17493431454611
"319",841,"Autonomous Province of Trento","ipsl-cm6a-lr","ssp126",0,2.73021934761865,-1.05463256835935
"320",842,"Autonomous Province of Trento","ipsl-cm6a-lr","ssp126",0,0.20376321481308,-3.46938607352118
"321",843,"Autonomous Province of Trento","ipsl-cm6a-lr","ssp126",0,0.37051448411408,-0.410261172340008
"322",844,"Autonomous Province of Trento","ipsl-cm6a-lr","ssp126",0,0.80763997565165,1.24935375395278
"323",845,"Autonomous Province of Trento","ipsl-cm6a-lr","ssp126",NA,2.06188180717228,-2.03800412132624
"324",846,"Autonomous Province of Trento","ipsl-cm6a-lr","ssp126",NA,0.411071523298493,-3.98489118303569
"325",847,"Autonomous Province of Trento","ipsl-cm6a-lr","ssp126",NA,0.0206135251314013,0.711689249674501
"326",848,"Autonomous Province of Trento","ipsl-cm6a-lr","ssp126",NA,2.55470121145273,1.63061639694943
"327",849,"Autonomous Province of Trento","ipsl-cm6a-lr","ssp126",NA,1.13288506690878,6.72660362606959
"328",850,"Autonomous Province of Trento","ipsl-cm6a-lr","ssp126",NA,0,5.87588544573105
"329",851,"Autonomous Province of Trento","ipsl-cm6a-lr","ssp126",NA,4.37473867007481,8.68259219215031
"330",852,"Autonomous Province of Trento","ipsl-cm6a-lr","ssp126",NA,1.19648180116201,8.10531296502978
"331",853,"Autonomous Province of Trento","ipsl-cm6a-lr","ssp126",0,2.00723642233892,10.556051781064
"332",854,"Autonomous Province of Trento","ipsl-cm6a-lr","ssp126",0,1.28209736846786,10.3943238757906
"333",855,"Autonomous Province of Trento","ipsl-cm6a-lr","ssp126",0,0.0754762044899897,12.8852746872675
"334",856,"Autonomous Province of Trento","ipsl-cm6a-lr","ssp126",0,3.44685625542687,14.3034933907645
"335",857,"Autonomous Province of Trento","ipsl-cm6a-lr","ssp126",0,1.71599095015804,12.0478156680153
"336",858,"Autonomous Province of Trento","ipsl-cm6a-lr","ssp126",0,0.822404577645234,15.8166813441686
"337",859,"Autonomous Province of Trento","ipsl-cm6a-lr","ssp126",0,3.15984742181692,19.7880413237072
"338",860,"Autonomous Province of Trento","ipsl-cm6a-lr","ssp126",0,2.06231602413547,23.1409960065569
"339",861,"Autonomous Province of Trento","ipsl-cm6a-lr","ssp126",12,10.2372088540246,16.3496352422805
"340",862,"Autonomous Province of Trento","ipsl-cm6a-lr","ssp126",34.0833333333333,4.37498031865939,18.6642373221261
"341",863,"Autonomous Province of Trento","ipsl-cm6a-lr","ssp126",10.5,3.46508201302121,17.6721718924386
"342",864,"Autonomous Province of Trento","ipsl-cm6a-lr","ssp126",5.75,5.559507903776,17.0961002894811
"343",865,"Autonomous Province of Trento","ipsl-cm6a-lr","ssp126",34.1666666666667,1.53698714951004,18.1299028669085
"344",866,"Autonomous Province of Trento","ipsl-cm6a-lr","ssp126",107.666666666667,2.38767840544044,18.2003846668062
"345",867,"Autonomous Province of Trento","ipsl-cm6a-lr","ssp126",57.0833333333333,3.13980572817465,18.8158486502511
"346",868,"Autonomous Province of Trento","ipsl-cm6a-lr","ssp126",70,2.30760359045235,14.7632021949405
"347",869,"Autonomous Province of Trento","ipsl-cm6a-lr","ssp126",106.583333333333,2.4538232438707,17.6104137602307
"348",870,"Autonomous Province of Trento","ipsl-cm6a-lr","ssp126",37.8333333333333,0.404724337178258,18.3142210460845
"349",871,"Autonomous Province of Trento","ipsl-cm6a-lr","ssp126",145.166666666667,1.19398659465203,18.8992132277716
"350",872,"Autonomous Province of Trento","ipsl-cm6a-lr","ssp126",53.4166666666667,7.81358057486484,15.8215234665644
"351",873,"Autonomous Province of Trento","ipsl-cm6a-lr","ssp126",15.1666666666667,5.10904313580665,14.2783570789156
"352",874,"Autonomous Province of Trento","ipsl-cm6a-lr","ssp126",8.16666666666667,0.296947236087622,14.2949920654297
"353",875,"Autonomous Province of Trento","ipsl-cm6a-lr","ssp126",15.1666666666667,0.726948660927259,14.8238130115328
"354",876,"Autonomous Province of Trento","ipsl-cm6a-lr","ssp126",0,1.64027576413771,8.59701872326082
"355",877,"Autonomous Province of Trento","ipsl-cm6a-lr","ssp126",0,4.96008666026942,9.78245878673738
"356",878,"Autonomous Province of Trento","ipsl-cm6a-lr","ssp126",0,0.833083886807019,8.56975126720613
"357",879,"Autonomous Province of Trento","ipsl-cm6a-lr","ssp126",0,4.50099352165126,9.18706447056362
"358",880,"Autonomous Province of Trento","ipsl-cm6a-lr","ssp126",0,8.7938870979737,6.20283697219124
"359",881,"Autonomous Province of Trento","ipsl-cm6a-lr","ssp126",0,5.73714903639484,4.76478620256698
"360",882,"Autonomous Province of Trento","ipsl-cm6a-lr","ssp126",0,5.58136168349717,3.60705900646394
"361",883,"Autonomous Province of Trento","ipsl-cm6a-lr","ssp126",0,3.57892964784696,2.66035141717822
"362",884,"Autonomous Province of Trento","ipsl-cm6a-lr","ssp126",0,8.80475561176094,3.4369576590402
"363",885,"Autonomous Province of Trento","ipsl-cm6a-lr","ssp126",0,0.849074027116459,-1.72370067778086
"364",886,"Autonomous Province of Trento","ipsl-cm6a-lr","ssp126",0,0.00282722202038193,-2.16228187197728
"365",887,"Autonomous Province of Trento","ipsl-cm6a-lr","ssp126",0,1.83037376833194,-0.8127989269438
"366",888,"Autonomous Province of Trento","ipsl-cm6a-lr","ssp126",0,0.628652587537155,-2.44349481491813
"367",889,"Autonomous Province of Trento","ipsl-cm6a-lr","ssp126",0,2.78620820480033,1.38918108258931
"368",890,"Autonomous Province of Trento","ipsl-cm6a-lr","ssp126",0,1.52722713212695,-0.16520821707587
"369",891,"Autonomous Province of Trento","ipsl-cm6a-lr","ssp126",0,0.460794586054232,-0.170115443638371
"370",892,"Autonomous Province of Trento","ipsl-cm6a-lr","ssp126",0,0.54115985943229,-1.17968793596538
"371",893,"Autonomous Province of Trento","ipsl-cm6a-lr","ssp126",0,0.312772453284457,-0.161870901925201
"372",894,"Autonomous Province of Trento","ipsl-cm6a-lr","ssp126",0,5.8020360624401,-0.31142621721538
"373",895,"Autonomous Province of Trento","ipsl-cm6a-lr","ssp126",0,1.89312094173926,0.89173278808596
"374",896,"Autonomous Province of Trento","ipsl-cm6a-lr","ssp126",0,2.82678844286628,-1.25748378208703
"375",897,"Autonomous Province of Trento","ipsl-cm6a-lr","ssp126",NA,0.0609013684100189,-1.11020638602118
"376",898,"Autonomous Province of Trento","ipsl-cm6a-lr","ssp126",NA,0.570555272996508,-0.581616646902879
"377",899,"Autonomous Province of Trento","ipsl-cm6a-lr","ssp126",NA,0,0.467048863002254
"378",900,"Autonomous Province of Trento","ipsl-cm6a-lr","ssp126",NA,0.509046370633379,2.29822518484935
"379",901,"Autonomous Province of Trento","ipsl-cm6a-lr","ssp126",NA,1.11393252431299,8.02276131766185
"380",902,"Autonomous Province of Trento","ipsl-cm6a-lr","ssp126",NA,3.20778372568644,3.64194205147882
"381",903,"Autonomous Province of Trento","ipsl-cm6a-lr","ssp126",NA,0.615819095489445,3.59964381626676
"382",904,"Autonomous Province of Trento","ipsl-cm6a-lr","ssp126",NA,6.20559757295268,7.16448320661275
"383",905,"Autonomous Province of Trento","ipsl-cm6a-lr","ssp126",NA,3.20060134545201,7.26456080845427
"384",906,"Autonomous Province of Trento","ipsl-cm6a-lr","ssp126",NA,0.981107742450797,8.46791904994422
"385",907,"Autonomous Province of Trento","ipsl-cm6a-lr","ssp126",0,3.90290961804567,10.4594800676619
"386",908,"Autonomous Province of Trento","ipsl-cm6a-lr","ssp126",0,3.2533365895506,11.6217786516462
"387",909,"Autonomous Province of Trento","ipsl-cm6a-lr","ssp126",0,7.10717531303609,9.75685163225448
"388",910,"Autonomous Province of Trento","ipsl-cm6a-lr","ssp126",2,0.617975050595953,15.0764888218472
"389",911,"Autonomous Province of Trento","ipsl-cm6a-lr","ssp126",7.75,1.80606513862585,13.7835667201451
"390",912,"Autonomous Province of Trento","ipsl-cm6a-lr","ssp126",8.16666666666667,2.39316380394095,14.0228955950056
"391",913,"Autonomous Province of Trento","ipsl-cm6a-lr","ssp126",6.16666666666667,7.3864472312042,17.943113054548
"392",914,"Autonomous Province of Trento","ipsl-cm6a-lr","ssp126",12.6666666666667,3.1314216899565,15.058289882115
"393",915,"Autonomous Province of Trento","ipsl-cm6a-lr","ssp126",19.1,5.4872560801076,14.7488691057478
"394",916,"Autonomous Province of Trento","ipsl-cm6a-lr","ssp126",46.7,2.57693229534198,16.3072252546038
"395",917,"Autonomous Province of Trento","ipsl-cm6a-lr","ssp126",39.3,6.77304719211991,14.4194305419922
"396",918,"Autonomous Province of Trento","ipsl-cm6a-lr","ssp126",56.7,13.7838643172082,14.6050890241351
"397",919,"Autonomous Province of Trento","ipsl-cm6a-lr","ssp126",39.75,0.753396128649391,15.4923893519811
"398",920,"Autonomous Province of Trento","ipsl-cm6a-lr","ssp126",65.1,1.32100700155466,17.252969796317
"399",921,"Autonomous Province of Trento","ipsl-cm6a-lr","ssp126",46.1,3.55691461574419,17.3752232142857
"400",922,"Autonomous Province of Trento","ipsl-cm6a-lr","ssp126",80.35,4.80680296575883,16.113132585798
"401",923,"Autonomous Province of Trento","ipsl-cm6a-lr","ssp126",73.9,3.10849218267582,15.6615164620536
"402",924,"Autonomous Province of Trento","ipsl-cm6a-lr","ssp126",61.6,3.66208286598391,16.9706529889788
"403",925,"Autonomous Province of Trento","ipsl-cm6a-lr","ssp126",25.25,15.8949345031475,13.580406842913
"404",926,"Autonomous Province of Trento","ipsl-cm6a-lr","ssp126",2.1,0.431788217870885,11.6125418526786
"405",927,"Autonomous Province of Trento","ipsl-cm6a-lr","ssp126",5.4,0,11.9576328822545
"406",928,"Autonomous Province of Trento","ipsl-cm6a-lr","ssp126",0.9,0.690987732544142,10.4784484863281
"407",929,"Autonomous Province of Trento","ipsl-cm6a-lr","ssp126",0.95,4.45322752888647,6.46612810407369
"408",930,"Autonomous Province of Trento","ipsl-cm6a-lr","ssp126",0.3,0.371133124322764,7.61040082659042
"409",931,"Autonomous Province of Trento","ipsl-cm6a-lr","ssp126",0,0.520156507606901,6.83010515485493
"410",932,"Autonomous Province of Trento","ipsl-cm6a-lr","ssp126",0,5.47747065924341,8.10083312988283
"411",933,"Autonomous Province of Trento","ipsl-cm6a-lr","ssp126",0,0,6.84749014718195
"412",934,"Autonomous Province of Trento","ipsl-cm6a-lr","ssp126",0,0.312231599943646,1.89538792201453
"413",935,"Autonomous Province of Trento","ipsl-cm6a-lr","ssp126",0,0.124470532422752,1.06672188895091
"414",936,"Autonomous Province of Trento","ipsl-cm6a-lr","ssp126",0,0.624853255306203,0.551245989118327
"415",937,"Autonomous Province of Trento","ipsl-cm6a-lr","ssp126",0,8.7671104421835,2.60842939104355
"416",938,"Autonomous Province of Trento","ipsl-cm6a-lr","ssp126",0,2.37955366888075,-0.874836948939709
"417",939,"Autonomous Province of Trento","ipsl-cm6a-lr","ssp126",0,0.26927934759442,-0.627017211914039
"418",940,"Autonomous Province of Trento","ipsl-cm6a-lr","ssp126",0,7.4563332940878,3.36895795549667
"419",941,"Autonomous Province of Trento","ipsl-cm6a-lr","ssp126",0,0.676204658344971,1.72363207471242
"420",942,"Autonomous Province of Trento","ipsl-cm6a-lr","ssp126",0,2.14770244893261,0.508308427412454
"421",943,"Autonomous Province of Trento","ipsl-cm6a-lr","ssp126",0,0,-0.55063744848899
"422",944,"Autonomous Province of Trento","ipsl-cm6a-lr","ssp126",0,1.81985436286266,-0.30206372606883
"423",945,"Autonomous Province of Trento","ipsl-cm6a-lr","ssp126",0,0.014540934832869,-1.80687644874654
"424",946,"Autonomous Province of Trento","ipsl-cm6a-lr","ssp126",0,0.835363625370957,-0.0834086323832185
"425",947,"Autonomous Province of Trento","ipsl-cm6a-lr","ssp126",0,0.00120314286435202,1.44405081612726
"426",948,"Autonomous Province of Trento","ipsl-cm6a-lr","ssp126",0,0,4.51317245986438
"427",949,"Autonomous Province of Trento","ipsl-cm6a-lr","ssp126",NA,2.16201897752139,3.37917882898354
"428",950,"Autonomous Province of Trento","ipsl-cm6a-lr","ssp126",NA,0.854123207510373,-0.278903902493968
"429",951,"Autonomous Province of Trento","ipsl-cm6a-lr","ssp126",NA,1.101720990734,-1.25476952856711
"430",952,"Autonomous Province of Trento","ipsl-cm6a-lr","ssp126",NA,6.80218537239413,4.44881759475878
"431",953,"Autonomous Province of Trento","ipsl-cm6a-lr","ssp126",NA,4.28585207671379,5.07310194078385
"432",954,"Autonomous Province of Trento","ipsl-cm6a-lr","ssp126",NA,5.57700896326703,6.27832460508244
"433",955,"Autonomous Province of Trento","ipsl-cm6a-lr","ssp126",NA,3.1481268144789,6.31891231327269
"434",956,"Autonomous Province of Trento","ipsl-cm6a-lr","ssp126",NA,2.86567256554298,7.13233622456647
"435",957,"Autonomous Province of Trento","ipsl-cm6a-lr","ssp126",NA,1.91753749691838,8.90366935310787
"436",958,"Autonomous Province of Trento","ipsl-cm6a-lr","ssp126",NA,8.27051046180314,11.5252580915179
"437",959,"Autonomous Province of Trento","ipsl-cm6a-lr","ssp126",NA,1.17056791627124,11.5161796150627
"438",960,"Autonomous Province of Trento","ipsl-cm6a-lr","ssp126",0,12.4988920274088,12.0242848825979
"439",961,"Autonomous Province of Trento","ipsl-cm6a-lr","ssp126",0,2.22918726503849,12.0480694781293
"440",962,"Autonomous Province of Trento","ipsl-cm6a-lr","ssp126",0.291666666666667,4.692746055118,15.792133976863
"441",963,"Autonomous Province of Trento","ipsl-cm6a-lr","ssp126",0.653846153846154,1.41224528920398,14.0703184693724
"442",964,"Autonomous Province of Trento","ipsl-cm6a-lr","ssp126",11.5416666666667,10.4697595859682,13.2435939243862
"443",965,"Autonomous Province of Trento","ipsl-cm6a-lr","ssp126",9.34615384615385,3.45310744650215,14.5963120680589
"444",966,"Autonomous Province of Trento","ipsl-cm6a-lr","ssp126",17.6818181818182,2.40636319499722,14.1475822700249
"445",967,"Autonomous Province of Trento","ipsl-cm6a-lr","ssp126",22.3076923076923,0.226319312747404,17.0430957836109
"446",968,"Autonomous Province of Trento","ipsl-cm6a-lr","ssp126",31.625,1.52384230779397,18.6853871775198
"447",969,"Autonomous Province of Trento","ipsl-cm6a-lr","ssp126",30,1.1911697686598,16.3470921107701
"448",970,"Autonomous Province of Trento","ipsl-cm6a-lr","ssp126",41.9545454545455,1.74443436785573,18.1889040768802
"449",971,"Autonomous Province of Trento","ipsl-cm6a-lr","ssp126",59.6153846153846,0.991077010185907,21.1573066459907
"450",972,"Autonomous Province of Trento","ipsl-cm6a-lr","ssp126",93.8333333333333,8.57640755692866,18.0382874205873
"451",973,"Autonomous Province of Trento","ipsl-cm6a-lr","ssp126",69.7692307692308,0.937503061428728,16.6020678174365
"452",974,"Autonomous Province of Trento","ipsl-cm6a-lr","ssp126",63.125,1.26867788784403,17.2044623406379
"453",975,"Autonomous Province of Trento","ipsl-cm6a-lr","ssp126",50.9583333333333,0.225384878493579,17.0834370036702
"454",976,"Autonomous Province of Trento","ipsl-cm6a-lr","ssp126",28.2272727272727,7.87409103339906,13.7354675292969
"455",977,"Autonomous Province of Trento","ipsl-cm6a-lr","ssp126",43.5,5.75853726635674,12.8775238372468
"456",978,"Autonomous Province of Trento","ipsl-cm6a-lr","ssp126",62.9583333333333,0.609031020348494,13.876854798034
"457",979,"Autonomous Province of Trento","ipsl-cm6a-lr","ssp126",67.2307692307692,3.81469700496981,11.2796499399039
"458",980,"Autonomous Province of Trento","ipsl-cm6a-lr","ssp126",10.9166666666667,2.95099530341938,7.83652732765284
"459",981,"Autonomous Province of Trento","ipsl-cm6a-lr","ssp126",2.69230769230769,0.0465461750006929,10.3440909920158
"460",982,"Autonomous Province of Trento","ipsl-cm6a-lr","ssp126",5.91666666666667,0.296930165551692,10.6545134491973
"461",983,"Autonomous Province of Trento","ipsl-cm6a-lr","ssp126",0.230769230769231,0.157615202016921,5.82117229084394
"462",984,"Autonomous Province of Trento","ipsl-cm6a-lr","ssp126",0.076923076923077,0,3.01489687070744
"463",985,"Autonomous Province of Trento","ipsl-cm6a-lr","ssp126",0,0.41644768293686,4.86610288515198
"464",986,"Autonomous Province of Trento","ipsl-cm6a-lr","ssp126",0,2.06518328712184,1.30020705003007
"465",987,"Autonomous Province of Trento","ipsl-cm6a-lr","ssp126",0,1.44452406430491,1.09935208834137
"466",988,"Autonomous Province of Trento","ipsl-cm6a-lr","ssp126",0,2.63180924256641,4.70254208072203
"467",989,"Autonomous Province of Trento","ipsl-cm6a-lr","ssp126",0,0.0879297986462556,2.26827258434927
"468",990,"Autonomous Province of Trento","ipsl-cm6a-lr","ssp126",0,0.147937571535214,1.54123219919731
"469",991,"Autonomous Province of Trento","ipsl-cm6a-lr","ssp126",0,1.0034249371329,1.79326111510562
"470",992,"Autonomous Province of Trento","ipsl-cm6a-lr","ssp126",0,2.76801435645941,-0.00247802734372678
"471",993,"Autonomous Province of Trento","ipsl-cm6a-lr","ssp126",0,0.305226962206819,-3.2023240831163
"472",994,"Autonomous Province of Trento","ipsl-cm6a-lr","ssp126",0,2.07445986062729,-2.30654936290921
"473",995,"Autonomous Province of Trento","ipsl-cm6a-lr","ssp126",0,1.64699228605189,-4.66615348694814
"474",996,"Autonomous Province of Trento","ipsl-cm6a-lr","ssp126",0,2.58393468954767,-2.43349522181917
"475",997,"Autonomous Province of Trento","ipsl-cm6a-lr","ssp126",0,5.45857316922463,-0.472243826729888
"476",998,"Autonomous Province of Trento","ipsl-cm6a-lr","ssp126",0,5.58165012043901,1.0917437841022
"477",999,"Autonomous Province of Trento","ipsl-cm6a-lr","ssp126",0,5.26379165416334,0.141567363436281
"478",1000,"Autonomous Province of Trento","ipsl-cm6a-lr","ssp126",0,0.27165779112173,1.44263053772944
"479",1001,"Autonomous Province of Trento","ipsl-cm6a-lr","ssp126",NA,0.0155528792155174,0.941353643508208
"480",1002,"Autonomous Province of Trento","ipsl-cm6a-lr","ssp126",NA,0.313171243033139,-1.11501183888267
"481",1003,"Autonomous Province of Trento","ipsl-cm6a-lr","ssp126",NA,0.175657398774222,1.2507994636657
"482",1004,"Autonomous Province of Trento","ipsl-cm6a-lr","ssp126",NA,1.07661088674961,3.76398111979169
"483",1005,"Autonomous Province of Trento","ipsl-cm6a-lr","ssp126",NA,1.12142279062287,5.1403500511533
"484",1006,"Autonomous Province of Trento","ipsl-cm6a-lr","ssp126",NA,2.71686391372765,1.37245754665801
"485",1007,"Autonomous Province of Trento","ipsl-cm6a-lr","ssp126",NA,3.55431777279591,5.2487257215712
"486",1008,"Autonomous Province of Trento","ipsl-cm6a-lr","ssp126",NA,0.794250500725214,2.86943679082963
"487",1009,"Autonomous Province of Trento","ipsl-cm6a-lr","ssp126",NA,5.88790665164457,6.24900667705235
"488",1010,"Autonomous Province of Trento","ipsl-cm6a-lr","ssp126",NA,0.0588928618006842,11.2026107545883
"489",1011,"Autonomous Province of Trento","ipsl-cm6a-lr","ssp126",0,1.84090320607148,6.9840763152592
"490",1012,"Autonomous Province of Trento","ipsl-cm6a-lr","ssp126",0,0.238473547090377,9.30886424231154
"491",1013,"Autonomous Province of Trento","ipsl-cm6a-lr","ssp126",0,3.18901222225187,8.22469773065478
"492",1014,"Autonomous Province of Trento","ipsl-cm6a-lr","ssp126",0,2.67155760354529,7.76791062127979
"493",1015,"Autonomous Province of Trento","ipsl-cm6a-lr","ssp126",0.0625,2.09817928641444,10.647369578528
"494",1016,"Autonomous Province of Trento","ipsl-cm6a-lr","ssp126",7.22222222222222,3.68782590209906,11.2374032156808
"495",1017,"Autonomous Province of Trento","ipsl-cm6a-lr","ssp126",38.9375,1.54995953276479,13.3385995047433
"496",1018,"Autonomous Province of Trento","ipsl-cm6a-lr","ssp126",35.5555555555556,5.46251954121025,16.6129767523872
"497",1019,"Autonomous Province of Trento","ipsl-cm6a-lr","ssp126",40.0625,5.70342541884331,16.1173775809152
"498",1020,"Autonomous Province of Trento","ipsl-cm6a-lr","ssp126",36.5555555555556,5.14549789290218,16.4077925424727
"499",1021,"Autonomous Province of Trento","ipsl-cm6a-lr","ssp126",40.9375,6.22493662189559,16.2015910799541
"500",1022,"Autonomous Province of Trento","ipsl-cm6a-lr","ssp126",69.7222222222222,0.848697036833203,16.6247173006572
"501",1023,"Autonomous Province of Trento","ipsl-cm6a-lr","ssp126",112.25,2.50433098553913,18.6707281203497
"502",1024,"Autonomous Province of Trento","ipsl-cm6a-lr","ssp126",73.3333333333333,1.17452956806769,18.9070048983135
"503",1025,"Autonomous Province of Trento","ipsl-cm6a-lr","ssp126",79.8125,1.99787429612895,19.6410626123822
"504",1026,"Autonomous Province of Trento","ipsl-cm6a-lr","ssp126",76.5,4.07493206106925,16.0159710596478
"505",1027,"Autonomous Province of Trento","ipsl-cm6a-lr","ssp126",98.9375,4.11165191534175,16.9753279428634
"506",1028,"Autonomous Province of Trento","ipsl-cm6a-lr","ssp126",117.277777777778,7.61234807100014,14.1053071521577
"507",1029,"Autonomous Province of Trento","ipsl-cm6a-lr","ssp126",30.0625,2.81608690150148,15.3909516834077
"508",1030,"Autonomous Province of Trento","ipsl-cm6a-lr","ssp126",33.6666666666667,9.43120023668078,14.1425473167783
"509",1031,"Autonomous Province of Trento","ipsl-cm6a-lr","ssp126",9.5,0.49970758908395,13.2505349779886
"510",1032,"Autonomous Province of Trento","ipsl-cm6a-lr","ssp126",5.05555555555556,0,12.1787421332466
"511",1033,"Autonomous Province of Trento","ipsl-cm6a-lr","ssp126",3.25,0.983716388977235,8.39969230530756
"512",1034,"Autonomous Province of Trento","ipsl-cm6a-lr","ssp126",0.444444444444444,0.0474524476885563,8.85069173177086
"513",1035,"Autonomous Province of Trento","ipsl-cm6a-lr","ssp126",0,0.189641681208741,7.20911535838296
"514",1036,"Autonomous Province of Trento","ipsl-cm6a-lr","ssp126",0,8.33200165257691,4.74015125093008
"515",1037,"Autonomous Province of Trento","ipsl-cm6a-lr","ssp126",0,2.55417954103905,2.86063610258559
"516",1038,"Autonomous Province of Trento","ipsl-cm6a-lr","ssp126",0,0.320254653135115,3.99104788643975
"517",1039,"Autonomous Province of Trento","ipsl-cm6a-lr","ssp126",0,0.049415260686406,3.74298308841768
"518",1040,"Autonomous Province of Trento","ipsl-cm6a-lr","ssp126",0,0.0298353310167191,3.20553850446431
"519",1041,"Autonomous Province of Trento","ipsl-cm6a-lr","ssp126",0,0.558344338995604,1.66499565972225
"520",1042,"Autonomous Province of Trento","ipsl-cm6a-lr","ssp126",0,3.14424141605351,2.04972979833212
"521",1043,"Autonomous Province of Trento","ipsl-cm6a-lr","ssp126",0,0.0106286548543721,-0.15673905629958
"522",1044,"Autonomous Province of Trento","ipsl-cm6a-lr","ssp126",0,1.4419613454915,-3.65151715959819
"523",1045,"Autonomous Province of Trento","ipsl-cm6a-lr","ssp126",0,0.325995467667651,-4.9966128394717
"524",1046,"Autonomous Province of Trento","ipsl-cm6a-lr","ssp126",0,4.00623241811575,-2.65439307803197
"525",1047,"Autonomous Province of Trento","ipsl-cm6a-lr","ssp126",0,0.06538964354799,0.703340657552108
"526",1048,"Autonomous Province of Trento","ipsl-cm6a-lr","ssp126",0,0.11527632049235,-0.251357014973935
"527",1049,"Autonomous Province of Trento","ipsl-cm6a-lr","ssp126",0,0.471485449192447,-2.5456830705915
"528",1050,"Autonomous Province of Trento","ipsl-cm6a-lr","ssp126",0,0.0109371836047753,-4.0714416503906
"529",1051,"Autonomous Province of Trento","ipsl-cm6a-lr","ssp126",0,0.045410387600506,-4.69872407459075
"530",1052,"Autonomous Province of Trento","ipsl-cm6a-lr","ssp126",0,0.0263268207033564,-8.62309395926337
"531",1053,"Autonomous Province of Trento","ipsl-cm6a-lr","ssp126",0,0.230178739626094,-4.9325753348214
"532",1054,"Autonomous Province of Trento","ipsl-cm6a-lr","ssp126",NA,3.80469495838043,-3.90193946475072
"533",1055,"Autonomous Province of Trento","ipsl-cm6a-lr","ssp126",NA,0.239401865941805,-5.42833804175965
"534",1056,"Autonomous Province of Trento","ipsl-cm6a-lr","ssp126",NA,0.69596347854323,-3.67342383975072
"535",1057,"Autonomous Province of Trento","ipsl-cm6a-lr","ssp126",NA,4.12852273389165,0.92190144856773
"536",1058,"Autonomous Province of Trento","ipsl-cm6a-lr","ssp126",NA,6.04587883468152,5.01589733305434
"537",1059,"Autonomous Province of Trento","ipsl-cm6a-lr","ssp126",NA,4.85613904801929,6.97582019624258
"538",1060,"Autonomous Province of Trento","ipsl-cm6a-lr","ssp126",NA,4.79793014218948,2.87319800967264
"539",1061,"Autonomous Province of Trento","ipsl-cm6a-lr","ssp126",NA,0.235837804752269,7.05141339983261
"540",1062,"Autonomous Province of Trento","ipsl-cm6a-lr","ssp126",NA,2.34150477352419,9.85041649228051
"541",1063,"Autonomous Province of Trento","ipsl-cm6a-lr","ssp126",NA,1.61627636744275,9.82859671456474
"542",1064,"Autonomous Province of Trento","ipsl-cm6a-lr","ssp126",0,0.82323188032855,8.91425810314362
"543",1065,"Autonomous Province of Trento","ipsl-cm6a-lr","ssp126",0.125,0.801161884363475,10.9437810988654
"544",1066,"Autonomous Province of Trento","ipsl-cm6a-lr","ssp126",0.307692307692308,3.03418051041912,14.6184317452567
"545",1067,"Autonomous Province of Trento","ipsl-cm6a-lr","ssp126",4.39285714285714,8.14817757439286,11.7761050269718
"546",1068,"Autonomous Province of Trento","ipsl-cm6a-lr","ssp126",14.1153846153846,5.12558876251985,9.78347836449034
"547",1069,"Autonomous Province of Trento","ipsl-cm6a-lr","ssp126",11.5666666666667,5.10156653000325,16.465808686756
"548",1070,"Autonomous Province of Trento","ipsl-cm6a-lr","ssp126",7.82142857142857,1.18511220115969,15.5924557640439
"549",1071,"Autonomous Province of Trento","ipsl-cm6a-lr","ssp126",15.2,0.720116453033239,17.1507568359375
"550",1072,"Autonomous Province of Trento","ipsl-cm6a-lr","ssp126",14.9642857142857,1.32033661544223,18.1213759649368
"551",1073,"Autonomous Province of Trento","ipsl-cm6a-lr","ssp126",14.4,0.407884391804276,17.7264320010231
"552",1074,"Autonomous Province of Trento","ipsl-cm6a-lr","ssp126",30.25,1.74320250730879,18.1681931268601
"553",1075,"Autonomous Province of Trento","ipsl-cm6a-lr","ssp126",36.1071428571429,2.73716732980185,17.364687093099
"554",1076,"Autonomous Province of Trento","ipsl-cm6a-lr","ssp126",39.3214285714286,5.81423839367095,15.9279331752233
"555",1077,"Autonomous Province of Trento","ipsl-cm6a-lr","ssp126",43.7333333333333,2.1507189847346,17.5253528413319
"556",1078,"Autonomous Province of Trento","ipsl-cm6a-lr","ssp126",37.8571428571429,2.648517034582,17.2099838983445
"557",1079,"Autonomous Province of Trento","ipsl-cm6a-lr","ssp126",33.7857142857143,2.36801891030544,15.7400611514137
"558",1080,"Autonomous Province of Trento","ipsl-cm6a-lr","ssp126",22.7692307692308,2.71847775201812,12.7905014764695
"559",1081,"Autonomous Province of Trento","ipsl-cm6a-lr","ssp126",34.5,0.134787990287545,11.7603963216146
"560",1082,"Autonomous Province of Trento","ipsl-cm6a-lr","ssp126",23.7857142857143,0.375426023799394,11.7503138950893
"561",1083,"Autonomous Province of Trento","ipsl-cm6a-lr","ssp126",5.9,3.60462049978586,6.19823404947919
"562",1084,"Autonomous Province of Trento","ipsl-cm6a-lr","ssp126",0.928571428571428,0.46413853154393,8.1061218261719
"563",1085,"Autonomous Province of Trento","ipsl-cm6a-lr","ssp126",0,5.09342019797519,8.16255725678946
"564",1086,"Autonomous Province of Trento","ipsl-cm6a-lr","ssp126",0,4.7145225154236,6.79449026925225
"565",1087,"Autonomous Province of Trento","ipsl-cm6a-lr","ssp126",0.333333333333333,3.24660250680089,2.02126028878351
"566",1088,"Autonomous Province of Trento","ipsl-cm6a-lr","ssp126",0,0.053898688181237,3.77333025251118
"567",1089,"Autonomous Province of Trento","ipsl-cm6a-lr","ssp126",0,2.72562318153048,1.41493123372398
"568",1090,"Autonomous Province of Trento","ipsl-cm6a-lr","ssp126",0,4.8594067049063,-3.14072469075519
"569",1091,"Autonomous Province of Trento","ipsl-cm6a-lr","ssp126",0,0.221885138868986,1.63409220377607
"570",1092,"Autonomous Province of Trento","ipsl-cm6a-lr","ssp126",0,0.107355874580597,2.09924548921134
"571",1093,"Autonomous Province of Trento","ipsl-cm6a-lr","ssp126",0,5.17850879334479,1.65314621698291
"572",1094,"Autonomous Province of Trento","ipsl-cm6a-lr","ssp126",0,6.57701875349241,-0.271298072451614
"573",1095,"Autonomous Province of Trento","ipsl-cm6a-lr","ssp126",0,6.17881394166034,1.26404883975076
"574",1096,"Autonomous Province of Trento","ipsl-cm6a-lr","ssp126",0,5.13303271070721,-2.22564697265623
"575",1097,"Autonomous Province of Trento","ipsl-cm6a-lr","ssp126",0,0.0247048029788337,-1.6766165597098
"576",1098,"Autonomous Province of Trento","ipsl-cm6a-lr","ssp126",0,0,-0.875565301804293
"577",1099,"Autonomous Province of Trento","ipsl-cm6a-lr","ssp126",0,0.396765688731518,0.493545968191988
"578",1100,"Autonomous Province of Trento","ipsl-cm6a-lr","ssp126",0,1.25791197378671,1.02481951032369
"579",1101,"Autonomous Province of Trento","ipsl-cm6a-lr","ssp126",0,2.12564735178603,-0.230584426153251
"580",1102,"Autonomous Province of Trento","ipsl-cm6a-lr","ssp126",0,1.01310269401958,-3.89761468796501
"581",1103,"Autonomous Province of Trento","ipsl-cm6a-lr","ssp126",0,0.196302083911308,-6.95613810221352
"582",1104,"Autonomous Province of Trento","ipsl-cm6a-lr","ssp126",0,0.333159527924311,-1.26985560825891
"583",1105,"Autonomous Province of Trento","ipsl-cm6a-lr","ssp126",0,0.355605093770594,0.660359991164459
"584",1106,"Autonomous Province of Trento","ipsl-cm6a-lr","ssp126",NA,4.17508793670484,-6.15366240001858
"585",1107,"Autonomous Province of Trento","ipsl-cm6a-lr","ssp126",NA,0.655374554543024,-2.71469610305058
"586",1108,"Autonomous Province of Trento","ipsl-cm6a-lr","ssp126",NA,3.72165080031014,2.80345720563618
"587",1109,"Autonomous Province of Trento","ipsl-cm6a-lr","ssp126",NA,2.80140916451013,-2.00411028180801
"588",1110,"Autonomous Province of Trento","ipsl-cm6a-lr","ssp126",NA,1.73344973957033,2.99307657877606
"589",1111,"Autonomous Province of Trento","ipsl-cm6a-lr","ssp126",NA,0.243628397209769,3.19183407738097
"590",1112,"Autonomous Province of Trento","ipsl-cm6a-lr","ssp126",NA,2.41771242498154,5.81533929734005
"591",1113,"Autonomous Province of Trento","ipsl-cm6a-lr","ssp126",NA,6.850760132355,5.61917172386535
"592",1114,"Autonomous Province of Trento","ipsl-cm6a-lr","ssp126",NA,0.416739569128757,9.01131301153274
"593",1115,"Autonomous Province of Trento","ipsl-cm6a-lr","ssp126",0,1.09291776598963,8.46989135742187
"594",1116,"Autonomous Province of Trento","ipsl-cm6a-lr","ssp126",0,3.11814420555103,11.5560285295759
"595",1117,"Autonomous Province of Trento","ipsl-cm6a-lr","ssp126",0,1.1661207794428,8.61005365280883
"596",1118,"Autonomous Province of Trento","ipsl-cm6a-lr","ssp126",0,2.15153479798963,11.0479166666667
"597",1119,"Autonomous Province of Trento","ipsl-cm6a-lr","ssp126",0.538461538461538,2.59217279406065,9.81180071149554
"598",1120,"Autonomous Province of Trento","ipsl-cm6a-lr","ssp126",8.16666666666667,1.37412915898104,11.7710899716332
"599",1121,"Autonomous Province of Trento","ipsl-cm6a-lr","ssp126",31.4642857142857,3.64552650126695,10.8196047828311
"600",1122,"Autonomous Province of Trento","ipsl-cm6a-lr","ssp126",17.0714285714286,8.09706224328173,11.4076840355283
"601",1123,"Autonomous Province of Trento","ipsl-cm6a-lr","ssp126",16.3571428571429,9.09821982273051,11.7683308919271
"602",1124,"Autonomous Province of Trento","ipsl-cm6a-lr","ssp126",16.8666666666667,0.0696972180906284,12.9707786923364
"603",1125,"Autonomous Province of Trento","ipsl-cm6a-lr","ssp126",14.6785714285714,2.46402707979931,15.3373110816592
"604",1126,"Autonomous Province of Trento","ipsl-cm6a-lr","ssp126",33,2.95657349068538,17.4864292689732
"605",1127,"Autonomous Province of Trento","ipsl-cm6a-lr","ssp126",38.5357142857143,1.26300513556219,17.3375223795573
"606",1128,"Autonomous Province of Trento","ipsl-cm6a-lr","ssp126",35.4333333333333,2.35209856814306,17.8521818615142
"607",1129,"Autonomous Province of Trento","ipsl-cm6a-lr","ssp126",78.1923076923077,2.55843589572968,16.7123729887463
"608",1130,"Autonomous Province of Trento","ipsl-cm6a-lr","ssp126",52.6333333333333,2.72923977667233,15.6442156110491
"609",1131,"Autonomous Province of Trento","ipsl-cm6a-lr","ssp126",24.25,1.90454761801188,17.6923543294271
"610",1132,"Autonomous Province of Trento","ipsl-cm6a-lr","ssp126",29.0666666666667,0.372786477174876,15.526644170852
"611",1133,"Autonomous Province of Trento","ipsl-cm6a-lr","ssp126",27.1428571428571,1.58684445031603,12.711126999628
"612",1134,"Autonomous Province of Trento","ipsl-cm6a-lr","ssp126",19.1666666666667,1.56577529475076,14.8014351981027
"613",1135,"Autonomous Province of Trento","ipsl-cm6a-lr","ssp126",11.75,2.86956628937332,14.1479373023624
"614",1136,"Autonomous Province of Trento","ipsl-cm6a-lr","ssp126",7.60714285714286,2.65845122487268,13.1265619187128
"615",1137,"Autonomous Province of Trento","ipsl-cm6a-lr","ssp126",0.928571428571428,1.85575279490357,13.897802734375
"616",1138,"Autonomous Province of Trento","ipsl-cm6a-lr","ssp126",0,0.512923832117979,13.19736328125
"617",1139,"Autonomous Province of Trento","ipsl-cm6a-lr","ssp126",0,3.94138128621437,12.1280784970239
"618",1140,"Autonomous Province of Trento","ipsl-cm6a-lr","ssp126",0,4.61551579322466,10.186076718285
"619",1141,"Autonomous Province of Trento","ipsl-cm6a-lr","ssp126",0,11.6747399168422,5.72198457263767
"620",1142,"Autonomous Province of Trento","ipsl-cm6a-lr","ssp126",0,0.753810640890151,4.54567580450151
"621",1143,"Autonomous Province of Trento","ipsl-cm6a-lr","ssp126",0,1.4614793444967,0.861954171316987
"622",1144,"Autonomous Province of Trento","ipsl-cm6a-lr","ssp126",0,2.6498222106602,-0.437861560639859
"623",1145,"Autonomous Province of Trento","ipsl-cm6a-lr","ssp126",0,5.74045476765605,-0.826076543898786
"624",1146,"Autonomous Province of Trento","ipsl-cm6a-lr","ssp126",0,2.35750691857122,-1.19962855747766
"625",1147,"Autonomous Province of Trento","ipsl-cm6a-lr","ssp126",0,1.30207160462825,-0.686575462704591
"626",1148,"Autonomous Province of Trento","ipsl-cm6a-lr","ssp126",0,1.00801693769297,0.996356201171897
"627",1149,"Autonomous Province of Trento","ipsl-cm6a-lr","ssp126",0,0.428531866262867,-0.440239025297596
"628",1150,"Autonomous Province of Trento","ipsl-cm6a-lr","ssp126",0,0.387223479920067,2.13107735770091
"629",1151,"Autonomous Province of Trento","ipsl-cm6a-lr","ssp126",0,0.125306525390313,-3.44173496791292
"630",1152,"Autonomous Province of Trento","ipsl-cm6a-lr","ssp126",0,1.8650419028875,-5.78442063104536
"631",1153,"Autonomous Province of Trento","ipsl-cm6a-lr","ssp126",0,3.80692343215092,0.0268877301897547
"632",1154,"Autonomous Province of Trento","ipsl-cm6a-lr","ssp126",0,0.0617918451981884,-0.564750453403996
"633",1155,"Autonomous Province of Trento","ipsl-cm6a-lr","ssp126",0,1.2992954962205,-2.27120041620161
"634",1156,"Autonomous Province of Trento","ipsl-cm6a-lr","ssp126",0,0.014477418486162,0.407654971168177
"635",1157,"Autonomous Province of Trento","ipsl-cm6a-lr","ssp126",NA,0.0855633544103641,3.79329252697175
"636",1158,"Autonomous Province of Trento","ipsl-cm6a-lr","ssp126",NA,1.21835165486638,1.90401727585568
"637",1159,"Autonomous Province of Trento","ipsl-cm6a-lr","ssp126",NA,0.0310088900732807,4.94787539527532
"638",1160,"Autonomous Province of Trento","ipsl-cm6a-lr","ssp126",NA,0.0388196926464194,-1.4343799409412
"639",1161,"Autonomous Province of Trento","ipsl-cm6a-lr","ssp126",NA,0.118012083133051,1.4115670340402
"640",1162,"Autonomous Province of Trento","ipsl-cm6a-lr","ssp126",NA,0.0632447829100005,1.38714744931178
"641",1163,"Autonomous Province of Trento","ipsl-cm6a-lr","ssp126",NA,0.05114979850727,7.42309773763023
"642",1164,"Autonomous Province of Trento","ipsl-cm6a-lr","ssp126",NA,3.59582367912351,9.12929338727683
"643",1165,"Autonomous Province of Trento","ipsl-cm6a-lr","ssp126",NA,4.11053358460777,5.49317568824407
"644",1166,"Autonomous Province of Trento","ipsl-cm6a-lr","ssp126",NA,6.59905122060861,9.10448288690478
"645",1167,"Autonomous Province of Trento","ipsl-cm6a-lr","ssp126",0,5.2651461599245,11.3779793875558
"646",1168,"Autonomous Province of Trento","ipsl-cm6a-lr","ssp126",0,4.10725227083146,13.9381228492374
"647",1169,"Autonomous Province of Trento","ipsl-cm6a-lr","ssp126",2.34615384615385,2.68925657894994,15.4284781319755
"648",1170,"Autonomous Province of Trento","ipsl-cm6a-lr","ssp126",4.36666666666667,4.38608625280072,16.1815476190476
"649",1171,"Autonomous Province of Trento","ipsl-cm6a-lr","ssp126",10.2857142857143,3.48180196451722,10.4952011835008
"650",1172,"Autonomous Province of Trento","ipsl-cm6a-lr","ssp126",8.03333333333333,4.38562927331077,12.7888360886347
"651",1173,"Autonomous Province of Trento","ipsl-cm6a-lr","ssp126",23.6428571428571,5.07323950160103,14.0514831542969
"652",1174,"Autonomous Province of Trento","ipsl-cm6a-lr","ssp126",19.9666666666667,1.14114443675914,15.6211242675781
"653",1175,"Autonomous Province of Trento","ipsl-cm6a-lr","ssp126",26.2692307692308,4.10062331922485,16.0385506766183
"654",1176,"Autonomous Province of Trento","ipsl-cm6a-lr","ssp126",24.7666666666667,3.42381350526661,16.8106439499628
"655",1177,"Autonomous Province of Trento","ipsl-cm6a-lr","ssp126",36.0357142857143,1.3836561732543,16.9710263206846
"656",1178,"Autonomous Province of Trento","ipsl-cm6a-lr","ssp126",27.2,0.828132566010545,19.4993248349145
"657",1179,"Autonomous Province of Trento","ipsl-cm6a-lr","ssp126",19.1428571428571,0.877816508852577,20.2519037155878
"658",1180,"Autonomous Province of Trento","ipsl-cm6a-lr","ssp126",19.5,0.361550535412139,16.8838210332962
"659",1181,"Autonomous Province of Trento","ipsl-cm6a-lr","ssp126",33.0416666666667,0.767539171501994,19.4097159249442
"660",1182,"Autonomous Province of Trento","ipsl-cm6a-lr","ssp126",46.2666666666667,1.60773685567879,18.2265529087612
"661",1183,"Autonomous Province of Trento","ipsl-cm6a-lr","ssp126",58,5.2089701301676,18.0978440057664
"662",1184,"Autonomous Province of Trento","ipsl-cm6a-lr","ssp126",44.3666666666667,0.749236891528456,15.3990623837426
"663",1185,"Autonomous Province of Trento","ipsl-cm6a-lr","ssp126",34.3076923076923,12.2291638064156,15.6670828683036
"664",1186,"Autonomous Province of Trento","ipsl-cm6a-lr","ssp126",14.8666666666667,0.2795575091607,13.9330839611235
"665",1187,"Autonomous Province of Trento","ipsl-cm6a-lr","ssp126",4.25,0.165737584382961,12.6486278715588
"666",1188,"Autonomous Province of Trento","ipsl-cm6a-lr","ssp126",0.866666666666667,0.838620781204164,12.4828633626303
"667",1189,"Autonomous Province of Trento","ipsl-cm6a-lr","ssp126",2.21428571428571,10.4388854883395,9.74788382393977
"668",1190,"Autonomous Province of Trento","ipsl-cm6a-lr","ssp126",8,1.80959161254577,8.08388613746282
"669",1191,"Autonomous Province of Trento","ipsl-cm6a-lr","ssp126",0.461538461538461,6.71904775505287,2.3122267950149
"670",1192,"Autonomous Province of Trento","ipsl-cm6a-lr","ssp126",0,0.686474318198244,4.17095976329987
"671",1193,"Autonomous Province of Trento","ipsl-cm6a-lr","ssp126",0,1.02694472495516,4.17333228701639
"672",1194,"Autonomous Province of Trento","ipsl-cm6a-lr","ssp126",0,6.28674538937048,0.778045654296896
"673",1195,"Autonomous Province of Trento","ipsl-cm6a-lr","ssp126",0,0.311081084946636,-2.42532726469492
"674",1196,"Autonomous Province of Trento","ipsl-cm6a-lr","ssp126",0,5.21556420613446,-4.96227620442706
"675",1197,"Autonomous Province of Trento","ipsl-cm6a-lr","ssp126",0,1.41172787270209,-5.24860868908108
"676",1198,"Autonomous Province of Trento","ipsl-cm6a-lr","ssp126",0,0.150434557602109,-5.39283621651783
"677",1199,"Autonomous Province of Trento","ipsl-cm6a-lr","ssp126",0,0.477898832094589,-3.47408854166664
"678",1200,"Autonomous Province of Trento","ipsl-cm6a-lr","ssp126",0,0.152246864454355,0.580889020647343
"679",1202,"Autonomous Province of Trento","ipsl-cm6a-lr","ssp126",NA,0.17531802173575,0.554881940569219
"680",1203,"Autonomous Province of Trento","ipsl-cm6a-lr","ssp126",NA,0.0153564041154043,-1.16002938406806
"681",1204,"Autonomous Province of Trento","ipsl-cm6a-lr","ssp126",NA,0.0841700524428495,-0.512460545131116
"682",1205,"Autonomous Province of Trento","ipsl-cm6a-lr","ssp126",NA,0.017568722094958,-0.614275905064152
"683",1206,"Autonomous Province of Trento","ipsl-cm6a-lr","ssp126",NA,0.0323541593388654,0.715624564034623
"684",1207,"Autonomous Province of Trento","ipsl-cm6a-lr","ssp126",NA,0,1.82754124232703
"685",1208,"Autonomous Province of Trento","ipsl-cm6a-lr","ssp126",NA,0.961771015136036,0.909480939592658
"686",1209,"Autonomous Province of Trento","ipsl-cm6a-lr","ssp126",NA,0.205945793758084,-2.72569776262553
"687",1210,"Autonomous Province of Trento","ipsl-cm6a-lr","ssp126",NA,0,1.65823843819757
"688",1211,"Autonomous Province of Trento","ipsl-cm6a-lr","ssp126",NA,0.196030502320354,4.82394997732982
"689",1212,"Autonomous Province of Trento","ipsl-cm6a-lr","ssp126",NA,0.695733422383325,4.70616084507536
"690",1213,"Autonomous Province of Trento","ipsl-cm6a-lr","ssp126",NA,0.744962010711399,5.56299307686944
"691",1214,"Autonomous Province of Trento","ipsl-cm6a-lr","ssp126",NA,7.29770215153362,-0.0367688860211849
"692",1215,"Autonomous Province of Trento","ipsl-cm6a-lr","ssp126",NA,0.00673189933877438,1.74853777204243
"693",1216,"Autonomous Province of Trento","ipsl-cm6a-lr","ssp126",NA,1.74267201759254,5.31668788364957
"694",1217,"Autonomous Province of Trento","ipsl-cm6a-lr","ssp126",NA,5.51143212952801,5.81995871407647
"695",1218,"Autonomous Province of Trento","ipsl-cm6a-lr","ssp126",NA,7.3269997204339,5.31454729352681
"696",1219,"Autonomous Province of Trento","ipsl-cm6a-lr","ssp126",NA,8.10925942787435,7.16000627790182
"697",1220,"Autonomous Province of Trento","ipsl-cm6a-lr","ssp126",NA,1.90444394387928,7.19874507359097
"698",1221,"Autonomous Province of Trento","ipsl-cm6a-lr","ssp126",NA,0.933558580774321,8.98472747802737
"699",1222,"Autonomous Province of Trento","ipsl-cm6a-lr","ssp126",NA,1.54949392100597,7.19581429617748
"700",1223,"Autonomous Province of Trento","ipsl-cm6a-lr","ssp126",NA,11.2309348515867,13.1180674961635
"701",1224,"Autonomous Province of Trento","ipsl-cm6a-lr","ssp126",NA,3.20215667564168,13.9365859985352
"702",1225,"Autonomous Province of Trento","ipsl-cm6a-lr","ssp126",NA,5.67595527567651,17.1370287214007
"703",1226,"Autonomous Province of Trento","ipsl-cm6a-lr","ssp126",NA,8.98566339164972,18.0420569283622
"704",1227,"Autonomous Province of Trento","ipsl-cm6a-lr","ssp126",NA,8.15907120793002,15.8300349644253
"705",1228,"Autonomous Province of Trento","ipsl-cm6a-lr","ssp126",NA,3.90118504825036,12.7766433715821
"706",1229,"Autonomous Province of Trento","ipsl-cm6a-lr","ssp126",NA,1.81501912642749,14.6798143659319
"707",1230,"Autonomous Province of Trento","ipsl-cm6a-lr","ssp126",NA,3.31038140637767,17.3747715541295
"708",1231,"Autonomous Province of Trento","ipsl-cm6a-lr","ssp126",NA,0.426139680452512,16.4529314313616
"709",1232,"Autonomous Province of Trento","ipsl-cm6a-lr","ssp126",NA,7.58883732965582,16.2031123570034
"710",1233,"Autonomous Province of Trento","ipsl-cm6a-lr","ssp126",NA,6.3484098932999,15.3102759225028
"711",1234,"Autonomous Province of Trento","ipsl-cm6a-lr","ssp126",NA,4.0229890100818,15.2110055106027
"712",1235,"Autonomous Province of Trento","ipsl-cm6a-lr","ssp126",NA,1.05975796176218,16.6164130074638
"713",1236,"Autonomous Province of Trento","ipsl-cm6a-lr","ssp126",NA,6.60367992906166,15.3481231689453
"714",1237,"Autonomous Province of Trento","ipsl-cm6a-lr","ssp126",NA,2.25023848899062,11.7186676025391
"715",1238,"Autonomous Province of Trento","ipsl-cm6a-lr","ssp126",NA,1.1765375354506,11.2150294712612
"716",1239,"Autonomous Province of Trento","ipsl-cm6a-lr","ssp126",NA,1.69788910721504,11.967310660226
"717",1240,"Autonomous Province of Trento","ipsl-cm6a-lr","ssp126",NA,0,11.8451771327428
"718",1241,"Autonomous Province of Trento","ipsl-cm6a-lr","ssp126",NA,10.8227877134985,8.05926884242468
"719",1242,"Autonomous Province of Trento","ipsl-cm6a-lr","ssp126",NA,4.41344245421403,8.96329541887557
"720",1243,"Autonomous Province of Trento","ipsl-cm6a-lr","ssp126",NA,0.190379268263184,5.30520455496654
"721",1244,"Autonomous Province of Trento","ipsl-cm6a-lr","ssp126",NA,0.372723321873179,3.12613830566408
"722",1245,"Autonomous Province of Trento","ipsl-cm6a-lr","ssp126",NA,0.663208591452401,4.54921548025951
"723",1246,"Autonomous Province of Trento","ipsl-cm6a-lr","ssp126",NA,1.89629040757738,-0.98742959158759
"724",1247,"Autonomous Province of Trento","ipsl-cm6a-lr","ssp126",NA,16.3486879447841,0.852895900181384
"725",1248,"Autonomous Province of Trento","ipsl-cm6a-lr","ssp126",NA,10.9672716038663,-0.282999965122745
"726",1249,"Autonomous Province of Trento","ipsl-cm6a-lr","ssp126",NA,0.184212887091105,-4.53976178850445
"727",1250,"Autonomous Province of Trento","ipsl-cm6a-lr","ssp126",NA,0.0212049565691684,-6.93168160574774
"728",1251,"Autonomous Province of Trento","ipsl-cm6a-lr","ssp126",NA,4.35638610719512,-2.70331202915734
"729",1252,"Autonomous Province of Trento","ipsl-cm6a-lr","ssp126",NA,3.206997675157,-0.633593532017277
"730",1253,"Autonomous Province of Trento","ipsl-cm6a-lr","ssp126",NA,0.787481758821482,-0.220615495954218
"731",1254,"Autonomous Province of Trento","ipsl-cm6a-lr","ssp126",NA,0.0418653976729339,-0.736403982979888
"732",1255,"Autonomous Province of Trento","ipsl-cm6a-lr","ssp126",NA,2.54682338503958,-0.546970476422967
"733",1256,"Autonomous Province of Trento","ipsl-cm6a-lr","ssp126",NA,0,-5.317363848005
"734",1257,"Autonomous Province of Trento","ipsl-cm6a-lr","ssp126",NA,0.184573367394997,-4.19359545026504
"735",1258,"Autonomous Province of Trento","ipsl-cm6a-lr","ssp126",NA,0,1.5863477434431
"736",1259,"Autonomous Province of Trento","ipsl-cm6a-lr","ssp126",NA,0.670344511620768,2.61047297886442
"737",1260,"Autonomous Province of Trento","ipsl-cm6a-lr","ssp126",NA,1.77087972590795,1.57595105852402
"738",1261,"Autonomous Province of Trento","ipsl-cm6a-lr","ssp126",NA,6.35440057022996,-4.87977774483815
"739",1262,"Autonomous Province of Trento","ipsl-cm6a-lr","ssp126",NA,3.537507726287,-3.65371878487721
"740",1263,"Autonomous Province of Trento","ipsl-cm6a-lr","ssp126",NA,4.73779652519235,-1.29047132219585
"741",1264,"Autonomous Province of Trento","ipsl-cm6a-lr","ssp126",NA,2.2124625772059,2.90080849783764
"742",1265,"Autonomous Province of Trento","ipsl-cm6a-lr","ssp126",NA,3.73656808348772,3.3324164254325
"743",1266,"Autonomous Province of Trento","ipsl-cm6a-lr","ssp126",NA,0.399354133904646,-1.03902500697542
"744",1267,"Autonomous Province of Trento","ipsl-cm6a-lr","ssp126",NA,0.297438671467327,1.42338932582313
"745",1268,"Autonomous Province of Trento","ipsl-cm6a-lr","ssp126",NA,10.0484386964776,2.46652592250281
"746",1269,"Autonomous Province of Trento","ipsl-cm6a-lr","ssp126",NA,5.2182904865601,2.00955243791855
"747",1270,"Autonomous Province of Trento","ipsl-cm6a-lr","ssp126",NA,1.31913684188995,2.65707659040181
"748",1271,"Autonomous Province of Trento","ipsl-cm6a-lr","ssp126",NA,3.55947821430423,3.57090148925784
"749",1272,"Autonomous Province of Trento","ipsl-cm6a-lr","ssp126",NA,12.10817313092,7.08674883161274
"750",1273,"Autonomous Province of Trento","ipsl-cm6a-lr","ssp126",NA,4.63272828050581,6.51279275076732
"751",1274,"Autonomous Province of Trento","ipsl-cm6a-lr","ssp126",NA,2.30091958442894,9.45273851667134
"752",1275,"Autonomous Province of Trento","ipsl-cm6a-lr","ssp126",NA,0.0200070830942422,12.1224783761161
"753",1276,"Autonomous Province of Trento","ipsl-cm6a-lr","ssp126",NA,0.971728364947923,14.5923313685826
"754",1277,"Autonomous Province of Trento","ipsl-cm6a-lr","ssp126",NA,2.74046771353044,13.4800800868443
"755",1278,"Autonomous Province of Trento","ipsl-cm6a-lr","ssp126",NA,3.56901396303978,16.4733160836356
"756",1279,"Autonomous Province of Trento","ipsl-cm6a-lr","ssp126",NA,3.12423469600357,11.2746226719448
"757",1280,"Autonomous Province of Trento","ipsl-cm6a-lr","ssp126",NA,0.121984604006034,11.2149237496513
"758",1281,"Autonomous Province of Trento","ipsl-cm6a-lr","ssp126",NA,2.77060602614126,14.0958278111049
"759",1282,"Autonomous Province of Trento","ipsl-cm6a-lr","ssp126",NA,6.77618525093879,14.6689926147461
"760",1283,"Autonomous Province of Trento","ipsl-cm6a-lr","ssp126",NA,7.16937312610233,13.5044211251395
"761",1284,"Autonomous Province of Trento","ipsl-cm6a-lr","ssp126",NA,3.67877745614221,16.1544095720564
"762",1285,"Autonomous Province of Trento","ipsl-cm6a-lr","ssp126",NA,8.18573137042093,16.9396214076451
"763",1286,"Autonomous Province of Trento","ipsl-cm6a-lr","ssp126",NA,7.44310304572927,15.8610539027623
"764",1287,"Autonomous Province of Trento","ipsl-cm6a-lr","ssp126",NA,3.26379811792452,16.3353744506836
"765",1288,"Autonomous Province of Trento","ipsl-cm6a-lr","ssp126",NA,6.59023770910738,12.4662033081055
"766",1289,"Autonomous Province of Trento","ipsl-cm6a-lr","ssp126",NA,0.0269235855479825,13.3485842023577
"767",1290,"Autonomous Province of Trento","ipsl-cm6a-lr","ssp126",NA,6.51038951865693,16.1192184448242
"768",1291,"Autonomous Province of Trento","ipsl-cm6a-lr","ssp126",NA,5.72564391577544,13.1749936785017
"769",1292,"Autonomous Province of Trento","ipsl-cm6a-lr","ssp126",NA,3.28714988172578,13.3260971069336
"770",1293,"Autonomous Province of Trento","ipsl-cm6a-lr","ssp126",NA,8.94243533857661,10.7479960850307
"771",1294,"Autonomous Province of Trento","ipsl-cm6a-lr","ssp126",NA,3.50637134054393,8.55245470319477
"772",1295,"Autonomous Province of Trento","ipsl-cm6a-lr","ssp126",NA,0.358343133978321,4.05482635498049
"773",1296,"Autonomous Province of Trento","ipsl-cm6a-lr","ssp126",NA,4.84248055269875,8.027604675293
"774",1297,"Autonomous Province of Trento","ipsl-cm6a-lr","ssp126",NA,7.85769644291057,6.49368220738005
"775",1298,"Autonomous Province of Trento","ipsl-cm6a-lr","ssp126",NA,3.17645025960311,3.39704829624723
"776",1299,"Autonomous Province of Trento","ipsl-cm6a-lr","ssp126",NA,2.60620055580927,-0.721749005998863
"777",1300,"Autonomous Province of Trento","ipsl-cm6a-lr","ssp126",NA,0.213341500888678,-1.70880192347933
"778",1301,"Autonomous Province of Trento","ipsl-cm6a-lr","ssp126",NA,9.9324558092381,-0.223696681431338
"779",1302,"Autonomous Province of Trento","ipsl-cm6a-lr","ssp126",NA,4.7880395552186,-3.29930725097654
"780",1303,"Autonomous Province of Trento","ipsl-cm6a-lr","ssp126",NA,2.12489256839815,-8.01046818324496
"781",1304,"Autonomous Province of Trento","ipsl-cm6a-lr","ssp126",NA,1.21840644924305,-4.89989645821705
"782",1305,"Autonomous Province of Trento","ipsl-cm6a-lr","ssp126",NA,3.44531209791187,0.269056483677479
"783",1306,"Autonomous Province of Trento","ipsl-cm6a-lr","ssp126",NA,3.83851021132224,1.16192670549668
"784",1307,"Autonomous Province of Trento","ipsl-cm6a-lr","ssp126",NA,1.14965379329338,1.04268689836777
"785",1308,"Autonomous Province of Trento","ipsl-cm6a-lr","ssp126",NA,6.96953508100445,2.11924569266185
"786",1309,"Autonomous Province of Trento","ipsl-cm6a-lr","ssp126",NA,1.58744523954998,-0.960792105538483
"787",1310,"Autonomous Province of Trento","ipsl-cm6a-lr","ssp126",NA,0.291424058754533,-1.09530160086493
"788",1311,"Autonomous Province of Trento","ipsl-cm6a-lr","ssp126",NA,6.10145347041648,-1.40152369907922
"789",1312,"Autonomous Province of Trento","ipsl-cm6a-lr","ssp126",NA,0.560541663097476,-2.05279388427732
"790",1313,"Autonomous Province of Trento","ipsl-cm6a-lr","ssp126",NA,0.552155123101069,-2.58014744349886
"791",1314,"Autonomous Province of Trento","ipsl-cm6a-lr","ssp126",NA,1.97500011129575,-1.29897591727118
"792",1315,"Autonomous Province of Trento","ipsl-cm6a-lr","ssp126",NA,5.26054124924745,-1.35455278669083
"793",1316,"Autonomous Province of Trento","ipsl-cm6a-lr","ssp126",NA,0.279472574896187,-0.496261160714263
"794",1317,"Autonomous Province of Trento","ipsl-cm6a-lr","ssp126",NA,0.00691803231477805,3.2057553972517
"795",1318,"Autonomous Province of Trento","ipsl-cm6a-lr","ssp126",NA,0.0619910318424185,1.7861016409738
"796",1319,"Autonomous Province of Trento","ipsl-cm6a-lr","ssp126",NA,3.71352218384605,0.737362888881161
"797",1320,"Autonomous Province of Trento","ipsl-cm6a-lr","ssp126",NA,4.67488449841247,1.98387298583987
"798",1321,"Autonomous Province of Trento","ipsl-cm6a-lr","ssp126",NA,1.23574012244977,3.39669298444478
"799",1322,"Autonomous Province of Trento","ipsl-cm6a-lr","ssp126",NA,8.34100479571913,6.46726597377234
"800",1323,"Autonomous Province of Trento","ipsl-cm6a-lr","ssp126",NA,0.233305677362036,6.50649850027904
"801",1324,"Autonomous Province of Trento","ipsl-cm6a-lr","ssp126",NA,7.14392652298557,3.54820186070036
"802",1325,"Autonomous Province of Trento","ipsl-cm6a-lr","ssp126",NA,4.44352515790212,7.09987901960102
"803",1326,"Autonomous Province of Trento","ipsl-cm6a-lr","ssp126",NA,0.588840194853088,10.8901218959264
"804",1327,"Autonomous Province of Trento","ipsl-cm6a-lr","ssp126",NA,9.15196312146562,10.2264844621931
"805",1328,"Autonomous Province of Trento","ipsl-cm6a-lr","ssp126",NA,8.48265894481821,8.37566855294367
"806",1329,"Autonomous Province of Trento","ipsl-cm6a-lr","ssp126",NA,2.44628053946404,8.7779992239816
"807",1330,"Autonomous Province of Trento","ipsl-cm6a-lr","ssp126",NA,3.64826796718002,10.4733520507813
"808",1331,"Autonomous Province of Trento","ipsl-cm6a-lr","ssp126",NA,1.99766709757958,13.0095687866211
"809",1332,"Autonomous Province of Trento","ipsl-cm6a-lr","ssp126",NA,2.00785705643024,15.4102264404297
"810",1333,"Autonomous Province of Trento","ipsl-cm6a-lr","ssp126",NA,4.99704278169832,16.592933000837
"811",1334,"Autonomous Province of Trento","ipsl-cm6a-lr","ssp126",NA,2.64631561073787,13.1305012294225
"812",1335,"Autonomous Province of Trento","ipsl-cm6a-lr","ssp126",NA,2.08825383343927,15.6347813197545
"813",1336,"Autonomous Province of Trento","ipsl-cm6a-lr","ssp126",NA,1.59438922933727,18.131720842634
"814",1337,"Autonomous Province of Trento","ipsl-cm6a-lr","ssp126",NA,0.555108335486563,14.5178641183036
"815",1338,"Autonomous Province of Trento","ipsl-cm6a-lr","ssp126",NA,2.99048332351179,12.7183438982283
"816",1339,"Autonomous Province of Trento","ipsl-cm6a-lr","ssp126",NA,3.64183741678842,15.792240033831
"817",1340,"Autonomous Province of Trento","ipsl-cm6a-lr","ssp126",NA,4.42182688236374,15.7670270647322
"818",1341,"Autonomous Province of Trento","ipsl-cm6a-lr","ssp126",NA,0.124119172700635,10.5088461739677
"819",1342,"Autonomous Province of Trento","ipsl-cm6a-lr","ssp126",NA,0.487622177154531,12.1225514003209
"820",1343,"Autonomous Province of Trento","ipsl-cm6a-lr","ssp126",NA,0.125842964761042,12.6037536621094
"821",1344,"Autonomous Province of Trento","ipsl-cm6a-lr","ssp126",NA,4.60407327043088,8.79737461635049
"822",1345,"Autonomous Province of Trento","ipsl-cm6a-lr","ssp126",NA,1.73344084345705,10.9385173252651
"823",1346,"Autonomous Province of Trento","ipsl-cm6a-lr","ssp126",NA,17.1242198548498,11.3753186907087
"824",1347,"Autonomous Province of Trento","ipsl-cm6a-lr","ssp126",NA,3.08313329395398,11.5834453037807
"825",1348,"Autonomous Province of Trento","ipsl-cm6a-lr","ssp126",NA,4.1046287313033,8.31911839076453
"826",1349,"Autonomous Province of Trento","ipsl-cm6a-lr","ssp126",NA,0.94999283145236,4.79768306187223
"827",1350,"Autonomous Province of Trento","ipsl-cm6a-lr","ssp126",NA,25.9301999597613,6.39912676130025
"828",1351,"Autonomous Province of Trento","ipsl-cm6a-lr","ssp126",NA,2.84872251668276,4.48259451729913
"829",1352,"Autonomous Province of Trento","ipsl-cm6a-lr","ssp126",NA,0.480072271186925,2.00931810651509
"830",1353,"Autonomous Province of Trento","ipsl-cm6a-lr","ssp126",NA,2.86910267433476,-4.28351549421035
"831",1354,"Autonomous Province of Trento","ipsl-cm6a-lr","ssp126",NA,1.48500496005519,2.00785326276509
"832",1355,"Autonomous Province of Trento","ipsl-cm6a-lr","ssp126",NA,0.951884832102224,0.548478698730492
"833",1356,"Autonomous Province of Trento","ipsl-cm6a-lr","ssp126",NA,0.601581692496568,-0.157379804338705
"834",1357,"Autonomous Province of Trento","ipsl-cm6a-lr","ssp126",NA,4.78771000715434,0.377024405343214
"835",1358,"Autonomous Province of Trento","ipsl-cm6a-lr","ssp126",NA,3.24735496276065,-3.60651245117185
"836",1359,"Autonomous Province of Trento","ipsl-cm6a-lr","ssp126",NA,3.77366238587586,-2.20562700544083
"837",1360,"Autonomous Province of Trento","ipsl-cm6a-lr","ssp126",NA,0.0693030740616709,-5.48682904924663
"838",1361,"Autonomous Province of Trento","ipsl-cm6a-lr","ssp126",NA,0.650738963200378,-3.11038491385322
"839",1362,"Autonomous Province of Trento","ipsl-cm6a-lr","ssp126",NA,0,1.2685987200056
"840",1363,"Autonomous Province of Trento","ipsl-cm6a-lr","ssp126",NA,0.0677024738771642,0.250260925292993
"841",1364,"Autonomous Province of Trento","ipsl-cm6a-lr","ssp126",NA,0.0390387476987338,0.0469037737165398
"842",1365,"Autonomous Province of Trento","ipsl-cm6a-lr","ssp126",NA,0.291898656308019,-0.354748971121628
"843",1366,"Autonomous Province of Trento","ipsl-cm6a-lr","ssp126",NA,0.769180367296939,-5.36200888497486
"844",1367,"Autonomous Province of Trento","ipsl-cm6a-lr","ssp126",NA,0.0607173676274084,-7.15321687970841
"845",1368,"Autonomous Province of Trento","ipsl-cm6a-lr","ssp126",NA,0.22891292537679,-1.56170392717632
"846",1369,"Autonomous Province of Trento","ipsl-cm6a-lr","ssp126",NA,1.27457871759751,4.07500828334265
"847",1370,"Autonomous Province of Trento","ipsl-cm6a-lr","ssp126",NA,0.0419290810766273,3.36868765694757
"848",1371,"Autonomous Province of Trento","ipsl-cm6a-lr","ssp126",NA,0.291443895028871,6.63294590541297
"849",1372,"Autonomous Province of Trento","ipsl-cm6a-lr","ssp126",NA,0.090011315166651,9.20328456333708
"850",1373,"Autonomous Province of Trento","ipsl-cm6a-lr","ssp126",NA,2.12526110950161,6.06181924002514
"851",1374,"Autonomous Province of Trento","ipsl-cm6a-lr","ssp126",NA,4.77837044231169,5.53242427280973
"852",1375,"Autonomous Province of Trento","ipsl-cm6a-lr","ssp126",NA,3.92492424190485,6.38937639508931
"853",1376,"Autonomous Province of Trento","ipsl-cm6a-lr","ssp126",NA,1.37427455618828,7.52790549142021
"854",1377,"Autonomous Province of Trento","ipsl-cm6a-lr","ssp126",NA,3.41443566295701,11.4612147739956
"855",1378,"Autonomous Province of Trento","ipsl-cm6a-lr","ssp126",NA,8.89946133715317,12.1233808244978
"856",1379,"Autonomous Province of Trento","ipsl-cm6a-lr","ssp126",NA,4.65050202713298,12.8746876307896
"857",1380,"Autonomous Province of Trento","ipsl-cm6a-lr","ssp126",NA,7.69664243399737,12.125016784668
"858",1381,"Autonomous Province of Trento","ipsl-cm6a-lr","ssp126",NA,2.42409404320694,19.2623829432897
"859",1382,"Autonomous Province of Trento","ipsl-cm6a-lr","ssp126",NA,5.91567386424815,17.4720060076032
"860",1383,"Autonomous Province of Trento","ipsl-cm6a-lr","ssp126",NA,4.73729663564362,15.8838243756976
"861",1384,"Autonomous Province of Trento","ipsl-cm6a-lr","ssp126",NA,6.98043853252394,16.5973536900112
"862",1385,"Autonomous Province of Trento","ipsl-cm6a-lr","ssp126",NA,14.1524240694707,15.206931413923
"863",1386,"Autonomous Province of Trento","ipsl-cm6a-lr","ssp126",NA,11.6840698691574,15.0848175048828
"864",1387,"Autonomous Province of Trento","ipsl-cm6a-lr","ssp126",NA,0.795129996510826,17.3161461966378
"865",1388,"Autonomous Province of Trento","ipsl-cm6a-lr","ssp126",NA,1.23028063039133,16.6035869053432
"866",1389,"Autonomous Province of Trento","ipsl-cm6a-lr","ssp126",NA,0.336056033484056,17.1006332397461
"867",1390,"Autonomous Province of Trento","ipsl-cm6a-lr","ssp126",NA,1.32039024290082,18.0501833234515
"868",1391,"Autonomous Province of Trento","ipsl-cm6a-lr","ssp126",NA,3.60456016322652,11.8943562098912
"869",1392,"Autonomous Province of Trento","ipsl-cm6a-lr","ssp126",NA,1.22323090759632,9.80954677036831
"870",1393,"Autonomous Province of Trento","ipsl-cm6a-lr","ssp126",NA,4.853020912872,9.55583452497212
"871",1394,"Autonomous Province of Trento","ipsl-cm6a-lr","ssp126",NA,2.71162073027621,9.62434103829522
"872",1395,"Autonomous Province of Trento","ipsl-cm6a-lr","ssp126",NA,0.0992411523839109,9.51748482840404
"873",1396,"Autonomous Province of Trento","ipsl-cm6a-lr","ssp126",NA,3.62075964320476,7.85473567417691
"874",1397,"Autonomous Province of Trento","ipsl-cm6a-lr","ssp126",NA,3.60356354768945,7.14707990373885
"875",1398,"Autonomous Province of Trento","ipsl-cm6a-lr","ssp126",NA,0.156745161789981,9.59215262276788
"876",1399,"Autonomous Province of Trento","ipsl-cm6a-lr","ssp126",NA,3.61127966300826,6.22089102608819
"877",1400,"Autonomous Province of Trento","ipsl-cm6a-lr","ssp126",NA,10.0345076282143,4.63049795968194
"878",1401,"Autonomous Province of Trento","ipsl-cm6a-lr","ssp126",NA,2.05536581574311,4.27192622593473
"879",1402,"Autonomous Province of Trento","ipsl-cm6a-lr","ssp126",NA,0.076574264325505,5.20337284633093
"880",1403,"Autonomous Province of Trento","ipsl-cm6a-lr","ssp126",NA,0.0399076147524673,2.40206080845426
"881",1404,"Autonomous Province of Trento","ipsl-cm6a-lr","ssp126",NA,1.64206079624429,-0.47825251988
"882",1405,"Autonomous Province of Trento","ipsl-cm6a-lr","ssp126",NA,8.89934534344709,-0.0970193045479684
"883",1406,"Autonomous Province of Trento","ipsl-cm6a-lr","ssp126",NA,0.324665461019842,-0.701089695521741
"884",1407,"Autonomous Province of Trento","ipsl-cm6a-lr","ssp126",NA,0.915907156377216,-5.61341378348212
"885",1408,"Autonomous Province of Trento","ipsl-cm6a-lr","ssp126",NA,1.12117986004055,-4.53850838797431
"886",1409,"Autonomous Province of Trento","ipsl-cm6a-lr","ssp126",NA,0.0417287180425774,-8.23422633579797
"887",1410,"Autonomous Province of Trento","ipsl-cm6a-lr","ssp126",NA,0.579605626678261,-0.676188441685246
"888",1411,"Autonomous Province of Trento","ipsl-cm6a-lr","ssp126",NA,3.61007091211961,-2.49039088657922
"889",1412,"Autonomous Province of Trento","ipsl-cm6a-lr","ssp126",NA,1.55620140992272,-4.40168391636437
"890",1413,"Autonomous Province of Trento","ipsl-cm6a-lr","ssp126",NA,4.13437719069927,-1.75476139613558
"891",1414,"Autonomous Province of Trento","ipsl-cm6a-lr","ssp126",NA,4.33884971670133,-1.94396493094306
"892",1415,"Autonomous Province of Trento","ipsl-cm6a-lr","ssp126",NA,6.70861471415784,-1.51850411551337
"893",1416,"Autonomous Province of Trento","ipsl-cm6a-lr","ssp126",NA,7.0570894042638,0.279949079241095
"894",1417,"Autonomous Province of Trento","ipsl-cm6a-lr","ssp126",NA,2.75531289604,-1.04463806152342
"895",1418,"Autonomous Province of Trento","ipsl-cm6a-lr","ssp126",NA,3.62749397783253,3.94040614536832
"896",1419,"Autonomous Province of Trento","ipsl-cm6a-lr","ssp126",NA,3.00982109713784,1.78113381522045
"897",1420,"Autonomous Province of Trento","ipsl-cm6a-lr","ssp126",NA,0.0121892157039838,1.95170200892859
"898",1421,"Autonomous Province of Trento","ipsl-cm6a-lr","ssp126",NA,5.4879914240051,4.16946345738005
"899",1422,"Autonomous Province of Trento","ipsl-cm6a-lr","ssp126",NA,1.18747330839792,3.30713152204243
"900",1423,"Autonomous Province of Trento","ipsl-cm6a-lr","ssp126",NA,0.0168313466149681,2.19695652553015
"901",1424,"Autonomous Province of Trento","ipsl-cm6a-lr","ssp126",NA,0.600599414714711,6.31824210030694
"902",1425,"Autonomous Province of Trento","ipsl-cm6a-lr","ssp126",NA,0.462045591276754,5.00240478515627
"903",1426,"Autonomous Province of Trento","ipsl-cm6a-lr","ssp126",NA,0,8.91168256487167
"904",1427,"Autonomous Province of Trento","ipsl-cm6a-lr","ssp126",NA,1.1831133812458,10.8745993477958
"905",1428,"Autonomous Province of Trento","ipsl-cm6a-lr","ssp126",NA,3.41760411075873,8.48534763881142
"906",1429,"Autonomous Province of Trento","ipsl-cm6a-lr","ssp126",NA,5.07787985032857,7.24005933489121
"907",1430,"Autonomous Province of Trento","ipsl-cm6a-lr","ssp126",NA,6.61967755438257,8.36550728934154
"908",1431,"Autonomous Province of Trento","ipsl-cm6a-lr","ssp126",NA,2.6333940080024,7.49704459054132
"909",1432,"Autonomous Province of Trento","ipsl-cm6a-lr","ssp126",NA,1.15496298431026,8.93176640101844
"910",1433,"Autonomous Province of Trento","ipsl-cm6a-lr","ssp126",NA,3.29870721816406,14.2140921456474
"911",1434,"Autonomous Province of Trento","ipsl-cm6a-lr","ssp126",NA,2.89680807605431,13.0479021344866
"912",1435,"Autonomous Province of Trento","ipsl-cm6a-lr","ssp126",NA,16.8790541793896,13.1642416817802
"913",1436,"Autonomous Province of Trento","ipsl-cm6a-lr","ssp126",NA,1.74275898112423,17.1733620779855
"914",1437,"Autonomous Province of Trento","ipsl-cm6a-lr","ssp126",NA,3.04174775556021,16.143575831822
"915",1438,"Autonomous Province of Trento","ipsl-cm6a-lr","ssp126",NA,1.4616367112207,17.3746342250279
"916",1439,"Autonomous Province of Trento","ipsl-cm6a-lr","ssp126",NA,4.43290892279557,15.3068252563477
"917",1440,"Autonomous Province of Trento","ipsl-cm6a-lr","ssp126",NA,0.474400547305517,17.9195081438337
"918",1441,"Autonomous Province of Trento","ipsl-cm6a-lr","ssp126",NA,0.435050124360714,19.9624027797154
"919",1442,"Autonomous Province of Trento","ipsl-cm6a-lr","ssp126",NA,1.71874277667874,18.228039768764
"920",1443,"Autonomous Province of Trento","ipsl-cm6a-lr","ssp126",NA,2.44043205471566,15.460697065081
"921",1444,"Autonomous Province of Trento","ipsl-cm6a-lr","ssp126",NA,6.68202614677804,14.1864802769252
"922",1445,"Autonomous Province of Trento","ipsl-cm6a-lr","ssp126",NA,5.00932263842384,10.8221690586635
"923",1446,"Autonomous Province of Trento","ipsl-cm6a-lr","ssp126",NA,0.325467506367464,11.8724729265486
"924",1447,"Autonomous Province of Trento","ipsl-cm6a-lr","ssp126",NA,2.55005671634925,10.8677492414202
"925",1448,"Autonomous Province of Trento","ipsl-cm6a-lr","ssp126",NA,1.93026476798488,11.3558037894113
"926",1449,"Autonomous Province of Trento","ipsl-cm6a-lr","ssp126",NA,2.05013404530681,8.56175057547437
"927",1450,"Autonomous Province of Trento","ipsl-cm6a-lr","ssp126",NA,13.4174225907243,10.4796866280693
"928",1451,"Autonomous Province of Trento","ipsl-cm6a-lr","ssp126",NA,5.10803501526555,10.7270893641881
"929",1452,"Autonomous Province of Trento","ipsl-cm6a-lr","ssp126",NA,5.66624006031426,9.60798034667973
"930",1453,"Autonomous Province of Trento","ipsl-cm6a-lr","ssp126",NA,1.01877114318216,7.7889833722796
"931",1454,"Autonomous Province of Trento","ipsl-cm6a-lr","ssp126",NA,0.983953509057754,6.18543287004745
"932",1455,"Autonomous Province of Trento","ipsl-cm6a-lr","ssp126",NA,3.53201298322736,1.83752485002793
"933",1456,"Autonomous Province of Trento","ipsl-cm6a-lr","ssp126",NA,9.26372222725798,-0.915496390206452
"934",1457,"Autonomous Province of Trento","ipsl-cm6a-lr","ssp126",NA,0.319110400180632,3.37346147809712
"935",1458,"Autonomous Province of Trento","ipsl-cm6a-lr","ssp126",NA,1.20885907202007,3.07478703090125
"936",1459,"Autonomous Province of Trento","ipsl-cm6a-lr","ssp126",NA,0.0137557130723767,0.736920383998349
"937",1460,"Autonomous Province of Trento","ipsl-cm6a-lr","ssp126",NA,0.044045281967036,-1.99968675885879
"938",1461,"Autonomous Province of Trento","ipsl-cm6a-lr","ssp126",NA,0.0107877861669944,-2.73775765555243
"939",1462,"Autonomous Province of Trento","ipsl-cm6a-lr","ssp126",NA,0.484018413551115,-1.86797616141181
"940",1463,"Autonomous Province of Trento","ipsl-cm6a-lr","ssp126",NA,0.144736213249936,-0.954223196847076
"941",1464,"Autonomous Province of Trento","ipsl-cm6a-lr","ssp126",NA,5.41124512310489,2.23980974469868
"942",1465,"Autonomous Province of Trento","ipsl-cm6a-lr","ssp126",NA,1.99455683676726,-0.702423749651204
"943",1466,"Autonomous Province of Trento","ipsl-cm6a-lr","ssp126",NA,4.43404865663979,-3.32347390311102
"944",1467,"Autonomous Province of Trento","ipsl-cm6a-lr","ssp126",NA,2.05835545187126,-1.76102403913223
"945",1468,"Autonomous Province of Trento","ipsl-cm6a-lr","ssp126",NA,0.226985237324178,1.9772648402623
"946",1469,"Autonomous Province of Trento","ipsl-cm6a-lr","ssp126",NA,0.668524558269772,-2.54537048339841
"947",1470,"Autonomous Province of Trento","ipsl-cm6a-lr","ssp126",NA,0.922776984212501,0.0688971383231238
"948",1471,"Autonomous Province of Trento","ipsl-cm6a-lr","ssp126",NA,0.110437108703211,2.61362500871933
"949",1472,"Autonomous Province of Trento","ipsl-cm6a-lr","ssp126",NA,0.393532021982017,2.76551317487447
"950",1473,"Autonomous Province of Trento","ipsl-cm6a-lr","ssp126",NA,0.430646751751088,1.49044298444478
"951",1474,"Autonomous Province of Trento","ipsl-cm6a-lr","ssp126",NA,2.61015380267833,-1.79349147251672
"952",1475,"Autonomous Province of Trento","ipsl-cm6a-lr","ssp126",NA,4.39169930684459,0.929815455845445
"953",1476,"Autonomous Province of Trento","ipsl-cm6a-lr","ssp126",NA,3.47659035344675,5.53631199428016
"954",1477,"Autonomous Province of Trento","ipsl-cm6a-lr","ssp126",NA,0.245789292914976,3.91160082135884
"955",1478,"Autonomous Province of Trento","ipsl-cm6a-lr","ssp126",NA,1.77231297662469,3.08701150076732
"956",1479,"Autonomous Province of Trento","ipsl-cm6a-lr","ssp126",NA,3.19413364444959,4.24214760916576
"957",1480,"Autonomous Province of Trento","ipsl-cm6a-lr","ssp126",NA,0.199034215906327,7.2198185511998
"958",1481,"Autonomous Province of Trento","ipsl-cm6a-lr","ssp126",NA,0.433927693978019,9.5759456089565
"959",1482,"Autonomous Province of Trento","ipsl-cm6a-lr","ssp126",NA,1.80595700211208,11.0340068272182
"960",1483,"Autonomous Province of Trento","ipsl-cm6a-lr","ssp126",NA,0.128599717520826,14.5047611781529
"961",1484,"Autonomous Province of Trento","ipsl-cm6a-lr","ssp126",NA,0.0303036965176164,16.8636228288923
"962",1485,"Autonomous Province of Trento","ipsl-cm6a-lr","ssp126",NA,0.441199552525567,12.0960490635463
"963",1486,"Autonomous Province of Trento","ipsl-cm6a-lr","ssp126",NA,2.36266857303105,14.4411461966379
"964",1487,"Autonomous Province of Trento","ipsl-cm6a-lr","ssp126",NA,0.731707066305327,17.2250861031669
"965",1488,"Autonomous Province of Trento","ipsl-cm6a-lr","ssp126",NA,5.9062654412758,16.2776406424386
"966",1489,"Autonomous Province of Trento","ipsl-cm6a-lr","ssp126",NA,4.88214827359376,16.1497447422573
"967",1490,"Autonomous Province of Trento","ipsl-cm6a-lr","ssp126",NA,6.41565329660807,17.0493048531669
"968",1491,"Autonomous Province of Trento","ipsl-cm6a-lr","ssp126",NA,8.24053723782916,14.2106185913086
"969",1492,"Autonomous Province of Trento","ipsl-cm6a-lr","ssp126",NA,0.316841377363224,14.372812979562
"970",1493,"Autonomous Province of Trento","ipsl-cm6a-lr","ssp126",NA,2.69416743498628,12.7561628069197
"971",1494,"Autonomous Province of Trento","ipsl-cm6a-lr","ssp126",NA,6.00238197158822,14.3191772460938
"972",1495,"Autonomous Province of Trento","ipsl-cm6a-lr","ssp126",NA,0.653464730047355,16.5901417323521
"973",1496,"Autonomous Province of Trento","ipsl-cm6a-lr","ssp126",NA,0.501259596993415,18.5355937412807
"974",1497,"Autonomous Province of Trento","ipsl-cm6a-lr","ssp126",NA,2.52990932980798,16.2855806623187
"975",1498,"Autonomous Province of Trento","ipsl-cm6a-lr","ssp126",NA,2.45129993740452,14.2753158569336
"976",1499,"Autonomous Province of Trento","ipsl-cm6a-lr","ssp126",NA,0.0602353221308606,13.6334418160575
"977",1500,"Autonomous Province of Trento","ipsl-cm6a-lr","ssp126",NA,0.717285018592,14.453999546596
"978",1501,"Autonomous Province of Trento","ipsl-cm6a-lr","ssp126",NA,4.38185595255293,8.7611491612026
"979",1502,"Autonomous Province of Trento","ipsl-cm6a-lr","ssp126",NA,2.4774563164101,10.1283453805106
"980",1503,"Autonomous Province of Trento","ipsl-cm6a-lr","ssp126",NA,0.600516364413904,8.72688228062225
"981",1504,"Autonomous Province of Trento","ipsl-cm6a-lr","ssp126",NA,0.14637670769194,6.29260297502793
"982",1505,"Autonomous Province of Trento","ipsl-cm6a-lr","ssp126",NA,0.00374611259498385,8.52851693289622
"983",1506,"Autonomous Province of Trento","ipsl-cm6a-lr","ssp126",NA,0.584207748267675,6.3430354527065
"984",1507,"Autonomous Province of Trento","ipsl-cm6a-lr","ssp126",NA,3.01855097745179,3.62513231549947
"985",1508,"Autonomous Province of Trento","ipsl-cm6a-lr","ssp126",NA,0,-1.23761814662386
"986",1509,"Autonomous Province of Trento","ipsl-cm6a-lr","ssp126",NA,0.0424037365129543,3.2057553972517
"987",1510,"Autonomous Province of Trento","ipsl-cm6a-lr","ssp126",NA,0,1.47723650251118
"988",1511,"Autonomous Province of Trento","ipsl-cm6a-lr","ssp126",NA,1.84675199870981,0.229622323172455
"989",1512,"Autonomous Province of Trento","ipsl-cm6a-lr","ssp126",NA,4.61021944452763,-4.51022731236047
"990",1513,"Autonomous Province of Trento","ipsl-cm6a-lr","ssp126",NA,0.412080462735633,-3.79542606898714
"991",1514,"Autonomous Province of Trento","ipsl-cm6a-lr","ssp126",NA,2.59655049898616,-2.67713448660712
"992",1515,"Autonomous Province of Trento","ipsl-cm6a-lr","ssp126",NA,2.61138239229695,-1.02093898228234
"993",1516,"Autonomous Province of Trento","ipsl-cm6a-lr","ssp126",NA,0,0.517877197265647
"994",1517,"Autonomous Province of Trento","ipsl-cm6a-lr","ssp126",NA,0.929636696933553,-1.22779584612163
"995",1518,"Autonomous Province of Trento","ipsl-cm6a-lr","ssp126",NA,0.170923866179302,0.69599522181922
"996",1519,"Autonomous Province of Trento","ipsl-cm6a-lr","ssp126",NA,0.029849817864098,1.9980647495815
"997",1520,"Autonomous Province of Trento","ipsl-cm6a-lr","ssp126",NA,2.0136942708632,-0.98553750174384
"998",1521,"Autonomous Province of Trento","ipsl-cm6a-lr","ssp126",NA,1.2984919905648,-3.37005571637833
"999",1522,"Autonomous Province of Trento","ipsl-cm6a-lr","ssp126",NA,0,-2.35702907017297
"1000",1523,"Autonomous Province of Trento","ipsl-cm6a-lr","ssp126",NA,0.00950946255865607,-0.619956534249421
"1001",1524,"Autonomous Province of Trento","ipsl-cm6a-lr","ssp126",NA,1.53140345209977,-2.46550489153179
"1002",1525,"Autonomous Province of Trento","ipsl-cm6a-lr","ssp126",NA,3.15107852636305,1.96853899274555
"1003",1526,"Autonomous Province of Trento","ipsl-cm6a-lr","ssp126",NA,0.72120619450808,3.31038491385326
"1004",1527,"Autonomous Province of Trento","ipsl-cm6a-lr","ssp126",NA,10.7532989674187,2.79985198974612
"1005",1528,"Autonomous Province of Trento","ipsl-cm6a-lr","ssp126",NA,1.82471467284943,5.52656162806922
"1006",1529,"Autonomous Province of Trento","ipsl-cm6a-lr","ssp126",NA,3.6028632144215,4.26764831542971
"1007",1530,"Autonomous Province of Trento","ipsl-cm6a-lr","ssp126",NA,8.6098953144496,5.39283360072547
"1008",1531,"Autonomous Province of Trento","ipsl-cm6a-lr","ssp126",NA,9.36640067920962,6.62551160539902
"1009",1532,"Autonomous Province of Trento","ipsl-cm6a-lr","ssp126",NA,4.1747180283502,7.826558140346
"1010",1533,"Autonomous Province of Trento","ipsl-cm6a-lr","ssp126",NA,3.4741925430613,6.95613904680526
"1011",1534,"Autonomous Province of Trento","ipsl-cm6a-lr","ssp126",NA,2.49928180440163,5.83066166469031
"1012",1535,"Autonomous Province of Trento","ipsl-cm6a-lr","ssp126",NA,7.43390442034328,10.1001416887556
"1013",1536,"Autonomous Province of Trento","ipsl-cm6a-lr","ssp126",NA,3.26326123878451,10.1497828892299
"1014",1537,"Autonomous Province of Trento","ipsl-cm6a-lr","ssp126",NA,1.61301172820458,11.0175229753767
"1015",1538,"Autonomous Province of Trento","ipsl-cm6a-lr","ssp126",NA,4.55694272882933,9.57089385986331
"1016",1539,"Autonomous Province of Trento","ipsl-cm6a-lr","ssp126",NA,3.9048422335067,10.8764532906669
"1017",1540,"Autonomous Province of Trento","ipsl-cm6a-lr","ssp126",NA,3.76903921983934,13.2944351196289
"1018",1541,"Autonomous Province of Trento","ipsl-cm6a-lr","ssp126",NA,2.68626016246084,15.6023378644671
"1019",1542,"Autonomous Province of Trento","ipsl-cm6a-lr","ssp126",NA,4.54624545564002,13.8110661097935
"1020",1543,"Autonomous Province of Trento","ipsl-cm6a-lr","ssp126",NA,1.61586025578799,17.9615973336356
"1021",1544,"Autonomous Province of Trento","ipsl-cm6a-lr","ssp126",NA,1.37869147303198,14.3536566598075
"1022",1545,"Autonomous Province of Trento","ipsl-cm6a-lr","ssp126",NA,0.666057148152634,13.9377282278878
"1023",1546,"Autonomous Province of Trento","ipsl-cm6a-lr","ssp126",NA,1.4295054878208,17.7673289707729
"1024",1547,"Autonomous Province of Trento","ipsl-cm6a-lr","ssp126",NA,7.23886098359279,14.9036291939872
"1025",1548,"Autonomous Province of Trento","ipsl-cm6a-lr","ssp126",NA,2.83254586078588,16.3777590070452
"1026",1549,"Autonomous Province of Trento","ipsl-cm6a-lr","ssp126",NA,1.97718745335546,11.4860778808594
"1027",1550,"Autonomous Province of Trento","ipsl-cm6a-lr","ssp126",NA,8.02178558000638,12.8147216796875
"1028",1551,"Autonomous Province of Trento","ipsl-cm6a-lr","ssp126",NA,1.33158025131966,12.3710963657924
"1029",1552,"Autonomous Province of Trento","ipsl-cm6a-lr","ssp126",NA,0.364418526130196,13.5681974138532
"1030",1553,"Autonomous Province of Trento","ipsl-cm6a-lr","ssp126",NA,1.26847132009321,14.4876440865653
"1031",1554,"Autonomous Province of Trento","ipsl-cm6a-lr","ssp126",NA,1.1097844759336,11.626606968471
"1032",1555,"Autonomous Province of Trento","ipsl-cm6a-lr","ssp126",NA,0.914084996812953,7.67222529820036
"1033",1556,"Autonomous Province of Trento","ipsl-cm6a-lr","ssp126",NA,5.51801489039332,6.34417005266465
"1034",1557,"Autonomous Province of Trento","ipsl-cm6a-lr","ssp126",NA,18.6019971227194,7.35988878522603
"1035",1558,"Autonomous Province of Trento","ipsl-cm6a-lr","ssp126",NA,31.7565477929228,7.69734998430527
"1036",1559,"Autonomous Province of Trento","ipsl-cm6a-lr","ssp126",NA,0,5.66535884312223
"1037",1560,"Autonomous Province of Trento","ipsl-cm6a-lr","ssp126",NA,0.0376453130099566,3.31352386474612
"1038",1561,"Autonomous Province of Trento","ipsl-cm6a-lr","ssp126",NA,3.98186622260254,2.34734388078965
"1039",1562,"Autonomous Province of Trento","ipsl-cm6a-lr","ssp126",NA,1.4158116202842,0.84503108433317
"1040",1563,"Autonomous Province of Trento","ipsl-cm6a-lr","ssp126",NA,0.193363174340837,-4.32636326381136
"1041",1564,"Autonomous Province of Trento","ipsl-cm6a-lr","ssp126",NA,2.50629689606804,-5.95533054896761
"1042",1565,"Autonomous Province of Trento","ipsl-cm6a-lr","ssp126",NA,0.20959620181072,-2.3569135393415
"1043",1566,"Autonomous Province of Trento","ipsl-cm6a-lr","ssp126",NA,0.0782189754448024,-0.444856480189708
"1044",1567,"Autonomous Province of Trento","ipsl-cm6a-lr","ssp126",NA,0.427454344311887,0.553611101423013
"1045",1568,"Autonomous Province of Trento","ipsl-cm6a-lr","ssp126",NA,0.251631869053069,-3.54067186628067
"1046",1569,"Autonomous Province of Trento","ipsl-cm6a-lr","ssp126",NA,0.746946674072594,-0.423826599121071
"1047",1570,"Autonomous Province of Trento","ipsl-cm6a-lr","ssp126",NA,0.493790721390854,1.17381984165739
"1048",1571,"Autonomous Province of Trento","ipsl-cm6a-lr","ssp126",NA,3.04889898065345,-0.170750863211474
"1049",1572,"Autonomous Province of Trento","ipsl-cm6a-lr","ssp126",NA,0.489200297397474,2.58103877476286
"1050",1573,"Autonomous Province of Trento","ipsl-cm6a-lr","ssp126",NA,1.2100805634483,3.03717193603518
"1051",1574,"Autonomous Province of Trento","ipsl-cm6a-lr","ssp126",NA,0.341222035681962,0.0949079241071649
"1052",1575,"Autonomous Province of Trento","ipsl-cm6a-lr","ssp126",NA,1.95361999212764,0.764649963378929
"1053",1576,"Autonomous Province of Trento","ipsl-cm6a-lr","ssp126",NA,2.27141236843766,-2.93077370779852
"1054",1577,"Autonomous Province of Trento","ipsl-cm6a-lr","ssp126",NA,1.9995161046089,-4.08941007341655
"1055",1578,"Autonomous Province of Trento","ipsl-cm6a-lr","ssp126",NA,3.47112389510065,2.94558323451453
"1056",1579,"Autonomous Province of Trento","ipsl-cm6a-lr","ssp126",NA,0.019948651944495,2.99179338727681
"1057",1580,"Autonomous Province of Trento","ipsl-cm6a-lr","ssp126",NA,2.74611985336638,1.29515882219589
"1058",1581,"Autonomous Province of Trento","ipsl-cm6a-lr","ssp126",NA,4.33377819613919,4.78556104387558
"1059",1582,"Autonomous Province of Trento","ipsl-cm6a-lr","ssp126",NA,1.30159548399596,5.90429622105192
"1060",1583,"Autonomous Province of Trento","ipsl-cm6a-lr","ssp126",NA,10.8779928890207,6.82531672886442
"1061",1584,"Autonomous Province of Trento","ipsl-cm6a-lr","ssp126",NA,2.58802000716969,8.81849169049947
"1062",1585,"Autonomous Province of Trento","ipsl-cm6a-lr","ssp126",NA,1.1661784811752,8.18782849993026
"1063",1586,"Autonomous Province of Trento","ipsl-cm6a-lr","ssp126",NA,0.170393274519094,10.7986934116909
"1064",1587,"Autonomous Province of Trento","ipsl-cm6a-lr","ssp126",NA,6.7014201962073,9.56579960414344
"1065",1588,"Autonomous Province of Trento","ipsl-cm6a-lr","ssp126",NA,6.58275581442597,12.3156034197126
"1066",1589,"Autonomous Province of Trento","ipsl-cm6a-lr","ssp126",NA,3.83219835548516,9.87754756382535
"1067",1590,"Autonomous Province of Trento","ipsl-cm6a-lr","ssp126",NA,1.57018494564909,8.91109946114678
"1068",1591,"Autonomous Province of Trento","ipsl-cm6a-lr","ssp126",NA,3.04323855234543,10.1185350690569
"1069",1592,"Autonomous Province of Trento","ipsl-cm6a-lr","ssp126",NA,9.80231009083841,14.8098552158901
"1070",1593,"Autonomous Province of Trento","ipsl-cm6a-lr","ssp126",NA,9.91876200589886,15.9558741978237
"1071",1594,"Autonomous Province of Trento","ipsl-cm6a-lr","ssp126",NA,5.65543709095177,16.5712873186384
"1072",1595,"Autonomous Province of Trento","ipsl-cm6a-lr","ssp126",NA,4.66711449943042,15.1502875191825
"1073",1596,"Autonomous Province of Trento","ipsl-cm6a-lr","ssp126",NA,4.78565807866939,13.4258394513811
"1074",1597,"Autonomous Province of Trento","ipsl-cm6a-lr","ssp126",NA,5.29870087726262,14.7497225080218
"1075",1598,"Autonomous Province of Trento","ipsl-cm6a-lr","ssp126",NA,2.48376689040534,16.1185579572405
"1076",1599,"Autonomous Province of Trento","ipsl-cm6a-lr","ssp126",NA,2.54267457099299,15.3167543683733
"1077",1600,"Autonomous Province of Trento","ipsl-cm6a-lr","ssp126",NA,2.28064073016867,16.1459235055106
"1078",1601,"Autonomous Province of Trento","ipsl-cm6a-lr","ssp126",NA,7.37632652120998,14.4167005266462
"1079",1602,"Autonomous Province of Trento","ipsl-cm6a-lr","ssp126",NA,1.99271874679263,14.7475306919643
"1080",1603,"Autonomous Province of Trento","ipsl-cm6a-lr","ssp126",NA,0.541810641620292,13.1223116193499
"1081",1604,"Autonomous Province of Trento","ipsl-cm6a-lr","ssp126",NA,0.309865407130668,10.7588592529297
"1082",1605,"Autonomous Province of Trento","ipsl-cm6a-lr","ssp126",NA,0.554944291655245,11.2347874232701
"1083",1606,"Autonomous Province of Trento","ipsl-cm6a-lr","ssp126",NA,0.967641576049313,6.40254908970426
"1084",1607,"Autonomous Province of Trento","ipsl-cm6a-lr","ssp126",NA,8.85652982033207,5.88940255301341
"1085",1608,"Autonomous Province of Trento","ipsl-cm6a-lr","ssp126",NA,0.240273924620332,7.52361668178016
"1086",1609,"Autonomous Province of Trento","ipsl-cm6a-lr","ssp126",NA,0.736639884845707,3.946796308245
"1087",1610,"Autonomous Province of Trento","ipsl-cm6a-lr","ssp126",NA,3.29813748963456,0.79283621651788
"1088",1611,"Autonomous Province of Trento","ipsl-cm6a-lr","ssp126",NA,0.00526016284701265,3.6700629098075
"1089",1612,"Autonomous Province of Trento","ipsl-cm6a-lr","ssp126",NA,0.607653845664962,3.46223820277625
"1090",1613,"Autonomous Province of Trento","ipsl-cm6a-lr","ssp126",NA,0,2.6876661028181
"1091",1614,"Autonomous Province of Trento","ipsl-cm6a-lr","ssp126",NA,0.0266082566668046,1.92508196149556
"1092",1615,"Autonomous Province of Trento","ipsl-cm6a-lr","ssp126",NA,3.0695362303829,-2.33911198207308
"1093",1616,"Autonomous Province of Trento","ipsl-cm6a-lr","ssp126",NA,8.24292204983327,-2.0390675136021
"1094",1617,"Autonomous Province of Trento","ipsl-cm6a-lr","ssp126",NA,0.111788782500558,-4.44418618338447
"1095",1618,"Autonomous Province of Trento","ipsl-cm6a-lr","ssp126",NA,0.928239863995778,-0.272513907296295
"1096",1619,"Autonomous Province of Trento","ipsl-cm6a-lr","ssp126",NA,1.41121155511428,0.683426339285736
"1097",1620,"Autonomous Province of Trento","ipsl-cm6a-lr","ssp126",NA,1.69060037494221,-3.25754394531248
"1098",1621,"Autonomous Province of Trento","ipsl-cm6a-lr","ssp126",NA,3.89013345805194,1.43457728794645
"1099",1622,"Autonomous Province of Trento","ipsl-cm6a-lr","ssp126",NA,5.99469535897827,-0.575713675362701
"1100",1623,"Autonomous Province of Trento","ipsl-cm6a-lr","ssp126",NA,2.10422978216229,-2.25983603341237
"1101",1624,"Autonomous Province of Trento","ipsl-cm6a-lr","ssp126",NA,2.57457246620366,-8.24882354736325
"1102",1625,"Autonomous Province of Trento","ipsl-cm6a-lr","ssp126",NA,4.39023109138361,-1.86645791190009
"1103",1626,"Autonomous Province of Trento","ipsl-cm6a-lr","ssp126",NA,2.42101887693674,-3.12112710135321
"1104",1627,"Autonomous Province of Trento","ipsl-cm6a-lr","ssp126",NA,1.20218615564746,-3.7381402151925
"1105",1628,"Autonomous Province of Trento","ipsl-cm6a-lr","ssp126",NA,0.0102035655280426,-7.85432771955216
"1106",1629,"Autonomous Province of Trento","ipsl-cm6a-lr","ssp126",NA,0.168483904105545,-2.77183325631275
"1107",1630,"Autonomous Province of Trento","ipsl-cm6a-lr","ssp126",NA,11.0188667570713,4.5288515363421
"1108",1631,"Autonomous Province of Trento","ipsl-cm6a-lr","ssp126",NA,2.4134436863408,2.34280439104355
"1109",1632,"Autonomous Province of Trento","ipsl-cm6a-lr","ssp126",NA,0.0211840784036862,4.69006173270092
"1110",1633,"Autonomous Province of Trento","ipsl-cm6a-lr","ssp126",NA,0.0176902823763417,3.05266396658763
"1111",1634,"Autonomous Province of Trento","ipsl-cm6a-lr","ssp126",NA,0.848102878860248,6.23374219621933
"1112",1635,"Autonomous Province of Trento","ipsl-cm6a-lr","ssp126",NA,5.70433666619335,5.25965706961498
"1113",1636,"Autonomous Province of Trento","ipsl-cm6a-lr","ssp126",NA,0.589259995597657,2.51049957275393
"1114",1637,"Autonomous Province of Trento","ipsl-cm6a-lr","ssp126",NA,0.539012434221929,6.34521745954243
"1115",1638,"Autonomous Province of Trento","ipsl-cm6a-lr","ssp126",NA,5.55813109385781,8.11319013323106
"1116",1639,"Autonomous Province of Trento","ipsl-cm6a-lr","ssp126",NA,1.13268809499069,8.05412336077011
"1117",1640,"Autonomous Province of Trento","ipsl-cm6a-lr","ssp126",NA,3.78005262630593,11.6474166870118
"1118",1641,"Autonomous Province of Trento","ipsl-cm6a-lr","ssp126",NA,4.52330713248687,11.8898679460798
"1119",1642,"Autonomous Province of Trento","ipsl-cm6a-lr","ssp126",NA,4.23152541039339,14.8399978637695
"1120",1643,"Autonomous Province of Trento","ipsl-cm6a-lr","ssp126",NA,7.08524385369985,14.752205330985
"1121",1644,"Autonomous Province of Trento","ipsl-cm6a-lr","ssp126",NA,11.4154956847155,12.9786631992885
"1122",1645,"Autonomous Province of Trento","ipsl-cm6a-lr","ssp126",NA,4.90663774884784,12.5488438197545
"1123",1646,"Autonomous Province of Trento","ipsl-cm6a-lr","ssp126",NA,4.2231563250555,16.3416752406529
"1124",1647,"Autonomous Province of Trento","ipsl-cm6a-lr","ssp126",NA,7.44475470910402,16.0170652117048
"1125",1648,"Autonomous Province of Trento","ipsl-cm6a-lr","ssp126",NA,13.6184481756313,15.5404133387974
"1126",1649,"Autonomous Province of Trento","ipsl-cm6a-lr","ssp126",NA,5.53108166469818,16.1783015659878
"1127",1650,"Autonomous Province of Trento","ipsl-cm6a-lr","ssp126",NA,1.28484750059994,15.5182357788086
"1128",1651,"Autonomous Province of Trento","ipsl-cm6a-lr","ssp126",NA,2.89759418958836,13.1440793718611
"1129",1652,"Autonomous Province of Trento","ipsl-cm6a-lr","ssp126",NA,7.7570627381127,11.6007226126535
"1130",1653,"Autonomous Province of Trento","ipsl-cm6a-lr","ssp126",NA,0.878365723422447,14.7679382324219
"1131",1654,"Autonomous Province of Trento","ipsl-cm6a-lr","ssp126",NA,1.34136543195252,14.1293600899833
"1132",1655,"Autonomous Province of Trento","ipsl-cm6a-lr","ssp126",NA,0.221287274975371,12.8350681849889
"1133",1656,"Autonomous Province of Trento","ipsl-cm6a-lr","ssp126",NA,0,12.3086791992187
"1134",1657,"Autonomous Province of Trento","ipsl-cm6a-lr","ssp126",NA,0.214784728502439,12.9299407958985
"1135",1658,"Autonomous Province of Trento","ipsl-cm6a-lr","ssp126",NA,4.41961639699002,12.8792336600168
"1136",1659,"Autonomous Province of Trento","ipsl-cm6a-lr","ssp126",NA,3.6934983213931,7.84980708530974
"1137",1660,"Autonomous Province of Trento","ipsl-cm6a-lr","ssp126",NA,8.50448091248056,8.05747593470984
"1138",1661,"Autonomous Province of Trento","ipsl-cm6a-lr","ssp126",NA,0.438276870357056,6.06543993268696
"1139",1662,"Autonomous Province of Trento","ipsl-cm6a-lr","ssp126",NA,2.75794816078425,0.797250366210962
"1140",1663,"Autonomous Province of Trento","ipsl-cm6a-lr","ssp126",NA,1.71683924085561,-0.267118835449195
"1141",1664,"Autonomous Province of Trento","ipsl-cm6a-lr","ssp126",NA,10.4482780611891,4.75444510323663
"1142",1665,"Autonomous Province of Trento","ipsl-cm6a-lr","ssp126",NA,5.54796776532385,3.35903865269255
"1143",1666,"Autonomous Province of Trento","ipsl-cm6a-lr","ssp126",NA,1.59656321203719,0.85797271728518
"1144",1667,"Autonomous Province of Trento","ipsl-cm6a-lr","ssp126",NA,6.6309891644778,1.84604579380583
"1145",1668,"Autonomous Province of Trento","ipsl-cm6a-lr","ssp126",NA,8.84020219826718,-3.22123892647877
"1146",1669,"Autonomous Province of Trento","ipsl-cm6a-lr","ssp126",NA,0.300267654646242,-2.52943594796315
"1147",1670,"Autonomous Province of Trento","ipsl-cm6a-lr","ssp126",NA,0.0754410540529144,0.777473885672457
"1148",1671,"Autonomous Province of Trento","ipsl-cm6a-lr","ssp126",NA,0,-0.521817452566941
"1149",1672,"Autonomous Province of Trento","ipsl-cm6a-lr","ssp126",NA,0.429956880543614,-2.09809068952286
"1150",1673,"Autonomous Province of Trento","ipsl-cm6a-lr","ssp126",NA,0.334547584186242,-5.50469600132531
"1151",1674,"Autonomous Province of Trento","ipsl-cm6a-lr","ssp126",NA,0.397988826768727,0.97538800920761
"1152",1675,"Autonomous Province of Trento","ipsl-cm6a-lr","ssp126",NA,2.22858522630694,-0.332370867047969
"1153",1676,"Autonomous Province of Trento","ipsl-cm6a-lr","ssp126",NA,4.14146329689434,-1.67741241455076
"1154",1677,"Autonomous Province of Trento","ipsl-cm6a-lr","ssp126",NA,0.892998019506713,-6.39777657645087
"1155",1678,"Autonomous Province of Trento","ipsl-cm6a-lr","ssp126",NA,0.944973045521434,-3.12974940708703
"1156",1679,"Autonomous Province of Trento","ipsl-cm6a-lr","ssp126",NA,1.77221289789356,0.509109933035736
"1157",1680,"Autonomous Province of Trento","ipsl-cm6a-lr","ssp126",NA,1.74981051898482,-2.04540536063056
"1158",1681,"Autonomous Province of Trento","ipsl-cm6a-lr","ssp126",NA,2.20998094124038,1.0559260777065
"1159",1682,"Autonomous Province of Trento","ipsl-cm6a-lr","ssp126",NA,0.106480933663988,-3.83356105259484
"1160",1683,"Autonomous Province of Trento","ipsl-cm6a-lr","ssp126",NA,1.26670427271165,-2.77296077183312
"1161",1684,"Autonomous Province of Trento","ipsl-cm6a-lr","ssp126",NA,2.23121600179833,4.66740897042413
"1162",1685,"Autonomous Province of Trento","ipsl-cm6a-lr","ssp126",NA,6.68964851469615,2.49493669782368
"1163",1686,"Autonomous Province of Trento","ipsl-cm6a-lr","ssp126",NA,1.58994875663276,2.88489685058596
"1164",1687,"Autonomous Province of Trento","ipsl-cm6a-lr","ssp126",NA,13.1558083791008,6.16840842110773
"1165",1688,"Autonomous Province of Trento","ipsl-cm6a-lr","ssp126",NA,8.92346433694391,4.37735137939455
"1166",1689,"Autonomous Province of Trento","ipsl-cm6a-lr","ssp126",NA,7.0616798703538,4.60250680106029
"1167",1690,"Autonomous Province of Trento","ipsl-cm6a-lr","ssp126",NA,1.8632128705836,4.72333134242469
"1168",1691,"Autonomous Province of Trento","ipsl-cm6a-lr","ssp126",NA,0.387029435868109,9.84783107212616
"1169",1692,"Autonomous Province of Trento","ipsl-cm6a-lr","ssp126",NA,1.09682721280738,10.1429720197405
"1170",1693,"Autonomous Province of Trento","ipsl-cm6a-lr","ssp126",NA,0.864400209255628,12.1053144182478
"1171",1694,"Autonomous Province of Trento","ipsl-cm6a-lr","ssp126",NA,0.246679787804688,14.1961554391044
"1172",1695,"Autonomous Province of Trento","ipsl-cm6a-lr","ssp126",NA,2.42205116935241,12.3318998064314
"1173",1696,"Autonomous Province of Trento","ipsl-cm6a-lr","ssp126",NA,4.20192250494438,16.2323917933873
"1174",1697,"Autonomous Province of Trento","ipsl-cm6a-lr","ssp126",NA,2.17769774275699,15.4124880109515
"1175",1698,"Autonomous Province of Trento","ipsl-cm6a-lr","ssp126",NA,1.99630797198032,17.5919684273856
"1176",1699,"Autonomous Province of Trento","ipsl-cm6a-lr","ssp126",NA,2.79771045557677,15.1017253330776
"1177",1700,"Autonomous Province of Trento","ipsl-cm6a-lr","ssp126",NA,3.81949552322892,16.3485209873744
"1178",1701,"Autonomous Province of Trento","ipsl-cm6a-lr","ssp126",NA,3.633667237591,16.2175962175642
"1179",1702,"Autonomous Province of Trento","ipsl-cm6a-lr","ssp126",NA,2.0457692405606,17.5850540161133
"1180",1703,"Autonomous Province of Trento","ipsl-cm6a-lr","ssp126",NA,1.25876336990456,16.2778139386858
"1181",1704,"Autonomous Province of Trento","ipsl-cm6a-lr","ssp126",NA,1.09460976325084,17.0318073817662
"1182",1705,"Autonomous Province of Trento","ipsl-cm6a-lr","ssp126",NA,1.12066281892892,14.5099513462612
"1183",1706,"Autonomous Province of Trento","ipsl-cm6a-lr","ssp126",NA,2.63267303722127,15.3440763201033
"1184",1707,"Autonomous Province of Trento","ipsl-cm6a-lr","ssp126",NA,1.15793467289872,8.95654667445594
"1185",1708,"Autonomous Province of Trento","ipsl-cm6a-lr","ssp126",NA,0.365506792305886,7.81392822265628
"1186",1709,"Autonomous Province of Trento","ipsl-cm6a-lr","ssp126",NA,10.4236256060955,10.4273151942662
"1187",1710,"Autonomous Province of Trento","ipsl-cm6a-lr","ssp126",NA,3.75748195531611,9.29485364641465
"1188",1711,"Autonomous Province of Trento","ipsl-cm6a-lr","ssp126",NA,10.6460054200527,8.16445421491353
"1189",1712,"Autonomous Province of Trento","ipsl-cm6a-lr","ssp126",NA,17.8392455307403,8.41134033203126
"1190",1713,"Autonomous Province of Trento","ipsl-cm6a-lr","ssp126",NA,3.70812132605351,9.17230486188619
"1191",1714,"Autonomous Province of Trento","ipsl-cm6a-lr","ssp126",NA,4.35811744156516,8.46663491385324
"1192",1715,"Autonomous Province of Trento","ipsl-cm6a-lr","ssp126",NA,3.50910553864066,3.61185607910158
"1193",1716,"Autonomous Province of Trento","ipsl-cm6a-lr","ssp126",NA,0.423931960124589,1.18743286132815
"1194",1717,"Autonomous Province of Trento","ipsl-cm6a-lr","ssp126",NA,11.1702096136469,-3.93826686314172
"1195",1718,"Autonomous Province of Trento","ipsl-cm6a-lr","ssp126",NA,0.412541002827181,-3.35220838274272
"1196",1719,"Autonomous Province of Trento","ipsl-cm6a-lr","ssp126",NA,0.606361013810134,-0.288102940150648
"1197",1720,"Autonomous Province of Trento","ipsl-cm6a-lr","ssp126",NA,0.110781881007175,-3.05462711879183
"1198",1721,"Autonomous Province of Trento","ipsl-cm6a-lr","ssp126",NA,0.615958508452811,-1.21907762799942
"1199",1722,"Autonomous Province of Trento","ipsl-cm6a-lr","ssp126",NA,0.633054786937595,-1.66095472063335
"1200",1723,"Autonomous Province of Trento","ipsl-cm6a-lr","ssp126",NA,0.0759840182581683,-3.10102800641739
"1201",1724,"Autonomous Province of Trento","ipsl-cm6a-lr","ssp126",NA,0.0253120528733625,-2.02515803745812
"1202",1725,"Autonomous Province of Trento","ipsl-cm6a-lr","ssp126",NA,0.593274380428608,0.554751150948686
"1203",1726,"Autonomous Province of Trento","ipsl-cm6a-lr","ssp126",NA,4.61544291140724,-1.24266008649551
"1204",1727,"Autonomous Province of Trento","ipsl-cm6a-lr","ssp126",NA,0.0463578663584486,-3.95082593645366
"1205",1728,"Autonomous Province of Trento","ipsl-cm6a-lr","ssp126",NA,1.98938026551332,-1.50313524518692
"1206",1729,"Autonomous Province of Trento","ipsl-cm6a-lr","ssp126",NA,4.5508209237596,-0.836370849609353
"1207",1730,"Autonomous Province of Trento","ipsl-cm6a-lr","ssp126",NA,2.81221500107287,-4.17437700544082
"1208",1731,"Autonomous Province of Trento","ipsl-cm6a-lr","ssp126",NA,0.431058960371696,-0.483933149065268
"1209",1732,"Autonomous Province of Trento","ipsl-cm6a-lr","ssp126",NA,4.81819744345557,3.43336203438897
"1210",1733,"Autonomous Province of Trento","ipsl-cm6a-lr","ssp126",NA,0.143311442895668,-0.198494611467611
"1211",1734,"Autonomous Province of Trento","ipsl-cm6a-lr","ssp126",NA,2.07462773864141,-2.93653826032364
"1212",1735,"Autonomous Province of Trento","ipsl-cm6a-lr","ssp126",NA,2.57053588242603,3.39204450334824
"1213",1736,"Autonomous Province of Trento","ipsl-cm6a-lr","ssp126",NA,6.54140604517254,2.99585113525393
"1214",1737,"Autonomous Province of Trento","ipsl-cm6a-lr","ssp126",NA,3.02779041901106,1.43434840611051
"1215",1738,"Autonomous Province of Trento","ipsl-cm6a-lr","ssp126",NA,2.67280598075429,4.48733455113004
"1216",1739,"Autonomous Province of Trento","ipsl-cm6a-lr","ssp126",NA,7.86882086831611,5.89835510253909
"1217",1740,"Autonomous Province of Trento","ipsl-cm6a-lr","ssp126",NA,0.6484875058959,2.90075400216241
"1218",1741,"Autonomous Province of Trento","ipsl-cm6a-lr","ssp126",NA,4.86656667365293,5.42827867780415
"1219",1742,"Autonomous Province of Trento","ipsl-cm6a-lr","ssp126",NA,2.0059633235048,6.28307386125839
"1220",1743,"Autonomous Province of Trento","ipsl-cm6a-lr","ssp126",NA,3.77973693960354,10.1501708984375
"1221",1744,"Autonomous Province of Trento","ipsl-cm6a-lr","ssp126",NA,3.83719575724432,10.1736890520369
"1222",1745,"Autonomous Province of Trento","ipsl-cm6a-lr","ssp126",NA,8.88698794265759,10.3766843523298
"1223",1746,"Autonomous Province of Trento","ipsl-cm6a-lr","ssp126",NA,2.92769810470678,11.2609856741769
"1224",1747,"Autonomous Province of Trento","ipsl-cm6a-lr","ssp126",NA,5.00831010054493,12.2941768101284
"1225",1748,"Autonomous Province of Trento","ipsl-cm6a-lr","ssp126",NA,6.37918327750282,14.5112777709961
"1226",1749,"Autonomous Province of Trento","ipsl-cm6a-lr","ssp126",NA,6.16194965262236,17.0340100969587
"1227",1750,"Autonomous Province of Trento","ipsl-cm6a-lr","ssp126",NA,2.88310024051108,16.9647929600307
"1228",1751,"Autonomous Province of Trento","ipsl-cm6a-lr","ssp126",NA,6.86640355935587,17.0392645699638
"1229",1752,"Autonomous Province of Trento","ipsl-cm6a-lr","ssp126",NA,1.30334613194074,15.4994325910296
"1230",1753,"Autonomous Province of Trento","ipsl-cm6a-lr","ssp126",NA,0.154479761035223,15.8853458949498
"1231",1754,"Autonomous Province of Trento","ipsl-cm6a-lr","ssp126",NA,0.660783226028018,17.89931640625
"1232",1755,"Autonomous Province of Trento","ipsl-cm6a-lr","ssp126",NA,2.53523133433191,17.1937151227679
"1233",1756,"Autonomous Province of Trento","ipsl-cm6a-lr","ssp126",NA,1.2596448817281,14.8010944911412
"1234",1757,"Autonomous Province of Trento","ipsl-cm6a-lr","ssp126",NA,1.21931363263294,16.2912035260882
"1235",1758,"Autonomous Province of Trento","ipsl-cm6a-lr","ssp126",NA,1.7370355766356,13.010162789481
"1236",1759,"Autonomous Province of Trento","ipsl-cm6a-lr","ssp126",NA,0.099399545095886,13.3127314976284
"1237",1760,"Autonomous Province of Trento","ipsl-cm6a-lr","ssp126",NA,0.808036599521854,15.1884344918388
"1238",1761,"Autonomous Province of Trento","ipsl-cm6a-lr","ssp126",NA,2.9877602936462,10.5740262712751
"1239",1762,"Autonomous Province of Trento","ipsl-cm6a-lr","ssp126",NA,5.24073237033268,10.122826058524
"1240",1763,"Autonomous Province of Trento","ipsl-cm6a-lr","ssp126",NA,0.195434061034965,13.0160036359515
"1241",1764,"Autonomous Province of Trento","ipsl-cm6a-lr","ssp126",NA,0.053139742093273,8.92635280064175
"1242",1765,"Autonomous Province of Trento","ipsl-cm6a-lr","ssp126",NA,0.23375174814646,9.80334734235496
"1243",1766,"Autonomous Province of Trento","ipsl-cm6a-lr","ssp126",NA,3.75219269002888,8.36030949183874
"1244",1767,"Autonomous Province of Trento","ipsl-cm6a-lr","ssp126",NA,0.0224197620030152,2.35167737688339
"1245",1768,"Autonomous Province of Trento","ipsl-cm6a-lr","ssp126",NA,0.10142189018682,4.89294368198942
"1246",1769,"Autonomous Province of Trento","ipsl-cm6a-lr","ssp126",NA,10.4589996241235,-0.102776227678549
"1247",1770,"Autonomous Province of Trento","ipsl-cm6a-lr","ssp126",NA,10.0343470885751,1.82636958530973
"1248",1771,"Autonomous Province of Trento","ipsl-cm6a-lr","ssp126",NA,2.71144776301558,-0.591538129534018
"1249",1772,"Autonomous Province of Trento","ipsl-cm6a-lr","ssp126",NA,4.23551346835406,-0.207084219796294
"1250",1773,"Autonomous Province of Trento","ipsl-cm6a-lr","ssp126",NA,0.735950158169933,-1.67466801234652
"1251",1774,"Autonomous Province of Trento","ipsl-cm6a-lr","ssp126",NA,0.546544728721138,-2.72745470319473
"1252",1775,"Autonomous Province of Trento","ipsl-cm6a-lr","ssp126",NA,0.207648133385061,-7.93096553257531
"1253",1776,"Autonomous Province of Trento","ipsl-cm6a-lr","ssp126",NA,2.32510408972562,-7.21231307983396
"1254",1777,"Autonomous Province of Trento","ipsl-cm6a-lr","ssp126",NA,1.88541065539799,-3.43310394287107
"1255",1778,"Autonomous Province of Trento","ipsl-cm6a-lr","ssp126",NA,1.08739155718597,-3.73353860037665
"1256",1779,"Autonomous Province of Trento","ipsl-cm6a-lr","ssp126",NA,6.02184937366214,-0.59933428083145
"1257",1780,"Autonomous Province of Trento","ipsl-cm6a-lr","ssp126",NA,0.105416946007608,-0.199135480608235
"1258",1781,"Autonomous Province of Trento","ipsl-cm6a-lr","ssp126",NA,1.29409819879324,2.49256504603797
"1259",1782,"Autonomous Province of Trento","ipsl-cm6a-lr","ssp126",NA,5.30803253776477,-1.6204884120396
"1260",1783,"Autonomous Province of Trento","ipsl-cm6a-lr","ssp126",NA,3.11229322201793,2.08710850306922
"1261",1784,"Autonomous Province of Trento","ipsl-cm6a-lr","ssp126",NA,1.65979639386933,0.159014456612746
"1262",1785,"Autonomous Province of Trento","ipsl-cm6a-lr","ssp126",NA,1.09638729374118,3.43707101004467
"1263",1786,"Autonomous Province of Trento","ipsl-cm6a-lr","ssp126",NA,3.51731226190688,3.91664603097101
"1264",1787,"Autonomous Province of Trento","ipsl-cm6a-lr","ssp126",NA,0.652245491138663,3.41308419363842
"1265",1788,"Autonomous Province of Trento","ipsl-cm6a-lr","ssp126",NA,0.0840271449695657,6.62974809919088
"1266",1789,"Autonomous Province of Trento","ipsl-cm6a-lr","ssp126",NA,1.68067464284312,3.57024100167413
"1267",1790,"Autonomous Province of Trento","ipsl-cm6a-lr","ssp126",NA,0.27073508561963,4.42244001116074
"1268",1791,"Autonomous Province of Trento","ipsl-cm6a-lr","ssp126",NA,6.66330498117012,4.9746784755162
"1269",1792,"Autonomous Province of Trento","ipsl-cm6a-lr","ssp126",NA,0.327611816919671,7.31515001569479
"1270",1793,"Autonomous Province of Trento","ipsl-cm6a-lr","ssp126",NA,1.05724210511003,9.71035374232703
"1271",1794,"Autonomous Province of Trento","ipsl-cm6a-lr","ssp126",NA,0.0774360377493264,10.046641104562
"1272",1795,"Autonomous Province of Trento","ipsl-cm6a-lr","ssp126",NA,3.71208669078312,5.79188036237447
"1273",1796,"Autonomous Province of Trento","ipsl-cm6a-lr","ssp126",NA,0.144685223027149,15.8117440359933
"1274",1797,"Autonomous Province of Trento","ipsl-cm6a-lr","ssp126",NA,3.0985645493534,13.4499505179269
"1275",1798,"Autonomous Province of Trento","ipsl-cm6a-lr","ssp126",NA,7.17956469970887,13.9211321149554
"1276",1799,"Autonomous Province of Trento","ipsl-cm6a-lr","ssp126",NA,1.56980829428253,17.4334470476423
"1277",1800,"Autonomous Province of Trento","ipsl-cm6a-lr","ssp126",NA,3.42773083874427,17.8000885009766
"1278",1801,"Autonomous Province of Trento","ipsl-cm6a-lr","ssp126",NA,1.23733461231105,15.8390496390207
"1279",1802,"Autonomous Province of Trento","ipsl-cm6a-lr","ssp126",NA,1.83069344205121,19.881841823033
"1280",1803,"Autonomous Province of Trento","ipsl-cm6a-lr","ssp126",NA,2.60432052603262,20.8602212088449
"1281",1804,"Autonomous Province of Trento","ipsl-cm6a-lr","ssp126",NA,1.44691642970948,20.1809424264091
"1282",1805,"Autonomous Province of Trento","ipsl-cm6a-lr","ssp126",NA,2.46261924837329,18.937899344308
"1283",1806,"Autonomous Province of Trento","ipsl-cm6a-lr","ssp126",NA,1.87223797759413,19.3975093296596
"1284",1807,"Autonomous Province of Trento","ipsl-cm6a-lr","ssp126",NA,0.39617222360643,15.9979928152902
"1285",1808,"Autonomous Province of Trento","ipsl-cm6a-lr","ssp126",NA,2.0207191506935,17.862682233538
"1286",1809,"Autonomous Province of Trento","ipsl-cm6a-lr","ssp126",NA,1.2396888063969,18.4050537109375
"1287",1810,"Autonomous Province of Trento","ipsl-cm6a-lr","ssp126",NA,7.70222221186226,14.0269365583147
"1288",1811,"Autonomous Province of Trento","ipsl-cm6a-lr","ssp126",NA,2.42105119240088,13.1391246250698
"1289",1812,"Autonomous Province of Trento","ipsl-cm6a-lr","ssp126",NA,0.655998940471494,14.3027914864677
"1290",1813,"Autonomous Province of Trento","ipsl-cm6a-lr","ssp126",NA,7.505937062576,14.2470925467355
"1291",1814,"Autonomous Province of Trento","ipsl-cm6a-lr","ssp126",NA,0.43118665377863,13.3608293805804
"1292",1815,"Autonomous Province of Trento","ipsl-cm6a-lr","ssp126",NA,3.69015185122927,10.259775870187
"1293",1816,"Autonomous Province of Trento","ipsl-cm6a-lr","ssp126",NA,6.13271021247783,10.082531956264
"1294",1817,"Autonomous Province of Trento","ipsl-cm6a-lr","ssp126",NA,13.6247932618322,10.8851529802595
"1295",1818,"Autonomous Province of Trento","ipsl-cm6a-lr","ssp126",NA,4.92079740346785,5.16192016601565
"1296",1819,"Autonomous Province of Trento","ipsl-cm6a-lr","ssp126",NA,1.87074139638363,3.61137978690013
"1297",1820,"Autonomous Province of Trento","ipsl-cm6a-lr","ssp126",NA,1.13576865488929,1.22912968226844
"1298",1821,"Autonomous Province of Trento","ipsl-cm6a-lr","ssp126",NA,4.76369757421448,-2.43387560163223
"1299",1822,"Autonomous Province of Trento","ipsl-cm6a-lr","ssp126",NA,1.63901740519837,-3.84621603829518
"1300",1823,"Autonomous Province of Trento","ipsl-cm6a-lr","ssp126",NA,4.10245525376273,-3.61301160539897
"1301",1824,"Autonomous Province of Trento","ipsl-cm6a-lr","ssp126",NA,1.6173462019911,-1.59054739815846
"1302",1825,"Autonomous Province of Trento","ipsl-cm6a-lr","ssp126",NA,0.510272162721646,-4.18372628348212
"1303",1826,"Autonomous Province of Trento","ipsl-cm6a-lr","ssp126",NA,7.41047132553701,-2.2131637573242
"1304",1827,"Autonomous Province of Trento","ipsl-cm6a-lr","ssp126",NA,1.00824912801077,-2.8198782784598
"1305",1828,"Autonomous Province of Trento","ipsl-cm6a-lr","ssp126",NA,1.59805349454213,-4.71072780064172
"1306",1829,"Autonomous Province of Trento","ipsl-cm6a-lr","ssp126",NA,2.72438294611805,-3.11711403982978
"1307",1830,"Autonomous Province of Trento","ipsl-cm6a-lr","ssp126",NA,1.30128322711503,-0.486741856166272
"1308",1831,"Autonomous Province of Trento","ipsl-cm6a-lr","ssp126",NA,0.272190810314247,-0.975176783970402
"1309",1832,"Autonomous Province of Trento","ipsl-cm6a-lr","ssp126",NA,9.81726282352609,-0.344983346121629
"1310",1833,"Autonomous Province of Trento","ipsl-cm6a-lr","ssp126",NA,0.0327126996905592,0.423607308524019
"1311",1834,"Autonomous Province of Trento","ipsl-cm6a-lr","ssp126",NA,0.125787153072971,-0.893379865373861
"1312",1835,"Autonomous Province of Trento","ipsl-cm6a-lr","ssp126",NA,1.38619156993757,2.10913892473496
"1313",1836,"Autonomous Province of Trento","ipsl-cm6a-lr","ssp126",NA,2.18719025511486,1.64274640764511
"1314",1837,"Autonomous Province of Trento","ipsl-cm6a-lr","ssp126",NA,2.71376366111196,-0.0851305280412729
"1315",1838,"Autonomous Province of Trento","ipsl-cm6a-lr","ssp126",NA,1.03117497863942,2.91676047188897
"1316",1839,"Autonomous Province of Trento","ipsl-cm6a-lr","ssp126",NA,2.26374742155063,1.72878199986051
"1317",1840,"Autonomous Province of Trento","ipsl-cm6a-lr","ssp126",NA,1.24138277826985,5.64166085379467
"1318",1841,"Autonomous Province of Trento","ipsl-cm6a-lr","ssp126",NA,2.64575447307445,1.82058977399556
"1319",1842,"Autonomous Province of Trento","ipsl-cm6a-lr","ssp126",NA,3.31661300712897,5.26843959263395
"1320",1843,"Autonomous Province of Trento","ipsl-cm6a-lr","ssp126",NA,0.282692789603191,5.9939165387835
"1321",1844,"Autonomous Province of Trento","ipsl-cm6a-lr","ssp126",NA,0.93405391476803,9.1077329363142
"1322",1845,"Autonomous Province of Trento","ipsl-cm6a-lr","ssp126",NA,0.040478344479717,8.92439967564177
"1323",1846,"Autonomous Province of Trento","ipsl-cm6a-lr","ssp126",NA,1.82101198466366,6.84987030029299
"1324",1847,"Autonomous Province of Trento","ipsl-cm6a-lr","ssp126",NA,0.524127768247646,10.8984989711217
"1325",1848,"Autonomous Province of Trento","ipsl-cm6a-lr","ssp126",NA,3.85753531622218,13.7005096435547
"1326",1849,"Autonomous Province of Trento","ipsl-cm6a-lr","ssp126",NA,0.767561099019076,10.8195979527065
"1327",1850,"Autonomous Province of Trento","ipsl-cm6a-lr","ssp126",NA,9.00324490409862,14.1430330548968
"1328",1851,"Autonomous Province of Trento","ipsl-cm6a-lr","ssp126",NA,5.76760581116105,19.3299346923828
"1329",1852,"Autonomous Province of Trento","ipsl-cm6a-lr","ssp126",NA,1.51771857464544,19.6411932809013
"1330",1853,"Autonomous Province of Trento","ipsl-cm6a-lr","ssp126",NA,4.9526910521828,19.8349221365793
"1331",1854,"Autonomous Province of Trento","ipsl-cm6a-lr","ssp126",NA,3.78577680607382,19.1177492414202
"1332",1855,"Autonomous Province of Trento","ipsl-cm6a-lr","ssp126",NA,4.47189304101942,16.5616601126535
"1333",1856,"Autonomous Province of Trento","ipsl-cm6a-lr","ssp126",NA,3.08052370814299,19.5471282958984
"1334",1857,"Autonomous Province of Trento","ipsl-cm6a-lr","ssp126",NA,6.55711977164433,16.7436516898019
"1335",1858,"Autonomous Province of Trento","ipsl-cm6a-lr","ssp126",NA,0.734631247464027,17.9084084647043
"1336",1859,"Autonomous Province of Trento","ipsl-cm6a-lr","ssp126",NA,2.17883157290219,17.4227484566825
"1337",1860,"Autonomous Province of Trento","ipsl-cm6a-lr","ssp126",NA,0.950452598720273,17.9022777012417
"1338",1861,"Autonomous Province of Trento","ipsl-cm6a-lr","ssp126",NA,7.8170940909331,14.9061894008092
"1339",1862,"Autonomous Province of Trento","ipsl-cm6a-lr","ssp126",NA,1.0242683011841,15.4083038330078
"1340",1863,"Autonomous Province of Trento","ipsl-cm6a-lr","ssp126",NA,3.91427074322824,14.4725269862584
"1341",1864,"Autonomous Province of Trento","ipsl-cm6a-lr","ssp126",NA,1.37546351921369,13.3296981811524
"1342",1865,"Autonomous Province of Trento","ipsl-cm6a-lr","ssp126",NA,0.816751954399868,14.0349081856864
"1343",1866,"Autonomous Province of Trento","ipsl-cm6a-lr","ssp126",NA,0.49126373685015,13.1231334141323
"1344",1867,"Autonomous Province of Trento","ipsl-cm6a-lr","ssp126",NA,1.45630624527777,12.2261095319476
"1345",1868,"Autonomous Province of Trento","ipsl-cm6a-lr","ssp126",NA,1.11222322001205,10.5608731951033
"1346",1869,"Autonomous Province of Trento","ipsl-cm6a-lr","ssp126",NA,2.72004517441279,10.7880689348494
"1347",1870,"Autonomous Province of Trento","ipsl-cm6a-lr","ssp126",NA,3.41599711680049,6.01775948660717
"1348",1871,"Autonomous Province of Trento","ipsl-cm6a-lr","ssp126",NA,4.69661432325666,2.32756631033763
"1349",1872,"Autonomous Province of Trento","ipsl-cm6a-lr","ssp126",NA,0.0674387905226988,0.204079110281832
"1350",1873,"Autonomous Province of Trento","ipsl-cm6a-lr","ssp126",NA,6.18687792471714,-3.70164991106304
"1351",1874,"Autonomous Province of Trento","ipsl-cm6a-lr","ssp126",NA,0.547241069476253,-0.0979609898158266
"1352",1875,"Autonomous Province of Trento","ipsl-cm6a-lr","ssp126",NA,13.1249610834207,-1.08861062186103
"1353",1876,"Autonomous Province of Trento","ipsl-cm6a-lr","ssp126",NA,0.477631054984938,-1.57148808070589
"1354",1877,"Autonomous Province of Trento","ipsl-cm6a-lr","ssp126",NA,3.65336158635858,-4.34857897077286
"1355",1878,"Autonomous Province of Trento","ipsl-cm6a-lr","ssp126",NA,8.50246935078759,-5.4339660644531
"1356",1879,"Autonomous Province of Trento","ipsl-cm6a-lr","ssp126",NA,0.390091455015603,-9.18431102207726
"1357",1880,"Autonomous Province of Trento","ipsl-cm6a-lr","ssp126",NA,0.0109227949126632,-4.43890064784456
"1358",1881,"Autonomous Province of Trento","ipsl-cm6a-lr","ssp126",NA,0.228781571318645,-1.12458321707587
"1359",1882,"Autonomous Province of Trento","ipsl-cm6a-lr","ssp126",NA,0.309703356573924,-0.450447736467612
"1360",1883,"Autonomous Province of Trento","ipsl-cm6a-lr","ssp126",NA,3.04418801055623,1.2351743425642
"1361",1884,"Autonomous Province of Trento","ipsl-cm6a-lr","ssp126",NA,6.12114065504231,0.99915684291297
"1362",1885,"Autonomous Province of Trento","ipsl-cm6a-lr","ssp126",NA,4.72503239886594,-0.323932756696409
"1363",1886,"Autonomous Province of Trento","ipsl-cm6a-lr","ssp126",NA,3.56794585552832,-0.00134451729908684
"1364",1887,"Autonomous Province of Trento","ipsl-cm6a-lr","ssp126",NA,0.124401520640406,2.06963936941967
"1365",1888,"Autonomous Province of Trento","ipsl-cm6a-lr","ssp126",NA,0.460847865490775,2.62544185093473
"1366",1889,"Autonomous Province of Trento","ipsl-cm6a-lr","ssp126",NA,0.554886113786779,3.13040204729355
"1367",1890,"Autonomous Province of Trento","ipsl-cm6a-lr","ssp126",NA,0.172097966645067,-0.608188738141718
"1368",1891,"Autonomous Province of Trento","ipsl-cm6a-lr","ssp126",NA,0.800432018474697,0.321151079450358
"1369",1892,"Autonomous Province of Trento","ipsl-cm6a-lr","ssp126",NA,0.871991413753545,4.1622765677316
"1370",1893,"Autonomous Province of Trento","ipsl-cm6a-lr","ssp126",NA,6.07345035233655,3.13307996477402
"1371",1894,"Autonomous Province of Trento","ipsl-cm6a-lr","ssp126",NA,5.46807790869934,4.90693490164623
"1372",1895,"Autonomous Province of Trento","ipsl-cm6a-lr","ssp126",NA,1.54045729320517,4.79699641636442
"1373",1896,"Autonomous Province of Trento","ipsl-cm6a-lr","ssp126",NA,1.58245291394061,6.25352848597937
"1374",1897,"Autonomous Province of Trento","ipsl-cm6a-lr","ssp126",NA,5.3572636753935,7.47053680419923
"1375",1898,"Autonomous Province of Trento","ipsl-cm6a-lr","ssp126",NA,3.73265282705688,6.70164315359936
"1376",1899,"Autonomous Province of Trento","ipsl-cm6a-lr","ssp126",NA,2.75295817188765,10.8486768450056
"1377",1900,"Autonomous Province of Trento","ipsl-cm6a-lr","ssp126",NA,4.31408009410786,10.4725182669504
"1378",1901,"Autonomous Province of Trento","ipsl-cm6a-lr","ssp126",NA,0.157528018800284,9.2290697370257
"1379",1902,"Autonomous Province of Trento","ipsl-cm6a-lr","ssp126",NA,6.88329014233854,12.8036459786552
"1380",1903,"Autonomous Province of Trento","ipsl-cm6a-lr","ssp126",NA,2.60003485519909,11.2063079833984
"1381",1904,"Autonomous Province of Trento","ipsl-cm6a-lr","ssp126",NA,0.534105076063238,11.9738566807338
"1382",1905,"Autonomous Province of Trento","ipsl-cm6a-lr","ssp126",NA,2.47882618541553,12.6372957502093
"1383",1906,"Autonomous Province of Trento","ipsl-cm6a-lr","ssp126",NA,3.00272271767556,15.7869147164481
"1384",1907,"Autonomous Province of Trento","ipsl-cm6a-lr","ssp126",NA,4.69204142934489,14.3467400687082
"1385",1908,"Autonomous Province of Trento","ipsl-cm6a-lr","ssp126",NA,3.96433588525074,15.6439616612026
"1386",1909,"Autonomous Province of Trento","ipsl-cm6a-lr","ssp126",NA,2.5607763302105,15.0008832659041
"1387",1910,"Autonomous Province of Trento","ipsl-cm6a-lr","ssp126",NA,3.33211271442581,18.3246442522322
"1388",1911,"Autonomous Province of Trento","ipsl-cm6a-lr","ssp126",NA,2.05609046611893,18.9925138201032
"1389",1912,"Autonomous Province of Trento","ipsl-cm6a-lr","ssp126",NA,0.857424159039511,17.1270985194615
"1390",1913,"Autonomous Province of Trento","ipsl-cm6a-lr","ssp126",NA,0.777531430022854,17.4982413155692
"1391",1914,"Autonomous Province of Trento","ipsl-cm6a-lr","ssp126",NA,3.69902262188719,14.5427653721401
"1392",1915,"Autonomous Province of Trento","ipsl-cm6a-lr","ssp126",NA,5.4050462352799,14.4615068708147
"1393",1916,"Autonomous Province of Trento","ipsl-cm6a-lr","ssp126",NA,2.00013390010229,12.2328233991351
"1394",1917,"Autonomous Province of Trento","ipsl-cm6a-lr","ssp126",NA,6.72953444232657,10.0257888793945
"1395",1918,"Autonomous Province of Trento","ipsl-cm6a-lr","ssp126",NA,0.295744577514207,11.4702926635742
"1396",1919,"Autonomous Province of Trento","ipsl-cm6a-lr","ssp126",NA,0.832883368717115,7.53541935512001
"1397",1920,"Autonomous Province of Trento","ipsl-cm6a-lr","ssp126",NA,0.947379287858244,10.5598835536412
"1398",1921,"Autonomous Province of Trento","ipsl-cm6a-lr","ssp126",NA,1.05828312345173,12.0846823556083
"1399",1922,"Autonomous Province of Trento","ipsl-cm6a-lr","ssp126",NA,1.10472297962718,10.4165490286691
"1400",1923,"Autonomous Province of Trento","ipsl-cm6a-lr","ssp126",NA,13.3173890299596,7.26572352818082
"1401",1924,"Autonomous Province of Trento","ipsl-cm6a-lr","ssp126",NA,7.94060110347345,0.518212890625022
"1402",1925,"Autonomous Province of Trento","ipsl-cm6a-lr","ssp126",NA,5.01483194515718,-2.14957711356024
"1403",1926,"Autonomous Province of Trento","ipsl-cm6a-lr","ssp126",NA,0.0659014966264034,0.517641775948681
"1404",1927,"Autonomous Province of Trento","ipsl-cm6a-lr","ssp126",NA,2.94799024395615,-0.614135306222076
"1405",1928,"Autonomous Province of Trento","ipsl-cm6a-lr","ssp126",NA,0.530160863477899,1.65181339808875
"1406",1929,"Autonomous Province of Trento","ipsl-cm6a-lr","ssp126",NA,0.397566842613222,-0.880983189174085
"1407",1930,"Autonomous Province of Trento","ipsl-cm6a-lr","ssp126",NA,0.072249818302745,-0.712441144670735
"1408",1931,"Autonomous Province of Trento","ipsl-cm6a-lr","ssp126",NA,1.08574769150697,-0.998431178501652
"1409",1932,"Autonomous Province of Trento","ipsl-cm6a-lr","ssp126",NA,1.03877031527061,-4.35433589390344
"1410",1933,"Autonomous Province of Trento","ipsl-cm6a-lr","ssp126",NA,0.485718498904524,-0.725569152832009
"1411",1934,"Autonomous Province of Trento","ipsl-cm6a-lr","ssp126",NA,0.0739903791977018,-3.15594002859931
"1412",1935,"Autonomous Province of Trento","ipsl-cm6a-lr","ssp126",NA,0.0159911887489475,-1.07392403738837
"1413",1936,"Autonomous Province of Trento","ipsl-cm6a-lr","ssp126",NA,0.096792256356691,-0.128042602539039
"1414",1937,"Autonomous Province of Trento","ipsl-cm6a-lr","ssp126",NA,0.070519577041393,-2.85805358886717
"1415",1938,"Autonomous Province of Trento","ipsl-cm6a-lr","ssp126",NA,3.18534322780449,-1.29836447579518
"1416",1939,"Autonomous Province of Trento","ipsl-cm6a-lr","ssp126",NA,0.29085640734203,0.881864711216541
"1417",1940,"Autonomous Province of Trento","ipsl-cm6a-lr","ssp126",NA,0.33801497616618,-0.111713518415158
"1418",1941,"Autonomous Province of Trento","ipsl-cm6a-lr","ssp126",NA,0.036238652267327,2.23505009242468
"1419",1942,"Autonomous Province of Trento","ipsl-cm6a-lr","ssp126",NA,0.0594628928021329,1.81213640485493
"1420",1943,"Autonomous Province of Trento","ipsl-cm6a-lr","ssp126",NA,1.50146005276578,2.95300445556643
"1421",1944,"Autonomous Province of Trento","ipsl-cm6a-lr","ssp126",NA,0.441388366354139,5.30172991071431
"1422",1945,"Autonomous Province of Trento","ipsl-cm6a-lr","ssp126",NA,1.22263338337559,2.35723920549668
"1423",1946,"Autonomous Province of Trento","ipsl-cm6a-lr","ssp126",NA,6.31674736796413,2.46791120256698
"1424",1947,"Autonomous Province of Trento","ipsl-cm6a-lr","ssp126",NA,1.5060966753351,6.94149060930527
"1425",1948,"Autonomous Province of Trento","ipsl-cm6a-lr","ssp126",NA,4.34755011114508,5.13865596226286
"1426",1949,"Autonomous Province of Trento","ipsl-cm6a-lr","ssp126",NA,5.08772737323722,6.67459477015906
"1427",1950,"Autonomous Province of Trento","ipsl-cm6a-lr","ssp126",NA,0.195095998580135,6.01851152692525
"1428",1951,"Autonomous Province of Trento","ipsl-cm6a-lr","ssp126",NA,3.37311194203461,11.8628751482283
"1429",1952,"Autonomous Province of Trento","ipsl-cm6a-lr","ssp126",NA,8.06277671103349,13.1839603969029
"1430",1953,"Autonomous Province of Trento","ipsl-cm6a-lr","ssp126",NA,5.08724700529066,12.5314673287528
"1431",1954,"Autonomous Province of Trento","ipsl-cm6a-lr","ssp126",NA,3.03240638547452,12.5567903791155
"1432",1955,"Autonomous Province of Trento","ipsl-cm6a-lr","ssp126",NA,3.29025802507853,12.1961401803153
"1433",1956,"Autonomous Province of Trento","ipsl-cm6a-lr","ssp126",NA,5.47385822885969,12.3847257341657
"1434",1957,"Autonomous Province of Trento","ipsl-cm6a-lr","ssp126",NA,2.01217278284146,17.2853659493583
"1435",1958,"Autonomous Province of Trento","ipsl-cm6a-lr","ssp126",NA,4.73441670819739,15.2821768624442
"1436",1959,"Autonomous Province of Trento","ipsl-cm6a-lr","ssp126",NA,7.83976712685087,13.5812938145229
"1437",1960,"Autonomous Province of Trento","ipsl-cm6a-lr","ssp126",NA,1.21445390819385,13.6802634102958
"1438",1961,"Autonomous Province of Trento","ipsl-cm6a-lr","ssp126",NA,3.73129838189925,15.7226239885603
"1439",1962,"Autonomous Province of Trento","ipsl-cm6a-lr","ssp126",NA,1.45475910252831,17.3122159685407
"1440",1963,"Autonomous Province of Trento","ipsl-cm6a-lr","ssp126",NA,3.64975528292624,16.2927424839565
"1441",1964,"Autonomous Province of Trento","ipsl-cm6a-lr","ssp126",NA,1.61992010495981,20.2691556658064
"1442",1965,"Autonomous Province of Trento","ipsl-cm6a-lr","ssp126",NA,12.1184524738575,16.3901197160993
"1443",1966,"Autonomous Province of Trento","ipsl-cm6a-lr","ssp126",NA,4.67297077941891,15.6596117292132
"1444",1967,"Autonomous Province of Trento","ipsl-cm6a-lr","ssp126",NA,0.670195172486793,11.8981382097517
"1445",1968,"Autonomous Province of Trento","ipsl-cm6a-lr","ssp126",NA,5.264409443771,12.5813635689872
"1446",1969,"Autonomous Province of Trento","ipsl-cm6a-lr","ssp126",NA,2.15264804017872,11.7760046822684
"1447",1970,"Autonomous Province of Trento","ipsl-cm6a-lr","ssp126",NA,4.31326671144104,11.3879148210798
"1448",1971,"Autonomous Province of Trento","ipsl-cm6a-lr","ssp126",NA,3.08159183179149,12.172377886091
"1449",1972,"Autonomous Province of Trento","ipsl-cm6a-lr","ssp126",NA,2.2231548759789,10.1062473842076
"1450",1973,"Autonomous Province of Trento","ipsl-cm6a-lr","ssp126",NA,3.71969350154748,9.96111559186664
"1451",1974,"Autonomous Province of Trento","ipsl-cm6a-lr","ssp126",NA,0.91910906607414,6.15897194998607
"1452",1975,"Autonomous Province of Trento","ipsl-cm6a-lr","ssp126",NA,2.80864625448365,5.11229095458986
"1453",1976,"Autonomous Province of Trento","ipsl-cm6a-lr","ssp126",NA,10.8043520278183,4.12878570556643
"1454",1977,"Autonomous Province of Trento","ipsl-cm6a-lr","ssp126",NA,7.09826315635707,1.50361458914623
"1455",1978,"Autonomous Province of Trento","ipsl-cm6a-lr","ssp126",NA,0.682380444790657,2.67372610909601
"1456",1979,"Autonomous Province of Trento","ipsl-cm6a-lr","ssp126",NA,0.118981192814057,3.74492906842915
"1457",1980,"Autonomous Province of Trento","ipsl-cm6a-lr","ssp126",NA,1.39329287125552,1.2866389683315
"1458",1981,"Autonomous Province of Trento","ipsl-cm6a-lr","ssp126",NA,0.40976876377629,-2.28926151820589
"1459",1982,"Autonomous Province of Trento","ipsl-cm6a-lr","ssp126",NA,0.0810048236287133,-0.169974844796293
"1460",1983,"Autonomous Province of Trento","ipsl-cm6a-lr","ssp126",NA,0.00451652233875523,-2.93398023332866
"1461",1984,"Autonomous Province of Trento","ipsl-cm6a-lr","ssp126",NA,2.33800161214666,-3.54969852992464
"1462",1985,"Autonomous Province of Trento","ipsl-cm6a-lr","ssp126",NA,5.20802815837149,-5.4087351117815
"1463",1986,"Autonomous Province of Trento","ipsl-cm6a-lr","ssp126",NA,6.46862027806492,-1.2739318847656
"1464",1987,"Autonomous Province of Trento","ipsl-cm6a-lr","ssp126",NA,0.50408265752984,-7.0428996494838
"1465",1988,"Autonomous Province of Trento","ipsl-cm6a-lr","ssp126",NA,0.211286978901626,-2.75202462332587
"1466",1989,"Autonomous Province of Trento","ipsl-cm6a-lr","ssp126",NA,3.28947743567239,-0.275240870884464
"1467",1990,"Autonomous Province of Trento","ipsl-cm6a-lr","ssp126",NA,0.508530887938313,-4.35326668875556
"1468",1991,"Autonomous Province of Trento","ipsl-cm6a-lr","ssp126",NA,3.32647072583703,-4.65814601353234
"1469",1992,"Autonomous Province of Trento","ipsl-cm6a-lr","ssp126",NA,2.93714856535579,-2.19886409214563
"1470",1993,"Autonomous Province of Trento","ipsl-cm6a-lr","ssp126",NA,0.535336348288443,-1.18377859933033
"1471",1994,"Autonomous Province of Trento","ipsl-cm6a-lr","ssp126",NA,0.0734866886757248,-0.974394226074196
"1472",1995,"Autonomous Province of Trento","ipsl-cm6a-lr","ssp126",NA,1.31471643453551,5.5383239746094
"1473",1996,"Autonomous Province of Trento","ipsl-cm6a-lr","ssp126",NA,2.91884282875929,2.60979287283763
"1474",1997,"Autonomous Province of Trento","ipsl-cm6a-lr","ssp126",NA,1.63389891113184,6.45509055001397
"1475",1998,"Autonomous Province of Trento","ipsl-cm6a-lr","ssp126",NA,9.15841434795897,6.12422114780973
"1476",1999,"Autonomous Province of Trento","ipsl-cm6a-lr","ssp126",NA,0.55234377520849,9.42403673444477
"1477",2000,"Autonomous Province of Trento","ipsl-cm6a-lr","ssp126",NA,3.30550689234639,7.90932944161552
"1478",2001,"Autonomous Province of Trento","ipsl-cm6a-lr","ssp126",NA,5.5547387117258,6.48038199288507
"1479",2002,"Autonomous Province of Trento","ipsl-cm6a-lr","ssp126",NA,3.6254396638729,7.45276031494143
"1480",2003,"Autonomous Province of Trento","ipsl-cm6a-lr","ssp126",NA,5.6303980314494,6.94617178780693
"1481",2004,"Autonomous Province of Trento","ipsl-cm6a-lr","ssp126",NA,1.89440013569505,6.73634163992748
"1482",2005,"Autonomous Province of Trento","ipsl-cm6a-lr","ssp126",NA,2.2043947938073,10.640764944894
"1483",2006,"Autonomous Province of Trento","ipsl-cm6a-lr","ssp126",NA,6.07918269779475,11.6389251708985
"1484",2007,"Autonomous Province of Trento","ipsl-cm6a-lr","ssp126",NA,5.03884506006215,12.5710911342076
"1485",2008,"Autonomous Province of Trento","ipsl-cm6a-lr","ssp126",NA,8.34699960864132,13.3262802124024
"1486",2009,"Autonomous Province of Trento","ipsl-cm6a-lr","ssp126",NA,7.15341720484243,15.5165976388114
"1487",2010,"Autonomous Province of Trento","ipsl-cm6a-lr","ssp126",NA,12.1742354113459,17.5394825526647
"1488",2011,"Autonomous Province of Trento","ipsl-cm6a-lr","ssp126",NA,6.13113492498606,14.1964595249721
"1489",2012,"Autonomous Province of Trento","ipsl-cm6a-lr","ssp126",NA,5.52571180193939,12.4674894060408
"1490",2013,"Autonomous Province of Trento","ipsl-cm6a-lr","ssp126",NA,1.51875858687812,15.1055596487863
"1491",2014,"Autonomous Province of Trento","ipsl-cm6a-lr","ssp126",NA,0.415069738937746,19.071321105957
"1492",2015,"Autonomous Province of Trento","ipsl-cm6a-lr","ssp126",NA,1.53143021361757,17.4403745378767
"1493",2016,"Autonomous Province of Trento","ipsl-cm6a-lr","ssp126",NA,0.584568462558569,20.1239573887417
"1494",2017,"Autonomous Province of Trento","ipsl-cm6a-lr","ssp126",NA,2.2143927826359,16.7552429199219
"1495",2018,"Autonomous Province of Trento","ipsl-cm6a-lr","ssp126",NA,6.14872874929071,15.9024237496512
"1496",2019,"Autonomous Province of Trento","ipsl-cm6a-lr","ssp126",NA,2.58110815323432,12.7765899658203
"1497",2020,"Autonomous Province of Trento","ipsl-cm6a-lr","ssp126",NA,0.133139724156146,15.4019768851144
"1498",2021,"Autonomous Province of Trento","ipsl-cm6a-lr","ssp126",NA,3.89002999896288,14.53017578125
"1499",2022,"Autonomous Province of Trento","ipsl-cm6a-lr","ssp126",NA,5.56398048263093,9.536516898019
"1500",2023,"Autonomous Province of Trento","ipsl-cm6a-lr","ssp126",NA,0,11.0991760253907
"1501",2024,"Autonomous Province of Trento","ipsl-cm6a-lr","ssp126",NA,0,12.5109518868583
"1502",2025,"Autonomous Province of Trento","ipsl-cm6a-lr","ssp126",NA,1.5240723871232,9.82914232526509
"1503",2026,"Autonomous Province of Trento","ipsl-cm6a-lr","ssp126",NA,1.73355694345706,9.79968305315295
"1504",2027,"Autonomous Province of Trento","ipsl-cm6a-lr","ssp126",NA,8.42505396493445,5.4403516496931
"1505",2028,"Autonomous Province of Trento","ipsl-cm6a-lr","ssp126",NA,0,4.01889626639232
"1506",2029,"Autonomous Province of Trento","ipsl-cm6a-lr","ssp126",NA,0.30665127152523,3.00624891008652
"1507",2030,"Autonomous Province of Trento","ipsl-cm6a-lr","ssp126",NA,0.3940134644446,1.71232975551063
"1508",2031,"Autonomous Province of Trento","ipsl-cm6a-lr","ssp126",NA,0.594057901512965,2.53642861502514
"1509",2032,"Autonomous Province of Trento","ipsl-cm6a-lr","ssp126",NA,3.58022674537486,-1.58272181919641
"1510",2033,"Autonomous Province of Trento","ipsl-cm6a-lr","ssp126",NA,0.893639958810257,-0.382717241559687
"1511",2034,"Autonomous Province of Trento","ipsl-cm6a-lr","ssp126",NA,0.205598229045531,-2.80006910051616
"1512",2035,"Autonomous Province of Trento","ipsl-cm6a-lr","ssp126",NA,4.86047310207921,-8.14430629185265
"1513",2036,"Autonomous Province of Trento","ipsl-cm6a-lr","ssp126",NA,2.34443756774324,-5.37061375209261
"1514",2037,"Autonomous Province of Trento","ipsl-cm6a-lr","ssp126",NA,0.0420258685543168,-2.92620806012833
"1515",2038,"Autonomous Province of Trento","ipsl-cm6a-lr","ssp126",NA,0.436937157610373,-4.96738608224049
"1516",2039,"Autonomous Province of Trento","ipsl-cm6a-lr","ssp126",NA,0.370444440730872,-6.0526663643973
"1517",2040,"Autonomous Province of Trento","ipsl-cm6a-lr","ssp126",NA,1.62641689472106,-4.78505554199216
"1518",2041,"Autonomous Province of Trento","ipsl-cm6a-lr","ssp126",NA,0.569564319032777,2.29400787353518
"1519",2042,"Autonomous Province of Trento","ipsl-cm6a-lr","ssp126",NA,0.12110163318409,-1.13317391531806
"1520",2043,"Autonomous Province of Trento","ipsl-cm6a-lr","ssp126",NA,0.0048378864708606,-5.14221692766459
"1521",2044,"Autonomous Province of Trento","ipsl-cm6a-lr","ssp126",NA,0.111976471297177,3.44894234793529
"1522",2045,"Autonomous Province of Trento","ipsl-cm6a-lr","ssp126",NA,3.68717993146025,3.31147918701174
"1523",2046,"Autonomous Province of Trento","ipsl-cm6a-lr","ssp126",NA,0.718987097570789,3.83548126220705
"1524",2047,"Autonomous Province of Trento","ipsl-cm6a-lr","ssp126",NA,0.205195650375702,-1.01028071812219
"1525",2048,"Autonomous Province of Trento","ipsl-cm6a-lr","ssp126",NA,2.94239442307247,3.18452824183875
"1526",2049,"Autonomous Province of Trento","ipsl-cm6a-lr","ssp126",NA,1.74985031712173,4.79775935581754
"1527",2050,"Autonomous Province of Trento","ipsl-cm6a-lr","ssp126",NA,4.62866593290008,3.83941040039065
"1528",2051,"Autonomous Province of Trento","ipsl-cm6a-lr","ssp126",NA,2.69247717322807,5.16258392333986
"1529",2052,"Autonomous Province of Trento","ipsl-cm6a-lr","ssp126",NA,4.287586405826,7.26578129359656
"1530",2053,"Autonomous Province of Trento","ipsl-cm6a-lr","ssp126",NA,9.12243297544981,7.42983507428852
"1531",2054,"Autonomous Province of Trento","ipsl-cm6a-lr","ssp126",NA,7.90506630094439,5.88436170305527
"1532",2055,"Autonomous Province of Trento","ipsl-cm6a-lr","ssp126",NA,5.75455417409623,8.57143881661555
"1533",2056,"Autonomous Province of Trento","ipsl-cm6a-lr","ssp126",NA,9.28339386911311,10.1101623535156
"1534",2057,"Autonomous Province of Trento","ipsl-cm6a-lr","ssp126",NA,1.45332787069492,11.2324332101005
"1535",2058,"Autonomous Province of Trento","ipsl-cm6a-lr","ssp126",NA,1.23521185592576,12.2106294904437
"1536",2059,"Autonomous Province of Trento","ipsl-cm6a-lr","ssp126",NA,2.85906735563393,15.1108402797154
"1537",2060,"Autonomous Province of Trento","ipsl-cm6a-lr","ssp126",NA,10.4396819677667,16.0883510044643
"1538",2061,"Autonomous Province of Trento","ipsl-cm6a-lr","ssp126",NA,2.28278247212594,13.4834075927735
"1539",2062,"Autonomous Province of Trento","ipsl-cm6a-lr","ssp126",NA,5.05027080810448,15.8064078194755
"1540",2063,"Autonomous Province of Trento","ipsl-cm6a-lr","ssp126",NA,9.29296631802572,14.7736798967634
"1541",2064,"Autonomous Province of Trento","ipsl-cm6a-lr","ssp126",NA,7.45327882503781,15.317269897461
"1542",2065,"Autonomous Province of Trento","ipsl-cm6a-lr","ssp126",NA,1.60284364064864,18.6567834036691
"1543",2066,"Autonomous Province of Trento","ipsl-cm6a-lr","ssp126",NA,2.10115608471304,15.4629193987166
"1544",2067,"Autonomous Province of Trento","ipsl-cm6a-lr","ssp126",NA,2.13890755239845,16.6869336809431
"1545",2068,"Autonomous Province of Trento","ipsl-cm6a-lr","ssp126",NA,0.513860951858597,15.7786106654576
"1546",2069,"Autonomous Province of Trento","ipsl-cm6a-lr","ssp126",NA,7.28428900630596,15.7523186819894
"1547",2070,"Autonomous Province of Trento","ipsl-cm6a-lr","ssp126",NA,7.81481635060897,14.6569839477539
"1548",2071,"Autonomous Province of Trento","ipsl-cm6a-lr","ssp126",NA,3.1213716689438,14.8485634940012
"1549",2072,"Autonomous Province of Trento","ipsl-cm6a-lr","ssp126",NA,0.347229594055014,17.0459479195731
"1550",2073,"Autonomous Province of Trento","ipsl-cm6a-lr","ssp126",NA,1.98928809077188,12.8181527273996
"1551",2074,"Autonomous Province of Trento","ipsl-cm6a-lr","ssp126",NA,7.54328105189675,11.4455592564174
"1552",2075,"Autonomous Province of Trento","ipsl-cm6a-lr","ssp126",NA,5.75854895102696,9.89049246651788
"1553",2076,"Autonomous Province of Trento","ipsl-cm6a-lr","ssp126",NA,3.27330212546388,11.646756199428
"1554",2077,"Autonomous Province of Trento","ipsl-cm6a-lr","ssp126",NA,3.41173491552971,8.65634852818082
"1555",2078,"Autonomous Province of Trento","ipsl-cm6a-lr","ssp126",NA,2.64001989333857,6.52026301792692
"1556",2079,"Autonomous Province of Trento","ipsl-cm6a-lr","ssp126",NA,1.9447828468401,6.05936475481308
"1557",2080,"Autonomous Province of Trento","ipsl-cm6a-lr","ssp126",NA,0.348902990858083,5.73355255126955
"1558",2081,"Autonomous Province of Trento","ipsl-cm6a-lr","ssp126",NA,0.0609646150613635,2.19913417271207
"1559",2082,"Autonomous Province of Trento","ipsl-cm6a-lr","ssp126",NA,2.89267585929858,2.79027165004188
"1560",2083,"Autonomous Province of Trento","ipsl-cm6a-lr","ssp126",NA,0.52434608373265,2.05999690464567
"1561",2084,"Autonomous Province of Trento","ipsl-cm6a-lr","ssp126",NA,4.89139372865403,0.496474565778484
"1562",2085,"Autonomous Province of Trento","ipsl-cm6a-lr","ssp126",NA,1.33652365575472,-0.908749825613818
"1563",2086,"Autonomous Province of Trento","ipsl-cm6a-lr","ssp126",NA,0.140641291285906,-0.814304460797968
"1564",2087,"Autonomous Province of Trento","ipsl-cm6a-lr","ssp126",NA,0.125876112685676,-0.458545793805781
"1565",2088,"Autonomous Province of Trento","ipsl-cm6a-lr","ssp126",NA,0.585700662863279,-2.73054242815288
"1566",2089,"Autonomous Province of Trento","ipsl-cm6a-lr","ssp126",NA,0.0314180064638745,-0.417435346330892
"1567",2090,"Autonomous Province of Trento","ipsl-cm6a-lr","ssp126",NA,0.692326204002062,-2.34924054827007
"1568",2091,"Autonomous Province of Trento","ipsl-cm6a-lr","ssp126",NA,0.227992382627105,-0.933666338239375
"1569",2092,"Autonomous Province of Trento","ipsl-cm6a-lr","ssp126",NA,1.55980284663591,-1.05333339146203
"1570",2093,"Autonomous Province of Trento","ipsl-cm6a-lr","ssp126",NA,0.634485158947687,-3.28559068952286
"1571",2094,"Autonomous Province of Trento","ipsl-cm6a-lr","ssp126",NA,1.10872830772288,-2.39261801583424
"1572",2095,"Autonomous Province of Trento","ipsl-cm6a-lr","ssp126",NA,1.27258008412485,-3.16420048304964
"1573",2096,"Autonomous Province of Trento","ipsl-cm6a-lr","ssp126",NA,0,-6.7396279471261
"1574",2097,"Autonomous Province of Trento","ipsl-cm6a-lr","ssp126",NA,2.09489277258399,-1.24371185302732
"1575",2098,"Autonomous Province of Trento","ipsl-cm6a-lr","ssp126",NA,0.441756889215737,-4.9542766026088
"1576",2099,"Autonomous Province of Trento","ipsl-cm6a-lr","ssp126",NA,3.53837687363401,-0.896562412806897
"1577",2100,"Autonomous Province of Trento","ipsl-cm6a-lr","ssp126",NA,0.655404055006719,1.77357417515349
"1578",2101,"Autonomous Province of Trento","ipsl-cm6a-lr","ssp126",NA,4.10242924366945,2.38154972621375
"1579",2102,"Autonomous Province of Trento","ipsl-cm6a-lr","ssp126",NA,1.79857712716642,1.33463439941408
"1580",2103,"Autonomous Province of Trento","ipsl-cm6a-lr","ssp126",NA,4.63053512560561,1.41253705705918
"1581",2104,"Autonomous Province of Trento","ipsl-cm6a-lr","ssp126",NA,1.22681216705262,1.98062504359656
"1582",2105,"Autonomous Province of Trento","ipsl-cm6a-lr","ssp126",NA,2.75702131371613,4.00827723911832
"1583",2106,"Autonomous Province of Trento","ipsl-cm6a-lr","ssp126",NA,0.218033012528655,4.24358084542413
"1584",2107,"Autonomous Province of Trento","ipsl-cm6a-lr","ssp126",NA,4.2509118813801,8.63411865234377
"1585",2108,"Autonomous Province of Trento","ipsl-cm6a-lr","ssp126",NA,4.47007028789293,9.44011404854913
"1586",2109,"Autonomous Province of Trento","ipsl-cm6a-lr","ssp126",NA,1.97319312054398,10.9218928745815
"1587",2110,"Autonomous Province of Trento","ipsl-cm6a-lr","ssp126",NA,0.390758649129046,12.1238473074777
"1588",2111,"Autonomous Province of Trento","ipsl-cm6a-lr","ssp126",NA,0.511724122575937,10.0767783028739
"1589",2112,"Autonomous Province of Trento","ipsl-cm6a-lr","ssp126",NA,1.32015771419642,14.2137760707311
"1590",2113,"Autonomous Province of Trento","ipsl-cm6a-lr","ssp126",NA,0.915208604146755,13.8403804234096
"1591",2114,"Autonomous Province of Trento","ipsl-cm6a-lr","ssp126",NA,5.29007127669112,12.5562399727958
"1592",2115,"Autonomous Province of Trento","ipsl-cm6a-lr","ssp126",NA,1.59904678409605,16.27002759661
"1593",2116,"Autonomous Province of Trento","ipsl-cm6a-lr","ssp126",NA,2.19530196527558,17.7529235839844
"1594",2117,"Autonomous Province of Trento","ipsl-cm6a-lr","ssp126",NA,0.477411357678648,17.1156042916435
"1595",2118,"Autonomous Province of Trento","ipsl-cm6a-lr","ssp126",NA,0.509283013369506,17.9380061558315
"1596",2119,"Autonomous Province of Trento","ipsl-cm6a-lr","ssp126",NA,1.16711378545265,19.3621830531529
"1597",2120,"Autonomous Province of Trento","ipsl-cm6a-lr","ssp126",NA,6.02140995379159,16.9614022391183
"1598",2121,"Autonomous Province of Trento","ipsl-cm6a-lr","ssp126",NA,4.92337206347397,15.1319268362863
"1599",2122,"Autonomous Province of Trento","ipsl-cm6a-lr","ssp126",NA,1.20499977075659,15.5201780046736
"1600",2123,"Autonomous Province of Trento","ipsl-cm6a-lr","ssp126",NA,4.09554846896104,16.0835226876396
"1601",2124,"Autonomous Province of Trento","ipsl-cm6a-lr","ssp126",NA,2.82004048584505,13.4466142926898
"1602",2125,"Autonomous Province of Trento","ipsl-cm6a-lr","ssp126",NA,0.352339283615168,12.9395919799805
"1603",2126,"Autonomous Province of Trento","ipsl-cm6a-lr","ssp126",NA,3.89322180652536,14.580455671038
"1604",2127,"Autonomous Province of Trento","ipsl-cm6a-lr","ssp126",NA,15.2317501645355,10.2117204938616
"1605",2128,"Autonomous Province of Trento","ipsl-cm6a-lr","ssp126",NA,0.288647978738611,9.33194667271208
"1606",2129,"Autonomous Province of Trento","ipsl-cm6a-lr","ssp126",NA,0.131945240510894,10.070195225307
"1607",2130,"Autonomous Province of Trento","ipsl-cm6a-lr","ssp126",NA,1.18439883216135,6.73716997419087
"1608",2131,"Autonomous Province of Trento","ipsl-cm6a-lr","ssp126",NA,0.0262255672428832,3.81393040248328
"1609",2132,"Autonomous Province of Trento","ipsl-cm6a-lr","ssp126",NA,0.824221623172758,3.43267865862167
"1610",2133,"Autonomous Province of Trento","ipsl-cm6a-lr","ssp126",NA,5.5485871338273,2.03905312674388
"1611",2134,"Autonomous Province of Trento","ipsl-cm6a-lr","ssp126",NA,0.130652104858849,4.4151800973075
"1612",2135,"Autonomous Province of Trento","ipsl-cm6a-lr","ssp126",NA,6.34697151170777,1.90755070277625
"1613",2136,"Autonomous Province of Trento","ipsl-cm6a-lr","ssp126",NA,0.569562586757197,1.81079254150393
"1614",2137,"Autonomous Province of Trento","ipsl-cm6a-lr","ssp126",NA,1.09410336205786,0.94364863804411
"1615",2138,"Autonomous Province of Trento","ipsl-cm6a-lr","ssp126",NA,3.46934996632627,0.271623229980492
"1616",2139,"Autonomous Province of Trento","ipsl-cm6a-lr","ssp126",NA,11.4246127759803,0.87847399030415
"1617",2140,"Autonomous Province of Trento","ipsl-cm6a-lr","ssp126",NA,0.435022792784626,-2.24179033551895
"1618",2141,"Autonomous Province of Trento","ipsl-cm6a-lr","ssp126",NA,0.5616565623963,-3.4020555768694
"1619",2142,"Autonomous Province of Trento","ipsl-cm6a-lr","ssp126",NA,0.0531441015482414,-2.89430302211214
"1620",2143,"Autonomous Province of Trento","ipsl-cm6a-lr","ssp126",NA,0.302179739238844,-2.09128526960098
"1621",2144,"Autonomous Province of Trento","ipsl-cm6a-lr","ssp126",NA,0,2.53627166748049
"1622",2145,"Autonomous Province of Trento","ipsl-cm6a-lr","ssp126",NA,0.395351436145574,-0.942537144252209
"1623",2146,"Autonomous Province of Trento","ipsl-cm6a-lr","ssp126",NA,0.119898627781367,-4.32824990408759
"1624",2147,"Autonomous Province of Trento","ipsl-cm6a-lr","ssp126",NA,0.299743500259605,0.816800144740536
"1625",2148,"Autonomous Province of Trento","ipsl-cm6a-lr","ssp126",NA,0.77427500416109,0.129812404087635
"1626",2149,"Autonomous Province of Trento","ipsl-cm6a-lr","ssp126",NA,4.00221087246402,-1.9801816667829
"1627",2150,"Autonomous Province of Trento","ipsl-cm6a-lr","ssp126",NA,6.12198447355955,-0.314513724190826
"1628",2151,"Autonomous Province of Trento","ipsl-cm6a-lr","ssp126",NA,0.881351354057968,0.245974295479933
"1629",2152,"Autonomous Province of Trento","ipsl-cm6a-lr","ssp126",NA,0.137901805503913,3.3396937779018
"1630",2153,"Autonomous Province of Trento","ipsl-cm6a-lr","ssp126",NA,0.477092962059292,6.60617980957034
"1631",2154,"Autonomous Province of Trento","ipsl-cm6a-lr","ssp126",NA,0.633192318673538,5.68841487339567
"1632",2155,"Autonomous Province of Trento","ipsl-cm6a-lr","ssp126",NA,0.0309537657293341,10.7794782366071
"1633",2156,"Autonomous Province of Trento","ipsl-cm6a-lr","ssp126",NA,1.75188879854561,10.3417221069336
"1634",2157,"Autonomous Province of Trento","ipsl-cm6a-lr","ssp126",NA,0.128948413579825,10.8205505371094
"1635",2158,"Autonomous Province of Trento","ipsl-cm6a-lr","ssp126",NA,5.01667283946777,6.83737335205082
"1636",2159,"Autonomous Province of Trento","ipsl-cm6a-lr","ssp126",NA,2.61037790048379,10.1358603341239
"1637",2160,"Autonomous Province of Trento","ipsl-cm6a-lr","ssp126",NA,1.15357363299284,10.9662915910993
"1638",2161,"Autonomous Province of Trento","ipsl-cm6a-lr","ssp126",NA,4.50084625367059,10.5327098301479
"1639",2162,"Autonomous Province of Trento","ipsl-cm6a-lr","ssp126",NA,14.83715033919,8.95214342389789
"1640",2163,"Autonomous Province of Trento","ipsl-cm6a-lr","ssp126",NA,3.6238058424455,9.85142342703685
"1641",2164,"Autonomous Province of Trento","ipsl-cm6a-lr","ssp126",NA,3.31332120713341,17.0873417445592
"1642",2165,"Autonomous Province of Trento","ipsl-cm6a-lr","ssp126",NA,3.22356257126687,17.1954677036831
"1643",2166,"Autonomous Province of Trento","ipsl-cm6a-lr","ssp126",NA,9.61552417603733,12.4984516688756
"1644",2167,"Autonomous Province of Trento","ipsl-cm6a-lr","ssp126",NA,4.45025530461862,14.7963228498187
"1645",2168,"Autonomous Province of Trento","ipsl-cm6a-lr","ssp126",NA,6.37574407727308,16.7810259137835
"1646",2169,"Autonomous Province of Trento","ipsl-cm6a-lr","ssp126",NA,1.79533638088937,15.4707744053432
"1647",2170,"Autonomous Province of Trento","ipsl-cm6a-lr","ssp126",NA,2.5065342507982,12.9757400512695
"1648",2171,"Autonomous Province of Trento","ipsl-cm6a-lr","ssp126",NA,1.16995152051719,15.1824530465262
"1649",2172,"Autonomous Province of Trento","ipsl-cm6a-lr","ssp126",NA,0.527502852881817,16.0514944893973
"1650",2173,"Autonomous Province of Trento","ipsl-cm6a-lr","ssp126",NA,4.62085277156023,16.2847098214286
"1651",2174,"Autonomous Province of Trento","ipsl-cm6a-lr","ssp126",NA,3.02124239065701,15.3062683105469
"1652",2175,"Autonomous Province of Trento","ipsl-cm6a-lr","ssp126",NA,0.868356971893394,14.8293123517718
"1653",2176,"Autonomous Province of Trento","ipsl-cm6a-lr","ssp126",NA,1.88321402437006,11.8485961914063
"1654",2177,"Autonomous Province of Trento","ipsl-cm6a-lr","ssp126",NA,2.7548158497666,11.5186935424805
"1655",2178,"Autonomous Province of Trento","ipsl-cm6a-lr","ssp126",NA,8.7258557547232,9.43669172014511
"1656",2179,"Autonomous Province of Trento","ipsl-cm6a-lr","ssp126",NA,9.05869466163755,11.6957227434431
"1657",2180,"Autonomous Province of Trento","ipsl-cm6a-lr","ssp126",NA,0.904268995145686,8.11171003069198
"1658",2181,"Autonomous Province of Trento","ipsl-cm6a-lr","ssp126",NA,15.1828012359277,7.70229492187503
"1659",2182,"Autonomous Province of Trento","ipsl-cm6a-lr","ssp126",NA,0.301405427139148,6.49027295793808
"1660",2183,"Autonomous Province of Trento","ipsl-cm6a-lr","ssp126",NA,10.8789534916078,4.07506059919087
"1661",2184,"Autonomous Province of Trento","ipsl-cm6a-lr","ssp126",NA,16.5522904744908,4.36218959263395
"1662",2185,"Autonomous Province of Trento","ipsl-cm6a-lr","ssp126",NA,0.125674813352816,1.10953674316409
"1663",2186,"Autonomous Province of Trento","ipsl-cm6a-lr","ssp126",NA,0.34287597227376,2.9612986973354
"1664",2187,"Autonomous Province of Trento","ipsl-cm6a-lr","ssp126",NA,0.852898092697224,-3.36275111607141
"1665",2188,"Autonomous Province of Trento","ipsl-cm6a-lr","ssp126",NA,0.00372326115081835,-1.8859684535435
"1666",2189,"Autonomous Province of Trento","ipsl-cm6a-lr","ssp126",NA,0.0534358033551793,-4.4783996582031
"1667",2190,"Autonomous Province of Trento","ipsl-cm6a-lr","ssp126",NA,0.762638523987594,-8.98713531494139
"1668",2191,"Autonomous Province of Trento","ipsl-cm6a-lr","ssp126",NA,0.995040923823709,-0.0501715523855789
"1669",2192,"Autonomous Province of Trento","ipsl-cm6a-lr","ssp126",NA,0.160784077369109,1.42537950788228
"1670",2193,"Autonomous Province of Trento","ipsl-cm6a-lr","ssp126",NA,1.61311333083306,-1.32379760742185
"1671",2194,"Autonomous Province of Trento","ipsl-cm6a-lr","ssp126",NA,0.843226985463325,-1.82035457066125
"1672",2195,"Autonomous Province of Trento","ipsl-cm6a-lr","ssp126",NA,2.03414093204109,-0.0514086042131467
"1673",2196,"Autonomous Province of Trento","ipsl-cm6a-lr","ssp126",NA,1.70523806886454,-0.195846121651762
"1674",2197,"Autonomous Province of Trento","ipsl-cm6a-lr","ssp126",NA,0.115612568957398,0.312108067103816
"1675",2198,"Autonomous Province of Trento","ipsl-cm6a-lr","ssp126",NA,0.219611468492076,0.715705217633951
"1676",2199,"Autonomous Province of Trento","ipsl-cm6a-lr","ssp126",NA,0.405254971052012,-0.0712036132812268
"1677",2200,"Autonomous Province of Trento","ipsl-cm6a-lr","ssp126",NA,0.142976399469522,1.98398088727681
"1678",2201,"Autonomous Province of Trento","ipsl-cm6a-lr","ssp126",NA,0.0404299095212731,2.99743477957592
"1679",2202,"Autonomous Province of Trento","ipsl-cm6a-lr","ssp126",NA,9.62435611537721,-0.663361249651202
"1680",2203,"Autonomous Province of Trento","ipsl-cm6a-lr","ssp126",NA,0.175952229996515,1.04884272984098
"1681",2204,"Autonomous Province of Trento","ipsl-cm6a-lr","ssp126",NA,0.4091054671075,5.04315338134768
"1682",2205,"Autonomous Province of Trento","ipsl-cm6a-lr","ssp126",NA,0.7472350439327,5.81214730398998
"1683",2206,"Autonomous Province of Trento","ipsl-cm6a-lr","ssp126",NA,0.897469332189108,2.1236260550363
"1684",2207,"Autonomous Province of Trento","ipsl-cm6a-lr","ssp126",NA,0.12296749745084,1.9925247192383
"1685",2208,"Autonomous Province of Trento","ipsl-cm6a-lr","ssp126",NA,1.78216231670376,8.13772299630304
"1686",2209,"Autonomous Province of Trento","ipsl-cm6a-lr","ssp126",NA,6.23562909887759,4.79743892124723
"1687",2210,"Autonomous Province of Trento","ipsl-cm6a-lr","ssp126",NA,0.57506123427759,2.36567840576174
"1688",2211,"Autonomous Province of Trento","ipsl-cm6a-lr","ssp126",NA,7.94675552429648,6.48201141357424
"1689",2212,"Autonomous Province of Trento","ipsl-cm6a-lr","ssp126",NA,15.9401418585081,9.0158096313477
"1690",2213,"Autonomous Province of Trento","ipsl-cm6a-lr","ssp126",NA,2.80918533457484,9.01398075648718
"1691",2214,"Autonomous Province of Trento","ipsl-cm6a-lr","ssp126",NA,1.83480005845402,10.5767761230469
"1692",2215,"Autonomous Province of Trento","ipsl-cm6a-lr","ssp126",NA,0.96902974024228,13.4701313563756
"1693",2216,"Autonomous Province of Trento","ipsl-cm6a-lr","ssp126",NA,2.14012967387264,10.5164047241211
"1694",2217,"Autonomous Province of Trento","ipsl-cm6a-lr","ssp126",NA,0.877939201252178,14.6222625732422
"1695",2218,"Autonomous Province of Trento","ipsl-cm6a-lr","ssp126",NA,7.05523179479184,18.3753208705358
"1696",2219,"Autonomous Province of Trento","ipsl-cm6a-lr","ssp126",NA,1.66436670269832,13.2738608224052
"1697",2220,"Autonomous Province of Trento","ipsl-cm6a-lr","ssp126",NA,2.735277651014,17.2328386579241
"1698",2221,"Autonomous Province of Trento","ipsl-cm6a-lr","ssp126",NA,4.26672924971042,15.3852107456753
"1699",2222,"Autonomous Province of Trento","ipsl-cm6a-lr","ssp126",NA,4.74875996648864,14.9835645403181
"1700",2223,"Autonomous Province of Trento","ipsl-cm6a-lr","ssp126",NA,1.81874131551792,17.5740066528321
"1701",2224,"Autonomous Province of Trento","ipsl-cm6a-lr","ssp126",NA,1.70893174030685,18.2994639805385
"1702",2225,"Autonomous Province of Trento","ipsl-cm6a-lr","ssp126",NA,1.34462830280557,18.9110667637417
"1703",2226,"Autonomous Province of Trento","ipsl-cm6a-lr","ssp126",NA,0.570015079028963,18.0408612932478
"1704",2227,"Autonomous Province of Trento","ipsl-cm6a-lr","ssp126",NA,0.401570524731402,15.4530633108957
"1705",2228,"Autonomous Province of Trento","ipsl-cm6a-lr","ssp126",NA,1.09470307039114,16.7579317365374
"1706",2229,"Autonomous Province of Trento","ipsl-cm6a-lr","ssp126",NA,0.903494304878093,16.1032937186105
"1707",2230,"Autonomous Province of Trento","ipsl-cm6a-lr","ssp126",NA,2.74318874941985,14.0154216221401
"1708",2231,"Autonomous Province of Trento","ipsl-cm6a-lr","ssp126",NA,2.46243010619115,14.5979782104492
"1709",2232,"Autonomous Province of Trento","ipsl-cm6a-lr","ssp126",NA,10.0792311613207,12.4724430629186
"1710",2233,"Autonomous Province of Trento","ipsl-cm6a-lr","ssp126",NA,0.0361596046527016,8.31361977713453
"1711",2234,"Autonomous Province of Trento","ipsl-cm6a-lr","ssp126",NA,2.63835764862961,7.7008976527623
"1712",2235,"Autonomous Province of Trento","ipsl-cm6a-lr","ssp126",NA,1.13010747375353,5.76512407575337
"1713",2236,"Autonomous Province of Trento","ipsl-cm6a-lr","ssp126",NA,10.0870007326713,6.61502336774556
"1714",2237,"Autonomous Province of Trento","ipsl-cm6a-lr","ssp126",NA,0.476444383769246,3.56192278180806
"1715",2238,"Autonomous Province of Trento","ipsl-cm6a-lr","ssp126",NA,1.13533013799107,3.35029318673273
"1716",2239,"Autonomous Province of Trento","ipsl-cm6a-lr","ssp126",NA,0.0145311003897015,-0.112030683244956
"1717",2240,"Autonomous Province of Trento","ipsl-cm6a-lr","ssp126",NA,1.55928210172403,0.388550240652923
"1718",2241,"Autonomous Province of Trento","ipsl-cm6a-lr","ssp126",NA,0.181651958298192,-4.08716212681359
"1719",2242,"Autonomous Province of Trento","ipsl-cm6a-lr","ssp126",NA,0.0698430427421824,-1.58475341796873
"1720",2243,"Autonomous Province of Trento","ipsl-cm6a-lr","ssp126",NA,0.0335779057422769,-3.5436342511858
"1721",2244,"Autonomous Province of Trento","ipsl-cm6a-lr","ssp126",NA,0.0522473525052193,-6.68825051443915
"1722",2245,"Autonomous Province of Trento","ipsl-cm6a-lr","ssp126",NA,0.465275168621052,-3.99198543003625
"1723",2246,"Autonomous Province of Trento","ipsl-cm6a-lr","ssp126",NA,0.0555318887303916,-2.74513419015065
"1724",2247,"Autonomous Province of Trento","ipsl-cm6a-lr","ssp126",NA,0.0681817325780035,-2.16550074986047
"1725",2248,"Autonomous Province of Trento","ipsl-cm6a-lr","ssp126",NA,0.0360882733470395,-0.200205775669619
"1726",2249,"Autonomous Province of Trento","ipsl-cm6a-lr","ssp126",NA,0,0.818334742954822
"1727",2250,"Autonomous Province of Trento","ipsl-cm6a-lr","ssp126",NA,0,3.38510829380582
"1728",2251,"Autonomous Province of Trento","ipsl-cm6a-lr","ssp126",NA,11.5653778765591,1.54163622174946
"1729",2252,"Autonomous Province of Trento","ipsl-cm6a-lr","ssp126",NA,0.131059369232389,2.21372157505583
"1730",2253,"Autonomous Province of Trento","ipsl-cm6a-lr","ssp126",NA,0.379863705685628,1.9374219621931
"1731",2254,"Autonomous Province of Trento","ipsl-cm6a-lr","ssp126",NA,1.19568763676788,1.90427224295482
"1732",2255,"Autonomous Province of Trento","ipsl-cm6a-lr","ssp126",NA,0.13870531581363,2.43826446533205
"1733",2256,"Autonomous Province of Trento","ipsl-cm6a-lr","ssp126",NA,4.29929383878646,3.45357012067525
"1734",2257,"Autonomous Province of Trento","ipsl-cm6a-lr","ssp126",NA,5.35263881917802,4.33664746965683
"1735",2258,"Autonomous Province of Trento","ipsl-cm6a-lr","ssp126",NA,0.261302688626789,4.71714499337335
"1736",2259,"Autonomous Province of Trento","ipsl-cm6a-lr","ssp126",NA,5.55851740043311,4.76112518310549
"1737",2260,"Autonomous Province of Trento","ipsl-cm6a-lr","ssp126",NA,0.254298376148654,9.07834668840684
"1738",2261,"Autonomous Province of Trento","ipsl-cm6a-lr","ssp126",NA,2.23847268171084,9.62219281877791
"1739",2262,"Autonomous Province of Trento","ipsl-cm6a-lr","ssp126",NA,2.70359735950478,12.2146741594587
"1740",2263,"Autonomous Province of Trento","ipsl-cm6a-lr","ssp126",NA,2.05460038497612,13.8335270472935
"1741",2264,"Autonomous Province of Trento","ipsl-cm6a-lr","ssp126",NA,5.74249059011761,8.85173405238563
"1742",2265,"Autonomous Province of Trento","ipsl-cm6a-lr","ssp126",NA,3.79901910395607,12.1062190464565
"1743",2266,"Autonomous Province of Trento","ipsl-cm6a-lr","ssp126",NA,7.09209831732421,12.8606735229492
"1744",2267,"Autonomous Province of Trento","ipsl-cm6a-lr","ssp126",NA,2.78701555102348,16.6620836530413
"1745",2268,"Autonomous Province of Trento","ipsl-cm6a-lr","ssp126",NA,8.71509893342072,17.8264110020229
"1746",2269,"Autonomous Province of Trento","ipsl-cm6a-lr","ssp126",NA,4.49442699920318,11.4893421718053
"1747",2270,"Autonomous Province of Trento","ipsl-cm6a-lr","ssp126",NA,2.24158333752972,16.3354278564453
"1748",2271,"Autonomous Province of Trento","ipsl-cm6a-lr","ssp126",NA,4.45581166448912,16.9516311645508
"1749",2272,"Autonomous Province of Trento","ipsl-cm6a-lr","ssp126",NA,1.71719604893172,18.7495873587472
"1750",2273,"Autonomous Province of Trento","ipsl-cm6a-lr","ssp126",NA,6.03088094565984,13.7493519374303
"1751",2274,"Autonomous Province of Trento","ipsl-cm6a-lr","ssp126",NA,0.834311543985677,15.8043053763253
"1752",2275,"Autonomous Province of Trento","ipsl-cm6a-lr","ssp126",NA,0.060027155788183,17.6492095947266
"1753",2276,"Autonomous Province of Trento","ipsl-cm6a-lr","ssp126",NA,5.31511479036583,13.2017826625279
"1754",2277,"Autonomous Province of Trento","ipsl-cm6a-lr","ssp126",NA,3.08195301861685,15.7100703648159
"1755",2278,"Autonomous Province of Trento","ipsl-cm6a-lr","ssp126",NA,4.05745347678541,15.9177076067243
"1756",2279,"Autonomous Province of Trento","ipsl-cm6a-lr","ssp126",NA,2.63632859895162,16.1616084507534
"1757",2280,"Autonomous Province of Trento","ipsl-cm6a-lr","ssp126",NA,3.44578185260096,15.4331963675363
"1758",2281,"Autonomous Province of Trento","ipsl-cm6a-lr","ssp126",NA,8.46406177267584,12.905061340332
"1759",2282,"Autonomous Province of Trento","ipsl-cm6a-lr","ssp126",NA,0.777670556167972,12.3807399204799
"1760",2283,"Autonomous Province of Trento","ipsl-cm6a-lr","ssp126",NA,1.62924764455446,9.94106227329801
"1761",2284,"Autonomous Province of Trento","ipsl-cm6a-lr","ssp126",NA,0.394742066289057,7.00347399030415
"1762",2285,"Autonomous Province of Trento","ipsl-cm6a-lr","ssp126",NA,0.0153728505600676,9.3567825317383
"1763",2286,"Autonomous Province of Trento","ipsl-cm6a-lr","ssp126",NA,0,11.7054785592215
"1764",2287,"Autonomous Province of Trento","ipsl-cm6a-lr","ssp126",NA,0.167297064503405,4.51000911167692
"1765",2288,"Autonomous Province of Trento","ipsl-cm6a-lr","ssp126",NA,0.0405522563076894,2.24685930524556
"1766",2289,"Autonomous Province of Trento","ipsl-cm6a-lr","ssp126",NA,14.1079529785202,1.80318167550225
"1767",2290,"Autonomous Province of Trento","ipsl-cm6a-lr","ssp126",NA,6.0607123925625,2.86680428641185
"1768",2291,"Autonomous Province of Trento","ipsl-cm6a-lr","ssp126",NA,9.56178219034233,1.59434552873886
"1769",2292,"Autonomous Province of Trento","ipsl-cm6a-lr","ssp126",NA,0.0407077296196282,0.194298226492767
"1770",2293,"Autonomous Province of Trento","ipsl-cm6a-lr","ssp126",NA,2.39116773443259,-0.465023149762814
"1771",2294,"Autonomous Province of Trento","ipsl-cm6a-lr","ssp126",NA,9.55115992629933,0.42454463413786
"1772",2295,"Autonomous Province of Trento","ipsl-cm6a-lr","ssp126",NA,6.63936886272235,-2.17120099748882
"1773",2296,"Autonomous Province of Trento","ipsl-cm6a-lr","ssp126",NA,1.25737739157817,-1.84033268519808
"1774",2297,"Autonomous Province of Trento","ipsl-cm6a-lr","ssp126",NA,2.22039511962586,-7.88495919363836
"1775",2298,"Autonomous Province of Trento","ipsl-cm6a-lr","ssp126",NA,0.41446060376984,-1.48889116559707
"1776",2299,"Autonomous Province of Trento","ipsl-cm6a-lr","ssp126",NA,0,0.31833910260884
"1777",2300,"Autonomous Province of Trento","ipsl-cm6a-lr","ssp126",NA,0.309298412425311,-0.139928109305222
"1778",2301,"Autonomous Province of Trento","ipsl-cm6a-lr","ssp126",NA,0.453220432648647,-1.68658512660433
"1779",2302,"Autonomous Province of Trento","ipsl-cm6a-lr","ssp126",NA,3.66569986721775,2.24299120221822
"1780",2303,"Autonomous Province of Trento","ipsl-cm6a-lr","ssp126",NA,0.080648155173029,1.33168618338451
"1781",2304,"Autonomous Province of Trento","ipsl-cm6a-lr","ssp126",NA,0.00909455273878327,1.591694859096
"1782",2305,"Autonomous Province of Trento","ipsl-cm6a-lr","ssp126",NA,0.0117659125213062,3.02249189104355
"1783",2306,"Autonomous Province of Trento","ipsl-cm6a-lr","ssp126",NA,2.97683496311427,-0.293926348005001
"1784",2307,"Autonomous Province of Trento","ipsl-cm6a-lr","ssp126",NA,7.27272977025807,1.56146283830917
"1785",2308,"Autonomous Province of Trento","ipsl-cm6a-lr","ssp126",NA,1.17744357381265,0.791176278250581
"1786",2309,"Autonomous Province of Trento","ipsl-cm6a-lr","ssp126",NA,0.0706762213407533,0.977806527274019
"1787",2310,"Autonomous Province of Trento","ipsl-cm6a-lr","ssp126",NA,4.03170293718306,5.57156851632257
"1788",2311,"Autonomous Province of Trento","ipsl-cm6a-lr","ssp126",NA,4.39453638309715,-0.391232735770066
"1789",2312,"Autonomous Province of Trento","ipsl-cm6a-lr","ssp126",NA,3.45574058353252,2.60057329450337
"1790",2313,"Autonomous Province of Trento","ipsl-cm6a-lr","ssp126",NA,1.67251547261133,6.05331028529578
"1791",2314,"Autonomous Province of Trento","ipsl-cm6a-lr","ssp126",NA,10.7441210774206,6.18774021693641
"1792",2315,"Autonomous Province of Trento","ipsl-cm6a-lr","ssp126",NA,1.26204298643903,4.83034994942804
"1793",2316,"Autonomous Province of Trento","ipsl-cm6a-lr","ssp126",NA,0.211327587749111,9.96130087716243
"1794",2317,"Autonomous Province of Trento","ipsl-cm6a-lr","ssp126",NA,2.22897106034777,9.2192027500698
"1795",2318,"Autonomous Province of Trento","ipsl-cm6a-lr","ssp126",NA,1.11778809532552,9.14503413609097
"1796",2319,"Autonomous Province of Trento","ipsl-cm6a-lr","ssp126",NA,4.26808149952974,12.5572208949498
"1797",2320,"Autonomous Province of Trento","ipsl-cm6a-lr","ssp126",NA,1.39642565305361,13.0466073172433
"1798",2321,"Autonomous Province of Trento","ipsl-cm6a-lr","ssp126",NA,6.09399865788873,14.2229269845145
"1799",2322,"Autonomous Province of Trento","ipsl-cm6a-lr","ssp126",NA,1.67813914496427,15.0919760567802
"1800",2323,"Autonomous Province of Trento","ipsl-cm6a-lr","ssp126",NA,2.70216776066913,13.695082964216
"1801",2324,"Autonomous Province of Trento","ipsl-cm6a-lr","ssp126",NA,3.82426668376346,18.1296129499163
"1802",2325,"Autonomous Province of Trento","ipsl-cm6a-lr","ssp126",NA,4.3152039789285,12.2939980643136
"1803",2326,"Autonomous Province of Trento","ipsl-cm6a-lr","ssp126",NA,14.1486737187993,13.8903060913086
"1804",2327,"Autonomous Province of Trento","ipsl-cm6a-lr","ssp126",NA,4.49835700593602,14.9348497663226
"1805",2328,"Autonomous Province of Trento","ipsl-cm6a-lr","ssp126",NA,4.30252720587824,17.9725204467774
"1806",2329,"Autonomous Province of Trento","ipsl-cm6a-lr","ssp126",NA,3.80008432434157,19.5902518136161
"1807",2330,"Autonomous Province of Trento","ipsl-cm6a-lr","ssp126",NA,0.719530451169703,16.347910635812
"1808",2331,"Autonomous Province of Trento","ipsl-cm6a-lr","ssp126",NA,2.1437996073863,16.0477931431362
"1809",2332,"Autonomous Province of Trento","ipsl-cm6a-lr","ssp126",NA,4.23974764801512,15.732066999163
"1810",2333,"Autonomous Province of Trento","ipsl-cm6a-lr","ssp126",NA,2.95151296772279,14.288102722168
"1811",2334,"Autonomous Province of Trento","ipsl-cm6a-lr","ssp126",NA,0.173860812083148,12.6193644932338
"1812",2335,"Autonomous Province of Trento","ipsl-cm6a-lr","ssp126",NA,1.47891913180242,12.7235831124442
"1813",2336,"Autonomous Province of Trento","ipsl-cm6a-lr","ssp126",NA,4.49176199074698,11.260030909947
"1814",2337,"Autonomous Province of Trento","ipsl-cm6a-lr","ssp126",NA,8.31162257123391,10.1288532802037
"1815",2338,"Autonomous Province of Trento","ipsl-cm6a-lr","ssp126",NA,0.18235916208401,9.32149767194478
"1816",2339,"Autonomous Province of Trento","ipsl-cm6a-lr","ssp126",NA,0.927895535109461,10.3075980050223
"1817",2340,"Autonomous Province of Trento","ipsl-cm6a-lr","ssp126",NA,1.87968737404195,5.33410252162391
"1818",2341,"Autonomous Province of Trento","ipsl-cm6a-lr","ssp126",NA,0.251559202232394,4.46860438755583
"1819",2342,"Autonomous Province of Trento","ipsl-cm6a-lr","ssp126",NA,0.139475017632711,4.91949942452569
"1820",2343,"Autonomous Province of Trento","ipsl-cm6a-lr","ssp126",NA,1.03807065695167,3.45544259207592
"1821",2344,"Autonomous Province of Trento","ipsl-cm6a-lr","ssp126",NA,0.388758322670973,2.80667157854355
"1822",2345,"Autonomous Province of Trento","ipsl-cm6a-lr","ssp126",NA,12.8637049932877,3.06145847865516
"1823",2346,"Autonomous Province of Trento","ipsl-cm6a-lr","ssp126",NA,0.0127472680365567,-0.981031799316385
"1824",2347,"Autonomous Province of Trento","ipsl-cm6a-lr","ssp126",NA,0.10148870838488,-1.15352805001393
"1825",2348,"Autonomous Province of Trento","ipsl-cm6a-lr","ssp126",NA,1.93487814620831,-3.29396885463168
"1826",2349,"Autonomous Province of Trento","ipsl-cm6a-lr","ssp126",NA,0.176763647453169,-8.99785515921453
"1827",2350,"Autonomous Province of Trento","ipsl-cm6a-lr","ssp126",NA,0.87501167411444,-7.47450648716517
"1828",2351,"Autonomous Province of Trento","ipsl-cm6a-lr","ssp126",NA,1.18574108964822,-3.84682312011716
"1829",2352,"Autonomous Province of Trento","ipsl-cm6a-lr","ssp126",NA,1.41270544284323,-1.8412166050502
"1830",2353,"Autonomous Province of Trento","ipsl-cm6a-lr","ssp126",NA,1.52669098301236,-0.125241524832567
"1831",2354,"Autonomous Province of Trento","ipsl-cm6a-lr","ssp126",NA,2.59000674694627,-0.42050127301895
"1832",2355,"Autonomous Province of Trento","ipsl-cm6a-lr","ssp126",NA,7.64595358892361,0.289241681780158
"1833",2356,"Autonomous Province of Trento","ipsl-cm6a-lr","ssp126",NA,0.00811066826957228,0.10734056745259
"1834",2357,"Autonomous Province of Trento","ipsl-cm6a-lr","ssp126",NA,0.0198107736131143,-2.02633078438893
"1835",2358,"Autonomous Province of Trento","ipsl-cm6a-lr","ssp126",NA,7.09670519583077,-3.06154044015065
"1836",2359,"Autonomous Province of Trento","ipsl-cm6a-lr","ssp126",NA,1.97807104650565,1.01368212018696
"1837",2360,"Autonomous Province of Trento","ipsl-cm6a-lr","ssp126",NA,0.570907120267553,-3.09085747855048
"1838",2361,"Autonomous Province of Trento","ipsl-cm6a-lr","ssp126",NA,7.40445561761071,2.99775957380024
"1839",2362,"Autonomous Province of Trento","ipsl-cm6a-lr","ssp126",NA,2.1052633297586,2.7697453090123
"1840",2363,"Autonomous Province of Trento","ipsl-cm6a-lr","ssp126",NA,10.0190984475765,7.38003910609657
"1841",2364,"Autonomous Province of Trento","ipsl-cm6a-lr","ssp126",NA,3.11914775229525,3.59221692766464
"1842",2365,"Autonomous Province of Trento","ipsl-cm6a-lr","ssp126",NA,4.89245744654129,4.4565368652344
"1843",2366,"Autonomous Province of Trento","ipsl-cm6a-lr","ssp126",NA,3.0893761239765,7.75120479038784
"1844",2367,"Autonomous Province of Trento","ipsl-cm6a-lr","ssp126",NA,5.45334528481232,7.14038020542692
"1845",2368,"Autonomous Province of Trento","ipsl-cm6a-lr","ssp126",NA,2.8897071213318,5.3543629237584
"1846",2369,"Autonomous Province of Trento","ipsl-cm6a-lr","ssp126",NA,1.40014577414799,12.4568867274693
"1847",2370,"Autonomous Province of Trento","ipsl-cm6a-lr","ssp126",NA,7.20742127492226,8.08157719203405
"1848",2371,"Autonomous Province of Trento","ipsl-cm6a-lr","ssp126",NA,1.20608643901505,13.7031210763114
"1849",2372,"Autonomous Province of Trento","ipsl-cm6a-lr","ssp126",NA,2.5750702165429,17.1717141287668
"1850",2373,"Autonomous Province of Trento","ipsl-cm6a-lr","ssp126",NA,3.14848902905526,19.2001783098493
"1851",2374,"Autonomous Province of Trento","ipsl-cm6a-lr","ssp126",NA,7.46589969027939,17.6306069510324
"1852",2375,"Autonomous Province of Trento","ipsl-cm6a-lr","ssp126",NA,3.33907458930948,19.5692350115095
"1853",2376,"Autonomous Province of Trento","ipsl-cm6a-lr","ssp126",NA,9.42916402777234,16.4878173828125
"1854",2377,"Autonomous Province of Trento","ipsl-cm6a-lr","ssp126",NA,3.49923120825874,17.4548191615514
"1855",2378,"Autonomous Province of Trento","ipsl-cm6a-lr","ssp126",NA,2.21496453531082,16.5893024989537
"1856",2379,"Autonomous Province of Trento","ipsl-cm6a-lr","ssp126",NA,4.51152608974163,15.8747824532645
"1857",2380,"Autonomous Province of Trento","ipsl-cm6a-lr","ssp126",NA,9.33424357270789,16.1105623517718
"1858",2381,"Autonomous Province of Trento","ipsl-cm6a-lr","ssp126",NA,2.09504869492645,16.0839041573661
"1859",2382,"Autonomous Province of Trento","ipsl-cm6a-lr","ssp126",NA,4.09064020432197,14.3304033551898
"1860",2383,"Autonomous Province of Trento","ipsl-cm6a-lr","ssp126",NA,4.08516869473325,14.7067297799247
"1861",2384,"Autonomous Province of Trento","ipsl-cm6a-lr","ssp126",NA,2.46115445185881,14.5293005807059
"1862",2385,"Autonomous Province of Trento","ipsl-cm6a-lr","ssp126",NA,5.61062685811911,16.2166872297015
"1863",2386,"Autonomous Province of Trento","ipsl-cm6a-lr","ssp126",NA,3.5759122744951,13.4648943219866
"1864",2387,"Autonomous Province of Trento","ipsl-cm6a-lr","ssp126",NA,2.65591495131697,11.0331348964146
"1865",2388,"Autonomous Province of Trento","ipsl-cm6a-lr","ssp126",NA,0.208340172568049,12.235014125279
"1866",2389,"Autonomous Province of Trento","ipsl-cm6a-lr","ssp126",NA,0.378104493886764,10.6904497419085
"1867",2390,"Autonomous Province of Trento","ipsl-cm6a-lr","ssp126",NA,0.0620173667812196,12.8790374755859
"1868",2391,"Autonomous Province of Trento","ipsl-cm6a-lr","ssp126",NA,0.0367074331214618,9.34494389125281
"1869",2392,"Autonomous Province of Trento","ipsl-cm6a-lr","ssp126",NA,0.0126900910150393,6.39042162214009
"1870",2393,"Autonomous Province of Trento","ipsl-cm6a-lr","ssp126",NA,0.897394639819791,7.82339521135605
"1871",2394,"Autonomous Province of Trento","ipsl-cm6a-lr","ssp126",NA,3.10802748463175,5.63432246616911
"1872",2395,"Autonomous Province of Trento","ipsl-cm6a-lr","ssp126",NA,0.989886901269137,3.89964120047435
"1873",2396,"Autonomous Province of Trento","ipsl-cm6a-lr","ssp126",NA,1.68855480094083,2.89367719377792
"1874",2397,"Autonomous Province of Trento","ipsl-cm6a-lr","ssp126",NA,5.62631665512267,4.74570181710382
"1875",2398,"Autonomous Province of Trento","ipsl-cm6a-lr","ssp126",NA,3.83584436584507,1.68594730922156
"1876",2399,"Autonomous Province of Trento","ipsl-cm6a-lr","ssp126",NA,2.42804966151847,-1.77833949497766
"1877",2400,"Autonomous Province of Trento","ipsl-cm6a-lr","ssp126",NA,3.1156462375033,0.540957205636183
"1878",2401,"Autonomous Province of Trento","ipsl-cm6a-lr","ssp126",NA,2.18081423456949,-0.999584306989375
"1879",2402,"Autonomous Province of Trento","ipsl-cm6a-lr","ssp126",NA,0.111351492367768,-4.43755950927732
"1880",2403,"Autonomous Province of Trento","ipsl-cm6a-lr","ssp126",NA,0.0101542076013824,0.32019195556643
"1881",2404,"Autonomous Province of Trento","ipsl-cm6a-lr","ssp126",NA,0.0240955730467768,0.279569789341541
"1882",2405,"Autonomous Province of Trento","ipsl-cm6a-lr","ssp126",NA,0.273118957466067,-3.63505401611326
"1883",2406,"Autonomous Province of Trento","ipsl-cm6a-lr","ssp126",NA,0.0226193844875005,0.190097699846561
"1884",2407,"Autonomous Province of Trento","ipsl-cm6a-lr","ssp126",NA,0.87308533104858,-0.181029837472075
"1885",2408,"Autonomous Province of Trento","ipsl-cm6a-lr","ssp126",NA,0.584635829415804,-1.34196646554127
"1886",2409,"Autonomous Province of Trento","ipsl-cm6a-lr","ssp126",NA,0.5595747460185,0.95080501011442
"1887",2410,"Autonomous Province of Trento","ipsl-cm6a-lr","ssp126",NA,2.1842917034259,-0.940754045758907
"1888",2411,"Autonomous Province of Trento","ipsl-cm6a-lr","ssp126",NA,0.114894542132658,-2.35060076032364
"1889",2412,"Autonomous Province of Trento","ipsl-cm6a-lr","ssp126",NA,0.00577220463518253,0.599114990234398
"1890",2413,"Autonomous Province of Trento","ipsl-cm6a-lr","ssp126",NA,0.10179300058683,2.33638262067524
"1891",2414,"Autonomous Province of Trento","ipsl-cm6a-lr","ssp126",NA,0.135912767252323,2.75301949637279
"1892",2415,"Autonomous Province of Trento","ipsl-cm6a-lr","ssp126",NA,0.307099838287935,4.28345206124444
"1893",2416,"Autonomous Province of Trento","ipsl-cm6a-lr","ssp126",NA,1.01012013227384,7.25234592982703
"1894",2417,"Autonomous Province of Trento","ipsl-cm6a-lr","ssp126",NA,1.92455620500758,6.33709869384768
"1895",2418,"Autonomous Province of Trento","ipsl-cm6a-lr","ssp126",NA,4.19424840064104,8.01782379150394
"1896",2419,"Autonomous Province of Trento","ipsl-cm6a-lr","ssp126",NA,12.3192125224575,8.6338341849191
"1897",2420,"Autonomous Province of Trento","ipsl-cm6a-lr","ssp126",NA,9.41258136969866,9.42261766706196
"1898",2421,"Autonomous Province of Trento","ipsl-cm6a-lr","ssp126",NA,1.50096452863571,9.06330370221822
"1899",2422,"Autonomous Province of Trento","ipsl-cm6a-lr","ssp126",NA,5.1953626166973,12.2535350254604
"1900",2423,"Autonomous Province of Trento","ipsl-cm6a-lr","ssp126",NA,2.52050978536187,13.083141217913
"1901",2424,"Autonomous Province of Trento","ipsl-cm6a-lr","ssp126",NA,1.52144517511,15.903941999163
"1902",2425,"Autonomous Province of Trento","ipsl-cm6a-lr","ssp126",NA,2.46741396055898,18.9270732334682
"1903",2426,"Autonomous Province of Trento","ipsl-cm6a-lr","ssp126",NA,1.01034228100616,18.9934914725168
"1904",2427,"Autonomous Province of Trento","ipsl-cm6a-lr","ssp126",NA,2.84557437453259,17.3106083461217
"1905",2428,"Autonomous Province of Trento","ipsl-cm6a-lr","ssp126",NA,5.41608993867807,17.8169058663505
"1906",2429,"Autonomous Province of Trento","ipsl-cm6a-lr","ssp126",NA,0.878256289771733,15.9847383771624
"1907",2430,"Autonomous Province of Trento","ipsl-cm6a-lr","ssp126",NA,3.58948470768935,14.7853060041156
"1908",2431,"Autonomous Province of Trento","ipsl-cm6a-lr","ssp126",NA,1.19182426756846,16.6538133893694
"1909",2432,"Autonomous Province of Trento","ipsl-cm6a-lr","ssp126",NA,0.372844757267947,18.6609970092774
"1910",2433,"Autonomous Province of Trento","ipsl-cm6a-lr","ssp126",NA,1.27052675627835,20.2070861816407
"1911",2434,"Autonomous Province of Trento","ipsl-cm6a-lr","ssp126",NA,1.78072707972855,19.2752243041992
"1912",2435,"Autonomous Province of Trento","ipsl-cm6a-lr","ssp126",NA,1.8671646619623,19.3063424246652
"1913",2436,"Autonomous Province of Trento","ipsl-cm6a-lr","ssp126",NA,4.37139718227886,17.386487034389
"1914",2437,"Autonomous Province of Trento","ipsl-cm6a-lr","ssp126",NA,0.864582860491022,14.8870755876814
"1915",2438,"Autonomous Province of Trento","ipsl-cm6a-lr","ssp126",NA,0.621590480854398,13.7602227347238
"1916",2439,"Autonomous Province of Trento","ipsl-cm6a-lr","ssp126",NA,0.411502845651869,13.6116468157087
"1917",2440,"Autonomous Province of Trento","ipsl-cm6a-lr","ssp126",NA,0.0459179844775852,11.2666554042271
"1918",2441,"Autonomous Province of Trento","ipsl-cm6a-lr","ssp126",NA,0.0321710432867153,10.3725361415318
"1919",2442,"Autonomous Province of Trento","ipsl-cm6a-lr","ssp126",NA,9.69614499296897,11.0824491228376
"1920",2443,"Autonomous Province of Trento","ipsl-cm6a-lr","ssp126",NA,7.43442307480758,4.74026423863005
"1921",2444,"Autonomous Province of Trento","ipsl-cm6a-lr","ssp126",NA,9.72163909264053,6.79733646937781
"1922",2445,"Autonomous Province of Trento","ipsl-cm6a-lr","ssp126",NA,0.767211759583525,5.00631212506978
"1923",2446,"Autonomous Province of Trento","ipsl-cm6a-lr","ssp126",NA,7.5287542134382,4.7310010637556
"1924",2447,"Autonomous Province of Trento","ipsl-cm6a-lr","ssp126",NA,0.862586546541674,2.91457192557201
"1925",2448,"Autonomous Province of Trento","ipsl-cm6a-lr","ssp126",NA,4.37018104133001,0.731944928850468
"1926",2449,"Autonomous Province of Trento","ipsl-cm6a-lr","ssp126",NA,0.141337723601152,1.5156450544085
"1927",2450,"Autonomous Province of Trento","ipsl-cm6a-lr","ssp126",NA,1.90811475195005,-3.70421120779853
"1928",2451,"Autonomous Province of Trento","ipsl-cm6a-lr","ssp126",NA,0.274392778140152,-4.40236075265065
"1929",2452,"Autonomous Province of Trento","ipsl-cm6a-lr","ssp126",NA,1.90541956197714,-6.51442347935266
"1930",2453,"Autonomous Province of Trento","ipsl-cm6a-lr","ssp126",NA,4.91172883766921,-1.49685952322821
"1931",2454,"Autonomous Province of Trento","ipsl-cm6a-lr","ssp126",NA,0,-10.3031829833984
"1932",2455,"Autonomous Province of Trento","ipsl-cm6a-lr","ssp126",NA,0.531714969357771,-4.57136056082587
"1933",2456,"Autonomous Province of Trento","ipsl-cm6a-lr","ssp126",NA,0.0689939326808339,-2.95150822230746
"1934",2457,"Autonomous Province of Trento","ipsl-cm6a-lr","ssp126",NA,8.4635485016666,-2.08687438964842
"1935",2458,"Autonomous Province of Trento","ipsl-cm6a-lr","ssp126",NA,2.80444913036523,-0.489597429547967
"1936",2459,"Autonomous Province of Trento","ipsl-cm6a-lr","ssp126",NA,2.70948956824993,1.36336669921877
"1937",2460,"Autonomous Province of Trento","ipsl-cm6a-lr","ssp126",NA,7.08900989202448,2.58102896554132
"1938",2461,"Autonomous Province of Trento","ipsl-cm6a-lr","ssp126",NA,3.16182497330633,2.00974753243585
"1939",2462,"Autonomous Province of Trento","ipsl-cm6a-lr","ssp126",NA,0.0509581753379149,-0.124178859165716
"1940",2463,"Autonomous Province of Trento","ipsl-cm6a-lr","ssp126",NA,0.995942511170661,5.00399387904578
"1941",2464,"Autonomous Province of Trento","ipsl-cm6a-lr","ssp126",NA,1.17657921320123,-1.02046922956192
"1942",2465,"Autonomous Province of Trento","ipsl-cm6a-lr","ssp126",NA,2.19689184731189,-0.72894134521482
"1943",2466,"Autonomous Province of Trento","ipsl-cm6a-lr","ssp126",NA,3.30028112944742,0.273340933663527
"1944",2467,"Autonomous Province of Trento","ipsl-cm6a-lr","ssp126",NA,3.14164929047495,6.9641575404576
"1945",2468,"Autonomous Province of Trento","ipsl-cm6a-lr","ssp126",NA,11.9730509054145,5.13042384556364
"1946",2469,"Autonomous Province of Trento","ipsl-cm6a-lr","ssp126",NA,3.5369942581253,6.13962380545482
"1947",2470,"Autonomous Province of Trento","ipsl-cm6a-lr","ssp126",NA,1.74225358919752,8.5030489240374
"1948",2471,"Autonomous Province of Trento","ipsl-cm6a-lr","ssp126",NA,1.90347477463157,10.7764777047294
"1949",2472,"Autonomous Province of Trento","ipsl-cm6a-lr","ssp126",NA,0.158534676133318,11.1908682686942
"1950",2473,"Autonomous Province of Trento","ipsl-cm6a-lr","ssp126",NA,0.339079106951041,4.29127546037949
"1951",2474,"Autonomous Province of Trento","ipsl-cm6a-lr","ssp126",NA,3.51704317264584,10.6955505371094
"1952",2475,"Autonomous Province of Trento","ipsl-cm6a-lr","ssp126",NA,13.5632856650253,12.3155990600586
"1953",2476,"Autonomous Province of Trento","ipsl-cm6a-lr","ssp126",NA,1.58384340958427,12.3738614763533
"1954",2477,"Autonomous Province of Trento","ipsl-cm6a-lr","ssp126",NA,1.36806285625945,13.6479224068778
"1955",2478,"Autonomous Province of Trento","ipsl-cm6a-lr","ssp126",NA,8.42114142724313,15.4904288155692
"1956",2479,"Autonomous Province of Trento","ipsl-cm6a-lr","ssp126",NA,3.41180892768794,16.1237775530134
"1957",2480,"Autonomous Province of Trento","ipsl-cm6a-lr","ssp126",NA,2.04284444163412,18.1745380946568
"1958",2481,"Autonomous Province of Trento","ipsl-cm6a-lr","ssp126",NA,3.11678324068063,14.1698896135603
"1959",2482,"Autonomous Province of Trento","ipsl-cm6a-lr","ssp126",NA,0.939837073292437,17.2215068272182
"1960",2483,"Autonomous Province of Trento","ipsl-cm6a-lr","ssp126",NA,2.68815677725018,17.0405245099749
"1961",2484,"Autonomous Province of Trento","ipsl-cm6a-lr","ssp126",NA,1.03321140048657,18.242314365932
"1962",2485,"Autonomous Province of Trento","ipsl-cm6a-lr","ssp126",NA,0.889441750353269,19.9218579973493
"1963",2486,"Autonomous Province of Trento","ipsl-cm6a-lr","ssp126",NA,9.41264249748722,16.7266904558454
"1964",2487,"Autonomous Province of Trento","ipsl-cm6a-lr","ssp126",NA,1.83860809060466,13.8956717354911
"1965",2488,"Autonomous Province of Trento","ipsl-cm6a-lr","ssp126",NA,3.38309578149035,15.1926720755441
"1966",2489,"Autonomous Province of Trento","ipsl-cm6a-lr","ssp126",NA,1.2729221520723,12.4871536254883
"1967",2490,"Autonomous Province of Trento","ipsl-cm6a-lr","ssp126",NA,2.04837902422566,14.6657501220703
"1968",2491,"Autonomous Province of Trento","ipsl-cm6a-lr","ssp126",NA,0.0898799091893513,11.6362025669643
"1969",2492,"Autonomous Province of Trento","ipsl-cm6a-lr","ssp126",NA,0.338616840547599,9.64288155691967
"1970",2493,"Autonomous Province of Trento","ipsl-cm6a-lr","ssp126",NA,0.10194870648255,10.7780166625977
"1971",2494,"Autonomous Province of Trento","ipsl-cm6a-lr","ssp126",NA,0,9.74105115618027
"1972",2495,"Autonomous Province of Trento","ipsl-cm6a-lr","ssp126",NA,0.076305333628365,5.11720428466799
"1973",2496,"Autonomous Province of Trento","ipsl-cm6a-lr","ssp126",NA,5.017894165316,6.96499895368306
"1974",2497,"Autonomous Province of Trento","ipsl-cm6a-lr","ssp126",NA,1.71408240811226,4.90035836356029
"1975",2498,"Autonomous Province of Trento","ipsl-cm6a-lr","ssp126",NA,0.30883028266544,-0.115547834123863
"1976",2499,"Autonomous Province of Trento","ipsl-cm6a-lr","ssp126",NA,0.517376652507144,-2.71591687883647
"1977",2500,"Autonomous Province of Trento","ipsl-cm6a-lr","ssp126",NA,4.62547639224015,-1.25975319998603
"1978",2501,"Autonomous Province of Trento","ipsl-cm6a-lr","ssp126",NA,8.9709115460989,-9.13076466151643
"1979",2502,"Autonomous Province of Trento","ipsl-cm6a-lr","ssp126",NA,11.7247651427403,-2.7217348371233
"1980",2503,"Autonomous Province of Trento","ipsl-cm6a-lr","ssp126",NA,3.74731208637188,0.827487836565315
"1981",2504,"Autonomous Province of Trento","ipsl-cm6a-lr","ssp126",NA,0.257705990588875,-6.99805842808314
"1982",2505,"Autonomous Province of Trento","ipsl-cm6a-lr","ssp126",NA,1.53786714164588,-2.92474103655132
"1983",2506,"Autonomous Province of Trento","ipsl-cm6a-lr","ssp126",NA,0.0535375740193038,-3.50019683837888
"1984",2507,"Autonomous Province of Trento","ipsl-cm6a-lr","ssp126",NA,2.49412793269325,-6.3432040623256
"1985",2508,"Autonomous Province of Trento","ipsl-cm6a-lr","ssp126",NA,0.0189137207728761,-5.26053248814172
"1986",2509,"Autonomous Province of Trento","ipsl-cm6a-lr","ssp126",NA,0.0593127987355859,0.311301531110513
"1987",2510,"Autonomous Province of Trento","ipsl-cm6a-lr","ssp126",NA,0.0323069963997113,1.18698490687781
"1988",2511,"Autonomous Province of Trento","ipsl-cm6a-lr","ssp126",NA,1.23774187598299,1.20643768310549
"1989",2512,"Autonomous Province of Trento","ipsl-cm6a-lr","ssp126",NA,0.198200048738987,-4.36657671247208
"1990",2513,"Autonomous Province of Trento","ipsl-cm6a-lr","ssp126",NA,0.0221970053254543,1.36778302873886
"1991",2514,"Autonomous Province of Trento","ipsl-cm6a-lr","ssp126",NA,0.398096365019488,2.73058035714288
"1992",2515,"Autonomous Province of Trento","ipsl-cm6a-lr","ssp126",NA,0.113180951484537,1.60740378243585
"1993",2516,"Autonomous Province of Trento","ipsl-cm6a-lr","ssp126",NA,0.725330303456368,3.24553506033763
"1994",2517,"Autonomous Province of Trento","ipsl-cm6a-lr","ssp126",NA,0.926766914770788,2.99608219691688
"1995",2518,"Autonomous Province of Trento","ipsl-cm6a-lr","ssp126",NA,0.317017474506949,3.71323547363283
"1996",2519,"Autonomous Province of Trento","ipsl-cm6a-lr","ssp126",NA,0.13206253219583,1.82462136404857
"1997",2520,"Autonomous Province of Trento","ipsl-cm6a-lr","ssp126",NA,0.814212489967758,1.9444039481027
"1998",2521,"Autonomous Province of Trento","ipsl-cm6a-lr","ssp126",NA,9.11773442876438,6.29415065220427
"1999",2522,"Autonomous Province of Trento","ipsl-cm6a-lr","ssp126",NA,2.3556518073227,8.00931265694755
"2000",2523,"Autonomous Province of Trento","ipsl-cm6a-lr","ssp126",NA,4.00809121066621,7.0366651262556
"2001",2524,"Autonomous Province of Trento","ipsl-cm6a-lr","ssp126",NA,0.402561616140572,10.1039345877511
"2002",2525,"Autonomous Province of Trento","ipsl-cm6a-lr","ssp126",NA,7.0096432812014,9.79245692661834
"2003",2526,"Autonomous Province of Trento","ipsl-cm6a-lr","ssp126",NA,11.0148140390655,9.0897177559989
"2004",2527,"Autonomous Province of Trento","ipsl-cm6a-lr","ssp126",NA,3.15426188338149,10.9376879010882
"2005",2528,"Autonomous Province of Trento","ipsl-cm6a-lr","ssp126",NA,6.1730274279658,10.4453085763114
"2006",2529,"Autonomous Province of Trento","ipsl-cm6a-lr","ssp126",NA,4.89978924680534,11.9099822998047
"2007",2530,"Autonomous Province of Trento","ipsl-cm6a-lr","ssp126",NA,4.14183534499638,14.3582702636719
"2008",2531,"Autonomous Province of Trento","ipsl-cm6a-lr","ssp126",NA,5.02265487431422,19.2124452863421
"2009",2532,"Autonomous Province of Trento","ipsl-cm6a-lr","ssp126",NA,5.0668227942359,17.225
"2010",2533,"Autonomous Province of Trento","ipsl-cm6a-lr","ssp126",NA,7.25935078572937,16.1146974836077
"2011",2534,"Autonomous Province of Trento","ipsl-cm6a-lr","ssp126",NA,1.77451237655727,14.5516307285854
"2012",2535,"Autonomous Province of Trento","ipsl-cm6a-lr","ssp126",NA,0.0170189192950992,16.5473408290318
"2013",2536,"Autonomous Province of Trento","ipsl-cm6a-lr","ssp126",NA,4.84521295116532,18.0984446934292
"2014",2537,"Autonomous Province of Trento","ipsl-cm6a-lr","ssp126",NA,2.45807338364362,18.9735035487584
"2015",2538,"Autonomous Province of Trento","ipsl-cm6a-lr","ssp126",NA,3.59351925925304,16.9624005998884
"2016",2539,"Autonomous Province of Trento","ipsl-cm6a-lr","ssp126",NA,8.09134128425545,16.3543651035854
"2017",2540,"Autonomous Province of Trento","ipsl-cm6a-lr","ssp126",NA,0.450004021019725,18.2055624825614
"2018",2541,"Autonomous Province of Trento","ipsl-cm6a-lr","ssp126",NA,0.221721510648162,16.2316146850586
"2019",2542,"Autonomous Province of Trento","ipsl-cm6a-lr","ssp126",NA,7.55000121890979,13.026876613072
"2020",2543,"Autonomous Province of Trento","ipsl-cm6a-lr","ssp126",NA,0.298618301323066,12.1271137782506
"2021",2544,"Autonomous Province of Trento","ipsl-cm6a-lr","ssp126",NA,0.19741110245377,12.5427065168108
"2022",2545,"Autonomous Province of Trento","ipsl-cm6a-lr","ssp126",NA,1.02202286720318,11.2313694545201
"2023",2546,"Autonomous Province of Trento","ipsl-cm6a-lr","ssp126",NA,0.0226593625874167,9.78733978271485
"2024",2547,"Autonomous Province of Trento","ipsl-cm6a-lr","ssp126",NA,2.33436631221723,10.4299331665039
"2025",2548,"Autonomous Province of Trento","ipsl-cm6a-lr","ssp126",NA,8.05348752496035,7.25145002092636
"2026",2549,"Autonomous Province of Trento","ipsl-cm6a-lr","ssp126",NA,0.216874766348545,7.8155947004046
"2027",2550,"Autonomous Province of Trento","ipsl-cm6a-lr","ssp126",NA,0.636150852421581,3.11104082380025
"2028",2551,"Autonomous Province of Trento","ipsl-cm6a-lr","ssp126",NA,2.89240129537315,0.686432320731052
"2029",2552,"Autonomous Province of Trento","ipsl-cm6a-lr","ssp126",NA,4.900730123271,2.13079223632815
"2030",2553,"Autonomous Province of Trento","ipsl-cm6a-lr","ssp126",NA,1.27702782901906,1.54971575055806
"2031",2554,"Autonomous Province of Trento","ipsl-cm6a-lr","ssp126",NA,0.12325759713089,0.186096627371675
"2032",2555,"Autonomous Province of Trento","ipsl-cm6a-lr","ssp126",NA,0.0426787466624644,-1.14024309430801
"2033",2556,"Autonomous Province of Trento","ipsl-cm6a-lr","ssp126",NA,0.25579719970535,-1.92845873151504
"2034",2557,"Autonomous Province of Trento","ipsl-cm6a-lr","ssp126",NA,0.0283860888495318,-1.59992392403737
"2035",2558,"Autonomous Province of Trento","ipsl-cm6a-lr","ssp126",NA,0.268336807961792,-2.62167423793246
"2036",2559,"Autonomous Province of Trento","ipsl-cm6a-lr","ssp126",NA,5.41230874452075,-0.435264151436919
"2037",2560,"Autonomous Province of Trento","ipsl-cm6a-lr","ssp126",NA,2.48882175614459,-2.20981445312498
"2038",2561,"Autonomous Province of Trento","ipsl-cm6a-lr","ssp126",NA,0.0844527494336945,-0.837102181570848
"2039",2562,"Autonomous Province of Trento","ipsl-cm6a-lr","ssp126",NA,0.148505999927043,0.0634279523577235
"2040",2563,"Autonomous Province of Trento","ipsl-cm6a-lr","ssp126",NA,1.14441766340211,0.410793195452032
"2041",2564,"Autonomous Province of Trento","ipsl-cm6a-lr","ssp126",NA,1.4859151301997,2.1626885550363
"2042",2565,"Autonomous Province of Trento","ipsl-cm6a-lr","ssp126",NA,0.669339237512239,2.4379581996373
"2043",2566,"Autonomous Province of Trento","ipsl-cm6a-lr","ssp126",NA,1.27977495779175,1.71116681780136
"2044",2567,"Autonomous Province of Trento","ipsl-cm6a-lr","ssp126",NA,1.40002484847303,3.97612370082313
"2045",2568,"Autonomous Province of Trento","ipsl-cm6a-lr","ssp126",NA,7.23820878990539,0.040804617745557
"2046",2569,"Autonomous Province of Trento","ipsl-cm6a-lr","ssp126",NA,0.902481330246829,-1.34503675188335
"2047",2570,"Autonomous Province of Trento","ipsl-cm6a-lr","ssp126",NA,1.17983027735785,1.88692517961777
"2048",2571,"Autonomous Province of Trento","ipsl-cm6a-lr","ssp126",NA,0.0454931153009445,7.405294581822
"2049",2572,"Autonomous Province of Trento","ipsl-cm6a-lr","ssp126",NA,1.33288216586932,3.18844103131977
"2050",2573,"Autonomous Province of Trento","ipsl-cm6a-lr","ssp126",NA,3.73443270478414,5.82540719168529
"2051",2574,"Autonomous Province of Trento","ipsl-cm6a-lr","ssp126",NA,1.98205569008029,4.48276127406532
"2052",2575,"Autonomous Province of Trento","ipsl-cm6a-lr","ssp126",NA,2.15730779729191,7.46346217564177
"2053",2576,"Autonomous Province of Trento","ipsl-cm6a-lr","ssp126",NA,0.474049264409717,9.06146392822268
"2054",2577,"Autonomous Province of Trento","ipsl-cm6a-lr","ssp126",NA,0.575999305354863,10.9884266444615
"2055",2578,"Autonomous Province of Trento","ipsl-cm6a-lr","ssp126",NA,0.486534509803148,14.9859514508929
"2056",2579,"Autonomous Province of Trento","ipsl-cm6a-lr","ssp126",NA,0.996192435247526,17.9533848353795
"2057",2580,"Autonomous Province of Trento","ipsl-cm6a-lr","ssp126",NA,1.52270620437776,14.1327224731445
"2058",2581,"Autonomous Province of Trento","ipsl-cm6a-lr","ssp126",NA,0.527281442945033,11.0424253191267
"2059",2582,"Autonomous Province of Trento","ipsl-cm6a-lr","ssp126",NA,0.140484771522357,16.4835438319615
"2060",2583,"Autonomous Province of Trento","ipsl-cm6a-lr","ssp126",NA,3.3153046451324,17.9550763811384
"2061",2584,"Autonomous Province of Trento","ipsl-cm6a-lr","ssp126",NA,2.41322659727042,18.9413761683873
"2062",2585,"Autonomous Province of Trento","ipsl-cm6a-lr","ssp126",NA,2.16282911418862,16.4381968906948
"2063",2586,"Autonomous Province of Trento","ipsl-cm6a-lr","ssp126",NA,6.99315618840046,15.1189361572266
"2064",2587,"Autonomous Province of Trento","ipsl-cm6a-lr","ssp126",NA,7.57015752782796,16.8180731637137
"2065",2588,"Autonomous Province of Trento","ipsl-cm6a-lr","ssp126",NA,3.24390694399231,18.1788138253349
"2066",2589,"Autonomous Province of Trento","ipsl-cm6a-lr","ssp126",NA,0.707089386872082,18.1264718191964
"2067",2590,"Autonomous Province of Trento","ipsl-cm6a-lr","ssp126",NA,3.69794739618945,18.1398156302316
"2068",2591,"Autonomous Province of Trento","ipsl-cm6a-lr","ssp126",NA,2.88161787076595,16.5000571114677
"2069",2592,"Autonomous Province of Trento","ipsl-cm6a-lr","ssp126",NA,0.79078543848092,18.0433789934431
"2070",2593,"Autonomous Province of Trento","ipsl-cm6a-lr","ssp126",NA,0.309435960999898,15.0277997698103
"2071",2594,"Autonomous Province of Trento","ipsl-cm6a-lr","ssp126",NA,1.61388642598987,15.1251508440291
"2072",2595,"Autonomous Province of Trento","ipsl-cm6a-lr","ssp126",NA,1.06399128651122,16.9643188476563
"2073",2596,"Autonomous Province of Trento","ipsl-cm6a-lr","ssp126",NA,0.582202937117212,13.724021257673
"2074",2597,"Autonomous Province of Trento","ipsl-cm6a-lr","ssp126",NA,0.25519692447103,12.5323076520648
"2075",2598,"Autonomous Province of Trento","ipsl-cm6a-lr","ssp126",NA,7.41343735984888,8.66363677978516
"2076",2599,"Autonomous Province of Trento","ipsl-cm6a-lr","ssp126",NA,4.64814064224421,6.94489985874723
"2077",2600,"Autonomous Province of Trento","ipsl-cm6a-lr","ssp126",NA,0.348942459588995,8.06942247663228
"2078",2601,"Autonomous Province of Trento","ipsl-cm6a-lr","ssp126",NA,0.373153797616916,7.08807416643418
"2079",2602,"Autonomous Province of Trento","ipsl-cm6a-lr","ssp126",NA,0.341431119730779,7.18637782505583
"2080",2603,"Autonomous Province of Trento","ipsl-cm6a-lr","ssp126",NA,0.403089413287359,5.07538430350169
"2081",2604,"Autonomous Province of Trento","ipsl-cm6a-lr","ssp126",NA,0.111414438028338,0.833557564871675
"2082",2605,"Autonomous Province of Trento","ipsl-cm6a-lr","ssp126",NA,0.435624368453448,2.9177926199777
"2083",2606,"Autonomous Province of Trento","ipsl-cm6a-lr","ssp126",NA,5.53865605019642,0.242271859305266
"2084",2607,"Autonomous Province of Trento","ipsl-cm6a-lr","ssp126",NA,0.619878777186906,1.37560860770092
"2085",2608,"Autonomous Province of Trento","ipsl-cm6a-lr","ssp126",NA,0.0653670955736224,0.533349609375025
"2086",2609,"Autonomous Province of Trento","ipsl-cm6a-lr","ssp126",NA,0.291336211193993,1.14062325613842
"2087",2610,"Autonomous Province of Trento","ipsl-cm6a-lr","ssp126",NA,0.271928972896214,-2.48870588030132
"2088",2611,"Autonomous Province of Trento","ipsl-cm6a-lr","ssp126",NA,0.0691914236735361,-0.791907828194734
"2089",2612,"Autonomous Province of Trento","ipsl-cm6a-lr","ssp126",NA,0.0062379047189357,-0.0886389596121441
"2090",2613,"Autonomous Province of Trento","ipsl-cm6a-lr","ssp126",NA,0.88080191118414,2.57315107073105
"2091",2614,"Autonomous Province of Trento","ipsl-cm6a-lr","ssp126",NA,0.581203830513134,2.20603659493585
"2092",2615,"Autonomous Province of Trento","ipsl-cm6a-lr","ssp126",NA,2.18233314101651,1.95417284284322
"2093",2616,"Autonomous Province of Trento","ipsl-cm6a-lr","ssp126",NA,1.5584261685035,-1.8960021972656
"2094",2617,"Autonomous Province of Trento","ipsl-cm6a-lr","ssp126",NA,0,1.14741123744422
"2095",2618,"Autonomous Province of Trento","ipsl-cm6a-lr","ssp126",NA,0.0181223486703987,2.33782021658764
"2096",2619,"Autonomous Province of Trento","ipsl-cm6a-lr","ssp126",NA,0,3.45977717808317
"2097",2620,"Autonomous Province of Trento","ipsl-cm6a-lr","ssp126",NA,0.0770252821634391,2.43284868512837
"2098",2621,"Autonomous Province of Trento","ipsl-cm6a-lr","ssp126",NA,0.485467276848794,-2.64458421979629
"2099",2622,"Autonomous Province of Trento","ipsl-cm6a-lr","ssp126",NA,0.747706822065604,2.97913949148998
"2100",2623,"Autonomous Province of Trento","ipsl-cm6a-lr","ssp126",NA,3.92804176262871,6.395647757394
"2101",2624,"Autonomous Province of Trento","ipsl-cm6a-lr","ssp126",NA,10.274671094833,3.34666268484935
"2102",2625,"Autonomous Province of Trento","ipsl-cm6a-lr","ssp126",NA,2.79255575491593,5.53577248709545
"2103",2626,"Autonomous Province of Trento","ipsl-cm6a-lr","ssp126",NA,0.648376212978162,8.89534912109377
"2104",2627,"Autonomous Province of Trento","ipsl-cm6a-lr","ssp126",NA,3.77574581034423,10.2202686854771
"2105",2628,"Autonomous Province of Trento","ipsl-cm6a-lr","ssp126",NA,7.5708691359718,8.01770172119144
"2106",2629,"Autonomous Province of Trento","ipsl-cm6a-lr","ssp126",NA,2.91562445262181,10.2916176932199
"2107",2630,"Autonomous Province of Trento","ipsl-cm6a-lr","ssp126",NA,1.913715626532,12.0286139351981
"2108",2631,"Autonomous Province of Trento","ipsl-cm6a-lr","ssp126",NA,1.93452570705891,18.1437218802316
"2109",2632,"Autonomous Province of Trento","ipsl-cm6a-lr","ssp126",NA,1.54862695356184,19.5866093226842
"2110",2633,"Autonomous Province of Trento","ipsl-cm6a-lr","ssp126",NA,2.34491278236289,21.8087184361049
"2111",2634,"Autonomous Province of Trento","ipsl-cm6a-lr","ssp126",NA,8.91786745627803,18.9153926304409
"2112",2635,"Autonomous Province of Trento","ipsl-cm6a-lr","ssp126",NA,5.08154111650064,16.3048993791853
"2113",2636,"Autonomous Province of Trento","ipsl-cm6a-lr","ssp126",NA,1.47882552051409,16.6506711687361
"2114",2637,"Autonomous Province of Trento","ipsl-cm6a-lr","ssp126",NA,4.64852408344346,19.5339970179967
"2115",2638,"Autonomous Province of Trento","ipsl-cm6a-lr","ssp126",NA,2.0703221392718,21.6159465244838
"2116",2639,"Autonomous Province of Trento","ipsl-cm6a-lr","ssp126",NA,4.25368332690986,18.4494262695313
"2117",2640,"Autonomous Province of Trento","ipsl-cm6a-lr","ssp126",NA,0.276280463185685,19.3139456612723
"2118",2641,"Autonomous Province of Trento","ipsl-cm6a-lr","ssp126",NA,0.423430195522607,20.818129839216
"2119",2642,"Autonomous Province of Trento","ipsl-cm6a-lr","ssp126",NA,1.68509447943766,18.4566523960659
"2120",2643,"Autonomous Province of Trento","ipsl-cm6a-lr","ssp126",NA,3.328947315822,17.4366383143834
"2121",2644,"Autonomous Province of Trento","ipsl-cm6a-lr","ssp126",NA,1.04163821852126,16.8057658604213
"2122",2645,"Autonomous Province of Trento","ipsl-cm6a-lr","ssp126",NA,1.95450149588266,17.2705583844866
"2123",2646,"Autonomous Province of Trento","ipsl-cm6a-lr","ssp126",NA,0.356288431326643,15.5393909999303
"2124",2647,"Autonomous Province of Trento","ipsl-cm6a-lr","ssp126",NA,4.45272666901084,16.2706150599889
"2125",2648,"Autonomous Province of Trento","ipsl-cm6a-lr","ssp126",NA,2.46389590320177,14.5579282488142
"2126",2649,"Autonomous Province of Trento","ipsl-cm6a-lr","ssp126",NA,2.14331849222487,11.4824768066406
"2127",2650,"Autonomous Province of Trento","ipsl-cm6a-lr","ssp126",NA,3.49485833113639,5.78393380301341
"2128",2651,"Autonomous Province of Trento","ipsl-cm6a-lr","ssp126",NA,5.70014019878206,7.29565364292692
"2129",2652,"Autonomous Province of Trento","ipsl-cm6a-lr","ssp126",NA,9.92770899527908,9.77880575997492
"2130",2653,"Autonomous Province of Trento","ipsl-cm6a-lr","ssp126",NA,0.688610066650394,9.35104958670483
"2131",2654,"Autonomous Province of Trento","ipsl-cm6a-lr","ssp126",NA,3.4151910143919,9.94399523053851
"2132",2655,"Autonomous Province of Trento","ipsl-cm6a-lr","ssp126",NA,0.408960864894782,6.20073961530415
"2133",2656,"Autonomous Province of Trento","ipsl-cm6a-lr","ssp126",NA,0.0385866307884239,1.4347843715123
"2134",2657,"Autonomous Province of Trento","ipsl-cm6a-lr","ssp126",NA,4.64319823690208,4.39531860351565
"2135",2658,"Autonomous Province of Trento","ipsl-cm6a-lr","ssp126",NA,2.56428077597905,3.2380571637835
"2136",2659,"Autonomous Province of Trento","ipsl-cm6a-lr","ssp126",NA,2.6084813993553,-1.92410343715121
"2137",2660,"Autonomous Province of Trento","ipsl-cm6a-lr","ssp126",NA,1.3001139449573,-4.55305546351839
"2138",2661,"Autonomous Province of Trento","ipsl-cm6a-lr","ssp126",NA,2.99331230353346,-1.10526014055522
"2139",2662,"Autonomous Province of Trento","ipsl-cm6a-lr","ssp126",NA,0.524789828679267,-1.06645268031527
"2140",2663,"Autonomous Province of Trento","ipsl-cm6a-lr","ssp126",NA,0.958691786191983,1.75525381905694
"2141",2664,"Autonomous Province of Trento","ipsl-cm6a-lr","ssp126",NA,4.29546693191826,1.92159532819478
"2142",2665,"Autonomous Province of Trento","ipsl-cm6a-lr","ssp126",NA,8.07244160200103,0.972971670968215
"2143",2666,"Autonomous Province of Trento","ipsl-cm6a-lr","ssp126",NA,0.00455031679718688,-0.569909885951428
"2144",2667,"Autonomous Province of Trento","ipsl-cm6a-lr","ssp126",NA,1.05564445309158,2.2066360473633
"2145",2668,"Autonomous Province of Trento","ipsl-cm6a-lr","ssp126",NA,0.799924093384368,2.25459224155973
"2146",2669,"Autonomous Province of Trento","ipsl-cm6a-lr","ssp126",NA,0.0797913263470815,-3.75243443080355
"2147",2670,"Autonomous Province of Trento","ipsl-cm6a-lr","ssp126",NA,0.648779491153358,-1.25572269984652
"2148",2671,"Autonomous Province of Trento","ipsl-cm6a-lr","ssp126",NA,2.44814873939114,-3.43029523577007
"2149",2672,"Autonomous Province of Trento","ipsl-cm6a-lr","ssp126",NA,2.54421656006473,-0.146143886021181
"2150",2673,"Autonomous Province of Trento","ipsl-cm6a-lr","ssp126",NA,5.18735735238027,3.82345515659879
"2151",2674,"Autonomous Province of Trento","ipsl-cm6a-lr","ssp126",NA,5.68265228464172,3.71119842529299
"2152",2675,"Autonomous Province of Trento","ipsl-cm6a-lr","ssp126",NA,1.71717637683417,2.51633387974333
"2153",2676,"Autonomous Province of Trento","ipsl-cm6a-lr","ssp126",NA,3.00809060434923,1.81895926339288
"2154",2677,"Autonomous Province of Trento","ipsl-cm6a-lr","ssp126",NA,6.52969017289382,1.98956124441967
"2155",2678,"Autonomous Province of Trento","ipsl-cm6a-lr","ssp126",NA,3.19525937520666,5.64634530203685
"2156",2679,"Autonomous Province of Trento","ipsl-cm6a-lr","ssp126",NA,0.900506825850504,6.74303588867191
"2157",2680,"Autonomous Province of Trento","ipsl-cm6a-lr","ssp126",NA,2.15077416738236,9.94422956194198
"2158",2681,"Autonomous Province of Trento","ipsl-cm6a-lr","ssp126",NA,6.47134262280815,10.9986565726144
"2159",2682,"Autonomous Province of Trento","ipsl-cm6a-lr","ssp126",NA,4.90466386081607,7.5520176478795
"2160",2683,"Autonomous Province of Trento","ipsl-cm6a-lr","ssp126",NA,0.0176897007414872,11.6238364083427
"2161",2684,"Autonomous Province of Trento","ipsl-cm6a-lr","ssp126",NA,0.095277954226601,16.4832844325474
"2162",2685,"Autonomous Province of Trento","ipsl-cm6a-lr","ssp126",NA,1.32035936258035,20.4975034441267
"2163",2686,"Autonomous Province of Trento","ipsl-cm6a-lr","ssp126",NA,3.0404708993696,13.2358664376395
"2164",2687,"Autonomous Province of Trento","ipsl-cm6a-lr","ssp126",NA,2.99605885312693,13.0973820277623
"2165",2688,"Autonomous Province of Trento","ipsl-cm6a-lr","ssp126",NA,4.10624231548614,16.216567339216
"2166",2689,"Autonomous Province of Trento","ipsl-cm6a-lr","ssp126",NA,1.06210259535666,15.9953039986747
"2167",2690,"Autonomous Province of Trento","ipsl-cm6a-lr","ssp126",NA,3.81712868402247,17.4358437674387
"2168",2691,"Autonomous Province of Trento","ipsl-cm6a-lr","ssp126",NA,1.46615603543978,19.2727610996791
"2169",2692,"Autonomous Province of Trento","ipsl-cm6a-lr","ssp126",NA,4.72783169516333,13.9962947300502
"2170",2693,"Autonomous Province of Trento","ipsl-cm6a-lr","ssp126",NA,1.97737928410788,16.779447719029
"2171",2694,"Autonomous Province of Trento","ipsl-cm6a-lr","ssp126",NA,2.0252471240123,20.3007239205497
"2172",2695,"Autonomous Province of Trento","ipsl-cm6a-lr","ssp126",NA,2.06551786238509,17.5295414515904
"2173",2696,"Autonomous Province of Trento","ipsl-cm6a-lr","ssp126",NA,1.45354602235394,15.5381190708706
"2174",2697,"Autonomous Province of Trento","ipsl-cm6a-lr","ssp126",NA,6.95603911735816,14.4692921229771
"2175",2698,"Autonomous Province of Trento","ipsl-cm6a-lr","ssp126",NA,2.31084958828173,14.6674078805107
"2176",2699,"Autonomous Province of Trento","ipsl-cm6a-lr","ssp126",NA,0.681456949314452,11.9431690761022
"2177",2700,"Autonomous Province of Trento","ipsl-cm6a-lr","ssp126",NA,3.2553563759393,13.2104038783482
"2178",2701,"Autonomous Province of Trento","ipsl-cm6a-lr","ssp126",NA,5.4166120562903,11.3939202444894
"2179",2702,"Autonomous Province of Trento","ipsl-cm6a-lr","ssp126",NA,0.0467286684007767,11.4422252110073
"2180",2703,"Autonomous Province of Trento","ipsl-cm6a-lr","ssp126",NA,3.08572017951779,6.17518768310549
"2181",2704,"Autonomous Province of Trento","ipsl-cm6a-lr","ssp126",NA,1.74866503439261,6.20625021798273
"2182",2705,"Autonomous Province of Trento","ipsl-cm6a-lr","ssp126",NA,10.5288466327173,8.14409790039066
"2183",2706,"Autonomous Province of Trento","ipsl-cm6a-lr","ssp126",NA,1.77738726153101,2.97082345145092
"2184",2707,"Autonomous Province of Trento","ipsl-cm6a-lr","ssp126",NA,4.80852488950144,3.24163534981866
"2185",2708,"Autonomous Province of Trento","ipsl-cm6a-lr","ssp126",NA,0.0789202422051209,2.35943320138116
"2186",2709,"Autonomous Province of Trento","ipsl-cm6a-lr","ssp126",NA,2.89476850011852,-1.40109427315846
"2187",2710,"Autonomous Province of Trento","ipsl-cm6a-lr","ssp126",NA,2.72456362898603,-0.200577436174644
"2188",2711,"Autonomous Province of Trento","ipsl-cm6a-lr","ssp126",NA,1.29115747752491,1.08725782121933
"2189",2712,"Autonomous Province of Trento","ipsl-cm6a-lr","ssp126",NA,0.982391084887371,-0.0426031930105785
"2190",2713,"Autonomous Province of Trento","ipsl-cm6a-lr","ssp126",NA,4.23437037695424,-0.158912222725981
"2191",2714,"Autonomous Province of Trento","ipsl-cm6a-lr","ssp126",NA,0.631058497544603,2.92087598528183
"2192",2715,"Autonomous Province of Trento","ipsl-cm6a-lr","ssp126",NA,4.16193516482183,-0.0975239345005355
"2193",2716,"Autonomous Province of Trento","ipsl-cm6a-lr","ssp126",NA,0.145149415350586,-2.23313533238
"2194",2717,"Autonomous Province of Trento","ipsl-cm6a-lr","ssp126",NA,4.78231631350354,-3.59117300851002
"2195",2718,"Autonomous Province of Trento","ipsl-cm6a-lr","ssp126",NA,0.212871459942627,-5.79497048514227
"2196",2719,"Autonomous Province of Trento","ipsl-cm6a-lr","ssp126",NA,2.7572741628059,-5.47011631556917
"2197",2720,"Autonomous Province of Trento","ipsl-cm6a-lr","ssp126",NA,3.92641613320198,-2.31639055524551
"2198",2721,"Autonomous Province of Trento","ipsl-cm6a-lr","ssp126",NA,3.8978954288593,-0.58307277134484
"2199",2722,"Autonomous Province of Trento","ipsl-cm6a-lr","ssp126",NA,1.61488262547209,1.31931566510884
"2200",2723,"Autonomous Province of Trento","ipsl-cm6a-lr","ssp126",NA,0.909864905484678,2.45528782435828
"2201",2724,"Autonomous Province of Trento","ipsl-cm6a-lr","ssp126",NA,0.200300584427688,-4.14442618233814
"2202",2725,"Autonomous Province of Trento","ipsl-cm6a-lr","ssp126",NA,3.11197016770685,1.28954031808038
"2203",2726,"Autonomous Province of Trento","ipsl-cm6a-lr","ssp126",NA,4.02851544487411,4.10192587716241
"2204",2727,"Autonomous Province of Trento","ipsl-cm6a-lr","ssp126",NA,6.43255832632609,3.58825618198942
"2205",2728,"Autonomous Province of Trento","ipsl-cm6a-lr","ssp126",NA,1.92154410788135,1.44912872314456
"2206",2729,"Autonomous Province of Trento","ipsl-cm6a-lr","ssp126",NA,2.62076171353069,-0.0444451468331236
"2207",2730,"Autonomous Province of Trento","ipsl-cm6a-lr","ssp126",NA,1.22989517416759,5.59366542271208
"2208",2731,"Autonomous Province of Trento","ipsl-cm6a-lr","ssp126",NA,3.70129441255683,7.10394003731866
"2209",2732,"Autonomous Province of Trento","ipsl-cm6a-lr","ssp126",NA,1.89788126730751,8.56086447579522
"2210",2733,"Autonomous Province of Trento","ipsl-cm6a-lr","ssp126",NA,0.362173171431225,7.62271815708708
"2211",2734,"Autonomous Province of Trento","ipsl-cm6a-lr","ssp126",NA,1.93252671225699,8.54014630998888
"2212",2735,"Autonomous Province of Trento","ipsl-cm6a-lr","ssp126",NA,2.50119136635476,10.5295120239258
"2213",2736,"Autonomous Province of Trento","ipsl-cm6a-lr","ssp126",NA,5.32431977725147,6.98050297328405
"2214",2737,"Autonomous Province of Trento","ipsl-cm6a-lr","ssp126",NA,1.30830035695908,9.75235028948104
"2215",2738,"Autonomous Province of Trento","ipsl-cm6a-lr","ssp126",NA,3.22634575859411,11.7347100394113
"2216",2739,"Autonomous Province of Trento","ipsl-cm6a-lr","ssp126",NA,2.31553824121095,13.5165812901088
"2217",2740,"Autonomous Province of Trento","ipsl-cm6a-lr","ssp126",NA,0.416922113345208,16.5242967878069
"2218",2741,"Autonomous Province of Trento","ipsl-cm6a-lr","ssp126",NA,1.73611675423412,17.917138671875
"2219",2742,"Autonomous Province of Trento","ipsl-cm6a-lr","ssp126",NA,3.3555124852033,16.1283192225865
"2220",2743,"Autonomous Province of Trento","ipsl-cm6a-lr","ssp126",NA,0.652443888611743,11.3740587506976
"2221",2744,"Autonomous Province of Trento","ipsl-cm6a-lr","ssp126",NA,0.395505553595806,16.1300064086914
"2222",2745,"Autonomous Province of Trento","ipsl-cm6a-lr","ssp126",NA,2.8478962598196,19.7576745169503
"2223",2746,"Autonomous Province of Trento","ipsl-cm6a-lr","ssp126",NA,1.58065729804418,17.4885639735631
"2224",2747,"Autonomous Province of Trento","ipsl-cm6a-lr","ssp126",NA,1.22434623417575,18.8186769757952
"2225",2748,"Autonomous Province of Trento","ipsl-cm6a-lr","ssp126",NA,4.1754418655598,15.5204461233957
"2226",2749,"Autonomous Province of Trento","ipsl-cm6a-lr","ssp126",NA,1.1693119933495,18.0122695922852
"2227",2750,"Autonomous Province of Trento","ipsl-cm6a-lr","ssp126",NA,1.41647135522882,19.162361580985
"2228",2751,"Autonomous Province of Trento","ipsl-cm6a-lr","ssp126",NA,1.30647197095511,14.2462304251535
"2229",2752,"Autonomous Province of Trento","ipsl-cm6a-lr","ssp126",NA,1.82363805375384,12.0306182861328
"2230",2753,"Autonomous Province of Trento","ipsl-cm6a-lr","ssp126",NA,0.112179452740487,13.2262217930385
"2231",2754,"Autonomous Province of Trento","ipsl-cm6a-lr","ssp126",NA,0.0889178205917623,7.65482700892859
"2232",2755,"Autonomous Province of Trento","ipsl-cm6a-lr","ssp126",NA,14.4324173289403,6.4388137817383
"2233",2756,"Autonomous Province of Trento","ipsl-cm6a-lr","ssp126",NA,0.0637126664514653,5.70523768833707
"2234",2757,"Autonomous Province of Trento","ipsl-cm6a-lr","ssp126",NA,6.38971190780597,3.06964263916018
"2235",2758,"Autonomous Province of Trento","ipsl-cm6a-lr","ssp126",NA,8.7062286384545,3.57363063267301
"2236",2759,"Autonomous Province of Trento","ipsl-cm6a-lr","ssp126",NA,4.77818293979259,4.92759094238284
"2237",2760,"Autonomous Province of Trento","ipsl-cm6a-lr","ssp126",NA,13.7719566885477,5.15342102050784
"2238",2761,"Autonomous Province of Trento","ipsl-cm6a-lr","ssp126",NA,5.09417109250145,-0.500739615304108
"2239",2762,"Autonomous Province of Trento","ipsl-cm6a-lr","ssp126",NA,3.6145069941475,-5.40729370117184
"2240",2763,"Autonomous Province of Trento","ipsl-cm6a-lr","ssp126",NA,3.51748502991021,-1.68944832938056
"2241",2764,"Autonomous Province of Trento","ipsl-cm6a-lr","ssp126",NA,1.20618218144435,0.94325844900951
"2242",2765,"Autonomous Province of Trento","ipsl-cm6a-lr","ssp126",NA,8.91933061663753,2.91289890834266
"2243",2766,"Autonomous Province of Trento","ipsl-cm6a-lr","ssp126",NA,0.0580560012297479,-0.187574768066383
"2244",2767,"Autonomous Province of Trento","ipsl-cm6a-lr","ssp126",NA,1.33474114102553,-2.75768781389507
"2245",2768,"Autonomous Province of Trento","ipsl-cm6a-lr","ssp126",NA,0,-3.1334529331752
"2246",2769,"Autonomous Province of Trento","ipsl-cm6a-lr","ssp126",NA,2.70595663745813,0.250065830775692
"2247",2770,"Autonomous Province of Trento","ipsl-cm6a-lr","ssp126",NA,0.00435911994957548,1.50975625174388
"2248",2771,"Autonomous Province of Trento","ipsl-cm6a-lr","ssp126",NA,0.00504894870963263,1.0833450317383
"2249",2772,"Autonomous Province of Trento","ipsl-cm6a-lr","ssp126",NA,0.00940325561324632,0.316198512486072
"2250",2773,"Autonomous Province of Trento","ipsl-cm6a-lr","ssp126",NA,0.0272625095801362,1.66882258823942
"2251",2774,"Autonomous Province of Trento","ipsl-cm6a-lr","ssp126",NA,0.160693143776111,1.27901066371375
"2252",2775,"Autonomous Province of Trento","ipsl-cm6a-lr","ssp126",NA,0,-1.59313703264507
"2253",2776,"Autonomous Province of Trento","ipsl-cm6a-lr","ssp126",NA,2.66344860132709,1.80068468366353
"2254",2777,"Autonomous Province of Trento","ipsl-cm6a-lr","ssp126",NA,3.01657951453568,-0.124210466657344
"2255",2778,"Autonomous Province of Trento","ipsl-cm6a-lr","ssp126",NA,0.415514088672353,2.54878060477123
"2256",2779,"Autonomous Province of Trento","ipsl-cm6a-lr","ssp126",NA,4.16377209328077,1.12080426897324
"2257",2780,"Autonomous Province of Trento","ipsl-cm6a-lr","ssp126",NA,0.25271155172959,4.65583299909322
"2258",2781,"Autonomous Province of Trento","ipsl-cm6a-lr","ssp126",NA,1.83087829949987,5.14908207484656
"2259",2782,"Autonomous Province of Trento","ipsl-cm6a-lr","ssp126",NA,0.53101973854999,8.41859806605751
"2260",2783,"Autonomous Province of Trento","ipsl-cm6a-lr","ssp126",NA,1.34767198677374,7.41526838030135
"2261",2784,"Autonomous Province of Trento","ipsl-cm6a-lr","ssp126",NA,1.32865887554934,8.9724539620536
"2262",2785,"Autonomous Province of Trento","ipsl-cm6a-lr","ssp126",NA,0.0961918811429184,10.3107151576451
"2263",2786,"Autonomous Province of Trento","ipsl-cm6a-lr","ssp126",NA,4.2830323589182,10.9859100341797
"2264",2787,"Autonomous Province of Trento","ipsl-cm6a-lr","ssp126",NA,1.03708951823397,16.5580459594727
"2265",2788,"Autonomous Province of Trento","ipsl-cm6a-lr","ssp126",NA,1.77017951787743,18.2445999145508
"2266",2789,"Autonomous Province of Trento","ipsl-cm6a-lr","ssp126",NA,3.7200703083207,17.3713187081473
"2267",2790,"Autonomous Province of Trento","ipsl-cm6a-lr","ssp126",NA,5.6959590664649,16.9950762067522
"2268",2791,"Autonomous Province of Trento","ipsl-cm6a-lr","ssp126",NA,9.36936471638807,17.4529205322266
"2269",2792,"Autonomous Province of Trento","ipsl-cm6a-lr","ssp126",NA,1.53848148381387,19.5142990112305
"2270",2793,"Autonomous Province of Trento","ipsl-cm6a-lr","ssp126",NA,0.68648584319817,15.7717289515904
"2271",2794,"Autonomous Province of Trento","ipsl-cm6a-lr","ssp126",NA,3.79547167579273,16.6160053798131
"2272",2795,"Autonomous Province of Trento","ipsl-cm6a-lr","ssp126",NA,4.71478347494017,16.5459915161133
"2273",2796,"Autonomous Province of Trento","ipsl-cm6a-lr","ssp126",NA,1.32942196609552,17.8302769252232
"2274",2797,"Autonomous Province of Trento","ipsl-cm6a-lr","ssp126",NA,1.26034500310977,18.0705189296178
"2275",2798,"Autonomous Province of Trento","ipsl-cm6a-lr","ssp126",NA,0.67002953494791,21.3987551007952
"2276",2799,"Autonomous Province of Trento","ipsl-cm6a-lr","ssp126",NA,2.38249760675119,17.698137991769
"2277",2800,"Autonomous Province of Trento","ipsl-cm6a-lr","ssp126",NA,2.69143445909451,15.4159626552037
"2278",2801,"Autonomous Province of Trento","ipsl-cm6a-lr","ssp126",NA,2.82362899644275,16.0488917759487
"2279",2802,"Autonomous Province of Trento","ipsl-cm6a-lr","ssp126",NA,3.22869602646928,14.4205206734794
"2280",2803,"Autonomous Province of Trento","ipsl-cm6a-lr","ssp126",NA,0.119136964310331,14.378318132673
"2281",2804,"Autonomous Province of Trento","ipsl-cm6a-lr","ssp126",NA,7.75792549238759,11.0151197160994
"2282",2805,"Autonomous Province of Trento","ipsl-cm6a-lr","ssp126",NA,0.784588559365926,10.5006456647601
"2283",2806,"Autonomous Province of Trento","ipsl-cm6a-lr","ssp126",NA,0.0416493782073043,11.6384249005999
"2284",2807,"Autonomous Province of Trento","ipsl-cm6a-lr","ssp126",NA,0.150081534385598,11.3676097324917
"2285",2808,"Autonomous Province of Trento","ipsl-cm6a-lr","ssp126",NA,22.6724761675411,9.68193969726564
"2286",2809,"Autonomous Province of Trento","ipsl-cm6a-lr","ssp126",NA,11.14767068245,7.28040248325895
"2287",2810,"Autonomous Province of Trento","ipsl-cm6a-lr","ssp126",NA,0.921736458050353,9.38939710344588
"2288",2811,"Autonomous Province of Trento","ipsl-cm6a-lr","ssp126",NA,0,3.4361282348633
"2289",2812,"Autonomous Province of Trento","ipsl-cm6a-lr","ssp126",NA,12.9734951356503,3.03494851248607
"2290",2813,"Autonomous Province of Trento","ipsl-cm6a-lr","ssp126",NA,3.12997900146002,1.78696594238284
"2291",2814,"Autonomous Province of Trento","ipsl-cm6a-lr","ssp126",NA,0,-5.90274331229071
"2292",2815,"Autonomous Province of Trento","ipsl-cm6a-lr","ssp126",NA,0.0426294143445764,0.754592241559733
"2293",2816,"Autonomous Province of Trento","ipsl-cm6a-lr","ssp126",NA,1.66387205523019,-1.36605028424942
"2294",2817,"Autonomous Province of Trento","ipsl-cm6a-lr","ssp126",NA,0.772668184552978,-0.627802821568057
"2295",2818,"Autonomous Province of Trento","ipsl-cm6a-lr","ssp126",NA,2.67842369573503,-0.976979500906787
"2296",2819,"Autonomous Province of Trento","ipsl-cm6a-lr","ssp126",NA,2.25521657015893,-1.76875697544641
"2297",2820,"Autonomous Province of Trento","ipsl-cm6a-lr","ssp126",NA,1.45135499473587,-1.80556117466515
"2298",2821,"Autonomous Province of Trento","ipsl-cm6a-lr","ssp126",NA,2.4494135121001,0.410287475585959
"2299",2822,"Autonomous Province of Trento","ipsl-cm6a-lr","ssp126",NA,0.00378044834568365,1.52500087193083
"2300",2823,"Autonomous Province of Trento","ipsl-cm6a-lr","ssp126",NA,0.518402912127516,1.84123600551062
"2301",2824,"Autonomous Province of Trento","ipsl-cm6a-lr","ssp126",NA,0.0277440913123428,1.4714043753488
"2302",2825,"Autonomous Province of Trento","ipsl-cm6a-lr","ssp126",NA,0.0309200877381954,-3.2952440534319
"2303",2826,"Autonomous Province of Trento","ipsl-cm6a-lr","ssp126",NA,0.0407276237768071,-2.28409641810824
"2304",2827,"Autonomous Province of Trento","ipsl-cm6a-lr","ssp126",NA,4.58538162822931,-0.173947579520067
"2305",2828,"Autonomous Province of Trento","ipsl-cm6a-lr","ssp126",NA,2.18873239994406,1.29596862792971
"2306",2829,"Autonomous Province of Trento","ipsl-cm6a-lr","ssp126",NA,0.779690501050417,4.65345916748049
"2307",2830,"Autonomous Province of Trento","ipsl-cm6a-lr","ssp126",NA,0.0369478251221673,5.4740430559431
"2308",2831,"Autonomous Province of Trento","ipsl-cm6a-lr","ssp126",NA,0.377537499181406,3.06025957380024
"2309",2832,"Autonomous Province of Trento","ipsl-cm6a-lr","ssp126",NA,6.08019203036747,2.11323481968473
"2310",2833,"Autonomous Province of Trento","ipsl-cm6a-lr","ssp126",NA,1.37741628106077,7.84708557128908
"2311",2834,"Autonomous Province of Trento","ipsl-cm6a-lr","ssp126",NA,4.87070520840851,8.03129076276508
"2312",2835,"Autonomous Province of Trento","ipsl-cm6a-lr","ssp126",NA,3.34323061310248,9.41044769287112
"2313",2836,"Autonomous Province of Trento","ipsl-cm6a-lr","ssp126",NA,5.30347176697563,6.75674482073105
"2314",2837,"Autonomous Province of Trento","ipsl-cm6a-lr","ssp126",NA,13.6898796936813,6.21773899623328
"2315",2838,"Autonomous Province of Trento","ipsl-cm6a-lr","ssp126",NA,5.35423119789422,10.2573715209961
"2316",2839,"Autonomous Province of Trento","ipsl-cm6a-lr","ssp126",NA,14.2095417747571,9.87334485735216
"2317",2840,"Autonomous Province of Trento","ipsl-cm6a-lr","ssp126",NA,2.79259019204931,13.0966757638114
"2318",2841,"Autonomous Province of Trento","ipsl-cm6a-lr","ssp126",NA,4.51411633075622,11.966206577846
"2319",2842,"Autonomous Province of Trento","ipsl-cm6a-lr","ssp126",NA,7.72832946377093,13.9938533238002
"2320",2843,"Autonomous Province of Trento","ipsl-cm6a-lr","ssp126",NA,3.4645648669019,16.4714599609375
"2321",2844,"Autonomous Province of Trento","ipsl-cm6a-lr","ssp126",NA,0.495630494879151,17.1817544119699
"2322",2845,"Autonomous Province of Trento","ipsl-cm6a-lr","ssp126",NA,3.15721669719226,15.3080862862723
"2323",2846,"Autonomous Province of Trento","ipsl-cm6a-lr","ssp126",NA,1.77985460885404,17.7169422694615
"2324",2847,"Autonomous Province of Trento","ipsl-cm6a-lr","ssp126",NA,6.75319550116131,17.9315396990095
"2325",2848,"Autonomous Province of Trento","ipsl-cm6a-lr","ssp126",NA,0.379086175299952,17.0989809308733
"2326",2849,"Autonomous Province of Trento","ipsl-cm6a-lr","ssp126",NA,5.67509697767881,18.1830950055804
"2327",2850,"Autonomous Province of Trento","ipsl-cm6a-lr","ssp126",NA,2.6941398497781,16.4711733136858
"2328",2851,"Autonomous Province of Trento","ipsl-cm6a-lr","ssp126",NA,1.59831808016731,16.3853251865932
"2329",2852,"Autonomous Province of Trento","ipsl-cm6a-lr","ssp126",NA,1.15972708383976,18.6346298217773
"2330",2853,"Autonomous Province of Trento","ipsl-cm6a-lr","ssp126",NA,0.889354113977397,18.8660140991211
"2331",2854,"Autonomous Province of Trento","ipsl-cm6a-lr","ssp126",NA,0.620938775136892,18.641996547154
"2332",2855,"Autonomous Province of Trento","ipsl-cm6a-lr","ssp126",NA,0.575715342308415,15.9938871111189
"2333",2856,"Autonomous Province of Trento","ipsl-cm6a-lr","ssp126",NA,0.20685211592146,15.7412745884487
"2334",2857,"Autonomous Province of Trento","ipsl-cm6a-lr","ssp126",NA,3.7617348623566,15.4387996128628
"2335",2858,"Autonomous Province of Trento","ipsl-cm6a-lr","ssp126",NA,2.33979552909399,13.9934925624303
"2336",2859,"Autonomous Province of Trento","ipsl-cm6a-lr","ssp126",NA,0.275322141533252,10.4855242047991
"2337",2860,"Autonomous Province of Trento","ipsl-cm6a-lr","ssp126",NA,1.62125201264384,8.47094770159043
"2338",2861,"Autonomous Province of Trento","ipsl-cm6a-lr","ssp126",NA,3.11391166064173,8.32161429268976
"2339",2862,"Autonomous Province of Trento","ipsl-cm6a-lr","ssp126",NA,10.706423805615,6.85802176339288
"2340",2863,"Autonomous Province of Trento","ipsl-cm6a-lr","ssp126",NA,2.02807306606181,4.73030460902625
"2341",2864,"Autonomous Province of Trento","ipsl-cm6a-lr","ssp126",NA,0.079243125323306,-1.69425811767576
"2342",2865,"Autonomous Province of Trento","ipsl-cm6a-lr","ssp126",NA,0.025528238620609,-0.151183646065825
"2343",2866,"Autonomous Province of Trento","ipsl-cm6a-lr","ssp126",NA,6.66766632767966,2.92331412179132
"2344",2867,"Autonomous Province of Trento","ipsl-cm6a-lr","ssp126",NA,0.128903593667928,-0.165312194824198
"2345",2868,"Autonomous Province of Trento","ipsl-cm6a-lr","ssp126",NA,0.366088077056962,-0.54415087018692
"2346",2869,"Autonomous Province of Trento","ipsl-cm6a-lr","ssp126",NA,0.373946886910354,1.61103319440571
"2347",2870,"Autonomous Province of Trento","ipsl-cm6a-lr","ssp126",NA,0.202826017006633,-2.27721906389507
"2348",2871,"Autonomous Province of Trento","ipsl-cm6a-lr","ssp126",NA,0.258434924294956,-6.16862880161829
"2349",2872,"Autonomous Province of Trento","ipsl-cm6a-lr","ssp126",NA,0.186499958830869,-0.161016845703103
"2350",2873,"Autonomous Province of Trento","ipsl-cm6a-lr","ssp126",NA,1.48726579017031,1.18723667689734
"2351",2874,"Autonomous Province of Trento","ipsl-cm6a-lr","ssp126",NA,1.20917036523939,3.04377136230471
"2352",2875,"Autonomous Province of Trento","ipsl-cm6a-lr","ssp126",NA,0.794941248282806,-0.0021488734653804
"2353",2876,"Autonomous Province of Trento","ipsl-cm6a-lr","ssp126",NA,0.925531053664081,-4.26723000662665
"2354",2877,"Autonomous Province of Trento","ipsl-cm6a-lr","ssp126",NA,0.103801213143535,0.778005763462634
"2355",2878,"Autonomous Province of Trento","ipsl-cm6a-lr","ssp126",NA,0.00380236734989533,1.12871486118864
"2356",2879,"Autonomous Province of Trento","ipsl-cm6a-lr","ssp126",NA,0.137881005918773,-3.13794882638112
"2357",2880,"Autonomous Province of Trento","ipsl-cm6a-lr","ssp126",NA,1.62401962422466,3.50698569161554
"2358",2881,"Autonomous Province of Trento","ipsl-cm6a-lr","ssp126",NA,6.33216076352515,-0.314428710937477
"2359",2882,"Autonomous Province of Trento","ipsl-cm6a-lr","ssp126",NA,0.0284901583394718,-1.92376883370534
"2360",2883,"Autonomous Province of Trento","ipsl-cm6a-lr","ssp126",NA,0.131393030486444,2.70811397007536
"2361",2884,"Autonomous Province of Trento","ipsl-cm6a-lr","ssp126",NA,4.09000341413568,2.20396248953685
"2362",2885,"Autonomous Province of Trento","ipsl-cm6a-lr","ssp126",NA,1.79526955216716,4.12314649309433
"2363",2886,"Autonomous Province of Trento","ipsl-cm6a-lr","ssp126",NA,6.76271903661732,4.60067029680527
"2364",2887,"Autonomous Province of Trento","ipsl-cm6a-lr","ssp126",NA,1.69379238562084,6.75394265311108
"2365",2888,"Autonomous Province of Trento","ipsl-cm6a-lr","ssp126",NA,0.0709823707048988,10.6708639962333
"2366",2889,"Autonomous Province of Trento","ipsl-cm6a-lr","ssp126",NA,0.409044273016791,10.9625281197684
"2367",2890,"Autonomous Province of Trento","ipsl-cm6a-lr","ssp126",NA,5.91385333347197,10.2514129638672
"2368",2891,"Autonomous Province of Trento","ipsl-cm6a-lr","ssp126",NA,8.56478904280655,7.99814322335382
"2369",2892,"Autonomous Province of Trento","ipsl-cm6a-lr","ssp126",NA,4.2004814018063,10.7384865897043
"2370",2893,"Autonomous Province of Trento","ipsl-cm6a-lr","ssp126",NA,3.76044590865214,13.8842276436942
"2371",2894,"Autonomous Province of Trento","ipsl-cm6a-lr","ssp126",NA,1.67642844986144,16.2129041399275
"2372",2895,"Autonomous Province of Trento","ipsl-cm6a-lr","ssp126",NA,3.31774225856601,19.1015247889928
"2373",2896,"Autonomous Province of Trento","ipsl-cm6a-lr","ssp126",NA,1.43354534110196,16.5158074515207
"2374",2897,"Autonomous Province of Trento","ipsl-cm6a-lr","ssp126",NA,7.06543926969191,18.950581577846
"2375",2898,"Autonomous Province of Trento","ipsl-cm6a-lr","ssp126",NA,9.99503673634276,16.8864750453404
"2376",2899,"Autonomous Province of Trento","ipsl-cm6a-lr","ssp126",NA,5.31304109302125,16.8791137695313
"2377",2900,"Autonomous Province of Trento","ipsl-cm6a-lr","ssp126",NA,3.19323451975443,18.8306387765067
"2378",2901,"Autonomous Province of Trento","ipsl-cm6a-lr","ssp126",NA,1.81076666946995,19.0132254464286
"2379",2902,"Autonomous Province of Trento","ipsl-cm6a-lr","ssp126",NA,2.00399342096976,16.9170918055943
"2380",2903,"Autonomous Province of Trento","ipsl-cm6a-lr","ssp126",NA,4.5755519132399,17.0789079938616
"2381",2904,"Autonomous Province of Trento","ipsl-cm6a-lr","ssp126",NA,3.55982518089409,16.8367139543806
"2382",2905,"Autonomous Province of Trento","ipsl-cm6a-lr","ssp126",NA,4.60608161769674,15.8866875784738
"2383",2906,"Autonomous Province of Trento","ipsl-cm6a-lr","ssp126",NA,0.486346181138028,14.5193365914481
"2384",2907,"Autonomous Province of Trento","ipsl-cm6a-lr","ssp126",NA,0.575113398995849,17.1362483433315
"2385",2908,"Autonomous Province of Trento","ipsl-cm6a-lr","ssp126",NA,0.21870148988715,16.7804646083287
"2386",2909,"Autonomous Province of Trento","ipsl-cm6a-lr","ssp126",NA,0.60184789077279,12.0946626935686
"2387",2910,"Autonomous Province of Trento","ipsl-cm6a-lr","ssp126",NA,0.169265786579282,8.72775639125282
"2388",2911,"Autonomous Province of Trento","ipsl-cm6a-lr","ssp126",NA,2.54573516587178,6.99805385044645
"2389",2912,"Autonomous Province of Trento","ipsl-cm6a-lr","ssp126",NA,7.61303614183687,6.20462842668808
"2390",2913,"Autonomous Province of Trento","ipsl-cm6a-lr","ssp126",NA,2.82360019043284,2.75102931431364
"2391",2914,"Autonomous Province of Trento","ipsl-cm6a-lr","ssp126",NA,1.12360548786715,2.60411442347938
"2392",2915,"Autonomous Province of Trento","ipsl-cm6a-lr","ssp126",NA,3.18878017972435,2.91220027378629
"2393",2916,"Autonomous Province of Trento","ipsl-cm6a-lr","ssp126",NA,0.83345984042223,4.90723026820594
"2394",2917,"Autonomous Province of Trento","ipsl-cm6a-lr","ssp126",NA,4.17067153538093,3.42746669224333
"2395",2918,"Autonomous Province of Trento","ipsl-cm6a-lr","ssp126",NA,0.25217234745339,1.00839821951732
"2396",2919,"Autonomous Province of Trento","ipsl-cm6a-lr","ssp126",NA,5.27944781991079,3.10180598667692
"2397",2920,"Autonomous Province of Trento","ipsl-cm6a-lr","ssp126",NA,0.745204784678728,-4.05692792619976
"2398",2921,"Autonomous Province of Trento","ipsl-cm6a-lr","ssp126",NA,1.42302037145003,0.3297799246652
"2399",2922,"Autonomous Province of Trento","ipsl-cm6a-lr","ssp126",NA,1.07166710554988,-2.43217751639228
"2400",2923,"Autonomous Province of Trento","ipsl-cm6a-lr","ssp126",NA,0.147662589045337,0.0657429286412046
"2401",2924,"Autonomous Province of Trento","ipsl-cm6a-lr","ssp126",NA,0.269005560351486,1.89989297049389
"2402",2925,"Autonomous Province of Trento","ipsl-cm6a-lr","ssp126",NA,0.672909543780925,2.88559439522882
"2403",2926,"Autonomous Province of Trento","ipsl-cm6a-lr","ssp126",NA,0.143569323933791,-1.99927477155411
"2404",2927,"Autonomous Province of Trento","ipsl-cm6a-lr","ssp126",NA,0.534510085812404,-1.97350594656806
"2405",2928,"Autonomous Province of Trento","ipsl-cm6a-lr","ssp126",NA,0.681810669604082,-3.28947623116627
"2406",2929,"Autonomous Province of Trento","ipsl-cm6a-lr","ssp126",NA,2.71091209485478,-4.73441271100723
"2407",2930,"Autonomous Province of Trento","ipsl-cm6a-lr","ssp126",NA,0.717866087948745,-4.87524043491906
"2408",2931,"Autonomous Province of Trento","ipsl-cm6a-lr","ssp126",NA,3.08417005702982,-2.34117627825054
"2409",2932,"Autonomous Province of Trento","ipsl-cm6a-lr","ssp126",NA,2.89310743095744,-1.37437286376951
"2410",2933,"Autonomous Province of Trento","ipsl-cm6a-lr","ssp126",NA,6.54034592865043,-1.26452593122207
"2411",2934,"Autonomous Province of Trento","ipsl-cm6a-lr","ssp126",NA,1.30505747287576,-1.56717311314172
"2412",2935,"Autonomous Province of Trento","ipsl-cm6a-lr","ssp126",NA,0.766508148743533,-1.00359954833982
"2413",2936,"Autonomous Province of Trento","ipsl-cm6a-lr","ssp126",NA,0.321126074712603,1.21031341552737
"2414",2937,"Autonomous Province of Trento","ipsl-cm6a-lr","ssp126",NA,3.70933575998476,4.20172162737168
"2415",2938,"Autonomous Province of Trento","ipsl-cm6a-lr","ssp126",NA,4.49241433528057,4.16383841378351
"2416",2939,"Autonomous Province of Trento","ipsl-cm6a-lr","ssp126",NA,3.33056444910003,1.72959507533484
"2417",2940,"Autonomous Province of Trento","ipsl-cm6a-lr","ssp126",NA,3.1702895172722,3.21912209647045
"2418",2941,"Autonomous Province of Trento","ipsl-cm6a-lr","ssp126",NA,3.2461117996458,8.73996996198385
"2419",2942,"Autonomous Province of Trento","ipsl-cm6a-lr","ssp126",NA,6.43589561837611,8.02962428501676
"2420",2943,"Autonomous Province of Trento","ipsl-cm6a-lr","ssp126",NA,6.3884034770516,7.36028769356865
"2421",2944,"Autonomous Province of Trento","ipsl-cm6a-lr","ssp126",NA,10.8940924579526,8.30154789515908
"2422",2945,"Autonomous Province of Trento","ipsl-cm6a-lr","ssp126",NA,3.00922995862233,8.96817169189455
"2423",2946,"Autonomous Province of Trento","ipsl-cm6a-lr","ssp126",NA,3.73049917772213,10.4115158081055
"2424",2947,"Autonomous Province of Trento","ipsl-cm6a-lr","ssp126",NA,3.33104327841543,13.1553163800921
"2425",2948,"Autonomous Province of Trento","ipsl-cm6a-lr","ssp126",NA,4.48069010121149,14.3487738473075
"2426",2949,"Autonomous Province of Trento","ipsl-cm6a-lr","ssp126",NA,4.49951657675618,19.3262540544783
"2427",2950,"Autonomous Province of Trento","ipsl-cm6a-lr","ssp126",NA,8.52021600403532,17.0297485351563
"2428",2951,"Autonomous Province of Trento","ipsl-cm6a-lr","ssp126",NA,1.32113090928345,18.2636047363282
"2429",2952,"Autonomous Province of Trento","ipsl-cm6a-lr","ssp126",NA,1.56290839438173,19.4951710292272
"2430",2953,"Autonomous Province of Trento","ipsl-cm6a-lr","ssp126",NA,3.47870682024742,18.91700025286
"2431",2954,"Autonomous Province of Trento","ipsl-cm6a-lr","ssp126",NA,2.61180373903959,16.2726586478097
"2432",2955,"Autonomous Province of Trento","ipsl-cm6a-lr","ssp126",NA,1.59518330930431,16.9488584245955
"2433",2956,"Autonomous Province of Trento","ipsl-cm6a-lr","ssp126",NA,2.8901857513899,15.3502920968192
"2434",2957,"Autonomous Province of Trento","ipsl-cm6a-lr","ssp126",NA,0.320485832604131,14.9514872959682
"2435",2958,"Autonomous Province of Trento","ipsl-cm6a-lr","ssp126",NA,7.98951740580378,15.7205814906529
"2436",2959,"Autonomous Province of Trento","ipsl-cm6a-lr","ssp126",NA,1.30384575698242,13.6545839582171
"2437",2960,"Autonomous Province of Trento","ipsl-cm6a-lr","ssp126",NA,0.120192699276751,9.82427695138116
"2438",2961,"Autonomous Province of Trento","ipsl-cm6a-lr","ssp126",NA,0.961634894338204,11.6495147705078
"2439",2962,"Autonomous Province of Trento","ipsl-cm6a-lr","ssp126",NA,5.9529533296362,12.2922792707171
"2440",2963,"Autonomous Province of Trento","ipsl-cm6a-lr","ssp126",NA,3.19096098137379,10.69287915911
"2441",2964,"Autonomous Province of Trento","ipsl-cm6a-lr","ssp126",NA,0.190902581068388,10.4810828072685
"2442",2965,"Autonomous Province of Trento","ipsl-cm6a-lr","ssp126",NA,0.007659299626539,6.25040370396207
"2443",2966,"Autonomous Province of Trento","ipsl-cm6a-lr","ssp126",NA,2.92051527488054,8.16686946323943
"2444",2967,"Autonomous Province of Trento","ipsl-cm6a-lr","ssp126",NA,7.06921227325178,8.81511295863563
"2445",2968,"Autonomous Province of Trento","ipsl-cm6a-lr","ssp126",NA,7.57891884098042,1.63313664027625
"2446",2969,"Autonomous Province of Trento","ipsl-cm6a-lr","ssp126",NA,2.67311943668704,-1.24713854108536
"2447",2970,"Autonomous Province of Trento","ipsl-cm6a-lr","ssp126",NA,2.95523696837076,-2.11574946812219
"2448",2971,"Autonomous Province of Trento","ipsl-cm6a-lr","ssp126",NA,0.489574777982073,-3.26566707066125
"2449",2972,"Autonomous Province of Trento","ipsl-cm6a-lr","ssp126",NA,8.92091388705011,-1.50209328787665
"2450",2973,"Autonomous Province of Trento","ipsl-cm6a-lr","ssp126",NA,3.91699501178664,-2.9638732910156
"2451",2974,"Autonomous Province of Trento","ipsl-cm6a-lr","ssp126",NA,5.66426945266098,-1.03611711774551
"2452",2975,"Autonomous Province of Trento","ipsl-cm6a-lr","ssp126",NA,1.04681120454708,1.35304412841799
"2453",2976,"Autonomous Province of Trento","ipsl-cm6a-lr","ssp126",NA,0.0110923288437854,1.17775878906252
"2454",2977,"Autonomous Province of Trento","ipsl-cm6a-lr","ssp126",NA,0.0793005187915698,0.352013070242768
"2455",2978,"Autonomous Province of Trento","ipsl-cm6a-lr","ssp126",NA,1.10787793827123,-1.46603785923547
"2456",2979,"Autonomous Province of Trento","ipsl-cm6a-lr","ssp126",NA,0.0853182094683038,0.6320499965123
"2457",2980,"Autonomous Province of Trento","ipsl-cm6a-lr","ssp126",NA,0.170479352969518,0.898178536551362
"2458",2981,"Autonomous Province of Trento","ipsl-cm6a-lr","ssp126",NA,0.660027003894875,-0.172250584193614
"2459",2982,"Autonomous Province of Trento","ipsl-cm6a-lr","ssp126",NA,0.298142633463223,0.0296362740653133
"2460",2983,"Autonomous Province of Trento","ipsl-cm6a-lr","ssp126",NA,0.308929042018592,2.95232434953964
"2461",2984,"Autonomous Province of Trento","ipsl-cm6a-lr","ssp126",NA,0.99755545338017,2.43058166503909
"2462",2985,"Autonomous Province of Trento","ipsl-cm6a-lr","ssp126",NA,12.9745863282421,4.95432325090683
"2463",2986,"Autonomous Province of Trento","ipsl-cm6a-lr","ssp126",NA,0.0554236843007467,3.24350455147882
"2464",2987,"Autonomous Province of Trento","ipsl-cm6a-lr","ssp126",NA,0.331160358889195,0.2849550519671
"2465",2988,"Autonomous Province of Trento","ipsl-cm6a-lr","ssp126",NA,0.856670234328962,1.93539036342078
"2466",2989,"Autonomous Province of Trento","ipsl-cm6a-lr","ssp126",NA,1.05154991490833,3.45994502476286
"2467",2990,"Autonomous Province of Trento","ipsl-cm6a-lr","ssp126",NA,2.48346292480294,6.09026925223217
"2468",2991,"Autonomous Province of Trento","ipsl-cm6a-lr","ssp126",NA,2.6452810408955,8.00921456473217
"2469",2992,"Autonomous Province of Trento","ipsl-cm6a-lr","ssp126",NA,1.22568891929404,8.81464538574221
"2470",2993,"Autonomous Province of Trento","ipsl-cm6a-lr","ssp126",NA,5.12916424494116,10.3304883684431
"2471",2994,"Autonomous Province of Trento","ipsl-cm6a-lr","ssp126",NA,2.1857398177547,9.84494171142581
"2472",2995,"Autonomous Province of Trento","ipsl-cm6a-lr","ssp126",NA,5.94985678951291,8.93329990931923
"2473",2996,"Autonomous Province of Trento","ipsl-cm6a-lr","ssp126",NA,5.09655728071396,10.2553573608399
"2474",2997,"Autonomous Province of Trento","ipsl-cm6a-lr","ssp126",NA,7.44030853090537,9.51194479806084
"2475",2998,"Autonomous Province of Trento","ipsl-cm6a-lr","ssp126",NA,3.35306791951423,12.911024257115
"2476",2999,"Autonomous Province of Trento","ipsl-cm6a-lr","ssp126",NA,4.83973480048527,13.5044963291713
"2477",3000,"Autonomous Province of Trento","ipsl-cm6a-lr","ssp126",NA,7.93654946173774,11.1501534598214
"2478",3001,"Autonomous Province of Trento","ipsl-cm6a-lr","ssp126",NA,2.63916042224862,16.1747669764928
"2479",3002,"Autonomous Province of Trento","ipsl-cm6a-lr","ssp126",NA,6.20072142992285,16.2690150669643
"2480",3003,"Autonomous Province of Trento","ipsl-cm6a-lr","ssp126",NA,3.85241111666151,17.0197463989258
"2481",3004,"Autonomous Province of Trento","ipsl-cm6a-lr","ssp126",NA,8.62998254879131,16.2389105660575
"2482",3005,"Autonomous Province of Trento","ipsl-cm6a-lr","ssp126",NA,5.82109178771394,16.7412604195731
"2483",3006,"Autonomous Province of Trento","ipsl-cm6a-lr","ssp126",NA,0.866559250815564,18.7593268258231
"2484",3007,"Autonomous Province of Trento","ipsl-cm6a-lr","ssp126",NA,0.707280378147905,20.7336092267718
"2485",3008,"Autonomous Province of Trento","ipsl-cm6a-lr","ssp126",NA,2.85582002158792,18.7845877511161
"2486",3009,"Autonomous Province of Trento","ipsl-cm6a-lr","ssp126",NA,6.25447392714185,16.6053176879883
"2487",3010,"Autonomous Province of Trento","ipsl-cm6a-lr","ssp126",NA,3.10190127099434,15.1302320207868
"2488",3011,"Autonomous Province of Trento","ipsl-cm6a-lr","ssp126",NA,9.53749563408823,13.0353430611747
"2489",3012,"Autonomous Province of Trento","ipsl-cm6a-lr","ssp126",NA,4.13857630703985,11.4226590837751
"2490",3013,"Autonomous Province of Trento","ipsl-cm6a-lr","ssp126",NA,0.0798190785384836,13.3087500435966
"2491",3014,"Autonomous Province of Trento","ipsl-cm6a-lr","ssp126",NA,2.43597400281682,10.5355032784598
"2492",3015,"Autonomous Province of Trento","ipsl-cm6a-lr","ssp126",NA,8.79776635186186,10.4150405883789
"2493",3016,"Autonomous Province of Trento","ipsl-cm6a-lr","ssp126",NA,0,7.70016305106028
"2494",3017,"Autonomous Province of Trento","ipsl-cm6a-lr","ssp126",NA,0,9.21174229213173
"2495",3018,"Autonomous Province of Trento","ipsl-cm6a-lr","ssp126",NA,0.944387386932379,9.91839098249165
"2496",3019,"Autonomous Province of Trento","ipsl-cm6a-lr","ssp126",NA,0.324266535283511,3.90884552001955
"2497",3020,"Autonomous Province of Trento","ipsl-cm6a-lr","ssp126",NA,0.0110303022925758,4.71850738525393
"2498",3021,"Autonomous Province of Trento","ipsl-cm6a-lr","ssp126",NA,6.58680120691965,2.35279780796598
"2499",3022,"Autonomous Province of Trento","ipsl-cm6a-lr","ssp126",NA,4.10601538948997,1.26136932373049
"2500",3023,"Autonomous Province of Trento","ipsl-cm6a-lr","ssp126",NA,1.66047018382025,-0.694418334960915
"2501",3024,"Autonomous Province of Trento","ipsl-cm6a-lr","ssp126",NA,7.02784522509319,1.36033238002235
"2502",3025,"Autonomous Province of Trento","ipsl-cm6a-lr","ssp126",NA,1.99050958640977,-3.00669272286549
"2503",3026,"Autonomous Province of Trento","ipsl-cm6a-lr","ssp126",NA,7.70312244439992,-0.203318568638371
"2504",3027,"Autonomous Province of Trento","ipsl-cm6a-lr","ssp126",NA,4.39376855247246,-1.2124814714704
"2505",3028,"Autonomous Province of Trento","ipsl-cm6a-lr","ssp126",NA,0.20252378157498,-0.0532036917550008
"2506",3029,"Autonomous Province of Trento","ipsl-cm6a-lr","ssp126",NA,0.0640303359042655,-1.14186815534317
"2507",3030,"Autonomous Province of Trento","ipsl-cm6a-lr","ssp126",NA,0.0959714987142692,-4.88449380057197
"2508",3031,"Autonomous Province of Trento","ipsl-cm6a-lr","ssp126",NA,2.37889568733018,-3.47783889770506
"2509",3032,"Autonomous Province of Trento","ipsl-cm6a-lr","ssp126",NA,4.45053999418243,-1.75030473981583
"2510",3033,"Autonomous Province of Trento","ipsl-cm6a-lr","ssp126",NA,1.38192370632169,1.26151101248607
"2511",3034,"Autonomous Province of Trento","ipsl-cm6a-lr","ssp126",NA,4.55546371909544,2.08240116664344
"2512",3035,"Autonomous Province of Trento","ipsl-cm6a-lr","ssp126",NA,1.51044726335385,-1.74103284563335
"2513",3036,"Autonomous Province of Trento","ipsl-cm6a-lr","ssp126",NA,2.95332664692458,1.22695748465404
"2514",3037,"Autonomous Province of Trento","ipsl-cm6a-lr","ssp126",NA,0.490099839199892,1.72558201381141
"2515",3038,"Autonomous Province of Trento","ipsl-cm6a-lr","ssp126",NA,0.261888337042494,-1.91715196881973
"2516",3039,"Autonomous Province of Trento","ipsl-cm6a-lr","ssp126",NA,0.0201433550890735,0.75320260184154
"2517",3040,"Autonomous Province of Trento","ipsl-cm6a-lr","ssp126",NA,14.4275753001628,3.87362932477681
"2518",3041,"Autonomous Province of Trento","ipsl-cm6a-lr","ssp126",NA,2.13592968928944,4.35030517578127
"2519",3042,"Autonomous Province of Trento","ipsl-cm6a-lr","ssp126",NA,0.998262723468153,1.44971182686944
"2520",3043,"Autonomous Province of Trento","ipsl-cm6a-lr","ssp126",NA,1.15394410212112,6.26295841762
"2521",3044,"Autonomous Province of Trento","ipsl-cm6a-lr","ssp126",NA,4.02055362636539,6.56026720319479
"2522",3045,"Autonomous Province of Trento","ipsl-cm6a-lr","ssp126",NA,6.5354569151428,7.86848929268976
"2523",3046,"Autonomous Province of Trento","ipsl-cm6a-lr","ssp126",NA,1.49326118262252,7.54331032889232
"2524",3047,"Autonomous Province of Trento","ipsl-cm6a-lr","ssp126",NA,2.56062768602143,10.5294270106724
"2525",3048,"Autonomous Province of Trento","ipsl-cm6a-lr","ssp126",NA,1.76650528384406,8.66350925990516
"2526",3049,"Autonomous Province of Trento","ipsl-cm6a-lr","ssp126",NA,0.879497664482187,8.37185276576453
"2527",3050,"Autonomous Province of Trento","ipsl-cm6a-lr","ssp126",NA,3.89496389728135,11.6873402186802
"2528",3051,"Autonomous Province of Trento","ipsl-cm6a-lr","ssp126",NA,3.66733213598179,13.2710968017578
"2529",3052,"Autonomous Province of Trento","ipsl-cm6a-lr","ssp126",NA,9.7253462100915,14.2322631835938
"2530",3053,"Autonomous Province of Trento","ipsl-cm6a-lr","ssp126",NA,0.506958694547523,14.2885474068778
"2531",3054,"Autonomous Province of Trento","ipsl-cm6a-lr","ssp126",NA,4.5507955310833,18.4516518729074
"2532",3055,"Autonomous Province of Trento","ipsl-cm6a-lr","ssp126",NA,4.62645673147303,18.5267861502512
"2533",3056,"Autonomous Province of Trento","ipsl-cm6a-lr","ssp126",NA,8.13019590979301,17.4199026925223
"2534",3057,"Autonomous Province of Trento","ipsl-cm6a-lr","ssp126",NA,11.6475443530362,16.3299706595285
"2535",3058,"Autonomous Province of Trento","ipsl-cm6a-lr","ssp126",NA,2.70006997248597,15.8443651471819
"2536",3059,"Autonomous Province of Trento","ipsl-cm6a-lr","ssp126",NA,0.966732587065572,16.6459453037807
"2537",3060,"Autonomous Province of Trento","ipsl-cm6a-lr","ssp126",NA,1.72669110883622,17.2336887904576
"2538",3061,"Autonomous Province of Trento","ipsl-cm6a-lr","ssp126",NA,0,16.8517155238561
"2539",3062,"Autonomous Province of Trento","ipsl-cm6a-lr","ssp126",NA,3.76955017974459,15.115132359096
"2540",3063,"Autonomous Province of Trento","ipsl-cm6a-lr","ssp126",NA,0.814008324206431,15.3030345371792
"2541",3064,"Autonomous Province of Trento","ipsl-cm6a-lr","ssp126",NA,0.488953523199598,13.0728404453823
"2542",3065,"Autonomous Province of Trento","ipsl-cm6a-lr","ssp126",NA,0.986012750075003,12.1964813232422
"2543",3066,"Autonomous Province of Trento","ipsl-cm6a-lr","ssp126",NA,12.7033067706569,12.2228604997907
"2544",3067,"Autonomous Province of Trento","ipsl-cm6a-lr","ssp126",NA,1.73126226415791,7.9044128417969
"2545",3068,"Autonomous Province of Trento","ipsl-cm6a-lr","ssp126",NA,1.82431663044034,13.0713592529297
"2546",3069,"Autonomous Province of Trento","ipsl-cm6a-lr","ssp126",NA,9.2182859883386,7.14903738839288
"2547",3070,"Autonomous Province of Trento","ipsl-cm6a-lr","ssp126",NA,1.8892956475221,5.1008969988142
"2548",3071,"Autonomous Province of Trento","ipsl-cm6a-lr","ssp126",NA,8.06235924454605,3.02995343889511
"2549",3072,"Autonomous Province of Trento","ipsl-cm6a-lr","ssp126",NA,7.60991997802714,1.10841958182201
"2550",3073,"Autonomous Province of Trento","ipsl-cm6a-lr","ssp126",NA,0.0733227364045368,1.6406679425921
"2551",3074,"Autonomous Province of Trento","ipsl-cm6a-lr","ssp126",NA,1.22976930284234,0.545688520159061
"2552",3075,"Autonomous Province of Trento","ipsl-cm6a-lr","ssp126",NA,0.2337727610211,-1.31042654854908
"2553",3076,"Autonomous Province of Trento","ipsl-cm6a-lr","ssp126",NA,5.59588534763732,3.44817940848217
"2554",3077,"Autonomous Province of Trento","ipsl-cm6a-lr","ssp126",NA,0.015922337284532,1.55624215262279
"2555",3078,"Autonomous Province of Trento","ipsl-cm6a-lr","ssp126",NA,4.60481399925681,-2.52484087262833
"2556",3079,"Autonomous Province of Trento","ipsl-cm6a-lr","ssp126",NA,0.970652271007566,-1.71998225620813
"2557",3080,"Autonomous Province of Trento","ipsl-cm6a-lr","ssp126",NA,6.02678559220554,-0.858395821707567
"2558",3081,"Autonomous Province of Trento","ipsl-cm6a-lr","ssp126",NA,2.02703820154316,2.00924944196431
"2559",3082,"Autonomous Province of Trento","ipsl-cm6a-lr","ssp126",NA,0.392818028714309,-1.11395656040734
"2560",3083,"Autonomous Province of Trento","ipsl-cm6a-lr","ssp126",NA,0.0141858969462711,0.189153834751695
"2561",3084,"Autonomous Province of Trento","ipsl-cm6a-lr","ssp126",NA,0.629257866187669,1.23863917759489
"2562",3085,"Autonomous Province of Trento","ipsl-cm6a-lr","ssp126",NA,1.23227181942899,-2.52806265694752
"2563",3086,"Autonomous Province of Trento","ipsl-cm6a-lr","ssp126",NA,4.80774259062206,-3.02257603236605
"2564",3087,"Autonomous Province of Trento","ipsl-cm6a-lr","ssp126",NA,0.0800882954925848,-6.01419677734372
"2565",3088,"Autonomous Province of Trento","ipsl-cm6a-lr","ssp126",NA,4.30086845273243,-4.08778010777062
"2566",3089,"Autonomous Province of Trento","ipsl-cm6a-lr","ssp126",NA,2.73615630272356,-6.77027958461215
"2567",3090,"Autonomous Province of Trento","ipsl-cm6a-lr","ssp126",NA,1.98836244661444,-0.35496913364953
"2568",3091,"Autonomous Province of Trento","ipsl-cm6a-lr","ssp126",NA,0.213083099957397,-1.09618334089004
"2569",3092,"Autonomous Province of Trento","ipsl-cm6a-lr","ssp126",NA,2.05959200511643,-0.692735508510023
"2570",3093,"Autonomous Province of Trento","ipsl-cm6a-lr","ssp126",NA,1.55941401286067,2.06108463832313
"2571",3094,"Autonomous Province of Trento","ipsl-cm6a-lr","ssp126",NA,1.85463287174831,2.51283089773998
"2572",3095,"Autonomous Province of Trento","ipsl-cm6a-lr","ssp126",NA,9.33126457228873,2.55765250069756
"2573",3096,"Autonomous Province of Trento","ipsl-cm6a-lr","ssp126",NA,5.92093914358754,4.43674512590683
"2574",3097,"Autonomous Province of Trento","ipsl-cm6a-lr","ssp126",NA,0.117645993174977,6.50596553257537
"2575",3098,"Autonomous Province of Trento","ipsl-cm6a-lr","ssp126",NA,2.07807451520888,9.73900429861887
"2576",3099,"Autonomous Province of Trento","ipsl-cm6a-lr","ssp126",NA,0,7.32019195556641
"2577",3100,"Autonomous Province of Trento","ipsl-cm6a-lr","ssp126",NA,4.31258309964895,9.24349910191129
"2578",3101,"Autonomous Province of Trento","ipsl-cm6a-lr","ssp126",NA,2.6613707897403,9.80278385707313
"2579",3102,"Autonomous Province of Trento","ipsl-cm6a-lr","ssp126",NA,11.8925023711719,13.0560317993164
"2580",3103,"Autonomous Province of Trento","ipsl-cm6a-lr","ssp126",NA,7.56364975611307,9.8194083077567
"2581",3104,"Autonomous Province of Trento","ipsl-cm6a-lr","ssp126",NA,1.14470559440503,11.2596973964146
"2582",3105,"Autonomous Province of Trento","ipsl-cm6a-lr","ssp126",NA,10.3826311511901,12.7394827706473
"2583",3106,"Autonomous Province of Trento","ipsl-cm6a-lr","ssp126",NA,6.32892455385965,12.989151436942
"2584",3107,"Autonomous Province of Trento","ipsl-cm6a-lr","ssp126",NA,1.60704285626707,17.5701679774693
"2585",3108,"Autonomous Province of Trento","ipsl-cm6a-lr","ssp126",NA,3.51423116948614,13.0716273716518
"2586",3109,"Autonomous Province of Trento","ipsl-cm6a-lr","ssp126",NA,4.11491840895906,18.0081758771624
"2587",3110,"Autonomous Province of Trento","ipsl-cm6a-lr","ssp126",NA,3.68641984029767,16.6879778180804
"2588",3111,"Autonomous Province of Trento","ipsl-cm6a-lr","ssp126",NA,4.23438602672052,15.6026354108538
"2589",3112,"Autonomous Province of Trento","ipsl-cm6a-lr","ssp126",NA,0.540944625910405,15.1557240077428
"2590",3113,"Autonomous Province of Trento","ipsl-cm6a-lr","ssp126",NA,2.48761801405116,15.0669625418527
"2591",3114,"Autonomous Province of Trento","ipsl-cm6a-lr","ssp126",NA,1.06864449163757,16.9343974522182
"2592",3115,"Autonomous Province of Trento","ipsl-cm6a-lr","ssp126",NA,6.52538493590587,13.0954190935408
"2593",3116,"Autonomous Province of Trento","ipsl-cm6a-lr","ssp126",NA,0.898652795292169,11.9347963605608
"2594",3117,"Autonomous Province of Trento","ipsl-cm6a-lr","ssp126",NA,6.77959836565216,10.5691053118025
"2595",3118,"Autonomous Province of Trento","ipsl-cm6a-lr","ssp126",NA,0.451276246232218,14.0501658848354
"2596",3119,"Autonomous Province of Trento","ipsl-cm6a-lr","ssp126",NA,1.10981876327319,12.5425299508231
"2597",3120,"Autonomous Province of Trento","ipsl-cm6a-lr","ssp126",NA,1.18040806072323,11.5234695434571
"2598",3121,"Autonomous Province of Trento","ipsl-cm6a-lr","ssp126",NA,0.115633392397285,6.09006761823384
"2599",3122,"Autonomous Province of Trento","ipsl-cm6a-lr","ssp126",NA,4.69527072078303,6.64004233224053
"2600",3123,"Autonomous Province of Trento","ipsl-cm6a-lr","ssp126",NA,0.0848168451349401,9.37016448974612
"2601",3124,"Autonomous Province of Trento","ipsl-cm6a-lr","ssp126",NA,1.09020750514901,4.53391200474333
"2602",3125,"Autonomous Province of Trento","ipsl-cm6a-lr","ssp126",NA,0.112597701523295,5.90596487862726
"2603",3126,"Autonomous Province of Trento","ipsl-cm6a-lr","ssp126",NA,0,3.77830004010884
"2604",3127,"Autonomous Province of Trento","ipsl-cm6a-lr","ssp126",NA,0.01447749631812,0.356437029157387
"2605",3128,"Autonomous Province of Trento","ipsl-cm6a-lr","ssp126",NA,2.89645572179974,1.08019954136442
"2606",3129,"Autonomous Province of Trento","ipsl-cm6a-lr","ssp126",NA,6.72345487173516,0.342534092494441
"2607",3130,"Autonomous Province of Trento","ipsl-cm6a-lr","ssp126",NA,0.890261757623583,0.0770246233259137
"2608",3131,"Autonomous Province of Trento","ipsl-cm6a-lr","ssp126",NA,2.98616202491238,-2.73249773297989
"2609",3132,"Autonomous Province of Trento","ipsl-cm6a-lr","ssp126",NA,5.49095629925692,-1.82048318045478
"2610",3133,"Autonomous Province of Trento","ipsl-cm6a-lr","ssp126",NA,0.00989548042135928,-6.27438092912944
"2611",3134,"Autonomous Province of Trento","ipsl-cm6a-lr","ssp126",NA,1.68122425550662,-7.45981608799522
"2612",3135,"Autonomous Province of Trento","ipsl-cm6a-lr","ssp126",NA,0.877744343753356,-12.3899613516671
"2613",3136,"Autonomous Province of Trento","ipsl-cm6a-lr","ssp126",NA,0.0123168645586702,-1.25914829799105
"2614",3137,"Autonomous Province of Trento","ipsl-cm6a-lr","ssp126",NA,0.483749773671402,0.101180376325356
"2615",3138,"Autonomous Province of Trento","ipsl-cm6a-lr","ssp126",NA,0,0.515031433105491
"2616",3139,"Autonomous Province of Trento","ipsl-cm6a-lr","ssp126",NA,0.050291030337186,-0.781403241838705
"2617",3140,"Autonomous Province of Trento","ipsl-cm6a-lr","ssp126",NA,0.524797982091384,0.497024972098235
"2618",3141,"Autonomous Province of Trento","ipsl-cm6a-lr","ssp126",NA,2.65168580185023,0.0239425659179914
"2619",3142,"Autonomous Province of Trento","ipsl-cm6a-lr","ssp126",NA,5.4314408337502,0.274375261579263
"2620",3143,"Autonomous Province of Trento","ipsl-cm6a-lr","ssp126",NA,2.75428350162526,4.642108808245
"2621",3144,"Autonomous Province of Trento","ipsl-cm6a-lr","ssp126",NA,2.59354936767652,5.07219303676062
"2622",3145,"Autonomous Province of Trento","ipsl-cm6a-lr","ssp126",NA,1.5620707949373,5.48514491489958
"2623",3146,"Autonomous Province of Trento","ipsl-cm6a-lr","ssp126",NA,0.0420794561380588,5.02687007359098
"2624",3147,"Autonomous Province of Trento","ipsl-cm6a-lr","ssp126",NA,10.0138417503331,6.03584333147324
"2625",3148,"Autonomous Province of Trento","ipsl-cm6a-lr","ssp126",NA,3.7481558901553,3.94757123674667
"2626",3149,"Autonomous Province of Trento","ipsl-cm6a-lr","ssp126",NA,3.74090709002693,3.55198713030136
"2627",3150,"Autonomous Province of Trento","ipsl-cm6a-lr","ssp126",NA,7.53763352199062,9.3200644356864
"2628",3151,"Autonomous Province of Trento","ipsl-cm6a-lr","ssp126",NA,0.834404372277017,11.3127096993583
"2629",3152,"Autonomous Province of Trento","ipsl-cm6a-lr","ssp126",NA,5.36607433384363,12.1760737827846
"2630",3153,"Autonomous Province of Trento","ipsl-cm6a-lr","ssp126",NA,1.58061454402351,13.3517580304827
"2631",3154,"Autonomous Province of Trento","ipsl-cm6a-lr","ssp126",NA,4.24824156278711,13.6632356916156
"2632",3155,"Autonomous Province of Trento","ipsl-cm6a-lr","ssp126",NA,6.44556395389892,16.1087988717216
"2633",3156,"Autonomous Province of Trento","ipsl-cm6a-lr","ssp126",NA,1.36461153816916,17.5315632411412
"2634",3157,"Autonomous Province of Trento","ipsl-cm6a-lr","ssp126",NA,12.4830285490134,15.7510576520648
"2635",3158,"Autonomous Province of Trento","ipsl-cm6a-lr","ssp126",NA,4.84091587635963,15.7632494245257
"2636",3159,"Autonomous Province of Trento","ipsl-cm6a-lr","ssp126",NA,3.88755336617968,16.8883954729353
"2637",3160,"Autonomous Province of Trento","ipsl-cm6a-lr","ssp126",NA,3.02227220919512,16.8865633283343
"2638",3161,"Autonomous Province of Trento","ipsl-cm6a-lr","ssp126",NA,2.01377439194143,19.0775935581752
"2639",3162,"Autonomous Province of Trento","ipsl-cm6a-lr","ssp126",NA,0.640917543699159,16.4309282575335
"2640",3163,"Autonomous Province of Trento","ipsl-cm6a-lr","ssp126",NA,1.26812168808621,18.014535522461
"2641",3164,"Autonomous Province of Trento","ipsl-cm6a-lr","ssp126",NA,0.742657438006841,20.221819632394
"2642",3165,"Autonomous Province of Trento","ipsl-cm6a-lr","ssp126",NA,0.90684475843383,17.9454219273159
"2643",3166,"Autonomous Province of Trento","ipsl-cm6a-lr","ssp126",NA,1.2091432883478,18.4817552839007
"2644",3167,"Autonomous Province of Trento","ipsl-cm6a-lr","ssp126",NA,3.61284577343863,15.0274891444615
"2645",3168,"Autonomous Province of Trento","ipsl-cm6a-lr","ssp126",NA,1.71475783842782,10.3526419503349
"2646",3169,"Autonomous Province of Trento","ipsl-cm6a-lr","ssp126",NA,0.621895689359267,13.8294431413923
"2647",3170,"Autonomous Province of Trento","ipsl-cm6a-lr","ssp126",NA,0.176937942160294,12.5142434256417
"2648",3171,"Autonomous Province of Trento","ipsl-cm6a-lr","ssp126",NA,0.282309020751979,13.994652230399
"2649",3172,"Autonomous Province of Trento","ipsl-cm6a-lr","ssp126",NA,0.801845014757419,12.3324927193778
"2650",3173,"Autonomous Province of Trento","ipsl-cm6a-lr","ssp126",NA,6.60636610720238,10.2039897373745
"2651",3174,"Autonomous Province of Trento","ipsl-cm6a-lr","ssp126",NA,5.96093631046253,10.134903390067
"2652",3175,"Autonomous Province of Trento","ipsl-cm6a-lr","ssp126",NA,0.126479124550575,8.5602759225028
"2653",3176,"Autonomous Province of Trento","ipsl-cm6a-lr","ssp126",NA,1.53312231569934,6.3479182652065
"2654",3177,"Autonomous Province of Trento","ipsl-cm6a-lr","ssp126",NA,1.45400300984225,0.0544830322265854
"2655",3178,"Autonomous Province of Trento","ipsl-cm6a-lr","ssp126",NA,24.2855896106318,5.45664367675784
"2656",3179,"Autonomous Province of Trento","ipsl-cm6a-lr","ssp126",NA,7.46966726021908,1.40462755475728
"2657",3180,"Autonomous Province of Trento","ipsl-cm6a-lr","ssp126",NA,3.75657446883062,1.17471139090404
"2658",3181,"Autonomous Province of Trento","ipsl-cm6a-lr","ssp126",NA,0.56802735734891,1.3639835902623
"2659",3182,"Autonomous Province of Trento","ipsl-cm6a-lr","ssp126",NA,0.139223368647175,-3.98533804757252
"2660",3183,"Autonomous Province of Trento","ipsl-cm6a-lr","ssp126",NA,0.30049768140868,-4.39210466657364
"2661",3184,"Autonomous Province of Trento","ipsl-cm6a-lr","ssp126",NA,0.758378386152409,-2.07704772949216
"2662",3185,"Autonomous Province of Trento","ipsl-cm6a-lr","ssp126",NA,1.17943778012497,-4.03300759451727
"2663",3186,"Autonomous Province of Trento","ipsl-cm6a-lr","ssp126",NA,0.131268164919415,-0.646210370744956
"2664",3187,"Autonomous Province of Trento","ipsl-cm6a-lr","ssp126",NA,3.15815621288493,-5.63661913190567
"2665",3188,"Autonomous Province of Trento","ipsl-cm6a-lr","ssp126",NA,0.736230753838235,-6.96559426443915
"2666",3189,"Autonomous Province of Trento","ipsl-cm6a-lr","ssp126",NA,0.45994053827079,-3.61203831263949
"2667",3190,"Autonomous Province of Trento","ipsl-cm6a-lr","ssp126",NA,0.376763380375321,-0.601435634068059
"2668",3191,"Autonomous Province of Trento","ipsl-cm6a-lr","ssp126",NA,4.07666617190573,-0.958711460658461
"2669",3192,"Autonomous Province of Trento","ipsl-cm6a-lr","ssp126",NA,0.142886999947223,-0.874887302943615
"2670",3193,"Autonomous Province of Trento","ipsl-cm6a-lr","ssp126",NA,2.05552298975817,-5.46043570382253
"2671",3194,"Autonomous Province of Trento","ipsl-cm6a-lr","ssp126",NA,3.26879725687052,0.288919067382834
"2672",3195,"Autonomous Province of Trento","ipsl-cm6a-lr","ssp126",NA,0.981878805253343,1.5550988333566
"2673",3196,"Autonomous Province of Trento","ipsl-cm6a-lr","ssp126",NA,1.5175817859147,4.25438515799389
"2674",3197,"Autonomous Province of Trento","ipsl-cm6a-lr","ssp126",NA,1.05605596571487,4.58666708809991
"2675",3198,"Autonomous Province of Trento","ipsl-cm6a-lr","ssp126",NA,9.13921779408285,5.13821018763953
"2676",3199,"Autonomous Province of Trento","ipsl-cm6a-lr","ssp126",NA,3.06861007369921,4.83408399309433
"2677",3200,"Autonomous Province of Trento","ipsl-cm6a-lr","ssp126",NA,7.0527928240933,2.5015066964286
"2678",3201,"Autonomous Province of Trento","ipsl-cm6a-lr","ssp126",NA,0.788091003089772,5.80538330078127
"2679",3202,"Autonomous Province of Trento","ipsl-cm6a-lr","ssp126",NA,2.52220077995194,8.3446463448661
"2680",3203,"Autonomous Province of Trento","ipsl-cm6a-lr","ssp126",NA,3.40538101745551,10.7497410365513
"2681",3204,"Autonomous Province of Trento","ipsl-cm6a-lr","ssp126",NA,6.17831239378575,10.0244689941407
"2682",3205,"Autonomous Province of Trento","ipsl-cm6a-lr","ssp126",NA,12.181398184943,10.7414315359933
"2683",3206,"Autonomous Province of Trento","ipsl-cm6a-lr","ssp126",NA,1.71114153213888,11.464743913923
"2684",3207,"Autonomous Province of Trento","ipsl-cm6a-lr","ssp126",NA,3.06957117723609,18.666414969308
"2685",3208,"Autonomous Province of Trento","ipsl-cm6a-lr","ssp126",NA,0.503652134778219,19.1445905412947
"2686",3209,"Autonomous Province of Trento","ipsl-cm6a-lr","ssp126",NA,3.0975277887332,20.8022007533482
"2687",3210,"Autonomous Province of Trento","ipsl-cm6a-lr","ssp126",NA,2.24000419363749,18.45523550851
"2688",3211,"Autonomous Province of Trento","ipsl-cm6a-lr","ssp126",NA,1.80910637628975,17.3627999441964
"2689",3212,"Autonomous Province of Trento","ipsl-cm6a-lr","ssp126",NA,2.78193800292813,19.0033998761858
"2690",3213,"Autonomous Province of Trento","ipsl-cm6a-lr","ssp126",NA,2.66517271788221,17.2521868024554
"2691",3214,"Autonomous Province of Trento","ipsl-cm6a-lr","ssp126",NA,2.97081769691171,18.100103541783
"2692",3215,"Autonomous Province of Trento","ipsl-cm6a-lr","ssp126",NA,2.56894177353908,14.7962585449219
"2693",3216,"Autonomous Province of Trento","ipsl-cm6a-lr","ssp126",NA,2.52134680492548,17.2344637189593
"2694",3217,"Autonomous Province of Trento","ipsl-cm6a-lr","ssp126",NA,0.840931990088783,18.3426550728934
"2695",3218,"Autonomous Province of Trento","ipsl-cm6a-lr","ssp126",NA,3.71265005605892,17.954613167899
"2696",3219,"Autonomous Province of Trento","ipsl-cm6a-lr","ssp126",NA,4.37497034760911,17.1374461582729
"2697",3220,"Autonomous Province of Trento","ipsl-cm6a-lr","ssp126",NA,1.30360904282237,15.089988054548
"2698",3221,"Autonomous Province of Trento","ipsl-cm6a-lr","ssp126",NA,5.57433122773676,11.6367551531111
"2699",3222,"Autonomous Province of Trento","ipsl-cm6a-lr","ssp126",NA,0.591653673499031,10.1623964582171
"2700",3223,"Autonomous Province of Trento","ipsl-cm6a-lr","ssp126",NA,2.82921129764873,12.6126190185547
"2701",3224,"Autonomous Province of Trento","ipsl-cm6a-lr","ssp126",NA,5.9488640100296,9.64656110491074
"2702",3225,"Autonomous Province of Trento","ipsl-cm6a-lr","ssp126",NA,0.0043149223659254,10.6529229300363
"2703",3226,"Autonomous Province of Trento","ipsl-cm6a-lr","ssp126",NA,3.02515635612508,11.0880676269532
"2704",3227,"Autonomous Province of Trento","ipsl-cm6a-lr","ssp126",NA,6.21924387742183,6.83665836879188
"2705",3228,"Autonomous Province of Trento","ipsl-cm6a-lr","ssp126",NA,0.857013875988092,6.55559583391464
"2706",3229,"Autonomous Province of Trento","ipsl-cm6a-lr","ssp126",NA,0.0297768714517587,5.36302555629188
"2707",3230,"Autonomous Province of Trento","ipsl-cm6a-lr","ssp126",NA,4.89992915735067,3.62143314906531
"2708",3231,"Autonomous Province of Trento","ipsl-cm6a-lr","ssp126",NA,7.4667694220677,0.80454733712335
"2709",3232,"Autonomous Province of Trento","ipsl-cm6a-lr","ssp126",NA,3.43282675218818,1.40476924351286
"2710",3233,"Autonomous Province of Trento","ipsl-cm6a-lr","ssp126",NA,0.171014298471813,-2.71955174037386
"2711",3234,"Autonomous Province of Trento","ipsl-cm6a-lr","ssp126",NA,0.571660470359347,-1.8348438807896
"2712",3235,"Autonomous Province of Trento","ipsl-cm6a-lr","ssp126",NA,0.302610855552692,-0.926452200753326
"2713",3236,"Autonomous Province of Trento","ipsl-cm6a-lr","ssp126",NA,1.0921094756798,-1.94616110665455
"2714",3237,"Autonomous Province of Trento","ipsl-cm6a-lr","ssp126",NA,0.508969553928702,2.83343113490516
"2715",3238,"Autonomous Province of Trento","ipsl-cm6a-lr","ssp126",NA,0.274159964932811,0.87027021135605
"2716",3239,"Autonomous Province of Trento","ipsl-cm6a-lr","ssp126",NA,0.237909052728875,-3.60050811767576
"2717",3240,"Autonomous Province of Trento","ipsl-cm6a-lr","ssp126",NA,7.19813666054116,-2.66492636544362
"2718",3241,"Autonomous Province of Trento","ipsl-cm6a-lr","ssp126",NA,1.25057362770999,-3.81706630161828
"2719",3242,"Autonomous Province of Trento","ipsl-cm6a-lr","ssp126",NA,0.404079112701896,-1.88042951311382
"2720",3243,"Autonomous Province of Trento","ipsl-cm6a-lr","ssp126",NA,1.35094726595395,-4.12208186558312
"2721",3244,"Autonomous Province of Trento","ipsl-cm6a-lr","ssp126",NA,4.40270990932602,0.850483921596005
"2722",3245,"Autonomous Province of Trento","ipsl-cm6a-lr","ssp126",NA,3.68358685373096,0.413707624162969
"2723",3246,"Autonomous Province of Trento","ipsl-cm6a-lr","ssp126",NA,6.6372886593464,-0.00257720947263328
"2724",3247,"Autonomous Province of Trento","ipsl-cm6a-lr","ssp126",NA,1.18791939286374,0.883624921526251
"2725",3248,"Autonomous Province of Trento","ipsl-cm6a-lr","ssp126",NA,0.504657343286193,4.08381369454522
"2726",3249,"Autonomous Province of Trento","ipsl-cm6a-lr","ssp126",NA,2.51270662617701,0.365421186174688
"2727",3250,"Autonomous Province of Trento","ipsl-cm6a-lr","ssp126",NA,2.37696427057017,6.61969582693919
"2728",3251,"Autonomous Province of Trento","ipsl-cm6a-lr","ssp126",NA,3.45017265305744,4.68803558349612
"2729",3252,"Autonomous Province of Trento","ipsl-cm6a-lr","ssp126",NA,2.35011692865166,6.33293304443362
"2730",3253,"Autonomous Province of Trento","ipsl-cm6a-lr","ssp126",NA,9.88534877578786,6.12939714704244
"2731",3254,"Autonomous Province of Trento","ipsl-cm6a-lr","ssp126",NA,5.11027949786304,4.12426583426342
"2732",3255,"Autonomous Province of Trento","ipsl-cm6a-lr","ssp126",NA,5.36819639388081,7.67937513078966
"2733",3256,"Autonomous Province of Trento","ipsl-cm6a-lr","ssp126",NA,2.63010344845368,11.7769452776228
"2734",3257,"Autonomous Province of Trento","ipsl-cm6a-lr","ssp126",NA,8.66981790646344,13.0913122994559
"2735",3258,"Autonomous Province of Trento","ipsl-cm6a-lr","ssp126",NA,3.85353734135216,8.06558816092356
"2736",3259,"Autonomous Province of Trento","ipsl-cm6a-lr","ssp126",NA,3.78479144962642,9.54615500313897
"2737",3260,"Autonomous Province of Trento","ipsl-cm6a-lr","ssp126",NA,1.99085516170661,13.2981135777065
"2738",3261,"Autonomous Province of Trento","ipsl-cm6a-lr","ssp126",NA,7.23366537554934,13.8472686767578
"2739",3262,"Autonomous Province of Trento","ipsl-cm6a-lr","ssp126",NA,1.89301798079344,15.749405343192
"2740",3263,"Autonomous Province of Trento","ipsl-cm6a-lr","ssp126",NA,2.98218956725447,15.4596867152623
"2741",3264,"Autonomous Province of Trento","ipsl-cm6a-lr","ssp126",NA,2.57522908284175,14.8558702741351
"2742",3265,"Autonomous Province of Trento","ipsl-cm6a-lr","ssp126",NA,1.66742655632593,18.4110613141742
"2743",3266,"Autonomous Province of Trento","ipsl-cm6a-lr","ssp126",NA,2.9541935663084,16.087799508231
"2744",3267,"Autonomous Province of Trento","ipsl-cm6a-lr","ssp126",NA,0.581171660983922,17.1922993251256
"2745",3268,"Autonomous Province of Trento","ipsl-cm6a-lr","ssp126",NA,6.45361549431982,17.0930583408901
"2746",3269,"Autonomous Province of Trento","ipsl-cm6a-lr","ssp126",NA,0.982534635737207,19.8799410138812
"2747",3270,"Autonomous Province of Trento","ipsl-cm6a-lr","ssp126",NA,1.20513690573197,17.49561353411
"2748",3271,"Autonomous Province of Trento","ipsl-cm6a-lr","ssp126",NA,2.23890673671901,16.6996213640486
"2749",3272,"Autonomous Province of Trento","ipsl-cm6a-lr","ssp126",NA,2.51544929621689,15.0751695905413
"2750",3273,"Autonomous Province of Trento","ipsl-cm6a-lr","ssp126",NA,3.8156568784221,15.0199622017997
"2751",3274,"Autonomous Province of Trento","ipsl-cm6a-lr","ssp126",NA,2.54646255112415,12.4093229021345
"2752",3275,"Autonomous Province of Trento","ipsl-cm6a-lr","ssp126",NA,9.5261015777786,10.1867233276367
"2753",3276,"Autonomous Province of Trento","ipsl-cm6a-lr","ssp126",NA,0.403689315966663,11.0067175728934
"2754",3277,"Autonomous Province of Trento","ipsl-cm6a-lr","ssp126",NA,2.00691378221174,12.6109852382115
"2755",3278,"Autonomous Province of Trento","ipsl-cm6a-lr","ssp126",NA,13.2674364788337,10.2877713884626
"2756",3279,"Autonomous Province of Trento","ipsl-cm6a-lr","ssp126",NA,10.964480101055,5.4437674386161
"2757",3280,"Autonomous Province of Trento","ipsl-cm6a-lr","ssp126",NA,12.1368529632621,2.9543167114258
"2758",3281,"Autonomous Province of Trento","ipsl-cm6a-lr","ssp126",NA,3.82179901861101,3.21464691162112
"2759",3282,"Autonomous Province of Trento","ipsl-cm6a-lr","ssp126",NA,1.67903655632731,4.00251377650672
"2760",3283,"Autonomous Province of Trento","ipsl-cm6a-lr","ssp126",NA,1.03639906819808,1.73165610177178
"2761",3284,"Autonomous Province of Trento","ipsl-cm6a-lr","ssp126",NA,0.497478403186896,1.90828748430527
"2762",3285,"Autonomous Province of Trento","ipsl-cm6a-lr","ssp126",NA,0.514646064545689,0.227972194126696
"2763",3286,"Autonomous Province of Trento","ipsl-cm6a-lr","ssp126",NA,0.400320206595747,-1.63153577532085
"2764",3287,"Autonomous Province of Trento","ipsl-cm6a-lr","ssp126",NA,2.39682278524924,0.55678383963451
"2765",3288,"Autonomous Province of Trento","ipsl-cm6a-lr","ssp126",NA,2.09427864265308,-2.11445029122486
"2766",3289,"Autonomous Province of Trento","ipsl-cm6a-lr","ssp126",NA,0,-1.09235992431638
"2767",3290,"Autonomous Province of Trento","ipsl-cm6a-lr","ssp126",NA,0.0301597727619603,0.558147321428593
"2768",3291,"Autonomous Province of Trento","ipsl-cm6a-lr","ssp126",NA,0.0487544057770201,-0.127397373744399
"2769",3292,"Autonomous Province of Trento","ipsl-cm6a-lr","ssp126",NA,3.58455744239369,1.15826786586219
"2770",3293,"Autonomous Province of Trento","ipsl-cm6a-lr","ssp126",NA,9.58788897322457,2.91366947719032
"2771",3294,"Autonomous Province of Trento","ipsl-cm6a-lr","ssp126",NA,4.23473861005082,1.7742869785854
"2772",3295,"Autonomous Province of Trento","ipsl-cm6a-lr","ssp126",NA,2.06197254712087,-0.00265241350444129
"2773",3296,"Autonomous Province of Trento","ipsl-cm6a-lr","ssp126",NA,9.85857218318935,0.16096867152625
"2774",3297,"Autonomous Province of Trento","ipsl-cm6a-lr","ssp126",NA,0.308944610047288,-9.36667698451448
"2775",3298,"Autonomous Province of Trento","ipsl-cm6a-lr","ssp126",NA,0.737765693130702,4.77750440325058
"2776",3299,"Autonomous Province of Trento","ipsl-cm6a-lr","ssp126",NA,5.8733725024857,2.42709830147882
"2777",3300,"Autonomous Province of Trento","ipsl-cm6a-lr","ssp126",NA,1.14056480432347,1.95212053571431
"2778",3301,"Autonomous Province of Trento","ipsl-cm6a-lr","ssp126",NA,3.54123210615528,2.19094347272603
"2779",3302,"Autonomous Province of Trento","ipsl-cm6a-lr","ssp126",NA,13.2383009801353,4.81811785016743
"2780",3303,"Autonomous Province of Trento","ipsl-cm6a-lr","ssp126",NA,7.8652290689206,0.454804992675805
"2781",3304,"Autonomous Province of Trento","ipsl-cm6a-lr","ssp126",NA,1.75630540738244,3.64467555454801
"2782",3305,"Autonomous Province of Trento","ipsl-cm6a-lr","ssp126",NA,0.208985034779679,9.08865291050505
"2783",3306,"Autonomous Province of Trento","ipsl-cm6a-lr","ssp126",NA,1.86711397764157,8.3269494192941
"2784",3307,"Autonomous Province of Trento","ipsl-cm6a-lr","ssp126",NA,4.87125306844973,6.23932037353518
"2785",3308,"Autonomous Province of Trento","ipsl-cm6a-lr","ssp126",NA,1.56608871448043,9.01961015973776
"2786",3309,"Autonomous Province of Trento","ipsl-cm6a-lr","ssp126",NA,1.84980004178215,13.072537449428
"2787",3310,"Autonomous Province of Trento","ipsl-cm6a-lr","ssp126",NA,7.49722970710665,11.5460961478097
"2788",3311,"Autonomous Province of Trento","ipsl-cm6a-lr","ssp126",NA,4.41256739088983,13.8615083966937
"2789",3312,"Autonomous Province of Trento","ipsl-cm6a-lr","ssp126",NA,2.48525673545633,13.7468484061105
"2790",3313,"Autonomous Province of Trento","ipsl-cm6a-lr","ssp126",NA,6.23004495454162,15.9163092476981
"2791",3314,"Autonomous Province of Trento","ipsl-cm6a-lr","ssp126",NA,7.42882772470433,14.1054953438895
"2792",3315,"Autonomous Province of Trento","ipsl-cm6a-lr","ssp126",NA,0.36585907920588,17.9932244437082
"2793",3316,"Autonomous Province of Trento","ipsl-cm6a-lr","ssp126",NA,7.19940569763691,16.9302318028042
"2794",3317,"Autonomous Province of Trento","ipsl-cm6a-lr","ssp126",NA,0.79331823866856,18.4434328351702
"2795",3318,"Autonomous Province of Trento","ipsl-cm6a-lr","ssp126",NA,1.03181673797995,20.3357788085938
"2796",3319,"Autonomous Province of Trento","ipsl-cm6a-lr","ssp126",NA,1.20724558957071,19.131863621303
"2797",3320,"Autonomous Province of Trento","ipsl-cm6a-lr","ssp126",NA,1.85468386126948,20.3955518450056
"2798",3321,"Autonomous Province of Trento","ipsl-cm6a-lr","ssp126",NA,0.937486617034927,19.1992987496512
"2799",3322,"Autonomous Province of Trento","ipsl-cm6a-lr","ssp126",NA,0.310556874150539,19.6208762032645
"2800",3323,"Autonomous Province of Trento","ipsl-cm6a-lr","ssp126",NA,2.30066385803574,16.8568664550781
"2801",3324,"Autonomous Province of Trento","ipsl-cm6a-lr","ssp126",NA,0.720149330300046,16.773326764788
"2802",3325,"Autonomous Province of Trento","ipsl-cm6a-lr","ssp126",NA,5.30337518542053,13.4970140729632
"2803",3326,"Autonomous Province of Trento","ipsl-cm6a-lr","ssp126",NA,1.04825595605819,9.36766858782088
"2804",3327,"Autonomous Province of Trento","ipsl-cm6a-lr","ssp126",NA,14.6951134985622,8.03692997523719
"2805",3328,"Autonomous Province of Trento","ipsl-cm6a-lr","ssp126",NA,0.41488747007991,9.13413718087337
"2806",3329,"Autonomous Province of Trento","ipsl-cm6a-lr","ssp126",NA,1.3459006269451,6.86324789864678
"2807",3330,"Autonomous Province of Trento","ipsl-cm6a-lr","ssp126",NA,8.11523189240688,5.85577545166018
"2808",3331,"Autonomous Province of Trento","ipsl-cm6a-lr","ssp126",NA,0.503683455359092,7.09186597551621
"2809",3332,"Autonomous Province of Trento","ipsl-cm6a-lr","ssp126",NA,0.00369270111540182,5.59043382917134
"2810",3333,"Autonomous Province of Trento","ipsl-cm6a-lr","ssp126",NA,4.2169139096846,8.3192568097796
"2811",3334,"Autonomous Province of Trento","ipsl-cm6a-lr","ssp126",NA,8.69756733492457,2.82680446079801
"2812",3335,"Autonomous Province of Trento","ipsl-cm6a-lr","ssp126",NA,0.0605009643810002,1.67220132010326
"2813",3336,"Autonomous Province of Trento","ipsl-cm6a-lr","ssp126",NA,4.0726297670387,3.83388344900951
"2814",3337,"Autonomous Province of Trento","ipsl-cm6a-lr","ssp126",NA,1.15483759709605,1.39206194196431
"2815",3338,"Autonomous Province of Trento","ipsl-cm6a-lr","ssp126",NA,2.24759381705683,0.897949654715427
"2816",3339,"Autonomous Province of Trento","ipsl-cm6a-lr","ssp126",NA,0.0991003781564359,1.77622702462335
"2817",3340,"Autonomous Province of Trento","ipsl-cm6a-lr","ssp126",NA,0.282560523100983,0.959748840332054
"2818",3341,"Autonomous Province of Trento","ipsl-cm6a-lr","ssp126",NA,0.0417734639345975,-1.83192182268413
"2819",3342,"Autonomous Province of Trento","ipsl-cm6a-lr","ssp126",NA,1.39443256019669,-3.6008601597377
"2820",3343,"Autonomous Province of Trento","ipsl-cm6a-lr","ssp126",NA,0.292454276508839,-6.34946180071146
"2821",3344,"Autonomous Province of Trento","ipsl-cm6a-lr","ssp126",NA,0.999779797660137,-2.38079572405132
"2822",3345,"Autonomous Province of Trento","ipsl-cm6a-lr","ssp126",NA,2.19016365037013,0.922499956403483
"2823",3346,"Autonomous Province of Trento","ipsl-cm6a-lr","ssp126",NA,4.88219810265166,1.29056810651509
"2824",3347,"Autonomous Province of Trento","ipsl-cm6a-lr","ssp126",NA,0.144597475796867,2.25738351004467
"2825",3348,"Autonomous Province of Trento","ipsl-cm6a-lr","ssp126",NA,0.0580052870905742,-2.50454886300221
"2826",3349,"Autonomous Province of Trento","ipsl-cm6a-lr","ssp126",NA,0.103214313756845,1.64445975167413
"2827",3350,"Autonomous Province of Trento","ipsl-cm6a-lr","ssp126",NA,0.436380149975386,0.643282645089308
"2828",3351,"Autonomous Province of Trento","ipsl-cm6a-lr","ssp126",NA,10.8758511817931,3.31606009347101
"2829",3352,"Autonomous Province of Trento","ipsl-cm6a-lr","ssp126",NA,0.486142780131818,-1.61056038992744
"2830",3353,"Autonomous Province of Trento","ipsl-cm6a-lr","ssp126",NA,0.604995586348065,-0.448813956124422
"2831",3354,"Autonomous Province of Trento","ipsl-cm6a-lr","ssp126",NA,0.133991387026201,5.23293892996654
"2832",3355,"Autonomous Province of Trento","ipsl-cm6a-lr","ssp126",NA,2.46079586414842,8.39285212925506
"2833",3356,"Autonomous Province of Trento","ipsl-cm6a-lr","ssp126",NA,2.05031225850689,6.69302956717356
"2834",3357,"Autonomous Province of Trento","ipsl-cm6a-lr","ssp126",NA,0.300880342066583,5.61074654715404
"2835",3358,"Autonomous Province of Trento","ipsl-cm6a-lr","ssp126",NA,0.445231375176393,5.29681876046319
"2836",3359,"Autonomous Province of Trento","ipsl-cm6a-lr","ssp126",NA,5.91277012274856,4.49315141950337
"2837",3360,"Autonomous Province of Trento","ipsl-cm6a-lr","ssp126",NA,3.74268729610776,8.92272665841241
"2838",3361,"Autonomous Province of Trento","ipsl-cm6a-lr","ssp126",NA,0.504987925523892,13.6555016653878
"2839",3362,"Autonomous Province of Trento","ipsl-cm6a-lr","ssp126",NA,3.91188784346273,14.3386768886021
"2840",3363,"Autonomous Province of Trento","ipsl-cm6a-lr","ssp126",NA,3.88020463009785,11.1667790004185
"2841",3364,"Autonomous Province of Trento","ipsl-cm6a-lr","ssp126",NA,3.28039542526832,14.5792000906808
"2842",3365,"Autonomous Province of Trento","ipsl-cm6a-lr","ssp126",NA,6.3138227374241,16.6920639038086
"2843",3366,"Autonomous Province of Trento","ipsl-cm6a-lr","ssp126",NA,1.61756389269223,17.595486668178
"2844",3367,"Autonomous Province of Trento","ipsl-cm6a-lr","ssp126",NA,2.98923218203657,17.4573488507952
"2845",3368,"Autonomous Province of Trento","ipsl-cm6a-lr","ssp126",NA,2.93739892372936,16.5380253383092
"2846",3369,"Autonomous Province of Trento","ipsl-cm6a-lr","ssp126",NA,3.0673256008283,16.8532239641462
"2847",3370,"Autonomous Province of Trento","ipsl-cm6a-lr","ssp126",NA,6.26731019934336,17.7974171229771
"2848",3371,"Autonomous Province of Trento","ipsl-cm6a-lr","ssp126",NA,1.3778690259122,19.6072675432478
"2849",3372,"Autonomous Province of Trento","ipsl-cm6a-lr","ssp126",NA,0.978878823532015,20.0695107596261
"2850",3373,"Autonomous Province of Trento","ipsl-cm6a-lr","ssp126",NA,1.11980740875879,18.3696881975447
"2851",3374,"Autonomous Province of Trento","ipsl-cm6a-lr","ssp126",NA,4.43315310278974,18.3791748046876
"2852",3375,"Autonomous Province of Trento","ipsl-cm6a-lr","ssp126",NA,6.05660481881257,16.0039045061384
"2853",3376,"Autonomous Province of Trento","ipsl-cm6a-lr","ssp126",NA,3.18687881889283,14.9454360961914
"2854",3377,"Autonomous Province of Trento","ipsl-cm6a-lr","ssp126",NA,2.54231265449302,14.3320970807757
"2855",3378,"Autonomous Province of Trento","ipsl-cm6a-lr","ssp126",NA,0.399862575380082,14.26075025286
"2856",3379,"Autonomous Province of Trento","ipsl-cm6a-lr","ssp126",NA,0.870740418914856,10.9771209716797
"2857",3380,"Autonomous Province of Trento","ipsl-cm6a-lr","ssp126",NA,1.01341852775607,13.637956237793
"2858",3381,"Autonomous Province of Trento","ipsl-cm6a-lr","ssp126",NA,4.67880453035312,8.04039045061386
"2859",3382,"Autonomous Province of Trento","ipsl-cm6a-lr","ssp126",NA,21.1432389832355,7.78370165143698
"2860",3383,"Autonomous Province of Trento","ipsl-cm6a-lr","ssp126",NA,5.23776629357338,6.57488839285717
"2861",3384,"Autonomous Province of Trento","ipsl-cm6a-lr","ssp126",NA,0.660961872823203,3.76960253034322
"2862",3385,"Autonomous Province of Trento","ipsl-cm6a-lr","ssp126",NA,14.3587377458711,5.12255467006141
"2863",3386,"Autonomous Province of Trento","ipsl-cm6a-lr","ssp126",NA,2.98015033475687,3.94719848632815
"2864",3387,"Autonomous Province of Trento","ipsl-cm6a-lr","ssp126",NA,0.00558803090565823,3.65974687848775
"2865",3388,"Autonomous Province of Trento","ipsl-cm6a-lr","ssp126",NA,6.99872385822735,2.16219264439176
"2866",3389,"Autonomous Province of Trento","ipsl-cm6a-lr","ssp126",NA,3.63417532755973,-1.8695608956473
"2867",3390,"Autonomous Province of Trento","ipsl-cm6a-lr","ssp126",NA,0.170734029753866,2.36568058558875
"2868",3391,"Autonomous Province of Trento","ipsl-cm6a-lr","ssp126",NA,4.76913583063704,-0.328780691964263
"2869",3392,"Autonomous Province of Trento","ipsl-cm6a-lr","ssp126",NA,4.54831334540618,-0.370611572265602
"2870",3393,"Autonomous Province of Trento","ipsl-cm6a-lr","ssp126",NA,1.48660064616186,2.89340035574779
"2871",3394,"Autonomous Province of Trento","ipsl-cm6a-lr","ssp126",NA,1.49802504149972,1.15712781633652
"2872",3395,"Autonomous Province of Trento","ipsl-cm6a-lr","ssp126",NA,0,0.157280404227142
"2873",3396,"Autonomous Province of Trento","ipsl-cm6a-lr","ssp126",NA,0.134279656906853,-1.20244227818078
"2874",3397,"Autonomous Province of Trento","ipsl-cm6a-lr","ssp126",NA,4.86731838758974,-2.22147652762275
"2875",3398,"Autonomous Province of Trento","ipsl-cm6a-lr","ssp126",NA,5.82452609526496,0.580941772460957
"2876",3399,"Autonomous Province of Trento","ipsl-cm6a-lr","ssp126",NA,0,2.30565250941687
"2877",3400,"Autonomous Province of Trento","ipsl-cm6a-lr","ssp126",NA,0.98805933685071,-2.62377668108257
"2878",3401,"Autonomous Province of Trento","ipsl-cm6a-lr","ssp126",NA,0.0516304028029222,0.379862540108839
"2879",3402,"Autonomous Province of Trento","ipsl-cm6a-lr","ssp126",NA,0.628917445620963,-4.06774313790456
"2880",3403,"Autonomous Province of Trento","ipsl-cm6a-lr","ssp126",NA,2.36685254546631,-0.171207536969845
"2881",3404,"Autonomous Province of Trento","ipsl-cm6a-lr","ssp126",NA,0.715932776139589,2.2184267316546
"2882",3405,"Autonomous Province of Trento","ipsl-cm6a-lr","ssp126",NA,0.649063435957942,1.80390319824221
"2883",3406,"Autonomous Province of Trento","ipsl-cm6a-lr","ssp126",NA,0.34032139831522,1.61556396484377
"2884",3407,"Autonomous Province of Trento","ipsl-cm6a-lr","ssp126",NA,2.17135822032495,4.11768166678294
"2885",3408,"Autonomous Province of Trento","ipsl-cm6a-lr","ssp126",NA,3.32188814479326,8.261124093192
"2886",3409,"Autonomous Province of Trento","ipsl-cm6a-lr","ssp126",NA,4.08387509321203,8.86925005231587
"2887",3410,"Autonomous Province of Trento","ipsl-cm6a-lr","ssp126",NA,2.61403874112927,6.27729840959824
"2888",3411,"Autonomous Province of Trento","ipsl-cm6a-lr","ssp126",NA,2.56733403376919,10.2005532400949
"2889",3412,"Autonomous Province of Trento","ipsl-cm6a-lr","ssp126",NA,5.08824148302145,9.75791865757538
"2890",3413,"Autonomous Province of Trento","ipsl-cm6a-lr","ssp126",NA,8.68487662754498,7.43381107875281
"2891",3414,"Autonomous Province of Trento","ipsl-cm6a-lr","ssp126",NA,1.19503536625416,9.70995374407089
"2892",3415,"Autonomous Province of Trento","ipsl-cm6a-lr","ssp126",NA,3.74049953834401,10.3849273681641
"2893",3416,"Autonomous Province of Trento","ipsl-cm6a-lr","ssp126",NA,0.414947160269159,12.7588548932757
"2894",3417,"Autonomous Province of Trento","ipsl-cm6a-lr","ssp126",NA,1.29407565605756,8.30676858084545
"2895",3418,"Autonomous Province of Trento","ipsl-cm6a-lr","ssp126",NA,3.67350195399143,11.0220962524414
"2896",3419,"Autonomous Province of Trento","ipsl-cm6a-lr","ssp126",NA,1.10427985455317,15.077046421596
"2897",3420,"Autonomous Province of Trento","ipsl-cm6a-lr","ssp126",NA,0.287230156780944,14.8275292532785
"2898",3421,"Autonomous Province of Trento","ipsl-cm6a-lr","ssp126",NA,5.30697275485831,16.6998295375279
"2899",3422,"Autonomous Province of Trento","ipsl-cm6a-lr","ssp126",NA,4.81145484456127,17.2596309116909
"2900",3423,"Autonomous Province of Trento","ipsl-cm6a-lr","ssp126",NA,6.34338915107427,17.3592370169503
"2901",3424,"Autonomous Province of Trento","ipsl-cm6a-lr","ssp126",NA,6.32556733923723,16.2683436802456
"2902",3425,"Autonomous Province of Trento","ipsl-cm6a-lr","ssp126",NA,1.43561781413675,17.2952852521624
"2903",3426,"Autonomous Province of Trento","ipsl-cm6a-lr","ssp126",NA,2.13767384593666,16.8971474783761
"2904",3427,"Autonomous Province of Trento","ipsl-cm6a-lr","ssp126",NA,2.12492344661379,17.0109257289342
"2905",3428,"Autonomous Province of Trento","ipsl-cm6a-lr","ssp126",NA,1.81560200944659,15.4548158918108
"2906",3429,"Autonomous Province of Trento","ipsl-cm6a-lr","ssp126",NA,8.51271664557446,15.5937199183873
"2907",3430,"Autonomous Province of Trento","ipsl-cm6a-lr","ssp126",NA,2.19390723576518,13.8713306971959
"2908",3431,"Autonomous Province of Trento","ipsl-cm6a-lr","ssp126",NA,2.05284881090587,8.91428636823382
"2909",3432,"Autonomous Province of Trento","ipsl-cm6a-lr","ssp126",NA,3.51791615183694,6.69047589983261
"2910",3433,"Autonomous Province of Trento","ipsl-cm6a-lr","ssp126",NA,1.20728532877235,8.73058907645093
"2911",3434,"Autonomous Province of Trento","ipsl-cm6a-lr","ssp126",NA,4.19903677342778,6.7588091169085
"2912",3435,"Autonomous Province of Trento","ipsl-cm6a-lr","ssp126",NA,0.0121622486143939,4.05074680873328
"2913",3436,"Autonomous Province of Trento","ipsl-cm6a-lr","ssp126",NA,9.54791212217449,3.64526083809991
"2914",3437,"Autonomous Province of Trento","ipsl-cm6a-lr","ssp126",NA,8.31492007356636,1.77851911272324
"2915",3438,"Autonomous Province of Trento","ipsl-cm6a-lr","ssp126",NA,5.00364553494624,1.0128864833287
"2916",3439,"Autonomous Province of Trento","ipsl-cm6a-lr","ssp126",NA,0.08460393380249,3.78432835170203
"2917",3440,"Autonomous Province of Trento","ipsl-cm6a-lr","ssp126",NA,4.89972816883112,1.76444614955359
"2918",3441,"Autonomous Province of Trento","ipsl-cm6a-lr","ssp126",NA,3.13223699356188,2.20853794642859
"2919",3442,"Autonomous Province of Trento","ipsl-cm6a-lr","ssp126",NA,0.474892148732968,-0.487612697056339
"2920",3443,"Autonomous Province of Trento","ipsl-cm6a-lr","ssp126",NA,0.291939377763941,-1.29249638148714
"2921",3444,"Autonomous Province of Trento","ipsl-cm6a-lr","ssp126",NA,0.143423524072465,-1.62871071951728
"2922",3445,"Autonomous Province of Trento","ipsl-cm6a-lr","ssp126",NA,2.41613087515102,-0.550350298200312
"2923",3446,"Autonomous Province of Trento","ipsl-cm6a-lr","ssp126",NA,0,-5.58151528494697
"2924",3447,"Autonomous Province of Trento","ipsl-cm6a-lr","ssp126",NA,5.70282597104129,-1.28690076555522
"2925",3448,"Autonomous Province of Trento","ipsl-cm6a-lr","ssp126",NA,1.6076210553365,-0.159513854980446
"2926",3449,"Autonomous Province of Trento","ipsl-cm6a-lr","ssp126",NA,3.92785624356163,2.34629647391185
"2927",3450,"Autonomous Province of Trento","ipsl-cm6a-lr","ssp126",NA,0.546111257452659,-2.53569641113279
"2928",3451,"Autonomous Province of Trento","ipsl-cm6a-lr","ssp126",NA,1.19901192306965,0.529905482700915
"2929",3452,"Autonomous Province of Trento","ipsl-cm6a-lr","ssp126",NA,1.2958776916873,-0.759174455915157
"2930",3453,"Autonomous Province of Trento","ipsl-cm6a-lr","ssp126",NA,1.67225285500276,-1.40241851806638
"2931",3454,"Autonomous Province of Trento","ipsl-cm6a-lr","ssp126",NA,0.885293459707878,-1.63272378104072
"2932",3455,"Autonomous Province of Trento","ipsl-cm6a-lr","ssp126",NA,1.03284546270775,1.38506687709266
"2933",3456,"Autonomous Province of Trento","ipsl-cm6a-lr","ssp126",NA,0.572679040331942,0.121414620535735
"2934",3457,"Autonomous Province of Trento","ipsl-cm6a-lr","ssp126",NA,3.8474664563442,5.67008034842357
"2935",3458,"Autonomous Province of Trento","ipsl-cm6a-lr","ssp126",NA,1.15891305779639,1.90159650530136
"2936",3459,"Autonomous Province of Trento","ipsl-cm6a-lr","ssp126",NA,4.51807907146368,5.9268007550921
"2937",3460,"Autonomous Province of Trento","ipsl-cm6a-lr","ssp126",NA,3.31143309200083,6.40934906005862
"2938",3461,"Autonomous Province of Trento","ipsl-cm6a-lr","ssp126",NA,5.72537920982411,4.10449807303294
"2939",3462,"Autonomous Province of Trento","ipsl-cm6a-lr","ssp126",NA,4.7702740682975,7.08590850830081
"2940",3463,"Autonomous Province of Trento","ipsl-cm6a-lr","ssp126",NA,7.19830593838456,7.3800489153181
"2941",3464,"Autonomous Province of Trento","ipsl-cm6a-lr","ssp126",NA,4.80933771438816,9.73386426653183
"2942",3465,"Autonomous Province of Trento","ipsl-cm6a-lr","ssp126",NA,6.29925069702689,9.2695251464844
"2943",3466,"Autonomous Province of Trento","ipsl-cm6a-lr","ssp126",NA,2.50016394030744,8.83030308314734
"2944",3467,"Autonomous Province of Trento","ipsl-cm6a-lr","ssp126",NA,1.56410361927815,15.3340480259487
"2945",3468,"Autonomous Province of Trento","ipsl-cm6a-lr","ssp126",NA,0.171508971548714,12.6083520071847
"2946",3469,"Autonomous Province of Trento","ipsl-cm6a-lr","ssp126",NA,1.66024542825523,14.1497218540737
"2947",3470,"Autonomous Province of Trento","ipsl-cm6a-lr","ssp126",NA,11.4225235737519,12.950091116769
"2948",3471,"Autonomous Province of Trento","ipsl-cm6a-lr","ssp126",NA,1.24174542584764,17.222055053711
"2949",3472,"Autonomous Province of Trento","ipsl-cm6a-lr","ssp126",NA,3.82288662913197,19.2500930786133
"2950",3473,"Autonomous Province of Trento","ipsl-cm6a-lr","ssp126",NA,2.95406172463117,19.0451555524554
"2951",3474,"Autonomous Province of Trento","ipsl-cm6a-lr","ssp126",NA,11.911462644483,14.0777592250279
"2952",3475,"Autonomous Province of Trento","ipsl-cm6a-lr","ssp126",NA,2.76538810128061,15.1259944370815
"2953",3476,"Autonomous Province of Trento","ipsl-cm6a-lr","ssp126",NA,5.73506063353437,14.8880652291434
"2954",3477,"Autonomous Province of Trento","ipsl-cm6a-lr","ssp126",NA,1.71939992303253,17.0089388166155
"2955",3478,"Autonomous Province of Trento","ipsl-cm6a-lr","ssp126",NA,2.58845215064086,16.808485194615
"2956",3479,"Autonomous Province of Trento","ipsl-cm6a-lr","ssp126",NA,1.40680729040728,19.155776323591
"2957",3480,"Autonomous Province of Trento","ipsl-cm6a-lr","ssp126",NA,0.696584591319801,14.8754483904158
"2958",3481,"Autonomous Province of Trento","ipsl-cm6a-lr","ssp126",NA,0.00435752904845035,14.0939422607422
"2959",3482,"Autonomous Province of Trento","ipsl-cm6a-lr","ssp126",NA,4.72740187051386,14.8352719988142
"2960",3483,"Autonomous Province of Trento","ipsl-cm6a-lr","ssp126",NA,0.793048937521235,9.63232792445594
"2961",3484,"Autonomous Province of Trento","ipsl-cm6a-lr","ssp126",NA,2.01720967332741,9.34121638706754
"2962",3485,"Autonomous Province of Trento","ipsl-cm6a-lr","ssp126",NA,1.93191934163874,11.4421739850726
"2963",3486,"Autonomous Province of Trento","ipsl-cm6a-lr","ssp126",NA,7.61896153253474,12.2554554530553
"2964",3487,"Autonomous Province of Trento","ipsl-cm6a-lr","ssp126",NA,2.08204215385714,4.46668504987446
"2965",3488,"Autonomous Province of Trento","ipsl-cm6a-lr","ssp126",NA,3.90095916975822,6.38448050362725
"2966",3489,"Autonomous Province of Trento","ipsl-cm6a-lr","ssp126",NA,0,5.58916843959266
"2967",3490,"Autonomous Province of Trento","ipsl-cm6a-lr","ssp126",NA,0,3.08614719935828
"2968",3491,"Autonomous Province of Trento","ipsl-cm6a-lr","ssp126",NA,0.84175267792099,3.12744184221542
"2969",3492,"Autonomous Province of Trento","ipsl-cm6a-lr","ssp126",NA,0.655735556704583,1.84410247802737
"2970",3493,"Autonomous Province of Trento","ipsl-cm6a-lr","ssp126",NA,1.58586340849069,1.68225032261442
"2971",3494,"Autonomous Province of Trento","ipsl-cm6a-lr","ssp126",NA,0.313999694688911,1.71634063720705
"2972",3495,"Autonomous Province of Trento","ipsl-cm6a-lr","ssp126",NA,1.18442448162698,-1.65692640032085
"2973",3496,"Autonomous Province of Trento","ipsl-cm6a-lr","ssp126",NA,0.104584717038441,-0.25985674176895
"2974",3497,"Autonomous Province of Trento","ipsl-cm6a-lr","ssp126",NA,0.441004355447408,-0.385828944614931
"2975",3498,"Autonomous Province of Trento","ipsl-cm6a-lr","ssp126",NA,0.783771728635786,-0.916972133091496
"2976",3499,"Autonomous Province of Trento","ipsl-cm6a-lr","ssp126",NA,0.449579865380655,-2.82871093749998
"2977",3500,"Autonomous Province of Trento","ipsl-cm6a-lr","ssp126",NA,0.0430798821201149,-1.44548645019529
"2978",3501,"Autonomous Province of Trento","ipsl-cm6a-lr","ssp126",NA,1.41145018291614,0.701808820452033
"2979",3502,"Autonomous Province of Trento","ipsl-cm6a-lr","ssp126",NA,0.670661194960432,-1.84949667794362
"2980",3503,"Autonomous Province of Trento","ipsl-cm6a-lr","ssp126",NA,0.830285334918049,-0.480783299037365
"2981",3504,"Autonomous Province of Trento","ipsl-cm6a-lr","ssp126",NA,4.41274236686046,2.52749895368306
"2982",3505,"Autonomous Province of Trento","ipsl-cm6a-lr","ssp126",NA,0.0376968887264541,0.446752711704823
"2983",3506,"Autonomous Province of Trento","ipsl-cm6a-lr","ssp126",NA,0,4.56041434151788
"2984",3507,"Autonomous Province of Trento","ipsl-cm6a-lr","ssp126",NA,2.45476386834136,3.01520036969868
"2985",3508,"Autonomous Province of Trento","ipsl-cm6a-lr","ssp126",NA,0.167990220299024,8.22071228027345
"2986",3509,"Autonomous Province of Trento","ipsl-cm6a-lr","ssp126",NA,0.288262677921531,6.73821738106866
"2987",3510,"Autonomous Province of Trento","ipsl-cm6a-lr","ssp126",NA,3.0312448771578,4.14546356201174
"2988",3511,"Autonomous Province of Trento","ipsl-cm6a-lr","ssp126",NA,0.0895398892420678,4.44676797049388
"2989",3512,"Autonomous Province of Trento","ipsl-cm6a-lr","ssp126",NA,0,3.98979121616911
"2990",3513,"Autonomous Province of Trento","ipsl-cm6a-lr","ssp126",NA,0.750119242781824,10.7860678536552
"2991",3514,"Autonomous Province of Trento","ipsl-cm6a-lr","ssp126",NA,0.246716658122231,11.8367891584124
"2992",3515,"Autonomous Province of Trento","ipsl-cm6a-lr","ssp126",NA,1.54742381099433,15.6711092267718
"2993",3516,"Autonomous Province of Trento","ipsl-cm6a-lr","ssp126",NA,4.57013342152745,12.5075796944755
"2994",3517,"Autonomous Province of Trento","ipsl-cm6a-lr","ssp126",NA,5.49766189242291,8.21783708844869
"2995",3518,"Autonomous Province of Trento","ipsl-cm6a-lr","ssp126",NA,3.50008508435817,15.3078192574638
"2996",3519,"Autonomous Province of Trento","ipsl-cm6a-lr","ssp126",NA,2.19606473729073,16.6146408081055
"2997",3520,"Autonomous Province of Trento","ipsl-cm6a-lr","ssp126",NA,2.19207851649636,17.0060407366072
"2998",3521,"Autonomous Province of Trento","ipsl-cm6a-lr","ssp126",NA,1.12791229611113,15.2045466831753
"2999",3522,"Autonomous Province of Trento","ipsl-cm6a-lr","ssp126",NA,7.37863890213444,16.2823926653181
"3000",3523,"Autonomous Province of Trento","ipsl-cm6a-lr","ssp126",NA,6.34264839523634,14.5278128487724
"3001",3524,"Autonomous Province of Trento","ipsl-cm6a-lr","ssp126",NA,3.22753690888931,15.1191029139928
"3002",3525,"Autonomous Province of Trento","ipsl-cm6a-lr","ssp126",NA,0.942478846523695,17.9238252912249
"3003",3526,"Autonomous Province of Trento","ipsl-cm6a-lr","ssp126",NA,4.44802020746075,13.6993249075754
"3004",3527,"Autonomous Province of Trento","ipsl-cm6a-lr","ssp126",NA,3.06443668084415,16.2392135620117
"3005",3528,"Autonomous Province of Trento","ipsl-cm6a-lr","ssp126",NA,6.28150212557687,15.8659628731864
"3006",3529,"Autonomous Province of Trento","ipsl-cm6a-lr","ssp126",NA,5.12544891794927,16.6447725568499
"3007",3530,"Autonomous Province of Trento","ipsl-cm6a-lr","ssp126",NA,2.70564013092423,17.775180707659
"3008",3531,"Autonomous Province of Trento","ipsl-cm6a-lr","ssp126",NA,0.675306910748727,16.4218133108957
"3009",3532,"Autonomous Province of Trento","ipsl-cm6a-lr","ssp126",NA,0.877394873116698,16.9249141148159
"3010",3533,"Autonomous Province of Trento","ipsl-cm6a-lr","ssp126",NA,0.894557078754588,17.4257348196847
"3011",3534,"Autonomous Province of Trento","ipsl-cm6a-lr","ssp126",NA,0.868993551245825,12.1689228602818
"3012",3535,"Autonomous Province of Trento","ipsl-cm6a-lr","ssp126",NA,7.35165240460316,10.4711395263672
"3013",3536,"Autonomous Province of Trento","ipsl-cm6a-lr","ssp126",NA,6.87745592693838,10.2018469674247
"3014",3537,"Autonomous Province of Trento","ipsl-cm6a-lr","ssp126",NA,0.720453401143979,10.2885201590402
"3015",3538,"Autonomous Province of Trento","ipsl-cm6a-lr","ssp126",NA,0,10.6984311785017
"3016",3539,"Autonomous Province of Trento","ipsl-cm6a-lr","ssp126",NA,0.982676429755105,6.5088091169085
"3017",3540,"Autonomous Province of Trento","ipsl-cm6a-lr","ssp126",NA,2.67555246895687,6.43521706717357
"3018",3541,"Autonomous Province of Trento","ipsl-cm6a-lr","ssp126",NA,1.07853404520678,8.51551644461498
"3019",3542,"Autonomous Province of Trento","ipsl-cm6a-lr","ssp126",NA,0,5.36164790562223
"3020",3543,"Autonomous Province of Trento","ipsl-cm6a-lr","ssp126",NA,0,3.75918077741353
"3021",3544,"Autonomous Province of Trento","ipsl-cm6a-lr","ssp126",NA,9.1528120210439,3.15105372837614
"3022",3545,"Autonomous Province of Trento","ipsl-cm6a-lr","ssp126",NA,7.02251915543976,0.652789960588752
"3023",3546,"Autonomous Province of Trento","ipsl-cm6a-lr","ssp126",NA,3.3720472850421,2.26805485316687
"3024",3547,"Autonomous Province of Trento","ipsl-cm6a-lr","ssp126",NA,0.560120623660104,-2.1845993041992
"3025",3548,"Autonomous Province of Trento","ipsl-cm6a-lr","ssp126",NA,0.366913713345899,-2.36388898577007
"3026",3549,"Autonomous Province of Trento","ipsl-cm6a-lr","ssp126",NA,3.0464334410291,-2.63964800153457
"3027",3550,"Autonomous Province of Trento","ipsl-cm6a-lr","ssp126",NA,4.73140649805178,-4.44036385672431
"3028",3551,"Autonomous Province of Trento","ipsl-cm6a-lr","ssp126",NA,0.454725039578209,0.196718924386184
"3029",3552,"Autonomous Province of Trento","ipsl-cm6a-lr","ssp126",NA,1.32562337060205,-4.68343200683591
"3030",3553,"Autonomous Province of Trento","ipsl-cm6a-lr","ssp126",NA,0.198621851528255,-2.2976625714983
"3031",3554,"Autonomous Province of Trento","ipsl-cm6a-lr","ssp126",NA,6.3133247004771,0.980208696637855
"3032",3555,"Autonomous Province of Trento","ipsl-cm6a-lr","ssp126",NA,0.852939675028861,0.248655482700917
"3033",3556,"Autonomous Province of Trento","ipsl-cm6a-lr","ssp126",NA,3.54654124314818,-1.07202322823659
"3034",3557,"Autonomous Province of Trento","ipsl-cm6a-lr","ssp126",NA,0.578279112973438,-1.91611328124998
"3035",3558,"Autonomous Province of Trento","ipsl-cm6a-lr","ssp126",NA,3.5505519382111,1.48091932024277
"3036",3559,"Autonomous Province of Trento","ipsl-cm6a-lr","ssp126",NA,0.506132973012947,2.71124638148719
"3037",3560,"Autonomous Province of Trento","ipsl-cm6a-lr","ssp126",NA,2.49552060823979,2.28023790631977
"3038",3561,"Autonomous Province of Trento","ipsl-cm6a-lr","ssp126",NA,0.0088278356218195,2.90923788888116
"3039",3562,"Autonomous Province of Trento","ipsl-cm6a-lr","ssp126",NA,1.26922577978153,4.406878226144
"3040",3563,"Autonomous Province of Trento","ipsl-cm6a-lr","ssp126",NA,0.0587456815992483,5.34927193777904
"3041",3564,"Autonomous Province of Trento","ipsl-cm6a-lr","ssp126",NA,7.68748652299109,4.43254350934712
"3042",3565,"Autonomous Province of Trento","ipsl-cm6a-lr","ssp126",NA,0.634177390267203,5.62400316510884
"3043",3566,"Autonomous Province of Trento","ipsl-cm6a-lr","ssp126",NA,2.35313696695292,7.1189426967076
"3044",3567,"Autonomous Province of Trento","ipsl-cm6a-lr","ssp126",NA,8.84002628424372,7.2603731427874
"3045",3568,"Autonomous Province of Trento","ipsl-cm6a-lr","ssp126",NA,2.0117466465568,8.58650251116074
"3046",3569,"Autonomous Province of Trento","ipsl-cm6a-lr","ssp126",NA,1.25344970542106,11.0502182006836
"3047",3570,"Autonomous Province of Trento","ipsl-cm6a-lr","ssp126",NA,3.62727557183981,12.6062037876674
"3048",3571,"Autonomous Province of Trento","ipsl-cm6a-lr","ssp126",NA,0.205025830889229,15.5477833339147
"3049",3572,"Autonomous Province of Trento","ipsl-cm6a-lr","ssp126",NA,3.23698577127029,16.3690179007394
"3050",3573,"Autonomous Province of Trento","ipsl-cm6a-lr","ssp126",NA,7.36447130212972,15.308232334682
"3051",3574,"Autonomous Province of Trento","ipsl-cm6a-lr","ssp126",NA,5.14971306547523,18.9470600673131
"3052",3575,"Autonomous Province of Trento","ipsl-cm6a-lr","ssp126",NA,12.0836301214045,15.5274139404297
"3053",3576,"Autonomous Province of Trento","ipsl-cm6a-lr","ssp126",NA,9.39047649771964,15.5785439627511
"3054",3577,"Autonomous Province of Trento","ipsl-cm6a-lr","ssp126",NA,3.08433904616063,15.4242754255022
"3055",3578,"Autonomous Province of Trento","ipsl-cm6a-lr","ssp126",NA,4.24256820906521,16.6414853777204
"3056",3579,"Autonomous Province of Trento","ipsl-cm6a-lr","ssp126",NA,4.19066051973849,16.4344650268555
"3057",3580,"Autonomous Province of Trento","ipsl-cm6a-lr","ssp126",NA,4.43859299606889,16.0643543788365
"3058",3581,"Autonomous Province of Trento","ipsl-cm6a-lr","ssp126",NA,1.17290602491786,16.8987910679409
"3059",3582,"Autonomous Province of Trento","ipsl-cm6a-lr","ssp126",NA,1.74961871699842,18.9218056815012
"3060",3583,"Autonomous Province of Trento","ipsl-cm6a-lr","ssp126",NA,1.07547138057791,15.2351438249861
"3061",3584,"Autonomous Province of Trento","ipsl-cm6a-lr","ssp126",NA,0.626844213443941,13.9694120134626
"3062",3585,"Autonomous Province of Trento","ipsl-cm6a-lr","ssp126",NA,0.638645501151456,11.8046421595982
"3063",3586,"Autonomous Province of Trento","ipsl-cm6a-lr","ssp126",NA,3.22435081980074,12.8296992710658
"3064",3587,"Autonomous Province of Trento","ipsl-cm6a-lr","ssp126",NA,2.86532697378529,12.397352382115
"3065",3588,"Autonomous Province of Trento","ipsl-cm6a-lr","ssp126",NA,0.056119734238434,14.9187942504883
"3066",3589,"Autonomous Province of Trento","ipsl-cm6a-lr","ssp126",NA,7.05741405158084,9.89031154087614
"3067",3590,"Autonomous Province of Trento","ipsl-cm6a-lr","ssp126",NA,1.58881298022087,9.2122501918248
"3068",3591,"Autonomous Province of Trento","ipsl-cm6a-lr","ssp126",NA,2.55588604117553,10.2386380876814
"3069",3592,"Autonomous Province of Trento","ipsl-cm6a-lr","ssp126",NA,3.25849412092793,5.42611192975728
"3070",3593,"Autonomous Province of Trento","ipsl-cm6a-lr","ssp126",NA,7.36835827384701,6.91818498883931
"3071",3594,"Autonomous Province of Trento","ipsl-cm6a-lr","ssp126",NA,1.08706724173057,7.33142678397045
"3072",3595,"Autonomous Province of Trento","ipsl-cm6a-lr","ssp126",NA,1.93773360429727,4.94424809047156
"3073",3596,"Autonomous Province of Trento","ipsl-cm6a-lr","ssp126",NA,5.86715312799373,0.518379647391206
"3074",3597,"Autonomous Province of Trento","ipsl-cm6a-lr","ssp126",NA,0.0496732920250256,-0.007514517647857
"3075",3598,"Autonomous Province of Trento","ipsl-cm6a-lr","ssp126",NA,0.0339709533883641,-7.12979518345421
"3076",3599,"Autonomous Province of Trento","ipsl-cm6a-lr","ssp126",NA,0.176127348744818,-4.74579576764786
"3077",3600,"Autonomous Province of Trento","ipsl-cm6a-lr","ssp126",NA,0.800426136876402,1.54774518694199
"3078",3601,"Autonomous Province of Trento","ipsl-cm6a-lr","ssp126",NA,0.0381003854532277,0.984810311453707
"3079",3602,"Autonomous Province of Trento","ipsl-cm6a-lr","ssp126",NA,0.154114705882031,-5.60693370274132
"3080",3603,"Autonomous Province of Trento","ipsl-cm6a-lr","ssp126",NA,0.60243014374594,-2.23834729875835
"3081",3604,"Autonomous Province of Trento","ipsl-cm6a-lr","ssp126",NA,0.256172749543891,-5.87626004900249
"3082",3605,"Autonomous Province of Trento","ipsl-cm6a-lr","ssp126",NA,0.410483940660405,-0.457247706821965
"3083",3606,"Autonomous Province of Trento","ipsl-cm6a-lr","ssp126",NA,1.35290467140814,-1.80749250139506
"3084",3607,"Autonomous Province of Trento","ipsl-cm6a-lr","ssp126",NA,9.39641348252608,1.43523123604913
"3085",3608,"Autonomous Province of Trento","ipsl-cm6a-lr","ssp126",NA,1.14680413716997,-0.0170065743582357
"3086",3609,"Autonomous Province of Trento","ipsl-cm6a-lr","ssp126",NA,6.34196285120977,0.404263523646786
"3087",3610,"Autonomous Province of Trento","ipsl-cm6a-lr","ssp126",NA,0,1.75792737688339
"3088",3611,"Autonomous Province of Trento","ipsl-cm6a-lr","ssp126",NA,0.316111740643724,5.31520996093752
"3089",3612,"Autonomous Province of Trento","ipsl-cm6a-lr","ssp126",NA,1.46468854368972,5.85748334612167
"3090",3613,"Autonomous Province of Trento","ipsl-cm6a-lr","ssp126",NA,0.228289820097416,4.78305642264232
"3091",3614,"Autonomous Province of Trento","ipsl-cm6a-lr","ssp126",NA,1.17880241771542,6.3553416660854
"3092",3615,"Autonomous Province of Trento","ipsl-cm6a-lr","ssp126",NA,1.0900112654781,7.69436253138953
"3093",3616,"Autonomous Province of Trento","ipsl-cm6a-lr","ssp126",NA,0.549663173816433,6.3061702183315
"3094",3617,"Autonomous Province of Trento","ipsl-cm6a-lr","ssp126",NA,0.7761023816004,9.04799804687501
"3095",3618,"Autonomous Province of Trento","ipsl-cm6a-lr","ssp126",NA,3.43878070894529,7.39901450020928
"3096",3619,"Autonomous Province of Trento","ipsl-cm6a-lr","ssp126",NA,1.11180808848336,7.73726588657927
"3097",3620,"Autonomous Province of Trento","ipsl-cm6a-lr","ssp126",NA,4.18856920075216,8.23091387067524
"3098",3621,"Autonomous Province of Trento","ipsl-cm6a-lr","ssp126",NA,5.16380000135541,9.80999581473217
"3099",3622,"Autonomous Province of Trento","ipsl-cm6a-lr","ssp126",NA,3.30992656757059,15.8396545410156
"3100",3623,"Autonomous Province of Trento","ipsl-cm6a-lr","ssp126",NA,7.30898917019138,19.2697703770229
"3101",3624,"Autonomous Province of Trento","ipsl-cm6a-lr","ssp126",NA,1.83333394361398,14.1857838221959
"3102",3625,"Autonomous Province of Trento","ipsl-cm6a-lr","ssp126",NA,3.8695910716342,16.895166015625
"3103",3626,"Autonomous Province of Trento","ipsl-cm6a-lr","ssp126",NA,11.2063660245699,13.8679018293109
"3104",3627,"Autonomous Province of Trento","ipsl-cm6a-lr","ssp126",NA,3.50262884159227,15.1851309640067
"3105",3628,"Autonomous Province of Trento","ipsl-cm6a-lr","ssp126",NA,3.85113506381458,17.4360050746373
"3106",3629,"Autonomous Province of Trento","ipsl-cm6a-lr","ssp126",NA,10.2573838601529,18.272710963658
"3107",3630,"Autonomous Province of Trento","ipsl-cm6a-lr","ssp126",NA,3.63669621861585,18.1563103812082
"3108",3631,"Autonomous Province of Trento","ipsl-cm6a-lr","ssp126",NA,12.9164479730597,17.7629682268416
"3109",3632,"Autonomous Province of Trento","ipsl-cm6a-lr","ssp126",NA,0.285110637274296,14.4249653407506
"3110",3633,"Autonomous Province of Trento","ipsl-cm6a-lr","ssp126",NA,3.24983439391612,14.2586216517857
"3111",3634,"Autonomous Province of Trento","ipsl-cm6a-lr","ssp126",NA,4.85446581908816,14.8543640136719
"3112",3635,"Autonomous Province of Trento","ipsl-cm6a-lr","ssp126",NA,1.4291752356907,17.957791355678
"3113",3636,"Autonomous Province of Trento","ipsl-cm6a-lr","ssp126",NA,9.91220388768851,13.3847856794085
"3114",3637,"Autonomous Province of Trento","ipsl-cm6a-lr","ssp126",NA,2.84435333809857,12.6911156790597
"3115",3638,"Autonomous Province of Trento","ipsl-cm6a-lr","ssp126",NA,0.820354439669505,10.0727140154158
"3116",3639,"Autonomous Province of Trento","ipsl-cm6a-lr","ssp126",NA,0.174446724304289,12.0264973231724
"3117",3640,"Autonomous Province of Trento","ipsl-cm6a-lr","ssp126",NA,0.0438648730778368,14.3023511614118
"3118",3641,"Autonomous Province of Trento","ipsl-cm6a-lr","ssp126",NA,0,14.0839183262417
"3119",3642,"Autonomous Province of Trento","ipsl-cm6a-lr","ssp126",NA,0.0594338314061005,10.5033617292132
"3120",3643,"Autonomous Province of Trento","ipsl-cm6a-lr","ssp126",NA,8.5643837243489,11.1131607055664
"3121",3644,"Autonomous Province of Trento","ipsl-cm6a-lr","ssp126",NA,0.149360638325951,12.0319708687919
"3122",3645,"Autonomous Province of Trento","ipsl-cm6a-lr","ssp126",NA,0.667626014858667,8.96162894112726
"3123",3646,"Autonomous Province of Trento","ipsl-cm6a-lr","ssp126",NA,0.389520053145783,4.59707794189455
"3124",3647,"Autonomous Province of Trento","ipsl-cm6a-lr","ssp126",NA,13.2897583174521,2.90828094482424
"3125",3648,"Autonomous Province of Trento","ipsl-cm6a-lr","ssp126",NA,3.8232320388488,1.41143733433317
"3126",3649,"Autonomous Province of Trento","ipsl-cm6a-lr","ssp126",NA,0.062714406690897,2.97648119245259
"3127",3650,"Autonomous Province of Trento","ipsl-cm6a-lr","ssp126",NA,0.432377197882618,1.71260550362725
"3128",3651,"Autonomous Province of Trento","ipsl-cm6a-lr","ssp126",NA,0.864898624019719,0.231032671247233
"3129",3652,"Autonomous Province of Trento","ipsl-cm6a-lr","ssp126",NA,0.71395885302731,-0.765708487374422
"3130",3653,"Autonomous Province of Trento","ipsl-cm6a-lr","ssp126",NA,4.36130595717259,-3.78931601388112
"3131",3654,"Autonomous Province of Trento","ipsl-cm6a-lr","ssp126",NA,0.199945234297567,-3.4087465558733
"3132",3655,"Autonomous Province of Trento","ipsl-cm6a-lr","ssp126",NA,0.0171695483394225,-4.18749738420757
"3133",3656,"Autonomous Province of Trento","ipsl-cm6a-lr","ssp126",NA,0,-8.48025414603096
"3134",3657,"Autonomous Province of Trento","ipsl-cm6a-lr","ssp126",NA,2.47293053211511,-3.1898733956473
"3135",3658,"Autonomous Province of Trento","ipsl-cm6a-lr","ssp126",NA,0.0462806860793665,-3.0739065987723
"3136",3659,"Autonomous Province of Trento","ipsl-cm6a-lr","ssp126",NA,1.75070291067771,-5.95525861467632
"3137",3660,"Autonomous Province of Trento","ipsl-cm6a-lr","ssp126",NA,1.0734410778241,-2.69242924281527
"3138",3661,"Autonomous Province of Trento","ipsl-cm6a-lr","ssp126",NA,1.34235393021039,1.27494964599612
"3139",3662,"Autonomous Province of Trento","ipsl-cm6a-lr","ssp126",NA,0.00898962623198583,3.11889583042692
"3140",3663,"Autonomous Province of Trento","ipsl-cm6a-lr","ssp126",NA,0.121873882900607,1.93251081194199
"3141",3664,"Autonomous Province of Trento","ipsl-cm6a-lr","ssp126",NA,0.0694601898430847,4.78487984793529
"3142",3665,"Autonomous Province of Trento","ipsl-cm6a-lr","ssp126",NA,0.730014068618143,2.52794690813339
"3143",3666,"Autonomous Province of Trento","ipsl-cm6a-lr","ssp126",NA,6.19530044433694,2.43516257149835
"3144",3667,"Autonomous Province of Trento","ipsl-cm6a-lr","ssp126",NA,0.991930172936658,5.79673047746933
"3145",3668,"Autonomous Province of Trento","ipsl-cm6a-lr","ssp126",NA,4.65088168384682,6.58508562360493
"3146",3669,"Autonomous Province of Trento","ipsl-cm6a-lr","ssp126",NA,0.890512633083876,4.14176548549109
"3147",3670,"Autonomous Province of Trento","ipsl-cm6a-lr","ssp126",NA,2.03295935942671,4.35637272426063
"3148",3671,"Autonomous Province of Trento","ipsl-cm6a-lr","ssp126",NA,7.74096589458557,7.01428811209543
"3149",3672,"Autonomous Province of Trento","ipsl-cm6a-lr","ssp126",NA,2.74798124521892,7.35654929024835
"3150",3673,"Autonomous Province of Trento","ipsl-cm6a-lr","ssp126",NA,1.36740626523014,10.6628978184292
"3151",3674,"Autonomous Province of Trento","ipsl-cm6a-lr","ssp126",NA,3.75228586666968,12.9652572631836
"3152",3675,"Autonomous Province of Trento","ipsl-cm6a-lr","ssp126",NA,7.16353140557788,8.77458779471262
"3153",3676,"Autonomous Province of Trento","ipsl-cm6a-lr","ssp126",NA,7.17820379342291,10.9292792184012
"3154",3677,"Autonomous Province of Trento","ipsl-cm6a-lr","ssp126",NA,13.3479347188508,15.2914781842913
"3155",3678,"Autonomous Province of Trento","ipsl-cm6a-lr","ssp126",NA,2.31597919409978,18.9225849696568
"3156",3679,"Autonomous Province of Trento","ipsl-cm6a-lr","ssp126",NA,1.81452921307417,18.6264522007534
"3157",3680,"Autonomous Province of Trento","ipsl-cm6a-lr","ssp126",NA,4.92474147467874,17.1162538800921
"3158",3681,"Autonomous Province of Trento","ipsl-cm6a-lr","ssp126",NA,13.200882199869,15.5843444824219
"3159",3682,"Autonomous Province of Trento","ipsl-cm6a-lr","ssp126",NA,4.29257079938127,16.5419304983957
"3160",3683,"Autonomous Province of Trento","ipsl-cm6a-lr","ssp126",NA,8.01611029790885,17.4293315342495
"3161",3684,"Autonomous Province of Trento","ipsl-cm6a-lr","ssp126",NA,2.37279929949312,17.6368249075753
"3162",3685,"Autonomous Province of Trento","ipsl-cm6a-lr","ssp126",NA,0.5373363158729,19.8565656389509
"3163",3686,"Autonomous Province of Trento","ipsl-cm6a-lr","ssp126",NA,0.764827245412951,20.1283497401647
"3164",3687,"Autonomous Province of Trento","ipsl-cm6a-lr","ssp126",NA,1.23065411924992,15.8240938459124
"3165",3688,"Autonomous Province of Trento","ipsl-cm6a-lr","ssp126",NA,4.59685954098989,15.6727059500558
"3166",3689,"Autonomous Province of Trento","ipsl-cm6a-lr","ssp126",NA,4.91953647909083,11.45279410226
"3167",3690,"Autonomous Province of Trento","ipsl-cm6a-lr","ssp126",NA,4.29670541704711,12.2841038295201
"3168",3691,"Autonomous Province of Trento","ipsl-cm6a-lr","ssp126",NA,0.0960399078134546,13.7446740286691
"3169",3692,"Autonomous Province of Trento","ipsl-cm6a-lr","ssp126",NA,10.4373678500061,12.5783630371094
"3170",3693,"Autonomous Province of Trento","ipsl-cm6a-lr","ssp126",NA,18.553717415177,9.9782414027623
"3171",3694,"Autonomous Province of Trento","ipsl-cm6a-lr","ssp126",NA,1.0362946454474,8.381489780971
"3172",3695,"Autonomous Province of Trento","ipsl-cm6a-lr","ssp126",NA,20.5552967694529,9.352190726144
"3173",3696,"Autonomous Province of Trento","ipsl-cm6a-lr","ssp126",NA,2.82406210252312,8.8986243111747
"3174",3697,"Autonomous Province of Trento","ipsl-cm6a-lr","ssp126",NA,4.91995595990115,8.41262969970707
"3175",3698,"Autonomous Province of Trento","ipsl-cm6a-lr","ssp126",NA,10.1782252079959,3.65415344238283
"3176",3699,"Autonomous Province of Trento","ipsl-cm6a-lr","ssp126",NA,1.16583736180473,2.09439893450058
"3177",3700,"Autonomous Province of Trento","ipsl-cm6a-lr","ssp126",NA,10.5601553086671,0.75401022774835
"3178",3701,"Autonomous Province of Trento","ipsl-cm6a-lr","ssp126",NA,3.34225599269433,-0.0791185651506471
"3179",3702,"Autonomous Province of Trento","ipsl-cm6a-lr","ssp126",NA,12.601407046038,4.29835989815851
"3180",3703,"Autonomous Province of Trento","ipsl-cm6a-lr","ssp126",NA,0.95269422576426,2.3055108206613
"3181",3704,"Autonomous Province of Trento","ipsl-cm6a-lr","ssp126",NA,0.0351621184173772,2.20257284981866
"3182",3705,"Autonomous Province of Trento","ipsl-cm6a-lr","ssp126",NA,2.14026214559583,0.046140834263415
"3183",3706,"Autonomous Province of Trento","ipsl-cm6a-lr","ssp126",NA,1.18709440837067,-0.305330113002209
"3184",3707,"Autonomous Province of Trento","ipsl-cm6a-lr","ssp126",NA,1.64350339346129,-4.05573229108536
"3185",3708,"Autonomous Province of Trento","ipsl-cm6a-lr","ssp126",NA,1.1821889087774,-1.88067801339284
"3186",3709,"Autonomous Province of Trento","ipsl-cm6a-lr","ssp126",NA,2.23070092309042,0.531714739118327
"3187",3710,"Autonomous Province of Trento","ipsl-cm6a-lr","ssp126",NA,2.24576932884832,0.296216038295223
"3188",3711,"Autonomous Province of Trento","ipsl-cm6a-lr","ssp126",NA,1.46918524624198,-2.18474535260879
"3189",3712,"Autonomous Province of Trento","ipsl-cm6a-lr","ssp126",NA,2.53069707598895,3.03819754464288
"3190",3713,"Autonomous Province of Trento","ipsl-cm6a-lr","ssp126",NA,4.35261309030466,-0.777769470214821
"3191",3714,"Autonomous Province of Trento","ipsl-cm6a-lr","ssp126",NA,4.09130249172449,-1.84722420828681
"3192",3715,"Autonomous Province of Trento","ipsl-cm6a-lr","ssp126",NA,0,5.56285901750839
"3193",3716,"Autonomous Province of Trento","ipsl-cm6a-lr","ssp126",NA,1.56599514879677,3.00841456821989
"3194",3717,"Autonomous Province of Trento","ipsl-cm6a-lr","ssp126",NA,0.44866967348623,1.36646096365795
"3195",3718,"Autonomous Province of Trento","ipsl-cm6a-lr","ssp126",NA,2.8071401829428,2.15164119175505
"3196",3719,"Autonomous Province of Trento","ipsl-cm6a-lr","ssp126",NA,0.202078677960214,1.90848148890906
"3197",3720,"Autonomous Province of Trento","ipsl-cm6a-lr","ssp126",NA,5.53038939433463,6.3588817051479
"3198",3721,"Autonomous Province of Trento","ipsl-cm6a-lr","ssp126",NA,1.82627497570138,6.54538661411832
"3199",3722,"Autonomous Province of Trento","ipsl-cm6a-lr","ssp126",NA,2.61243441925346,5.20059683663507
"3200",3723,"Autonomous Province of Trento","ipsl-cm6a-lr","ssp126",NA,5.61446252950191,3.22295859200616
"3201",3724,"Autonomous Province of Trento","ipsl-cm6a-lr","ssp126",NA,2.83354456852456,4.28805912562782
"3202",3725,"Autonomous Province of Trento","ipsl-cm6a-lr","ssp126",NA,0.429335624357919,8.68636365618028
"3203",3726,"Autonomous Province of Trento","ipsl-cm6a-lr","ssp126",NA,2.00617645654607,8.07598266601564
"3204",3727,"Autonomous Province of Trento","ipsl-cm6a-lr","ssp126",NA,3.1679313983789,9.07784750802178
"3205",3728,"Autonomous Province of Trento","ipsl-cm6a-lr","ssp126",NA,4.41656117749777,8.95716247558598
"3206",3729,"Autonomous Province of Trento","ipsl-cm6a-lr","ssp126",NA,1.61616611959679,18.9023169381278
"3207",3730,"Autonomous Province of Trento","ipsl-cm6a-lr","ssp126",NA,1.3138651740389,18.7283525739398
"3208",3731,"Autonomous Province of Trento","ipsl-cm6a-lr","ssp126",NA,6.61619571730106,20.4019158499582
"3209",3732,"Autonomous Province of Trento","ipsl-cm6a-lr","ssp126",NA,7.98752402318185,16.2395350864956
"3210",3733,"Autonomous Province of Trento","ipsl-cm6a-lr","ssp126",NA,9.44743283195878,16.2653464181083
"3211",3734,"Autonomous Province of Trento","ipsl-cm6a-lr","ssp126",NA,1.57736202402573,13.497093636649
"3212",3735,"Autonomous Province of Trento","ipsl-cm6a-lr","ssp126",NA,1.05160433284774,17.6792813982282
"3213",3736,"Autonomous Province of Trento","ipsl-cm6a-lr","ssp126",NA,2.15148882156687,19.6066223144531
"3214",3737,"Autonomous Province of Trento","ipsl-cm6a-lr","ssp126",NA,3.69958944013758,18.8388371058873
"3215",3738,"Autonomous Province of Trento","ipsl-cm6a-lr","ssp126",NA,2.17308708643032,19.7312909807478
"3216",3739,"Autonomous Province of Trento","ipsl-cm6a-lr","ssp126",NA,1.44637384788179,17.6864704677037
"3217",3740,"Autonomous Province of Trento","ipsl-cm6a-lr","ssp126",NA,4.0675418066972,17.1664760044643
"3218",3741,"Autonomous Province of Trento","ipsl-cm6a-lr","ssp126",NA,7.5412055198415,12.7003952026367
"3219",3742,"Autonomous Province of Trento","ipsl-cm6a-lr","ssp126",NA,4.73784536427826,14.0091088431222
"3220",3743,"Autonomous Province of Trento","ipsl-cm6a-lr","ssp126",NA,0.444129233606613,15.6852911812919
"3221",3744,"Autonomous Province of Trento","ipsl-cm6a-lr","ssp126",NA,3.32218568925912,14.995736694336
"3222",3745,"Autonomous Province of Trento","ipsl-cm6a-lr","ssp126",NA,0.479632675913828,11.6287878853934
"3223",3746,"Autonomous Province of Trento","ipsl-cm6a-lr","ssp126",NA,8.25202459285979,10.9524507795062
"3224",3747,"Autonomous Province of Trento","ipsl-cm6a-lr","ssp126",NA,11.1730406988499,7.77231096540181
"3225",3748,"Autonomous Province of Trento","ipsl-cm6a-lr","ssp126",NA,5.85909754559647,4.38624071393697
"3226",3749,"Autonomous Province of Trento","ipsl-cm6a-lr","ssp126",NA,5.61430719300396,8.00084402901788
"3227",3750,"Autonomous Province of Trento","ipsl-cm6a-lr","ssp126",NA,4.02756451258028,4.26990225655694
"3228",3751,"Autonomous Province of Trento","ipsl-cm6a-lr","ssp126",NA,0.223395369812352,0.9739209856306
"3229",3752,"Autonomous Province of Trento","ipsl-cm6a-lr","ssp126",NA,0.808818447265886,-3.26634063720701
"3230",3753,"Autonomous Province of Trento","ipsl-cm6a-lr","ssp126",NA,0.961299892307061,-1.57405046735489
"3231",3754,"Autonomous Province of Trento","ipsl-cm6a-lr","ssp126",NA,8.78683706635326,-0.0714019775390402
"3232",3755,"Autonomous Province of Trento","ipsl-cm6a-lr","ssp126",NA,12.5272191856701,-2.03321249825612
"3233",3756,"Autonomous Province of Trento","ipsl-cm6a-lr","ssp126",NA,3.95365519216284,-0.69020581926616
"3234",3757,"Autonomous Province of Trento","ipsl-cm6a-lr","ssp126",NA,0.087054576488299,-1.88956952776225
"3235",3758,"Autonomous Province of Trento","ipsl-cm6a-lr","ssp126",NA,0.0384516164298735,0.655653163364977
"3236",3759,"Autonomous Province of Trento","ipsl-cm6a-lr","ssp126",NA,0,-1.5169008527483
"3237",3760,"Autonomous Province of Trento","ipsl-cm6a-lr","ssp126",NA,0.0255236346544864,0.307529340471563
"3238",3761,"Autonomous Province of Trento","ipsl-cm6a-lr","ssp126",NA,1.4389856532424,-1.51390468052453
"3239",3762,"Autonomous Province of Trento","ipsl-cm6a-lr","ssp126",NA,4.9716614202615,0.109815761021228
"3240",3763,"Autonomous Province of Trento","ipsl-cm6a-lr","ssp126",NA,0.400029858194882,2.73544682094031
"3241",3764,"Autonomous Province of Trento","ipsl-cm6a-lr","ssp126",NA,0.0150516614797068,-0.311041259765601
"3242",3765,"Autonomous Province of Trento","ipsl-cm6a-lr","ssp126",NA,0.0314509712682463,-0.328428649902322
"3243",3766,"Autonomous Province of Trento","ipsl-cm6a-lr","ssp126",NA,2.15514035605468,0.75265001569478
"3244",3767,"Autonomous Province of Trento","ipsl-cm6a-lr","ssp126",NA,0.666832687368566,-0.367417035784016
"3245",3768,"Autonomous Province of Trento","ipsl-cm6a-lr","ssp126",NA,5.8041383728518,1.61919446672714
"3246",3769,"Autonomous Province of Trento","ipsl-cm6a-lr","ssp126",NA,0.926474637994295,1.43596147809712
"3247",3770,"Autonomous Province of Trento","ipsl-cm6a-lr","ssp126",NA,1.5583105848886,0.809335327148461
"3248",3771,"Autonomous Province of Trento","ipsl-cm6a-lr","ssp126",NA,0.648287831141455,0.0948665073939966
"3249",3772,"Autonomous Province of Trento","ipsl-cm6a-lr","ssp126",NA,0.928804526899641,-0.139101954868839
"3250",3773,"Autonomous Province of Trento","ipsl-cm6a-lr","ssp126",NA,6.78057162949699,3.69586225237168
"3251",3774,"Autonomous Province of Trento","ipsl-cm6a-lr","ssp126",NA,1.05626987403542,2.51310991559712
"3252",3775,"Autonomous Province of Trento","ipsl-cm6a-lr","ssp126",NA,0.451052393639527,0.468823460170224
"3253",3776,"Autonomous Province of Trento","ipsl-cm6a-lr","ssp126",NA,0.410966838262538,8.46810520717078
"3254",3777,"Autonomous Province of Trento","ipsl-cm6a-lr","ssp126",NA,3.21340461882106,8.01524287632537
"3255",3778,"Autonomous Province of Trento","ipsl-cm6a-lr","ssp126",NA,3.1890749844024,8.79871085030694
"3256",3779,"Autonomous Province of Trento","ipsl-cm6a-lr","ssp126",NA,1.94028990842656,9.42027762276789
"3257",3780,"Autonomous Province of Trento","ipsl-cm6a-lr","ssp126",NA,0.99498060885058,11.1078724452428
"3258",3781,"Autonomous Province of Trento","ipsl-cm6a-lr","ssp126",NA,1.79351726911981,11.8422212873187
"3259",3782,"Autonomous Province of Trento","ipsl-cm6a-lr","ssp126",NA,0.636041053933565,10.3999834333148
"3260",3783,"Autonomous Province of Trento","ipsl-cm6a-lr","ssp126",NA,1.34290799564301,15.5454596383231
"3261",3784,"Autonomous Province of Trento","ipsl-cm6a-lr","ssp126",NA,0.968972105069302,17.9804528372628
"3262",3785,"Autonomous Province of Trento","ipsl-cm6a-lr","ssp126",NA,2.84766449376548,18.9147604806083
"3263",3786,"Autonomous Province of Trento","ipsl-cm6a-lr","ssp126",NA,1.86005762147293,19.2378664289202
"3264",3787,"Autonomous Province of Trento","ipsl-cm6a-lr","ssp126",NA,0.200924781061726,19.5270292009626
"3265",3788,"Autonomous Province of Trento","ipsl-cm6a-lr","ssp126",NA,3.84322024406824,17.9519069126675
"3266",3789,"Autonomous Province of Trento","ipsl-cm6a-lr","ssp126",NA,1.92012867701124,18.3592697143555
"3267",3790,"Autonomous Province of Trento","ipsl-cm6a-lr","ssp126",NA,2.62175049909794,16.9536529541016
"3268",3791,"Autonomous Province of Trento","ipsl-cm6a-lr","ssp126",NA,2.71462088529525,17.2252027239118
"3269",3792,"Autonomous Province of Trento","ipsl-cm6a-lr","ssp126",NA,1.56320744345067,18.3402975899833
"3270",3793,"Autonomous Province of Trento","ipsl-cm6a-lr","ssp126",NA,3.45812528573463,15.3291619437082
"3271",3794,"Autonomous Province of Trento","ipsl-cm6a-lr","ssp126",NA,0.0792853833055623,19.0041301182338
"3272",3795,"Autonomous Province of Trento","ipsl-cm6a-lr","ssp126",NA,1.44413150309057,17.4772125244141
"3273",3796,"Autonomous Province of Trento","ipsl-cm6a-lr","ssp126",NA,0.0293625523876733,16.2657725742885
"3274",3797,"Autonomous Province of Trento","ipsl-cm6a-lr","ssp126",NA,2.34917470895328,15.5268450055804
"3275",3798,"Autonomous Province of Trento","ipsl-cm6a-lr","ssp126",NA,1.14312379316418,9.15821337018697
"3276",3799,"Autonomous Province of Trento","ipsl-cm6a-lr","ssp126",NA,0.00582085498795745,10.8385112217495
"3277",3800,"Autonomous Province of Trento","ipsl-cm6a-lr","ssp126",NA,0.362644580517164,5.6518504551479
"3278",3801,"Autonomous Province of Trento","ipsl-cm6a-lr","ssp126",NA,2.91335892522641,5.45406276157926
"3279",3802,"Autonomous Province of Trento","ipsl-cm6a-lr","ssp126",NA,0.442266978422724,5.61220594133652
"3280",3803,"Autonomous Province of Trento","ipsl-cm6a-lr","ssp126",NA,6.35375974122456,5.72677001953127
"3281",3804,"Autonomous Province of Trento","ipsl-cm6a-lr","ssp126",NA,0.694905789662568,4.02624446323942
"3282",3805,"Autonomous Province of Trento","ipsl-cm6a-lr","ssp126",NA,13.1574903004678,4.66721932547435
"3283",3806,"Autonomous Province of Trento","ipsl-cm6a-lr","ssp126",NA,5.0643291614376,0.9826359340123
"3284",3807,"Autonomous Province of Trento","ipsl-cm6a-lr","ssp126",NA,1.51951712151848,-2.52174987792967
"3285",3808,"Autonomous Province of Trento","ipsl-cm6a-lr","ssp126",NA,0.280582615544388,-1.28320159912107
"3286",3809,"Autonomous Province of Trento","ipsl-cm6a-lr","ssp126",NA,0.490712027073771,-4.10995112827844
"3287",3810,"Autonomous Province of Trento","ipsl-cm6a-lr","ssp126",NA,0.222956882732563,-2.59050053187777
"3288",3811,"Autonomous Province of Trento","ipsl-cm6a-lr","ssp126",NA,5.53671503751372,-4.21231253487721
"3289",3812,"Autonomous Province of Trento","ipsl-cm6a-lr","ssp126",NA,1.94693783204067,1.50372685023719
"3290",3813,"Autonomous Province of Trento","ipsl-cm6a-lr","ssp126",NA,0.00474005745283127,0.206044224330381
"3291",3814,"Autonomous Province of Trento","ipsl-cm6a-lr","ssp126",NA,0.137521446127461,0.770356750488303
"3292",3815,"Autonomous Province of Trento","ipsl-cm6a-lr","ssp126",NA,0.600701944521072,-3.55265873500277
"3293",3816,"Autonomous Province of Trento","ipsl-cm6a-lr","ssp126",NA,0.0635158223433662,0.341389683314754
"3294",3817,"Autonomous Province of Trento","ipsl-cm6a-lr","ssp126",NA,4.73199396960158,-1.42089691162107
"3295",3818,"Autonomous Province of Trento","ipsl-cm6a-lr","ssp126",NA,0.230479110879449,-1.4616771153041
"3296",3819,"Autonomous Province of Trento","ipsl-cm6a-lr","ssp126",NA,0.17789779332296,-1.9327704293387
"3297",3820,"Autonomous Province of Trento","ipsl-cm6a-lr","ssp126",NA,0.0162244962406735,0.617750331333727
"3298",3821,"Autonomous Province of Trento","ipsl-cm6a-lr","ssp126",NA,14.0299463938131,4.14744502476286
"3299",3822,"Autonomous Province of Trento","ipsl-cm6a-lr","ssp126",NA,3.19191325584793,3.93264596121654
"3300",3823,"Autonomous Province of Trento","ipsl-cm6a-lr","ssp126",NA,0,8.25260096958709
"3301",3824,"Autonomous Province of Trento","ipsl-cm6a-lr","ssp126",NA,0.743320161810906,7.18589281354635
"3302",3825,"Autonomous Province of Trento","ipsl-cm6a-lr","ssp126",NA,1.03680228112353,4.6728955950056
"3303",3826,"Autonomous Province of Trento","ipsl-cm6a-lr","ssp126",NA,8.2029247864869,3.49787728445873
"3304",3827,"Autonomous Province of Trento","ipsl-cm6a-lr","ssp126",NA,1.03961610531249,8.56622903006419
"3305",3828,"Autonomous Province of Trento","ipsl-cm6a-lr","ssp126",NA,1.29088303041758,6.84950299944199
"3306",3829,"Autonomous Province of Trento","ipsl-cm6a-lr","ssp126",NA,0.637511134274453,10.8816281999861
"3307",3830,"Autonomous Province of Trento","ipsl-cm6a-lr","ssp126",NA,0.625415258335644,9.81671840122769
"3308",3831,"Autonomous Province of Trento","ipsl-cm6a-lr","ssp126",NA,2.0397801366406,14.3721939086914
"3309",3832,"Autonomous Province of Trento","ipsl-cm6a-lr","ssp126",NA,1.29613684228908,13.7844765799386
"3310",3833,"Autonomous Province of Trento","ipsl-cm6a-lr","ssp126",NA,6.13036304431651,15.7858934674944
"3311",3834,"Autonomous Province of Trento","ipsl-cm6a-lr","ssp126",NA,7.58890483929073,16.1967908586775
"3312",3835,"Autonomous Province of Trento","ipsl-cm6a-lr","ssp126",NA,7.22524932477557,17.3014814104353
"3313",3836,"Autonomous Province of Trento","ipsl-cm6a-lr","ssp126",NA,6.41180202071285,17.6784018380302
"3314",3837,"Autonomous Province of Trento","ipsl-cm6a-lr","ssp126",NA,3.43418066482367,18.3400098528181
"3315",3838,"Autonomous Province of Trento","ipsl-cm6a-lr","ssp126",NA,5.39023898883378,18.0619794573103
"3316",3839,"Autonomous Province of Trento","ipsl-cm6a-lr","ssp126",NA,9.65762404833056,17.2599284580776
"3317",3840,"Autonomous Province of Trento","ipsl-cm6a-lr","ssp126",NA,0.908060964281634,20.1220304216657
"3318",3841,"Autonomous Province of Trento","ipsl-cm6a-lr","ssp126",NA,0.886750673219337,19.7060180664063
"3319",3842,"Autonomous Province of Trento","ipsl-cm6a-lr","ssp126",NA,2.9632489197346,19.9217304774693
"3320",3843,"Autonomous Province of Trento","ipsl-cm6a-lr","ssp126",NA,0.0723846933916709,21.0264068603516
"3321",3844,"Autonomous Province of Trento","ipsl-cm6a-lr","ssp126",NA,4.43392417730917,16.3021800449917
"3322",3845,"Autonomous Province of Trento","ipsl-cm6a-lr","ssp126",NA,1.27577122831488,18.3129189627512
"3323",3846,"Autonomous Province of Trento","ipsl-cm6a-lr","ssp126",NA,0.337845510291247,18.2532396589007
"3324",3847,"Autonomous Province of Trento","ipsl-cm6a-lr","ssp126",NA,0.817408935524456,16.8904423304967
"3325",3848,"Autonomous Province of Trento","ipsl-cm6a-lr","ssp126",NA,0.0802943864722954,13.8609220232283
"3326",3849,"Autonomous Province of Trento","ipsl-cm6a-lr","ssp126",NA,2.47429518149147,11.9058220999582
"3327",3850,"Autonomous Province of Trento","ipsl-cm6a-lr","ssp126",NA,0.0267301488098123,9.5406454903739
"3328",3851,"Autonomous Province of Trento","ipsl-cm6a-lr","ssp126",NA,0,11.2867207118443
"3329",3852,"Autonomous Province of Trento","ipsl-cm6a-lr","ssp126",NA,6.18092243424014,9.90688476562502
"3330",3853,"Autonomous Province of Trento","ipsl-cm6a-lr","ssp126",NA,3.40341059678134,6.89316929408485
"3331",3854,"Autonomous Province of Trento","ipsl-cm6a-lr","ssp126",NA,1.32657838907367,7.38238677978518
"3332",3855,"Autonomous Province of Trento","ipsl-cm6a-lr","ssp126",NA,6.1703589384706,4.52289188929969
"3333",3856,"Autonomous Province of Trento","ipsl-cm6a-lr","ssp126",NA,0.296539120193172,-1.56546739850723
"3334",3857,"Autonomous Province of Trento","ipsl-cm6a-lr","ssp126",NA,11.2538050960991,-3.03651057652062
"3335",3858,"Autonomous Province of Trento","ipsl-cm6a-lr","ssp126",NA,15.0775006670561,1.75893227713451
"3336",3859,"Autonomous Province of Trento","ipsl-cm6a-lr","ssp126",NA,0.372277359136725,-3.93289358956471
"3337",3860,"Autonomous Province of Trento","ipsl-cm6a-lr","ssp126",NA,2.57387904309456,-3.30343693324496
"3338",3861,"Autonomous Province of Trento","ipsl-cm6a-lr","ssp126",NA,2.70670665700631,-1.5715883527483
"3339",3862,"Autonomous Province of Trento","ipsl-cm6a-lr","ssp126",NA,0.161236606124606,0.0849995204380818
"3340",3863,"Autonomous Province of Trento","ipsl-cm6a-lr","ssp126",NA,0,-1.37371564592632
"3341",3864,"Autonomous Province of Trento","ipsl-cm6a-lr","ssp126",NA,0.0889699004151876,-5.06353716169082
"3342",3865,"Autonomous Province of Trento","ipsl-cm6a-lr","ssp126",NA,0.460123178631225,-1.16353781563893
"3343",3866,"Autonomous Province of Trento","ipsl-cm6a-lr","ssp126",NA,0.058325889274004,1.66399427141464
"3344",3867,"Autonomous Province of Trento","ipsl-cm6a-lr","ssp126",NA,6.54620278431009,0.470627267020111
"3345",3868,"Autonomous Province of Trento","ipsl-cm6a-lr","ssp126",NA,0.458927070056753,-4.40075095040455
"3346",3869,"Autonomous Province of Trento","ipsl-cm6a-lr","ssp126",NA,0.433183054727644,-1.39287196568078
"3347",3870,"Autonomous Province of Trento","ipsl-cm6a-lr","ssp126",NA,0.0645137418229882,2.52779541015627
"3348",3871,"Autonomous Province of Trento","ipsl-cm6a-lr","ssp126",NA,1.25073135880354,-0.336176845005556
"3349",3872,"Autonomous Province of Trento","ipsl-cm6a-lr","ssp126",NA,0.215428026824936,-0.0220506940568961
"3350",3873,"Autonomous Province of Trento","ipsl-cm6a-lr","ssp126",NA,0.0459399862718002,4.52202322823663
"3351",3874,"Autonomous Province of Trento","ipsl-cm6a-lr","ssp126",NA,6.40172630680484,3.20841042654857
"3352",3875,"Autonomous Province of Trento","ipsl-cm6a-lr","ssp126",NA,3.13522490864021,4.61883152553015
"3353",3876,"Autonomous Province of Trento","ipsl-cm6a-lr","ssp126",NA,4.77002301532983,3.19513092041018
"3354",3877,"Autonomous Province of Trento","ipsl-cm6a-lr","ssp126",NA,2.03244227095638,4.84090903145928
"3355",3878,"Autonomous Province of Trento","ipsl-cm6a-lr","ssp126",NA,0.574614493104621,4.75022495814735
"3356",3879,"Autonomous Province of Trento","ipsl-cm6a-lr","ssp126",NA,0.825818003171922,8.76378457205637
"3357",3880,"Autonomous Province of Trento","ipsl-cm6a-lr","ssp126",NA,3.04476943773417,9.82437177385602
"3358",3881,"Autonomous Province of Trento","ipsl-cm6a-lr","ssp126",NA,2.92499209379977,11.7870847429548
"3359",3882,"Autonomous Province of Trento","ipsl-cm6a-lr","ssp126",NA,1.64379156932617,13.4953552246094
"3360",3883,"Autonomous Province of Trento","ipsl-cm6a-lr","ssp126",NA,3.86102966055789,11.1427921840123
"3361",3884,"Autonomous Province of Trento","ipsl-cm6a-lr","ssp126",NA,3.97876880581732,11.8828565325056
"3362",3885,"Autonomous Province of Trento","ipsl-cm6a-lr","ssp126",NA,2.66287497359891,16.2835185459682
"3363",3886,"Autonomous Province of Trento","ipsl-cm6a-lr","ssp126",NA,1.5514310015143,19.0644971575056
"3364",3887,"Autonomous Province of Trento","ipsl-cm6a-lr","ssp126",NA,2.93550317156977,20.749409702846
"3365",3888,"Autonomous Province of Trento","ipsl-cm6a-lr","ssp126",NA,4.37758797597781,18.8282191685268
"3366",3889,"Autonomous Province of Trento","ipsl-cm6a-lr","ssp126",NA,6.29943129429843,18.9165817260743
"3367",3890,"Autonomous Province of Trento","ipsl-cm6a-lr","ssp126",NA,4.86933875589395,19.4232192993164
"3368",3891,"Autonomous Province of Trento","ipsl-cm6a-lr","ssp126",NA,1.2784835617822,22.2064769199917
"3369",3892,"Autonomous Province of Trento","ipsl-cm6a-lr","ssp126",NA,0.671800732353792,20.8145898001535
"3370",3893,"Autonomous Province of Trento","ipsl-cm6a-lr","ssp126",NA,0.772465065594069,20.6111803327288
"3371",3894,"Autonomous Province of Trento","ipsl-cm6a-lr","ssp126",NA,0.199849309449616,17.8251957484654
"3372",3895,"Autonomous Province of Trento","ipsl-cm6a-lr","ssp126",NA,0.936799658562188,20.2765877859933
"3373",3896,"Autonomous Province of Trento","ipsl-cm6a-lr","ssp126",NA,1.06642591459344,18.9079299926758
"3374",3897,"Autonomous Province of Trento","ipsl-cm6a-lr","ssp126",NA,0.520073346732325,18.8234867640904
"3375",3898,"Autonomous Province of Trento","ipsl-cm6a-lr","ssp126",NA,2.45924237603634,14.5425637381418
"3376",3899,"Autonomous Province of Trento","ipsl-cm6a-lr","ssp126",NA,0.0974349302461114,15.2677256992885
"3377",3900,"Autonomous Province of Trento","ipsl-cm6a-lr","ssp126",NA,0.57267390665012,16.7356658935547
"3378",3901,"Autonomous Province of Trento","ipsl-cm6a-lr","ssp126",NA,22.700866131033,14.3738516671317
"3379",3902,"Autonomous Province of Trento","ipsl-cm6a-lr","ssp126",NA,12.8663317825807,12.1593893868583
"3380",3903,"Autonomous Province of Trento","ipsl-cm6a-lr","ssp126",NA,8.08443514879401,8.09073028564457
"3381",3904,"Autonomous Province of Trento","ipsl-cm6a-lr","ssp126",NA,1.09618195523841,6.97961251395091
"3382",3905,"Autonomous Province of Trento","ipsl-cm6a-lr","ssp126",NA,2.52194155427787,2.96775425502234
"3383",3906,"Autonomous Province of Trento","ipsl-cm6a-lr","ssp126",NA,9.6929620200821,3.24411272321431
"3384",3907,"Autonomous Province of Trento","ipsl-cm6a-lr","ssp126",NA,2.67303540027309,3.53534960065571
"3385",3908,"Autonomous Province of Trento","ipsl-cm6a-lr","ssp126",NA,12.8623124647285,1.61172419956755
"3386",3909,"Autonomous Province of Trento","ipsl-cm6a-lr","ssp126",NA,7.21901456256871,5.1044621058873
"3387",3910,"Autonomous Province of Trento","ipsl-cm6a-lr","ssp126",NA,0.0163370096093526,0.462375531877814
"3388",3911,"Autonomous Province of Trento","ipsl-cm6a-lr","ssp126",NA,1.22530019251436,-0.378125435965379
"3389",3912,"Autonomous Province of Trento","ipsl-cm6a-lr","ssp126",NA,0.067531201706775,-3.00207475934707
"3390",3913,"Autonomous Province of Trento","ipsl-cm6a-lr","ssp126",NA,9.53797397999421,0.870249502999465
"3391",3914,"Autonomous Province of Trento","ipsl-cm6a-lr","ssp126",NA,9.86420180239033,0.850809805733838
"3392",3915,"Autonomous Province of Trento","ipsl-cm6a-lr","ssp126",NA,10.871650007279,1.18809334891185
"3393",3916,"Autonomous Province of Trento","ipsl-cm6a-lr","ssp126",NA,3.42926632459109,0.379677254813081
"3394",3917,"Autonomous Province of Trento","ipsl-cm6a-lr","ssp126",NA,0.193972830103511,-1.11227918352397
"3395",3918,"Autonomous Province of Trento","ipsl-cm6a-lr","ssp126",NA,0.167617075931048,-4.22845415387832
"3396",3919,"Autonomous Province of Trento","ipsl-cm6a-lr","ssp126",NA,0.16598239994242,-4.02135750906806
"3397",3920,"Autonomous Province of Trento","ipsl-cm6a-lr","ssp126",NA,2.94281807811265,-7.02091554914201
"3398",3921,"Autonomous Province of Trento","ipsl-cm6a-lr","ssp126",NA,6.28110629744956,-1.78215419224328
"3399",3922,"Autonomous Province of Trento","ipsl-cm6a-lr","ssp126",NA,2.64297009897356,-2.21503404889786
"3400",3923,"Autonomous Province of Trento","ipsl-cm6a-lr","ssp126",NA,0.921636187078027,-0.247782679966496
"3401",3924,"Autonomous Province of Trento","ipsl-cm6a-lr","ssp126",NA,0.521740092621518,0.864468601771787
"3402",3925,"Autonomous Province of Trento","ipsl-cm6a-lr","ssp126",NA,0.0757797458520925,6.44692709786553
"3403",3926,"Autonomous Province of Trento","ipsl-cm6a-lr","ssp126",NA,8.44041963451412,4.99268493652346
"3404",3927,"Autonomous Province of Trento","ipsl-cm6a-lr","ssp126",NA,0.383983856499981,5.33135266985214
"3405",3928,"Autonomous Province of Trento","ipsl-cm6a-lr","ssp126",NA,2.63021586043968,5.44218597412112
"3406",3929,"Autonomous Province of Trento","ipsl-cm6a-lr","ssp126",NA,3.0002777397905,3.33428126743864
"3407",3930,"Autonomous Province of Trento","ipsl-cm6a-lr","ssp126",NA,2.17139562562027,3.75116337367469
"3408",3931,"Autonomous Province of Trento","ipsl-cm6a-lr","ssp126",NA,4.61983884800117,5.95126713344032
"3409",3932,"Autonomous Province of Trento","ipsl-cm6a-lr","ssp126",NA,2.83923507380938,8.28325805664064
"3410",3933,"Autonomous Province of Trento","ipsl-cm6a-lr","ssp126",NA,5.75684187939,7.84710954938619
"3411",3934,"Autonomous Province of Trento","ipsl-cm6a-lr","ssp126",NA,13.0425452953724,8.51907719203408
"3412",3935,"Autonomous Province of Trento","ipsl-cm6a-lr","ssp126",NA,2.75131912276265,10.6158418927874
"3413",3936,"Autonomous Province of Trento","ipsl-cm6a-lr","ssp126",NA,11.8783102888301,11.5807303292411
"3414",3937,"Autonomous Province of Trento","ipsl-cm6a-lr","ssp126",NA,1.65476514853903,13.4037981305804
"3415",3938,"Autonomous Province of Trento","ipsl-cm6a-lr","ssp126",NA,1.72848543833035,14.2196670532227
"3416",3939,"Autonomous Province of Trento","ipsl-cm6a-lr","ssp126",NA,1.4988007964608,18.6429611206055
"3417",3940,"Autonomous Province of Trento","ipsl-cm6a-lr","ssp126",NA,6.27975171021587,17.5724404471262
"3418",3941,"Autonomous Province of Trento","ipsl-cm6a-lr","ssp126",NA,1.14448424059706,18.2476407732283
"3419",3942,"Autonomous Province of Trento","ipsl-cm6a-lr","ssp126",NA,0.556533431037159,16.5213235037668
"3420",3943,"Autonomous Province of Trento","ipsl-cm6a-lr","ssp126",NA,1.52735914359385,18.1141350882394
"3421",3944,"Autonomous Province of Trento","ipsl-cm6a-lr","ssp126",NA,1.47596150313153,14.7849103655134
"3422",3945,"Autonomous Province of Trento","ipsl-cm6a-lr","ssp126",NA,3.49728218388918,16.5707968575614
"3423",3946,"Autonomous Province of Trento","ipsl-cm6a-lr","ssp126",NA,0.00489236404713925,17.3562768118722
"3424",3947,"Autonomous Province of Trento","ipsl-cm6a-lr","ssp126",NA,3.03821113921003,16.676292855399
"3425",3948,"Autonomous Province of Trento","ipsl-cm6a-lr","ssp126",NA,2.88647350587,14.934105355399
"3426",3949,"Autonomous Province of Trento","ipsl-cm6a-lr","ssp126",NA,1.3058189921659,18.0961929321289
"3427",3950,"Autonomous Province of Trento","ipsl-cm6a-lr","ssp126",NA,1.283910415285,15.4054330008371
"3428",3951,"Autonomous Province of Trento","ipsl-cm6a-lr","ssp126",NA,1.48907022846418,10.4492987496513
"3429",3952,"Autonomous Province of Trento","ipsl-cm6a-lr","ssp126",NA,12.1619691490195,12.013070678711
"3430",3953,"Autonomous Province of Trento","ipsl-cm6a-lr","ssp126",NA,2.28003517952727,12.6750100272043
"3431",3954,"Autonomous Province of Trento","ipsl-cm6a-lr","ssp126",NA,0.495939373857774,6.55076315743585
"3432",3955,"Autonomous Province of Trento","ipsl-cm6a-lr","ssp126",NA,0.145202005244625,8.56441323416577
"3433",3956,"Autonomous Province of Trento","ipsl-cm6a-lr","ssp126",NA,9.40913877227232,9.2054404122489
"3434",3957,"Autonomous Province of Trento","ipsl-cm6a-lr","ssp126",NA,1.47350386048077,4.50724836077011
"3435",3958,"Autonomous Province of Trento","ipsl-cm6a-lr","ssp126",NA,16.6173628387047,4.75677097865516
"3436",3959,"Autonomous Province of Trento","ipsl-cm6a-lr","ssp126",NA,0.0573410274617865,0.947939627511185
"3437",3960,"Autonomous Province of Trento","ipsl-cm6a-lr","ssp126",NA,0.822393384857735,1.69829166957312
"3438",3961,"Autonomous Province of Trento","ipsl-cm6a-lr","ssp126",NA,4.8568943049239,3.78077196393696
"3439",3962,"Autonomous Province of Trento","ipsl-cm6a-lr","ssp126",NA,4.20102511322641,3.28682861328127
"3440",3963,"Autonomous Province of Trento","ipsl-cm6a-lr","ssp126",NA,6.26103229582701,4.00974971226286
"3441",3964,"Autonomous Province of Trento","ipsl-cm6a-lr","ssp126",NA,0.0734949803050507,0.695013209751696
"3442",3965,"Autonomous Province of Trento","ipsl-cm6a-lr","ssp126",NA,0.364879153221409,-0.124579947335358
"3443",3966,"Autonomous Province of Trento","ipsl-cm6a-lr","ssp126",NA,0.0485806463984772,-2.90799233572821
"3444",3967,"Autonomous Province of Trento","ipsl-cm6a-lr","ssp126",NA,4.76428961535151,-4.60378330775667
"3445",3968,"Autonomous Province of Trento","ipsl-cm6a-lr","ssp126",NA,1.88037318678523,1.01535622732982
"3446",3969,"Autonomous Province of Trento","ipsl-cm6a-lr","ssp126",NA,0.110164920079114,-2.11641540527341
"3447",3970,"Autonomous Province of Trento","ipsl-cm6a-lr","ssp126",NA,4.61011492986602,1.23505663190572
"3448",3971,"Autonomous Province of Trento","ipsl-cm6a-lr","ssp126",NA,0.145173298512548,1.45657283238005
"3449",3972,"Autonomous Province of Trento","ipsl-cm6a-lr","ssp126",NA,0.871582530765278,0.488114929199241
"3450",3973,"Autonomous Province of Trento","ipsl-cm6a-lr","ssp126",NA,0.159084251260668,-1.55409851074216
"3451",3974,"Autonomous Province of Trento","ipsl-cm6a-lr","ssp126",NA,1.15322777354387,-1.91203155517576
"3452",3975,"Autonomous Province of Trento","ipsl-cm6a-lr","ssp126",NA,0.0702600142436235,-0.258757019042945
"3453",3976,"Autonomous Province of Trento","ipsl-cm6a-lr","ssp126",NA,1.76621401598303,-0.297997174944175
"3454",3977,"Autonomous Province of Trento","ipsl-cm6a-lr","ssp126",NA,0.363338504575949,1.75917859758652
"3455",3978,"Autonomous Province of Trento","ipsl-cm6a-lr","ssp126",NA,0.648008587476008,-1.85447758265902
"3456",3979,"Autonomous Province of Trento","ipsl-cm6a-lr","ssp126",NA,2.3792925412116,3.74551326206754
"3457",3980,"Autonomous Province of Trento","ipsl-cm6a-lr","ssp126",NA,1.75294896418044,7.33537772042412
"3458",3981,"Autonomous Province of Trento","ipsl-cm6a-lr","ssp126",NA,0.874695980045155,6.27149462018696
"3459",3982,"Autonomous Province of Trento","ipsl-cm6a-lr","ssp126",NA,8.17038457099832,6.84402618408205
"3460",3983,"Autonomous Province of Trento","ipsl-cm6a-lr","ssp126",NA,9.10308221396656,6.21406489780973
"3461",3984,"Autonomous Province of Trento","ipsl-cm6a-lr","ssp126",NA,1.67587093601469,6.64210335867748
"3462",3985,"Autonomous Province of Trento","ipsl-cm6a-lr","ssp126",NA,1.3234734089305,11.0968021937779
"3463",3986,"Autonomous Province of Trento","ipsl-cm6a-lr","ssp126",NA,2.33670708169354,10.649670628139
"3464",3987,"Autonomous Province of Trento","ipsl-cm6a-lr","ssp126",NA,0,14.3046072823661
"3465",3988,"Autonomous Province of Trento","ipsl-cm6a-lr","ssp126",NA,2.11585761007882,11.9798686436245
"3466",3989,"Autonomous Province of Trento","ipsl-cm6a-lr","ssp126",NA,1.09742192111558,14.8279150826591
"3467",3990,"Autonomous Province of Trento","ipsl-cm6a-lr","ssp126",NA,5.06248321658599,16.4755427769252
"3468",3991,"Autonomous Province of Trento","ipsl-cm6a-lr","ssp126",NA,0.905783004704322,17.452301461356
"3469",3992,"Autonomous Province of Trento","ipsl-cm6a-lr","ssp126",NA,1.55503999737578,16.8148524693081
"3470",3993,"Autonomous Province of Trento","ipsl-cm6a-lr","ssp126",NA,3.09444051968707,18.2091581072126
"3471",3994,"Autonomous Province of Trento","ipsl-cm6a-lr","ssp126",NA,1.7010328260637,20.0045857020787
"3472",3995,"Autonomous Province of Trento","ipsl-cm6a-lr","ssp126",NA,1.61567712359881,17.8533176967076
"3473",3996,"Autonomous Province of Trento","ipsl-cm6a-lr","ssp126",NA,0.991018929328546,18.7511819022043
"3474",3997,"Autonomous Province of Trento","ipsl-cm6a-lr","ssp126",NA,0.98388997544784,20.6185546875
"3475",3998,"Autonomous Province of Trento","ipsl-cm6a-lr","ssp126",NA,0.00442837940032145,19.0408612932478
"3476",3999,"Autonomous Province of Trento","ipsl-cm6a-lr","ssp126",NA,0.271656235612941,18.9151779174805
"3477",4000,"Autonomous Province of Trento","ipsl-cm6a-lr","ssp126",NA,1.12770328783621,15.6861140659877
"3478",4001,"Autonomous Province of Trento","ipsl-cm6a-lr","ssp126",NA,0.717024744361489,15.6921303885324
"3479",4002,"Autonomous Province of Trento","ipsl-cm6a-lr","ssp126",NA,1.27486584455515,17.3911518641881
"3480",4003,"Autonomous Province of Trento","ipsl-cm6a-lr","ssp126",NA,4.15368810949336,16.7811261858259
"3481",4004,"Autonomous Province of Trento","ipsl-cm6a-lr","ssp126",NA,0.880121568895577,15.6372488839286
"3482",4005,"Autonomous Province of Trento","ipsl-cm6a-lr","ssp126",NA,0.0459538402667801,13.405545261928
"3483",4006,"Autonomous Province of Trento","ipsl-cm6a-lr","ssp126",NA,5.77102538559952,7.53245588030137
"3484",4007,"Autonomous Province of Trento","ipsl-cm6a-lr","ssp126",NA,0,8.47815965924947
"3485",4008,"Autonomous Province of Trento","ipsl-cm6a-lr","ssp126",NA,0.42713283214003,11.5579119001116
"3486",4009,"Autonomous Province of Trento","ipsl-cm6a-lr","ssp126",NA,10.9570362434689,4.00688868931364
"3487",4010,"Autonomous Province of Trento","ipsl-cm6a-lr","ssp126",NA,6.81739335912945,4.65776759556364
"3488",4011,"Autonomous Province of Trento","ipsl-cm6a-lr","ssp126",NA,10.7448142254985,4.14398454938618
"3489",4012,"Autonomous Province of Trento","ipsl-cm6a-lr","ssp126",NA,1.02808031462181,2.20772814069478
"3490",4013,"Autonomous Province of Trento","ipsl-cm6a-lr","ssp126",NA,0.00401011728692017,2.85790623256141
"3491",4014,"Autonomous Province of Trento","ipsl-cm6a-lr","ssp126",NA,0.843154893261401,4.24053998674667
"3492",4015,"Autonomous Province of Trento","ipsl-cm6a-lr","ssp126",NA,3.44846863588048,-1.76173139299663
"3493",4016,"Autonomous Province of Trento","ipsl-cm6a-lr","ssp126",NA,1.1551047744693,-2.20611528669083
"3494",4017,"Autonomous Province of Trento","ipsl-cm6a-lr","ssp126",NA,0.0165104655414845,-3.1746636526925
"3495",4018,"Autonomous Province of Trento","ipsl-cm6a-lr","ssp126",NA,2.17302155463455,0.561969648088751
"3496",4019,"Autonomous Province of Trento","ipsl-cm6a-lr","ssp126",NA,0.45203612621013,-3.52281690325053
"3497",4020,"Autonomous Province of Trento","ipsl-cm6a-lr","ssp126",NA,0,0.131170436314195
"3498",4021,"Autonomous Province of Trento","ipsl-cm6a-lr","ssp126",NA,0.470052737312341,-0.939873395647298
"3499",4022,"Autonomous Province of Trento","ipsl-cm6a-lr","ssp126",NA,0.163326343681547,-1.09874572753904
"3500",4023,"Autonomous Province of Trento","ipsl-cm6a-lr","ssp126",NA,0.00358971736724405,0.809604535784062
"3501",4024,"Autonomous Province of Trento","ipsl-cm6a-lr","ssp126",NA,0.0087488841277913,2.54345637730192
"3502",4025,"Autonomous Province of Trento","ipsl-cm6a-lr","ssp126",NA,1.33443971104238,2.7269945417132
"3503",4026,"Autonomous Province of Trento","ipsl-cm6a-lr","ssp126",NA,0.516567927830432,2.91772613525393
"3504",4027,"Autonomous Province of Trento","ipsl-cm6a-lr","ssp126",NA,0.0141312130965941,2.28650163922993
"3505",4028,"Autonomous Province of Trento","ipsl-cm6a-lr","ssp126",NA,0.0225220686973314,3.70515049525672
"3506",4029,"Autonomous Province of Trento","ipsl-cm6a-lr","ssp126",NA,0.622524424358873,4.82823987688339
"3507",4030,"Autonomous Province of Trento","ipsl-cm6a-lr","ssp126",NA,0.195424656651864,5.76098349434991
"3508",4031,"Autonomous Province of Trento","ipsl-cm6a-lr","ssp126",NA,0.938343317466205,5.28586294991632
"3509",4032,"Autonomous Province of Trento","ipsl-cm6a-lr","ssp126",NA,10.1092649273466,6.15152675083708
"3510",4033,"Autonomous Province of Trento","ipsl-cm6a-lr","ssp126",NA,6.61766582816199,5.96144801548551
"3511",4034,"Autonomous Province of Trento","ipsl-cm6a-lr","ssp126",NA,5.28211785189601,4.57612762451174
"3512",4035,"Autonomous Province of Trento","ipsl-cm6a-lr","ssp126",NA,2.97206605545008,8.72200818743026
"3513",4036,"Autonomous Province of Trento","ipsl-cm6a-lr","ssp126",NA,2.88073467823519,9.98605608258933
"3514",4037,"Autonomous Province of Trento","ipsl-cm6a-lr","ssp126",NA,6.83659044131803,6.39748753138953
"3515",4038,"Autonomous Province of Trento","ipsl-cm6a-lr","ssp126",NA,2.96308834887376,11.7564570835659
"3516",4039,"Autonomous Province of Trento","ipsl-cm6a-lr","ssp126",NA,0.32874988128242,15.432651410784
"3517",4040,"Autonomous Province of Trento","ipsl-cm6a-lr","ssp126",NA,4.28038875623835,15.5717200142997
"3518",4041,"Autonomous Province of Trento","ipsl-cm6a-lr","ssp126",NA,10.5340596785806,13.3814865112305
"3519",4042,"Autonomous Province of Trento","ipsl-cm6a-lr","ssp126",NA,10.8712874937087,14.0284253801618
"3520",4043,"Autonomous Province of Trento","ipsl-cm6a-lr","ssp126",NA,8.38902258094874,16.8266507829938
"3521",4044,"Autonomous Province of Trento","ipsl-cm6a-lr","ssp126",NA,2.9245034770221,18.8925164358957
"3522",4045,"Autonomous Province of Trento","ipsl-cm6a-lr","ssp126",NA,2.26448631671831,19.0505735124861
"3523",4046,"Autonomous Province of Trento","ipsl-cm6a-lr","ssp126",NA,4.15172583907406,17.2292364937919
"3524",4047,"Autonomous Province of Trento","ipsl-cm6a-lr","ssp126",NA,2.62347237190365,16.5610977172852
"3525",4048,"Autonomous Province of Trento","ipsl-cm6a-lr","ssp126",NA,2.91499862895372,17.4365064348493
"3526",4049,"Autonomous Province of Trento","ipsl-cm6a-lr","ssp126",NA,2.05247656038929,19.7294152396066
"3527",4050,"Autonomous Province of Trento","ipsl-cm6a-lr","ssp126",NA,3.38867641216244,16.3070693969727
"3528",4051,"Autonomous Province of Trento","ipsl-cm6a-lr","ssp126",NA,1.79387510540567,18.3917316981725
"3529",4052,"Autonomous Province of Trento","ipsl-cm6a-lr","ssp126",NA,0.416474395180038,18.5018500191825
"3530",4053,"Autonomous Province of Trento","ipsl-cm6a-lr","ssp126",NA,1.04097872247491,18.1531747000558
"3531",4054,"Autonomous Province of Trento","ipsl-cm6a-lr","ssp126",NA,2.77628082342614,15.8085898263114
"3532",4055,"Autonomous Province of Trento","ipsl-cm6a-lr","ssp126",NA,0.970833140854667,13.6863473074777
"3533",4056,"Autonomous Province of Trento","ipsl-cm6a-lr","ssp126",NA,3.04404136069414,13.3901371547154
"3534",4057,"Autonomous Province of Trento","ipsl-cm6a-lr","ssp126",NA,11.5044549550346,13.9233980451312
"3535",4058,"Autonomous Province of Trento","ipsl-cm6a-lr","ssp126",NA,11.3868459346122,13.8874973842076
"3536",4059,"Autonomous Province of Trento","ipsl-cm6a-lr","ssp126",NA,4.97674373544734,9.71926487513955
"3537",4060,"Autonomous Province of Trento","ipsl-cm6a-lr","ssp126",NA,0.113264880201314,9.45132489885605
"3538",4061,"Autonomous Province of Trento","ipsl-cm6a-lr","ssp126",NA,4.0549116251246,10.3745710100447
"3539",4062,"Autonomous Province of Trento","ipsl-cm6a-lr","ssp126",NA,0.583469408775273,6.46043766566688
"3540",4063,"Autonomous Province of Trento","ipsl-cm6a-lr","ssp126",NA,6.80412901700557,4.38691646030973
"3541",4064,"Autonomous Province of Trento","ipsl-cm6a-lr","ssp126",NA,3.36511938773713,2.19303283691409
"3542",4065,"Autonomous Province of Trento","ipsl-cm6a-lr","ssp126",NA,1.60425894943858,5.52853655133931
"3543",4066,"Autonomous Province of Trento","ipsl-cm6a-lr","ssp126",NA,5.15121736545033,1.97348393031532
"3544",4067,"Autonomous Province of Trento","ipsl-cm6a-lr","ssp126",NA,0.510940027223634,-0.594334847586472
"3545",4068,"Autonomous Province of Trento","ipsl-cm6a-lr","ssp126",NA,0.0115978039113023,1.91435612269812
"3546",4069,"Autonomous Province of Trento","ipsl-cm6a-lr","ssp126",NA,1.63595941680147,-0.903983633858796
"3547",4070,"Autonomous Province of Trento","ipsl-cm6a-lr","ssp126",NA,2.41172463365728,-2.07847769601002
"3548",4071,"Autonomous Province of Trento","ipsl-cm6a-lr","ssp126",NA,0.0150142730230333,-0.573648289271742
"3549",4072,"Autonomous Province of Trento","ipsl-cm6a-lr","ssp126",NA,0.308091480110306,-0.035796683175201
"3550",4073,"Autonomous Province of Trento","ipsl-cm6a-lr","ssp126",NA,0.0191025051338199,-2.45225590297152
"3551",4074,"Autonomous Province of Trento","ipsl-cm6a-lr","ssp126",NA,0.734086977562194,1.88572409493585
"3552",4075,"Autonomous Province of Trento","ipsl-cm6a-lr","ssp126",NA,0.240097516663289,0.595794023786294
"3553",4076,"Autonomous Province of Trento","ipsl-cm6a-lr","ssp126",NA,1.43397971639518,0.349916076660181
"3554",4077,"Autonomous Province of Trento","ipsl-cm6a-lr","ssp126",NA,9.77988436128983,0.49699445452011
"3555",4078,"Autonomous Province of Trento","ipsl-cm6a-lr","ssp126",NA,2.21295580005452,1.27760685512
"3556",4079,"Autonomous Province of Trento","ipsl-cm6a-lr","ssp126",NA,4.84620109896891,-0.651983642578103
"3557",4080,"Autonomous Province of Trento","ipsl-cm6a-lr","ssp126",NA,2.30414395336993,4.08121861049109
"3558",4081,"Autonomous Province of Trento","ipsl-cm6a-lr","ssp126",NA,0.0824809735994286,4.84536350795203
"3559",4082,"Autonomous Province of Trento","ipsl-cm6a-lr","ssp126",NA,1.3308831984302,3.52807769775393
"3560",4083,"Autonomous Province of Trento","ipsl-cm6a-lr","ssp126",NA,0.219429117195042,4.24489201137
"3561",4084,"Autonomous Province of Trento","ipsl-cm6a-lr","ssp126",NA,7.12064369940241,3.79532448904857
"3562",4085,"Autonomous Province of Trento","ipsl-cm6a-lr","ssp126",NA,4.74583512792118,1.03136923653741
"3563",4086,"Autonomous Province of Trento","ipsl-cm6a-lr","ssp126",NA,3.55477927401548,4.4777792794364
"3564",4087,"Autonomous Province of Trento","ipsl-cm6a-lr","ssp126",NA,5.86885802393746,3.55457022530694
"3565",4088,"Autonomous Province of Trento","ipsl-cm6a-lr","ssp126",NA,1.55799933797555,7.18838871547157
"3566",4089,"Autonomous Province of Trento","ipsl-cm6a-lr","ssp126",NA,4.4077603198405,6.00600803920203
"3567",4090,"Autonomous Province of Trento","ipsl-cm6a-lr","ssp126",NA,0.432328070084103,11.6849576677595
"3568",4091,"Autonomous Province of Trento","ipsl-cm6a-lr","ssp126",NA,4.01675757561212,13.0008996146066
"3569",4092,"Autonomous Province of Trento","ipsl-cm6a-lr","ssp126",NA,1.1642267847232,13.9226569039481
"3570",4093,"Autonomous Province of Trento","ipsl-cm6a-lr","ssp126",NA,0.28548437239806,10.7433595929827
"3571",4094,"Autonomous Province of Trento","ipsl-cm6a-lr","ssp126",NA,3.72128267109864,14.108910042899
"3572",4095,"Autonomous Province of Trento","ipsl-cm6a-lr","ssp126",NA,5.35917499803742,19.7961005074637
"3573",4096,"Autonomous Province of Trento","ipsl-cm6a-lr","ssp126",NA,4.55395439488971,18.721201651437
"3574",4097,"Autonomous Province of Trento","ipsl-cm6a-lr","ssp126",NA,0.991628690332748,20.6044817243304
"3575",4098,"Autonomous Province of Trento","ipsl-cm6a-lr","ssp126",NA,3.09232156076698,16.7866346086775
"3576",4099,"Autonomous Province of Trento","ipsl-cm6a-lr","ssp126",NA,0.489364629590584,19.0980708530971
"3577",4100,"Autonomous Province of Trento","ipsl-cm6a-lr","ssp126",NA,2.64945359146753,18.32288949149
"3578",4101,"Autonomous Province of Trento","ipsl-cm6a-lr","ssp126",NA,0.960249449235562,19.9141468593053
"3579",4102,"Autonomous Province of Trento","ipsl-cm6a-lr","ssp126",NA,1.64750944246147,17.7647960117885
"3580",4103,"Autonomous Province of Trento","ipsl-cm6a-lr","ssp126",NA,1.13124144843044,18.8496926443918
"3581",4104,"Autonomous Province of Trento","ipsl-cm6a-lr","ssp126",NA,2.33898558186151,20.0124581473214
"3582",4105,"Autonomous Province of Trento","ipsl-cm6a-lr","ssp126",NA,3.28665152098568,17.1014877319336
"3583",4106,"Autonomous Province of Trento","ipsl-cm6a-lr","ssp126",NA,1.41829082762602,13.9302394321987
"3584",4107,"Autonomous Province of Trento","ipsl-cm6a-lr","ssp126",NA,7.09356894281622,14.3493057250977
"3585",4108,"Autonomous Province of Trento","ipsl-cm6a-lr","ssp126",NA,0.252398422747189,15.7977746146066
"3586",4109,"Autonomous Province of Trento","ipsl-cm6a-lr","ssp126",NA,2.52412233522981,10.227918788365
"3587",4110,"Autonomous Province of Trento","ipsl-cm6a-lr","ssp126",NA,5.77545183522099,9.02915235246932
"3588",4111,"Autonomous Province of Trento","ipsl-cm6a-lr","ssp126",NA,2.12836645272806,13.0058336530413
"3589",4112,"Autonomous Province of Trento","ipsl-cm6a-lr","ssp126",NA,1.11948686551062,11.1884181431362
"3590",4113,"Autonomous Province of Trento","ipsl-cm6a-lr","ssp126",NA,0.0169900164629715,11.5138630458287
"3591",4114,"Autonomous Province of Trento","ipsl-cm6a-lr","ssp126",NA,1.08854257292218,7.30052228655136
"3592",4115,"Autonomous Province of Trento","ipsl-cm6a-lr","ssp126",NA,0.0594684537645663,0.617925807407947
"3593",4116,"Autonomous Province of Trento","ipsl-cm6a-lr","ssp126",NA,3.39383536808912,-0.66871163504462
"3594",4117,"Autonomous Province of Trento","ipsl-cm6a-lr","ssp126",NA,13.0131613743937,3.81254730224612
"3595",4118,"Autonomous Province of Trento","ipsl-cm6a-lr","ssp126",NA,0.691876333647608,-0.56654641287665
"3596",4119,"Autonomous Province of Trento","ipsl-cm6a-lr","ssp126",NA,0.848094657391943,-1.24931836809429
"3597",4120,"Autonomous Province of Trento","ipsl-cm6a-lr","ssp126",NA,0.0982698583097123,0.150192696707613
"3598",4121,"Autonomous Province of Trento","ipsl-cm6a-lr","ssp126",NA,0.00813931641719787,-3.24906550816125
"3599",4122,"Autonomous Province of Trento","ipsl-cm6a-lr","ssp126",NA,2.5740786834701,-1.68570665631973
"3600",4123,"Autonomous Province of Trento","ipsl-cm6a-lr","ssp126",NA,0.15755500623657,-1.00803876604351
"3601",4124,"Autonomous Province of Trento","ipsl-cm6a-lr","ssp126",NA,0.317321710930888,-2.65840868268692
"3602",4125,"Autonomous Province of Trento","ipsl-cm6a-lr","ssp126",NA,0.157260202961749,-0.91578630719864
"3603",4126,"Autonomous Province of Trento","ipsl-cm6a-lr","ssp126",NA,1.80428494784012,-0.881837681361584
"3604",4127,"Autonomous Province of Trento","ipsl-cm6a-lr","ssp126",NA,2.6326029505721,2.16366838727681
"3605",4128,"Autonomous Province of Trento","ipsl-cm6a-lr","ssp126",NA,2.0008997304363,0.520705522809731
"3606",4129,"Autonomous Province of Trento","ipsl-cm6a-lr","ssp126",NA,1.13501935799962,2.10117492675784
"3607",4130,"Autonomous Province of Trento","ipsl-cm6a-lr","ssp126",NA,3.05940094801502,0.249240766252812
"3608",4131,"Autonomous Province of Trento","ipsl-cm6a-lr","ssp126",NA,0.0304973767145254,1.25754481724333
"3609",4132,"Autonomous Province of Trento","ipsl-cm6a-lr","ssp126",NA,0.666422906670049,-1.52425340924942
"3610",4133,"Autonomous Province of Trento","ipsl-cm6a-lr","ssp126",NA,0.0431586048892184,1.7336604527065
"3611",4134,"Autonomous Province of Trento","ipsl-cm6a-lr","ssp126",NA,0.104535934081339,0.28472834995817
"3612",4135,"Autonomous Province of Trento","ipsl-cm6a-lr","ssp126",NA,3.74662779507032,2.48083321707591
"3613",4136,"Autonomous Province of Trento","ipsl-cm6a-lr","ssp126",NA,1.31190587739443,5.39889787946431
"3614",4137,"Autonomous Province of Trento","ipsl-cm6a-lr","ssp126",NA,3.58801095722551,5.65325862339567
"3615",4138,"Autonomous Province of Trento","ipsl-cm6a-lr","ssp126",NA,1.0591773782705,7.10930241176062
"3616",4139,"Autonomous Province of Trento","ipsl-cm6a-lr","ssp126",NA,0.100416106007677,5.63874533517022
"3617",4140,"Autonomous Province of Trento","ipsl-cm6a-lr","ssp126",NA,0.0938943017380162,7.07970036097938
"3618",4141,"Autonomous Province of Trento","ipsl-cm6a-lr","ssp126",NA,1.05553790376039,7.99967891148161
"3619",4142,"Autonomous Province of Trento","ipsl-cm6a-lr","ssp126",NA,12.6446338439304,11.283816092355
"3620",4143,"Autonomous Province of Trento","ipsl-cm6a-lr","ssp126",NA,1.2857320753028,9.96354827880863
"3621",4144,"Autonomous Province of Trento","ipsl-cm6a-lr","ssp126",NA,1.87222759902527,12.0941526140486
"3622",4145,"Autonomous Province of Trento","ipsl-cm6a-lr","ssp126",NA,2.62231231977889,15.5322280883789
"3623",4146,"Autonomous Province of Trento","ipsl-cm6a-lr","ssp126",NA,1.15283757654002,17.3105843680246
"3624",4147,"Autonomous Province of Trento","ipsl-cm6a-lr","ssp126",NA,3.0586599725731,18.0515457153321
"3625",4148,"Autonomous Province of Trento","ipsl-cm6a-lr","ssp126",NA,12.3291908823376,15.026995413644
"3626",4149,"Autonomous Province of Trento","ipsl-cm6a-lr","ssp126",NA,3.77918236725756,13.8104906354632
"3627",4150,"Autonomous Province of Trento","ipsl-cm6a-lr","ssp126",NA,1.9135873507886,15.822388131278
"3628",4151,"Autonomous Province of Trento","ipsl-cm6a-lr","ssp126",NA,1.08017213593225,18.5701211111886
"3629",4152,"Autonomous Province of Trento","ipsl-cm6a-lr","ssp126",NA,3.78117156407305,16.6046561104911
"3630",4153,"Autonomous Province of Trento","ipsl-cm6a-lr","ssp126",NA,5.34763139351396,14.7840242658343
"3631",4154,"Autonomous Province of Trento","ipsl-cm6a-lr","ssp126",NA,0.926912128436795,15.5678072248186
"3632",4155,"Autonomous Province of Trento","ipsl-cm6a-lr","ssp126",NA,1.4527493418687,18.7959817068917
"3633",4156,"Autonomous Province of Trento","ipsl-cm6a-lr","ssp126",NA,2.09488341170072,16.514924621582
"3634",4157,"Autonomous Province of Trento","ipsl-cm6a-lr","ssp126",NA,9.50886619279376,14.7060082571847
"3635",4158,"Autonomous Province of Trento","ipsl-cm6a-lr","ssp126",NA,3.51415939476283,10.8464338030134
"3636",4159,"Autonomous Province of Trento","ipsl-cm6a-lr","ssp126",NA,2.51041474735497,10.2031897408622
"3637",4160,"Autonomous Province of Trento","ipsl-cm6a-lr","ssp126",NA,1.8161463256547,8.53016052246097
"3638",4161,"Autonomous Province of Trento","ipsl-cm6a-lr","ssp126",NA,0.445831433613161,7.18781760079523
"3639",4162,"Autonomous Province of Trento","ipsl-cm6a-lr","ssp126",NA,9.42893259393064,8.52870330810549
"3640",4163,"Autonomous Province of Trento","ipsl-cm6a-lr","ssp126",NA,1.3225238472322,9.22547193254745
"3641",4164,"Autonomous Province of Trento","ipsl-cm6a-lr","ssp126",NA,1.02372645253906,11.9368279593332
"3642",4165,"Autonomous Province of Trento","ipsl-cm6a-lr","ssp126",NA,0.592958865269923,7.95143607003349
"3643",4166,"Autonomous Province of Trento","ipsl-cm6a-lr","ssp126",NA,10.4988000089829,6.34869101388116
"3644",4167,"Autonomous Province of Trento","ipsl-cm6a-lr","ssp126",NA,0.59982251823385,5.85906808035717
"3645",4168,"Autonomous Province of Trento","ipsl-cm6a-lr","ssp126",NA,1.0838645588592,-0.642760794503326
"3646",4169,"Autonomous Province of Trento","ipsl-cm6a-lr","ssp126",NA,1.05381463054073,-5.09404275076728
"3647",4170,"Autonomous Province of Trento","ipsl-cm6a-lr","ssp126",NA,9.8721002016516,1.63087506975449
"3648",4171,"Autonomous Province of Trento","ipsl-cm6a-lr","ssp126",NA,3.80529527589845,2.42361384800504
"3649",4172,"Autonomous Province of Trento","ipsl-cm6a-lr","ssp126",NA,0.0191461747557956,0.469731358119443
"3650",4173,"Autonomous Province of Trento","ipsl-cm6a-lr","ssp126",NA,0.0657253503699655,0.332080732073126
"3651",4174,"Autonomous Province of Trento","ipsl-cm6a-lr","ssp126",NA,2.28751178196294,0.76855621337893
"3652",4175,"Autonomous Province of Trento","ipsl-cm6a-lr","ssp126",NA,1.25949706052779,0.266821071079822
"3653",4176,"Autonomous Province of Trento","ipsl-cm6a-lr","ssp126",NA,0.912698666278239,1.4867612566267
"3654",4177,"Autonomous Province of Trento","ipsl-cm6a-lr","ssp126",NA,1.39339096583301,-1.16841190883089
"3655",4178,"Autonomous Province of Trento","ipsl-cm6a-lr","ssp126",NA,2.03797353177444,-0.311408560616608
"3656",4179,"Autonomous Province of Trento","ipsl-cm6a-lr","ssp126",NA,0.0897414667633712,0.973657226562523
"3657",4180,"Autonomous Province of Trento","ipsl-cm6a-lr","ssp126",NA,3.24184597946961,-0.959727260044621
"3658",4181,"Autonomous Province of Trento","ipsl-cm6a-lr","ssp126",NA,0.641943321664128,-1.68079550606862
"3659",4182,"Autonomous Province of Trento","ipsl-cm6a-lr","ssp126",NA,3.74715123907663,-2.82696707589283
"3660",4183,"Autonomous Province of Trento","ipsl-cm6a-lr","ssp126",NA,4.45774522291426,-1.17213723318915
"3661",4184,"Autonomous Province of Trento","ipsl-cm6a-lr","ssp126",NA,0.75657610951956,1.85597817557201
"3662",4185,"Autonomous Province of Trento","ipsl-cm6a-lr","ssp126",NA,0.272339342596491,5.28982260567803
"3663",4186,"Autonomous Province of Trento","ipsl-cm6a-lr","ssp126",NA,0.172305452776657,3.37939278738842
"3664",4187,"Autonomous Province of Trento","ipsl-cm6a-lr","ssp126",NA,0,6.7070022583008
"3665",4188,"Autonomous Province of Trento","ipsl-cm6a-lr","ssp126",NA,1.33165498438237,4.16689562116353
"3666",4189,"Autonomous Province of Trento","ipsl-cm6a-lr","ssp126",NA,12.8574715669466,3.52093658447268
"3667",4190,"Autonomous Province of Trento","ipsl-cm6a-lr","ssp126",NA,8.45841302091555,4.93087049211777
"3668",4191,"Autonomous Province of Trento","ipsl-cm6a-lr","ssp126",NA,3.58918399264699,6.13488813127793
"3669",4192,"Autonomous Province of Trento","ipsl-cm6a-lr","ssp126",NA,3.09422313979927,8.78986511230471
"3670",4193,"Autonomous Province of Trento","ipsl-cm6a-lr","ssp126",NA,7.07494601210783,7.32363172258653
"3671",4194,"Autonomous Province of Trento","ipsl-cm6a-lr","ssp126",NA,7.24375783408635,8.68343396868027
"3672",4195,"Autonomous Province of Trento","ipsl-cm6a-lr","ssp126",NA,4.42706579834911,7.22492261614121
"3673",4196,"Autonomous Province of Trento","ipsl-cm6a-lr","ssp126",NA,5.79311930123368,8.50311649867469
"3674",4197,"Autonomous Province of Trento","ipsl-cm6a-lr","ssp126",NA,1.51096586133852,11.07057560512
"3675",4198,"Autonomous Province of Trento","ipsl-cm6a-lr","ssp126",NA,8.49717749375226,11.1775636945452
"3676",4199,"Autonomous Province of Trento","ipsl-cm6a-lr","ssp126",NA,5.79095518317315,14.9186896187919
"3677",4200,"Autonomous Province of Trento","ipsl-cm6a-lr","ssp126",NA,2.07210676760172,15.1876955304827
"3678",4201,"Autonomous Province of Trento","ipsl-cm6a-lr","ssp126",NA,0.853502203283695,17.7296997070313
"3679",4202,"Autonomous Province of Trento","ipsl-cm6a-lr","ssp126",NA,1.17845494351059,15.507477242606
"3680",4203,"Autonomous Province of Trento","ipsl-cm6a-lr","ssp126",NA,1.16689809118335,18.1429436819894
"3681",4204,"Autonomous Province of Trento","ipsl-cm6a-lr","ssp126",NA,4.45548912024866,18.5961351667132
"3682",4205,"Autonomous Province of Trento","ipsl-cm6a-lr","ssp126",NA,1.6655016666456,18.7241618565151
"3683",4206,"Autonomous Province of Trento","ipsl-cm6a-lr","ssp126",NA,5.0662788365506,18.1558275495257
"3684",4207,"Autonomous Province of Trento","ipsl-cm6a-lr","ssp126",NA,9.71347788072308,16.783952331543
"3685",4208,"Autonomous Province of Trento","ipsl-cm6a-lr","ssp126",NA,1.29740282352162,19.5091764177595
"3686",4209,"Autonomous Province of Trento","ipsl-cm6a-lr","ssp126",NA,2.81199764784625,17.7500832693918
"3687",4210,"Autonomous Province of Trento","ipsl-cm6a-lr","ssp126",NA,1.08474562972073,16.7228594098772
"3688",4211,"Autonomous Province of Trento","ipsl-cm6a-lr","ssp126",NA,11.5067219249405,14.9384290422712
"3689",4212,"Autonomous Province of Trento","ipsl-cm6a-lr","ssp126",NA,1.14299785273033,15.1445905412947
"3690",4213,"Autonomous Province of Trento","ipsl-cm6a-lr","ssp126",NA,4.3120126516182,13.6797010149275
"3691",4214,"Autonomous Province of Trento","ipsl-cm6a-lr","ssp126",NA,0.479463856572693,14.617677307129
"3692",4215,"Autonomous Province of Trento","ipsl-cm6a-lr","ssp126",NA,2.2519218069127,12.5877417428153
"3693",4216,"Autonomous Province of Trento","ipsl-cm6a-lr","ssp126",NA,2.34676056859046,10.9982620239258
"3694",4217,"Autonomous Province of Trento","ipsl-cm6a-lr","ssp126",NA,1.33695699231404,7.83440115792413
"3695",4218,"Autonomous Province of Trento","ipsl-cm6a-lr","ssp126",NA,0.00408074768399405,5.70755702427458
"3696",4219,"Autonomous Province of Trento","ipsl-cm6a-lr","ssp126",NA,1.69791515238883,9.22111990792412
"3697",4220,"Autonomous Province of Trento","ipsl-cm6a-lr","ssp126",NA,0.932715187082067,5.8392033168248
"3698",4221,"Autonomous Province of Trento","ipsl-cm6a-lr","ssp126",NA,0.0133969492578347,5.2683284214565
"3699",4222,"Autonomous Province of Trento","ipsl-cm6a-lr","ssp126",NA,0.055194721530175,5.08457227434433
"3700",4223,"Autonomous Province of Trento","ipsl-cm6a-lr","ssp126",NA,0.0523165502142676,-2.60107378278458
"3701",4224,"Autonomous Province of Trento","ipsl-cm6a-lr","ssp126",NA,0.0157450217946981,1.20845729282926
"3702",4225,"Autonomous Province of Trento","ipsl-cm6a-lr","ssp126",NA,4.8555313036299,0.732149832589308
"3703",4226,"Autonomous Province of Trento","ipsl-cm6a-lr","ssp126",NA,3.18855595597987,-1.51958966936382
"3704",4227,"Autonomous Province of Trento","ipsl-cm6a-lr","ssp126",NA,5.13150722659443,1.24237431117469
"3705",4228,"Autonomous Province of Trento","ipsl-cm6a-lr","ssp126",NA,0.116699065672167,-4.53248007638112
"3706",4229,"Autonomous Province of Trento","ipsl-cm6a-lr","ssp126",NA,1.30624298818865,-0.259251839773974
"3707",4230,"Autonomous Province of Trento","ipsl-cm6a-lr","ssp126",NA,1.33080371722047,3.48303920200895
"3708",4231,"Autonomous Province of Trento","ipsl-cm6a-lr","ssp126",NA,3.4162226423827,0.769974190848235
"3709",4232,"Autonomous Province of Trento","ipsl-cm6a-lr","ssp126",NA,0.393082963741368,-1.67787889753067
"3710",4233,"Autonomous Province of Trento","ipsl-cm6a-lr","ssp126",NA,0.284653146731476,-1.8346237182617
"3711",4234,"Autonomous Province of Trento","ipsl-cm6a-lr","ssp126",NA,3.88101291311094,1.06030535016743
"3712",4235,"Autonomous Province of Trento","ipsl-cm6a-lr","ssp126",NA,0,-3.71918879917687
"3713",4236,"Autonomous Province of Trento","ipsl-cm6a-lr","ssp126",NA,0.824514975517688,-3.36612439836773
"3714",4237,"Autonomous Province of Trento","ipsl-cm6a-lr","ssp126",NA,1.87526686074436,-2.82696925571984
"3715",4238,"Autonomous Province of Trento","ipsl-cm6a-lr","ssp126",NA,2.36698509436662,-1.05198189871649
"3716",4239,"Autonomous Province of Trento","ipsl-cm6a-lr","ssp126",NA,6.18489641439217,1.14989950997491
"3717",4240,"Autonomous Province of Trento","ipsl-cm6a-lr","ssp126",NA,6.53409092218291,4.41484113420761
"3718",4241,"Autonomous Province of Trento","ipsl-cm6a-lr","ssp126",NA,1.67341562832267,5.94359305245538
"3719",4242,"Autonomous Province of Trento","ipsl-cm6a-lr","ssp126",NA,13.9237543151727,4.60203159877234
"3720",4243,"Autonomous Province of Trento","ipsl-cm6a-lr","ssp126",NA,4.03207769455288,7.32285352434433
"3721",4244,"Autonomous Province of Trento","ipsl-cm6a-lr","ssp126",NA,5.14270084479774,4.29974517822268
"3722",4245,"Autonomous Province of Trento","ipsl-cm6a-lr","ssp126",NA,2.6642032799178,6.49745112827848
"3723",4246,"Autonomous Province of Trento","ipsl-cm6a-lr","ssp126",NA,0.210953780359497,5.93556801932201
"3724",4247,"Autonomous Province of Trento","ipsl-cm6a-lr","ssp126",NA,9.24744731892132,7.9796615600586
"3725",4248,"Autonomous Province of Trento","ipsl-cm6a-lr","ssp126",NA,0.29094840668092,13.4689934866769
"3726",4249,"Autonomous Province of Trento","ipsl-cm6a-lr","ssp126",NA,2.97782553427948,11.0732273646764
"3727",4250,"Autonomous Province of Trento","ipsl-cm6a-lr","ssp126",NA,4.66910603681754,13.4814849853516
"3728",4251,"Autonomous Province of Trento","ipsl-cm6a-lr","ssp126",NA,6.32708070752415,12.2479546683175
"3729",4252,"Autonomous Province of Trento","ipsl-cm6a-lr","ssp126",NA,9.07099460686628,9.27595454624724
"3730",4253,"Autonomous Province of Trento","ipsl-cm6a-lr","ssp126",NA,1.67225458692753,14.8933000837054
"3731",4254,"Autonomous Province of Trento","ipsl-cm6a-lr","ssp126",NA,4.65024234716631,18.4309871128628
"3732",4255,"Autonomous Province of Trento","ipsl-cm6a-lr","ssp126",NA,4.61627280892571,18.627836390904
"3733",4256,"Autonomous Province of Trento","ipsl-cm6a-lr","ssp126",NA,1.46210975926806,18.3719497680664
"3734",4257,"Autonomous Province of Trento","ipsl-cm6a-lr","ssp126",NA,2.11315354754333,17.9499341692243
"3735",4258,"Autonomous Province of Trento","ipsl-cm6a-lr","ssp126",NA,0.759591323549103,17.8680140904018
"3736",4259,"Autonomous Province of Trento","ipsl-cm6a-lr","ssp126",NA,1.38567308035168,19.4656725202288
"3737",4260,"Autonomous Province of Trento","ipsl-cm6a-lr","ssp126",NA,1.6396420554234,19.0087317330497
"3738",4261,"Autonomous Province of Trento","ipsl-cm6a-lr","ssp126",NA,1.16072871834538,18.8385460989816
"3739",4262,"Autonomous Province of Trento","ipsl-cm6a-lr","ssp126",NA,3.68262003207097,15.3719247000558
"3740",4263,"Autonomous Province of Trento","ipsl-cm6a-lr","ssp126",NA,0.789857572323983,15.5857624598912
"3741",4264,"Autonomous Province of Trento","ipsl-cm6a-lr","ssp126",NA,6.23498250684601,11.877086530413
"3742",4265,"Autonomous Province of Trento","ipsl-cm6a-lr","ssp126",NA,0.272689561149621,14.4053087506976
"3743",4266,"Autonomous Province of Trento","ipsl-cm6a-lr","ssp126",NA,0.639676281246336,11.6399475097657
"3744",4267,"Autonomous Province of Trento","ipsl-cm6a-lr","ssp126",NA,0.119166132000308,12.6570798601423
"3745",4268,"Autonomous Province of Trento","ipsl-cm6a-lr","ssp126",NA,0.583792240675913,9.66279427664622
"3746",4269,"Autonomous Province of Trento","ipsl-cm6a-lr","ssp126",NA,12.6429359367259,4.52067718505862
"3747",4270,"Autonomous Province of Trento","ipsl-cm6a-lr","ssp126",NA,14.1427772351432,9.08144204275952
"3748",4271,"Autonomous Province of Trento","ipsl-cm6a-lr","ssp126",NA,9.09881049500264,3.2889593941825
"3749",4272,"Autonomous Province of Trento","ipsl-cm6a-lr","ssp126",NA,0.274561579941032,0.718240356445334
"3750",4273,"Autonomous Province of Trento","ipsl-cm6a-lr","ssp126",NA,0.161111498502058,0.125086539132276
"3751",4274,"Autonomous Province of Trento","ipsl-cm6a-lr","ssp126",NA,0.089371145674834,4.91621769496375
"3752",4275,"Autonomous Province of Trento","ipsl-cm6a-lr","ssp126",NA,0.970660246912301,2.36048714773997
"3753",4276,"Autonomous Province of Trento","ipsl-cm6a-lr","ssp126",NA,3.48208440892839,-2.79616830008368
"3754",4277,"Autonomous Province of Trento","ipsl-cm6a-lr","ssp126",NA,1.3612239126035,0.428292846679709
"3755",4278,"Autonomous Province of Trento","ipsl-cm6a-lr","ssp126",NA,1.43822798017936,-2.83377358572822
"3756",4279,"Autonomous Province of Trento","ipsl-cm6a-lr","ssp126",NA,0.60454221145067,-4.68713662283759
"3757",4280,"Autonomous Province of Trento","ipsl-cm6a-lr","ssp126",NA,0.281305001122486,1.45139247349333
"3758",4281,"Autonomous Province of Trento","ipsl-cm6a-lr","ssp126",NA,0.0173380530083835,-2.11182359967911
"3759",4282,"Autonomous Province of Trento","ipsl-cm6a-lr","ssp126",NA,0.113104547186335,-1.2236639840262
"3760",4283,"Autonomous Province of Trento","ipsl-cm6a-lr","ssp126",NA,3.84026673069197,0.906467328752812
"3761",4284,"Autonomous Province of Trento","ipsl-cm6a-lr","ssp126",NA,0.215991819381348,1.24612470354355
"3762",4285,"Autonomous Province of Trento","ipsl-cm6a-lr","ssp126",NA,0.245855720666961,2.12022770472938
"3763",4286,"Autonomous Province of Trento","ipsl-cm6a-lr","ssp126",NA,1.33172883236382,-3.38547908238
"3764",4287,"Autonomous Province of Trento","ipsl-cm6a-lr","ssp126",NA,3.87605742694826,-2.08073599679127
"3765",4288,"Autonomous Province of Trento","ipsl-cm6a-lr","ssp126",NA,6.73756581355909,-2.23568572998045
"3766",4289,"Autonomous Province of Trento","ipsl-cm6a-lr","ssp126",NA,1.05469110094418,1.75083421979634
"3767",4290,"Autonomous Province of Trento","ipsl-cm6a-lr","ssp126",NA,1.3078290278567,-0.288379778180781
"3768",4291,"Autonomous Province of Trento","ipsl-cm6a-lr","ssp126",NA,4.57881364888765,0.716827828543549
"3769",4292,"Autonomous Province of Trento","ipsl-cm6a-lr","ssp126",NA,0.840555676898344,4.18519635881699
"3770",4293,"Autonomous Province of Trento","ipsl-cm6a-lr","ssp126",NA,3.38061967631802,4.11657758440293
"3771",4294,"Autonomous Province of Trento","ipsl-cm6a-lr","ssp126",NA,1.08896433747369,3.2699393136161
"3772",4295,"Autonomous Province of Trento","ipsl-cm6a-lr","ssp126",NA,5.75983682881217,3.8487738473075
"3773",4296,"Autonomous Province of Trento","ipsl-cm6a-lr","ssp126",NA,3.884892548792,6.49061301095147
"3774",4297,"Autonomous Province of Trento","ipsl-cm6a-lr","ssp126",NA,4.95846122214841,6.85667354038785
"3775",4298,"Autonomous Province of Trento","ipsl-cm6a-lr","ssp126",NA,6.61767129019738,7.47264687674389
"3776",4299,"Autonomous Province of Trento","ipsl-cm6a-lr","ssp126",NA,5.06779316113222,9.72534550258094
"3777",4300,"Autonomous Province of Trento","ipsl-cm6a-lr","ssp126",NA,5.35642927529157,11.6530341012138
"3778",4301,"Autonomous Province of Trento","ipsl-cm6a-lr","ssp126",NA,9.68180869009042,13.3481057303293
"3779",4302,"Autonomous Province of Trento","ipsl-cm6a-lr","ssp126",NA,3.83198584828019,11.8190213884626
"3780",4303,"Autonomous Province of Trento","ipsl-cm6a-lr","ssp126",NA,10.607389060637,11.4547755650112
"3781",4304,"Autonomous Province of Trento","ipsl-cm6a-lr","ssp126",NA,9.44446051928806,10.8687181745257
"3782",4305,"Autonomous Province of Trento","ipsl-cm6a-lr","ssp126",NA,0.469572366559338,13.9143506731306
"3783",4306,"Autonomous Province of Trento","ipsl-cm6a-lr","ssp126",NA,7.17337859241525,17.1999221801758
"3784",4307,"Autonomous Province of Trento","ipsl-cm6a-lr","ssp126",NA,2.12393058118323,19.5898616245815
"3785",4308,"Autonomous Province of Trento","ipsl-cm6a-lr","ssp126",NA,4.29125206092067,15.0611456734794
"3786",4309,"Autonomous Province of Trento","ipsl-cm6a-lr","ssp126",NA,13.4208471564177,14.7506794520787
"3787",4310,"Autonomous Province of Trento","ipsl-cm6a-lr","ssp126",NA,5.24329511769922,15.8682331630162
"3788",4311,"Autonomous Province of Trento","ipsl-cm6a-lr","ssp126",NA,2.15170176341936,17.1948355538505
"3789",4312,"Autonomous Province of Trento","ipsl-cm6a-lr","ssp126",NA,1.54581321707415,16.8633775983538
"3790",4313,"Autonomous Province of Trento","ipsl-cm6a-lr","ssp126",NA,5.04119636316318,15.4946751185826
"3791",4314,"Autonomous Province of Trento","ipsl-cm6a-lr","ssp126",NA,0.190082797962532,17.4282972063337
"3792",4315,"Autonomous Province of Trento","ipsl-cm6a-lr","ssp126",NA,4.4342437333918,13.4093904767718
"3793",4316,"Autonomous Province of Trento","ipsl-cm6a-lr","ssp126",NA,1.09742075188218,13.8656882149833
"3794",4317,"Autonomous Province of Trento","ipsl-cm6a-lr","ssp126",NA,0,14.0969482421875
"3795",4318,"Autonomous Province of Trento","ipsl-cm6a-lr","ssp126",NA,0.045264881152564,14.4873519897461
"3796",4319,"Autonomous Province of Trento","ipsl-cm6a-lr","ssp126",NA,1.28998069410175,13.7248474121094
"3797",4320,"Autonomous Province of Trento","ipsl-cm6a-lr","ssp126",NA,0.216129517048102,8.44253147670203
"3798",4321,"Autonomous Province of Trento","ipsl-cm6a-lr","ssp126",NA,0.018255998397113,10.7782400948661
"3799",4322,"Autonomous Province of Trento","ipsl-cm6a-lr","ssp126",NA,2.92947615438866,9.78684932163785
"3800",4323,"Autonomous Province of Trento","ipsl-cm6a-lr","ssp126",NA,0,5.35716182163786
"3801",4324,"Autonomous Province of Trento","ipsl-cm6a-lr","ssp126",NA,3.3307849016897,3.51769627162391
"3802",4325,"Autonomous Province of Trento","ipsl-cm6a-lr","ssp126",NA,0.51305623688417,3.85177328927178
"3803",4326,"Autonomous Province of Trento","ipsl-cm6a-lr","ssp126",NA,1.10438932188117,4.48607134137837
"3804",4327,"Autonomous Province of Trento","ipsl-cm6a-lr","ssp126",NA,0.0899437374755508,-1.65353785923547
"3805",4328,"Autonomous Province of Trento","ipsl-cm6a-lr","ssp126",NA,3.72089742044669,2.16867653982982
"3806",4329,"Autonomous Province of Trento","ipsl-cm6a-lr","ssp126",NA,0.662098435038518,0.806899370465984
"3807",4330,"Autonomous Province of Trento","ipsl-cm6a-lr","ssp126",NA,3.6855530068611,-1.38124585832866
"3808",4331,"Autonomous Province of Trento","ipsl-cm6a-lr","ssp126",NA,1.86868742410817,-3.39361310686382
"3809",4332,"Autonomous Province of Trento","ipsl-cm6a-lr","ssp126",NA,0,-2.68815133231025
"3810",4333,"Autonomous Province of Trento","ipsl-cm6a-lr","ssp126",NA,0,-2.64002184186661
"3811",4334,"Autonomous Province of Trento","ipsl-cm6a-lr","ssp126",NA,0.011590341585231,-0.168863133021741
"3812",4335,"Autonomous Province of Trento","ipsl-cm6a-lr","ssp126",NA,3.10108213161584,0.609835379464308
"3813",4336,"Autonomous Province of Trento","ipsl-cm6a-lr","ssp126",NA,2.789972314609,-1.7960756574358
"3814",4337,"Autonomous Province of Trento","ipsl-cm6a-lr","ssp126",NA,1.61944292969046,-0.403680637904555
"3815",4338,"Autonomous Province of Trento","ipsl-cm6a-lr","ssp126",NA,0.0817165931428981,-2.40049046107699
"3816",4339,"Autonomous Province of Trento","ipsl-cm6a-lr","ssp126",NA,5.02112091973166,-1.08494960239953
"3817",4340,"Autonomous Province of Trento","ipsl-cm6a-lr","ssp126",NA,0.367523252992084,-1.46764984130857
"3818",4341,"Autonomous Province of Trento","ipsl-cm6a-lr","ssp126",NA,4.35991629960232,2.03406241280694
"3819",4342,"Autonomous Province of Trento","ipsl-cm6a-lr","ssp126",NA,4.10397402374656,2.24825003487725
"3820",4343,"Autonomous Province of Trento","ipsl-cm6a-lr","ssp126",NA,4.81138928329788,4.50383693150114
"3821",4344,"Autonomous Province of Trento","ipsl-cm6a-lr","ssp126",NA,5.58673871086544,3.83108346121654
"3822",4345,"Autonomous Province of Trento","ipsl-cm6a-lr","ssp126",NA,6.24453378607411,3.61951708112447
"3823",4346,"Autonomous Province of Trento","ipsl-cm6a-lr","ssp126",NA,3.23500907890255,3.40929020472937
"3824",4347,"Autonomous Province of Trento","ipsl-cm6a-lr","ssp126",NA,1.20050965211443,3.89437691824779
"3825",4348,"Autonomous Province of Trento","ipsl-cm6a-lr","ssp126",NA,0.498830511631761,8.68272770472938
"3826",4349,"Autonomous Province of Trento","ipsl-cm6a-lr","ssp126",NA,2.40851688480948,8.0147404261998
"3827",4350,"Autonomous Province of Trento","ipsl-cm6a-lr","ssp126",NA,10.015949746243,8.09708448137556
"3828",4351,"Autonomous Province of Trento","ipsl-cm6a-lr","ssp126",NA,2.80566201233471,5.78319375174388
"3829",4352,"Autonomous Province of Trento","ipsl-cm6a-lr","ssp126",NA,4.34881447937576,8.92660130092079
"3830",4353,"Autonomous Province of Trento","ipsl-cm6a-lr","ssp126",NA,2.66427362616274,12.8871322631836
"3831",4354,"Autonomous Province of Trento","ipsl-cm6a-lr","ssp126",NA,1.31167705634912,17.2382729666574
"3832",4355,"Autonomous Province of Trento","ipsl-cm6a-lr","ssp126",NA,7.7456468841774,13.1329709734236
"3833",4356,"Autonomous Province of Trento","ipsl-cm6a-lr","ssp126",NA,1.22757285809192,16.8758037022182
"3834",4357,"Autonomous Province of Trento","ipsl-cm6a-lr","ssp126",NA,6.19790626811404,17.0203436715262
"3835",4358,"Autonomous Province of Trento","ipsl-cm6a-lr","ssp126",NA,5.68990741329409,16.8564838954381
"3836",4359,"Autonomous Province of Trento","ipsl-cm6a-lr","ssp126",NA,2.83388539321874,16.3143304007394
"3837",4360,"Autonomous Province of Trento","ipsl-cm6a-lr","ssp126",NA,2.00621627783611,16.4730686732701
"3838",4361,"Autonomous Province of Trento","ipsl-cm6a-lr","ssp126",NA,3.5682522416859,18.8581198556083
"3839",4362,"Autonomous Province of Trento","ipsl-cm6a-lr","ssp126",NA,0.109896088309012,19.0596590314593
"3840",4363,"Autonomous Province of Trento","ipsl-cm6a-lr","ssp126",NA,3.68757809735273,19.1713032313756
"3841",4364,"Autonomous Province of Trento","ipsl-cm6a-lr","ssp126",NA,0.678646774550933,15.9602403913226
"3842",4365,"Autonomous Province of Trento","ipsl-cm6a-lr","ssp126",NA,4.24906797610934,16.21461857387
"3843",4366,"Autonomous Province of Trento","ipsl-cm6a-lr","ssp126",NA,0.118671759914183,18.1130048479353
"3844",4367,"Autonomous Province of Trento","ipsl-cm6a-lr","ssp126",NA,0.395921558629198,16.727571105957
"3845",4368,"Autonomous Province of Trento","ipsl-cm6a-lr","ssp126",NA,0.47189253290136,14.3403204781669
"3846",4369,"Autonomous Province of Trento","ipsl-cm6a-lr","ssp126",NA,0.69121884350482,14.7329236711775
"3847",4370,"Autonomous Province of Trento","ipsl-cm6a-lr","ssp126",NA,6.98111591156183,15.6729272024972
"3848",4371,"Autonomous Province of Trento","ipsl-cm6a-lr","ssp126",NA,8.06045654223583,12.4080302647182
"3849",4372,"Autonomous Province of Trento","ipsl-cm6a-lr","ssp126",NA,0.128930483229591,6.87913992745538
"3850",4373,"Autonomous Province of Trento","ipsl-cm6a-lr","ssp126",NA,0.722562371590487,6.58384966169087
"3851",4374,"Autonomous Province of Trento","ipsl-cm6a-lr","ssp126",NA,11.9270283845253,4.50675898960661
"3852",4375,"Autonomous Province of Trento","ipsl-cm6a-lr","ssp126",NA,0.968801955475231,3.37981567382815
"3853",4376,"Autonomous Province of Trento","ipsl-cm6a-lr","ssp126",NA,5.46720073808891,5.31925027029857
"3854",4377,"Autonomous Province of Trento","ipsl-cm6a-lr","ssp126",NA,10.7964588004766,3.51184452601844
"3855",4378,"Autonomous Province of Trento","ipsl-cm6a-lr","ssp126",NA,0.722347469439098,-2.0550598144531
"3856",4379,"Autonomous Province of Trento","ipsl-cm6a-lr","ssp126",NA,2.31501108217864,-6.94524612426756
"3857",4380,"Autonomous Province of Trento","ipsl-cm6a-lr","ssp126",NA,3.17192714493493,-1.06662379673547
"3858",4381,"Autonomous Province of Trento","ipsl-cm6a-lr","ssp126",NA,3.61013146809585,0.513711547851585
"3859",4382,"Autonomous Province of Trento","ipsl-cm6a-lr","ssp126",NA,1.76567566065517,-3.97405962262833
"3860",4383,"Autonomous Province of Trento","ipsl-cm6a-lr","ssp126",NA,3.54379970480555,-0.480562046595959
"3861",4384,"Autonomous Province of Trento","ipsl-cm6a-lr","ssp126",NA,0.783561260660852,-0.88585510253904
"3862",4385,"Autonomous Province of Trento","ipsl-cm6a-lr","ssp126",NA,0.56789829510048,0.241599382673013
"3863",4386,"Autonomous Province of Trento","ipsl-cm6a-lr","ssp126",NA,0.173852822497013,-2.87290148053848
"3864",4387,"Autonomous Province of Trento","ipsl-cm6a-lr","ssp126",NA,2.55456086053008,-3.72408360072543
"3865",4388,"Autonomous Province of Trento","ipsl-cm6a-lr","ssp126",NA,0.00359763994960563,1.1536084856306
"3866",4389,"Autonomous Province of Trento","ipsl-cm6a-lr","ssp126",NA,0.110380855702325,0.382192775181386
"3867",4390,"Autonomous Province of Trento","ipsl-cm6a-lr","ssp126",NA,2.22488640644899,-1.14311501639228
"3868",4391,"Autonomous Province of Trento","ipsl-cm6a-lr","ssp126",NA,4.7400635217595,-1.77463051932196
"3869",4392,"Autonomous Province of Trento","ipsl-cm6a-lr","ssp126",NA,2.55703696921046,-1.10153917585098
"3870",4393,"Autonomous Province of Trento","ipsl-cm6a-lr","ssp126",NA,0.695945729629394,0.526018851143996
"3871",4394,"Autonomous Province of Trento","ipsl-cm6a-lr","ssp126",NA,1.47473598621478,3.89816654750281
"3872",4395,"Autonomous Province of Trento","ipsl-cm6a-lr","ssp126",NA,10.4422856035723,-0.810732814243839
"3873",4396,"Autonomous Province of Trento","ipsl-cm6a-lr","ssp126",NA,0.0154303152417664,2.22512425013953
"3874",4397,"Autonomous Province of Trento","ipsl-cm6a-lr","ssp126",NA,0.00428582764340847,7.38708321707592
"3875",4398,"Autonomous Province of Trento","ipsl-cm6a-lr","ssp126",NA,0.795339499070126,3.3305613926479
"3876",4399,"Autonomous Province of Trento","ipsl-cm6a-lr","ssp126",NA,0.172901439067833,5.26548810686386
"3877",4400,"Autonomous Province of Trento","ipsl-cm6a-lr","ssp126",NA,0.929313665775617,9.73568442208426
"3878",4401,"Autonomous Province of Trento","ipsl-cm6a-lr","ssp126",NA,0.0895974258388118,6.72447030203686
"3879",4402,"Autonomous Province of Trento","ipsl-cm6a-lr","ssp126",NA,0.129606728816205,12.030908203125
"3880",4403,"Autonomous Province of Trento","ipsl-cm6a-lr","ssp126",NA,0.434908547491171,13.1599583217076
"3881",4404,"Autonomous Province of Trento","ipsl-cm6a-lr","ssp126",NA,3.61750701200175,13.5562258039202
"3882",4405,"Autonomous Province of Trento","ipsl-cm6a-lr","ssp126",NA,0,15.3649056570871
"3883",4406,"Autonomous Province of Trento","ipsl-cm6a-lr","ssp126",NA,8.32709685814085,10.623675101144
"3884",4407,"Autonomous Province of Trento","ipsl-cm6a-lr","ssp126",NA,0.630457393708638,8.375509425572
"3885",4408,"Autonomous Province of Trento","ipsl-cm6a-lr","ssp126",NA,2.79166152921399,8.06432931082593
"3886",4409,"Autonomous Province of Trento","ipsl-cm6a-lr","ssp126",NA,1.21959853373223,12.8213254656111
"3887",4410,"Autonomous Province of Trento","ipsl-cm6a-lr","ssp126",NA,2.33975068392413,16.3543890816825
"3888",4411,"Autonomous Province of Trento","ipsl-cm6a-lr","ssp126",NA,1.90303325694653,19.6295835222517
"3889",4412,"Autonomous Province of Trento","ipsl-cm6a-lr","ssp126",NA,6.20627640341159,18.3176840645927
"3890",4413,"Autonomous Province of Trento","ipsl-cm6a-lr","ssp126",NA,5.2585516356755,15.6093863351005
"3891",4414,"Autonomous Province of Trento","ipsl-cm6a-lr","ssp126",NA,1.14906350442782,17.8828031267439
"3892",4415,"Autonomous Province of Trento","ipsl-cm6a-lr","ssp126",NA,0.339099580287439,21.3057331630162
"3893",4416,"Autonomous Province of Trento","ipsl-cm6a-lr","ssp126",NA,2.41136910987864,18.1444761003767
"3894",4417,"Autonomous Province of Trento","ipsl-cm6a-lr","ssp126",NA,4.77452622601829,17.5356253487723
"3895",4418,"Autonomous Province of Trento","ipsl-cm6a-lr","ssp126",NA,3.85702565569903,16.5481484549387
"3896",4419,"Autonomous Province of Trento","ipsl-cm6a-lr","ssp126",NA,3.37039551747824,18.3522953578405
"3897",4420,"Autonomous Province of Trento","ipsl-cm6a-lr","ssp126",NA,0.849644206313574,17.1490831647601
"3898",4421,"Autonomous Province of Trento","ipsl-cm6a-lr","ssp126",NA,2.15548926820962,15.213529750279
"3899",4422,"Autonomous Province of Trento","ipsl-cm6a-lr","ssp126",NA,3.93603547914348,14.8297930036273
"3900",4423,"Autonomous Province of Trento","ipsl-cm6a-lr","ssp126",NA,0.938267522516463,11.813609967913
"3901",4424,"Autonomous Province of Trento","ipsl-cm6a-lr","ssp126",NA,0.286041810120098,6.57476414271766
"3902",4425,"Autonomous Province of Trento","ipsl-cm6a-lr","ssp126",NA,3.43923497558925,9.86305171421598
"3903",4426,"Autonomous Province of Trento","ipsl-cm6a-lr","ssp126",NA,1.5799628793502,11.195698765346
"3904",4427,"Autonomous Province of Trento","ipsl-cm6a-lr","ssp126",NA,1.08957915778904,9.81937561035157
"3905",4428,"Autonomous Province of Trento","ipsl-cm6a-lr","ssp126",NA,1.46964829178354,10.4441162109375
"3906",4429,"Autonomous Province of Trento","ipsl-cm6a-lr","ssp126",NA,14.098594108873,2.40448259626118
"3907",4430,"Autonomous Province of Trento","ipsl-cm6a-lr","ssp126",NA,11.0336789235589,1.1645686558315
"3908",4431,"Autonomous Province of Trento","ipsl-cm6a-lr","ssp126",NA,0.699227443978348,2.18966282435828
"3909",4432,"Autonomous Province of Trento","ipsl-cm6a-lr","ssp126",NA,1.12382778183278,-2.5764471871512
"3910",4433,"Autonomous Province of Trento","ipsl-cm6a-lr","ssp126",NA,6.66414472648934,-1.28813890729629
"3911",4434,"Autonomous Province of Trento","ipsl-cm6a-lr","ssp126",NA,4.10629357968771,-4.44083251953123
"3912",4435,"Autonomous Province of Trento","ipsl-cm6a-lr","ssp126",NA,3.56273669448066,-3.46886945452007
"3913",4436,"Autonomous Province of Trento","ipsl-cm6a-lr","ssp126",NA,1.9766232724578,0.176758248465424
"3914",4437,"Autonomous Province of Trento","ipsl-cm6a-lr","ssp126",NA,1.83802747589133,-1.80280042375835
"3915",4438,"Autonomous Province of Trento","ipsl-cm6a-lr","ssp126",NA,0.559564059091957,-5.58489783150807
"3916",4439,"Autonomous Province of Trento","ipsl-cm6a-lr","ssp126",NA,1.91394619458671,-5.70277361188614
"3917",4440,"Autonomous Province of Trento","ipsl-cm6a-lr","ssp126",NA,0.0875068358254792,-8.62671236310684
"3918",4441,"Autonomous Province of Trento","ipsl-cm6a-lr","ssp126",NA,0,-2.19832349504741
"3919",4442,"Autonomous Province of Trento","ipsl-cm6a-lr","ssp126",NA,0.0924697341490952,1.65233437674388
"3920",4443,"Autonomous Province of Trento","ipsl-cm6a-lr","ssp126",NA,0.876407727914089,-0.737680271693615
"3921",4444,"Autonomous Province of Trento","ipsl-cm6a-lr","ssp126",NA,0.328255597949984,2.17858603341241
"3922",4445,"Autonomous Province of Trento","ipsl-cm6a-lr","ssp126",NA,1.05739815023428,3.83940931047714
"3923",4446,"Autonomous Province of Trento","ipsl-cm6a-lr","ssp126",NA,5.6317817060387,4.25009961809433
"3924",4447,"Autonomous Province of Trento","ipsl-cm6a-lr","ssp126",NA,1.38337278325967,2.54925144740515
"3925",4448,"Autonomous Province of Trento","ipsl-cm6a-lr","ssp126",NA,0.508536192813023,4.27882101876398
"3926",4449,"Autonomous Province of Trento","ipsl-cm6a-lr","ssp126",NA,2.87430038931364,5.63437587193083
"3927",4450,"Autonomous Province of Trento","ipsl-cm6a-lr","ssp126",NA,1.00537174600634,3.7463328770229
"3928",4451,"Autonomous Province of Trento","ipsl-cm6a-lr","ssp126",NA,5.94202648327545,3.64190499441967
"3929",4452,"Autonomous Province of Trento","ipsl-cm6a-lr","ssp126",NA,5.50157297953514,5.44957558768138
"3930",4453,"Autonomous Province of Trento","ipsl-cm6a-lr","ssp126",NA,0.984140519046508,6.67691846575059
"3931",4454,"Autonomous Province of Trento","ipsl-cm6a-lr","ssp126",NA,3.26402613352132,9.61946912493026
"3932",4455,"Autonomous Province of Trento","ipsl-cm6a-lr","ssp126",NA,4.16058146407263,7.25485818045482
"3933",4456,"Autonomous Province of Trento","ipsl-cm6a-lr","ssp126",NA,9.1574806191472,9.0299730573382
"3934",4457,"Autonomous Province of Trento","ipsl-cm6a-lr","ssp126",NA,1.2578983322393,11.0124952043806
"3935",4458,"Autonomous Province of Trento","ipsl-cm6a-lr","ssp126",NA,1.71130680940093,12.8021931239537
"3936",4459,"Autonomous Province of Trento","ipsl-cm6a-lr","ssp126",NA,2.36990426111723,15.9731079101563
"3937",4460,"Autonomous Province of Trento","ipsl-cm6a-lr","ssp126",NA,6.64960852819994,15.0646333966937
"3938",4461,"Autonomous Province of Trento","ipsl-cm6a-lr","ssp126",NA,5.72088946022892,17.9725030081613
"3939",4462,"Autonomous Province of Trento","ipsl-cm6a-lr","ssp126",NA,7.7555731052988,14.7281749180385
"3940",4463,"Autonomous Province of Trento","ipsl-cm6a-lr","ssp126",NA,1.27198368388365,18.4905388968332
"3941",4464,"Autonomous Province of Trento","ipsl-cm6a-lr","ssp126",NA,2.41487594427911,18.70071345738
"3942",4465,"Autonomous Province of Trento","ipsl-cm6a-lr","ssp126",NA,2.02704933223816,17.6145448957171
"3943",4466,"Autonomous Province of Trento","ipsl-cm6a-lr","ssp126",NA,1.67892623093004,15.2766422816685
"3944",4467,"Autonomous Province of Trento","ipsl-cm6a-lr","ssp126",NA,0.604178047693236,20.1272805350168
"3945",4468,"Autonomous Province of Trento","ipsl-cm6a-lr","ssp126",NA,1.8200497262764,20.8543127877372
"3946",4469,"Autonomous Province of Trento","ipsl-cm6a-lr","ssp126",NA,1.32727274181629,19.7956460135324
"3947",4470,"Autonomous Province of Trento","ipsl-cm6a-lr","ssp126",NA,1.3636644556105,19.1014179774693
"3948",4471,"Autonomous Province of Trento","ipsl-cm6a-lr","ssp126",NA,3.91886418695192,16.9619003295899
"3949",4472,"Autonomous Province of Trento","ipsl-cm6a-lr","ssp126",NA,2.8976099947613,17.0060232979911
"3950",4473,"Autonomous Province of Trento","ipsl-cm6a-lr","ssp126",NA,3.14009981908124,12.764797101702
"3951",4474,"Autonomous Province of Trento","ipsl-cm6a-lr","ssp126",NA,0.530141195590009,12.8319303240095
"3952",4475,"Autonomous Province of Trento","ipsl-cm6a-lr","ssp126",NA,1.52988223209312,13.1467834472656
"3953",4476,"Autonomous Province of Trento","ipsl-cm6a-lr","ssp126",NA,1.13472437125373,11.3448087419782
"3954",4477,"Autonomous Province of Trento","ipsl-cm6a-lr","ssp126",NA,9.5607754856506,9.80913260323666
"3955",4478,"Autonomous Province of Trento","ipsl-cm6a-lr","ssp126",NA,4.27119607278915,4.61652853829523
"3956",4479,"Autonomous Province of Trento","ipsl-cm6a-lr","ssp126",NA,2.15550109595435,6.13662654331755
"3957",4480,"Autonomous Province of Trento","ipsl-cm6a-lr","ssp126",NA,0.440407507228104,8.21119842529298
"3958",4481,"Autonomous Province of Trento","ipsl-cm6a-lr","ssp126",NA,0.100244471806426,5.96398642403741
"3959",4482,"Autonomous Province of Trento","ipsl-cm6a-lr","ssp126",NA,2.28605101830388,5.34617549351286
"3960",4483,"Autonomous Province of Trento","ipsl-cm6a-lr","ssp126",NA,0.160978415676384,2.7430108206613
"3961",4484,"Autonomous Province of Trento","ipsl-cm6a-lr","ssp126",NA,0.538801464946508,2.48507516043529
"3962",4485,"Autonomous Province of Trento","ipsl-cm6a-lr","ssp126",NA,0.014078144002789,1.53900408063618
"3963",4486,"Autonomous Province of Trento","ipsl-cm6a-lr","ssp126",NA,0,1.26159384591241
"3964",4487,"Autonomous Province of Trento","ipsl-cm6a-lr","ssp126",NA,0.078564649668676,0.211477443150132
"3965",4488,"Autonomous Province of Trento","ipsl-cm6a-lr","ssp126",NA,4.61931680651365,-2.26632319859094
"3966",4489,"Autonomous Province of Trento","ipsl-cm6a-lr","ssp126",NA,1.26943570295615,-2.65807080950054
"3967",4490,"Autonomous Province of Trento","ipsl-cm6a-lr","ssp126",NA,4.12870862651939,1.31258980887279
"3968",4491,"Autonomous Province of Trento","ipsl-cm6a-lr","ssp126",NA,2.79742019873603,-1.48489554268971
"3969",4492,"Autonomous Province of Trento","ipsl-cm6a-lr","ssp126",NA,0.901436632661247,-2.71452614920478
"3970",4493,"Autonomous Province of Trento","ipsl-cm6a-lr","ssp126",NA,0.0611848529583118,0.72922014508931
"3971",4494,"Autonomous Province of Trento","ipsl-cm6a-lr","ssp126",NA,0.0427058182919739,1.3481155395508
"3972",4495,"Autonomous Province of Trento","ipsl-cm6a-lr","ssp126",NA,1.0687944397692,2.52601231166297
"3973",4496,"Autonomous Province of Trento","ipsl-cm6a-lr","ssp126",NA,0.32798873700293,-0.0899969918387047
"3974",4497,"Autonomous Province of Trento","ipsl-cm6a-lr","ssp126",NA,0.004433021955005,1.43540889195036
"3975",4498,"Autonomous Province of Trento","ipsl-cm6a-lr","ssp126",NA,0.0162189928102764,3.72367902483261
"3976",4499,"Autonomous Province of Trento","ipsl-cm6a-lr","ssp126",NA,0.270583055108935,4.68097294398719
"3977",4500,"Autonomous Province of Trento","ipsl-cm6a-lr","ssp126",NA,0.0785253268726854,4.47673078264511
"3978",4501,"Autonomous Province of Trento","ipsl-cm6a-lr","ssp126",NA,0.0217695458039608,5.53918827601844
"3979",4502,"Autonomous Province of Trento","ipsl-cm6a-lr","ssp126",NA,1.81974405225316,7.32228676932199
"3980",4503,"Autonomous Province of Trento","ipsl-cm6a-lr","ssp126",NA,0.82311886523842,7.64072570800784
"3981",4504,"Autonomous Province of Trento","ipsl-cm6a-lr","ssp126",NA,9.09854230766151,5.5641538347517
"3982",4505,"Autonomous Province of Trento","ipsl-cm6a-lr","ssp126",NA,1.37963404423707,8.98077436174669
"3983",4506,"Autonomous Province of Trento","ipsl-cm6a-lr","ssp126",NA,1.94292696508325,7.4726239885603
"3984",4507,"Autonomous Province of Trento","ipsl-cm6a-lr","ssp126",NA,2.13818163666864,10.7917310442244
"3985",4508,"Autonomous Province of Trento","ipsl-cm6a-lr","ssp126",NA,1.87299379945866,10.9370840890067
"3986",4509,"Autonomous Province of Trento","ipsl-cm6a-lr","ssp126",NA,12.8044621850807,12.2601399012974
"3987",4510,"Autonomous Province of Trento","ipsl-cm6a-lr","ssp126",NA,5.10037920404492,12.8212720598494
"3988",4511,"Autonomous Province of Trento","ipsl-cm6a-lr","ssp126",NA,3.78114029681455,11.1250963483538
"3989",4512,"Autonomous Province of Trento","ipsl-cm6a-lr","ssp126",NA,4.90721705926782,17.1077209472657
"3990",4513,"Autonomous Province of Trento","ipsl-cm6a-lr","ssp126",NA,2.42941401411372,15.894077192034
"3991",4514,"Autonomous Province of Trento","ipsl-cm6a-lr","ssp126",NA,4.65851302956902,16.9543875558036
"3992",4515,"Autonomous Province of Trento","ipsl-cm6a-lr","ssp126",NA,2.20747271003867,19.5158423287528
"3993",4516,"Autonomous Province of Trento","ipsl-cm6a-lr","ssp126",NA,2.91019241386883,18.1175367082869
"3994",4517,"Autonomous Province of Trento","ipsl-cm6a-lr","ssp126",NA,3.07721966364625,17.292367553711
"3995",4518,"Autonomous Province of Trento","ipsl-cm6a-lr","ssp126",NA,2.12208827137407,18.8397962297712
"3996",4519,"Autonomous Province of Trento","ipsl-cm6a-lr","ssp126",NA,1.94936069832953,18.3815050397601
"3997",4520,"Autonomous Province of Trento","ipsl-cm6a-lr","ssp126",NA,2.42357969592766,17.8305068969727
"3998",4521,"Autonomous Province of Trento","ipsl-cm6a-lr","ssp126",NA,2.54285535629606,19.637580217634
"3999",4522,"Autonomous Province of Trento","ipsl-cm6a-lr","ssp126",NA,1.74007713612809,18.154799761091
"4000",4523,"Autonomous Province of Trento","ipsl-cm6a-lr","ssp126",NA,5.26039842245934,17.0571293422154
"4001",4524,"Autonomous Province of Trento","ipsl-cm6a-lr","ssp126",NA,1.37783751940463,17.9184618268694
"4002",4525,"Autonomous Province of Trento","ipsl-cm6a-lr","ssp126",NA,3.79786368596667,13.6292467389788
"4003",4526,"Autonomous Province of Trento","ipsl-cm6a-lr","ssp126",NA,0.941299852326795,10.8954156058176
"4004",4527,"Autonomous Province of Trento","ipsl-cm6a-lr","ssp126",NA,7.56592765991237,13.2591175624303
"4005",4528,"Autonomous Province of Trento","ipsl-cm6a-lr","ssp126",NA,7.6411867924045,11.106470816476
"4006",4529,"Autonomous Province of Trento","ipsl-cm6a-lr","ssp126",NA,0.196621948141131,6.76045815604076
"4007",4530,"Autonomous Province of Trento","ipsl-cm6a-lr","ssp126",NA,0.891830731675977,10.8579160417829
"4008",4531,"Autonomous Province of Trento","ipsl-cm6a-lr","ssp126",NA,13.1793355563267,6.22288665771486
"4009",4532,"Autonomous Province of Trento","ipsl-cm6a-lr","ssp126",NA,0.520610680515736,4.45363442557201
"4010",4533,"Autonomous Province of Trento","ipsl-cm6a-lr","ssp126",NA,0.0877584199120714,2.69289114815851
"4011",4534,"Autonomous Province of Trento","ipsl-cm6a-lr","ssp126",NA,0.862352657765899,0.586785888671897
"4012",4535,"Autonomous Province of Trento","ipsl-cm6a-lr","ssp126",NA,2.20996326627626,1.11078033447268
"4013",4536,"Autonomous Province of Trento","ipsl-cm6a-lr","ssp126",NA,5.24113748883143,2.99095851353239
"4014",4537,"Autonomous Province of Trento","ipsl-cm6a-lr","ssp126",NA,1.66391198176175,2.56554347446989
"4015",4538,"Autonomous Province of Trento","ipsl-cm6a-lr","ssp126",NA,0.100319766858904,0.294492885044667
"4016",4539,"Autonomous Province of Trento","ipsl-cm6a-lr","ssp126",NA,5.89769021935354,0.0215338570731266
"4017",4540,"Autonomous Province of Trento","ipsl-cm6a-lr","ssp126",NA,2.00862525083981,-4.10752280099049
"4018",4541,"Autonomous Province of Trento","ipsl-cm6a-lr","ssp126",NA,0.821759882066025,-1.78757106236047
"4019",4542,"Autonomous Province of Trento","ipsl-cm6a-lr","ssp126",NA,0,-2.13288508823937
"4020",4543,"Autonomous Province of Trento","ipsl-cm6a-lr","ssp126",NA,1.26648636205573,-2.44160962785991
"4021",4544,"Autonomous Province of Trento","ipsl-cm6a-lr","ssp126",NA,0.371979365991138,4.21436898367748
"4022",4545,"Autonomous Province of Trento","ipsl-cm6a-lr","ssp126",NA,2.05117072348782,2.06260506766185
"4023",4546,"Autonomous Province of Trento","ipsl-cm6a-lr","ssp126",NA,3.36257947006483,2.53404279436386
"4024",4547,"Autonomous Province of Trento","ipsl-cm6a-lr","ssp126",NA,0.120954610416188,-4.02157331194194
"4025",4548,"Autonomous Province of Trento","ipsl-cm6a-lr","ssp126",NA,1.45056840901816,-3.74593200683592
"4026",4549,"Autonomous Province of Trento","ipsl-cm6a-lr","ssp126",NA,9.0643794252953,0.0359185355050427
"4027",4550,"Autonomous Province of Trento","ipsl-cm6a-lr","ssp126",NA,10.4963970999961,4.36011875697547
"4028",4551,"Autonomous Province of Trento","ipsl-cm6a-lr","ssp126",NA,0.366310142297672,3.37284240722658
"4029",4552,"Autonomous Province of Trento","ipsl-cm6a-lr","ssp126",NA,0.775577602429881,4.34579838344031
"4030",4553,"Autonomous Province of Trento","ipsl-cm6a-lr","ssp126",NA,4.33979040338142,4.28563079833986
"4031",4554,"Autonomous Province of Trento","ipsl-cm6a-lr","ssp126",NA,0.623864966058005,3.68252716064455
"4032",4555,"Autonomous Province of Trento","ipsl-cm6a-lr","ssp126",NA,0.907867238830868,1.0181333269392
"4033",4556,"Autonomous Province of Trento","ipsl-cm6a-lr","ssp126",NA,6.34644018370766,4.47674495152067
"4034",4557,"Autonomous Province of Trento","ipsl-cm6a-lr","ssp126",NA,3.39447168609175,8.21231776646208
"4035",4558,"Autonomous Province of Trento","ipsl-cm6a-lr","ssp126",NA,3.14681449704689,7.22605721609934
"4036",4559,"Autonomous Province of Trento","ipsl-cm6a-lr","ssp126",NA,1.58863116776047,8.22277221679689
"4037",4560,"Autonomous Province of Trento","ipsl-cm6a-lr","ssp126",NA,0.185254613357496,10.3409166608538
"4038",4561,"Autonomous Province of Trento","ipsl-cm6a-lr","ssp126",NA,5.59218159230243,10.5439958844866
"4039",4562,"Autonomous Province of Trento","ipsl-cm6a-lr","ssp126",NA,1.41271188081841,12.8596958705358
"4040",4563,"Autonomous Province of Trento","ipsl-cm6a-lr","ssp126",NA,0.992054349522471,13.2416495186942
"4041",4564,"Autonomous Province of Trento","ipsl-cm6a-lr","ssp126",NA,18.9968082870889,13.925923374721
"4042",4565,"Autonomous Province of Trento","ipsl-cm6a-lr","ssp126",NA,4.74036916280706,16.3424588884626
"4043",4566,"Autonomous Province of Trento","ipsl-cm6a-lr","ssp126",NA,3.44445146074577,17.4070678710938
"4044",4567,"Autonomous Province of Trento","ipsl-cm6a-lr","ssp126",NA,3.62647536541252,21.2498925345285
"4045",4568,"Autonomous Province of Trento","ipsl-cm6a-lr","ssp126",NA,1.31530832237071,21.2835730416434
"4046",4569,"Autonomous Province of Trento","ipsl-cm6a-lr","ssp126",NA,5.80135745874161,17.8789023263114
"4047",4570,"Autonomous Province of Trento","ipsl-cm6a-lr","ssp126",NA,0.712540907937052,15.8303227015904
"4048",4571,"Autonomous Province of Trento","ipsl-cm6a-lr","ssp126",NA,3.55645680505664,16.9160770961217
"4049",4572,"Autonomous Province of Trento","ipsl-cm6a-lr","ssp126",NA,0.328939038198379,15.8580326625279
"4050",4573,"Autonomous Province of Trento","ipsl-cm6a-lr","ssp126",NA,0.915512577817677,18.212551007952
"4051",4574,"Autonomous Province of Trento","ipsl-cm6a-lr","ssp126",NA,1.90462139513069,16.7033804757255
"4052",4575,"Autonomous Province of Trento","ipsl-cm6a-lr","ssp126",NA,1.7073164357758,13.5696644374303
"4053",4576,"Autonomous Province of Trento","ipsl-cm6a-lr","ssp126",NA,7.67566252977433,15.4506807599749
"4054",4577,"Autonomous Province of Trento","ipsl-cm6a-lr","ssp126",NA,3.57465106000225,13.5762464250837
"4055",4578,"Autonomous Province of Trento","ipsl-cm6a-lr","ssp126",NA,0.328941225818978,14.203262765067
"4056",4579,"Autonomous Province of Trento","ipsl-cm6a-lr","ssp126",NA,4.66749045164241,13.4724212646485
"4057",4580,"Autonomous Province of Trento","ipsl-cm6a-lr","ssp126",NA,4.78290065517026,9.00253775460382
"4058",4581,"Autonomous Province of Trento","ipsl-cm6a-lr","ssp126",NA,0.424375095021138,12.0624132428851
"4059",4582,"Autonomous Province of Trento","ipsl-cm6a-lr","ssp126",NA,0.12607650764299,8.8341962541853
"4060",4583,"Autonomous Province of Trento","ipsl-cm6a-lr","ssp126",NA,1.10381861741189,5.79153050013953
"4061",4584,"Autonomous Province of Trento","ipsl-cm6a-lr","ssp126",NA,0.0734596780863025,5.79333103724891
"4062",4585,"Autonomous Province of Trento","ipsl-cm6a-lr","ssp126",NA,0.0156086533284646,1.87384076799667
"4063",4586,"Autonomous Province of Trento","ipsl-cm6a-lr","ssp126",NA,0.0293418517295712,2.54714355468752
"4064",4587,"Autonomous Province of Trento","ipsl-cm6a-lr","ssp126",NA,8.86207173966146,3.90509839739121
"4065",4588,"Autonomous Province of Trento","ipsl-cm6a-lr","ssp126",NA,0.739466554114187,3.2599557059152
"4066",4589,"Autonomous Province of Trento","ipsl-cm6a-lr","ssp126",NA,0.392507564798247,1.14840632847379
"4067",4590,"Autonomous Province of Trento","ipsl-cm6a-lr","ssp126",NA,0.0484134509341467,0.169526672363305
"4068",4591,"Autonomous Province of Trento","ipsl-cm6a-lr","ssp126",NA,0,1.38333827427457
"4069",4592,"Autonomous Province of Trento","ipsl-cm6a-lr","ssp126",NA,0.0800990518785382,-0.574754551478771
"4070",4593,"Autonomous Province of Trento","ipsl-cm6a-lr","ssp126",NA,5.34119960372793,-2.23520834786549
"4071",4594,"Autonomous Province of Trento","ipsl-cm6a-lr","ssp126",NA,3.60693278229779,-2.87280556815009
"4072",4595,"Autonomous Province of Trento","ipsl-cm6a-lr","ssp126",NA,3.40284146637454,-3.24509495326449
"4073",4596,"Autonomous Province of Trento","ipsl-cm6a-lr","ssp126",NA,2.08226502524797,-0.0528647286551099
"4074",4597,"Autonomous Province of Trento","ipsl-cm6a-lr","ssp126",NA,0.0227372262348321,2.96289651053295
"4075",4598,"Autonomous Province of Trento","ipsl-cm6a-lr","ssp126",NA,0.173318892224675,-1.74244210379462
"4076",4599,"Autonomous Province of Trento","ipsl-cm6a-lr","ssp126",NA,1.17741010911102,-3.30026964460098
"4077",4600,"Autonomous Province of Trento","ipsl-cm6a-lr","ssp126",NA,2.05637511498935,1.65287279401509
"4078",4601,"Autonomous Province of Trento","ipsl-cm6a-lr","ssp126",NA,3.54373117327538,1.23255419049947
"4079",4602,"Autonomous Province of Trento","ipsl-cm6a-lr","ssp126",NA,0.212011644362065,4.98516562325616
"4080",4603,"Autonomous Province of Trento","ipsl-cm6a-lr","ssp126",NA,0.0794217573846773,4.67519640241353
"4081",4604,"Autonomous Province of Trento","ipsl-cm6a-lr","ssp126",NA,0.48830150912441,5.00011378696989
"4082",4605,"Autonomous Province of Trento","ipsl-cm6a-lr","ssp126",NA,3.93276753810434,1.32463880266464
"4083",4606,"Autonomous Province of Trento","ipsl-cm6a-lr","ssp126",NA,4.4932826042116,3.48419233049667
"4084",4607,"Autonomous Province of Trento","ipsl-cm6a-lr","ssp126",NA,4.834066663586,3.26224016462056
"4085",4608,"Autonomous Province of Trento","ipsl-cm6a-lr","ssp126",NA,0.700132328893234,6.14838453020371
"4086",4609,"Autonomous Province of Trento","ipsl-cm6a-lr","ssp126",NA,1.18154289732826,3.50479932512558
"4087",4610,"Autonomous Province of Trento","ipsl-cm6a-lr","ssp126",NA,12.0926855979633,8.36477486746655
"4088",4611,"Autonomous Province of Trento","ipsl-cm6a-lr","ssp126",NA,5.31215443313288,8.15684334891185
"4089",4612,"Autonomous Province of Trento","ipsl-cm6a-lr","ssp126",NA,0.963364550105846,7.2017554146903
"4090",4613,"Autonomous Province of Trento","ipsl-cm6a-lr","ssp126",NA,0.74209380366353,13.1140827723912
"4091",4614,"Autonomous Province of Trento","ipsl-cm6a-lr","ssp126",NA,4.77835959682125,13.1436913626535
"4092",4615,"Autonomous Province of Trento","ipsl-cm6a-lr","ssp126",NA,2.60315621583556,12.8672609601702
"4093",4616,"Autonomous Province of Trento","ipsl-cm6a-lr","ssp126",NA,4.8954444793448,14.9881737845285
"4094",4617,"Autonomous Province of Trento","ipsl-cm6a-lr","ssp126",NA,0.886163452144372,19.1550744192941
"4095",4618,"Autonomous Province of Trento","ipsl-cm6a-lr","ssp126",NA,0.104494003751045,20.6587430681501
"4096",4619,"Autonomous Province of Trento","ipsl-cm6a-lr","ssp126",NA,5.89090220768672,19.6880061558315
"4097",4620,"Autonomous Province of Trento","ipsl-cm6a-lr","ssp126",NA,2.0416440574471,15.5432983398438
"4098",4621,"Autonomous Province of Trento","ipsl-cm6a-lr","ssp126",NA,2.60366724835746,19.2197237287249
"4099",4622,"Autonomous Province of Trento","ipsl-cm6a-lr","ssp126",NA,2.04554714374743,15.3201276506697
"4100",4623,"Autonomous Province of Trento","ipsl-cm6a-lr","ssp126",NA,6.5034332534976,17.3492599487305
"4101",4624,"Autonomous Province of Trento","ipsl-cm6a-lr","ssp126",NA,0.641337387943557,20.2346097673689
"4102",4625,"Autonomous Province of Trento","ipsl-cm6a-lr","ssp126",NA,6.46967316835279,16.263706098284
"4103",4626,"Autonomous Province of Trento","ipsl-cm6a-lr","ssp126",NA,8.47379376880001,14.7528963361468
"4104",4627,"Autonomous Province of Trento","ipsl-cm6a-lr","ssp126",NA,2.62917464985679,17.3488839285714
"4105",4628,"Autonomous Province of Trento","ipsl-cm6a-lr","ssp126",NA,1.36020554013417,15.5372416904995
"4106",4629,"Autonomous Province of Trento","ipsl-cm6a-lr","ssp126",NA,0.0164869570393681,15.9696986607143
"4107",4630,"Autonomous Province of Trento","ipsl-cm6a-lr","ssp126",NA,1.83888049848195,14.3352839878628
"4108",4631,"Autonomous Province of Trento","ipsl-cm6a-lr","ssp126",NA,1.65198278139412,10.5068516322545
"4109",4632,"Autonomous Province of Trento","ipsl-cm6a-lr","ssp126",NA,0.305776115588482,8.41401171003071
"4110",4633,"Autonomous Province of Trento","ipsl-cm6a-lr","ssp126",NA,15.934903598879,10.2779490879604
"4111",4634,"Autonomous Province of Trento","ipsl-cm6a-lr","ssp126",NA,10.9096191754881,11.4150373186384
"4112",4635,"Autonomous Province of Trento","ipsl-cm6a-lr","ssp126",NA,7.84312598604759,6.86128278459824
"4113",4636,"Autonomous Province of Trento","ipsl-cm6a-lr","ssp126",NA,0.0208132749581377,6.7504353114537
"4114",4637,"Autonomous Province of Trento","ipsl-cm6a-lr","ssp126",NA,0.0247266338841915,1.98864789690292
"4115",4638,"Autonomous Province of Trento","ipsl-cm6a-lr","ssp126",NA,0.654503696179226,3.85965990339009
"4116",4639,"Autonomous Province of Trento","ipsl-cm6a-lr","ssp126",NA,8.68032959744076,4.44078870500839
"4117",4640,"Autonomous Province of Trento","ipsl-cm6a-lr","ssp126",NA,0.477233675597485,1.78452889578685
"4118",4641,"Autonomous Province of Trento","ipsl-cm6a-lr","ssp126",NA,2.35626127084418,-1.28894217354908
"4119",4642,"Autonomous Province of Trento","ipsl-cm6a-lr","ssp126",NA,0.0680421307411701,-2.64870954241069
"4120",4643,"Autonomous Province of Trento","ipsl-cm6a-lr","ssp126",NA,0.276516818121309,1.24937373570036
"4121",4644,"Autonomous Province of Trento","ipsl-cm6a-lr","ssp126",NA,0.0362139640076617,-4.25727582659038
"4122",4645,"Autonomous Province of Trento","ipsl-cm6a-lr","ssp126",NA,2.26071747616255,-0.602512468610469
"4123",4646,"Autonomous Province of Trento","ipsl-cm6a-lr","ssp126",NA,0.267095688988255,-2.03788931710377
"4124",4647,"Autonomous Province of Trento","ipsl-cm6a-lr","ssp126",NA,0.166742542673351,0.889855957031271
"4125",4648,"Autonomous Province of Trento","ipsl-cm6a-lr","ssp126",NA,0.156713290795908,0.312672642299128
"4126",4649,"Autonomous Province of Trento","ipsl-cm6a-lr","ssp126",NA,0.068852494379306,0.296040562221003
"4127",4650,"Autonomous Province of Trento","ipsl-cm6a-lr","ssp126",NA,0.0732581696736035,2.35633675711498
"4128",4651,"Autonomous Province of Trento","ipsl-cm6a-lr","ssp126",NA,9.48582687460657,-0.277791268484909
"4129",4652,"Autonomous Province of Trento","ipsl-cm6a-lr","ssp126",NA,0.015188895031315,-0.678945922851539
"4130",4653,"Autonomous Province of Trento","ipsl-cm6a-lr","ssp126",NA,0.281630137111019,-1.00179356166292
"4131",4654,"Autonomous Province of Trento","ipsl-cm6a-lr","ssp126",NA,0.116805797422006,-0.755235508510023
"4132",4655,"Autonomous Province of Trento","ipsl-cm6a-lr","ssp126",NA,1.56679882784374,2.33050580705918
"4133",4656,"Autonomous Province of Trento","ipsl-cm6a-lr","ssp126",NA,2.29796989728389,2.8418409075056
"4134",4657,"Autonomous Province of Trento","ipsl-cm6a-lr","ssp126",NA,0.3915703142541,6.85305066789902
"4135",4658,"Autonomous Province of Trento","ipsl-cm6a-lr","ssp126",NA,6.69538680209111,3.67319096156531
"4136",4659,"Autonomous Province of Trento","ipsl-cm6a-lr","ssp126",NA,1.68812859309193,2.35913129534043
"4137",4660,"Autonomous Province of Trento","ipsl-cm6a-lr","ssp126",NA,1.01445154353184,5.59055698939734
"4138",4661,"Autonomous Province of Trento","ipsl-cm6a-lr","ssp126",NA,1.82533334921443,4.5217463902065
"4139",4662,"Autonomous Province of Trento","ipsl-cm6a-lr","ssp126",NA,4.96560838281377,4.27010389055527
"4140",4663,"Autonomous Province of Trento","ipsl-cm6a-lr","ssp126",NA,1.77290128589708,6.54404929024835
"4141",4664,"Autonomous Province of Trento","ipsl-cm6a-lr","ssp126",NA,9.01886755455052,9.45672324044365
"4142",4665,"Autonomous Province of Trento","ipsl-cm6a-lr","ssp126",NA,1.99544174683979,11.4145348685129
"4143",4666,"Autonomous Province of Trento","ipsl-cm6a-lr","ssp126",NA,7.45809751720766,14.324466596331
"4144",4667,"Autonomous Province of Trento","ipsl-cm6a-lr","ssp126",NA,1.3374194390313,15.1628171648298
"4145",4668,"Autonomous Province of Trento","ipsl-cm6a-lr","ssp126",NA,8.83546526718939,16.0805297851563
"4146",4669,"Autonomous Province of Trento","ipsl-cm6a-lr","ssp126",NA,3.25322177426902,19.2843915666853
"4147",4670,"Autonomous Province of Trento","ipsl-cm6a-lr","ssp126",NA,14.3741472724027,14.6456826346261
"4148",4671,"Autonomous Province of Trento","ipsl-cm6a-lr","ssp126",NA,6.47505965015236,18.4988309587751
"4149",4672,"Autonomous Province of Trento","ipsl-cm6a-lr","ssp126",NA,7.57693777231907,17.5147360665458
"4150",4673,"Autonomous Province of Trento","ipsl-cm6a-lr","ssp126",NA,5.5339748410006,15.5815335954939
"4151",4674,"Autonomous Province of Trento","ipsl-cm6a-lr","ssp126",NA,0.0852388664757849,19.3136066981725
"4152",4675,"Autonomous Province of Trento","ipsl-cm6a-lr","ssp126",NA,2.42141948443272,15.1469458443778
"4153",4676,"Autonomous Province of Trento","ipsl-cm6a-lr","ssp126",NA,4.63919384931484,17.950832257952
"4154",4677,"Autonomous Province of Trento","ipsl-cm6a-lr","ssp126",NA,3.209331241903,17.5254215785436
"4155",4678,"Autonomous Province of Trento","ipsl-cm6a-lr","ssp126",NA,5.29673120590815,14.9539646693639
"4156",4679,"Autonomous Province of Trento","ipsl-cm6a-lr","ssp126",NA,6.24249635355747,17.3418354579381
"4157",4680,"Autonomous Province of Trento","ipsl-cm6a-lr","ssp126",NA,2.10814581597723,18.3220393589565
"4158",4681,"Autonomous Province of Trento","ipsl-cm6a-lr","ssp126",NA,1.16061025111256,15.9705727713449
"4159",4682,"Autonomous Province of Trento","ipsl-cm6a-lr","ssp126",NA,0.67696594067976,14.722798374721
"4160",4683,"Autonomous Province of Trento","ipsl-cm6a-lr","ssp126",NA,0.0511410840642515,12.3625252859933
"4161",4684,"Autonomous Province of Trento","ipsl-cm6a-lr","ssp126",NA,1.12137568576145,9.5740916660854
"4162",4685,"Autonomous Province of Trento","ipsl-cm6a-lr","ssp126",NA,2.67455905591955,10.670910862514
"4163",4686,"Autonomous Province of Trento","ipsl-cm6a-lr","ssp126",NA,1.76287560977601,12.1329121180944
"4164",4687,"Autonomous Province of Trento","ipsl-cm6a-lr","ssp126",NA,3.5296519765065,8.32379302978519
"4165",4688,"Autonomous Province of Trento","ipsl-cm6a-lr","ssp126",NA,0.136089323599922,7.35130789620538
"4166",4689,"Autonomous Province of Trento","ipsl-cm6a-lr","ssp126",NA,2.78346136249508,6.66289454868864
"4167",4690,"Autonomous Province of Trento","ipsl-cm6a-lr","ssp126",NA,5.47163221053779,4.88834097726007
"4168",4691,"Autonomous Province of Trento","ipsl-cm6a-lr","ssp126",NA,0.0454727973712059,1.50884508405415
"4169",4692,"Autonomous Province of Trento","ipsl-cm6a-lr","ssp126",NA,0.0246459062639457,-0.00724639892575866
"4170",4693,"Autonomous Province of Trento","ipsl-cm6a-lr","ssp126",NA,0.134425553941193,-3.24388841901504
"4171",4694,"Autonomous Province of Trento","ipsl-cm6a-lr","ssp126",NA,0.775280333696822,-0.610767473493281
"4172",4695,"Autonomous Province of Trento","ipsl-cm6a-lr","ssp126",NA,1.35962416312136,-6.52736838204517
"4173",4696,"Autonomous Province of Trento","ipsl-cm6a-lr","ssp126",NA,1.98813830530915,-3.04940425327844
"4174",4697,"Autonomous Province of Trento","ipsl-cm6a-lr","ssp126",NA,1.33377509043515,-5.60082092285154
"4175",4698,"Autonomous Province of Trento","ipsl-cm6a-lr","ssp126",NA,0.00813918767172643,-2.79829145159038
"4176",4699,"Autonomous Province of Trento","ipsl-cm6a-lr","ssp126",NA,0.667849176014509,0.586656188964867
"4177",4700,"Autonomous Province of Trento","ipsl-cm6a-lr","ssp126",NA,0.256750364172019,0.0206270490374102
"4178",4701,"Autonomous Province of Trento","ipsl-cm6a-lr","ssp126",NA,4.73534409269892,1.20946873256141
"4179",4702,"Autonomous Province of Trento","ipsl-cm6a-lr","ssp126",NA,4.09733898836099,1.24956120082313
"4180",4703,"Autonomous Province of Trento","ipsl-cm6a-lr","ssp126",NA,0.451823066136317,0.543362644740536
"4181",4704,"Autonomous Province of Trento","ipsl-cm6a-lr","ssp126",NA,1.23545542166019,0.750412423270112
"4182",4705,"Autonomous Province of Trento","ipsl-cm6a-lr","ssp126",NA,2.85767468534946,1.25916878836498
"4183",4706,"Autonomous Province of Trento","ipsl-cm6a-lr","ssp126",NA,3.79735024341374,3.5936218261719
"4184",4707,"Autonomous Province of Trento","ipsl-cm6a-lr","ssp126",NA,1.12352891062203,3.95371071951732
"4185",4708,"Autonomous Province of Trento","ipsl-cm6a-lr","ssp126",NA,1.98760199517502,3.69228733607703
"4186",4709,"Autonomous Province of Trento","ipsl-cm6a-lr","ssp126",NA,13.5321034781685,1.72332262311665
"4187",4710,"Autonomous Province of Trento","ipsl-cm6a-lr","ssp126",NA,1.65648241036252,2.63361511230471
"4188",4711,"Autonomous Province of Trento","ipsl-cm6a-lr","ssp126",NA,1.49073872837887,1.94287588936944
"4189",4712,"Autonomous Province of Trento","ipsl-cm6a-lr","ssp126",NA,7.77161719826316,4.82207096644813
"4190",4713,"Autonomous Province of Trento","ipsl-cm6a-lr","ssp126",NA,2.0187032751502,7.58654065813341
"4191",4714,"Autonomous Province of Trento","ipsl-cm6a-lr","ssp126",NA,15.202523372318,4.66829616001676
"4192",4715,"Autonomous Province of Trento","ipsl-cm6a-lr","ssp126",NA,0.378948407472178,5.89404449462894
"4193",4716,"Autonomous Province of Trento","ipsl-cm6a-lr","ssp126",NA,7.01867119605595,10.4857051304409
"4194",4717,"Autonomous Province of Trento","ipsl-cm6a-lr","ssp126",NA,8.77832929969112,9.8089538574219
"4195",4718,"Autonomous Province of Trento","ipsl-cm6a-lr","ssp126",NA,1.26331652261017,11.4592747279576
"4196",4719,"Autonomous Province of Trento","ipsl-cm6a-lr","ssp126",NA,4.389036802786,11.0447293962751
"4197",4720,"Autonomous Province of Trento","ipsl-cm6a-lr","ssp126",NA,4.65928120117626,11.2879544939314
"4198",4721,"Autonomous Province of Trento","ipsl-cm6a-lr","ssp126",NA,2.79246991220653,11.4106100899833
"4199",4722,"Autonomous Province of Trento","ipsl-cm6a-lr","ssp126",NA,2.25297376897028,15.8561405726842
"4200",4723,"Autonomous Province of Trento","ipsl-cm6a-lr","ssp126",NA,0.426786649248762,14.4324432373047
"4201",4724,"Autonomous Province of Trento","ipsl-cm6a-lr","ssp126",NA,9.12841267849477,15.1110103062221
"4202",4725,"Autonomous Province of Trento","ipsl-cm6a-lr","ssp126",NA,2.40189729432002,14.4949268886021
"4203",4726,"Autonomous Province of Trento","ipsl-cm6a-lr","ssp126",NA,2.37304688861124,17.1833653041295
"4204",4727,"Autonomous Province of Trento","ipsl-cm6a-lr","ssp126",NA,2.42209922965101,18.0308144705636
"4205",4728,"Autonomous Province of Trento","ipsl-cm6a-lr","ssp126",NA,2.44456125349513,18.9087932041713
"4206",4729,"Autonomous Province of Trento","ipsl-cm6a-lr","ssp126",NA,6.16705564469677,16.0596481323242
"4207",4730,"Autonomous Province of Trento","ipsl-cm6a-lr","ssp126",NA,1.69734717998965,16.7603131975447
"4208",4731,"Autonomous Province of Trento","ipsl-cm6a-lr","ssp126",NA,2.89725168699338,16.7690292358398
"4209",4732,"Autonomous Province of Trento","ipsl-cm6a-lr","ssp126",NA,3.15692912120409,14.2385934012277
"4210",4733,"Autonomous Province of Trento","ipsl-cm6a-lr","ssp126",NA,2.26475019512042,13.327655683245
"4211",4734,"Autonomous Province of Trento","ipsl-cm6a-lr","ssp126",NA,7.84040901248123,11.2925582885743
"4212",4735,"Autonomous Province of Trento","ipsl-cm6a-lr","ssp126",NA,5.22120411094095,11.4731100899833
"4213",4736,"Autonomous Province of Trento","ipsl-cm6a-lr","ssp126",NA,14.4693717842788,11.8743617466518
"4214",4737,"Autonomous Province of Trento","ipsl-cm6a-lr","ssp126",NA,0,9.63366960797993
"4215",4738,"Autonomous Province of Trento","ipsl-cm6a-lr","ssp126",NA,0,9.68403887067526
"4216",4739,"Autonomous Province of Trento","ipsl-cm6a-lr","ssp126",NA,0.12464839306371,10.671764264788
"4217",4740,"Autonomous Province of Trento","ipsl-cm6a-lr","ssp126",NA,0.525340975764266,5.78325260707313
"4218",4741,"Autonomous Province of Trento","ipsl-cm6a-lr","ssp126",NA,0.0195780859939987,6.03680681501118
"4219",4742,"Autonomous Province of Trento","ipsl-cm6a-lr","ssp126",NA,0.186456497587122,5.18702414376397
"4220",4743,"Autonomous Province of Trento","ipsl-cm6a-lr","ssp126",NA,0.657105880704225,1.58750305175783
"4221",4744,"Autonomous Province of Trento","ipsl-cm6a-lr","ssp126",NA,2.75148363351556,5.01667175292971
"4222",4745,"Autonomous Province of Trento","ipsl-cm6a-lr","ssp126",NA,5.65643283228253,0.0622508457729009
"4223",4746,"Autonomous Province of Trento","ipsl-cm6a-lr","ssp126",NA,0.232789255772202,-6.3724747794015
"4224",4747,"Autonomous Province of Trento","ipsl-cm6a-lr","ssp126",NA,1.33801117356468,-4.14144853864395
"4225",4748,"Autonomous Province of Trento","ipsl-cm6a-lr","ssp126",NA,0.167677787664746,-0.46331416538781
"4226",4749,"Autonomous Province of Trento","ipsl-cm6a-lr","ssp126",NA,2.49527734033888,-1.24790148053848
"4227",4750,"Autonomous Province of Trento","ipsl-cm6a-lr","ssp126",NA,4.82174290851357,-0.943106079101541
"4228",4751,"Autonomous Province of Trento","ipsl-cm6a-lr","ssp126",NA,0.0367632220072014,-6.80048871721539
"4229",4752,"Autonomous Province of Trento","ipsl-cm6a-lr","ssp126",NA,1.13671658113422,-7.68873661586213
"4230",4753,"Autonomous Province of Trento","ipsl-cm6a-lr","ssp126",NA,4.69118921220278,0.950993565150692
"4231",4754,"Autonomous Province of Trento","ipsl-cm6a-lr","ssp126",NA,1.05357461179665,-1.17111707414897
"4232",4755,"Autonomous Province of Trento","ipsl-cm6a-lr","ssp126",NA,0.012618932305486,1.38904942103797
"4233",4756,"Autonomous Province of Trento","ipsl-cm6a-lr","ssp126",NA,0.142785488177261,0.291442217145667
"4234",4757,"Autonomous Province of Trento","ipsl-cm6a-lr","ssp126",NA,0.0235921007255716,2.21765616280694
"4235",4758,"Autonomous Province of Trento","ipsl-cm6a-lr","ssp126",NA,1.02000011096867,2.48482883998328
"4236",4759,"Autonomous Province of Trento","ipsl-cm6a-lr","ssp126",NA,2.79763146093371,2.84188341413228
"4237",4760,"Autonomous Province of Trento","ipsl-cm6a-lr","ssp126",NA,0.157594939082628,4.69265136718752
"4238",4761,"Autonomous Province of Trento","ipsl-cm6a-lr","ssp126",NA,0.41073405347041,4.92376098632815
"4239",4762,"Autonomous Province of Trento","ipsl-cm6a-lr","ssp126",NA,0.990033975956195,1.09774169921877
"4240",4763,"Autonomous Province of Trento","ipsl-cm6a-lr","ssp126",NA,2.93035189897637,0.152653721400692
"4241",4764,"Autonomous Province of Trento","ipsl-cm6a-lr","ssp126",NA,4.4424029390549,6.88213500976564
"4242",4765,"Autonomous Province of Trento","ipsl-cm6a-lr","ssp126",NA,1.70996153709504,5.46077117919924
"4243",4766,"Autonomous Province of Trento","ipsl-cm6a-lr","ssp126",NA,0.326415849018044,8.08347800118585
"4244",4767,"Autonomous Province of Trento","ipsl-cm6a-lr","ssp126",NA,1.10298526305997,10.0917646135603
"4245",4768,"Autonomous Province of Trento","ipsl-cm6a-lr","ssp126",NA,3.02753105862783,11.3323608398438
"4246",4769,"Autonomous Province of Trento","ipsl-cm6a-lr","ssp126",NA,1.72406229188969,14.2233073643276
"4247",4770,"Autonomous Province of Trento","ipsl-cm6a-lr","ssp126",NA,3.27746175202524,10.8101603916713
"4248",4771,"Autonomous Province of Trento","ipsl-cm6a-lr","ssp126",NA,6.30458405430545,12.6874873570034
"4249",4772,"Autonomous Province of Trento","ipsl-cm6a-lr","ssp126",NA,4.69853378072003,10.0830747331892
"4250",4773,"Autonomous Province of Trento","ipsl-cm6a-lr","ssp126",NA,0.481883483527261,15.4711983816964
"4251",4774,"Autonomous Province of Trento","ipsl-cm6a-lr","ssp126",NA,5.47048480984813,15.80274244036
"4252",4775,"Autonomous Province of Trento","ipsl-cm6a-lr","ssp126",NA,0.438519879012996,18.8616827828544
"4253",4776,"Autonomous Province of Trento","ipsl-cm6a-lr","ssp126",NA,4.17840654260674,16.3433003016881
"4254",4777,"Autonomous Province of Trento","ipsl-cm6a-lr","ssp126",NA,7.23361496275175,15.8286998203823
"4255",4778,"Autonomous Province of Trento","ipsl-cm6a-lr","ssp126",NA,1.47577358981964,16.769075012207
"4256",4779,"Autonomous Province of Trento","ipsl-cm6a-lr","ssp126",NA,3.79979617654109,18.4225991385324
"4257",4780,"Autonomous Province of Trento","ipsl-cm6a-lr","ssp126",NA,3.12691068044971,14.8032492501395
"4258",4781,"Autonomous Province of Trento","ipsl-cm6a-lr","ssp126",NA,3.97615933928007,16.6067400251116
"4259",4782,"Autonomous Province of Trento","ipsl-cm6a-lr","ssp126",NA,4.50707677674863,17.9629684448242
"4260",4783,"Autonomous Province of Trento","ipsl-cm6a-lr","ssp126",NA,1.95923470772478,13.33509652274
"4261",4784,"Autonomous Province of Trento","ipsl-cm6a-lr","ssp126",NA,0.991591367476627,14.2661693028041
"4262",4785,"Autonomous Province of Trento","ipsl-cm6a-lr","ssp126",NA,1.03986184603855,16.1215018136161
"4263",4786,"Autonomous Province of Trento","ipsl-cm6a-lr","ssp126",NA,5.26947079940458,13.419584437779
"4264",4787,"Autonomous Province of Trento","ipsl-cm6a-lr","ssp126",NA,7.23119859477655,13.3530430385045
"4265",4788,"Autonomous Province of Trento","ipsl-cm6a-lr","ssp126",NA,4.39012409582834,10.905901663644
"4266",4789,"Autonomous Province of Trento","ipsl-cm6a-lr","ssp126",NA,1.7770637852014,9.43069065638955
"4267",4790,"Autonomous Province of Trento","ipsl-cm6a-lr","ssp126",NA,3.20968029929125,7.99506530761723
"4268",4791,"Autonomous Province of Trento","ipsl-cm6a-lr","ssp126",NA,14.4883843500013,7.07605895996096
"4269",4792,"Autonomous Province of Trento","ipsl-cm6a-lr","ssp126",NA,2.57655848402335,3.95227748325895
"4270",4793,"Autonomous Province of Trento","ipsl-cm6a-lr","ssp126",NA,6.04956414959555,3.76331481933596
"4271",4794,"Autonomous Province of Trento","ipsl-cm6a-lr","ssp126",NA,1.05158911457173,1.35212642124723
"4272",4795,"Autonomous Province of Trento","ipsl-cm6a-lr","ssp126",NA,4.86541138195337,-2.2446578979492
"4273",4796,"Autonomous Province of Trento","ipsl-cm6a-lr","ssp126",NA,8.51520528781944,-1.08867165701727
"4274",4797,"Autonomous Province of Trento","ipsl-cm6a-lr","ssp126",NA,1.35868952116392,0.879228210449243
"4275",4798,"Autonomous Province of Trento","ipsl-cm6a-lr","ssp126",NA,0.432971385946855,-0.529565647670177
"4276",4799,"Autonomous Province of Trento","ipsl-cm6a-lr","ssp126",NA,0.563022168067358,2.38760637555806
"4277",4800,"Autonomous Province of Trento","ipsl-cm6a-lr","ssp126",NA,0,0.820395769391765
"4278",4801,"Autonomous Province of Trento","ipsl-cm6a-lr","ssp126",NA,0.640327262551312,-0.1208796909877
"4279",4802,"Autonomous Province of Trento","ipsl-cm6a-lr","ssp126",NA,1.53994261195944,-2.44983193533759
"4280",4803,"Autonomous Province of Trento","ipsl-cm6a-lr","ssp126",NA,1.65139546981144,-0.332031903948078
"4281",4804,"Autonomous Province of Trento","ipsl-cm6a-lr","ssp126",NA,0,-1.62514016287665
"4282",4805,"Autonomous Province of Trento","ipsl-cm6a-lr","ssp126",NA,0.116404119970476,-3.33922751290455
"4283",4806,"Autonomous Province of Trento","ipsl-cm6a-lr","ssp126",NA,1.87763293028443,-6.82971256801057
"4284",4807,"Autonomous Province of Trento","ipsl-cm6a-lr","ssp126",NA,0.0350405658537057,-2.70221121651783
"4285",4808,"Autonomous Province of Trento","ipsl-cm6a-lr","ssp126",NA,0.0674562027338003,-2.03124956403458
"4286",4809,"Autonomous Province of Trento","ipsl-cm6a-lr","ssp126",NA,0.155992852186111,-5.0137019566127
"4287",4810,"Autonomous Province of Trento","ipsl-cm6a-lr","ssp126",NA,0.038083516639225,-0.762920488629999
"4288",4811,"Autonomous Province of Trento","ipsl-cm6a-lr","ssp126",NA,0,-0.714817156110468
"4289",4812,"Autonomous Province of Trento","ipsl-cm6a-lr","ssp126",NA,0.0079008050826295,4.24514814104355
"4290",4813,"Autonomous Province of Trento","ipsl-cm6a-lr","ssp126",NA,1.01449227937077,3.35287192208428
"4291",4814,"Autonomous Province of Trento","ipsl-cm6a-lr","ssp126",NA,4.21598228640505,3.33570796421598
"4292",4815,"Autonomous Province of Trento","ipsl-cm6a-lr","ssp126",NA,6.9998849136547,4.26141727992469
"4293",4816,"Autonomous Province of Trento","ipsl-cm6a-lr","ssp126",NA,2.61354791883995,2.82220066615516
"4294",4817,"Autonomous Province of Trento","ipsl-cm6a-lr","ssp126",NA,0.06601163293973,7.38224291120261
"4295",4818,"Autonomous Province of Trento","ipsl-cm6a-lr","ssp126",NA,5.77867043061165,8.54041442871095
"4296",4819,"Autonomous Province of Trento","ipsl-cm6a-lr","ssp126",NA,1.58087988072241,6.64219273158484
"4297",4820,"Autonomous Province of Trento","ipsl-cm6a-lr","ssp126",NA,8.04402898772553,6.82966875348775
"4298",4821,"Autonomous Province of Trento","ipsl-cm6a-lr","ssp126",NA,0.67982582627987,5.5480416434152
"4299",4822,"Autonomous Province of Trento","ipsl-cm6a-lr","ssp126",NA,5.01006353879348,9.17524108886721
"4300",4823,"Autonomous Province of Trento","ipsl-cm6a-lr","ssp126",NA,0.0173901984323623,12.1303181239537
"4301",4824,"Autonomous Province of Trento","ipsl-cm6a-lr","ssp126",NA,2.33167639940543,11.6684062412807
"4302",4825,"Autonomous Province of Trento","ipsl-cm6a-lr","ssp126",NA,0.390269267596263,9.36660374232704
"4303",4826,"Autonomous Province of Trento","ipsl-cm6a-lr","ssp126",NA,2.77732762654393,16.1417720249721
"4304",4827,"Autonomous Province of Trento","ipsl-cm6a-lr","ssp126",NA,3.90070570325146,14.1715778895787
"4305",4828,"Autonomous Province of Trento","ipsl-cm6a-lr","ssp126",NA,1.72491187729195,17.2605431692941
"4306",4829,"Autonomous Province of Trento","ipsl-cm6a-lr","ssp126",NA,0.615318751156987,14.120866394043
"4307",4830,"Autonomous Province of Trento","ipsl-cm6a-lr","ssp126",NA,1.02486546056753,17.873914882115
"4308",4831,"Autonomous Province of Trento","ipsl-cm6a-lr","ssp126",NA,1.22988309875447,19.4914195469448
"4309",4832,"Autonomous Province of Trento","ipsl-cm6a-lr","ssp126",NA,1.78045791820166,19.1082048688616
"4310",4833,"Autonomous Province of Trento","ipsl-cm6a-lr","ssp126",NA,5.63981553045129,16.7303046090262
"4311",4834,"Autonomous Province of Trento","ipsl-cm6a-lr","ssp126",NA,2.05155665610488,17.5372329711914
"4312",4835,"Autonomous Province of Trento","ipsl-cm6a-lr","ssp126",NA,3.3724096849515,18.6589915684291
"4313",4836,"Autonomous Province of Trento","ipsl-cm6a-lr","ssp126",NA,0.430475061771826,17.3065396990095
"4314",4837,"Autonomous Province of Trento","ipsl-cm6a-lr","ssp126",NA,2.51492877125981,15.9673847743443
"4315",4838,"Autonomous Province of Trento","ipsl-cm6a-lr","ssp126",NA,0.0679909233700269,13.6344619750977
"4316",4839,"Autonomous Province of Trento","ipsl-cm6a-lr","ssp126",NA,4.40366977101283,11.5279665265765
"4317",4840,"Autonomous Province of Trento","ipsl-cm6a-lr","ssp126",NA,11.6862032594976,11.8810450962612
"4318",4841,"Autonomous Province of Trento","ipsl-cm6a-lr","ssp126",NA,1.60065140626102,9.66021336146766
"4319",4842,"Autonomous Province of Trento","ipsl-cm6a-lr","ssp126",NA,0.46743874749414,9.48186100551063
"4320",4843,"Autonomous Province of Trento","ipsl-cm6a-lr","ssp126",NA,1.66967414074211,7.3349308558873
"4321",4844,"Autonomous Province of Trento","ipsl-cm6a-lr","ssp126",NA,0.0904421262800627,4.71027962820872
"4322",4845,"Autonomous Province of Trento","ipsl-cm6a-lr","ssp126",NA,1.92874397525884,7.0768753051758
"4323",4846,"Autonomous Province of Trento","ipsl-cm6a-lr","ssp126",NA,0.246478149594103,3.46371394566129
"4324",4847,"Autonomous Province of Trento","ipsl-cm6a-lr","ssp126",NA,4.35303466542142,3.52715454101565
"4325",4848,"Autonomous Province of Trento","ipsl-cm6a-lr","ssp126",NA,3.92198138774152,3.04670976911274
"4326",4849,"Autonomous Province of Trento","ipsl-cm6a-lr","ssp126",NA,7.49699986346449,-1.29727238246371
"4327",4850,"Autonomous Province of Trento","ipsl-cm6a-lr","ssp126",NA,3.82178708001188,0.258737182617209
"4328",4851,"Autonomous Province of Trento","ipsl-cm6a-lr","ssp126",NA,0.0448507522248422,1.98171604701453
"4329",4852,"Autonomous Province of Trento","ipsl-cm6a-lr","ssp126",NA,0.260588863394722,0.0713429042271441
"4330",4853,"Autonomous Province of Trento","ipsl-cm6a-lr","ssp126",NA,1.93247992432849,2.95151345389232
"4331",4854,"Autonomous Province of Trento","ipsl-cm6a-lr","ssp126",NA,0,-0.585990469796292
"4332",4855,"Autonomous Province of Trento","ipsl-cm6a-lr","ssp126",NA,0.0753420673780577,-3.64107578822543
"4333",4856,"Autonomous Province of Trento","ipsl-cm6a-lr","ssp126",NA,0.0348986648402519,-1.48580671037944
"4334",4857,"Autonomous Province of Trento","ipsl-cm6a-lr","ssp126",NA,0.180398686383601,2.43856419154578
"4335",4858,"Autonomous Province of Trento","ipsl-cm6a-lr","ssp126",NA,0.194042391948252,1.57420937674388
"4336",4859,"Autonomous Province of Trento","ipsl-cm6a-lr","ssp126",NA,0.0192946873929551,-2.07047446114674
"4337",4860,"Autonomous Province of Trento","ipsl-cm6a-lr","ssp126",NA,0.806181139081932,1.49121246337893
"4338",4861,"Autonomous Province of Trento","ipsl-cm6a-lr","ssp126",NA,0.0517221144816307,-0.141727556501093
"4339",4862,"Autonomous Province of Trento","ipsl-cm6a-lr","ssp126",NA,0.129633893759871,0.0956098284040408
"4340",4863,"Autonomous Province of Trento","ipsl-cm6a-lr","ssp126",NA,0.0415850545843049,0.0974441528320548
"4341",4864,"Autonomous Province of Trento","ipsl-cm6a-lr","ssp126",NA,0.265081372422823,0.183845955984954
"4342",4865,"Autonomous Province of Trento","ipsl-cm6a-lr","ssp126",NA,3.87211713075106,3.2053150721959
"4343",4866,"Autonomous Province of Trento","ipsl-cm6a-lr","ssp126",NA,2.22077869413105,2.27737579345705
"4344",4867,"Autonomous Province of Trento","ipsl-cm6a-lr","ssp126",NA,3.680216365696,2.83448835100449
"4345",4868,"Autonomous Province of Trento","ipsl-cm6a-lr","ssp126",NA,14.9175436077972,4.70703277587893
"4346",4869,"Autonomous Province of Trento","ipsl-cm6a-lr","ssp126",NA,4.47583132710341,6.5142772129604
"4347",4870,"Autonomous Province of Trento","ipsl-cm6a-lr","ssp126",NA,1.71398417321273,6.44437888009211
"4348",4871,"Autonomous Province of Trento","ipsl-cm6a-lr","ssp126",NA,3.94765846735287,6.39939488002235
"4349",4872,"Autonomous Province of Trento","ipsl-cm6a-lr","ssp126",NA,3.44728326404688,6.05703996930806
"4350",4873,"Autonomous Province of Trento","ipsl-cm6a-lr","ssp126",NA,2.61052730732315,6.90530766078407
"4351",4874,"Autonomous Province of Trento","ipsl-cm6a-lr","ssp126",NA,3.49586154812381,10.0113671439035
"4352",4875,"Autonomous Province of Trento","ipsl-cm6a-lr","ssp126",NA,2.41829991220064,16.4889389038086
"4353",4876,"Autonomous Province of Trento","ipsl-cm6a-lr","ssp126",NA,7.52454466871446,13.1949325561524
"4354",4877,"Autonomous Province of Trento","ipsl-cm6a-lr","ssp126",NA,2.76225184721365,15.9970369611468
"4355",4878,"Autonomous Province of Trento","ipsl-cm6a-lr","ssp126",NA,6.19694439561239,13.3838494437082
"4356",4879,"Autonomous Province of Trento","ipsl-cm6a-lr","ssp126",NA,4.69634464780029,16.2840504237584
"4357",4880,"Autonomous Province of Trento","ipsl-cm6a-lr","ssp126",NA,7.37204041678134,16.2804122924805
"4358",4881,"Autonomous Province of Trento","ipsl-cm6a-lr","ssp126",NA,4.68591717284913,17.0734911237444
"4359",4882,"Autonomous Province of Trento","ipsl-cm6a-lr","ssp126",NA,6.29005882183264,16.9306067330497
"4360",4883,"Autonomous Province of Trento","ipsl-cm6a-lr","ssp126",NA,7.68630904006256,17.8966188703264
"4361",4884,"Autonomous Province of Trento","ipsl-cm6a-lr","ssp126",NA,2.56154439657621,16.5452002389091
"4362",4885,"Autonomous Province of Trento","ipsl-cm6a-lr","ssp126",NA,4.22443288130775,15.0302291870118
"4363",4886,"Autonomous Province of Trento","ipsl-cm6a-lr","ssp126",NA,1.74300941842895,18.6277971540179
"4364",4887,"Autonomous Province of Trento","ipsl-cm6a-lr","ssp126",NA,1.89786155591979,18.3618713378906
"4365",4888,"Autonomous Province of Trento","ipsl-cm6a-lr","ssp126",NA,3.697302958452,17.6153841291156
"4366",4889,"Autonomous Province of Trento","ipsl-cm6a-lr","ssp126",NA,10.2099608835618,12.7562423706055
"4367",4890,"Autonomous Province of Trento","ipsl-cm6a-lr","ssp126",NA,0.57801169319386,10.1296325683594
"4368",4891,"Autonomous Province of Trento","ipsl-cm6a-lr","ssp126",NA,0.541779318583784,11.6089917864118
"4369",4892,"Autonomous Province of Trento","ipsl-cm6a-lr","ssp126",NA,1.71068990179525,11.7651742117745
"4370",4893,"Autonomous Province of Trento","ipsl-cm6a-lr","ssp126",NA,1.07231920381829,13.2690390450614
"4371",4894,"Autonomous Province of Trento","ipsl-cm6a-lr","ssp126",NA,2.72756282806118,7.93943503243585
"4372",4895,"Autonomous Province of Trento","ipsl-cm6a-lr","ssp126",NA,1.71491859486455,6.91153106689455
"4373",4896,"Autonomous Province of Trento","ipsl-cm6a-lr","ssp126",NA,7.20852200099346,3.85223323277067
"4374",4897,"Autonomous Province of Trento","ipsl-cm6a-lr","ssp126",NA,5.6932717548729,7.43788299560549
"4375",4898,"Autonomous Province of Trento","ipsl-cm6a-lr","ssp126",NA,0.0944513023569016,4.59881417410717
"4376",4899,"Autonomous Province of Trento","ipsl-cm6a-lr","ssp126",NA,7.16611469644184,1.84060603550504
"4377",4900,"Autonomous Province of Trento","ipsl-cm6a-lr","ssp126",NA,0.204902971576563,3.571673148019
"4378",4901,"Autonomous Province of Trento","ipsl-cm6a-lr","ssp126",NA,0.843576765159274,2.4556823730469
"4379",4902,"Autonomous Province of Trento","ipsl-cm6a-lr","ssp126",NA,6.27497796950983,1.75800040108819
"4380",4903,"Autonomous Province of Trento","ipsl-cm6a-lr","ssp126",NA,4.6988028103442,0.00343148367747797
"4381",4904,"Autonomous Province of Trento","ipsl-cm6a-lr","ssp126",NA,5.25062955496521,1.99210401262558
"4382",4905,"Autonomous Province of Trento","ipsl-cm6a-lr","ssp126",NA,3.192524521806,0.51070556640627
"4383",4906,"Autonomous Province of Trento","ipsl-cm6a-lr","ssp126",NA,0.673601716620656,-0.214191545758906
"4384",4907,"Autonomous Province of Trento","ipsl-cm6a-lr","ssp126",NA,0.0766556974148054,-1.23878326416013
"4385",4908,"Autonomous Province of Trento","ipsl-cm6a-lr","ssp126",NA,0.0626914377270232,1.37805546351844
"4386",4909,"Autonomous Province of Trento","ipsl-cm6a-lr","ssp126",NA,0.142638830948272,-7.55001569475444
"4387",4910,"Autonomous Province of Trento","ipsl-cm6a-lr","ssp126",NA,8.42290771127279,0.656240626743883
"4388",4911,"Autonomous Province of Trento","ipsl-cm6a-lr","ssp126",NA,1.62440082728738,1.08964909144812
"4389",4912,"Autonomous Province of Trento","ipsl-cm6a-lr","ssp126",NA,0.847679791422706,0.486485508510068
"4390",4913,"Autonomous Province of Trento","ipsl-cm6a-lr","ssp126",NA,0.00431128241221553,3.63434208461219
"4391",4914,"Autonomous Province of Trento","ipsl-cm6a-lr","ssp126",NA,0.0258020651537144,4.64785919189455
"4392",4915,"Autonomous Province of Trento","ipsl-cm6a-lr","ssp126",NA,0.398348931360358,3.93920833042692
"4393",4916,"Autonomous Province of Trento","ipsl-cm6a-lr","ssp126",NA,1.1539111060951,4.61327078683038
"4394",4917,"Autonomous Province of Trento","ipsl-cm6a-lr","ssp126",NA,2.3722432804269,1.98511221749444
"4395",4918,"Autonomous Province of Trento","ipsl-cm6a-lr","ssp126",NA,2.47878277153047,0.360152544294108
"4396",4919,"Autonomous Province of Trento","ipsl-cm6a-lr","ssp126",NA,1.14428105814243,3.04020952497212
"4397",4920,"Autonomous Province of Trento","ipsl-cm6a-lr","ssp126",NA,5.69390801850074,3.53189675467357
"4398",4921,"Autonomous Province of Trento","ipsl-cm6a-lr","ssp126",NA,2.20464209737007,5.83188454764232
"4399",4922,"Autonomous Province of Trento","ipsl-cm6a-lr","ssp126",NA,4.26180890369453,8.24248112269814
"4400",4923,"Autonomous Province of Trento","ipsl-cm6a-lr","ssp126",NA,1.64363117141225,3.14034750802178
"4401",4924,"Autonomous Province of Trento","ipsl-cm6a-lr","ssp126",NA,0.13167523564854,9.41122044154578
"4402",4925,"Autonomous Province of Trento","ipsl-cm6a-lr","ssp126",NA,3.00743533866158,9.19776960100448
"4403",4926,"Autonomous Province of Trento","ipsl-cm6a-lr","ssp126",NA,1.86197970962374,8.73848549979076
"4404",4927,"Autonomous Province of Trento","ipsl-cm6a-lr","ssp126",NA,4.79301908240554,14.6891625540597
"4405",4928,"Autonomous Province of Trento","ipsl-cm6a-lr","ssp126",NA,5.10861011672595,14.1004457746234
"4406",4929,"Autonomous Province of Trento","ipsl-cm6a-lr","ssp126",NA,7.45081633005092,11.9134536743164
"4407",4930,"Autonomous Province of Trento","ipsl-cm6a-lr","ssp126",NA,1.20021956611578,11.0219861711775
"4408",4931,"Autonomous Province of Trento","ipsl-cm6a-lr","ssp126",NA,4.75710259621077,15.8843279157366
"4409",4932,"Autonomous Province of Trento","ipsl-cm6a-lr","ssp126",NA,3.07028080298031,15.9481074741909
"4410",4933,"Autonomous Province of Trento","ipsl-cm6a-lr","ssp126",NA,7.18999411461222,16.4184095110212
"4411",4934,"Autonomous Province of Trento","ipsl-cm6a-lr","ssp126",NA,6.143080876648,17.9935470581055
"4412",4935,"Autonomous Province of Trento","ipsl-cm6a-lr","ssp126",NA,2.51222181317904,14.1910938807896
"4413",4936,"Autonomous Province of Trento","ipsl-cm6a-lr","ssp126",NA,3.90001918398671,16.8673067365374
"4414",4937,"Autonomous Province of Trento","ipsl-cm6a-lr","ssp126",NA,1.38837032323603,17.6020130702428
"4415",4938,"Autonomous Province of Trento","ipsl-cm6a-lr","ssp126",NA,5.16047817945946,17.956674194336
"4416",4939,"Autonomous Province of Trento","ipsl-cm6a-lr","ssp126",NA,0.00656953200502487,14.7679698399135
"4417",4940,"Autonomous Province of Trento","ipsl-cm6a-lr","ssp126",NA,4.82247465988621,14.74329964774
"4418",4941,"Autonomous Province of Trento","ipsl-cm6a-lr","ssp126",NA,0.774554667389436,15.2913888113839
"4419",4942,"Autonomous Province of Trento","ipsl-cm6a-lr","ssp126",NA,0.762021140690194,14.4396464756557
"4420",4943,"Autonomous Province of Trento","ipsl-cm6a-lr","ssp126",NA,2.48731071930836,14.0878790719169
"4421",4944,"Autonomous Province of Trento","ipsl-cm6a-lr","ssp126",NA,1.36368319176005,14.4002297537668
"4422",4945,"Autonomous Province of Trento","ipsl-cm6a-lr","ssp126",NA,0.0852202148702679,14.4112280709403
"4423",4946,"Autonomous Province of Trento","ipsl-cm6a-lr","ssp126",NA,0.334889873140907,12.1433796473912
"4424",4947,"Autonomous Province of Trento","ipsl-cm6a-lr","ssp126",NA,1.17143533487771,10.7603905814035
"4425",4948,"Autonomous Province of Trento","ipsl-cm6a-lr","ssp126",NA,0.594834475954745,9.25880584716799
"4426",4949,"Autonomous Province of Trento","ipsl-cm6a-lr","ssp126",NA,14.9987390617233,10.5999346051898
"4427",4950,"Autonomous Province of Trento","ipsl-cm6a-lr","ssp126",NA,14.3181193312297,3.76003308977402
"4428",4951,"Autonomous Province of Trento","ipsl-cm6a-lr","ssp126",NA,1.35598861271709,1.36835196358819
"4429",4952,"Autonomous Province of Trento","ipsl-cm6a-lr","ssp126",NA,6.26239331717703,-0.501793561662926
"4430",4953,"Autonomous Province of Trento","ipsl-cm6a-lr","ssp126",NA,2.16012323378111,-1.43670120239255
"4431",4954,"Autonomous Province of Trento","ipsl-cm6a-lr","ssp126",NA,1.72142498265332,0.97950352260047
"4432",4955,"Autonomous Province of Trento","ipsl-cm6a-lr","ssp126",NA,0.570772228690787,-1.97893807547431
"4433",4956,"Autonomous Province of Trento","ipsl-cm6a-lr","ssp126",NA,0.0106539848924773,-2.46404767717632
"4434",4957,"Autonomous Province of Trento","ipsl-cm6a-lr","ssp126",NA,1.29623640147786,-0.923546491350424
"4435",4958,"Autonomous Province of Trento","ipsl-cm6a-lr","ssp126",NA,1.2852569539973,1.30425851004466
"4436",4959,"Autonomous Province of Trento","ipsl-cm6a-lr","ssp126",NA,0.101150503152374,-3.42397482735768
"4437",4960,"Autonomous Province of Trento","ipsl-cm6a-lr","ssp126",NA,0.0191719834869478,-1.49087262834819
"4438",4961,"Autonomous Province of Trento","ipsl-cm6a-lr","ssp126",NA,0.0645339488983155,-0.621278599330335
"4439",4962,"Autonomous Province of Trento","ipsl-cm6a-lr","ssp126",NA,0.679004317914535,-1.14779837472096
"4440",4963,"Autonomous Province of Trento","ipsl-cm6a-lr","ssp126",NA,1.61090775637993,1.36875741141185
"4441",4964,"Autonomous Province of Trento","ipsl-cm6a-lr","ssp126",NA,1.31233924798185,0.97111990792413
"4442",4965,"Autonomous Province of Trento","ipsl-cm6a-lr","ssp126",NA,3.2453437827436,0.202523803710961
"4443",4966,"Autonomous Province of Trento","ipsl-cm6a-lr","ssp126",NA,0.0461198019495766,1.95454123360773
"4444",4967,"Autonomous Province of Trento","ipsl-cm6a-lr","ssp126",NA,0.0544123987960379,2.00020642961777
"4445",4968,"Autonomous Province of Trento","ipsl-cm6a-lr","ssp126",NA,3.23184266331477,3.01191755022324
"4446",4969,"Autonomous Province of Trento","ipsl-cm6a-lr","ssp126",NA,0.294795065630231,1.72815747942246
"4447",4970,"Autonomous Province of Trento","ipsl-cm6a-lr","ssp126",NA,0.0978677830452007,1.05080239432201
"4448",4971,"Autonomous Province of Trento","ipsl-cm6a-lr","ssp126",NA,4.36645796014221,2.29441768101286
"4449",4972,"Autonomous Province of Trento","ipsl-cm6a-lr","ssp126",NA,0.545429627007773,6.44227643694199
"4450",4973,"Autonomous Province of Trento","ipsl-cm6a-lr","ssp126",NA,3.2593445387907,4.62120535714288
"4451",4974,"Autonomous Province of Trento","ipsl-cm6a-lr","ssp126",NA,2.96301859899748,5.82605024065293
"4452",4975,"Autonomous Province of Trento","ipsl-cm6a-lr","ssp126",NA,4.64127703734058,7.15752890450616
"4453",4976,"Autonomous Province of Trento","ipsl-cm6a-lr","ssp126",NA,0,9.93144378662113
"4454",4977,"Autonomous Province of Trento","ipsl-cm6a-lr","ssp126",NA,5.33952227124246,10.683848135812
"4455",4978,"Autonomous Province of Trento","ipsl-cm6a-lr","ssp126",NA,5.49874465130935,10.7322021484375
"4456",4979,"Autonomous Province of Trento","ipsl-cm6a-lr","ssp126",NA,2.45503937382767,12.6440521240235
"4457",4980,"Autonomous Province of Trento","ipsl-cm6a-lr","ssp126",NA,1.00517195688943,11.336088344029
"4458",4981,"Autonomous Province of Trento","ipsl-cm6a-lr","ssp126",NA,0.902643826676857,14.2306097848075
"4459",4982,"Autonomous Province of Trento","ipsl-cm6a-lr","ssp126",NA,2.24978540385824,10.964486694336
"4460",4983,"Autonomous Province of Trento","ipsl-cm6a-lr","ssp126",NA,4.55039486114401,12.8369809831892
"4461",4984,"Autonomous Province of Trento","ipsl-cm6a-lr","ssp126",NA,1.72918183135542,16.5144723074777
"4462",4985,"Autonomous Province of Trento","ipsl-cm6a-lr","ssp126",NA,5.25328059401155,14.3618691580636
"4463",4986,"Autonomous Province of Trento","ipsl-cm6a-lr","ssp126",NA,1.97584123177097,15.9466764177595
"4464",4987,"Autonomous Province of Trento","ipsl-cm6a-lr","ssp126",NA,1.86724672369434,17.2968743460519
"4465",4988,"Autonomous Province of Trento","ipsl-cm6a-lr","ssp126",NA,1.98564140090249,18.9319843837193
"4466",4989,"Autonomous Province of Trento","ipsl-cm6a-lr","ssp126",NA,0.30635908385323,18.1146157400949
"4467",4990,"Autonomous Province of Trento","ipsl-cm6a-lr","ssp126",NA,1.43851305843522,20.4578829084124
"4468",4991,"Autonomous Province of Trento","ipsl-cm6a-lr","ssp126",NA,0.455432212142374,16.6833140781948
"4469",4992,"Autonomous Province of Trento","ipsl-cm6a-lr","ssp126",NA,0.972786568880632,14.2467873709542
"4470",4993,"Autonomous Province of Trento","ipsl-cm6a-lr","ssp126",NA,0.592355506107976,16.4048379080636
"4471",4994,"Autonomous Province of Trento","ipsl-cm6a-lr","ssp126",NA,2.92850395032604,14.8744947160993
"4472",4995,"Autonomous Province of Trento","ipsl-cm6a-lr","ssp126",NA,2.5708911188953,13.9544584001814
"4473",4996,"Autonomous Province of Trento","ipsl-cm6a-lr","ssp126",NA,0.203859019451816,13.8756118774414
"4474",4997,"Autonomous Province of Trento","ipsl-cm6a-lr","ssp126",NA,0.406088603943187,13.9971742902483
"4475",4998,"Autonomous Province of Trento","ipsl-cm6a-lr","ssp126",NA,0.642216667594247,8.42489994594031
"4476",4999,"Autonomous Province of Trento","ipsl-cm6a-lr","ssp126",NA,4.24930804607097,5.7642041887556
"4477",5000,"Autonomous Province of Trento","ipsl-cm6a-lr","ssp126",NA,0.688795036356687,9.33890686035158
"4478",5001,"Autonomous Province of Trento","ipsl-cm6a-lr","ssp126",NA,0.068406340454073,10.5817232404437
"4479",5002,"Autonomous Province of Trento","ipsl-cm6a-lr","ssp126",NA,0.370854599246481,5.50555136544366
"4480",5003,"Autonomous Province of Trento","ipsl-cm6a-lr","ssp126",NA,0.107369434226712,2.58638153076174
"4481",5004,"Autonomous Province of Trento","ipsl-cm6a-lr","ssp126",NA,0.119765573721712,2.58342786516465
"4482",5005,"Autonomous Province of Trento","ipsl-cm6a-lr","ssp126",NA,0.0760127365668138,1.63008488246375
"4483",5006,"Autonomous Province of Trento","ipsl-cm6a-lr","ssp126",NA,3.17589798994179,1.20237884521487
"4484",5007,"Autonomous Province of Trento","ipsl-cm6a-lr","ssp126",NA,0.322436778684018,-0.562145342145624
"4485",5008,"Autonomous Province of Trento","ipsl-cm6a-lr","ssp126",NA,12.3589462732915,0.973939514160183
"4486",5009,"Autonomous Province of Trento","ipsl-cm6a-lr","ssp126",NA,10.3350064928886,1.69521920340404
"4487",5010,"Autonomous Province of Trento","ipsl-cm6a-lr","ssp126",NA,0.91715501501832,0.0881188528878572
"4488",5011,"Autonomous Province of Trento","ipsl-cm6a-lr","ssp126",NA,0,0.129578072684173
"4489",5012,"Autonomous Province of Trento","ipsl-cm6a-lr","ssp126",NA,0.0291105764517852,-1.20321829659596
"4490",5013,"Autonomous Province of Trento","ipsl-cm6a-lr","ssp126",NA,0.0956065031979442,-1.3165823800223
"4491",5014,"Autonomous Province of Trento","ipsl-cm6a-lr","ssp126",NA,0.103350437010314,0.912488010951474
"4492",5015,"Autonomous Province of Trento","ipsl-cm6a-lr","ssp126",NA,0.0411499450560119,1.97324959891186
"4493",5016,"Autonomous Province of Trento","ipsl-cm6a-lr","ssp126",NA,1.01581764524131,2.10716618129187
"4494",5017,"Autonomous Province of Trento","ipsl-cm6a-lr","ssp126",NA,0.614025475533708,0.645339311872231
"4495",5018,"Autonomous Province of Trento","ipsl-cm6a-lr","ssp126",NA,2.73120900014224,1.77527770996096
"4496",5019,"Autonomous Province of Trento","ipsl-cm6a-lr","ssp126",NA,2.52610603036893,4.14447065080917
"4497",5020,"Autonomous Province of Trento","ipsl-cm6a-lr","ssp126",NA,0.0272238248986209,2.78314034598217
"4498",5021,"Autonomous Province of Trento","ipsl-cm6a-lr","ssp126",NA,0.0298485595262069,2.92169015066967
"4499",5022,"Autonomous Province of Trento","ipsl-cm6a-lr","ssp126",NA,0.091277967840142,4.12164786202569
"4500",5023,"Autonomous Province of Trento","ipsl-cm6a-lr","ssp126",NA,1.17580513719336,7.52253548758372
"4501",5024,"Autonomous Province of Trento","ipsl-cm6a-lr","ssp126",NA,0.152571631770115,7.26552734375
"4502",5025,"Autonomous Province of Trento","ipsl-cm6a-lr","ssp126",NA,0.271442969616536,6.06793147495817
"4503",5026,"Autonomous Province of Trento","ipsl-cm6a-lr","ssp126",NA,1.45899649942294,6.44652382986888
"4504",5027,"Autonomous Province of Trento","ipsl-cm6a-lr","ssp126",NA,0.554324744241188,7.96289978027348
"4505",5028,"Autonomous Province of Trento","ipsl-cm6a-lr","ssp126",NA,1.79979596159683,6.00796443394255
"4506",5029,"Autonomous Province of Trento","ipsl-cm6a-lr","ssp126",NA,5.05166662686471,11.9279244559152
"4507",5030,"Autonomous Province of Trento","ipsl-cm6a-lr","ssp126",NA,7.28932287706162,11.1280838012696
"4508",5031,"Autonomous Province of Trento","ipsl-cm6a-lr","ssp126",NA,2.64031266685509,10.2989255632673
"4509",5032,"Autonomous Province of Trento","ipsl-cm6a-lr","ssp126",NA,3.55198835178661,11.1614188058036
"4510",5033,"Autonomous Province of Trento","ipsl-cm6a-lr","ssp126",NA,1.31241538496657,13.6923440115793
"4511",5034,"Autonomous Province of Trento","ipsl-cm6a-lr","ssp126",NA,2.07292232034888,20.0562759399414
"4512",5035,"Autonomous Province of Trento","ipsl-cm6a-lr","ssp126",NA,0.6550092922745,13.3329820905413
"4513",5036,"Autonomous Province of Trento","ipsl-cm6a-lr","ssp126",NA,1.98049475542835,18.9988037109375
"4514",5037,"Autonomous Province of Trento","ipsl-cm6a-lr","ssp126",NA,2.40597551585649,18.7323787144252
"4515",5038,"Autonomous Province of Trento","ipsl-cm6a-lr","ssp126",NA,3.56785987670654,18.4607406616211
"4516",5039,"Autonomous Province of Trento","ipsl-cm6a-lr","ssp126",NA,1.48926209464792,19.4148607526507
"4517",5040,"Autonomous Province of Trento","ipsl-cm6a-lr","ssp126",NA,5.20023044368178,18.3668031964983
"4518",5041,"Autonomous Province of Trento","ipsl-cm6a-lr","ssp126",NA,6.28360246306069,18.284332711356
"4519",5042,"Autonomous Province of Trento","ipsl-cm6a-lr","ssp126",NA,3.27075626094354,19.16286076137
"4520",5043,"Autonomous Province of Trento","ipsl-cm6a-lr","ssp126",NA,3.3308244040979,19.7898106166295
"4521",5044,"Autonomous Province of Trento","ipsl-cm6a-lr","ssp126",NA,2.79002695390643,14.3858058384487
"4522",5045,"Autonomous Province of Trento","ipsl-cm6a-lr","ssp126",NA,1.42750456008279,18.1416564941407
"4523",5046,"Autonomous Province of Trento","ipsl-cm6a-lr","ssp126",NA,1.80924446475338,16.0071622576032
"4524",5047,"Autonomous Province of Trento","ipsl-cm6a-lr","ssp126",NA,0.435497746054482,12.9053948538644
"4525",5048,"Autonomous Province of Trento","ipsl-cm6a-lr","ssp126",NA,1.16857904327584,14.3856009347098
"4526",5049,"Autonomous Province of Trento","ipsl-cm6a-lr","ssp126",NA,6.67579624532664,14.0156123570034
"4527",5050,"Autonomous Province of Trento","ipsl-cm6a-lr","ssp126",NA,1.64538005761382,11.2747305733817
"4528",5051,"Autonomous Province of Trento","ipsl-cm6a-lr","ssp126",NA,1.07921656634582,10.7613431658064
"4529",5052,"Autonomous Province of Trento","ipsl-cm6a-lr","ssp126",NA,2.21566402489251,6.95628400530136
"4530",5053,"Autonomous Province of Trento","ipsl-cm6a-lr","ssp126",NA,2.36658265005514,2.63567504882815
"4531",5054,"Autonomous Province of Trento","ipsl-cm6a-lr","ssp126",NA,7.06257114683727,5.4104684012277
"4532",5055,"Autonomous Province of Trento","ipsl-cm6a-lr","ssp126",NA,0.214904349533234,5.22385450090683
"4533",5056,"Autonomous Province of Trento","ipsl-cm6a-lr","ssp126",NA,0.0134463033256387,5.59917820521766
"4534",5057,"Autonomous Province of Trento","ipsl-cm6a-lr","ssp126",NA,3.20329650244925,3.45660443987167
"4535",5058,"Autonomous Province of Trento","ipsl-cm6a-lr","ssp126",NA,1.93090071167847,1.38614807128908
"4536",5059,"Autonomous Province of Trento","ipsl-cm6a-lr","ssp126",NA,1.62136459231468,0.829594639369442
"4537",5060,"Autonomous Province of Trento","ipsl-cm6a-lr","ssp126",NA,2.17202534217254,1.27769186837335
"4538",5061,"Autonomous Province of Trento","ipsl-cm6a-lr","ssp126",NA,0.214960406784874,0.47854657854355
"4539",5062,"Autonomous Province of Trento","ipsl-cm6a-lr","ssp126",NA,1.13599579768301,-2.14798801967074
"4540",5063,"Autonomous Province of Trento","ipsl-cm6a-lr","ssp126",NA,0.0107233464275071,-4.0170343671526
"4541",5064,"Autonomous Province of Trento","ipsl-cm6a-lr","ssp126",NA,0.00358175338988075,-1.95808476039339
"4542",5065,"Autonomous Province of Trento","ipsl-cm6a-lr","ssp126",NA,1.04943678145771,-3.0259340558733
"4543",5066,"Autonomous Province of Trento","ipsl-cm6a-lr","ssp126",NA,1.13989839811828,1.81578434535437
"4544",5067,"Autonomous Province of Trento","ipsl-cm6a-lr","ssp126",NA,0.532518537550329,3.11116071428574
"4545",5068,"Autonomous Province of Trento","ipsl-cm6a-lr","ssp126",NA,1.00975671573126,3.25650068010605
"4546",5069,"Autonomous Province of Trento","ipsl-cm6a-lr","ssp126",NA,0.298998861360036,3.82102355957034
"4547",5070,"Autonomous Province of Trento","ipsl-cm6a-lr","ssp126",NA,1.33326383690604,2.40821337018697
"4548",5071,"Autonomous Province of Trento","ipsl-cm6a-lr","ssp126",NA,1.03299788050728,4.07439466203964
"4549",5072,"Autonomous Province of Trento","ipsl-cm6a-lr","ssp126",NA,0.0212600196391577,3.14648699079243
"4550",5073,"Autonomous Province of Trento","ipsl-cm6a-lr","ssp126",NA,0,3.75902165004188
"4551",5074,"Autonomous Province of Trento","ipsl-cm6a-lr","ssp126",NA,0.17512488633916,3.75344020298551
"4552",5075,"Autonomous Province of Trento","ipsl-cm6a-lr","ssp126",NA,0.133614674268756,4.03695504324779
"4553",5076,"Autonomous Province of Trento","ipsl-cm6a-lr","ssp126",NA,1.01866001724764,4.57264317103797
"4554",5077,"Autonomous Province of Trento","ipsl-cm6a-lr","ssp126",NA,1.30608118600191,6.90321393694199
"4555",5078,"Autonomous Province of Trento","ipsl-cm6a-lr","ssp126",NA,2.37551630042227,5.87570996965683
"4556",5079,"Autonomous Province of Trento","ipsl-cm6a-lr","ssp126",NA,3.97225225169677,7.80476422991074
"4557",5080,"Autonomous Province of Trento","ipsl-cm6a-lr","ssp126",NA,3.4027924739868,5.76550445556643
"4558",5081,"Autonomous Province of Trento","ipsl-cm6a-lr","ssp126",NA,4.56950502505476,5.5061944144113
"4559",5082,"Autonomous Province of Trento","ipsl-cm6a-lr","ssp126",NA,5.1411749682042,9.06923937116353
"4560",5083,"Autonomous Province of Trento","ipsl-cm6a-lr","ssp126",NA,2.42901783027004,10.2607001168387
"4561",5084,"Autonomous Province of Trento","ipsl-cm6a-lr","ssp126",NA,3.51157572467855,13.9827732631139
"4562",5085,"Autonomous Province of Trento","ipsl-cm6a-lr","ssp126",NA,1.43891143340755,15.0641712733678
"4563",5086,"Autonomous Province of Trento","ipsl-cm6a-lr","ssp126",NA,2.02552777159976,20.1054724557059
"4564",5087,"Autonomous Province of Trento","ipsl-cm6a-lr","ssp126",NA,3.70837227307805,21.7475034441267
"4565",5088,"Autonomous Province of Trento","ipsl-cm6a-lr","ssp126",NA,6.93100436889965,20.3088841029576
"4566",5089,"Autonomous Province of Trento","ipsl-cm6a-lr","ssp126",NA,2.16054218417412,20.3490801130023
"4567",5090,"Autonomous Province of Trento","ipsl-cm6a-lr","ssp126",NA,3.92593554109096,20.4872146606446
"4568",5091,"Autonomous Province of Trento","ipsl-cm6a-lr","ssp126",NA,8.11341275678257,16.9699471609933
"4569",5092,"Autonomous Province of Trento","ipsl-cm6a-lr","ssp126",NA,7.25866004452525,17.519792175293
"4570",5093,"Autonomous Province of Trento","ipsl-cm6a-lr","ssp126",NA,3.5622140794268,19.2643491472517
"4571",5094,"Autonomous Province of Trento","ipsl-cm6a-lr","ssp126",NA,2.30499224780942,18.4006144932338
"4572",5095,"Autonomous Province of Trento","ipsl-cm6a-lr","ssp126",NA,3.34872951916623,17.9058329990932
"4573",5096,"Autonomous Province of Trento","ipsl-cm6a-lr","ssp126",NA,0.0237657853826282,19.5768578665597
"4574",5097,"Autonomous Province of Trento","ipsl-cm6a-lr","ssp126",NA,0.620634869522162,20.3608947753907
"4575",5098,"Autonomous Province of Trento","ipsl-cm6a-lr","ssp126",NA,0.87264199584232,15.1187781197684
"4576",5099,"Autonomous Province of Trento","ipsl-cm6a-lr","ssp126",NA,0.210537827245259,12.1244478498187
"4577",5100,"Autonomous Province of Trento","ipsl-cm6a-lr","ssp126",NA,0.373645322919661,15.3578201293946
"4578",5101,"Autonomous Province of Trento","ipsl-cm6a-lr","ssp126",NA,4.19601669162668,13.6845424107143
"4579",5102,"Autonomous Province of Trento","ipsl-cm6a-lr","ssp126",NA,0.0536075929630898,13.118308367048
"4580",5103,"Autonomous Province of Trento","ipsl-cm6a-lr","ssp126",NA,0.219570122603077,11.0294215611049
"4581",5104,"Autonomous Province of Trento","ipsl-cm6a-lr","ssp126",NA,6.30971590492533,11.2085782732283
"4582",5105,"Autonomous Province of Trento","ipsl-cm6a-lr","ssp126",NA,1.23234546359267,8.24653669084824
"4583",5106,"Autonomous Province of Trento","ipsl-cm6a-lr","ssp126",NA,2.52287467479359,7.39256875174389
"4584",5107,"Autonomous Province of Trento","ipsl-cm6a-lr","ssp126",NA,4.01850340103919,3.98422611781531
"4585",5108,"Autonomous Province of Trento","ipsl-cm6a-lr","ssp126",NA,5.84035424559001,0.169848196847122
"4586",5109,"Autonomous Province of Trento","ipsl-cm6a-lr","ssp126",NA,11.1579934796152,3.39588753836498
"4587",5110,"Autonomous Province of Trento","ipsl-cm6a-lr","ssp126",NA,0.655752550405201,0.539465114048571
"4588",5111,"Autonomous Province of Trento","ipsl-cm6a-lr","ssp126",NA,1.74264980706929,0.687126595633395
"4589",5112,"Autonomous Province of Trento","ipsl-cm6a-lr","ssp126",NA,12.1840567792788,2.46116899762837
"4590",5113,"Autonomous Province of Trento","ipsl-cm6a-lr","ssp126",NA,4.08780499435254,2.41730869838172
"4591",5114,"Autonomous Province of Trento","ipsl-cm6a-lr","ssp126",NA,2.76113322973158,0.455642046247231
"4592",5115,"Autonomous Province of Trento","ipsl-cm6a-lr","ssp126",NA,0.22878293174082,1.83948233468194
"4593",5116,"Autonomous Province of Trento","ipsl-cm6a-lr","ssp126",NA,3.22745698391113,-0.126579938616052
"4594",5117,"Autonomous Province of Trento","ipsl-cm6a-lr","ssp126",NA,0.126078966085126,-1.4901412963867
"4595",5118,"Autonomous Province of Trento","ipsl-cm6a-lr","ssp126",NA,2.08165556874259,-1.43972298758368
"4596",5119,"Autonomous Province of Trento","ipsl-cm6a-lr","ssp126",NA,0.0706550660392428,-1.85809718540734
"4597",5120,"Autonomous Province of Trento","ipsl-cm6a-lr","ssp126",NA,0.032230942555803,-5.43805759974887
"4598",5121,"Autonomous Province of Trento","ipsl-cm6a-lr","ssp126",NA,4.08973287569876,-3.6456348964146
"4599",5122,"Autonomous Province of Trento","ipsl-cm6a-lr","ssp126",NA,3.23426979539363,-0.981917898995513
"4600",5123,"Autonomous Province of Trento","ipsl-cm6a-lr","ssp126",NA,3.436461968626,1.22463160923551
"4601",5124,"Autonomous Province of Trento","ipsl-cm6a-lr","ssp126",NA,5.93876588809508,3.62942221505303
"4602",5125,"Autonomous Province of Trento","ipsl-cm6a-lr","ssp126",NA,0.173385498185651,2.98287680489679
"4603",5126,"Autonomous Province of Trento","ipsl-cm6a-lr","ssp126",NA,1.04278516246268,0.975667027064753
"4604",5127,"Autonomous Province of Trento","ipsl-cm6a-lr","ssp126",NA,3.39409578404489,6.25474591936386
"4605",5128,"Autonomous Province of Trento","ipsl-cm6a-lr","ssp126",NA,0.79812311367797,6.66413596017022
"4606",5129,"Autonomous Province of Trento","ipsl-cm6a-lr","ssp126",NA,7.91844309995732,6.13887176513674
"4607",5130,"Autonomous Province of Trento","ipsl-cm6a-lr","ssp126",NA,2.52143996157039,4.07453308105471
"4608",5131,"Autonomous Province of Trento","ipsl-cm6a-lr","ssp126",NA,2.56999123786435,4.70803549630304
"4609",5132,"Autonomous Province of Trento","ipsl-cm6a-lr","ssp126",NA,4.81962561381286,4.96902182442804
"4610",5133,"Autonomous Province of Trento","ipsl-cm6a-lr","ssp126",NA,11.7598868852448,8.9262154715402
"4611",5134,"Autonomous Province of Trento","ipsl-cm6a-lr","ssp126",NA,4.45623774113691,8.95772051130022
"4612",5135,"Autonomous Province of Trento","ipsl-cm6a-lr","ssp126",NA,5.0092648331104,6.92739475795203
"4613",5136,"Autonomous Province of Trento","ipsl-cm6a-lr","ssp126",NA,0.142068287147725,10.5507653372628
"4614",5137,"Autonomous Province of Trento","ipsl-cm6a-lr","ssp126",NA,3.58340441058058,12.2212997436523
"4615",5138,"Autonomous Province of Trento","ipsl-cm6a-lr","ssp126",NA,1.70556598884234,13.0003644670759
"4616",5139,"Autonomous Province of Trento","ipsl-cm6a-lr","ssp126",NA,1.20752854615732,12.5980250767299
"4617",5140,"Autonomous Province of Trento","ipsl-cm6a-lr","ssp126",NA,5.86819405091644,13.7092692783901
"4618",5141,"Autonomous Province of Trento","ipsl-cm6a-lr","ssp126",NA,0.347302944244023,15.1028435843332
"4619",5142,"Autonomous Province of Trento","ipsl-cm6a-lr","ssp126",NA,1.93092347717538,18.3002421787807
"4620",5143,"Autonomous Province of Trento","ipsl-cm6a-lr","ssp126",NA,2.60713888157105,19.3247467041016
"4621",5144,"Autonomous Province of Trento","ipsl-cm6a-lr","ssp126",NA,2.62587912360946,19.489756338937
"4622",5145,"Autonomous Province of Trento","ipsl-cm6a-lr","ssp126",NA,2.49812051463647,15.3268916538784
"4623",5146,"Autonomous Province of Trento","ipsl-cm6a-lr","ssp126",NA,5.20191355392723,16.1661294119699
"4624",5147,"Autonomous Province of Trento","ipsl-cm6a-lr","ssp126",NA,2.45198251993445,15.9884026663644
"4625",5148,"Autonomous Province of Trento","ipsl-cm6a-lr","ssp126",NA,0.708701328585447,17.3934308733259
"4626",5149,"Autonomous Province of Trento","ipsl-cm6a-lr","ssp126",NA,3.78934685660559,15.2698412214007
"4627",5150,"Autonomous Province of Trento","ipsl-cm6a-lr","ssp126",NA,3.36147324231726,15.9865814208984
"4628",5151,"Autonomous Province of Trento","ipsl-cm6a-lr","ssp126",NA,4.05017896615131,11.1147508893695
"4629",5152,"Autonomous Province of Trento","ipsl-cm6a-lr","ssp126",NA,0.199266309963215,9.52679813929968
"4630",5153,"Autonomous Province of Trento","ipsl-cm6a-lr","ssp126",NA,0.661242471999555,10.654315839495
"4631",5154,"Autonomous Province of Trento","ipsl-cm6a-lr","ssp126",NA,0.00860915319468145,11.7022535051618
"4632",5155,"Autonomous Province of Trento","ipsl-cm6a-lr","ssp126",NA,11.9035697276039,10.8560893467495
"4633",5156,"Autonomous Province of Trento","ipsl-cm6a-lr","ssp126",NA,20.3007055506792,9.54803401402067
"4634",5157,"Autonomous Province of Trento","ipsl-cm6a-lr","ssp126",NA,14.9197756262895,11.1135225568499
"4635",5158,"Autonomous Province of Trento","ipsl-cm6a-lr","ssp126",NA,0,9.67269287109378
"4636",5159,"Autonomous Province of Trento","ipsl-cm6a-lr","ssp126",NA,0.142993995853301,4.53729182652067
"4637",5160,"Autonomous Province of Trento","ipsl-cm6a-lr","ssp126",NA,0.00369170833697092,2.44998430524555
"4638",5161,"Autonomous Province of Trento","ipsl-cm6a-lr","ssp126",NA,3.12730730981587,0.16880078996933
"4639",5162,"Autonomous Province of Trento","ipsl-cm6a-lr","ssp126",NA,1.69096085805255,3.61809147426063
"4640",5163,"Autonomous Province of Trento","ipsl-cm6a-lr","ssp126",NA,0.636081990783819,2.9532900129046
"4641",5164,"Autonomous Province of Trento","ipsl-cm6a-lr","ssp126",NA,1.08462823174185,1.60013187953406
"4642",5165,"Autonomous Province of Trento","ipsl-cm6a-lr","ssp126",NA,0.0189962139951864,-1.08430437360489
"4643",5166,"Autonomous Province of Trento","ipsl-cm6a-lr","ssp126",NA,0.207647128679257,-2.14281420026505
"4644",5167,"Autonomous Province of Trento","ipsl-cm6a-lr","ssp126",NA,1.29815516996002,-1.44327828543525
"4645",5168,"Autonomous Province of Trento","ipsl-cm6a-lr","ssp126",NA,0.00397612322038705,-2.04391762869697
"4646",5169,"Autonomous Province of Trento","ipsl-cm6a-lr","ssp126",NA,0.839900632568709,-2.47490975516181
"4647",5170,"Autonomous Province of Trento","ipsl-cm6a-lr","ssp126",NA,0.0895432874910642,-0.77434387207029
"4648",5171,"Autonomous Province of Trento","ipsl-cm6a-lr","ssp126",NA,4.15031038119196,-2.16035962785991
"4649",5172,"Autonomous Province of Trento","ipsl-cm6a-lr","ssp126",NA,2.52462359256762,-4.90963483537944
"4650",5173,"Autonomous Province of Trento","ipsl-cm6a-lr","ssp126",NA,0.415304404045206,-1.14215698242185
"4651",5174,"Autonomous Province of Trento","ipsl-cm6a-lr","ssp126",NA,0.541546255603212,0.0391087123326109
"4652",5175,"Autonomous Province of Trento","ipsl-cm6a-lr","ssp126",NA,0.0982049351607983,4.09331447056364
"4653",5176,"Autonomous Province of Trento","ipsl-cm6a-lr","ssp126",NA,0.80146161635639,4.29703674316409
"4654",5177,"Autonomous Province of Trento","ipsl-cm6a-lr","ssp126",NA,5.29381631161284,-0.753270394461475
"4655",5178,"Autonomous Province of Trento","ipsl-cm6a-lr","ssp126",NA,3.34837708352487,1.88372410365516
"4656",5179,"Autonomous Province of Trento","ipsl-cm6a-lr","ssp126",NA,2.28501307476888,4.34739074707034
"4657",5180,"Autonomous Province of Trento","ipsl-cm6a-lr","ssp126",NA,4.73508765066332,4.22422507149835
"4658",5181,"Autonomous Province of Trento","ipsl-cm6a-lr","ssp126",NA,2.1264267018913,6.99382716587614
"4659",5182,"Autonomous Province of Trento","ipsl-cm6a-lr","ssp126",NA,2.32455651629217,7.57618103027345
"4660",5183,"Autonomous Province of Trento","ipsl-cm6a-lr","ssp126",NA,0.151631624248694,8.91234959193639
"4661",5184,"Autonomous Province of Trento","ipsl-cm6a-lr","ssp126",NA,15.4590382441841,8.71014447893417
"4662",5185,"Autonomous Province of Trento","ipsl-cm6a-lr","ssp126",NA,2.30499320094688,7.22831442696708
"4663",5186,"Autonomous Province of Trento","ipsl-cm6a-lr","ssp126",NA,2.7579846469702,8.4617869785854
"4664",5187,"Autonomous Province of Trento","ipsl-cm6a-lr","ssp126",NA,8.24632230683815,9.50033394949777
"4665",5188,"Autonomous Province of Trento","ipsl-cm6a-lr","ssp126",NA,1.77151873563812,12.3862723214286
"4666",5189,"Autonomous Province of Trento","ipsl-cm6a-lr","ssp126",NA,2.34779271752684,20.6372608729772
"4667",5190,"Autonomous Province of Trento","ipsl-cm6a-lr","ssp126",NA,0.515623539104126,16.9828125
"4668",5191,"Autonomous Province of Trento","ipsl-cm6a-lr","ssp126",NA,0.08953986258088,17.4137588500977
"4669",5192,"Autonomous Province of Trento","ipsl-cm6a-lr","ssp126",NA,6.52054944824028,17.4394938877651
"4670",5193,"Autonomous Province of Trento","ipsl-cm6a-lr","ssp126",NA,4.00438593003075,16.9024586268834
"4671",5194,"Autonomous Province of Trento","ipsl-cm6a-lr","ssp126",NA,2.91316874887083,19.5258357456752
"4672",5195,"Autonomous Province of Trento","ipsl-cm6a-lr","ssp126",NA,7.66397848463904,18.2569017682757
"4673",5196,"Autonomous Province of Trento","ipsl-cm6a-lr","ssp126",NA,4.56777135116551,15.6123661586217
"4674",5197,"Autonomous Province of Trento","ipsl-cm6a-lr","ssp126",NA,0.224742047443475,17.8575977870397
"4675",5198,"Autonomous Province of Trento","ipsl-cm6a-lr","ssp126",NA,3.6771783903792,17.8662909371512
"4676",5199,"Autonomous Province of Trento","ipsl-cm6a-lr","ssp126",NA,1.44216952804917,17.8957262311663
"4677",5200,"Autonomous Province of Trento","ipsl-cm6a-lr","ssp126",NA,2.9542831994669,17.4216225760324
"4678",5201,"Autonomous Province of Trento","ipsl-cm6a-lr","ssp126",NA,3.66673986155937,16.477430507115
"4679",5202,"Autonomous Province of Trento","ipsl-cm6a-lr","ssp126",NA,1.43010305483975,14.1837478637695
"4680",5203,"Autonomous Province of Trento","ipsl-cm6a-lr","ssp126",NA,4.4867253331956,12.8276382446289
"4681",5204,"Autonomous Province of Trento","ipsl-cm6a-lr","ssp126",NA,0.514827937695372,12.5647347586496
"4682",5205,"Autonomous Province of Trento","ipsl-cm6a-lr","ssp126",NA,5.16369231752054,12.8672271728516
"4683",5206,"Autonomous Province of Trento","ipsl-cm6a-lr","ssp126",NA,8.09120614150223,10.1215268816267
"4684",5207,"Autonomous Province of Trento","ipsl-cm6a-lr","ssp126",NA,1.75290001809896,9.12465057373049
"4685",5208,"Autonomous Province of Trento","ipsl-cm6a-lr","ssp126",NA,2.37765825672146,11.6023193359375
"4686",5209,"Autonomous Province of Trento","ipsl-cm6a-lr","ssp126",NA,7.5953536796078,8.88074210030694
"4687",5210,"Autonomous Province of Trento","ipsl-cm6a-lr","ssp126",NA,4.49962798894765,5.2203809465681
"4688",5211,"Autonomous Province of Trento","ipsl-cm6a-lr","ssp126",NA,12.863172840194,6.14352896554132
"4689",5212,"Autonomous Province of Trento","ipsl-cm6a-lr","ssp126",NA,5.83519385943094,5.9982598440988
"4690",5213,"Autonomous Province of Trento","ipsl-cm6a-lr","ssp126",NA,1.32454047946209,0.038877650669664
"4691",5214,"Autonomous Province of Trento","ipsl-cm6a-lr","ssp126",NA,9.6597405880987,1.13362819126676
"4692",5215,"Autonomous Province of Trento","ipsl-cm6a-lr","ssp126",NA,8.27801077736824,1.3208208356585
"4693",5216,"Autonomous Province of Trento","ipsl-cm6a-lr","ssp126",NA,0.939533064891813,2.05570264543808
"4694",5217,"Autonomous Province of Trento","ipsl-cm6a-lr","ssp126",NA,6.47710717322687,1.88821454729355
"4695",5218,"Autonomous Province of Trento","ipsl-cm6a-lr","ssp126",NA,4.46319661277812,2.10106702532089
"4696",5219,"Autonomous Province of Trento","ipsl-cm6a-lr","ssp126",NA,2.40531029537253,-0.408411952427432
"4697",5220,"Autonomous Province of Trento","ipsl-cm6a-lr","ssp126",NA,0.987032796937065,-1.34077192034038
"4698",5221,"Autonomous Province of Trento","ipsl-cm6a-lr","ssp126",NA,0.0378916736086207,0.148907688685849
"4699",5222,"Autonomous Province of Trento","ipsl-cm6a-lr","ssp126",NA,0.792493399058004,-1.22527705601281
"4700",5223,"Autonomous Province of Trento","ipsl-cm6a-lr","ssp126",NA,5.15434373137396,2.14151262555806
"4701",5224,"Autonomous Province of Trento","ipsl-cm6a-lr","ssp126",NA,0.0107306417703512,-4.47205854143413
"4702",5225,"Autonomous Province of Trento","ipsl-cm6a-lr","ssp126",NA,4.68367332661208,0.805938066755042
"4703",5226,"Autonomous Province of Trento","ipsl-cm6a-lr","ssp126",NA,2.89913921452743,-3.0668515886579
"4704",5227,"Autonomous Province of Trento","ipsl-cm6a-lr","ssp126",NA,0.645972061790547,-1.19018620082308
"4705",5228,"Autonomous Province of Trento","ipsl-cm6a-lr","ssp126",NA,3.33184714444152,2.08189217703686
"4706",5229,"Autonomous Province of Trento","ipsl-cm6a-lr","ssp126",NA,0.17721428256274,2.4773618425642
"4707",5230,"Autonomous Province of Trento","ipsl-cm6a-lr","ssp126",NA,0.99626979198157,5.06224212646487
"4708",5231,"Autonomous Province of Trento","ipsl-cm6a-lr","ssp126",NA,2.16372870475295,-2.8985656738281
"4709",5232,"Autonomous Province of Trento","ipsl-cm6a-lr","ssp126",NA,0.151827816443984,-1.27571716308591
