"","Week_index","Region","gcm","ssp","value","pr","tas"
"1",732,"Tirane","mri-esm2-0","ssp370",0,4.24507201766703,9.06183994838172
"2",733,"Tirane","mri-esm2-0","ssp370",0,1.73305001745965,7.38891645159043
"3",734,"Tirane","mri-esm2-0","ssp370",0,0.737932127698771,6.97822614397323
"4",735,"Tirane","mri-esm2-0","ssp370",0,4.0942661830091,5.0562443324498
"5",736,"Tirane","mri-esm2-0","ssp370",0,1.841666342807,7.54905090332034
"6",737,"Tirane","mri-esm2-0","ssp370",0,1.40189978701528,9.58753138950896
"7",738,"Tirane","mri-esm2-0","ssp370",0,3.49982563732607,8.75974208286833
"8",739,"Tirane","mri-esm2-0","ssp370",0,0.706377263746357,10.0100973946708
"9",740,"Tirane","mri-esm2-0","ssp370",0,3.68620964384588,10.108054460798
"10",741,"Tirane","mri-esm2-0","ssp370",NA,2.02198421071184,10.7674368722098
"11",742,"Tirane","mri-esm2-0","ssp370",NA,0.96551385998152,10.7909266880581
"12",743,"Tirane","mri-esm2-0","ssp370",NA,16.8523349865739,12.9347364153181
"13",744,"Tirane","mri-esm2-0","ssp370",NA,1.30000918683696,11.4187430245536
"14",745,"Tirane","mri-esm2-0","ssp370",NA,1.22941757196843,13.1523398263114
"15",746,"Tirane","mri-esm2-0","ssp370",NA,7.52985821673064,13.7836656842913
"16",747,"Tirane","mri-esm2-0","ssp370",NA,4.6020160223374,14.6000675746373
"17",748,"Tirane","mri-esm2-0","ssp370",NA,1.43713680653101,19.083167375837
"18",749,"Tirane","mri-esm2-0","ssp370",NA,2.07541644672996,15.1267682756697
"19",750,"Tirane","mri-esm2-0","ssp370",NA,0,18.5435315813337
"20",751,"Tirane","mri-esm2-0","ssp370",NA,3.40086053417638,20.5970354352678
"21",752,"Tirane","mri-esm2-0","ssp370",0,2.11673094288146,18.7221422467913
"22",753,"Tirane","mri-esm2-0","ssp370",10,4.11133616128479,19.2814684186663
"23",754,"Tirane","mri-esm2-0","ssp370",0,3.70329603839699,18.3669503348214
"24",755,"Tirane","mri-esm2-0","ssp370",43.5,2.95555240424749,19.2191101074218
"25",756,"Tirane","mri-esm2-0","ssp370",37.5,1.08453924055668,20.5535239083426
"26",757,"Tirane","mri-esm2-0","ssp370",26,0,22.9248617989676
"27",758,"Tirane","mri-esm2-0","ssp370",26,0.334346690734882,25.1719778878348
"28",759,"Tirane","mri-esm2-0","ssp370",281,0.872623205317985,23.3806483677456
"29",760,"Tirane","mri-esm2-0","ssp370",542.5,0,25.0259185791016
"30",761,"Tirane","mri-esm2-0","ssp370",295,0,26.5859575544085
"31",762,"Tirane","mri-esm2-0","ssp370",68,0,26.9640638078962
"32",763,"Tirane","mri-esm2-0","ssp370",640.5,0,27.787979561942
"33",764,"Tirane","mri-esm2-0","ssp370",680.25,0,27.2750095912388
"34",765,"Tirane","mri-esm2-0","ssp370",701,1.85586630879178,26.1277862548828
"35",766,"Tirane","mri-esm2-0","ssp370",1047.5,1.1564810803975,24.1898917061942
"36",767,"Tirane","mri-esm2-0","ssp370",221,0.41802645095491,24.4713095528739
"37",768,"Tirane","mri-esm2-0","ssp370",260,0.506989366840571,25.1475703648158
"38",769,"Tirane","mri-esm2-0","ssp370",321.5,0,23.5520830426898
"39",770,"Tirane","mri-esm2-0","ssp370",310,0.0088695337191374,24.585092163086
"40",771,"Tirane","mri-esm2-0","ssp370",224.5,0,22.80556640625
"41",772,"Tirane","mri-esm2-0","ssp370",433.5,0.266165473138763,20.2306370326451
"42",773,"Tirane","mri-esm2-0","ssp370",337.75,0.761520165750491,18.078273664202
"43",774,"Tirane","mri-esm2-0","ssp370",166.5,2.1005623295423,16.7855773925782
"44",775,"Tirane","mri-esm2-0","ssp370",14,8.99467023118632,16.2181204659598
"45",776,"Tirane","mri-esm2-0","ssp370",7,0,11.444713483538
"46",777,"Tirane","mri-esm2-0","ssp370",7,1.37818651785763,13.8312883649554
"47",778,"Tirane","mri-esm2-0","ssp370",7,1.45374595530094,12.926889038086
"48",779,"Tirane","mri-esm2-0","ssp370",7,1.53058865112793,12.7490827287947
"49",780,"Tirane","mri-esm2-0","ssp370",0,2.79823208942877,8.51442653111052
"50",781,"Tirane","mri-esm2-0","ssp370",0,1.33822889303182,8.758687046596
"51",782,"Tirane","mri-esm2-0","ssp370",0,3.66287961452534,9.3812935965402
"52",783,"Tirane","mri-esm2-0","ssp370",0,0.313516382785955,8.21159406389511
"53",784,"Tirane","mri-esm2-0","ssp370",NA,2.15752399040607,9.44291076660159
"54",785,"Tirane","mri-esm2-0","ssp370",NA,7.83359151038375,9.39025050571989
"55",786,"Tirane","mri-esm2-0","ssp370",NA,1.3492150015996,8.84078369140628
"56",787,"Tirane","mri-esm2-0","ssp370",NA,0,4.39942321777346
"57",788,"Tirane","mri-esm2-0","ssp370",NA,0.631477126600138,6.33958042689735
"58",789,"Tirane","mri-esm2-0","ssp370",NA,0.143551848928577,2.05063345772882
"59",790,"Tirane","mri-esm2-0","ssp370",NA,0,2.46052158900672
"60",791,"Tirane","mri-esm2-0","ssp370",NA,1.07639920393662,7.945698765346
"61",792,"Tirane","mri-esm2-0","ssp370",NA,7.39037097248781,10.212038748605
"62",793,"Tirane","mri-esm2-0","ssp370",NA,1.58080349501688,10.2165684291295
"63",794,"Tirane","mri-esm2-0","ssp370",NA,1.68014936623097,13.5537440708706
"64",795,"Tirane","mri-esm2-0","ssp370",NA,3.51120365412499,13.161998639788
"65",796,"Tirane","mri-esm2-0","ssp370",NA,4.39590765953263,13.2045488630023
"66",797,"Tirane","mri-esm2-0","ssp370",NA,0.876581229801689,12.2063886369978
"67",798,"Tirane","mri-esm2-0","ssp370",NA,0.588093674585772,12.1647800990513
"68",799,"Tirane","mri-esm2-0","ssp370",NA,4.56248638885361,13.7106698172433
"69",800,"Tirane","mri-esm2-0","ssp370",NA,1.97014356059039,17.7236310686384
"70",801,"Tirane","mri-esm2-0","ssp370",NA,3.93538821496935,17.7961321149554
"71",802,"Tirane","mri-esm2-0","ssp370",NA,4.15995047023898,17.8201189313616
"72",803,"Tirane","mri-esm2-0","ssp370",NA,0.126379755498159,17.5803161621094
"73",804,"Tirane","mri-esm2-0","ssp370",NA,0.727333787861945,21.8749677385603
"74",805,"Tirane","mri-esm2-0","ssp370",NA,3.81720404958677,22.1747310093471
"75",806,"Tirane","mri-esm2-0","ssp370",NA,0.54811670145552,21.2123766217913
"76",807,"Tirane","mri-esm2-0","ssp370",NA,0.0159402392195521,22.0472917829241
"77",808,"Tirane","mri-esm2-0","ssp370",NA,2.88372345629406,22.8289101736886
"78",809,"Tirane","mri-esm2-0","ssp370",NA,3.02551223877735,22.2785932268416
"79",810,"Tirane","mri-esm2-0","ssp370",NA,0.763243993943824,25.2283285958427
"80",811,"Tirane","mri-esm2-0","ssp370",NA,2.41220646831996,22.8899496895927
"81",812,"Tirane","mri-esm2-0","ssp370",NA,0.614460803964383,25.0986288888114
"82",813,"Tirane","mri-esm2-0","ssp370",NA,0.056419922371528,28.3141483851841
"83",814,"Tirane","mri-esm2-0","ssp370",NA,1.76799462128007,26.7672951834543
"84",815,"Tirane","mri-esm2-0","ssp370",NA,3.60504437178731,27.3599269321987
"85",816,"Tirane","mri-esm2-0","ssp370",NA,0,28.3034519740513
"86",817,"Tirane","mri-esm2-0","ssp370",NA,2.41767425411256,26.1132468087333
"87",818,"Tirane","mri-esm2-0","ssp370",NA,11.6155790148436,22.0891335623605
"88",819,"Tirane","mri-esm2-0","ssp370",NA,6.30612471452748,22.3024863106864
"89",820,"Tirane","mri-esm2-0","ssp370",NA,2.1949657505112,23.2176016671317
"90",821,"Tirane","mri-esm2-0","ssp370",NA,4.52435250923113,21.9433816092355
"91",822,"Tirane","mri-esm2-0","ssp370",NA,3.2967889997443,21.4279789515904
"92",823,"Tirane","mri-esm2-0","ssp370",NA,2.79246090212837,16.7681540352958
"93",824,"Tirane","mri-esm2-0","ssp370",NA,3.79873248706904,18.0825504847936
"94",825,"Tirane","mri-esm2-0","ssp370",NA,8.04483606396908,16.196178327288
"95",826,"Tirane","mri-esm2-0","ssp370",NA,8.1387737273222,15.2480625697545
"96",827,"Tirane","mri-esm2-0","ssp370",NA,6.99780067391527,14.0530835832868
"97",828,"Tirane","mri-esm2-0","ssp370",NA,0,15.8969033377511
"98",829,"Tirane","mri-esm2-0","ssp370",NA,1.53670762520051,14.1569937569754
"99",830,"Tirane","mri-esm2-0","ssp370",NA,8.64111422639066,13.0087524414062
"100",831,"Tirane","mri-esm2-0","ssp370",NA,4.99315436255918,11.7634259905134
"101",832,"Tirane","mri-esm2-0","ssp370",NA,1.77104135374456,11.9284519740514
"102",833,"Tirane","mri-esm2-0","ssp370",NA,2.65042595269083,10.3003021240234
"103",834,"Tirane","mri-esm2-0","ssp370",NA,0.415146313025616,6.76507393973217
"104",835,"Tirane","mri-esm2-0","ssp370",NA,3.07942026473548,8.82186497279578
"105",836,"Tirane","mri-esm2-0","ssp370",0,11.0388725958598,9.31845354352681
"106",837,"Tirane","mri-esm2-0","ssp370",0,2.61832246324047,7.86916285923551
"107",838,"Tirane","mri-esm2-0","ssp370",0,2.07769879312504,7.9963078090123
"108",839,"Tirane","mri-esm2-0","ssp370",0,1.94833099625871,6.08144967215404
"109",840,"Tirane","mri-esm2-0","ssp370",0,8.11522240172573,7.96422511509489
"110",841,"Tirane","mri-esm2-0","ssp370",0,18.3260681290579,10.649076625279
"111",842,"Tirane","mri-esm2-0","ssp370",0,2.64949446552366,8.64597691127235
"112",843,"Tirane","mri-esm2-0","ssp370",0,6.16954816684613,10.0385223388672
"113",844,"Tirane","mri-esm2-0","ssp370",NA,7.17179839224887,11.1462537493025
"114",845,"Tirane","mri-esm2-0","ssp370",NA,10.2705842680475,11.0438868931362
"115",846,"Tirane","mri-esm2-0","ssp370",NA,10.671549525588,11.7662227085658
"116",847,"Tirane","mri-esm2-0","ssp370",NA,2.0259976539819,10.647842843192
"117",848,"Tirane","mri-esm2-0","ssp370",NA,3.65657300603094,12.948852975028
"118",849,"Tirane","mri-esm2-0","ssp370",NA,0.147525383207332,13.6198909214565
"119",850,"Tirane","mri-esm2-0","ssp370",NA,0.524921420583269,14.7698259626116
"120",851,"Tirane","mri-esm2-0","ssp370",NA,5.08318778967286,11.9876517159598
"121",852,"Tirane","mri-esm2-0","ssp370",NA,1.91333306655517,14.6015542166573
"122",853,"Tirane","mri-esm2-0","ssp370",NA,3.28182699387461,14.9539668491909
"123",854,"Tirane","mri-esm2-0","ssp370",0,0.395125961430105,18.3573787144253
"124",855,"Tirane","mri-esm2-0","ssp370",0,3.52022828228655,15.7197771344866
"125",856,"Tirane","mri-esm2-0","ssp370",0,0,19.1261993408203
"126",857,"Tirane","mri-esm2-0","ssp370",0,0.302221062676316,19.5956861223493
"127",858,"Tirane","mri-esm2-0","ssp370",4.5,0.059837883106541,25.1587594168527
"128",859,"Tirane","mri-esm2-0","ssp370",30.5,3.92015507324167,21.2147940499442
"129",860,"Tirane","mri-esm2-0","ssp370",21,0.160532660265744,23.9798195975168
"130",861,"Tirane","mri-esm2-0","ssp370",67.5,0,23.8929404122489
"131",862,"Tirane","mri-esm2-0","ssp370",188.5,0,27.2234501429967
"132",863,"Tirane","mri-esm2-0","ssp370",241.5,0,24.6535605294364
"133",864,"Tirane","mri-esm2-0","ssp370",102,0.0125569408347864,26.4957257952009
"134",865,"Tirane","mri-esm2-0","ssp370",122,2.62420202686502,23.9863242013114
"135",866,"Tirane","mri-esm2-0","ssp370",211,0.507894742882595,25.0653712681362
"136",867,"Tirane","mri-esm2-0","ssp370",184.5,0,29.5396623883929
"137",868,"Tirane","mri-esm2-0","ssp370",736.25,0,28.4714577811106
"138",869,"Tirane","mri-esm2-0","ssp370",328,0,26.9098515101842
"139",870,"Tirane","mri-esm2-0","ssp370",185,0.586854531346554,24.941790335519
"140",871,"Tirane","mri-esm2-0","ssp370",408.5,2.43608086436455,23.5891836983817
"141",872,"Tirane","mri-esm2-0","ssp370",263.5,0.0488614742997534,23.0263632638114
"142",873,"Tirane","mri-esm2-0","ssp370",141.25,0.969096431799698,20.706693812779
"143",874,"Tirane","mri-esm2-0","ssp370",132.5,14.7145081236626,21.572660609654
"144",875,"Tirane","mri-esm2-0","ssp370",260,0,21.5712938581194
"145",876,"Tirane","mri-esm2-0","ssp370",40.5,0.52279928266736,18.4114057268416
"146",877,"Tirane","mri-esm2-0","ssp370",82.5,2.12092448948949,14.873930140904
"147",878,"Tirane","mri-esm2-0","ssp370",240,10.3051084228354,15.3912074497768
"148",879,"Tirane","mri-esm2-0","ssp370",46.3,1.78813013938322,15.750621686663
"149",880,"Tirane","mri-esm2-0","ssp370",46.3,16.1520030657163,15.4990020751953
"150",881,"Tirane","mri-esm2-0","ssp370",46.3,6.92499470148634,11.055049787249
"151",882,"Tirane","mri-esm2-0","ssp370",46.3,6.28221786480155,12.8742658342635
"152",883,"Tirane","mri-esm2-0","ssp370",46.3,8.90595692575776,11.0857570103237
"153",884,"Tirane","mri-esm2-0","ssp370",0,0.545054335712588,8.78555123465404
"154",885,"Tirane","mri-esm2-0","ssp370",0,0.892996281618252,11.6297154017857
"155",886,"Tirane","mri-esm2-0","ssp370",0,5.59006283334123,10.4738228934152
"156",887,"Tirane","mri-esm2-0","ssp370",0,1.48169243870403,10.6249590192523
"157",888,"Tirane","mri-esm2-0","ssp370",NA,0.922939219994337,3.93284650530137
"158",889,"Tirane","mri-esm2-0","ssp370",0,3.80859347036936,7.43707318987168
"159",890,"Tirane","mri-esm2-0","ssp370",0,5.01762301261936,4.915911429269
"160",891,"Tirane","mri-esm2-0","ssp370",0,1.44386363182483,7.26463579450337
"161",892,"Tirane","mri-esm2-0","ssp370",0,3.83676450832614,7.35040108816967
"162",893,"Tirane","mri-esm2-0","ssp370",0,0.437637679611465,4.24578247070315
"163",894,"Tirane","mri-esm2-0","ssp370",0,0,1.71191667829243
"164",895,"Tirane","mri-esm2-0","ssp370",0,3.39808389076746,7.92385253906252
"165",896,"Tirane","mri-esm2-0","ssp370",0,6.4095448558094,7.29521658761163
"166",897,"Tirane","mri-esm2-0","ssp370",NA,6.63913085549471,8.83382132393976
"167",898,"Tirane","mri-esm2-0","ssp370",NA,0.475244149025197,8.84949645996096
"168",899,"Tirane","mri-esm2-0","ssp370",NA,1.62131541785909,11.4306666782925
"169",900,"Tirane","mri-esm2-0","ssp370",NA,0.194826472215937,11.4929138183594
"170",901,"Tirane","mri-esm2-0","ssp370",NA,2.17073548304013,12.6565076555524
"171",902,"Tirane","mri-esm2-0","ssp370",NA,5.29742282482662,12.7822466169085
"172",903,"Tirane","mri-esm2-0","ssp370",NA,1.25100678290307,14.6093841552735
"173",904,"Tirane","mri-esm2-0","ssp370",NA,8.2080087788719,15.5000483921597
"174",905,"Tirane","mri-esm2-0","ssp370",NA,1.11206143290993,14.1259116036552
"175",906,"Tirane","mri-esm2-0","ssp370",NA,0.196224688729022,16.4149653843472
"176",907,"Tirane","mri-esm2-0","ssp370",NA,1.4804854839375,17.5236014229911
"177",908,"Tirane","mri-esm2-0","ssp370",NA,4.67630848787459,18.6195683070591
"178",909,"Tirane","mri-esm2-0","ssp370",NA,0,20.9655482700893
"179",910,"Tirane","mri-esm2-0","ssp370",18.5,2.71255405075083,19.2858869280134
"180",911,"Tirane","mri-esm2-0","ssp370",28,0.161122799337525,21.8810843331473
"181",912,"Tirane","mri-esm2-0","ssp370",78,0.457149530796284,22.2400538853237
"182",913,"Tirane","mri-esm2-0","ssp370",125.5,0.720582355695244,22.419316319057
"183",914,"Tirane","mri-esm2-0","ssp370",76.25,1.72998404263386,23.20326058524
"184",915,"Tirane","mri-esm2-0","ssp370",29.5,0,24.5679260253906
"185",916,"Tirane","mri-esm2-0","ssp370",37.5,0,29.1751146589007
"186",917,"Tirane","mri-esm2-0","ssp370",203.5,0.436111573591396,26.9961247035436
"187",918,"Tirane","mri-esm2-0","ssp370",228.5,1.00683560657282,27.1535910470146
"188",919,"Tirane","mri-esm2-0","ssp370",93.5,0.306015510951901,27.5234204973493
"189",920,"Tirane","mri-esm2-0","ssp370",58,0.339432834256773,27.8115652901786
"190",921,"Tirane","mri-esm2-0","ssp370",53,1.26546092542412,24.8524588448661
"191",922,"Tirane","mri-esm2-0","ssp370",30.5,0.738033309711941,26.1144304547992
"192",923,"Tirane","mri-esm2-0","ssp370",45.5,0,25.0235491071428
"193",924,"Tirane","mri-esm2-0","ssp370",41.75,3.13474058431374,23.1969957624163
"194",925,"Tirane","mri-esm2-0","ssp370",15.5,0.181791908835294,25.2871446881976
"195",926,"Tirane","mri-esm2-0","ssp370",23.5,0,24.7892373221261
"196",927,"Tirane","mri-esm2-0","ssp370",21.5,3.02848201161916,22.7471949986049
"197",928,"Tirane","mri-esm2-0","ssp370",58,0.684515606345875,20.7497584751675
"198",929,"Tirane","mri-esm2-0","ssp370",43.5,0.17109306895041,19.1569000244141
"199",930,"Tirane","mri-esm2-0","ssp370",71.5,0.0590028792690388,19.2013619559152
"200",931,"Tirane","mri-esm2-0","ssp370",0,1.56125911578004,12.9656899588449
"201",932,"Tirane","mri-esm2-0","ssp370",1.2,11.1817557204631,15.2173880440848
"202",933,"Tirane","mri-esm2-0","ssp370",1.2,19.8123321868479,11.464000592913
"203",934,"Tirane","mri-esm2-0","ssp370",1.2,0.229335220345612,13.5471370152065
"204",935,"Tirane","mri-esm2-0","ssp370",1.2,0,9.78188912527905
"205",936,"Tirane","mri-esm2-0","ssp370",1.2,10.0896496195284,9.41849016462056
"206",937,"Tirane","mri-esm2-0","ssp370",0,11.4032206522617,8.66365530831476
"207",938,"Tirane","mri-esm2-0","ssp370",0,2.05551458306477,4.75007237025672
"208",939,"Tirane","mri-esm2-0","ssp370",0,0,4.78435886928015
"209",940,"Tirane","mri-esm2-0","ssp370",0,0.132431490055751,7.94538705008373
"210",941,"Tirane","mri-esm2-0","ssp370",0,0,8.17053484235494
"211",942,"Tirane","mri-esm2-0","ssp370",0,0,6.06235438755582
"212",943,"Tirane","mri-esm2-0","ssp370",0,0.17854486806235,8.25865216936386
"213",944,"Tirane","mri-esm2-0","ssp370",0,0.379072802960373,10.2387612479074
"214",945,"Tirane","mri-esm2-0","ssp370",0,5.79338133019129,7.43024161202569
"215",946,"Tirane","mri-esm2-0","ssp370",0,9.69192950911485,3.95175650460382
"216",947,"Tirane","mri-esm2-0","ssp370",0,3.1931162928231,4.38620692661832
"217",948,"Tirane","mri-esm2-0","ssp370",0,1.33399668349219,7.75368652343752
"218",949,"Tirane","mri-esm2-0","ssp370",0,1.3336785397509,7.5539010184152
"219",950,"Tirane","mri-esm2-0","ssp370",NA,5.20475151736589,7.94792872837614
"220",951,"Tirane","mri-esm2-0","ssp370",NA,2.73846897762269,10.3739846365793
"221",952,"Tirane","mri-esm2-0","ssp370",NA,5.72665331500113,13.9202907017299
"222",953,"Tirane","mri-esm2-0","ssp370",NA,1.81642000555127,12.5306379045759
"223",954,"Tirane","mri-esm2-0","ssp370",NA,5.89997414998444,13.2624080113002
"224",955,"Tirane","mri-esm2-0","ssp370",NA,3.38836723780592,12.6840584891183
"225",956,"Tirane","mri-esm2-0","ssp370",NA,0.840102887845465,12.9076084681919
"226",957,"Tirane","mri-esm2-0","ssp370",NA,0.0356195528313817,18.8484806605748
"227",958,"Tirane","mri-esm2-0","ssp370",0,1.57946959932036,18.2671600341798
"228",959,"Tirane","mri-esm2-0","ssp370",6.5,0.917917052096788,17.2430903843471
"229",960,"Tirane","mri-esm2-0","ssp370",8.5,0,19.7332680838449
"230",961,"Tirane","mri-esm2-0","ssp370",45,0,22.1624171665737
"231",962,"Tirane","mri-esm2-0","ssp370",83.25,0.0488695386073752,27.6919625418527
"232",963,"Tirane","mri-esm2-0","ssp370",108.25,0.111708390249987,22.3304425920759
"233",964,"Tirane","mri-esm2-0","ssp370",86.5,2.33308810753183,22.6081111363003
"234",965,"Tirane","mri-esm2-0","ssp370",69,2.9203786994393,23.288720703125
"235",966,"Tirane","mri-esm2-0","ssp370",59,0.878988555424649,25.1623277936663
"236",967,"Tirane","mri-esm2-0","ssp370",96,1.32155283801175,25.6020664760045
"237",968,"Tirane","mri-esm2-0","ssp370",116,0.057330178814092,26.3972499302456
"238",969,"Tirane","mri-esm2-0","ssp370",149.5,0.0072405281441336,26.8165941510882
"239",970,"Tirane","mri-esm2-0","ssp370",104.5,0.101414548537702,27.6320652553013
"240",971,"Tirane","mri-esm2-0","ssp370",146.5,0.36687008827617,27.3920728410993
"241",972,"Tirane","mri-esm2-0","ssp370",138.5,6.73465673140267,24.6145939418248
"242",973,"Tirane","mri-esm2-0","ssp370",138,0.502734313574495,27.478165108817
"243",974,"Tirane","mri-esm2-0","ssp370",172,0.575179675901641,28.6845969063896
"244",975,"Tirane","mri-esm2-0","ssp370",138.5,0,24.8571825299944
"245",976,"Tirane","mri-esm2-0","ssp370",176,25.2158915996135,20.7376320975168
"246",977,"Tirane","mri-esm2-0","ssp370",211,2.6243211518574,18.5185071672712
"247",978,"Tirane","mri-esm2-0","ssp370",249,0,19.8676151820592
"248",979,"Tirane","mri-esm2-0","ssp370",129.5,1.08133280196593,20.5555903843471
"249",980,"Tirane","mri-esm2-0","ssp370",127,0,17.8881905691965
"250",981,"Tirane","mri-esm2-0","ssp370",87.25,0.79241669061178,14.7958509172712
"251",982,"Tirane","mri-esm2-0","ssp370",49,2.94036986264732,17.833633858817
"252",983,"Tirane","mri-esm2-0","ssp370",28,0,14.0670431954521
"253",984,"Tirane","mri-esm2-0","ssp370",17,1.54698797144062,8.77495945521765
"254",985,"Tirane","mri-esm2-0","ssp370",5,0.0072478389224021,11.9925432477679
"255",986,"Tirane","mri-esm2-0","ssp370",5,0.0895751325255593,12.7222316196987
"256",987,"Tirane","mri-esm2-0","ssp370",5,0.0516920995973384,10.9451341901507
"257",988,"Tirane","mri-esm2-0","ssp370",5,0.0781497724736774,5.67167707170761
"258",989,"Tirane","mri-esm2-0","ssp370",0,7.18186829612283,10.0090053013393
"259",990,"Tirane","mri-esm2-0","ssp370",0,10.4558030705188,11.2990683419364
"260",991,"Tirane","mri-esm2-0","ssp370",0,0.595465654311868,11.4020608084543
"261",992,"Tirane","mri-esm2-0","ssp370",0,6.74570340997889,9.91854466029577
"262",993,"Tirane","mri-esm2-0","ssp370",0,8.84841254675328,8.34115862165181
"263",994,"Tirane","mri-esm2-0","ssp370",0,1.18229183218708,6.50995134626118
"264",995,"Tirane","mri-esm2-0","ssp370",0,3.95305057255817,4.27768641880583
"265",996,"Tirane","mri-esm2-0","ssp370",0,0,2.13100585937502
"266",997,"Tirane","mri-esm2-0","ssp370",0,0.590698053045864,7.78399047851565
"267",998,"Tirane","mri-esm2-0","ssp370",0,0.0325757839683709,6.97295532226565
"268",999,"Tirane","mri-esm2-0","ssp370",0,1.56894887581335,9.09757167271208
"269",1000,"Tirane","mri-esm2-0","ssp370",0,7.10977455767404,5.71642892020092
"270",1001,"Tirane","mri-esm2-0","ssp370",0,7.99963797575661,4.84111502511163
"271",1002,"Tirane","mri-esm2-0","ssp370",NA,0,7.90081176757815
"272",1003,"Tirane","mri-esm2-0","ssp370",NA,3.70439345216645,10.4697291782924
"273",1004,"Tirane","mri-esm2-0","ssp370",NA,0.852789706550539,11.5430367606027
"274",1005,"Tirane","mri-esm2-0","ssp370",NA,3.75086981803179,13.9067408970424
"275",1006,"Tirane","mri-esm2-0","ssp370",NA,0.01800886462401,12.9249686104911
"276",1007,"Tirane","mri-esm2-0","ssp370",NA,0.128799383154339,16.1739266531808
"277",1008,"Tirane","mri-esm2-0","ssp370",NA,0.235800276277587,16.0569266183036
"278",1009,"Tirane","mri-esm2-0","ssp370",NA,0.0572793275101243,18.3694876534598
"279",1010,"Tirane","mri-esm2-0","ssp370",NA,0.0277253141186,18.5997732979911
"280",1011,"Tirane","mri-esm2-0","ssp370",0,2.9928107122292,19.75380859375
"281",1012,"Tirane","mri-esm2-0","ssp370",0,0.423505252027618,22.6279715401786
"282",1013,"Tirane","mri-esm2-0","ssp370",NA,0.53413489835553,22.2606052943639
"283",1014,"Tirane","mri-esm2-0","ssp370",0,0.47009556780852,25.5227643694197
"284",1015,"Tirane","mri-esm2-0","ssp370",157,6.34147344722546,21.5819684709822
"285",1016,"Tirane","mri-esm2-0","ssp370",191,0.484963695427203,24.9549237932478
"286",1017,"Tirane","mri-esm2-0","ssp370",91,5.2304080047179,23.6735953194755
"287",1018,"Tirane","mri-esm2-0","ssp370",312,1.617684942903,22.2888602120536
"288",1019,"Tirane","mri-esm2-0","ssp370",233,0.15208072493676,24.782133265904
"289",1020,"Tirane","mri-esm2-0","ssp370",189,0.57414720878504,25.7083984375
"290",1021,"Tirane","mri-esm2-0","ssp370",92,0.323964469290721,27.0390476771764
"291",1022,"Tirane","mri-esm2-0","ssp370",216,1.09772662586433,28.5189017159598
"292",1023,"Tirane","mri-esm2-0","ssp370",141,0.017219289345251,29.1473894391741
"293",1024,"Tirane","mri-esm2-0","ssp370",166,0.221849863217877,28.6439976283482
"294",1025,"Tirane","mri-esm2-0","ssp370",171,0.242706814814093,26.3374223981585
"295",1026,"Tirane","mri-esm2-0","ssp370",203,0.751208147422793,28.0256722586496
"296",1027,"Tirane","mri-esm2-0","ssp370",270,0,29.4873901367188
"297",1028,"Tirane","mri-esm2-0","ssp370",260,3.43689258609499,26.358296421596
"298",1029,"Tirane","mri-esm2-0","ssp370",160,7.83512763259101,22.6406188964844
"299",1030,"Tirane","mri-esm2-0","ssp370",128,1.32414481340675,21.6294581821987
"300",1031,"Tirane","mri-esm2-0","ssp370",28.5,0.761230329174266,21.1767386300223
"301",1032,"Tirane","mri-esm2-0","ssp370",74,17.761321402421,17.9122297014509
"302",1033,"Tirane","mri-esm2-0","ssp370",98,7.16858731882115,16.8071707589286
"303",1034,"Tirane","mri-esm2-0","ssp370",NA,0,16.6766078404018
"304",1035,"Tirane","mri-esm2-0","ssp370",28,8.61316856878277,17.1028817313058
"305",1036,"Tirane","mri-esm2-0","ssp370",9,3.72760363804576,15.7831141880581
"306",1037,"Tirane","mri-esm2-0","ssp370",7,3.83468364473499,15.7094927106585
"307",1038,"Tirane","mri-esm2-0","ssp370",7,5.29254434389129,14.8277090890067
"308",1039,"Tirane","mri-esm2-0","ssp370",7,1.70337287849439,14.8164263044085
"309",1040,"Tirane","mri-esm2-0","ssp370",7,3.55563637401376,8.91365530831476
"310",1041,"Tirane","mri-esm2-0","ssp370",0,0.42639390048862,8.70729980468752
"311",1042,"Tirane","mri-esm2-0","ssp370",0,6.08982196395768,11.1750994001116
"312",1043,"Tirane","mri-esm2-0","ssp370",0,1.94443439073179,8.79894845145092
"313",1044,"Tirane","mri-esm2-0","ssp370",0,0,3.59258858816967
"314",1045,"Tirane","mri-esm2-0","ssp370",0,6.0789345705416,6.5213562011719
"315",1046,"Tirane","mri-esm2-0","ssp370",0,0.340425399398165,5.45324968610493
"316",1047,"Tirane","mri-esm2-0","ssp370",0,0,9.08261369977681
"317",1048,"Tirane","mri-esm2-0","ssp370",0,6.33463641300165,7.91956263950895
"318",1049,"Tirane","mri-esm2-0","ssp370",0,0.430493559023099,5.11657540457592
"319",1050,"Tirane","mri-esm2-0","ssp370",0,8.99919636909285,5.92086617606029
"320",1051,"Tirane","mri-esm2-0","ssp370",0,5.79325099908082,8.40154418945315
"321",1052,"Tirane","mri-esm2-0","ssp370",0,0,9.33043387276788
"322",1053,"Tirane","mri-esm2-0","ssp370",0,11.0183324465262,10.531139264788
"323",1054,"Tirane","mri-esm2-0","ssp370",NA,6.30488023203465,7.43974783761163
"324",1055,"Tirane","mri-esm2-0","ssp370",NA,5.23806638032381,10.7146458217076
"325",1056,"Tirane","mri-esm2-0","ssp370",NA,8.01037745290419,7.73977922712056
"326",1057,"Tirane","mri-esm2-0","ssp370",NA,4.78303042639579,11.7661769321987
"327",1058,"Tirane","mri-esm2-0","ssp370",NA,4.21097221146088,9.99598737444199
"328",1059,"Tirane","mri-esm2-0","ssp370",NA,2.23753550588818,13.0334455217634
"329",1060,"Tirane","mri-esm2-0","ssp370",NA,0.99176187068224,16.2712908063616
"330",1061,"Tirane","mri-esm2-0","ssp370",NA,2.502862862145,12.4795689174107
"331",1062,"Tirane","mri-esm2-0","ssp370",NA,2.26256029148187,13.7004856654576
"332",1063,"Tirane","mri-esm2-0","ssp370",NA,4.54395803519999,17.6741315569197
"333",1064,"Tirane","mri-esm2-0","ssp370",31,7.05661239246963,17.4710632324219
"334",1065,"Tirane","mri-esm2-0","ssp370",13,1.87342935906989,18.7345650809152
"335",1066,"Tirane","mri-esm2-0","ssp370",13,1.76964000524354,19.0710911342076
"336",1067,"Tirane","mri-esm2-0","ssp370",1,4.1699349551761,18.7319580078125
"337",1068,"Tirane","mri-esm2-0","ssp370",51,1.2321227479593,21.6620335170201
"338",1069,"Tirane","mri-esm2-0","ssp370",41.5,2.55252922927736,20.6461730957031
"339",1070,"Tirane","mri-esm2-0","ssp370",98,1.12288168082679,22.170303780692
"340",1071,"Tirane","mri-esm2-0","ssp370",274,0.570317017679502,22.435684640067
"341",1072,"Tirane","mri-esm2-0","ssp370",239,0.482102029491216,25.0719674246652
"342",1073,"Tirane","mri-esm2-0","ssp370",213,0,24.8947038922991
"343",1074,"Tirane","mri-esm2-0","ssp370",310,0,25.4444955008371
"344",1075,"Tirane","mri-esm2-0","ssp370",361,0,25.427885219029
"345",1076,"Tirane","mri-esm2-0","ssp370",75,0,26.5253845214844
"346",1077,"Tirane","mri-esm2-0","ssp370",122,0,27.0990757533482
"347",1078,"Tirane","mri-esm2-0","ssp370",189,0,28.6173034667969
"348",1079,"Tirane","mri-esm2-0","ssp370",302,0.262806453974918,22.4303397042411
"349",1080,"Tirane","mri-esm2-0","ssp370",325,0,22.6125950404576
"350",1081,"Tirane","mri-esm2-0","ssp370",189,4.77983620003215,21.6902448381697
"351",1082,"Tirane","mri-esm2-0","ssp370",236,14.6273793066419,19.0796883719308
"352",1083,"Tirane","mri-esm2-0","ssp370",20,0.867749834911332,19.27041015625
"353",1084,"Tirane","mri-esm2-0","ssp370",35,0.465019561150777,19.0598737444197
"354",1085,"Tirane","mri-esm2-0","ssp370",32,0.591323631150382,18.4002232142857
"355",1086,"Tirane","mri-esm2-0","ssp370",3,9.2631391116551,17.9698512486049
"356",1087,"Tirane","mri-esm2-0","ssp370",2,0,14.9307800292969
"357",1088,"Tirane","mri-esm2-0","ssp370",3,0.916604016674682,13.5738856724331
"358",1089,"Tirane","mri-esm2-0","ssp370",0,0.0283918157427771,11.4894522530692
"359",1090,"Tirane","mri-esm2-0","ssp370",0,0,9.73330950055806
"360",1091,"Tirane","mri-esm2-0","ssp370",0,9.47691969985109,7.35972202845984
"361",1092,"Tirane","mri-esm2-0","ssp370",0,7.12158641233275,11.7944405691965
"362",1093,"Tirane","mri-esm2-0","ssp370",0,8.43995221408217,11.2987522670201
"363",1094,"Tirane","mri-esm2-0","ssp370",0,0.484614175677832,5.98945225306922
"364",1095,"Tirane","mri-esm2-0","ssp370",0,0.179630856811335,5.80273699079243
"365",1096,"Tirane","mri-esm2-0","ssp370",0,8.16472279173987,11.3708304268973
"366",1097,"Tirane","mri-esm2-0","ssp370",0,5.54888758857227,9.5051448277065
"367",1098,"Tirane","mri-esm2-0","ssp370",0,3.74000000135441,7.89138183593752
"368",1099,"Tirane","mri-esm2-0","ssp370",0,8.83188955922378,9.08209054129467
"369",1100,"Tirane","mri-esm2-0","ssp370",0,0.0980706581945665,7.5956250871931
"370",1101,"Tirane","mri-esm2-0","ssp370",0,0,6.8820979527065
"371",1102,"Tirane","mri-esm2-0","ssp370",0,0,6.20791451590404
"372",1103,"Tirane","mri-esm2-0","ssp370",0,0.00823745238968905,5.63171212332592
"373",1104,"Tirane","mri-esm2-0","ssp370",0,0.134355510090245,6.82705514090404
"374",1105,"Tirane","mri-esm2-0","ssp370",0,0.118899078110449,9.11681300571989
"375",1106,"Tirane","mri-esm2-0","ssp370",NA,1.7043797270162,8.06556745256699
"376",1107,"Tirane","mri-esm2-0","ssp370",NA,0.84053550630675,8.47124633789064
"377",1108,"Tirane","mri-esm2-0","ssp370",NA,0,9.84965994698663
"378",1109,"Tirane","mri-esm2-0","ssp370",NA,5.90252104201292,12.7516135079521
"379",1110,"Tirane","mri-esm2-0","ssp370",NA,0.540947421827046,9.55592171805249
"380",1111,"Tirane","mri-esm2-0","ssp370",NA,12.4437178996491,11.693978881836
"381",1112,"Tirane","mri-esm2-0","ssp370",NA,8.18645629582793,15.2233716692243
"382",1113,"Tirane","mri-esm2-0","ssp370",NA,2.20255825053235,14.6329851422991
"383",1114,"Tirane","mri-esm2-0","ssp370",NA,7.45866021490136,14.6469425746373
"384",1115,"Tirane","mri-esm2-0","ssp370",0,1.37282157057988,18.4677368164063
"385",1116,"Tirane","mri-esm2-0","ssp370",0,2.85790839661786,19.1685729980469
"386",1117,"Tirane","mri-esm2-0","ssp370",0,2.36493541524396,19.138554600307
"387",1118,"Tirane","mri-esm2-0","ssp370",0.5,0.122627946880779,23.378073992048
"388",1119,"Tirane","mri-esm2-0","ssp370",0,0,23.2058327811105
"389",1120,"Tirane","mri-esm2-0","ssp370",16.5,2.71554108180031,22.7417105538505
"390",1121,"Tirane","mri-esm2-0","ssp370",24,1.27207098453904,20.1160718645368
"391",1122,"Tirane","mri-esm2-0","ssp370",103,0.0731876483769156,22.7288016183036
"392",1123,"Tirane","mri-esm2-0","ssp370",60.5,0.725520603996951,23.2904667445592
"393",1124,"Tirane","mri-esm2-0","ssp370",48,0,25.6186397007534
"394",1125,"Tirane","mri-esm2-0","ssp370",34.75,0,28.1407867431641
"395",1126,"Tirane","mri-esm2-0","ssp370",31.5,0.356192000617739,26.0175698416573
"396",1127,"Tirane","mri-esm2-0","ssp370",97.5,0.020191381710382,25.0322160993303
"397",1128,"Tirane","mri-esm2-0","ssp370",55.5,0,26.5618290492466
"398",1129,"Tirane","mri-esm2-0","ssp370",119.5,0,24.1782884870257
"399",1130,"Tirane","mri-esm2-0","ssp370",52.5,0.0199719867980872,25.3781917027065
"400",1131,"Tirane","mri-esm2-0","ssp370",82.5,0.22665767797402,26.6348641531808
"401",1132,"Tirane","mri-esm2-0","ssp370",122,1.22448974257817,24.9180781773158
"402",1133,"Tirane","mri-esm2-0","ssp370",110.25,0.18762096213842,24.5668622698103
"403",1134,"Tirane","mri-esm2-0","ssp370",158.25,0,20.2239079066686
"404",1135,"Tirane","mri-esm2-0","ssp370",66,0,23.375366646903
"405",1136,"Tirane","mri-esm2-0","ssp370",76.75,0.383854206302204,22.25380859375
"406",1137,"Tirane","mri-esm2-0","ssp370",53.5,3.1512171736592,17.7155330113003
"407",1138,"Tirane","mri-esm2-0","ssp370",2,3.14888736964869,17.6092402866908
"408",1139,"Tirane","mri-esm2-0","ssp370",9,2.8639591573405,14.716459437779
"409",1140,"Tirane","mri-esm2-0","ssp370",7,0.628513506879764,13.0253409249442
"410",1141,"Tirane","mri-esm2-0","ssp370",0,0.0729348757626472,14.3913687569754
"411",1142,"Tirane","mri-esm2-0","ssp370",0,0.344260134832958,14.5673047746931
"412",1143,"Tirane","mri-esm2-0","ssp370",0,1.29263341701257,14.0818246023995
"413",1144,"Tirane","mri-esm2-0","ssp370",0,2.34459619023255,13.1403900146485
"414",1145,"Tirane","mri-esm2-0","ssp370",0,0.119842587368372,6.59824523925784
"415",1146,"Tirane","mri-esm2-0","ssp370",0,9.73216170979346,11.3327161516462
"416",1147,"Tirane","mri-esm2-0","ssp370",0,0.43222851194774,11.047272164481
"417",1148,"Tirane","mri-esm2-0","ssp370",0,18.367292959426,8.8520468575614
"418",1149,"Tirane","mri-esm2-0","ssp370",0,5.65250401933944,7.5302934919085
"419",1150,"Tirane","mri-esm2-0","ssp370",0,0.709660866829966,4.61664951869422
"420",1151,"Tirane","mri-esm2-0","ssp370",0,1.98651337538779,7.07308349609377
"421",1152,"Tirane","mri-esm2-0","ssp370",0,0.838504249363073,7.62504185267859
"422",1153,"Tirane","mri-esm2-0","ssp370",0,0.149318523472175,9.77729404994422
"423",1154,"Tirane","mri-esm2-0","ssp370",0,1.44850050346577,10.9025338309152
"424",1155,"Tirane","mri-esm2-0","ssp370",0,5.77286118516765,8.93885846819199
"425",1156,"Tirane","mri-esm2-0","ssp370",0,9.54249950258859,6.87835083007815
"426",1157,"Tirane","mri-esm2-0","ssp370",0,0.785494668941413,6.33158918108261
"427",1158,"Tirane","mri-esm2-0","ssp370",NA,0,10.4498229980469
"428",1159,"Tirane","mri-esm2-0","ssp370",NA,0.0814718574734538,11.6574340820313
"429",1160,"Tirane","mri-esm2-0","ssp370",NA,0.152760117946725,9.29177682059154
"430",1161,"Tirane","mri-esm2-0","ssp370",NA,0.502095562738499,7.45013689313618
"431",1162,"Tirane","mri-esm2-0","ssp370",NA,6.98140584531107,5.52020525251118
"432",1163,"Tirane","mri-esm2-0","ssp370",NA,5.21943449285962,11.4191048758371
"433",1164,"Tirane","mri-esm2-0","ssp370",NA,1.31722395921575,13.2404157366072
"434",1165,"Tirane","mri-esm2-0","ssp370",NA,1.99796689807304,15.4606741768973
"435",1166,"Tirane","mri-esm2-0","ssp370",NA,1.1958765435598,16.4809509277344
"436",1167,"Tirane","mri-esm2-0","ssp370",NA,2.20112537166902,18.4031267438616
"437",1168,"Tirane","mri-esm2-0","ssp370",NA,0.419922069808568,19.1562351771764
"438",1169,"Tirane","mri-esm2-0","ssp370",1.5,5.02969755294284,18.2663295200893
"439",1170,"Tirane","mri-esm2-0","ssp370",49.5,2.00469647367884,19.7114371163505
"440",1171,"Tirane","mri-esm2-0","ssp370",41,0,21.3207598005023
"441",1172,"Tirane","mri-esm2-0","ssp370",21,1.7613658740759,21.5648088727679
"442",1173,"Tirane","mri-esm2-0","ssp370",245,0,22.152250453404
"443",1174,"Tirane","mri-esm2-0","ssp370",204.5,0.0204992987814226,25.0908229282924
"444",1175,"Tirane","mri-esm2-0","ssp370",254,0,25.4280944824219
"445",1176,"Tirane","mri-esm2-0","ssp370",186,0,25.3467956542969
"446",1177,"Tirane","mri-esm2-0","ssp370",138,0,25.9443429129464
"447",1178,"Tirane","mri-esm2-0","ssp370",195,0.0171423662063067,24.7660723005023
"448",1179,"Tirane","mri-esm2-0","ssp370",194,0,27.3994602748326
"449",1180,"Tirane","mri-esm2-0","ssp370",84,0,28.3747410365514
"450",1181,"Tirane","mri-esm2-0","ssp370",228,1.53681054861019,27.7267264229911
"451",1182,"Tirane","mri-esm2-0","ssp370",144,0.138242904878488,25.1314200265067
"452",1183,"Tirane","mri-esm2-0","ssp370",371.5,1.66842671709933,26.5856087820871
"453",1184,"Tirane","mri-esm2-0","ssp370",491,0.0651627207324574,26.6350690569197
"454",1185,"Tirane","mri-esm2-0","ssp370",394,0,25.8084437779018
"455",1186,"Tirane","mri-esm2-0","ssp370",238,0,26.3836696079799
"456",1187,"Tirane","mri-esm2-0","ssp370",147,0.823472952470183,21.9409380231585
"457",1188,"Tirane","mri-esm2-0","ssp370",394,3.40323937021562,21.4619995117188
"458",1189,"Tirane","mri-esm2-0","ssp370",39,1.37604841480165,18.902725655692
"459",1190,"Tirane","mri-esm2-0","ssp370",29,0,15.4988342285156
"460",1191,"Tirane","mri-esm2-0","ssp370",34,1.20801317638585,15.3564392089844
"461",1192,"Tirane","mri-esm2-0","ssp370",19,4.66943993170779,16.9872942243304
"462",1193,"Tirane","mri-esm2-0","ssp370",0,15.3289562684742,16.0633222307478
"463",1194,"Tirane","mri-esm2-0","ssp370",0,8.92464619371042,8.90677141462056
"464",1195,"Tirane","mri-esm2-0","ssp370",0,10.6492710233267,13.9777683803014
"465",1196,"Tirane","mri-esm2-0","ssp370",0,4.39269411643701,10.7705845424107
"466",1197,"Tirane","mri-esm2-0","ssp370",0,0.678309531576815,11.6542515345982
"467",1198,"Tirane","mri-esm2-0","ssp370",0,4.51337032968045,12.8194955008371
"468",1199,"Tirane","mri-esm2-0","ssp370",0,2.9803563790795,9.45487147739958
"469",1200,"Tirane","mri-esm2-0","ssp370",0,2.76388783801979,9.01567557198663
"470",1201,"Tirane","mri-esm2-0","ssp370",0,1.3769215827259,11.0461321149554
"471",1202,"Tirane","mri-esm2-0","ssp370",NA,0.189659740343424,8.49837646484377
"472",1203,"Tirane","mri-esm2-0","ssp370",NA,0.646698395680039,8.8217472621373
"473",1204,"Tirane","mri-esm2-0","ssp370",NA,0.0252552533181317,8.63847612653463
"474",1205,"Tirane","mri-esm2-0","ssp370",NA,5.75990599214233,5.42684108189176
"475",1206,"Tirane","mri-esm2-0","ssp370",NA,0.727241975151368,4.85536019461497
"476",1207,"Tirane","mri-esm2-0","ssp370",NA,8.33018166699081,12.0041813441686
"477",1208,"Tirane","mri-esm2-0","ssp370",NA,0.447405634310728,9.60842503138953
"478",1209,"Tirane","mri-esm2-0","ssp370",NA,0,7.64990059988842
"479",1210,"Tirane","mri-esm2-0","ssp370",NA,1.18946368041049,11.3396523611887
"480",1211,"Tirane","mri-esm2-0","ssp370",NA,0.092193056272143,10.6585501534599
"481",1212,"Tirane","mri-esm2-0","ssp370",NA,0.0251253796575059,14.0332493373326
"482",1213,"Tirane","mri-esm2-0","ssp370",NA,2.4033329557694,13.9831983293806
"483",1214,"Tirane","mri-esm2-0","ssp370",NA,12.1781679926374,13.8803104945592
"484",1215,"Tirane","mri-esm2-0","ssp370",NA,0.611482691082137,14.8841949462891
"485",1216,"Tirane","mri-esm2-0","ssp370",NA,2.00060055753316,14.0203752790179
"486",1217,"Tirane","mri-esm2-0","ssp370",NA,3.72737972336056,15.6059814453126
"487",1218,"Tirane","mri-esm2-0","ssp370",NA,0.824121930678042,15.4483516148159
"488",1219,"Tirane","mri-esm2-0","ssp370",NA,2.3650184606335,16.2886138916016
"489",1220,"Tirane","mri-esm2-0","ssp370",NA,0.549537119721728,18.234756905692
"490",1221,"Tirane","mri-esm2-0","ssp370",NA,5.7316181915147,18.0226379394532
"491",1222,"Tirane","mri-esm2-0","ssp370",NA,0,22.4599330357143
"492",1223,"Tirane","mri-esm2-0","ssp370",NA,0.0676860049809745,20.582160295759
"493",1224,"Tirane","mri-esm2-0","ssp370",NA,1.07777968514711,22.8003914969308
"494",1225,"Tirane","mri-esm2-0","ssp370",NA,0.438751715929746,24.0377768380301
"495",1226,"Tirane","mri-esm2-0","ssp370",NA,1.01933318136227,24.850494820731
"496",1227,"Tirane","mri-esm2-0","ssp370",NA,0.497773884567973,25.370993913923
"497",1228,"Tirane","mri-esm2-0","ssp370",NA,1.51890514202283,26.3778690883092
"498",1229,"Tirane","mri-esm2-0","ssp370",NA,0.169061483653163,25.9914533342634
"499",1230,"Tirane","mri-esm2-0","ssp370",NA,0.540404620395358,26.3408643450056
"500",1231,"Tirane","mri-esm2-0","ssp370",NA,0.0510506735216561,26.6670623779297
"501",1232,"Tirane","mri-esm2-0","ssp370",NA,0,28.8012198311942
"502",1233,"Tirane","mri-esm2-0","ssp370",NA,0,30.688370186942
"503",1234,"Tirane","mri-esm2-0","ssp370",NA,0,29.6694601876396
"504",1235,"Tirane","mri-esm2-0","ssp370",NA,3.06534248627161,23.8432120186942
"505",1236,"Tirane","mri-esm2-0","ssp370",NA,1.1379518413118,23.8913491385324
"506",1237,"Tirane","mri-esm2-0","ssp370",NA,0.0317423748908498,22.2956939697266
"507",1238,"Tirane","mri-esm2-0","ssp370",NA,0.414332332937712,21.5390934535436
"508",1239,"Tirane","mri-esm2-0","ssp370",NA,0.051755045257908,22.4246285574777
"509",1240,"Tirane","mri-esm2-0","ssp370",NA,0,22.6013798304967
"510",1241,"Tirane","mri-esm2-0","ssp370",NA,0,21.8442299979074
"511",1242,"Tirane","mri-esm2-0","ssp370",NA,0.561107558730457,17.3306322370257
"512",1243,"Tirane","mri-esm2-0","ssp370",NA,0.16112408609063,17.1614427839007
"513",1244,"Tirane","mri-esm2-0","ssp370",NA,2.36349391218807,15.7377345493862
"514",1245,"Tirane","mri-esm2-0","ssp370",NA,4.4747784887347,13.542851475307
"515",1246,"Tirane","mri-esm2-0","ssp370",NA,15.9451985540467,15.7031690325056
"516",1247,"Tirane","mri-esm2-0","ssp370",NA,0.713765867424497,12.3042650495257
"517",1248,"Tirane","mri-esm2-0","ssp370",NA,0.196953908692064,13.1454690115792
"518",1249,"Tirane","mri-esm2-0","ssp370",NA,0.109018622320686,12.68298601423
"519",1250,"Tirane","mri-esm2-0","ssp370",NA,0.933773080552262,10.5958757672991
"520",1251,"Tirane","mri-esm2-0","ssp370",NA,2.11860867137667,7.93982195172994
"521",1252,"Tirane","mri-esm2-0","ssp370",NA,0,4.29733755929132
"522",1253,"Tirane","mri-esm2-0","ssp370",NA,0.073991429858974,4.9563908168248
"523",1254,"Tirane","mri-esm2-0","ssp370",NA,3.3672590452105,8.8596152169364
"524",1255,"Tirane","mri-esm2-0","ssp370",NA,0.0936928322646832,10.876116507394
"525",1256,"Tirane","mri-esm2-0","ssp370",NA,0.151954703116124,6.86882280622212
"526",1257,"Tirane","mri-esm2-0","ssp370",NA,0,7.58642839704243
"527",1258,"Tirane","mri-esm2-0","ssp370",NA,0.942861075340521,6.6050964355469
"528",1259,"Tirane","mri-esm2-0","ssp370",NA,8.72527930020754,8.90305480957034
"529",1260,"Tirane","mri-esm2-0","ssp370",NA,7.26669211456153,7.55924159458707
"530",1261,"Tirane","mri-esm2-0","ssp370",NA,9.18399081315979,5.61894705636163
"531",1262,"Tirane","mri-esm2-0","ssp370",NA,0.430357121097456,10.5695914132255
"532",1263,"Tirane","mri-esm2-0","ssp370",NA,1.28139737665021,11.3834908621652
"533",1264,"Tirane","mri-esm2-0","ssp370",NA,3.25737365856185,8.35929696219311
"534",1265,"Tirane","mri-esm2-0","ssp370",NA,0,9.56560014997211
"535",1266,"Tirane","mri-esm2-0","ssp370",NA,1.40049884825463,14.3349221365792
"536",1267,"Tirane","mri-esm2-0","ssp370",NA,0.169060136561581,15.8086639404297
"537",1268,"Tirane","mri-esm2-0","ssp370",NA,0,19.0966626848493
"538",1269,"Tirane","mri-esm2-0","ssp370",NA,0.553166908503045,20.2005009242467
"539",1270,"Tirane","mri-esm2-0","ssp370",NA,0.140720687600801,19.4594469342913
"540",1271,"Tirane","mri-esm2-0","ssp370",NA,4.46266467999001,17.5543064662388
"541",1272,"Tirane","mri-esm2-0","ssp370",NA,0.639899843372404,19.3381352015904
"542",1273,"Tirane","mri-esm2-0","ssp370",NA,0.0590962607800195,21.5779030936105
"543",1274,"Tirane","mri-esm2-0","ssp370",NA,2.75502233084158,20.3082846505301
"544",1275,"Tirane","mri-esm2-0","ssp370",NA,5.71104200748128,20.2805463518416
"545",1276,"Tirane","mri-esm2-0","ssp370",NA,7.32437082104817,21.4414066859654
"546",1277,"Tirane","mri-esm2-0","ssp370",NA,0.298110739666819,23.4762730189733
"547",1278,"Tirane","mri-esm2-0","ssp370",NA,1.95261914798591,24.3960880824498
"548",1279,"Tirane","mri-esm2-0","ssp370",NA,0,24.6671953473773
"549",1280,"Tirane","mri-esm2-0","ssp370",NA,0,27.583649117606
"550",1281,"Tirane","mri-esm2-0","ssp370",NA,2.17344335461738,27.4043343680246
"551",1282,"Tirane","mri-esm2-0","ssp370",NA,0.60679894416223,27.5820534842355
"552",1283,"Tirane","mri-esm2-0","ssp370",NA,0.766018230128143,26.9806762695313
"553",1284,"Tirane","mri-esm2-0","ssp370",NA,2.82899230826713,27.2327318464007
"554",1285,"Tirane","mri-esm2-0","ssp370",NA,0,30.3920336042132
"555",1286,"Tirane","mri-esm2-0","ssp370",NA,0,28.9361445835659
"556",1287,"Tirane","mri-esm2-0","ssp370",NA,0.00893013038876235,28.9233925955636
"557",1288,"Tirane","mri-esm2-0","ssp370",NA,0,23.7578674316406
"558",1289,"Tirane","mri-esm2-0","ssp370",NA,0,25.7840253557478
"559",1290,"Tirane","mri-esm2-0","ssp370",NA,6.70560261036631,21.0945177350726
"560",1291,"Tirane","mri-esm2-0","ssp370",NA,0.086251181242655,20.8647617885045
"561",1292,"Tirane","mri-esm2-0","ssp370",NA,9.19641360191495,19.9407876150949
"562",1293,"Tirane","mri-esm2-0","ssp370",NA,0,19.419342476981
"563",1294,"Tirane","mri-esm2-0","ssp370",NA,1.23553694595882,17.7344430106027
"564",1295,"Tirane","mri-esm2-0","ssp370",NA,3.5201166925877,15.2922999790737
"565",1296,"Tirane","mri-esm2-0","ssp370",NA,7.90319412148424,14.1201764787947
"566",1297,"Tirane","mri-esm2-0","ssp370",NA,4.52261233211695,14.4504093715123
"567",1298,"Tirane","mri-esm2-0","ssp370",NA,8.26274856652682,14.0134935651507
"568",1299,"Tirane","mri-esm2-0","ssp370",NA,9.36546060994648,14.6887538364956
"569",1300,"Tirane","mri-esm2-0","ssp370",NA,0.11227609393245,10.364892578125
"570",1301,"Tirane","mri-esm2-0","ssp370",NA,4.49396204037059,7.10921630859377
"571",1302,"Tirane","mri-esm2-0","ssp370",NA,7.44382731021947,8.46423383440293
"572",1303,"Tirane","mri-esm2-0","ssp370",NA,1.38338102437306,11.282852608817
"573",1304,"Tirane","mri-esm2-0","ssp370",NA,0.016135604684158,10.5356013706753
"574",1305,"Tirane","mri-esm2-0","ssp370",NA,0,4.18454241071431
"575",1306,"Tirane","mri-esm2-0","ssp370",NA,1.67843961654788,7.01673496791297
"576",1307,"Tirane","mri-esm2-0","ssp370",NA,4.71264658637145,9.59673461914064
"577",1308,"Tirane","mri-esm2-0","ssp370",NA,7.62118528114764,6.87905491420203
"578",1309,"Tirane","mri-esm2-0","ssp370",NA,5.90056028075716,5.70831560407369
"579",1310,"Tirane","mri-esm2-0","ssp370",NA,0,7.74261300223217
"580",1311,"Tirane","mri-esm2-0","ssp370",NA,2.21932996729655,7.35762721470426
"581",1312,"Tirane","mri-esm2-0","ssp370",NA,3.74283893231352,8.79265529087613
"582",1313,"Tirane","mri-esm2-0","ssp370",NA,0.0071891765920944,5.84117824009489
"583",1314,"Tirane","mri-esm2-0","ssp370",NA,0.674832968849971,9.74248221261165
"584",1315,"Tirane","mri-esm2-0","ssp370",NA,0.0466542436957492,6.40229840959824
"585",1316,"Tirane","mri-esm2-0","ssp370",NA,4.44889225771995,9.63262329101563
"586",1317,"Tirane","mri-esm2-0","ssp370",NA,1.1291082945328,7.75727451869422
"587",1318,"Tirane","mri-esm2-0","ssp370",NA,2.75143838386742,9.8970341273717
"588",1319,"Tirane","mri-esm2-0","ssp370",NA,2.98623613634845,13.5582824707032
"589",1320,"Tirane","mri-esm2-0","ssp370",NA,1.6307776360918,13.5303610665458
"590",1321,"Tirane","mri-esm2-0","ssp370",NA,1.75927753693291,14.341679600307
"591",1322,"Tirane","mri-esm2-0","ssp370",NA,1.5110217488005,15.6278036934989
"592",1323,"Tirane","mri-esm2-0","ssp370",NA,0.607370201500349,18.702052961077
"593",1324,"Tirane","mri-esm2-0","ssp370",NA,1.74142971851064,16.5159327915737
"594",1325,"Tirane","mri-esm2-0","ssp370",NA,0.377784840280323,19.4815329415458
"595",1326,"Tirane","mri-esm2-0","ssp370",NA,0.083282305058674,20.7087777273996
"596",1327,"Tirane","mri-esm2-0","ssp370",NA,1.06945158191333,23.084872000558
"597",1328,"Tirane","mri-esm2-0","ssp370",NA,2.01029535533702,22.17666015625
"598",1329,"Tirane","mri-esm2-0","ssp370",NA,4.41118282911443,22.7522652762277
"599",1330,"Tirane","mri-esm2-0","ssp370",NA,0.037148820307006,28.2824907575335
"600",1331,"Tirane","mri-esm2-0","ssp370",NA,0.0895664690428279,26.5883575439453
"601",1332,"Tirane","mri-esm2-0","ssp370",NA,0.314564406705488,27.5564841134208
"602",1333,"Tirane","mri-esm2-0","ssp370",NA,0.0421287610931488,27.8040143694197
"603",1334,"Tirane","mri-esm2-0","ssp370",NA,0.0117143511878177,24.9210950578962
"604",1335,"Tirane","mri-esm2-0","ssp370",NA,1.48289329647793,26.3906864711217
"605",1336,"Tirane","mri-esm2-0","ssp370",NA,0.0596167103140033,27.6855691092355
"606",1337,"Tirane","mri-esm2-0","ssp370",NA,0.0310612040006422,29.3056819370815
"607",1338,"Tirane","mri-esm2-0","ssp370",NA,0.349895641946725,28.1055759974889
"608",1339,"Tirane","mri-esm2-0","ssp370",NA,0,27.511119733538
"609",1340,"Tirane","mri-esm2-0","ssp370",NA,3.47180651692075,25.3388283865793
"610",1341,"Tirane","mri-esm2-0","ssp370",NA,0.0417865900089964,25.473526436942
"611",1342,"Tirane","mri-esm2-0","ssp370",NA,0.690708353327604,22.7153564453126
"612",1343,"Tirane","mri-esm2-0","ssp370",NA,0.148097182890134,19.0386335100446
"613",1344,"Tirane","mri-esm2-0","ssp370",NA,1.69848794695489,22.0368504115513
"614",1345,"Tirane","mri-esm2-0","ssp370",NA,0,22.8414354596819
"615",1346,"Tirane","mri-esm2-0","ssp370",NA,0.063479654688438,19.1367344447545
"616",1347,"Tirane","mri-esm2-0","ssp370",NA,1.75222787272235,16.390509905134
"617",1348,"Tirane","mri-esm2-0","ssp370",NA,0.306789611516121,13.4945029122489
"618",1349,"Tirane","mri-esm2-0","ssp370",NA,8.47987785460386,16.8522125244141
"619",1350,"Tirane","mri-esm2-0","ssp370",NA,10.0362628997703,12.1211552211217
"620",1351,"Tirane","mri-esm2-0","ssp370",NA,0.545188057003542,11.1266549246652
"621",1352,"Tirane","mri-esm2-0","ssp370",NA,5.9771191850814,12.5924904959543
"622",1353,"Tirane","mri-esm2-0","ssp370",NA,4.99740603476572,12.2169673374721
"623",1354,"Tirane","mri-esm2-0","ssp370",NA,2.04056724365467,9.49566693987168
"624",1355,"Tirane","mri-esm2-0","ssp370",NA,1.00441370429638,3.45267421177457
"625",1356,"Tirane","mri-esm2-0","ssp370",NA,0,3.16233869280136
"626",1357,"Tirane","mri-esm2-0","ssp370",NA,3.89763620564087,7.39410226004467
"627",1358,"Tirane","mri-esm2-0","ssp370",NA,0.782293665023254,3.19150913783484
"628",1359,"Tirane","mri-esm2-0","ssp370",NA,7.62966908431346,7.51857038225448
"629",1360,"Tirane","mri-esm2-0","ssp370",NA,0,6.66776428222659
"630",1361,"Tirane","mri-esm2-0","ssp370",NA,0,5.82604588099891
"631",1362,"Tirane","mri-esm2-0","ssp370",NA,0.36546276907237,7.50350559779578
"632",1363,"Tirane","mri-esm2-0","ssp370",NA,3.91212293304437,10.2133815220424
"633",1364,"Tirane","mri-esm2-0","ssp370",NA,2.7033148940453,4.8940368652344
"634",1365,"Tirane","mri-esm2-0","ssp370",NA,1.33761347845264,5.68105468750002
"635",1366,"Tirane","mri-esm2-0","ssp370",NA,0.814652137861621,10.1480215890067
"636",1367,"Tirane","mri-esm2-0","ssp370",NA,4.79246762520883,7.72166268484935
"637",1368,"Tirane","mri-esm2-0","ssp370",NA,0.587495590480102,14.034077671596
"638",1369,"Tirane","mri-esm2-0","ssp370",NA,0.72902691078655,12.3527662004743
"639",1370,"Tirane","mri-esm2-0","ssp370",NA,0.881127099793436,16.7184191022601
"640",1371,"Tirane","mri-esm2-0","ssp370",NA,1.9222136758929,11.634190586635
"641",1372,"Tirane","mri-esm2-0","ssp370",NA,0,14.2526271275112
"642",1373,"Tirane","mri-esm2-0","ssp370",NA,0.0423178773157165,15.0767804827009
"643",1374,"Tirane","mri-esm2-0","ssp370",NA,0.127541543406551,17.4923448835101
"644",1375,"Tirane","mri-esm2-0","ssp370",NA,1.19414397049695,15.3108939034598
"645",1376,"Tirane","mri-esm2-0","ssp370",NA,0.376300280809769,18.4270808628628
"646",1377,"Tirane","mri-esm2-0","ssp370",NA,0.127600134874228,19.5206848144532
"647",1378,"Tirane","mri-esm2-0","ssp370",NA,10.7419830746949,19.537236240932
"648",1379,"Tirane","mri-esm2-0","ssp370",NA,0,21.8533525739398
"649",1380,"Tirane","mri-esm2-0","ssp370",NA,0,21.3277352469308
"650",1381,"Tirane","mri-esm2-0","ssp370",NA,0.69006359740992,22.9121163504464
"651",1382,"Tirane","mri-esm2-0","ssp370",NA,0.888301758667303,25.1970982142857
"652",1383,"Tirane","mri-esm2-0","ssp370",NA,0.450064981123433,25.0613887241909
"653",1384,"Tirane","mri-esm2-0","ssp370",NA,0.0401968823228215,27.653721836635
"654",1385,"Tirane","mri-esm2-0","ssp370",NA,0.112270370196451,27.2115286690848
"655",1386,"Tirane","mri-esm2-0","ssp370",NA,5.32841258386076,24.3173025948661
"656",1387,"Tirane","mri-esm2-0","ssp370",NA,0.00799895122846855,28.9298863002232
"657",1388,"Tirane","mri-esm2-0","ssp370",NA,0.667091846740472,29.4906010219029
"658",1389,"Tirane","mri-esm2-0","ssp370",NA,0,28.1571768624443
"659",1390,"Tirane","mri-esm2-0","ssp370",NA,0,26.6096130371094
"660",1391,"Tirane","mri-esm2-0","ssp370",NA,0.942092241062448,28.4356214250837
"661",1392,"Tirane","mri-esm2-0","ssp370",NA,2.02420125964896,24.0378422328404
"662",1393,"Tirane","mri-esm2-0","ssp370",NA,1.48978783607682,22.69788949149
"663",1394,"Tirane","mri-esm2-0","ssp370",NA,0,27.0126892089844
"664",1395,"Tirane","mri-esm2-0","ssp370",NA,0.28237652898367,26.5205453055245
"665",1396,"Tirane","mri-esm2-0","ssp370",NA,4.93018592842418,22.0530334472657
"666",1397,"Tirane","mri-esm2-0","ssp370",NA,1.66686877200845,21.01796875
"667",1398,"Tirane","mri-esm2-0","ssp370",NA,8.27174975669809,21.0257550920759
"668",1399,"Tirane","mri-esm2-0","ssp370",NA,1.54561976419895,20.0028734479632
"669",1400,"Tirane","mri-esm2-0","ssp370",NA,14.5345507206262,18.1231214250837
"670",1401,"Tirane","mri-esm2-0","ssp370",NA,0,10.4670719691685
"671",1402,"Tirane","mri-esm2-0","ssp370",NA,3.79365197888027,14.8264513288226
"672",1403,"Tirane","mri-esm2-0","ssp370",NA,5.72924542721011,16.6518668038505
"673",1404,"Tirane","mri-esm2-0","ssp370",NA,11.7243801344947,11.8297079903739
"674",1405,"Tirane","mri-esm2-0","ssp370",NA,9.42519509535486,8.06541486467636
"675",1406,"Tirane","mri-esm2-0","ssp370",NA,11.1688079420544,9.71294773646765
"676",1407,"Tirane","mri-esm2-0","ssp370",NA,1.40542813418766,10.6364837646484
"677",1408,"Tirane","mri-esm2-0","ssp370",NA,2.4312288201015,8.8319030761719
"678",1409,"Tirane","mri-esm2-0","ssp370",NA,9.47975291970318,8.06067592075895
"679",1410,"Tirane","mri-esm2-0","ssp370",NA,12.9651093200664,8.61094273158485
"680",1411,"Tirane","mri-esm2-0","ssp370",NA,6.1849969197023,6.91016540527346
"681",1412,"Tirane","mri-esm2-0","ssp370",NA,6.10316389434696,6.24500427246096
"682",1413,"Tirane","mri-esm2-0","ssp370",NA,6.555378579651,11.3951681954521
"683",1414,"Tirane","mri-esm2-0","ssp370",NA,3.24388745606744,1.46589922223775
"684",1415,"Tirane","mri-esm2-0","ssp370",NA,0,6.86587568010605
"685",1416,"Tirane","mri-esm2-0","ssp370",NA,0,8.11641627720426
"686",1417,"Tirane","mri-esm2-0","ssp370",NA,0.315084158137324,8.40352783203127
"687",1418,"Tirane","mri-esm2-0","ssp370",NA,15.331808058545,9.33920985630583
"688",1419,"Tirane","mri-esm2-0","ssp370",NA,7.70660186618833,11.4697160993304
"689",1420,"Tirane","mri-esm2-0","ssp370",NA,9.72993665969367,11.4153141566686
"690",1421,"Tirane","mri-esm2-0","ssp370",NA,0.283997509541222,11.7622074672154
"691",1422,"Tirane","mri-esm2-0","ssp370",NA,4.09293466577115,12.0332667759487
"692",1423,"Tirane","mri-esm2-0","ssp370",NA,1.75983297225944,13.241095842634
"693",1424,"Tirane","mri-esm2-0","ssp370",NA,10.0600047686644,12.8976531982422
"694",1425,"Tirane","mri-esm2-0","ssp370",NA,3.89813875008258,11.6923963274274
"695",1426,"Tirane","mri-esm2-0","ssp370",NA,4.98992154482819,13.3301744733538
"696",1427,"Tirane","mri-esm2-0","ssp370",NA,0.0765370877551114,15.9008379255023
"697",1428,"Tirane","mri-esm2-0","ssp370",NA,0.0384412578569027,17.5162270682199
"698",1429,"Tirane","mri-esm2-0","ssp370",NA,0.767735486338745,20.5945744105748
"699",1430,"Tirane","mri-esm2-0","ssp370",NA,0.793145587834131,19.6154811314174
"700",1431,"Tirane","mri-esm2-0","ssp370",NA,0,20.2190556117467
"701",1432,"Tirane","mri-esm2-0","ssp370",NA,0.207101562201777,21.4382481166295
"702",1433,"Tirane","mri-esm2-0","ssp370",NA,0.067196528029204,22.2919272286552
"703",1434,"Tirane","mri-esm2-0","ssp370",NA,3.0348068739061,20.0354771205357
"704",1435,"Tirane","mri-esm2-0","ssp370",NA,1.00463961155453,21.346843610491
"705",1436,"Tirane","mri-esm2-0","ssp370",NA,2.04748347002481,22.8637612479074
"706",1437,"Tirane","mri-esm2-0","ssp370",NA,0.0226353727807042,26.4060433523996
"707",1438,"Tirane","mri-esm2-0","ssp370",NA,1.17218033475573,25.0511871337891
"708",1439,"Tirane","mri-esm2-0","ssp370",NA,0.919334428181175,26.130772617885
"709",1440,"Tirane","mri-esm2-0","ssp370",NA,1.11335152427533,27.7969430106027
"710",1441,"Tirane","mri-esm2-0","ssp370",NA,2.41094936245645,26.7161128452846
"711",1442,"Tirane","mri-esm2-0","ssp370",NA,1.62434537342051,27.4649597167969
"712",1443,"Tirane","mri-esm2-0","ssp370",NA,2.34910223261977,25.4290252685547
"713",1444,"Tirane","mri-esm2-0","ssp370",NA,4.74501618674756,22.9245348249163
"714",1445,"Tirane","mri-esm2-0","ssp370",NA,0.0205920130611048,24.2817278180804
"715",1446,"Tirane","mri-esm2-0","ssp370",NA,0.0540401742390325,24.3518048967634
"716",1447,"Tirane","mri-esm2-0","ssp370",NA,0.281214536205101,24.7538630894253
"717",1448,"Tirane","mri-esm2-0","ssp370",NA,0,23.8226061139788
"718",1449,"Tirane","mri-esm2-0","ssp370",NA,5.41610802548738,21.1182407924107
"719",1450,"Tirane","mri-esm2-0","ssp370",NA,9.03097695367511,18.6100555419922
"720",1451,"Tirane","mri-esm2-0","ssp370",NA,0,13.3385275704521
"721",1452,"Tirane","mri-esm2-0","ssp370",NA,0,18.028955078125
"722",1453,"Tirane","mri-esm2-0","ssp370",NA,0,16.812134225028
"723",1454,"Tirane","mri-esm2-0","ssp370",NA,2.68872559193239,15.4710261753627
"724",1455,"Tirane","mri-esm2-0","ssp370",NA,1.43273513708014,9.53742152622769
"725",1456,"Tirane","mri-esm2-0","ssp370",NA,1.50966125576295,7.73593837193082
"726",1457,"Tirane","mri-esm2-0","ssp370",NA,6.27079325266615,11.8222137451172
"727",1458,"Tirane","mri-esm2-0","ssp370",NA,10.9222033177502,10.7910509381976
"728",1459,"Tirane","mri-esm2-0","ssp370",NA,5.57259510803435,8.51232735770092
"729",1460,"Tirane","mri-esm2-0","ssp370",NA,4.92179795609055,10.2044420514788
"730",1461,"Tirane","mri-esm2-0","ssp370",NA,5.7336980686419,9.34743870326453
"731",1462,"Tirane","mri-esm2-0","ssp370",NA,9.17005910222153,9.11960318429131
"732",1463,"Tirane","mri-esm2-0","ssp370",NA,1.63360499960358,6.42263619559154
"733",1464,"Tirane","mri-esm2-0","ssp370",NA,12.4365087257632,8.09942234584265
"734",1465,"Tirane","mri-esm2-0","ssp370",NA,0.948103271002766,4.92306780133931
"735",1466,"Tirane","mri-esm2-0","ssp370",NA,0.832708657253533,8.3937927246094
"736",1467,"Tirane","mri-esm2-0","ssp370",NA,0.864111751694249,7.09349539620538
"737",1468,"Tirane","mri-esm2-0","ssp370",NA,5.93817995728126,4.47212916782926
"738",1469,"Tirane","mri-esm2-0","ssp370",NA,0.048506271507774,10.872698538644
"739",1470,"Tirane","mri-esm2-0","ssp370",NA,3.56447229569312,4.68917236328127
"740",1471,"Tirane","mri-esm2-0","ssp370",NA,0.0199094410553309,9.08327418736052
"741",1472,"Tirane","mri-esm2-0","ssp370",NA,1.81647708154093,8.65113002232145
"742",1473,"Tirane","mri-esm2-0","ssp370",NA,0,10.3508544921875
"743",1474,"Tirane","mri-esm2-0","ssp370",NA,0,14.1267573765347
"744",1475,"Tirane","mri-esm2-0","ssp370",NA,1.47571125947122,14.9289838518416
"745",1476,"Tirane","mri-esm2-0","ssp370",NA,6.8743092974598,13.4479636056083
"746",1477,"Tirane","mri-esm2-0","ssp370",NA,0.0882849738055873,12.6179617745535
"747",1478,"Tirane","mri-esm2-0","ssp370",NA,0.062439215876761,17.7634085518973
"748",1479,"Tirane","mri-esm2-0","ssp370",NA,9.62184485813069,15.424458530971
"749",1480,"Tirane","mri-esm2-0","ssp370",NA,6.29694464743287,15.3882734026228
"750",1481,"Tirane","mri-esm2-0","ssp370",NA,0.630664819150949,19.7123722621373
"751",1482,"Tirane","mri-esm2-0","ssp370",NA,0.193225039220124,22.3542201450894
"752",1483,"Tirane","mri-esm2-0","ssp370",NA,0.16176154666547,22.2220332554408
"753",1484,"Tirane","mri-esm2-0","ssp370",NA,0.210775893408157,21.2903490339007
"754",1485,"Tirane","mri-esm2-0","ssp370",NA,3.55072584773422,23.1122528076172
"755",1486,"Tirane","mri-esm2-0","ssp370",NA,3.86826513921343,22.4121185302734
"756",1487,"Tirane","mri-esm2-0","ssp370",NA,3.38065006586215,23.2882760184152
"757",1488,"Tirane","mri-esm2-0","ssp370",NA,0.137025802022046,25.1375257219587
"758",1489,"Tirane","mri-esm2-0","ssp370",NA,0.0828382489479348,24.7942836216518
"759",1490,"Tirane","mri-esm2-0","ssp370",NA,1.74635985479524,24.8029135567802
"760",1491,"Tirane","mri-esm2-0","ssp370",NA,0,24.9771384102958
"761",1492,"Tirane","mri-esm2-0","ssp370",NA,1.10622058273293,26.6665675571987
"762",1493,"Tirane","mri-esm2-0","ssp370",NA,0,25.4705509730748
"763",1494,"Tirane","mri-esm2-0","ssp370",NA,0,25.6837860107422
"764",1495,"Tirane","mri-esm2-0","ssp370",NA,0,27.0947291782924
"765",1496,"Tirane","mri-esm2-0","ssp370",NA,0,25.7273912702288
"766",1497,"Tirane","mri-esm2-0","ssp370",NA,0.0349159851404173,26.7327056884765
"767",1498,"Tirane","mri-esm2-0","ssp370",NA,0.152931187351767,23.1880628313337
"768",1499,"Tirane","mri-esm2-0","ssp370",NA,3.26174141357894,23.4657924107143
"769",1500,"Tirane","mri-esm2-0","ssp370",NA,0,22.0007328578405
"770",1501,"Tirane","mri-esm2-0","ssp370",NA,0,21.6103890555246
"771",1502,"Tirane","mri-esm2-0","ssp370",NA,3.90080039256385,20.3943660191128
"772",1503,"Tirane","mri-esm2-0","ssp370",NA,8.40299693435164,19.265032523019
"773",1504,"Tirane","mri-esm2-0","ssp370",NA,11.7672137093385,14.883915928432
"774",1505,"Tirane","mri-esm2-0","ssp370",NA,17.7755359127852,15.77066519601
"775",1506,"Tirane","mri-esm2-0","ssp370",NA,4.92364155054799,13.8216949462891
"776",1507,"Tirane","mri-esm2-0","ssp370",NA,8.21605882416146,15.9471309116908
"777",1508,"Tirane","mri-esm2-0","ssp370",NA,7.56551548952952,14.3891540527344
"778",1509,"Tirane","mri-esm2-0","ssp370",NA,2.546353197457,12.5781472342355
"779",1510,"Tirane","mri-esm2-0","ssp370",NA,8.94713333379643,11.1130353655134
"780",1511,"Tirane","mri-esm2-0","ssp370",NA,4.68759247908435,8.21048017229355
"781",1512,"Tirane","mri-esm2-0","ssp370",NA,4.16321633731838,11.1481480189732
"782",1513,"Tirane","mri-esm2-0","ssp370",NA,6.08602432195246,7.74788600376676
"783",1514,"Tirane","mri-esm2-0","ssp370",NA,6.94574699529247,7.46663600376676
"784",1515,"Tirane","mri-esm2-0","ssp370",NA,0.902422897343057,7.49111110142301
"785",1516,"Tirane","mri-esm2-0","ssp370",NA,2.42902915425865,8.0099317278181
"786",1517,"Tirane","mri-esm2-0","ssp370",NA,5.01387136256588,7.96032322474891
"787",1518,"Tirane","mri-esm2-0","ssp370",NA,0.818260869917659,7.43907863071989
"788",1519,"Tirane","mri-esm2-0","ssp370",NA,0,6.13875296456476
"789",1520,"Tirane","mri-esm2-0","ssp370",NA,0.470994989986398,5.81214730398998
"790",1521,"Tirane","mri-esm2-0","ssp370",NA,0.0147027931754045,6.97107195172993
"791",1522,"Tirane","mri-esm2-0","ssp370",NA,0.507110896952716,7.28469456263953
"792",1523,"Tirane","mri-esm2-0","ssp370",NA,0.0897254903975409,8.81524919782369
"793",1524,"Tirane","mri-esm2-0","ssp370",NA,0.0132228488967355,7.2858585902623
"794",1525,"Tirane","mri-esm2-0","ssp370",NA,1.73520597579357,10.6410308837891
"795",1526,"Tirane","mri-esm2-0","ssp370",NA,0.0548916483759447,14.4196629115513
"796",1527,"Tirane","mri-esm2-0","ssp370",NA,2.01878035685306,11.5469233921596
"797",1528,"Tirane","mri-esm2-0","ssp370",NA,1.19545699188685,14.9123365129743
"798",1529,"Tirane","mri-esm2-0","ssp370",NA,0,17.679814365932
"799",1530,"Tirane","mri-esm2-0","ssp370",NA,1.0346531880454,17.1193961007254
"800",1531,"Tirane","mri-esm2-0","ssp370",NA,0.627173846753846,19.4752158028739
"801",1532,"Tirane","mri-esm2-0","ssp370",NA,1.96894935267794,20.6135977608817
"802",1533,"Tirane","mri-esm2-0","ssp370",NA,6.96368970509086,19.2190272739956
"803",1534,"Tirane","mri-esm2-0","ssp370",NA,0.369117857917445,17.7977015904018
"804",1535,"Tirane","mri-esm2-0","ssp370",NA,0,20.6754765101842
"805",1536,"Tirane","mri-esm2-0","ssp370",NA,0.0956150007498635,23.8391967773438
"806",1537,"Tirane","mri-esm2-0","ssp370",NA,4.37175628321711,21.3345864432199
"807",1538,"Tirane","mri-esm2-0","ssp370",NA,0.0593507958391066,25.8515193394252
"808",1539,"Tirane","mri-esm2-0","ssp370",NA,0.0927560493437343,25.2160997663226
"809",1540,"Tirane","mri-esm2-0","ssp370",NA,0,25.6338766915458
"810",1541,"Tirane","mri-esm2-0","ssp370",NA,3.98529001161348,24.7493268694197
"811",1542,"Tirane","mri-esm2-0","ssp370",NA,0.129340723131983,24.9328595842634
"812",1543,"Tirane","mri-esm2-0","ssp370",NA,4.43425400215866,24.5295676095146
"813",1544,"Tirane","mri-esm2-0","ssp370",NA,3.1570513985311,24.6689217703683
"814",1545,"Tirane","mri-esm2-0","ssp370",NA,3.51332792212945,26.4591788155692
"815",1546,"Tirane","mri-esm2-0","ssp370",NA,2.00262206490151,26.7526467459543
"816",1547,"Tirane","mri-esm2-0","ssp370",NA,0.209885293276914,28.4039071219308
"817",1548,"Tirane","mri-esm2-0","ssp370",NA,3.77899353729195,25.6530809674944
"818",1549,"Tirane","mri-esm2-0","ssp370",NA,0.165173941526778,25.5068014962333
"819",1550,"Tirane","mri-esm2-0","ssp370",NA,0.70015288677366,25.8539672851563
"820",1551,"Tirane","mri-esm2-0","ssp370",NA,12.1780593497013,20.9647199358259
"821",1552,"Tirane","mri-esm2-0","ssp370",NA,9.08591263370389,19.0647303989956
"822",1553,"Tirane","mri-esm2-0","ssp370",NA,0.0367609589635062,19.7531546456473
"823",1554,"Tirane","mri-esm2-0","ssp370",NA,0.47766470982294,19.2945452008928
"824",1555,"Tirane","mri-esm2-0","ssp370",NA,0.322599111989673,19.2304386683873
"825",1556,"Tirane","mri-esm2-0","ssp370",NA,10.3001226502653,17.8469787597657
"826",1557,"Tirane","mri-esm2-0","ssp370",NA,24.0319034704173,16.3738800048828
"827",1558,"Tirane","mri-esm2-0","ssp370",NA,3.4274467020493,15.5253300258092
"828",1559,"Tirane","mri-esm2-0","ssp370",NA,0.0709059699147474,9.47219020298552
"829",1560,"Tirane","mri-esm2-0","ssp370",NA,8.06648402774174,7.82072492327011
"830",1561,"Tirane","mri-esm2-0","ssp370",NA,8.38804309522467,13.1311976841518
"831",1562,"Tirane","mri-esm2-0","ssp370",NA,1.77010790627849,10.4621913364956
"832",1563,"Tirane","mri-esm2-0","ssp370",NA,0.56662652558381,6.25524727957592
"833",1564,"Tirane","mri-esm2-0","ssp370",NA,4.42768118310986,6.92684326171877
"834",1565,"Tirane","mri-esm2-0","ssp370",NA,5.97130494768082,8.98844081333707
"835",1566,"Tirane","mri-esm2-0","ssp370",NA,3.38936997348875,10.8631421770368
"836",1567,"Tirane","mri-esm2-0","ssp370",NA,5.3199439958137,9.68125959123886
"837",1568,"Tirane","mri-esm2-0","ssp370",NA,6.09174745737359,8.81704973493305
"838",1569,"Tirane","mri-esm2-0","ssp370",NA,3.3219191194803,6.71578805106029
"839",1570,"Tirane","mri-esm2-0","ssp370",NA,1.43969377227872,7.08491777692524
"840",1571,"Tirane","mri-esm2-0","ssp370",NA,0.125672081282703,7.96005946568082
"841",1572,"Tirane","mri-esm2-0","ssp370",NA,6.60483928097944,9.22266322544645
"842",1573,"Tirane","mri-esm2-0","ssp370",NA,23.0300517827605,10.6246364048549
"843",1574,"Tirane","mri-esm2-0","ssp370",NA,1.92718642938416,9.95049220493864
"844",1575,"Tirane","mri-esm2-0","ssp370",NA,13.9052547780531,10.0087175641741
"845",1576,"Tirane","mri-esm2-0","ssp370",NA,2.82708177318065,9.18464268275672
"846",1577,"Tirane","mri-esm2-0","ssp370",NA,4.31193462624963,9.64928588867192
"847",1578,"Tirane","mri-esm2-0","ssp370",NA,2.03406933833321,10.7676613943918
"848",1579,"Tirane","mri-esm2-0","ssp370",NA,0.0206716296816012,13.5690726143973
"849",1580,"Tirane","mri-esm2-0","ssp370",NA,5.63135039608045,11.9406546456473
"850",1581,"Tirane","mri-esm2-0","ssp370",NA,2.99373199377442,14.0487413678851
"851",1582,"Tirane","mri-esm2-0","ssp370",NA,2.95607036096044,15.4913072858538
"852",1583,"Tirane","mri-esm2-0","ssp370",NA,4.60048056806304,12.4793073381697
"853",1584,"Tirane","mri-esm2-0","ssp370",NA,0.977916393250259,16.6681871686663
"854",1585,"Tirane","mri-esm2-0","ssp370",NA,1.45530238140574,18.6157274518694
"855",1586,"Tirane","mri-esm2-0","ssp370",NA,0.223833938278923,19.7122654506138
"856",1587,"Tirane","mri-esm2-0","ssp370",NA,0.121125005223023,19.3250191824777
"857",1588,"Tirane","mri-esm2-0","ssp370",NA,0.568113090256313,20.7173880440848
"858",1589,"Tirane","mri-esm2-0","ssp370",NA,0.0454267359600636,24.8789481026786
"859",1590,"Tirane","mri-esm2-0","ssp370",NA,0.607158706718889,27.1046125139509
"860",1591,"Tirane","mri-esm2-0","ssp370",NA,0.108594710140356,26.4190547398159
"861",1592,"Tirane","mri-esm2-0","ssp370",NA,0.238497851725177,24.3538888113839
"862",1593,"Tirane","mri-esm2-0","ssp370",NA,0.17726210291065,26.4639133998326
"863",1594,"Tirane","mri-esm2-0","ssp370",NA,1.08288499385318,25.2007189069476
"864",1595,"Tirane","mri-esm2-0","ssp370",NA,1.79814623536784,23.7739371163505
"865",1596,"Tirane","mri-esm2-0","ssp370",NA,0,26.1892857142858
"866",1597,"Tirane","mri-esm2-0","ssp370",NA,0.102241130246381,26.9107583182199
"867",1598,"Tirane","mri-esm2-0","ssp370",NA,0,27.3777208600726
"868",1599,"Tirane","mri-esm2-0","ssp370",NA,0,28.208633858817
"869",1600,"Tirane","mri-esm2-0","ssp370",NA,0,26.3281733921596
"870",1601,"Tirane","mri-esm2-0","ssp370",NA,1.84942518127563,24.8618124825614
"871",1602,"Tirane","mri-esm2-0","ssp370",NA,0.288934496347793,24.6342995779855
"872",1603,"Tirane","mri-esm2-0","ssp370",NA,7.41332149944875,23.5717429024833
"873",1604,"Tirane","mri-esm2-0","ssp370",NA,1.53350227971844,20.2385062081473
"874",1605,"Tirane","mri-esm2-0","ssp370",NA,3.48759459863816,19.6926491873605
"875",1606,"Tirane","mri-esm2-0","ssp370",NA,5.69616099549291,17.2891501290458
"876",1607,"Tirane","mri-esm2-0","ssp370",NA,0,16.5890747070313
"877",1608,"Tirane","mri-esm2-0","ssp370",NA,0,15.0527021135603
"878",1609,"Tirane","mri-esm2-0","ssp370",NA,0.067342629232111,16.514058140346
"879",1610,"Tirane","mri-esm2-0","ssp370",NA,2.05579336086105,16.0129638671876
"880",1611,"Tirane","mri-esm2-0","ssp370",NA,10.4075763878687,14.5498748779297
"881",1612,"Tirane","mri-esm2-0","ssp370",NA,0.582563778048747,14.6976017543248
"882",1613,"Tirane","mri-esm2-0","ssp370",NA,1.57028718604125,13.1424564906529
"883",1614,"Tirane","mri-esm2-0","ssp370",NA,0.886574343141027,13.9643101283483
"884",1615,"Tirane","mri-esm2-0","ssp370",NA,11.3285097772729,11.8699497767857
"885",1616,"Tirane","mri-esm2-0","ssp370",NA,1.59176172720825,12.0419359479632
"886",1617,"Tirane","mri-esm2-0","ssp370",NA,2.24383253459694,8.26042436872212
"887",1618,"Tirane","mri-esm2-0","ssp370",NA,0,3.80513916015627
"888",1619,"Tirane","mri-esm2-0","ssp370",NA,0,5.39676600864957
"889",1620,"Tirane","mri-esm2-0","ssp370",NA,4.32711506582564,2.56557617187502
"890",1621,"Tirane","mri-esm2-0","ssp370",NA,0,2.83069109235494
"891",1622,"Tirane","mri-esm2-0","ssp370",NA,0,2.39607064383372
"892",1623,"Tirane","mri-esm2-0","ssp370",NA,10.9605345897892,7.8732129778181
"893",1624,"Tirane","mri-esm2-0","ssp370",NA,0.583291875435472,6.14231916155136
"894",1625,"Tirane","mri-esm2-0","ssp370",NA,4.93500851558306,6.71511448451453
"895",1626,"Tirane","mri-esm2-0","ssp370",NA,0,10.5028342110771
"896",1627,"Tirane","mri-esm2-0","ssp370",NA,0,11.2893027169365
"897",1628,"Tirane","mri-esm2-0","ssp370",NA,0.00846035324814565,5.95642787388395
"898",1629,"Tirane","mri-esm2-0","ssp370",NA,2.99982751021162,10.6599299839565
"899",1630,"Tirane","mri-esm2-0","ssp370",NA,0.840808870478732,12.0430258614677
"900",1631,"Tirane","mri-esm2-0","ssp370",NA,12.1214694692753,13.4184945242746
"901",1632,"Tirane","mri-esm2-0","ssp370",NA,0.0482762373784291,12.8240339006697
"902",1633,"Tirane","mri-esm2-0","ssp370",NA,0,15.9798021589007
"903",1634,"Tirane","mri-esm2-0","ssp370",NA,1.14691840140689,15.6425022670201
"904",1635,"Tirane","mri-esm2-0","ssp370",NA,0,18.9851143973214
"905",1636,"Tirane","mri-esm2-0","ssp370",NA,2.65175160166109,16.1667463030134
"906",1637,"Tirane","mri-esm2-0","ssp370",NA,2.78819255264742,17.8952597481864
"907",1638,"Tirane","mri-esm2-0","ssp370",NA,0.0346078154897051,20.348267037528
"908",1639,"Tirane","mri-esm2-0","ssp370",NA,0.592079560010463,24.5387446812221
"909",1640,"Tirane","mri-esm2-0","ssp370",NA,0.0338357832723497,22.2221967424666
"910",1641,"Tirane","mri-esm2-0","ssp370",NA,0.2343173726071,24.4784833635603
"911",1642,"Tirane","mri-esm2-0","ssp370",NA,0.263172399822257,23.0722508021763
"912",1643,"Tirane","mri-esm2-0","ssp370",NA,0.576863725603159,23.0486258370536
"913",1644,"Tirane","mri-esm2-0","ssp370",NA,1.40651111022245,24.1381840297154
"914",1645,"Tirane","mri-esm2-0","ssp370",NA,1.11291953235195,25.0170227050781
"915",1646,"Tirane","mri-esm2-0","ssp370",NA,1.6907677258132,25.0239327566965
"916",1647,"Tirane","mri-esm2-0","ssp370",NA,0,28.4839067731585
"917",1648,"Tirane","mri-esm2-0","ssp370",NA,0,32.6646231515067
"918",1649,"Tirane","mri-esm2-0","ssp370",NA,0,30.1060097830636
"919",1650,"Tirane","mri-esm2-0","ssp370",NA,0.0357726315477131,27.8658429827009
"920",1651,"Tirane","mri-esm2-0","ssp370",NA,0,26.5795118059431
"921",1652,"Tirane","mri-esm2-0","ssp370",NA,0,26.7513453892299
"922",1653,"Tirane","mri-esm2-0","ssp370",NA,0,27.2986585344588
"923",1654,"Tirane","mri-esm2-0","ssp370",NA,4.76727741326093,23.4398851667132
"924",1655,"Tirane","mri-esm2-0","ssp370",NA,0,23.0956686837333
"925",1656,"Tirane","mri-esm2-0","ssp370",NA,0.339131256935486,25.2229880196708
"926",1657,"Tirane","mri-esm2-0","ssp370",NA,11.2122873154087,22.2175973074777
"927",1658,"Tirane","mri-esm2-0","ssp370",NA,6.3529541025803,20.0424503871373
"928",1659,"Tirane","mri-esm2-0","ssp370",NA,0.504083973750572,17.6429077148438
"929",1660,"Tirane","mri-esm2-0","ssp370",NA,0.336064033243539,16.1134844098773
"930",1661,"Tirane","mri-esm2-0","ssp370",NA,0.990822498819659,17.4258536202567
"931",1662,"Tirane","mri-esm2-0","ssp370",NA,5.42570948528009,14.321906389509
"932",1663,"Tirane","mri-esm2-0","ssp370",NA,3.48617376501872,12.5903847830636
"933",1664,"Tirane","mri-esm2-0","ssp370",NA,7.8823943574337,11.8786385672433
"934",1665,"Tirane","mri-esm2-0","ssp370",NA,6.96909612244261,8.66740243094311
"935",1666,"Tirane","mri-esm2-0","ssp370",NA,0.852858366124565,10.8523389543806
"936",1667,"Tirane","mri-esm2-0","ssp370",NA,5.33691368733083,9.69080287388395
"937",1668,"Tirane","mri-esm2-0","ssp370",NA,4.04532821004458,4.63115190778463
"938",1669,"Tirane","mri-esm2-0","ssp370",NA,0,0.768954031808056
"939",1670,"Tirane","mri-esm2-0","ssp370",NA,0,3.66086730957034
"940",1671,"Tirane","mri-esm2-0","ssp370",NA,3.16092218690755,7.86134163992747
"941",1672,"Tirane","mri-esm2-0","ssp370",NA,4.09083834570733,8.85646100725448
"942",1673,"Tirane","mri-esm2-0","ssp370",NA,0.415025986876572,7.35331987653463
"943",1674,"Tirane","mri-esm2-0","ssp370",NA,16.7838536215381,8.86046098981587
"944",1675,"Tirane","mri-esm2-0","ssp370",NA,12.7546253849037,7.93438982282369
"945",1676,"Tirane","mri-esm2-0","ssp370",NA,8.29739608473444,8.53496704101565
"946",1677,"Tirane","mri-esm2-0","ssp370",NA,9.24187186683414,10.7512756347657
"947",1678,"Tirane","mri-esm2-0","ssp370",NA,3.326552163136,6.6814884730748
"948",1679,"Tirane","mri-esm2-0","ssp370",NA,1.9935872998758,11.0403403145927
"949",1680,"Tirane","mri-esm2-0","ssp370",NA,3.56782027852855,11.8611214773995
"950",1681,"Tirane","mri-esm2-0","ssp370",NA,0.00939269006526695,13.107335117885
"951",1682,"Tirane","mri-esm2-0","ssp370",NA,0,11.4988560267857
"952",1683,"Tirane","mri-esm2-0","ssp370",NA,1.24651364453062,11.6018179757255
"953",1684,"Tirane","mri-esm2-0","ssp370",NA,4.58324450321795,13.2481628417969
"954",1685,"Tirane","mri-esm2-0","ssp370",NA,0.442315006096448,14.7005488804409
"955",1686,"Tirane","mri-esm2-0","ssp370",NA,2.07704011585779,15.4133806501117
"956",1687,"Tirane","mri-esm2-0","ssp370",NA,0.103360093271476,16.4530600411552
"957",1688,"Tirane","mri-esm2-0","ssp370",NA,2.31207715810992,17.6697457449777
"958",1689,"Tirane","mri-esm2-0","ssp370",NA,0,20.2995762416295
"959",1690,"Tirane","mri-esm2-0","ssp370",NA,3.81776656556342,19.349014718192
"960",1691,"Tirane","mri-esm2-0","ssp370",NA,4.8145083559835,21.2224735804967
"961",1692,"Tirane","mri-esm2-0","ssp370",NA,0.037977789595191,22.0781145368304
"962",1693,"Tirane","mri-esm2-0","ssp370",NA,0.435853015499431,21.4250318254743
"963",1694,"Tirane","mri-esm2-0","ssp370",NA,4.01609628835494,20.7016366141183
"964",1695,"Tirane","mri-esm2-0","ssp370",NA,2.5045998764004,22.7953757149833
"965",1696,"Tirane","mri-esm2-0","ssp370",NA,0,24.7746477399554
"966",1697,"Tirane","mri-esm2-0","ssp370",NA,0.124239038944194,24.1463126046317
"967",1698,"Tirane","mri-esm2-0","ssp370",NA,0.912506820792002,24.8497798374721
"968",1699,"Tirane","mri-esm2-0","ssp370",NA,0,26.2501900809152
"969",1700,"Tirane","mri-esm2-0","ssp370",NA,0,25.7171526227678
"970",1701,"Tirane","mri-esm2-0","ssp370",NA,0.059240563755988,26.0981602260045
"971",1702,"Tirane","mri-esm2-0","ssp370",NA,0,27.020887538365
"972",1703,"Tirane","mri-esm2-0","ssp370",NA,3.86209414074464,24.3761426653181
"973",1704,"Tirane","mri-esm2-0","ssp370",NA,1.69052322307834,23.9541041782924
"974",1705,"Tirane","mri-esm2-0","ssp370",NA,0.541944480080149,25.04166128976
"975",1706,"Tirane","mri-esm2-0","ssp370",NA,0,23.2501050676618
"976",1707,"Tirane","mri-esm2-0","ssp370",NA,2.58375701097455,23.1295715332031
"977",1708,"Tirane","mri-esm2-0","ssp370",NA,0.0970488331014555,23.3037222726004
"978",1709,"Tirane","mri-esm2-0","ssp370",NA,1.19188284079428,23.049696132115
"979",1710,"Tirane","mri-esm2-0","ssp370",NA,1.27688680256272,21.0380645751953
"980",1711,"Tirane","mri-esm2-0","ssp370",NA,0.574994770743485,18.9076629638673
"981",1712,"Tirane","mri-esm2-0","ssp370",NA,0.837572353858767,19.2397029331753
"982",1713,"Tirane","mri-esm2-0","ssp370",NA,1.69070102794129,16.2283721923828
"983",1714,"Tirane","mri-esm2-0","ssp370",NA,2.02262085180597,16.7534184047154
"984",1715,"Tirane","mri-esm2-0","ssp370",NA,0,15.527978515625
"985",1716,"Tirane","mri-esm2-0","ssp370",NA,4.85300918475592,12.1111519949777
"986",1717,"Tirane","mri-esm2-0","ssp370",NA,0,10.3736968994141
"987",1718,"Tirane","mri-esm2-0","ssp370",NA,0.267683869865972,12.6318690708706
"988",1719,"Tirane","mri-esm2-0","ssp370",NA,0.01888051145735,10.8134377615792
"989",1720,"Tirane","mri-esm2-0","ssp370",NA,7.67922840537462,7.8157658168248
"990",1721,"Tirane","mri-esm2-0","ssp370",NA,2.60234434057825,4.1248238699777
"991",1722,"Tirane","mri-esm2-0","ssp370",NA,0,6.30657348632815
"992",1723,"Tirane","mri-esm2-0","ssp370",NA,0,7.97495204380582
"993",1724,"Tirane","mri-esm2-0","ssp370",NA,0.877800998776885,9.35216020856587
"994",1725,"Tirane","mri-esm2-0","ssp370",NA,8.43507863880534,9.56084812709265
"995",1726,"Tirane","mri-esm2-0","ssp370",NA,5.82801478532409,8.60047956194199
"996",1727,"Tirane","mri-esm2-0","ssp370",NA,0.793641659220156,9.71700875418529
"997",1728,"Tirane","mri-esm2-0","ssp370",NA,7.55006744459804,7.95595703125002
"998",1729,"Tirane","mri-esm2-0","ssp370",NA,0.158551966264245,10.8796194893973
"999",1730,"Tirane","mri-esm2-0","ssp370",NA,0.193781644130858,11.4043866838728
"1000",1731,"Tirane","mri-esm2-0","ssp370",NA,0,10.3031664167132
"1001",1732,"Tirane","mri-esm2-0","ssp370",NA,4.50153654549337,9.94398978097102
"1002",1733,"Tirane","mri-esm2-0","ssp370",NA,1.65848483323186,10.8728467668806
"1003",1734,"Tirane","mri-esm2-0","ssp370",NA,0,15.1963112967355
"1004",1735,"Tirane","mri-esm2-0","ssp370",NA,2.05069890606475,10.8784205845425
"1005",1736,"Tirane","mri-esm2-0","ssp370",NA,3.00172390364293,12.5037410191127
"1006",1737,"Tirane","mri-esm2-0","ssp370",NA,0.866447458351363,11.2249149867467
"1007",1738,"Tirane","mri-esm2-0","ssp370",NA,0.490363872657846,13.0688088553293
"1008",1739,"Tirane","mri-esm2-0","ssp370",NA,5.5719568279788,12.1985281808036
"1009",1740,"Tirane","mri-esm2-0","ssp370",NA,3.76257344440611,13.1658634730748
"1010",1741,"Tirane","mri-esm2-0","ssp370",NA,1.98330591244615,17.9389805385045
"1011",1742,"Tirane","mri-esm2-0","ssp370",NA,1.22211142432726,21.7485966273717
"1012",1743,"Tirane","mri-esm2-0","ssp370",NA,2.35681745619202,20.5607696533203
"1013",1744,"Tirane","mri-esm2-0","ssp370",NA,8.03883807134947,17.0243382045201
"1014",1745,"Tirane","mri-esm2-0","ssp370",NA,0.934334744774138,20.8753601074219
"1015",1746,"Tirane","mri-esm2-0","ssp370",NA,0.638483332373393,21.8027326311384
"1016",1747,"Tirane","mri-esm2-0","ssp370",NA,0.3655731463888,23.3882276262556
"1017",1748,"Tirane","mri-esm2-0","ssp370",NA,0.450078561490434,26.6106135777065
"1018",1749,"Tirane","mri-esm2-0","ssp370",NA,0.370574423141079,26.803604561942
"1019",1750,"Tirane","mri-esm2-0","ssp370",NA,0,27.5552743094308
"1020",1751,"Tirane","mri-esm2-0","ssp370",NA,0.413773908751734,29.3883082798549
"1021",1752,"Tirane","mri-esm2-0","ssp370",NA,0.03951368307753,32.3665492466518
"1022",1753,"Tirane","mri-esm2-0","ssp370",NA,0.0770664287951411,28.3123173304967
"1023",1754,"Tirane","mri-esm2-0","ssp370",NA,0.467717631233557,26.3433340890067
"1024",1755,"Tirane","mri-esm2-0","ssp370",NA,0.0384590703366225,29.0159000941686
"1025",1756,"Tirane","mri-esm2-0","ssp370",NA,0.76294586012539,26.9844517299107
"1026",1757,"Tirane","mri-esm2-0","ssp370",NA,0,26.9733934674944
"1027",1758,"Tirane","mri-esm2-0","ssp370",NA,0,26.8738756452288
"1028",1759,"Tirane","mri-esm2-0","ssp370",NA,2.13842600434354,26.2739937918527
"1029",1760,"Tirane","mri-esm2-0","ssp370",NA,4.59093021636363,21.3086574009486
"1030",1761,"Tirane","mri-esm2-0","ssp370",NA,0,21.2325116838728
"1031",1762,"Tirane","mri-esm2-0","ssp370",NA,0.0378054053726374,20.9903525216239
"1032",1763,"Tirane","mri-esm2-0","ssp370",NA,15.4652797179941,18.6847342354911
"1033",1764,"Tirane","mri-esm2-0","ssp370",NA,0,15.3927529471261
"1034",1765,"Tirane","mri-esm2-0","ssp370",NA,0.390294999150294,14.8015707833427
"1035",1766,"Tirane","mri-esm2-0","ssp370",NA,0.49128448627016,15.8069920131139
"1036",1767,"Tirane","mri-esm2-0","ssp370",NA,4.06692429395272,17.0025115966797
"1037",1768,"Tirane","mri-esm2-0","ssp370",NA,16.5175324337335,13.8549547467913
"1038",1769,"Tirane","mri-esm2-0","ssp370",NA,4.92675038884565,10.9679983956473
"1039",1770,"Tirane","mri-esm2-0","ssp370",NA,2.37470111777449,12.4900800432478
"1040",1771,"Tirane","mri-esm2-0","ssp370",NA,1.08097012211407,13.0587925502232
"1041",1772,"Tirane","mri-esm2-0","ssp370",NA,0.463608286970286,11.1597032819476
"1042",1773,"Tirane","mri-esm2-0","ssp370",NA,1.0256435069875,7.06856689453128
"1043",1774,"Tirane","mri-esm2-0","ssp370",NA,0.144163911915842,5.39314531598775
"1044",1775,"Tirane","mri-esm2-0","ssp370",NA,2.56522929017332,2.82331891741073
"1045",1776,"Tirane","mri-esm2-0","ssp370",NA,6.48171592643588,6.67363455636163
"1046",1777,"Tirane","mri-esm2-0","ssp370",NA,2.6464275084436,8.2258479527065
"1047",1778,"Tirane","mri-esm2-0","ssp370",NA,2.95574213648381,7.86664079938619
"1048",1779,"Tirane","mri-esm2-0","ssp370",NA,1.37457774440658,2.86761300223217
"1049",1780,"Tirane","mri-esm2-0","ssp370",NA,13.7817179035794,8.64095241001676
"1050",1781,"Tirane","mri-esm2-0","ssp370",NA,0.443066753359745,10.7438664027623
"1051",1782,"Tirane","mri-esm2-0","ssp370",NA,1.3875441575822,7.01936383928574
"1052",1783,"Tirane","mri-esm2-0","ssp370",NA,16.9615616847295,9.89793221609933
"1053",1784,"Tirane","mri-esm2-0","ssp370",NA,3.61787105648546,6.90263628278462
"1054",1785,"Tirane","mri-esm2-0","ssp370",NA,0.307308160388077,7.80027596609935
"1055",1786,"Tirane","mri-esm2-0","ssp370",NA,0,12.007695225307
"1056",1787,"Tirane","mri-esm2-0","ssp370",NA,3.39746406306014,10.4604213169643
"1057",1788,"Tirane","mri-esm2-0","ssp370",NA,0.118631448900227,13.3873164585659
"1058",1789,"Tirane","mri-esm2-0","ssp370",NA,1.36591960794509,13.3088579450335
"1059",1790,"Tirane","mri-esm2-0","ssp370",NA,3.62824344275785,15.9114057268416
"1060",1791,"Tirane","mri-esm2-0","ssp370",NA,1.9758364117089,16.4368595668248
"1061",1792,"Tirane","mri-esm2-0","ssp370",NA,1.23818814286746,13.4411015101842
"1062",1793,"Tirane","mri-esm2-0","ssp370",NA,2.77102309165847,14.5951498849052
"1063",1794,"Tirane","mri-esm2-0","ssp370",NA,0.374131583339476,16.8549700055803
"1064",1795,"Tirane","mri-esm2-0","ssp370",NA,1.14520766385665,18.493535069057
"1065",1796,"Tirane","mri-esm2-0","ssp370",NA,0.0137382321034758,19.5778224400112
"1066",1797,"Tirane","mri-esm2-0","ssp370",NA,0.162672760805955,22.0607827322824
"1067",1798,"Tirane","mri-esm2-0","ssp370",NA,0,26.9133370535714
"1068",1799,"Tirane","mri-esm2-0","ssp370",NA,0.061890452161606,23.578995186942
"1069",1800,"Tirane","mri-esm2-0","ssp370",NA,0.607292687605617,25.3998482840402
"1070",1801,"Tirane","mri-esm2-0","ssp370",NA,0,25.1947396414621
"1071",1802,"Tirane","mri-esm2-0","ssp370",NA,0,26.8408948625837
"1072",1803,"Tirane","mri-esm2-0","ssp370",NA,0,30.8619105747768
"1073",1804,"Tirane","mri-esm2-0","ssp370",NA,0.18003358106528,29.0388645717076
"1074",1805,"Tirane","mri-esm2-0","ssp370",NA,0,28.8094399588449
"1075",1806,"Tirane","mri-esm2-0","ssp370",NA,0,30.0823063441686
"1076",1807,"Tirane","mri-esm2-0","ssp370",NA,0.64532056234644,27.5867052350726
"1077",1808,"Tirane","mri-esm2-0","ssp370",NA,0,28.3586124965123
"1078",1809,"Tirane","mri-esm2-0","ssp370",NA,0,28.660047694615
"1079",1810,"Tirane","mri-esm2-0","ssp370",NA,1.17262750531414,28.8008122035436
"1080",1811,"Tirane","mri-esm2-0","ssp370",NA,8.22735327216963,24.1509621756418
"1081",1812,"Tirane","mri-esm2-0","ssp370",NA,13.7920305280984,20.0326368059431
"1082",1813,"Tirane","mri-esm2-0","ssp370",NA,0.00872188195769145,18.6684138706753
"1083",1814,"Tirane","mri-esm2-0","ssp370",NA,0,20.4807612827846
"1084",1815,"Tirane","mri-esm2-0","ssp370",NA,1.1543543202736,19.3287881033761
"1085",1816,"Tirane","mri-esm2-0","ssp370",NA,2.86172166067574,19.3386213030135
"1086",1817,"Tirane","mri-esm2-0","ssp370",NA,0.886830793595959,13.9039245605469
"1087",1818,"Tirane","mri-esm2-0","ssp370",NA,0,13.3030399867467
"1088",1819,"Tirane","mri-esm2-0","ssp370",NA,0.0080812122178031,12.2976994105748
"1089",1820,"Tirane","mri-esm2-0","ssp370",NA,3.06946035860684,11.8749786376953
"1090",1821,"Tirane","mri-esm2-0","ssp370",NA,0.577408514696539,13.5386553083148
"1091",1822,"Tirane","mri-esm2-0","ssp370",NA,0,12.0557255336217
"1092",1823,"Tirane","mri-esm2-0","ssp370",NA,4.22309973738655,11.8474953787668
"1093",1824,"Tirane","mri-esm2-0","ssp370",NA,6.44919889600714,13.2636047363282
"1094",1825,"Tirane","mri-esm2-0","ssp370",NA,9.41026248204122,8.06511404854913
"1095",1826,"Tirane","mri-esm2-0","ssp370",NA,4.26881032097818,4.64008483886721
"1096",1827,"Tirane","mri-esm2-0","ssp370",NA,5.32276527706667,1.01390119280136
"1097",1828,"Tirane","mri-esm2-0","ssp370",NA,6.91882478069081,10.3473515101842
"1098",1829,"Tirane","mri-esm2-0","ssp370",NA,0.969903704494105,4.56806553431922
"1099",1830,"Tirane","mri-esm2-0","ssp370",NA,3.1154785077628,3.68726937430247
"1100",1831,"Tirane","mri-esm2-0","ssp370",NA,5.32252698779173,6.985493687221
"1101",1832,"Tirane","mri-esm2-0","ssp370",NA,12.522083816475,8.67299804687502
"1102",1833,"Tirane","mri-esm2-0","ssp370",NA,6.07138473964629,10.6731876918248
"1103",1834,"Tirane","mri-esm2-0","ssp370",NA,2.41882599636613,11.38245980399
"1104",1835,"Tirane","mri-esm2-0","ssp370",NA,7.17160056202764,10.5927237374442
"1105",1836,"Tirane","mri-esm2-0","ssp370",NA,5.34049441251098,12.8980063302177
"1106",1837,"Tirane","mri-esm2-0","ssp370",NA,9.74520347029154,9.16837899344311
"1107",1838,"Tirane","mri-esm2-0","ssp370",NA,4.8456451219993,5.34611990792413
"1108",1839,"Tirane","mri-esm2-0","ssp370",NA,9.13227847631788,8.62215358189177
"1109",1840,"Tirane","mri-esm2-0","ssp370",NA,5.93164575485778,12.9685564313616
"1110",1841,"Tirane","mri-esm2-0","ssp370",NA,6.26408234620613,12.5739881243025
"1111",1842,"Tirane","mri-esm2-0","ssp370",NA,0.328507847163044,15.2338827950615
"1112",1843,"Tirane","mri-esm2-0","ssp370",NA,0.0254888411031321,19.8960357666016
"1113",1844,"Tirane","mri-esm2-0","ssp370",NA,1.79750141770845,16.7024126325335
"1114",1845,"Tirane","mri-esm2-0","ssp370",NA,0.391850019929864,16.7201477050781
"1115",1846,"Tirane","mri-esm2-0","ssp370",NA,0.579339351575721,20.4147866385323
"1116",1847,"Tirane","mri-esm2-0","ssp370",NA,0.99029560359278,19.0036538260324
"1117",1848,"Tirane","mri-esm2-0","ssp370",NA,0,20.983305140904
"1118",1849,"Tirane","mri-esm2-0","ssp370",NA,2.89382256118448,24.4648223876953
"1119",1850,"Tirane","mri-esm2-0","ssp370",NA,3.89409785070062,23.4528224400112
"1120",1851,"Tirane","mri-esm2-0","ssp370",NA,3.29141599868308,24.222055053711
"1121",1852,"Tirane","mri-esm2-0","ssp370",NA,1.12237148251941,25.7362762451172
"1122",1853,"Tirane","mri-esm2-0","ssp370",NA,0.948660426677504,24.775277709961
"1123",1854,"Tirane","mri-esm2-0","ssp370",NA,1.11068763173015,25.3696228027344
"1124",1855,"Tirane","mri-esm2-0","ssp370",NA,0,27.3038247244699
"1125",1856,"Tirane","mri-esm2-0","ssp370",NA,0,27.405158342634
"1126",1857,"Tirane","mri-esm2-0","ssp370",NA,0.0899709831043895,29.065325491769
"1127",1858,"Tirane","mri-esm2-0","ssp370",NA,5.03508672892556,28.0940403529576
"1128",1859,"Tirane","mri-esm2-0","ssp370",NA,0,28.1335213797433
"1129",1860,"Tirane","mri-esm2-0","ssp370",NA,0,29.6709773472377
"1130",1861,"Tirane","mri-esm2-0","ssp370",NA,0.661218757574845,26.8435564313616
"1131",1862,"Tirane","mri-esm2-0","ssp370",NA,0.100764459680899,26.3582768031529
"1132",1863,"Tirane","mri-esm2-0","ssp370",NA,1.34009576270598,27.0510737827846
"1133",1864,"Tirane","mri-esm2-0","ssp370",NA,4.71092069263769,22.930078125
"1134",1865,"Tirane","mri-esm2-0","ssp370",NA,0.261041157812412,22.8906494140626
"1135",1866,"Tirane","mri-esm2-0","ssp370",NA,0.0439054387762943,22.9321816580637
"1136",1867,"Tirane","mri-esm2-0","ssp370",NA,0,22.3517351422991
"1137",1868,"Tirane","mri-esm2-0","ssp370",NA,2.75144352386373,20.0887935093471
"1138",1869,"Tirane","mri-esm2-0","ssp370",NA,2.21395231035006,13.8992248535157
"1139",1870,"Tirane","mri-esm2-0","ssp370",NA,5.462937138509,16.4018864222936
"1140",1871,"Tirane","mri-esm2-0","ssp370",NA,8.52096025529527,13.4442796979632
"1141",1872,"Tirane","mri-esm2-0","ssp370",NA,10.5567713970751,12.9923666817802
"1142",1873,"Tirane","mri-esm2-0","ssp370",NA,9.68018868336783,14.0006020682199
"1143",1874,"Tirane","mri-esm2-0","ssp370",NA,2.16158238794638,12.937164742606
"1144",1875,"Tirane","mri-esm2-0","ssp370",NA,14.9520164173477,11.9394492013114
"1145",1876,"Tirane","mri-esm2-0","ssp370",NA,7.30764094270334,13.02210824149
"1146",1877,"Tirane","mri-esm2-0","ssp370",NA,6.29152213794961,10.9822130475726
"1147",1878,"Tirane","mri-esm2-0","ssp370",NA,4.3137131975787,11.2960558210101
"1148",1879,"Tirane","mri-esm2-0","ssp370",NA,0,6.93970206124444
"1149",1880,"Tirane","mri-esm2-0","ssp370",NA,1.94883478605854,5.91683131626677
"1150",1881,"Tirane","mri-esm2-0","ssp370",NA,6.18105231140882,9.43459908621654
"1151",1882,"Tirane","mri-esm2-0","ssp370",NA,1.41060310857678,7.94698922293529
"1152",1883,"Tirane","mri-esm2-0","ssp370",NA,0.00891938522857215,8.11984514508931
"1153",1884,"Tirane","mri-esm2-0","ssp370",NA,0,2.46904035295761
"1154",1885,"Tirane","mri-esm2-0","ssp370",NA,0.0243529545384393,4.91202915736609
"1155",1886,"Tirane","mri-esm2-0","ssp370",NA,9.48633368659232,9.22573460170203
"1156",1887,"Tirane","mri-esm2-0","ssp370",NA,1.6302983114396,10.0897678920201
"1157",1888,"Tirane","mri-esm2-0","ssp370",NA,0.36487899570992,6.84726649693082
"1158",1889,"Tirane","mri-esm2-0","ssp370",NA,2.5257749506896,5.84915640694756
"1159",1890,"Tirane","mri-esm2-0","ssp370",NA,0.183752070214333,14.9234994070871
"1160",1891,"Tirane","mri-esm2-0","ssp370",NA,1.4666444084079,13.6523834228516
"1161",1892,"Tirane","mri-esm2-0","ssp370",NA,4.31989717513455,12.8377559116909
"1162",1893,"Tirane","mri-esm2-0","ssp370",NA,8.94005071355163,12.579954310826
"1163",1894,"Tirane","mri-esm2-0","ssp370",NA,6.99388394340141,10.5914834158761
"1164",1895,"Tirane","mri-esm2-0","ssp370",NA,2.32086477252389,12.9191877092634
"1165",1896,"Tirane","mri-esm2-0","ssp370",NA,3.30557065608445,11.3769426618304
"1166",1897,"Tirane","mri-esm2-0","ssp370",NA,5.86595381235903,14.3443062918527
"1167",1898,"Tirane","mri-esm2-0","ssp370",NA,0.356111124606936,19.7517857142858
"1168",1899,"Tirane","mri-esm2-0","ssp370",NA,1.77167996776656,21.4541455950056
"1169",1900,"Tirane","mri-esm2-0","ssp370",NA,0,19.1090528215681
"1170",1901,"Tirane","mri-esm2-0","ssp370",NA,0.25848035636175,21.2796286446708
"1171",1902,"Tirane","mri-esm2-0","ssp370",NA,0.0730288894244168,24.6814405168806
"1172",1903,"Tirane","mri-esm2-0","ssp370",NA,0.0104845484851727,26.4142591203963
"1173",1904,"Tirane","mri-esm2-0","ssp370",NA,1.16445629474973,26.2168670654297
"1174",1905,"Tirane","mri-esm2-0","ssp370",NA,0.333994896365246,26.0561157226563
"1175",1906,"Tirane","mri-esm2-0","ssp370",NA,0.261649516297829,26.3987278529576
"1176",1907,"Tirane","mri-esm2-0","ssp370",NA,4.68530775002104,25.3287990025112
"1177",1908,"Tirane","mri-esm2-0","ssp370",NA,0.173106429922752,26.3551487513951
"1178",1909,"Tirane","mri-esm2-0","ssp370",NA,0.456199411668682,25.8672053745815
"1179",1910,"Tirane","mri-esm2-0","ssp370",NA,2.43458017206909,26.2167144775391
"1180",1911,"Tirane","mri-esm2-0","ssp370",NA,0.254777685716233,29.2635197230748
"1181",1912,"Tirane","mri-esm2-0","ssp370",NA,0.372211067847924,26.9000030517578
"1182",1913,"Tirane","mri-esm2-0","ssp370",NA,0.0406782753218847,25.2123548235212
"1183",1914,"Tirane","mri-esm2-0","ssp370",NA,0,24.337540108817
"1184",1915,"Tirane","mri-esm2-0","ssp370",NA,0.022811695141302,26.3418169294085
"1185",1916,"Tirane","mri-esm2-0","ssp370",NA,3.1994518357221,23.1014103480748
"1186",1917,"Tirane","mri-esm2-0","ssp370",NA,0,25.001109967913
"1187",1918,"Tirane","mri-esm2-0","ssp370",NA,4.85686774897789,21.7535143171038
"1188",1919,"Tirane","mri-esm2-0","ssp370",NA,3.72997145459522,18.4846348353795
"1189",1920,"Tirane","mri-esm2-0","ssp370",NA,1.30084545567765,19.4464791434152
"1190",1921,"Tirane","mri-esm2-0","ssp370",NA,11.4127049950704,15.6151628766741
"1191",1922,"Tirane","mri-esm2-0","ssp370",NA,5.62018127529882,17.8867824009487
"1192",1923,"Tirane","mri-esm2-0","ssp370",NA,10.9392596637398,13.3658168247768
"1193",1924,"Tirane","mri-esm2-0","ssp370",NA,2.22189630164524,17.1041046142578
"1194",1925,"Tirane","mri-esm2-0","ssp370",NA,0.709358488971442,14.6970480782645
"1195",1926,"Tirane","mri-esm2-0","ssp370",NA,11.9905979253028,10.8041233607701
"1196",1927,"Tirane","mri-esm2-0","ssp370",NA,5.2670647310671,8.6277056012835
"1197",1928,"Tirane","mri-esm2-0","ssp370",NA,1.01057071546425,5.34825395856587
"1198",1929,"Tirane","mri-esm2-0","ssp370",NA,2.30133314575401,7.24433288574221
"1199",1930,"Tirane","mri-esm2-0","ssp370",NA,0.114455399047334,3.65488150460382
"1200",1931,"Tirane","mri-esm2-0","ssp370",NA,1.78319595831583,4.29925144740516
"1201",1932,"Tirane","mri-esm2-0","ssp370",NA,0.179667834475237,7.30329284667971
"1202",1933,"Tirane","mri-esm2-0","ssp370",NA,8.81754707515938,7.62466474260605
"1203",1934,"Tirane","mri-esm2-0","ssp370",NA,5.53229922079482,10.6830099923271
"1204",1935,"Tirane","mri-esm2-0","ssp370",NA,0.591685238240254,10.594149344308
"1205",1936,"Tirane","mri-esm2-0","ssp370",NA,6.42798851809598,10.3705405099052
"1206",1937,"Tirane","mri-esm2-0","ssp370",NA,4.51923895660522,8.85042942592078
"1207",1938,"Tirane","mri-esm2-0","ssp370",NA,3.43340667230743,7.74804731096543
"1208",1939,"Tirane","mri-esm2-0","ssp370",NA,0,8.06028791155136
"1209",1940,"Tirane","mri-esm2-0","ssp370",NA,0.173609355338807,11.7712406703405
"1210",1941,"Tirane","mri-esm2-0","ssp370",NA,0.369889031363917,10.0623064313616
"1211",1942,"Tirane","mri-esm2-0","ssp370",NA,0,13.0137333461217
"1212",1943,"Tirane","mri-esm2-0","ssp370",NA,0.129243783054075,12.9077130998884
"1213",1944,"Tirane","mri-esm2-0","ssp370",NA,0,12.3151990618025
"1214",1945,"Tirane","mri-esm2-0","ssp370",NA,0.807968060273976,13.4776288713728
"1215",1946,"Tirane","mri-esm2-0","ssp370",NA,6.14761768779967,12.6483616420201
"1216",1947,"Tirane","mri-esm2-0","ssp370",NA,1.08924916735954,13.0676535470146
"1217",1948,"Tirane","mri-esm2-0","ssp370",NA,0,16.6584651402065
"1218",1949,"Tirane","mri-esm2-0","ssp370",NA,7.10977748198535,16.655899483817
"1219",1950,"Tirane","mri-esm2-0","ssp370",NA,0.81314586285381,17.6792563302176
"1220",1951,"Tirane","mri-esm2-0","ssp370",NA,0.64558369844495,21.3325875418527
"1221",1952,"Tirane","mri-esm2-0","ssp370",NA,1.83981817876234,22.7676635742188
"1222",1953,"Tirane","mri-esm2-0","ssp370",NA,0.724701457251544,24.2558096749442
"1223",1954,"Tirane","mri-esm2-0","ssp370",NA,3.24053937149854,22.6423518589565
"1224",1955,"Tirane","mri-esm2-0","ssp370",NA,0.438850362323657,23.3664664132255
"1225",1956,"Tirane","mri-esm2-0","ssp370",NA,0,24.557761492048
"1226",1957,"Tirane","mri-esm2-0","ssp370",NA,0,29.4717912946429
"1227",1958,"Tirane","mri-esm2-0","ssp370",NA,0,29.0520874023438
"1228",1959,"Tirane","mri-esm2-0","ssp370",NA,0.12469053913914,29.1881827218193
"1229",1960,"Tirane","mri-esm2-0","ssp370",NA,0.104207400545419,26.9423832484654
"1230",1961,"Tirane","mri-esm2-0","ssp370",NA,1.85103316871391,26.6020599365235
"1231",1962,"Tirane","mri-esm2-0","ssp370",NA,1.7260116912699,28.9491668701172
"1232",1963,"Tirane","mri-esm2-0","ssp370",NA,0,30.1748944963728
"1233",1964,"Tirane","mri-esm2-0","ssp370",NA,0.234015671802419,27.2374882289342
"1234",1965,"Tirane","mri-esm2-0","ssp370",NA,5.26345918853102,25.7572897774833
"1235",1966,"Tirane","mri-esm2-0","ssp370",NA,0,27.7341291155134
"1236",1967,"Tirane","mri-esm2-0","ssp370",NA,0.536158412329054,25.5240199497768
"1237",1968,"Tirane","mri-esm2-0","ssp370",NA,3.76396565864395,21.6307181222098
"1238",1969,"Tirane","mri-esm2-0","ssp370",NA,2.52546879466016,22.7787610735213
"1239",1970,"Tirane","mri-esm2-0","ssp370",NA,0.279165309621021,21.6195966448103
"1240",1971,"Tirane","mri-esm2-0","ssp370",NA,1.23330914835346,21.86025390625
"1241",1972,"Tirane","mri-esm2-0","ssp370",NA,0.106707641108577,20.638563319615
"1242",1973,"Tirane","mri-esm2-0","ssp370",NA,0.779621092156699,17.9856244768416
"1243",1974,"Tirane","mri-esm2-0","ssp370",NA,2.46687218417979,19.0348515101842
"1244",1975,"Tirane","mri-esm2-0","ssp370",NA,0,17.6497545514788
"1245",1976,"Tirane","mri-esm2-0","ssp370",NA,0.00942294700507775,12.0578661237444
"1246",1977,"Tirane","mri-esm2-0","ssp370",NA,7.38353899547032,14.215240914481
"1247",1978,"Tirane","mri-esm2-0","ssp370",NA,3.47217138299,14.3881142752511
"1248",1979,"Tirane","mri-esm2-0","ssp370",NA,1.77812052908329,13.3553492954799
"1249",1980,"Tirane","mri-esm2-0","ssp370",NA,1.18289590734223,11.553619820731
"1250",1981,"Tirane","mri-esm2-0","ssp370",NA,2.18997582861838,8.8187696184431
"1251",1982,"Tirane","mri-esm2-0","ssp370",NA,0,5.12298409598217
"1252",1983,"Tirane","mri-esm2-0","ssp370",NA,1.44730836600502,9.57644478934154
"1253",1984,"Tirane","mri-esm2-0","ssp370",NA,2.70969565712481,4.5092712402344
"1254",1985,"Tirane","mri-esm2-0","ssp370",NA,0.128747312451846,5.89797799246654
"1255",1986,"Tirane","mri-esm2-0","ssp370",NA,0,5.78731253487726
"1256",1987,"Tirane","mri-esm2-0","ssp370",NA,1.5209262929732,8.31679905482703
"1257",1988,"Tirane","mri-esm2-0","ssp370",NA,5.80554517146084,8.87341570172994
"1258",1989,"Tirane","mri-esm2-0","ssp370",NA,2.41205456550234,4.65562700544087
"1259",1990,"Tirane","mri-esm2-0","ssp370",NA,2.2123789971894,6.03513052804132
"1260",1991,"Tirane","mri-esm2-0","ssp370",NA,0.212626445032324,4.99389256068641
"1261",1992,"Tirane","mri-esm2-0","ssp370",NA,4.07030564466757,8.49990670340404
"1262",1993,"Tirane","mri-esm2-0","ssp370",NA,2.4049952309984,8.15955505371096
"1263",1994,"Tirane","mri-esm2-0","ssp370",NA,0.258626605604409,10.9126307896206
"1264",1995,"Tirane","mri-esm2-0","ssp370",NA,0.442675848431204,12.7198120117188
"1265",1996,"Tirane","mri-esm2-0","ssp370",NA,0,14.5234466552734
"1266",1997,"Tirane","mri-esm2-0","ssp370",NA,8.11622552048773,11.0857308523996
"1267",1998,"Tirane","mri-esm2-0","ssp370",NA,12.7541937037936,11.7222708565848
"1268",1999,"Tirane","mri-esm2-0","ssp370",NA,5.04301144558537,13.9995426722936
"1269",2000,"Tirane","mri-esm2-0","ssp370",NA,0.00766606525368325,17.6774950299944
"1270",2001,"Tirane","mri-esm2-0","ssp370",NA,6.76515700366248,14.1547943115235
"1271",2002,"Tirane","mri-esm2-0","ssp370",NA,4.22536157711875,16.0455065046038
"1272",2003,"Tirane","mri-esm2-0","ssp370",NA,0,22.2176496233259
"1273",2004,"Tirane","mri-esm2-0","ssp370",NA,0.115563073164335,20.641015625
"1274",2005,"Tirane","mri-esm2-0","ssp370",NA,0.0111565809025446,21.728411429269
"1275",2006,"Tirane","mri-esm2-0","ssp370",NA,0.933707179709537,21.2318097795759
"1276",2007,"Tirane","mri-esm2-0","ssp370",NA,0.801527360038433,21.2565311976841
"1277",2008,"Tirane","mri-esm2-0","ssp370",NA,0,24.0170641217913
"1278",2009,"Tirane","mri-esm2-0","ssp370",NA,0,27.3752336774554
"1279",2010,"Tirane","mri-esm2-0","ssp370",NA,3.8181140843205,28.2912449428013
"1280",2011,"Tirane","mri-esm2-0","ssp370",NA,0.566088908349879,27.1623452322824
"1281",2012,"Tirane","mri-esm2-0","ssp370",NA,0.4059054647379,28.313374546596
"1282",2013,"Tirane","mri-esm2-0","ssp370",NA,0.101390255284579,25.0171098981585
"1283",2014,"Tirane","mri-esm2-0","ssp370",NA,0.273522789211711,26.199613734654
"1284",2015,"Tirane","mri-esm2-0","ssp370",NA,0,28.7368756975447
"1285",2016,"Tirane","mri-esm2-0","ssp370",NA,0.128922860936394,25.3900870186942
"1286",2017,"Tirane","mri-esm2-0","ssp370",NA,0.568014602426306,29.5112745012556
"1287",2018,"Tirane","mri-esm2-0","ssp370",NA,0.055008350006704,29.527974155971
"1288",2019,"Tirane","mri-esm2-0","ssp370",NA,0.251537999221389,29.1947963169643
"1289",2020,"Tirane","mri-esm2-0","ssp370",NA,0.486591223411129,28.4631875174386
"1290",2021,"Tirane","mri-esm2-0","ssp370",NA,0.0760713785504255,28.1161481584821
"1291",2022,"Tirane","mri-esm2-0","ssp370",NA,0,24.5063611711775
"1292",2023,"Tirane","mri-esm2-0","ssp370",NA,0.019626815628726,24.424460710798
"1293",2024,"Tirane","mri-esm2-0","ssp370",NA,0.63137318024279,24.0755074637277
"1294",2025,"Tirane","mri-esm2-0","ssp370",NA,4.58933843050805,15.7406489780971
"1295",2026,"Tirane","mri-esm2-0","ssp370",NA,8.88343458869453,16.8412501743862
"1296",2027,"Tirane","mri-esm2-0","ssp370",NA,1.2635567504341,14.9424573625837
"1297",2028,"Tirane","mri-esm2-0","ssp370",NA,5.33649081844487,17.787992640904
"1298",2029,"Tirane","mri-esm2-0","ssp370",NA,11.6088056861242,15.4844669886998
"1299",2030,"Tirane","mri-esm2-0","ssp370",NA,0.262077235415096,10.4873160226005
"1300",2031,"Tirane","mri-esm2-0","ssp370",NA,8.37850205669903,11.067032296317
"1301",2032,"Tirane","mri-esm2-0","ssp370",NA,4.16462239643027,7.55570373535159
"1302",2033,"Tirane","mri-esm2-0","ssp370",NA,2.15357893238044,4.6668640136719
"1303",2034,"Tirane","mri-esm2-0","ssp370",NA,5.22979899163017,6.39183523995538
"1304",2035,"Tirane","mri-esm2-0","ssp370",NA,7.12331671217856,7.75532575334823
"1305",2036,"Tirane","mri-esm2-0","ssp370",NA,0.027126287048824,4.18084760393417
"1306",2037,"Tirane","mri-esm2-0","ssp370",NA,3.13899348083006,7.85182015555247
"1307",2038,"Tirane","mri-esm2-0","ssp370",NA,1.07638366748039,10.1313938685826
"1308",2039,"Tirane","mri-esm2-0","ssp370",NA,10.9501880901267,11.027736554827
"1309",2040,"Tirane","mri-esm2-0","ssp370",NA,7.88894870238436,10.5799303327288
"1310",2041,"Tirane","mri-esm2-0","ssp370",NA,0,8.46970955984935
"1311",2042,"Tirane","mri-esm2-0","ssp370",NA,0.0233273190003404,7.46135210309712
"1312",2043,"Tirane","mri-esm2-0","ssp370",NA,0,6.80676531110494
"1313",2044,"Tirane","mri-esm2-0","ssp370",NA,1.1205078360425,10.7283307756697
"1314",2045,"Tirane","mri-esm2-0","ssp370",NA,0.4011093549447,11.9075147356306
"1315",2046,"Tirane","mri-esm2-0","ssp370",NA,0.493461038968235,9.11943969726567
"1316",2047,"Tirane","mri-esm2-0","ssp370",NA,9.66631853661966,11.1499114990234
"1317",2048,"Tirane","mri-esm2-0","ssp370",NA,2.69463652875856,11.9544573102679
"1318",2049,"Tirane","mri-esm2-0","ssp370",NA,1.79373687907563,12.5358520507812
"1319",2050,"Tirane","mri-esm2-0","ssp370",NA,5.32161851343906,14.1109296526228
"1320",2051,"Tirane","mri-esm2-0","ssp370",NA,3.38365438178048,15.740127999442
"1321",2052,"Tirane","mri-esm2-0","ssp370",NA,3.49254272420825,13.7885615757534
"1322",2053,"Tirane","mri-esm2-0","ssp370",NA,10.675425446243,15.2946694510323
"1323",2054,"Tirane","mri-esm2-0","ssp370",NA,1.54145818645962,16.5030543736049
"1324",2055,"Tirane","mri-esm2-0","ssp370",NA,0.524203468480015,19.1358058384487
"1325",2056,"Tirane","mri-esm2-0","ssp370",NA,0.573092565173283,16.5718627929688
"1326",2057,"Tirane","mri-esm2-0","ssp370",NA,0.379563910454246,20.2132093157087
"1327",2058,"Tirane","mri-esm2-0","ssp370",NA,1.42548985552691,22.6486907958984
"1328",2059,"Tirane","mri-esm2-0","ssp370",NA,6.10122956485221,18.3774723597936
"1329",2060,"Tirane","mri-esm2-0","ssp370",NA,1.92836481738986,22.1421927315848
"1330",2061,"Tirane","mri-esm2-0","ssp370",NA,0.453201731579611,26.1199279785156
"1331",2062,"Tirane","mri-esm2-0","ssp370",NA,2.12242112788122,25.0322313581194
"1332",2063,"Tirane","mri-esm2-0","ssp370",NA,1.01796546524773,25.2156855991908
"1333",2064,"Tirane","mri-esm2-0","ssp370",NA,0,25.3606419154576
"1334",2065,"Tirane","mri-esm2-0","ssp370",NA,0,29.1079236711774
"1335",2066,"Tirane","mri-esm2-0","ssp370",NA,0,28.9791830880302
"1336",2067,"Tirane","mri-esm2-0","ssp370",NA,0.414405127100638,27.3789175851005
"1337",2068,"Tirane","mri-esm2-0","ssp370",NA,0,28.122225516183
"1338",2069,"Tirane","mri-esm2-0","ssp370",NA,0.129658892131244,28.2370391845703
"1339",2070,"Tirane","mri-esm2-0","ssp370",NA,0.0455317620955091,27.9499603271484
"1340",2071,"Tirane","mri-esm2-0","ssp370",NA,0,27.3311510358538
"1341",2072,"Tirane","mri-esm2-0","ssp370",NA,0.313223870970043,24.5592437744141
"1342",2073,"Tirane","mri-esm2-0","ssp370",NA,0.817430090475163,21.9570665631976
"1343",2074,"Tirane","mri-esm2-0","ssp370",NA,2.46878264840363,23.5350237165179
"1344",2075,"Tirane","mri-esm2-0","ssp370",NA,0.0164444268323547,22.681769670759
"1345",2076,"Tirane","mri-esm2-0","ssp370",NA,1.05859856038088,21.6631648472378
"1346",2077,"Tirane","mri-esm2-0","ssp370",NA,0.0632956293494705,19.4861541748048
"1347",2078,"Tirane","mri-esm2-0","ssp370",NA,0,20.0545418875558
"1348",2079,"Tirane","mri-esm2-0","ssp370",NA,22.7536974323032,16.2626935686384
"1349",2080,"Tirane","mri-esm2-0","ssp370",NA,10.3910900300044,15.9721575055804
"1350",2081,"Tirane","mri-esm2-0","ssp370",NA,0.917422359374801,13.3733154296875
"1351",2082,"Tirane","mri-esm2-0","ssp370",NA,2.25324918044082,16.211796787807
"1352",2083,"Tirane","mri-esm2-0","ssp370",NA,1.1466622491363,12.6022997174944
"1353",2084,"Tirane","mri-esm2-0","ssp370",NA,0.555922485364135,8.18658926827569
"1354",2085,"Tirane","mri-esm2-0","ssp370",NA,0.101119683521184,12.7062709263394
"1355",2086,"Tirane","mri-esm2-0","ssp370",NA,13.5223317824837,8.89779924665181
"1356",2087,"Tirane","mri-esm2-0","ssp370",NA,9.60540629956606,10.8619977678572
"1357",2088,"Tirane","mri-esm2-0","ssp370",NA,3.28479998009113,9.80434570312502
"1358",2089,"Tirane","mri-esm2-0","ssp370",NA,6.63301446334767,8.6825391496931
"1359",2090,"Tirane","mri-esm2-0","ssp370",NA,8.35999020491727,10.9844691685268
"1360",2091,"Tirane","mri-esm2-0","ssp370",NA,5.38640811927118,11.1055018833706
"1361",2092,"Tirane","mri-esm2-0","ssp370",NA,0.48233697348873,7.82719464983261
"1362",2093,"Tirane","mri-esm2-0","ssp370",NA,0.372945542871354,10.0011601039342
"1363",2094,"Tirane","mri-esm2-0","ssp370",NA,0,9.85886753627232
"1364",2095,"Tirane","mri-esm2-0","ssp370",NA,0,8.12335248674668
"1365",2096,"Tirane","mri-esm2-0","ssp370",NA,12.5808234017833,5.76914803641185
"1366",2097,"Tirane","mri-esm2-0","ssp370",NA,2.45451712045386,9.17589721679689
"1367",2098,"Tirane","mri-esm2-0","ssp370",NA,3.43912617058128,9.85859723772322
"1368",2099,"Tirane","mri-esm2-0","ssp370",NA,2.02598546701276,7.63134809221543
"1369",2100,"Tirane","mri-esm2-0","ssp370",NA,0.203090192189848,12.818512398856
"1370",2101,"Tirane","mri-esm2-0","ssp370",NA,0,11.8568773542132
"1371",2102,"Tirane","mri-esm2-0","ssp370",NA,0.647870241872235,14.2006338936942
"1372",2103,"Tirane","mri-esm2-0","ssp370",NA,0.401357663213275,14.454710170201
"1373",2104,"Tirane","mri-esm2-0","ssp370",NA,3.16190483970006,13.6303584507534
"1374",2105,"Tirane","mri-esm2-0","ssp370",NA,2.02552736045618,17.2575034005301
"1375",2106,"Tirane","mri-esm2-0","ssp370",NA,5.15183964037403,16.4946271623884
"1376",2107,"Tirane","mri-esm2-0","ssp370",NA,1.16333384191551,18.2037183489118
"1377",2108,"Tirane","mri-esm2-0","ssp370",NA,0.684093275594932,19.1979287283761
"1378",2109,"Tirane","mri-esm2-0","ssp370",NA,0.137302289762634,20.1950644356864
"1379",2110,"Tirane","mri-esm2-0","ssp370",NA,1.94428529575816,22.8671966552734
"1380",2111,"Tirane","mri-esm2-0","ssp370",NA,12.2643691139923,22.2322261265346
"1381",2112,"Tirane","mri-esm2-0","ssp370",NA,0.09549945046144,25.1238451276507
"1382",2113,"Tirane","mri-esm2-0","ssp370",NA,1.36213703933338,26.3156873430524
"1383",2114,"Tirane","mri-esm2-0","ssp370",NA,0.59412740863211,26.8906646728515
"1384",2115,"Tirane","mri-esm2-0","ssp370",NA,0,26.3462419782366
"1385",2116,"Tirane","mri-esm2-0","ssp370",NA,0.375429858286224,26.7285661969866
"1386",2117,"Tirane","mri-esm2-0","ssp370",NA,0.14925506493455,25.6716073172433
"1387",2118,"Tirane","mri-esm2-0","ssp370",NA,0.0554816155532275,26.1436532156808
"1388",2119,"Tirane","mri-esm2-0","ssp370",NA,0.121777348353394,27.7123613630023
"1389",2120,"Tirane","mri-esm2-0","ssp370",NA,1.03566975948134,27.1386810302735
"1390",2121,"Tirane","mri-esm2-0","ssp370",NA,0.191311252170375,27.8165941510882
"1391",2122,"Tirane","mri-esm2-0","ssp370",NA,1.05949269241786,26.8173636300223
"1392",2123,"Tirane","mri-esm2-0","ssp370",NA,0.302098491374636,23.901280430385
"1393",2124,"Tirane","mri-esm2-0","ssp370",NA,4.52513451974872,22.7714717320034
"1394",2125,"Tirane","mri-esm2-0","ssp370",NA,0.166571833895952,23.5649200439453
"1395",2126,"Tirane","mri-esm2-0","ssp370",NA,0,27.2855228969029
"1396",2127,"Tirane","mri-esm2-0","ssp370",NA,0.17150333551399,23.1278952462333
"1397",2128,"Tirane","mri-esm2-0","ssp370",NA,0.122569146333262,21.4875667027065
"1398",2129,"Tirane","mri-esm2-0","ssp370",NA,0.0512873434802584,18.4272857666015
"1399",2130,"Tirane","mri-esm2-0","ssp370",NA,0,20.074598475865
"1400",2131,"Tirane","mri-esm2-0","ssp370",NA,0,18.4605172293527
"1401",2132,"Tirane","mri-esm2-0","ssp370",NA,0,17.5071655273438
"1402",2133,"Tirane","mri-esm2-0","ssp370",NA,6.68026228751322,14.9226274762835
"1403",2134,"Tirane","mri-esm2-0","ssp370",NA,9.49578446436914,13.8380087716239
"1404",2135,"Tirane","mri-esm2-0","ssp370",NA,19.066856869696,11.3930428641183
"1405",2136,"Tirane","mri-esm2-0","ssp370",NA,4.28178613573047,8.43278764997212
"1406",2137,"Tirane","mri-esm2-0","ssp370",NA,0.769296115790244,8.69318978445872
"1407",2138,"Tirane","mri-esm2-0","ssp370",NA,5.94763295916242,10.470588030134
"1408",2139,"Tirane","mri-esm2-0","ssp370",NA,4.37993649052909,10.981090436663
"1409",2140,"Tirane","mri-esm2-0","ssp370",NA,1.2699347414517,6.25983581542971
"1410",2141,"Tirane","mri-esm2-0","ssp370",NA,0.356993073884431,3.59856567382815
"1411",2142,"Tirane","mri-esm2-0","ssp370",NA,6.00089766750378,8.04606672014511
"1412",2143,"Tirane","mri-esm2-0","ssp370",NA,9.57432291065095,7.59420166015627
"1413",2144,"Tirane","mri-esm2-0","ssp370",NA,9.30145474059308,7.32893633161274
"1414",2145,"Tirane","mri-esm2-0","ssp370",NA,13.4662981161715,7.16927926199779
"1415",2146,"Tirane","mri-esm2-0","ssp370",NA,1.6930314570865,4.09760001046319
"1416",2147,"Tirane","mri-esm2-0","ssp370",NA,3.00445691461521,10.3137690952846
"1417",2148,"Tirane","mri-esm2-0","ssp370",NA,0,5.55560128348217
"1418",2149,"Tirane","mri-esm2-0","ssp370",NA,1.04782539612123,9.86188877650672
"1419",2150,"Tirane","mri-esm2-0","ssp370",NA,0.804144458691425,13.2514522007534
"1420",2151,"Tirane","mri-esm2-0","ssp370",NA,0.70899122479854,15.0316755022322
"1421",2152,"Tirane","mri-esm2-0","ssp370",NA,0.894273548250826,13.4350197928293
"1422",2153,"Tirane","mri-esm2-0","ssp370",NA,4.35055091059309,13.8129625592913
"1423",2154,"Tirane","mri-esm2-0","ssp370",NA,4.56207885155371,12.1702732631138
"1424",2155,"Tirane","mri-esm2-0","ssp370",NA,3.84009741496161,12.0281136648996
"1425",2156,"Tirane","mri-esm2-0","ssp370",NA,2.72479962610045,13.9308541434152
"1426",2157,"Tirane","mri-esm2-0","ssp370",NA,2.17854316059467,14.2873081752232
"1427",2158,"Tirane","mri-esm2-0","ssp370",NA,13.1395254422387,15.0120374407087
"1428",2159,"Tirane","mri-esm2-0","ssp370",NA,0.0079519194904216,20.455937412807
"1429",2160,"Tirane","mri-esm2-0","ssp370",NA,3.68141210767914,20.1209285191128
"1430",2161,"Tirane","mri-esm2-0","ssp370",NA,2.49759721866992,18.6316031319754
"1431",2162,"Tirane","mri-esm2-0","ssp370",NA,0.238749264618881,18.7345868791853
"1432",2163,"Tirane","mri-esm2-0","ssp370",NA,0.0580897742890686,23.0722333635603
"1433",2164,"Tirane","mri-esm2-0","ssp370",NA,0.231200448953521,23.5735979352679
"1434",2165,"Tirane","mri-esm2-0","ssp370",NA,2.84484336791918,23.0302455357143
"1435",2166,"Tirane","mri-esm2-0","ssp370",NA,7.06092417302508,23.1783037458148
"1436",2167,"Tirane","mri-esm2-0","ssp370",NA,11.6744994310596,24.0001116071429
"1437",2168,"Tirane","mri-esm2-0","ssp370",NA,1.06308090588365,25.4760877336775
"1438",2169,"Tirane","mri-esm2-0","ssp370",NA,5.14371916745274,26.3661721365793
"1439",2170,"Tirane","mri-esm2-0","ssp370",NA,1.36045561926688,25.2843414306641
"1440",2171,"Tirane","mri-esm2-0","ssp370",NA,0.0819806525604299,27.1058877127511
"1441",2172,"Tirane","mri-esm2-0","ssp370",NA,0.0276388476777356,28.5264417375837
"1442",2173,"Tirane","mri-esm2-0","ssp370",NA,0,27.8880096435547
"1443",2174,"Tirane","mri-esm2-0","ssp370",NA,1.12045183772612,26.38834097726
"1444",2175,"Tirane","mri-esm2-0","ssp370",NA,0,25.2805267333984
"1445",2176,"Tirane","mri-esm2-0","ssp370",NA,5.95605127262908,24.1277709960938
"1446",2177,"Tirane","mri-esm2-0","ssp370",NA,0.0239493476588645,24.7438249860491
"1447",2178,"Tirane","mri-esm2-0","ssp370",NA,0.66907144833489,24.1145089285714
"1448",2179,"Tirane","mri-esm2-0","ssp370",NA,0,20.9385554722377
"1449",2180,"Tirane","mri-esm2-0","ssp370",NA,0.864494259751934,20.274059186663
"1450",2181,"Tirane","mri-esm2-0","ssp370",NA,3.64356169822193,20.2833866664342
"1451",2182,"Tirane","mri-esm2-0","ssp370",NA,3.16131805011537,19.6758884974888
"1452",2183,"Tirane","mri-esm2-0","ssp370",NA,0.185867022238589,18.6378897530692
"1453",2184,"Tirane","mri-esm2-0","ssp370",NA,1.79314626501374,17.4061981201172
"1454",2185,"Tirane","mri-esm2-0","ssp370",NA,7.2721424246473,15.9304813929967
"1455",2186,"Tirane","mri-esm2-0","ssp370",NA,1.0054624431567,9.41505257742747
"1456",2187,"Tirane","mri-esm2-0","ssp370",NA,6.96026584591891,12.1260881696429
"1457",2188,"Tirane","mri-esm2-0","ssp370",NA,3.97072892405309,13.5143567766462
"1458",2189,"Tirane","mri-esm2-0","ssp370",NA,7.32422422521008,10.3226279122489
"1459",2190,"Tirane","mri-esm2-0","ssp370",NA,3.45818810861342,10.1427878243583
"1460",2191,"Tirane","mri-esm2-0","ssp370",NA,1.77833511726411,12.5163447788784
"1461",2192,"Tirane","mri-esm2-0","ssp370",NA,2.36153041254771,9.30396423339846
"1462",2193,"Tirane","mri-esm2-0","ssp370",NA,3.34945612563128,10.512846156529
"1463",2194,"Tirane","mri-esm2-0","ssp370",NA,0,6.46166817801342
"1464",2195,"Tirane","mri-esm2-0","ssp370",NA,0.10953083775738,7.93483668736052
"1465",2196,"Tirane","mri-esm2-0","ssp370",NA,2.95994931958765,8.83226274762838
"1466",2197,"Tirane","mri-esm2-0","ssp370",NA,4.60258757645664,9.22051609584266
"1467",2198,"Tirane","mri-esm2-0","ssp370",NA,4.44438731686075,5.73880702427458
"1468",2199,"Tirane","mri-esm2-0","ssp370",NA,1.70523889080089,3.93245631626676
"1469",2200,"Tirane","mri-esm2-0","ssp370",NA,1.28477318253967,10.0151284354074
"1470",2201,"Tirane","mri-esm2-0","ssp370",NA,0.264636320727212,13.6445491245815
"1471",2202,"Tirane","mri-esm2-0","ssp370",NA,7.92017230248478,10.698135811942
"1472",2203,"Tirane","mri-esm2-0","ssp370",NA,6.57442117849963,8.31507045200895
"1473",2204,"Tirane","mri-esm2-0","ssp370",NA,0.163222815483875,14.2626172746931
"1474",2205,"Tirane","mri-esm2-0","ssp370",NA,0.438277750176245,16.7972111293248
"1475",2206,"Tirane","mri-esm2-0","ssp370",NA,4.77495057951143,16.1514809744699
"1476",2207,"Tirane","mri-esm2-0","ssp370",NA,0.333834252186144,11.9494546072824
"1477",2208,"Tirane","mri-esm2-0","ssp370",NA,0.734862446967911,14.4508911132813
"1478",2209,"Tirane","mri-esm2-0","ssp370",NA,3.34024038727096,13.1667027064733
"1479",2210,"Tirane","mri-esm2-0","ssp370",NA,0.485248257297956,18.1221448625837
"1480",2211,"Tirane","mri-esm2-0","ssp370",NA,1.30741726440777,21.1997663225446
"1481",2212,"Tirane","mri-esm2-0","ssp370",NA,1.39650734012581,19.0700077601842
"1482",2213,"Tirane","mri-esm2-0","ssp370",NA,2.83069886562381,20.3520817347936
"1483",2214,"Tirane","mri-esm2-0","ssp370",NA,0.665646430804502,22.8798483712333
"1484",2215,"Tirane","mri-esm2-0","ssp370",NA,4.64252451290251,19.4989780970983
"1485",2216,"Tirane","mri-esm2-0","ssp370",NA,0,23.6855385916574
"1486",2217,"Tirane","mri-esm2-0","ssp370",NA,0.117655250921546,28.2557878766741
"1487",2218,"Tirane","mri-esm2-0","ssp370",NA,0.368168322529527,27.1952954973493
"1488",2219,"Tirane","mri-esm2-0","ssp370",NA,0.274293232983577,27.8303575788226
"1489",2220,"Tirane","mri-esm2-0","ssp370",NA,0,28.3400185721261
"1490",2221,"Tirane","mri-esm2-0","ssp370",NA,0,28.6906895228794
"1491",2222,"Tirane","mri-esm2-0","ssp370",NA,0,26.9067321777344
"1492",2223,"Tirane","mri-esm2-0","ssp370",NA,0,27.8309003557478
"1493",2224,"Tirane","mri-esm2-0","ssp370",NA,0,25.9908081054688
"1494",2225,"Tirane","mri-esm2-0","ssp370",NA,0,27.3789175851004
"1495",2226,"Tirane","mri-esm2-0","ssp370",NA,0.0286779323817297,26.9873726981027
"1496",2227,"Tirane","mri-esm2-0","ssp370",NA,0.35909043654101,27.2619502476283
"1497",2228,"Tirane","mri-esm2-0","ssp370",NA,0.0223782403606622,26.9572300502233
"1498",2229,"Tirane","mri-esm2-0","ssp370",NA,0,24.925188773019
"1499",2230,"Tirane","mri-esm2-0","ssp370",NA,0.088317810566098,25.3851191929409
"1500",2231,"Tirane","mri-esm2-0","ssp370",NA,0,23.3566310337612
"1501",2232,"Tirane","mri-esm2-0","ssp370",NA,7.71168696150458,21.0785570417132
"1502",2233,"Tirane","mri-esm2-0","ssp370",NA,6.30759817733114,16.0723750523159
"1503",2234,"Tirane","mri-esm2-0","ssp370",NA,8.97002978765937,18.3800968715123
"1504",2235,"Tirane","mri-esm2-0","ssp370",NA,17.2385461849834,17.5999302455357
"1505",2236,"Tirane","mri-esm2-0","ssp370",NA,3.37100014164337,17.6076075962612
"1506",2237,"Tirane","mri-esm2-0","ssp370",NA,7.07294790835086,16.035067313058
"1507",2238,"Tirane","mri-esm2-0","ssp370",NA,0.622158781957946,13.9458469935826
"1508",2239,"Tirane","mri-esm2-0","ssp370",NA,0.213602828236097,14.072654070173
"1509",2240,"Tirane","mri-esm2-0","ssp370",NA,5.0555905755443,12.9082951136998
"1510",2241,"Tirane","mri-esm2-0","ssp370",NA,3.11105104501621,10.8055903843471
"1511",2242,"Tirane","mri-esm2-0","ssp370",NA,1.65823317126654,13.5244384765625
"1512",2243,"Tirane","mri-esm2-0","ssp370",NA,2.39166734474045,12.3276633126395
"1513",2244,"Tirane","mri-esm2-0","ssp370",NA,1.91264051203948,10.3769448416574
"1514",2245,"Tirane","mri-esm2-0","ssp370",NA,2.40254091994367,8.22338038853239
"1515",2246,"Tirane","mri-esm2-0","ssp370",NA,0,6.88929356166297
"1516",2247,"Tirane","mri-esm2-0","ssp370",NA,0.00788265793484505,8.23533455984935
"1517",2248,"Tirane","mri-esm2-0","ssp370",NA,0,7.1523638044085
"1518",2249,"Tirane","mri-esm2-0","ssp370",NA,0.0405125009690112,7.54813101632257
"1519",2250,"Tirane","mri-esm2-0","ssp370",NA,0.736289929747207,7.91848798479355
"1520",2251,"Tirane","mri-esm2-0","ssp370",NA,0.125406031397038,12.2676112583706
"1521",2252,"Tirane","mri-esm2-0","ssp370",NA,3.08675348891743,9.02690168108261
"1522",2253,"Tirane","mri-esm2-0","ssp370",NA,0.358077215995374,5.98027736118864
"1523",2254,"Tirane","mri-esm2-0","ssp370",NA,0.116213778736502,6.96371721540181
"1524",2255,"Tirane","mri-esm2-0","ssp370",NA,3.65642278006167,10.9900190080916
"1525",2256,"Tirane","mri-esm2-0","ssp370",NA,6.66162908663475,8.41739807128909
"1526",2257,"Tirane","mri-esm2-0","ssp370",NA,2.78664951817648,8.12516174316409
"1527",2258,"Tirane","mri-esm2-0","ssp370",NA,1.82099555365442,13.4938751220703
"1528",2259,"Tirane","mri-esm2-0","ssp370",NA,4.14554832054169,13.5268232073103
"1529",2260,"Tirane","mri-esm2-0","ssp370",NA,4.12511675801527,14.7646336146763
"1530",2261,"Tirane","mri-esm2-0","ssp370",NA,0,16.2770717075893
"1531",2262,"Tirane","mri-esm2-0","ssp370",NA,0.21489383871085,20.3460239955357
"1532",2263,"Tirane","mri-esm2-0","ssp370",NA,3.90492137583871,18.3208251953125
"1533",2264,"Tirane","mri-esm2-0","ssp370",NA,1.26267622191725,20.4630589076451
"1534",2265,"Tirane","mri-esm2-0","ssp370",NA,0,22.0685886928013
"1535",2266,"Tirane","mri-esm2-0","ssp370",NA,1.49237709764358,20.4243887765067
"1536",2267,"Tirane","mri-esm2-0","ssp370",NA,2.7160316195867,22.4510262625558
"1537",2268,"Tirane","mri-esm2-0","ssp370",NA,0.263931095832959,22.9945966448103
"1538",2269,"Tirane","mri-esm2-0","ssp370",NA,0.402590440041552,27.5544721330915
"1539",2270,"Tirane","mri-esm2-0","ssp370",NA,0.137463719043548,27.6562700544085
"1540",2271,"Tirane","mri-esm2-0","ssp370",NA,2.29707324155503,25.6595114571708
"1541",2272,"Tirane","mri-esm2-0","ssp370",NA,0.703264494326766,26.0591783796038
"1542",2273,"Tirane","mri-esm2-0","ssp370",NA,0.794126541326737,26.867316545759
"1543",2274,"Tirane","mri-esm2-0","ssp370",NA,0.0800223700935022,26.0559914725168
"1544",2275,"Tirane","mri-esm2-0","ssp370",NA,0.0091059391706949,28.0138554164342
"1545",2276,"Tirane","mri-esm2-0","ssp370",NA,0.0088444567674222,26.6403311593193
"1546",2277,"Tirane","mri-esm2-0","ssp370",NA,0.172099358990506,27.4703809465681
"1547",2278,"Tirane","mri-esm2-0","ssp370",NA,0,27.7002829415458
"1548",2279,"Tirane","mri-esm2-0","ssp370",NA,0,27.2264910016741
"1549",2280,"Tirane","mri-esm2-0","ssp370",NA,0,28.8538604736328
"1550",2281,"Tirane","mri-esm2-0","ssp370",NA,0.0421925613149402,28.2538478306362
"1551",2282,"Tirane","mri-esm2-0","ssp370",NA,3.84474196221812,23.9817160470145
"1552",2283,"Tirane","mri-esm2-0","ssp370",NA,8.28753240023486,19.7175973074777
"1553",2284,"Tirane","mri-esm2-0","ssp370",NA,0.682301967234317,17.067779976981
"1554",2285,"Tirane","mri-esm2-0","ssp370",NA,0,15.39685320173
"1555",2286,"Tirane","mri-esm2-0","ssp370",NA,0.0282063142159521,19.1666721888951
"1556",2287,"Tirane","mri-esm2-0","ssp370",NA,0,15.4213021414621
"1557",2288,"Tirane","mri-esm2-0","ssp370",NA,0.352750028676902,15.4870718819754
"1558",2289,"Tirane","mri-esm2-0","ssp370",NA,2.18315425016564,17.8534637451172
"1559",2290,"Tirane","mri-esm2-0","ssp370",NA,9.78143508751342,14.88831917899
"1560",2291,"Tirane","mri-esm2-0","ssp370",NA,0,11.2564570835659
"1561",2292,"Tirane","mri-esm2-0","ssp370",NA,13.5138155593138,9.28357195172993
"1562",2293,"Tirane","mri-esm2-0","ssp370",NA,16.9143151866073,11.9184836251395
"1563",2294,"Tirane","mri-esm2-0","ssp370",NA,0.449143686949226,12.5562094552177
"1564",2295,"Tirane","mri-esm2-0","ssp370",NA,8.29230305350523,10.7676243373326
"1565",2296,"Tirane","mri-esm2-0","ssp370",NA,3.37415536549608,9.32204589843752
"1566",2297,"Tirane","mri-esm2-0","ssp370",NA,6.90394246651391,6.78906511579244
"1567",2298,"Tirane","mri-esm2-0","ssp370",NA,1.82510890341031,7.61857866559713
"1568",2299,"Tirane","mri-esm2-0","ssp370",NA,1.82988754381118,8.8207445417132
"1569",2300,"Tirane","mri-esm2-0","ssp370",NA,3.57972911536178,8.9021676199777
"1570",2301,"Tirane","mri-esm2-0","ssp370",NA,9.25083266951593,8.01147940499444
"1571",2302,"Tirane","mri-esm2-0","ssp370",NA,6.10526017582222,5.73323756626676
"1572",2303,"Tirane","mri-esm2-0","ssp370",NA,5.40460190448877,5.74668927873886
"1573",2304,"Tirane","mri-esm2-0","ssp370",NA,7.73006960475218,5.26481672014511
"1574",2305,"Tirane","mri-esm2-0","ssp370",NA,8.3297277476439,5.0388863699777
"1575",2306,"Tirane","mri-esm2-0","ssp370",NA,0,10.6069689069476
"1576",2307,"Tirane","mri-esm2-0","ssp370",NA,0.100239081335271,13.4061196463449
"1577",2308,"Tirane","mri-esm2-0","ssp370",NA,1.25118604571201,15.0799194335938
"1578",2309,"Tirane","mri-esm2-0","ssp370",NA,0.537227242499023,16.2630859375
"1579",2310,"Tirane","mri-esm2-0","ssp370",NA,3.46806078003803,12.9281576974052
"1580",2311,"Tirane","mri-esm2-0","ssp370",NA,4.60105644971398,11.4192116873605
"1581",2312,"Tirane","mri-esm2-0","ssp370",NA,1.68732745597871,14.3534528459822
"1582",2313,"Tirane","mri-esm2-0","ssp370",NA,0.612215020581581,18.1349840436663
"1583",2314,"Tirane","mri-esm2-0","ssp370",NA,0.257734929203122,17.56214730399
"1584",2315,"Tirane","mri-esm2-0","ssp370",NA,0,20.9290666852679
"1585",2316,"Tirane","mri-esm2-0","ssp370",NA,0.646690856878455,21.0252057756697
"1586",2317,"Tirane","mri-esm2-0","ssp370",NA,1.8101987395182,18.3123609270368
"1587",2318,"Tirane","mri-esm2-0","ssp370",NA,0.31818661809666,23.0344852992467
"1588",2319,"Tirane","mri-esm2-0","ssp370",NA,3.10415969213085,21.4487962995257
"1589",2320,"Tirane","mri-esm2-0","ssp370",NA,0.727682528122385,21.4717411586217
"1590",2321,"Tirane","mri-esm2-0","ssp370",NA,1.40188788209344,22.3156590053013
"1591",2322,"Tirane","mri-esm2-0","ssp370",NA,0.109681681143619,22.8186780657087
"1592",2323,"Tirane","mri-esm2-0","ssp370",NA,0.593914541501103,25.0339185442243
"1593",2324,"Tirane","mri-esm2-0","ssp370",NA,0.033378786663109,25.9697269984654
"1594",2325,"Tirane","mri-esm2-0","ssp370",NA,3.22385669818946,23.0612797328404
"1595",2326,"Tirane","mri-esm2-0","ssp370",NA,0,26.9482426234655
"1596",2327,"Tirane","mri-esm2-0","ssp370",NA,0.103464735626143,27.537990461077
"1597",2328,"Tirane","mri-esm2-0","ssp370",NA,3.51826654368779,26.0988752092635
"1598",2329,"Tirane","mri-esm2-0","ssp370",NA,0.0128594779588249,27.1228903634208
"1599",2330,"Tirane","mri-esm2-0","ssp370",NA,0,28.0956534249442
"1600",2331,"Tirane","mri-esm2-0","ssp370",NA,1.56380011989572,25.4907274518694
"1601",2332,"Tirane","mri-esm2-0","ssp370",NA,0,26.10755746024
"1602",2333,"Tirane","mri-esm2-0","ssp370",NA,0.221631073093574,24.8905578613281
"1603",2334,"Tirane","mri-esm2-0","ssp370",NA,0,24.2510859898159
"1604",2335,"Tirane","mri-esm2-0","ssp370",NA,0.0538758992271531,21.0269430977958
"1605",2336,"Tirane","mri-esm2-0","ssp370",NA,0,21.5618857247489
"1606",2337,"Tirane","mri-esm2-0","ssp370",NA,1.38373804854512,20.8916957310268
"1607",2338,"Tirane","mri-esm2-0","ssp370",NA,9.25070085660471,18.1172315325056
"1608",2339,"Tirane","mri-esm2-0","ssp370",NA,0,17.9396257672991
"1609",2340,"Tirane","mri-esm2-0","ssp370",NA,8.90524440411744,12.243295288086
"1610",2341,"Tirane","mri-esm2-0","ssp370",NA,2.33574236556576,9.05297677176342
"1611",2342,"Tirane","mri-esm2-0","ssp370",NA,5.78445567467238,11.9318830217634
"1612",2343,"Tirane","mri-esm2-0","ssp370",NA,2.12162379840655,11.2745125906808
"1613",2344,"Tirane","mri-esm2-0","ssp370",NA,6.374292297031,10.7194893973214
"1614",2345,"Tirane","mri-esm2-0","ssp370",NA,3.34606204560259,10.9477761404855
"1615",2346,"Tirane","mri-esm2-0","ssp370",NA,0.813051069001501,9.00602111816409
"1616",2347,"Tirane","mri-esm2-0","ssp370",NA,6.81640244978813,10.4607439313616
"1617",2348,"Tirane","mri-esm2-0","ssp370",NA,0.69664039599177,5.04012451171877
"1618",2349,"Tirane","mri-esm2-0","ssp370",NA,0,7.1206473214286
"1619",2350,"Tirane","mri-esm2-0","ssp370",NA,0.79124466129932,9.29576372419087
"1620",2351,"Tirane","mri-esm2-0","ssp370",NA,0.588950650749861,8.2932547433036
"1621",2352,"Tirane","mri-esm2-0","ssp370",NA,0.851042617172682,10.5940403529576
"1622",2353,"Tirane","mri-esm2-0","ssp370",NA,3.01258788011702,10.8702898297992
"1623",2354,"Tirane","mri-esm2-0","ssp370",NA,0.223812126621072,8.23642665318082
"1624",2355,"Tirane","mri-esm2-0","ssp370",NA,0.108530462291258,8.9166939871652
"1625",2356,"Tirane","mri-esm2-0","ssp370",NA,0.855362359600672,7.2504080636161
"1626",2357,"Tirane","mri-esm2-0","ssp370",NA,1.68323334156802,6.45350036621096
"1627",2358,"Tirane","mri-esm2-0","ssp370",NA,0.254724284059194,6.92771083286833
"1628",2359,"Tirane","mri-esm2-0","ssp370",NA,0.109309790553067,7.17325308663506
"1629",2360,"Tirane","mri-esm2-0","ssp370",NA,0,8.07617013113842
"1630",2361,"Tirane","mri-esm2-0","ssp370",NA,7.53487549019545,12.1071236746652
"1631",2362,"Tirane","mri-esm2-0","ssp370",NA,0.0104653201560723,16.151282610212
"1632",2363,"Tirane","mri-esm2-0","ssp370",NA,3.59955952985079,15.9172018868583
"1633",2364,"Tirane","mri-esm2-0","ssp370",NA,9.44338367532638,13.5459381103515
"1634",2365,"Tirane","mri-esm2-0","ssp370",NA,10.6423585800387,12.5558585030692
"1635",2366,"Tirane","mri-esm2-0","ssp370",NA,7.1223215145957,11.4745465959822
"1636",2367,"Tirane","mri-esm2-0","ssp370",NA,1.47882740503908,15.8187914167132
"1637",2368,"Tirane","mri-esm2-0","ssp370",NA,0.640890250360828,19.9829476492746
"1638",2369,"Tirane","mri-esm2-0","ssp370",NA,0.722743101817157,20.8930624825614
"1639",2370,"Tirane","mri-esm2-0","ssp370",NA,5.67136344741032,18.1669751848493
"1640",2371,"Tirane","mri-esm2-0","ssp370",NA,0.137844054916059,22.0493277413504
"1641",2372,"Tirane","mri-esm2-0","ssp370",NA,1.8181122837372,22.8559138706753
"1642",2373,"Tirane","mri-esm2-0","ssp370",NA,0.166400043235626,24.7609758649553
"1643",2374,"Tirane","mri-esm2-0","ssp370",NA,0,26.9905116489956
"1644",2375,"Tirane","mri-esm2-0","ssp370",NA,0.361358853868816,25.7591469900948
"1645",2376,"Tirane","mri-esm2-0","ssp370",NA,0.0952782594270374,26.3802254813058
"1646",2377,"Tirane","mri-esm2-0","ssp370",NA,0,24.7028834751674
"1647",2378,"Tirane","mri-esm2-0","ssp370",NA,0,28.5844273158483
"1648",2379,"Tirane","mri-esm2-0","ssp370",NA,0,30.3269941057478
"1649",2380,"Tirane","mri-esm2-0","ssp370",NA,0.57282878219017,29.5749581473214
"1650",2381,"Tirane","mri-esm2-0","ssp370",NA,0,27.8643018450056
"1651",2382,"Tirane","mri-esm2-0","ssp370",NA,0.210818328196183,27.6186876569476
"1652",2383,"Tirane","mri-esm2-0","ssp370",NA,0.401356843030953,28.4633793422154
"1653",2384,"Tirane","mri-esm2-0","ssp370",NA,0.302106856673033,25.6873129708427
"1654",2385,"Tirane","mri-esm2-0","ssp370",NA,0.0439353863060076,26.9047245570592
"1655",2386,"Tirane","mri-esm2-0","ssp370",NA,0.0570004486819796,26.1915091378348
"1656",2387,"Tirane","mri-esm2-0","ssp370",NA,5.149290398653,24.5433811732701
"1657",2388,"Tirane","mri-esm2-0","ssp370",NA,0.374401271775631,21.0468797956194
"1658",2389,"Tirane","mri-esm2-0","ssp370",NA,6.24549186988068,18.14052734375
"1659",2390,"Tirane","mri-esm2-0","ssp370",NA,0.26476072463473,21.4300476074219
"1660",2391,"Tirane","mri-esm2-0","ssp370",NA,0.0238497456718635,14.525539289202
"1661",2392,"Tirane","mri-esm2-0","ssp370",NA,4.11558398024811,13.9915012904577
"1662",2393,"Tirane","mri-esm2-0","ssp370",NA,0.164015689733787,12.6298374720982
"1663",2394,"Tirane","mri-esm2-0","ssp370",NA,13.5614325076209,14.510400390625
"1664",2395,"Tirane","mri-esm2-0","ssp370",NA,2.20375635308301,13.410553414481
"1665",2396,"Tirane","mri-esm2-0","ssp370",NA,0.10370643753309,12.7801125662667
"1666",2397,"Tirane","mri-esm2-0","ssp370",NA,1.20412741494614,11.4474905831473
"1667",2398,"Tirane","mri-esm2-0","ssp370",NA,0.0159949444683401,10.9070940290179
"1668",2399,"Tirane","mri-esm2-0","ssp370",NA,0.446316704411791,10.6520411900112
"1669",2400,"Tirane","mri-esm2-0","ssp370",NA,0.512560642242273,12.8294398716518
"1670",2401,"Tirane","mri-esm2-0","ssp370",NA,3.79243216219558,11.413219342913
"1671",2402,"Tirane","mri-esm2-0","ssp370",NA,1.46956457319902,7.05554678780694
"1672",2403,"Tirane","mri-esm2-0","ssp370",NA,1.65488679582008,5.9091735839844
"1673",2404,"Tirane","mri-esm2-0","ssp370",NA,0.180157130411577,5.57614833286832
"1674",2405,"Tirane","mri-esm2-0","ssp370",NA,1.88110478941651,7.48194492885047
"1675",2406,"Tirane","mri-esm2-0","ssp370",NA,0.419587954612715,2.82182355608261
"1676",2407,"Tirane","mri-esm2-0","ssp370",NA,0,4.21233084542413
"1677",2408,"Tirane","mri-esm2-0","ssp370",NA,3.87381151025953,5.2834651402065
"1678",2409,"Tirane","mri-esm2-0","ssp370",NA,11.7368374186169,8.40375889369422
"1679",2410,"Tirane","mri-esm2-0","ssp370",NA,13.3205567480867,10.6693054199219
"1680",2411,"Tirane","mri-esm2-0","ssp370",NA,0.293180358520268,10.2187133789063
"1681",2412,"Tirane","mri-esm2-0","ssp370",NA,6.36511555556873,12.5688916887556
"1682",2413,"Tirane","mri-esm2-0","ssp370",NA,10.463628913463,10.624394444057
"1683",2414,"Tirane","mri-esm2-0","ssp370",NA,5.57350312493717,10.154421561105
"1684",2415,"Tirane","mri-esm2-0","ssp370",NA,0,14.9380279541015
"1685",2416,"Tirane","mri-esm2-0","ssp370",NA,0.278240096252245,14.985238647461
"1686",2417,"Tirane","mri-esm2-0","ssp370",NA,4.46908978343085,12.1484837123326
"1687",2418,"Tirane","mri-esm2-0","ssp370",NA,0.147353655691924,14.2849561418806
"1688",2419,"Tirane","mri-esm2-0","ssp370",NA,3.00793655249956,14.5825984409877
"1689",2420,"Tirane","mri-esm2-0","ssp370",NA,1.96951040369251,17.6786307198661
"1690",2421,"Tirane","mri-esm2-0","ssp370",NA,0.556915826486407,22.7705867222378
"1691",2422,"Tirane","mri-esm2-0","ssp370",NA,0.010466679876637,23.5558279854911
"1692",2423,"Tirane","mri-esm2-0","ssp370",NA,0.0521373400260927,24.2768057686942
"1693",2424,"Tirane","mri-esm2-0","ssp370",NA,0.0942549707750523,24.1261731828962
"1694",2425,"Tirane","mri-esm2-0","ssp370",NA,0.627525080536932,26.0640742710659
"1695",2426,"Tirane","mri-esm2-0","ssp370",NA,0.304901553213963,26.7939348493304
"1696",2427,"Tirane","mri-esm2-0","ssp370",NA,2.81892805586332,25.6742732456753
"1697",2428,"Tirane","mri-esm2-0","ssp370",NA,0.175475806151683,25.4839852469308
"1698",2429,"Tirane","mri-esm2-0","ssp370",NA,0.841195602229813,25.5176919119699
"1699",2430,"Tirane","mri-esm2-0","ssp370",NA,0.00928610916162145,25.0604143415178
"1700",2431,"Tirane","mri-esm2-0","ssp370",NA,4.51367602685682,23.3564413888114
"1701",2432,"Tirane","mri-esm2-0","ssp370",NA,0.197676880114679,26.7752297537668
"1702",2433,"Tirane","mri-esm2-0","ssp370",NA,0,28.6145285470145
"1703",2434,"Tirane","mri-esm2-0","ssp370",NA,2.93785807708835,27.8265014648438
"1704",2435,"Tirane","mri-esm2-0","ssp370",NA,1.25276315458385,26.9429739815848
"1705",2436,"Tirane","mri-esm2-0","ssp370",NA,0.629940169476736,28.10341796875
"1706",2437,"Tirane","mri-esm2-0","ssp370",NA,0.0397347927251498,27.0239305768694
"1707",2438,"Tirane","mri-esm2-0","ssp370",NA,0.390527288254816,23.8274366106306
"1708",2439,"Tirane","mri-esm2-0","ssp370",NA,0,26.1079868861607
"1709",2440,"Tirane","mri-esm2-0","ssp370",NA,3.47438118499538,23.5339795793806
"1710",2441,"Tirane","mri-esm2-0","ssp370",NA,3.2504865041119,18.7811174665178
"1711",2442,"Tirane","mri-esm2-0","ssp370",NA,6.73091959906742,20.841934640067
"1712",2443,"Tirane","mri-esm2-0","ssp370",NA,0,20.077523803711
"1713",2444,"Tirane","mri-esm2-0","ssp370",NA,0.77288935488988,11.9852168491908
"1714",2445,"Tirane","mri-esm2-0","ssp370",NA,6.153534565861,15.6437447684152
"1715",2446,"Tirane","mri-esm2-0","ssp370",NA,2.05116014039959,13.8781132289342
"1716",2447,"Tirane","mri-esm2-0","ssp370",NA,6.39431182072648,15.2673540387835
"1717",2448,"Tirane","mri-esm2-0","ssp370",NA,3.67980105771234,13.4198438371931
"1718",2449,"Tirane","mri-esm2-0","ssp370",NA,7.04537514112806,13.9894980294365
"1719",2450,"Tirane","mri-esm2-0","ssp370",NA,1.3714426862342,14.1639321463449
"1720",2451,"Tirane","mri-esm2-0","ssp370",NA,0,8.84953133719311
"1721",2452,"Tirane","mri-esm2-0","ssp370",NA,0,4.80986720493864
"1722",2453,"Tirane","mri-esm2-0","ssp370",NA,5.46189876664097,10.226713344029
"1723",2454,"Tirane","mri-esm2-0","ssp370",NA,0,10.9233686174665
"1724",2455,"Tirane","mri-esm2-0","ssp370",NA,0,8.12544076102122
"1725",2456,"Tirane","mri-esm2-0","ssp370",NA,0,7.78445260184154
"1726",2457,"Tirane","mri-esm2-0","ssp370",NA,0,7.08500279017859
"1727",2458,"Tirane","mri-esm2-0","ssp370",NA,1.00987440382596,9.14903302873886
"1728",2459,"Tirane","mri-esm2-0","ssp370",NA,0.682135632294895,9.71914062500002
"1729",2460,"Tirane","mri-esm2-0","ssp370",NA,0,12.227432686942
"1730",2461,"Tirane","mri-esm2-0","ssp370",NA,12.5746910227463,10.7897277832031
"1731",2462,"Tirane","mri-esm2-0","ssp370",NA,0.0641436957656489,9.57996520996096
"1732",2463,"Tirane","mri-esm2-0","ssp370",NA,0.987005903516549,10.4033469063895
"1733",2464,"Tirane","mri-esm2-0","ssp370",NA,0.0152051292388933,12.4040379115514
"1734",2465,"Tirane","mri-esm2-0","ssp370",NA,0.0153314134617436,12.1365927559989
"1735",2466,"Tirane","mri-esm2-0","ssp370",NA,0.302248526505926,13.3447662353516
"1736",2467,"Tirane","mri-esm2-0","ssp370",NA,0.0314610825236221,12.498178100586
"1737",2468,"Tirane","mri-esm2-0","ssp370",NA,0.0113011013776746,16.6770089285714
"1738",2469,"Tirane","mri-esm2-0","ssp370",NA,0.475073175740752,16.5397386823382
"1739",2470,"Tirane","mri-esm2-0","ssp370",NA,0.68528441957564,17.2920754568918
"1740",2471,"Tirane","mri-esm2-0","ssp370",NA,0.0204665097304054,19.5756862095425
"1741",2472,"Tirane","mri-esm2-0","ssp370",NA,6.49878622113777,17.4938969203404
"1742",2473,"Tirane","mri-esm2-0","ssp370",NA,0.102692314716738,19.0210771833148
"1743",2474,"Tirane","mri-esm2-0","ssp370",NA,4.88451408564288,20.8535923549107
"1744",2475,"Tirane","mri-esm2-0","ssp370",NA,2.39093323315111,20.4955557686943
"1745",2476,"Tirane","mri-esm2-0","ssp370",NA,0.404115642387686,24.3574637276786
"1746",2477,"Tirane","mri-esm2-0","ssp370",NA,0,27.5983498709543
"1747",2478,"Tirane","mri-esm2-0","ssp370",NA,0.185497676388228,28.941042654855
"1748",2479,"Tirane","mri-esm2-0","ssp370",NA,1.88855482889007,26.8681034633092
"1749",2480,"Tirane","mri-esm2-0","ssp370",NA,0.47251474222451,26.8775660923549
"1750",2481,"Tirane","mri-esm2-0","ssp370",NA,0.395316216366024,27.5759608677456
"1751",2482,"Tirane","mri-esm2-0","ssp370",NA,2.9674105581632,26.8335859026228
"1752",2483,"Tirane","mri-esm2-0","ssp370",NA,1.85635362618736,28.5651140485491
"1753",2484,"Tirane","mri-esm2-0","ssp370",NA,0.93202468758266,26.6093231201172
"1754",2485,"Tirane","mri-esm2-0","ssp370",NA,0.463306223433132,28.1558776855469
"1755",2486,"Tirane","mri-esm2-0","ssp370",NA,4.5631568601883,27.53408203125
"1756",2487,"Tirane","mri-esm2-0","ssp370",NA,0.520058602394004,27.4713945661273
"1757",2488,"Tirane","mri-esm2-0","ssp370",NA,4.37136049367836,24.0343915666853
"1758",2489,"Tirane","mri-esm2-0","ssp370",NA,0.0255509146622249,26.5226444789342
"1759",2490,"Tirane","mri-esm2-0","ssp370",NA,0.0231084608198476,25.7586630684989
"1760",2491,"Tirane","mri-esm2-0","ssp370",NA,0.53667922108746,22.6647713797433
"1761",2492,"Tirane","mri-esm2-0","ssp370",NA,2.82263073843621,24.0388078962053
"1762",2493,"Tirane","mri-esm2-0","ssp370",NA,3.62782887532375,22.9655918666295
"1763",2494,"Tirane","mri-esm2-0","ssp370",NA,16.4553891661593,19.8696838378906
"1764",2495,"Tirane","mri-esm2-0","ssp370",NA,0.886537067292791,12.7385912214007
"1765",2496,"Tirane","mri-esm2-0","ssp370",NA,11.2189634886557,16.1379050118583
"1766",2497,"Tirane","mri-esm2-0","ssp370",NA,5.07537461359919,16.2041434151786
"1767",2498,"Tirane","mri-esm2-0","ssp370",NA,4.53196436808087,16.8413853236608
"1768",2499,"Tirane","mri-esm2-0","ssp370",NA,10.4087100243695,13.79140625
"1769",2500,"Tirane","mri-esm2-0","ssp370",NA,13.3541547233887,12.3515302385603
"1770",2501,"Tirane","mri-esm2-0","ssp370",NA,4.20039365001555,8.75625000000002
"1771",2502,"Tirane","mri-esm2-0","ssp370",NA,0,5.74565604073663
"1772",2503,"Tirane","mri-esm2-0","ssp370",NA,1.0287391051991,8.43251081194198
"1773",2504,"Tirane","mri-esm2-0","ssp370",NA,2.35436870259166,10.5219164167132
"1774",2505,"Tirane","mri-esm2-0","ssp370",NA,5.85370429045205,10.730841936384
"1775",2506,"Tirane","mri-esm2-0","ssp370",NA,5.36294006077306,6.87399989536833
"1776",2507,"Tirane","mri-esm2-0","ssp370",NA,0.571507942056217,5.66044224330359
"1777",2508,"Tirane","mri-esm2-0","ssp370",NA,9.46660944186338,8.80627267020092
"1778",2509,"Tirane","mri-esm2-0","ssp370",NA,0.129845943514998,7.49861842564176
"1779",2510,"Tirane","mri-esm2-0","ssp370",NA,7.98885911652697,8.64970223563061
"1780",2511,"Tirane","mri-esm2-0","ssp370",NA,1.7521982872235,8.49200701032369
"1781",2512,"Tirane","mri-esm2-0","ssp370",NA,9.58000367723539,9.68415440150672
"1782",2513,"Tirane","mri-esm2-0","ssp370",NA,1.25334886439045,10.8340872628348
"1783",2514,"Tirane","mri-esm2-0","ssp370",NA,1.46041368466935,13.8158312116351
"1784",2515,"Tirane","mri-esm2-0","ssp370",NA,0.154108478039104,12.1871298653739
"1785",2516,"Tirane","mri-esm2-0","ssp370",NA,0,11.6953194754464
"1786",2517,"Tirane","mri-esm2-0","ssp370",NA,1.07351259295163,14.9599308558873
"1787",2518,"Tirane","mri-esm2-0","ssp370",NA,1.47964150861039,11.5053976876396
"1788",2519,"Tirane","mri-esm2-0","ssp370",NA,11.6960183659103,10.9203626360212
"1789",2520,"Tirane","mri-esm2-0","ssp370",NA,2.5734919963205,12.9321140834264
"1790",2521,"Tirane","mri-esm2-0","ssp370",NA,1.61963942123943,15.7629464285714
"1791",2522,"Tirane","mri-esm2-0","ssp370",NA,6.36653769558636,15.750366646903
"1792",2523,"Tirane","mri-esm2-0","ssp370",NA,0.540772515315828,19.9053697858538
"1793",2524,"Tirane","mri-esm2-0","ssp370",NA,2.37785638582864,17.7523219517299
"1794",2525,"Tirane","mri-esm2-0","ssp370",NA,1.23521549061739,18.6390407017299
"1795",2526,"Tirane","mri-esm2-0","ssp370",NA,1.85444326930987,18.7362086704799
"1796",2527,"Tirane","mri-esm2-0","ssp370",NA,7.81335428265655,20.4963274274553
"1797",2528,"Tirane","mri-esm2-0","ssp370",NA,0.0655703618706737,24.511636352539
"1798",2529,"Tirane","mri-esm2-0","ssp370",NA,0,26.08681640625
"1799",2530,"Tirane","mri-esm2-0","ssp370",NA,0.182590056387458,25.1500684465681
"1800",2531,"Tirane","mri-esm2-0","ssp370",NA,3.32999930454077,24.1455017089844
"1801",2532,"Tirane","mri-esm2-0","ssp370",NA,1.43485273417484,25.3378692626953
"1802",2533,"Tirane","mri-esm2-0","ssp370",NA,0,27.3414114815848
"1803",2534,"Tirane","mri-esm2-0","ssp370",NA,0.129787180854432,27.3656446184431
"1804",2535,"Tirane","mri-esm2-0","ssp370",NA,1.03933040016793,27.4199288504464
"1805",2536,"Tirane","mri-esm2-0","ssp370",NA,0.772602980058372,28.1274897984096
"1806",2537,"Tirane","mri-esm2-0","ssp370",NA,0.182166532197568,30.1758579799107
"1807",2538,"Tirane","mri-esm2-0","ssp370",NA,1.09285457729129,28.2197662353516
"1808",2539,"Tirane","mri-esm2-0","ssp370",NA,0.271056968943282,26.8573394775391
"1809",2540,"Tirane","mri-esm2-0","ssp370",NA,0.527667256288364,27.3146846226284
"1810",2541,"Tirane","mri-esm2-0","ssp370",NA,0.531288754843574,25.9192705426898
"1811",2542,"Tirane","mri-esm2-0","ssp370",NA,2.70970682114629,24.8043086460658
"1812",2543,"Tirane","mri-esm2-0","ssp370",NA,3.00026378265881,18.7661093575615
"1813",2544,"Tirane","mri-esm2-0","ssp370",NA,0,21.2194893973214
"1814",2545,"Tirane","mri-esm2-0","ssp370",NA,0,22.6828748430525
"1815",2546,"Tirane","mri-esm2-0","ssp370",NA,0.225013070693032,22.1103280203683
"1816",2547,"Tirane","mri-esm2-0","ssp370",NA,3.0856152189829,18.9867601667132
"1817",2548,"Tirane","mri-esm2-0","ssp370",NA,0,19.6055367606027
"1818",2549,"Tirane","mri-esm2-0","ssp370",NA,0,18.2526772635324
"1819",2550,"Tirane","mri-esm2-0","ssp370",NA,19.5793364163235,16.706931413923
"1820",2551,"Tirane","mri-esm2-0","ssp370",NA,7.12654126774786,15.4903132847377
"1821",2552,"Tirane","mri-esm2-0","ssp370",NA,10.6969272954822,10.9438938685827
"1822",2553,"Tirane","mri-esm2-0","ssp370",NA,3.5183212299931,9.58595319475451
"1823",2554,"Tirane","mri-esm2-0","ssp370",NA,5.63401569816051,10.6571725027902
"1824",2555,"Tirane","mri-esm2-0","ssp370",NA,0.353147758869454,11.2194152832032
"1825",2556,"Tirane","mri-esm2-0","ssp370",NA,0.096723880934795,10.2446620396206
"1826",2557,"Tirane","mri-esm2-0","ssp370",NA,3.22840110953361,10.4455984933036
"1827",2558,"Tirane","mri-esm2-0","ssp370",NA,1.41799311337049,5.91955392020092
"1828",2559,"Tirane","mri-esm2-0","ssp370",NA,4.52713441191008,5.41744166782927
"1829",2560,"Tirane","mri-esm2-0","ssp370",NA,0.282724199288558,5.7917659214565
"1830",2561,"Tirane","mri-esm2-0","ssp370",NA,0.172551115974784,7.1341993059431
"1831",2562,"Tirane","mri-esm2-0","ssp370",NA,0.255069054609131,10.1706045968192
"1832",2563,"Tirane","mri-esm2-0","ssp370",NA,0.65637364662377,10.9720790318081
"1833",2564,"Tirane","mri-esm2-0","ssp370",NA,8.78507686809046,9.58339843750003
"1834",2565,"Tirane","mri-esm2-0","ssp370",NA,8.7701978444654,8.91291198730471
"1835",2566,"Tirane","mri-esm2-0","ssp370",NA,11.4347490241146,9.4313424246652
"1836",2567,"Tirane","mri-esm2-0","ssp370",NA,14.7795415965707,9.43000619070872
"1837",2568,"Tirane","mri-esm2-0","ssp370",NA,4.38569790369781,14.5363861083985
"1838",2569,"Tirane","mri-esm2-0","ssp370",NA,3.40476839072445,11.4914903913226
"1839",2570,"Tirane","mri-esm2-0","ssp370",NA,3.05449756061924,15.3766440255302
"1840",2571,"Tirane","mri-esm2-0","ssp370",NA,4.08941539603152,12.7793103899275
"1841",2572,"Tirane","mri-esm2-0","ssp370",NA,3.25291539582915,12.1099334716797
"1842",2573,"Tirane","mri-esm2-0","ssp370",NA,2.99501688199858,13.6999559674944
"1843",2574,"Tirane","mri-esm2-0","ssp370",NA,0.564854432221702,16.2291176932199
"1844",2575,"Tirane","mri-esm2-0","ssp370",NA,8.18321878572793,16.5155752999442
"1845",2576,"Tirane","mri-esm2-0","ssp370",NA,2.74108180136474,14.3438637869699
"1846",2577,"Tirane","mri-esm2-0","ssp370",NA,1.16602525582233,16.9343375069754
"1847",2578,"Tirane","mri-esm2-0","ssp370",NA,2.79063760946363,20.3922842843192
"1848",2579,"Tirane","mri-esm2-0","ssp370",NA,1.67710951235287,22.7530456542969
"1849",2580,"Tirane","mri-esm2-0","ssp370",NA,0.673441168562152,23.79187273298
"1850",2581,"Tirane","mri-esm2-0","ssp370",NA,8.06273710373457,21.627579171317
"1851",2582,"Tirane","mri-esm2-0","ssp370",NA,1.83431860090683,22.8404436383928
"1852",2583,"Tirane","mri-esm2-0","ssp370",NA,1.39581096955226,23.7920863560268
"1853",2584,"Tirane","mri-esm2-0","ssp370",NA,0,22.8543465750558
"1854",2585,"Tirane","mri-esm2-0","ssp370",NA,0.015509349525798,26.54603402274
"1855",2586,"Tirane","mri-esm2-0","ssp370",NA,0.314495923937232,26.006012398856
"1856",2587,"Tirane","mri-esm2-0","ssp370",NA,0.010660176251674,29.0800480433873
"1857",2588,"Tirane","mri-esm2-0","ssp370",NA,2.07152867307222,25.8279292515346
"1858",2589,"Tirane","mri-esm2-0","ssp370",NA,0,27.9751918247768
"1859",2590,"Tirane","mri-esm2-0","ssp370",NA,1.13072949609757,28.3491258893694
"1860",2591,"Tirane","mri-esm2-0","ssp370",NA,0.658812669592278,28.6293840680803
"1861",2592,"Tirane","mri-esm2-0","ssp370",NA,0.466828671466959,27.578269304548
"1862",2593,"Tirane","mri-esm2-0","ssp370",NA,2.3054790081265,24.9626926967076
"1863",2594,"Tirane","mri-esm2-0","ssp370",NA,0.0510654676743018,24.6177808489118
"1864",2595,"Tirane","mri-esm2-0","ssp370",NA,0,22.4355146135603
"1865",2596,"Tirane","mri-esm2-0","ssp370",NA,0,20.1918557303293
"1866",2597,"Tirane","mri-esm2-0","ssp370",NA,0,21.0252384730748
"1867",2598,"Tirane","mri-esm2-0","ssp370",NA,2.81742100487463,19.5153115408761
"1868",2599,"Tirane","mri-esm2-0","ssp370",NA,0,17.8750767299108
"1869",2600,"Tirane","mri-esm2-0","ssp370",NA,3.96648282684119,16.2387241908482
"1870",2601,"Tirane","mri-esm2-0","ssp370",NA,0,17.959610421317
"1871",2602,"Tirane","mri-esm2-0","ssp370",NA,2.58618592093366,16.5505397251675
"1872",2603,"Tirane","mri-esm2-0","ssp370",NA,0,12.2775556291853
"1873",2604,"Tirane","mri-esm2-0","ssp370",NA,0.0588776264131801,8.55153808593752
"1874",2605,"Tirane","mri-esm2-0","ssp370",NA,14.2783485402885,13.6768759591239
"1875",2606,"Tirane","mri-esm2-0","ssp370",NA,1.93482587554691,13.9924080984933
"1876",2607,"Tirane","mri-esm2-0","ssp370",NA,6.74362351460981,11.8226954868862
"1877",2608,"Tirane","mri-esm2-0","ssp370",NA,10.1655603419723,10.9203975132534
"1878",2609,"Tirane","mri-esm2-0","ssp370",NA,0.983629490032658,5.85128173828127
"1879",2610,"Tirane","mri-esm2-0","ssp370",NA,5.95201941489774,9.70766819545203
"1880",2611,"Tirane","mri-esm2-0","ssp370",NA,0.777313287835568,3.02711530412948
"1881",2612,"Tirane","mri-esm2-0","ssp370",NA,5.98259583080757,8.20125078473774
"1882",2613,"Tirane","mri-esm2-0","ssp370",NA,0.148996839405819,10.3684914725168
"1883",2614,"Tirane","mri-esm2-0","ssp370",NA,6.44107172130524,10.6825544084822
"1884",2615,"Tirane","mri-esm2-0","ssp370",NA,4.43039381020104,10.6593239920481
"1885",2616,"Tirane","mri-esm2-0","ssp370",NA,0.356910960233239,5.58445129394534
"1886",2617,"Tirane","mri-esm2-0","ssp370",NA,0.0481125882028469,10.8264404296876
"1887",2618,"Tirane","mri-esm2-0","ssp370",NA,0,11.6306723458427
"1888",2619,"Tirane","mri-esm2-0","ssp370",NA,0.0186118361463221,8.94592546735494
"1889",2620,"Tirane","mri-esm2-0","ssp370",NA,0,12.5332624162947
"1890",2621,"Tirane","mri-esm2-0","ssp370",NA,0.0455550976507116,10.0861668178014
"1891",2622,"Tirane","mri-esm2-0","ssp370",NA,0.122628003009595,12.2088038853237
"1892",2623,"Tirane","mri-esm2-0","ssp370",NA,2.62946964607441,14.576789202009
"1893",2624,"Tirane","mri-esm2-0","ssp370",NA,13.0482667371065,13.117809186663
"1894",2625,"Tirane","mri-esm2-0","ssp370",NA,5.8765768727296,15.2632145472936
"1895",2626,"Tirane","mri-esm2-0","ssp370",NA,2.78715038647143,16.1545588902065
"1896",2627,"Tirane","mri-esm2-0","ssp370",NA,2.08406545383956,15.8357940673828
"1897",2628,"Tirane","mri-esm2-0","ssp370",NA,1.59210091504584,18.4236803327288
"1898",2629,"Tirane","mri-esm2-0","ssp370",NA,0.239383205916965,21.2835130964007
"1899",2630,"Tirane","mri-esm2-0","ssp370",NA,4.25151013597704,20.3084677559989
"1900",2631,"Tirane","mri-esm2-0","ssp370",NA,0,22.1058310372489
"1901",2632,"Tirane","mri-esm2-0","ssp370",NA,9.35497994838183,21.3393580845424
"1902",2633,"Tirane","mri-esm2-0","ssp370",NA,0.705277715678676,23.0405408586774
"1903",2634,"Tirane","mri-esm2-0","ssp370",NA,0.207480835836447,25.6614820207868
"1904",2635,"Tirane","mri-esm2-0","ssp370",NA,0.00772066175289055,28.1263344900949
"1905",2636,"Tirane","mri-esm2-0","ssp370",NA,1.73988665457208,27.5639565604074
"1906",2637,"Tirane","mri-esm2-0","ssp370",NA,1.84665670531103,25.9374481201172
"1907",2638,"Tirane","mri-esm2-0","ssp370",NA,2.76783483599762,26.3080426897321
"1908",2639,"Tirane","mri-esm2-0","ssp370",NA,0.0280337980906811,27.4299168178014
"1909",2640,"Tirane","mri-esm2-0","ssp370",NA,0,29.1665239606585
"1910",2641,"Tirane","mri-esm2-0","ssp370",NA,0.299983459366818,28.0331512451172
"1911",2642,"Tirane","mri-esm2-0","ssp370",NA,0,28.8735268729074
"1912",2643,"Tirane","mri-esm2-0","ssp370",NA,0.216011798433361,28.2174839564732
"1913",2644,"Tirane","mri-esm2-0","ssp370",NA,0,29.3310333251953
"1914",2645,"Tirane","mri-esm2-0","ssp370",NA,0,31.3178410121373
"1915",2646,"Tirane","mri-esm2-0","ssp370",NA,0.602041248229008,27.4377816336495
"1916",2647,"Tirane","mri-esm2-0","ssp370",NA,0.279341093846596,23.6697610037668
"1917",2648,"Tirane","mri-esm2-0","ssp370",NA,0,23.9276694161551
"1918",2649,"Tirane","mri-esm2-0","ssp370",NA,1.43902658518138,21.3492370605468
"1919",2650,"Tirane","mri-esm2-0","ssp370",NA,9.29010465770262,21.2766945975168
"1920",2651,"Tirane","mri-esm2-0","ssp370",NA,9.36383443747347,17.1209415980748
"1921",2652,"Tirane","mri-esm2-0","ssp370",NA,0.946937982059485,19.9114950997489
"1922",2653,"Tirane","mri-esm2-0","ssp370",NA,0.0754144581151195,18.2007341657366
"1923",2654,"Tirane","mri-esm2-0","ssp370",NA,2.78313985909335,14.6094604492187
"1924",2655,"Tirane","mri-esm2-0","ssp370",NA,1.93155380132208,16.846568952288
"1925",2656,"Tirane","mri-esm2-0","ssp370",NA,0.246154375781771,9.93173261369981
"1926",2657,"Tirane","mri-esm2-0","ssp370",NA,3.20090776107723,8.2063668387277
"1927",2658,"Tirane","mri-esm2-0","ssp370",NA,3.96735632592546,10.3490648542132
"1928",2659,"Tirane","mri-esm2-0","ssp370",NA,3.49940935515666,11.3619890485491
"1929",2660,"Tirane","mri-esm2-0","ssp370",NA,12.3341231887025,10.1111367361887
"1930",2661,"Tirane","mri-esm2-0","ssp370",NA,1.76554602554201,7.77076328822547
"1931",2662,"Tirane","mri-esm2-0","ssp370",NA,0.199192624755337,6.86027788434712
"1932",2663,"Tirane","mri-esm2-0","ssp370",NA,0.663504997906526,7.98597760881698
"1933",2664,"Tirane","mri-esm2-0","ssp370",NA,11.9430827301195,7.50078735351565
"1934",2665,"Tirane","mri-esm2-0","ssp370",NA,5.64255330640922,9.53597848074779
"1935",2666,"Tirane","mri-esm2-0","ssp370",NA,2.23195108160975,11.3146432059152
"1936",2667,"Tirane","mri-esm2-0","ssp370",NA,6.85155618957651,6.53779863630024
"1937",2668,"Tirane","mri-esm2-0","ssp370",NA,2.97640453858808,8.44797014508931
"1938",2669,"Tirane","mri-esm2-0","ssp370",NA,2.83373794352103,6.22081037248886
"1939",2670,"Tirane","mri-esm2-0","ssp370",NA,0.207414845187616,7.99717320033484
"1940",2671,"Tirane","mri-esm2-0","ssp370",NA,0.266397906774987,7.85967407226565
"1941",2672,"Tirane","mri-esm2-0","ssp370",NA,0.0142774742666266,7.54199480329243
"1942",2673,"Tirane","mri-esm2-0","ssp370",NA,3.30395655621812,9.8559792654855
"1943",2674,"Tirane","mri-esm2-0","ssp370",NA,0.822655820749268,9.97947300502237
"1944",2675,"Tirane","mri-esm2-0","ssp370",NA,0.0113666142299605,12.2339285714286
"1945",2676,"Tirane","mri-esm2-0","ssp370",NA,0.0274961710342073,16.054110281808
"1946",2677,"Tirane","mri-esm2-0","ssp370",NA,1.85068785441607,17.0731706891741
"1947",2678,"Tirane","mri-esm2-0","ssp370",NA,0.926075308130487,14.8138671875
"1948",2679,"Tirane","mri-esm2-0","ssp370",NA,2.26642105595342,17.2512037004743
"1949",2680,"Tirane","mri-esm2-0","ssp370",NA,0.00745243547238975,18.6323355538505
"1950",2681,"Tirane","mri-esm2-0","ssp370",NA,2.27532738000653,16.2200801304408
"1951",2682,"Tirane","mri-esm2-0","ssp370",NA,0.0591133421819125,20.2593976702009
"1952",2683,"Tirane","mri-esm2-0","ssp370",NA,0,22.2388506208148
"1953",2684,"Tirane","mri-esm2-0","ssp370",NA,3.00537370234711,21.1460314069476
"1954",2685,"Tirane","mri-esm2-0","ssp370",NA,0.0614131446387286,23.7678859165737
"1955",2686,"Tirane","mri-esm2-0","ssp370",NA,0.050425679156823,22.4619842529297
"1956",2687,"Tirane","mri-esm2-0","ssp370",NA,0,23.565318952288
"1957",2688,"Tirane","mri-esm2-0","ssp370",NA,0,25.9948386056083
"1958",2689,"Tirane","mri-esm2-0","ssp370",NA,0,31.2980808803013
"1959",2690,"Tirane","mri-esm2-0","ssp370",NA,0.0536541020015388,31.3237679617746
"1960",2691,"Tirane","mri-esm2-0","ssp370",NA,0,29.649067905971
"1961",2692,"Tirane","mri-esm2-0","ssp370",NA,0,29.5516165597098
"1962",2693,"Tirane","mri-esm2-0","ssp370",NA,0,30.3096906389509
"1963",2694,"Tirane","mri-esm2-0","ssp370",NA,0,30.2631208147321
"1964",2695,"Tirane","mri-esm2-0","ssp370",NA,0.0076514303665525,28.6277099609375
"1965",2696,"Tirane","mri-esm2-0","ssp370",NA,2.58577035651147,27.6377088274275
"1966",2697,"Tirane","mri-esm2-0","ssp370",NA,0.0751532177673653,22.77943246024
"1967",2698,"Tirane","mri-esm2-0","ssp370",NA,1.30627453223237,21.8160273960658
"1968",2699,"Tirane","mri-esm2-0","ssp370",NA,0.163410855436398,21.3986232212612
"1969",2700,"Tirane","mri-esm2-0","ssp370",NA,0.102208701823006,23.376866367885
"1970",2701,"Tirane","mri-esm2-0","ssp370",NA,7.2157919672983,21.849747140067
"1971",2702,"Tirane","mri-esm2-0","ssp370",NA,1.69421614555177,21.2984252929688
"1972",2703,"Tirane","mri-esm2-0","ssp370",NA,0,19.9742806570871
"1973",2704,"Tirane","mri-esm2-0","ssp370",NA,5.1268095814781,21.1850263323103
"1974",2705,"Tirane","mri-esm2-0","ssp370",NA,6.7081724674998,16.8669285365513
"1975",2706,"Tirane","mri-esm2-0","ssp370",NA,9.16739937934577,14.7171330043248
"1976",2707,"Tirane","mri-esm2-0","ssp370",NA,11.5203367578423,16.4090471540179
"1977",2708,"Tirane","mri-esm2-0","ssp370",NA,7.99750497270517,15.8272295270648
"1978",2709,"Tirane","mri-esm2-0","ssp370",NA,4.1629685103544,14.989896937779
"1979",2710,"Tirane","mri-esm2-0","ssp370",NA,0,8.98171604701453
"1980",2711,"Tirane","mri-esm2-0","ssp370",NA,0.229495326389692,5.69122358049668
"1981",2712,"Tirane","mri-esm2-0","ssp370",NA,1.90402000573938,9.63429085867747
"1982",2713,"Tirane","mri-esm2-0","ssp370",NA,0.0166793062817305,6.65882917131698
"1983",2714,"Tirane","mri-esm2-0","ssp370",NA,1.56356518501915,7.63790283203127
"1984",2715,"Tirane","mri-esm2-0","ssp370",NA,0.275838880250895,6.14313223702569
"1985",2716,"Tirane","mri-esm2-0","ssp370",NA,1.68938676610456,5.70908290318083
"1986",2717,"Tirane","mri-esm2-0","ssp370",NA,0,7.88497314453127
"1987",2718,"Tirane","mri-esm2-0","ssp370",NA,0,3.16883239746096
"1988",2719,"Tirane","mri-esm2-0","ssp370",NA,0,2.61145499093194
"1989",2720,"Tirane","mri-esm2-0","ssp370",NA,1.9740554584132,6.28809945242748
"1990",2721,"Tirane","mri-esm2-0","ssp370",NA,0.47784468125818,7.87471923828127
"1991",2722,"Tirane","mri-esm2-0","ssp370",NA,3.67867597243665,11.4117348807198
"1992",2723,"Tirane","mri-esm2-0","ssp370",NA,7.46161408855447,8.82560119628909
"1993",2724,"Tirane","mri-esm2-0","ssp370",NA,3.88319318574629,10.3688555036273
"1994",2725,"Tirane","mri-esm2-0","ssp370",NA,0.167226489533537,11.3214987618582
"1995",2726,"Tirane","mri-esm2-0","ssp370",NA,1.14123568785415,10.5945264543806
"1996",2727,"Tirane","mri-esm2-0","ssp370",NA,0.451727348263375,11.9906925746373
"1997",2728,"Tirane","mri-esm2-0","ssp370",NA,1.31875102503857,13.5284275599888
"1998",2729,"Tirane","mri-esm2-0","ssp370",NA,3.84914964587161,14.571420288086
"1999",2730,"Tirane","mri-esm2-0","ssp370",NA,6.88480755821469,16.3071075439453
"2000",2731,"Tirane","mri-esm2-0","ssp370",NA,7.90516234576769,15.6704759870257
"2001",2732,"Tirane","mri-esm2-0","ssp370",NA,0.076138183067087,17.4793531145368
"2002",2733,"Tirane","mri-esm2-0","ssp370",NA,0,22.0022303989956
"2003",2734,"Tirane","mri-esm2-0","ssp370",NA,0.0332494770970828,20.5782322474888
"2004",2735,"Tirane","mri-esm2-0","ssp370",NA,0.0180723715727384,23.1977434430804
"2005",2736,"Tirane","mri-esm2-0","ssp370",NA,0.447930853390842,21.8420436314175
"2006",2737,"Tirane","mri-esm2-0","ssp370",NA,1.25494184929787,22.5274117606027
"2007",2738,"Tirane","mri-esm2-0","ssp370",NA,3.62280296363418,22.1551169259208
"2008",2739,"Tirane","mri-esm2-0","ssp370",NA,0,25.2479819161552
"2009",2740,"Tirane","mri-esm2-0","ssp370",NA,0,26.5699227469308
"2010",2741,"Tirane","mri-esm2-0","ssp370",NA,0,27.7592123849052
"2011",2742,"Tirane","mri-esm2-0","ssp370",NA,0.112529305053093,28.0670170375279
"2012",2743,"Tirane","mri-esm2-0","ssp370",NA,1.45946396545956,29.2211613246373
"2013",2744,"Tirane","mri-esm2-0","ssp370",NA,0.0431450785462013,29.3699846540178
"2014",2745,"Tirane","mri-esm2-0","ssp370",NA,0.204156690909128,30.0897984095983
"2015",2746,"Tirane","mri-esm2-0","ssp370",NA,0.102834277121084,30.2852373395648
"2016",2747,"Tirane","mri-esm2-0","ssp370",NA,0.100224556600941,28.6447692871094
"2017",2748,"Tirane","mri-esm2-0","ssp370",NA,1.79305252427834,26.114166695731
"2018",2749,"Tirane","mri-esm2-0","ssp370",NA,0.64242361944967,24.0209681919643
"2019",2750,"Tirane","mri-esm2-0","ssp370",NA,0.132187885381946,28.0437604631697
"2020",2751,"Tirane","mri-esm2-0","ssp370",NA,0.771933000552441,26.057526070731
"2021",2752,"Tirane","mri-esm2-0","ssp370",NA,0.0356788094255275,25.3041996547155
"2022",2753,"Tirane","mri-esm2-0","ssp370",NA,10.9236409787887,21.5641919817243
"2023",2754,"Tirane","mri-esm2-0","ssp370",NA,2.0049963362648,24.4865225655692
"2024",2755,"Tirane","mri-esm2-0","ssp370",NA,1.54546027416862,21.3460305350168
"2025",2756,"Tirane","mri-esm2-0","ssp370",NA,0.241414516183016,21.672028023856
"2026",2757,"Tirane","mri-esm2-0","ssp370",NA,5.41127143910022,18.3104252406529
"2027",2758,"Tirane","mri-esm2-0","ssp370",NA,14.5519623956976,15.3727944510324
"2028",2759,"Tirane","mri-esm2-0","ssp370",NA,6.54640851010169,12.2436527797154
"2029",2760,"Tirane","mri-esm2-0","ssp370",NA,0.288378272411397,17.2541922433036
"2030",2761,"Tirane","mri-esm2-0","ssp370",NA,1.84409004822166,15.2241891043527
"2031",2762,"Tirane","mri-esm2-0","ssp370",NA,23.4445271431468,12.4880353655134
"2032",2763,"Tirane","mri-esm2-0","ssp370",NA,0.459543095036809,4.77655072893418
"2033",2764,"Tirane","mri-esm2-0","ssp370",NA,0,7.57145080566409
"2034",2765,"Tirane","mri-esm2-0","ssp370",NA,2.20865547889843,10.2485355922155
"2035",2766,"Tirane","mri-esm2-0","ssp370",NA,2.83236705121713,10.4155997140067
"2036",2767,"Tirane","mri-esm2-0","ssp370",NA,1.44030239877923,11.0980882917132
"2037",2768,"Tirane","mri-esm2-0","ssp370",NA,3.42632635895695,9.25806797572547
"2038",2769,"Tirane","mri-esm2-0","ssp370",NA,0.466833796027848,6.70584586007257
"2039",2770,"Tirane","mri-esm2-0","ssp370",NA,0.551554075043116,8.0918627057757
"2040",2771,"Tirane","mri-esm2-0","ssp370",NA,0.466234952078334,7.48489641462056
"2041",2772,"Tirane","mri-esm2-0","ssp370",NA,0.741554876523358,10.0427076067244
"2042",2773,"Tirane","mri-esm2-0","ssp370",NA,1.26380691446164,9.85040762765071
"2043",2774,"Tirane","mri-esm2-0","ssp370",NA,1.28807282723885,5.53557521275114
"2044",2775,"Tirane","mri-esm2-0","ssp370",NA,1.98351788011288,10.6510733468192
"2045",2776,"Tirane","mri-esm2-0","ssp370",NA,1.11835030890818,14.0732840401786
"2046",2777,"Tirane","mri-esm2-0","ssp370",NA,2.62946508560812,12.0710954938616
"2047",2778,"Tirane","mri-esm2-0","ssp370",NA,0,15.0529985700335
"2048",2779,"Tirane","mri-esm2-0","ssp370",NA,0.0391330890124664,17.8568490164621
"2049",2780,"Tirane","mri-esm2-0","ssp370",NA,6.35955402062141,12.0345790318081
"2050",2781,"Tirane","mri-esm2-0","ssp370",NA,1.05106838860333,12.3547694614956
"2051",2782,"Tirane","mri-esm2-0","ssp370",NA,1.25179513597687,15.9985791887556
"2052",2783,"Tirane","mri-esm2-0","ssp370",NA,3.50296629996072,15.460815865653
"2053",2784,"Tirane","mri-esm2-0","ssp370",NA,2.50560461939,15.4181828090123
"2054",2785,"Tirane","mri-esm2-0","ssp370",NA,1.84199080104008,17.1176762172154
"2055",2786,"Tirane","mri-esm2-0","ssp370",NA,1.18175815659924,21.0396035330636
"2056",2787,"Tirane","mri-esm2-0","ssp370",NA,0.00854225641627895,22.4012063162668
"2057",2788,"Tirane","mri-esm2-0","ssp370",NA,0,23.2280386788504
"2058",2789,"Tirane","mri-esm2-0","ssp370",NA,0.821287428282502,23.5180712018694
"2059",2790,"Tirane","mri-esm2-0","ssp370",NA,0.175947327495253,21.2178305489676
"2060",2791,"Tirane","mri-esm2-0","ssp370",NA,0.575755369521045,27.0397670200894
"2061",2792,"Tirane","mri-esm2-0","ssp370",NA,0,31.0443926130023
"2062",2793,"Tirane","mri-esm2-0","ssp370",NA,0.0485871369944237,25.5440111432757
"2063",2794,"Tirane","mri-esm2-0","ssp370",NA,0,27.3476370675223
"2064",2795,"Tirane","mri-esm2-0","ssp370",NA,0,29.6971374511719
"2065",2796,"Tirane","mri-esm2-0","ssp370",NA,0,32.017454310826
"2066",2797,"Tirane","mri-esm2-0","ssp370",NA,0,28.0606323242188
"2067",2798,"Tirane","mri-esm2-0","ssp370",NA,0,29.5224395751953
"2068",2799,"Tirane","mri-esm2-0","ssp370",NA,0,27.4290688650949
"2069",2800,"Tirane","mri-esm2-0","ssp370",NA,0,33.620734514509
"2070",2801,"Tirane","mri-esm2-0","ssp370",NA,0,28.4705618722098
"2071",2802,"Tirane","mri-esm2-0","ssp370",NA,1.05223634506858,26.8036350795201
"2072",2803,"Tirane","mri-esm2-0","ssp370",NA,0.110269800279638,26.6698634556362
"2073",2804,"Tirane","mri-esm2-0","ssp370",NA,4.39617585143423,22.6815124511719
"2074",2805,"Tirane","mri-esm2-0","ssp370",NA,0.839279927147018,22.1918775285993
"2075",2806,"Tirane","mri-esm2-0","ssp370",NA,5.38569852194217,19.9163146972657
"2076",2807,"Tirane","mri-esm2-0","ssp370",NA,0,20.5986899239677
"2077",2808,"Tirane","mri-esm2-0","ssp370",NA,0,21.2778935023716
"2078",2809,"Tirane","mri-esm2-0","ssp370",NA,1.02913139229973,20.9159572056362
"2079",2810,"Tirane","mri-esm2-0","ssp370",NA,2.8560379501349,19.026755632673
"2080",2811,"Tirane","mri-esm2-0","ssp370",NA,6.57985638291783,14.3279074532645
"2081",2812,"Tirane","mri-esm2-0","ssp370",NA,0.891831947566451,15.0423522949219
"2082",2813,"Tirane","mri-esm2-0","ssp370",NA,12.8442033231685,15.0409375871931
"2083",2814,"Tirane","mri-esm2-0","ssp370",NA,1.23401884320629,12.1809042794364
"2084",2815,"Tirane","mri-esm2-0","ssp370",NA,4.07869212046665,10.092904663086
"2085",2816,"Tirane","mri-esm2-0","ssp370",NA,9.71797546309451,6.67262093680248
"2086",2817,"Tirane","mri-esm2-0","ssp370",NA,18.4420761984906,8.97827410016744
"2087",2818,"Tirane","mri-esm2-0","ssp370",NA,6.05495317473209,11.5829297746931
"2088",2819,"Tirane","mri-esm2-0","ssp370",NA,7.29138119932031,10.5700862339565
"2089",2820,"Tirane","mri-esm2-0","ssp370",NA,2.11431220065736,10.5969068254743
"2090",2821,"Tirane","mri-esm2-0","ssp370",NA,0,10.3136666434152
"2091",2822,"Tirane","mri-esm2-0","ssp370",NA,0.481386903473841,11.4874642508371
"2092",2823,"Tirane","mri-esm2-0","ssp370",NA,12.7435295585331,12.0592503138951
"2093",2824,"Tirane","mri-esm2-0","ssp370",NA,2.40150552500771,11.2031603131976
"2094",2825,"Tirane","mri-esm2-0","ssp370",NA,0.0394223151878188,13.4815482003348
"2095",2826,"Tirane","mri-esm2-0","ssp370",NA,4.87405057143146,5.06401541573663
"2096",2827,"Tirane","mri-esm2-0","ssp370",NA,0.022565540114426,5.83105948311944
"2097",2828,"Tirane","mri-esm2-0","ssp370",NA,0.739536325740378,10.1100729806083
"2098",2829,"Tirane","mri-esm2-0","ssp370",NA,4.93574319407344,15.248664202009
"2099",2830,"Tirane","mri-esm2-0","ssp370",NA,3.56473454495634,9.54277954101564
"2100",2831,"Tirane","mri-esm2-0","ssp370",NA,3.8809857292238,7.95610307965962
"2101",2832,"Tirane","mri-esm2-0","ssp370",NA,1.47730118255173,10.6200805664063
"2102",2833,"Tirane","mri-esm2-0","ssp370",NA,0,14.538953944615
"2103",2834,"Tirane","mri-esm2-0","ssp370",NA,0.977972348066812,15.3664794921875
"2104",2835,"Tirane","mri-esm2-0","ssp370",NA,1.19231565289998,17.6953543526786
"2105",2836,"Tirane","mri-esm2-0","ssp370",NA,3.10348948530321,16.0517909458706
"2106",2837,"Tirane","mri-esm2-0","ssp370",NA,1.05858519330338,19.4358546665737
"2107",2838,"Tirane","mri-esm2-0","ssp370",NA,4.09954072009506,15.3781568254743
"2108",2839,"Tirane","mri-esm2-0","ssp370",NA,0.381564540709535,19.6088086809431
"2109",2840,"Tirane","mri-esm2-0","ssp370",NA,1.887782403771,18.0559544154576
"2110",2841,"Tirane","mri-esm2-0","ssp370",NA,0.61288806401925,20.9908190046038
"2111",2842,"Tirane","mri-esm2-0","ssp370",NA,0.062172874121253,23.8896336146763
"2112",2843,"Tirane","mri-esm2-0","ssp370",NA,0.52908763666762,24.2596134730748
"2113",2844,"Tirane","mri-esm2-0","ssp370",NA,3.02509736965086,23.3321145193918
"2114",2845,"Tirane","mri-esm2-0","ssp370",NA,3.27138994019022,23.0345158168248
"2115",2846,"Tirane","mri-esm2-0","ssp370",NA,0,27.520414515904
"2116",2847,"Tirane","mri-esm2-0","ssp370",NA,0.650423451900549,27.9993922642299
"2117",2848,"Tirane","mri-esm2-0","ssp370",NA,0,28.5319915771484
"2118",2849,"Tirane","mri-esm2-0","ssp370",NA,1.01662146355791,27.4847416469029
"2119",2850,"Tirane","mri-esm2-0","ssp370",NA,0.0611241317528766,24.8274126325335
"2120",2851,"Tirane","mri-esm2-0","ssp370",NA,0,27.716206577846
"2121",2852,"Tirane","mri-esm2-0","ssp370",NA,1.70887674248661,24.8530648367745
"2122",2853,"Tirane","mri-esm2-0","ssp370",NA,0,28.5757363455636
"2123",2854,"Tirane","mri-esm2-0","ssp370",NA,0,23.9877563476563
"2124",2855,"Tirane","mri-esm2-0","ssp370",NA,1.31296605109778,24.3264578683036
"2125",2856,"Tirane","mri-esm2-0","ssp370",NA,1.79700712490428,21.4326699393136
"2126",2857,"Tirane","mri-esm2-0","ssp370",NA,0.261301258745204,22.3058781215123
"2127",2858,"Tirane","mri-esm2-0","ssp370",NA,3.68606306063677,21.7021445138114
"2128",2859,"Tirane","mri-esm2-0","ssp370",NA,3.09923542902522,19.6836574009487
"2129",2860,"Tirane","mri-esm2-0","ssp370",NA,2.71369420942002,18.5898856026785
"2130",2861,"Tirane","mri-esm2-0","ssp370",NA,0.853318215480872,16.9433009556362
"2131",2862,"Tirane","mri-esm2-0","ssp370",NA,4.1822482239825,15.9118242536273
"2132",2863,"Tirane","mri-esm2-0","ssp370",NA,3.92325275102588,17.3134508405413
"2133",2864,"Tirane","mri-esm2-0","ssp370",NA,6.5743281786646,16.1021711077009
"2134",2865,"Tirane","mri-esm2-0","ssp370",NA,2.4244165527177,13.5920915876116
"2135",2866,"Tirane","mri-esm2-0","ssp370",NA,16.1975538449562,12.5777287074498
"2136",2867,"Tirane","mri-esm2-0","ssp370",NA,11.0354187765292,8.70247584751677
"2137",2868,"Tirane","mri-esm2-0","ssp370",NA,0.877435260606166,10.7097978864398
"2138",2869,"Tirane","mri-esm2-0","ssp370",NA,3.18617554798298,8.25401131766186
"2139",2870,"Tirane","mri-esm2-0","ssp370",NA,7.21313554760335,7.87271815708707
"2140",2871,"Tirane","mri-esm2-0","ssp370",NA,6.61775746266358,7.94500122070315
"2141",2872,"Tirane","mri-esm2-0","ssp370",NA,0,7.9098340715681
"2142",2873,"Tirane","mri-esm2-0","ssp370",NA,6.65055475339094,9.84793570382256
"2143",2874,"Tirane","mri-esm2-0","ssp370",NA,11.5297048452443,7.2491394042969
"2144",2875,"Tirane","mri-esm2-0","ssp370",NA,4.20897292408751,9.40517796107703
"2145",2876,"Tirane","mri-esm2-0","ssp370",NA,9.9621897014523,9.97698364257816
"2146",2877,"Tirane","mri-esm2-0","ssp370",NA,14.43992987206,8.08079572405136
"2147",2878,"Tirane","mri-esm2-0","ssp370",NA,2.67664616068422,8.65160086495538
"2148",2879,"Tirane","mri-esm2-0","ssp370",NA,0.408705845724659,11.3837393624442
"2149",2880,"Tirane","mri-esm2-0","ssp370",NA,0,14.6920955113003
"2150",2881,"Tirane","mri-esm2-0","ssp370",NA,4.60767784264005,14.0939204624721
"2151",2882,"Tirane","mri-esm2-0","ssp370",NA,0.567737687405107,14.2326010567802
"2152",2883,"Tirane","mri-esm2-0","ssp370",NA,1.14073904044615,9.835105242048
"2153",2884,"Tirane","mri-esm2-0","ssp370",NA,0.420101140376313,14.913225882394
"2154",2885,"Tirane","mri-esm2-0","ssp370",NA,15.0006041380818,14.0769744873047
"2155",2886,"Tirane","mri-esm2-0","ssp370",NA,2.19216567191845,14.946189226423
"2156",2887,"Tirane","mri-esm2-0","ssp370",NA,0.070570221370352,17.8064078194755
"2157",2888,"Tirane","mri-esm2-0","ssp370",NA,0.666046632769784,18.6668487548828
"2158",2889,"Tirane","mri-esm2-0","ssp370",NA,1.70574678642359,17.8756718226841
"2159",2890,"Tirane","mri-esm2-0","ssp370",NA,0.680717126618091,19.9781411307198
"2160",2891,"Tirane","mri-esm2-0","ssp370",NA,2.84851649516246,19.8132350376675
"2161",2892,"Tirane","mri-esm2-0","ssp370",NA,2.12878278190536,20.9844713483538
"2162",2893,"Tirane","mri-esm2-0","ssp370",NA,9.59614656112536,21.1062539236887
"2163",2894,"Tirane","mri-esm2-0","ssp370",NA,2.75592136853707,21.1523027692523
"2164",2895,"Tirane","mri-esm2-0","ssp370",NA,0.61831629794012,23.3648380824498
"2165",2896,"Tirane","mri-esm2-0","ssp370",NA,0,27.2082284109933
"2166",2897,"Tirane","mri-esm2-0","ssp370",NA,0,25.7121651785714
"2167",2898,"Tirane","mri-esm2-0","ssp370",NA,1.01751031387331,25.8395673479353
"2168",2899,"Tirane","mri-esm2-0","ssp370",NA,0,26.436905343192
"2169",2900,"Tirane","mri-esm2-0","ssp370",NA,2.29269531459327,28.2489802769253
"2170",2901,"Tirane","mri-esm2-0","ssp370",NA,2.47392858104182,26.5341060093471
"2171",2902,"Tirane","mri-esm2-0","ssp370",NA,0.468538882809559,28.2582815987723
"2172",2903,"Tirane","mri-esm2-0","ssp370",NA,0.3248781734458,26.782141985212
"2173",2904,"Tirane","mri-esm2-0","ssp370",NA,0,27.6207846505302
"2174",2905,"Tirane","mri-esm2-0","ssp370",NA,0,27.6605643136161
"2175",2906,"Tirane","mri-esm2-0","ssp370",NA,0.0828934712834392,26.8157352992467
"2176",2907,"Tirane","mri-esm2-0","ssp370",NA,0,22.4652016775948
"2177",2908,"Tirane","mri-esm2-0","ssp370",NA,0.0101933402610095,24.5263283865793
"2178",2909,"Tirane","mri-esm2-0","ssp370",NA,0,24.0501582554408
"2179",2910,"Tirane","mri-esm2-0","ssp370",NA,2.91930779951924,23.2304735456194
"2180",2911,"Tirane","mri-esm2-0","ssp370",NA,0,22.7572265625
"2181",2912,"Tirane","mri-esm2-0","ssp370",NA,0,21.6858699253627
"2182",2913,"Tirane","mri-esm2-0","ssp370",NA,0.082893114865458,19.840960257394
"2183",2914,"Tirane","mri-esm2-0","ssp370",NA,0.132895695008171,15.7959664481027
"2184",2915,"Tirane","mri-esm2-0","ssp370",NA,2.83155282626727,15.8085440499443
"2185",2916,"Tirane","mri-esm2-0","ssp370",NA,11.1480212861871,16.2756875174386
"2186",2917,"Tirane","mri-esm2-0","ssp370",NA,2.88194859928938,13.9454611642021
"2187",2918,"Tirane","mri-esm2-0","ssp370",NA,4.15047945311276,11.0082401820592
"2188",2919,"Tirane","mri-esm2-0","ssp370",NA,3.31756491255614,12.7378827776228
"2189",2920,"Tirane","mri-esm2-0","ssp370",NA,13.648289192497,8.86775033133373
"2190",2921,"Tirane","mri-esm2-0","ssp370",NA,2.48830413059165,9.04707162039622
"2191",2922,"Tirane","mri-esm2-0","ssp370",NA,4.64410568269419,9.86953125000004
"2192",2923,"Tirane","mri-esm2-0","ssp370",NA,0,9.74568219866074
"2193",2924,"Tirane","mri-esm2-0","ssp370",NA,0.0613975871341869,11.9978969029018
"2194",2925,"Tirane","mri-esm2-0","ssp370",NA,10.685156249279,9.34522617885047
"2195",2926,"Tirane","mri-esm2-0","ssp370",NA,3.44671543337296,4.64849461146765
"2196",2927,"Tirane","mri-esm2-0","ssp370",NA,2.1263643112044,5.51006469726565
"2197",2928,"Tirane","mri-esm2-0","ssp370",NA,0.00773425334565605,10.1203029087612
"2198",2929,"Tirane","mri-esm2-0","ssp370",NA,0.320760219723784,9.24988272530694
"2199",2930,"Tirane","mri-esm2-0","ssp370",NA,4.3907246629325,12.2556047712054
"2200",2931,"Tirane","mri-esm2-0","ssp370",NA,2.7034627696204,11.3398986816407
"2201",2932,"Tirane","mri-esm2-0","ssp370",NA,0,13.7777845110212
"2202",2933,"Tirane","mri-esm2-0","ssp370",NA,4.6444343393627,9.20015651157928
"2203",2934,"Tirane","mri-esm2-0","ssp370",NA,0.0663475551326493,10.0259883335659
"2204",2935,"Tirane","mri-esm2-0","ssp370",NA,0.253342979859943,14.8135881696429
"2205",2936,"Tirane","mri-esm2-0","ssp370",NA,6.23208483708108,11.9231266566686
"2206",2937,"Tirane","mri-esm2-0","ssp370",NA,0,17.3292654854911
"2207",2938,"Tirane","mri-esm2-0","ssp370",NA,5.44140306431343,15.130511038644
"2208",2939,"Tirane","mri-esm2-0","ssp370",NA,1.76480720474501,14.9413391113281
"2209",2940,"Tirane","mri-esm2-0","ssp370",NA,0.632975394130751,16.8444545200893
"2210",2941,"Tirane","mri-esm2-0","ssp370",NA,1.69975919728001,17.0439239501953
"2211",2942,"Tirane","mri-esm2-0","ssp370",NA,3.2468016866395,16.1511648995536
"2212",2943,"Tirane","mri-esm2-0","ssp370",NA,3.13413025570688,17.2108965192523
"2213",2944,"Tirane","mri-esm2-0","ssp370",NA,0,23.2118752615793
"2214",2945,"Tirane","mri-esm2-0","ssp370",NA,0.105607905009362,28.6184871128628
"2215",2946,"Tirane","mri-esm2-0","ssp370",NA,3.4816490380503,23.9604278564453
"2216",2947,"Tirane","mri-esm2-0","ssp370",NA,0,24.0865003313337
"2217",2948,"Tirane","mri-esm2-0","ssp370",NA,0.715327671371466,25.7214403424944
"2218",2949,"Tirane","mri-esm2-0","ssp370",NA,1.43261980990376,27.4304268973214
"2219",2950,"Tirane","mri-esm2-0","ssp370",NA,0.37124800401216,27.1935385567801
"2220",2951,"Tirane","mri-esm2-0","ssp370",NA,1.05458620600984,28.6018899100168
"2221",2952,"Tirane","mri-esm2-0","ssp370",NA,0,28.6021623883929
"2222",2953,"Tirane","mri-esm2-0","ssp370",NA,0.289145153406675,31.315584891183
"2223",2954,"Tirane","mri-esm2-0","ssp370",NA,0.0100760492776837,31.1862295968192
"2224",2955,"Tirane","mri-esm2-0","ssp370",NA,0,31.2102992466518
"2225",2956,"Tirane","mri-esm2-0","ssp370",NA,0.65970221309856,31.7549224853516
"2226",2957,"Tirane","mri-esm2-0","ssp370",NA,0,31.2974094935826
"2227",2958,"Tirane","mri-esm2-0","ssp370",NA,0.354740597841945,30.4478175571987
"2228",2959,"Tirane","mri-esm2-0","ssp370",NA,0.28030620077126,30.4135681152344
"2229",2960,"Tirane","mri-esm2-0","ssp370",NA,9.58662615906049,23.6181601388114
"2230",2961,"Tirane","mri-esm2-0","ssp370",NA,0.214465582861781,22.075814819336
"2231",2962,"Tirane","mri-esm2-0","ssp370",NA,0.400734749824291,23.5754551478795
"2232",2963,"Tirane","mri-esm2-0","ssp370",NA,0.66989844820325,21.8252437046596
"2233",2964,"Tirane","mri-esm2-0","ssp370",NA,0.918025624871789,19.62711050851
"2234",2965,"Tirane","mri-esm2-0","ssp370",NA,0.276898912228977,20.2668483189175
"2235",2966,"Tirane","mri-esm2-0","ssp370",NA,0,17.7159994942802
"2236",2967,"Tirane","mri-esm2-0","ssp370",NA,10.0571198050602,16.5320700509208
"2237",2968,"Tirane","mri-esm2-0","ssp370",NA,13.8322256655166,17.6597861153739
"2238",2969,"Tirane","mri-esm2-0","ssp370",NA,0.0621517928396185,13.7007777622769
"2239",2970,"Tirane","mri-esm2-0","ssp370",NA,15.3117501006429,13.4710523332868
"2240",2971,"Tirane","mri-esm2-0","ssp370",NA,7.1065161802835,10.5603576660156
"2241",2972,"Tirane","mri-esm2-0","ssp370",NA,0,3.07036307198663
"2242",2973,"Tirane","mri-esm2-0","ssp370",NA,7.23879784077976,10.3445351736886
"2243",2974,"Tirane","mri-esm2-0","ssp370",NA,0.477363107243686,6.80862688337056
"2244",2975,"Tirane","mri-esm2-0","ssp370",NA,3.8289440832159,8.88660147530695
"2245",2976,"Tirane","mri-esm2-0","ssp370",NA,2.36098014949156,10.3875213623047
"2246",2977,"Tirane","mri-esm2-0","ssp370",NA,6.8598893289683,9.33406546456476
"2247",2978,"Tirane","mri-esm2-0","ssp370",NA,0.345825527516094,6.79122314453127
"2248",2979,"Tirane","mri-esm2-0","ssp370",NA,2.84716104459741,8.82103009905137
"2249",2980,"Tirane","mri-esm2-0","ssp370",NA,0.449148875356643,10.6900987897601
"2250",2981,"Tirane","mri-esm2-0","ssp370",NA,6.32904000522103,7.73261849539622
"2251",2982,"Tirane","mri-esm2-0","ssp370",NA,0,4.75413774762837
"2252",2983,"Tirane","mri-esm2-0","ssp370",NA,1.70297067273039,5.17704162597659
"2253",2984,"Tirane","mri-esm2-0","ssp370",NA,8.54412268256835,10.1782666887556
"2254",2985,"Tirane","mri-esm2-0","ssp370",NA,6.00417063978966,10.2978454589844
"2255",2986,"Tirane","mri-esm2-0","ssp370",NA,0.12274822532033,13.5790954589844
"2256",2987,"Tirane","mri-esm2-0","ssp370",NA,0,11.882472882952
"2257",2988,"Tirane","mri-esm2-0","ssp370",NA,1.3956728449557,13.9238372802735
"2258",2989,"Tirane","mri-esm2-0","ssp370",NA,2.16097484262718,13.2496058872768
"2259",2990,"Tirane","mri-esm2-0","ssp370",NA,2.55598431571603,14.9827863420759
"2260",2991,"Tirane","mri-esm2-0","ssp370",NA,0.0237734974819302,18.3492392403739
"2261",2992,"Tirane","mri-esm2-0","ssp370",NA,6.15637138918309,16.852201625279
"2262",2993,"Tirane","mri-esm2-0","ssp370",NA,0.0562978393905465,20.6459703717913
"2263",2994,"Tirane","mri-esm2-0","ssp370",NA,0.774922995905011,18.042618233817
"2264",2995,"Tirane","mri-esm2-0","ssp370",NA,3.19660842568348,21.0912261962891
"2265",2996,"Tirane","mri-esm2-0","ssp370",NA,0.0386432816022923,19.9466317313058
"2266",2997,"Tirane","mri-esm2-0","ssp370",NA,0,27.621974836077
"2267",2998,"Tirane","mri-esm2-0","ssp370",NA,0.0289831931565588,28.7362936837333
"2268",2999,"Tirane","mri-esm2-0","ssp370",NA,0.575405826618538,26.9658381870815
"2269",3000,"Tirane","mri-esm2-0","ssp370",NA,0.759856892130172,27.5846474783761
"2270",3001,"Tirane","mri-esm2-0","ssp370",NA,0.0184042823093477,28.0124232700893
"2271",3002,"Tirane","mri-esm2-0","ssp370",NA,0.020273556401662,27.9969922746931
"2272",3003,"Tirane","mri-esm2-0","ssp370",NA,0,27.7519797188896
"2273",3004,"Tirane","mri-esm2-0","ssp370",NA,0.072728806532853,31.1346330915178
"2274",3005,"Tirane","mri-esm2-0","ssp370",NA,1.02324584253698,28.4980603899274
"2275",3006,"Tirane","mri-esm2-0","ssp370",NA,0.260817826866904,31.3858625139509
"2276",3007,"Tirane","mri-esm2-0","ssp370",NA,0,31.8821807861328
"2277",3008,"Tirane","mri-esm2-0","ssp370",NA,0,30.2071036202567
"2278",3009,"Tirane","mri-esm2-0","ssp370",NA,0.127874071560135,31.1376412527902
"2279",3010,"Tirane","mri-esm2-0","ssp370",NA,0,30.5309365408762
"2280",3011,"Tirane","mri-esm2-0","ssp370",NA,2.12294356648012,28.7729474748884
"2281",3012,"Tirane","mri-esm2-0","ssp370",NA,3.53336283213658,24.5603816441127
"2282",3013,"Tirane","mri-esm2-0","ssp370",NA,0.618987244264904,25.1409589494978
"2283",3014,"Tirane","mri-esm2-0","ssp370",NA,3.64939699585583,23.9654196602958
"2284",3015,"Tirane","mri-esm2-0","ssp370",NA,8.36522835439349,20.6958339146206
"2285",3016,"Tirane","mri-esm2-0","ssp370",NA,2.36081062924183,18.5749581473214
"2286",3017,"Tirane","mri-esm2-0","ssp370",NA,0.116048650566622,17.876362827846
"2287",3018,"Tirane","mri-esm2-0","ssp370",NA,14.1540063464032,17.3840554373605
"2288",3019,"Tirane","mri-esm2-0","ssp370",NA,6.93111084596499,16.0057355608259
"2289",3020,"Tirane","mri-esm2-0","ssp370",NA,3.77254213048478,13.365143258231
"2290",3021,"Tirane","mri-esm2-0","ssp370",NA,11.2304046924692,13.5296875
"2291",3022,"Tirane","mri-esm2-0","ssp370",NA,9.87717154400472,12.094127546038
"2292",3023,"Tirane","mri-esm2-0","ssp370",NA,9.48503380495825,9.48723536900114
"2293",3024,"Tirane","mri-esm2-0","ssp370",NA,7.51762674023797,8.38312683105471
"2294",3025,"Tirane","mri-esm2-0","ssp370",NA,0.901221598957947,5.36357596261163
"2295",3026,"Tirane","mri-esm2-0","ssp370",NA,6.0672564203352,8.35250026157927
"2296",3027,"Tirane","mri-esm2-0","ssp370",NA,5.69148635196533,11.2777779715402
"2297",3028,"Tirane","mri-esm2-0","ssp370",NA,14.4314676805932,10.7691611153739
"2298",3029,"Tirane","mri-esm2-0","ssp370",NA,6.1484099095521,9.44131513323105
"2299",3030,"Tirane","mri-esm2-0","ssp370",NA,0,7.32412327357703
"2300",3031,"Tirane","mri-esm2-0","ssp370",NA,0,5.20171944754467
"2301",3032,"Tirane","mri-esm2-0","ssp370",NA,5.02852944773622,7.17118007114957
"2302",3033,"Tirane","mri-esm2-0","ssp370",NA,6.02436363239706,6.8710636683873
"2303",3034,"Tirane","mri-esm2-0","ssp370",NA,4.97756644742497,11.0671914236886
"2304",3035,"Tirane","mri-esm2-0","ssp370",NA,9.59731872655019,9.03112618582592
"2305",3036,"Tirane","mri-esm2-0","ssp370",NA,0.852360601753131,5.57819737025672
"2306",3037,"Tirane","mri-esm2-0","ssp370",NA,8.7988860259689,11.7647556849888
"2307",3038,"Tirane","mri-esm2-0","ssp370",NA,12.772723001113,13.9521357945033
"2308",3039,"Tirane","mri-esm2-0","ssp370",NA,4.12224891229666,12.9284236363003
"2309",3040,"Tirane","mri-esm2-0","ssp370",NA,2.50174466387501,14.2109880719866
"2310",3041,"Tirane","mri-esm2-0","ssp370",NA,2.50222813504348,15.2037990025112
"2311",3042,"Tirane","mri-esm2-0","ssp370",NA,0.0890478682517174,13.8359510149275
"2312",3043,"Tirane","mri-esm2-0","ssp370",NA,0.100679139671099,17.0173889160156
"2313",3044,"Tirane","mri-esm2-0","ssp370",NA,0.499524054716208,18.7631360735212
"2314",3045,"Tirane","mri-esm2-0","ssp370",NA,3.02776035220761,17.0285910470146
"2315",3046,"Tirane","mri-esm2-0","ssp370",NA,0.581433789920994,20.4430807931083
"2316",3047,"Tirane","mri-esm2-0","ssp370",NA,0.144717701966458,22.950590297154
"2317",3048,"Tirane","mri-esm2-0","ssp370",NA,0.203125343562403,21.5652361188616
"2318",3049,"Tirane","mri-esm2-0","ssp370",NA,5.9813190047862,20.5589059012277
"2319",3050,"Tirane","mri-esm2-0","ssp370",NA,0.0152348340114778,25.0988555908203
"2320",3051,"Tirane","mri-esm2-0","ssp370",NA,0.415546898771676,25.4260868617467
"2321",3052,"Tirane","mri-esm2-0","ssp370",NA,0.74048417445738,27.2751447405134
"2322",3053,"Tirane","mri-esm2-0","ssp370",NA,0,25.5900556291853
"2323",3054,"Tirane","mri-esm2-0","ssp370",NA,0.103442368293015,26.6557054792132
"2324",3055,"Tirane","mri-esm2-0","ssp370",NA,0,26.7428658621652
"2325",3056,"Tirane","mri-esm2-0","ssp370",NA,0,25.4245784214565
"2326",3057,"Tirane","mri-esm2-0","ssp370",NA,0.402897916501388,26.1363268171038
"2327",3058,"Tirane","mri-esm2-0","ssp370",NA,0.015246529853487,28.462766810826
"2328",3059,"Tirane","mri-esm2-0","ssp370",NA,1.60671832085687,26.5238869803293
"2329",3060,"Tirane","mri-esm2-0","ssp370",NA,0.108356723961021,29.3672664097377
"2330",3061,"Tirane","mri-esm2-0","ssp370",NA,0.0659708129075755,27.1978175571987
"2331",3062,"Tirane","mri-esm2-0","ssp370",NA,0,27.4099147251674
"2332",3063,"Tirane","mri-esm2-0","ssp370",NA,0.118230338349739,28.9556104387556
"2333",3064,"Tirane","mri-esm2-0","ssp370",NA,1.61731187641376,22.8925502232143
"2334",3065,"Tirane","mri-esm2-0","ssp370",NA,1.40385177884517,23.4761465890067
"2335",3066,"Tirane","mri-esm2-0","ssp370",NA,0,24.7587764195033
"2336",3067,"Tirane","mri-esm2-0","ssp370",NA,0,23.9866402762277
"2337",3068,"Tirane","mri-esm2-0","ssp370",NA,1.81215153819982,21.3900804792132
"2338",3069,"Tirane","mri-esm2-0","ssp370",NA,8.7754200245919,18.311667742048
"2339",3070,"Tirane","mri-esm2-0","ssp370",NA,0.0190577129355266,17.0268428257534
"2340",3071,"Tirane","mri-esm2-0","ssp370",NA,0,15.6363311767578
"2341",3072,"Tirane","mri-esm2-0","ssp370",NA,0.00805349159885995,13.0822496686663
"2342",3073,"Tirane","mri-esm2-0","ssp370",NA,0.00753125366048025,13.3149047851563
"2343",3074,"Tirane","mri-esm2-0","ssp370",NA,2.71782185588693,15.3955344063896
"2344",3075,"Tirane","mri-esm2-0","ssp370",NA,1.67221420820819,14.7749856131417
"2345",3076,"Tirane","mri-esm2-0","ssp370",NA,2.89480041496322,11.9848876953125
"2346",3077,"Tirane","mri-esm2-0","ssp370",NA,0.180864803925423,7.06382359095984
"2347",3078,"Tirane","mri-esm2-0","ssp370",NA,0.0852168408268233,7.64454694475449
"2348",3079,"Tirane","mri-esm2-0","ssp370",NA,2.23992041927497,4.98166155133931
"2349",3080,"Tirane","mri-esm2-0","ssp370",NA,10.8957186890101,9.21245291573663
"2350",3081,"Tirane","mri-esm2-0","ssp370",NA,1.63425438264052,4.0550955636161
"2351",3082,"Tirane","mri-esm2-0","ssp370",NA,0.210759595003245,6.27842973981588
"2352",3083,"Tirane","mri-esm2-0","ssp370",NA,6.54822522025954,7.19163556780136
"2353",3084,"Tirane","mri-esm2-0","ssp370",NA,0.443910383494637,8.01055515834265
"2354",3085,"Tirane","mri-esm2-0","ssp370",NA,6.16317641875607,7.93677455357146
"2355",3086,"Tirane","mri-esm2-0","ssp370",NA,1.30106367328803,8.16556701660159
"2356",3087,"Tirane","mri-esm2-0","ssp370",NA,1.88818603590855,7.5732622419085
"2357",3088,"Tirane","mri-esm2-0","ssp370",NA,1.8852060041224,9.66363568987166
"2358",3089,"Tirane","mri-esm2-0","ssp370",NA,8.99196621986838,10.1353415352958
"2359",3090,"Tirane","mri-esm2-0","ssp370",NA,2.79530761183976,7.02478288922993
"2360",3091,"Tirane","mri-esm2-0","ssp370",NA,0.0071974766407428,9.09881635393418
"2361",3092,"Tirane","mri-esm2-0","ssp370",NA,5.7988587897853,10.2739131382534
"2362",3093,"Tirane","mri-esm2-0","ssp370",NA,3.54970565739288,11.7649976457868
"2363",3094,"Tirane","mri-esm2-0","ssp370",NA,3.0671721734117,14.4177076067243
"2364",3095,"Tirane","mri-esm2-0","ssp370",NA,3.2645127563228,11.4547668457032
"2365",3096,"Tirane","mri-esm2-0","ssp370",NA,2.31473177887632,16.6200326102121
"2366",3097,"Tirane","mri-esm2-0","ssp370",NA,2.84650425185516,15.2720864432199
"2367",3098,"Tirane","mri-esm2-0","ssp370",NA,0.29250438165036,20.1318102155413
"2368",3099,"Tirane","mri-esm2-0","ssp370",NA,0.61708428656857,22.343161882673
"2369",3100,"Tirane","mri-esm2-0","ssp370",NA,0.214986762771982,23.9960723876953
"2370",3101,"Tirane","mri-esm2-0","ssp370",NA,1.37144873411411,22.9133937290737
"2371",3102,"Tirane","mri-esm2-0","ssp370",NA,0.212977912451606,22.9395254952567
"2372",3103,"Tirane","mri-esm2-0","ssp370",NA,0.0431466298063502,24.8742091587612
"2373",3104,"Tirane","mri-esm2-0","ssp370",NA,0.501930123755301,28.572420828683
"2374",3105,"Tirane","mri-esm2-0","ssp370",NA,0.826486030096672,27.8225276402065
"2375",3106,"Tirane","mri-esm2-0","ssp370",NA,2.41678582897293,25.3630092075893
"2376",3107,"Tirane","mri-esm2-0","ssp370",NA,0.75076655115741,26.8271161760603
"2377",3108,"Tirane","mri-esm2-0","ssp370",NA,0.217474585536236,29.6690569196429
"2378",3109,"Tirane","mri-esm2-0","ssp370",NA,0,29.8518484933036
"2379",3110,"Tirane","mri-esm2-0","ssp370",NA,3.80053541198972,28.081454031808
"2380",3111,"Tirane","mri-esm2-0","ssp370",NA,0.36232477536292,29.3757786342076
"2381",3112,"Tirane","mri-esm2-0","ssp370",NA,0,29.5261692592076
"2382",3113,"Tirane","mri-esm2-0","ssp370",NA,0,27.5068668910436
"2383",3114,"Tirane","mri-esm2-0","ssp370",NA,0.131532615133827,28.0627249581473
"2384",3115,"Tirane","mri-esm2-0","ssp370",NA,0.234967145037704,28.4128727504186
"2385",3116,"Tirane","mri-esm2-0","ssp370",NA,2.53438422701687,23.2213684082031
"2386",3117,"Tirane","mri-esm2-0","ssp370",NA,0.62476302781371,21.6942055838448
"2387",3118,"Tirane","mri-esm2-0","ssp370",NA,3.92804921513224,21.5685625348773
"2388",3119,"Tirane","mri-esm2-0","ssp370",NA,0.324223277857527,22.4746163504464
"2389",3120,"Tirane","mri-esm2-0","ssp370",NA,0.858770330108072,16.9687002999442
"2390",3121,"Tirane","mri-esm2-0","ssp370",NA,3.435478841545,17.2058654785156
"2391",3122,"Tirane","mri-esm2-0","ssp370",NA,0,17.6589839390346
"2392",3123,"Tirane","mri-esm2-0","ssp370",NA,0.135794215124666,17.4073054722377
"2393",3124,"Tirane","mri-esm2-0","ssp370",NA,6.84748672904659,14.4924124581473
"2394",3125,"Tirane","mri-esm2-0","ssp370",NA,0.41636239924888,14.0786180768694
"2395",3126,"Tirane","mri-esm2-0","ssp370",NA,2.56366803348231,10.7981746128628
"2396",3127,"Tirane","mri-esm2-0","ssp370",NA,1.35608858129542,12.0596121651786
"2397",3128,"Tirane","mri-esm2-0","ssp370",NA,4.15533382391524,9.53728419712614
"2398",3129,"Tirane","mri-esm2-0","ssp370",NA,2.3758280623172,8.17342093331476
"2399",3130,"Tirane","mri-esm2-0","ssp370",NA,7.51406340236177,9.06765790666855
"2400",3131,"Tirane","mri-esm2-0","ssp370",NA,5.46223132987507,5.54713483537949
"2401",3132,"Tirane","mri-esm2-0","ssp370",NA,4.27171181030904,9.95831124441967
"2402",3133,"Tirane","mri-esm2-0","ssp370",NA,2.35369426996581,8.8537296840123
"2403",3134,"Tirane","mri-esm2-0","ssp370",NA,1.73705952890616,7.71798095703127
"2404",3135,"Tirane","mri-esm2-0","ssp370",NA,0.258556612971006,8.43326503208707
"2405",3136,"Tirane","mri-esm2-0","ssp370",NA,3.17761682968661,10.3436131068639
"2406",3137,"Tirane","mri-esm2-0","ssp370",NA,2.765207030773,8.31695818219869
"2407",3138,"Tirane","mri-esm2-0","ssp370",NA,0,8.58217991420203
"2408",3139,"Tirane","mri-esm2-0","ssp370",NA,0.278509315311177,5.82796412876676
"2409",3140,"Tirane","mri-esm2-0","ssp370",NA,3.96231685632041,9.52963954380582
"2410",3141,"Tirane","mri-esm2-0","ssp370",NA,7.16175045017735,11.6042441231864
"2411",3142,"Tirane","mri-esm2-0","ssp370",NA,2.17328729896898,10.8801818847657
"2412",3143,"Tirane","mri-esm2-0","ssp370",NA,1.8325630655454,5.57503008161274
"2413",3144,"Tirane","mri-esm2-0","ssp370",NA,5.85147673279737,11.5712284633092
"2414",3145,"Tirane","mri-esm2-0","ssp370",NA,0.101955838701022,14.1438472202846
"2415",3146,"Tirane","mri-esm2-0","ssp370",NA,2.56765183793115,12.640780203683
"2416",3147,"Tirane","mri-esm2-0","ssp370",NA,1.09173159965264,14.3641819545201
"2417",3148,"Tirane","mri-esm2-0","ssp370",NA,3.30087766404696,14.5582824707032
"2418",3149,"Tirane","mri-esm2-0","ssp370",NA,3.88549414024705,15.3198399135045
"2419",3150,"Tirane","mri-esm2-0","ssp370",NA,1.33648096172172,16.410538155692
"2420",3151,"Tirane","mri-esm2-0","ssp370",NA,5.32644344327439,17.6824890136719
"2421",3152,"Tirane","mri-esm2-0","ssp370",NA,7.41140945590034,16.5908578055245
"2422",3153,"Tirane","mri-esm2-0","ssp370",NA,2.54179758350281,18.892977469308
"2423",3154,"Tirane","mri-esm2-0","ssp370",NA,4.98627499598244,18.4955274309431
"2424",3155,"Tirane","mri-esm2-0","ssp370",NA,4.84633294275097,20.1648476736886
"2425",3156,"Tirane","mri-esm2-0","ssp370",NA,3.96152966090345,23.3831290108817
"2426",3157,"Tirane","mri-esm2-0","ssp370",NA,0.304770835516267,24.7011635916574
"2427",3158,"Tirane","mri-esm2-0","ssp370",NA,2.34471400040742,27.8307368687221
"2428",3159,"Tirane","mri-esm2-0","ssp370",NA,1.98466069367506,25.4506317138672
"2429",3160,"Tirane","mri-esm2-0","ssp370",NA,0.105223988118399,25.9672550746373
"2430",3161,"Tirane","mri-esm2-0","ssp370",NA,0,28.5103589739118
"2431",3162,"Tirane","mri-esm2-0","ssp370",NA,0,30.1878644670759
"2432",3163,"Tirane","mri-esm2-0","ssp370",NA,0.0083494293773713,30.0704742431641
"2433",3164,"Tirane","mri-esm2-0","ssp370",NA,0,30.7564723423549
"2434",3165,"Tirane","mri-esm2-0","ssp370",NA,0,30.2727033342634
"2435",3166,"Tirane","mri-esm2-0","ssp370",NA,1.01132868811484,29.1389535086495
"2436",3167,"Tirane","mri-esm2-0","ssp370",NA,0,26.0922725132533
"2437",3168,"Tirane","mri-esm2-0","ssp370",NA,5.98346455122477,23.3627432686942
"2438",3169,"Tirane","mri-esm2-0","ssp370",NA,13.4621035753818,22.146879359654
"2439",3170,"Tirane","mri-esm2-0","ssp370",NA,0,19.4869214739118
"2440",3171,"Tirane","mri-esm2-0","ssp370",NA,0.0078787520708699,21.2128845214844
"2441",3172,"Tirane","mri-esm2-0","ssp370",NA,0,19.5244777134487
"2442",3173,"Tirane","mri-esm2-0","ssp370",NA,0.257643515007138,21.162000819615
"2443",3174,"Tirane","mri-esm2-0","ssp370",NA,0,21.0064134870257
"2444",3175,"Tirane","mri-esm2-0","ssp370",NA,0,17.1324380057199
"2445",3176,"Tirane","mri-esm2-0","ssp370",NA,4.33685144525952,14.4824026925223
"2446",3177,"Tirane","mri-esm2-0","ssp370",NA,9.48100816209002,14.7009848458427
"2447",3178,"Tirane","mri-esm2-0","ssp370",NA,7.52244939966269,13.937631225586
"2448",3179,"Tirane","mri-esm2-0","ssp370",NA,19.1801361806158,12.4512028285436
"2449",3180,"Tirane","mri-esm2-0","ssp370",NA,0.78246047425117,12.8157047816686
"2450",3181,"Tirane","mri-esm2-0","ssp370",NA,7.02215272197333,13.7754368373326
"2451",3182,"Tirane","mri-esm2-0","ssp370",NA,1.15466012690116,12.4517085484097
"2452",3183,"Tirane","mri-esm2-0","ssp370",NA,0,6.70891723632815
"2453",3184,"Tirane","mri-esm2-0","ssp370",NA,0,8.25022059849332
"2454",3185,"Tirane","mri-esm2-0","ssp370",NA,1.10403937204475,5.48212803431922
"2455",3186,"Tirane","mri-esm2-0","ssp370",NA,8.07020779299949,7.59453517368864
"2456",3187,"Tirane","mri-esm2-0","ssp370",NA,2.96865051807669,10.2538238525391
"2457",3188,"Tirane","mri-esm2-0","ssp370",NA,14.9152181236006,8.82463117327011
"2458",3189,"Tirane","mri-esm2-0","ssp370",NA,0,8.68809116908485
"2459",3190,"Tirane","mri-esm2-0","ssp370",NA,0,5.95124642508373
"2460",3191,"Tirane","mri-esm2-0","ssp370",NA,6.69213559761245,10.5666377476284
"2461",3192,"Tirane","mri-esm2-0","ssp370",NA,9.21024865903228,10.1282897949219
"2462",3193,"Tirane","mri-esm2-0","ssp370",NA,8.34609921192688,11.0165649414063
"2463",3194,"Tirane","mri-esm2-0","ssp370",NA,1.87627885347216,12.3982679094587
"2464",3195,"Tirane","mri-esm2-0","ssp370",NA,0.021896232751065,14.3431117466518
"2465",3196,"Tirane","mri-esm2-0","ssp370",NA,1.78022935324406,13.2473345075335
"2466",3197,"Tirane","mri-esm2-0","ssp370",NA,0.387596221142823,14.9565150669643
"2467",3198,"Tirane","mri-esm2-0","ssp370",NA,0.0137097719873834,14.4337707519531
"2468",3199,"Tirane","mri-esm2-0","ssp370",NA,1.85806317520993,14.832661655971
"2469",3200,"Tirane","mri-esm2-0","ssp370",NA,1.41399003218145,15.1563550676619
"2470",3201,"Tirane","mri-esm2-0","ssp370",NA,2.3431352076711,15.2534925188337
"2471",3202,"Tirane","mri-esm2-0","ssp370",NA,0.843150932321026,17.0006129673549
"2472",3203,"Tirane","mri-esm2-0","ssp370",NA,0.0234397864135515,20.7351841517857
"2473",3204,"Tirane","mri-esm2-0","ssp370",NA,0.452081289560218,22.958394077846
"2474",3205,"Tirane","mri-esm2-0","ssp370",NA,0.134664322415899,22.5485277448382
"2475",3206,"Tirane","mri-esm2-0","ssp370",NA,0.066101548145525,24.6090550013951
"2476",3207,"Tirane","mri-esm2-0","ssp370",NA,0.00858148835374905,24.8268545968192
"2477",3208,"Tirane","mri-esm2-0","ssp370",NA,0.892774084474825,24.767696271624
"2478",3209,"Tirane","mri-esm2-0","ssp370",NA,2.89902496081465,26.0272853306362
"2479",3210,"Tirane","mri-esm2-0","ssp370",NA,0.0311080420942744,28.8481384277344
"2480",3211,"Tirane","mri-esm2-0","ssp370",NA,1.63323416563799,28.0997013636998
"2481",3212,"Tirane","mri-esm2-0","ssp370",NA,0.611074326583808,28.0935150146484
"2482",3213,"Tirane","mri-esm2-0","ssp370",NA,0.52317484548569,28.145414515904
"2483",3214,"Tirane","mri-esm2-0","ssp370",NA,0,28.6402069091797
"2484",3215,"Tirane","mri-esm2-0","ssp370",NA,0,29.360999407087
"2485",3216,"Tirane","mri-esm2-0","ssp370",NA,0.741988954333854,28.4143288748605
"2486",3217,"Tirane","mri-esm2-0","ssp370",NA,0.137574038126332,28.830440412249
"2487",3218,"Tirane","mri-esm2-0","ssp370",NA,7.96972558268215,24.7687425885882
"2488",3219,"Tirane","mri-esm2-0","ssp370",NA,3.52733384097519,24.3647356305804
"2489",3220,"Tirane","mri-esm2-0","ssp370",NA,1.77952411642244,24.6059465680803
"2490",3221,"Tirane","mri-esm2-0","ssp370",NA,1.12339040996241,22.4888767787388
"2491",3222,"Tirane","mri-esm2-0","ssp370",NA,2.84265646226101,21.7326010567802
"2492",3223,"Tirane","mri-esm2-0","ssp370",NA,0,19.3625056675502
"2493",3224,"Tirane","mri-esm2-0","ssp370",NA,1.2155008670691,15.8111140659878
"2494",3225,"Tirane","mri-esm2-0","ssp370",NA,0,18.1473196847098
"2495",3226,"Tirane","mri-esm2-0","ssp370",NA,0.613448824567188,17.3764739990235
"2496",3227,"Tirane","mri-esm2-0","ssp370",NA,0.668076104817114,15.5076494489398
"2497",3228,"Tirane","mri-esm2-0","ssp370",NA,4.81272557850129,15.5870343889509
"2498",3229,"Tirane","mri-esm2-0","ssp370",NA,5.47054521988944,14.51578238351
"2499",3230,"Tirane","mri-esm2-0","ssp370",NA,8.13858684222006,15.8955932617188
"2500",3231,"Tirane","mri-esm2-0","ssp370",NA,0.043891243798758,13.8649710518973
"2501",3232,"Tirane","mri-esm2-0","ssp370",NA,1.49024139058643,14.1359540666853
"2502",3233,"Tirane","mri-esm2-0","ssp370",NA,1.13906115439022,9.04441659109936
"2503",3234,"Tirane","mri-esm2-0","ssp370",NA,0.942338290146186,12.2890978131976
"2504",3235,"Tirane","mri-esm2-0","ssp370",NA,1.03937375617014,9.62011762346543
"2505",3236,"Tirane","mri-esm2-0","ssp370",NA,5.10842855895005,10.046539742606
"2506",3237,"Tirane","mri-esm2-0","ssp370",NA,0,6.05533098493305
"2507",3238,"Tirane","mri-esm2-0","ssp370",NA,2.7855495294976,9.11410784040181
"2508",3239,"Tirane","mri-esm2-0","ssp370",NA,1.8076023131081,10.4054351806641
"2509",3240,"Tirane","mri-esm2-0","ssp370",NA,0.307312934143868,10.5405648367746
"2510",3241,"Tirane","mri-esm2-0","ssp370",NA,9.3575750585712,5.16931413922994
"2511",3242,"Tirane","mri-esm2-0","ssp370",NA,3.59665682112141,6.16690543038507
"2512",3243,"Tirane","mri-esm2-0","ssp370",NA,2.6646051278606,11.0895695277623
"2513",3244,"Tirane","mri-esm2-0","ssp370",NA,8.33567987179516,7.96874389648439
"2514",3245,"Tirane","mri-esm2-0","ssp370",NA,0.255782241375917,8.1814383370536
"2515",3246,"Tirane","mri-esm2-0","ssp370",NA,7.55673242154963,10.2120125906808
"2516",3247,"Tirane","mri-esm2-0","ssp370",NA,18.7650434930609,11.407144165039
"2517",3248,"Tirane","mri-esm2-0","ssp370",NA,0.293214525533715,12.9380759102958
"2518",3249,"Tirane","mri-esm2-0","ssp370",NA,0.387081703021457,12.4373609270368
"2519",3250,"Tirane","mri-esm2-0","ssp370",NA,3.35221449911062,16.1435507638114
"2520",3251,"Tirane","mri-esm2-0","ssp370",NA,5.15433581229964,16.1171988351005
"2521",3252,"Tirane","mri-esm2-0","ssp370",NA,5.92320297203384,16.3033015659878
"2522",3253,"Tirane","mri-esm2-0","ssp370",NA,2.57375843279338,17.5481702532087
"2523",3254,"Tirane","mri-esm2-0","ssp370",NA,0.202552323077856,17.0025115966797
"2524",3255,"Tirane","mri-esm2-0","ssp370",NA,0.198551919934939,20.0157954624721
"2525",3256,"Tirane","mri-esm2-0","ssp370",NA,0,21.4108433314732
"2526",3257,"Tirane","mri-esm2-0","ssp370",NA,0,25.9852015904018
"2527",3258,"Tirane","mri-esm2-0","ssp370",NA,0.638944442523228,27.7679295131138
"2528",3259,"Tirane","mri-esm2-0","ssp370",NA,5.85996854835165,25.1263780866351
"2529",3260,"Tirane","mri-esm2-0","ssp370",NA,4.34248533025051,23.7783490862166
"2530",3261,"Tirane","mri-esm2-0","ssp370",NA,3.68078452156624,26.0834551130023
"2531",3262,"Tirane","mri-esm2-0","ssp370",NA,0.015263671593857,25.9546883719308
"2532",3263,"Tirane","mri-esm2-0","ssp370",NA,1.463056846738,25.8130846296038
"2533",3264,"Tirane","mri-esm2-0","ssp370",NA,1.91159972943881,24.5359763009208
"2534",3265,"Tirane","mri-esm2-0","ssp370",NA,5.0181392700324,24.1896977015904
"2535",3266,"Tirane","mri-esm2-0","ssp370",NA,0.391169699391217,25.4321402413504
"2536",3267,"Tirane","mri-esm2-0","ssp370",NA,0.00722468017296965,28.121248953683
"2537",3268,"Tirane","mri-esm2-0","ssp370",NA,0,29.1634351457868
"2538",3269,"Tirane","mri-esm2-0","ssp370",NA,0.446792970745134,29.8999093191964
"2539",3270,"Tirane","mri-esm2-0","ssp370",NA,0.127046436734547,26.7186218261719
"2540",3271,"Tirane","mri-esm2-0","ssp370",NA,0.0195870876528456,26.985243007115
"2541",3272,"Tirane","mri-esm2-0","ssp370",NA,0,26.3971518380302
"2542",3273,"Tirane","mri-esm2-0","ssp370",NA,0.0561741721737365,25.5650508335658
"2543",3274,"Tirane","mri-esm2-0","ssp370",NA,0,24.8564239501953
"2544",3275,"Tirane","mri-esm2-0","ssp370",NA,0.136919488431886,20.6698787144253
"2545",3276,"Tirane","mri-esm2-0","ssp370",NA,7.71684214767967,19.2326991489956
"2546",3277,"Tirane","mri-esm2-0","ssp370",NA,10.573995242677,17.6571725027902
"2547",3278,"Tirane","mri-esm2-0","ssp370",NA,0.541151302033021,16.5537048339844
"2548",3279,"Tirane","mri-esm2-0","ssp370",NA,0.320240152567359,12.3875518798828
"2549",3280,"Tirane","mri-esm2-0","ssp370",NA,2.06020034079951,12.5844251360212
"2550",3281,"Tirane","mri-esm2-0","ssp370",NA,3.04047535599759,14.2545061383929
"2551",3282,"Tirane","mri-esm2-0","ssp370",NA,1.8922930613501,13.3353820800781
"2552",3283,"Tirane","mri-esm2-0","ssp370",NA,1.41749257062266,13.1796465192523
"2553",3284,"Tirane","mri-esm2-0","ssp370",NA,3.69537821505739,12.3191401890346
"2554",3285,"Tirane","mri-esm2-0","ssp370",NA,0,7.68800397600449
"2555",3286,"Tirane","mri-esm2-0","ssp370",NA,3.6520970332536,9.15488804408485
"2556",3287,"Tirane","mri-esm2-0","ssp370",NA,0,10.5800197056362
"2557",3288,"Tirane","mri-esm2-0","ssp370",NA,1.64067476705116,9.89228646414622
"2558",3289,"Tirane","mri-esm2-0","ssp370",NA,0.239447080509438,11.2932591029577
"2559",3290,"Tirane","mri-esm2-0","ssp370",NA,7.20042985207589,10.4680245535714
"2560",3291,"Tirane","mri-esm2-0","ssp370",NA,4.38892280445933,10.2617191859655
"2561",3292,"Tirane","mri-esm2-0","ssp370",NA,15.6600459569745,10.0228101457868
"2562",3293,"Tirane","mri-esm2-0","ssp370",NA,1.88474194229847,7.20584586007256
"2563",3294,"Tirane","mri-esm2-0","ssp370",NA,4.65169643991561,10.6521480015346
"2564",3295,"Tirane","mri-esm2-0","ssp370",NA,13.1789882234962,10.5388689313616
"2565",3296,"Tirane","mri-esm2-0","ssp370",NA,9.70927522861787,12.5724142892021
"2566",3297,"Tirane","mri-esm2-0","ssp370",NA,2.92859037046063,13.9065490722656
"2567",3298,"Tirane","mri-esm2-0","ssp370",NA,1.62569186091527,11.9085588727679
"2568",3299,"Tirane","mri-esm2-0","ssp370",NA,0.0163172522661626,11.0340340750558
"2569",3300,"Tirane","mri-esm2-0","ssp370",NA,1.0322618198448,14.4852953229632
"2570",3301,"Tirane","mri-esm2-0","ssp370",NA,0.096049178890618,13.1349796840123
"2571",3302,"Tirane","mri-esm2-0","ssp370",NA,2.06013968729946,15.2693660191128
"2572",3303,"Tirane","mri-esm2-0","ssp370",NA,3.31582965092301,14.7759687151228
"2573",3304,"Tirane","mri-esm2-0","ssp370",NA,1.35501043093557,17.0007241385324
"2574",3305,"Tirane","mri-esm2-0","ssp370",NA,5.80926088784638,15.631960623605
"2575",3306,"Tirane","mri-esm2-0","ssp370",NA,0.781494808844789,17.800175694057
"2576",3307,"Tirane","mri-esm2-0","ssp370",NA,0.133283646157777,20.0329921177456
"2577",3308,"Tirane","mri-esm2-0","ssp370",NA,0.96198640946698,23.0464438302177
"2578",3309,"Tirane","mri-esm2-0","ssp370",NA,1.8875038027805,21.9917955671038
"2579",3310,"Tirane","mri-esm2-0","ssp370",NA,2.67367821694019,21.1776868547712
"2580",3311,"Tirane","mri-esm2-0","ssp370",NA,4.66219273054906,21.6237295968192
"2581",3312,"Tirane","mri-esm2-0","ssp370",NA,1.02967927549408,24.9014548165458
"2582",3313,"Tirane","mri-esm2-0","ssp370",NA,0.122974527585029,28.6423540387835
"2583",3314,"Tirane","mri-esm2-0","ssp370",NA,0,27.9216618129186
"2584",3315,"Tirane","mri-esm2-0","ssp370",NA,0,28.6335693359375
"2585",3316,"Tirane","mri-esm2-0","ssp370",NA,0.0189145269229942,27.5446694510324
"2586",3317,"Tirane","mri-esm2-0","ssp370",NA,0.383805935520546,28.1692814418248
"2587",3318,"Tirane","mri-esm2-0","ssp370",NA,1.9686660228347,29.3604043143136
"2588",3319,"Tirane","mri-esm2-0","ssp370",NA,0,31.4346187046596
"2589",3320,"Tirane","mri-esm2-0","ssp370",NA,0.0102459827758139,29.6754721505302
"2590",3321,"Tirane","mri-esm2-0","ssp370",NA,0,32.3201559884208
"2591",3322,"Tirane","mri-esm2-0","ssp370",NA,0.416743434626759,27.2969669886998
"2592",3323,"Tirane","mri-esm2-0","ssp370",NA,0.746513397150141,25.5786965506418
"2593",3324,"Tirane","mri-esm2-0","ssp370",NA,0,28.2227700369699
"2594",3325,"Tirane","mri-esm2-0","ssp370",NA,0,28.131247820173
"2595",3326,"Tirane","mri-esm2-0","ssp370",NA,0,30.8294660295759
"2596",3327,"Tirane","mri-esm2-0","ssp370",NA,0.339409316282919,27.7129455566407
"2597",3328,"Tirane","mri-esm2-0","ssp370",NA,1.79546757883924,24.2531895228795
"2598",3329,"Tirane","mri-esm2-0","ssp370",NA,1.89588105942155,19.5156406947545
"2599",3330,"Tirane","mri-esm2-0","ssp370",NA,0.189445575233549,21.0349256243025
"2600",3331,"Tirane","mri-esm2-0","ssp370",NA,5.26265068661555,18.1332728794643
"2601",3332,"Tirane","mri-esm2-0","ssp370",NA,0.879361373543879,15.5121834891183
"2602",3333,"Tirane","mri-esm2-0","ssp370",NA,0.442059294437058,15.4049839564733
"2603",3334,"Tirane","mri-esm2-0","ssp370",NA,4.73667831850305,15.234048461914
"2604",3335,"Tirane","mri-esm2-0","ssp370",NA,0,15.671049281529
"2605",3336,"Tirane","mri-esm2-0","ssp370",NA,0.395487251392167,12.7964111328125
"2606",3337,"Tirane","mri-esm2-0","ssp370",NA,0.145399960352474,9.19881373814177
"2607",3338,"Tirane","mri-esm2-0","ssp370",NA,0,6.51575186593194
"2608",3339,"Tirane","mri-esm2-0","ssp370",NA,15.8160617637415,10.1352107456752
"2609",3340,"Tirane","mri-esm2-0","ssp370",NA,5.6441826192895,11.6169917515346
"2610",3341,"Tirane","mri-esm2-0","ssp370",NA,2.81702309647309,9.46987740652904
"2611",3342,"Tirane","mri-esm2-0","ssp370",NA,1.0840312705633,10.7319623674666
"2612",3343,"Tirane","mri-esm2-0","ssp370",NA,4.96062727595147,10.7851305280413
"2613",3344,"Tirane","mri-esm2-0","ssp370",NA,2.40176686077445,12.0040985107422
"2614",3345,"Tirane","mri-esm2-0","ssp370",NA,3.2798426942983,13.4660278320313
"2615",3346,"Tirane","mri-esm2-0","ssp370",NA,7.16317223798666,12.482088797433
"2616",3347,"Tirane","mri-esm2-0","ssp370",NA,4.64709334519284,7.72873622349332
"2617",3348,"Tirane","mri-esm2-0","ssp370",NA,10.6815160850861,10.5259883335658
"2618",3349,"Tirane","mri-esm2-0","ssp370",NA,3.11139440392642,12.0638170514788
"2619",3350,"Tirane","mri-esm2-0","ssp370",NA,4.50428599308777,13.9473379952567
"2620",3351,"Tirane","mri-esm2-0","ssp370",NA,8.66531227241336,12.5860251290458
"2621",3352,"Tirane","mri-esm2-0","ssp370",NA,10.5355740999845,14.4062090192523
"2622",3353,"Tirane","mri-esm2-0","ssp370",NA,3.75292518440672,14.2650957380023
"2623",3354,"Tirane","mri-esm2-0","ssp370",NA,12.3352261185314,11.6171486990793
"2624",3355,"Tirane","mri-esm2-0","ssp370",NA,16.0573173062793,13.228910609654
"2625",3356,"Tirane","mri-esm2-0","ssp370",NA,0.10722822885977,14.6835266113282
"2626",3357,"Tirane","mri-esm2-0","ssp370",NA,3.05352694745774,18.3794647216797
"2627",3358,"Tirane","mri-esm2-0","ssp370",NA,3.16236054183848,15.4097272600447
"2628",3359,"Tirane","mri-esm2-0","ssp370",NA,2.64536083923304,20.537731061663
"2629",3360,"Tirane","mri-esm2-0","ssp370",NA,1.10057544391436,18.6534776960101
"2630",3361,"Tirane","mri-esm2-0","ssp370",NA,0.419118021714634,23.3370888846261
"2631",3362,"Tirane","mri-esm2-0","ssp370",NA,5.36895860776504,20.4515298025948
"2632",3363,"Tirane","mri-esm2-0","ssp370",NA,3.93514862350588,21.2146806989398
"2633",3364,"Tirane","mri-esm2-0","ssp370",NA,0.343260824411118,24.1200762067523
"2634",3365,"Tirane","mri-esm2-0","ssp370",NA,0.0136292987008346,28.0191523960659
"2635",3366,"Tirane","mri-esm2-0","ssp370",NA,9.14528905445227,28.0455283028739
"2636",3367,"Tirane","mri-esm2-0","ssp370",NA,0.0958594417430243,25.8291804722377
"2637",3368,"Tirane","mri-esm2-0","ssp370",NA,0.811589485861729,27.5277474539621
"2638",3369,"Tirane","mri-esm2-0","ssp370",NA,1.54083949746564,28.0948076520648
"2639",3370,"Tirane","mri-esm2-0","ssp370",NA,0.24372639826262,27.3476327078683
"2640",3371,"Tirane","mri-esm2-0","ssp370",NA,1.63156902082327,28.174709211077
"2641",3372,"Tirane","mri-esm2-0","ssp370",NA,0,28.581451851981
"2642",3373,"Tirane","mri-esm2-0","ssp370",NA,0,27.2236005510603
"2643",3374,"Tirane","mri-esm2-0","ssp370",NA,0.0113858664138076,29.835604422433
"2644",3375,"Tirane","mri-esm2-0","ssp370",NA,0,27.4206176757813
"2645",3376,"Tirane","mri-esm2-0","ssp370",NA,0.53288347553462,27.4609008789063
"2646",3377,"Tirane","mri-esm2-0","ssp370",NA,3.04445979610526,20.9124607631138
"2647",3378,"Tirane","mri-esm2-0","ssp370",NA,2.23828643998526,23.0601026262556
"2648",3379,"Tirane","mri-esm2-0","ssp370",NA,0.298449857343387,21.8507978166853
"2649",3380,"Tirane","mri-esm2-0","ssp370",NA,0.365225714631379,22.8645743233817
"2650",3381,"Tirane","mri-esm2-0","ssp370",NA,0,21.3707933698382
"2651",3382,"Tirane","mri-esm2-0","ssp370",NA,0,20.791166469029
"2652",3383,"Tirane","mri-esm2-0","ssp370",NA,6.86974782646367,18.193970162528
"2653",3384,"Tirane","mri-esm2-0","ssp370",NA,3.82388375614287,17.501835850307
"2654",3385,"Tirane","mri-esm2-0","ssp370",NA,0.395170987966204,15.4795645577567
"2655",3386,"Tirane","mri-esm2-0","ssp370",NA,0,12.0318041120257
"2656",3387,"Tirane","mri-esm2-0","ssp370",NA,4.01213706271457,11.4308214460101
"2657",3388,"Tirane","mri-esm2-0","ssp370",NA,0,10.9919677734375
"2658",3389,"Tirane","mri-esm2-0","ssp370",NA,3.9385462494725,6.89248046875002
"2659",3390,"Tirane","mri-esm2-0","ssp370",NA,10.0098738177102,9.52502920968194
"2660",3391,"Tirane","mri-esm2-0","ssp370",NA,5.38348363957734,6.2010197230748
"2661",3392,"Tirane","mri-esm2-0","ssp370",NA,1.4088934486998,5.06207536969869
"2662",3393,"Tirane","mri-esm2-0","ssp370",NA,7.54345719604837,6.27810712541855
"2663",3394,"Tirane","mri-esm2-0","ssp370",NA,4.7189530741889,9.34964468819757
"2664",3395,"Tirane","mri-esm2-0","ssp370",NA,3.4088031110254,9.88973606654578
"2665",3396,"Tirane","mri-esm2-0","ssp370",NA,0,10.7763807024274
"2666",3397,"Tirane","mri-esm2-0","ssp370",NA,3.39924657673691,8.9517761230469
"2667",3398,"Tirane","mri-esm2-0","ssp370",NA,8.73154417271767,6.28415832519534
"2668",3399,"Tirane","mri-esm2-0","ssp370",NA,0,9.37219499860494
"2669",3400,"Tirane","mri-esm2-0","ssp370",NA,7.36868842634846,12.3702854701451
"2670",3401,"Tirane","mri-esm2-0","ssp370",NA,0.109664345758834,10.7468157087054
"2671",3402,"Tirane","mri-esm2-0","ssp370",NA,8.17360452575874,8.23362339564735
"2672",3403,"Tirane","mri-esm2-0","ssp370",NA,0,12.0630017961774
"2673",3404,"Tirane","mri-esm2-0","ssp370",NA,2.67540558124893,11.3772674560547
"2674",3405,"Tirane","mri-esm2-0","ssp370",NA,2.34282058601301,13.3557525634766
"2675",3406,"Tirane","mri-esm2-0","ssp370",NA,2.35129004545992,14.9227037702288
"2676",3407,"Tirane","mri-esm2-0","ssp370",NA,0.32176378611309,17.6769391741071
"2677",3408,"Tirane","mri-esm2-0","ssp370",NA,2.72429475932898,18.6908508300781
"2678",3409,"Tirane","mri-esm2-0","ssp370",NA,0.156514952608891,18.3375444684711
"2679",3410,"Tirane","mri-esm2-0","ssp370",NA,0.508698859734328,17.4528246198382
"2680",3411,"Tirane","mri-esm2-0","ssp370",NA,1.76756266654203,19.8479030064175
"2681",3412,"Tirane","mri-esm2-0","ssp370",NA,3.89963205722909,21.928360421317
"2682",3413,"Tirane","mri-esm2-0","ssp370",NA,0,22.7847555977958
"2683",3414,"Tirane","mri-esm2-0","ssp370",NA,1.48380613484603,25.5197387695313
"2684",3415,"Tirane","mri-esm2-0","ssp370",NA,0.78084752292073,26.2744624546596
"2685",3416,"Tirane","mri-esm2-0","ssp370",NA,0,27.0235294886998
"2686",3417,"Tirane","mri-esm2-0","ssp370",NA,0.032369076273296,24.2900896344866
"2687",3418,"Tirane","mri-esm2-0","ssp370",NA,0.0699182346579618,25.2289433070592
"2688",3419,"Tirane","mri-esm2-0","ssp370",NA,0.0084380006488313,24.7854378836496
"2689",3420,"Tirane","mri-esm2-0","ssp370",NA,1.26666792649693,25.8154802594866
"2690",3421,"Tirane","mri-esm2-0","ssp370",NA,0.492641072040507,28.303364780971
"2691",3422,"Tirane","mri-esm2-0","ssp370",NA,0,29.1910382952009
"2692",3423,"Tirane","mri-esm2-0","ssp370",NA,0.115687405507612,27.5393266950335
"2693",3424,"Tirane","mri-esm2-0","ssp370",NA,0,29.9518829345703
"2694",3425,"Tirane","mri-esm2-0","ssp370",NA,0,29.7575121198382
"2695",3426,"Tirane","mri-esm2-0","ssp370",NA,0,29.8037288120815
"2696",3427,"Tirane","mri-esm2-0","ssp370",NA,0,25.894921875
"2697",3428,"Tirane","mri-esm2-0","ssp370",NA,0,26.7679992675781
"2698",3429,"Tirane","mri-esm2-0","ssp370",NA,0.00765297110254845,28.9482557024275
"2699",3430,"Tirane","mri-esm2-0","ssp370",NA,0.0218309500269243,22.9296704973493
"2700",3431,"Tirane","mri-esm2-0","ssp370",NA,0,22.9380453927177
"2701",3432,"Tirane","mri-esm2-0","ssp370",NA,0.0129153555982547,23.2416233607701
"2702",3433,"Tirane","mri-esm2-0","ssp370",NA,0,23.4467647007534
"2703",3434,"Tirane","mri-esm2-0","ssp370",NA,0,21.4137664794922
"2704",3435,"Tirane","mri-esm2-0","ssp370",NA,0.174970425099932,20.0430476597378
"2705",3436,"Tirane","mri-esm2-0","ssp370",NA,0,13.6358450753348
"2706",3437,"Tirane","mri-esm2-0","ssp370",NA,3.64188298356436,14.5595511300223
"2707",3438,"Tirane","mri-esm2-0","ssp370",NA,3.03309327869751,15.6283573695592
"2708",3439,"Tirane","mri-esm2-0","ssp370",NA,2.35652926839975,15.9026079450335
"2709",3440,"Tirane","mri-esm2-0","ssp370",NA,0,13.7761975969588
"2710",3441,"Tirane","mri-esm2-0","ssp370",NA,4.8575353675655,11.0045017787388
"2711",3442,"Tirane","mri-esm2-0","ssp370",NA,2.22867546004376,11.8009974888394
"2712",3443,"Tirane","mri-esm2-0","ssp370",NA,1.68803865718864,13.0220842633929
"2713",3444,"Tirane","mri-esm2-0","ssp370",NA,0.29834270182099,9.09166652134489
"2714",3445,"Tirane","mri-esm2-0","ssp370",NA,8.39209541050617,10.2536974225726
"2715",3446,"Tirane","mri-esm2-0","ssp370",NA,4.20245070937588,7.57939627511163
"2716",3447,"Tirane","mri-esm2-0","ssp370",NA,0,7.69812927246096
"2717",3448,"Tirane","mri-esm2-0","ssp370",NA,0.0309528894181962,6.87769252232145
"2718",3449,"Tirane","mri-esm2-0","ssp370",NA,5.29020666851596,9.17519749232703
"2719",3450,"Tirane","mri-esm2-0","ssp370",NA,13.2243101094251,11.2864689418248
"2720",3451,"Tirane","mri-esm2-0","ssp370",NA,0.231222433909092,13.1662362234933
"2721",3452,"Tirane","mri-esm2-0","ssp370",NA,3.54732263835363,11.1075007847377
"2722",3453,"Tirane","mri-esm2-0","ssp370",NA,0,9.56255493164063
"2723",3454,"Tirane","mri-esm2-0","ssp370",NA,2.01229692434676,12.451300920759
"2724",3455,"Tirane","mri-esm2-0","ssp370",NA,0.0298142574527966,14.7999969482422
"2725",3456,"Tirane","mri-esm2-0","ssp370",NA,1.44928430028293,9.55756966727122
"2726",3457,"Tirane","mri-esm2-0","ssp370",NA,0.179658741607064,10.0828360421317
"2727",3458,"Tirane","mri-esm2-0","ssp370",NA,4.31844626208268,12.9239506312779
"2728",3459,"Tirane","mri-esm2-0","ssp370",NA,6.04180639721952,13.8888968331473
"2729",3460,"Tirane","mri-esm2-0","ssp370",NA,5.16669559365255,14.9851187569754
"2730",3461,"Tirane","mri-esm2-0","ssp370",NA,8.05235758138484,16.0727848597936
"2731",3462,"Tirane","mri-esm2-0","ssp370",NA,1.64379484724902,19.6141230991909
"2732",3463,"Tirane","mri-esm2-0","ssp370",NA,2.80398803073955,20.2504647391183
"2733",3464,"Tirane","mri-esm2-0","ssp370",NA,0.904298624144367,21.3711857386998
"2734",3465,"Tirane","mri-esm2-0","ssp370",NA,0.416337561546243,23.4998740059989
"2735",3466,"Tirane","mri-esm2-0","ssp370",NA,0.0075473212356363,23.7541530064175
"2736",3467,"Tirane","mri-esm2-0","ssp370",NA,0.0906437465995885,27.6896846226284
"2737",3468,"Tirane","mri-esm2-0","ssp370",NA,5.36380646657823,26.788241141183
"2738",3469,"Tirane","mri-esm2-0","ssp370",NA,1.39495730779475,25.4587341308594
"2739",3470,"Tirane","mri-esm2-0","ssp370",NA,8.70942386952396,25.0387512207032
"2740",3471,"Tirane","mri-esm2-0","ssp370",NA,2.66703768689435,27.1094669886998
"2741",3472,"Tirane","mri-esm2-0","ssp370",NA,4.32214572917604,26.381010219029
"2742",3473,"Tirane","mri-esm2-0","ssp370",NA,1.08886355327351,26.5325081961495
"2743",3474,"Tirane","mri-esm2-0","ssp370",NA,3.36007137146745,24.2348658970424
"2744",3475,"Tirane","mri-esm2-0","ssp370",NA,0.168667972242734,29.9567439488003
"2745",3476,"Tirane","mri-esm2-0","ssp370",NA,1.24343703048778,31.0520699637277
"2746",3477,"Tirane","mri-esm2-0","ssp370",NA,0,29.9201075962612
"2747",3478,"Tirane","mri-esm2-0","ssp370",NA,1.65134502333655,28.9768223353795
"2748",3479,"Tirane","mri-esm2-0","ssp370",NA,1.55560987675147,26.0667205810547
"2749",3480,"Tirane","mri-esm2-0","ssp370",NA,10.8788506664236,23.7744035993303
"2750",3481,"Tirane","mri-esm2-0","ssp370",NA,18.0051126231514,23.0266422816686
"2751",3482,"Tirane","mri-esm2-0","ssp370",NA,1.0044537522065,24.0664415631976
"2752",3483,"Tirane","mri-esm2-0","ssp370",NA,0.012324420198898,24.9211669921876
"2753",3484,"Tirane","mri-esm2-0","ssp370",NA,0,23.0409593854632
"2754",3485,"Tirane","mri-esm2-0","ssp370",NA,0.0506619407782897,21.4627515520368
"2755",3486,"Tirane","mri-esm2-0","ssp370",NA,0.347384729892448,16.5737636021206
"2756",3487,"Tirane","mri-esm2-0","ssp370",NA,5.22001740464475,20.0585266113282
"2757",3488,"Tirane","mri-esm2-0","ssp370",NA,10.8228853881623,15.54312613351
"2758",3489,"Tirane","mri-esm2-0","ssp370",NA,11.2345533977661,16.2247188023159
"2759",3490,"Tirane","mri-esm2-0","ssp370",NA,9.70763371192981,15.5352199009487
"2760",3491,"Tirane","mri-esm2-0","ssp370",NA,10.3637386853474,15.5270760672433
"2761",3492,"Tirane","mri-esm2-0","ssp370",NA,4.60651872085042,14.1859614780972
"2762",3493,"Tirane","mri-esm2-0","ssp370",NA,1.93530345318972,13.0865155901228
"2763",3494,"Tirane","mri-esm2-0","ssp370",NA,1.01988144202291,9.44466552734378
"2764",3495,"Tirane","mri-esm2-0","ssp370",NA,0.205773357967181,13.1767473493304
"2765",3496,"Tirane","mri-esm2-0","ssp370",NA,2.24400228637803,7.84123491559712
"2766",3497,"Tirane","mri-esm2-0","ssp370",NA,0.00842891549837075,1.11964460100449
"2767",3498,"Tirane","mri-esm2-0","ssp370",NA,0.156096856777107,4.28508475167413
"2768",3499,"Tirane","mri-esm2-0","ssp370",NA,0.880719096624359,11.249400983538
"2769",3500,"Tirane","mri-esm2-0","ssp370",NA,0.0750356482447907,12.2384713309152
"2770",3501,"Tirane","mri-esm2-0","ssp370",NA,1.97287015814384,9.63294590541297
"2771",3502,"Tirane","mri-esm2-0","ssp370",NA,0.340247831679465,8.25571158272881
"2772",3503,"Tirane","mri-esm2-0","ssp370",NA,3.70555118476789,7.03458339146207
"2773",3504,"Tirane","mri-esm2-0","ssp370",NA,4.67327950755134,5.11537214006699
"2774",3505,"Tirane","mri-esm2-0","ssp370",NA,0.586763025941244,7.34915858677458
"2775",3506,"Tirane","mri-esm2-0","ssp370",NA,3.52169821458769,7.80963396344868
"2776",3507,"Tirane","mri-esm2-0","ssp370",NA,5.60740438387646,10.8882254464286
"2777",3508,"Tirane","mri-esm2-0","ssp370",NA,0.101805649215489,12.656649344308
"2778",3509,"Tirane","mri-esm2-0","ssp370",NA,1.37902402223387,14.0170902797154
"2779",3510,"Tirane","mri-esm2-0","ssp370",NA,6.99249204909782,13.564599609375
"2780",3511,"Tirane","mri-esm2-0","ssp370",NA,0.0286540299254869,14.6601937430245
"2781",3512,"Tirane","mri-esm2-0","ssp370",NA,4.21473939656737,15.2784842354911
"2782",3513,"Tirane","mri-esm2-0","ssp370",NA,10.2847465877338,15.3632816859654
"2783",3514,"Tirane","mri-esm2-0","ssp370",NA,2.74267863320087,14.409308733259
"2784",3515,"Tirane","mri-esm2-0","ssp370",NA,2.93337923191887,15.1108315604074
"2785",3516,"Tirane","mri-esm2-0","ssp370",NA,1.08126923467873,16.1499507359096
"2786",3517,"Tirane","mri-esm2-0","ssp370",NA,0,22.3938254220146
"2787",3518,"Tirane","mri-esm2-0","ssp370",NA,0,22.6626133510045
"2788",3519,"Tirane","mri-esm2-0","ssp370",NA,2.08163503541852,22.2230686732701
"2789",3520,"Tirane","mri-esm2-0","ssp370",NA,0,25.9806762695313
"2790",3521,"Tirane","mri-esm2-0","ssp370",NA,0.118379489452179,24.7600102015904
"2791",3522,"Tirane","mri-esm2-0","ssp370",NA,0.168231790303252,28.0285103934152
"2792",3523,"Tirane","mri-esm2-0","ssp370",NA,0.173947895590183,26.5825722830636
"2793",3524,"Tirane","mri-esm2-0","ssp370",NA,0,28.7305563790458
"2794",3525,"Tirane","mri-esm2-0","ssp370",NA,0.388495115008222,30.1467572893415
"2795",3526,"Tirane","mri-esm2-0","ssp370",NA,0,31.2375645228794
"2796",3527,"Tirane","mri-esm2-0","ssp370",NA,1.22592369630833,28.0924904959543
"2797",3528,"Tirane","mri-esm2-0","ssp370",NA,0,28.7147940499442
"2798",3529,"Tirane","mri-esm2-0","ssp370",NA,0,29.7969757080078
"2799",3530,"Tirane","mri-esm2-0","ssp370",NA,0,30.7862248011998
"2800",3531,"Tirane","mri-esm2-0","ssp370",NA,0,30.1341993059431
"2801",3532,"Tirane","mri-esm2-0","ssp370",NA,0,29.4002515520368
"2802",3533,"Tirane","mri-esm2-0","ssp370",NA,0.483776531681152,28.5530814034598
"2803",3534,"Tirane","mri-esm2-0","ssp370",NA,4.28264223488181,22.2399775913783
"2804",3535,"Tirane","mri-esm2-0","ssp370",NA,0,25.6418635777065
"2805",3536,"Tirane","mri-esm2-0","ssp370",NA,0,25.4702392578125
"2806",3537,"Tirane","mri-esm2-0","ssp370",NA,4.92039022854962,22.5797145298549
"2807",3538,"Tirane","mri-esm2-0","ssp370",NA,8.95076332744793,18.6976279122489
"2808",3539,"Tirane","mri-esm2-0","ssp370",NA,3.48463283818482,19.308999633789
"2809",3540,"Tirane","mri-esm2-0","ssp370",NA,2.21976908547472,16.6300925118583
"2810",3541,"Tirane","mri-esm2-0","ssp370",NA,4.43486809420262,11.5403708321708
"2811",3542,"Tirane","mri-esm2-0","ssp370",NA,5.84859496222114,14.9671003069197
"2812",3543,"Tirane","mri-esm2-0","ssp370",NA,17.520586190845,13.891013445173
"2813",3544,"Tirane","mri-esm2-0","ssp370",NA,3.71722851549359,12.9830958775112
"2814",3545,"Tirane","mri-esm2-0","ssp370",NA,1.45587926074638,10.4163735525948
"2815",3546,"Tirane","mri-esm2-0","ssp370",NA,0.484999359676814,12.9041425432478
"2816",3547,"Tirane","mri-esm2-0","ssp370",NA,4.47613534883463,13.2451241629464
"2817",3548,"Tirane","mri-esm2-0","ssp370",NA,9.80012829781375,11.8782026018416
"2818",3549,"Tirane","mri-esm2-0","ssp370",NA,0.0266602614179386,11.0214237758092
"2819",3550,"Tirane","mri-esm2-0","ssp370",NA,3.19850346921677,10.5615216936384
"2820",3551,"Tirane","mri-esm2-0","ssp370",NA,10.486132810807,9.41455993652347
"2821",3552,"Tirane","mri-esm2-0","ssp370",NA,0.15764774787905,5.6189644949777
"2822",3553,"Tirane","mri-esm2-0","ssp370",NA,5.5646686134943,8.43674185616632
"2823",3554,"Tirane","mri-esm2-0","ssp370",NA,1.91147203357624,8.78281337193082
"2824",3555,"Tirane","mri-esm2-0","ssp370",NA,0.109899274320924,10.3641252790179
"2825",3556,"Tirane","mri-esm2-0","ssp370",NA,0.751446323036881,11.9353990827288
"2826",3557,"Tirane","mri-esm2-0","ssp370",NA,1.5398459935698,7.20464477539065
"2827",3558,"Tirane","mri-esm2-0","ssp370",NA,11.9184098385242,8.05255606515069
"2828",3559,"Tirane","mri-esm2-0","ssp370",NA,7.58124156013115,9.13614807128909
"2829",3560,"Tirane","mri-esm2-0","ssp370",NA,13.1201056324893,9.97873622349334
"2830",3561,"Tirane","mri-esm2-0","ssp370",NA,1.09406785847698,14.8163478306362
"2831",3562,"Tirane","mri-esm2-0","ssp370",NA,1.04122917556586,14.8805742536273
"2832",3563,"Tirane","mri-esm2-0","ssp370",NA,3.41455079999702,14.7475830078125
"2833",3564,"Tirane","mri-esm2-0","ssp370",NA,1.07855319074588,15.4376770019531
"2834",3565,"Tirane","mri-esm2-0","ssp370",NA,1.46170520310989,16.59583871024
"2835",3566,"Tirane","mri-esm2-0","ssp370",NA,3.6087516225442,19.0793221609933
"2836",3567,"Tirane","mri-esm2-0","ssp370",NA,1.00408303821626,18.472327532087
"2837",3568,"Tirane","mri-esm2-0","ssp370",NA,0.12899607396061,19.6313960484096
"2838",3569,"Tirane","mri-esm2-0","ssp370",NA,0.244827513025874,19.6776759556362
"2839",3570,"Tirane","mri-esm2-0","ssp370",NA,0,23.2474020821708
"2840",3571,"Tirane","mri-esm2-0","ssp370",NA,0.0371123506088874,26.2778869628906
"2841",3572,"Tirane","mri-esm2-0","ssp370",NA,1.39132890118552,23.3384163992746
"2842",3573,"Tirane","mri-esm2-0","ssp370",NA,0,26.5535522460938
"2843",3574,"Tirane","mri-esm2-0","ssp370",NA,2.15313090796242,28.1569370814732
"2844",3575,"Tirane","mri-esm2-0","ssp370",NA,0,29.657131086077
"2845",3576,"Tirane","mri-esm2-0","ssp370",NA,2.43020428398657,29.2679992675781
"2846",3577,"Tirane","mri-esm2-0","ssp370",NA,6.37718639980968,27.5843989780971
"2847",3578,"Tirane","mri-esm2-0","ssp370",NA,0.696520897742761,28.6040021623885
"2848",3579,"Tirane","mri-esm2-0","ssp370",NA,0.659942685082827,28.6366908482143
"2849",3580,"Tirane","mri-esm2-0","ssp370",NA,0.265607281887371,30.2549617222377
"2850",3581,"Tirane","mri-esm2-0","ssp370",NA,1.33908735099664,27.683720615932
"2851",3582,"Tirane","mri-esm2-0","ssp370",NA,0,27.9630741664342
"2852",3583,"Tirane","mri-esm2-0","ssp370",NA,0,30.6352085658483
"2853",3584,"Tirane","mri-esm2-0","ssp370",NA,0,28.9927786690848
"2854",3585,"Tirane","mri-esm2-0","ssp370",NA,0.158736528335015,25.0031873430525
"2855",3586,"Tirane","mri-esm2-0","ssp370",NA,0,26.4981432233538
"2856",3587,"Tirane","mri-esm2-0","ssp370",NA,0.195919986435911,26.090940638951
"2857",3588,"Tirane","mri-esm2-0","ssp370",NA,0.0352798401893649,24.1648847307478
"2858",3589,"Tirane","mri-esm2-0","ssp370",NA,3.33348344886742,23.0300820486887
"2859",3590,"Tirane","mri-esm2-0","ssp370",NA,8.71911330281625,21.4457772391183
"2860",3591,"Tirane","mri-esm2-0","ssp370",NA,2.42091580127765,14.8001146589007
"2861",3592,"Tirane","mri-esm2-0","ssp370",NA,0,16.4885280064174
"2862",3593,"Tirane","mri-esm2-0","ssp370",NA,0.0260887536049787,16.9793400355748
"2863",3594,"Tirane","mri-esm2-0","ssp370",NA,0.92056320863776,15.0668797084263
"2864",3595,"Tirane","mri-esm2-0","ssp370",NA,0.211550239535946,14.9199833461217
"2865",3596,"Tirane","mri-esm2-0","ssp370",NA,4.1437416237646,13.3832859584264
"2866",3597,"Tirane","mri-esm2-0","ssp370",NA,0.724239467984132,10.3690604073661
"2867",3598,"Tirane","mri-esm2-0","ssp370",NA,0,10.6023324148995
"2868",3599,"Tirane","mri-esm2-0","ssp370",NA,3.02992917526614,10.4181828090123
"2869",3600,"Tirane","mri-esm2-0","ssp370",NA,3.05936172169042,9.55407976422994
"2870",3601,"Tirane","mri-esm2-0","ssp370",NA,0.0074972971300927,10.5969874790737
"2871",3602,"Tirane","mri-esm2-0","ssp370",NA,0.789601732269928,11.3786560058594
"2872",3603,"Tirane","mri-esm2-0","ssp370",NA,5.13644740151774,10.991333443778
"2873",3604,"Tirane","mri-esm2-0","ssp370",NA,1.2469438620818,9.34407305036275
"2874",3605,"Tirane","mri-esm2-0","ssp370",NA,0.120805362842345,10.8896052769253
"2875",3606,"Tirane","mri-esm2-0","ssp370",NA,0,9.85723484584264
"2876",3607,"Tirane","mri-esm2-0","ssp370",NA,0,10.3942090715681
"2877",3608,"Tirane","mri-esm2-0","ssp370",NA,0.232158953024607,11.7432429722378
"2878",3609,"Tirane","mri-esm2-0","ssp370",NA,0,12.0070957728795
"2879",3610,"Tirane","mri-esm2-0","ssp370",NA,0.48795429486615,11.8481406075614
"2880",3611,"Tirane","mri-esm2-0","ssp370",NA,2.89370603776271,13.1221099853516
"2881",3612,"Tirane","mri-esm2-0","ssp370",NA,0.258174479573167,11.0649941580637
"2882",3613,"Tirane","mri-esm2-0","ssp370",NA,0.849990293084246,14.3129887172155
"2883",3614,"Tirane","mri-esm2-0","ssp370",NA,0,14.1245884486608
"2884",3615,"Tirane","mri-esm2-0","ssp370",NA,1.87812473658207,16.2057368687221
"2885",3616,"Tirane","mri-esm2-0","ssp370",NA,5.9459602194173,15.5827837262835
"2886",3617,"Tirane","mri-esm2-0","ssp370",NA,3.98023473192422,14.360243007115
"2887",3618,"Tirane","mri-esm2-0","ssp370",NA,6.11248444765806,15.1265415736607
"2888",3619,"Tirane","mri-esm2-0","ssp370",NA,1.38384555487261,17.1124686104911
"2889",3620,"Tirane","mri-esm2-0","ssp370",NA,0.159318062859322,19.0173191615513
"2890",3621,"Tirane","mri-esm2-0","ssp370",NA,0.0128632947183048,22.6052817208426
"2891",3622,"Tirane","mri-esm2-0","ssp370",NA,0.785720216975147,26.554827444894
"2892",3623,"Tirane","mri-esm2-0","ssp370",NA,1.1209854684109,25.9279724121094
"2893",3624,"Tirane","mri-esm2-0","ssp370",NA,0,29.5075055803572
"2894",3625,"Tirane","mri-esm2-0","ssp370",NA,0.598969627545947,29.3730560302735
"2895",3626,"Tirane","mri-esm2-0","ssp370",NA,0.227934231069022,29.3990330287389
"2896",3627,"Tirane","mri-esm2-0","ssp370",NA,0.35878097031465,29.2308005196708
"2897",3628,"Tirane","mri-esm2-0","ssp370",NA,0.203709095174937,28.2688058035714
"2898",3629,"Tirane","mri-esm2-0","ssp370",NA,1.49022503184304,30.3007271902902
"2899",3630,"Tirane","mri-esm2-0","ssp370",NA,0.130627574461479,30.9730686732701
"2900",3631,"Tirane","mri-esm2-0","ssp370",NA,0.115689718014826,30.6806448800223
"2901",3632,"Tirane","mri-esm2-0","ssp370",NA,0.587768004671878,29.114875139509
"2902",3633,"Tirane","mri-esm2-0","ssp370",NA,0.369699248611661,32.0042336600168
"2903",3634,"Tirane","mri-esm2-0","ssp370",NA,0.240165419901522,31.665686907087
"2904",3635,"Tirane","mri-esm2-0","ssp370",NA,0,28.5566367013114
"2905",3636,"Tirane","mri-esm2-0","ssp370",NA,4.06040990780769,23.1345132010323
"2906",3637,"Tirane","mri-esm2-0","ssp370",NA,0.0236562696435222,24.2518314906529
"2907",3638,"Tirane","mri-esm2-0","ssp370",NA,0.0599073298872101,26.2986694335938
"2908",3639,"Tirane","mri-esm2-0","ssp370",NA,0.139934169939287,25.402481515067
"2909",3640,"Tirane","mri-esm2-0","ssp370",NA,13.0017820080476,20.9393227713449
"2910",3641,"Tirane","mri-esm2-0","ssp370",NA,7.43152042185622,21.873167201451
"2911",3642,"Tirane","mri-esm2-0","ssp370",NA,3.89371410710737,20.4381783621652
"2912",3643,"Tirane","mri-esm2-0","ssp370",NA,5.14491635299887,19.429092843192
"2913",3644,"Tirane","mri-esm2-0","ssp370",NA,8.7490210708763,20.2017325265067
"2914",3645,"Tirane","mri-esm2-0","ssp370",NA,2.77289641754968,18.3113756452288
"2915",3646,"Tirane","mri-esm2-0","ssp370",NA,5.655429223095,17.7190381731306
"2916",3647,"Tirane","mri-esm2-0","ssp370",NA,1.71818219574301,10.5488634381976
"2917",3648,"Tirane","mri-esm2-0","ssp370",NA,0.518235175721722,12.7165270124163
"2918",3649,"Tirane","mri-esm2-0","ssp370",NA,5.70548036097794,12.7988002232143
"2919",3650,"Tirane","mri-esm2-0","ssp370",NA,6.00495365922272,11.6985870361328
"2920",3651,"Tirane","mri-esm2-0","ssp370",NA,1.34871351308123,12.8358420235771
"2921",3652,"Tirane","mri-esm2-0","ssp370",NA,3.12660300052293,7.57876630510605
"2922",3653,"Tirane","mri-esm2-0","ssp370",NA,0,8.91084333147323
"2923",3654,"Tirane","mri-esm2-0","ssp370",NA,0,7.27754037039623
"2924",3655,"Tirane","mri-esm2-0","ssp370",NA,0,6.33132324218752
"2925",3656,"Tirane","mri-esm2-0","ssp370",NA,1.35671091796082,9.59710736955918
"2926",3657,"Tirane","mri-esm2-0","ssp370",NA,0.521057120697931,10.633922467913
"2927",3658,"Tirane","mri-esm2-0","ssp370",NA,4.34500800550138,11.9548627580916
"2928",3659,"Tirane","mri-esm2-0","ssp370",NA,1.98304127630504,11.5532121930804
"2929",3660,"Tirane","mri-esm2-0","ssp370",NA,6.41010231317653,11.9225795200893
"2930",3661,"Tirane","mri-esm2-0","ssp370",NA,8.22525027417993,14.4656812395368
"2931",3662,"Tirane","mri-esm2-0","ssp370",NA,1.16375936639607,12.8509482247489
"2932",3663,"Tirane","mri-esm2-0","ssp370",NA,0.0362086535200693,15.5209202357701
"2933",3664,"Tirane","mri-esm2-0","ssp370",NA,0,18.1926034109933
"2934",3665,"Tirane","mri-esm2-0","ssp370",NA,0.0857454669260601,14.45718863351
"2935",3666,"Tirane","mri-esm2-0","ssp370",NA,5.34812410769518,14.9081490652902
"2936",3667,"Tirane","mri-esm2-0","ssp370",NA,1.54409453940129,16.783846609933
"2937",3668,"Tirane","mri-esm2-0","ssp370",NA,3.20273435551955,12.3075871058873
"2938",3669,"Tirane","mri-esm2-0","ssp370",NA,0,17.3877415248326
"2939",3670,"Tirane","mri-esm2-0","ssp370",NA,0.0159555504589142,20.4507799421038
"2940",3671,"Tirane","mri-esm2-0","ssp370",NA,3.92317872694028,17.92712663923
"2941",3672,"Tirane","mri-esm2-0","ssp370",NA,0.168781889182615,20.133684866769
"2942",3673,"Tirane","mri-esm2-0","ssp370",NA,2.85119849696846,19.3759137834822
"2943",3674,"Tirane","mri-esm2-0","ssp370",NA,3.86781973460789,20.4815067836217
"2944",3675,"Tirane","mri-esm2-0","ssp370",NA,2.22449223552498,23.1125165666853
"2945",3676,"Tirane","mri-esm2-0","ssp370",NA,0.149302378018287,26.2226806640626
"2946",3677,"Tirane","mri-esm2-0","ssp370",NA,0.105016000686321,26.9937377929688
"2947",3678,"Tirane","mri-esm2-0","ssp370",NA,10.0991747532524,25.6207846505301
"2948",3679,"Tirane","mri-esm2-0","ssp370",NA,0,27.1909511021206
"2949",3680,"Tirane","mri-esm2-0","ssp370",NA,0,29.0358084542411
"2950",3681,"Tirane","mri-esm2-0","ssp370",NA,0,30.3314823695592
"2951",3682,"Tirane","mri-esm2-0","ssp370",NA,0,32.104379272461
"2952",3683,"Tirane","mri-esm2-0","ssp370",NA,0,30.1217590332031
"2953",3684,"Tirane","mri-esm2-0","ssp370",NA,0,31.891490827288
"2954",3685,"Tirane","mri-esm2-0","ssp370",NA,0.146698520152963,32.5874071393694
"2955",3686,"Tirane","mri-esm2-0","ssp370",NA,0.223889581580547,30.1499768938337
"2956",3687,"Tirane","mri-esm2-0","ssp370",NA,0,29.2087319510324
"2957",3688,"Tirane","mri-esm2-0","ssp370",NA,0,30.3707715715681
"2958",3689,"Tirane","mri-esm2-0","ssp370",NA,0,29.2820046561105
"2959",3690,"Tirane","mri-esm2-0","ssp370",NA,0.182499808267623,27.6874219621931
"2960",3691,"Tirane","mri-esm2-0","ssp370",NA,0.87660141653032,25.6195595877511
"2961",3692,"Tirane","mri-esm2-0","ssp370",NA,1.30715260581512,22.9738534109933
"2962",3693,"Tirane","mri-esm2-0","ssp370",NA,0.854649652735264,20.8938428606306
"2963",3694,"Tirane","mri-esm2-0","ssp370",NA,1.98548900204644,19.3004067557199
"2964",3695,"Tirane","mri-esm2-0","ssp370",NA,10.0825914672377,17.8505514962333
"2965",3696,"Tirane","mri-esm2-0","ssp370",NA,3.72509837325197,17.975257219587
"2966",3697,"Tirane","mri-esm2-0","ssp370",NA,2.89612186619966,15.6823538643973
"2967",3698,"Tirane","mri-esm2-0","ssp370",NA,1.39009823199428,9.65160740443641
"2968",3699,"Tirane","mri-esm2-0","ssp370",NA,0.327726754351586,13.1344151088169
"2969",3700,"Tirane","mri-esm2-0","ssp370",NA,3.79003326150788,13.8661917550223
"2970",3701,"Tirane","mri-esm2-0","ssp370",NA,1.93361584772772,11.5762202671596
"2971",3702,"Tirane","mri-esm2-0","ssp370",NA,4.27848979140565,5.32664315359936
"2972",3703,"Tirane","mri-esm2-0","ssp370",NA,4.49732514430902,6.27217581612726
"2973",3704,"Tirane","mri-esm2-0","ssp370",NA,0.600033950572002,10.0424809047155
"2974",3705,"Tirane","mri-esm2-0","ssp370",NA,0.34856557072739,11.2123788016183
"2975",3706,"Tirane","mri-esm2-0","ssp370",NA,0,10.4010362897601
"2976",3707,"Tirane","mri-esm2-0","ssp370",NA,1.1278238230651,9.01809082031252
"2977",3708,"Tirane","mri-esm2-0","ssp370",NA,0,8.35270952497212
"2978",3709,"Tirane","mri-esm2-0","ssp370",NA,0.126595524488949,8.92676042829243
"2979",3710,"Tirane","mri-esm2-0","ssp370",NA,10.3776368088022,11.8274758475168
"2980",3711,"Tirane","mri-esm2-0","ssp370",NA,11.7124772880093,8.5269474574498
"2981",3712,"Tirane","mri-esm2-0","ssp370",NA,11.5132253912245,8.36142665318082
"2982",3713,"Tirane","mri-esm2-0","ssp370",NA,10.5362652933763,10.3740086146764
"2983",3714,"Tirane","mri-esm2-0","ssp370",NA,10.1692347250979,7.83183550153462
"2984",3715,"Tirane","mri-esm2-0","ssp370",NA,0.680821277144007,9.93677019391744
"2985",3716,"Tirane","mri-esm2-0","ssp370",NA,0.710656715507086,6.01080801827569
"2986",3717,"Tirane","mri-esm2-0","ssp370",NA,1.17944019647049,10.8063031877791
"2987",3718,"Tirane","mri-esm2-0","ssp370",NA,2.49084803305908,14.4009665352957
"2988",3719,"Tirane","mri-esm2-0","ssp370",NA,0.316070180062005,15.277485874721
"2989",3720,"Tirane","mri-esm2-0","ssp370",NA,3.51851644741796,14.7554936000279
"2990",3721,"Tirane","mri-esm2-0","ssp370",NA,0.058708838644504,17.7903991699219
"2991",3722,"Tirane","mri-esm2-0","ssp370",NA,2.24133397298699,17.5979684012277
"2992",3723,"Tirane","mri-esm2-0","ssp370",NA,2.72212583804503,17.1848606654576
"2993",3724,"Tirane","mri-esm2-0","ssp370",NA,0.159592560833386,22.6310712541853
"2994",3725,"Tirane","mri-esm2-0","ssp370",NA,9.30806515542435,21.5833352225168
"2995",3726,"Tirane","mri-esm2-0","ssp370",NA,0.810978337774163,23.9001556396484
"2996",3727,"Tirane","mri-esm2-0","ssp370",NA,0,27.4220934186663
"2997",3728,"Tirane","mri-esm2-0","ssp370",NA,0,27.156640625
"2998",3729,"Tirane","mri-esm2-0","ssp370",NA,0.0673507938699915,23.4628540039063
"2999",3730,"Tirane","mri-esm2-0","ssp370",NA,2.9959305061701,23.3548958914621
"3000",3731,"Tirane","mri-esm2-0","ssp370",NA,0.0523175457991393,27.884925188337
"3001",3732,"Tirane","mri-esm2-0","ssp370",NA,0,28.4442731584822
"3002",3733,"Tirane","mri-esm2-0","ssp370",NA,0.288722935614974,28.0581756591797
"3003",3734,"Tirane","mri-esm2-0","ssp370",NA,0.310287393741808,28.2260681152344
"3004",3735,"Tirane","mri-esm2-0","ssp370",NA,0.0459384764066531,29.2150926862444
"3005",3736,"Tirane","mri-esm2-0","ssp370",NA,0,31.0735608782087
"3006",3737,"Tirane","mri-esm2-0","ssp370",NA,0.508890696801245,31.4996734619141
"3007",3738,"Tirane","mri-esm2-0","ssp370",NA,0.0326138533377421,31.1173971993583
"3008",3739,"Tirane","mri-esm2-0","ssp370",NA,0.014495850440913,30.1734078543527
"3009",3740,"Tirane","mri-esm2-0","ssp370",NA,2.46282433955847,27.764555140904
"3010",3741,"Tirane","mri-esm2-0","ssp370",NA,7.65716087730003,23.5437037876675
"3011",3742,"Tirane","mri-esm2-0","ssp370",NA,1.51706196432185,25.0720066615513
"3012",3743,"Tirane","mri-esm2-0","ssp370",NA,2.61698481673583,22.6604444231306
"3013",3744,"Tirane","mri-esm2-0","ssp370",NA,9.60326599555889,21.6852464948382
"3014",3745,"Tirane","mri-esm2-0","ssp370",NA,0.326900994228448,22.3355586460658
"3015",3746,"Tirane","mri-esm2-0","ssp370",NA,8.1766774324933,21.1484139578683
"3016",3747,"Tirane","mri-esm2-0","ssp370",NA,2.7947848596211,19.3982940673828
"3017",3748,"Tirane","mri-esm2-0","ssp370",NA,0.111532346428638,20.5087066650391
"3018",3749,"Tirane","mri-esm2-0","ssp370",NA,0.409974569551456,16.5432721819196
"3019",3750,"Tirane","mri-esm2-0","ssp370",NA,0.7960685492435,14.4638610839844
"3020",3751,"Tirane","mri-esm2-0","ssp370",NA,0.593792020013748,16.3120775495257
"3021",3752,"Tirane","mri-esm2-0","ssp370",NA,12.4029545323408,13.5245409284319
"3022",3753,"Tirane","mri-esm2-0","ssp370",NA,5.24086956284009,16.8676326206752
"3023",3754,"Tirane","mri-esm2-0","ssp370",NA,8.38185447932379,14.141732788086
"3024",3755,"Tirane","mri-esm2-0","ssp370",NA,0.809193533340084,12.369539969308
"3025",3756,"Tirane","mri-esm2-0","ssp370",NA,4.71848504967056,7.43137294224332
"3026",3757,"Tirane","mri-esm2-0","ssp370",NA,0.0838404261490465,7.37665710449221
"3027",3758,"Tirane","mri-esm2-0","ssp370",NA,0.101369954895095,6.93220563616074
"3028",3759,"Tirane","mri-esm2-0","ssp370",NA,0,9.11076834542413
"3029",3760,"Tirane","mri-esm2-0","ssp370",NA,0.794358273352763,8.63831917898997
"3030",3761,"Tirane","mri-esm2-0","ssp370",NA,0,4.60130135672436
"3031",3762,"Tirane","mri-esm2-0","ssp370",NA,0,6.39312787737168
"3032",3763,"Tirane","mri-esm2-0","ssp370",NA,0.120812886910114,11.2980460030692
"3033",3764,"Tirane","mri-esm2-0","ssp370",NA,0.368730538217018,9.69615652901788
"3034",3765,"Tirane","mri-esm2-0","ssp370",NA,2.19954918892264,13.9103005545481
"3035",3766,"Tirane","mri-esm2-0","ssp370",NA,0.858055843257587,12.844877406529
"3036",3767,"Tirane","mri-esm2-0","ssp370",NA,8.12628128551296,12.5900512695313
"3037",3768,"Tirane","mri-esm2-0","ssp370",NA,0.211140055762371,15.2395329066686
"3038",3769,"Tirane","mri-esm2-0","ssp370",NA,0.0196795261997198,14.0866267613003
"3039",3770,"Tirane","mri-esm2-0","ssp370",NA,0.319068620696531,14.6191868373326
"3040",3771,"Tirane","mri-esm2-0","ssp370",NA,1.48647805451349,13.7262577601842
"3041",3772,"Tirane","mri-esm2-0","ssp370",NA,3.92595668797314,15.5111676897322
"3042",3773,"Tirane","mri-esm2-0","ssp370",NA,0.346542267236925,14.7957310267858
"3043",3774,"Tirane","mri-esm2-0","ssp370",NA,5.45630054239155,13.2424298967634
"3044",3775,"Tirane","mri-esm2-0","ssp370",NA,3.94247588259792,18.1849282400949
"3045",3776,"Tirane","mri-esm2-0","ssp370",NA,1.603412327287,19.0868251255581
"3046",3777,"Tirane","mri-esm2-0","ssp370",NA,2.46123344404623,20.6430690220424
"3047",3778,"Tirane","mri-esm2-0","ssp370",NA,0,24.5408547537668
"3048",3779,"Tirane","mri-esm2-0","ssp370",NA,0.303505430305709,27.2146240234376
"3049",3780,"Tirane","mri-esm2-0","ssp370",NA,1.69242292390014,25.982093157087
"3050",3781,"Tirane","mri-esm2-0","ssp370",NA,2.09037181536717,23.1387006487166
"3051",3782,"Tirane","mri-esm2-0","ssp370",NA,0.0382962476578541,27.2879970005581
"3052",3783,"Tirane","mri-esm2-0","ssp370",NA,0.0189405622742405,28.688365827288
"3053",3784,"Tirane","mri-esm2-0","ssp370",NA,1.53905062158758,26.2607491629464
"3054",3785,"Tirane","mri-esm2-0","ssp370",NA,1.27120139202037,28.9480442592076
"3055",3786,"Tirane","mri-esm2-0","ssp370",NA,1.3654159304029,28.6106876918248
"3056",3787,"Tirane","mri-esm2-0","ssp370",NA,0.308961751787658,29.0053998674666
"3057",3788,"Tirane","mri-esm2-0","ssp370",NA,0.0149109532035904,31.7111886160715
"3058",3789,"Tirane","mri-esm2-0","ssp370",NA,0.181975071193717,30.570195225307
"3059",3790,"Tirane","mri-esm2-0","ssp370",NA,0.885877859608236,31.1555398123605
"3060",3791,"Tirane","mri-esm2-0","ssp370",NA,0,29.310699898856
"3061",3792,"Tirane","mri-esm2-0","ssp370",NA,0.346605922927016,26.8992902483259
"3062",3793,"Tirane","mri-esm2-0","ssp370",NA,0.0248096270037682,28.8200491768973
"3063",3794,"Tirane","mri-esm2-0","ssp370",NA,0.643916272695475,25.3660805838449
"3064",3795,"Tirane","mri-esm2-0","ssp370",NA,0,26.9322143554688
"3065",3796,"Tirane","mri-esm2-0","ssp370",NA,3.14517651401859,23.8773611886161
"3066",3797,"Tirane","mri-esm2-0","ssp370",NA,3.99410286505112,19.5838518415178
"3067",3798,"Tirane","mri-esm2-0","ssp370",NA,3.08751746875455,19.8736533028739
"3068",3799,"Tirane","mri-esm2-0","ssp370",NA,0,19.3635214669364
"3069",3800,"Tirane","mri-esm2-0","ssp370",NA,12.1194986728889,18.6055607386998
"3070",3801,"Tirane","mri-esm2-0","ssp370",NA,0,17.9320508684431
"3071",3802,"Tirane","mri-esm2-0","ssp370",NA,4.1590265499378,17.9097032819476
"3072",3803,"Tirane","mri-esm2-0","ssp370",NA,0.97940896791572,15.7033870152065
"3073",3804,"Tirane","mri-esm2-0","ssp370",NA,14.7274799420432,15.3739519391741
"3074",3805,"Tirane","mri-esm2-0","ssp370",NA,1.53182875697634,11.097290475028
"3075",3806,"Tirane","mri-esm2-0","ssp370",NA,0,10.4713030133928
"3076",3807,"Tirane","mri-esm2-0","ssp370",NA,0,10.4879721505302
"3077",3808,"Tirane","mri-esm2-0","ssp370",NA,0,9.24475141252793
"3078",3809,"Tirane","mri-esm2-0","ssp370",NA,0,6.40539812360493
"3079",3810,"Tirane","mri-esm2-0","ssp370",NA,0.122552309091718,6.8862483433315
"3080",3811,"Tirane","mri-esm2-0","ssp370",NA,1.62869172231045,10.825816999163
"3081",3812,"Tirane","mri-esm2-0","ssp370",NA,9.03463950765269,10.6750601632255
"3082",3813,"Tirane","mri-esm2-0","ssp370",NA,6.53859086406945,11.4211975097657
"3083",3814,"Tirane","mri-esm2-0","ssp370",NA,1.25732825711436,7.06762302943641
"3084",3815,"Tirane","mri-esm2-0","ssp370",NA,1.27651123272829,9.83741367885047
"3085",3816,"Tirane","mri-esm2-0","ssp370",NA,4.78156539694672,10.7812090192523
"3086",3817,"Tirane","mri-esm2-0","ssp370",NA,0,11.6735691615514
"3087",3818,"Tirane","mri-esm2-0","ssp370",NA,0,11.9590807233538
"3088",3819,"Tirane","mri-esm2-0","ssp370",NA,7.16376075844372,12.3135707310269
"3089",3820,"Tirane","mri-esm2-0","ssp370",NA,0.462022079617392,11.4682207380023
"3090",3821,"Tirane","mri-esm2-0","ssp370",NA,8.64272107230915,14.4391658238003
"3091",3822,"Tirane","mri-esm2-0","ssp370",NA,0.140657712472603,15.2090938023159
"3092",3823,"Tirane","mri-esm2-0","ssp370",NA,0.215463130838803,14.7458129882813
"3093",3824,"Tirane","mri-esm2-0","ssp370",NA,0.0160500356027375,18.1514155796596
"3094",3825,"Tirane","mri-esm2-0","ssp370",NA,0.107173355224534,15.1768018450056
"3095",3826,"Tirane","mri-esm2-0","ssp370",NA,8.4518364356232,15.5939357212612
"3096",3827,"Tirane","mri-esm2-0","ssp370",NA,0.175455408939992,20.3623792375837
"3097",3828,"Tirane","mri-esm2-0","ssp370",NA,2.9371311682293,16.6979200090681
"3098",3829,"Tirane","mri-esm2-0","ssp370",NA,1.33568266683142,18.0921286446708
"3099",3830,"Tirane","mri-esm2-0","ssp370",NA,2.59460384009539,20.0211164202009
"3100",3831,"Tirane","mri-esm2-0","ssp370",NA,0,21.7945343017578
"3101",3832,"Tirane","mri-esm2-0","ssp370",NA,1.9977758917126,20.8745906284878
"3102",3833,"Tirane","mri-esm2-0","ssp370",NA,0.396952611299639,21.5703630719866
"3103",3834,"Tirane","mri-esm2-0","ssp370",NA,3.71520074414937,24.1851789202009
"3104",3835,"Tirane","mri-esm2-0","ssp370",NA,0,27.8247358049666
"3105",3836,"Tirane","mri-esm2-0","ssp370",NA,0,30.8667519705636
"3106",3837,"Tirane","mri-esm2-0","ssp370",NA,0,29.178835623605
"3107",3838,"Tirane","mri-esm2-0","ssp370",NA,0.010392794008242,27.3060546875
"3108",3839,"Tirane","mri-esm2-0","ssp370",NA,0,28.7963915143694
"3109",3840,"Tirane","mri-esm2-0","ssp370",NA,0,30.267471749442
"3110",3841,"Tirane","mri-esm2-0","ssp370",NA,0,28.4508845738003
"3111",3842,"Tirane","mri-esm2-0","ssp370",NA,0.803676925300221,27.3438507080078
"3112",3843,"Tirane","mri-esm2-0","ssp370",NA,3.32712103710426,26.4292585100447
"3113",3844,"Tirane","mri-esm2-0","ssp370",NA,0.70499671658451,27.8344600132533
"3114",3845,"Tirane","mri-esm2-0","ssp370",NA,0.488757736768873,27.5673614501953
"3115",3846,"Tirane","mri-esm2-0","ssp370",NA,0.066681678747825,28.7178654261998
"3116",3847,"Tirane","mri-esm2-0","ssp370",NA,0,26.8429983956473
"3117",3848,"Tirane","mri-esm2-0","ssp370",NA,0,26.3331107003348
"3118",3849,"Tirane","mri-esm2-0","ssp370",NA,10.999586727017,21.5402792794364
"3119",3850,"Tirane","mri-esm2-0","ssp370",NA,0,23.4051125662668
"3120",3851,"Tirane","mri-esm2-0","ssp370",NA,0.51688779577879,19.0394269670759
"3121",3852,"Tirane","mri-esm2-0","ssp370",NA,12.2815333157113,16.5148341587612
"3122",3853,"Tirane","mri-esm2-0","ssp370",NA,0.733689826198056,18.0007502964565
"3123",3854,"Tirane","mri-esm2-0","ssp370",NA,0.12902102742893,19.1525207519532
"3124",3855,"Tirane","mri-esm2-0","ssp370",NA,5.34233763090534,18.19740121024
"3125",3856,"Tirane","mri-esm2-0","ssp370",NA,2.56537330969877,12.1707462855748
"3126",3857,"Tirane","mri-esm2-0","ssp370",NA,4.1437601925801,13.5467947823661
"3127",3858,"Tirane","mri-esm2-0","ssp370",NA,17.5912483315707,15.1311279296876
"3128",3859,"Tirane","mri-esm2-0","ssp370",NA,0.677712544087886,10.2232408796038
"3129",3860,"Tirane","mri-esm2-0","ssp370",NA,0.107544319689623,8.02643301827569
"3130",3861,"Tirane","mri-esm2-0","ssp370",NA,5.86425480432809,7.61596505301342
"3131",3862,"Tirane","mri-esm2-0","ssp370",NA,4.28471538637366,7.3155936104911
"3132",3863,"Tirane","mri-esm2-0","ssp370",NA,7.83156619607845,11.8083347865513
"3133",3864,"Tirane","mri-esm2-0","ssp370",NA,0.228195652432207,10.7427612304687
"3134",3865,"Tirane","mri-esm2-0","ssp370",NA,0,8.3270703996931
"3135",3866,"Tirane","mri-esm2-0","ssp370",NA,3.7789188775475,5.29779968261721
"3136",3867,"Tirane","mri-esm2-0","ssp370",NA,9.68773840691677,10.6370221819197
"3137",3868,"Tirane","mri-esm2-0","ssp370",NA,4.98576273634431,6.39539271763395
"3138",3869,"Tirane","mri-esm2-0","ssp370",NA,0.544798917326263,8.73798740931922
"3139",3870,"Tirane","mri-esm2-0","ssp370",NA,14.6863554026433,5.1540226527623
"3140",3871,"Tirane","mri-esm2-0","ssp370",NA,8.81448168407328,10.2937953404018
"3141",3872,"Tirane","mri-esm2-0","ssp370",NA,5.25269059035054,11.7742640904018
"3142",3873,"Tirane","mri-esm2-0","ssp370",NA,3.31489070563943,11.0757080078125
"3143",3874,"Tirane","mri-esm2-0","ssp370",NA,2.3542819611196,14.5447806222098
"3144",3875,"Tirane","mri-esm2-0","ssp370",NA,0,18.4036869594029
"3145",3876,"Tirane","mri-esm2-0","ssp370",NA,0.087719657001019,16.6046670096262
"3146",3877,"Tirane","mri-esm2-0","ssp370",NA,0.849307508490583,16.8647007533482
"3147",3878,"Tirane","mri-esm2-0","ssp370",NA,0.00947857136322585,19.1665937151228
"3148",3879,"Tirane","mri-esm2-0","ssp370",NA,1.72351321315156,19.8631792340961
"3149",3880,"Tirane","mri-esm2-0","ssp370",NA,5.00036302006005,20.1377001081194
"3150",3881,"Tirane","mri-esm2-0","ssp370",NA,0.0341104776972705,25.1706569126674
"3151",3882,"Tirane","mri-esm2-0","ssp370",NA,0.282293093498863,26.214761352539
"3152",3883,"Tirane","mri-esm2-0","ssp370",NA,0.703549864452465,27.4848244803293
"3153",3884,"Tirane","mri-esm2-0","ssp370",NA,0,23.4016989571708
"3154",3885,"Tirane","mri-esm2-0","ssp370",NA,1.6164394304464,23.0837036132813
"3155",3886,"Tirane","mri-esm2-0","ssp370",NA,0.052960630481331,24.328029523577
"3156",3887,"Tirane","mri-esm2-0","ssp370",NA,0.541721316819478,26.649298967634
"3157",3888,"Tirane","mri-esm2-0","ssp370",NA,0.179371005651774,28.851469203404
"3158",3889,"Tirane","mri-esm2-0","ssp370",NA,2.25580938552282,25.4129991803851
"3159",3890,"Tirane","mri-esm2-0","ssp370",NA,1.4358194912867,25.5030369349888
"3160",3891,"Tirane","mri-esm2-0","ssp370",NA,0.113536403348137,28.8841012137277
"3161",3892,"Tirane","mri-esm2-0","ssp370",NA,0.068464032457476,30.0720567975726
"3162",3893,"Tirane","mri-esm2-0","ssp370",NA,4.22247445676476,29.1126190185547
"3163",3894,"Tirane","mri-esm2-0","ssp370",NA,1.68778446662015,29.2674303327288
"3164",3895,"Tirane","mri-esm2-0","ssp370",NA,0.0629931287091624,29.921027483259
"3165",3896,"Tirane","mri-esm2-0","ssp370",NA,0.0173322345550073,28.6974927629743
"3166",3897,"Tirane","mri-esm2-0","ssp370",NA,0.0643541977686774,27.9861607142857
"3167",3898,"Tirane","mri-esm2-0","ssp370",NA,0,28.5130575997489
"3168",3899,"Tirane","mri-esm2-0","ssp370",NA,2.72765623833818,26.6711146763393
"3169",3900,"Tirane","mri-esm2-0","ssp370",NA,22.7146352957269,22.5011644635882
"3170",3901,"Tirane","mri-esm2-0","ssp370",NA,4.07464784844446,21.7840188162668
"3171",3902,"Tirane","mri-esm2-0","ssp370",NA,15.2224473416157,22.653229195731
"3172",3903,"Tirane","mri-esm2-0","ssp370",NA,4.52893515692787,21.4138187953404
"3173",3904,"Tirane","mri-esm2-0","ssp370",NA,3.30880658335185,18.3743443080357
"3174",3905,"Tirane","mri-esm2-0","ssp370",NA,1.11191801115638,18.3521427699498
"3175",3906,"Tirane","mri-esm2-0","ssp370",NA,1.08698160459296,19.3819104875837
"3176",3907,"Tirane","mri-esm2-0","ssp370",NA,8.95183363801542,15.0045824323382
"3177",3908,"Tirane","mri-esm2-0","ssp370",NA,1.24204459383951,14.7288408551898
"3178",3909,"Tirane","mri-esm2-0","ssp370",NA,6.19022411774495,14.1860246930804
"3179",3910,"Tirane","mri-esm2-0","ssp370",NA,1.82301485516031,7.69272330147882
"3180",3911,"Tirane","mri-esm2-0","ssp370",NA,0.160336711061453,5.2125924246652
"3181",3912,"Tirane","mri-esm2-0","ssp370",NA,0,5.19909929547994
"3182",3913,"Tirane","mri-esm2-0","ssp370",NA,0,4.98930620465962
"3183",3914,"Tirane","mri-esm2-0","ssp370",NA,1.38982091074078,6.33074558803016
"3184",3915,"Tirane","mri-esm2-0","ssp370",NA,1.8815127111988,9.18222961425784
"3185",3916,"Tirane","mri-esm2-0","ssp370",NA,2.64763221946071,9.00747070312502
"3186",3917,"Tirane","mri-esm2-0","ssp370",NA,5.13445562558315,3.58990304129467
"3187",3918,"Tirane","mri-esm2-0","ssp370",NA,11.141011314872,8.11001630510605
"3188",3919,"Tirane","mri-esm2-0","ssp370",NA,3.40729837324553,8.29438389369422
"3189",3920,"Tirane","mri-esm2-0","ssp370",NA,0.63955196819734,10.1194266183036
"3190",3921,"Tirane","mri-esm2-0","ssp370",NA,4.60382146463547,11.364402117048
"3191",3922,"Tirane","mri-esm2-0","ssp370",NA,11.9581369051178,10.4989955357143
"3192",3923,"Tirane","mri-esm2-0","ssp370",NA,1.90524017954366,11.4497467041016
"3193",3924,"Tirane","mri-esm2-0","ssp370",NA,0.111263883705501,7.16638663155695
"3194",3925,"Tirane","mri-esm2-0","ssp370",NA,0.0301948248566727,12.3897535051619
"3195",3926,"Tirane","mri-esm2-0","ssp370",NA,3.22929420108266,14.70791015625
"3196",3927,"Tirane","mri-esm2-0","ssp370",NA,5.0801710342057,11.6050462995257
"3197",3928,"Tirane","mri-esm2-0","ssp370",NA,0.110562171071901,15.163722882952
"3198",3929,"Tirane","mri-esm2-0","ssp370",NA,0.12864302791838,17.0530290876116
"3199",3930,"Tirane","mri-esm2-0","ssp370",NA,3.7803608071824,17.1405622209822
"3200",3931,"Tirane","mri-esm2-0","ssp370",NA,0,16.3181897844587
"3201",3932,"Tirane","mri-esm2-0","ssp370",NA,0,17.4580845424108
"3202",3933,"Tirane","mri-esm2-0","ssp370",NA,2.45660016324629,16.9015681675502
"3203",3934,"Tirane","mri-esm2-0","ssp370",NA,0.0174090117590303,20.5826267787388
"3204",3935,"Tirane","mri-esm2-0","ssp370",NA,0.0269358988069663,23.9362622942243
"3205",3936,"Tirane","mri-esm2-0","ssp370",NA,0.931343078887689,22.6147094726563
"3206",3937,"Tirane","mri-esm2-0","ssp370",NA,0.572467231229114,25.716455078125
"3207",3938,"Tirane","mri-esm2-0","ssp370",NA,0.12741313470802,25.598299734933
"3208",3939,"Tirane","mri-esm2-0","ssp370",NA,2.31075454430538,23.7037292480469
"3209",3940,"Tirane","mri-esm2-0","ssp370",NA,0.278754654365392,25.1391758510045
"3210",3941,"Tirane","mri-esm2-0","ssp370",NA,0,28.2117248535157
"3211",3942,"Tirane","mri-esm2-0","ssp370",NA,0,26.5878256661551
"3212",3943,"Tirane","mri-esm2-0","ssp370",NA,1.92368934596223,25.9687373570033
"3213",3944,"Tirane","mri-esm2-0","ssp370",NA,0,28.6809195382254
"3214",3945,"Tirane","mri-esm2-0","ssp370",NA,0.0288662221074836,30.6355573381697
"3215",3946,"Tirane","mri-esm2-0","ssp370",NA,0.0075225550972391,30.4739079066686
"3216",3947,"Tirane","mri-esm2-0","ssp370",NA,1.99985612666101,30.1721588134766
"3217",3948,"Tirane","mri-esm2-0","ssp370",NA,7.22398591003314,26.39343523298
"3218",3949,"Tirane","mri-esm2-0","ssp370",NA,2.6578229784978,25.1169982910156
"3219",3950,"Tirane","mri-esm2-0","ssp370",NA,0.0384540594365847,26.2368299211775
"3220",3951,"Tirane","mri-esm2-0","ssp370",NA,0.45772236605574,26.5983149937221
"3221",3952,"Tirane","mri-esm2-0","ssp370",NA,0.519586293843791,26.0306270054409
"3222",3953,"Tirane","mri-esm2-0","ssp370",NA,0.0536110266434012,22.9659210205078
"3223",3954,"Tirane","mri-esm2-0","ssp370",NA,11.2384726035609,20.1450308663505
"3224",3955,"Tirane","mri-esm2-0","ssp370",NA,0,19.76794695173
"3225",3956,"Tirane","mri-esm2-0","ssp370",NA,4.64599918128182,16.1024675641741
"3226",3957,"Tirane","mri-esm2-0","ssp370",NA,2.4746239637482,17.4427058628627
"3227",3958,"Tirane","mri-esm2-0","ssp370",NA,9.12356841228236,17.1289175851005
"3228",3959,"Tirane","mri-esm2-0","ssp370",NA,3.05792742136483,17.2647426060268
"3229",3960,"Tirane","mri-esm2-0","ssp370",NA,1.9896461378916,17.9133392333985
"3230",3961,"Tirane","mri-esm2-0","ssp370",NA,0.158968414013674,15.7222294398717
"3231",3962,"Tirane","mri-esm2-0","ssp370",NA,1.31089572428859,14.1082332066128
"3232",3963,"Tirane","mri-esm2-0","ssp370",NA,0.0443255692776542,13.6439998081752
"3233",3964,"Tirane","mri-esm2-0","ssp370",NA,2.12648470400641,12.0868556431362
"3234",3965,"Tirane","mri-esm2-0","ssp370",NA,2.57186205760393,10.7851000104632
"3235",3966,"Tirane","mri-esm2-0","ssp370",NA,0.532261314271766,12.0928436279297
"3236",3967,"Tirane","mri-esm2-0","ssp370",NA,0.910538293412952,12.4210013253348
"3237",3968,"Tirane","mri-esm2-0","ssp370",NA,5.94541919376102,11.7178872244699
"3238",3969,"Tirane","mri-esm2-0","ssp370",NA,8.51189685615411,11.5033900669643
"3239",3970,"Tirane","mri-esm2-0","ssp370",NA,6.78622857781842,10.4337554931641
"3240",3971,"Tirane","mri-esm2-0","ssp370",NA,3.29620112897828,10.6957750592913
"3241",3972,"Tirane","mri-esm2-0","ssp370",NA,8.07474657111536,9.29388907296319
"3242",3973,"Tirane","mri-esm2-0","ssp370",NA,14.070056480289,9.7396963936942
"3243",3974,"Tirane","mri-esm2-0","ssp370",NA,6.20553124567128,6.6645206996373
"3244",3975,"Tirane","mri-esm2-0","ssp370",NA,20.2376313607341,11.3814570835659
"3245",3976,"Tirane","mri-esm2-0","ssp370",NA,2.57224031811347,13.1882481166294
"3246",3977,"Tirane","mri-esm2-0","ssp370",NA,0.0927525623410476,14.9340301513672
"3247",3978,"Tirane","mri-esm2-0","ssp370",NA,0.0887036737237525,16.3351488385882
"3248",3979,"Tirane","mri-esm2-0","ssp370",NA,3.52330245542751,13.3966679164342
"3249",3980,"Tirane","mri-esm2-0","ssp370",NA,2.66333141979495,13.1165339878627
"3250",3981,"Tirane","mri-esm2-0","ssp370",NA,2.19083348534436,15.3940891810826
"3251",3982,"Tirane","mri-esm2-0","ssp370",NA,2.67270526320706,13.7797180175782
"3252",3983,"Tirane","mri-esm2-0","ssp370",NA,9.44819114208386,13.1082397460938
"3253",3984,"Tirane","mri-esm2-0","ssp370",NA,1.96333862643639,16.1021493094308
"3254",3985,"Tirane","mri-esm2-0","ssp370",NA,0.17799597875897,18.5254281180245
"3255",3986,"Tirane","mri-esm2-0","ssp370",NA,6.2622012864657,19.4683275495257
"3256",3987,"Tirane","mri-esm2-0","ssp370",NA,0.0669109537349349,18.5001879010882
"3257",3988,"Tirane","mri-esm2-0","ssp370",NA,2.76918868338336,19.9765803745815
"3258",3989,"Tirane","mri-esm2-0","ssp370",NA,0.943817221299728,21.9957824707031
"3259",3990,"Tirane","mri-esm2-0","ssp370",NA,0,23.5129813058035
"3260",3991,"Tirane","mri-esm2-0","ssp370",NA,0,24.138088117327
"3261",3992,"Tirane","mri-esm2-0","ssp370",NA,0,29.6547877720425
"3262",3993,"Tirane","mri-esm2-0","ssp370",NA,0.0092653990317818,31.0632677350726
"3263",3994,"Tirane","mri-esm2-0","ssp370",NA,0,28.8264862060547
"3264",3995,"Tirane","mri-esm2-0","ssp370",NA,1.40499981098401,29.6972442626953
"3265",3996,"Tirane","mri-esm2-0","ssp370",NA,0.0674821149524565,29.4895765032087
"3266",3997,"Tirane","mri-esm2-0","ssp370",NA,0,29.1225699288504
"3267",3998,"Tirane","mri-esm2-0","ssp370",NA,0,27.9377184186663
"3268",3999,"Tirane","mri-esm2-0","ssp370",NA,0,30.4474687848773
"3269",4000,"Tirane","mri-esm2-0","ssp370",NA,0,30.2060594831194
"3270",4001,"Tirane","mri-esm2-0","ssp370",NA,0.155880536320702,29.7234959193639
"3271",4002,"Tirane","mri-esm2-0","ssp370",NA,0,28.9427494594029
"3272",4003,"Tirane","mri-esm2-0","ssp370",NA,0.291451463999692,26.667369733538
"3273",4004,"Tirane","mri-esm2-0","ssp370",NA,0,26.500883265904
"3274",4005,"Tirane","mri-esm2-0","ssp370",NA,0.28037936468276,25.3039707728795
"3275",4006,"Tirane","mri-esm2-0","ssp370",NA,0.255212776651856,24.4010951450894
"3276",4007,"Tirane","mri-esm2-0","ssp370",NA,0.266973973651017,23.8792489188058
"3277",4008,"Tirane","mri-esm2-0","ssp370",NA,0.00761710338598015,17.7385083879743
"3278",4009,"Tirane","mri-esm2-0","ssp370",NA,0.113629759601151,20.8718527657646
"3279",4010,"Tirane","mri-esm2-0","ssp370",NA,2.08549632890416,16.9140781947545
"3280",4011,"Tirane","mri-esm2-0","ssp370",NA,0.156958890849118,17.4110722133092
"3281",4012,"Tirane","mri-esm2-0","ssp370",NA,0,19.9987208775112
"3282",4013,"Tirane","mri-esm2-0","ssp370",NA,0.229177092842292,17.1151454380581
"3283",4014,"Tirane","mri-esm2-0","ssp370",NA,0,10.152237374442
"3284",4015,"Tirane","mri-esm2-0","ssp370",NA,1.21943670383189,11.2667044503348
"3285",4016,"Tirane","mri-esm2-0","ssp370",NA,0.18719079089351,12.6894818987166
"3286",4017,"Tirane","mri-esm2-0","ssp370",NA,2.96364305873534,12.4352879115513
"3287",4018,"Tirane","mri-esm2-0","ssp370",NA,0.570037765594732,7.89445539202011
"3288",4019,"Tirane","mri-esm2-0","ssp370",NA,0.528235667193907,6.32780936104913
"3289",4020,"Tirane","mri-esm2-0","ssp370",NA,0.262296866068417,9.82437831333705
"3290",4021,"Tirane","mri-esm2-0","ssp370",NA,0.586836513996656,12.3613351004464
"3291",4022,"Tirane","mri-esm2-0","ssp370",NA,0.0717722087366773,7.04504438127793
"3292",4023,"Tirane","mri-esm2-0","ssp370",NA,10.0040738994722,8.20676792689735
"3293",4024,"Tirane","mri-esm2-0","ssp370",NA,6.64653804061735,6.61261029924668
"3294",4025,"Tirane","mri-esm2-0","ssp370",NA,2.50554299065178,6.89914419991632
"3295",4026,"Tirane","mri-esm2-0","ssp370",NA,0,9.7588832310268
"3296",4027,"Tirane","mri-esm2-0","ssp370",NA,0.190588364940985,12.989389038086
"3297",4028,"Tirane","mri-esm2-0","ssp370",NA,0,14.5668426513672
"3298",4029,"Tirane","mri-esm2-0","ssp370",NA,5.36378743469998,11.8904423304967
"3299",4030,"Tirane","mri-esm2-0","ssp370",NA,3.9223349873542,13.0307665143694
"3300",4031,"Tirane","mri-esm2-0","ssp370",NA,5.88950450369988,13.213760811942
"3301",4032,"Tirane","mri-esm2-0","ssp370",NA,8.56228040782818,13.0518083844866
"3302",4033,"Tirane","mri-esm2-0","ssp370",NA,1.09120748841503,16.637835257394
"3303",4034,"Tirane","mri-esm2-0","ssp370",NA,3.88446452026463,15.0668426513672
"3304",4035,"Tirane","mri-esm2-0","ssp370",NA,0.611072027407187,16.082657296317
"3305",4036,"Tirane","mri-esm2-0","ssp370",NA,0.0271628248031318,19.4538665771485
"3306",4037,"Tirane","mri-esm2-0","ssp370",NA,0.795678535359913,19.9504202706473
"3307",4038,"Tirane","mri-esm2-0","ssp370",NA,1.21671601523953,20.1556924002511
"3308",4039,"Tirane","mri-esm2-0","ssp370",NA,0,22.4345445905413
"3309",4040,"Tirane","mri-esm2-0","ssp370",NA,0,26.0024287632534
"3310",4041,"Tirane","mri-esm2-0","ssp370",NA,5.13652695288848,28.258442905971
"3311",4042,"Tirane","mri-esm2-0","ssp370",NA,1.27671422960702,24.7121477399554
"3312",4043,"Tirane","mri-esm2-0","ssp370",NA,10.5373349535512,23.6291181291853
"3313",4044,"Tirane","mri-esm2-0","ssp370",NA,4.14012471374008,25.5630410330636
"3314",4045,"Tirane","mri-esm2-0","ssp370",NA,0.665948665534545,26.1779920305525
"3315",4046,"Tirane","mri-esm2-0","ssp370",NA,0.472515724478788,27.3568555559431
"3316",4047,"Tirane","mri-esm2-0","ssp370",NA,0.00901091729506985,30.6741468157088
"3317",4048,"Tirane","mri-esm2-0","ssp370",NA,0.0698537440517354,30.2062513078963
"3318",4049,"Tirane","mri-esm2-0","ssp370",NA,0.366746308100119,31.9461565290179
"3319",4050,"Tirane","mri-esm2-0","ssp370",NA,0.0915395933718955,29.3525765555245
"3320",4051,"Tirane","mri-esm2-0","ssp370",NA,0,31.0336199079241
"3321",4052,"Tirane","mri-esm2-0","ssp370",NA,0.043440678148597,32.5563315255301
"3322",4053,"Tirane","mri-esm2-0","ssp370",NA,0,31.5755161830357
"3323",4054,"Tirane","mri-esm2-0","ssp370",NA,0,28.5804055350168
"3324",4055,"Tirane","mri-esm2-0","ssp370",NA,0,27.6438297816686
"3325",4056,"Tirane","mri-esm2-0","ssp370",NA,2.48369089198864,25.2414031982422
"3326",4057,"Tirane","mri-esm2-0","ssp370",NA,2.73884528063977,22.4474687848773
"3327",4058,"Tirane","mri-esm2-0","ssp370",NA,0.590105694079414,23.2420506068639
"3328",4059,"Tirane","mri-esm2-0","ssp370",NA,0.522198047630289,23.2782640729632
"3329",4060,"Tirane","mri-esm2-0","ssp370",NA,0,25.9920418875558
"3330",4061,"Tirane","mri-esm2-0","ssp370",NA,3.92187979388317,21.4577684674944
"3331",4062,"Tirane","mri-esm2-0","ssp370",NA,8.01175940889931,19.0392460414341
"3332",4063,"Tirane","mri-esm2-0","ssp370",NA,8.15857789878335,16.3482190813337
"3333",4064,"Tirane","mri-esm2-0","ssp370",NA,5.91749509102166,13.7068943568638
"3334",4065,"Tirane","mri-esm2-0","ssp370",NA,0.936807707434388,16.5088570731027
"3335",4066,"Tirane","mri-esm2-0","ssp370",NA,7.3145015510298,12.8871551513672
"3336",4067,"Tirane","mri-esm2-0","ssp370",NA,4.85215526340263,6.23079398018976
"3337",4068,"Tirane","mri-esm2-0","ssp370",NA,5.50774726855577,9.93668518066408
"3338",4069,"Tirane","mri-esm2-0","ssp370",NA,4.55456243694893,8.42642473493306
"3339",4070,"Tirane","mri-esm2-0","ssp370",NA,1.39066525651808,9.42870701381141
"3340",4071,"Tirane","mri-esm2-0","ssp370",NA,2.88106089470342,11.4141479492188
"3341",4072,"Tirane","mri-esm2-0","ssp370",NA,6.28053713652272,11.6745043073382
"3342",4073,"Tirane","mri-esm2-0","ssp370",NA,3.82466046108416,10.9680289132255
"3343",4074,"Tirane","mri-esm2-0","ssp370",NA,4.64232693526096,11.2427830287389
"3344",4075,"Tirane","mri-esm2-0","ssp370",NA,6.46176469396908,10.6292423793248
"3345",4076,"Tirane","mri-esm2-0","ssp370",NA,0.130169856596954,9.10037275041855
"3346",4077,"Tirane","mri-esm2-0","ssp370",NA,0,3.17284763881141
"3347",4078,"Tirane","mri-esm2-0","ssp370",NA,0,2.4294372558594
"3348",4079,"Tirane","mri-esm2-0","ssp370",NA,0.958012518068636,12.1316728864398
"3349",4080,"Tirane","mri-esm2-0","ssp370",NA,0.236429766560572,7.24025660923551
"3350",4081,"Tirane","mri-esm2-0","ssp370",NA,4.13646065130057,11.0066162109375
"3351",4082,"Tirane","mri-esm2-0","ssp370",NA,0.0127692901774676,9.02356000627793
"3352",4083,"Tirane","mri-esm2-0","ssp370",NA,0.11863407292237,15.4637215750558
"3353",4084,"Tirane","mri-esm2-0","ssp370",NA,3.79613432768175,11.6916878836495
"3354",4085,"Tirane","mri-esm2-0","ssp370",NA,4.7451871663465,15.7759251185826
"3355",4086,"Tirane","mri-esm2-0","ssp370",NA,0.38279409574378,16.151489693778
"3356",4087,"Tirane","mri-esm2-0","ssp370",NA,5.7863611981572,15.7070447649275
"3357",4088,"Tirane","mri-esm2-0","ssp370",NA,2.14529931462104,17.2418762207031
"3358",4089,"Tirane","mri-esm2-0","ssp370",NA,10.0351263052809,15.9429216657367
"3359",4090,"Tirane","mri-esm2-0","ssp370",NA,1.34318035966966,18.3196153913226
"3360",4091,"Tirane","mri-esm2-0","ssp370",NA,5.02393696837576,18.8916761125838
"3361",4092,"Tirane","mri-esm2-0","ssp370",NA,0,23.197906930106
"3362",4093,"Tirane","mri-esm2-0","ssp370",NA,0.00742214766173025,25.9257402692523
"3363",4094,"Tirane","mri-esm2-0","ssp370",NA,0.494042266888885,28.6238102504186
"3364",4095,"Tirane","mri-esm2-0","ssp370",NA,3.73351234796116,27.7724635532925
"3365",4096,"Tirane","mri-esm2-0","ssp370",NA,0.0182318110871295,26.5833047049386
"3366",4097,"Tirane","mri-esm2-0","ssp370",NA,0,27.8336709158761
"3367",4098,"Tirane","mri-esm2-0","ssp370",NA,0.48191231970642,29.992074584961
"3368",4099,"Tirane","mri-esm2-0","ssp370",NA,0,30.116350882394
"3369",4100,"Tirane","mri-esm2-0","ssp370",NA,0,31.8925415039063
"3370",4101,"Tirane","mri-esm2-0","ssp370",NA,0,31.5131840297154
"3371",4102,"Tirane","mri-esm2-0","ssp370",NA,0.369085317236438,31.7233128138951
"3372",4103,"Tirane","mri-esm2-0","ssp370",NA,0.056746876933695,33.206680733817
"3373",4104,"Tirane","mri-esm2-0","ssp370",NA,0.00922848310957695,29.3612740652902
"3374",4105,"Tirane","mri-esm2-0","ssp370",NA,0.10485571152198,30.2207188197545
"3375",4106,"Tirane","mri-esm2-0","ssp370",NA,0,29.24255632673
"3376",4107,"Tirane","mri-esm2-0","ssp370",NA,0.462127944878635,28.2544516427177
"3377",4108,"Tirane","mri-esm2-0","ssp370",NA,0.419645461391026,26.33388671875
"3378",4109,"Tirane","mri-esm2-0","ssp370",NA,0.0266429540975618,23.5107339041574
"3379",4110,"Tirane","mri-esm2-0","ssp370",NA,0,26.0593004499163
"3380",4111,"Tirane","mri-esm2-0","ssp370",NA,0,24.7617475237166
"3381",4112,"Tirane","mri-esm2-0","ssp370",NA,1.97624877328053,20.1492248535156
"3382",4113,"Tirane","mri-esm2-0","ssp370",NA,5.51560688701491,19.5253060477121
"3383",4114,"Tirane","mri-esm2-0","ssp370",NA,0.782109674764797,16.8184797014509
"3384",4115,"Tirane","mri-esm2-0","ssp370",NA,0.0860927969500025,16.203280203683
"3385",4116,"Tirane","mri-esm2-0","ssp370",NA,1.88983519734133,16.4824223109655
"3386",4117,"Tirane","mri-esm2-0","ssp370",NA,15.2986847239455,16.155422101702
"3387",4118,"Tirane","mri-esm2-0","ssp370",NA,13.1979888941195,11.8662026541574
"3388",4119,"Tirane","mri-esm2-0","ssp370",NA,0,7.75424455915181
"3389",4120,"Tirane","mri-esm2-0","ssp370",NA,3.05469588898372,7.98832964215962
"3390",4121,"Tirane","mri-esm2-0","ssp370",NA,0.280562069591334,8.8072470528739
"3391",4122,"Tirane","mri-esm2-0","ssp370",NA,4.7521503984951,9.50046255929131
"3392",4123,"Tirane","mri-esm2-0","ssp370",NA,0.719479609688277,6.803608921596
"3393",4124,"Tirane","mri-esm2-0","ssp370",NA,3.24897189607977,9.25528215680806
"3394",4125,"Tirane","mri-esm2-0","ssp370",NA,0,8.14340471540181
"3395",4126,"Tirane","mri-esm2-0","ssp370",NA,3.39566889514182,9.74705113002235
"3396",4127,"Tirane","mri-esm2-0","ssp370",NA,0.0405659636661377,6.38633553641185
"3397",4128,"Tirane","mri-esm2-0","ssp370",NA,1.32381446726088,7.56685791015627
"3398",4129,"Tirane","mri-esm2-0","ssp370",NA,3.27876316316958,4.77264883858819
"3399",4130,"Tirane","mri-esm2-0","ssp370",NA,4.82330343552998,6.00864780970984
"3400",4131,"Tirane","mri-esm2-0","ssp370",NA,1.33285683072505,9.95971723284045
"3401",4132,"Tirane","mri-esm2-0","ssp370",NA,2.02146138763055,10.119038609096
"3402",4133,"Tirane","mri-esm2-0","ssp370",NA,9.62306792748028,12.1529479980469
"3403",4134,"Tirane","mri-esm2-0","ssp370",NA,0.118015151695415,10.2231079101563
"3404",4135,"Tirane","mri-esm2-0","ssp370",NA,7.61941432158762,12.0476601736886
"3405",4136,"Tirane","mri-esm2-0","ssp370",NA,2.71448003248744,10.2222795758929
"3406",4137,"Tirane","mri-esm2-0","ssp370",NA,8.67406175852272,13.6327715192523
"3407",4138,"Tirane","mri-esm2-0","ssp370",NA,0.968110116601953,15.9449162074498
"3408",4139,"Tirane","mri-esm2-0","ssp370",NA,2.83260206888372,14.7239122663226
"3409",4140,"Tirane","mri-esm2-0","ssp370",NA,9.83632698355776,13.0758693150112
"3410",4141,"Tirane","mri-esm2-0","ssp370",NA,1.32125002024363,17.2423819405692
"3411",4142,"Tirane","mri-esm2-0","ssp370",NA,1.44003647728824,17.5358367919923
"3412",4143,"Tirane","mri-esm2-0","ssp370",NA,0.273556424404627,20.2966988699777
"3413",4144,"Tirane","mri-esm2-0","ssp370",NA,2.19481660502165,20.3078247070313
"3414",4145,"Tirane","mri-esm2-0","ssp370",NA,0.978856239401335,24.689608328683
"3415",4146,"Tirane","mri-esm2-0","ssp370",NA,5.38219991181644,23.1110277448382
"3416",4147,"Tirane","mri-esm2-0","ssp370",NA,2.23164442603385,23.3348153250558
"3417",4148,"Tirane","mri-esm2-0","ssp370",NA,0.0106340770538996,27.0622737339565
"3418",4149,"Tirane","mri-esm2-0","ssp370",NA,0.0834435350822919,27.5617047991072
"3419",4150,"Tirane","mri-esm2-0","ssp370",NA,0.264856457241486,25.9015877859933
"3420",4151,"Tirane","mri-esm2-0","ssp370",NA,0.233195882382071,27.885627092634
"3421",4152,"Tirane","mri-esm2-0","ssp370",NA,0,27.8576686314174
"3422",4153,"Tirane","mri-esm2-0","ssp370",NA,0,29.0683445521763
"3423",4154,"Tirane","mri-esm2-0","ssp370",NA,0.17897001858468,28.7778978620257
"3424",4155,"Tirane","mri-esm2-0","ssp370",NA,0.14014454635409,26.6636465890068
"3425",4156,"Tirane","mri-esm2-0","ssp370",NA,0.37384824577852,30.9511679513114
"3426",4157,"Tirane","mri-esm2-0","ssp370",NA,0.177508775024242,29.3139783586775
"3427",4158,"Tirane","mri-esm2-0","ssp370",NA,0,30.7003788539342
"3428",4159,"Tirane","mri-esm2-0","ssp370",NA,0,28.9906903948103
"3429",4160,"Tirane","mri-esm2-0","ssp370",NA,0,29.5979160853795
"3430",4161,"Tirane","mri-esm2-0","ssp370",NA,0,22.9582938058036
"3431",4162,"Tirane","mri-esm2-0","ssp370",NA,0.681642057939565,19.770900617327
"3432",4163,"Tirane","mri-esm2-0","ssp370",NA,2.98016187589382,19.4855917794364
"3433",4164,"Tirane","mri-esm2-0","ssp370",NA,7.64407918395591,18.8229592459543
"3434",4165,"Tirane","mri-esm2-0","ssp370",NA,0,20.3266671316964
"3435",4166,"Tirane","mri-esm2-0","ssp370",NA,9.90496715946524,18.7903097970146
"3436",4167,"Tirane","mri-esm2-0","ssp370",NA,3.78166011910902,16.6947592599051
"3437",4168,"Tirane","mri-esm2-0","ssp370",NA,0.445220066623214,17.4806806291853
"3438",4169,"Tirane","mri-esm2-0","ssp370",NA,0.0962639277401778,15.8955496651786
"3439",4170,"Tirane","mri-esm2-0","ssp370",NA,0.534289450453278,14.8010607038226
"3440",4171,"Tirane","mri-esm2-0","ssp370",NA,0.612676514512194,14.4839983258929
"3441",4172,"Tirane","mri-esm2-0","ssp370",NA,0.368227775574528,13.428122820173
"3442",4173,"Tirane","mri-esm2-0","ssp370",NA,0.492928652238333,12.196444266183
"3443",4174,"Tirane","mri-esm2-0","ssp370",NA,0.706765024057988,8.54175720214846
"3444",4175,"Tirane","mri-esm2-0","ssp370",NA,1.51624001113565,10.0156167166574
"3445",4176,"Tirane","mri-esm2-0","ssp370",NA,13.5063712225279,11.3808598109655
"3446",4177,"Tirane","mri-esm2-0","ssp370",NA,7.69380958845432,9.59741036551342
"3447",4178,"Tirane","mri-esm2-0","ssp370",NA,4.82650358629014,10.3092808314732
"3448",4179,"Tirane","mri-esm2-0","ssp370",NA,0.68489196128212,5.46292375837056
"3449",4180,"Tirane","mri-esm2-0","ssp370",NA,6.36276923635575,6.8904968261719
"3450",4181,"Tirane","mri-esm2-0","ssp370",NA,4.48891198346765,9.07277832031253
"3451",4182,"Tirane","mri-esm2-0","ssp370",NA,1.5495011054944,13.0851466587612
"3452",4183,"Tirane","mri-esm2-0","ssp370",NA,3.67729893893868,14.3419041224889
"3453",4184,"Tirane","mri-esm2-0","ssp370",NA,0.57993792610692,12.9992091587612
"3454",4185,"Tirane","mri-esm2-0","ssp370",NA,3.6498397062782,10.6351933070592
"3455",4186,"Tirane","mri-esm2-0","ssp370",NA,1.21594481934153,13.2699981689453
"3456",4187,"Tirane","mri-esm2-0","ssp370",NA,6.4122632767976,15.4626599993024
"3457",4188,"Tirane","mri-esm2-0","ssp370",NA,0.074687274224873,12.8459760393415
"3458",4189,"Tirane","mri-esm2-0","ssp370",NA,0,13.1643920898438
"3459",4190,"Tirane","mri-esm2-0","ssp370",NA,0.148564814506764,16.3463117327009
"3460",4191,"Tirane","mri-esm2-0","ssp370",NA,5.65680204973822,15.0915706089565
"3461",4192,"Tirane","mri-esm2-0","ssp370",NA,6.7539959556078,14.3979649135045
"3462",4193,"Tirane","mri-esm2-0","ssp370",NA,6.05181209744582,15.6282047816686
"3463",4194,"Tirane","mri-esm2-0","ssp370",NA,0.899395889947689,18.8794058663505
"3464",4195,"Tirane","mri-esm2-0","ssp370",NA,0.10516479045951,20.598059953962
"3465",4196,"Tirane","mri-esm2-0","ssp370",NA,0.0202358034584904,22.6023345947266
"3466",4197,"Tirane","mri-esm2-0","ssp370",NA,1.88477275701839,21.7464015415737
"3467",4198,"Tirane","mri-esm2-0","ssp370",NA,0.227941684975771,21.822898210798
"3468",4199,"Tirane","mri-esm2-0","ssp370",NA,0.209048064633472,24.259423828125
"3469",4200,"Tirane","mri-esm2-0","ssp370",NA,0,26.062138584682
"3470",4201,"Tirane","mri-esm2-0","ssp370",NA,0.00803720512132195,28.825843157087
"3471",4202,"Tirane","mri-esm2-0","ssp370",NA,0,30.2175994873047
"3472",4203,"Tirane","mri-esm2-0","ssp370",NA,2.45047743415593,26.4666098458427
"3473",4204,"Tirane","mri-esm2-0","ssp370",NA,0,28.6936671665737
"3474",4205,"Tirane","mri-esm2-0","ssp370",NA,0.0225988027523271,28.5305572509765
"3475",4206,"Tirane","mri-esm2-0","ssp370",NA,0,28.6261448451451
"3476",4207,"Tirane","mri-esm2-0","ssp370",NA,0.0796518104574975,30.3655356270927
"3477",4208,"Tirane","mri-esm2-0","ssp370",NA,0,32.0530160086495
"3478",4209,"Tirane","mri-esm2-0","ssp370",NA,0.012963873346702,29.9257991245815
"3479",4210,"Tirane","mri-esm2-0","ssp370",NA,0,29.051886858259
"3480",4211,"Tirane","mri-esm2-0","ssp370",NA,0.0235112566380329,30.269180733817
"3481",4212,"Tirane","mri-esm2-0","ssp370",NA,0,25.1428575788226
"3482",4213,"Tirane","mri-esm2-0","ssp370",NA,4.86866620989791,21.4696594238281
"3483",4214,"Tirane","mri-esm2-0","ssp370",NA,6.62502050898703,19.4756081717355
"3484",4215,"Tirane","mri-esm2-0","ssp370",NA,1.74927915941225,21.197876412528
"3485",4216,"Tirane","mri-esm2-0","ssp370",NA,0,21.6791974748884
"3486",4217,"Tirane","mri-esm2-0","ssp370",NA,2.02215222109642,22.3955867222378
"3487",4218,"Tirane","mri-esm2-0","ssp370",NA,1.86511752337018,20.2449148995536
"3488",4219,"Tirane","mri-esm2-0","ssp370",NA,10.2620918869953,19.0049290248326
"3489",4220,"Tirane","mri-esm2-0","ssp370",NA,18.7838272454558,15.6613795689175
"3490",4221,"Tirane","mri-esm2-0","ssp370",NA,13.9157540996426,14.9078002929687
"3491",4222,"Tirane","mri-esm2-0","ssp370",NA,4.83773567518386,15.6328063964844
"3492",4223,"Tirane","mri-esm2-0","ssp370",NA,3.09129179555125,11.5174216134208
"3493",4224,"Tirane","mri-esm2-0","ssp370",NA,3.53358913790933,11.7188289097378
"3494",4225,"Tirane","mri-esm2-0","ssp370",NA,13.2149516509214,13.1990469796317
"3495",4226,"Tirane","mri-esm2-0","ssp370",NA,6.27990504747556,10.2497846330916
"3496",4227,"Tirane","mri-esm2-0","ssp370",NA,10.1267133948568,8.1736258370536
"3497",4228,"Tirane","mri-esm2-0","ssp370",NA,7.94842927716672,8.13406851632256
"3498",4229,"Tirane","mri-esm2-0","ssp370",NA,11.8664380686823,9.83555864606587
"3499",4230,"Tirane","mri-esm2-0","ssp370",NA,1.2320243288871,10.051880318778
"3500",4231,"Tirane","mri-esm2-0","ssp370",NA,0,10.7479230608259
"3501",4232,"Tirane","mri-esm2-0","ssp370",NA,1.00335048420155,8.35850350516185
"3502",4233,"Tirane","mri-esm2-0","ssp370",NA,3.11778083040346,12.1975385393416
"3503",4234,"Tirane","mri-esm2-0","ssp370",NA,0.523034383825559,13.7759207589286
"3504",4235,"Tirane","mri-esm2-0","ssp370",NA,0,8.51911315917971
"3505",4236,"Tirane","mri-esm2-0","ssp370",NA,15.000618700703,11.0292646135603
"3506",4237,"Tirane","mri-esm2-0","ssp370",NA,0.422319788984688,14.0644470214844
"3507",4238,"Tirane","mri-esm2-0","ssp370",NA,0,12.7676003592355
"3508",4239,"Tirane","mri-esm2-0","ssp370",NA,9.48045258784469,14.6960235595703
"3509",4240,"Tirane","mri-esm2-0","ssp370",NA,1.88484361824522,11.4883296421596
"3510",4241,"Tirane","mri-esm2-0","ssp370",NA,0.208163786010118,14.7917768205916
"3511",4242,"Tirane","mri-esm2-0","ssp370",NA,3.33144201296298,14.6248260498047
"3512",4243,"Tirane","mri-esm2-0","ssp370",NA,4.43749907842305,15.2052943638393
"3513",4244,"Tirane","mri-esm2-0","ssp370",NA,0.668874743496417,15.8254224504743
"3514",4245,"Tirane","mri-esm2-0","ssp370",NA,3.97270591846401,15.9605368477958
"3515",4246,"Tirane","mri-esm2-0","ssp370",NA,0.69332762697221,17.3356785365513
"3516",4247,"Tirane","mri-esm2-0","ssp370",NA,1.15896941112754,21.0646998814175
"3517",4248,"Tirane","mri-esm2-0","ssp370",NA,1.76081223206503,22.0881853376116
"3518",4249,"Tirane","mri-esm2-0","ssp370",NA,2.63945546687734,22.141006905692
"3519",4250,"Tirane","mri-esm2-0","ssp370",NA,1.93013082077544,23.6326821463448
"3520",4251,"Tirane","mri-esm2-0","ssp370",NA,9.5408608863571,22.3676391601563
"3521",4252,"Tirane","mri-esm2-0","ssp370",NA,0.193433193635428,24.5049791608538
"3522",4253,"Tirane","mri-esm2-0","ssp370",NA,0.0410949314495416,26.4587799072266
"3523",4254,"Tirane","mri-esm2-0","ssp370",NA,0.062537727561513,23.8882799421038
"3524",4255,"Tirane","mri-esm2-0","ssp370",NA,0,26.1381338936942
"3525",4256,"Tirane","mri-esm2-0","ssp370",NA,0.0399016882511205,27.1877184186663
"3526",4257,"Tirane","mri-esm2-0","ssp370",NA,0,26.9887307303293
"3527",4258,"Tirane","mri-esm2-0","ssp370",NA,2.07341475002717,27.4264901297433
"3528",4259,"Tirane","mri-esm2-0","ssp370",NA,1.88869775530683,27.6601959228516
"3529",4260,"Tirane","mri-esm2-0","ssp370",NA,0.0084856687473283,28.6511648995536
"3530",4261,"Tirane","mri-esm2-0","ssp370",NA,0.873932189642799,26.2412353515626
"3531",4262,"Tirane","mri-esm2-0","ssp370",NA,0,28.400308227539
"3532",4263,"Tirane","mri-esm2-0","ssp370",NA,0.294707086868584,25.7104910714286
"3533",4264,"Tirane","mri-esm2-0","ssp370",NA,0,27.4353097098214
"3534",4265,"Tirane","mri-esm2-0","ssp370",NA,1.08212697419471,25.7429159981864
"3535",4266,"Tirane","mri-esm2-0","ssp370",NA,26.670275793575,21.7803065708706
"3536",4267,"Tirane","mri-esm2-0","ssp370",NA,0,19.5805363246373
"3537",4268,"Tirane","mri-esm2-0","ssp370",NA,5.84237712776355,21.0424787248885
"3538",4269,"Tirane","mri-esm2-0","ssp370",NA,2.90938510960197,19.1093383789063
"3539",4270,"Tirane","mri-esm2-0","ssp370",NA,2.21721082525619,21.53650163923
"3540",4271,"Tirane","mri-esm2-0","ssp370",NA,1.37874127332387,17.6683157784598
"3541",4272,"Tirane","mri-esm2-0","ssp370",NA,0.791879275441585,18.9910784040179
"3542",4273,"Tirane","mri-esm2-0","ssp370",NA,0.428273150776347,13.814835030692
"3543",4274,"Tirane","mri-esm2-0","ssp370",NA,6.78042614921911,16.1012860979353
"3544",4275,"Tirane","mri-esm2-0","ssp370",NA,6.04016928944995,11.2559557233538
"3545",4276,"Tirane","mri-esm2-0","ssp370",NA,10.3402853718892,13.3168818882534
"3546",4277,"Tirane","mri-esm2-0","ssp370",NA,12.7047172976226,11.2918683733259
"3547",4278,"Tirane","mri-esm2-0","ssp370",NA,8.05211766647907,11.0566214425223
"3548",4279,"Tirane","mri-esm2-0","ssp370",NA,6.14393785737255,8.59219839913506
"3549",4280,"Tirane","mri-esm2-0","ssp370",NA,0.40857451552126,12.7043330601284
"3550",4281,"Tirane","mri-esm2-0","ssp370",NA,4.02601180009827,11.4651471819197
"3551",4282,"Tirane","mri-esm2-0","ssp370",NA,0.717078834298134,8.75867614746096
"3552",4283,"Tirane","mri-esm2-0","ssp370",NA,0.30071734503768,6.86096017020092
"3553",4284,"Tirane","mri-esm2-0","ssp370",NA,0.36805396006717,8.78510001046319
"3554",4285,"Tirane","mri-esm2-0","ssp370",NA,0,10.157366507394
"3555",4286,"Tirane","mri-esm2-0","ssp370",NA,0.51680806198939,12.1065307617188
"3556",4287,"Tirane","mri-esm2-0","ssp370",NA,2.21218255755957,9.33465837751118
"3557",4288,"Tirane","mri-esm2-0","ssp370",NA,5.0320459348898,12.2990182059152
"3558",4289,"Tirane","mri-esm2-0","ssp370",NA,8.66379346033292,11.9861519949777
"3559",4290,"Tirane","mri-esm2-0","ssp370",NA,14.3553031113697,12.2614924839565
"3560",4291,"Tirane","mri-esm2-0","ssp370",NA,0.0182155211015405,13.895163835798
"3561",4292,"Tirane","mri-esm2-0","ssp370",NA,6.04372316821745,15.8745056152344
"3562",4293,"Tirane","mri-esm2-0","ssp370",NA,3.2689719823663,12.4446786063058
"3563",4294,"Tirane","mri-esm2-0","ssp370",NA,0.505304626754618,11.4994380405972
"3564",4295,"Tirane","mri-esm2-0","ssp370",NA,0.086646367396627,16.4975328717913
"3565",4296,"Tirane","mri-esm2-0","ssp370",NA,0.730360332194583,19.7263253348214
"3566",4297,"Tirane","mri-esm2-0","ssp370",NA,2.84896269399074,17.7827915736608
"3567",4298,"Tirane","mri-esm2-0","ssp370",NA,1.07146226203311,16.937903703962
"3568",4299,"Tirane","mri-esm2-0","ssp370",NA,3.99763124590079,19.562650844029
"3569",4300,"Tirane","mri-esm2-0","ssp370",NA,1.3042864243159,20.239153616769
"3570",4301,"Tirane","mri-esm2-0","ssp370",NA,3.48468799597218,19.5239153180803
"3571",4302,"Tirane","mri-esm2-0","ssp370",NA,0.0277685234842855,21.6138658796038
"3572",4303,"Tirane","mri-esm2-0","ssp370",NA,0,27.0652034214565
"3573",4304,"Tirane","mri-esm2-0","ssp370",NA,0,23.5553963797433
"3574",4305,"Tirane","mri-esm2-0","ssp370",NA,2.04221636509569,27.338991873605
"3575",4306,"Tirane","mri-esm2-0","ssp370",NA,0.559548565433942,26.9102591378348
"3576",4307,"Tirane","mri-esm2-0","ssp370",NA,0.0116092408591483,26.962531389509
"3577",4308,"Tirane","mri-esm2-0","ssp370",NA,4.79261202781344,28.131720842634
"3578",4309,"Tirane","mri-esm2-0","ssp370",NA,3.75887407904623,26.8606135777065
"3579",4310,"Tirane","mri-esm2-0","ssp370",NA,1.81912320300138,28.461585344587
"3580",4311,"Tirane","mri-esm2-0","ssp370",NA,0.598808664134207,28.9687983921596
"3581",4312,"Tirane","mri-esm2-0","ssp370",NA,0.0125323732520753,27.794316319057
"3582",4313,"Tirane","mri-esm2-0","ssp370",NA,1.33562708527149,26.808500453404
"3583",4314,"Tirane","mri-esm2-0","ssp370",NA,0.0184157564425342,28.6319955008371
"3584",4315,"Tirane","mri-esm2-0","ssp370",NA,0,28.7251787458148
"3585",4316,"Tirane","mri-esm2-0","ssp370",NA,0,28.6810764857701
"3586",4317,"Tirane","mri-esm2-0","ssp370",NA,0.393039845585008,27.9633749825614
"3587",4318,"Tirane","mri-esm2-0","ssp370",NA,0.291025899527345,24.331181553432
"3588",4319,"Tirane","mri-esm2-0","ssp370",NA,0.011424572845239,25.9198808942523
"3589",4320,"Tirane","mri-esm2-0","ssp370",NA,0.0284487135234356,22.5313485281808
"3590",4321,"Tirane","mri-esm2-0","ssp370",NA,2.955156342484,20.9742087227958
"3591",4322,"Tirane","mri-esm2-0","ssp370",NA,3.54667096736583,19.5518127441406
"3592",4323,"Tirane","mri-esm2-0","ssp370",NA,5.62800339269286,16.1784585135324
"3593",4324,"Tirane","mri-esm2-0","ssp370",NA,1.73930534807108,13.1731964111328
"3594",4325,"Tirane","mri-esm2-0","ssp370",NA,5.68191131130464,14.9665226527623
"3595",4326,"Tirane","mri-esm2-0","ssp370",NA,13.9343966880656,11.0773995535714
"3596",4327,"Tirane","mri-esm2-0","ssp370",NA,0.663859792361368,9.70894339425227
"3597",4328,"Tirane","mri-esm2-0","ssp370",NA,15.6046923572181,12.9082471575056
"3598",4329,"Tirane","mri-esm2-0","ssp370",NA,0.914173843817222,11.9633183070592
"3599",4330,"Tirane","mri-esm2-0","ssp370",NA,0.761106276071847,10.5741537911552
"3600",4331,"Tirane","mri-esm2-0","ssp370",NA,2.01309290672985,10.8806047712054
"3601",4332,"Tirane","mri-esm2-0","ssp370",NA,5.66097349843144,7.14865809849333
"3602",4333,"Tirane","mri-esm2-0","ssp370",NA,3.37874699450497,3.9965039934431
"3603",4334,"Tirane","mri-esm2-0","ssp370",NA,0.100036551728928,3.78184116908484
"3604",4335,"Tirane","mri-esm2-0","ssp370",NA,0.132028583383154,6.58805890764511
"3605",4336,"Tirane","mri-esm2-0","ssp370",NA,1.84600265446143,8.71117989676342
"3606",4337,"Tirane","mri-esm2-0","ssp370",NA,0.255248035370772,8.52456490652904
"3607",4338,"Tirane","mri-esm2-0","ssp370",NA,0.609529102387439,7.47345450265069
"3608",4339,"Tirane","mri-esm2-0","ssp370",NA,1.50683852428171,10.2954585484096
"3609",4340,"Tirane","mri-esm2-0","ssp370",NA,0.288568210921118,11.3579476492746
"3610",4341,"Tirane","mri-esm2-0","ssp370",NA,0.0171511489627716,7.82195216587614
"3611",4342,"Tirane","mri-esm2-0","ssp370",NA,0,11.4047201974052
"3612",4343,"Tirane","mri-esm2-0","ssp370",NA,1.44631296285038,12.3104731968472
"3613",4344,"Tirane","mri-esm2-0","ssp370",NA,1.6174704732943,12.0573320661273
"3614",4345,"Tirane","mri-esm2-0","ssp370",NA,1.86173458631466,10.0693472726005
"3615",4346,"Tirane","mri-esm2-0","ssp370",NA,1.69222879256787,12.9484409877233
"3616",4347,"Tirane","mri-esm2-0","ssp370",NA,0.834578802044106,13.2784166608538
"3617",4348,"Tirane","mri-esm2-0","ssp370",NA,6.6327861888567,15.0298182896206
"3618",4349,"Tirane","mri-esm2-0","ssp370",NA,0.219301817040624,18.1350690569197
"3619",4350,"Tirane","mri-esm2-0","ssp370",NA,5.85459149619314,17.993046787807
"3620",4351,"Tirane","mri-esm2-0","ssp370",NA,1.48498937238141,21.5437452043806
"3621",4352,"Tirane","mri-esm2-0","ssp370",NA,0.732329533119419,18.8153494698661
"3622",4353,"Tirane","mri-esm2-0","ssp370",NA,3.31354390452491,18.8159925188337
"3623",4354,"Tirane","mri-esm2-0","ssp370",NA,1.1430043103506,21.0142739432198
"3624",4355,"Tirane","mri-esm2-0","ssp370",NA,0.15956645532112,26.2834389822824
"3625",4356,"Tirane","mri-esm2-0","ssp370",NA,0.0071709684042227,26.0781886509487
"3626",4357,"Tirane","mri-esm2-0","ssp370",NA,0,26.8678963797433
"3627",4358,"Tirane","mri-esm2-0","ssp370",NA,0,28.640533883231
"3628",4359,"Tirane","mri-esm2-0","ssp370",NA,0,31.85267464774
"3629",4360,"Tirane","mri-esm2-0","ssp370",NA,0,32.032366507394
"3630",4361,"Tirane","mri-esm2-0","ssp370",NA,0,31.380988420759
"3631",4362,"Tirane","mri-esm2-0","ssp370",NA,0,31.0721461704799
"3632",4363,"Tirane","mri-esm2-0","ssp370",NA,0,32.1160042898995
"3633",4364,"Tirane","mri-esm2-0","ssp370",NA,0.0410854604134719,31.7233433314732
"3634",4365,"Tirane","mri-esm2-0","ssp370",NA,0.173045697842359,30.862704031808
"3635",4366,"Tirane","mri-esm2-0","ssp370",NA,0.791063074055793,31.6342494419643
"3636",4367,"Tirane","mri-esm2-0","ssp370",NA,0,30.7451350620815
"3637",4368,"Tirane","mri-esm2-0","ssp370",NA,0.0245962505037563,28.8910287039621
"3638",4369,"Tirane","mri-esm2-0","ssp370",NA,0.212487197859446,27.3874036516462
"3639",4370,"Tirane","mri-esm2-0","ssp370",NA,1.73183906491821,23.7723785400391
"3640",4371,"Tirane","mri-esm2-0","ssp370",NA,1.06830897392293,21.4279549734933
"3641",4372,"Tirane","mri-esm2-0","ssp370",NA,2.92186126212723,21.1124947684152
"3642",4373,"Tirane","mri-esm2-0","ssp370",NA,0.464560236598897,20.4195386614118
"3643",4374,"Tirane","mri-esm2-0","ssp370",NA,0.196297371335926,20.1247323172433
"3644",4375,"Tirane","mri-esm2-0","ssp370",NA,5.69209500723186,18.5645690917969
"3645",4376,"Tirane","mri-esm2-0","ssp370",NA,0,18.9602970668248
"3646",4377,"Tirane","mri-esm2-0","ssp370",NA,0.23177046724803,17.6014299665179
"3647",4378,"Tirane","mri-esm2-0","ssp370",NA,0,15.6239671979632
"3648",4379,"Tirane","mri-esm2-0","ssp370",NA,0.2157240989618,11.248433140346
"3649",4380,"Tirane","mri-esm2-0","ssp370",NA,0,11.8849404471261
"3650",4381,"Tirane","mri-esm2-0","ssp370",NA,11.1864789883839,12.317274257115
"3651",4382,"Tirane","mri-esm2-0","ssp370",NA,2.23576141013057,8.45123552594868
"3652",4383,"Tirane","mri-esm2-0","ssp370",NA,0.61774779793008,8.69486607142859
"3653",4384,"Tirane","mri-esm2-0","ssp370",NA,0,3.80620727539065
"3654",4385,"Tirane","mri-esm2-0","ssp370",NA,0,8.88308323451453
"3655",4386,"Tirane","mri-esm2-0","ssp370",NA,0,9.31983337402346
"3656",4387,"Tirane","mri-esm2-0","ssp370",NA,1.96517605935307,9.6219922746931
"3657",4388,"Tirane","mri-esm2-0","ssp370",NA,0.245506141280723,10.4179604666574
"3658",4389,"Tirane","mri-esm2-0","ssp370",NA,1.77828579476876,10.8292960030692
"3659",4390,"Tirane","mri-esm2-0","ssp370",NA,3.57716813008925,9.6244336809431
"3660",4391,"Tirane","mri-esm2-0","ssp370",NA,7.02503325841723,6.97453569684712
"3661",4392,"Tirane","mri-esm2-0","ssp370",NA,0.17682695303977,6.95359191894534
"3662",4393,"Tirane","mri-esm2-0","ssp370",NA,1.00346955025868,8.99573669433596
"3663",4394,"Tirane","mri-esm2-0","ssp370",NA,0.00859863640861085,7.78000139508931
"3664",4395,"Tirane","mri-esm2-0","ssp370",NA,18.7090955579021,12.3014726911273
"3665",4396,"Tirane","mri-esm2-0","ssp370",NA,7.36352649068327,11.5745309012277
"3666",4397,"Tirane","mri-esm2-0","ssp370",NA,5.82744865465169,13.4894457135882
"3667",4398,"Tirane","mri-esm2-0","ssp370",NA,0.0884374772015563,14.7077314104353
"3668",4399,"Tirane","mri-esm2-0","ssp370",NA,2.39711969791512,15.6197448730469
"3669",4400,"Tirane","mri-esm2-0","ssp370",NA,6.57618741481981,14.5547206333706
"3670",4401,"Tirane","mri-esm2-0","ssp370",NA,0.723889551123388,16.0986397879464
"3671",4402,"Tirane","mri-esm2-0","ssp370",NA,0.999661597389995,18.4182133265905
"3672",4403,"Tirane","mri-esm2-0","ssp370",NA,1.47102210383829,18.1919865199498
"3673",4404,"Tirane","mri-esm2-0","ssp370",NA,1.26746480132819,20.4355603899275
"3674",4405,"Tirane","mri-esm2-0","ssp370",NA,0.61474774920498,24.2783272879464
"3675",4406,"Tirane","mri-esm2-0","ssp370",NA,2.38637806822745,22.1245622907366
"3676",4407,"Tirane","mri-esm2-0","ssp370",NA,1.57362850919266,24.2536189488003
"3677",4408,"Tirane","mri-esm2-0","ssp370",NA,0.228944326642834,22.1505719866072
"3678",4409,"Tirane","mri-esm2-0","ssp370",NA,0,27.1171966552734
"3679",4410,"Tirane","mri-esm2-0","ssp370",NA,0.0653394198577319,31.6161612374442
"3680",4411,"Tirane","mri-esm2-0","ssp370",NA,0,30.0737178257533
"3681",4412,"Tirane","mri-esm2-0","ssp370",NA,0.606383587416662,29.7705605643136
"3682",4413,"Tirane","mri-esm2-0","ssp370",NA,0,32.7144736153739
"3683",4414,"Tirane","mri-esm2-0","ssp370",NA,0,31.9916255405971
"3684",4415,"Tirane","mri-esm2-0","ssp370",NA,0.0100895040564605,30.660557774135
"3685",4416,"Tirane","mri-esm2-0","ssp370",NA,0.225430797477851,31.6553937639509
"3686",4417,"Tirane","mri-esm2-0","ssp370",NA,0,31.824125453404
"3687",4418,"Tirane","mri-esm2-0","ssp370",NA,0,30.1230756487166
"3688",4419,"Tirane","mri-esm2-0","ssp370",NA,0.719164618281605,29.5524819510324
"3689",4420,"Tirane","mri-esm2-0","ssp370",NA,2.32809758225422,26.524545288086
"3690",4421,"Tirane","mri-esm2-0","ssp370",NA,0.0561819965306703,26.1177830287388
"3691",4422,"Tirane","mri-esm2-0","ssp370",NA,0.38841120102526,25.9661150251116
"3692",4423,"Tirane","mri-esm2-0","ssp370",NA,0,27.0662737165179
"3693",4424,"Tirane","mri-esm2-0","ssp370",NA,0,22.5486803327288
"3694",4425,"Tirane","mri-esm2-0","ssp370",NA,0,24.28503679548
"3695",4426,"Tirane","mri-esm2-0","ssp370",NA,0.341609975605804,21.0423435756138
"3696",4427,"Tirane","mri-esm2-0","ssp370",NA,0,19.7238119942802
"3697",4428,"Tirane","mri-esm2-0","ssp370",NA,0.315423340362031,17.5864807128906
"3698",4429,"Tirane","mri-esm2-0","ssp370",NA,1.76465478975193,14.9931862967355
"3699",4430,"Tirane","mri-esm2-0","ssp370",NA,13.6353617495583,15.5955771309989
"3700",4431,"Tirane","mri-esm2-0","ssp370",NA,0,9.88678894042972
"3701",4432,"Tirane","mri-esm2-0","ssp370",NA,1.42281950185341,12.6675245012556
"3702",4433,"Tirane","mri-esm2-0","ssp370",NA,7.37620266736485,10.4565434047154
"3703",4434,"Tirane","mri-esm2-0","ssp370",NA,0.982834719330381,11.537748500279
"3704",4435,"Tirane","mri-esm2-0","ssp370",NA,0.974939897579525,12.2068594796317
"3705",4436,"Tirane","mri-esm2-0","ssp370",NA,3.57675341952667,12.0422912597656
"3706",4437,"Tirane","mri-esm2-0","ssp370",NA,6.67974463108943,10.5364166259766
"3707",4438,"Tirane","mri-esm2-0","ssp370",NA,13.082219192542,12.197150530134
"3708",4439,"Tirane","mri-esm2-0","ssp370",NA,3.033333449691,11.5498334612166
"3709",4440,"Tirane","mri-esm2-0","ssp370",NA,1.17064350883343,10.9738381522042
"3710",4441,"Tirane","mri-esm2-0","ssp370",NA,2.42617207404692,11.1753936767578
"3711",4442,"Tirane","mri-esm2-0","ssp370",NA,0.343104963108739,12.000142124721
"3712",4443,"Tirane","mri-esm2-0","ssp370",NA,0.61621747944238,13.9761095319476
"3713",4444,"Tirane","mri-esm2-0","ssp370",NA,0,10.5094565255302
"3714",4445,"Tirane","mri-esm2-0","ssp370",NA,5.58120375852533,12.8248556954521
"3715",4446,"Tirane","mri-esm2-0","ssp370",NA,6.71705635686522,8.27012241908485
"3716",4447,"Tirane","mri-esm2-0","ssp370",NA,0.0611646862255708,13.20863167899
"3717",4448,"Tirane","mri-esm2-0","ssp370",NA,0.784353581340318,17.0114445277623
"3718",4449,"Tirane","mri-esm2-0","ssp370",NA,0,18.7351492745535
"3719",4450,"Tirane","mri-esm2-0","ssp370",NA,0.507585892669989,17.1304347446987
"3720",4451,"Tirane","mri-esm2-0","ssp370",NA,0.577743904016513,19.5349060058594
"3721",4452,"Tirane","mri-esm2-0","ssp370",NA,0.42604774285532,17.7276092529297
"3722",4453,"Tirane","mri-esm2-0","ssp370",NA,0.138380026172464,17.6817391531808
"3723",4454,"Tirane","mri-esm2-0","ssp370",NA,3.14912013865458,18.4933258056641
"3724",4455,"Tirane","mri-esm2-0","ssp370",NA,6.4944212192391,17.8523215157645
"3725",4456,"Tirane","mri-esm2-0","ssp370",NA,1.30226644365134,20.9692147391183
"3726",4457,"Tirane","mri-esm2-0","ssp370",NA,0.038409279867275,23.1914001464844
"3727",4458,"Tirane","mri-esm2-0","ssp370",NA,0.0904141720249235,21.9013589041573
"3728",4459,"Tirane","mri-esm2-0","ssp370",NA,2.0171509008443,25.9328334263393
"3729",4460,"Tirane","mri-esm2-0","ssp370",NA,0.559723092374042,28.4800310407366
"3730",4461,"Tirane","mri-esm2-0","ssp370",NA,0,26.4839678083148
"3731",4462,"Tirane","mri-esm2-0","ssp370",NA,5.41269688650832,26.1574733189174
"3732",4463,"Tirane","mri-esm2-0","ssp370",NA,1.08244021297911,28.8534375871931
"3733",4464,"Tirane","mri-esm2-0","ssp370",NA,0.0071694585390755,29.7539742606027
"3734",4465,"Tirane","mri-esm2-0","ssp370",NA,0,31.5598257882254
"3735",4466,"Tirane","mri-esm2-0","ssp370",NA,0,29.5271741594587
"3736",4467,"Tirane","mri-esm2-0","ssp370",NA,0,29.97156023298
"3737",4468,"Tirane","mri-esm2-0","ssp370",NA,1.24385385570349,30.7197814941406
"3738",4469,"Tirane","mri-esm2-0","ssp370",NA,0.218630874223891,31.739875139509
"3739",4470,"Tirane","mri-esm2-0","ssp370",NA,0,30.7798836844308
"3740",4471,"Tirane","mri-esm2-0","ssp370",NA,0,30.4939906529018
"3741",4472,"Tirane","mri-esm2-0","ssp370",NA,0.0479018581765039,26.6297284807478
"3742",4473,"Tirane","mri-esm2-0","ssp370",NA,0.461858296434262,24.212808227539
"3743",4474,"Tirane","mri-esm2-0","ssp370",NA,0.752706553170616,25.3016993931362
"3744",4475,"Tirane","mri-esm2-0","ssp370",NA,9.00102854554591,21.9277348109654
"3745",4476,"Tirane","mri-esm2-0","ssp370",NA,1.57936619320285,20.9116171700614
"3746",4477,"Tirane","mri-esm2-0","ssp370",NA,0.247478431395263,21.4996909005301
"3747",4478,"Tirane","mri-esm2-0","ssp370",NA,6.54890159494244,19.1480433872768
"3748",4479,"Tirane","mri-esm2-0","ssp370",NA,5.84706424662207,16.4738076346262
"3749",4480,"Tirane","mri-esm2-0","ssp370",NA,0.745418716854017,15.4721618652344
"3750",4481,"Tirane","mri-esm2-0","ssp370",NA,7.24300604612966,16.2917986188616
"3751",4482,"Tirane","mri-esm2-0","ssp370",NA,12.6138573905336,14.353180367606
"3752",4483,"Tirane","mri-esm2-0","ssp370",NA,3.57586136004621,7.5971880231585
"3753",4484,"Tirane","mri-esm2-0","ssp370",NA,1.12986869124662,12.4445434570312
"3754",4485,"Tirane","mri-esm2-0","ssp370",NA,2.4131817892859,11.0423937116351
"3755",4486,"Tirane","mri-esm2-0","ssp370",NA,0.483887790219992,7.01038513183596
"3756",4487,"Tirane","mri-esm2-0","ssp370",NA,9.3810585272357,8.70304914202011
"3757",4488,"Tirane","mri-esm2-0","ssp370",NA,0.591561078493085,2.82399030412948
"3758",4489,"Tirane","mri-esm2-0","ssp370",NA,0.0128335983650426,5.33577880859377
"3759",4490,"Tirane","mri-esm2-0","ssp370",NA,2.99004263267437,10.6106157575335
"3760",4491,"Tirane","mri-esm2-0","ssp370",NA,0.66393922095033,10.2222098214286
"3761",4492,"Tirane","mri-esm2-0","ssp370",NA,6.21836739228456,10.7747109549387
"3762",4493,"Tirane","mri-esm2-0","ssp370",NA,4.91902650600033,11.7737910679408
"3763",4494,"Tirane","mri-esm2-0","ssp370",NA,0.0988202444984513,9.62389962332589
"3764",4495,"Tirane","mri-esm2-0","ssp370",NA,0.69304289811823,6.83680332728797
"3765",4496,"Tirane","mri-esm2-0","ssp370",NA,3.28128757069602,10.0551762172154
"3766",4497,"Tirane","mri-esm2-0","ssp370",NA,10.8254207036225,6.67075064522882
"3767",4498,"Tirane","mri-esm2-0","ssp370",NA,0.267467013379376,7.09383762904578
"3768",4499,"Tirane","mri-esm2-0","ssp370",NA,1.73341058335999,13.5033704485212
"3769",4500,"Tirane","mri-esm2-0","ssp370",NA,0,12.4589848109654
"3770",4501,"Tirane","mri-esm2-0","ssp370",NA,0.00909556796874055,17.2066196986608
"3771",4502,"Tirane","mri-esm2-0","ssp370",NA,1.46153812937492,16.2959773472377
"3772",4503,"Tirane","mri-esm2-0","ssp370",NA,0.0135538363143236,16.0711042131697
"3773",4504,"Tirane","mri-esm2-0","ssp370",NA,1.48660770646529,16.903458077567
"3774",4505,"Tirane","mri-esm2-0","ssp370",NA,0.909320247592405,15.8389809744699
"3775",4506,"Tirane","mri-esm2-0","ssp370",NA,9.95578109286723,15.2412070138114
"3776",4507,"Tirane","mri-esm2-0","ssp370",NA,1.6416842045146,18.1929543631418
"3777",4508,"Tirane","mri-esm2-0","ssp370",NA,2.90462850046294,18.6258483886719
"3778",4509,"Tirane","mri-esm2-0","ssp370",NA,0.402831803772382,20.9583003452846
"3779",4510,"Tirane","mri-esm2-0","ssp370",NA,0.0276434530470786,21.9687068394253
"3780",4511,"Tirane","mri-esm2-0","ssp370",NA,0.346372724535675,25.3954820905413
"3781",4512,"Tirane","mri-esm2-0","ssp370",NA,4.03175302022386,24.8661677769253
"3782",4513,"Tirane","mri-esm2-0","ssp370",NA,0.652615265322051,25.1364488874163
"3783",4514,"Tirane","mri-esm2-0","ssp370",NA,0.0160082890943158,28.8752794538226
"3784",4515,"Tirane","mri-esm2-0","ssp370",NA,0,27.3078268868583
"3785",4516,"Tirane","mri-esm2-0","ssp370",NA,0.062984599233979,30.3217864990234
"3786",4517,"Tirane","mri-esm2-0","ssp370",NA,0.766630037729297,31.347802734375
"3787",4518,"Tirane","mri-esm2-0","ssp370",NA,0.4060378957677,32.5127524239676
"3788",4519,"Tirane","mri-esm2-0","ssp370",NA,1.94912882668307,30.0177638462612
"3789",4520,"Tirane","mri-esm2-0","ssp370",NA,0,30.974980381557
"3790",4521,"Tirane","mri-esm2-0","ssp370",NA,0.051643405043121,30.9641379220145
"3791",4522,"Tirane","mri-esm2-0","ssp370",NA,0.14431719339752,31.9389827183315
"3792",4523,"Tirane","mri-esm2-0","ssp370",NA,0.865784282359527,31.6479954310826
"3793",4524,"Tirane","mri-esm2-0","ssp370",NA,0,29.6369371686663
"3794",4525,"Tirane","mri-esm2-0","ssp370",NA,0,25.7488211495536
"3795",4526,"Tirane","mri-esm2-0","ssp370",NA,0.072770841403066,24.7076987130301
"3796",4527,"Tirane","mri-esm2-0","ssp370",NA,6.0257581303761,22.6417066301618
"3797",4528,"Tirane","mri-esm2-0","ssp370",NA,0,23.391022164481
"3798",4529,"Tirane","mri-esm2-0","ssp370",NA,0,19.9521793910436
"3799",4530,"Tirane","mri-esm2-0","ssp370",NA,4.35844388640752,15.1766078404018
"3800",4531,"Tirane","mri-esm2-0","ssp370",NA,3.21576710453623,16.4954620361328
"3801",4532,"Tirane","mri-esm2-0","ssp370",NA,0.0114928844206068,13.3279554094588
"3802",4533,"Tirane","mri-esm2-0","ssp370",NA,0.51894826496469,15.9140629359654
"3803",4534,"Tirane","mri-esm2-0","ssp370",NA,0.210027468970761,15.6230909075056
"3804",4535,"Tirane","mri-esm2-0","ssp370",NA,1.1614613284889,10.6858306884766
"3805",4536,"Tirane","mri-esm2-0","ssp370",NA,4.81643551081236,5.18453369140627
"3806",4537,"Tirane","mri-esm2-0","ssp370",NA,5.10483299190777,9.11872471400672
"3807",4538,"Tirane","mri-esm2-0","ssp370",NA,8.6971802046589,12.439338030134
"3808",4539,"Tirane","mri-esm2-0","ssp370",NA,1.50888197801708,12.2458151681083
"3809",4540,"Tirane","mri-esm2-0","ssp370",NA,0.693110714356797,8.82656685965404
"3810",4541,"Tirane","mri-esm2-0","ssp370",NA,0,9.44802028111052
"3811",4542,"Tirane","mri-esm2-0","ssp370",NA,1.08831294783158,10.2257847377232
"3812",4543,"Tirane","mri-esm2-0","ssp370",NA,0.0927849065711989,7.79376264299667
"3813",4544,"Tirane","mri-esm2-0","ssp370",NA,1.10219100523474,7.96737932477681
"3814",4545,"Tirane","mri-esm2-0","ssp370",NA,1.02225080772769,10.5060908726284
"3815",4546,"Tirane","mri-esm2-0","ssp370",NA,6.01232567402934,10.5335305350167
"3816",4547,"Tirane","mri-esm2-0","ssp370",NA,1.6479916858121,9.55559256417413
"3817",4548,"Tirane","mri-esm2-0","ssp370",NA,0,8.5011666434152
"3818",4549,"Tirane","mri-esm2-0","ssp370",NA,6.68635156803898,10.2568254743304
"3819",4550,"Tirane","mri-esm2-0","ssp370",NA,0.15746838053019,10.1040719168527
"3820",4551,"Tirane","mri-esm2-0","ssp370",NA,2.0213063879055,13.0649222237723
"3821",4552,"Tirane","mri-esm2-0","ssp370",NA,4.52488585506216,9.51795131138394
"3822",4553,"Tirane","mri-esm2-0","ssp370",NA,10.3823125187773,14.0439937046597
"3823",4554,"Tirane","mri-esm2-0","ssp370",NA,0.0257173337948708,17.0478410993303
"3824",4555,"Tirane","mri-esm2-0","ssp370",NA,2.29723865528026,15.9009534563337
"3825",4556,"Tirane","mri-esm2-0","ssp370",NA,5.35779897836619,12.6763440813337
"3826",4557,"Tirane","mri-esm2-0","ssp370",NA,0.62025330407778,14.5130379813058
"3827",4558,"Tirane","mri-esm2-0","ssp370",NA,0.0669641526266265,19.2568538120815
"3828",4559,"Tirane","mri-esm2-0","ssp370",NA,0,23.7444527762277
"3829",4560,"Tirane","mri-esm2-0","ssp370",NA,0.857446529179081,24.4665967668806
"3830",4561,"Tirane","mri-esm2-0","ssp370",NA,0,24.1049329485212
"3831",4562,"Tirane","mri-esm2-0","ssp370",NA,0.399372722365245,27.346091570173
"3832",4563,"Tirane","mri-esm2-0","ssp370",NA,0.53674888747212,25.3490452357701
"3833",4564,"Tirane","mri-esm2-0","ssp370",NA,3.23418191941788,22.9537837437221
"3834",4565,"Tirane","mri-esm2-0","ssp370",NA,0,26.6249960763114
"3835",4566,"Tirane","mri-esm2-0","ssp370",NA,3.96035709626241,25.8979322160993
"3836",4567,"Tirane","mri-esm2-0","ssp370",NA,0.190327135818994,29.0302673339844
"3837",4568,"Tirane","mri-esm2-0","ssp370",NA,0.201428740651213,30.5544961111886
"3838",4569,"Tirane","mri-esm2-0","ssp370",NA,0.510261930087706,30.3014814104353
"3839",4570,"Tirane","mri-esm2-0","ssp370",NA,0,32.2269792829241
"3840",4571,"Tirane","mri-esm2-0","ssp370",NA,2.39481773169245,31.3710811070034
"3841",4572,"Tirane","mri-esm2-0","ssp370",NA,2.01101262687838,31.2129128592355
"3842",4573,"Tirane","mri-esm2-0","ssp370",NA,0.325311041680315,32.6711146763393
"3843",4574,"Tirane","mri-esm2-0","ssp370",NA,0.225087575381621,31.877821132115
"3844",4575,"Tirane","mri-esm2-0","ssp370",NA,0,31.8009974888393
"3845",4576,"Tirane","mri-esm2-0","ssp370",NA,0.52651585221091,31.8552555629186
"3846",4577,"Tirane","mri-esm2-0","ssp370",NA,0.00890317171849475,30.0062151227678
"3847",4578,"Tirane","mri-esm2-0","ssp370",NA,0.122884486440203,26.8068917410714
"3848",4579,"Tirane","mri-esm2-0","ssp370",NA,5.61916410609099,24.3226061139788
"3849",4580,"Tirane","mri-esm2-0","ssp370",NA,0.141367611493998,21.0607718331473
"3850",4581,"Tirane","mri-esm2-0","ssp370",NA,0,21.7847839355469
"3851",4582,"Tirane","mri-esm2-0","ssp370",NA,0,19.8627672467913
"3852",4583,"Tirane","mri-esm2-0","ssp370",NA,0,17.4504987444197
"3853",4584,"Tirane","mri-esm2-0","ssp370",NA,12.9581063767805,19.0083578927177
"3854",4585,"Tirane","mri-esm2-0","ssp370",NA,5.39644085604647,15.8528708321708
"3855",4586,"Tirane","mri-esm2-0","ssp370",NA,8.35883388465716,17.5389321463449
"3856",4587,"Tirane","mri-esm2-0","ssp370",NA,1.01768923850614,14.1012904575893
"3857",4588,"Tirane","mri-esm2-0","ssp370",NA,15.7742447406885,12.7468375069754
"3858",4589,"Tirane","mri-esm2-0","ssp370",NA,3.7259930728916,14.4792157854353
"3859",4590,"Tirane","mri-esm2-0","ssp370",NA,4.84759648518645,13.3402823311942
"3860",4591,"Tirane","mri-esm2-0","ssp370",NA,4.21209459974697,11.0724927629744
"3861",4592,"Tirane","mri-esm2-0","ssp370",NA,0,11.282133265904
"3862",4593,"Tirane","mri-esm2-0","ssp370",NA,0.033403120609624,12.0808044433594
"3863",4594,"Tirane","mri-esm2-0","ssp370",NA,1.26837524369746,9.91512015206477
"3864",4595,"Tirane","mri-esm2-0","ssp370",NA,1.35133903947592,9.43233424595427
"3865",4596,"Tirane","mri-esm2-0","ssp370",NA,1.08691449277103,10.8874516078405
"3866",4597,"Tirane","mri-esm2-0","ssp370",NA,2.29451451687055,10.7479208809989
"3867",4598,"Tirane","mri-esm2-0","ssp370",NA,0,12.7275373186384
"3868",4599,"Tirane","mri-esm2-0","ssp370",NA,0.363520284060671,8.34531773158485
"3869",4600,"Tirane","mri-esm2-0","ssp370",NA,0.101811385580471,10.9454175676618
"3870",4601,"Tirane","mri-esm2-0","ssp370",NA,3.28140460769646,12.9643537248885
"3871",4602,"Tirane","mri-esm2-0","ssp370",NA,1.90519960191783,11.4533957345146
"3872",4603,"Tirane","mri-esm2-0","ssp370",NA,0.067402493420689,13.9461630684989
"3873",4604,"Tirane","mri-esm2-0","ssp370",NA,0,17.0977286202567
"3874",4605,"Tirane","mri-esm2-0","ssp370",NA,0,13.7087101527623
"3875",4606,"Tirane","mri-esm2-0","ssp370",NA,0.0278837096370158,15.946429007394
"3876",4607,"Tirane","mri-esm2-0","ssp370",NA,0.68134048342472,14.0803946358817
"3877",4608,"Tirane","mri-esm2-0","ssp370",NA,0.534337189414406,17.5996817452567
"3878",4609,"Tirane","mri-esm2-0","ssp370",NA,1.7247379796962,16.3156328473773
"3879",4610,"Tirane","mri-esm2-0","ssp370",NA,6.09367560848893,16.0172624860491
"3880",4611,"Tirane","mri-esm2-0","ssp370",NA,0.0457327348288215,21.1863298688617
"3881",4612,"Tirane","mri-esm2-0","ssp370",NA,3.41851729712548,20.7609300885882
"3882",4613,"Tirane","mri-esm2-0","ssp370",NA,0.0428296991490892,20.9042994907924
"3883",4614,"Tirane","mri-esm2-0","ssp370",NA,0.739082357280752,22.780433000837
"3884",4615,"Tirane","mri-esm2-0","ssp370",NA,0.098094949342859,27.0639914376395
"3885",4616,"Tirane","mri-esm2-0","ssp370",NA,0.885396482044597,24.9456573486328
"3886",4617,"Tirane","mri-esm2-0","ssp370",NA,0.0261519286920832,30.5531882149833
"3887",4618,"Tirane","mri-esm2-0","ssp370",NA,4.13942547077438,24.1059007917132
"3888",4619,"Tirane","mri-esm2-0","ssp370",NA,0.0699758508874635,27.4634251185826
"3889",4620,"Tirane","mri-esm2-0","ssp370",NA,2.4515940355611,28.6401872907367
"3890",4621,"Tirane","mri-esm2-0","ssp370",NA,0.162697209816543,29.8987256731306
"3891",4622,"Tirane","mri-esm2-0","ssp370",NA,0.0328088048523308,31.183256312779
"3892",4623,"Tirane","mri-esm2-0","ssp370",NA,0,31.2593300955637
"3893",4624,"Tirane","mri-esm2-0","ssp370",NA,0,32.2440778459822
"3894",4625,"Tirane","mri-esm2-0","ssp370",NA,0.0110713668358845,32.0651140485491
"3895",4626,"Tirane","mri-esm2-0","ssp370",NA,0.135120461657477,33.6511540004185
"3896",4627,"Tirane","mri-esm2-0","ssp370",NA,0,30.2524527413505
"3897",4628,"Tirane","mri-esm2-0","ssp370",NA,0,29.8269941057478
"3898",4629,"Tirane","mri-esm2-0","ssp370",NA,0.00814774661453805,30.611947631836
"3899",4630,"Tirane","mri-esm2-0","ssp370",NA,0,27.4940974644252
"3900",4631,"Tirane","mri-esm2-0","ssp370",NA,0,27.5267992292132
"3901",4632,"Tirane","mri-esm2-0","ssp370",NA,1.34921455256907,24.4021501813616
"3902",4633,"Tirane","mri-esm2-0","ssp370",NA,0,26.1985848563058
"3903",4634,"Tirane","mri-esm2-0","ssp370",NA,8.09280318873269,20.616370500837
"3904",4635,"Tirane","mri-esm2-0","ssp370",NA,2.13397579188625,19.0789472307478
"3905",4636,"Tirane","mri-esm2-0","ssp370",NA,0.421964504805926,16.2922302246094
"3906",4637,"Tirane","mri-esm2-0","ssp370",NA,0.450572003943047,17.4772365025112
"3907",4638,"Tirane","mri-esm2-0","ssp370",NA,0.0331311884240547,17.6801740373884
"3908",4639,"Tirane","mri-esm2-0","ssp370",NA,2.65208497455335,13.2676156180246
"3909",4640,"Tirane","mri-esm2-0","ssp370",NA,0.474702404920078,12.9183506556919
"3910",4641,"Tirane","mri-esm2-0","ssp370",NA,1.46067748449111,16.2148376464844
"3911",4642,"Tirane","mri-esm2-0","ssp370",NA,1.92631087598524,12.0557713099888
"3912",4643,"Tirane","mri-esm2-0","ssp370",NA,1.22923717956707,12.3702985491072
"3913",4644,"Tirane","mri-esm2-0","ssp370",NA,7.68079502096433,7.52524501255582
"3914",4645,"Tirane","mri-esm2-0","ssp370",NA,3.99160928978485,5.79583347865516
"3915",4646,"Tirane","mri-esm2-0","ssp370",NA,0,10.1106397356306
"3916",4647,"Tirane","mri-esm2-0","ssp370",NA,0.0515422314492752,10.1828312465123
"3917",4648,"Tirane","mri-esm2-0","ssp370",NA,0,8.1883244105748
"3918",4649,"Tirane","mri-esm2-0","ssp370",NA,0,9.09166434151788
"3919",4650,"Tirane","mri-esm2-0","ssp370",NA,0.379372233354453,5.00205819266185
"3920",4651,"Tirane","mri-esm2-0","ssp370",NA,4.37802808342635,11.9777073451451
"3921",4652,"Tirane","mri-esm2-0","ssp370",NA,1.17799826964204,14.9286590576172
"3922",4653,"Tirane","mri-esm2-0","ssp370",NA,1.04984613873447,12.1418134416853
"3923",4654,"Tirane","mri-esm2-0","ssp370",NA,0.41270396863443,14.9220803397043
"3924",4655,"Tirane","mri-esm2-0","ssp370",NA,4.76253705481732,8.89216657366073
"3925",4656,"Tirane","mri-esm2-0","ssp370",NA,6.83268612649824,9.74933994838172
"3926",4657,"Tirane","mri-esm2-0","ssp370",NA,4.02927301339722,15.8320098876953
"3927",4658,"Tirane","mri-esm2-0","ssp370",NA,4.37876471800596,15.7213073730469
"3928",4659,"Tirane","mri-esm2-0","ssp370",NA,7.19757515804044,15.4327048165457
"3929",4660,"Tirane","mri-esm2-0","ssp370",NA,0,16.8379891531808
"3930",4661,"Tirane","mri-esm2-0","ssp370",NA,0.756802963951486,18.954241507394
"3931",4662,"Tirane","mri-esm2-0","ssp370",NA,3.49711221601215,17.8837894984654
"3932",4663,"Tirane","mri-esm2-0","ssp370",NA,0.0628192093634945,18.8532370431083
"3933",4664,"Tirane","mri-esm2-0","ssp370",NA,0.675029976784053,20.6089656284877
"3934",4665,"Tirane","mri-esm2-0","ssp370",NA,0.349117517648015,21.5073159354074
"3935",4666,"Tirane","mri-esm2-0","ssp370",NA,0.156556839439353,23.0467926025391
"3936",4667,"Tirane","mri-esm2-0","ssp370",NA,0,29.6111846923828
"3937",4668,"Tirane","mri-esm2-0","ssp370",NA,0,33.0055742536272
"3938",4669,"Tirane","mri-esm2-0","ssp370",NA,0.063979617204625,33.3121320452009
"3939",4670,"Tirane","mri-esm2-0","ssp370",NA,0,30.4190438406808
"3940",4671,"Tirane","mri-esm2-0","ssp370",NA,0.33497972835903,27.6909946986607
"3941",4672,"Tirane","mri-esm2-0","ssp370",NA,0,29.179086303711
"3942",4673,"Tirane","mri-esm2-0","ssp370",NA,0.313854899182583,28.9157348632813
"3943",4674,"Tirane","mri-esm2-0","ssp370",NA,0,33.3198791503906
"3944",4675,"Tirane","mri-esm2-0","ssp370",NA,2.48183777668081,31.0561288016183
"3945",4676,"Tirane","mri-esm2-0","ssp370",NA,0.787245737852313,31.1495867047991
"3946",4677,"Tirane","mri-esm2-0","ssp370",NA,0.243957438500989,32.6137481689453
"3947",4678,"Tirane","mri-esm2-0","ssp370",NA,0.584306995941525,32.2148354666574
"3948",4679,"Tirane","mri-esm2-0","ssp370",NA,0,32.5838583809989
"3949",4680,"Tirane","mri-esm2-0","ssp370",NA,0.535451739311351,29.3928924560548
"3950",4681,"Tirane","mri-esm2-0","ssp370",NA,0.331182173353486,28.0707859584264
"3951",4682,"Tirane","mri-esm2-0","ssp370",NA,0.550519129839294,27.8987823486328
"3952",4683,"Tirane","mri-esm2-0","ssp370",NA,0,27.081942313058
"3953",4684,"Tirane","mri-esm2-0","ssp370",NA,0,26.163234601702
"3954",4685,"Tirane","mri-esm2-0","ssp370",NA,0.064099045994226,25.0523511614118
"3955",4686,"Tirane","mri-esm2-0","ssp370",NA,0.0721273546982306,22.4966304234096
"3956",4687,"Tirane","mri-esm2-0","ssp370",NA,6.41911313785906,19.7866455078126
"3957",4688,"Tirane","mri-esm2-0","ssp370",NA,0.280470320727286,18.7361541748047
"3958",4689,"Tirane","mri-esm2-0","ssp370",NA,8.39280894807807,17.1340881347656
"3959",4690,"Tirane","mri-esm2-0","ssp370",NA,2.15978386773453,17.3933981759208
"3960",4691,"Tirane","mri-esm2-0","ssp370",NA,4.11679232139639,15.5240046909878
"3961",4692,"Tirane","mri-esm2-0","ssp370",NA,0,12.2526903424944
"3962",4693,"Tirane","mri-esm2-0","ssp370",NA,2.79510385090752,10.5888654436384
"3963",4694,"Tirane","mri-esm2-0","ssp370",NA,2.59660536279886,8.60615365164622
"3964",4695,"Tirane","mri-esm2-0","ssp370",NA,0,5.15789620535717
"3965",4696,"Tirane","mri-esm2-0","ssp370",NA,0,8.16738063267302
"3966",4697,"Tirane","mri-esm2-0","ssp370",NA,3.86762073550406,9.24331054687502
"3967",4698,"Tirane","mri-esm2-0","ssp370",NA,0,6.88013174874444
"3968",4699,"Tirane","mri-esm2-0","ssp370",NA,0.163980155983673,9.13650556291855
"3969",4700,"Tirane","mri-esm2-0","ssp370",NA,0.869503880052695,9.24469255719868
"3970",4701,"Tirane","mri-esm2-0","ssp370",NA,1.87845751310566,7.98980320521765
"3971",4702,"Tirane","mri-esm2-0","ssp370",NA,2.67321232321203,7.64649571010047
"3972",4703,"Tirane","mri-esm2-0","ssp370",NA,4.58774535228648,6.93907645089288
"3973",4704,"Tirane","mri-esm2-0","ssp370",NA,0.83976166884635,5.45572814941409
"3974",4705,"Tirane","mri-esm2-0","ssp370",NA,0,4.79014630998886
"3975",4706,"Tirane","mri-esm2-0","ssp370",NA,3.61859451763199,11.7904013497489
"3976",4707,"Tirane","mri-esm2-0","ssp370",NA,1.48696834042182,13.7477573939733
"3977",4708,"Tirane","mri-esm2-0","ssp370",NA,0.641465771384119,13.151993233817
"3978",4709,"Tirane","mri-esm2-0","ssp370",NA,0.0104663494182335,11.8684544154576
"3979",4710,"Tirane","mri-esm2-0","ssp370",NA,0.102562147783049,17.9111768450056
"3980",4711,"Tirane","mri-esm2-0","ssp370",NA,0.0852521865454039,16.2397269112723
"3981",4712,"Tirane","mri-esm2-0","ssp370",NA,0,18.3193080357143
"3982",4713,"Tirane","mri-esm2-0","ssp370",NA,0.0119716646232908,14.6410374232701
"3983",4714,"Tirane","mri-esm2-0","ssp370",NA,0,19.0498029436384
"3984",4715,"Tirane","mri-esm2-0","ssp370",NA,0.341501677160392,22.0417288643973
"3985",4716,"Tirane","mri-esm2-0","ssp370",NA,0.0635814372799359,24.0989798409598
"3986",4717,"Tirane","mri-esm2-0","ssp370",NA,9.69898272627949,20.9120313371931
"3987",4718,"Tirane","mri-esm2-0","ssp370",NA,3.39047054029445,19.3281973702567
"3988",4719,"Tirane","mri-esm2-0","ssp370",NA,1.6236891405632,22.0321746826172
"3989",4720,"Tirane","mri-esm2-0","ssp370",NA,6.1881360107301,23.4976244245257
"3990",4721,"Tirane","mri-esm2-0","ssp370",NA,8.41272238550508,24.7153586251396
"3991",4722,"Tirane","mri-esm2-0","ssp370",NA,0,27.2957702636719
"3992",4723,"Tirane","mri-esm2-0","ssp370",NA,0.055963727001134,30.8932739257813
"3993",4724,"Tirane","mri-esm2-0","ssp370",NA,0,33.1341230119978
"3994",4725,"Tirane","mri-esm2-0","ssp370",NA,0,35.1103825160436
"3995",4726,"Tirane","mri-esm2-0","ssp370",NA,0.609748091067426,32.1921914236886
"3996",4727,"Tirane","mri-esm2-0","ssp370",NA,0.142851829981997,30.9878980364118
"3997",4728,"Tirane","mri-esm2-0","ssp370",NA,0.571775606346949,29.4966020856585
"3998",4729,"Tirane","mri-esm2-0","ssp370",NA,0,30.7317596435547
"3999",4730,"Tirane","mri-esm2-0","ssp370",NA,0,32.0637298583984
"4000",4731,"Tirane","mri-esm2-0","ssp370",NA,0,30.9072204589844
"4001",4732,"Tirane","mri-esm2-0","ssp370",NA,0,30.5364602225168
"4002",4733,"Tirane","mri-esm2-0","ssp370",NA,0.336589304944418,33.3541830880302
"4003",4734,"Tirane","mri-esm2-0","ssp370",NA,0.458368915990702,28.8143816266741
"4004",4735,"Tirane","mri-esm2-0","ssp370",NA,0,26.0195818219866
"4005",4736,"Tirane","mri-esm2-0","ssp370",NA,0.266595703318931,25.3222747802735
"4006",4737,"Tirane","mri-esm2-0","ssp370",NA,0,25.0464460100446
"4007",4738,"Tirane","mri-esm2-0","ssp370",NA,1.23997156653266,23.0576982770648
"4008",4739,"Tirane","mri-esm2-0","ssp370",NA,7.37072669027319,20.3160862513951
"4009",4740,"Tirane","mri-esm2-0","ssp370",NA,1.75019291969615,20.1527605329241
"4010",4741,"Tirane","mri-esm2-0","ssp370",NA,0.946343510544724,18.6741882324219
"4011",4742,"Tirane","mri-esm2-0","ssp370",NA,3.18794323663626,17.2883828299386
"4012",4743,"Tirane","mri-esm2-0","ssp370",NA,0.054778418312448,17.661998639788
"4013",4744,"Tirane","mri-esm2-0","ssp370",NA,2.86247402114636,12.2643698556083
"4014",4745,"Tirane","mri-esm2-0","ssp370",NA,0.0645111521797454,13.7050109863282
"4015",4746,"Tirane","mri-esm2-0","ssp370",NA,0,11.979387991769
"4016",4747,"Tirane","mri-esm2-0","ssp370",NA,7.58197942393183,12.7648908342635
"4017",4748,"Tirane","mri-esm2-0","ssp370",NA,5.7974299241323,12.4346165248326
"4018",4749,"Tirane","mri-esm2-0","ssp370",NA,4.0248429764428,12.5029432024274
"4019",4750,"Tirane","mri-esm2-0","ssp370",NA,0.49760779449051,8.19809875488284
"4020",4751,"Tirane","mri-esm2-0","ssp370",NA,0.189790756225453,11.2654575892857
"4021",4752,"Tirane","mri-esm2-0","ssp370",NA,0.362616577850921,8.39700360979355
"4022",4753,"Tirane","mri-esm2-0","ssp370",NA,0.13486595957407,8.00118408203127
"4023",4754,"Tirane","mri-esm2-0","ssp370",NA,0,6.8631290980748
"4024",4755,"Tirane","mri-esm2-0","ssp370",NA,3.33850314990351,10.0033660888672
"4025",4756,"Tirane","mri-esm2-0","ssp370",NA,0,7.9280944824219
"4026",4757,"Tirane","mri-esm2-0","ssp370",NA,6.26759328713108,10.3324916294643
"4027",4758,"Tirane","mri-esm2-0","ssp370",NA,5.9708306563802,13.0630650111607
"4028",4759,"Tirane","mri-esm2-0","ssp370",NA,1.11298952709019,13.0493778773717
"4029",4760,"Tirane","mri-esm2-0","ssp370",NA,0.239199038852737,14.0834311349052
"4030",4761,"Tirane","mri-esm2-0","ssp370",NA,7.39019750076945,15.5140276227679
"4031",4762,"Tirane","mri-esm2-0","ssp370",NA,9.78486361239318,13.2370195661273
"4032",4763,"Tirane","mri-esm2-0","ssp370",NA,11.7721909938284,15.314826311384
"4033",4764,"Tirane","mri-esm2-0","ssp370",NA,0,14.4980298723493
"4034",4765,"Tirane","mri-esm2-0","ssp370",NA,0,19.5067840576172
"4035",4766,"Tirane","mri-esm2-0","ssp370",NA,0.161267861455729,18.429602922712
"4036",4767,"Tirane","mri-esm2-0","ssp370",NA,1.29107860671605,18.8135838099888
"4037",4768,"Tirane","mri-esm2-0","ssp370",NA,0.0224832524639038,20.9021414620535
"4038",4769,"Tirane","mri-esm2-0","ssp370",NA,0.0183877650020545,22.4257882254464
"4039",4770,"Tirane","mri-esm2-0","ssp370",NA,2.67855385144295,21.611206490653
"4040",4771,"Tirane","mri-esm2-0","ssp370",NA,0.827115541427962,24.706425694057
"4041",4772,"Tirane","mri-esm2-0","ssp370",NA,0.1219480781791,28.6436335972378
"4042",4773,"Tirane","mri-esm2-0","ssp370",NA,0.0694308513110235,26.8136775425503
"4043",4774,"Tirane","mri-esm2-0","ssp370",NA,0,30.787994820731
"4044",4775,"Tirane","mri-esm2-0","ssp370",NA,0.322877624577294,30.1397469656808
"4045",4776,"Tirane","mri-esm2-0","ssp370",NA,0.686160746149005,31.8595977783203
"4046",4777,"Tirane","mri-esm2-0","ssp370",NA,0.264870618541733,32.8029070172991
"4047",4778,"Tirane","mri-esm2-0","ssp370",NA,0,29.9544093540737
"4048",4779,"Tirane","mri-esm2-0","ssp370",NA,0,31.6219094412668
"4049",4780,"Tirane","mri-esm2-0","ssp370",NA,0,33.37783203125
"4050",4781,"Tirane","mri-esm2-0","ssp370",NA,0,34.2928514753069
"4051",4782,"Tirane","mri-esm2-0","ssp370",NA,0,29.0842115129743
"4052",4783,"Tirane","mri-esm2-0","ssp370",NA,0.122458886887346,31.7521606445313
"4053",4784,"Tirane","mri-esm2-0","ssp370",NA,0.370511247352364,31.3604130336216
"4054",4785,"Tirane","mri-esm2-0","ssp370",NA,0.155177995787069,29.5908272879464
"4055",4786,"Tirane","mri-esm2-0","ssp370",NA,1.17729789989036,27.5643205915179
"4056",4787,"Tirane","mri-esm2-0","ssp370",NA,0,30.3873273577009
"4057",4788,"Tirane","mri-esm2-0","ssp370",NA,1.42193850395935,28.3125636509487
"4058",4789,"Tirane","mri-esm2-0","ssp370",NA,0,21.6938459123884
"4059",4790,"Tirane","mri-esm2-0","ssp370",NA,2.25646082006798,22.937408883231
"4060",4791,"Tirane","mri-esm2-0","ssp370",NA,0,21.4204258510045
"4061",4792,"Tirane","mri-esm2-0","ssp370",NA,0.937705600102032,20.9731515066964
"4062",4793,"Tirane","mri-esm2-0","ssp370",NA,9.75424161567521,16.7221487862723
"4063",4794,"Tirane","mri-esm2-0","ssp370",NA,2.07092113055946,16.4764038085938
"4064",4795,"Tirane","mri-esm2-0","ssp370",NA,12.791553680706,17.2255362374442
"4065",4796,"Tirane","mri-esm2-0","ssp370",NA,0.618658504806393,17.4365522112166
"4066",4797,"Tirane","mri-esm2-0","ssp370",NA,4.20762073741311,9.24899553571431
"4067",4798,"Tirane","mri-esm2-0","ssp370",NA,11.6964673711794,11.4871481759208
"4068",4799,"Tirane","mri-esm2-0","ssp370",NA,3.34464543567655,14.3500566755023
"4069",4800,"Tirane","mri-esm2-0","ssp370",NA,1.2836206222086,9.47146868024556
"4070",4801,"Tirane","mri-esm2-0","ssp370",NA,1.09091526075125,8.69156145368306
"4071",4802,"Tirane","mri-esm2-0","ssp370",NA,0.20573161496681,7.3252633231027
"4072",4803,"Tirane","mri-esm2-0","ssp370",NA,1.94885642932994,6.15254690987726
"4073",4804,"Tirane","mri-esm2-0","ssp370",NA,2.00774186185819,10.4502524239676
"4074",4805,"Tirane","mri-esm2-0","ssp370",NA,8.45939668262353,11.2686292375837
"4075",4806,"Tirane","mri-esm2-0","ssp370",NA,1.91887951056873,10.499427141462
"4076",4807,"Tirane","mri-esm2-0","ssp370",NA,8.01043731709277,10.1251879010882
"4077",4808,"Tirane","mri-esm2-0","ssp370",NA,4.05108828313782,12.1372183663504
"4078",4809,"Tirane","mri-esm2-0","ssp370",NA,5.50865906573433,11.0064113071987
"4079",4810,"Tirane","mri-esm2-0","ssp370",NA,0,13.1498940604074
"4080",4811,"Tirane","mri-esm2-0","ssp370",NA,0,16.05875113351
"4081",4812,"Tirane","mri-esm2-0","ssp370",NA,0.80516298060372,14.9484780447824
"4082",4813,"Tirane","mri-esm2-0","ssp370",NA,4.36223060574515,11.5703543526786
"4083",4814,"Tirane","mri-esm2-0","ssp370",NA,0.36460982155404,14.4440878731865
"4084",4815,"Tirane","mri-esm2-0","ssp370",NA,0,17.6847756522043
"4085",4816,"Tirane","mri-esm2-0","ssp370",NA,0,16.4238133021764
"4086",4817,"Tirane","mri-esm2-0","ssp370",NA,0.705192296040227,14.1083618164062
"4087",4818,"Tirane","mri-esm2-0","ssp370",NA,7.68170878124823,17.4758784702846
"4088",4819,"Tirane","mri-esm2-0","ssp370",NA,0.792269776242652,20.041157749721
"4089",4820,"Tirane","mri-esm2-0","ssp370",NA,0.459722267338033,20.199607195173
"4090",4821,"Tirane","mri-esm2-0","ssp370",NA,9.46519267056699,19.0243447440011
"4091",4822,"Tirane","mri-esm2-0","ssp370",NA,0.90267511217722,19.7689736502511
"4092",4823,"Tirane","mri-esm2-0","ssp370",NA,0.135987195114597,22.9496791294643
"4093",4824,"Tirane","mri-esm2-0","ssp370",NA,1.85609829059104,23.094875226702
"4094",4825,"Tirane","mri-esm2-0","ssp370",NA,0,28.79459097726
"4095",4826,"Tirane","mri-esm2-0","ssp370",NA,0,27.0530530657088
"4096",4827,"Tirane","mri-esm2-0","ssp370",NA,0,29.8384316580636
"4097",4828,"Tirane","mri-esm2-0","ssp370",NA,0,29.5788033621652
"4098",4829,"Tirane","mri-esm2-0","ssp370",NA,0.06102405126772,28.0449506487166
"4099",4830,"Tirane","mri-esm2-0","ssp370",NA,0,27.4568638392858
"4100",4831,"Tirane","mri-esm2-0","ssp370",NA,0,29.7193084716797
"4101",4832,"Tirane","mri-esm2-0","ssp370",NA,0,32.0386182512556
"4102",4833,"Tirane","mri-esm2-0","ssp370",NA,0,33.8126900809152
"4103",4834,"Tirane","mri-esm2-0","ssp370",NA,0,34.1419594900948
"4104",4835,"Tirane","mri-esm2-0","ssp370",NA,0,32.5033944266183
"4105",4836,"Tirane","mri-esm2-0","ssp370",NA,2.59293877035296,26.0992327008928
"4106",4837,"Tirane","mri-esm2-0","ssp370",NA,0.0127920139285769,26.0087262834821
"4107",4838,"Tirane","mri-esm2-0","ssp370",NA,0.0319478624857895,27.764561680385
"4108",4839,"Tirane","mri-esm2-0","ssp370",NA,0,25.6206625802177
"4109",4840,"Tirane","mri-esm2-0","ssp370",NA,0.55201087800794,23.7496821812221
"4110",4841,"Tirane","mri-esm2-0","ssp370",NA,0.181449022108739,23.5315970284598
"4111",4842,"Tirane","mri-esm2-0","ssp370",NA,0.196474968522255,22.8837611607143
"4112",4843,"Tirane","mri-esm2-0","ssp370",NA,2.16684575259154,19.754035295759
"4113",4844,"Tirane","mri-esm2-0","ssp370",NA,0.412529001083125,15.6572357177735
"4114",4845,"Tirane","mri-esm2-0","ssp370",NA,0.243288152185934,12.6862731933594
"4115",4846,"Tirane","mri-esm2-0","ssp370",NA,0.100858154110029,17.0551783970425
"4116",4847,"Tirane","mri-esm2-0","ssp370",NA,0,15.8285330636161
"4117",4848,"Tirane","mri-esm2-0","ssp370",NA,12.2242015779193,15.6570460728237
"4118",4849,"Tirane","mri-esm2-0","ssp370",NA,7.44244081059671,9.1836138044085
"4119",4850,"Tirane","mri-esm2-0","ssp370",NA,1.02490030673965,16.2996154785157
"4120",4851,"Tirane","mri-esm2-0","ssp370",NA,4.55831003099384,13.6367584228515
"4121",4852,"Tirane","mri-esm2-0","ssp370",NA,6.53348756687982,10.392953491211
"4122",4853,"Tirane","mri-esm2-0","ssp370",NA,6.4096590695304,11.3358921595983
"4123",4854,"Tirane","mri-esm2-0","ssp370",NA,2.95013576864481,8.77544773646766
"4124",4855,"Tirane","mri-esm2-0","ssp370",NA,15.8805151004345,12.3025233677456
"4125",4856,"Tirane","mri-esm2-0","ssp370",NA,6.26165112865108,9.88287397112168
"4126",4857,"Tirane","mri-esm2-0","ssp370",NA,4.17759828134357,9.31964372907368
"4127",4858,"Tirane","mri-esm2-0","ssp370",NA,6.82001417070362,11.5042401994978
"4128",4859,"Tirane","mri-esm2-0","ssp370",NA,16.0766572699815,12.3416033063616
"4129",4860,"Tirane","mri-esm2-0","ssp370",NA,7.74484941788875,10.5932577950614
"4130",4861,"Tirane","mri-esm2-0","ssp370",NA,11.0658229366111,11.9923012869699
"4131",4862,"Tirane","mri-esm2-0","ssp370",NA,0.883831971285482,9.49153616768978
"4132",4863,"Tirane","mri-esm2-0","ssp370",NA,3.5497332601413,12.97181527274
"4133",4864,"Tirane","mri-esm2-0","ssp370",NA,0.056334948957166,16.1395834786552
"4134",4865,"Tirane","mri-esm2-0","ssp370",NA,0,18.2822858537946
"4135",4866,"Tirane","mri-esm2-0","ssp370",NA,0.490209724687572,13.308727155413
"4136",4867,"Tirane","mri-esm2-0","ssp370",NA,10.8149731777043,13.6118386404855
"4137",4868,"Tirane","mri-esm2-0","ssp370",NA,0.564136063361989,15.7769539969308
"4138",4869,"Tirane","mri-esm2-0","ssp370",NA,2.16735198539806,17.6866851806641
"4139",4870,"Tirane","mri-esm2-0","ssp370",NA,0.0282940695147513,18.734281703404
"4140",4871,"Tirane","mri-esm2-0","ssp370",NA,0,19.801409476144
"4141",4872,"Tirane","mri-esm2-0","ssp370",NA,0.142336254534062,19.2104060581753
"4142",4873,"Tirane","mri-esm2-0","ssp370",NA,0.806780848818432,20.0654737200056
"4143",4874,"Tirane","mri-esm2-0","ssp370",NA,0,20.9570469447545
"4144",4875,"Tirane","mri-esm2-0","ssp370",NA,1.16518025263628,20.9696943010603
"4145",4876,"Tirane","mri-esm2-0","ssp370",NA,0.0845604480023862,23.7108071463448
"4146",4877,"Tirane","mri-esm2-0","ssp370",NA,0,28.6233110700335
"4147",4878,"Tirane","mri-esm2-0","ssp370",NA,0.673107230873681,29.0080396379743
"4148",4879,"Tirane","mri-esm2-0","ssp370",NA,4.67975833258346,26.2776907784598
"4149",4880,"Tirane","mri-esm2-0","ssp370",NA,0.161846685659839,26.2586085728237
"4150",4881,"Tirane","mri-esm2-0","ssp370",NA,0,28.5354662214007
"4151",4882,"Tirane","mri-esm2-0","ssp370",NA,0,29.0645015171596
"4152",4883,"Tirane","mri-esm2-0","ssp370",NA,0,28.1486210414342
"4153",4884,"Tirane","mri-esm2-0","ssp370",NA,0,30.4887917654855
"4154",4885,"Tirane","mri-esm2-0","ssp370",NA,0,30.8617405482701
"4155",4886,"Tirane","mri-esm2-0","ssp370",NA,0,28.6061296735491
"4156",4887,"Tirane","mri-esm2-0","ssp370",NA,0,28.8962624686105
"4157",4888,"Tirane","mri-esm2-0","ssp370",NA,0.0110866254544817,30.1026288713728
"4158",4889,"Tirane","mri-esm2-0","ssp370",NA,0,28.1764988490513
"4159",4890,"Tirane","mri-esm2-0","ssp370",NA,0.195690623045915,28.138556780134
"4160",4891,"Tirane","mri-esm2-0","ssp370",NA,0,24.6191170828683
"4161",4892,"Tirane","mri-esm2-0","ssp370",NA,8.069755512614,20.7469312395368
"4162",4893,"Tirane","mri-esm2-0","ssp370",NA,10.9837760450318,20.2714869907924
"4163",4894,"Tirane","mri-esm2-0","ssp370",NA,0.641457418013098,19.9484213692802
"4164",4895,"Tirane","mri-esm2-0","ssp370",NA,0,17.9056880405971
"4165",4896,"Tirane","mri-esm2-0","ssp370",NA,2.86728541832418,18.6714220319476
"4166",4897,"Tirane","mri-esm2-0","ssp370",NA,14.7325968918657,18.7244681222098
"4167",4898,"Tirane","mri-esm2-0","ssp370",NA,0.7646847736396,16.9898489815848
"4168",4899,"Tirane","mri-esm2-0","ssp370",NA,13.8179749983724,17.351473563058
"4169",4900,"Tirane","mri-esm2-0","ssp370",NA,0.992654144855414,8.88025163922994
"4170",4901,"Tirane","mri-esm2-0","ssp370",NA,10.9966774891031,15.0590977260045
"4171",4902,"Tirane","mri-esm2-0","ssp370",NA,4.23605081055679,11.9753596714564
"4172",4903,"Tirane","mri-esm2-0","ssp370",NA,6.20543740390401,11.7883239746094
"4173",4904,"Tirane","mri-esm2-0","ssp370",NA,0,7.00464346749444
"4174",4905,"Tirane","mri-esm2-0","ssp370",NA,0,7.35202505929132
"4175",4906,"Tirane","mri-esm2-0","ssp370",NA,1.87842949360077,10.626829310826
"4176",4907,"Tirane","mri-esm2-0","ssp370",NA,0.228026345471985,8.28912179129467
"4177",4908,"Tirane","mri-esm2-0","ssp370",NA,7.7884259432072,10.3931256975447
"4178",4909,"Tirane","mri-esm2-0","ssp370",NA,0.55609034841057,7.83330034528463
"4179",4910,"Tirane","mri-esm2-0","ssp370",NA,0.011891403223022,6.57676740373886
"4180",4911,"Tirane","mri-esm2-0","ssp370",NA,0.62222842659269,8.23080269949779
"4181",4912,"Tirane","mri-esm2-0","ssp370",NA,6.60977664104264,9.73260105678017
"4182",4913,"Tirane","mri-esm2-0","ssp370",NA,0.957123418681606,9.46501421247212
"4183",4914,"Tirane","mri-esm2-0","ssp370",NA,2.79444947872045,11.8413722446987
"4184",4915,"Tirane","mri-esm2-0","ssp370",NA,0.0441237167251529,13.4854217529297
"4185",4916,"Tirane","mri-esm2-0","ssp370",NA,1.48054446409723,17.157841709682
"4186",4917,"Tirane","mri-esm2-0","ssp370",NA,0.0196844879870436,16.151016671317
"4187",4918,"Tirane","mri-esm2-0","ssp370",NA,0.0989765786861038,14.3601187569754
"4188",4919,"Tirane","mri-esm2-0","ssp370",NA,1.4552241238042,16.2705823625837
"4189",4920,"Tirane","mri-esm2-0","ssp370",NA,7.58391566320954,12.6743582589286
"4190",4921,"Tirane","mri-esm2-0","ssp370",NA,3.04371817307713,15.3827322823661
"4191",4922,"Tirane","mri-esm2-0","ssp370",NA,5.06509491845333,15.0846583775112
"4192",4923,"Tirane","mri-esm2-0","ssp370",NA,1.10416717174562,18.6714024135044
"4193",4924,"Tirane","mri-esm2-0","ssp370",NA,0,20.167879813058
"4194",4925,"Tirane","mri-esm2-0","ssp370",NA,5.04112090358311,19.3305428641183
"4195",4926,"Tirane","mri-esm2-0","ssp370",NA,0.254652020313577,20.9932189941406
"4196",4927,"Tirane","mri-esm2-0","ssp370",NA,0,27.9166983468193
"4197",4928,"Tirane","mri-esm2-0","ssp370",NA,0,29.9226863316128
"4198",4929,"Tirane","mri-esm2-0","ssp370",NA,0.0470388186970792,24.2773550851004
"4199",4930,"Tirane","mri-esm2-0","ssp370",NA,0.0334215519095389,26.7488015311106
"4200",4931,"Tirane","mri-esm2-0","ssp370",NA,3.25548938193865,28.2518990652902
"4201",4932,"Tirane","mri-esm2-0","ssp370",NA,1.46102343093974,26.7848384312221
"4202",4933,"Tirane","mri-esm2-0","ssp370",NA,0.491273050023925,29.6143454415458
"4203",4934,"Tirane","mri-esm2-0","ssp370",NA,1.25144004403929,28.5503805977958
"4204",4935,"Tirane","mri-esm2-0","ssp370",NA,0.0365743980052814,30.1122615269253
"4205",4936,"Tirane","mri-esm2-0","ssp370",NA,0.281480224059903,31.3836478097098
"4206",4937,"Tirane","mri-esm2-0","ssp370",NA,0,33.5615914481027
"4207",4938,"Tirane","mri-esm2-0","ssp370",NA,0.015138752704453,29.377825491769
"4208",4939,"Tirane","mri-esm2-0","ssp370",NA,0,28.7582728794643
"4209",4940,"Tirane","mri-esm2-0","ssp370",NA,0.095817957636817,29.9593967982701
"4210",4941,"Tirane","mri-esm2-0","ssp370",NA,0.250307571384058,27.0987008231027
"4211",4942,"Tirane","mri-esm2-0","ssp370",NA,0,28.9289620535714
"4212",4943,"Tirane","mri-esm2-0","ssp370",NA,0,29.6398406982423
"4213",4944,"Tirane","mri-esm2-0","ssp370",NA,0.171853322535753,24.9479330880301
"4214",4945,"Tirane","mri-esm2-0","ssp370",NA,0,26.3771541050503
"4215",4946,"Tirane","mri-esm2-0","ssp370",NA,0,25.5389953613281
"4216",4947,"Tirane","mri-esm2-0","ssp370",NA,0,26.258194405692
"4217",4948,"Tirane","mri-esm2-0","ssp370",NA,0,24.1485316685268
"4218",4949,"Tirane","mri-esm2-0","ssp370",NA,0,24.1797882080078
"4219",4950,"Tirane","mri-esm2-0","ssp370",NA,4.13982135152244,15.6383518763951
"4220",4951,"Tirane","mri-esm2-0","ssp370",NA,11.9126777954599,10.3761666434152
"4221",4952,"Tirane","mri-esm2-0","ssp370",NA,4.30584418105095,13.9271222795759
"4222",4953,"Tirane","mri-esm2-0","ssp370",NA,1.3648545327929,13.6667245047433
"4223",4954,"Tirane","mri-esm2-0","ssp370",NA,7.17882901475864,14.1045623779297
"4224",4955,"Tirane","mri-esm2-0","ssp370",NA,0.139302876518091,14.4213086809431
"4225",4956,"Tirane","mri-esm2-0","ssp370",NA,1.94295134112638,12.333158656529
"4226",4957,"Tirane","mri-esm2-0","ssp370",NA,0.609115202886252,10.2496233258929
"4227",4958,"Tirane","mri-esm2-0","ssp370",NA,5.731599596038,11.7966727120536
"4228",4959,"Tirane","mri-esm2-0","ssp370",NA,7.20030524680623,9.15628531319756
"4229",4960,"Tirane","mri-esm2-0","ssp370",NA,4.38647459109884,8.9282666887556
"4230",4961,"Tirane","mri-esm2-0","ssp370",NA,0.752758246406821,11.879294695173
"4231",4962,"Tirane","mri-esm2-0","ssp370",NA,0,9.40065917968752
"4232",4963,"Tirane","mri-esm2-0","ssp370",NA,1.52940001821012,8.31769932338172
"4233",4964,"Tirane","mri-esm2-0","ssp370",NA,0,7.46412702287949
"4234",4965,"Tirane","mri-esm2-0","ssp370",NA,0.20130838363132,7.64085213797435
"4235",4966,"Tirane","mri-esm2-0","ssp370",NA,0.146932364025685,7.17523236955918
"4236",4967,"Tirane","mri-esm2-0","ssp370",NA,5.89605159891238,10.6892399379186
"4237",4968,"Tirane","mri-esm2-0","ssp370",NA,8.05453943404635,10.1066724504744
"4238",4969,"Tirane","mri-esm2-0","ssp370",NA,8.89820912291595,11.5930812290737
"4239",4970,"Tirane","mri-esm2-0","ssp370",NA,2.89338540751487,14.5488329206194
"4240",4971,"Tirane","mri-esm2-0","ssp370",NA,5.71733655108671,16.4038613455636
"4241",4972,"Tirane","mri-esm2-0","ssp370",NA,4.652884274401,15.5931030273438
"4242",4973,"Tirane","mri-esm2-0","ssp370",NA,1.86074829356845,13.7023951939174
"4243",4974,"Tirane","mri-esm2-0","ssp370",NA,6.74299480451737,16.413947405134
"4244",4975,"Tirane","mri-esm2-0","ssp370",NA,1.03251112159342,18.341219656808
"4245",4976,"Tirane","mri-esm2-0","ssp370",NA,1.380596555204,20.6963919503348
"4246",4977,"Tirane","mri-esm2-0","ssp370",NA,2.61590077986641,21.0178793770927
"4247",4978,"Tirane","mri-esm2-0","ssp370",NA,1.27625230348453,22.7075221470425
"4248",4979,"Tirane","mri-esm2-0","ssp370",NA,1.9011935908046,25.6408172607422
"4249",4980,"Tirane","mri-esm2-0","ssp370",NA,1.82218467068326,25.7094382149833
"4250",4981,"Tirane","mri-esm2-0","ssp370",NA,0.998253573769554,24.5302498953683
"4251",4982,"Tirane","mri-esm2-0","ssp370",NA,2.63409748097599,26.8246355329241
"4252",4983,"Tirane","mri-esm2-0","ssp370",NA,0.358743366814452,29.4451232910156
"4253",4984,"Tirane","mri-esm2-0","ssp370",NA,0.410527159848633,28.5533277239119
"4254",4985,"Tirane","mri-esm2-0","ssp370",NA,0.14830089260483,28.0239196777344
"4255",4986,"Tirane","mri-esm2-0","ssp370",NA,0.137124246352219,29.837309047154
"4256",4987,"Tirane","mri-esm2-0","ssp370",NA,2.73710612086039,30.0784088134766
"4257",4988,"Tirane","mri-esm2-0","ssp370",NA,0,31.2500309535436
"4258",4989,"Tirane","mri-esm2-0","ssp370",NA,0.0577594730462545,32.6430908203125
"4259",4990,"Tirane","mri-esm2-0","ssp370",NA,1.4103315545591,28.5808850969588
"4260",4991,"Tirane","mri-esm2-0","ssp370",NA,1.42359183435994,28.0728720528739
"4261",4992,"Tirane","mri-esm2-0","ssp370",NA,0,29.7842825753348
"4262",4993,"Tirane","mri-esm2-0","ssp370",NA,0.0931019558005835,29.7729213169643
"4263",4994,"Tirane","mri-esm2-0","ssp370",NA,0.058732564294977,27.5622998918806
"4264",4995,"Tirane","mri-esm2-0","ssp370",NA,4.76660584109985,21.587786429269
"4265",4996,"Tirane","mri-esm2-0","ssp370",NA,4.490443598531,21.682026890346
"4266",4997,"Tirane","mri-esm2-0","ssp370",NA,0.0180584053201269,21.648324584961
"4267",4998,"Tirane","mri-esm2-0","ssp370",NA,0,23.0791957310268
"4268",4999,"Tirane","mri-esm2-0","ssp370",NA,1.01662016136937,22.2621616908483
"4269",5000,"Tirane","mri-esm2-0","ssp370",NA,2.27151977513651,18.423957170759
"4270",5001,"Tirane","mri-esm2-0","ssp370",NA,1.14518371369091,14.7456080845425
"4271",5002,"Tirane","mri-esm2-0","ssp370",NA,0.979633937822657,16.6582188197545
"4272",5003,"Tirane","mri-esm2-0","ssp370",NA,0,14.7458195277623
"4273",5004,"Tirane","mri-esm2-0","ssp370",NA,1.31986532095263,13.6634460449219
"4274",5005,"Tirane","mri-esm2-0","ssp370",NA,0.714340949239808,15.0817286900112
"4275",5006,"Tirane","mri-esm2-0","ssp370",NA,0.118716860119353,14.4015267508371
"4276",5007,"Tirane","mri-esm2-0","ssp370",NA,6.87307589479522,14.0429909842355
"4277",5008,"Tirane","mri-esm2-0","ssp370",NA,1.38300854513156,11.2412985665458
"4278",5009,"Tirane","mri-esm2-0","ssp370",NA,0.0206439350222354,10.4102743966239
"4279",5010,"Tirane","mri-esm2-0","ssp370",NA,0,9.48920811244422
"4280",5011,"Tirane","mri-esm2-0","ssp370",NA,5.90370960126165,10.900301688058
"4281",5012,"Tirane","mri-esm2-0","ssp370",NA,4.76330301530002,9.91768362862723
"4282",5013,"Tirane","mri-esm2-0","ssp370",NA,4.72831959279054,10.9206612723214
"4283",5014,"Tirane","mri-esm2-0","ssp370",NA,6.32049415726214,9.56115984235494
"4284",5015,"Tirane","mri-esm2-0","ssp370",NA,2.37095617932417,11.0019295828683
"4285",5016,"Tirane","mri-esm2-0","ssp370",NA,1.50178930790779,12.9610294886998
"4286",5017,"Tirane","mri-esm2-0","ssp370",NA,3.11853883322329,13.1765751429967
"4287",5018,"Tirane","mri-esm2-0","ssp370",NA,3.13216603410963,7.8461133684431
"4288",5019,"Tirane","mri-esm2-0","ssp370",NA,3.53183163803936,9.77751639229911
"4289",5020,"Tirane","mri-esm2-0","ssp370",NA,1.88911898663458,7.25814426967078
"4290",5021,"Tirane","mri-esm2-0","ssp370",NA,0.237095920186091,10.4462916782924
"4291",5022,"Tirane","mri-esm2-0","ssp370",NA,4.36492634648207,14.7957659040179
"4292",5023,"Tirane","mri-esm2-0","ssp370",NA,0.494298487215669,15.5134020124163
"4293",5024,"Tirane","mri-esm2-0","ssp370",NA,8.72300370610901,14.373180280413
"4294",5025,"Tirane","mri-esm2-0","ssp370",NA,5.14178947840784,15.438110787528
"4295",5026,"Tirane","mri-esm2-0","ssp370",NA,7.17342890067293,14.5269343784878
"4296",5027,"Tirane","mri-esm2-0","ssp370",NA,3.27909481711685,18.2661355154856
"4297",5028,"Tirane","mri-esm2-0","ssp370",NA,2.38506948241722,19.8202693394253
"4298",5029,"Tirane","mri-esm2-0","ssp370",NA,0,24.1654754638672
"4299",5030,"Tirane","mri-esm2-0","ssp370",NA,0,24.9987840924944
"4300",5031,"Tirane","mri-esm2-0","ssp370",NA,0.0126595807939468,26.2118447440011
"4301",5032,"Tirane","mri-esm2-0","ssp370",NA,0,26.0351218087333
"4302",5033,"Tirane","mri-esm2-0","ssp370",NA,0,25.865130179269
"4303",5034,"Tirane","mri-esm2-0","ssp370",NA,0.0185705639263948,28.631021118164
"4304",5035,"Tirane","mri-esm2-0","ssp370",NA,0.0491468317964713,28.4324672154018
"4305",5036,"Tirane","mri-esm2-0","ssp370",NA,0.101261281088228,28.8088906424386
"4306",5037,"Tirane","mri-esm2-0","ssp370",NA,0.982859773128957,29.0952741350447
"4307",5038,"Tirane","mri-esm2-0","ssp370",NA,0,34.329012625558
"4308",5039,"Tirane","mri-esm2-0","ssp370",NA,0,33.1428597586496
"4309",5040,"Tirane","mri-esm2-0","ssp370",NA,0,34.1328805106027
"4310",5041,"Tirane","mri-esm2-0","ssp370",NA,0.589231468828597,33.8143009730748
"4311",5042,"Tirane","mri-esm2-0","ssp370",NA,0,33.9023441859654
"4312",5043,"Tirane","mri-esm2-0","ssp370",NA,0,34.2132180350168
"4313",5044,"Tirane","mri-esm2-0","ssp370",NA,0,33.624917602539
"4314",5045,"Tirane","mri-esm2-0","ssp370",NA,0.310849565929467,29.5437604631696
"4315",5046,"Tirane","mri-esm2-0","ssp370",NA,1.17550069168958,28.946936907087
"4316",5047,"Tirane","mri-esm2-0","ssp370",NA,0.12682416802688,27.3125571114677
"4317",5048,"Tirane","mri-esm2-0","ssp370",NA,0.15216572501231,29.8117963518415
"4318",5049,"Tirane","mri-esm2-0","ssp370",NA,0,26.6736716134208
"4319",5050,"Tirane","mri-esm2-0","ssp370",NA,0.489010874922054,23.1308489118303
"4320",5051,"Tirane","mri-esm2-0","ssp370",NA,0.168491755123666,22.6895015171596
"4321",5052,"Tirane","mri-esm2-0","ssp370",NA,0.0073054502406324,22.2953560965402
"4322",5053,"Tirane","mri-esm2-0","ssp370",NA,12.4824439424888,20.2192321777344
"4323",5054,"Tirane","mri-esm2-0","ssp370",NA,10.9807677902739,13.1801892961774
"4324",5055,"Tirane","mri-esm2-0","ssp370",NA,10.2193435332343,14.8915475027902
"4325",5056,"Tirane","mri-esm2-0","ssp370",NA,4.7802607050731,16.2094229561942
"4326",5057,"Tirane","mri-esm2-0","ssp370",NA,7.91270535701188,11.8065952845982
"4327",5058,"Tirane","mri-esm2-0","ssp370",NA,0.530467152462474,8.1697697230748
"4328",5059,"Tirane","mri-esm2-0","ssp370",NA,0.067797721671273,7.23930838448663
"4329",5060,"Tirane","mri-esm2-0","ssp370",NA,0,11.3795104980469
"4330",5061,"Tirane","mri-esm2-0","ssp370",NA,1.54129616151165,12.1903756277902
"4331",5062,"Tirane","mri-esm2-0","ssp370",NA,0,11.5722747802734
"4332",5063,"Tirane","mri-esm2-0","ssp370",NA,0.697202492405527,10.2182839529855
"4333",5064,"Tirane","mri-esm2-0","ssp370",NA,7.36148694631993,10.5719914027623
"4334",5065,"Tirane","mri-esm2-0","ssp370",NA,0.185441895571005,10.4363582066127
"4335",5066,"Tirane","mri-esm2-0","ssp370",NA,2.50301695398645,11.8233232770648
"4336",5067,"Tirane","mri-esm2-0","ssp370",NA,4.31615915315758,6.79404602050784
"4337",5068,"Tirane","mri-esm2-0","ssp370",NA,3.57337781429773,10.3570517403739
"4338",5069,"Tirane","mri-esm2-0","ssp370",NA,1.701072830474,10.6665043422154
"4339",5070,"Tirane","mri-esm2-0","ssp370",NA,0.082546207912466,13.4999633789062
"4340",5071,"Tirane","mri-esm2-0","ssp370",NA,5.77098928915803,14.2503448486328
"4341",5072,"Tirane","mri-esm2-0","ssp370",NA,1.9960333263173,15.1863124302456
"4342",5073,"Tirane","mri-esm2-0","ssp370",NA,2.54312379235801,13.6301906040737
"4343",5074,"Tirane","mri-esm2-0","ssp370",NA,4.58448446313144,17.10220816476
"4344",5075,"Tirane","mri-esm2-0","ssp370",NA,2.34104373292731,13.9146296909878
"4345",5076,"Tirane","mri-esm2-0","ssp370",NA,0.31855694760452,16.829228428432
"4346",5077,"Tirane","mri-esm2-0","ssp370",NA,0.185486562882683,14.9324061802456
"4347",5078,"Tirane","mri-esm2-0","ssp370",NA,2.36885385488027,15.387839617048
"4348",5079,"Tirane","mri-esm2-0","ssp370",NA,7.9582694331683,16.4168225969587
"4349",5080,"Tirane","mri-esm2-0","ssp370",NA,0.538992599000007,18.2785866873605
"4350",5081,"Tirane","mri-esm2-0","ssp370",NA,10.046206905307,17.7444854736328
"4351",5082,"Tirane","mri-esm2-0","ssp370",NA,8.03292620278495,17.7570521763393
"4352",5083,"Tirane","mri-esm2-0","ssp370",NA,0.122956981015575,22.616111101423
"4353",5084,"Tirane","mri-esm2-0","ssp370",NA,0.278714272488806,24.3244219098773
"4354",5085,"Tirane","mri-esm2-0","ssp370",NA,7.03767172846191,25.0999760219029
"4355",5086,"Tirane","mri-esm2-0","ssp370",NA,1.75133014142505,23.0925624302456
"4356",5087,"Tirane","mri-esm2-0","ssp370",NA,0.0562232862908525,28.9481794084822
"4357",5088,"Tirane","mri-esm2-0","ssp370",NA,3.63346520191824,27.171280343192
"4358",5089,"Tirane","mri-esm2-0","ssp370",NA,0,26.5488590785436
"4359",5090,"Tirane","mri-esm2-0","ssp370",NA,0,28.9309631347656
"4360",5091,"Tirane","mri-esm2-0","ssp370",NA,0,30.2550750732423
"4361",5092,"Tirane","mri-esm2-0","ssp370",NA,4.57501602722914,27.2280343191964
"4362",5093,"Tirane","mri-esm2-0","ssp370",NA,0,29.5612840924944
"4363",5094,"Tirane","mri-esm2-0","ssp370",NA,0,31.206209891183
"4364",5095,"Tirane","mri-esm2-0","ssp370",NA,0,30.2218981061663
"4365",5096,"Tirane","mri-esm2-0","ssp370",NA,0.096551590728008,32.1591648646764
"4366",5097,"Tirane","mri-esm2-0","ssp370",NA,0.108064090766545,28.7922999790737
"4367",5098,"Tirane","mri-esm2-0","ssp370",NA,0.48884018158008,29.2197248186384
"4368",5099,"Tirane","mri-esm2-0","ssp370",NA,0,28.317509678432
"4369",5100,"Tirane","mri-esm2-0","ssp370",NA,1.71033841823893,28.4065425327846
"4370",5101,"Tirane","mri-esm2-0","ssp370",NA,0.20342550643753,22.6188598632813
"4371",5102,"Tirane","mri-esm2-0","ssp370",NA,12.2283081304756,19.7929561070033
"4372",5103,"Tirane","mri-esm2-0","ssp370",NA,0,22.8874712262835
"4373",5104,"Tirane","mri-esm2-0","ssp370",NA,2.62619221716055,21.0625505719866
"4374",5105,"Tirane","mri-esm2-0","ssp370",NA,6.72770162460178,19.1061819893973
"4375",5106,"Tirane","mri-esm2-0","ssp370",NA,7.62072712968802,18.1167258126395
"4376",5107,"Tirane","mri-esm2-0","ssp370",NA,8.96676333754191,19.2016562325614
"4377",5108,"Tirane","mri-esm2-0","ssp370",NA,0.68993264888247,17.8309156145368
"4378",5109,"Tirane","mri-esm2-0","ssp370",NA,0.814720264913504,17.3554517473493
"4379",5110,"Tirane","mri-esm2-0","ssp370",NA,0.39971620896852,15.8837611607144
"4380",5111,"Tirane","mri-esm2-0","ssp370",NA,6.23592073929363,14.9481903076172
"4381",5112,"Tirane","mri-esm2-0","ssp370",NA,5.44653034885414,14.8694745744978
"4382",5113,"Tirane","mri-esm2-0","ssp370",NA,0.603422216356974,11.1239562988282
"4383",5114,"Tirane","mri-esm2-0","ssp370",NA,2.77151896027915,7.5720393589565
"4384",5115,"Tirane","mri-esm2-0","ssp370",NA,4.41497590925013,7.00146527971543
"4385",5116,"Tirane","mri-esm2-0","ssp370",NA,1.60545745716913,11.3412283761161
"4386",5117,"Tirane","mri-esm2-0","ssp370",NA,13.6923149349708,9.19967041015627
"4387",5118,"Tirane","mri-esm2-0","ssp370",NA,1.98883498950246,9.37543640136721
"4388",5119,"Tirane","mri-esm2-0","ssp370",NA,0,10.8064884730748
"4389",5120,"Tirane","mri-esm2-0","ssp370",NA,0.074179789745748,9.52473929268977
"4390",5121,"Tirane","mri-esm2-0","ssp370",NA,0,8.5447697230748
"4391",5122,"Tirane","mri-esm2-0","ssp370",NA,0.509150932443195,9.75456063406811
"4392",5123,"Tirane","mri-esm2-0","ssp370",NA,0.0129535288059352,5.99925057547435
"4393",5124,"Tirane","mri-esm2-0","ssp370",NA,0.007484072479461,12.214508492606
"4394",5125,"Tirane","mri-esm2-0","ssp370",NA,0,15.7109379359654
"4395",5126,"Tirane","mri-esm2-0","ssp370",NA,3.26663580001748,14.543128313337
"4396",5127,"Tirane","mri-esm2-0","ssp370",NA,3.9371326761154,11.06286882673
"4397",5128,"Tirane","mri-esm2-0","ssp370",NA,2.66655944693152,12.969362967355
"4398",5129,"Tirane","mri-esm2-0","ssp370",NA,0.894429935059244,15.8353014264788
"4399",5130,"Tirane","mri-esm2-0","ssp370",NA,0.715804058381764,15.401746913365
"4400",5131,"Tirane","mri-esm2-0","ssp370",NA,2.33592623304243,15.668836757115
"4401",5132,"Tirane","mri-esm2-0","ssp370",NA,0.78667853792597,14.7126469203404
"4402",5133,"Tirane","mri-esm2-0","ssp370",NA,2.08041150721589,18.7509246826172
"4403",5134,"Tirane","mri-esm2-0","ssp370",NA,0.44183970728357,21.1482548304966
"4404",5135,"Tirane","mri-esm2-0","ssp370",NA,0.449963298160583,19.5413495744978
"4405",5136,"Tirane","mri-esm2-0","ssp370",NA,0.0103118457315889,23.4318089076451
"4406",5137,"Tirane","mri-esm2-0","ssp370",NA,0,27.201069859096
"4407",5138,"Tirane","mri-esm2-0","ssp370",NA,0,24.5827597481864
"4408",5139,"Tirane","mri-esm2-0","ssp370",NA,0.0197209632980438,28.4732386997768
"4409",5140,"Tirane","mri-esm2-0","ssp370",NA,0,29.4740583147321
"4410",5141,"Tirane","mri-esm2-0","ssp370",NA,0,29.4017011369978
"4411",5142,"Tirane","mri-esm2-0","ssp370",NA,0,32.2981898716518
"4412",5143,"Tirane","mri-esm2-0","ssp370",NA,0.131023960368891,32.0008265904018
"4413",5144,"Tirane","mri-esm2-0","ssp370",NA,0,33.2343754359654
"4414",5145,"Tirane","mri-esm2-0","ssp370",NA,0.127016347479574,31.8635585239956
"4415",5146,"Tirane","mri-esm2-0","ssp370",NA,0,30.7995849609376
"4416",5147,"Tirane","mri-esm2-0","ssp370",NA,0,31.5574541364398
"4417",5148,"Tirane","mri-esm2-0","ssp370",NA,0,30.5381168910436
"4418",5149,"Tirane","mri-esm2-0","ssp370",NA,0.0736562096270583,30.6365753173828
"4419",5150,"Tirane","mri-esm2-0","ssp370",NA,0.696983695265121,29.32044808524
"4420",5151,"Tirane","mri-esm2-0","ssp370",NA,1.07698496566237,29.9853323800223
"4421",5152,"Tirane","mri-esm2-0","ssp370",NA,0.40062418868599,27.0414956229074
"4422",5153,"Tirane","mri-esm2-0","ssp370",NA,0.765848056679326,24.5617309570313
"4423",5154,"Tirane","mri-esm2-0","ssp370",NA,0,21.5600873674665
"4424",5155,"Tirane","mri-esm2-0","ssp370",NA,0,22.5995705740793
"4425",5156,"Tirane","mri-esm2-0","ssp370",NA,0,23.5519784109933
"4426",5157,"Tirane","mri-esm2-0","ssp370",NA,0.27005800511688,21.3977883475168
"4427",5158,"Tirane","mri-esm2-0","ssp370",NA,18.1319903549073,19.1496520996093
"4428",5159,"Tirane","mri-esm2-0","ssp370",NA,6.8362645967032,15.9582850864956
"4429",5160,"Tirane","mri-esm2-0","ssp370",NA,10.013408884905,12.8853567940848
"4430",5161,"Tirane","mri-esm2-0","ssp370",NA,10.8477029791434,15.1410439627511
"4431",5162,"Tirane","mri-esm2-0","ssp370",NA,5.39158183006033,14.9929356166294
"4432",5163,"Tirane","mri-esm2-0","ssp370",NA,13.8473485786693,13.1727146693638
"4433",5164,"Tirane","mri-esm2-0","ssp370",NA,0.230095184867553,5.42818603515627
"4434",5165,"Tirane","mri-esm2-0","ssp370",NA,1.05755275705762,7.29733755929132
"4435",5166,"Tirane","mri-esm2-0","ssp370",NA,0.538199352195079,8.0762638636998
"4436",5167,"Tirane","mri-esm2-0","ssp370",NA,3.40766588508684,9.14468863351007
"4437",5168,"Tirane","mri-esm2-0","ssp370",NA,3.78526138743577,5.2435743059431
"4438",5169,"Tirane","mri-esm2-0","ssp370",NA,0.228811726524977,10.2842825753348
"4439",5170,"Tirane","mri-esm2-0","ssp370",NA,1.36074139913294,9.96990138462613
"4440",5171,"Tirane","mri-esm2-0","ssp370",NA,10.3690973258511,10.2011308942523
"4441",5172,"Tirane","mri-esm2-0","ssp370",NA,1.71434749749356,9.97917436872213
"4442",5173,"Tirane","mri-esm2-0","ssp370",NA,1.25894655190807,9.15493164062502
"4443",5174,"Tirane","mri-esm2-0","ssp370",NA,0.815060971737174,10.635417829241
"4444",5175,"Tirane","mri-esm2-0","ssp370",NA,10.6535131045218,11.3586800711496
"4445",5176,"Tirane","mri-esm2-0","ssp370",NA,10.0665278267116,13.2903032575335
"4446",5177,"Tirane","mri-esm2-0","ssp370",NA,4.28217284713485,14.4326764787947
"4447",5178,"Tirane","mri-esm2-0","ssp370",NA,0.367797549604023,16.5478825160436
"4448",5179,"Tirane","mri-esm2-0","ssp370",NA,0.179202751106849,15.9275233677456
"4449",5180,"Tirane","mri-esm2-0","ssp370",NA,0.306869186741616,14.4797018868583
"4450",5181,"Tirane","mri-esm2-0","ssp370",NA,6.3121142878247,12.5753592354911
"4451",5182,"Tirane","mri-esm2-0","ssp370",NA,5.04876509824368,15.6425153459822
"4452",5183,"Tirane","mri-esm2-0","ssp370",NA,1.25623604648614,15.0662039620535
"4453",5184,"Tirane","mri-esm2-0","ssp370",NA,2.05006384078713,12.6525403703962
"4454",5185,"Tirane","mri-esm2-0","ssp370",NA,7.28084442297196,16.5996664864676
"4455",5186,"Tirane","mri-esm2-0","ssp370",NA,2.7922623267971,20.0643009730748
"4456",5187,"Tirane","mri-esm2-0","ssp370",NA,0.176015630651299,21.251846749442
"4457",5188,"Tirane","mri-esm2-0","ssp370",NA,0,25.2268964494978
"4458",5189,"Tirane","mri-esm2-0","ssp370",NA,0.0589982668835935,25.5942234584264
"4459",5190,"Tirane","mri-esm2-0","ssp370",NA,0,27.0783346993583
"4460",5191,"Tirane","mri-esm2-0","ssp370",NA,2.92655175081953,29.099516078404
"4461",5192,"Tirane","mri-esm2-0","ssp370",NA,9.24357019289995,27.2761757986886
"4462",5193,"Tirane","mri-esm2-0","ssp370",NA,8.7292333676097,26.9096030099051
"4463",5194,"Tirane","mri-esm2-0","ssp370",NA,0.271445891121402,27.2732853480748
"4464",5195,"Tirane","mri-esm2-0","ssp370",NA,0.681996401960662,27.6798884800503
"4465",5196,"Tirane","mri-esm2-0","ssp370",NA,0.550310400805239,30.6776083809989
"4466",5197,"Tirane","mri-esm2-0","ssp370",NA,0,30.3699824741908
"4467",5198,"Tirane","mri-esm2-0","ssp370",NA,0.22845656723283,28.5713003976005
"4468",5199,"Tirane","mri-esm2-0","ssp370",NA,0,31.2825757707868
"4469",5200,"Tirane","mri-esm2-0","ssp370",NA,0,29.6834067208426
"4470",5201,"Tirane","mri-esm2-0","ssp370",NA,0.00863928559868195,29.0794507707868
"4471",5202,"Tirane","mri-esm2-0","ssp370",NA,0.0311148526244714,29.9940713065012
"4472",5203,"Tirane","mri-esm2-0","ssp370",NA,0,27.9595101492745
"4473",5204,"Tirane","mri-esm2-0","ssp370",NA,0,25.8117898123605
"4474",5205,"Tirane","mri-esm2-0","ssp370",NA,0.453525479783171,27.4601815359933
"4475",5206,"Tirane","mri-esm2-0","ssp370",NA,1.7687134391703,21.8892259870257
"4476",5207,"Tirane","mri-esm2-0","ssp370",NA,1.20493163142653,23.6354723249163
"4477",5208,"Tirane","mri-esm2-0","ssp370",NA,0,23.092189679827
"4478",5209,"Tirane","mri-esm2-0","ssp370",NA,0.148024237881016,19.0519413539341
"4479",5210,"Tirane","mri-esm2-0","ssp370",NA,7.02443248924932,15.2006229945592
"4480",5211,"Tirane","mri-esm2-0","ssp370",NA,9.37670172716025,14.7898672921317
"4481",5212,"Tirane","mri-esm2-0","ssp370",NA,2.1946775178159,11.4081599644253
"4482",5213,"Tirane","mri-esm2-0","ssp370",NA,3.60363731077606,12.659820992606
"4483",5214,"Tirane","mri-esm2-0","ssp370",NA,0.466165672982502,8.86661464146207
"4484",5215,"Tirane","mri-esm2-0","ssp370",NA,0.516974641089161,5.74209856305806
"4485",5216,"Tirane","mri-esm2-0","ssp370",NA,0,8.404194859096
"4486",5217,"Tirane","mri-esm2-0","ssp370",NA,0.076525401735645,10.0270433698382
"4487",5218,"Tirane","mri-esm2-0","ssp370",NA,0.489773154757651,4.25665326799668
"4488",5219,"Tirane","mri-esm2-0","ssp370",NA,1.75855534429762,5.96463056291855
"4489",5220,"Tirane","mri-esm2-0","ssp370",NA,0,7.11763262067525
"4490",5221,"Tirane","mri-esm2-0","ssp370",NA,0,8.14399108886721
"4491",5222,"Tirane","mri-esm2-0","ssp370",NA,0,8.31421377999445
"4492",5223,"Tirane","mri-esm2-0","ssp370",NA,1.68940051485801,10.2902269635882
"4493",5224,"Tirane","mri-esm2-0","ssp370",NA,0.0439030883821293,12.4835819789342
"4494",5225,"Tirane","mri-esm2-0","ssp370",NA,1.35445817670968,11.4257729666574
"4495",5226,"Tirane","mri-esm2-0","ssp370",NA,0.759915375549879,9.70610525948666
"4496",5227,"Tirane","mri-esm2-0","ssp370",NA,6.14156730033366,14.3741394042969
"4497",5228,"Tirane","mri-esm2-0","ssp370",NA,7.58131678116375,13.7574728829521
"4498",5229,"Tirane","mri-esm2-0","ssp370",NA,6.86290436970011,11.7719556535993
"4499",5230,"Tirane","mri-esm2-0","ssp370",NA,0.0134992005249452,10.4854435511998
"4500",5231,"Tirane","mri-esm2-0","ssp370",NA,0.314492236274028,15.9279745919365
"4501",5232,"Tirane","mri-esm2-0","ssp370",NA,0,17.5252115885417
